pulse-airflow-scheduler-b865d799c-bdj89
*** Found local files:
***   * /opt/airflow/logs/dag_id=batch_downstream/run_id=manual__2026-08-04T11:08:59.947110+00:00/task_id=analyze/attempt=1.log
[2026-08-04T11:52:15.009+0000] {taskinstance.py:1957} INFO - Dependencies all met for dep_context=non-requeueable deps ti=<TaskInstance: batch_downstream.analyze manual__2026-08-04T11:08:59.947110+00:00 [queued]>
[2026-08-04T11:52:15.016+0000] {taskinstance.py:1957} INFO - Dependencies all met for dep_context=requeueable deps ti=<TaskInstance: batch_downstream.analyze manual__2026-08-04T11:08:59.947110+00:00 [queued]>
[2026-08-04T11:52:15.016+0000] {taskinstance.py:2171} INFO - Starting attempt 1 of 4
[2026-08-04T11:52:15.026+0000] {taskinstance.py:2192} INFO - Executing <Task(KubernetesPodOperator): analyze> on 2026-08-04 11:08:59.947110+00:00
[2026-08-04T11:52:15.031+0000] {standard_task_runner.py:60} INFO - Started process 18986 to run task
[2026-08-04T11:52:15.033+0000] {standard_task_runner.py:87} INFO - Running: ['airflow', 'tasks', 'run', 'batch_downstream', 'analyze', 'manual__2026-08-04T11:08:59.947110+00:00', '--job-id', '25', '--raw', '--subdir', 'DAGS_FOLDER/batch_downstream_dag.py', '--cfg-path', '/tmp/tmpm2c_2cpw']
[2026-08-04T11:52:15.035+0000] {standard_task_runner.py:88} INFO - Job 25: Subtask analyze
[2026-08-04T11:52:15.086+0000] {task_command.py:423} INFO - Running <TaskInstance: batch_downstream.analyze manual__2026-08-04T11:08:59.947110+00:00 [running]> on host pulse-airflow-scheduler-b865d799c-bdj89
[2026-08-04T11:52:15.189+0000] {taskinstance.py:2481} INFO - Exporting env vars: AIRFLOW_CTX_DAG_OWNER='pulse' AIRFLOW_CTX_DAG_ID='batch_downstream' AIRFLOW_CTX_TASK_ID='analyze' AIRFLOW_CTX_EXECUTION_DATE='2026-08-04T11:08:59.947110+00:00' AIRFLOW_CTX_TRY_NUMBER='1' AIRFLOW_CTX_DAG_RUN_ID='manual__2026-08-04T11:08:59.947110+00:00'
[2026-08-04T11:52:15.197+0000] {pod.py:974} INFO - Building pod pulse-batch-analyze-op9squh5 with labels: {'dag_id': 'batch_downstream', 'task_id': 'analyze', 'run_id': 'manual__2026-08-04T110859.9471100000-eeedbc03c', 'kubernetes_pod_operator': 'True', 'try_number': '1'}
[2026-08-04T11:52:15.209+0000] {base.py:83} INFO - Using connection ID 'kubernetes_default' for task execution.
[2026-08-04T11:52:15.336+0000] {pod.py:549} INFO - Found matching pod pulse-batch-analyze-op9squh5 with labels {'airflow_kpo_in_cluster': 'True', 'airflow_version': '2.8.0', 'app': 'pulse-task', 'dag_id': 'batch_downstream', 'kubernetes_pod_operator': 'True', 'run_id': 'manual__2026-08-04T110859.9471100000-eeedbc03c', 'task_id': 'analyze', 'try_number': '1'}
[2026-08-04T11:52:15.336+0000] {pod.py:550} INFO - `try_number` of task_instance: 1
[2026-08-04T11:52:15.337+0000] {pod.py:551} INFO - `try_number` of pod: 1
[2026-08-04T11:52:15.346+0000] {pod_manager.py:359} WARNING - Pod not yet started: pulse-batch-analyze-op9squh5
[2026-08-04T11:52:16.360+0000] {pod_manager.py:359} WARNING - Pod not yet started: pulse-batch-analyze-op9squh5
[2026-08-04T11:52:19.383+0000] {pod_manager.py:435} INFO - [base] Warning: Ignoring non-Spark config property: inferSchema
[2026-08-04T11:52:20.278+0000] {pod_manager.py:435} INFO - [base] Warning: Ignoring non-Spark config property: mergeSchema
[2026-08-04T11:52:20.978+0000] {pod_manager.py:435} INFO - [base] 26/08/04 11:52:20 WARN NativeCodeLoader: Unable to load native-hadoop library for your platform... using builtin-java classes where applicable
[2026-08-04T11:52:20.978+0000] {pod_manager.py:435} INFO - [base] Setting default log level to "WARN".
[2026-08-04T11:52:23.007+0000] {pod_manager.py:435} INFO - [base] To adjust logging level use sc.setLogLevel(newLevel). For SparkR, use setLogLevel(newLevel).
2026-08-04T11:56:27.671425414Z 
2026-08-04T11:56:27.671674508Z 
2026-08-04T11:56:27.671679911Z 
2026-08-04T11:56:27.671691661Z 
2026-08-04T11:56:27.671711405Z 
[2026-08-04T11:56:27.673+0000] {pod_manager.py:435} INFO - [base] 26/08/04 11:52:23 WARN StandaloneSchedulerBackend: Dynamic allocation enabled without spark.executor.cores explicitly set, you may get more executors allocated than expected. It's recommended to set spark.executor.cores explicitly. Please check SPARK-30299 for more details.
[2026-08-04T11:56:27.674+0000] {pod_manager.py:435} INFO - [base] 🚀 Starting Analysis Pipeline...
[2026-08-04T11:56:27.691+0000] {pod_manager.py:435} INFO - [base]    Using bucket: 2daa9d11-5034-44b8-9bdc-71241a6be85e
[2026-08-04T11:56:27.692+0000] {pod_manager.py:435} INFO - [base] 📥 Loading Aggregated Tables from MinIO...
[2026-08-04T11:56:27.692+0000] {pod_manager.py:435} INFO - [base] Loading aggregated tables from MinIO bucket: 2daa9d11-5034-44b8-9bdc-71241a6be85e
[2026-08-04T11:56:27.692+0000] {pod_manager.py:435} INFO - [base] Directory: transformed/
[2026-08-04T11:56:27.692+0000] {pod_manager.py:435} INFO - [base] Found tables: ['agg_cart_abandonment_analysis', 'agg_cart_items', 'agg_categories', 'agg_category_affinity', 'agg_city_aggregations', 'agg_country_aggregations', 'agg_customer_sessions', 'agg_customers', 'agg_daily_aggregations', 'agg_inventory', 'agg_marketing_campaigns', 'agg_monthly_aggregations', 'agg_order_items', 'agg_orders', 'agg_payments', 'agg_product_affinity', 'agg_product_inventory_health', 'agg_product_recommendations', 'agg_products', 'agg_reviews', 'agg_rfm_segment_summary', 'agg_rfm_segmentation', 'agg_shopping_cart', 'agg_state_aggregations', 'agg_supplier_inventory_health', 'agg_suppliers', 'agg_top_product_pairs', 'agg_weekly_aggregations', 'agg_wishlist']
[2026-08-04T11:56:27.692+0000] {pod_manager.py:435} INFO - [base] Loading table: agg_cart_abandonment_analysis...
[2026-08-04T11:56:27.692+0000] {pod_manager.py:435} INFO - [base]   ✅ Loaded agg_cart_abandonment_analysis
[2026-08-04T11:56:27.692+0000] {pod_manager.py:435} INFO - [base] Loading table: agg_cart_items...
[2026-08-04T11:56:27.693+0000] {pod_manager.py:435} INFO - [base]   ✅ Loaded agg_cart_items
[2026-08-04T11:56:27.693+0000] {pod_manager.py:435} INFO - [base] Loading table: agg_categories...
[2026-08-04T11:56:27.693+0000] {pod_manager.py:435} INFO - [base]   ✅ Loaded agg_categories
[2026-08-04T11:56:27.693+0000] {pod_manager.py:435} INFO - [base] Loading table: agg_category_affinity...
[2026-08-04T11:56:27.693+0000] {pod_manager.py:435} INFO - [base]   ✅ Loaded agg_category_affinity
[2026-08-04T11:56:27.694+0000] {pod_manager.py:435} INFO - [base] Loading table: agg_city_aggregations...
[2026-08-04T11:56:27.694+0000] {pod_manager.py:435} INFO - [base]   ✅ Loaded agg_city_aggregations
[2026-08-04T11:56:27.694+0000] {pod_manager.py:435} INFO - [base] Loading table: agg_country_aggregations...
[2026-08-04T11:56:27.694+0000] {pod_manager.py:435} INFO - [base]   ✅ Loaded agg_country_aggregations
[2026-08-04T11:56:27.695+0000] {pod_manager.py:435} INFO - [base] Loading table: agg_customer_sessions...
[2026-08-04T11:56:27.695+0000] {pod_manager.py:435} INFO - [base]   ✅ Loaded agg_customer_sessions
[2026-08-04T11:56:27.695+0000] {pod_manager.py:435} INFO - [base] Loading table: agg_customers...
[2026-08-04T11:56:27.695+0000] {pod_manager.py:435} INFO - [base]   ✅ Loaded agg_customers
[2026-08-04T11:56:27.695+0000] {pod_manager.py:435} INFO - [base] Loading table: agg_daily_aggregations...
[2026-08-04T11:56:27.695+0000] {pod_manager.py:435} INFO - [base]   ✅ Loaded agg_daily_aggregations
[2026-08-04T11:56:27.696+0000] {pod_manager.py:435} INFO - [base] Loading table: agg_inventory...
[2026-08-04T11:56:27.696+0000] {pod_manager.py:435} INFO - [base]   ✅ Loaded agg_inventory
[2026-08-04T11:56:27.696+0000] {pod_manager.py:435} INFO - [base] Loading table: agg_marketing_campaigns...
[2026-08-04T11:56:27.696+0000] {pod_manager.py:435} INFO - [base]   ✅ Loaded agg_marketing_campaigns
[2026-08-04T11:56:27.696+0000] {pod_manager.py:435} INFO - [base] Loading table: agg_monthly_aggregations...
[2026-08-04T11:56:27.696+0000] {pod_manager.py:435} INFO - [base]   ✅ Loaded agg_monthly_aggregations
[2026-08-04T11:56:27.697+0000] {pod_manager.py:435} INFO - [base] Loading table: agg_order_items...
[2026-08-04T11:56:27.697+0000] {pod_manager.py:435} INFO - [base]   ✅ Loaded agg_order_items
[2026-08-04T11:56:27.697+0000] {pod_manager.py:435} INFO - [base] Loading table: agg_orders...
[2026-08-04T11:56:27.697+0000] {pod_manager.py:435} INFO - [base]   ✅ Loaded agg_orders
[2026-08-04T11:56:27.697+0000] {pod_manager.py:435} INFO - [base] Loading table: agg_payments...
[2026-08-04T11:56:27.697+0000] {pod_manager.py:435} INFO - [base]   ✅ Loaded agg_payments
[2026-08-04T11:56:27.698+0000] {pod_manager.py:435} INFO - [base] Loading table: agg_product_affinity...
[2026-08-04T11:56:27.698+0000] {pod_manager.py:435} INFO - [base]   ✅ Loaded agg_product_affinity
[2026-08-04T11:56:27.698+0000] {pod_manager.py:435} INFO - [base] Loading table: agg_product_inventory_health...
[2026-08-04T11:56:27.698+0000] {pod_manager.py:435} INFO - [base]   ✅ Loaded agg_product_inventory_health
[2026-08-04T11:56:27.698+0000] {pod_manager.py:435} INFO - [base] Loading table: agg_product_recommendations...
[2026-08-04T11:56:27.699+0000] {pod_manager.py:435} INFO - [base]   ✅ Loaded agg_product_recommendations
[2026-08-04T11:56:27.699+0000] {pod_manager.py:435} INFO - [base] Loading table: agg_products...
[2026-08-04T11:56:27.699+0000] {pod_manager.py:435} INFO - [base]   ✅ Loaded agg_products
[2026-08-04T11:56:27.699+0000] {pod_manager.py:435} INFO - [base] Loading table: agg_reviews...
[2026-08-04T11:56:27.699+0000] {pod_manager.py:435} INFO - [base]   ✅ Loaded agg_reviews
[2026-08-04T11:56:27.700+0000] {pod_manager.py:435} INFO - [base] Loading table: agg_rfm_segment_summary...
[2026-08-04T11:56:27.700+0000] {pod_manager.py:435} INFO - [base]   ✅ Loaded agg_rfm_segment_summary
[2026-08-04T11:56:27.700+0000] {pod_manager.py:435} INFO - [base] Loading table: agg_rfm_segmentation...
[2026-08-04T11:56:27.700+0000] {pod_manager.py:435} INFO - [base]   ✅ Loaded agg_rfm_segmentation
[2026-08-04T11:56:27.700+0000] {pod_manager.py:435} INFO - [base] Loading table: agg_shopping_cart...
[2026-08-04T11:56:27.700+0000] {pod_manager.py:435} INFO - [base]   ✅ Loaded agg_shopping_cart
[2026-08-04T11:56:27.701+0000] {pod_manager.py:435} INFO - [base] Loading table: agg_state_aggregations...
[2026-08-04T11:56:27.701+0000] {pod_manager.py:435} INFO - [base]   ✅ Loaded agg_state_aggregations
[2026-08-04T11:56:27.701+0000] {pod_manager.py:435} INFO - [base] Loading table: agg_supplier_inventory_health...
[2026-08-04T11:56:27.701+0000] {pod_manager.py:435} INFO - [base]   ✅ Loaded agg_supplier_inventory_health
[2026-08-04T11:56:27.701+0000] {pod_manager.py:435} INFO - [base] Loading table: agg_suppliers...
[2026-08-04T11:56:27.701+0000] {pod_manager.py:435} INFO - [base]   ✅ Loaded agg_suppliers
[2026-08-04T11:56:27.702+0000] {pod_manager.py:435} INFO - [base] Loading table: agg_top_product_pairs...
[2026-08-04T11:56:27.702+0000] {pod_manager.py:435} INFO - [base]   ✅ Loaded agg_top_product_pairs
[2026-08-04T11:56:27.702+0000] {pod_manager.py:435} INFO - [base] Loading table: agg_weekly_aggregations...
[2026-08-04T11:56:27.702+0000] {pod_manager.py:435} INFO - [base]   ✅ Loaded agg_weekly_aggregations
[2026-08-04T11:56:27.702+0000] {pod_manager.py:435} INFO - [base] Loading table: agg_wishlist...
[2026-08-04T11:56:27.703+0000] {pod_manager.py:435} INFO - [base]   ✅ Loaded agg_wishlist
[2026-08-04T11:56:27.703+0000] {pod_manager.py:435} INFO - [base] One of the required columns in agg_products/agg_suppliers/agg_supplier_inventory_health is all NULL or zero; skipping supplier x product performance view.
[2026-08-04T11:56:27.703+0000] {pod_manager.py:435} INFO - [base] supplier_product_performance not available; skipping supplier stockout impact on products analysis.
[2026-08-04T11:56:27.703+0000] {pod_manager.py:435} INFO - [base] missing agg_products table  or inventory data; skipping excess inventory (items not selling) analysis.
[2026-08-04T11:56:27.703+0000] {pod_manager.py:435} INFO - [base] customer analysis count
[2026-08-04T11:56:27.703+0000] {pod_manager.py:435} INFO - [base] 127
[2026-08-04T11:56:27.704+0000] {pod_manager.py:435} INFO - [base] Product analysis count
[2026-08-04T11:56:27.704+0000] {pod_manager.py:435} INFO - [base] 45
[2026-08-04T11:56:27.704+0000] {pod_manager.py:435} INFO - [base] supplier analysis count
[2026-08-04T11:56:27.704+0000] {pod_manager.py:435} INFO - [base] 10
[2026-08-04T11:56:27.704+0000] {pod_manager.py:435} INFO - [base] ✅ Analysis Complete.
[2026-08-04T11:56:27.705+0000] {pod_manager.py:435} INFO - [base] ============================================================
[2026-08-04T11:56:27.705+0000] {pod_manager.py:435} INFO - [base] 📤 EXPORTING ANALYTICS TO MINIO
[2026-08-04T11:56:27.705+0000] {pod_manager.py:435} INFO - [base] ============================================================
[2026-08-04T11:56:27.706+0000] {pod_manager.py:435} INFO - [base] 📤 EXPORTING ANALYTICS TO MINIO DATA LAKE
[2026-08-04T11:56:27.706+0000] {pod_manager.py:435} INFO - [base] ============================================================
[2026-08-04T11:56:27.706+0000] {pod_manager.py:435} INFO - [base] Bucket: 2daa9d11-5034-44b8-9bdc-71241a6be85e
[2026-08-04T11:56:27.706+0000] {pod_manager.py:435} INFO - [base] Format:parquet
[2026-08-04T11:56:27.706+0000] {pod_manager.py:435} INFO - [base] ============================================================
[2026-08-04T11:56:27.707+0000] {pod_manager.py:435} INFO - [base] Total analytics keys:182
[2026-08-04T11:56:27.707+0000] {pod_manager.py:435} INFO - [base]   ✅ low_margin_categories:  64 rows (6.5 KB)
[2026-08-04T11:56:27.707+0000] {pod_manager.py:435} INFO - [base]   ✅ new_customers_daily:  3,683 rows (23.4 KB)
[2026-08-04T11:56:27.707+0000] {pod_manager.py:435} INFO - [base]   ✅ customer_account_status_distribution_weekly:  2,231 rows (6.5 KB)
[2026-08-04T11:56:27.707+0000] {pod_manager.py:435} INFO - [base]   ✅ customer_account_status_distribution_monthly:  649 rows (3.9 KB)
[2026-08-04T11:56:27.707+0000] {pod_manager.py:435} INFO - [base]   ✅ customer_account_status_distribution_daily:  6,296 rows (30.7 KB)
[2026-08-04T11:56:27.708+0000] {pod_manager.py:435} INFO - [base]   ✅ business_health_monthly:  130 rows (12.7 KB)
[2026-08-04T11:56:27.708+0000] {pod_manager.py:435} INFO - [base]   ✅ business_health_weekly:  545 rows (32.2 KB)
[2026-08-04T11:56:27.708+0000] {pod_manager.py:435} INFO - [base]   ✅ business_health_daily:  2,988 rows (150.1 KB)
[2026-08-04T11:56:27.708+0000] {pod_manager.py:435} INFO - [base]   ✅ new_customers_weekly:  576 rows (3.2 KB)
[2026-08-04T11:56:27.708+0000] {pod_manager.py:435} INFO - [base]   ✅ new_customers_monthly:  132 rows (2.7 KB)
[2026-08-04T11:56:27.708+0000] {pod_manager.py:435} INFO - [base]   ✅ geo_acquisition:  536 rows (5.7 KB)
[2026-08-04T11:56:27.709+0000] {pod_manager.py:435} INFO - [base]   ✅ cumulative_customers_weekly:  576 rows (6.9 KB)
[2026-08-04T11:56:27.709+0000] {pod_manager.py:435} INFO - [base]   ✅ cumulative_customers_daily:  3,683 rows (43.9 KB)
[2026-08-04T11:56:27.709+0000] {pod_manager.py:435} INFO - [base]   ✅ cumulative_customers_monthly:  132 rows (4.0 KB)
[2026-08-04T11:56:27.709+0000] {pod_manager.py:435} INFO - [base]   ✅ new_customers_geo_acquisition_daily:  9,967 rows (50.2 KB)
[2026-08-04T11:56:27.709+0000] {pod_manager.py:435} INFO - [base]   ✅ new_customers_geo_acquisition_monthly:  9,149 rows (22.4 KB)
[2026-08-04T11:56:27.709+0000] {pod_manager.py:435} INFO - [base]   ✅ customer_age_group_distribution:  7 rows (1.9 KB)
[2026-08-04T11:56:27.710+0000] {pod_manager.py:435} INFO - [base]   ✅ customer_city_distribution:  536 rows (5.1 KB)
[2026-08-04T11:56:27.710+0000] {pod_manager.py:435} INFO - [base]   ✅ customer_state_distribution:  64 rows (2.8 KB)
[2026-08-04T11:56:27.710+0000] {pod_manager.py:435} INFO - [base]   ✅ customer_country_distribution:  3 rows (1.8 KB)
[2026-08-04T11:56:27.710+0000] {pod_manager.py:435} INFO - [base]   ✅ customer_age_group_spending:  7 rows (4.6 KB)
[2026-08-04T11:56:27.710+0000] {pod_manager.py:435} INFO - [base]   ✅ customer_engagement:  10,000 rows (95.8 KB)
[2026-08-04T11:56:27.710+0000] {pod_manager.py:435} INFO - [base]   ✅ new_vs_returning_customer_country:  6 rows (2.3 KB)
[2026-08-04T11:56:27.711+0000] {pod_manager.py:435} INFO - [base]   ✅ gender_category_preference:  260 rows (6.7 KB)
[2026-08-04T11:56:27.711+0000] {pod_manager.py:435} INFO - [base]   ✅ customer_engagement_summary:  1 rows (5.0 KB)
[2026-08-04T11:56:27.711+0000] {pod_manager.py:435} INFO - [base]   ✅ session_to_order_analysis:  1 rows (2.0 KB)
[2026-08-04T11:56:27.711+0000] {pod_manager.py:435} INFO - [base]   ✅ gender_product_preference:  12,908 rows (130.2 KB)
[2026-08-04T11:56:27.711+0000] {pod_manager.py:435} INFO - [base]   ✅ new_vs_returning_customer_city:  1,071 rows (6.0 KB)
[2026-08-04T11:56:27.712+0000] {pod_manager.py:435} INFO - [base]   ✅ new_vs_returning_customer_state:  128 rows (3.6 KB)
[2026-08-04T11:56:27.712+0000] {pod_manager.py:435} INFO - [base]   ✅ top_customers_by_revenue:  10,000 rows (201.0 KB)
[2026-08-04T11:56:27.712+0000] {pod_manager.py:435} INFO - [base]   ✅ clv_summary:  1 rows (4.5 KB)
[2026-08-04T11:56:27.712+0000] {pod_manager.py:435} INFO - [base]   ✅ top_customers_by_profit:  8,566 rows (337.7 KB)
[2026-08-04T11:56:27.712+0000] {pod_manager.py:435} INFO - [base]   ✅ session_conversion_distribution:  5 rows (2.0 KB)
[2026-08-04T11:56:27.712+0000] {pod_manager.py:435} INFO - [base]   ✅ cart_abandonment_distribution:  5 rows (2.0 KB)
[2026-08-04T11:56:27.713+0000] {pod_manager.py:435} INFO - [base]   ✅ rev_by_country_city:  114 rows (8.5 KB)
[2026-08-04T11:56:27.713+0000] {pod_manager.py:435} INFO - [base]   ✅ rev_by_customer_segment:  2 rows (3.7 KB)
[2026-08-04T11:56:27.713+0000] {pod_manager.py:435} INFO - [base]   ✅ rev_by_rfm_segment:  51 rows (5.4 KB)
[2026-08-04T11:56:27.713+0000] {pod_manager.py:435} INFO - [base]   ✅ rev_by_segment_label:  7 rows (4.0 KB)
[2026-08-04T11:56:27.713+0000] {pod_manager.py:435} INFO - [base]   ✅ aov_trend_daily:  2,673 rows (60.8 KB)
[2026-08-04T11:56:27.714+0000] {pod_manager.py:435} INFO - [base]   ✅ aov_trend_weekly:  534 rows (16.2 KB)
[2026-08-04T11:56:27.714+0000] {pod_manager.py:435} INFO - [base]   ✅ rev_by_referrer:  8 rows (4.1 KB)
[2026-08-04T11:56:27.714+0000] {pod_manager.py:435} INFO - [base]   ✅ aov_trend_monthly:  129 rows (7.5 KB)
[2026-08-04T11:56:27.714+0000] {pod_manager.py:435} INFO - [base]   ✅ discount_customers:  10,000 rows (1521.5 KB)
[2026-08-04T11:56:27.714+0000] {pod_manager.py:435} INFO - [base]   ✅ rev_by_device:  6 rows (3.9 KB)
[2026-08-04T11:56:27.714+0000] {pod_manager.py:435} INFO - [base]   ✅ correlation_discount_vs_clv:  1 rows (2.0 KB)
[2026-08-04T11:56:27.715+0000] {pod_manager.py:435} INFO - [base]   ✅ cart_behavior_summary:  1 rows (4.6 KB)
[2026-08-04T11:56:27.715+0000] {pod_manager.py:435} INFO - [base]   ✅ discount_customers_summary:  2 rows (4.3 KB)
[2026-08-04T11:56:27.715+0000] {pod_manager.py:435} INFO - [base]   ✅ high_discount_customers:  569 rows (30.0 KB)
[2026-08-04T11:56:27.715+0000] {pod_manager.py:435} INFO - [base]   ✅ high_value_abandoners:  8,152 rows (236.8 KB)
[2026-08-04T11:56:27.716+0000] {pod_manager.py:435} INFO - [base]   ✅ high_clv_at_risk:  8,566 rows (280.4 KB)
[2026-08-04T11:56:27.716+0000] {pod_manager.py:435} INFO - [base]   ✅ customers_cohorts:  8,566 rows (125.3 KB)
[2026-08-04T11:56:27.716+0000] {pod_manager.py:435} INFO - [base]   ✅ high_intent_non_buyers:  1,167 rows (16.2 KB)
[2026-08-04T11:56:27.716+0000] {pod_manager.py:435} INFO - [base]   ✅ churn_risk_summary:  2 rows (3.5 KB)
[2026-08-04T11:56:27.716+0000] {pod_manager.py:435} INFO - [base]   ✅ customer_overall_health_summary:  10,000 rows (1000.0 KB)
[2026-08-04T11:56:27.716+0000] {pod_manager.py:435} INFO - [base]   ✅ rfm_segment_summary:  51 rows (7.1 KB)
[2026-08-04T11:56:27.717+0000] {pod_manager.py:435} INFO - [base]   ✅ signup_cohort_summary:  132 rows (2.8 KB)
[2026-08-04T11:56:27.717+0000] {pod_manager.py:435} INFO - [base]   ✅ rfm_churn_crosstab:  51 rows (4.8 KB)
[2026-08-04T11:56:27.717+0000] {pod_manager.py:435} INFO - [base]   ✅ seg_referrer_crosstab:  56 rows (5.1 KB)
[2026-08-04T11:56:27.717+0000] {pod_manager.py:435} INFO - [base]   ✅ customer_cohort_retention:  5,757 rows (18.8 KB)
[2026-08-04T11:56:27.717+0000] {pod_manager.py:435} INFO - [base]   ✅ seg_device_crosstab:  42 rows (4.8 KB)
[2026-08-04T11:56:27.718+0000] {pod_manager.py:435} INFO - [base]   ✅ payment_method_vs_clv_churn:  7 rows (4.4 KB)
[2026-08-04T11:56:27.718+0000] {pod_manager.py:435} INFO - [base]   ✅ payment_method_summary:  6 rows (3.9 KB)
[2026-08-04T11:56:27.718+0000] {pod_manager.py:435} INFO - [base]   ✅ referrer_source_summary:  8 rows (4.7 KB)
[2026-08-04T11:56:27.718+0000] {pod_manager.py:435} INFO - [base]   ✅ referrer_churn_summary:  16 rows (3.9 KB)
[2026-08-04T11:56:27.718+0000] {pod_manager.py:435} INFO - [base]   ✅ campaign_performance_summary:  999 rows (119.3 KB)
[2026-08-04T11:56:27.719+0000] {pod_manager.py:435} INFO - [base]   ✅ campaign_wasteful_campaigns:  999 rows (128.1 KB)
[2026-08-04T11:56:27.719+0000] {pod_manager.py:435} INFO - [base]   ✅ funnel_summary:  1 rows (9.0 KB)
[2026-08-04T11:56:27.719+0000] {pod_manager.py:435} INFO - [base]   ✅ inventory_carrying_cost_overall:  1 rows (1.4 KB)
[2026-08-04T11:56:27.719+0000] {pod_manager.py:435} INFO - [base]   ✅ high_value_funnel:  50,000 rows (3008.2 KB)
[2026-08-04T11:56:27.719+0000] {pod_manager.py:435} INFO - [base]   ✅ segment_aov_by_rfm:  50 rows (5.1 KB)
[2026-08-04T11:56:27.720+0000] {pod_manager.py:435} INFO - [base]   ✅ high_value_vs_regular:  2 rows (6.9 KB)
[2026-08-04T11:56:27.720+0000] {pod_manager.py:435} INFO - [base]   ✅ customer_profit_per_segment:  7 rows (5.2 KB)
[2026-08-04T11:56:27.720+0000] {pod_manager.py:435} INFO - [base]   ✅ wishlist_overall_summary:  1 rows (4.0 KB)
[2026-08-04T11:56:27.720+0000] {pod_manager.py:435} INFO - [base]   ✅ wishlist_by_product:  4,659 rows (100.0 KB)
[2026-08-04T11:56:27.720+0000] {pod_manager.py:435} INFO - [base]   ✅ funnel_by_device:  5 rows (5.8 KB)
[2026-08-04T11:56:27.721+0000] {pod_manager.py:435} INFO - [base]   ✅ funnel_by_referrer:  7 rows (5.9 KB)
[2026-08-04T11:56:27.721+0000] {pod_manager.py:435} INFO - [base]   ✅ abandoned_vs_converted:  2 rows (4.3 KB)
[2026-08-04T11:56:27.721+0000] {pod_manager.py:435} INFO - [base]   ✅ wishlist_time_to_purchase_stats:  1 rows (3.4 KB)
[2026-08-04T11:56:27.721+0000] {pod_manager.py:435} INFO - [base]   ✅ abandoned_wishlist_items:  12,017 rows (180.6 KB)
[2026-08-04T11:56:27.721+0000] {pod_manager.py:435} INFO - [base]   ✅ wishlist_by_customer:  7,346 rows (59.0 KB)
[2026-08-04T11:56:27.722+0000] {pod_manager.py:435} INFO - [base]   ✅ abandoned_wishlist_by_product:  4,360 rows (86.0 KB)
[2026-08-04T11:56:27.722+0000] {pod_manager.py:435} INFO - [base]   ✅ cart_overall_stats:  1 rows (1.8 KB)
2026-08-04T11:58:52.872416879Z 
2026-08-04T11:58:52.872425561Z 
2026-08-04T11:58:52.878107797Z 
2026-08-04T11:58:52.878116673Z 
2026-08-04T11:58:52.881777848Z 
2026-08-04T11:58:52.881808663Z 
2026-08-04T11:58:52.887546344Z 
2026-08-04T11:58:52.887553852Z 
2026-08-04T11:58:52.889692257Z 
2026-08-04T11:58:52.889730900Z 
[2026-08-04T11:58:52.921+0000] {pod_manager.py:435} INFO - [base]   ✅ abandoned_wishlist_by_customer:  6,208 rows (40.0 KB)
[2026-08-04T11:58:52.922+0000] {pod_manager.py:435} INFO - [base] 
[Stage 0:>                                                          (0 + 0) / 1]
[Stage 0:>                                                          (0 + 1) / 1]
                                                                                
[Stage 29:>                                                         (0 + 1) / 1]
                                                                                
[Stage 2258:>                                                       (0 + 1) / 1]
                                                                                
[Stage 2406:>               (0 + 1) / 2][Stage 2407:>               (0 + 0) / 2]
[Stage 2406:=>(1 + 1) / 2][Stage 2407:> (0 + 0) / 2][Stage 2408:> (0 + 0) / 2]
[Stage 2407:> (0 + 1) / 2][Stage 2408:> (0 + 0) / 2][Stage 2409:> (0 + 0) / 1]
[Stage 2408:> (0 + 1) / 2][Stage 2409:> (0 + 0) / 1][Stage 2411:> (0 + 0) / 1]
[Stage 2409:> (0 + 1) / 1][Stage 2411:> (0 + 0) / 1][Stage 2413:> (0 + 0) / 1]
[Stage 2415:> (0 + 1) / 1][Stage 2417:> (0 + 0) / 1][Stage 2419:> (0 + 0) / 1]
[Stage 2419:> (0 + 1) / 1][Stage 2421:> (0 + 0) / 1][Stage 2423:> (0 + 0) / 1]
                                                                                
[Stage 2451:> (0 + 1) / 2][Stage 2453:> (0 + 0) / 2][Stage 2454:> (0 + 0) / 2]
[Stage 2451:=>(1 + 1) / 2][Stage 2453:> (0 + 0) / 2][Stage 2454:> (0 + 0) / 2]
[Stage 2453:> (0 + 1) / 2][Stage 2454:> (0 + 0) / 2][Stage 2455:> (0 + 0) / 2]
[Stage 2453:=>(1 + 1) / 2][Stage 2454:> (0 + 0) / 2][Stage 2455:> (0 + 0) / 2]
[Stage 2454:> (0 + 1) / 2][Stage 2455:> (0 + 0) / 2][Stage 2456:> (0 + 0) / 2]
[Stage 2455:> (0 + 1) / 2][Stage 2456:> (0 + 0) / 2][Stage 2457:> (0 + 0) / 2]
[Stage 2456:> (0 + 1) / 2][Stage 2457:> (0 + 0) / 2][Stage 2459:> (0 + 0) / 1]
[Stage 2457:> (0 + 1) / 2][Stage 2459:> (0 + 0) / 1][Stage 2461:> (0 + 0) / 1]
[Stage 2459:> (0 + 1) / 1][Stage 2461:> (0 + 0) / 1][Stage 2463:> (0 + 0) / 1]
                                                                                
[Stage 2493:> (0 + 1) / 1][Stage 2496:> (0 + 0) / 1][Stage 2499:> (0 + 0) / 1]
                                                                                
[Stage 2504:> (0 + 1) / 1][Stage 2507:> (0 + 0) / 1][Stage 2509:> (0 + 0) / 1]
[Stage 2507:> (0 + 1) / 1][Stage 2509:> (0 + 0) / 1][Stage 2511:> (0 + 0) / 1]
[Stage 2511:> (0 + 1) / 1][Stage 2515:> (0 + 0) / 1][Stage 2516:> (0 + 0) / 2]
[Stage 2515:> (0 + 1) / 1][Stage 2516:> (0 + 0) / 2][Stage 2520:> (0 + 0) / 1]
                                                                                
[Stage 2545:> (0 + 1) / 2][Stage 2548:> (0 + 0) / 1][Stage 2549:> (0 + 0) / 2]
[Stage 2545:=>(1 + 1) / 2][Stage 2548:> (0 + 0) / 1][Stage 2549:> (0 + 0) / 2]
[Stage 2549:=>(1 + 1) / 2][Stage 2552:> (0 + 0) / 1][Stage 2554:> (0 + 0) / 1]
                                                                                
[Stage 2591:> (0 + 1) / 2][Stage 2592:> (0 + 0) / 2][Stage 2594:> (0 + 0) / 1]
[Stage 2591:=>(1 + 1) / 2][Stage 2592:> (0 + 0) / 2][Stage 2594:> (0 + 0) / 1]
[Stage 2592:> (0 + 1) / 2][Stage 2594:> (0 + 0) / 1][Stage 2595:> (0 + 0) / 2]
[Stage 2592:=>(1 + 1) / 2][Stage 2594:> (0 + 0) / 1][Stage 2595:> (0 + 0) / 2]
[Stage 2595:> (0 + 1) / 2][Stage 2596:> (0 + 0) / 2][Stage 2598:> (0 + 0) / 1]
[Stage 2596:> (0 + 1) / 2][Stage 2598:> (0 + 0) / 1][Stage 2599:> (0 + 0) / 2]
[Stage 2598:> (0 + 1) / 1][Stage 2599:> (0 + 0) / 2][Stage 2601:> (0 + 0) / 1]
[Stage 2599:=>(1 + 1) / 2][Stage 2601:> (0 + 0) / 1][Stage 2603:> (0 + 0) / 1]
[Stage 2603:> (0 + 1) / 1][Stage 2605:> (0 + 0) / 1][Stage 2608:> (0 + 0) / 1]
                                                                                
[Stage 2651:=>(1 + 1) / 2][Stage 2654:> (0 + 0) / 1][Stage 2657:> (0 + 0) / 1]
[Stage 2657:> (0 + 1) / 1][Stage 2659:> (0 + 0) / 1][Stage 2663:> (0 + 0) / 1]
                                                                                
[Stage 2683:>               (0 + 1) / 1][Stage 2684:>               (0 + 0) / 2]
                                                                                
[Stage 2694:> (0 + 1) / 1][Stage 2699:> (0 + 0) / 1][Stage 2702:> (0 + 0) / 1]
                                                                                
[Stage 2748:> (0 + 1) / 2][Stage 2749:> (0 + 0) / 2][Stage 2750:> (0 + 0) / 1]
                                                                                
[Stage 2760:=>(1 + 1) / 2][Stage 2762:> (0 + 0) / 1][Stage 2764:> (0 + 0) / 1]
[Stage 2764:> (0 + 1) / 1][Stage 2765:> (0 + 0) / 1][Stage 2768:> (0 + 0) / 1]
[Stage 2765:> (0 + 1) / 1][Stage 2768:> (0 + 0) / 1][Stage 2769:> (0 + 0) / 2]
                                                                                
[Stage 2770:=>(1 + 1) / 2][Stage 2772:> (0 + 0) / 1][Stage 2774:> (0 + 0) / 1]
[Stage 2777:==(1 + 0) / 1][Stage 2780:> (0 + 1) / 1][Stage 2782:> (0 + 0) / 1]
                                                                                
[Stage 2818:=>(1 + 1) / 2][Stage 2822:> (0 + 0) / 1][Stage 2823:> (0 + 0) / 1]
                                                                                
[Stage 2832:> (0 + 1) / 1][Stage 2833:> (0 + 0) / 2][Stage 2837:> (0 + 0) / 1]
[Stage 2833:> (0 + 1) / 2][Stage 2837:> (0 + 0) / 1][Stage 2839:> (0 + 0) / 1]
                                                                                
[Stage 2863:> (0 + 1) / 2][Stage 2866:> (0 + 0) / 1][Stage 2869:> (0 + 0) / 1]
[Stage 2863:=>(1 + 1) / 2][Stage 2866:> (0 + 0) / 1][Stage 2869:> (0 + 0) / 1]
                                                                                
[Stage 2896:=>(1 + 1) / 2][Stage 2900:> (0 + 0) / 1][Stage 2903:> (0 + 0) / 1]
                                                                                
[Stage 2907:> (0 + 1) / 1][Stage 2908:> (0 + 0) / 2][Stage 2910:> (0 + 0) / 1]
[Stage 2908:> (0 + 1) / 2][Stage 2910:> (0 + 0) / 1][Stage 2912:> (0 + 0) / 1]
                                                                                
[Stage 2934:> (0 + 1) / 2][Stage 2937:> (0 + 0) / 1][Stage 2940:> (0 + 0) / 1]
                                                                                
[Stage 2968:> (0 + 1) / 2][Stage 2969:> (0 + 0) / 2][Stage 2971:> (0 + 0) / 1]
[Stage 2969:> (0 + 1) / 2][Stage 2971:> (0 + 0) / 1][Stage 2972:> (0 + 0) / 2]
[Stage 2969:=>(1 + 1) / 2][Stage 2971:> (0 + 0) / 1][Stage 2972:> (0 + 0) / 2]
                                                                                
[Stage 2981:> (0 + 1) / 1][Stage 2983:> (0 + 0) / 1][Stage 2984:> (0 + 0) / 2]
[Stage 2983:> (0 + 1) / 1][Stage 2984:> (0 + 0) / 2][Stage 2986:> (0 + 0) / 1]
[Stage 2984:=>(1 + 1) / 2][Stage 2986:> (0 + 0) / 1][Stage 2989:> (0 + 0) / 1]
                                                                                
[Stage 3151:> (0 + 1) / 2][Stage 3152:> (0 + 0) / 2][Stage 3153:> (0 + 0) / 2]
                                                                                
[Stage 3163:=>(1 + 1) / 2][Stage 3165:> (0 + 0) / 1][Stage 3166:> (0 + 0) / 2]
                                                                                
[Stage 3172:> (0 + 1) / 1][Stage 3174:> (0 + 0) / 1][Stage 3176:> (0 + 0) / 1]
                                                                                
[Stage 3201:> (0 + 1) / 2][Stage 3203:> (0 + 0) / 1][Stage 3205:> (0 + 0) / 1]
                                                                                
[Stage 3208:> (0 + 1) / 2][Stage 3209:> (0 + 0) / 2][Stage 3211:> (0 + 0) / 1]
[Stage 3209:> (0 + 1) / 2][Stage 3211:> (0 + 0) / 1][Stage 3213:> (0 + 0) / 1]
[Stage 3211:> (0 + 1) / 1][Stage 3213:> (0 + 0) / 1][Stage 3214:> (0 + 0) / 2]
                                                                                
[Stage 3253:=>(1 + 1) / 2][Stage 3257:> (0 + 0) / 1][Stage 3258:> (0 + 0) / 2]
                                                                                
[Stage 3275:> (0 + 1) / 2][Stage 3277:> (0 + 0) / 1][Stage 3280:> (0 + 0) / 1]
                                                                                
[Stage 3298:> (0 + 1) / 1][Stage 3300:> (0 + 0) / 1][Stage 3302:> (0 + 0) / 1]
[Stage 3303:> (0 + 1) / 2][Stage 3306:> (0 + 0) / 1][Stage 3309:> (0 + 0) / 1]
                                                                                
[Stage 3327:> (0 + 1) / 2][Stage 3329:> (0 + 0) / 1][Stage 3332:> (0 + 0) / 1]
[Stage 3327:=>(1 + 1) / 2][Stage 3329:> (0 + 0) / 1][Stage 3332:> (0 + 0) / 1]
                                                                                
[Stage 3457:> (0 + 1) / 2][Stage 3458:> (0 + 0) / 1][Stage 3459:> (0 + 0) / 2]
[Stage 3457:=>(1 + 1) / 2][Stage 3458:> (0 + 0) / 1][Stage 3459:> (0 + 0) / 2]
                                                                                
[Stage 3469:> (0 + 1) / 1][Stage 3471:> (0 + 0) / 1][Stage 3474:> (0 + 0) / 1]
                                                                                
[Stage 3486:> (0 + 1) / 2][Stage 3487:> (0 + 0) / 2][Stage 3489:> (0 + 0) / 1]
[Stage 3486:=>(1 + 1) / 2][Stage 3487:> (0 + 0) / 2][Stage 3489:> (0 + 0) / 1]
[Stage 3487:> (0 + 1) / 2][Stage 3489:> (0 + 0) / 1][Stage 3490:> (0 + 0) / 1]
[Stage 3489:> (0 + 1) / 1][Stage 3490:> (0 + 0) / 1][Stage 3492:> (0 + 0) / 1]
[Stage 3493:> (0 + 1) / 1][Stage 3494:> (0 + 0) / 1][Stage 3497:> (0 + 0) / 1]
                                                                                
[Stage 3526:> (0 + 1) / 1][Stage 3527:> (0 + 0) / 2][Stage 3530:> (0 + 0) / 1]
[Stage 3527:> (0 + 1) / 2][Stage 3530:> (0 + 0) / 1][Stage 3534:> (0 + 0) / 1]
                                                                                
[Stage 3550:> (0 + 1) / 1][Stage 3554:> (0 + 0) / 1][Stage 3555:> (0 + 0) / 1]
                                                                                
[Stage 3633:> (0 + 1) / 2][Stage 3634:> (0 + 0) / 1][Stage 3635:> (0 + 0) / 1]
[Stage 3633:=>(1 + 1) / 2][Stage 3634:> (0 + 0) / 1][Stage 3635:> (0 + 0) / 1]
                                                                                
[Stage 3657:=>(1 + 1) / 2][Stage 3659:> (0 + 0) / 1][Stage 3662:> (0 + 0) / 1]
                                                                                
[Stage 3672:> (0 + 1) / 1][Stage 3675:> (0 + 0) / 1][Stage 3677:> (0 + 0) / 1]
                                                                                
[Stage 3692:> (0 + 1) / 2][Stage 3695:> (0 + 0) / 1][Stage 3697:> (0 + 0) / 1]
[Stage 3692:=>(1 + 1) / 2][Stage 3695:> (0 + 0) / 1][Stage 3697:> (0 + 0) / 1]
                                                                                
[Stage 3711:> (0 + 1) / 2][Stage 3713:> (0 + 0) / 1][Stage 3716:> (0 + 0) / 1]
[Stage 3711:=>(1 + 1) / 2][Stage 3713:> (0 + 0) / 1][Stage 3716:> (0 + 0) / 1]
                                                                                
[Stage 3732:> (0 + 1) / 1][Stage 3736:> (0 + 0) / 1][Stage 3737:> (0 + 0) / 1]
                                                                                
[Stage 3742:=>(1 + 1) / 2][Stage 3743:> (0 + 0) / 2][Stage 3744:> (0 + 0) / 1]
[Stage 3743:> (0 + 1) / 2][Stage 3744:> (0 + 0) / 1][Stage 3745:> (0 + 0) / 2]
[Stage 3744:> (0 + 1) / 1][Stage 3745:> (0 + 0) / 2][Stage 3748:> (0 + 0) / 1]
                                                                                
[Stage 3753:> (0 + 1) / 1][Stage 3755:> (0 + 0) / 1][Stage 3757:> (0 + 0) / 1]
[Stage 3755:> (0 + 1) / 1][Stage 3757:> (0 + 0) / 1][Stage 3758:> (0 + 0) / 1]
[Stage 3757:> (0 + 1) / 1][Stage 3758:> (0 + 0) / 1][Stage 3759:> (0 + 0) / 1]
[Stage 3758:> (0 + 1) / 1][Stage 3759:> (0 + 0) / 1][Stage 3760:> (0 + 0) / 2]
                                                                                
[Stage 3803:> (0 + 1) / 1][Stage 3807:> (0 + 0) / 1][Stage 3811:> (0 + 0) / 1]
                                                                                
[Stage 3831:> (0 + 1) / 1][Stage 3832:> (0 + 0) / 1][Stage 3833:> (0 + 0) / 2]
                                                                                
[Stage 3850:> (0 + 1) / 1][Stage 3853:> (0 + 0) / 1][Stage 3855:> (0 + 0) / 1]
                                                                                
[Stage 3863:> (0 + 1) / 2][Stage 3866:> (0 + 0) / 1][Stage 3870:> (0 + 0) / 1]
[Stage 3863:=>(1 + 1) / 2][Stage 3866:> (0 + 0) / 1][Stage 3870:> (0 + 0) / 1]
                                                                                
[Stage 3886:> (0 + 1) / 1][Stage 3887:> (0 + 0) / 1][Stage 3890:> (0 + 0) / 1]
[Stage 3887:> (0 + 1) / 1][Stage 3890:> (0 + 0) / 1][Stage 3891:> (0 + 0) / 1]
                                                                                
[Stage 3893:> (0 + 1) / 1][Stage 3894:> (0 + 0) / 1][Stage 3896:> (0 + 0) / 1]
[Stage 3894:> (0 + 1) / 1][Stage 3896:> (0 + 0) / 1][Stage 3899:> (0 + 0) / 1]
                                                                                
[Stage 3931:> (0 + 1) / 1][Stage 3933:> (0 + 0) / 1][Stage 3936:> (0 + 0) / 1]
[Stage 3933:> (0 + 1) / 1][Stage 3936:> (0 + 0) / 1][Stage 3938:> (0 + 0) / 1]
[Stage 3938:> (0 + 1) / 1][Stage 3939:> (0 + 0) / 1][Stage 3940:> (0 + 0) / 1]
                                                                                
[Stage 3940:> (0 + 1) / 1][Stage 3942:> (0 + 0) / 1][Stage 3946:> (0 + 0) / 1]
                                                                                
[Stage 3956:=>(1 + 1) / 2][Stage 3958:> (0 + 0) / 1][Stage 3960:> (0 + 0) / 1]
[Stage 3958:> (0 + 1) / 1][Stage 3960:> (0 + 0) / 1][Stage 3963:> (0 + 0) / 1]
[Stage 3963:> (0 + 1) / 1][Stage 3964:> (0 + 0) / 1][Stage 3967:> (0 + 0) / 1]
                                                                                
[Stage 3972:=>(1 + 1) / 2][Stage 3975:> (0 + 0) / 1][Stage 3978:> (0 + 0) / 1]
[Stage 3975:> (0 + 1) / 1][Stage 3978:> (0 + 0) / 1][Stage 3979:> (0 + 0) / 1]
                                                                                
[Stage 3984:> (0 + 1) / 1][Stage 3986:> (0 + 0) / 1][Stage 3989:> (0 + 0) / 1]
[Stage 3986:> (0 + 1) / 1][Stage 3989:> (0 + 0) / 1][Stage 3992:> (0 + 0) / 1]
                                                                                
[Stage 3993:> (0 + 1) / 1][Stage 3994:> (0 + 1) / 1][Stage 3996:> (0 + 0) / 1]
[Stage 3993:> (0 + 1) / 1][Stage 3996:> (0 + 1) / 1][Stage 4000:> (0 + 0) / 1]
                                                                                
[Stage 3993:> (0 + 1) / 1][Stage 4022:> (0 + 1) / 1][Stage 4023:> (0 + 0) / 1]
                                                                                
[Stage 3993:> (0 + 1) / 1][Stage 4037:> (0 + 1) / 1][Stage 4039:> (0 + 0) / 1]
                                                                                
[Stage 3993:> (0 + 1) / 1][Stage 4039:> (0 + 1) / 1][Stage 4040:> (0 + 0) / 1]
                                                                                
[Stage 3993:> (0 + 1) / 1][Stage 4044:> (0 + 1) / 1][Stage 4047:> (0 + 0) / 1]
[Stage 3993:> (0 + 1) / 1][Stage 4047:> (0 + 1) / 1][Stage 4050:> (0 + 0) / 1]
                                                                                
[Stage 4066:=>(1 + 1) / 2][Stage 4073:> (0 + 1) / 1][Stage 4075:> (0 + 0) / 1]
                                                                                
[Stage 4066:=>(1 + 1) / 2][Stage 4080:> (0 + 1) / 1][Stage 4084:> (0 + 0) / 1]
                                                                                
[Stage 4066:=>(1 + 1) / 2][Stage 4097:> (0 + 1) / 1][Stage 4098:> (0 + 0) / 1]
[Stage 4066:=>(1 + 1) / 2][Stage 4098:> (0 + 1) / 1][Stage 4100:> (0 + 0) / 1]
                                                                                
[Stage 4066:=>(1 + 1) / 2][Stage 4137:> (0 + 1) / 2][Stage 4140:> (0 + 0) / 1]
[Stage 4066:=>(1 + 1) / 2][Stage 4137:=>(1 + 1) / 2][Stage 4140:> (0 + 0) / 1]
[Stage 4066:=>(1 + 1) / 2][Stage 4141:> (0 + 1) / 1][Stage 4143:> (0 + 0) / 1]
                                                                                
[Stage 4066:=>(1 + 1) / 2][Stage 4146:> (0 + 1) / 1][Stage 4148:> (0 + 0) / 2]
[Stage 4066:=>(1 + 1) / 2][Stage 4148:> (0 + 1) / 2][Stage 4152:> (0 + 0) / 1]
[Stage 4066:=>(1 + 1) / 2][Stage 4148:=>(1 + 1) / 2][Stage 4152:> (0 + 0) / 1]
[Stage 4066:=>(1 + 1) / 2][Stage 4152:> (0 + 1) / 1][Stage 4154:> (0 + 0) / 1]
                                                                                
[Stage 4066:=>(1 + 1) / 2][Stage 4202:> (0 + 1) / 2][Stage 4203:> (0 + 0) / 1]
                                                                                
[Stage 4066:=>(1 + 1) / 2][Stage 4204:=>(1 + 1) / 2][Stage 4205:> (0 + 0) / 1]
                                                                                
[Stage 4066:=>(1 + 1) / 2][Stage 4257:> (0 + 1) / 1][Stage 4259:> (0 + 0) / 1]
                                                                                
[Stage 4066:=>(1 + 1) / 2][Stage 4263:> (0 + 1) / 1][Stage 4264:> (0 + 0) / 1]
[Stage 4066:=>(1 + 1) / 2][Stage 4264:> (0 + 1) / 1][Stage 4266:> (0 + 0) / 1]
[Stage 4066:=>(1 + 1) / 2][Stage 4266:> (0 + 1) / 1][Stage 4268:> (0 + 0) / 1]
                                                                                
[Stage 4066:=>(1 + 1) / 2][Stage 4299:> (0 + 1) / 2][Stage 4302:> (0 + 0) / 1]
                                                                                
[Stage 4066:=>(1 + 1) / 2][Stage 4307:> (0 + 1) / 2][Stage 4309:> (0 + 0) / 1]
                                                                                
[Stage 4066:=>(1 + 1) / 2][Stage 4313:> (0 + 1) / 1][Stage 4314:> (0 + 0) / 1]
[Stage 4066:=>(1 + 1) / 2][Stage 4314:> (0 + 1) / 1][Stage 4315:> (0 + 0) / 1]
                                                                                
[Stage 4066:=>(1 + 1) / 2][Stage 4318:> (0 + 1) / 1][Stage 4321:> (0 + 0) / 1]
                                                                                
[Stage 4066:=>(1 + 1) / 2][Stage 4329:> (0 + 1) / 2][Stage 4330:> (0 + 0) / 2]
[Stage 4066:=>(1 + 1) / 2][Stage 4329:=>(1 + 1) / 2][Stage 4330:> (0 + 0) / 2]
[Stage 4066:=>(1 + 1) / 2][Stage 4330:> (0 + 1) / 2][Stage 4332:> (0 + 0) / 1]
[Stage 4066:=>(1 + 1) / 2][Stage 4330:=>(1 + 1) / 2][Stage 4332:> (0 + 0) / 1]
[Stage 4066:=>(1 + 1) / 2][Stage 4332:> (0 + 1) / 1][Stage 4333:> (0 + 0) / 1]
                                                                                
[Stage 4066:=>(1 + 1) / 2][Stage 4336:> (0 + 1) / 1][Stage 4337:> (0 + 0) / 1]
[Stage 4066:=>(1 + 1) / 2][Stage 4336:> (0 + 1) / 1][Stage 4337:> (0 + 1) / 1]
                                                                                
[Stage 4066:=>(1 + 1) / 2][Stage 4339:> (0 + 1) / 1][Stage 4341:> (0 + 0) / 2]
[Stage 4066:=>(1 + 1) / 2][Stage 4341:> (0 + 1) / 2][Stage 4343:> (0 + 0) / 1]
[Stage 4066:=>(1 + 1) / 2][Stage 4341:=>(1 + 1) / 2][Stage 4343:> (0 + 0) / 1]
[Stage 4066:=>(1 + 1) / 2][Stage 4343:> (0 + 1) / 1][Stage 4345:> (0 + 0) / 1]
                                                                                
[Stage 4066:=>(1 + 1) / 2][Stage 4378:> (0 + 1) / 2][Stage 4381:> (0 + 0) / 1]
[Stage 4066:=>(1 + 1) / 2][Stage 4378:=>(1 + 1) / 2][Stage 4381:> (0 + 0) / 1]
[Stage 4066:=>(1 + 1) / 2][Stage 4381:> (0 + 1) / 1][Stage 4382:> (0 + 0) / 1]
                                                                                
[Stage 4066:=>(1 + 1) / 2][Stage 4383:> (0 + 1) / 2][Stage 4384:> (0 + 0) / 2]
[Stage 4066:=>(1 + 1) / 2][Stage 4383:=>(1 + 1) / 2][Stage 4384:> (0 + 0) / 2]
[Stage 4066:=>(1 + 1) / 2][Stage 4384:> (0 + 1) / 2][Stage 4385:> (0 + 0) / 1]
[Stage 4066:=>(1 + 1) / 2][Stage 4384:=>(1 + 1) / 2][Stage 4385:> (0 + 0) / 1]
[Stage 4066:=>(1 + 1) / 2][Stage 4385:> (0 + 1) / 1][Stage 4386:> (0 + 0) / 2]
[Stage 4066:=>(1 + 1) / 2][Stage 4386:> (0 + 1) / 2][Stage 4388:> (0 + 0) / 2]
[Stage 4066:=>(1 + 1) / 2][Stage 4386:=>(1 + 1) / 2][Stage 4388:> (0 + 0) / 2]
[Stage 4066:=>(1 + 1) / 2][Stage 4388:> (0 + 1) / 2][Stage 4390:> (0 + 0) / 1]
[Stage 4066:=>(1 + 1) / 2][Stage 4388:=>(1 + 1) / 2][Stage 4390:> (0 + 0) / 1]
                                                                                
[Stage 4066:=>(1 + 1) / 2][Stage 4393:> (0 + 1) / 2][Stage 4395:> (0 + 0) / 1]
[Stage 4066:=>(1 + 1) / 2][Stage 4393:=>(1 + 1) / 2][Stage 4395:> (0 + 0) / 1]
[Stage 4066:=>(1 + 1) / 2][Stage 4395:> (0 + 1) / 1][Stage 4397:> (0 + 0) / 1]
                                                                                
[Stage 4066:=>(1 + 1) / 2][Stage 4415:> (0 + 1) / 1][Stage 4416:> (0 + 0) / 1]
                                                                                
[Stage 4066:=>(1 + 1) / 2][Stage 4425:> (0 + 1) / 1][Stage 4426:> (0 + 0) / 1]
[Stage 4066:=>(1 + 1) / 2][Stage 4426:> (0 + 1) / 1][Stage 4427:> (0 + 0) / 1]
                                                                                
[Stage 4066:=>(1 + 1) / 2][Stage 4429:> (0 + 1) / 2][Stage 4431:> (0 + 0) / 1]
[Stage 4066:=>(1 + 1) / 2][Stage 4429:=>(1 + 1) / 2][Stage 4431:> (0 + 0) / 1]
[Stage 4066:=>(1 + 1) / 2][Stage 4431:> (0 + 1) / 1][Stage 4432:> (0 + 0) / 1]
                                                                                
[Stage 4066:=>(1 + 1) / 2][Stage 4441:> (0 + 1) / 2][Stage 4443:> (0 + 0) / 1]
[Stage 4066:=>(1 + 1) / 2][Stage 4441:=>(1 + 1) / 2][Stage 4443:> (0 + 0) / 1]
[Stage 4066:=>(1 + 1) / 2][Stage 4443:> (0 + 1) / 1][Stage 4445:> (0 + 0) / 2]
                                                                                
[Stage 4066:=>(1 + 1) / 2][Stage 4445:=>(1 + 1) / 2][Stage 4447:> (0 + 0) / 1]
[Stage 4066:=>(1 + 1) / 2][Stage 4447:> (0 + 1) / 1][Stage 4448:> (0 + 0) / 1]
                                                                                
[Stage 4066:=>(1 + 1) / 2][Stage 4452:> (0 + 1) / 1][Stage 4453:> (0 + 0) / 1]
[Stage 4066:=>(1 + 1) / 2][Stage 4453:> (0 + 1) / 1][Stage 4456:> (0 + 0) / 2]
[Stage 4066:=>(1 + 1) / 2][Stage 4456:> (0 + 1) / 2][Stage 4458:> (0 + 0) / 1]
[Stage 4066:=>(1 + 1) / 2][Stage 4456:=>(1 + 1) / 2][Stage 4458:> (0 + 0) / 1]
                                                                                
[Stage 4066:=>(1 + 1) / 2][Stage 4472:> (0 + 1) / 1][Stage 4474:> (0 + 0) / 1]
                                                                                
[Stage 4066:=>(1 + 1) / 2][Stage 4492:> (0 + 1) / 1][Stage 4496:> (0 + 0) / 1]
                                                                                
[Stage 4066:=>(1 + 1) / 2][Stage 4515:> (0 + 1) / 1][Stage 4518:> (0 + 0) / 1]
                                                                                
[Stage 4066:=>(1 + 1) / 2][Stage 4558:> (0 + 1) / 1][Stage 4560:> (0 + 0) / 1]
[Stage 4066:=>(1 + 1) / 2][Stage 4560:> (0 + 1) / 1][Stage 4561:> (0 + 0) / 1]
[Stage 4066:=>(1 + 1) / 2][Stage 4561:> (0 + 1) / 1][Stage 4562:> (0 + 0) / 1]
                                                                                
[Stage 4066:=>(1 + 1) / 2][Stage 4563:=>(1 + 1) / 2][Stage 4564:> (0 + 0) / 1]
[Stage 4066:=>(1 + 1) / 2][Stage 4564:> (0 + 1) / 1][Stage 4567:> (0 + 0) / 1]
                                                                                
[Stage 4066:=>(1 + 1) / 2][Stage 4575:> (0 + 1) / 2][Stage 4577:> (0 + 0) / 1]
[Stage 4066:=>(1 + 1) / 2][Stage 4575:=>(1 + 1) / 2][Stage 4577:> (0 + 0) / 1]
[Stage 4066:=>(1 + 1) / 2][Stage 4577:> (0 + 1) / 1][Stage 4580:> (0 + 0) / 1]
[Stage 4066:=>(1 + 1) / 2][Stage 4582:> (0 + 1) / 1][Stage 4585:> (0 + 0) / 1]
[Stage 4066:=>(1 + 1) / 2][Stage 4585:> (0 + 1) / 1][Stage 4588:> (0 + 0) / 1]
                                                                                
[Stage 4066:=>(1 + 1) / 2][Stage 4591:> (0 + 1) / 1][Stage 4594:> (0 + 0) / 1]
[Stage 4066:=>(1 + 1) / 2][Stage 4594:> (0 + 1) / 1][Stage 4598:> (0 + 0) / 1]
                                                                                
[Stage 4066:=>(1 + 1) / 2][Stage 4632:=>(1 + 1) / 2][Stage 4635:> (0 + 0) / 1]
                                                                                
[Stage 4066:=>(1 + 1) / 2][Stage 4644:> (0 + 1) / 1][Stage 4646:> (0 + 0) / 1]
[Stage 4066:=>(1 + 1) / 2][Stage 4646:> (0 + 1) / 1][Stage 4647:> (0 + 0) / 1]
                                                                                
[Stage 4066:=>(1 + 1) / 2][Stage 4647:> (0 + 1) / 1][Stage 4648:> (0 + 0) / 1]
                                                                                
[Stage 4066:=>(1 + 1) / 2][Stage 4648:> (0 + 1) / 1][Stage 4651:> (0 + 0) / 1]
                                                                                
[Stage 4066:=>(1 + 1) / 2][Stage 4660:> (0 + 1) / 2][Stage 4661:> (0 + 0) / 1]
[Stage 4066:=>(1 + 1) / 2][Stage 4660:=>(1 + 1) / 2][Stage 4661:> (0 + 0) / 1]
[Stage 4066:=>(1 + 1) / 2][Stage 4661:> (0 + 1) / 1][Stage 4662:> (0 + 0) / 2]
[Stage 4066:=>(1 + 1) / 2][Stage 4662:> (0 + 1) / 2][Stage 4663:> (0 + 0) / 1]
[Stage 4066:=>(1 + 1) / 2][Stage 4662:=>(1 + 1) / 2][Stage 4663:> (0 + 0) / 1]
[Stage 4066:=>(1 + 1) / 2][Stage 4663:> (0 + 1) / 1][Stage 4664:> (0 + 0) / 1]
[Stage 4066:=>(1 + 1) / 2][Stage 4664:> (0 + 1) / 1][Stage 4666:> (0 + 0) / 1]
                                                                                
[Stage 4066:=>(1 + 1) / 2][Stage 4670:> (0 + 1) / 1][Stage 4672:> (0 + 0) / 1]
[Stage 4066:=>(1 + 1) / 2][Stage 4672:> (0 + 1) / 1][Stage 4674:> (0 + 0) / 1]
[Stage 4066:=>(1 + 1) / 2][Stage 4674:> (0 + 1) / 1][Stage 4676:> (0 + 0) / 1]
                                                                                
[Stage 4066:=>(1 + 1) / 2][Stage 4679:> (0 + 1) / 1][Stage 4680:> (0 + 0) / 1]
[Stage 4066:=>(1 + 1) / 2][Stage 4680:> (0 + 1) / 1][Stage 4684:> (0 + 0) / 1]
                                                                                
[Stage 4066:=>(1 + 1) / 2][Stage 4695:> (0 + 1) / 1][Stage 4696:> (0 + 0) / 1]
                                                                                
[Stage 4066:=>(1 + 1) / 2][Stage 4696:> (0 + 1) / 1][Stage 4699:> (0 + 0) / 1]
ERROR:root:Exception while sending command.
[2026-08-04T11:58:52.923+0000] {pod_manager.py:435} INFO - [base] Traceback (most recent call last):
[2026-08-04T11:58:52.924+0000] {pod_manager.py:435} INFO - [base]   File "/usr/local/lib/python3.10/site-packages/py4j/clientserver.py", line 516, in send_command
[2026-08-04T11:58:52.924+0000] {pod_manager.py:435} INFO - [base]     raise Py4JNetworkError("Answer from Java side is empty")
[2026-08-04T11:58:52.925+0000] {pod_manager.py:435} INFO - [base] py4j.protocol.Py4JNetworkError: Answer from Java side is empty
[2026-08-04T11:58:52.925+0000] {pod_manager.py:435} INFO - [base] During handling of the above exception, another exception occurred:
[2026-08-04T11:58:52.925+0000] {pod_manager.py:435} INFO - [base] Traceback (most recent call last):
[2026-08-04T11:58:52.925+0000] {pod_manager.py:435} INFO - [base]   File "/usr/local/lib/python3.10/site-packages/py4j/java_gateway.py", line 1038, in send_command
[2026-08-04T11:58:52.925+0000] {pod_manager.py:435} INFO - [base]     response = connection.send_command(command)
[2026-08-04T11:58:52.926+0000] {pod_manager.py:435} INFO - [base]   File "/usr/local/lib/python3.10/site-packages/py4j/clientserver.py", line 539, in send_command
[2026-08-04T11:58:52.926+0000] {pod_manager.py:435} INFO - [base]     raise Py4JNetworkError(
[2026-08-04T11:58:52.926+0000] {pod_manager.py:435} INFO - [base] py4j.protocol.Py4JNetworkError: Error while sending or receiving
[2026-08-04T11:58:52.927+0000] {pod_manager.py:435} INFO - [base] ERROR:root:Exception while sending command.
[2026-08-04T11:58:52.927+0000] {pod_manager.py:435} INFO - [base] Traceback (most recent call last):
[2026-08-04T11:58:52.928+0000] {pod_manager.py:435} INFO - [base]   File "/usr/local/lib/python3.10/site-packages/py4j/clientserver.py", line 516, in send_command
[2026-08-04T11:58:52.928+0000] {pod_manager.py:435} INFO - [base]     raise Py4JNetworkError("Answer from Java side is empty")
[2026-08-04T11:58:52.928+0000] {pod_manager.py:435} INFO - [base] py4j.protocol.Py4JNetworkError: Answer from Java side is empty
[2026-08-04T11:58:52.928+0000] {pod_manager.py:435} INFO - [base] During handling of the above exception, another exception occurred:
[2026-08-04T11:58:52.929+0000] {pod_manager.py:435} INFO - [base] Traceback (most recent call last):
[2026-08-04T11:58:52.929+0000] {pod_manager.py:435} INFO - [base]   File "/usr/local/lib/python3.10/site-packages/py4j/java_gateway.py", line 1038, in send_command
[2026-08-04T11:58:52.929+0000] {pod_manager.py:435} INFO - [base]     response = connection.send_command(command)
[2026-08-04T11:58:52.929+0000] {pod_manager.py:435} INFO - [base]   File "/usr/local/lib/python3.10/site-packages/py4j/clientserver.py", line 539, in send_command
[2026-08-04T11:58:52.930+0000] {pod_manager.py:435} INFO - [base]     raise Py4JNetworkError(
2026-08-04T11:58:52.943659102Z 
2026-08-04T11:58:52.943668044Z 
2026-08-04T11:58:52.947950746Z 
2026-08-04T11:58:52.948263129Z 
2026-08-04T11:58:52.960191344Z 
2026-08-04T11:58:52.965175802Z 
2026-08-04T11:58:52.965200709Z 
2026-08-04T11:58:52.965209930Z 
2026-08-04T11:58:52.965349981Z 
2026-08-04T11:58:52.965358816Z 
2026-08-04T11:58:52.965382093Z 
2026-08-04T11:58:52.965394660Z 
2026-08-04T11:58:53.049902202Z 
2026-08-04T11:58:53.049910854Z 
2026-08-04T11:58:53.049947996Z 
2026-08-04T11:58:53.051858255Z 
2026-08-04T11:58:53.051878020Z 
2026-08-04T11:58:53.051905770Z 
2026-08-04T11:58:53.059562508Z 
2026-08-04T11:58:53.059571705Z 
[2026-08-04T11:58:53.222+0000] {pod_manager.py:435} INFO - [base] py4j.protocol.Py4JNetworkError: Error while sending or receiving
[2026-08-04T11:58:53.223+0000] {pod_manager.py:435} INFO - [base] ERROR:root:Exception while sending command.
[2026-08-04T11:58:53.223+0000] {pod_manager.py:435} INFO - [base] Traceback (most recent call last):
[2026-08-04T11:58:53.224+0000] {pod_manager.py:435} INFO - [base]   File "/usr/local/lib/python3.10/site-packages/py4j/clientserver.py", line 516, in send_command
[2026-08-04T11:58:53.224+0000] {pod_manager.py:435} INFO - [base]     raise Py4JNetworkError("Answer from Java side is empty")
[2026-08-04T11:58:53.224+0000] {pod_manager.py:435} INFO - [base] py4j.protocol.Py4JNetworkError: Answer from Java side is empty
[2026-08-04T11:58:53.224+0000] {pod_manager.py:435} INFO - [base] During handling of the above exception, another exception occurred:
[2026-08-04T11:58:53.225+0000] {pod_manager.py:435} INFO - [base] Traceback (most recent call last):
[2026-08-04T11:58:53.225+0000] {pod_manager.py:435} INFO - [base]   File "/usr/local/lib/python3.10/site-packages/py4j/java_gateway.py", line 1038, in send_command
[2026-08-04T11:58:53.225+0000] {pod_manager.py:435} INFO - [base]     response = connection.send_command(command)
[2026-08-04T11:58:53.225+0000] {pod_manager.py:435} INFO - [base]   File "/usr/local/lib/python3.10/site-packages/py4j/clientserver.py", line 539, in send_command
[2026-08-04T11:58:53.226+0000] {pod_manager.py:435} INFO - [base]     raise Py4JNetworkError(
[2026-08-04T11:58:53.226+0000] {pod_manager.py:435} INFO - [base] py4j.protocol.Py4JNetworkError: Error while sending or receiving
[2026-08-04T11:58:53.226+0000] {pod_manager.py:435} INFO - [base] ERROR:root:Exception while sending command.
[2026-08-04T11:58:53.226+0000] {pod_manager.py:435} INFO - [base] Traceback (most recent call last):
[2026-08-04T11:58:53.226+0000] {pod_manager.py:435} INFO - [base]   File "/usr/local/lib/python3.10/site-packages/py4j/clientserver.py", line 516, in send_command
[2026-08-04T11:58:53.227+0000] {pod_manager.py:435} INFO - [base]     raise Py4JNetworkError("Answer from Java side is empty")
[2026-08-04T11:58:53.227+0000] {pod_manager.py:435} INFO - [base] py4j.protocol.Py4JNetworkError: Answer from Java side is empty
[2026-08-04T11:58:53.227+0000] {pod_manager.py:435} INFO - [base] During handling of the above exception, another exception occurred:
[2026-08-04T11:58:53.227+0000] {pod_manager.py:435} INFO - [base] Traceback (most recent call last):
[2026-08-04T11:58:53.227+0000] {pod_manager.py:435} INFO - [base]   File "/usr/local/lib/python3.10/site-packages/py4j/java_gateway.py", line 1038, in send_command
[2026-08-04T11:58:53.228+0000] {pod_manager.py:435} INFO - [base]     response = connection.send_command(command)
[2026-08-04T11:58:53.228+0000] {pod_manager.py:435} INFO - [base]   File "/usr/local/lib/python3.10/site-packages/py4j/clientserver.py", line 539, in send_command
[2026-08-04T11:58:53.228+0000] {pod_manager.py:435} INFO - [base]     raise Py4JNetworkError(
[2026-08-04T11:58:53.228+0000] {pod_manager.py:435} INFO - [base] py4j.protocol.Py4JNetworkError: Error while sending or receiving
[2026-08-04T11:58:53.229+0000] {pod_manager.py:435} INFO - [base] ERROR:root:Exception while sending command.
[2026-08-04T11:58:53.229+0000] {pod_manager.py:435} INFO - [base] Traceback (most recent call last):
[2026-08-04T11:58:53.229+0000] {pod_manager.py:435} INFO - [base]   File "/usr/local/lib/python3.10/site-packages/py4j/clientserver.py", line 516, in send_command
[2026-08-04T11:58:53.229+0000] {pod_manager.py:435} INFO - [base]     raise Py4JNetworkError("Answer from Java side is empty")
[2026-08-04T11:58:53.230+0000] {pod_manager.py:435} INFO - [base] py4j.protocol.Py4JNetworkError: Answer from Java side is empty
[2026-08-04T11:58:53.230+0000] {pod_manager.py:435} INFO - [base] During handling of the above exception, another exception occurred:
[2026-08-04T11:58:53.230+0000] {pod_manager.py:435} INFO - [base] Traceback (most recent call last):
[2026-08-04T11:58:53.230+0000] {pod_manager.py:435} INFO - [base]   File "/usr/local/lib/python3.10/site-packages/py4j/java_gateway.py", line 1038, in send_command
[2026-08-04T11:58:53.231+0000] {pod_manager.py:435} INFO - [base]     response = connection.send_command(command)
[2026-08-04T11:58:53.231+0000] {pod_manager.py:435} INFO - [base]   File "/usr/local/lib/python3.10/site-packages/py4j/clientserver.py", line 539, in send_command
[2026-08-04T11:58:53.231+0000] {pod_manager.py:435} INFO - [base]     raise Py4JNetworkError(
[2026-08-04T11:58:53.231+0000] {pod_manager.py:435} INFO - [base] py4j.protocol.Py4JNetworkError: Error while sending or receiving
[2026-08-04T11:58:53.231+0000] {pod_manager.py:435} INFO - [base] ERROR:root:Exception while sending command.
[2026-08-04T11:58:53.232+0000] {pod_manager.py:435} INFO - [base] Traceback (most recent call last):
[2026-08-04T11:58:53.232+0000] {pod_manager.py:435} INFO - [base]   File "/usr/local/lib/python3.10/site-packages/pyspark/sql/pandas/conversion.py", line 280, in _collect_as_arrow
[2026-08-04T11:58:53.232+0000] {pod_manager.py:435} INFO - [base]     results = list(batch_stream)
[2026-08-04T11:58:53.232+0000] {pod_manager.py:435} INFO - [base]   File "/usr/local/lib/python3.10/site-packages/pyspark/sql/pandas/serializers.py", line 69, in load_stream
[2026-08-04T11:58:53.232+0000] {pod_manager.py:435} INFO - [base]     for batch in self.serializer.load_stream(stream):
[2026-08-04T11:58:53.232+0000] {pod_manager.py:435} INFO - [base]   File "/usr/local/lib/python3.10/site-packages/pyspark/sql/pandas/serializers.py", line 111, in load_stream
[2026-08-04T11:58:53.233+0000] {pod_manager.py:435} INFO - [base]     reader = pa.ipc.open_stream(stream)
[2026-08-04T11:58:53.233+0000] {pod_manager.py:435} INFO - [base]   File "/usr/local/lib/python3.10/site-packages/pyarrow/ipc.py", line 187, in open_stream
[2026-08-04T11:58:53.233+0000] {pod_manager.py:435} INFO - [base]     return RecordBatchStreamReader(source, options=options,
[2026-08-04T11:58:53.234+0000] {pod_manager.py:435} INFO - [base]   File "/usr/local/lib/python3.10/site-packages/pyarrow/ipc.py", line 52, in __init__
[2026-08-04T11:58:53.234+0000] {pod_manager.py:435} INFO - [base]     self._open(source, options=options, memory_pool=memory_pool)
[2026-08-04T11:58:53.234+0000] {pod_manager.py:435} INFO - [base]   File "pyarrow/ipc.pxi", line 1092, in pyarrow.lib._RecordBatchStreamReader._open
[2026-08-04T11:58:53.234+0000] {pod_manager.py:435} INFO - [base]   File "pyarrow/error.pxi", line 155, in pyarrow.lib.pyarrow_internal_check_status
[2026-08-04T11:58:53.235+0000] {pod_manager.py:435} INFO - [base]   File "pyarrow/error.pxi", line 92, in pyarrow.lib.check_status
[2026-08-04T11:58:53.235+0000] {pod_manager.py:435} INFO - [base] pyarrow.lib.ArrowInvalid: Tried reading schema message, was null or length 0
[2026-08-04T11:58:53.235+0000] {pod_manager.py:435} INFO - [base] During handling of the above exception, another exception occurred:
[2026-08-04T11:58:53.235+0000] {pod_manager.py:435} INFO - [base] Traceback (most recent call last):
[2026-08-04T11:58:53.235+0000] {pod_manager.py:435} INFO - [base]   File "/usr/local/lib/python3.10/site-packages/py4j/clientserver.py", line 516, in send_command
[2026-08-04T11:58:53.236+0000] {pod_manager.py:435} INFO - [base]     raise Py4JNetworkError("Answer from Java side is empty")
[2026-08-04T11:58:53.236+0000] {pod_manager.py:435} INFO - [base] py4j.protocol.Py4JNetworkError: Answer from Java side is empty
[2026-08-04T11:58:53.236+0000] {pod_manager.py:435} INFO - [base] During handling of the above exception, another exception occurred:
[2026-08-04T11:58:53.236+0000] {pod_manager.py:435} INFO - [base] Traceback (most recent call last):
[2026-08-04T11:58:53.237+0000] {pod_manager.py:435} INFO - [base]   File "/usr/local/lib/python3.10/site-packages/py4j/java_gateway.py", line 1038, in send_command
[2026-08-04T11:58:53.237+0000] {pod_manager.py:435} INFO - [base]     response = connection.send_command(command)
[2026-08-04T11:58:53.237+0000] {pod_manager.py:435} INFO - [base]   File "/usr/local/lib/python3.10/site-packages/py4j/clientserver.py", line 539, in send_command
[2026-08-04T11:58:53.237+0000] {pod_manager.py:435} INFO - [base]     raise Py4JNetworkError(
[2026-08-04T11:58:53.238+0000] {pod_manager.py:435} INFO - [base] py4j.protocol.Py4JNetworkError: Error while sending or receiving
[2026-08-04T11:58:53.238+0000] {pod_manager.py:435} INFO - [base] /usr/local/lib/python3.10/site-packages/pyspark/sql/pandas/conversion.py:198: UserWarning: toPandas attempted Arrow optimization because 'spark.sql.execution.arrow.pyspark.enabled' is set to true, but has reached the error below and can not continue. Note that 'spark.sql.execution.arrow.pyspark.fallback.enabled' does not have an effect on failures in the middle of computation.
[2026-08-04T11:58:53.238+0000] {pod_manager.py:435} INFO - [base]   An error occurred while calling o17432.getResult
[2026-08-04T11:58:53.238+0000] {pod_manager.py:435} INFO - [base]   warn(msg)
[2026-08-04T11:58:53.239+0000] {pod_manager.py:435} INFO - [base] ERROR:root:Exception while sending command.
[2026-08-04T11:58:53.239+0000] {pod_manager.py:435} INFO - [base] Traceback (most recent call last):
[2026-08-04T11:58:53.239+0000] {pod_manager.py:435} INFO - [base]   File "/usr/local/lib/python3.10/site-packages/pyspark/sql/pandas/conversion.py", line 280, in _collect_as_arrow
[2026-08-04T11:58:53.239+0000] {pod_manager.py:435} INFO - [base]     results = list(batch_stream)
[2026-08-04T11:58:53.239+0000] {pod_manager.py:435} INFO - [base]   File "/usr/local/lib/python3.10/site-packages/pyspark/sql/pandas/serializers.py", line 69, in load_stream
[2026-08-04T11:58:53.240+0000] {pod_manager.py:435} INFO - [base]     for batch in self.serializer.load_stream(stream):
[2026-08-04T11:58:53.240+0000] {pod_manager.py:435} INFO - [base]   File "/usr/local/lib/python3.10/site-packages/pyspark/sql/pandas/serializers.py", line 111, in load_stream
[2026-08-04T11:58:53.240+0000] {pod_manager.py:435} INFO - [base]     reader = pa.ipc.open_stream(stream)
[2026-08-04T11:58:53.240+0000] {pod_manager.py:435} INFO - [base]   File "/usr/local/lib/python3.10/site-packages/pyarrow/ipc.py", line 187, in open_stream
[2026-08-04T11:58:53.240+0000] {pod_manager.py:435} INFO - [base]     return RecordBatchStreamReader(source, options=options,
[2026-08-04T11:58:53.241+0000] {pod_manager.py:435} INFO - [base]   File "/usr/local/lib/python3.10/site-packages/pyarrow/ipc.py", line 52, in __init__
[2026-08-04T11:58:53.241+0000] {pod_manager.py:435} INFO - [base]     self._open(source, options=options, memory_pool=memory_pool)
[2026-08-04T11:58:53.241+0000] {pod_manager.py:435} INFO - [base]   File "pyarrow/ipc.pxi", line 1092, in pyarrow.lib._RecordBatchStreamReader._open
[2026-08-04T11:58:53.241+0000] {pod_manager.py:435} INFO - [base]   File "pyarrow/error.pxi", line 155, in pyarrow.lib.pyarrow_internal_check_status
[2026-08-04T11:58:53.241+0000] {pod_manager.py:435} INFO - [base]   File "pyarrow/error.pxi", line 92, in pyarrow.lib.check_status
[2026-08-04T11:58:53.242+0000] {pod_manager.py:435} INFO - [base] pyarrow.lib.ArrowInvalid: Tried reading schema message, was null or length 0
[2026-08-04T11:58:53.242+0000] {pod_manager.py:435} INFO - [base] During handling of the above exception, another exception occurred:
[2026-08-04T11:58:53.242+0000] {pod_manager.py:435} INFO - [base] Traceback (most recent call last):
[2026-08-04T11:58:53.243+0000] {pod_manager.py:435} INFO - [base]   File "/usr/local/lib/python3.10/site-packages/py4j/clientserver.py", line 516, in send_command
[2026-08-04T11:58:53.243+0000] {pod_manager.py:435} INFO - [base]     raise Py4JNetworkError("Answer from Java side is empty")
[2026-08-04T11:58:53.243+0000] {pod_manager.py:435} INFO - [base] py4j.protocol.Py4JNetworkError: Answer from Java side is empty
[2026-08-04T11:58:53.243+0000] {pod_manager.py:435} INFO - [base] During handling of the above exception, another exception occurred:
[2026-08-04T11:58:53.243+0000] {pod_manager.py:435} INFO - [base] Traceback (most recent call last):
[2026-08-04T11:58:53.244+0000] {pod_manager.py:435} INFO - [base]   File "/usr/local/lib/python3.10/site-packages/py4j/java_gateway.py", line 1038, in send_command
[2026-08-04T11:58:53.244+0000] {pod_manager.py:435} INFO - [base]     response = connection.send_command(command)
[2026-08-04T11:58:53.244+0000] {pod_manager.py:435} INFO - [base]   File "/usr/local/lib/python3.10/site-packages/py4j/clientserver.py", line 539, in send_command
[2026-08-04T11:58:53.245+0000] {pod_manager.py:435} INFO - [base]     raise Py4JNetworkError(
[2026-08-04T11:58:53.245+0000] {pod_manager.py:435} INFO - [base] py4j.protocol.Py4JNetworkError: Error while sending or receiving
[2026-08-04T11:58:53.245+0000] {pod_manager.py:435} INFO - [base] /usr/local/lib/python3.10/site-packages/pyspark/sql/pandas/conversion.py:198: UserWarning: toPandas attempted Arrow optimization because 'spark.sql.execution.arrow.pyspark.enabled' is set to true, but has reached the error below and can not continue. Note that 'spark.sql.execution.arrow.pyspark.fallback.enabled' does not have an effect on failures in the middle of computation.
[2026-08-04T11:58:53.245+0000] {pod_manager.py:435} INFO - [base]   An error occurred while calling o17437.getResult
[2026-08-04T11:58:53.246+0000] {pod_manager.py:435} INFO - [base]   warn(msg)
[2026-08-04T11:58:53.246+0000] {pod_manager.py:435} INFO - [base] ERROR:root:Exception while sending command.
[2026-08-04T11:58:53.246+0000] {pod_manager.py:435} INFO - [base] Traceback (most recent call last):
[2026-08-04T11:58:53.246+0000] {pod_manager.py:435} INFO - [base]   File "/usr/local/lib/python3.10/site-packages/pyspark/sql/pandas/conversion.py", line 280, in _collect_as_arrow
[2026-08-04T11:58:53.246+0000] {pod_manager.py:435} INFO - [base]     results = list(batch_stream)
[2026-08-04T11:58:53.247+0000] {pod_manager.py:435} INFO - [base]   File "/usr/local/lib/python3.10/site-packages/pyspark/sql/pandas/serializers.py", line 69, in load_stream
[2026-08-04T11:58:53.247+0000] {pod_manager.py:435} INFO - [base]     for batch in self.serializer.load_stream(stream):
[2026-08-04T11:58:53.247+0000] {pod_manager.py:435} INFO - [base]   File "/usr/local/lib/python3.10/site-packages/pyspark/sql/pandas/serializers.py", line 111, in load_stream
[2026-08-04T11:58:53.248+0000] {pod_manager.py:435} INFO - [base]     reader = pa.ipc.open_stream(stream)
[2026-08-04T11:58:53.248+0000] {pod_manager.py:435} INFO - [base]   File "/usr/local/lib/python3.10/site-packages/pyarrow/ipc.py", line 187, in open_stream
[2026-08-04T11:58:53.248+0000] {pod_manager.py:435} INFO - [base]     return RecordBatchStreamReader(source, options=options,
[2026-08-04T11:58:53.248+0000] {pod_manager.py:435} INFO - [base]   File "/usr/local/lib/python3.10/site-packages/pyarrow/ipc.py", line 52, in __init__
[2026-08-04T11:58:53.248+0000] {pod_manager.py:435} INFO - [base]     self._open(source, options=options, memory_pool=memory_pool)
[2026-08-04T11:58:53.249+0000] {pod_manager.py:435} INFO - [base]   File "pyarrow/ipc.pxi", line 1092, in pyarrow.lib._RecordBatchStreamReader._open
[2026-08-04T11:58:53.249+0000] {pod_manager.py:435} INFO - [base]   File "pyarrow/error.pxi", line 155, in pyarrow.lib.pyarrow_internal_check_status
[2026-08-04T11:58:53.249+0000] {pod_manager.py:435} INFO - [base]   File "pyarrow/error.pxi", line 92, in pyarrow.lib.check_status
[2026-08-04T11:58:53.249+0000] {pod_manager.py:435} INFO - [base] pyarrow.lib.ArrowInvalid: Tried reading schema message, was null or length 0
[2026-08-04T11:58:53.250+0000] {pod_manager.py:435} INFO - [base] During handling of the above exception, another exception occurred:
[2026-08-04T11:58:53.250+0000] {pod_manager.py:435} INFO - [base] Traceback (most recent call last):
[2026-08-04T11:58:53.250+0000] {pod_manager.py:435} INFO - [base]   File "/usr/local/lib/python3.10/site-packages/py4j/clientserver.py", line 516, in send_command
[2026-08-04T11:58:53.250+0000] {pod_manager.py:435} INFO - [base]     raise Py4JNetworkError("Answer from Java side is empty")
[2026-08-04T11:58:53.250+0000] {pod_manager.py:435} INFO - [base] py4j.protocol.Py4JNetworkError: Answer from Java side is empty
[2026-08-04T11:58:53.251+0000] {pod_manager.py:435} INFO - [base] During handling of the above exception, another exception occurred:
[2026-08-04T11:58:53.251+0000] {pod_manager.py:435} INFO - [base] Traceback (most recent call last):
[2026-08-04T11:58:53.251+0000] {pod_manager.py:435} INFO - [base]   File "/usr/local/lib/python3.10/site-packages/py4j/java_gateway.py", line 1038, in send_command
[2026-08-04T11:58:53.251+0000] {pod_manager.py:435} INFO - [base]     response = connection.send_command(command)
[2026-08-04T11:58:53.252+0000] {pod_manager.py:435} INFO - [base]   File "/usr/local/lib/python3.10/site-packages/py4j/clientserver.py", line 539, in send_command
[2026-08-04T11:58:53.252+0000] {pod_manager.py:435} INFO - [base]     raise Py4JNetworkError(
[2026-08-04T11:58:53.252+0000] {pod_manager.py:435} INFO - [base] py4j.protocol.Py4JNetworkError: Error while sending or receiving
[2026-08-04T11:58:53.252+0000] {pod_manager.py:435} INFO - [base] /usr/local/lib/python3.10/site-packages/pyspark/sql/pandas/conversion.py:198: UserWarning: toPandas attempted Arrow optimization because 'spark.sql.execution.arrow.pyspark.enabled' is set to true, but has reached the error below and can not continue. Note that 'spark.sql.execution.arrow.pyspark.fallback.enabled' does not have an effect on failures in the middle of computation.
[2026-08-04T11:58:53.253+0000] {pod_manager.py:435} INFO - [base]   An error occurred while calling o17412.getResult
[2026-08-04T11:58:53.253+0000] {pod_manager.py:435} INFO - [base]   warn(msg)
[2026-08-04T11:58:53.253+0000] {pod_manager.py:435} INFO - [base]   ✅ wishlist_time_to_purchase_distribution:  1 rows (2.2 KB)
[2026-08-04T11:58:53.264+0000] {pod_manager.py:435} INFO - [base]   ✅ wishlist_adds_by_month:  25 rows (2.0 KB)
[2026-08-04T11:58:53.265+0000] {pod_manager.py:435} INFO - [base]   ✅ cart_abandon_summary:  1 rows (3.7 KB)
[2026-08-04T11:58:53.265+0000] {pod_manager.py:435} INFO - [base]   ✅ high_value_abandoned_carts:  3,024 rows (104.1 KB)
[2026-08-04T11:58:53.266+0000] {pod_manager.py:435} INFO - [base]   ✅ cart_status_distribution:  4 rows (2.4 KB)
[2026-08-04T11:58:53.267+0000] {pod_manager.py:435} INFO - [base]   ✅ cart_value_stats:  4 rows (4.5 KB)
[2026-08-04T11:58:53.267+0000] {pod_manager.py:435} INFO - [base]   ✅ time_to_purchase_overall:  1 rows (3.4 KB)
[2026-08-04T11:58:53.267+0000] {pod_manager.py:435} INFO - [base]   ✅ campaign_performance:  999 rows (97.8 KB)
[2026-08-04T11:58:53.270+0000] {pod_manager.py:435} INFO - [base]   ✅ time_to_purchase_by_tier:  12 rows (4.8 KB)
[2026-08-04T11:58:53.271+0000] {pod_manager.py:435} INFO - [base]   ✅ time_to_purchase_buckets:  2 rows (2.6 KB)
[2026-08-04T11:58:53.272+0000] {pod_manager.py:435} INFO - [base]   ✅ device_conversion_rates:  5 rows (4.3 KB)
[2026-08-04T11:58:53.273+0000] {pod_manager.py:435} INFO - [base]   ✅ payment_method_success_rates:  5 rows (3.8 KB)
[2026-08-04T11:58:53.274+0000] {pod_manager.py:435} INFO - [base]   ✅ payment_counts_by_country_method:  20 rows (3.2 KB)
[2026-08-04T11:58:53.275+0000] {pod_manager.py:435} INFO - [base]   ✅ payment_counts_by_state_method:  325 rows (5.5 KB)
[2026-08-04T11:58:53.276+0000] {pod_manager.py:435} INFO - [base]   ✅ payment_method_success_rates_by_country:  20 rows (4.7 KB)
[2026-08-04T11:58:53.278+0000] {pod_manager.py:435} INFO - [base]   ✅ refund_rate_by_payment_method:  5 rows (4.6 KB)
[2026-08-04T11:58:53.286+0000] {pod_manager.py:435} INFO - [base]   ✅ payment_method_aov:  5 rows (3.8 KB)
[2026-08-04T11:58:53.286+0000] {pod_manager.py:435} INFO - [base]   ✅ refund_rate_by_month:  130 rows (10.6 KB)
[2026-08-04T11:58:53.286+0000] {pod_manager.py:435} INFO - [base]   ✅ time_to_refund_by_payment_method:  5 rows (5.3 KB)
[2026-08-04T11:58:53.286+0000] {pod_manager.py:435} INFO - [base]   ✅ refund_rate_by_product:  4,327 rows (118.5 KB)
[2026-08-04T11:58:53.290+0000] {pod_manager.py:435} INFO - [base]   ✅ review_velocity_daily:  24,817 rows (191.9 KB)
[2026-08-04T11:58:53.294+0000] {pod_manager.py:435} INFO - [base]   ✅ review_velocity_weekly:  24,817 rows (141.9 KB)
[2026-08-04T11:58:53.295+0000] {pod_manager.py:435} INFO - [base]   ✅ product_monthly_rating_trends:  22,595 rows (276.7 KB)
[2026-08-04T11:58:53.295+0000] {pod_manager.py:435} INFO - [base]   ✅ sentiment_by_category:  64 rows (9.8 KB)
[2026-08-04T11:58:53.295+0000] {pod_manager.py:435} INFO - [base]   ✅ rating_tier_per_product:  2,621 rows (86.2 KB)
[2026-08-04T11:58:53.295+0000] {pod_manager.py:435} INFO - [base]   ✅ low_rated_product_monthly_trends_rating_only:  6,425 rows (137.2 KB)
[2026-08-04T11:58:53.297+0000] {pod_manager.py:435} INFO - [base]   ✅ review_velocity_monthly:  22,595 rows (113.0 KB)
[2026-08-04T11:58:53.298+0000] {pod_manager.py:435} INFO - [base]   ✅ rating_tier_sales_velocity:  5 rows (6.0 KB)
[2026-08-04T11:58:53.299+0000] {pod_manager.py:435} INFO - [base]   ✅ processing_by_hour:  24 rows (4.4 KB)
[2026-08-04T11:58:53.300+0000] {pod_manager.py:435} INFO - [base]   ✅ processing_by_day_of_week:  7 rows (4.3 KB)
[2026-08-04T11:58:53.300+0000] {pod_manager.py:435} INFO - [base]   ✅ weekend_vs_weekday:  2 rows (3.6 KB)
[2026-08-04T11:58:53.300+0000] {pod_manager.py:435} INFO - [base]   ✅ processing_by_subcategory:  64 rows (6.5 KB)
[2026-08-04T11:58:53.302+0000] {pod_manager.py:435} INFO - [base]   ✅ delivery_days_by_country:  3 rows (3.6 KB)
[2026-08-04T11:58:53.302+0000] {pod_manager.py:435} INFO - [base]   ✅ delivery_days_by_state:  64 rows (5.2 KB)
[2026-08-04T11:58:53.302+0000] {pod_manager.py:435} INFO - [base]   ✅ delivery_days_by_city:  535 rows (9.5 KB)
[2026-08-04T11:58:53.303+0000] {pod_manager.py:435} INFO - [base]   ✅ ontime_delivery_by_country:  3 rows (3.6 KB)
[2026-08-04T11:58:53.306+0000] {pod_manager.py:435} INFO - [base]   ✅ ontime_delivery_by_state:  64 rows (5.3 KB)
[2026-08-04T11:58:53.306+0000] {pod_manager.py:435} INFO - [base]   ✅ ontime_delivery_by_city:  535 rows (8.6 KB)
[2026-08-04T11:58:53.306+0000] {pod_manager.py:435} INFO - [base]   ✅ shipping_efficiency_by_country:  3 rows (5.2 KB)
[2026-08-04T11:58:53.307+0000] {pod_manager.py:435} INFO - [base]   ✅ shipping_efficiency_by_state:  64 rows (8.9 KB)
[2026-08-04T11:58:53.307+0000] {pod_manager.py:435} INFO - [base]   ✅ shipping_efficiency_by_city:  536 rows (32.2 KB)
[2026-08-04T11:58:53.308+0000] {pod_manager.py:435} INFO - [base]   ✅ best_selling_products:  4,979 rows (148.6 KB)
[2026-08-04T11:58:53.308+0000] {pod_manager.py:435} INFO - [base]   ✅ processing_by_season:  4 rows (3.6 KB)
[2026-08-04T11:58:53.308+0000] {pod_manager.py:435} INFO - [base]   ✅ processing_by_season_and_status:  24 rows (3.8 KB)
[2026-08-04T11:58:53.309+0000] {pod_manager.py:435} INFO - [base]   ✅ highest_margin_products:  4,979 rows (185.9 KB)
[2026-08-04T11:58:53.309+0000] {pod_manager.py:435} INFO - [base]   ✅ category_monthly_trends:  7,290 rows (19.5 KB)
[2026-08-04T11:58:53.309+0000] {pod_manager.py:435} INFO - [base]   ✅ product_monthly_trends:  50,718 rows (222.7 KB)
[2026-08-04T11:58:53.309+0000] {pod_manager.py:435} INFO - [base]   ✅ low_margin_high_traffic_products:  4,979 rows (246.7 KB)
[2026-08-04T11:58:53.309+0000] {pod_manager.py:435} INFO - [base]   ✅ out_of_stock_products:  1,102 rows (40.9 KB)
[2026-08-04T11:58:53.310+0000] {pod_manager.py:435} INFO - [base]   ✅ product_calendar_month_seasonality:  33,835 rows (214.5 KB)
[2026-08-04T11:58:53.310+0000] {pod_manager.py:435} INFO - [base]   ✅ category_calendar_month_seasonality:  780 rows (6.5 KB)
[2026-08-04T11:58:53.310+0000] {pod_manager.py:435} INFO - [base]   ✅ low_conversion_products:  4,979 rows (165.2 KB)
[2026-08-04T11:58:53.310+0000] {pod_manager.py:435} INFO - [base]   ✅ top_view_to_purchase_products:  4,979 rows (148.4 KB)
[2026-08-04T11:58:53.311+0000] {pod_manager.py:435} INFO - [base]   ✅ product_rating_summary:  4,854 rows (34.6 KB)
[2026-08-04T11:58:53.311+0000] {pod_manager.py:435} INFO - [base]   ✅ category_view_patterns:  64 rows (8.1 KB)
[2026-08-04T11:58:53.311+0000] {pod_manager.py:435} INFO - [base]   ✅ product_performance_score:  4,979 rows (259.6 KB)
[2026-08-04T11:58:53.311+0000] {pod_manager.py:435} INFO - [base]   ✅ category_revenue_share:  64 rows (7.2 KB)
[2026-08-04T11:58:53.311+0000] {pod_manager.py:435} INFO - [base]   ✅ low_performing_categories:  64 rows (10.5 KB)
[2026-08-04T11:58:53.312+0000] {pod_manager.py:435} INFO - [base]   ✅ category_popularity_score:  64 rows (14.2 KB)
[2026-08-04T11:58:53.312+0000] {pod_manager.py:435} INFO - [base]   ✅ product_lifecycle_segments:  4,979 rows (267.6 KB)
[2026-08-04T11:58:53.312+0000] {pod_manager.py:435} INFO - [base]   ✅ category_profitability:  64 rows (11.6 KB)
[2026-08-04T11:58:53.312+0000] {pod_manager.py:435} INFO - [base]   ✅ product_stockout_risk:  4,979 rows (177.0 KB)
[2026-08-04T11:58:53.312+0000] {pod_manager.py:435} INFO - [base]   ✅ product_dead_stock:  4,979 rows (233.4 KB)
[2026-08-04T11:58:53.313+0000] {pod_manager.py:435} INFO - [base]   ✅ product_stockout_replenishment:  4,979 rows (188.8 KB)
[2026-08-04T11:58:53.313+0000] {pod_manager.py:435} INFO - [base]   ✅ category_monthly_seasonality:  780 rows (13.5 KB)
[2026-08-04T11:58:53.313+0000] {pod_manager.py:435} INFO - [base]   ❌ supplier_ranking_core:An error occurred while calling o8771.count
[2026-08-04T11:58:53.313+0000] {pod_manager.py:435} INFO - [base]   ❌ category_affinity_top_per_category:[Errno 111] Connection refused
[2026-08-04T11:58:53.313+0000] {pod_manager.py:435} INFO - [base]   ❌ product_affinity_pairs:[Errno 111] Connection refused
[2026-08-04T11:58:53.314+0000] {pod_manager.py:435} INFO - [base]   ❌ product_inventory_critical:An error occurred while calling o8325.count
[2026-08-04T11:58:53.314+0000] {pod_manager.py:435} INFO - [base]   ❌ stockout_rate_by_product:An error occurred while calling o8529.count
[2026-08-04T11:58:53.314+0000] {pod_manager.py:435} INFO - [base]   ❌ precomputed_reco_coverage:[Errno 111] Connection refused
[2026-08-04T11:58:53.314+0000] {pod_manager.py:435} INFO - [base]   ❌ inventory_stock_status:[Errno 111] Connection refused
[2026-08-04T11:58:53.315+0000] {pod_manager.py:435} INFO - [base]   ❌ days_of_supply:[Errno 111] Connection refused
[2026-08-04T11:58:53.315+0000] {pod_manager.py:435} INFO - [base]   ❌ sku_reorder_urgency:[Errno 111] Connection refused
[2026-08-04T11:58:53.315+0000] {pod_manager.py:435} INFO - [base]   ❌ reorder_point_breach_frequency:[Errno 111] Connection refused
[2026-08-04T11:58:53.315+0000] {pod_manager.py:435} INFO - [base]   ❌ overstock_analysis:[Errno 111] Connection refused
[2026-08-04T11:58:53.315+0000] {pod_manager.py:435} INFO - [base]   ❌ inventory_carrying_cost_by_product:[Errno 111] Connection refused
[2026-08-04T11:58:53.316+0000] {pod_manager.py:435} INFO - [base]   ❌ product_affinity_top_per_product:[Errno 111] Connection refused
[2026-08-04T11:58:53.316+0000] {pod_manager.py:435} INFO - [base]   ❌ reserved_vs_available:[Errno 111] Connection refused
[2026-08-04T11:58:53.316+0000] {pod_manager.py:435} INFO - [base]   ❌ checkout_dropoff_reasons:[Errno 111] Connection refused
[2026-08-04T11:58:53.317+0000] {pod_manager.py:435} INFO - [base]   ❌ checkout_dropoff_buckets:[Errno 111] Connection refused
[2026-08-04T11:58:53.317+0000] {pod_manager.py:435} INFO - [base]   ❌ checkout_dropoff_by_device_and_reason:[Errno 111] Connection refused
[2026-08-04T11:58:53.317+0000] {pod_manager.py:435} INFO - [base]   ❌ category_affinity_pairs:An error occurred while calling o8921.count
[2026-08-04T11:58:53.317+0000] {pod_manager.py:435} INFO - [base]   ❌ storage_cost_efficiency_by_supplier:[Errno 111] Connection refused
[2026-08-04T11:58:53.318+0000] {pod_manager.py:435} INFO - [base]   ❌ precomputed_product_recommendations:[Errno 111] Connection refused
[2026-08-04T11:58:53.318+0000] {pod_manager.py:435} INFO - [base]   ❌ supplier_reliability:[Errno 111] Connection refused
[2026-08-04T11:58:53.318+0000] {pod_manager.py:435} INFO - [base]   ❌ supplier_stockouts:[Errno 111] Connection refused
[2026-08-04T11:58:53.318+0000] {pod_manager.py:435} INFO - [base]   ❌ processing_by_category:An error occurred while calling o15398.count
[2026-08-04T11:58:53.319+0000] {pod_manager.py:435} INFO - [base]   ❌ stockout_rate_by_supplier:[Errno 111] Connection refused
[2026-08-04T11:58:53.319+0000] {pod_manager.py:435} INFO - [base]   ❌ supplier_profit_margin:[Errno 111] Connection refused
[2026-08-04T11:58:53.319+0000] {pod_manager.py:435} INFO - [base]   ❌ supplier_days_since_last_restock:[Errno 111] Connection refused
[2026-08-04T11:58:53.319+0000] {pod_manager.py:435} INFO - [base]   ❌ inventory_carrying_cost_by_supplier:[Errno 111] Connection refused
[2026-08-04T11:58:53.319+0000] {pod_manager.py:435} INFO - [base]   ❌ supplier_fulfillment_performance:[Errno 111] Connection refused
[2026-08-04T11:58:53.320+0000] {pod_manager.py:435} INFO - [base]   ❌ margin_erosion_risk:[Errno 111] Connection refused
[2026-08-04T11:58:53.320+0000] {pod_manager.py:435} INFO - [base]   ❌ supplier_contract_expiry:[Errno 111] Connection refused
[2026-08-04T11:58:53.321+0000] {pod_manager.py:435} INFO - [base]   ❌ supplier_revenue_contribution:[Errno 111] Connection refused
[2026-08-04T11:58:53.321+0000] {pod_manager.py:435} INFO - [base]   ❌ product_lifecycle_summary:An error occurred while calling o17432.getResult
[2026-08-04T11:58:53.321+0000] {pod_manager.py:435} INFO - [base]   ❌ product_inventory_health:An error occurred while calling o17437.getResult
[2026-08-04T11:58:53.321+0000] {pod_manager.py:435} INFO - [base]   ❌ category_peak_season:An error occurred while calling o17412.getResult
[2026-08-04T11:58:53.321+0000] {pod_manager.py:435} INFO - [base] 📋 Metadata exported to:analytics/metadata/export_metadata.json
[2026-08-04T11:58:53.322+0000] {pod_manager.py:435} INFO - [base] ============================================================
[2026-08-04T11:58:53.322+0000] {pod_manager.py:435} INFO - [base] 📊 EXPORT SUMMARY
[2026-08-04T11:58:53.322+0000] {pod_manager.py:435} INFO - [base] ============================================================
[2026-08-04T11:58:53.322+0000] {pod_manager.py:435} INFO - [base] Total Analytics Found: 182
[2026-08-04T11:58:53.322+0000] {pod_manager.py:435} INFO - [base] Exported:148
[2026-08-04T11:58:53.323+0000] {pod_manager.py:435} INFO - [base] Skipped (not generated): 0
[2026-08-04T11:58:53.324+0000] {pod_manager.py:435} INFO - [base] Failed: 34
[2026-08-04T11:58:53.326+0000] {pod_manager.py:435} INFO - [base] Errors:
[2026-08-04T11:58:53.326+0000] {pod_manager.py:435} INFO - [base]   - supplier_ranking_core: An error occurred while calling o8771.count
[2026-08-04T11:58:53.326+0000] {pod_manager.py:435} INFO - [base]   - category_affinity_top_per_category: [Errno 111] Connection refused
[2026-08-04T11:58:53.326+0000] {pod_manager.py:435} INFO - [base]   - product_affinity_pairs: [Errno 111] Connection refused
[2026-08-04T11:58:53.327+0000] {pod_manager.py:435} INFO - [base]   - product_inventory_critical: An error occurred while calling o8325.count
[2026-08-04T11:58:53.327+0000] {pod_manager.py:435} INFO - [base]   - stockout_rate_by_product: An error occurred while calling o8529.count
[2026-08-04T11:58:53.327+0000] {pod_manager.py:435} INFO - [base]   ... and 29 more
[2026-08-04T11:58:53.327+0000] {pod_manager.py:435} INFO - [base] ============================================================
[2026-08-04T11:58:53.328+0000] {pod_manager.py:435} INFO - [base] ✅ Export completed: 148 analytics exported successfully
[2026-08-04T11:58:53.328+0000] {pod_manager.py:435} INFO - [base]    Bucket: 2daa9d11-5034-44b8-9bdc-71241a6be85e
[2026-08-04T11:58:53.328+0000] {pod_manager.py:435} INFO - [base]    Format: parquet
[2026-08-04T11:58:53.329+0000] {pod_manager.py:435} INFO - [base] ============================================================
[2026-08-04T11:58:53.329+0000] {pod_manager.py:435} INFO - [base] 📋 ANALYTICS DATAFRAME SCHEMAS
[2026-08-04T11:58:53.329+0000] {pod_manager.py:435} INFO - [base] ============================================================
[2026-08-04T11:58:53.329+0000] {pod_manager.py:435} INFO - [base] 📋 ANALYTICS SCHEMA BY CATEGORY
[2026-08-04T11:58:53.330+0000] {pod_manager.py:435} INFO - [base] ============================================================
[2026-08-04T11:58:53.330+0000] {pod_manager.py:435} INFO - [base] {
[2026-08-04T11:58:53.330+0000] {pod_manager.py:435} INFO - [base]     "kpis": {
[2026-08-04T11:58:53.331+0000] {pod_manager.py:435} INFO - [base]         "business_health_daily": [
[2026-08-04T11:58:53.331+0000] {pod_manager.py:435} INFO - [base]             "grain_date",
[2026-08-04T11:58:53.331+0000] {pod_manager.py:435} INFO - [base]             "total_orders",
[2026-08-04T11:58:53.331+0000] {pod_manager.py:435} INFO - [base]             "total_units_sold",
[2026-08-04T11:58:53.332+0000] {pod_manager.py:435} INFO - [base]             "total_revenue",
[2026-08-04T11:58:53.332+0000] {pod_manager.py:435} INFO - [base]             "gross_profit",
[2026-08-04T11:58:53.332+0000] {pod_manager.py:435} INFO - [base]             "net_profit",
[2026-08-04T11:58:53.332+0000] {pod_manager.py:435} INFO - [base]             "aov",
[2026-08-04T11:58:53.332+0000] {pod_manager.py:435} INFO - [base]             "margin_pct"
[2026-08-04T11:58:53.333+0000] {pod_manager.py:435} INFO - [base]         ],
[2026-08-04T11:58:53.333+0000] {pod_manager.py:435} INFO - [base]         "business_health_weekly": [
[2026-08-04T11:58:53.333+0000] {pod_manager.py:435} INFO - [base]             "grain_year",
[2026-08-04T11:58:53.333+0000] {pod_manager.py:435} INFO - [base]             "grain_week",
[2026-08-04T11:58:53.333+0000] {pod_manager.py:435} INFO - [base]             "total_orders",
[2026-08-04T11:58:53.334+0000] {pod_manager.py:435} INFO - [base]             "total_units_sold",
[2026-08-04T11:58:53.334+0000] {pod_manager.py:435} INFO - [base]             "total_revenue",
[2026-08-04T11:58:53.334+0000] {pod_manager.py:435} INFO - [base]             "gross_profit",
[2026-08-04T11:58:53.334+0000] {pod_manager.py:435} INFO - [base]             "net_profit",
[2026-08-04T11:58:53.335+0000] {pod_manager.py:435} INFO - [base]             "aov",
[2026-08-04T11:58:53.335+0000] {pod_manager.py:435} INFO - [base]             "margin_pct"
[2026-08-04T11:58:53.335+0000] {pod_manager.py:435} INFO - [base]         ],
[2026-08-04T11:58:53.335+0000] {pod_manager.py:435} INFO - [base]         "business_health_monthly": [
[2026-08-04T11:58:53.336+0000] {pod_manager.py:435} INFO - [base]             "grain_year",
[2026-08-04T11:58:53.336+0000] {pod_manager.py:435} INFO - [base]             "grain_month",
[2026-08-04T11:58:53.336+0000] {pod_manager.py:435} INFO - [base]             "total_orders",
[2026-08-04T11:58:53.336+0000] {pod_manager.py:435} INFO - [base]             "total_units_sold",
[2026-08-04T11:58:53.337+0000] {pod_manager.py:435} INFO - [base]             "total_revenue",
[2026-08-04T11:58:53.337+0000] {pod_manager.py:435} INFO - [base]             "gross_profit",
[2026-08-04T11:58:53.337+0000] {pod_manager.py:435} INFO - [base]             "net_profit",
[2026-08-04T11:58:53.337+0000] {pod_manager.py:435} INFO - [base]             "aov",
[2026-08-04T11:58:53.338+0000] {pod_manager.py:435} INFO - [base]             "margin_pct"
[2026-08-04T11:58:53.338+0000] {pod_manager.py:435} INFO - [base]         ],
[2026-08-04T11:58:53.338+0000] {pod_manager.py:435} INFO - [base]         "clv_summary": [
[2026-08-04T11:58:53.338+0000] {pod_manager.py:435} INFO - [base]             "customers",
[2026-08-04T11:58:53.339+0000] {pod_manager.py:435} INFO - [base]             "avg_clv",
[2026-08-04T11:58:53.339+0000] {pod_manager.py:435} INFO - [base]             "clv_percentiles",
[2026-08-04T11:58:53.339+0000] {pod_manager.py:435} INFO - [base]             "avg_total_revenue",
[2026-08-04T11:58:53.340+0000] {pod_manager.py:435} INFO - [base]             "avg_order_value_overall",
[2026-08-04T11:58:53.340+0000] {pod_manager.py:435} INFO - [base]             "total_revenue_all_customers"
[2026-08-04T11:58:53.340+0000] {pod_manager.py:435} INFO - [base]         ],
[2026-08-04T11:58:53.340+0000] {pod_manager.py:435} INFO - [base]         "funnel_summary": [
[2026-08-04T11:58:53.341+0000] {pod_manager.py:435} INFO - [base]             "total_sessions",
[2026-08-04T11:58:53.341+0000] {pod_manager.py:435} INFO - [base]             "sessions_with_views",
[2026-08-04T11:58:53.341+0000] {pod_manager.py:435} INFO - [base]             "sessions_with_cart",
[2026-08-04T11:58:53.341+0000] {pod_manager.py:435} INFO - [base]             "sessions_with_orders",
[2026-08-04T11:58:53.342+0000] {pod_manager.py:435} INFO - [base]             "high_value_sessions",
[2026-08-04T11:58:53.342+0000] {pod_manager.py:435} INFO - [base]             "avg_products_viewed",
[2026-08-04T11:58:53.342+0000] {pod_manager.py:435} INFO - [base]             "avg_items_added_to_cart",
[2026-08-04T11:58:53.343+0000] {pod_manager.py:435} INFO - [base]             "avg_orders_per_session",
[2026-08-04T11:58:53.343+0000] {pod_manager.py:435} INFO - [base]             "avg_session_value",
[2026-08-04T11:58:53.343+0000] {pod_manager.py:435} INFO - [base]             "total_session_value",
[2026-08-04T11:58:53.343+0000] {pod_manager.py:435} INFO - [base]             "view_to_cart_conversion",
[2026-08-04T11:58:53.344+0000] {pod_manager.py:435} INFO - [base]             "cart_to_order_conversion",
[2026-08-04T11:58:53.344+0000] {pod_manager.py:435} INFO - [base]             "overall_conversion_rate"
[2026-08-04T11:58:53.344+0000] {pod_manager.py:435} INFO - [base]         ],
[2026-08-04T11:58:53.344+0000] {pod_manager.py:435} INFO - [base]         "cart_abandon_summary": [
[2026-08-04T11:58:53.344+0000] {pod_manager.py:435} INFO - [base]             "total_carts_tracked",
[2026-08-04T11:58:53.345+0000] {pod_manager.py:435} INFO - [base]             "abandoned_carts",
[2026-08-04T11:58:53.345+0000] {pod_manager.py:435} INFO - [base]             "converted_carts",
[2026-08-04T11:58:53.345+0000] {pod_manager.py:435} INFO - [base]             "abandonment_rate",
[2026-08-04T11:58:53.345+0000] {pod_manager.py:435} INFO - [base]             "purchase_rate"
[2026-08-04T11:58:53.346+0000] {pod_manager.py:435} INFO - [base]         ],
[2026-08-04T11:58:53.346+0000] {pod_manager.py:435} INFO - [base]         "session_to_order_analysis": [
[2026-08-04T11:58:53.363+0000] {pod_manager.py:435} INFO - [base]             "avg_session_conversion_rate",
[2026-08-04T11:58:53.366+0000] {pod_manager.py:435} INFO - [base]             "avg_cart_abandonment_rate"
[2026-08-04T11:58:53.367+0000] {pod_manager.py:435} INFO - [base]         ],
[2026-08-04T11:58:53.367+0000] {pod_manager.py:435} INFO - [base]         "customer_engagement_summary": [
[2026-08-04T11:58:53.371+0000] {pod_manager.py:435} INFO - [base]             "total_sessions_all_customers",
[2026-08-04T11:58:53.371+0000] {pod_manager.py:435} INFO - [base]             "avg_sessions_per_customer",
[2026-08-04T11:58:53.371+0000] {pod_manager.py:435} INFO - [base]             "total_pages_viewed_all_customers",
[2026-08-04T11:58:53.372+0000] {pod_manager.py:435} INFO - [base]             "avg_pages_viewed_per_customer",
[2026-08-04T11:58:53.372+0000] {pod_manager.py:435} INFO - [base]             "total_products_viewed_all_customers",
[2026-08-04T11:58:53.372+0000] {pod_manager.py:435} INFO - [base]             "avg_products_viewed_per_customer"
[2026-08-04T11:58:53.372+0000] {pod_manager.py:435} INFO - [base]         ]
[2026-08-04T11:58:53.373+0000] {pod_manager.py:435} INFO - [base]     },
[2026-08-04T11:58:53.373+0000] {pod_manager.py:435} INFO - [base]     "customer_analytics": {
[2026-08-04T11:58:53.374+0000] {pod_manager.py:435} INFO - [base]         "customer_account_status_distribution_daily": [
[2026-08-04T11:58:53.374+0000] {pod_manager.py:435} INFO - [base]             "grain_date",
[2026-08-04T11:58:53.374+0000] {pod_manager.py:435} INFO - [base]             "account_status",
[2026-08-04T11:58:53.375+0000] {pod_manager.py:435} INFO - [base]             "customer_count"
[2026-08-04T11:58:53.375+0000] {pod_manager.py:435} INFO - [base]         ],
[2026-08-04T11:58:53.375+0000] {pod_manager.py:435} INFO - [base]         "customer_account_status_distribution_weekly": [
[2026-08-04T11:58:53.375+0000] {pod_manager.py:435} INFO - [base]             "grain_year",
[2026-08-04T11:58:53.375+0000] {pod_manager.py:435} INFO - [base]             "grain_week",
[2026-08-04T11:58:53.376+0000] {pod_manager.py:435} INFO - [base]             "account_status",
[2026-08-04T11:58:53.376+0000] {pod_manager.py:435} INFO - [base]             "customer_count"
[2026-08-04T11:58:53.376+0000] {pod_manager.py:435} INFO - [base]         ],
[2026-08-04T11:58:53.376+0000] {pod_manager.py:435} INFO - [base]         "customer_account_status_distribution_monthly": [
[2026-08-04T11:58:53.377+0000] {pod_manager.py:435} INFO - [base]             "grain_year",
[2026-08-04T11:58:53.377+0000] {pod_manager.py:435} INFO - [base]             "grain_month",
[2026-08-04T11:58:53.377+0000] {pod_manager.py:435} INFO - [base]             "account_status",
[2026-08-04T11:58:53.377+0000] {pod_manager.py:435} INFO - [base]             "customer_count"
[2026-08-04T11:58:53.378+0000] {pod_manager.py:435} INFO - [base]         ],
[2026-08-04T11:58:53.378+0000] {pod_manager.py:435} INFO - [base]         "new_customers_daily": [
[2026-08-04T11:58:53.378+0000] {pod_manager.py:435} INFO - [base]             "grain_date",
[2026-08-04T11:58:53.378+0000] {pod_manager.py:435} INFO - [base]             "new_customers"
[2026-08-04T11:58:53.378+0000] {pod_manager.py:435} INFO - [base]         ],
[2026-08-04T11:58:53.379+0000] {pod_manager.py:435} INFO - [base]         "new_customers_weekly": [
[2026-08-04T11:58:53.379+0000] {pod_manager.py:435} INFO - [base]             "grain_year",
[2026-08-04T11:58:53.379+0000] {pod_manager.py:435} INFO - [base]             "grain_week",
[2026-08-04T11:58:53.379+0000] {pod_manager.py:435} INFO - [base]             "new_customers"
[2026-08-04T11:58:53.380+0000] {pod_manager.py:435} INFO - [base]         ],
[2026-08-04T11:58:53.380+0000] {pod_manager.py:435} INFO - [base]         "new_customers_monthly": [
[2026-08-04T11:58:53.380+0000] {pod_manager.py:435} INFO - [base]             "grain_year",
[2026-08-04T11:58:53.380+0000] {pod_manager.py:435} INFO - [base]             "grain_month",
[2026-08-04T11:58:53.380+0000] {pod_manager.py:435} INFO - [base]             "new_customers"
[2026-08-04T11:58:53.381+0000] {pod_manager.py:435} INFO - [base]         ],
[2026-08-04T11:58:53.381+0000] {pod_manager.py:435} INFO - [base]         "cumulative_customers_daily": [
[2026-08-04T11:58:53.381+0000] {pod_manager.py:435} INFO - [base]             "grain_date",
[2026-08-04T11:58:53.381+0000] {pod_manager.py:435} INFO - [base]             "new_customers",
[2026-08-04T11:58:53.382+0000] {pod_manager.py:435} INFO - [base]             "cumulative_customers"
[2026-08-04T11:58:53.382+0000] {pod_manager.py:435} INFO - [base]         ],
[2026-08-04T11:58:53.382+0000] {pod_manager.py:435} INFO - [base]         "cumulative_customers_weekly": [
[2026-08-04T11:58:53.382+0000] {pod_manager.py:435} INFO - [base]             "grain_year",
[2026-08-04T11:58:53.383+0000] {pod_manager.py:435} INFO - [base]             "grain_week",
[2026-08-04T11:58:53.383+0000] {pod_manager.py:435} INFO - [base]             "new_customers",
[2026-08-04T11:58:53.383+0000] {pod_manager.py:435} INFO - [base]             "cumulative_customers"
[2026-08-04T11:58:53.383+0000] {pod_manager.py:435} INFO - [base]         ],
[2026-08-04T11:58:53.384+0000] {pod_manager.py:435} INFO - [base]         "cumulative_customers_monthly": [
[2026-08-04T11:58:53.384+0000] {pod_manager.py:435} INFO - [base]             "grain_year",
[2026-08-04T11:58:53.392+0000] {pod_manager.py:435} INFO - [base]             "grain_month",
[2026-08-04T11:58:53.393+0000] {pod_manager.py:435} INFO - [base]             "new_customers",
[2026-08-04T11:58:53.393+0000] {pod_manager.py:435} INFO - [base]             "cumulative_customers"
[2026-08-04T11:58:53.394+0000] {pod_manager.py:435} INFO - [base]         ],
[2026-08-04T11:58:53.395+0000] {pod_manager.py:435} INFO - [base]         "new_customers_geo_acquisition_daily": [
[2026-08-04T11:58:53.395+0000] {pod_manager.py:435} INFO - [base]             "grain_date",
[2026-08-04T11:58:53.396+0000] {pod_manager.py:435} INFO - [base]             "country",
[2026-08-04T11:58:53.397+0000] {pod_manager.py:435} INFO - [base]             "state_province",
[2026-08-04T11:58:53.397+0000] {pod_manager.py:435} INFO - [base]             "city",
[2026-08-04T11:58:53.397+0000] {pod_manager.py:435} INFO - [base]             "new_customers"
[2026-08-04T11:58:53.401+0000] {pod_manager.py:435} INFO - [base]         ],
[2026-08-04T11:58:53.402+0000] {pod_manager.py:435} INFO - [base]         "new_customers_geo_acquisition_monthly": [
[2026-08-04T11:58:53.402+0000] {pod_manager.py:435} INFO - [base]             "grain_year",
[2026-08-04T11:58:53.402+0000] {pod_manager.py:435} INFO - [base]             "grain_month",
[2026-08-04T11:58:53.402+0000] {pod_manager.py:435} INFO - [base]             "country",
[2026-08-04T11:58:53.402+0000] {pod_manager.py:435} INFO - [base]             "state_province",
[2026-08-04T11:58:53.403+0000] {pod_manager.py:435} INFO - [base]             "city",
[2026-08-04T11:58:53.403+0000] {pod_manager.py:435} INFO - [base]             "new_customers"
[2026-08-04T11:58:53.403+0000] {pod_manager.py:435} INFO - [base]         ],
[2026-08-04T11:58:53.403+0000] {pod_manager.py:435} INFO - [base]         "customer_age_group_distribution": [
[2026-08-04T11:58:53.403+0000] {pod_manager.py:435} INFO - [base]             "customer_age_group",
[2026-08-04T11:58:53.404+0000] {pod_manager.py:435} INFO - [base]             "customer_count"
[2026-08-04T11:58:53.404+0000] {pod_manager.py:435} INFO - [base]         ],
[2026-08-04T11:58:53.405+0000] {pod_manager.py:435} INFO - [base]         "customer_city_distribution": [
[2026-08-04T11:58:53.405+0000] {pod_manager.py:435} INFO - [base]             "country",
[2026-08-04T11:58:53.405+0000] {pod_manager.py:435} INFO - [base]             "state_province",
[2026-08-04T11:58:53.405+0000] {pod_manager.py:435} INFO - [base]             "city",
[2026-08-04T11:58:53.405+0000] {pod_manager.py:435} INFO - [base]             "customer_count"
[2026-08-04T11:58:53.406+0000] {pod_manager.py:435} INFO - [base]         ],
[2026-08-04T11:58:53.406+0000] {pod_manager.py:435} INFO - [base]         "customer_state_distribution": [
[2026-08-04T11:58:53.406+0000] {pod_manager.py:435} INFO - [base]             "country",
[2026-08-04T11:58:53.406+0000] {pod_manager.py:435} INFO - [base]             "state_province",
[2026-08-04T11:58:53.407+0000] {pod_manager.py:435} INFO - [base]             "customer_count"
[2026-08-04T11:58:53.407+0000] {pod_manager.py:435} INFO - [base]         ],
[2026-08-04T11:58:53.407+0000] {pod_manager.py:435} INFO - [base]         "customer_country_distribution": [
[2026-08-04T11:58:53.407+0000] {pod_manager.py:435} INFO - [base]             "country",
[2026-08-04T11:58:53.408+0000] {pod_manager.py:435} INFO - [base]             "customer_count"
[2026-08-04T11:58:53.408+0000] {pod_manager.py:435} INFO - [base]         ],
[2026-08-04T11:58:53.408+0000] {pod_manager.py:435} INFO - [base]         "customer_age_group_spending": [
[2026-08-04T11:58:53.408+0000] {pod_manager.py:435} INFO - [base]             "customer_age_group",
[2026-08-04T11:58:53.409+0000] {pod_manager.py:435} INFO - [base]             "customer_count",
[2026-08-04T11:58:53.409+0000] {pod_manager.py:435} INFO - [base]             "avg_order_total_spent",
[2026-08-04T11:58:53.409+0000] {pod_manager.py:435} INFO - [base]             "avg_clv",
[2026-08-04T11:58:53.409+0000] {pod_manager.py:435} INFO - [base]             "total_spent",
[2026-08-04T11:58:53.409+0000] {pod_manager.py:435} INFO - [base]             "total_revenue_age_group"
[2026-08-04T11:58:53.410+0000] {pod_manager.py:435} INFO - [base]         ],
[2026-08-04T11:58:53.411+0000] {pod_manager.py:435} INFO - [base]         "new_vs_returning_customer_country": [
[2026-08-04T11:58:53.411+0000] {pod_manager.py:435} INFO - [base]             "country",
[2026-08-04T11:58:53.411+0000] {pod_manager.py:435} INFO - [base]             "customer_type",
[2026-08-04T11:58:53.411+0000] {pod_manager.py:435} INFO - [base]             "customer_count"
[2026-08-04T11:58:53.411+0000] {pod_manager.py:435} INFO - [base]         ],
[2026-08-04T11:58:53.412+0000] {pod_manager.py:435} INFO - [base]         "new_vs_returning_customer_city": [
[2026-08-04T11:58:53.412+0000] {pod_manager.py:435} INFO - [base]             "country",
[2026-08-04T11:58:53.412+0000] {pod_manager.py:435} INFO - [base]             "state_province",
[2026-08-04T11:58:53.412+0000] {pod_manager.py:435} INFO - [base]             "city",
[2026-08-04T11:58:53.412+0000] {pod_manager.py:435} INFO - [base]             "customer_type",
[2026-08-04T11:58:53.413+0000] {pod_manager.py:435} INFO - [base]             "customer_count"
[2026-08-04T11:58:53.413+0000] {pod_manager.py:435} INFO - [base]         ],
[2026-08-04T11:58:53.413+0000] {pod_manager.py:435} INFO - [base]         "new_vs_returning_customer_state": [
[2026-08-04T11:58:53.413+0000] {pod_manager.py:435} INFO - [base]             "country",
[2026-08-04T11:58:53.413+0000] {pod_manager.py:435} INFO - [base]             "state_province",
[2026-08-04T11:58:53.414+0000] {pod_manager.py:435} INFO - [base]             "customer_type",
[2026-08-04T11:58:53.414+0000] {pod_manager.py:435} INFO - [base]             "customer_count"
[2026-08-04T11:58:53.414+0000] {pod_manager.py:435} INFO - [base]         ],
[2026-08-04T11:58:53.414+0000] {pod_manager.py:435} INFO - [base]         "customer_engagement": [
[2026-08-04T11:58:53.414+0000] {pod_manager.py:435} INFO - [base]             "customer_id",
[2026-08-04T11:58:53.415+0000] {pod_manager.py:435} INFO - [base]             "total_sessions",
[2026-08-04T11:58:53.415+0000] {pod_manager.py:435} INFO - [base]             "total_pages_viewed",
[2026-08-04T11:58:53.416+0000] {pod_manager.py:435} INFO - [base]             "total_products_viewed"
[2026-08-04T11:58:53.416+0000] {pod_manager.py:435} INFO - [base]         ],
[2026-08-04T11:58:53.416+0000] {pod_manager.py:435} INFO - [base]         "session_conversion_distribution": [
[2026-08-04T11:58:53.416+0000] {pod_manager.py:435} INFO - [base]             "session_conversion_percentage",
[2026-08-04T11:58:53.417+0000] {pod_manager.py:435} INFO - [base]             "customer_count"
[2026-08-04T11:58:53.417+0000] {pod_manager.py:435} INFO - [base]         ],
[2026-08-04T11:58:53.417+0000] {pod_manager.py:435} INFO - [base]         "cart_abandonment_distribution": [
[2026-08-04T11:58:53.417+0000] {pod_manager.py:435} INFO - [base]             "cart_abandonment_percentage",
[2026-08-04T11:58:53.417+0000] {pod_manager.py:435} INFO - [base]             "customer_count"
[2026-08-04T11:58:53.418+0000] {pod_manager.py:435} INFO - [base]         ],
[2026-08-04T11:58:53.418+0000] {pod_manager.py:435} INFO - [base]         "top_customers_by_revenue": [
[2026-08-04T11:58:53.418+0000] {pod_manager.py:435} INFO - [base]             "customer_id",
[2026-08-04T11:58:53.418+0000] {pod_manager.py:435} INFO - [base]             "total_revenue",
[2026-08-04T11:58:53.418+0000] {pod_manager.py:435} INFO - [base]             "customer_lifetime_value",
[2026-08-04T11:58:53.419+0000] {pod_manager.py:435} INFO - [base]             "customer_segment",
[2026-08-04T11:58:53.419+0000] {pod_manager.py:435} INFO - [base]             "rfm_segment"
[2026-08-04T11:58:53.419+0000] {pod_manager.py:435} INFO - [base]         ],
[2026-08-04T11:58:53.419+0000] {pod_manager.py:435} INFO - [base]         "top_customers_by_profit": [
[2026-08-04T11:58:53.419+0000] {pod_manager.py:435} INFO - [base]             "customer_id",
[2026-08-04T11:58:53.420+0000] {pod_manager.py:435} INFO - [base]             "total_order_profit",
[2026-08-04T11:58:53.420+0000] {pod_manager.py:435} INFO - [base]             "total_net_profit",
[2026-08-04T11:58:53.420+0000] {pod_manager.py:435} INFO - [base]             "orders_count",
[2026-08-04T11:58:53.421+0000] {pod_manager.py:435} INFO - [base]             "customer_segment",
[2026-08-04T11:58:53.421+0000] {pod_manager.py:435} INFO - [base]             "rfm_segment",
[2026-08-04T11:58:53.421+0000] {pod_manager.py:435} INFO - [base]             "total_revenue",
[2026-08-04T11:58:53.421+0000] {pod_manager.py:435} INFO - [base]             "customer_lifetime_value"
[2026-08-04T11:58:53.422+0000] {pod_manager.py:435} INFO - [base]         ],
[2026-08-04T11:58:53.422+0000] {pod_manager.py:435} INFO - [base]         "discount_customers": [
[2026-08-04T11:58:53.422+0000] {pod_manager.py:435} INFO - [base]             "customer_id",
[2026-08-04T11:58:53.422+0000] {pod_manager.py:435} INFO - [base]             "total_revenue",
[2026-08-04T11:58:53.422+0000] {pod_manager.py:435} INFO - [base]             "total_discount_received",
[2026-08-04T11:58:53.423+0000] {pod_manager.py:435} INFO - [base]             "discount_share_of_revenue",
[2026-08-04T11:58:53.423+0000] {pod_manager.py:435} INFO - [base]             "avg_discount_per_order",
[2026-08-04T11:58:53.423+0000] {pod_manager.py:435} INFO - [base]             "customer_lifetime_value",
[2026-08-04T11:58:53.423+0000] {pod_manager.py:435} INFO - [base]             "total_orders",
[2026-08-04T11:58:53.423+0000] {pod_manager.py:435} INFO - [base]             "is_discount_hunter"
[2026-08-04T11:58:53.424+0000] {pod_manager.py:435} INFO - [base]         ],
[2026-08-04T11:58:53.424+0000] {pod_manager.py:435} INFO - [base]         "discount_customers_summary": [
[2026-08-04T11:58:53.424+0000] {pod_manager.py:435} INFO - [base]             "is_discount_hunter",
[2026-08-04T11:58:53.424+0000] {pod_manager.py:435} INFO - [base]             "customer_count",
[2026-08-04T11:58:53.424+0000] {pod_manager.py:435} INFO - [base]             "avg_discount_share",
[2026-08-04T11:58:53.425+0000] {pod_manager.py:435} INFO - [base]             "avg_discount_per_order",
[2026-08-04T11:58:53.425+0000] {pod_manager.py:435} INFO - [base]             "avg_clv",
[2026-08-04T11:58:53.425+0000] {pod_manager.py:435} INFO - [base]             "avg_revenue"
[2026-08-04T11:58:53.425+0000] {pod_manager.py:435} INFO - [base]         ],
[2026-08-04T11:58:53.426+0000] {pod_manager.py:435} INFO - [base]         "correlation_discount_vs_clv": [
[2026-08-04T11:58:53.426+0000] {pod_manager.py:435} INFO - [base]             "corr_discount_share_clv",
[2026-08-04T11:58:53.427+0000] {pod_manager.py:435} INFO - [base]             "corr_avg_discount_clv"
[2026-08-04T11:58:53.427+0000] {pod_manager.py:435} INFO - [base]         ],
[2026-08-04T11:58:53.427+0000] {pod_manager.py:435} INFO - [base]         "high_discount_customers": [
[2026-08-04T11:58:53.427+0000] {pod_manager.py:435} INFO - [base]             "customer_id",
[2026-08-04T11:58:53.427+0000] {pod_manager.py:435} INFO - [base]             "total_revenue",
[2026-08-04T11:58:53.428+0000] {pod_manager.py:435} INFO - [base]             "total_discount_received",
[2026-08-04T11:58:53.428+0000] {pod_manager.py:435} INFO - [base]             "discount_to_revenue_ratio",
[2026-08-04T11:58:53.428+0000] {pod_manager.py:435} INFO - [base]             "avg_discount_per_order",
[2026-08-04T11:58:53.428+0000] {pod_manager.py:435} INFO - [base]             "customer_lifetime_value"
[2026-08-04T11:58:53.429+0000] {pod_manager.py:435} INFO - [base]         ],
[2026-08-04T11:58:53.429+0000] {pod_manager.py:435} INFO - [base]         "cart_behavior_summary": [
[2026-08-04T11:58:53.429+0000] {pod_manager.py:435} INFO - [base]             "total_carts_created",
[2026-08-04T11:58:53.429+0000] {pod_manager.py:435} INFO - [base]             "total_abandoned_carts",
[2026-08-04T11:58:53.429+0000] {pod_manager.py:435} INFO - [base]             "total_purchased_carts",
[2026-08-04T11:58:53.430+0000] {pod_manager.py:435} INFO - [base]             "avg_cart_abandonment_rate",
[2026-08-04T11:58:53.430+0000] {pod_manager.py:435} INFO - [base]             "total_abandoned_value",
[2026-08-04T11:58:53.513+0000] {pod_manager.py:435} INFO - [base]             "avg_time_in_cart_days"
[2026-08-04T11:58:53.514+0000] {pod_manager.py:435} INFO - [base]         ],
[2026-08-04T11:58:53.514+0000] {pod_manager.py:435} INFO - [base]         "high_value_abandoners": [
[2026-08-04T11:58:53.520+0000] {pod_manager.py:435} INFO - [base]             "customer_id",
[2026-08-04T11:58:53.529+0000] {pod_manager.py:435} INFO - [base]             "total_abandoned_carts",
[2026-08-04T11:58:53.532+0000] {pod_manager.py:435} INFO - [base]             "total_abandoned_value",
[2026-08-04T11:58:53.533+0000] {pod_manager.py:435} INFO - [base]             "cart_abandonment_rate",
[2026-08-04T11:58:53.536+0000] {pod_manager.py:435} INFO - [base]             "total_revenue",
[2026-08-04T11:58:53.536+0000] {pod_manager.py:435} INFO - [base]             "customer_lifetime_value"
[2026-08-04T11:58:53.536+0000] {pod_manager.py:435} INFO - [base]         ],
[2026-08-04T11:58:53.537+0000] {pod_manager.py:435} INFO - [base]         "churn_risk_summary": [
[2026-08-04T11:58:53.539+0000] {pod_manager.py:435} INFO - [base]             "churn_risk",
[2026-08-04T11:58:53.540+0000] {pod_manager.py:435} INFO - [base]             "num_customers",
[2026-08-04T11:58:53.540+0000] {pod_manager.py:435} INFO - [base]             "total_revenue",
[2026-08-04T11:58:53.540+0000] {pod_manager.py:435} INFO - [base]             "avg_clv",
[2026-08-04T11:58:53.541+0000] {pod_manager.py:435} INFO - [base]             "avg_recency_days"
[2026-08-04T11:58:53.541+0000] {pod_manager.py:435} INFO - [base]         ],
[2026-08-04T11:58:53.541+0000] {pod_manager.py:435} INFO - [base]         "high_clv_at_risk": [
[2026-08-04T11:58:53.544+0000] {pod_manager.py:435} INFO - [base]             "customer_id",
[2026-08-04T11:58:53.544+0000] {pod_manager.py:435} INFO - [base]             "customer_lifetime_value",
[2026-08-04T11:58:53.545+0000] {pod_manager.py:435} INFO - [base]             "churn_risk",
[2026-08-04T11:58:53.545+0000] {pod_manager.py:435} INFO - [base]             "customer_activity_score",
[2026-08-04T11:58:53.545+0000] {pod_manager.py:435} INFO - [base]             "order_recency_days",
[2026-08-04T11:58:53.546+0000] {pod_manager.py:435} INFO - [base]             "days_since_last_purchase",
[2026-08-04T11:58:53.546+0000] {pod_manager.py:435} INFO - [base]             "days_since_last_login",
[2026-08-04T11:58:53.546+0000] {pod_manager.py:435} INFO - [base]             "customer_segment_label",
[2026-08-04T11:58:53.546+0000] {pod_manager.py:435} INFO - [base]             "rfm_segment",
[2026-08-04T11:58:53.546+0000] {pod_manager.py:435} INFO - [base]             "rfm_category"
[2026-08-04T11:58:53.547+0000] {pod_manager.py:435} INFO - [base]         ],
[2026-08-04T11:58:53.547+0000] {pod_manager.py:435} INFO - [base]         "rfm_segment_summary": [
[2026-08-04T11:58:53.549+0000] {pod_manager.py:435} INFO - [base]             "rfm_segment",
[2026-08-04T11:58:53.551+0000] {pod_manager.py:435} INFO - [base]             "num_customers",
[2026-08-04T11:58:53.552+0000] {pod_manager.py:435} INFO - [base]             "total_revenue",
[2026-08-04T11:58:53.552+0000] {pod_manager.py:435} INFO - [base]             "avg_clv",
[2026-08-04T11:58:53.553+0000] {pod_manager.py:435} INFO - [base]             "avg_recency_days",
[2026-08-04T11:58:53.553+0000] {pod_manager.py:435} INFO - [base]             "avg_total_orders",
[2026-08-04T11:58:53.555+0000] {pod_manager.py:435} INFO - [base]             "avg_aov"
[2026-08-04T11:58:53.556+0000] {pod_manager.py:435} INFO - [base]         ],
[2026-08-04T11:58:53.556+0000] {pod_manager.py:435} INFO - [base]         "high_intent_non_buyers": [
[2026-08-04T11:58:53.557+0000] {pod_manager.py:435} INFO - [base]             "customer_id",
[2026-08-04T11:58:53.558+0000] {pod_manager.py:435} INFO - [base]             "total_products_viewed",
[2026-08-04T11:58:53.558+0000] {pod_manager.py:435} INFO - [base]             "wishlist_items_count",
[2026-08-04T11:58:53.558+0000] {pod_manager.py:435} INFO - [base]             "total_carts_created",
[2026-08-04T11:58:53.560+0000] {pod_manager.py:435} INFO - [base]             "total_purchased_carts",
[2026-08-04T11:58:53.561+0000] {pod_manager.py:435} INFO - [base]             "cart_abandonment_rate",
[2026-08-04T11:58:53.562+0000] {pod_manager.py:435} INFO - [base]             "session_conversion_rate"
[2026-08-04T11:58:53.566+0000] {pod_manager.py:435} INFO - [base]         ],
[2026-08-04T11:58:53.566+0000] {pod_manager.py:435} INFO - [base]         "customer_overall_health_summary": [
[2026-08-04T11:58:53.568+0000] {pod_manager.py:435} INFO - [base]             "customer_id",
[2026-08-04T11:58:53.568+0000] {pod_manager.py:435} INFO - [base]             "account_created_at",
[2026-08-04T11:58:53.571+0000] {pod_manager.py:435} INFO - [base]             "account_status",
[2026-08-04T11:58:53.571+0000] {pod_manager.py:435} INFO - [base]             "is_active",
[2026-08-04T11:58:53.571+0000] {pod_manager.py:435} INFO - [base]             "is_repeat_customer",
[2026-08-04T11:58:53.572+0000] {pod_manager.py:435} INFO - [base]             "total_orders",
[2026-08-04T11:58:53.572+0000] {pod_manager.py:435} INFO - [base]             "total_items_purchased",
[2026-08-04T11:58:53.572+0000] {pod_manager.py:435} INFO - [base]             "total_cancelled_orders",
[2026-08-04T11:58:53.572+0000] {pod_manager.py:435} INFO - [base]             "total_reviews_written",
[2026-08-04T11:58:53.572+0000] {pod_manager.py:435} INFO - [base]             "total_sessions",
[2026-08-04T11:58:53.573+0000] {pod_manager.py:435} INFO - [base]             "total_pages_viewed",
[2026-08-04T11:58:53.573+0000] {pod_manager.py:435} INFO - [base]             "total_products_viewed",
[2026-08-04T11:58:53.573+0000] {pod_manager.py:435} INFO - [base]             "wishlist_items_count",
[2026-08-04T11:58:53.573+0000] {pod_manager.py:435} INFO - [base]             "total_carts_created",
[2026-08-04T11:58:53.574+0000] {pod_manager.py:435} INFO - [base]             "total_abandoned_carts",
[2026-08-04T11:58:53.574+0000] {pod_manager.py:435} INFO - [base]             "total_purchased_carts",
[2026-08-04T11:58:53.574+0000] {pod_manager.py:435} INFO - [base]             "order_frequency",
[2026-08-04T11:58:53.574+0000] {pod_manager.py:435} INFO - [base]             "gender",
[2026-08-04T11:58:53.575+0000] {pod_manager.py:435} INFO - [base]             "customer_age_group",
[2026-08-04T11:58:53.575+0000] {pod_manager.py:435} INFO - [base]             "city",
[2026-08-04T11:58:53.575+0000] {pod_manager.py:435} INFO - [base]             "state_province",
[2026-08-04T11:58:53.575+0000] {pod_manager.py:435} INFO - [base]             "country",
[2026-08-04T11:58:53.575+0000] {pod_manager.py:435} INFO - [base]             "order_recency_days",
[2026-08-04T11:58:53.576+0000] {pod_manager.py:435} INFO - [base]             "customer_tenure_days",
[2026-08-04T11:58:53.576+0000] {pod_manager.py:435} INFO - [base]             "days_since_last_login",
[2026-08-04T11:58:53.576+0000] {pod_manager.py:435} INFO - [base]             "customer_activity_status",
[2026-08-04T11:58:53.576+0000] {pod_manager.py:435} INFO - [base]             "customer_segment",
[2026-08-04T11:58:53.577+0000] {pod_manager.py:435} INFO - [base]             "customer_segment_label",
[2026-08-04T11:58:53.577+0000] {pod_manager.py:435} INFO - [base]             "rfm_segment",
[2026-08-04T11:58:53.577+0000] {pod_manager.py:435} INFO - [base]             "rfm_category",
[2026-08-04T11:58:53.578+0000] {pod_manager.py:435} INFO - [base]             "churn_risk",
[2026-08-04T11:58:53.578+0000] {pod_manager.py:435} INFO - [base]             "customer_lifetime_value",
[2026-08-04T11:58:53.578+0000] {pod_manager.py:435} INFO - [base]             "total_revenue",
[2026-08-04T11:58:53.578+0000] {pod_manager.py:435} INFO - [base]             "avg_order_value",
[2026-08-04T11:58:53.579+0000] {pod_manager.py:435} INFO - [base]             "avg_items_per_order",
[2026-08-04T11:58:53.579+0000] {pod_manager.py:435} INFO - [base]             "total_discount_received",
[2026-08-04T11:58:53.580+0000] {pod_manager.py:435} INFO - [base]             "avg_discount_per_order",
[2026-08-04T11:58:53.581+0000] {pod_manager.py:435} INFO - [base]             "avg_session_duration",
[2026-08-04T11:58:53.581+0000] {pod_manager.py:435} INFO - [base]             "session_conversion_rate",
[2026-08-04T11:58:53.581+0000] {pod_manager.py:435} INFO - [base]             "cart_abandonment_rate",
[2026-08-04T11:58:53.582+0000] {pod_manager.py:435} INFO - [base]             "preferred_device_type",
[2026-08-04T11:58:53.582+0000] {pod_manager.py:435} INFO - [base]             "preferred_referrer_source",
[2026-08-04T11:58:53.583+0000] {pod_manager.py:435} INFO - [base]             "preferred_payment_method",
[2026-08-04T11:58:53.583+0000] {pod_manager.py:435} INFO - [base]             "wishlist_conversion_rate",
[2026-08-04T11:58:53.583+0000] {pod_manager.py:435} INFO - [base]             "days_since_last_purchase",
[2026-08-04T11:58:53.583+0000] {pod_manager.py:435} INFO - [base]             "cancellation_rate",
[2026-08-04T11:58:53.584+0000] {pod_manager.py:435} INFO - [base]             "customer_activity_score",
[2026-08-04T11:58:53.584+0000] {pod_manager.py:435} INFO - [base]             "total_abandoned_value",
[2026-08-04T11:58:53.584+0000] {pod_manager.py:435} INFO - [base]             "avg_time_in_cart_days",
[2026-08-04T11:58:53.584+0000] {pod_manager.py:435} INFO - [base]             "customer_abandonment_rate",
[2026-08-04T11:58:53.584+0000] {pod_manager.py:435} INFO - [base]             "customer_purchase_rate"
[2026-08-04T11:58:53.585+0000] {pod_manager.py:435} INFO - [base]         ],
[2026-08-04T11:58:53.585+0000] {pod_manager.py:435} INFO - [base]         "customers_cohorts": [
[2026-08-04T11:58:53.585+0000] {pod_manager.py:435} INFO - [base]             "customer_id",
[2026-08-04T11:58:53.585+0000] {pod_manager.py:435} INFO - [base]             "signup_date",
[2026-08-04T11:58:53.586+0000] {pod_manager.py:435} INFO - [base]             "first_order_date",
[2026-08-04T11:58:53.586+0000] {pod_manager.py:435} INFO - [base]             "signup_cohort_month",
[2026-08-04T11:58:53.586+0000] {pod_manager.py:435} INFO - [base]             "first_order_month"
[2026-08-04T11:58:53.587+0000] {pod_manager.py:435} INFO - [base]         ],
[2026-08-04T11:58:53.587+0000] {pod_manager.py:435} INFO - [base]         "signup_cohort_summary": [
[2026-08-04T11:58:53.588+0000] {pod_manager.py:435} INFO - [base]             "signup_cohort_month",
[2026-08-04T11:58:53.588+0000] {pod_manager.py:435} INFO - [base]             "cohort_customers"
[2026-08-04T11:58:53.588+0000] {pod_manager.py:435} INFO - [base]         ],
[2026-08-04T11:58:53.589+0000] {pod_manager.py:435} INFO - [base]         "customer_cohort_retention": [
[2026-08-04T11:58:53.589+0000] {pod_manager.py:435} INFO - [base]             "signup_cohort_month",
[2026-08-04T11:58:53.589+0000] {pod_manager.py:435} INFO - [base]             "months_since_signup",
[2026-08-04T11:58:53.589+0000] {pod_manager.py:435} INFO - [base]             "active_customers",
[2026-08-04T11:58:53.590+0000] {pod_manager.py:435} INFO - [base]             "cohort_customers",
[2026-08-04T11:58:53.590+0000] {pod_manager.py:435} INFO - [base]             "retention_rate"
[2026-08-04T11:58:53.590+0000] {pod_manager.py:435} INFO - [base]         ],
[2026-08-04T11:58:53.590+0000] {pod_manager.py:435} INFO - [base]         "rfm_churn_crosstab": [
[2026-08-04T11:58:53.591+0000] {pod_manager.py:435} INFO - [base]             "rfm_segment",
[2026-08-04T11:58:53.591+0000] {pod_manager.py:435} INFO - [base]             "churn_risk",
[2026-08-04T11:58:53.591+0000] {pod_manager.py:435} INFO - [base]             "customer_count",
[2026-08-04T11:58:53.591+0000] {pod_manager.py:435} INFO - [base]             "segment_revenue",
[2026-08-04T11:58:53.591+0000] {pod_manager.py:435} INFO - [base]             "avg_clv"
[2026-08-04T11:58:53.592+0000] {pod_manager.py:435} INFO - [base]         ],
[2026-08-04T11:58:53.592+0000] {pod_manager.py:435} INFO - [base]         "seg_referrer_crosstab": [
[2026-08-04T11:58:53.592+0000] {pod_manager.py:435} INFO - [base]             "customer_segment_label",
[2026-08-04T11:58:53.592+0000] {pod_manager.py:435} INFO - [base]             "preferred_referrer_source",
[2026-08-04T11:58:53.593+0000] {pod_manager.py:435} INFO - [base]             "customer_count",
[2026-08-04T11:58:53.593+0000] {pod_manager.py:435} INFO - [base]             "segment_revenue",
[2026-08-04T11:58:53.593+0000] {pod_manager.py:435} INFO - [base]             "avg_revenue_per_customer"
[2026-08-04T11:58:53.593+0000] {pod_manager.py:435} INFO - [base]         ],
[2026-08-04T11:58:53.593+0000] {pod_manager.py:435} INFO - [base]         "seg_device_crosstab": [
[2026-08-04T11:58:53.593+0000] {pod_manager.py:435} INFO - [base]             "customer_segment_label",
[2026-08-04T11:58:53.594+0000] {pod_manager.py:435} INFO - [base]             "preferred_device_type",
[2026-08-04T11:58:53.594+0000] {pod_manager.py:435} INFO - [base]             "customer_count",
[2026-08-04T11:58:53.594+0000] {pod_manager.py:435} INFO - [base]             "segment_revenue",
[2026-08-04T11:58:53.594+0000] {pod_manager.py:435} INFO - [base]             "avg_revenue_per_customer"
[2026-08-04T11:58:53.594+0000] {pod_manager.py:435} INFO - [base]         ],
[2026-08-04T11:58:53.595+0000] {pod_manager.py:435} INFO - [base]         "payment_method_vs_clv_churn": [
[2026-08-04T11:58:53.595+0000] {pod_manager.py:435} INFO - [base]             "preferred_payment_method",
[2026-08-04T11:58:53.595+0000] {pod_manager.py:435} INFO - [base]             "churn_risk",
[2026-08-04T11:58:53.595+0000] {pod_manager.py:435} INFO - [base]             "customer_count",
[2026-08-04T11:58:53.595+0000] {pod_manager.py:435} INFO - [base]             "avg_clv",
[2026-08-04T11:58:53.596+0000] {pod_manager.py:435} INFO - [base]             "avg_revenue_per_customer",
[2026-08-04T11:58:53.596+0000] {pod_manager.py:435} INFO - [base]             "total_revenue"
[2026-08-04T11:58:53.596+0000] {pod_manager.py:435} INFO - [base]         ],
[2026-08-04T11:58:53.596+0000] {pod_manager.py:435} INFO - [base]         "payment_method_summary": [
[2026-08-04T11:58:53.596+0000] {pod_manager.py:435} INFO - [base]             "preferred_payment_method",
[2026-08-04T11:58:53.597+0000] {pod_manager.py:435} INFO - [base]             "customer_count",
[2026-08-04T11:58:53.597+0000] {pod_manager.py:435} INFO - [base]             "avg_clv",
[2026-08-04T11:58:53.597+0000] {pod_manager.py:435} INFO - [base]             "avg_revenue_per_customer",
[2026-08-04T11:58:53.597+0000] {pod_manager.py:435} INFO - [base]             "total_revenue"
[2026-08-04T11:58:53.598+0000] {pod_manager.py:435} INFO - [base]         ],
[2026-08-04T11:58:53.598+0000] {pod_manager.py:435} INFO - [base]         "referrer_source_summary": [
[2026-08-04T11:58:53.598+0000] {pod_manager.py:435} INFO - [base]             "preferred_referrer_source",
[2026-08-04T11:58:53.599+0000] {pod_manager.py:435} INFO - [base]             "customer_count",
[2026-08-04T11:58:53.599+0000] {pod_manager.py:435} INFO - [base]             "avg_clv",
[2026-08-04T11:58:53.599+0000] {pod_manager.py:435} INFO - [base]             "total_revenue",
[2026-08-04T11:58:53.599+0000] {pod_manager.py:435} INFO - [base]             "avg_revenue_per_customer",
[2026-08-04T11:58:53.600+0000] {pod_manager.py:435} INFO - [base]             "avg_discount_share"
[2026-08-04T11:58:53.600+0000] {pod_manager.py:435} INFO - [base]         ],
[2026-08-04T11:58:53.600+0000] {pod_manager.py:435} INFO - [base]         "referrer_churn_summary": [
[2026-08-04T11:58:53.600+0000] {pod_manager.py:435} INFO - [base]             "preferred_referrer_source",
[2026-08-04T11:58:53.601+0000] {pod_manager.py:435} INFO - [base]             "churn_risk",
[2026-08-04T11:58:53.601+0000] {pod_manager.py:435} INFO - [base]             "customer_count",
[2026-08-04T11:58:53.601+0000] {pod_manager.py:435} INFO - [base]             "avg_clv",
[2026-08-04T11:58:53.604+0000] {pod_manager.py:435} INFO - [base]             "avg_discount_share"
[2026-08-04T11:58:53.605+0000] {pod_manager.py:435} INFO - [base]         ],
[2026-08-04T11:58:53.612+0000] {pod_manager.py:435} INFO - [base]         "customer_profit_per_segment": [
[2026-08-04T11:58:53.613+0000] {pod_manager.py:435} INFO - [base]             "customer_segment_label",
[2026-08-04T11:58:53.613+0000] {pod_manager.py:435} INFO - [base]             "customer_count",
[2026-08-04T11:58:53.614+0000] {pod_manager.py:435} INFO - [base]             "total_revenue",
[2026-08-04T11:58:53.614+0000] {pod_manager.py:435} INFO - [base]             "total_order_profit",
[2026-08-04T11:58:53.614+0000] {pod_manager.py:435} INFO - [base]             "total_net_profit",
[2026-08-04T11:58:53.614+0000] {pod_manager.py:435} INFO - [base]             "avg_clv",
[2026-08-04T11:58:53.615+0000] {pod_manager.py:435} INFO - [base]             "avg_profit_per_customer"
[2026-08-04T11:58:53.615+0000] {pod_manager.py:435} INFO - [base]         ],
[2026-08-04T11:58:53.615+0000] {pod_manager.py:435} INFO - [base]         "gender_category_preference": [
[2026-08-04T11:58:53.615+0000] {pod_manager.py:435} INFO - [base]             "gender",
[2026-08-04T11:58:53.616+0000] {pod_manager.py:435} INFO - [base]             "category",
[2026-08-04T11:58:53.616+0000] {pod_manager.py:435} INFO - [base]             "total_units",
[2026-08-04T11:58:53.616+0000] {pod_manager.py:435} INFO - [base]             "distinct_products",
[2026-08-04T11:58:53.616+0000] {pod_manager.py:435} INFO - [base]             "orders_count"
[2026-08-04T11:58:53.616+0000] {pod_manager.py:435} INFO - [base]         ],
[2026-08-04T11:58:53.617+0000] {pod_manager.py:435} INFO - [base]         "gender_product_preference": [
[2026-08-04T11:58:53.617+0000] {pod_manager.py:435} INFO - [base]             "gender",
[2026-08-04T11:58:53.617+0000] {pod_manager.py:435} INFO - [base]             "product_id",
[2026-08-04T11:58:53.617+0000] {pod_manager.py:435} INFO - [base]             "product_name",
[2026-08-04T11:58:53.618+0000] {pod_manager.py:435} INFO - [base]             "category",
[2026-08-04T11:58:53.618+0000] {pod_manager.py:435} INFO - [base]             "total_units",
[2026-08-04T11:58:53.618+0000] {pod_manager.py:435} INFO - [base]             "orders_count"
[2026-08-04T11:58:53.619+0000] {pod_manager.py:435} INFO - [base]         ]
[2026-08-04T11:58:53.619+0000] {pod_manager.py:435} INFO - [base]     },
[2026-08-04T11:58:53.619+0000] {pod_manager.py:435} INFO - [base]     "product_analytics": {
[2026-08-04T11:58:53.619+0000] {pod_manager.py:435} INFO - [base]         "best_selling_products": [
[2026-08-04T11:58:53.620+0000] {pod_manager.py:435} INFO - [base]             "product_id",
[2026-08-04T11:58:53.620+0000] {pod_manager.py:435} INFO - [base]             "product_name",
[2026-08-04T11:58:53.620+0000] {pod_manager.py:435} INFO - [base]             "category",
[2026-08-04T11:58:53.620+0000] {pod_manager.py:435} INFO - [base]             "sub_category",
[2026-08-04T11:58:53.620+0000] {pod_manager.py:435} INFO - [base]             "brand",
[2026-08-04T11:58:53.621+0000] {pod_manager.py:435} INFO - [base]             "total_units_sold",
[2026-08-04T11:58:53.621+0000] {pod_manager.py:435} INFO - [base]             "total_orders",
[2026-08-04T11:58:53.621+0000] {pod_manager.py:435} INFO - [base]             "total_revenue"
[2026-08-04T11:58:53.621+0000] {pod_manager.py:435} INFO - [base]         ],
[2026-08-04T11:58:53.622+0000] {pod_manager.py:435} INFO - [base]         "product_monthly_trends": [
[2026-08-04T11:58:53.622+0000] {pod_manager.py:435} INFO - [base]             "product_id",
[2026-08-04T11:58:53.622+0000] {pod_manager.py:435} INFO - [base]             "product_name",
[2026-08-04T11:58:53.622+0000] {pod_manager.py:435} INFO - [base]             "category",
[2026-08-04T11:58:53.622+0000] {pod_manager.py:435} INFO - [base]             "sub_category",
[2026-08-04T11:58:53.622+0000] {pod_manager.py:435} INFO - [base]             "brand",
[2026-08-04T11:58:53.623+0000] {pod_manager.py:435} INFO - [base]             "grain_year",
[2026-08-04T11:58:53.623+0000] {pod_manager.py:435} INFO - [base]             "grain_month",
[2026-08-04T11:58:53.623+0000] {pod_manager.py:435} INFO - [base]             "units_sold",
[2026-08-04T11:58:53.623+0000] {pod_manager.py:435} INFO - [base]             "orders_count"
[2026-08-04T11:58:53.624+0000] {pod_manager.py:435} INFO - [base]         ],
[2026-08-04T11:58:53.624+0000] {pod_manager.py:435} INFO - [base]         "category_monthly_trends": [
[2026-08-04T11:58:53.624+0000] {pod_manager.py:435} INFO - [base]             "category",
[2026-08-04T11:58:53.624+0000] {pod_manager.py:435} INFO - [base]             "grain_year",
[2026-08-04T11:58:53.625+0000] {pod_manager.py:435} INFO - [base]             "grain_month",
[2026-08-04T11:58:53.625+0000] {pod_manager.py:435} INFO - [base]             "units_sold",
[2026-08-04T11:58:53.625+0000] {pod_manager.py:435} INFO - [base]             "orders_count"
[2026-08-04T11:58:53.625+0000] {pod_manager.py:435} INFO - [base]         ],
[2026-08-04T11:58:53.626+0000] {pod_manager.py:435} INFO - [base]         "product_calendar_month_seasonality": [
[2026-08-04T11:58:53.626+0000] {pod_manager.py:435} INFO - [base]             "product_id",
[2026-08-04T11:58:53.626+0000] {pod_manager.py:435} INFO - [base]             "product_name",
[2026-08-04T11:58:53.627+0000] {pod_manager.py:435} INFO - [base]             "category",
[2026-08-04T11:58:53.627+0000] {pod_manager.py:435} INFO - [base]             "sub_category",
[2026-08-04T11:58:53.627+0000] {pod_manager.py:435} INFO - [base]             "brand",
[2026-08-04T11:58:53.628+0000] {pod_manager.py:435} INFO - [base]             "calendar_month",
[2026-08-04T11:58:53.628+0000] {pod_manager.py:435} INFO - [base]             "units_sold",
[2026-08-04T11:58:53.629+0000] {pod_manager.py:435} INFO - [base]             "orders_count"
[2026-08-04T11:58:53.629+0000] {pod_manager.py:435} INFO - [base]         ],
[2026-08-04T11:58:53.630+0000] {pod_manager.py:435} INFO - [base]         "category_calendar_month_seasonality": [
[2026-08-04T11:58:53.630+0000] {pod_manager.py:435} INFO - [base]             "category",
[2026-08-04T11:58:53.630+0000] {pod_manager.py:435} INFO - [base]             "calendar_month",
[2026-08-04T11:58:53.630+0000] {pod_manager.py:435} INFO - [base]             "units_sold",
[2026-08-04T11:58:53.630+0000] {pod_manager.py:435} INFO - [base]             "orders_count"
[2026-08-04T11:58:53.631+0000] {pod_manager.py:435} INFO - [base]         ],
[2026-08-04T11:58:53.631+0000] {pod_manager.py:435} INFO - [base]         "highest_margin_products": [
[2026-08-04T11:58:53.631+0000] {pod_manager.py:435} INFO - [base]             "product_id",
[2026-08-04T11:58:53.632+0000] {pod_manager.py:435} INFO - [base]             "product_name",
[2026-08-04T11:58:53.632+0000] {pod_manager.py:435} INFO - [base]             "category",
[2026-08-04T11:58:53.632+0000] {pod_manager.py:435} INFO - [base]             "sub_category",
[2026-08-04T11:58:53.632+0000] {pod_manager.py:435} INFO - [base]             "brand",
[2026-08-04T11:58:53.633+0000] {pod_manager.py:435} INFO - [base]             "profit_margin",
[2026-08-04T11:58:53.633+0000] {pod_manager.py:435} INFO - [base]             "total_revenue",
[2026-08-04T11:58:53.633+0000] {pod_manager.py:435} INFO - [base] ERROR:root:Exception while sending command.
[2026-08-04T11:58:53.633+0000] {pod_manager.py:435} INFO - [base] Traceback (most recent call last):
[2026-08-04T11:58:53.634+0000] {pod_manager.py:435} INFO - [base]   File "/usr/local/lib/python3.10/site-packages/py4j/clientserver.py", line 516, in send_command
[2026-08-04T11:58:53.634+0000] {pod_manager.py:435} INFO - [base]     raise Py4JNetworkError("Answer from Java side is empty")
[2026-08-04T11:58:53.634+0000] {pod_manager.py:435} INFO - [base] py4j.protocol.Py4JNetworkError: Answer from Java side is empty
[2026-08-04T11:58:53.635+0000] {pod_manager.py:435} INFO - [base] During handling of the above exception, another exception occurred:
[2026-08-04T11:58:53.635+0000] {pod_manager.py:435} INFO - [base] Traceback (most recent call last):
[2026-08-04T11:58:53.635+0000] {pod_manager.py:435} INFO - [base]   File "/usr/local/lib/python3.10/site-packages/py4j/java_gateway.py", line 1038, in send_command
[2026-08-04T11:58:53.636+0000] {pod_manager.py:435} INFO - [base]     response = connection.send_command(command)
[2026-08-04T11:58:53.636+0000] {pod_manager.py:435} INFO - [base]   File "/usr/local/lib/python3.10/site-packages/py4j/clientserver.py", line 539, in send_command
[2026-08-04T11:58:53.636+0000] {pod_manager.py:435} INFO - [base]     raise Py4JNetworkError(
[2026-08-04T11:58:53.636+0000] {pod_manager.py:435} INFO - [base] py4j.protocol.Py4JNetworkError: Error while sending or receiving
[2026-08-04T11:58:53.637+0000] {pod_manager.py:435} INFO - [base]             "total_units_sold",
[2026-08-04T11:58:53.637+0000] {pod_manager.py:435} INFO - [base]             "total_orders"
[2026-08-04T11:58:53.637+0000] {pod_manager.py:435} INFO - [base]         ],
[2026-08-04T11:58:53.637+0000] {pod_manager.py:435} INFO - [base]         "low_margin_high_traffic_products": [
[2026-08-04T11:58:53.638+0000] {pod_manager.py:435} INFO - [base]             "product_id",
[2026-08-04T11:58:53.638+0000] {pod_manager.py:435} INFO - [base]             "product_name",
[2026-08-04T11:58:53.638+0000] {pod_manager.py:435} INFO - [base]             "category",
[2026-08-04T11:58:53.639+0000] {pod_manager.py:435} INFO - [base]             "sub_category",
[2026-08-04T11:58:53.639+0000] {pod_manager.py:435} INFO - [base]             "brand",
[2026-08-04T11:58:53.644+0000] {pod_manager.py:435} INFO - [base]             "profit_margin",
[2026-08-04T11:58:53.644+0000] {pod_manager.py:435} INFO - [base]             "total_revenue",
[2026-08-04T11:58:53.644+0000] {pod_manager.py:435} INFO - [base]             "total_units_sold",
[2026-08-04T11:58:53.645+0000] {pod_manager.py:435} INFO - [base]             "total_orders",
[2026-08-04T11:58:53.645+0000] {pod_manager.py:435} INFO - [base]             "view_to_purchase_rate",
[2026-08-04T11:58:53.646+0000] {pod_manager.py:435} INFO - [base]             "revenue_per_view",
[2026-08-04T11:58:53.646+0000] {pod_manager.py:435} INFO - [base]             "total_wishlist_adds",
[2026-08-04T11:58:53.646+0000] {pod_manager.py:435} INFO - [base]             "total_cart_adds",
[2026-08-04T11:58:53.647+0000] {pod_manager.py:435} INFO - [base]             "traffic_score"
[2026-08-04T11:58:53.647+0000] {pod_manager.py:435} INFO - [base]         ],
[2026-08-04T11:58:53.647+0000] {pod_manager.py:435} INFO - [base]         "out_of_stock_products": [
[2026-08-04T11:58:53.647+0000] {pod_manager.py:435} INFO - [base]             "product_id",
[2026-08-04T11:58:53.648+0000] {pod_manager.py:435} INFO - [base]             "product_name",
[2026-08-04T11:58:53.648+0000] {pod_manager.py:435} INFO - [base]             "category",
[2026-08-04T11:58:53.648+0000] {pod_manager.py:435} INFO - [base]             "sub_category",
[2026-08-04T11:58:53.649+0000] {pod_manager.py:435} INFO - [base]             "brand",
[2026-08-04T11:58:53.649+0000] {pod_manager.py:435} INFO - [base]             "current_stock_level",
[2026-08-04T11:58:53.649+0000] {pod_manager.py:435} INFO - [base]             "total_units_sold",
[2026-08-04T11:58:53.649+0000] {pod_manager.py:435} INFO - [base]             "total_orders",
[2026-08-04T11:58:53.650+0000] {pod_manager.py:435} INFO - [base]             "total_revenue"
[2026-08-04T11:58:53.650+0000] {pod_manager.py:435} INFO - [base]         ],
[2026-08-04T11:58:53.650+0000] {pod_manager.py:435} INFO - [base]         "low_conversion_products": [
[2026-08-04T11:58:53.650+0000] {pod_manager.py:435} INFO - [base]             "product_id",
[2026-08-04T11:58:53.651+0000] {pod_manager.py:435} INFO - [base]             "product_name",
[2026-08-04T11:58:53.651+0000] {pod_manager.py:435} INFO - [base]             "category",
[2026-08-04T11:58:53.651+0000] {pod_manager.py:435} INFO - [base]             "sub_category",
[2026-08-04T11:58:53.651+0000] {pod_manager.py:435} INFO - [base]             "brand",
[2026-08-04T11:58:53.651+0000] {pod_manager.py:435} INFO - [base]             "view_to_purchase_rate",
[2026-08-04T11:58:53.652+0000] {pod_manager.py:435} INFO - [base]             "cart_to_purchase_rate",
[2026-08-04T11:58:53.662+0000] {pod_manager.py:435} INFO - [base]             "wishlist_to_purchase_rate",
[2026-08-04T11:58:53.662+0000] {pod_manager.py:435} INFO - [base]             "total_units_sold",
[2026-08-04T11:58:53.663+0000] {pod_manager.py:435} INFO - [base]             "total_orders",
[2026-08-04T11:58:53.663+0000] {pod_manager.py:435} INFO - [base]             "total_wishlist_adds",
[2026-08-04T11:58:53.663+0000] {pod_manager.py:435} INFO - [base]             "total_cart_adds",
[2026-08-04T11:58:53.664+0000] {pod_manager.py:435} INFO - [base]             "total_revenue"
[2026-08-04T11:58:53.664+0000] {pod_manager.py:435} INFO - [base]         ],
[2026-08-04T11:58:53.664+0000] {pod_manager.py:435} INFO - [base]         "product_rating_summary": [
[2026-08-04T11:58:53.664+0000] {pod_manager.py:435} INFO - [base]             "product_id",
[2026-08-04T11:58:53.665+0000] {pod_manager.py:435} INFO - [base]             "total_reviews",
[2026-08-04T11:58:53.665+0000] {pod_manager.py:435} INFO - [base]             "avg_rating"
[2026-08-04T11:58:53.665+0000] {pod_manager.py:435} INFO - [base]         ],
[2026-08-04T11:58:53.666+0000] {pod_manager.py:435} INFO - [base]         "category_view_patterns": [
[2026-08-04T11:58:53.666+0000] {pod_manager.py:435} INFO - [base]             "category",
[2026-08-04T11:58:53.666+0000] {pod_manager.py:435} INFO - [base]             "products_in_category",
[2026-08-04T11:58:53.667+0000] {pod_manager.py:435} INFO - [base]             "total_units_sold",
[2026-08-04T11:58:53.667+0000] {pod_manager.py:435} INFO - [base]             "total_orders",
[2026-08-04T11:58:53.668+0000] {pod_manager.py:435} INFO - [base]             "avg_view_to_purchase_rate",
[2026-08-04T11:58:53.668+0000] {pod_manager.py:435} INFO - [base]             "avg_revenue_per_view",
[2026-08-04T11:58:53.668+0000] {pod_manager.py:435} INFO - [base]             "total_revenue"
[2026-08-04T11:58:53.668+0000] {pod_manager.py:435} INFO - [base]         ],
[2026-08-04T11:58:53.669+0000] {pod_manager.py:435} INFO - [base]         "top_view_to_purchase_products": [
[2026-08-04T11:58:53.669+0000] {pod_manager.py:435} INFO - [base]             "product_id",
[2026-08-04T11:58:53.669+0000] {pod_manager.py:435} INFO - [base]             "product_name",
[2026-08-04T11:58:53.670+0000] {pod_manager.py:435} INFO - [base]             "category",
[2026-08-04T11:58:53.671+0000] {pod_manager.py:435} INFO - [base]             "view_to_purchase_rate",
[2026-08-04T11:58:53.671+0000] {pod_manager.py:435} INFO - [base]             "revenue_per_view",
[2026-08-04T11:58:53.671+0000] {pod_manager.py:435} INFO - [base]             "total_units_sold",
[2026-08-04T11:58:53.672+0000] {pod_manager.py:435} INFO - [base]             "total_orders"
[2026-08-04T11:58:53.672+0000] {pod_manager.py:435} INFO - [base]         ],
[2026-08-04T11:58:53.672+0000] {pod_manager.py:435} INFO - [base]         "product_performance_score": [
[2026-08-04T11:58:53.672+0000] {pod_manager.py:435} INFO - [base]             "product_id",
[2026-08-04T11:58:53.673+0000] {pod_manager.py:435} INFO - [base]             "product_name",
[2026-08-04T11:58:53.673+0000] {pod_manager.py:435} INFO - [base]             "category",
[2026-08-04T11:58:53.673+0000] {pod_manager.py:435} INFO - [base]             "sub_category",
[2026-08-04T11:58:53.673+0000] {pod_manager.py:435} INFO - [base]             "brand",
[2026-08-04T11:58:53.674+0000] {pod_manager.py:435} INFO - [base]             "total_units_sold",
[2026-08-04T11:58:53.674+0000] {pod_manager.py:435} INFO - [base]             "total_orders",
[2026-08-04T11:58:53.674+0000] {pod_manager.py:435} INFO - [base]             "total_revenue",
[2026-08-04T11:58:53.674+0000] {pod_manager.py:435} INFO - [base]             "avg_rating",
[2026-08-04T11:58:53.674+0000] {pod_manager.py:435} INFO - [base]             "view_to_purchase_rate",
[2026-08-04T11:58:53.675+0000] {pod_manager.py:435} INFO - [base]             "revenue_score",
[2026-08-04T11:58:53.675+0000] {pod_manager.py:435} INFO - [base]             "volume_score",
[2026-08-04T11:58:53.675+0000] {pod_manager.py:435} INFO - [base]             "rating_score",
[2026-08-04T11:58:53.675+0000] {pod_manager.py:435} INFO - [base]             "view_to_purchase_score",
[2026-08-04T11:58:53.675+0000] {pod_manager.py:435} INFO - [base]             "product_performance_score_computed"
[2026-08-04T11:58:53.676+0000] {pod_manager.py:435} INFO - [base]         ],
[2026-08-04T11:58:53.676+0000] {pod_manager.py:435} INFO - [base]         "category_revenue_share": [
[2026-08-04T11:58:53.676+0000] {pod_manager.py:435} INFO - [base]             "category",
[2026-08-04T11:58:53.676+0000] {pod_manager.py:435} INFO - [base]             "category_revenue",
[2026-08-04T11:58:53.676+0000] {pod_manager.py:435} INFO - [base]             "products_in_category",
[2026-08-04T11:58:53.677+0000] {pod_manager.py:435} INFO - [base]             "total_units_sold",
[2026-08-04T11:58:53.677+0000] {pod_manager.py:435} INFO - [base]             "revenue_per_product",
[2026-08-04T11:58:53.677+0000] {pod_manager.py:435} INFO - [base]             "revenue_share"
[2026-08-04T11:58:53.677+0000] {pod_manager.py:435} INFO - [base]         ],
[2026-08-04T11:58:53.678+0000] {pod_manager.py:435} INFO - [base]         "low_performing_categories": [
[2026-08-04T11:58:53.678+0000] {pod_manager.py:435} INFO - [base]             "category",
[2026-08-04T11:58:53.678+0000] {pod_manager.py:435} INFO - [base]             "products_in_category",
[2026-08-04T11:58:53.678+0000] {pod_manager.py:435} INFO - [base]             "total_units_sold",
[2026-08-04T11:58:53.679+0000] {pod_manager.py:435} INFO - [base]             "total_orders",
[2026-08-04T11:58:53.679+0000] {pod_manager.py:435} INFO - [base]             "total_revenue",
[2026-08-04T11:58:53.679+0000] {pod_manager.py:435} INFO - [base]             "avg_view_to_purchase_rate",
[2026-08-04T11:58:53.679+0000] {pod_manager.py:435} INFO - [base]             "avg_revenue_per_view",
[2026-08-04T11:58:53.679+0000] {pod_manager.py:435} INFO - [base]             "avg_profit_margin",
[2026-08-04T11:58:53.679+0000] {pod_manager.py:435} INFO - [base]             "revenue_share"
[2026-08-04T11:58:53.680+0000] {pod_manager.py:435} INFO - [base]         ],
[2026-08-04T11:58:53.680+0000] {pod_manager.py:435} INFO - [base]         "category_popularity_score": [
[2026-08-04T11:58:53.680+0000] {pod_manager.py:435} INFO - [base]             "category",
[2026-08-04T11:58:53.680+0000] {pod_manager.py:435} INFO - [base]             "products_in_category",
[2026-08-04T11:58:53.681+0000] {pod_manager.py:435} INFO - [base]             "total_units_sold",
[2026-08-04T11:58:53.681+0000] {pod_manager.py:435} INFO - [base]             "total_orders",
[2026-08-04T11:58:53.681+0000] {pod_manager.py:435} INFO - [base]             "total_revenue",
[2026-08-04T11:58:53.681+0000] {pod_manager.py:435} INFO - [base]             "total_wishlist_adds",
[2026-08-04T11:58:53.682+0000] {pod_manager.py:435} INFO - [base]             "total_cart_adds",
[2026-08-04T11:58:53.682+0000] {pod_manager.py:435} INFO - [base]             "units_score",
[2026-08-04T11:58:53.682+0000] {pod_manager.py:435} INFO - [base]             "orders_score",
[2026-08-04T11:58:53.682+0000] {pod_manager.py:435} INFO - [base]             "revenue_score",
[2026-08-04T11:58:53.682+0000] {pod_manager.py:435} INFO - [base]             "wishlist_score",
[2026-08-04T11:58:53.683+0000] {pod_manager.py:435} INFO - [base]             "cart_score",
[2026-08-04T11:58:53.683+0000] {pod_manager.py:435} INFO - [base]             "category_popularity_score"
[2026-08-04T11:58:53.683+0000] {pod_manager.py:435} INFO - [base]         ],
[2026-08-04T11:58:53.683+0000] {pod_manager.py:435} INFO - [base]         "category_profitability": [
[2026-08-04T11:58:53.683+0000] {pod_manager.py:435} INFO - [base]             "category",
[2026-08-04T11:58:53.684+0000] {pod_manager.py:435} INFO - [base]             "products_in_category",
[2026-08-04T11:58:53.684+0000] {pod_manager.py:435} INFO - [base]             "category_revenue",
[2026-08-04T11:58:53.684+0000] {pod_manager.py:435} INFO - [base]             "category_profit",
[2026-08-04T11:58:53.684+0000] {pod_manager.py:435} INFO - [base]             "avg_profit_margin",
[2026-08-04T11:58:53.685+0000] {pod_manager.py:435} INFO - [base]             "total_units_sold",
[2026-08-04T11:58:53.685+0000] {pod_manager.py:435} INFO - [base]             "total_orders",
[2026-08-04T11:58:53.685+0000] {pod_manager.py:435} INFO - [base]             "profit_per_product",
[2026-08-04T11:58:53.685+0000] {pod_manager.py:435} INFO - [base]             "revenue_per_product",
[2026-08-04T11:58:53.685+0000] {pod_manager.py:435} INFO - [base]             "profit_share"
[2026-08-04T11:58:53.686+0000] {pod_manager.py:435} INFO - [base]         ],
[2026-08-04T11:58:53.686+0000] {pod_manager.py:435} INFO - [base]         "category_monthly_seasonality": [
[2026-08-04T11:58:53.686+0000] {pod_manager.py:435} INFO - [base]             "category",
[2026-08-04T11:58:53.686+0000] {pod_manager.py:435} INFO - [base]             "calendar_month",
[2026-08-04T11:58:53.687+0000] {pod_manager.py:435} INFO - [base]             "units_sold",
[2026-08-04T11:58:53.687+0000] {pod_manager.py:435} INFO - [base]             "orders_count",
[2026-08-04T11:58:53.687+0000] {pod_manager.py:435} INFO - [base]             "total_revenue_month"
[2026-08-04T11:58:53.687+0000] {pod_manager.py:435} INFO - [base]         ],
[2026-08-04T11:58:53.688+0000] {pod_manager.py:435} INFO - [base]         "category_peak_season": [
[2026-08-04T11:58:53.688+0000] {pod_manager.py:435} INFO - [base]             "category",
[2026-08-04T11:58:53.688+0000] {pod_manager.py:435} INFO - [base]             "peak_season_month",
[2026-08-04T11:58:53.688+0000] {pod_manager.py:435} INFO - [base]             "units_sold",
[2026-08-04T11:58:53.688+0000] {pod_manager.py:435} INFO - [base]             "orders_count",
[2026-08-04T11:58:53.689+0000] {pod_manager.py:435} INFO - [base]             "peak_season_revenue"
[2026-08-04T11:58:53.689+0000] {pod_manager.py:435} INFO - [base]         ],
[2026-08-04T11:58:53.689+0000] {pod_manager.py:435} INFO - [base]         "product_lifecycle_segments": [
[2026-08-04T11:58:53.689+0000] {pod_manager.py:435} INFO - [base]             "product_id",
[2026-08-04T11:58:53.690+0000] {pod_manager.py:435} INFO - [base]             "product_name",
[2026-08-04T11:58:53.690+0000] {pod_manager.py:435} INFO - [base]             "category",
[2026-08-04T11:58:53.690+0000] {pod_manager.py:435} INFO - [base]             "sub_category",
[2026-08-04T11:58:53.690+0000] {pod_manager.py:435} INFO - [base]             "brand",
[2026-08-04T11:58:53.690+0000] {pod_manager.py:435} INFO - [base]             "launch_date",
[2026-08-04T11:58:53.691+0000] {pod_manager.py:435} INFO - [base]             "days_since_launch",
[2026-08-04T11:58:53.691+0000] {pod_manager.py:435} INFO - [base]             "total_units_sold",
[2026-08-04T11:58:53.691+0000] {pod_manager.py:435} INFO - [base]             "total_orders",
[2026-08-04T11:58:53.691+0000] {pod_manager.py:435} INFO - [base]             "total_revenue",
[2026-08-04T11:58:53.692+0000] {pod_manager.py:435} INFO - [base]             "view_to_purchase_rate",
[2026-08-04T11:58:53.692+0000] {pod_manager.py:435} INFO - [base]             "avg_rating",
[2026-08-04T11:58:53.692+0000] {pod_manager.py:435} INFO - [base]             "current_stock_level",
[2026-08-04T11:58:53.692+0000] {pod_manager.py:435} INFO - [base]             "current_stock",
[2026-08-04T11:58:53.693+0000] {pod_manager.py:435} INFO - [base]             "days_of_supply",
[2026-08-04T11:58:53.693+0000] {pod_manager.py:435} INFO - [base]             "inventory_turnover_rate",
[2026-08-04T11:58:53.693+0000] {pod_manager.py:435} INFO - [base]             "lifecycle_stage"
[2026-08-04T11:58:53.693+0000] {pod_manager.py:435} INFO - [base]         ],
[2026-08-04T11:58:53.694+0000] {pod_manager.py:435} INFO - [base]         "product_lifecycle_summary": [
[2026-08-04T11:58:53.694+0000] {pod_manager.py:435} INFO - [base]             "lifecycle_stage",
[2026-08-04T11:58:53.694+0000] {pod_manager.py:435} INFO - [base]             "products_count",
[2026-08-04T11:58:53.694+0000] {pod_manager.py:435} INFO - [base]             "avg_view_to_purchase_rate",
[2026-08-04T11:58:53.694+0000] {pod_manager.py:435} INFO - [base]             "avg_rating",
[2026-08-04T11:58:53.695+0000] {pod_manager.py:435} INFO - [base]             "avg_units_sold",
[2026-08-04T11:58:53.695+0000] {pod_manager.py:435} INFO - [base]             "avg_revenue",
[2026-08-04T11:58:53.695+0000] {pod_manager.py:435} INFO - [base]             "avg_inventory_turnover_rate"
[2026-08-04T11:58:53.695+0000] {pod_manager.py:435} INFO - [base]         ],
[2026-08-04T11:58:53.696+0000] {pod_manager.py:435} INFO - [base]         "product_stockout_risk": [
[2026-08-04T11:58:53.696+0000] {pod_manager.py:435} INFO - [base]             "product_id",
[2026-08-04T11:58:53.696+0000] {pod_manager.py:435} INFO - [base]             "product_name",
[2026-08-04T11:58:53.696+0000] {pod_manager.py:435} INFO - [base]             "category",
[2026-08-04T11:58:53.697+0000] {pod_manager.py:435} INFO - [base]             "sub_category",
[2026-08-04T11:58:53.697+0000] {pod_manager.py:435} INFO - [base]             "brand",
[2026-08-04T11:58:53.697+0000] {pod_manager.py:435} INFO - [base]             "current_stock_level",
[2026-08-04T11:58:53.697+0000] {pod_manager.py:435} INFO - [base]             "days_of_supply",
[2026-08-04T11:58:53.698+0000] {pod_manager.py:435} INFO - [base]             "total_units_sold",
[2026-08-04T11:58:53.698+0000] {pod_manager.py:435} INFO - [base]             "total_orders",
[2026-08-04T11:58:53.699+0000] {pod_manager.py:435} INFO - [base]             "total_revenue",
[2026-08-04T11:58:53.699+0000] {pod_manager.py:435} INFO - [base]             "is_high_seller",
[2026-08-04T11:58:53.700+0000] {pod_manager.py:435} INFO - [base]             "is_low_stock",
[2026-08-04T11:58:53.700+0000] {pod_manager.py:435} INFO - [base]             "stockout_risk_flag"
[2026-08-04T11:58:53.700+0000] {pod_manager.py:435} INFO - [base]         ],
[2026-08-04T11:58:53.701+0000] {pod_manager.py:435} INFO - [base]         "product_stockout_replenishment": [
[2026-08-04T11:58:53.701+0000] {pod_manager.py:435} INFO - [base]             "product_id",
[2026-08-04T11:58:53.701+0000] {pod_manager.py:435} INFO - [base]             "product_name",
[2026-08-04T11:58:53.701+0000] {pod_manager.py:435} INFO - [base]             "category",
[2026-08-04T11:58:53.702+0000] {pod_manager.py:435} INFO - [base]             "sub_category",
[2026-08-04T11:58:53.702+0000] {pod_manager.py:435} INFO - [base]             "brand",
[2026-08-04T11:58:53.702+0000] {pod_manager.py:435} INFO - [base]             "stockout_occurrences",
[2026-08-04T11:58:53.702+0000] {pod_manager.py:435} INFO - [base]             "stockout_days",
[2026-08-04T11:58:53.702+0000] {pod_manager.py:435} INFO - [base]             "total_units_sold",
[2026-08-04T11:58:53.703+0000] {pod_manager.py:435} INFO - [base]             "total_orders",
[2026-08-04T11:58:53.703+0000] {pod_manager.py:435} INFO - [base]             "total_revenue",
[2026-08-04T11:58:53.703+0000] {pod_manager.py:435} INFO - [base]             "replenishment_priority_score"
[2026-08-04T11:58:53.703+0000] {pod_manager.py:435} INFO - [base]         ],
[2026-08-04T11:58:53.703+0000] {pod_manager.py:435} INFO - [base]         "product_dead_stock": [
[2026-08-04T11:58:53.703+0000] {pod_manager.py:435} INFO - [base]             "product_id",
[2026-08-04T11:58:53.704+0000] {pod_manager.py:435} INFO - [base]             "product_name",
[2026-08-04T11:58:53.704+0000] {pod_manager.py:435} INFO - [base]             "category",
[2026-08-04T11:58:53.704+0000] {pod_manager.py:435} INFO - [base]             "sub_category",
[2026-08-04T11:58:53.705+0000] {pod_manager.py:435} INFO - [base]             "brand",
[2026-08-04T11:58:53.705+0000] {pod_manager.py:435} INFO - [base]             "current_stock_level",
[2026-08-04T11:58:53.705+0000] {pod_manager.py:435} INFO - [base]             "total_units_sold",
[2026-08-04T11:58:53.705+0000] {pod_manager.py:435} INFO - [base]             "total_orders",
[2026-08-04T11:58:53.706+0000] {pod_manager.py:435} INFO - [base]             "total_revenue",
[2026-08-04T11:58:53.706+0000] {pod_manager.py:435} INFO - [base]             "inventory_turnover_rate",
[2026-08-04T11:58:53.706+0000] {pod_manager.py:435} INFO - [base]             "days_of_supply",
[2026-08-04T11:58:53.706+0000] {pod_manager.py:435} INFO - [base]             "dead_stock_score"
[2026-08-04T11:58:53.706+0000] {pod_manager.py:435} INFO - [base]         ],
[2026-08-04T11:58:53.707+0000] {pod_manager.py:435} INFO - [base]         "product_inventory_health": [
[2026-08-04T11:58:53.707+0000] {pod_manager.py:435} INFO - [base]             "product_id",
[2026-08-04T11:58:53.707+0000] {pod_manager.py:435} INFO - [base]             "current_stock",
[2026-08-04T11:58:53.707+0000] {pod_manager.py:435} INFO - [base]             "available_stock",
[2026-08-04T11:58:53.708+0000] {pod_manager.py:435} INFO - [base]             "reorder_point_breach_count",
[2026-08-04T11:58:53.708+0000] {pod_manager.py:435} INFO - [base]             "stockout_frequency",
[2026-08-04T11:58:53.708+0000] {pod_manager.py:435} INFO - [base]             "avg_stock_quantity",
[2026-08-04T11:58:53.709+0000] {pod_manager.py:435} INFO - [base]             "days_of_supply",
[2026-08-04T11:58:53.709+0000] {pod_manager.py:435} INFO - [base]             "inventory_turnover_ratio",
[2026-08-04T11:58:53.709+0000] {pod_manager.py:435} INFO - [base]             "reorder_urgency",
[2026-08-04T11:58:53.710+0000] {pod_manager.py:435} INFO - [base]             "stock_health_score",
[2026-08-04T11:58:53.710+0000] {pod_manager.py:435} INFO - [base]             "product_name",
[2026-08-04T11:58:53.710+0000] {pod_manager.py:435} INFO - [base]             "category",
[2026-08-04T11:58:53.711+0000] {pod_manager.py:435} INFO - [base]             "sub_category",
[2026-08-04T11:58:53.711+0000] {pod_manager.py:435} INFO - [base]             "brand",
[2026-08-04T11:58:53.711+0000] {pod_manager.py:435} INFO - [base]             "total_units_sold",
[2026-08-04T11:58:53.711+0000] {pod_manager.py:435} INFO - [base]             "total_orders",
[2026-08-04T11:58:53.712+0000] {pod_manager.py:435} INFO - [base]             "total_revenue"
[2026-08-04T11:58:53.712+0000] {pod_manager.py:435} INFO - [base]         ],
[2026-08-04T11:58:53.712+0000] {pod_manager.py:435} INFO - [base]         "product_inventory_critical": [
[2026-08-04T11:58:53.713+0000] {pod_manager.py:435} INFO - [base]             "product_id",
[2026-08-04T11:58:53.713+0000] {pod_manager.py:435} INFO - [base]             "current_stock",
[2026-08-04T11:58:53.714+0000] {pod_manager.py:435} INFO - [base]             "available_stock",
[2026-08-04T11:58:53.714+0000] {pod_manager.py:435} INFO - [base]             "reorder_point_breach_count",
[2026-08-04T11:58:53.715+0000] {pod_manager.py:435} INFO - [base]             "stockout_frequency",
[2026-08-04T11:58:53.715+0000] {pod_manager.py:435} INFO - [base]             "avg_stock_quantity",
[2026-08-04T11:58:53.715+0000] {pod_manager.py:435} INFO - [base]             "days_of_supply",
[2026-08-04T11:58:53.715+0000] {pod_manager.py:435} INFO - [base]             "inventory_turnover_ratio",
[2026-08-04T11:58:53.716+0000] {pod_manager.py:435} INFO - [base]             "reorder_urgency",
[2026-08-04T11:58:53.716+0000] {pod_manager.py:435} INFO - [base]             "stock_health_score",
[2026-08-04T11:58:53.716+0000] {pod_manager.py:435} INFO - [base]             "product_name",
[2026-08-04T11:58:53.717+0000] {pod_manager.py:435} INFO - [base]             "category",
[2026-08-04T11:58:53.717+0000] {pod_manager.py:435} INFO - [base]             "sub_category",
[2026-08-04T11:58:53.717+0000] {pod_manager.py:435} INFO - [base]             "brand",
[2026-08-04T11:58:53.717+0000] {pod_manager.py:435} INFO - [base]             "total_units_sold",
[2026-08-04T11:58:53.718+0000] {pod_manager.py:435} INFO - [base]             "total_orders",
[2026-08-04T11:58:53.718+0000] {pod_manager.py:435} INFO - [base]             "total_revenue",
[2026-08-04T11:58:53.719+0000] {pod_manager.py:435} INFO - [base]             "is_low_days_of_supply",
[2026-08-04T11:58:53.719+0000] {pod_manager.py:435} INFO - [base]             "criticality_score"
[2026-08-04T11:58:53.719+0000] {pod_manager.py:435} INFO - [base]         ],
[2026-08-04T11:58:53.719+0000] {pod_manager.py:435} INFO - [base]         "supplier_product_performance": [
[2026-08-04T11:58:53.720+0000] {pod_manager.py:435} INFO - [base]             "product_id",
[2026-08-04T11:58:53.720+0000] {pod_manager.py:435} INFO - [base]             "product_name",
[2026-08-04T11:58:53.720+0000] {pod_manager.py:435} INFO - [base]             "category",
[2026-08-04T11:58:53.721+0000] {pod_manager.py:435} INFO - [base]             "sub_category",
[2026-08-04T11:58:53.721+0000] {pod_manager.py:435} INFO - [base]             "brand",
[2026-08-04T11:58:53.721+0000] {pod_manager.py:435} INFO - [base]             "supplier_id",
[2026-08-04T11:58:53.722+0000] {pod_manager.py:435} INFO - [base]             "total_units_sold",
[2026-08-04T11:58:53.722+0000] {pod_manager.py:435} INFO - [base]             "total_orders",
[2026-08-04T11:58:53.722+0000] {pod_manager.py:435} INFO - [base]             "total_revenue",
[2026-08-04T11:58:53.723+0000] {pod_manager.py:435} INFO - [base]             "total_profit",
[2026-08-04T11:58:53.723+0000] {pod_manager.py:435} INFO - [base]             "profit_margin",
[2026-08-04T11:58:53.723+0000] {pod_manager.py:435} INFO - [base]             "supplier_status",
[2026-08-04T11:58:53.724+0000] {pod_manager.py:435} INFO - [base]             "is_preferred",
[2026-08-04T11:58:53.724+0000] {pod_manager.py:435} INFO - [base]             "is_verified",
[2026-08-04T11:58:53.724+0000] {pod_manager.py:435} INFO - [base]             "sup_total_products_supplied",
[2026-08-04T11:58:53.725+0000] {pod_manager.py:435} INFO - [base]             "sup_total_units_sold",
[2026-08-04T11:58:53.725+0000] {pod_manager.py:435} INFO - [base]             "sup_total_orders_fulfilled",
[2026-08-04T11:58:53.726+0000] {pod_manager.py:435} INFO - [base]             "sup_total_reviews",
[2026-08-04T11:58:53.726+0000] {pod_manager.py:435} INFO - [base]             "sup_total_stockouts",
[2026-08-04T11:58:53.726+0000] {pod_manager.py:435} INFO - [base]             "sup_total_revenue_generated",
[2026-08-04T11:58:53.726+0000] {pod_manager.py:435} INFO - [base]             "sup_avg_profit_margin",
[2026-08-04T11:58:53.727+0000] {pod_manager.py:435} INFO - [base]             "sup_avg_product_rating",
[2026-08-04T11:58:53.729+0000] {pod_manager.py:435} INFO - [base]             "supplier_performance_score",
[2026-08-04T11:58:53.729+0000] {pod_manager.py:435} INFO - [base]             "supplier_reliability_score",
[2026-08-04T11:58:53.730+0000] {pod_manager.py:435} INFO - [base]             "stock_efficiency_ratio",
[2026-08-04T11:58:53.730+0000] {pod_manager.py:435} INFO - [base]             "sup_stockout_rate",
[2026-08-04T11:58:53.730+0000] {pod_manager.py:435} INFO - [base]             "sup_inventory_health_score",
[2026-08-04T11:58:53.730+0000] {pod_manager.py:435} INFO - [base]             "inv_total_products",
[2026-08-04T11:58:53.730+0000] {pod_manager.py:435} INFO - [base]             "inv_total_current_stock",
[2026-08-04T11:58:53.731+0000] {pod_manager.py:435} INFO - [base]             "inv_total_available_stock",
[2026-08-04T11:58:53.731+0000] {pod_manager.py:435} INFO - [base]             "inv_total_reorder_breaches",
[2026-08-04T11:58:53.732+0000] {pod_manager.py:435} INFO - [base]             "inv_total_stockouts",
[2026-08-04T11:58:53.733+0000] {pod_manager.py:435} INFO - [base]             "inv_total_storage_cost",
[2026-08-04T11:58:53.733+0000] {pod_manager.py:435} INFO - [base]             "inv_avg_stock_per_product",
[2026-08-04T11:58:53.733+0000] {pod_manager.py:435} INFO - [base]             "inv_stockout_rate",
[2026-08-04T11:58:53.733+0000] {pod_manager.py:435} INFO - [base]             "inv_inventory_health_score"
[2026-08-04T11:58:53.734+0000] {pod_manager.py:435} INFO - [base]         ],
[2026-08-04T11:58:53.734+0000] {pod_manager.py:435} INFO - [base]         "stockout_rate_by_product": [
[2026-08-04T11:58:53.734+0000] {pod_manager.py:435} INFO - [base]             "product_id",
[2026-08-04T11:58:53.735+0000] {pod_manager.py:435} INFO - [base]             "supplier_id",
[2026-08-04T11:58:53.735+0000] {pod_manager.py:435} INFO - [base]             "stockout_frequency",
[2026-08-04T11:58:53.735+0000] {pod_manager.py:435} INFO - [base]             "reorder_point_breach_count",
[2026-08-04T11:58:53.735+0000] {pod_manager.py:435} INFO - [base]             "current_stock",
[2026-08-04T11:58:53.736+0000] {pod_manager.py:435} INFO - [base]             "available_stock",
[2026-08-04T11:58:53.736+0000] {pod_manager.py:435} INFO - [base]             "days_of_supply",
[2026-08-04T11:58:53.736+0000] {pod_manager.py:435} INFO - [base]             "stock_status",
[2026-08-04T11:58:53.736+0000] {pod_manager.py:435} INFO - [base]             "product_name",
[2026-08-04T11:58:53.737+0000] {pod_manager.py:435} INFO - [base]             "category"
[2026-08-04T11:58:53.737+0000] {pod_manager.py:435} INFO - [base]         ],
[2026-08-04T11:58:53.737+0000] {pod_manager.py:435} INFO - [base]         "supplier_ranking_core": [
[2026-08-04T11:58:53.737+0000] {pod_manager.py:435} INFO - [base]             "supplier_id",
[2026-08-04T11:58:53.738+0000] {pod_manager.py:435} INFO - [base]             "supplier_status",
[2026-08-04T11:58:53.738+0000] {pod_manager.py:435} INFO - [base]             "is_preferred",
[2026-08-04T11:58:53.738+0000] {pod_manager.py:435} INFO - [base]             "is_verified",
[2026-08-04T11:58:53.739+0000] {pod_manager.py:435} INFO - [base]             "total_products_supplied",
[2026-08-04T11:58:53.739+0000] {pod_manager.py:435} INFO - [base]             "total_units_sold",
[2026-08-04T11:58:53.739+0000] {pod_manager.py:435} INFO - [base]             "total_orders_fulfilled",
[2026-08-04T11:58:53.739+0000] {pod_manager.py:435} INFO - [base]             "total_stockouts",
[2026-08-04T11:58:53.740+0000] {pod_manager.py:435} INFO - [base]             "total_revenue_generated",
[2026-08-04T11:58:53.740+0000] {pod_manager.py:435} INFO - [base]             "avg_profit_margin",
[2026-08-04T11:58:53.740+0000] {pod_manager.py:435} INFO - [base]             "stockout_rate",
[2026-08-04T11:58:53.741+0000] {pod_manager.py:435} INFO - [base]             "supplier_inventory_health_score",
[2026-08-04T11:58:53.764+0000] {pod_manager.py:435} INFO - [base]             "supplier_performance_score",
[2026-08-04T11:58:53.765+0000] {pod_manager.py:435} INFO - [base]             "supplier_reliability_score",
[2026-08-04T11:58:53.766+0000] {pod_manager.py:435} INFO - [base]             "stock_efficiency_ratio"
[2026-08-04T11:58:53.766+0000] {pod_manager.py:435} INFO - [base]         ],
[2026-08-04T11:58:53.767+0000] {pod_manager.py:435} INFO - [base]         "supplier_stockout_impact_on_products": [
[2026-08-04T11:58:53.769+0000] {pod_manager.py:435} INFO - [base]             "product_id",
[2026-08-04T11:58:53.770+0000] {pod_manager.py:435} INFO - [base]             "product_name",
[2026-08-04T11:58:53.770+0000] {pod_manager.py:435} INFO - [base]             "category",
[2026-08-04T11:58:53.770+0000] {pod_manager.py:435} INFO - [base]             "sub_category",
[2026-08-04T11:58:53.771+0000] {pod_manager.py:435} INFO - [base]             "brand",
[2026-08-04T11:58:53.771+0000] {pod_manager.py:435} INFO - [base]             "supplier_id",
[2026-08-04T11:58:53.771+0000] {pod_manager.py:435} INFO - [base]             "supplier_status",
[2026-08-04T11:58:53.772+0000] {pod_manager.py:435} INFO - [base]             "is_preferred",
[2026-08-04T11:58:53.772+0000] {pod_manager.py:435} INFO - [base]             "is_verified",
[2026-08-04T11:58:53.772+0000] {pod_manager.py:435} INFO - [base]             "total_revenue",
[2026-08-04T11:58:53.773+0000] {pod_manager.py:435} INFO - [base]             "total_units_sold",
[2026-08-04T11:58:53.773+0000] {pod_manager.py:435} INFO - [base]             "total_orders",
[2026-08-04T11:58:53.773+0000] {pod_manager.py:435} INFO - [base]             "profit_margin",
[2026-08-04T11:58:53.773+0000] {pod_manager.py:435} INFO - [base]             "sup_total_stockouts",
[2026-08-04T11:58:53.774+0000] {pod_manager.py:435} INFO - [base]             "sup_stockout_rate",
[2026-08-04T11:58:53.775+0000] {pod_manager.py:435} INFO - [base]             "sup_inventory_health_score",
[2026-08-04T11:58:53.775+0000] {pod_manager.py:435} INFO - [base]             "supplier_performance_score",
[2026-08-04T11:58:53.775+0000] {pod_manager.py:435} INFO - [base]             "supplier_reliability_score"
[2026-08-04T11:58:53.776+0000] {pod_manager.py:435} INFO - [base]         ],
[2026-08-04T11:58:53.776+0000] {pod_manager.py:435} INFO - [base]         "category_affinity_pairs": [
[2026-08-04T11:58:53.776+0000] {pod_manager.py:435} INFO - [base]             "product_a_category",
[2026-08-04T11:58:53.777+0000] {pod_manager.py:435} INFO - [base]             "product_b_category",
[2026-08-04T11:58:53.777+0000] {pod_manager.py:435} INFO - [base]             "pair_count",
[2026-08-04T11:58:53.777+0000] {pod_manager.py:435} INFO - [base]             "total_co_occurrences",
[2026-08-04T11:58:53.778+0000] {pod_manager.py:435} INFO - [base]             "avg_lift_between_categories",
[2026-08-04T11:58:53.778+0000] {pod_manager.py:435} INFO - [base]             "avg_support"
[2026-08-04T11:58:53.778+0000] {pod_manager.py:435} INFO - [base]         ],
[2026-08-04T11:58:53.778+0000] {pod_manager.py:435} INFO - [base]         "category_affinity_top_per_category": [
[2026-08-04T11:58:53.779+0000] {pod_manager.py:435} INFO - [base]             "base_category",
[2026-08-04T11:58:53.779+0000] {pod_manager.py:435} INFO - [base]             "affinity_category",
[2026-08-04T11:58:53.779+0000] {pod_manager.py:435} INFO - [base]             "pair_count",
[2026-08-04T11:58:53.779+0000] {pod_manager.py:435} INFO - [base]             "total_co_occurrences",
[2026-08-04T11:58:53.780+0000] {pod_manager.py:435} INFO - [base]             "avg_lift",
[2026-08-04T11:58:53.780+0000] {pod_manager.py:435} INFO - [base]             "avg_support"
[2026-08-04T11:58:53.780+0000] {pod_manager.py:435} INFO - [base]         ],
[2026-08-04T11:58:53.780+0000] {pod_manager.py:435} INFO - [base]         "product_affinity_pairs": [
[2026-08-04T11:58:53.781+0000] {pod_manager.py:435} INFO - [base]             "product_a_id",
[2026-08-04T11:58:53.781+0000] {pod_manager.py:435} INFO - [base]             "product_a_name",
[2026-08-04T11:58:53.781+0000] {pod_manager.py:435} INFO - [base]             "product_a_category",
[2026-08-04T11:58:53.781+0000] {pod_manager.py:435} INFO - [base]             "product_b_id",
[2026-08-04T11:58:53.782+0000] {pod_manager.py:435} INFO - [base]             "product_b_name",
[2026-08-04T11:58:53.782+0000] {pod_manager.py:435} INFO - [base]             "product_b_category",
[2026-08-04T11:58:53.782+0000] {pod_manager.py:435} INFO - [base]             "co_occurrence_count",
[2026-08-04T11:58:53.782+0000] {pod_manager.py:435} INFO - [base]             "support",
[2026-08-04T11:58:53.783+0000] {pod_manager.py:435} INFO - [base]             "confidence_a_to_b",
[2026-08-04T11:58:53.783+0000] {pod_manager.py:435} INFO - [base]             "confidence_b_to_a",
[2026-08-04T11:58:53.783+0000] {pod_manager.py:435} INFO - [base]             "lift_a_to_b",
[2026-08-04T11:58:53.783+0000] {pod_manager.py:435} INFO - [base]             "lift_b_to_a",
[2026-08-04T11:58:53.784+0000] {pod_manager.py:435} INFO - [base]             "avg_lift",
[2026-08-04T11:58:53.784+0000] {pod_manager.py:435} INFO - [base]             "affinity_strength",
[2026-08-04T11:58:53.784+0000] {pod_manager.py:435} INFO - [base]             "affinity_score"
[2026-08-04T11:58:53.784+0000] {pod_manager.py:435} INFO - [base]         ],
[2026-08-04T11:58:53.785+0000] {pod_manager.py:435} INFO - [base]         "product_affinity_top_per_product": [
[2026-08-04T11:58:53.785+0000] {pod_manager.py:435} INFO - [base]             "product_a_id",
[2026-08-04T11:58:53.785+0000] {pod_manager.py:435} INFO - [base]             "product_a_name",
[2026-08-04T11:58:53.786+0000] {pod_manager.py:435} INFO - [base]             "product_a_category",
[2026-08-04T11:58:53.786+0000] {pod_manager.py:435} INFO - [base]             "recommended_product_id",
[2026-08-04T11:58:53.786+0000] {pod_manager.py:435} INFO - [base]             "recommended_product_name",
[2026-08-04T11:58:53.786+0000] {pod_manager.py:435} INFO - [base]             "recommended_product_category",
[2026-08-04T11:58:53.787+0000] {pod_manager.py:435} INFO - [base]             "co_occurrence_count",
[2026-08-04T11:58:53.787+0000] {pod_manager.py:435} INFO - [base]             "support",
[2026-08-04T11:58:53.787+0000] {pod_manager.py:435} INFO - [base]             "confidence_a_to_b",
[2026-08-04T11:58:53.788+0000] {pod_manager.py:435} INFO - [base]             "lift_a_to_b",
[2026-08-04T11:58:53.788+0000] {pod_manager.py:435} INFO - [base]             "avg_lift",
[2026-08-04T11:58:53.788+0000] {pod_manager.py:435} INFO - [base]             "affinity_strength",
[2026-08-04T11:58:53.788+0000] {pod_manager.py:435} INFO - [base]             "affinity_score"
[2026-08-04T11:58:53.789+0000] {pod_manager.py:435} INFO - [base]         ],
[2026-08-04T11:58:53.789+0000] {pod_manager.py:435} INFO - [base]         "precomputed_product_recommendations": [
[2026-08-04T11:58:53.789+0000] {pod_manager.py:435} INFO - [base]             "product_a_id",
[2026-08-04T11:58:53.789+0000] {pod_manager.py:435} INFO - [base]             "recommended_products",
[2026-08-04T11:58:53.790+0000] {pod_manager.py:435} INFO - [base]             "avg_affinity_score",
[2026-08-04T11:58:53.790+0000] {pod_manager.py:435} INFO - [base]             "has_recommendations"
[2026-08-04T11:58:53.790+0000] {pod_manager.py:435} INFO - [base]         ],
[2026-08-04T11:58:53.791+0000] {pod_manager.py:435} INFO - [base]         "precomputed_reco_coverage": [
[2026-08-04T11:58:53.791+0000] {pod_manager.py:435} INFO - [base]             "total_products",
[2026-08-04T11:58:53.791+0000] {pod_manager.py:435} INFO - [base]             "products_with_recommendations",
[2026-08-04T11:58:53.791+0000] {pod_manager.py:435} INFO - [base]             "coverage_rate"
[2026-08-04T11:58:53.792+0000] {pod_manager.py:435} INFO - [base]         ],
[2026-08-04T11:58:53.792+0000] {pod_manager.py:435} INFO - [base]         "inventory_stock_status": [
[2026-08-04T11:58:53.792+0000] {pod_manager.py:435} INFO - [base]             "product_id",
[2026-08-04T11:58:53.792+0000] {pod_manager.py:435} INFO - [base]             "supplier_id",
[2026-08-04T11:58:53.793+0000] {pod_manager.py:435} INFO - [base]             "available_stock",
[2026-08-04T11:58:53.793+0000] {pod_manager.py:435} INFO - [base]             "current_stock",
[2026-08-04T11:58:53.793+0000] {pod_manager.py:435} INFO - [base]             "minimum_stock_level",
[2026-08-04T11:58:53.793+0000] {pod_manager.py:435} INFO - [base]             "days_of_supply",
[2026-08-04T11:58:53.794+0000] {pod_manager.py:435} INFO - [base]             "stock_status_computed"
[2026-08-04T11:58:53.794+0000] {pod_manager.py:435} INFO - [base]         ],
[2026-08-04T11:58:53.794+0000] {pod_manager.py:435} INFO - [base]         "days_of_supply": [
[2026-08-04T11:58:53.794+0000] {pod_manager.py:435} INFO - [base]             "product_id",
[2026-08-04T11:58:53.795+0000] {pod_manager.py:435} INFO - [base]             "supplier_id",
[2026-08-04T11:58:53.795+0000] {pod_manager.py:435} INFO - [base]             "available_stock",
[2026-08-04T11:58:53.795+0000] {pod_manager.py:435} INFO - [base]             "avg_daily_sales",
[2026-08-04T11:58:53.795+0000] {pod_manager.py:435} INFO - [base]             "days_of_supply"
[2026-08-04T11:58:53.795+0000] {pod_manager.py:435} INFO - [base]         ],
[2026-08-04T11:58:53.796+0000] {pod_manager.py:435} INFO - [base]         "sku_reorder_urgency": [
[2026-08-04T11:58:53.796+0000] {pod_manager.py:435} INFO - [base]             "product_id",
[2026-08-04T11:58:53.796+0000] {pod_manager.py:435} INFO - [base]             "product_name",
[2026-08-04T11:58:53.796+0000] {pod_manager.py:435} INFO - [base]             "category",
[2026-08-04T11:58:53.797+0000] {pod_manager.py:435} INFO - [base]             "available_stock",
[2026-08-04T11:58:53.797+0000] {pod_manager.py:435} INFO - [base]             "current_stock",
[2026-08-04T11:58:53.797+0000] {pod_manager.py:435} INFO - [base]             "minimum_stock_level",
[2026-08-04T11:58:53.797+0000] {pod_manager.py:435} INFO - [base]             "reorder_point_breach_count",
[2026-08-04T11:58:53.798+0000] {pod_manager.py:435} INFO - [base]             "days_of_supply",
[2026-08-04T11:58:53.798+0000] {pod_manager.py:435} INFO - [base]             "reorder_urgency_score",
[2026-08-04T11:58:53.798+0000] {pod_manager.py:435} INFO - [base]             "reorder_urgency_tier"
[2026-08-04T11:58:53.799+0000] {pod_manager.py:435} INFO - [base]         ],
[2026-08-04T11:58:53.799+0000] {pod_manager.py:435} INFO - [base]         "reorder_point_breach_frequency": [
[2026-08-04T11:58:53.799+0000] {pod_manager.py:435} INFO - [base]             "product_id",
[2026-08-04T11:58:53.799+0000] {pod_manager.py:435} INFO - [base]             "supplier_id",
[2026-08-04T11:58:53.800+0000] {pod_manager.py:435} INFO - [base]             "reorder_point_breach_count",
[2026-08-04T11:58:53.800+0000] {pod_manager.py:435} INFO - [base]             "stock_health_score",
[2026-08-04T11:58:53.800+0000] {pod_manager.py:435} INFO - [base]             "reorder_urgency",
[2026-08-04T11:58:53.800+0000] {pod_manager.py:435} INFO - [base]             "current_stock",
[2026-08-04T11:58:53.801+0000] {pod_manager.py:435} INFO - [base]             "available_stock",
[2026-08-04T11:58:53.801+0000] {pod_manager.py:435} INFO - [base]             "days_of_supply",
[2026-08-04T11:58:53.801+0000] {pod_manager.py:435} INFO - [base]             "stock_status",
[2026-08-04T11:58:53.801+0000] {pod_manager.py:435} INFO - [base]             "product_name",
[2026-08-04T11:58:53.802+0000] {pod_manager.py:435} INFO - [base]             "category",
[2026-08-04T11:58:53.802+0000] {pod_manager.py:435} INFO - [base]             "total_units_sold",
[2026-08-04T11:58:53.802+0000] {pod_manager.py:435} INFO - [base]             "total_revenue"
[2026-08-04T11:58:53.802+0000] {pod_manager.py:435} INFO - [base]         ],
[2026-08-04T11:58:53.803+0000] {pod_manager.py:435} INFO - [base]         "overstock_analysis": [
[2026-08-04T11:58:53.803+0000] {pod_manager.py:435} INFO - [base]             "product_id",
[2026-08-04T11:58:53.803+0000] {pod_manager.py:435} INFO - [base]             "supplier_id",
[2026-08-04T11:58:53.803+0000] {pod_manager.py:435} INFO - [base]             "stock_health_score",
[2026-08-04T11:58:53.804+0000] {pod_manager.py:435} INFO - [base]             "storage_cost",
[2026-08-04T11:58:53.804+0000] {pod_manager.py:435} INFO - [base]             "storage_cost_per_unit",
[2026-08-04T11:58:53.804+0000] {pod_manager.py:435} INFO - [base]             "current_stock",
[2026-08-04T11:58:53.804+0000] {pod_manager.py:435} INFO - [base]             "available_stock",
[2026-08-04T11:58:53.805+0000] {pod_manager.py:435} INFO - [base]             "days_of_supply",
[2026-08-04T11:58:53.805+0000] {pod_manager.py:435} INFO - [base]             "stock_status",
[2026-08-04T11:58:53.805+0000] {pod_manager.py:435} INFO - [base]             "product_name",
[2026-08-04T11:58:53.805+0000] {pod_manager.py:435} INFO - [base]             "category",
[2026-08-04T11:58:53.805+0000] {pod_manager.py:435} INFO - [base]             "total_units_sold",
[2026-08-04T11:58:53.806+0000] {pod_manager.py:435} INFO - [base]             "total_revenue"
[2026-08-04T11:58:53.806+0000] {pod_manager.py:435} INFO - [base]         ],
[2026-08-04T11:58:53.806+0000] {pod_manager.py:435} INFO - [base]         "reserved_vs_available": [
[2026-08-04T11:58:53.806+0000] {pod_manager.py:435} INFO - [base]             "product_id",
[2026-08-04T11:58:53.807+0000] {pod_manager.py:435} INFO - [base]             "product_name",
[2026-08-04T11:58:53.807+0000] {pod_manager.py:435} INFO - [base]             "category",
[2026-08-04T11:58:53.807+0000] {pod_manager.py:435} INFO - [base]             "supplier_id",
[2026-08-04T11:58:53.807+0000] {pod_manager.py:435} INFO - [base]             "available_stock",
[2026-08-04T11:58:53.808+0000] {pod_manager.py:435} INFO - [base]             "reserved_quantity",
[2026-08-04T11:58:53.808+0000] {pod_manager.py:435} INFO - [base]             "total_stock",
[2026-08-04T11:58:53.808+0000] {pod_manager.py:435} INFO - [base]             "reserved_share"
[2026-08-04T11:58:53.808+0000] {pod_manager.py:435} INFO - [base]         ],
[2026-08-04T11:58:53.808+0000] {pod_manager.py:435} INFO - [base]         "excess_inventory_not_selling": [
[2026-08-04T11:58:53.809+0000] {pod_manager.py:435} INFO - [base]             "product_id",
[2026-08-04T11:58:53.809+0000] {pod_manager.py:435} INFO - [base]             "product_name",
[2026-08-04T11:58:53.809+0000] {pod_manager.py:435} INFO - [base]             "category",
[2026-08-04T11:58:53.809+0000] {pod_manager.py:435} INFO - [base]             "supplier_id",
[2026-08-04T11:58:53.810+0000] {pod_manager.py:435} INFO - [base]             "available_stock",
[2026-08-04T11:58:53.810+0000] {pod_manager.py:435} INFO - [base]             "current_stock",
[2026-08-04T11:58:53.810+0000] {pod_manager.py:435} INFO - [base]             "avg_daily_sales_effective",
[2026-08-04T11:58:53.810+0000] {pod_manager.py:435} INFO - [base]             "days_of_supply_effective",
[2026-08-04T11:58:53.811+0000] {pod_manager.py:435} INFO - [base]             "total_units_sold",
[2026-08-04T11:58:53.811+0000] {pod_manager.py:435} INFO - [base]             "total_revenue",
[2026-08-04T11:58:53.811+0000] {pod_manager.py:435} INFO - [base]             "days_since_launch",
[2026-08-04T11:58:53.812+0000] {pod_manager.py:435} INFO - [base]             "stock_health_score",
[2026-08-04T11:58:53.812+0000] {pod_manager.py:435} INFO - [base]             "reorder_urgency"
[2026-08-04T11:58:53.812+0000] {pod_manager.py:435} INFO - [base]         ],
[2026-08-04T11:58:53.812+0000] {pod_manager.py:435} INFO - [base]         "margin_erosion_risk": [
[2026-08-04T11:58:53.812+0000] {pod_manager.py:435} INFO - [base]             "product_id",
[2026-08-04T11:58:53.813+0000] {pod_manager.py:435} INFO - [base]             "product_name",
[2026-08-04T11:58:53.813+0000] {pod_manager.py:435} INFO - [base]             "category",
[2026-08-04T11:58:53.813+0000] {pod_manager.py:435} INFO - [base]             "supplier_id",
[2026-08-04T11:58:53.813+0000] {pod_manager.py:435} INFO - [base]             "storage_cost",
[2026-08-04T11:58:53.814+0000] {pod_manager.py:435} INFO - [base]             "storage_cost_per_unit",
[2026-08-04T11:58:53.814+0000] {pod_manager.py:435} INFO - [base]             "available_stock",
[2026-08-04T11:58:53.814+0000] {pod_manager.py:435} INFO - [base]             "current_stock",
[2026-08-04T11:58:53.815+0000] {pod_manager.py:435} INFO - [base]             "stock_health_score",
[2026-08-04T11:58:53.815+0000] {pod_manager.py:435} INFO - [base]             "total_units_sold",
[2026-08-04T11:58:53.815+0000] {pod_manager.py:435} INFO - [base]             "total_revenue",
[2026-08-04T11:58:53.815+0000] {pod_manager.py:435} INFO - [base]             "avg_order_value_product",
[2026-08-04T11:58:53.816+0000] {pod_manager.py:435} INFO - [base]             "storage_cost_to_revenue",
[2026-08-04T11:58:53.816+0000] {pod_manager.py:435} INFO - [base]             "storage_cost_per_unit_to_price"
[2026-08-04T11:58:53.816+0000] {pod_manager.py:435} INFO - [base]         ],
[2026-08-04T11:58:53.816+0000] {pod_manager.py:435} INFO - [base]         "inventory_carrying_cost_by_product": [
[2026-08-04T11:58:53.817+0000] {pod_manager.py:435} INFO - [base]             "product_id",
[2026-08-04T11:58:53.817+0000] {pod_manager.py:435} INFO - [base]             "product_name",
[2026-08-04T11:58:53.817+0000] {pod_manager.py:435} INFO - [base]             "category",
[2026-08-04T11:58:53.817+0000] {pod_manager.py:435} INFO - [base]             "supplier_id",
[2026-08-04T11:58:53.817+0000] {pod_manager.py:435} INFO - [base]             "storage_cost",
[2026-08-04T11:58:53.817+0000] {pod_manager.py:435} INFO - [base]             "available_stock",
[2026-08-04T11:58:53.818+0000] {pod_manager.py:435} INFO - [base]             "current_stock",
[2026-08-04T11:58:53.818+0000] {pod_manager.py:435} INFO - [base]             "storage_cost_per_unit"
[2026-08-04T11:58:53.818+0000] {pod_manager.py:435} INFO - [base]         ]
[2026-08-04T11:58:53.818+0000] {pod_manager.py:435} INFO - [base]     },
[2026-08-04T11:58:53.818+0000] {pod_manager.py:435} INFO - [base]     "supplier_analytics": {
[2026-08-04T11:58:53.819+0000] {pod_manager.py:435} INFO - [base]         "stockout_rate_by_supplier": [
[2026-08-04T11:58:53.819+0000] {pod_manager.py:435} INFO - [base]             "supplier_id",
[2026-08-04T11:58:53.819+0000] {pod_manager.py:435} INFO - [base]             "supplier_status",
[2026-08-04T11:58:53.819+0000] {pod_manager.py:435} INFO - [base]             "total_stockouts",
[2026-08-04T11:58:53.820+0000] {pod_manager.py:435} INFO - [base]             "supplier_stockout_rate",
[2026-08-04T11:58:53.820+0000] {pod_manager.py:435} INFO - [base]             "inv_total_stockouts",
[2026-08-04T11:58:53.820+0000] {pod_manager.py:435} INFO - [base]             "inv_stockout_rate",
[2026-08-04T11:58:53.820+0000] {pod_manager.py:435} INFO - [base]             "inv_total_products",
[2026-08-04T11:58:53.821+0000] {pod_manager.py:435} INFO - [base]             "inv_total_current_stock",
[2026-08-04T11:58:53.821+0000] {pod_manager.py:435} INFO - [base]             "inv_total_available_stock",
[2026-08-04T11:58:53.821+0000] {pod_manager.py:435} INFO - [base]             "supplier_reliability_score",
[2026-08-04T11:58:53.821+0000] {pod_manager.py:435} INFO - [base]             "supplier_inventory_health_score"
[2026-08-04T11:58:53.822+0000] {pod_manager.py:435} INFO - [base]         ],
[2026-08-04T11:58:53.822+0000] {pod_manager.py:435} INFO - [base]         "storage_cost_efficiency_by_supplier": [
[2026-08-04T11:58:53.822+0000] {pod_manager.py:435} INFO - [base]             "supplier_id",
[2026-08-04T11:58:53.822+0000] {pod_manager.py:435} INFO - [base]             "total_storage_cost",
[2026-08-04T11:58:53.822+0000] {pod_manager.py:435} INFO - [base]             "total_available_stock",
[2026-08-04T11:58:53.823+0000] {pod_manager.py:435} INFO - [base]             "total_current_stock",
[2026-08-04T11:58:53.823+0000] {pod_manager.py:435} INFO - [base]             "avg_storage_cost_per_unit",
[2026-08-04T11:58:53.823+0000] {pod_manager.py:435} INFO - [base]             "supplier_inventory_health_score",
[2026-08-04T11:58:53.823+0000] {pod_manager.py:435} INFO - [base]             "storage_cost_efficiency"
[2026-08-04T11:58:53.824+0000] {pod_manager.py:435} INFO - [base]         ],
[2026-08-04T11:58:53.824+0000] {pod_manager.py:435} INFO - [base]         "inventory_carrying_cost_by_supplier": [
[2026-08-04T11:58:53.824+0000] {pod_manager.py:435} INFO - [base]             "supplier_id",
[2026-08-04T11:58:53.824+0000] {pod_manager.py:435} INFO - [base]             "total_storage_cost",
[2026-08-04T11:58:53.824+0000] {pod_manager.py:435} INFO - [base]             "total_available_stock"
[2026-08-04T11:58:53.825+0000] {pod_manager.py:435} INFO - [base]         ],
[2026-08-04T11:58:53.825+0000] {pod_manager.py:435} INFO - [base]         "supplier_reliability": [
[2026-08-04T11:58:53.825+0000] {pod_manager.py:435} INFO - [base]             "supplier_id",
[2026-08-04T11:58:53.825+0000] {pod_manager.py:435} INFO - [base]             "supplier_status",
[2026-08-04T11:58:53.826+0000] {pod_manager.py:435} INFO - [base]             "supplier_reliability_score_effective",
[2026-08-04T11:58:53.826+0000] {pod_manager.py:435} INFO - [base]             "supplier_performance_score",
[2026-08-04T11:58:53.826+0000] {pod_manager.py:435} INFO - [base]             "stock_efficiency_ratio"
[2026-08-04T11:58:53.826+0000] {pod_manager.py:435} INFO - [base]         ],
[2026-08-04T11:58:53.827+0000] {pod_manager.py:435} INFO - [base]         "supplier_stockouts": [
[2026-08-04T11:58:53.827+0000] {pod_manager.py:435} INFO - [base]             "supplier_id",
[2026-08-04T11:58:53.827+0000] {pod_manager.py:435} INFO - [base]             "total_stockouts",
[2026-08-04T11:58:53.827+0000] {pod_manager.py:435} INFO - [base]             "supplier_stockout_rate",
[2026-08-04T11:58:53.827+0000] {pod_manager.py:435} INFO - [base]             "inv_total_stockouts",
[2026-08-04T11:58:53.828+0000] {pod_manager.py:435} INFO - [base]             "inv_stockout_rate",
[2026-08-04T11:58:53.828+0000] {pod_manager.py:435} INFO - [base]             "inv_total_products",
[2026-08-04T11:58:53.828+0000] {pod_manager.py:435} INFO - [base]             "inv_total_current_stock",
[2026-08-04T11:58:53.828+0000] {pod_manager.py:435} INFO - [base]             "inv_total_available_stock"
[2026-08-04T11:58:53.828+0000] {pod_manager.py:435} INFO - [base]         ],
[2026-08-04T11:58:53.828+0000] {pod_manager.py:435} INFO - [base]         "supplier_fulfillment_performance": [
[2026-08-04T11:58:53.829+0000] {pod_manager.py:435} INFO - [base]             "supplier_id",
[2026-08-04T11:58:53.829+0000] {pod_manager.py:435} INFO - [base]             "supplier_status",
[2026-08-04T11:58:53.829+0000] {pod_manager.py:435} INFO - [base]             "total_orders_fulfilled",
[2026-08-04T11:58:53.829+0000] {pod_manager.py:435} INFO - [base]             "total_units_sold",
[2026-08-04T11:58:53.829+0000] {pod_manager.py:435} INFO - [base]             "avg_restock_lead_time",
[2026-08-04T11:58:53.830+0000] {pod_manager.py:435} INFO - [base]             "supplier_performance_score",
[2026-08-04T11:58:53.830+0000] {pod_manager.py:435} INFO - [base]             "stock_efficiency_ratio",
[2026-08-04T11:58:53.830+0000] {pod_manager.py:435} INFO - [base]             "supplier_reliability_score_effective"
[2026-08-04T11:58:53.830+0000] {pod_manager.py:435} INFO - [base]         ],
[2026-08-04T11:58:53.830+0000] {pod_manager.py:435} INFO - [base]         "supplier_revenue_contribution": [
[2026-08-04T11:58:53.830+0000] {pod_manager.py:435} INFO - [base]             "supplier_id",
[2026-08-04T11:58:53.831+0000] {pod_manager.py:435} INFO - [base]             "total_revenue_generated",
[2026-08-04T11:58:53.831+0000] {pod_manager.py:435} INFO - [base]             "total_orders_fulfilled",
[2026-08-04T11:58:53.832+0000] {pod_manager.py:435} INFO - [base]             "avg_order_value",
[2026-08-04T11:58:53.832+0000] {pod_manager.py:435} INFO - [base]             "revenue_contribution_share"
[2026-08-04T11:58:53.833+0000] {pod_manager.py:435} INFO - [base]         ],
[2026-08-04T11:58:53.833+0000] {pod_manager.py:435} INFO - [base]         "supplier_profit_margin": [
[2026-08-04T11:58:53.833+0000] {pod_manager.py:435} INFO - [base]             "supplier_id",
[2026-08-04T11:58:53.834+0000] {pod_manager.py:435} INFO - [base]             "avg_profit_margin",
[2026-08-04T11:58:53.834+0000] {pod_manager.py:435} INFO - [base]             "total_revenue_generated",
[2026-08-04T11:58:53.834+0000] {pod_manager.py:435} INFO - [base]             "total_orders_fulfilled"
[2026-08-04T11:58:53.834+0000] {pod_manager.py:435} INFO - [base]         ],
[2026-08-04T11:58:53.835+0000] {pod_manager.py:435} INFO - [base] /usr/local/lib/python3.10/site-packages/pyspark/context.py:657: RuntimeWarning: Unable to cleanly shutdown Spark JVM process. It is possible that the process has crashed, been killed or may also be in a zombie state.
[2026-08-04T11:58:53.835+0000] {pod_manager.py:435} INFO - [base]   warnings.warn(
[2026-08-04T11:58:53.835+0000] {pod_manager.py:435} INFO - [base]         "supplier_days_since_last_restock": [
[2026-08-04T11:58:53.835+0000] {pod_manager.py:435} INFO - [base]             "supplier_id",
[2026-08-04T11:58:53.835+0000] {pod_manager.py:435} INFO - [base]             "days_since_last_restock",
[2026-08-04T11:58:53.836+0000] {pod_manager.py:435} INFO - [base]             "inv_total_products",
[2026-08-04T11:58:53.836+0000] {pod_manager.py:435} INFO - [base]             "inv_total_current_stock",
[2026-08-04T11:58:53.836+0000] {pod_manager.py:435} INFO - [base]             "inv_total_available_stock"
[2026-08-04T11:58:53.836+0000] {pod_manager.py:435} INFO - [base]         ],
[2026-08-04T11:58:53.837+0000] {pod_manager.py:435} INFO - [base]         "supplier_contract_expiry": [
[2026-08-04T11:58:53.837+0000] {pod_manager.py:435} INFO - [base]             "supplier_id",
[2026-08-04T11:58:53.837+0000] {pod_manager.py:435} INFO - [base]             "supplier_status",
[2026-08-04T11:58:53.837+0000] {pod_manager.py:435} INFO - [base]             "contract_start_date",
[2026-08-04T11:58:53.837+0000] {pod_manager.py:435} INFO - [base]             "contract_end_date",
[2026-08-04T11:58:53.838+0000] {pod_manager.py:435} INFO - [base]             "days_until_contract_expiry",
[2026-08-04T11:58:53.838+0000] {pod_manager.py:435} INFO - [base]             "contract_status_flag",
[2026-08-04T11:58:53.838+0000] {pod_manager.py:435} INFO - [base]             "supplier_reliability_score_effective",
[2026-08-04T11:58:53.838+0000] {pod_manager.py:435} INFO - [base]             "supplier_performance_score"
[2026-08-04T11:58:53.839+0000] {pod_manager.py:435} INFO - [base]         ]
[2026-08-04T11:58:53.839+0000] {pod_manager.py:435} INFO - [base]     },
[2026-08-04T11:58:53.839+0000] {pod_manager.py:435} INFO - [base]     "marketing_analytics": {
[2026-08-04T11:58:53.839+0000] {pod_manager.py:435} INFO - [base]         "campaign_performance_summary": [
[2026-08-04T11:58:53.840+0000] {pod_manager.py:435} INFO - [base]             "campaign_id",
[2026-08-04T11:58:53.840+0000] {pod_manager.py:435} INFO - [base]             "campaign_name",
[2026-08-04T11:58:53.840+0000] {pod_manager.py:435} INFO - [base]             "campaign_type",
[2026-08-04T11:58:53.840+0000] {pod_manager.py:435} INFO - [base]             "start_date",
[2026-08-04T11:58:53.840+0000] {pod_manager.py:435} INFO - [base]             "end_date",
[2026-08-04T11:58:53.841+0000] {pod_manager.py:435} INFO - [base]             "campaign_status",
[2026-08-04T11:58:53.841+0000] {pod_manager.py:435} INFO - [base]             "impressions",
[2026-08-04T11:58:53.841+0000] {pod_manager.py:435} INFO - [base]             "clicks",
[2026-08-04T11:58:53.841+0000] {pod_manager.py:435} INFO - [base]             "orders_from_campaign",
[2026-08-04T11:58:53.841+0000] {pod_manager.py:435} INFO - [base]             "revenue_generated",
[2026-08-04T11:58:53.841+0000] {pod_manager.py:435} INFO - [base]             "avg_order_value",
[2026-08-04T11:58:53.842+0000] {pod_manager.py:435} INFO - [base]             "conversion_rate",
[2026-08-04T11:58:53.842+0000] {pod_manager.py:435} INFO - [base]             "roas",
[2026-08-04T11:58:53.842+0000] {pod_manager.py:435} INFO - [base]             "roi",
[2026-08-04T11:58:53.843+0000] {pod_manager.py:435} INFO - [base]             "campaign_efficiency_score",
[2026-08-04T11:58:53.843+0000] {pod_manager.py:435} INFO - [base]             "spent_amount",
[2026-08-04T11:58:53.843+0000] {pod_manager.py:435} INFO - [base]             "budget",
[2026-08-04T11:58:53.843+0000] {pod_manager.py:435} INFO - [base]             "revenue_per_click",
[2026-08-04T11:58:53.844+0000] {pod_manager.py:435} INFO - [base]             "roi_per_spend"
[2026-08-04T11:58:53.844+0000] {pod_manager.py:435} INFO - [base]         ],
[2026-08-04T11:58:53.844+0000] {pod_manager.py:435} INFO - [base]         "campaign_product_contribution": [
[2026-08-04T11:58:53.844+0000] {pod_manager.py:435} INFO - [base]             "campaign_id",
[2026-08-04T11:58:53.844+0000] {pod_manager.py:435} INFO - [base]             "product_id",
[2026-08-04T11:58:53.845+0000] {pod_manager.py:435} INFO - [base]             "product_name",
[2026-08-04T11:58:53.845+0000] {pod_manager.py:435} INFO - [base]             "category",
[2026-08-04T11:58:53.845+0000] {pod_manager.py:435} INFO - [base]             "sub_category",
[2026-08-04T11:58:53.845+0000] {pod_manager.py:435} INFO - [base]             "brand",
[2026-08-04T11:58:53.845+0000] {pod_manager.py:435} INFO - [base]             "units_sold",
[2026-08-04T11:58:53.846+0000] {pod_manager.py:435} INFO - [base]             "product_revenue",
[2026-08-04T11:58:53.846+0000] {pod_manager.py:435} INFO - [base]             "orders_count",
[2026-08-04T11:58:53.846+0000] {pod_manager.py:435} INFO - [base]             "avg_product_margin",
[2026-08-04T11:58:53.847+0000] {pod_manager.py:435} INFO - [base]             "campaign_revenue",
[2026-08-04T11:58:53.847+0000] {pod_manager.py:435} INFO - [base]             "product_revenue_share"
[2026-08-04T11:58:53.847+0000] {pod_manager.py:435} INFO - [base]         ],
[2026-08-04T11:58:53.848+0000] {pod_manager.py:435} INFO - [base]         "campaign_ltv": [
[2026-08-04T11:58:53.848+0000] {pod_manager.py:435} INFO - [base]             "campaign_id",
[2026-08-04T11:58:53.849+0000] {pod_manager.py:435} INFO - [base]             "distinct_customers",
[2026-08-04T11:58:53.849+0000] {pod_manager.py:435} INFO - [base]             "campaign_revenue_from_orders",
[2026-08-04T11:58:53.849+0000] {pod_manager.py:435} INFO - [base]             "avg_customer_lifetime_value",
[2026-08-04T11:58:53.850+0000] {pod_manager.py:435} INFO - [base]             "num_customers_with_clv",
[2026-08-04T11:58:53.850+0000] {pod_manager.py:435} INFO - [base]             "high_clv_customers",
[2026-08-04T11:58:53.850+0000] {pod_manager.py:435} INFO - [base]             "high_clv_share"
[2026-08-04T11:58:53.850+0000] {pod_manager.py:435} INFO - [base]         ],
[2026-08-04T11:58:53.851+0000] {pod_manager.py:435} INFO - [base]         "campaign_customer_ltv_summary": [
[2026-08-04T11:58:53.851+0000] {pod_manager.py:435} INFO - [base]             "campaign_id",
[2026-08-04T11:58:53.852+0000] {pod_manager.py:435} INFO - [base]             "distinct_customers",
[2026-08-04T11:58:53.852+0000] {pod_manager.py:435} INFO - [base]             "campaign_revenue_from_orders",
[2026-08-04T11:58:53.852+0000] {pod_manager.py:435} INFO - [base]             "avg_customer_lifetime_value",
[2026-08-04T11:58:53.852+0000] {pod_manager.py:435} INFO - [base]             "num_customers_with_clv",
[2026-08-04T11:58:53.853+0000] {pod_manager.py:435} INFO - [base]             "high_clv_customers",
[2026-08-04T11:58:53.853+0000] {pod_manager.py:435} INFO - [base]             "high_clv_share"
[2026-08-04T11:58:53.853+0000] {pod_manager.py:435} INFO - [base]         ],
[2026-08-04T11:58:53.853+0000] {pod_manager.py:435} INFO - [base]         "campaign_wasteful_campaigns": [
[2026-08-04T11:58:53.854+0000] {pod_manager.py:435} INFO - [base]             "campaign_id",
[2026-08-04T11:58:53.854+0000] {pod_manager.py:435} INFO - [base]             "campaign_name",
[2026-08-04T11:58:53.854+0000] {pod_manager.py:435} INFO - [base]             "campaign_type",
[2026-08-04T11:58:53.854+0000] {pod_manager.py:435} INFO - [base]             "start_date",
[2026-08-04T11:58:53.855+0000] {pod_manager.py:435} INFO - [base]             "end_date",
[2026-08-04T11:58:53.855+0000] {pod_manager.py:435} INFO - [base]             "campaign_status",
[2026-08-04T11:58:53.855+0000] {pod_manager.py:435} INFO - [base]             "impressions",
[2026-08-04T11:58:53.855+0000] {pod_manager.py:435} INFO - [base]             "clicks",
[2026-08-04T11:58:53.856+0000] {pod_manager.py:435} INFO - [base]             "orders_from_campaign",
[2026-08-04T11:58:53.856+0000] {pod_manager.py:435} INFO - [base]             "revenue_generated",
[2026-08-04T11:58:53.856+0000] {pod_manager.py:435} INFO - [base]             "avg_order_value",
[2026-08-04T11:58:53.857+0000] {pod_manager.py:435} INFO - [base]             "conversion_rate",
[2026-08-04T11:58:53.857+0000] {pod_manager.py:435} INFO - [base]             "roas",
[2026-08-04T11:58:53.857+0000] {pod_manager.py:435} INFO - [base]             "roi",
[2026-08-04T11:58:53.857+0000] {pod_manager.py:435} INFO - [base]             "campaign_efficiency_score",
[2026-08-04T11:58:53.857+0000] {pod_manager.py:435} INFO - [base]             "spent_amount",
[2026-08-04T11:58:53.858+0000] {pod_manager.py:435} INFO - [base]             "budget",
[2026-08-04T11:58:53.858+0000] {pod_manager.py:435} INFO - [base]             "revenue_per_click",
[2026-08-04T11:58:53.858+0000] {pod_manager.py:435} INFO - [base]             "roi_per_spend",
[2026-08-04T11:58:53.858+0000] {pod_manager.py:435} INFO - [base]             "revenue_per_click_recalc",
[2026-08-04T11:58:53.859+0000] {pod_manager.py:435} INFO - [base]             "is_low_efficiency"
[2026-08-04T11:58:53.859+0000] {pod_manager.py:435} INFO - [base]         ],
[2026-08-04T11:58:53.859+0000] {pod_manager.py:435} INFO - [base]         "campaign_margin_profile": [
[2026-08-04T11:58:53.859+0000] {pod_manager.py:435} INFO - [base]             "campaign_id",
[2026-08-04T11:58:53.860+0000] {pod_manager.py:435} INFO - [base]             "campaign_avg_product_margin",
[2026-08-04T11:58:53.860+0000] {pod_manager.py:435} INFO - [base]             "campaign_products_revenue",
[2026-08-04T11:58:53.860+0000] {pod_manager.py:435} INFO - [base]             "campaign_units_sold"
[2026-08-04T11:58:53.860+0000] {pod_manager.py:435} INFO - [base]         ],
[2026-08-04T11:58:53.860+0000] {pod_manager.py:435} INFO - [base]         "campaign_performance": [
[2026-08-04T11:58:53.861+0000] {pod_manager.py:435} INFO - [base]             "campaign_id",
[2026-08-04T11:58:53.861+0000] {pod_manager.py:435} INFO - [base]             "campaign_name",
[2026-08-04T11:58:53.861+0000] {pod_manager.py:435} INFO - [base]             "campaign_type",
[2026-08-04T11:58:53.861+0000] {pod_manager.py:435} INFO - [base]             "campaign_status",
[2026-08-04T11:58:53.861+0000] {pod_manager.py:435} INFO - [base]             "performance_tier",
[2026-08-04T11:58:53.862+0000] {pod_manager.py:435} INFO - [base]             "budget",
[2026-08-04T11:58:53.862+0000] {pod_manager.py:435} INFO - [base]             "spent_amount",
[2026-08-04T11:58:53.862+0000] {pod_manager.py:435} INFO - [base]             "effective_impressions",
[2026-08-04T11:58:53.862+0000] {pod_manager.py:435} INFO - [base]             "effective_clicks",
[2026-08-04T11:58:53.862+0000] {pod_manager.py:435} INFO - [base]             "effective_conversions",
[2026-08-04T11:58:53.863+0000] {pod_manager.py:435} INFO - [base]             "revenue_generated",
[2026-08-04T11:58:53.863+0000] {pod_manager.py:435} INFO - [base]             "avg_order_value",
[2026-08-04T11:58:53.863+0000] {pod_manager.py:435} INFO - [base]             "ctr_effective",
[2026-08-04T11:58:53.863+0000] {pod_manager.py:435} INFO - [base]             "conversion_rate_effective",
[2026-08-04T11:58:53.864+0000] {pod_manager.py:435} INFO - [base]             "roas_effective",
[2026-08-04T11:58:53.864+0000] {pod_manager.py:435} INFO - [base]             "roi_effective"
[2026-08-04T11:58:53.864+0000] {pod_manager.py:435} INFO - [base]         ]
[2026-08-04T11:58:53.864+0000] {pod_manager.py:435} INFO - [base]     },
[2026-08-04T11:58:53.864+0000] {pod_manager.py:435} INFO - [base]     "revenue_analytics": {
[2026-08-04T11:58:53.865+0000] {pod_manager.py:435} INFO - [base]         "low_margin_categories": [
[2026-08-04T11:58:53.865+0000] {pod_manager.py:435} INFO - [base]             "category",
[2026-08-04T11:58:53.865+0000] {pod_manager.py:435} INFO - [base]             "avg_profit_margin",
[2026-08-04T11:58:53.865+0000] {pod_manager.py:435} INFO - [base]             "total_category_profit",
[2026-08-04T11:58:53.866+0000] {pod_manager.py:435} INFO - [base]             "total_category_revenue",
[2026-08-04T11:58:53.866+0000] {pod_manager.py:435} INFO - [base]             "units_sold"
[2026-08-04T11:58:53.866+0000] {pod_manager.py:435} INFO - [base]         ],
[2026-08-04T11:58:53.866+0000] {pod_manager.py:435} INFO - [base]         "rev_by_country_city": [
[2026-08-04T11:58:53.866+0000] {pod_manager.py:435} INFO - [base]             "country",
[2026-08-04T11:58:53.867+0000] {pod_manager.py:435} INFO - [base]             "city",
[2026-08-04T11:58:53.867+0000] {pod_manager.py:435} INFO - [base]             "customer_count",
[2026-08-04T11:58:53.867+0000] {pod_manager.py:435} INFO - [base]             "segment_revenue",
[2026-08-04T11:58:53.867+0000] {pod_manager.py:435} INFO - [base]             "revenue_per_customer",
[2026-08-04T11:58:53.868+0000] {pod_manager.py:435} INFO - [base]             "revenue_share"
[2026-08-04T11:58:53.868+0000] {pod_manager.py:435} INFO - [base]         ],
[2026-08-04T11:58:53.868+0000] {pod_manager.py:435} INFO - [base]         "rev_by_customer_segment": [
[2026-08-04T11:58:53.868+0000] {pod_manager.py:435} INFO - [base]             "customer_segment",
[2026-08-04T11:58:53.869+0000] {pod_manager.py:435} INFO - [base]             "customer_count",
[2026-08-04T11:58:53.869+0000] {pod_manager.py:435} INFO - [base]             "segment_revenue",
[2026-08-04T11:58:53.869+0000] {pod_manager.py:435} INFO - [base]             "revenue_per_customer",
[2026-08-04T11:58:53.869+0000] {pod_manager.py:435} INFO - [base]             "revenue_share"
[2026-08-04T11:58:53.870+0000] {pod_manager.py:435} INFO - [base]         ],
[2026-08-04T11:58:53.870+0000] {pod_manager.py:435} INFO - [base]         "rev_by_rfm_segment": [
[2026-08-04T11:58:53.870+0000] {pod_manager.py:435} INFO - [base]             "rfm_segment",
[2026-08-04T11:58:53.870+0000] {pod_manager.py:435} INFO - [base]             "customer_count",
[2026-08-04T11:58:53.870+0000] {pod_manager.py:435} INFO - [base]             "segment_revenue",
[2026-08-04T11:58:53.871+0000] {pod_manager.py:435} INFO - [base]             "revenue_per_customer",
[2026-08-04T11:58:53.871+0000] {pod_manager.py:435} INFO - [base]             "revenue_share"
[2026-08-04T11:58:53.871+0000] {pod_manager.py:435} INFO - [base]         ],
[2026-08-04T11:58:53.871+0000] {pod_manager.py:435} INFO - [base]         "rev_by_segment_label": [
[2026-08-04T11:58:53.872+0000] {pod_manager.py:435} INFO - [base]             "customer_segment_label",
[2026-08-04T11:58:53.872+0000] {pod_manager.py:435} INFO - [base]             "customer_count",
[2026-08-04T11:58:53.872+0000] {pod_manager.py:435} INFO - [base]             "segment_revenue",
[2026-08-04T11:58:53.872+0000] {pod_manager.py:435} INFO - [base]             "revenue_per_customer",
[2026-08-04T11:58:53.872+0000] {pod_manager.py:435} INFO - [base]             "revenue_share"
[2026-08-04T11:58:53.873+0000] {pod_manager.py:435} INFO - [base]         ],
[2026-08-04T11:58:53.873+0000] {pod_manager.py:435} INFO - [base]         "rev_by_referrer": [
[2026-08-04T11:58:53.873+0000] {pod_manager.py:435} INFO - [base]             "preferred_referrer_source",
[2026-08-04T11:58:53.873+0000] {pod_manager.py:435} INFO - [base]             "customer_count",
[2026-08-04T11:58:53.873+0000] {pod_manager.py:435} INFO - [base]             "segment_revenue",
[2026-08-04T11:58:53.874+0000] {pod_manager.py:435} INFO - [base]             "revenue_per_customer",
[2026-08-04T11:58:53.874+0000] {pod_manager.py:435} INFO - [base]             "revenue_share"
[2026-08-04T11:58:53.874+0000] {pod_manager.py:435} INFO - [base]         ],
[2026-08-04T11:58:53.874+0000] {pod_manager.py:435} INFO - [base]         "rev_by_device": [
[2026-08-04T11:58:53.875+0000] {pod_manager.py:435} INFO - [base]             "preferred_device_type",
[2026-08-04T11:58:53.875+0000] {pod_manager.py:435} INFO - [base]             "customer_count",
[2026-08-04T11:58:53.875+0000] {pod_manager.py:435} INFO - [base]             "segment_revenue",
[2026-08-04T11:58:53.875+0000] {pod_manager.py:435} INFO - [base]             "revenue_per_customer",
[2026-08-04T11:58:53.876+0000] {pod_manager.py:435} INFO - [base]             "revenue_share"
[2026-08-04T11:58:53.876+0000] {pod_manager.py:435} INFO - [base]         ],
[2026-08-04T11:58:53.876+0000] {pod_manager.py:435} INFO - [base]         "aov_trend_daily": [
[2026-08-04T11:58:53.876+0000] {pod_manager.py:435} INFO - [base]             "order_date",
[2026-08-04T11:58:53.876+0000] {pod_manager.py:435} INFO - [base]             "order_year",
[2026-08-04T11:58:53.877+0000] {pod_manager.py:435} INFO - [base]             "order_month",
[2026-08-04T11:58:53.877+0000] {pod_manager.py:435} INFO - [base]             "total_orders",
[2026-08-04T11:58:53.877+0000] {pod_manager.py:435} INFO - [base]             "total_revenue",
[2026-08-04T11:58:53.877+0000] {pod_manager.py:435} INFO - [base]             "avg_order_value"
[2026-08-04T11:58:53.877+0000] {pod_manager.py:435} INFO - [base]         ],
[2026-08-04T11:58:53.878+0000] {pod_manager.py:435} INFO - [base]         "aov_trend_weekly": [
[2026-08-04T11:58:53.878+0000] {pod_manager.py:435} INFO - [base]             "year_week",
[2026-08-04T11:58:53.878+0000] {pod_manager.py:435} INFO - [base]             "order_year",
[2026-08-04T11:58:53.878+0000] {pod_manager.py:435} INFO - [base]             "order_week",
[2026-08-04T11:58:53.878+0000] {pod_manager.py:435} INFO - [base]             "total_orders",
[2026-08-04T11:58:53.879+0000] {pod_manager.py:435} INFO - [base]             "total_revenue",
[2026-08-04T11:58:53.879+0000] {pod_manager.py:435} INFO - [base]             "avg_order_value"
[2026-08-04T11:58:53.879+0000] {pod_manager.py:435} INFO - [base]         ],
[2026-08-04T11:58:53.880+0000] {pod_manager.py:435} INFO - [base]         "aov_trend_monthly": [
[2026-08-04T11:58:53.880+0000] {pod_manager.py:435} INFO - [base]             "year_month",
[2026-08-04T11:58:53.880+0000] {pod_manager.py:435} INFO - [base]             "order_year",
[2026-08-04T11:58:53.880+0000] {pod_manager.py:435} INFO - [base]             "order_month",
[2026-08-04T11:58:53.881+0000] {pod_manager.py:435} INFO - [base]             "total_orders",
[2026-08-04T11:58:53.881+0000] {pod_manager.py:435} INFO - [base]             "total_revenue",
[2026-08-04T11:58:53.881+0000] {pod_manager.py:435} INFO - [base]             "avg_order_value"
[2026-08-04T11:58:53.881+0000] {pod_manager.py:435} INFO - [base]         ],
[2026-08-04T11:58:53.881+0000] {pod_manager.py:435} INFO - [base]         "segment_aov_by_rfm": [
[2026-08-04T11:58:53.882+0000] {pod_manager.py:435} INFO - [base]             "rfm_segment",
[2026-08-04T11:58:53.882+0000] {pod_manager.py:435} INFO - [base]             "orders",
[2026-08-04T11:58:53.882+0000] {pod_manager.py:435} INFO - [base]             "total_revenue",
[2026-08-04T11:58:53.882+0000] {pod_manager.py:435} INFO - [base]             "avg_order_value_segment",
[2026-08-04T11:58:53.883+0000] {pod_manager.py:435} INFO - [base]             "unique_customers"
[2026-08-04T11:58:53.883+0000] {pod_manager.py:435} INFO - [base]         ],
[2026-08-04T11:58:53.883+0000] {pod_manager.py:435} INFO - [base]         "inventory_carrying_cost_overall": [
[2026-08-04T11:58:53.883+0000] {pod_manager.py:435} INFO - [base]             "total_inventory_carrying_cost"
[2026-08-04T11:58:53.883+0000] {pod_manager.py:435} INFO - [base]         ]
[2026-08-04T11:58:53.884+0000] {pod_manager.py:435} INFO - [base]     },
[2026-08-04T11:58:53.884+0000] {pod_manager.py:435} INFO - [base]     "funnel_analytics": {
[2026-08-04T11:58:53.884+0000] {pod_manager.py:435} INFO - [base]         "high_value_funnel": [
[2026-08-04T11:58:53.884+0000] {pod_manager.py:435} INFO - [base]             "session_id",
[2026-08-04T11:58:53.885+0000] {pod_manager.py:435} INFO - [base]             "customer_id",
[2026-08-04T11:58:53.885+0000] {pod_manager.py:435} INFO - [base]             "session_start",
[2026-08-04T11:58:53.885+0000] {pod_manager.py:435} INFO - [base]             "device_type",
[2026-08-04T11:58:53.885+0000] {pod_manager.py:435} INFO - [base]             "referrer_source",
[2026-08-04T11:58:53.886+0000] {pod_manager.py:435} INFO - [base]             "products_viewed",
[2026-08-04T11:58:53.886+0000] {pod_manager.py:435} INFO - [base]             "total_products_viewed",
[2026-08-04T11:58:53.886+0000] {pod_manager.py:435} INFO - [base]             "items_added_to_cart",
[2026-08-04T11:58:53.886+0000] {pod_manager.py:435} INFO - [base]             "orders_from_session",
[2026-08-04T11:58:53.886+0000] {pod_manager.py:435} INFO - [base]             "converted",
[2026-08-04T11:58:53.887+0000] {pod_manager.py:435} INFO - [base]             "abandoned",
[2026-08-04T11:58:53.887+0000] {pod_manager.py:435} INFO - [base]             "cart_value",
[2026-08-04T11:58:53.887+0000] {pod_manager.py:435} INFO - [base]             "session_engagement_score",
[2026-08-04T11:58:53.887+0000] {pod_manager.py:435} INFO - [base]             "session_type",
[2026-08-04T11:58:53.888+0000] {pod_manager.py:435} INFO - [base]             "conversion_flag",
[2026-08-04T11:58:53.888+0000] {pod_manager.py:435} INFO - [base]             "cart_abandonment_flag",
[2026-08-04T11:58:53.888+0000] {pod_manager.py:435} INFO - [base]             "reached_view",
[2026-08-04T11:58:53.888+0000] {pod_manager.py:435} INFO - [base]             "reached_cart",
[2026-08-04T11:58:53.889+0000] {pod_manager.py:435} INFO - [base]             "reached_order",
[2026-08-04T11:58:53.889+0000] {pod_manager.py:435} INFO - [base]             "session_monetary_value",
[2026-08-04T11:58:53.889+0000] {pod_manager.py:435} INFO - [base]             "is_high_value_session",
[2026-08-04T11:58:53.889+0000] {pod_manager.py:435} INFO - [base]             "view_to_cart_rate",
[2026-08-04T11:58:53.890+0000] {pod_manager.py:435} INFO - [base]             "cart_to_order_rate",
[2026-08-04T11:58:53.890+0000] {pod_manager.py:435} INFO - [base]             "view_to_order_rate"
[2026-08-04T11:58:53.890+0000] {pod_manager.py:435} INFO - [base]         ],
[2026-08-04T11:58:53.890+0000] {pod_manager.py:435} INFO - [base]         "high_value_vs_regular": [
[2026-08-04T11:58:53.890+0000] {pod_manager.py:435} INFO - [base]             "is_high_value_session",
[2026-08-04T11:58:53.891+0000] {pod_manager.py:435} INFO - [base]             "session_count",
[2026-08-04T11:58:53.891+0000] {pod_manager.py:435} INFO - [base]             "avg_products_viewed",
[2026-08-04T11:58:53.891+0000] {pod_manager.py:435} INFO - [base]             "avg_items_in_cart",
[2026-08-04T11:58:53.891+0000] {pod_manager.py:435} INFO - [base]             "avg_orders",
[2026-08-04T11:58:53.892+0000] {pod_manager.py:435} INFO - [base]             "avg_session_value",
[2026-08-04T11:58:53.892+0000] {pod_manager.py:435} INFO - [base]             "total_value",
[2026-08-04T11:58:53.892+0000] {pod_manager.py:435} INFO - [base]             "avg_view_to_cart_rate",
[2026-08-04T11:58:53.892+0000] {pod_manager.py:435} INFO - [base]             "avg_cart_to_order_rate",
[2026-08-04T11:58:53.893+0000] {pod_manager.py:435} INFO - [base]             "avg_view_to_order_rate"
[2026-08-04T11:58:53.893+0000] {pod_manager.py:435} INFO - [base]         ],
[2026-08-04T11:58:53.893+0000] {pod_manager.py:435} INFO - [base]         "funnel_by_device": [
[2026-08-04T11:58:53.893+0000] {pod_manager.py:435} INFO - [base]             "device_type",
[2026-08-04T11:58:53.893+0000] {pod_manager.py:435} INFO - [base]             "total_sessions",
[2026-08-04T11:58:53.894+0000] {pod_manager.py:435} INFO - [base]             "sessions_with_views",
[2026-08-04T11:58:53.894+0000] {pod_manager.py:435} INFO - [base]             "sessions_with_cart",
[2026-08-04T11:58:53.894+0000] {pod_manager.py:435} INFO - [base]             "sessions_with_orders",
[2026-08-04T11:58:53.894+0000] {pod_manager.py:435} INFO - [base]             "avg_session_value",
[2026-08-04T11:58:53.894+0000] {pod_manager.py:435} INFO - [base]             "high_value_sessions",
[2026-08-04T11:58:53.895+0000] {pod_manager.py:435} INFO - [base]             "conversion_rate"
[2026-08-04T11:58:53.895+0000] {pod_manager.py:435} INFO - [base]         ],
[2026-08-04T11:58:53.895+0000] {pod_manager.py:435} INFO - [base]         "funnel_by_referrer": [
[2026-08-04T11:58:53.895+0000] {pod_manager.py:435} INFO - [base]             "referrer_source",
[2026-08-04T11:58:53.895+0000] {pod_manager.py:435} INFO - [base]             "total_sessions",
[2026-08-04T11:58:53.896+0000] {pod_manager.py:435} INFO - [base]             "sessions_with_views",
[2026-08-04T11:58:53.896+0000] {pod_manager.py:435} INFO - [base]             "sessions_with_cart",
[2026-08-04T11:58:53.896+0000] {pod_manager.py:435} INFO - [base]             "sessions_with_orders",
[2026-08-04T11:58:53.896+0000] {pod_manager.py:435} INFO - [base]             "avg_session_value",
[2026-08-04T11:58:53.897+0000] {pod_manager.py:435} INFO - [base]             "high_value_sessions",
[2026-08-04T11:58:53.897+0000] {pod_manager.py:435} INFO - [base]             "conversion_rate"
[2026-08-04T11:58:53.897+0000] {pod_manager.py:435} INFO - [base]         ],
[2026-08-04T11:58:53.897+0000] {pod_manager.py:435} INFO - [base]         "abandoned_vs_converted": [
[2026-08-04T11:58:53.898+0000] {pod_manager.py:435} INFO - [base]             "converted",
[2026-08-04T11:58:53.898+0000] {pod_manager.py:435} INFO - [base]             "session_count",
[2026-08-04T11:58:53.898+0000] {pod_manager.py:435} INFO - [base]             "avg_products_viewed",
[2026-08-04T11:58:53.898+0000] {pod_manager.py:435} INFO - [base]             "avg_items_in_cart",
[2026-08-04T11:58:53.899+0000] {pod_manager.py:435} INFO - [base]             "avg_cart_value",
[2026-08-04T11:58:53.899+0000] {pod_manager.py:435} INFO - [base]             "total_cart_value"
[2026-08-04T11:58:53.899+0000] {pod_manager.py:435} INFO - [base]         ],
[2026-08-04T11:58:53.899+0000] {pod_manager.py:435} INFO - [base]         "checkout_dropoff_reasons": [
[2026-08-04T11:58:53.900+0000] {pod_manager.py:435} INFO - [base]             "cart_abandonment_reason",
[2026-08-04T11:58:53.900+0000] {pod_manager.py:435} INFO - [base]             "dropoff_count",
[2026-08-04T11:58:53.900+0000] {pod_manager.py:435} INFO - [base]             "avg_abandonment_risk_score",
[2026-08-04T11:58:53.900+0000] {pod_manager.py:435} INFO - [base]             "conversion_after_abandonment_rate"
[2026-08-04T11:58:53.900+0000] {pod_manager.py:435} INFO - [base]         ],
[2026-08-04T11:58:53.901+0000] {pod_manager.py:435} INFO - [base]         "checkout_dropoff_buckets": [
[2026-08-04T11:58:53.901+0000] {pod_manager.py:435} INFO - [base]             "dropoff_bucket",
[2026-08-04T11:58:53.901+0000] {pod_manager.py:435} INFO - [base]             "dropoff_count",
[2026-08-04T11:58:53.901+0000] {pod_manager.py:435} INFO - [base]             "avg_abandonment_risk_score"
[2026-08-04T11:58:53.901+0000] {pod_manager.py:435} INFO - [base]         ],
[2026-08-04T11:58:53.901+0000] {pod_manager.py:435} INFO - [base]         "checkout_dropoff_by_device_and_reason": [
[2026-08-04T11:58:53.902+0000] {pod_manager.py:435} INFO - [base]             "device_type",
[2026-08-04T11:58:53.902+0000] {pod_manager.py:435} INFO - [base]             "dropoff_bucket",
[2026-08-04T11:58:53.902+0000] {pod_manager.py:435} INFO - [base]             "dropoff_count",
[2026-08-04T11:58:53.902+0000] {pod_manager.py:435} INFO - [base]             "avg_abandonment_risk_score",
[2026-08-04T11:58:53.902+0000] {pod_manager.py:435} INFO - [base]             "avg_session_engagement_score"
[2026-08-04T11:58:53.903+0000] {pod_manager.py:435} INFO - [base]         ],
[2026-08-04T11:58:53.903+0000] {pod_manager.py:435} INFO - [base]         "device_conversion_rates": [
[2026-08-04T11:58:53.903+0000] {pod_manager.py:435} INFO - [base]             "device_used",
[2026-08-04T11:58:53.903+0000] {pod_manager.py:435} INFO - [base]             "carts",
[2026-08-04T11:58:53.903+0000] {pod_manager.py:435} INFO - [base]             "converted_carts",
[2026-08-04T11:58:53.904+0000] {pod_manager.py:435} INFO - [base]             "abandoned_carts",
[2026-08-04T11:58:53.904+0000] {pod_manager.py:435} INFO - [base]             "conversion_rate",
[2026-08-04T11:58:53.904+0000] {pod_manager.py:435} INFO - [base]             "abandonment_rate"
[2026-08-04T11:58:53.904+0000] {pod_manager.py:435} INFO - [base]         ]
[2026-08-04T11:58:53.904+0000] {pod_manager.py:435} INFO - [base]     },
[2026-08-04T11:58:53.904+0000] {pod_manager.py:435} INFO - [base]     "payment_analytics": {
[2026-08-04T11:58:53.905+0000] {pod_manager.py:435} INFO - [base]         "payment_counts_by_country_method": [
[2026-08-04T11:58:53.905+0000] {pod_manager.py:435} INFO - [base]             "country",
[2026-08-04T11:58:53.905+0000] {pod_manager.py:435} INFO - [base]             "payment_method",
[2026-08-04T11:58:53.905+0000] {pod_manager.py:435} INFO - [base]             "payment_count",
[2026-08-04T11:58:53.905+0000] {pod_manager.py:435} INFO - [base]             "order_count"
[2026-08-04T11:58:53.905+0000] {pod_manager.py:435} INFO - [base]         ],
[2026-08-04T11:58:53.906+0000] {pod_manager.py:435} INFO - [base]         "payment_counts_by_state_method": [
[2026-08-04T11:58:53.906+0000] {pod_manager.py:435} INFO - [base]             "country",
[2026-08-04T11:58:53.906+0000] {pod_manager.py:435} INFO - [base]             "state_province",
[2026-08-04T11:58:53.906+0000] {pod_manager.py:435} INFO - [base]             "payment_method",
[2026-08-04T11:58:53.906+0000] {pod_manager.py:435} INFO - [base]             "payment_count",
[2026-08-04T11:58:53.907+0000] {pod_manager.py:435} INFO - [base]             "order_count"
[2026-08-04T11:58:53.907+0000] {pod_manager.py:435} INFO - [base]         ],
[2026-08-04T11:58:53.907+0000] {pod_manager.py:435} INFO - [base]         "payment_method_success_rates": [
[2026-08-04T11:58:53.907+0000] {pod_manager.py:435} INFO - [base]             "payment_method",
[2026-08-04T11:58:53.907+0000] {pod_manager.py:435} INFO - [base]             "total_payments",
[2026-08-04T11:58:53.908+0000] {pod_manager.py:435} INFO - [base]             "completed_payments",
[2026-08-04T11:58:53.908+0000] {pod_manager.py:435} INFO - [base]             "distinct_orders",
[2026-08-04T11:58:53.908+0000] {pod_manager.py:435} INFO - [base]             "success_rate"
[2026-08-04T11:58:53.908+0000] {pod_manager.py:435} INFO - [base]         ],
[2026-08-04T11:58:53.908+0000] {pod_manager.py:435} INFO - [base]         "payment_method_success_rates_by_country": [
[2026-08-04T11:58:53.909+0000] {pod_manager.py:435} INFO - [base]             "country",
[2026-08-04T11:58:53.909+0000] {pod_manager.py:435} INFO - [base]             "payment_method",
[2026-08-04T11:58:53.909+0000] {pod_manager.py:435} INFO - [base]             "total_payments",
[2026-08-04T11:58:53.909+0000] {pod_manager.py:435} INFO - [base]             "completed_payments",
[2026-08-04T11:58:53.909+0000] {pod_manager.py:435} INFO - [base]             "distinct_orders",
[2026-08-04T11:58:53.910+0000] {pod_manager.py:435} INFO - [base]             "success_rate"
[2026-08-04T11:58:53.910+0000] {pod_manager.py:435} INFO - [base]         ],
[2026-08-04T11:58:53.910+0000] {pod_manager.py:435} INFO - [base]         "payment_method_aov": [
[2026-08-04T11:58:53.910+0000] {pod_manager.py:435} INFO - [base]             "payment_method",
[2026-08-04T11:58:53.910+0000] {pod_manager.py:435} INFO - [base]             "payment_count",
[2026-08-04T11:58:53.910+0000] {pod_manager.py:435} INFO - [base]             "order_count",
[2026-08-04T11:58:53.911+0000] {pod_manager.py:435} INFO - [base]             "total_revenue",
[2026-08-04T11:58:53.911+0000] {pod_manager.py:435} INFO - [base]             "avg_order_value_method"
[2026-08-04T11:58:53.911+0000] {pod_manager.py:435} INFO - [base]         ],
[2026-08-04T11:58:53.911+0000] {pod_manager.py:435} INFO - [base]         "refund_rate_by_payment_method": [
[2026-08-04T11:58:53.911+0000] {pod_manager.py:435} INFO - [base]             "payment_method",
[2026-08-04T11:58:53.912+0000] {pod_manager.py:435} INFO - [base]             "total_payments",
[2026-08-04T11:58:53.912+0000] {pod_manager.py:435} INFO - [base]             "total_refund_amount",
[2026-08-04T11:58:53.912+0000] {pod_manager.py:435} INFO - [base]             "payments_with_refund",
[2026-08-04T11:58:53.912+0000] {pod_manager.py:435} INFO - [base]             "refund_rate_payments",
[2026-08-04T11:58:53.912+0000] {pod_manager.py:435} INFO - [base]             "avg_refund_per_payment"
[2026-08-04T11:58:53.913+0000] {pod_manager.py:435} INFO - [base]         ],
[2026-08-04T11:58:53.913+0000] {pod_manager.py:435} INFO - [base]         "refund_rate_by_product": [
[2026-08-04T11:58:53.913+0000] {pod_manager.py:435} INFO - [base]             "product_id",
[2026-08-04T11:58:53.913+0000] {pod_manager.py:435} INFO - [base]             "product_name",
[2026-08-04T11:58:53.913+0000] {pod_manager.py:435} INFO - [base]             "category",
[2026-08-04T11:58:53.914+0000] {pod_manager.py:435} INFO - [base]             "orders_for_product",
[2026-08-04T11:58:53.914+0000] {pod_manager.py:435} INFO - [base]             "orders_with_refund",
[2026-08-04T11:58:53.914+0000] {pod_manager.py:435} INFO - [base]             "total_refund_amount",
[2026-08-04T11:58:53.914+0000] {pod_manager.py:435} INFO - [base]             "refund_rate_orders"
[2026-08-04T11:58:53.914+0000] {pod_manager.py:435} INFO - [base]         ],
[2026-08-04T11:58:53.915+0000] {pod_manager.py:435} INFO - [base]         "refund_rate_by_month": [
[2026-08-04T11:58:53.915+0000] {pod_manager.py:435} INFO - [base]             "order_placed_year",
[2026-08-04T11:58:53.915+0000] {pod_manager.py:435} INFO - [base]             "order_placed_month",
[2026-08-04T11:58:53.915+0000] {pod_manager.py:435} INFO - [base]             "orders",
[2026-08-04T11:58:53.915+0000] {pod_manager.py:435} INFO - [base]             "orders_with_refund",
[2026-08-04T11:58:53.916+0000] {pod_manager.py:435} INFO - [base]             "total_refund_amount",
[2026-08-04T11:58:53.916+0000] {pod_manager.py:435} INFO - [base]             "total_order_amount",
[2026-08-04T11:58:53.916+0000] {pod_manager.py:435} INFO - [base]             "refund_rate_orders",
[2026-08-04T11:58:53.916+0000] {pod_manager.py:435} INFO - [base]             "refund_rate_amount"
[2026-08-04T11:58:53.916+0000] {pod_manager.py:435} INFO - [base]         ],
[2026-08-04T11:58:53.917+0000] {pod_manager.py:435} INFO - [base]         "time_to_refund_by_payment_method": [
[2026-08-04T11:58:53.917+0000] {pod_manager.py:435} INFO - [base]             "payment_method",
[2026-08-04T11:58:53.917+0000] {pod_manager.py:435} INFO - [base]             "refunded_payments",
[2026-08-04T11:58:53.917+0000] {pod_manager.py:435} INFO - [base]             "total_refund_amount",
[2026-08-04T11:58:53.917+0000] {pod_manager.py:435} INFO - [base]             "avg_days_to_refund",
[2026-08-04T11:58:53.918+0000] {pod_manager.py:435} INFO - [base]             "days_to_refund_percentiles",
[2026-08-04T11:58:53.918+0000] {pod_manager.py:435} INFO - [base]             "min_days_to_refund",
[2026-08-04T11:58:53.918+0000] {pod_manager.py:435} INFO - [base]             "max_days_to_refund"
[2026-08-04T11:58:53.918+0000] {pod_manager.py:435} INFO - [base]         ]
[2026-08-04T11:58:53.918+0000] {pod_manager.py:435} INFO - [base]     },
[2026-08-04T11:58:53.919+0000] {pod_manager.py:435} INFO - [base]     "review_analytics": {
[2026-08-04T11:58:53.919+0000] {pod_manager.py:435} INFO - [base]         "review_velocity_daily": [
[2026-08-04T11:58:53.919+0000] {pod_manager.py:435} INFO - [base]             "product_id",
[2026-08-04T11:58:53.919+0000] {pod_manager.py:435} INFO - [base]             "review_date",
[2026-08-04T11:58:53.919+0000] {pod_manager.py:435} INFO - [base]             "daily_reviews",
[2026-08-04T11:58:53.920+0000] {pod_manager.py:435} INFO - [base]             "avg_rating_daily"
[2026-08-04T11:58:53.920+0000] {pod_manager.py:435} INFO - [base]         ],
[2026-08-04T11:58:53.920+0000] {pod_manager.py:435} INFO - [base]         "review_velocity_weekly": [
[2026-08-04T11:58:53.920+0000] {pod_manager.py:435} INFO - [base]             "product_id",
[2026-08-04T11:58:53.920+0000] {pod_manager.py:435} INFO - [base]             "year_week",
[2026-08-04T11:58:53.921+0000] {pod_manager.py:435} INFO - [base]             "review_year",
[2026-08-04T11:58:53.921+0000] {pod_manager.py:435} INFO - [base]             "review_week",
[2026-08-04T11:58:53.921+0000] {pod_manager.py:435} INFO - [base]             "weekly_reviews",
[2026-08-04T11:58:53.921+0000] {pod_manager.py:435} INFO - [base]             "avg_rating_weekly"
[2026-08-04T11:58:53.921+0000] {pod_manager.py:435} INFO - [base]         ],
[2026-08-04T11:58:53.921+0000] {pod_manager.py:435} INFO - [base]         "review_velocity_monthly": [
[2026-08-04T11:58:53.922+0000] {pod_manager.py:435} INFO - [base]             "product_id",
[2026-08-04T11:58:53.922+0000] {pod_manager.py:435} INFO - [base]             "year_month",
[2026-08-04T11:58:53.922+0000] {pod_manager.py:435} INFO - [base]             "review_year",
[2026-08-04T11:58:53.922+0000] {pod_manager.py:435} INFO - [base]             "review_month",
[2026-08-04T11:58:53.923+0000] {pod_manager.py:435} INFO - [base]             "monthly_reviews",
[2026-08-04T11:58:53.923+0000] {pod_manager.py:435} INFO - [base]             "avg_rating_monthly"
[2026-08-04T11:58:53.923+0000] {pod_manager.py:435} INFO - [base]         ],
[2026-08-04T11:58:53.923+0000] {pod_manager.py:435} INFO - [base]         "sentiment_by_category": [
[2026-08-04T11:58:53.923+0000] {pod_manager.py:435} INFO - [base]             "category",
[2026-08-04T11:58:53.924+0000] {pod_manager.py:435} INFO - [base]             "total_reviews",
[2026-08-04T11:58:53.924+0000] {pod_manager.py:435} INFO - [base]             "avg_rating",
[2026-08-04T11:58:53.924+0000] {pod_manager.py:435} INFO - [base]             "positive_reviews",
[2026-08-04T11:58:53.924+0000] {pod_manager.py:435} INFO - [base]             "negative_reviews",
[2026-08-04T11:58:53.924+0000] {pod_manager.py:435} INFO - [base]             "neutral_reviews",
[2026-08-04T11:58:53.925+0000] {pod_manager.py:435} INFO - [base]             "avg_sentiment_score",
[2026-08-04T11:58:53.925+0000] {pod_manager.py:435} INFO - [base]             "positive_share",
[2026-08-04T11:58:53.925+0000] {pod_manager.py:435} INFO - [base]             "negative_share"
[2026-08-04T11:58:53.925+0000] {pod_manager.py:435} INFO - [base]         ],
[2026-08-04T11:58:53.925+0000] {pod_manager.py:435} INFO - [base]         "product_monthly_rating_trends": [
[2026-08-04T11:58:53.926+0000] {pod_manager.py:435} INFO - [base]             "product_id",
[2026-08-04T11:58:53.926+0000] {pod_manager.py:435} INFO - [base]             "product_name",
[2026-08-04T11:58:53.926+0000] {pod_manager.py:435} INFO - [base]             "category",
[2026-08-04T11:58:53.926+0000] {pod_manager.py:435} INFO - [base]             "total_units_sold",
[2026-08-04T11:58:53.927+0000] {pod_manager.py:435} INFO - [base]             "total_revenue",
[2026-08-04T11:58:53.927+0000] {pod_manager.py:435} INFO - [base]             "year_month",
[2026-08-04T11:58:53.927+0000] {pod_manager.py:435} INFO - [base]             "review_year",
[2026-08-04T11:58:53.927+0000] {pod_manager.py:435} INFO - [base]             "review_month",
[2026-08-04T11:58:53.928+0000] {pod_manager.py:435} INFO - [base]             "monthly_reviews",
[2026-08-04T11:58:53.928+0000] {pod_manager.py:435} INFO - [base]             "avg_rating_month"
[2026-08-04T11:58:53.928+0000] {pod_manager.py:435} INFO - [base]         ],
[2026-08-04T11:58:53.928+0000] {pod_manager.py:435} INFO - [base]         "low_rated_product_monthly_trends_rating_only": [
[2026-08-04T11:58:53.929+0000] {pod_manager.py:435} INFO - [base]             "product_id",
[2026-08-04T11:58:53.929+0000] {pod_manager.py:435} INFO - [base]             "product_name",
[2026-08-04T11:58:53.929+0000] {pod_manager.py:435} INFO - [base]             "category",
[2026-08-04T11:58:53.929+0000] {pod_manager.py:435} INFO - [base]             "total_units_sold",
[2026-08-04T11:58:53.930+0000] {pod_manager.py:435} INFO - [base]             "total_revenue",
[2026-08-04T11:58:53.930+0000] {pod_manager.py:435} INFO - [base]             "year_month",
[2026-08-04T11:58:53.930+0000] {pod_manager.py:435} INFO - [base]             "review_year",
[2026-08-04T11:58:53.930+0000] {pod_manager.py:435} INFO - [base]             "review_month",
[2026-08-04T11:58:53.931+0000] {pod_manager.py:435} INFO - [base]             "monthly_reviews",
[2026-08-04T11:58:53.931+0000] {pod_manager.py:435} INFO - [base]             "avg_rating_month"
[2026-08-04T11:58:53.931+0000] {pod_manager.py:435} INFO - [base]         ],
[2026-08-04T11:58:53.931+0000] {pod_manager.py:435} INFO - [base]         "rating_tier_per_product": [
[2026-08-04T11:58:53.931+0000] {pod_manager.py:435} INFO - [base]             "product_id",
[2026-08-04T11:58:53.932+0000] {pod_manager.py:435} INFO - [base]             "product_name",
[2026-08-04T11:58:53.932+0000] {pod_manager.py:435} INFO - [base]             "category",
[2026-08-04T11:58:53.932+0000] {pod_manager.py:435} INFO - [base]             "total_reviews",
[2026-08-04T11:58:53.932+0000] {pod_manager.py:435} INFO - [base]             "avg_rating_product",
[2026-08-04T11:58:53.933+0000] {pod_manager.py:435} INFO - [base]             "total_units_sold",
[2026-08-04T11:58:53.933+0000] {pod_manager.py:435} INFO - [base]             "total_revenue",
[2026-08-04T11:58:53.933+0000] {pod_manager.py:435} INFO - [base]             "rating_tier"
[2026-08-04T11:58:53.933+0000] {pod_manager.py:435} INFO - [base]         ],
[2026-08-04T11:58:53.934+0000] {pod_manager.py:435} INFO - [base]         "rating_tier_sales_velocity": [
[2026-08-04T11:58:53.934+0000] {pod_manager.py:435} INFO - [base]             "rating_tier",
[2026-08-04T11:58:53.934+0000] {pod_manager.py:435} INFO - [base]             "products_in_tier",
[2026-08-04T11:58:53.934+0000] {pod_manager.py:435} INFO - [base]             "total_units_sold_tier",
[2026-08-04T11:58:53.935+0000] {pod_manager.py:435} INFO - [base]             "total_revenue_tier",
[2026-08-04T11:58:53.935+0000] {pod_manager.py:435} INFO - [base]             "avg_units_sold_per_product",
[2026-08-04T11:58:53.935+0000] {pod_manager.py:435} INFO - [base]             "avg_revenue_per_product",
[2026-08-04T11:58:53.935+0000] {pod_manager.py:435} INFO - [base]             "avg_rating_in_tier",
[2026-08-04T11:58:53.936+0000] {pod_manager.py:435} INFO - [base]             "avg_reviews_per_product"
[2026-08-04T11:58:53.936+0000] {pod_manager.py:435} INFO - [base]         ]
[2026-08-04T11:58:53.936+0000] {pod_manager.py:435} INFO - [base]     },
[2026-08-04T11:58:53.936+0000] {pod_manager.py:435} INFO - [base]     "operations_analytics": {
[2026-08-04T11:58:53.937+0000] {pod_manager.py:435} INFO - [base]         "processing_by_category": [
[2026-08-04T11:58:53.937+0000] {pod_manager.py:435} INFO - [base]             "category",
[2026-08-04T11:58:53.937+0000] {pod_manager.py:435} INFO - [base]             "orders",
[2026-08-04T11:58:53.937+0000] {pod_manager.py:435} INFO - [base]             "total_units",
[2026-08-04T11:58:53.938+0000] {pod_manager.py:435} INFO - [base]             "avg_processing_days",
[2026-08-04T11:58:53.938+0000] {pod_manager.py:435} INFO - [base]             "avg_delivery_days",
[2026-08-04T11:58:53.938+0000] {pod_manager.py:435} INFO - [base]             "avg_total_fulfillment_days",
[2026-08-04T11:58:53.938+0000] {pod_manager.py:435} INFO - [base]             "median_processing_days",
[2026-08-04T11:58:53.939+0000] {pod_manager.py:435} INFO - [base]             "max_processing_days"
[2026-08-04T11:58:53.939+0000] {pod_manager.py:435} INFO - [base]         ],
[2026-08-04T11:58:53.939+0000] {pod_manager.py:435} INFO - [base]         "processing_by_subcategory": [
[2026-08-04T11:58:53.939+0000] {pod_manager.py:435} INFO - [base]             "category",
[2026-08-04T11:58:53.940+0000] {pod_manager.py:435} INFO - [base]             "sub_category",
[2026-08-04T11:58:53.940+0000] {pod_manager.py:435} INFO - [base]             "orders",
[2026-08-04T11:58:53.940+0000] {pod_manager.py:435} INFO - [base]             "avg_processing_days",
[2026-08-04T11:58:53.940+0000] {pod_manager.py:435} INFO - [base]             "avg_delivery_days",
[2026-08-04T11:58:53.941+0000] {pod_manager.py:435} INFO - [base]             "median_processing_days"
[2026-08-04T11:58:53.941+0000] {pod_manager.py:435} INFO - [base]         ],
[2026-08-04T11:58:53.941+0000] {pod_manager.py:435} INFO - [base]         "processing_by_hour": [
[2026-08-04T11:58:53.941+0000] {pod_manager.py:435} INFO - [base]             "order_hour",
[2026-08-04T11:58:53.941+0000] {pod_manager.py:435} INFO - [base]             "orders",
[2026-08-04T11:58:53.942+0000] {pod_manager.py:435} INFO - [base]             "avg_processing_days",
[2026-08-04T11:58:53.942+0000] {pod_manager.py:435} INFO - [base]             "avg_delivery_days",
[2026-08-04T11:58:53.942+0000] {pod_manager.py:435} INFO - [base]             "total_revenue"
[2026-08-04T11:58:53.942+0000] {pod_manager.py:435} INFO - [base]         ],
[2026-08-04T11:58:53.943+0000] {pod_manager.py:435} INFO - [base]         "processing_by_day_of_week": [
[2026-08-04T11:58:53.943+0000] {pod_manager.py:435} INFO - [base]             "order_dow",
[2026-08-04T11:58:53.943+0000] {pod_manager.py:435} INFO - [base]             "order_dow_name",
[2026-08-04T11:58:53.943+0000] {pod_manager.py:435} INFO - [base]             "orders",
[2026-08-04T11:58:53.944+0000] {pod_manager.py:435} INFO - [base]             "avg_processing_days",
[2026-08-04T11:58:53.944+0000] {pod_manager.py:435} INFO - [base]             "avg_delivery_days",
[2026-08-04T11:58:53.944+0000] {pod_manager.py:435} INFO - [base]             "total_revenue"
[2026-08-04T11:58:53.944+0000] {pod_manager.py:435} INFO - [base]         ],
[2026-08-04T11:58:53.944+0000] {pod_manager.py:435} INFO - [base]         "weekend_vs_weekday": [
[2026-08-04T11:58:53.945+0000] {pod_manager.py:435} INFO - [base]             "day_type",
[2026-08-04T11:58:53.945+0000] {pod_manager.py:435} INFO - [base]             "orders",
[2026-08-04T11:58:53.945+0000] {pod_manager.py:435} INFO - [base]             "avg_processing_days",
[2026-08-04T11:58:53.945+0000] {pod_manager.py:435} INFO - [base]             "avg_delivery_days",
[2026-08-04T11:58:53.945+0000] {pod_manager.py:435} INFO - [base]             "total_revenue"
[2026-08-04T11:58:53.946+0000] {pod_manager.py:435} INFO - [base]         ],
[2026-08-04T11:58:53.946+0000] {pod_manager.py:435} INFO - [base]         "delivery_days_by_country": [
[2026-08-04T11:58:53.946+0000] {pod_manager.py:435} INFO - [base]             "country",
[2026-08-04T11:58:53.946+0000] {pod_manager.py:435} INFO - [base]             "delivered_orders",
[2026-08-04T11:58:53.947+0000] {pod_manager.py:435} INFO - [base]             "avg_delivery_days",
[2026-08-04T11:58:53.947+0000] {pod_manager.py:435} INFO - [base]             "median_delivery_days",
[2026-08-04T11:58:53.947+0000] {pod_manager.py:435} INFO - [base]             "max_delivery_days"
[2026-08-04T11:58:53.947+0000] {pod_manager.py:435} INFO - [base]         ],
[2026-08-04T11:58:53.947+0000] {pod_manager.py:435} INFO - [base]         "delivery_days_by_state": [
[2026-08-04T11:58:53.948+0000] {pod_manager.py:435} INFO - [base]             "country",
[2026-08-04T11:58:53.948+0000] {pod_manager.py:435} INFO - [base]             "state_province",
[2026-08-04T11:58:53.948+0000] {pod_manager.py:435} INFO - [base]             "delivered_orders",
[2026-08-04T11:58:53.948+0000] {pod_manager.py:435} INFO - [base]             "avg_delivery_days",
[2026-08-04T11:58:53.948+0000] {pod_manager.py:435} INFO - [base]             "median_delivery_days",
[2026-08-04T11:58:53.949+0000] {pod_manager.py:435} INFO - [base]             "max_delivery_days"
[2026-08-04T11:58:53.949+0000] {pod_manager.py:435} INFO - [base]         ],
[2026-08-04T11:58:53.949+0000] {pod_manager.py:435} INFO - [base]         "delivery_days_by_city": [
[2026-08-04T11:58:53.949+0000] {pod_manager.py:435} INFO - [base]             "country",
[2026-08-04T11:58:53.949+0000] {pod_manager.py:435} INFO - [base]             "state_province",
[2026-08-04T11:58:53.950+0000] {pod_manager.py:435} INFO - [base]             "city",
[2026-08-04T11:58:53.950+0000] {pod_manager.py:435} INFO - [base]             "delivered_orders",
[2026-08-04T11:58:53.950+0000] {pod_manager.py:435} INFO - [base]             "avg_delivery_days",
[2026-08-04T11:58:53.950+0000] {pod_manager.py:435} INFO - [base]             "median_delivery_days",
[2026-08-04T11:58:53.950+0000] {pod_manager.py:435} INFO - [base]             "max_delivery_days"
[2026-08-04T11:58:53.951+0000] {pod_manager.py:435} INFO - [base]         ],
[2026-08-04T11:58:53.951+0000] {pod_manager.py:435} INFO - [base]         "ontime_delivery_by_country": [
[2026-08-04T11:58:53.951+0000] {pod_manager.py:435} INFO - [base]             "country",
[2026-08-04T11:58:53.951+0000] {pod_manager.py:435} INFO - [base]             "delivered_orders",
[2026-08-04T11:58:53.951+0000] {pod_manager.py:435} INFO - [base]             "on_time_orders",
[2026-08-04T11:58:53.952+0000] {pod_manager.py:435} INFO - [base]             "on_time_rate",
[2026-08-04T11:58:53.952+0000] {pod_manager.py:435} INFO - [base]             "avg_delivery_days"
[2026-08-04T11:58:53.952+0000] {pod_manager.py:435} INFO - [base]         ],
[2026-08-04T11:58:53.952+0000] {pod_manager.py:435} INFO - [base]         "ontime_delivery_by_state": [
[2026-08-04T11:58:53.952+0000] {pod_manager.py:435} INFO - [base]             "country",
[2026-08-04T11:58:53.952+0000] {pod_manager.py:435} INFO - [base]             "state_province",
[2026-08-04T11:58:53.952+0000] {pod_manager.py:435} INFO - [base]             "delivered_orders",
[2026-08-04T11:58:53.953+0000] {pod_manager.py:435} INFO - [base]             "on_time_orders",
[2026-08-04T11:58:53.953+0000] {pod_manager.py:435} INFO - [base]             "on_time_rate",
[2026-08-04T11:58:53.953+0000] {pod_manager.py:435} INFO - [base]             "avg_delivery_days"
[2026-08-04T11:58:53.953+0000] {pod_manager.py:435} INFO - [base]         ],
[2026-08-04T11:58:53.953+0000] {pod_manager.py:435} INFO - [base]         "ontime_delivery_by_city": [
[2026-08-04T11:58:53.954+0000] {pod_manager.py:435} INFO - [base]             "country",
[2026-08-04T11:58:53.954+0000] {pod_manager.py:435} INFO - [base]             "state_province",
[2026-08-04T11:58:53.954+0000] {pod_manager.py:435} INFO - [base]             "city",
[2026-08-04T11:58:53.954+0000] {pod_manager.py:435} INFO - [base]             "delivered_orders",
[2026-08-04T11:58:53.954+0000] {pod_manager.py:435} INFO - [base]             "on_time_orders",
[2026-08-04T11:58:53.955+0000] {pod_manager.py:435} INFO - [base]             "on_time_rate",
[2026-08-04T11:58:53.955+0000] {pod_manager.py:435} INFO - [base]             "avg_delivery_days"
[2026-08-04T11:58:53.955+0000] {pod_manager.py:435} INFO - [base]         ],
[2026-08-04T11:58:53.955+0000] {pod_manager.py:435} INFO - [base]         "shipping_efficiency_by_country": [
[2026-08-04T11:58:53.955+0000] {pod_manager.py:435} INFO - [base]             "country",
[2026-08-04T11:58:53.956+0000] {pod_manager.py:435} INFO - [base]             "orders",
[2026-08-04T11:58:53.956+0000] {pod_manager.py:435} INFO - [base]             "total_shipping_cost",
[2026-08-04T11:58:53.956+0000] {pod_manager.py:435} INFO - [base]             "total_subtotal",
[2026-08-04T11:58:53.956+0000] {pod_manager.py:435} INFO - [base]             "avg_shipping_pct_of_subtotal",
[2026-08-04T11:58:53.956+0000] {pod_manager.py:435} INFO - [base]             "median_shipping_pct_of_subtotal",
[2026-08-04T11:58:53.956+0000] {pod_manager.py:435} INFO - [base]             "shipping_pct_of_subtotal_overall"
[2026-08-04T11:58:53.957+0000] {pod_manager.py:435} INFO - [base]         ],
[2026-08-04T11:58:53.957+0000] {pod_manager.py:435} INFO - [base]         "shipping_efficiency_by_state": [
[2026-08-04T11:58:53.957+0000] {pod_manager.py:435} INFO - [base]             "country",
[2026-08-04T11:58:53.957+0000] {pod_manager.py:435} INFO - [base]             "state_province",
[2026-08-04T11:58:53.957+0000] {pod_manager.py:435} INFO - [base]             "orders",
[2026-08-04T11:58:53.958+0000] {pod_manager.py:435} INFO - [base]             "total_shipping_cost",
[2026-08-04T11:58:53.958+0000] {pod_manager.py:435} INFO - [base]             "total_subtotal",
[2026-08-04T11:58:53.958+0000] {pod_manager.py:435} INFO - [base]             "avg_shipping_pct_of_subtotal",
[2026-08-04T11:58:53.958+0000] {pod_manager.py:435} INFO - [base]             "median_shipping_pct_of_subtotal",
[2026-08-04T11:58:53.958+0000] {pod_manager.py:435} INFO - [base]             "shipping_pct_of_subtotal_overall"
[2026-08-04T11:58:53.959+0000] {pod_manager.py:435} INFO - [base]         ],
[2026-08-04T11:58:53.959+0000] {pod_manager.py:435} INFO - [base]         "shipping_efficiency_by_city": [
[2026-08-04T11:58:53.959+0000] {pod_manager.py:435} INFO - [base]             "country",
[2026-08-04T11:58:53.959+0000] {pod_manager.py:435} INFO - [base]             "state_province",
[2026-08-04T11:58:53.959+0000] {pod_manager.py:435} INFO - [base]             "city",
[2026-08-04T11:58:53.960+0000] {pod_manager.py:435} INFO - [base]             "orders",
[2026-08-04T11:58:53.960+0000] {pod_manager.py:435} INFO - [base]             "total_shipping_cost",
[2026-08-04T11:58:53.960+0000] {pod_manager.py:435} INFO - [base]             "total_subtotal",
[2026-08-04T11:58:53.960+0000] {pod_manager.py:435} INFO - [base]             "avg_shipping_pct_of_subtotal",
[2026-08-04T11:58:53.960+0000] {pod_manager.py:435} INFO - [base]             "median_shipping_pct_of_subtotal",
[2026-08-04T11:58:53.961+0000] {pod_manager.py:435} INFO - [base]             "shipping_pct_of_subtotal_overall"
[2026-08-04T11:58:53.961+0000] {pod_manager.py:435} INFO - [base]         ],
[2026-08-04T11:58:53.961+0000] {pod_manager.py:435} INFO - [base]         "processing_by_season": [
[2026-08-04T11:58:53.961+0000] {pod_manager.py:435} INFO - [base]             "season",
[2026-08-04T11:58:53.961+0000] {pod_manager.py:435} INFO - [base]             "orders",
[2026-08-04T11:58:53.962+0000] {pod_manager.py:435} INFO - [base]             "avg_processing_days",
[2026-08-04T11:58:53.962+0000] {pod_manager.py:435} INFO - [base]             "median_processing_days",
[2026-08-04T11:58:53.962+0000] {pod_manager.py:435} INFO - [base]             "max_processing_days"
[2026-08-04T11:58:53.962+0000] {pod_manager.py:435} INFO - [base]         ],
[2026-08-04T11:58:53.962+0000] {pod_manager.py:435} INFO - [base]         "processing_by_season_and_status": [
[2026-08-04T11:58:53.962+0000] {pod_manager.py:435} INFO - [base]             "season",
[2026-08-04T11:58:53.963+0000] {pod_manager.py:435} INFO - [base]             "order_status",
[2026-08-04T11:58:53.963+0000] {pod_manager.py:435} INFO - [base]             "orders",
[2026-08-04T11:58:53.963+0000] {pod_manager.py:435} INFO - [base]             "avg_processing_days",
[2026-08-04T11:58:53.963+0000] {pod_manager.py:435} INFO - [base]             "median_processing_days"
[2026-08-04T11:58:53.963+0000] {pod_manager.py:435} INFO - [base]         ]
[2026-08-04T11:58:53.963+0000] {pod_manager.py:435} INFO - [base]     },
[2026-08-04T11:58:53.964+0000] {pod_manager.py:435} INFO - [base]     "wishlist_analytics": {
[2026-08-04T11:58:53.964+0000] {pod_manager.py:435} INFO - [base]         "wishlist_overall_summary": [
[2026-08-04T11:58:53.964+0000] {pod_manager.py:435} INFO - [base]             "total_wishlist_items",
[2026-08-04T11:58:53.964+0000] {pod_manager.py:435} INFO - [base]             "customers_using_wishlist",
[2026-08-04T11:58:53.964+0000] {pod_manager.py:435} INFO - [base]             "products_in_wishlist",
[2026-08-04T11:58:53.964+0000] {pod_manager.py:435} INFO - [base]             "wishlist_purchased_items",
[2026-08-04T11:58:53.965+0000] {pod_manager.py:435} INFO - [base]             "wishlist_conversion_rate"
[2026-08-04T11:58:53.965+0000] {pod_manager.py:435} INFO - [base]         ],
[2026-08-04T11:58:53.965+0000] {pod_manager.py:435} INFO - [base]         "wishlist_by_product": [
[2026-08-04T11:58:53.965+0000] {pod_manager.py:435} INFO - [base]             "product_id",
[2026-08-04T11:58:53.965+0000] {pod_manager.py:435} INFO - [base]             "wishlist_adds",
[2026-08-04T11:58:53.966+0000] {pod_manager.py:435} INFO - [base]             "wishlist_purchases",
[2026-08-04T11:58:53.966+0000] {pod_manager.py:435} INFO - [base]             "wishlist_conversion_rate"
[2026-08-04T11:58:53.966+0000] {pod_manager.py:435} INFO - [base]         ],
[2026-08-04T11:58:53.966+0000] {pod_manager.py:435} INFO - [base]         "wishlist_by_customer": [
[2026-08-04T11:58:53.966+0000] {pod_manager.py:435} INFO - [base]             "customer_id",
[2026-08-04T11:58:53.966+0000] {pod_manager.py:435} INFO - [base]             "wishlist_adds",
[2026-08-04T11:58:53.967+0000] {pod_manager.py:435} INFO - [base]             "wishlist_purchases",
[2026-08-04T11:58:53.967+0000] {pod_manager.py:435} INFO - [base]             "wishlist_conversion_rate"
[2026-08-04T11:58:53.967+0000] {pod_manager.py:435} INFO - [base]         ],
[2026-08-04T11:58:53.967+0000] {pod_manager.py:435} INFO - [base]         "wishlist_time_to_purchase_stats": [
[2026-08-04T11:58:53.967+0000] {pod_manager.py:435} INFO - [base]             "records",
[2026-08-04T11:58:53.968+0000] {pod_manager.py:435} INFO - [base]             "avg_time",
[2026-08-04T11:58:53.968+0000] {pod_manager.py:435} INFO - [base]             "median_time",
[2026-08-04T11:58:53.968+0000] {pod_manager.py:435} INFO - [base]             "p90_time",
[2026-08-04T11:58:53.968+0000] {pod_manager.py:435} INFO - [base]             "max_time"
[2026-08-04T11:58:53.968+0000] {pod_manager.py:435} INFO - [base]         ],
[2026-08-04T11:58:53.969+0000] {pod_manager.py:435} INFO - [base]         "wishlist_time_to_purchase_distribution": [
[2026-08-04T11:58:53.969+0000] {pod_manager.py:435} INFO - [base]             "time_bucket",
[2026-08-04T11:58:53.969+0000] {pod_manager.py:435} INFO - [base]             "count",
[2026-08-04T11:58:53.969+0000] {pod_manager.py:435} INFO - [base]             "share"
[2026-08-04T11:58:53.969+0000] {pod_manager.py:435} INFO - [base]         ],
[2026-08-04T11:58:53.970+0000] {pod_manager.py:435} INFO - [base]         "abandoned_wishlist_items": [
[2026-08-04T11:58:53.970+0000] {pod_manager.py:435} INFO - [base]             "wishlist_id",
[2026-08-04T11:58:53.970+0000] {pod_manager.py:435} INFO - [base]             "customer_id",
[2026-08-04T11:58:53.970+0000] {pod_manager.py:435} INFO - [base]             "product_id",
[2026-08-04T11:58:53.970+0000] {pod_manager.py:435} INFO - [base]             "added_date",
[2026-08-04T11:58:53.970+0000] {pod_manager.py:435} INFO - [base]             "purchased_date",
[2026-08-04T11:58:53.971+0000] {pod_manager.py:435} INFO - [base]             "removed_date"
[2026-08-04T11:58:53.971+0000] {pod_manager.py:435} INFO - [base]         ],
[2026-08-04T11:58:53.971+0000] {pod_manager.py:435} INFO - [base]         "abandoned_wishlist_by_customer": [
[2026-08-04T11:58:53.971+0000] {pod_manager.py:435} INFO - [base]             "customer_id",
[2026-08-04T11:58:53.972+0000] {pod_manager.py:435} INFO - [base]             "abandoned_wishlist_count"
[2026-08-04T11:58:53.972+0000] {pod_manager.py:435} INFO - [base]         ],
[2026-08-04T11:58:53.972+0000] {pod_manager.py:435} INFO - [base]         "abandoned_wishlist_by_product": [
[2026-08-04T11:58:53.972+0000] {pod_manager.py:435} INFO - [base]             "product_id",
[2026-08-04T11:58:53.972+0000] {pod_manager.py:435} INFO - [base]             "abandoned_wishlist_count"
[2026-08-04T11:58:53.972+0000] {pod_manager.py:435} INFO - [base]         ],
[2026-08-04T11:58:53.973+0000] {pod_manager.py:435} INFO - [base]         "wishlist_adds_by_month": [
[2026-08-04T11:58:53.973+0000] {pod_manager.py:435} INFO - [base]             "year_month",
[2026-08-04T11:58:53.973+0000] {pod_manager.py:435} INFO - [base]             "wishlist_adds"
[2026-08-04T11:58:53.973+0000] {pod_manager.py:435} INFO - [base]         ]
[2026-08-04T11:58:53.973+0000] {pod_manager.py:435} INFO - [base]     },
[2026-08-04T11:58:53.974+0000] {pod_manager.py:435} INFO - [base]     "cart_analytics": {
[2026-08-04T11:58:53.974+0000] {pod_manager.py:435} INFO - [base]         "cart_overall_stats": [
[2026-08-04T11:58:53.974+0000] {pod_manager.py:435} INFO - [base]             "total_carts",
[2026-08-04T11:58:53.974+0000] {pod_manager.py:435} INFO - [base]             "total_cart_lines"
[2026-08-04T11:58:53.974+0000] {pod_manager.py:435} INFO - [base]         ],
[2026-08-04T11:58:53.975+0000] {pod_manager.py:435} INFO - [base]         "cart_status_distribution": [
[2026-08-04T11:58:53.975+0000] {pod_manager.py:435} INFO - [base]             "cart_status",
[2026-08-04T11:58:53.975+0000] {pod_manager.py:435} INFO - [base]             "carts_count",
[2026-08-04T11:58:53.975+0000] {pod_manager.py:435} INFO - [base]             "cart_lines_count"
[2026-08-04T11:58:53.975+0000] {pod_manager.py:435} INFO - [base]         ],
[2026-08-04T11:58:53.976+0000] {pod_manager.py:435} INFO - [base]         "cart_value_stats": [
[2026-08-04T11:58:53.976+0000] {pod_manager.py:435} INFO - [base]             "cart_status",
[2026-08-04T11:58:53.976+0000] {pod_manager.py:435} INFO - [base]             "carts_count",
[2026-08-04T11:58:53.976+0000] {pod_manager.py:435} INFO - [base]             "avg_cart_value",
[2026-08-04T11:58:53.977+0000] {pod_manager.py:435} INFO - [base]             "avg_cart_items",
[2026-08-04T11:58:53.977+0000] {pod_manager.py:435} INFO - [base]             "avg_time_in_cart_days",
[2026-08-04T11:58:53.977+0000] {pod_manager.py:435} INFO - [base]             "avg_recovery_potential_score"
[2026-08-04T11:58:53.977+0000] {pod_manager.py:435} INFO - [base]         ],
[2026-08-04T11:58:53.978+0000] {pod_manager.py:435} INFO - [base]         "high_value_abandoned_carts": [
[2026-08-04T11:58:53.978+0000] {pod_manager.py:435} INFO - [base]             "cart_id",
[2026-08-04T11:58:53.978+0000] {pod_manager.py:435} INFO - [base]             "customer_id",
[2026-08-04T11:58:53.978+0000] {pod_manager.py:435} INFO - [base]             "cart_total_value",
[2026-08-04T11:58:53.979+0000] {pod_manager.py:435} INFO - [base]             "cart_items_count",
[2026-08-04T11:58:53.979+0000] {pod_manager.py:435} INFO - [base]             "time_in_cart_days",
[2026-08-04T11:58:53.979+0000] {pod_manager.py:435} INFO - [base]             "recovery_potential_score",
[2026-08-04T11:58:53.979+0000] {pod_manager.py:435} INFO - [base]             "abandonment_risk_score"
[2026-08-04T11:58:53.979+0000] {pod_manager.py:435} INFO - [base]         ],
[2026-08-04T11:58:53.980+0000] {pod_manager.py:435} INFO - [base]         "time_to_purchase_overall": [
[2026-08-04T11:58:53.980+0000] {pod_manager.py:435} INFO - [base]             "completed_carts",
[2026-08-04T11:58:53.980+0000] {pod_manager.py:435} INFO - [base]             "avg_time_in_cart_days",
[2026-08-04T11:58:53.980+0000] {pod_manager.py:435} INFO - [base]             "avg_time_in_cart_hours",
[2026-08-04T11:58:53.980+0000] {pod_manager.py:435} INFO - [base]             "time_in_cart_days_percentiles"
[2026-08-04T11:58:53.981+0000] {pod_manager.py:435} INFO - [base]         ],
[2026-08-04T11:58:53.981+0000] {pod_manager.py:435} INFO - [base]         "time_to_purchase_by_tier": [
[2026-08-04T11:58:53.981+0000] {pod_manager.py:435} INFO - [base]             "cart_value_tier",
[2026-08-04T11:58:53.981+0000] {pod_manager.py:435} INFO - [base]             "completed_carts",
[2026-08-04T11:58:53.981+0000] {pod_manager.py:435} INFO - [base]             "avg_time_in_cart_days",
[2026-08-04T11:58:53.981+0000] {pod_manager.py:435} INFO - [base]             "avg_time_in_cart_hours",
[2026-08-04T11:58:53.982+0000] {pod_manager.py:435} INFO - [base]             "avg_cart_items_count"
[2026-08-04T11:58:53.982+0000] {pod_manager.py:435} INFO - [base]         ],
[2026-08-04T11:58:53.982+0000] {pod_manager.py:435} INFO - [base]         "time_to_purchase_buckets": [
[2026-08-04T11:58:53.982+0000] {pod_manager.py:435} INFO - [base]             "time_to_purchase_bucket",
[2026-08-04T11:58:53.982+0000] {pod_manager.py:435} INFO - [base]             "completed_carts",
[2026-08-04T11:58:53.983+0000] {pod_manager.py:435} INFO - [base]             "avg_time_in_cart_days"
[2026-08-04T11:58:53.983+0000] {pod_manager.py:435} INFO - [base]         ]
[2026-08-04T11:58:53.983+0000] {pod_manager.py:435} INFO - [base]     },
[2026-08-04T11:58:53.983+0000] {pod_manager.py:435} INFO - [base]     "geo_analytics": {
[2026-08-04T11:58:53.983+0000] {pod_manager.py:435} INFO - [base]         "geo_acquisition": [
[2026-08-04T11:58:53.984+0000] {pod_manager.py:435} INFO - [base]             "country",
[2026-08-04T11:58:53.984+0000] {pod_manager.py:435} INFO - [base]             "state_province",
[2026-08-04T11:58:53.984+0000] {pod_manager.py:435} INFO - [base]             "city",
[2026-08-04T11:58:53.984+0000] {pod_manager.py:435} INFO - [base]             "new_customers"
[2026-08-04T11:58:53.984+0000] {pod_manager.py:435} INFO - [base]         ]
[2026-08-04T11:58:53.984+0000] {pod_manager.py:435} INFO - [base]     }
[2026-08-04T11:58:53.985+0000] {pod_manager.py:435} INFO - [base] Traceback (most recent call last):
[2026-08-04T11:58:53.985+0000] {pod_manager.py:435} INFO - [base]   File "/app/analysis/analysis.py", line 8744, in <module>
[2026-08-04T11:58:53.985+0000] {pod_manager.py:435} INFO - [base] }
[2026-08-04T11:58:53.985+0000] {pod_manager.py:435} INFO - [base] ============================================================
[2026-08-04T11:58:53.986+0000] {pod_manager.py:435} INFO - [base] Total categories: 13  |  Total analytics: 189
[2026-08-04T11:58:53.986+0000] {pod_manager.py:435} INFO - [base] ============================================================
[2026-08-04T11:58:53.986+0000] {pod_manager.py:435} INFO - [base]     main(bucket_name=args.bucket_name)
[2026-08-04T11:58:53.986+0000] {pod_manager.py:435} INFO - [base]   File "/app/analysis/analysis.py", line 8732, in main
[2026-08-04T11:58:53.987+0000] {pod_manager.py:435} INFO - [base]     spark.stop()
[2026-08-04T11:58:53.987+0000] {pod_manager.py:435} INFO - [base]   File "/usr/local/lib/python3.10/site-packages/pyspark/sql/session.py", line 1799, in stop
[2026-08-04T11:58:53.987+0000] {pod_manager.py:435} INFO - [base]     self._jvm.SparkSession.clearDefaultSession()
[2026-08-04T11:58:53.987+0000] {pod_manager.py:435} INFO - [base]   File "/usr/local/lib/python3.10/site-packages/py4j/java_gateway.py", line 1712, in __getattr__
[2026-08-04T11:58:53.987+0000] {pod_manager.py:435} INFO - [base]     answer = self._gateway_client.send_command(
[2026-08-04T11:58:53.988+0000] {pod_manager.py:435} INFO - [base]   File "/usr/local/lib/python3.10/site-packages/py4j/java_gateway.py", line 1036, in send_command
[2026-08-04T11:58:53.988+0000] {pod_manager.py:435} INFO - [base]     connection = self._get_connection()
[2026-08-04T11:58:53.988+0000] {pod_manager.py:435} INFO - [base]   File "/usr/local/lib/python3.10/site-packages/py4j/clientserver.py", line 284, in _get_connection
[2026-08-04T11:58:53.988+0000] {pod_manager.py:435} INFO - [base]     connection = self._create_new_connection()
[2026-08-04T11:58:53.989+0000] {pod_manager.py:435} INFO - [base]   File "/usr/local/lib/python3.10/site-packages/py4j/clientserver.py", line 291, in _create_new_connection
[2026-08-04T11:58:53.989+0000] {pod_manager.py:435} INFO - [base]     connection.connect_to_java_server()
[2026-08-04T11:58:53.989+0000] {pod_manager.py:435} INFO - [base]   File "/usr/local/lib/python3.10/site-packages/py4j/clientserver.py", line 438, in connect_to_java_server
[2026-08-04T11:58:53.989+0000] {pod_manager.py:435} INFO - [base]     self.socket.connect((self.java_address, self.java_port))
[2026-08-04T11:58:54.052+0000] {pod_manager.py:448} INFO - [base] ConnectionRefusedError: [Errno 111] Connection refused
[2026-08-04T11:58:54.079+0000] {pod_manager.py:468} WARNING - Pod pulse-batch-analyze-op9squh5 log read interrupted but container base still running
[2026-08-04T11:58:55.099+0000] {pod_manager.py:435} INFO - [base]             "payment_count",
[2026-08-04T11:58:55.099+0000] {pod_manager.py:435} INFO - [base]             "order_count"
[2026-08-04T11:58:55.099+0000] {pod_manager.py:435} INFO - [base]         ],
[2026-08-04T11:58:55.100+0000] {pod_manager.py:435} INFO - [base]         "payment_method_success_rates": [
[2026-08-04T11:58:55.100+0000] {pod_manager.py:435} INFO - [base]             "payment_method",
[2026-08-04T11:58:55.100+0000] {pod_manager.py:435} INFO - [base]             "total_payments",
[2026-08-04T11:58:55.100+0000] {pod_manager.py:435} INFO - [base]             "completed_payments",
[2026-08-04T11:58:55.100+0000] {pod_manager.py:435} INFO - [base]             "distinct_orders",
[2026-08-04T11:58:55.101+0000] {pod_manager.py:435} INFO - [base]             "success_rate"
[2026-08-04T11:58:55.101+0000] {pod_manager.py:435} INFO - [base]         ],
[2026-08-04T11:58:55.101+0000] {pod_manager.py:435} INFO - [base]         "payment_method_success_rates_by_country": [
[2026-08-04T11:58:55.101+0000] {pod_manager.py:435} INFO - [base]             "country",
[2026-08-04T11:58:55.101+0000] {pod_manager.py:435} INFO - [base]             "payment_method",
[2026-08-04T11:58:55.102+0000] {pod_manager.py:435} INFO - [base]             "total_payments",
[2026-08-04T11:58:55.102+0000] {pod_manager.py:435} INFO - [base]             "completed_payments",
[2026-08-04T11:58:55.102+0000] {pod_manager.py:435} INFO - [base]             "distinct_orders",
[2026-08-04T11:58:55.102+0000] {pod_manager.py:435} INFO - [base]             "success_rate"
[2026-08-04T11:58:55.102+0000] {pod_manager.py:435} INFO - [base]         ],
[2026-08-04T11:58:55.102+0000] {pod_manager.py:435} INFO - [base]         "payment_method_aov": [
[2026-08-04T11:58:55.103+0000] {pod_manager.py:435} INFO - [base]             "payment_method",
[2026-08-04T11:58:55.103+0000] {pod_manager.py:435} INFO - [base]             "payment_count",
[2026-08-04T11:58:55.103+0000] {pod_manager.py:435} INFO - [base]             "order_count",
[2026-08-04T11:58:55.103+0000] {pod_manager.py:435} INFO - [base]             "total_revenue",
[2026-08-04T11:58:55.103+0000] {pod_manager.py:435} INFO - [base]             "avg_order_value_method"
[2026-08-04T11:58:55.104+0000] {pod_manager.py:435} INFO - [base]         ],
[2026-08-04T11:58:55.104+0000] {pod_manager.py:435} INFO - [base]         "refund_rate_by_payment_method": [
[2026-08-04T11:58:55.104+0000] {pod_manager.py:435} INFO - [base]             "payment_method",
[2026-08-04T11:58:55.104+0000] {pod_manager.py:435} INFO - [base]             "total_payments",
[2026-08-04T11:58:55.104+0000] {pod_manager.py:435} INFO - [base]             "total_refund_amount",
[2026-08-04T11:58:55.104+0000] {pod_manager.py:435} INFO - [base]             "payments_with_refund",
[2026-08-04T11:58:55.105+0000] {pod_manager.py:435} INFO - [base]             "refund_rate_payments",
[2026-08-04T11:58:55.105+0000] {pod_manager.py:435} INFO - [base]             "avg_refund_per_payment"
[2026-08-04T11:58:55.105+0000] {pod_manager.py:435} INFO - [base]         ],
[2026-08-04T11:58:55.105+0000] {pod_manager.py:435} INFO - [base]         "refund_rate_by_product": [
[2026-08-04T11:58:55.105+0000] {pod_manager.py:435} INFO - [base]             "product_id",
[2026-08-04T11:58:55.105+0000] {pod_manager.py:435} INFO - [base]             "product_name",
[2026-08-04T11:58:55.106+0000] {pod_manager.py:435} INFO - [base]             "category",
[2026-08-04T11:58:55.106+0000] {pod_manager.py:435} INFO - [base]             "orders_for_product",
[2026-08-04T11:58:55.106+0000] {pod_manager.py:435} INFO - [base]             "orders_with_refund",
[2026-08-04T11:58:55.106+0000] {pod_manager.py:435} INFO - [base]             "total_refund_amount",
[2026-08-04T11:58:55.107+0000] {pod_manager.py:435} INFO - [base]             "refund_rate_orders"
[2026-08-04T11:58:55.107+0000] {pod_manager.py:435} INFO - [base]         ],
[2026-08-04T11:58:55.107+0000] {pod_manager.py:435} INFO - [base]         "refund_rate_by_month": [
[2026-08-04T11:58:55.107+0000] {pod_manager.py:435} INFO - [base]             "order_placed_year",
[2026-08-04T11:58:55.107+0000] {pod_manager.py:435} INFO - [base]             "order_placed_month",
[2026-08-04T11:58:55.108+0000] {pod_manager.py:435} INFO - [base]             "orders",
[2026-08-04T11:58:55.108+0000] {pod_manager.py:435} INFO - [base]             "orders_with_refund",
[2026-08-04T11:58:55.108+0000] {pod_manager.py:435} INFO - [base]             "total_refund_amount",
[2026-08-04T11:58:55.108+0000] {pod_manager.py:435} INFO - [base]             "total_order_amount",
[2026-08-04T11:58:55.108+0000] {pod_manager.py:435} INFO - [base]             "refund_rate_orders",
[2026-08-04T11:58:55.108+0000] {pod_manager.py:435} INFO - [base]             "refund_rate_amount"
[2026-08-04T11:58:55.109+0000] {pod_manager.py:435} INFO - [base]         ],
[2026-08-04T11:58:55.109+0000] {pod_manager.py:435} INFO - [base]         "time_to_refund_by_payment_method": [
[2026-08-04T11:58:55.109+0000] {pod_manager.py:435} INFO - [base]             "payment_method",
[2026-08-04T11:58:55.109+0000] {pod_manager.py:435} INFO - [base]             "refunded_payments",
[2026-08-04T11:58:55.109+0000] {pod_manager.py:435} INFO - [base]             "total_refund_amount",
[2026-08-04T11:58:55.109+0000] {pod_manager.py:435} INFO - [base]             "avg_days_to_refund",
[2026-08-04T11:58:55.110+0000] {pod_manager.py:435} INFO - [base]             "days_to_refund_percentiles",
[2026-08-04T11:58:55.111+0000] {pod_manager.py:435} INFO - [base]             "min_days_to_refund",
[2026-08-04T11:58:55.111+0000] {pod_manager.py:435} INFO - [base]             "max_days_to_refund"
[2026-08-04T11:58:55.111+0000] {pod_manager.py:435} INFO - [base]         ]
[2026-08-04T11:58:55.111+0000] {pod_manager.py:435} INFO - [base]     },
[2026-08-04T11:58:55.112+0000] {pod_manager.py:435} INFO - [base]     "review_analytics": {
[2026-08-04T11:58:55.112+0000] {pod_manager.py:435} INFO - [base]         "review_velocity_daily": [
[2026-08-04T11:58:55.112+0000] {pod_manager.py:435} INFO - [base]             "product_id",
[2026-08-04T11:58:55.112+0000] {pod_manager.py:435} INFO - [base]             "review_date",
[2026-08-04T11:58:55.112+0000] {pod_manager.py:435} INFO - [base]             "daily_reviews",
[2026-08-04T11:58:55.112+0000] {pod_manager.py:435} INFO - [base]             "avg_rating_daily"
[2026-08-04T11:58:55.113+0000] {pod_manager.py:435} INFO - [base]         ],
[2026-08-04T11:58:55.113+0000] {pod_manager.py:435} INFO - [base]         "review_velocity_weekly": [
[2026-08-04T11:58:55.113+0000] {pod_manager.py:435} INFO - [base]             "product_id",
[2026-08-04T11:58:55.113+0000] {pod_manager.py:435} INFO - [base]             "year_week",
[2026-08-04T11:58:55.113+0000] {pod_manager.py:435} INFO - [base]             "review_year",
[2026-08-04T11:58:55.113+0000] {pod_manager.py:435} INFO - [base]             "review_week",
[2026-08-04T11:58:55.113+0000] {pod_manager.py:435} INFO - [base]             "weekly_reviews",
[2026-08-04T11:58:55.114+0000] {pod_manager.py:435} INFO - [base]             "avg_rating_weekly"
[2026-08-04T11:58:55.114+0000] {pod_manager.py:435} INFO - [base]         ],
[2026-08-04T11:58:55.114+0000] {pod_manager.py:435} INFO - [base]         "review_velocity_monthly": [
[2026-08-04T11:58:55.114+0000] {pod_manager.py:435} INFO - [base]             "product_id",
[2026-08-04T11:58:55.114+0000] {pod_manager.py:435} INFO - [base]             "year_month",
[2026-08-04T11:58:55.114+0000] {pod_manager.py:435} INFO - [base]             "review_year",
[2026-08-04T11:58:55.114+0000] {pod_manager.py:435} INFO - [base]             "review_month",
[2026-08-04T11:58:55.114+0000] {pod_manager.py:435} INFO - [base]             "monthly_reviews",
[2026-08-04T11:58:55.115+0000] {pod_manager.py:435} INFO - [base]             "avg_rating_monthly"
[2026-08-04T11:58:55.115+0000] {pod_manager.py:435} INFO - [base]         ],
[2026-08-04T11:58:55.115+0000] {pod_manager.py:435} INFO - [base]         "sentiment_by_category": [
[2026-08-04T11:58:55.115+0000] {pod_manager.py:435} INFO - [base]             "category",
[2026-08-04T11:58:55.115+0000] {pod_manager.py:435} INFO - [base]             "total_reviews",
[2026-08-04T11:58:55.115+0000] {pod_manager.py:435} INFO - [base]             "avg_rating",
[2026-08-04T11:58:55.115+0000] {pod_manager.py:435} INFO - [base]             "positive_reviews",
[2026-08-04T11:58:55.115+0000] {pod_manager.py:435} INFO - [base]             "negative_reviews",
[2026-08-04T11:58:55.115+0000] {pod_manager.py:435} INFO - [base]             "neutral_reviews",
[2026-08-04T11:58:55.116+0000] {pod_manager.py:435} INFO - [base]             "avg_sentiment_score",
[2026-08-04T11:58:55.116+0000] {pod_manager.py:435} INFO - [base]             "positive_share",
[2026-08-04T11:58:55.116+0000] {pod_manager.py:435} INFO - [base]             "negative_share"
[2026-08-04T11:58:55.116+0000] {pod_manager.py:435} INFO - [base]         ],
[2026-08-04T11:58:55.116+0000] {pod_manager.py:435} INFO - [base]         "product_monthly_rating_trends": [
[2026-08-04T11:58:55.116+0000] {pod_manager.py:435} INFO - [base]             "product_id",
[2026-08-04T11:58:55.116+0000] {pod_manager.py:435} INFO - [base]             "product_name",
[2026-08-04T11:58:55.116+0000] {pod_manager.py:435} INFO - [base]             "category",
[2026-08-04T11:58:55.117+0000] {pod_manager.py:435} INFO - [base]             "total_units_sold",
[2026-08-04T11:58:55.117+0000] {pod_manager.py:435} INFO - [base]             "total_revenue",
[2026-08-04T11:58:55.117+0000] {pod_manager.py:435} INFO - [base]             "year_month",
[2026-08-04T11:58:55.117+0000] {pod_manager.py:435} INFO - [base]             "review_year",
[2026-08-04T11:58:55.117+0000] {pod_manager.py:435} INFO - [base]             "review_month",
[2026-08-04T11:58:55.117+0000] {pod_manager.py:435} INFO - [base]             "monthly_reviews",
[2026-08-04T11:58:55.117+0000] {pod_manager.py:435} INFO - [base]             "avg_rating_month"
[2026-08-04T11:58:55.118+0000] {pod_manager.py:435} INFO - [base]         ],
[2026-08-04T11:58:55.118+0000] {pod_manager.py:435} INFO - [base]         "low_rated_product_monthly_trends_rating_only": [
[2026-08-04T11:58:55.118+0000] {pod_manager.py:435} INFO - [base]             "product_id",
[2026-08-04T11:58:55.118+0000] {pod_manager.py:435} INFO - [base]             "product_name",
[2026-08-04T11:58:55.118+0000] {pod_manager.py:435} INFO - [base]             "category",
[2026-08-04T11:58:55.118+0000] {pod_manager.py:435} INFO - [base]             "total_units_sold",
[2026-08-04T11:58:55.118+0000] {pod_manager.py:435} INFO - [base]             "total_revenue",
[2026-08-04T11:58:55.118+0000] {pod_manager.py:435} INFO - [base]             "year_month",
[2026-08-04T11:58:55.118+0000] {pod_manager.py:435} INFO - [base]             "review_year",
[2026-08-04T11:58:55.119+0000] {pod_manager.py:435} INFO - [base]             "review_month",
[2026-08-04T11:58:55.119+0000] {pod_manager.py:435} INFO - [base]             "monthly_reviews",
[2026-08-04T11:58:55.119+0000] {pod_manager.py:435} INFO - [base]             "avg_rating_month"
[2026-08-04T11:58:55.119+0000] {pod_manager.py:435} INFO - [base]         ],
[2026-08-04T11:58:55.119+0000] {pod_manager.py:435} INFO - [base]         "rating_tier_per_product": [
[2026-08-04T11:58:55.119+0000] {pod_manager.py:435} INFO - [base]             "product_id",
[2026-08-04T11:58:55.119+0000] {pod_manager.py:435} INFO - [base]             "product_name",
[2026-08-04T11:58:55.119+0000] {pod_manager.py:435} INFO - [base]             "category",
[2026-08-04T11:58:55.119+0000] {pod_manager.py:435} INFO - [base]             "total_reviews",
[2026-08-04T11:58:55.120+0000] {pod_manager.py:435} INFO - [base]             "avg_rating_product",
[2026-08-04T11:58:55.120+0000] {pod_manager.py:435} INFO - [base]             "total_units_sold",
[2026-08-04T11:58:55.120+0000] {pod_manager.py:435} INFO - [base]             "total_revenue",
[2026-08-04T11:58:55.120+0000] {pod_manager.py:435} INFO - [base]             "rating_tier"
[2026-08-04T11:58:55.120+0000] {pod_manager.py:435} INFO - [base]         ],
[2026-08-04T11:58:55.120+0000] {pod_manager.py:435} INFO - [base]         "rating_tier_sales_velocity": [
[2026-08-04T11:58:55.120+0000] {pod_manager.py:435} INFO - [base]             "rating_tier",
[2026-08-04T11:58:55.120+0000] {pod_manager.py:435} INFO - [base]             "products_in_tier",
[2026-08-04T11:58:55.121+0000] {pod_manager.py:435} INFO - [base]             "total_units_sold_tier",
[2026-08-04T11:58:55.121+0000] {pod_manager.py:435} INFO - [base]             "total_revenue_tier",
[2026-08-04T11:58:55.121+0000] {pod_manager.py:435} INFO - [base]             "avg_units_sold_per_product",
[2026-08-04T11:58:55.121+0000] {pod_manager.py:435} INFO - [base]             "avg_revenue_per_product",
[2026-08-04T11:58:55.121+0000] {pod_manager.py:435} INFO - [base]             "avg_rating_in_tier",
[2026-08-04T11:58:55.121+0000] {pod_manager.py:435} INFO - [base]             "avg_reviews_per_product"
[2026-08-04T11:58:55.121+0000] {pod_manager.py:435} INFO - [base]         ]
[2026-08-04T11:58:55.121+0000] {pod_manager.py:435} INFO - [base]     },
[2026-08-04T11:58:55.122+0000] {pod_manager.py:435} INFO - [base]     "operations_analytics": {
[2026-08-04T11:58:55.122+0000] {pod_manager.py:435} INFO - [base]         "processing_by_category": [
[2026-08-04T11:58:55.122+0000] {pod_manager.py:435} INFO - [base]             "category",
[2026-08-04T11:58:55.122+0000] {pod_manager.py:435} INFO - [base]             "orders",
[2026-08-04T11:58:55.122+0000] {pod_manager.py:435} INFO - [base]             "total_units",
[2026-08-04T11:58:55.122+0000] {pod_manager.py:435} INFO - [base]             "avg_processing_days",
[2026-08-04T11:58:55.122+0000] {pod_manager.py:435} INFO - [base]             "avg_delivery_days",
[2026-08-04T11:58:55.123+0000] {pod_manager.py:435} INFO - [base]             "avg_total_fulfillment_days",
[2026-08-04T11:58:55.123+0000] {pod_manager.py:435} INFO - [base]             "median_processing_days",
[2026-08-04T11:58:55.123+0000] {pod_manager.py:435} INFO - [base]             "max_processing_days"
[2026-08-04T11:58:55.123+0000] {pod_manager.py:435} INFO - [base]         ],
[2026-08-04T11:58:55.123+0000] {pod_manager.py:435} INFO - [base]         "processing_by_subcategory": [
[2026-08-04T11:58:55.123+0000] {pod_manager.py:435} INFO - [base]             "category",
[2026-08-04T11:58:55.123+0000] {pod_manager.py:435} INFO - [base]             "sub_category",
[2026-08-04T11:58:55.124+0000] {pod_manager.py:435} INFO - [base]             "orders",
[2026-08-04T11:58:55.124+0000] {pod_manager.py:435} INFO - [base]             "avg_processing_days",
[2026-08-04T11:58:55.124+0000] {pod_manager.py:435} INFO - [base]             "avg_delivery_days",
[2026-08-04T11:58:55.124+0000] {pod_manager.py:435} INFO - [base]             "median_processing_days"
[2026-08-04T11:58:55.124+0000] {pod_manager.py:435} INFO - [base]         ],
[2026-08-04T11:58:55.124+0000] {pod_manager.py:435} INFO - [base]         "processing_by_hour": [
[2026-08-04T11:58:55.124+0000] {pod_manager.py:435} INFO - [base]             "order_hour",
[2026-08-04T11:58:55.124+0000] {pod_manager.py:435} INFO - [base]             "orders",
[2026-08-04T11:58:55.125+0000] {pod_manager.py:435} INFO - [base]             "avg_processing_days",
[2026-08-04T11:58:55.125+0000] {pod_manager.py:435} INFO - [base]             "avg_delivery_days",
[2026-08-04T11:58:55.125+0000] {pod_manager.py:435} INFO - [base]             "total_revenue"
[2026-08-04T11:58:55.125+0000] {pod_manager.py:435} INFO - [base]         ],
[2026-08-04T11:58:55.125+0000] {pod_manager.py:435} INFO - [base]         "processing_by_day_of_week": [
[2026-08-04T11:58:55.125+0000] {pod_manager.py:435} INFO - [base]             "order_dow",
[2026-08-04T11:58:55.125+0000] {pod_manager.py:435} INFO - [base]             "order_dow_name",
[2026-08-04T11:58:55.125+0000] {pod_manager.py:435} INFO - [base]             "orders",
[2026-08-04T11:58:55.126+0000] {pod_manager.py:435} INFO - [base]             "avg_processing_days",
[2026-08-04T11:58:55.126+0000] {pod_manager.py:435} INFO - [base]             "avg_delivery_days",
[2026-08-04T11:58:55.126+0000] {pod_manager.py:435} INFO - [base]             "total_revenue"
[2026-08-04T11:58:55.126+0000] {pod_manager.py:435} INFO - [base]         ],
[2026-08-04T11:58:55.126+0000] {pod_manager.py:435} INFO - [base]         "weekend_vs_weekday": [
[2026-08-04T11:58:55.126+0000] {pod_manager.py:435} INFO - [base]             "day_type",
[2026-08-04T11:58:55.126+0000] {pod_manager.py:435} INFO - [base]             "orders",
[2026-08-04T11:58:55.126+0000] {pod_manager.py:435} INFO - [base]             "avg_processing_days",
[2026-08-04T11:58:55.127+0000] {pod_manager.py:435} INFO - [base]             "avg_delivery_days",
[2026-08-04T11:58:55.127+0000] {pod_manager.py:435} INFO - [base]             "total_revenue"
[2026-08-04T11:58:55.127+0000] {pod_manager.py:435} INFO - [base]         ],
[2026-08-04T11:58:55.127+0000] {pod_manager.py:435} INFO - [base]         "delivery_days_by_country": [
[2026-08-04T11:58:55.127+0000] {pod_manager.py:435} INFO - [base]             "country",
[2026-08-04T11:58:55.127+0000] {pod_manager.py:435} INFO - [base]             "delivered_orders",
[2026-08-04T11:58:55.127+0000] {pod_manager.py:435} INFO - [base]             "avg_delivery_days",
[2026-08-04T11:58:55.128+0000] {pod_manager.py:435} INFO - [base]             "median_delivery_days",
[2026-08-04T11:58:55.128+0000] {pod_manager.py:435} INFO - [base]             "max_delivery_days"
[2026-08-04T11:58:55.128+0000] {pod_manager.py:435} INFO - [base]         ],
[2026-08-04T11:58:55.128+0000] {pod_manager.py:435} INFO - [base]         "delivery_days_by_state": [
[2026-08-04T11:58:55.128+0000] {pod_manager.py:435} INFO - [base]             "country",
[2026-08-04T11:58:55.128+0000] {pod_manager.py:435} INFO - [base]             "state_province",
[2026-08-04T11:58:55.128+0000] {pod_manager.py:435} INFO - [base]             "delivered_orders",
[2026-08-04T11:58:55.129+0000] {pod_manager.py:435} INFO - [base]             "avg_delivery_days",
[2026-08-04T11:58:55.129+0000] {pod_manager.py:435} INFO - [base]             "median_delivery_days",
[2026-08-04T11:58:55.129+0000] {pod_manager.py:435} INFO - [base]             "max_delivery_days"
[2026-08-04T11:58:55.129+0000] {pod_manager.py:435} INFO - [base]         ],
[2026-08-04T11:58:55.129+0000] {pod_manager.py:435} INFO - [base]         "delivery_days_by_city": [
[2026-08-04T11:58:55.129+0000] {pod_manager.py:435} INFO - [base]             "country",
[2026-08-04T11:58:55.129+0000] {pod_manager.py:435} INFO - [base]             "state_province",
[2026-08-04T11:58:55.129+0000] {pod_manager.py:435} INFO - [base]             "city",
[2026-08-04T11:58:55.130+0000] {pod_manager.py:435} INFO - [base]             "delivered_orders",
[2026-08-04T11:58:55.130+0000] {pod_manager.py:435} INFO - [base]             "avg_delivery_days",
[2026-08-04T11:58:55.130+0000] {pod_manager.py:435} INFO - [base]             "median_delivery_days",
[2026-08-04T11:58:55.130+0000] {pod_manager.py:435} INFO - [base]             "max_delivery_days"
[2026-08-04T11:58:55.130+0000] {pod_manager.py:435} INFO - [base]         ],
[2026-08-04T11:58:55.130+0000] {pod_manager.py:435} INFO - [base]         "ontime_delivery_by_country": [
[2026-08-04T11:58:55.130+0000] {pod_manager.py:435} INFO - [base]             "country",
[2026-08-04T11:58:55.131+0000] {pod_manager.py:435} INFO - [base]             "delivered_orders",
[2026-08-04T11:58:55.131+0000] {pod_manager.py:435} INFO - [base]             "on_time_orders",
[2026-08-04T11:58:55.131+0000] {pod_manager.py:435} INFO - [base]             "on_time_rate",
[2026-08-04T11:58:55.131+0000] {pod_manager.py:435} INFO - [base]             "avg_delivery_days"
[2026-08-04T11:58:55.131+0000] {pod_manager.py:435} INFO - [base]         ],
[2026-08-04T11:58:55.131+0000] {pod_manager.py:435} INFO - [base]         "ontime_delivery_by_state": [
[2026-08-04T11:58:55.131+0000] {pod_manager.py:435} INFO - [base]             "country",
[2026-08-04T11:58:55.131+0000] {pod_manager.py:435} INFO - [base]             "state_province",
[2026-08-04T11:58:55.132+0000] {pod_manager.py:435} INFO - [base]             "delivered_orders",
[2026-08-04T11:58:55.132+0000] {pod_manager.py:435} INFO - [base]             "on_time_orders",
[2026-08-04T11:58:55.132+0000] {pod_manager.py:435} INFO - [base]             "on_time_rate",
[2026-08-04T11:58:55.132+0000] {pod_manager.py:435} INFO - [base]             "avg_delivery_days"
[2026-08-04T11:58:55.132+0000] {pod_manager.py:435} INFO - [base]         ],
[2026-08-04T11:58:55.132+0000] {pod_manager.py:435} INFO - [base]         "ontime_delivery_by_city": [
[2026-08-04T11:58:55.132+0000] {pod_manager.py:435} INFO - [base]             "country",
[2026-08-04T11:58:55.132+0000] {pod_manager.py:435} INFO - [base]             "state_province",
[2026-08-04T11:58:55.133+0000] {pod_manager.py:435} INFO - [base]             "city",
[2026-08-04T11:58:55.133+0000] {pod_manager.py:435} INFO - [base]             "delivered_orders",
[2026-08-04T11:58:55.133+0000] {pod_manager.py:435} INFO - [base]             "on_time_orders",
[2026-08-04T11:58:55.133+0000] {pod_manager.py:435} INFO - [base]             "on_time_rate",
[2026-08-04T11:58:55.133+0000] {pod_manager.py:435} INFO - [base]             "avg_delivery_days"
[2026-08-04T11:58:55.133+0000] {pod_manager.py:435} INFO - [base]         ],
[2026-08-04T11:58:55.133+0000] {pod_manager.py:435} INFO - [base]         "shipping_efficiency_by_country": [
[2026-08-04T11:58:55.134+0000] {pod_manager.py:435} INFO - [base]             "country",
[2026-08-04T11:58:55.134+0000] {pod_manager.py:435} INFO - [base]             "orders",
[2026-08-04T11:58:55.134+0000] {pod_manager.py:435} INFO - [base]             "total_shipping_cost",
[2026-08-04T11:58:55.134+0000] {pod_manager.py:435} INFO - [base]             "total_subtotal",
[2026-08-04T11:58:55.134+0000] {pod_manager.py:435} INFO - [base]             "avg_shipping_pct_of_subtotal",
[2026-08-04T11:58:55.134+0000] {pod_manager.py:435} INFO - [base]             "median_shipping_pct_of_subtotal",
[2026-08-04T11:58:55.134+0000] {pod_manager.py:435} INFO - [base]             "shipping_pct_of_subtotal_overall"
[2026-08-04T11:58:55.134+0000] {pod_manager.py:435} INFO - [base]         ],
[2026-08-04T11:58:55.135+0000] {pod_manager.py:435} INFO - [base]         "shipping_efficiency_by_state": [
[2026-08-04T11:58:55.135+0000] {pod_manager.py:435} INFO - [base]             "country",
[2026-08-04T11:58:55.135+0000] {pod_manager.py:435} INFO - [base]             "state_province",
[2026-08-04T11:58:55.135+0000] {pod_manager.py:435} INFO - [base]             "orders",
[2026-08-04T11:58:55.135+0000] {pod_manager.py:435} INFO - [base]             "total_shipping_cost",
[2026-08-04T11:58:55.135+0000] {pod_manager.py:435} INFO - [base]             "total_subtotal",
[2026-08-04T11:58:55.135+0000] {pod_manager.py:435} INFO - [base]             "avg_shipping_pct_of_subtotal",
[2026-08-04T11:58:55.135+0000] {pod_manager.py:435} INFO - [base]             "median_shipping_pct_of_subtotal",
[2026-08-04T11:58:55.135+0000] {pod_manager.py:435} INFO - [base]             "shipping_pct_of_subtotal_overall"
[2026-08-04T11:58:55.136+0000] {pod_manager.py:435} INFO - [base]         ],
[2026-08-04T11:58:55.136+0000] {pod_manager.py:435} INFO - [base]         "shipping_efficiency_by_city": [
[2026-08-04T11:58:55.136+0000] {pod_manager.py:435} INFO - [base]             "country",
[2026-08-04T11:58:55.136+0000] {pod_manager.py:435} INFO - [base]             "state_province",
[2026-08-04T11:58:55.136+0000] {pod_manager.py:435} INFO - [base]             "city",
[2026-08-04T11:58:55.136+0000] {pod_manager.py:435} INFO - [base]             "orders",
[2026-08-04T11:58:55.136+0000] {pod_manager.py:435} INFO - [base]             "total_shipping_cost",
[2026-08-04T11:58:55.136+0000] {pod_manager.py:435} INFO - [base]             "total_subtotal",
[2026-08-04T11:58:55.137+0000] {pod_manager.py:435} INFO - [base]             "avg_shipping_pct_of_subtotal",
[2026-08-04T11:58:55.137+0000] {pod_manager.py:435} INFO - [base]             "median_shipping_pct_of_subtotal",
[2026-08-04T11:58:55.137+0000] {pod_manager.py:435} INFO - [base]             "shipping_pct_of_subtotal_overall"
[2026-08-04T11:58:55.137+0000] {pod_manager.py:435} INFO - [base]         ],
[2026-08-04T11:58:55.137+0000] {pod_manager.py:435} INFO - [base]         "processing_by_season": [
[2026-08-04T11:58:55.137+0000] {pod_manager.py:435} INFO - [base]             "season",
[2026-08-04T11:58:55.137+0000] {pod_manager.py:435} INFO - [base]             "orders",
[2026-08-04T11:58:55.137+0000] {pod_manager.py:435} INFO - [base]             "avg_processing_days",
[2026-08-04T11:58:55.138+0000] {pod_manager.py:435} INFO - [base]             "median_processing_days",
[2026-08-04T11:58:55.138+0000] {pod_manager.py:435} INFO - [base]             "max_processing_days"
[2026-08-04T11:58:55.138+0000] {pod_manager.py:435} INFO - [base]         ],
[2026-08-04T11:58:55.138+0000] {pod_manager.py:435} INFO - [base]         "processing_by_season_and_status": [
[2026-08-04T11:58:55.138+0000] {pod_manager.py:435} INFO - [base]             "season",
[2026-08-04T11:58:55.138+0000] {pod_manager.py:435} INFO - [base]             "order_status",
[2026-08-04T11:58:55.138+0000] {pod_manager.py:435} INFO - [base]             "orders",
[2026-08-04T11:58:55.138+0000] {pod_manager.py:435} INFO - [base]             "avg_processing_days",
[2026-08-04T11:58:55.139+0000] {pod_manager.py:435} INFO - [base]             "median_processing_days"
[2026-08-04T11:58:55.139+0000] {pod_manager.py:435} INFO - [base]         ]
[2026-08-04T11:58:55.139+0000] {pod_manager.py:435} INFO - [base]     },
[2026-08-04T11:58:55.139+0000] {pod_manager.py:435} INFO - [base]     "wishlist_analytics": {
[2026-08-04T11:58:55.139+0000] {pod_manager.py:435} INFO - [base]         "wishlist_overall_summary": [
[2026-08-04T11:58:55.139+0000] {pod_manager.py:435} INFO - [base]             "total_wishlist_items",
[2026-08-04T11:58:55.139+0000] {pod_manager.py:435} INFO - [base]             "customers_using_wishlist",
[2026-08-04T11:58:55.139+0000] {pod_manager.py:435} INFO - [base]             "products_in_wishlist",
[2026-08-04T11:58:55.140+0000] {pod_manager.py:435} INFO - [base]             "wishlist_purchased_items",
[2026-08-04T11:58:55.140+0000] {pod_manager.py:435} INFO - [base]             "wishlist_conversion_rate"
[2026-08-04T11:58:55.140+0000] {pod_manager.py:435} INFO - [base]         ],
[2026-08-04T11:58:55.140+0000] {pod_manager.py:435} INFO - [base]         "wishlist_by_product": [
[2026-08-04T11:58:55.140+0000] {pod_manager.py:435} INFO - [base]             "product_id",
[2026-08-04T11:58:55.140+0000] {pod_manager.py:435} INFO - [base]             "wishlist_adds",
[2026-08-04T11:58:55.140+0000] {pod_manager.py:435} INFO - [base]             "wishlist_purchases",
[2026-08-04T11:58:55.140+0000] {pod_manager.py:435} INFO - [base]             "wishlist_conversion_rate"
[2026-08-04T11:58:55.141+0000] {pod_manager.py:435} INFO - [base]         ],
[2026-08-04T11:58:55.141+0000] {pod_manager.py:435} INFO - [base]         "wishlist_by_customer": [
[2026-08-04T11:58:55.141+0000] {pod_manager.py:435} INFO - [base]             "customer_id",
[2026-08-04T11:58:55.141+0000] {pod_manager.py:435} INFO - [base]             "wishlist_adds",
[2026-08-04T11:58:55.141+0000] {pod_manager.py:435} INFO - [base]             "wishlist_purchases",
[2026-08-04T11:58:55.141+0000] {pod_manager.py:435} INFO - [base]             "wishlist_conversion_rate"
[2026-08-04T11:58:55.141+0000] {pod_manager.py:435} INFO - [base]         ],
[2026-08-04T11:58:55.142+0000] {pod_manager.py:435} INFO - [base]         "wishlist_time_to_purchase_stats": [
[2026-08-04T11:58:55.142+0000] {pod_manager.py:435} INFO - [base]             "records",
[2026-08-04T11:58:55.142+0000] {pod_manager.py:435} INFO - [base]             "avg_time",
[2026-08-04T11:58:55.142+0000] {pod_manager.py:435} INFO - [base]             "median_time",
[2026-08-04T11:58:55.142+0000] {pod_manager.py:435} INFO - [base]             "p90_time",
[2026-08-04T11:58:55.142+0000] {pod_manager.py:435} INFO - [base]             "max_time"
[2026-08-04T11:58:55.142+0000] {pod_manager.py:435} INFO - [base]         ],
[2026-08-04T11:58:55.142+0000] {pod_manager.py:435} INFO - [base]         "wishlist_time_to_purchase_distribution": [
[2026-08-04T11:58:55.143+0000] {pod_manager.py:435} INFO - [base]             "time_bucket",
[2026-08-04T11:58:55.143+0000] {pod_manager.py:435} INFO - [base]             "count",
[2026-08-04T11:58:55.143+0000] {pod_manager.py:435} INFO - [base]             "share"
[2026-08-04T11:58:55.143+0000] {pod_manager.py:435} INFO - [base]         ],
[2026-08-04T11:58:55.143+0000] {pod_manager.py:435} INFO - [base]         "abandoned_wishlist_items": [
[2026-08-04T11:58:55.143+0000] {pod_manager.py:435} INFO - [base]             "wishlist_id",
[2026-08-04T11:58:55.143+0000] {pod_manager.py:435} INFO - [base]             "customer_id",
[2026-08-04T11:58:55.143+0000] {pod_manager.py:435} INFO - [base]             "product_id",
[2026-08-04T11:58:55.144+0000] {pod_manager.py:435} INFO - [base]             "added_date",
[2026-08-04T11:58:55.144+0000] {pod_manager.py:435} INFO - [base]             "purchased_date",
[2026-08-04T11:58:55.144+0000] {pod_manager.py:435} INFO - [base]             "removed_date"
[2026-08-04T11:58:55.144+0000] {pod_manager.py:435} INFO - [base]         ],
[2026-08-04T11:58:55.144+0000] {pod_manager.py:435} INFO - [base]         "abandoned_wishlist_by_customer": [
[2026-08-04T11:58:55.144+0000] {pod_manager.py:435} INFO - [base]             "customer_id",
[2026-08-04T11:58:55.145+0000] {pod_manager.py:435} INFO - [base]             "abandoned_wishlist_count"
[2026-08-04T11:58:55.145+0000] {pod_manager.py:435} INFO - [base]         ],
[2026-08-04T11:58:55.145+0000] {pod_manager.py:435} INFO - [base]         "abandoned_wishlist_by_product": [
[2026-08-04T11:58:55.145+0000] {pod_manager.py:435} INFO - [base]             "product_id",
[2026-08-04T11:58:55.145+0000] {pod_manager.py:435} INFO - [base]             "abandoned_wishlist_count"
[2026-08-04T11:58:55.145+0000] {pod_manager.py:435} INFO - [base]         ],
[2026-08-04T11:58:55.145+0000] {pod_manager.py:435} INFO - [base]         "wishlist_adds_by_month": [
[2026-08-04T11:58:55.145+0000] {pod_manager.py:435} INFO - [base]             "year_month",
[2026-08-04T11:58:55.146+0000] {pod_manager.py:435} INFO - [base]             "wishlist_adds"
[2026-08-04T11:58:55.146+0000] {pod_manager.py:435} INFO - [base]         ]
[2026-08-04T11:58:55.146+0000] {pod_manager.py:435} INFO - [base]     },
[2026-08-04T11:58:55.146+0000] {pod_manager.py:435} INFO - [base]     "cart_analytics": {
[2026-08-04T11:58:55.146+0000] {pod_manager.py:435} INFO - [base]         "cart_overall_stats": [
[2026-08-04T11:58:55.146+0000] {pod_manager.py:435} INFO - [base]             "total_carts",
[2026-08-04T11:58:55.146+0000] {pod_manager.py:435} INFO - [base]             "total_cart_lines"
[2026-08-04T11:58:55.146+0000] {pod_manager.py:435} INFO - [base]         ],
[2026-08-04T11:58:55.147+0000] {pod_manager.py:435} INFO - [base]         "cart_status_distribution": [
[2026-08-04T11:58:55.147+0000] {pod_manager.py:435} INFO - [base]             "cart_status",
[2026-08-04T11:58:55.147+0000] {pod_manager.py:435} INFO - [base]             "carts_count",
[2026-08-04T11:58:55.147+0000] {pod_manager.py:435} INFO - [base]             "cart_lines_count"
[2026-08-04T11:58:55.147+0000] {pod_manager.py:435} INFO - [base]         ],
[2026-08-04T11:58:55.147+0000] {pod_manager.py:435} INFO - [base]         "cart_value_stats": [
[2026-08-04T11:58:55.147+0000] {pod_manager.py:435} INFO - [base]             "cart_status",
[2026-08-04T11:58:55.148+0000] {pod_manager.py:435} INFO - [base]             "carts_count",
[2026-08-04T11:58:55.148+0000] {pod_manager.py:435} INFO - [base]             "avg_cart_value",
[2026-08-04T11:58:55.148+0000] {pod_manager.py:435} INFO - [base]             "avg_cart_items",
[2026-08-04T11:58:55.148+0000] {pod_manager.py:435} INFO - [base]             "avg_time_in_cart_days",
[2026-08-04T11:58:55.148+0000] {pod_manager.py:435} INFO - [base]             "avg_recovery_potential_score"
[2026-08-04T11:58:55.148+0000] {pod_manager.py:435} INFO - [base]         ],
[2026-08-04T11:58:55.148+0000] {pod_manager.py:435} INFO - [base]         "high_value_abandoned_carts": [
[2026-08-04T11:58:55.148+0000] {pod_manager.py:435} INFO - [base]             "cart_id",
[2026-08-04T11:58:55.149+0000] {pod_manager.py:435} INFO - [base]             "customer_id",
[2026-08-04T11:58:55.149+0000] {pod_manager.py:435} INFO - [base]             "cart_total_value",
[2026-08-04T11:58:55.149+0000] {pod_manager.py:435} INFO - [base]             "cart_items_count",
[2026-08-04T11:58:55.149+0000] {pod_manager.py:435} INFO - [base]             "time_in_cart_days",
[2026-08-04T11:58:55.149+0000] {pod_manager.py:435} INFO - [base]             "recovery_potential_score",
[2026-08-04T11:58:55.149+0000] {pod_manager.py:435} INFO - [base]             "abandonment_risk_score"
[2026-08-04T11:58:55.149+0000] {pod_manager.py:435} INFO - [base]         ],
[2026-08-04T11:58:55.149+0000] {pod_manager.py:435} INFO - [base]         "time_to_purchase_overall": [
[2026-08-04T11:58:55.150+0000] {pod_manager.py:435} INFO - [base]             "completed_carts",
[2026-08-04T11:58:55.150+0000] {pod_manager.py:435} INFO - [base]             "avg_time_in_cart_days",
[2026-08-04T11:58:55.150+0000] {pod_manager.py:435} INFO - [base]             "avg_time_in_cart_hours",
[2026-08-04T11:58:55.150+0000] {pod_manager.py:435} INFO - [base]             "time_in_cart_days_percentiles"
[2026-08-04T11:58:55.150+0000] {pod_manager.py:435} INFO - [base]         ],
[2026-08-04T11:58:55.150+0000] {pod_manager.py:435} INFO - [base]         "time_to_purchase_by_tier": [
[2026-08-04T11:58:55.150+0000] {pod_manager.py:435} INFO - [base]             "cart_value_tier",
[2026-08-04T11:58:55.151+0000] {pod_manager.py:435} INFO - [base]             "completed_carts",
[2026-08-04T11:58:55.151+0000] {pod_manager.py:435} INFO - [base]             "avg_time_in_cart_days",
[2026-08-04T11:58:55.151+0000] {pod_manager.py:435} INFO - [base]             "avg_time_in_cart_hours",
[2026-08-04T11:58:55.151+0000] {pod_manager.py:435} INFO - [base]             "avg_cart_items_count"
[2026-08-04T11:58:55.151+0000] {pod_manager.py:435} INFO - [base]         ],
[2026-08-04T11:58:55.151+0000] {pod_manager.py:435} INFO - [base]         "time_to_purchase_buckets": [
[2026-08-04T11:58:55.151+0000] {pod_manager.py:435} INFO - [base]             "time_to_purchase_bucket",
[2026-08-04T11:58:55.152+0000] {pod_manager.py:435} INFO - [base]             "completed_carts",
[2026-08-04T11:58:55.152+0000] {pod_manager.py:435} INFO - [base]             "avg_time_in_cart_days"
[2026-08-04T11:58:55.152+0000] {pod_manager.py:435} INFO - [base]         ]
[2026-08-04T11:58:55.152+0000] {pod_manager.py:435} INFO - [base]     },
[2026-08-04T11:58:55.152+0000] {pod_manager.py:435} INFO - [base]     "geo_analytics": {
[2026-08-04T11:58:55.152+0000] {pod_manager.py:435} INFO - [base]         "geo_acquisition": [
[2026-08-04T11:58:55.152+0000] {pod_manager.py:435} INFO - [base]             "country",
[2026-08-04T11:58:55.153+0000] {pod_manager.py:435} INFO - [base]             "state_province",
[2026-08-04T11:58:55.153+0000] {pod_manager.py:435} INFO - [base]             "city",
[2026-08-04T11:58:55.153+0000] {pod_manager.py:435} INFO - [base]             "new_customers"
[2026-08-04T11:58:55.153+0000] {pod_manager.py:435} INFO - [base]         ]
[2026-08-04T11:58:55.153+0000] {pod_manager.py:435} INFO - [base]     }
[2026-08-04T11:58:55.153+0000] {pod_manager.py:435} INFO - [base] Traceback (most recent call last):
[2026-08-04T11:58:55.153+0000] {pod_manager.py:435} INFO - [base]   File "/app/analysis/analysis.py", line 8744, in <module>
[2026-08-04T11:58:55.153+0000] {pod_manager.py:435} INFO - [base] }
[2026-08-04T11:58:55.153+0000] {pod_manager.py:435} INFO - [base] ============================================================
[2026-08-04T11:58:55.154+0000] {pod_manager.py:435} INFO - [base] Total categories: 13  |  Total analytics: 189
[2026-08-04T11:58:55.154+0000] {pod_manager.py:435} INFO - [base] ============================================================
[2026-08-04T11:58:55.154+0000] {pod_manager.py:435} INFO - [base]     main(bucket_name=args.bucket_name)
[2026-08-04T11:58:55.154+0000] {pod_manager.py:435} INFO - [base]   File "/app/analysis/analysis.py", line 8732, in main
[2026-08-04T11:58:55.154+0000] {pod_manager.py:435} INFO - [base]     spark.stop()
[2026-08-04T11:58:55.154+0000] {pod_manager.py:435} INFO - [base]   File "/usr/local/lib/python3.10/site-packages/pyspark/sql/session.py", line 1799, in stop
[2026-08-04T11:58:55.154+0000] {pod_manager.py:435} INFO - [base]     self._jvm.SparkSession.clearDefaultSession()
[2026-08-04T11:58:55.155+0000] {pod_manager.py:435} INFO - [base]   File "/usr/local/lib/python3.10/site-packages/py4j/java_gateway.py", line 1712, in __getattr__
[2026-08-04T11:58:55.155+0000] {pod_manager.py:435} INFO - [base]     answer = self._gateway_client.send_command(
[2026-08-04T11:58:55.155+0000] {pod_manager.py:435} INFO - [base]   File "/usr/local/lib/python3.10/site-packages/py4j/java_gateway.py", line 1036, in send_command
[2026-08-04T11:58:55.155+0000] {pod_manager.py:435} INFO - [base]     connection = self._get_connection()
[2026-08-04T11:58:55.155+0000] {pod_manager.py:435} INFO - [base]   File "/usr/local/lib/python3.10/site-packages/py4j/clientserver.py", line 284, in _get_connection
[2026-08-04T11:58:55.155+0000] {pod_manager.py:435} INFO - [base]     connection = self._create_new_connection()
[2026-08-04T11:58:55.155+0000] {pod_manager.py:435} INFO - [base]   File "/usr/local/lib/python3.10/site-packages/py4j/clientserver.py", line 291, in _create_new_connection
[2026-08-04T11:58:55.155+0000] {pod_manager.py:435} INFO - [base]     connection.connect_to_java_server()
[2026-08-04T11:58:55.155+0000] {pod_manager.py:435} INFO - [base]   File "/usr/local/lib/python3.10/site-packages/py4j/clientserver.py", line 438, in connect_to_java_server
[2026-08-04T11:58:55.156+0000] {pod_manager.py:435} INFO - [base]     self.socket.connect((self.java_address, self.java_port))
[2026-08-04T11:58:55.156+0000] {pod_manager.py:448} INFO - [base] ConnectionRefusedError: [Errno 111] Connection refused
[2026-08-04T11:58:55.184+0000] {pod_manager.py:573} INFO - Pod pulse-batch-analyze-op9squh5 has phase Running
[2026-08-04T11:58:57.200+0000] {pod.py:1028} ERROR - (403)
Reason: Forbidden
HTTP response headers: HTTPHeaderDict({'Audit-Id': '5ceaed32-5097-43f0-96a8-5422c0d9b76a', 'Cache-Control': 'no-cache, private', 'Content-Type': 'application/json', 'X-Content-Type-Options': 'nosniff', 'X-Kubernetes-Pf-Flowschema-Uid': 'ef6d8fc4-07d3-4966-bfc1-9e2dcdbf8d6f', 'X-Kubernetes-Pf-Prioritylevel-Uid': 'a53b921b-3663-4bd1-b5b2-f8ce8ec11c4f', 'Date': 'Tue, 04 Aug 2026 11:58:57 GMT', 'Content-Length': '366'})
HTTP response body: {"kind":"Status","apiVersion":"v1","metadata":{},"status":"Failure","message":"pods \"pulse-batch-analyze-op9squh5\" is forbidden: User \"system:serviceaccount:production:pulse-airflow\" cannot patch resource \"pods\" in API group \"\" in the namespace \"production\"","reason":"Forbidden","details":{"name":"pulse-batch-analyze-op9squh5","kind":"pods"},"code":403}
Traceback (most recent call last):
  File "/usr/local/lib/python3.10/site-packages/airflow/providers/cncf/kubernetes/operators/pod.py", line 865, in patch_already_checked
    self.client.patch_namespaced_pod(
  File "/usr/local/lib/python3.10/site-packages/kubernetes/client/api/core_v1_api.py", line 19662, in patch_namespaced_pod
    return self.patch_namespaced_pod_with_http_info(name, namespace, body, **kwargs)  # noqa: E501
  File "/usr/local/lib/python3.10/site-packages/kubernetes/client/api/core_v1_api.py", line 19777, in patch_namespaced_pod_with_http_info
    return self.api_client.call_api(
  File "/usr/local/lib/python3.10/site-packages/kubernetes/client/api_client.py", line 348, in call_api
    return self.__call_api(resource_path, method,
  File "/usr/local/lib/python3.10/site-packages/kubernetes/client/api_client.py", line 180, in __call_api
    response_data = self.request(
  File "/usr/local/lib/python3.10/site-packages/kubernetes/client/api_client.py", line 407, in request
    return self.rest_client.PATCH(url,
  File "/usr/local/lib/python3.10/site-packages/kubernetes/client/rest.py", line 295, in PATCH
    return self.request("PATCH", url,
  File "/usr/local/lib/python3.10/site-packages/kubernetes/client/rest.py", line 234, in request
    raise ApiException(http_resp=r)
kubernetes.client.exceptions.ApiException: (403)
Reason: Forbidden
HTTP response headers: HTTPHeaderDict({'Audit-Id': '5ceaed32-5097-43f0-96a8-5422c0d9b76a', 'Cache-Control': 'no-cache, private', 'Content-Type': 'application/json', 'X-Content-Type-Options': 'nosniff', 'X-Kubernetes-Pf-Flowschema-Uid': 'ef6d8fc4-07d3-4966-bfc1-9e2dcdbf8d6f', 'X-Kubernetes-Pf-Prioritylevel-Uid': 'a53b921b-3663-4bd1-b5b2-f8ce8ec11c4f', 'Date': 'Tue, 04 Aug 2026 11:58:57 GMT', 'Content-Length': '366'})
HTTP response body: {"kind":"Status","apiVersion":"v1","metadata":{},"status":"Failure","message":"pods \"pulse-batch-analyze-op9squh5\" is forbidden: User \"system:serviceaccount:production:pulse-airflow\" cannot patch resource \"pods\" in API group \"\" in the namespace \"production\"","reason":"Forbidden","details":{"name":"pulse-batch-analyze-op9squh5","kind":"pods"},"code":403}
[2026-08-04T11:58:57.207+0000] {pod.py:838} INFO - Deleting pod: pulse-batch-analyze-op9squh5
[2026-08-04T11:58:57.253+0000] {taskinstance.py:2699} ERROR - Task failed with exception
Traceback (most recent call last):
  File "/usr/local/lib/python3.10/site-packages/airflow/models/taskinstance.py", line 428, in _execute_task
    result = execute_callable(context=context, **execute_callable_kwargs)
  File "/usr/local/lib/python3.10/site-packages/airflow/providers/cncf/kubernetes/operators/pod.py", line 593, in execute
    return self.execute_sync(context)
  File "/usr/local/lib/python3.10/site-packages/airflow/providers/cncf/kubernetes/operators/pod.py", line 633, in execute_sync
    self.cleanup(
  File "/usr/local/lib/python3.10/site-packages/airflow/providers/cncf/kubernetes/operators/pod.py", line 766, in cleanup
    raise AirflowException(
airflow.exceptions.AirflowException: Pod pulse-batch-analyze-op9squh5 returned a failure.
remote_pod: {'api_version': 'v1',
 'kind': 'Pod',
 'metadata': {'annotations': {'cni.projectcalico.org/containerID': '0bbf3e91b5ecdfcf7890f35a6713f533650996114c8a389bd154b3d34b74d1ae',
                              'cni.projectcalico.org/podIP': '',
                              'cni.projectcalico.org/podIPs': ''},
              'cluster_name': None,
              'creation_timestamp': datetime.datetime(2026, 8, 4, 11, 52, 15, tzinfo=tzlocal()),
              'deletion_grace_period_seconds': None,
              'deletion_timestamp': None,
              'finalizers': None,
              'generate_name': None,
              'generation': 1,
              'labels': {'airflow_kpo_in_cluster': 'True',
                         'airflow_version': '2.8.0',
                         'app': 'pulse-task',
                         'dag_id': 'batch_downstream',
                         'kubernetes_pod_operator': 'True',
                         'run_id': 'manual__2026-08-04T110859.9471100000-eeedbc03c',
                         'task_id': 'analyze',
                         'try_number': '1'},
              'managed_fields': [{'api_version': 'v1',
                                  'fields_type': 'FieldsV1',
                                  'fields_v1': {'f:metadata': {'f:labels': {'.': {},
                                                                            'f:airflow_kpo_in_cluster': {},
                                                                            'f:airflow_version': {},
                                                                            'f:app': {},
                                                                            'f:dag_id': {},
                                                                            'f:kubernetes_pod_operator': {},
                                                                            'f:run_id': {},
                                                                            'f:task_id': {},
                                                                            'f:try_number': {}}},
                                                'f:spec': {'f:affinity': {},
                                                           'f:containers': {'k:{"name":"base"}': {'.': {},
                                                                                                  'f:args': {},
                                                                                                  'f:command': {},
                                                                                                  'f:env': {'.': {},
                                                                                                            'k:{"name":"GEMINI_API_KEY"}': {'.': {},
                                                                                                                                            'f:name': {},
                                                                                                                                            'f:value': {}},
                                                                                                            'k:{"name":"GEMINI_MODEL"}': {'.': {},
                                                                                                                                          'f:name': {},
                                                                                                                                          'f:value': {}},
                                                                                                            'k:{"name":"KAFKA_BOOTSTRAP"}': {'.': {},
                                                                                                                                             'f:name': {},
                                                                                                                                             'f:value': {}},
                                                                                                            'k:{"name":"MINIO_ACCESS_KEY"}': {'.': {},
                                                                                                                                              'f:name': {},
                                                                                                                                              'f:value': {}},
                                                                                                            'k:{"name":"MINIO_ENDPOINT"}': {'.': {},
                                                                                                                                            'f:name': {},
                                                                                                                                            'f:value': {}},
                                                                                                            'k:{"name":"MINIO_SECRET_KEY"}': {'.': {},
                                                                                                                                              'f:name': {},
                                                                                                                                              'f:value': {}},
                                                                                                            'k:{"name":"POD_IP"}': {'.': {},
                                                                                                                                    'f:name': {},
                                                                                                                                    'f:valueFrom': {'.': {},
                                                                                                                                                    'f:fieldRef': {}}},
                                                                                                            'k:{"name":"POSTGRES_DATABASE_NAME"}': {'.': {},
                                                                                                                                                    'f:name': {},
                                                                                                                                                    'f:value': {}},
                                                                                                            'k:{"name":"POSTGRES_DB"}': {'.': {},
                                                                                                                                         'f:name': {},
                                                                                                                                         'f:value': {}},
                                                                                                            'k:{"name":"POSTGRES_PASSWORD"}': {'.': {},
                                                                                                                                               'f:name': {},
                                                                                                                                               'f:value': {}},
                                                                                                            'k:{"name":"POSTGRES_SERVER"}': {'.': {},
                                                                                                                                             'f:name': {},
                                                                                                                                             'f:value': {}},
                                                                                                            'k:{"name":"POSTGRES_USER"}': {'.': {},
                                                                                                                                           'f:name': {},
                                                                                                                                           'f:value': {}},
                                                                                                            'k:{"name":"REDIS_HOST"}': {'.': {},
                                                                                                                                        'f:name': {},
                                                                                                                                        'f:value': {}},
                                                                                                            'k:{"name":"REDIS_PORT"}': {'.': {},
                                                                                                                                        'f:name': {},
                                                                                                                                        'f:value': {}},
                                                                                                            'k:{"name":"SPARK_MASTER_URL"}': {'.': {},
                                                                                                                                              'f:name': {},
                                                                                                                                              'f:value': {}},
                                                                                                            'k:{"name":"SPARK_SERVER"}': {'.': {},
                                                                                                                                          'f:name': {},
                                                                                                                                          'f:value': {}}},
                                                                                                  'f:image': {},
                                                                                                  'f:imagePullPolicy': {},
                                                                                                  'f:name': {},
                                                                                                  'f:resources': {'.': {},
                                                                                                                  'f:limits': {'.': {},
                                                                                                                               'f:cpu': {},
                                                                                                                               'f:memory': {}},
                                                                                                                  'f:requests': {'.': {},
                                                                                                                                 'f:cpu': {},
                                                                                                                                 'f:memory': {}}},
                                                                                                  'f:terminationMessagePath': {},
                                                                                                  'f:terminationMessagePolicy': {}}},
                                                           'f:dnsPolicy': {},
                                                           'f:enableServiceLinks': {},
                                                           'f:restartPolicy': {},
                                                           'f:schedulerName': {},
                                                           'f:securityContext': {},
                                                           'f:serviceAccount': {},
                                                           'f:serviceAccountName': {},
                                                           'f:terminationGracePeriodSeconds': {}}},
                                  'manager': 'OpenAPI-Generator',
                                  'operation': 'Update',
                                  'subresource': None,
                                  'time': datetime.datetime(2026, 8, 4, 11, 52, 15, tzinfo=tzlocal())},
                                 {'api_version': 'v1',
                                  'fields_type': 'FieldsV1',
                                  'fields_v1': {'f:metadata': {'f:annotations': {'.': {},
                                                                                 'f:cni.projectcalico.org/containerID': {},
                                                                                 'f:cni.projectcalico.org/podIP': {},
                                                                                 'f:cni.projectcalico.org/podIPs': {}}}},
                                  'manager': 'calico',
                                  'operation': 'Update',
                                  'subresource': 'status',
                                  'time': datetime.datetime(2026, 8, 4, 11, 58, 55, tzinfo=tzlocal())},
                                 {'api_version': 'v1',
                                  'fields_type': 'FieldsV1',
                                  'fields_v1': {'f:status': {'f:conditions': {'k:{"type":"ContainersReady"}': {'.': {},
                                                                                                               'f:lastProbeTime': {},
                                                                                                               'f:lastTransitionTime': {},
                                                                                                               'f:observedGeneration': {},
                                                                                                               'f:reason': {},
                                                                                                               'f:status': {},
                                                                                                               'f:type': {}},
                                                                              'k:{"type":"Initialized"}': {'.': {},
                                                                                                           'f:lastProbeTime': {},
                                                                                                           'f:lastTransitionTime': {},
                                                                                                           'f:observedGeneration': {},
                                                                                                           'f:status': {},
                                                                                                           'f:type': {}},
                                                                              'k:{"type":"PodReadyToStartContainers"}': {'.': {},
                                                                                                                         'f:lastProbeTime': {},
                                                                                                                         'f:lastTransitionTime': {},
                                                                                                                         'f:observedGeneration': {},
                                                                                                                         'f:status': {},
                                                                                                                         'f:type': {}},
                                                                              'k:{"type":"PodScheduled"}': {'f:observedGeneration': {}},
                                                                              'k:{"type":"Ready"}': {'.': {},
                                                                                                     'f:lastProbeTime': {},
                                                                                                     'f:lastTransitionTime': {},
                                                                                                     'f:observedGeneration': {},
                                                                                                     'f:reason': {},
                                                                                                     'f:status': {},
                                                                                                     'f:type': {}}},
                                                             'f:containerStatuses': {},
                                                             'f:hostIP': {},
                                                             'f:hostIPs': {},
                                                             'f:observedGeneration': {},
                                                             'f:phase': {},
                                                             'f:podIP': {},
                                                             'f:podIPs': {'.': {},
                                                                          'k:{"ip":"10.244.120.180"}': {'.': {},
                                                                                                        'f:ip': {}}},
                                                             'f:startTime': {}}},
                                  'manager': 'kubelet',
                                  'operation': 'Update',
                                  'subresource': 'status',
                                  'time': datetime.datetime(2026, 8, 4, 11, 58, 55, tzinfo=tzlocal())}],
              'name': 'pulse-batch-analyze-op9squh5',
              'namespace': 'production',
              'owner_references': None,
              'resource_version': '168532',
              'self_link': None,
              'uid': 'f71fd74d-4d6a-42df-a6c3-c9a5843d4656'},
 'spec': {'active_deadline_seconds': None,
          'affinity': {'node_affinity': None,
                       'pod_affinity': None,
                       'pod_anti_affinity': None},
          'automount_service_account_token': None,
          'containers': [{'args': ['--bucket-name',
                                   '2daa9d11-5034-44b8-9bdc-71241a6be85e'],
                          'command': ['python3', '/app/analysis/analysis.py'],
                          'env': [{'name': 'POSTGRES_USER',
                                   'value': 'haq2682',
                                   'value_from': None},
                                  {'name': 'POSTGRES_PASSWORD',
                                   'value': '***',
                                   'value_from': None},
                                  {'name': 'POSTGRES_DB',
                                   'value': 'pulse',
                                   'value_from': None},
                                  {'name': 'POSTGRES_SERVER',
                                   'value': 'pulse-postgresql',
                                   'value_from': None},
                                  {'name': 'POSTGRES_DATABASE_NAME',
                                   'value': 'pulse',
                                   'value_from': None},
                                  {'name': 'MINIO_ENDPOINT',
                                   'value': 'pulse-minio:9000',
                                   'value_from': None},
                                  {'name': 'MINIO_ACCESS_KEY',
                                   'value': 'haq2682',
                                   'value_from': None},
                                  {'name': 'MINIO_SECRET_KEY',
                                   'value': '193779944e7cb4a225a5d9a9a4456eaf',
                                   'value_from': None},
                                  {'name': 'KAFKA_BOOTSTRAP',
                                   'value': 'pulse-kafka:9092',
                                   'value_from': None},
                                  {'name': 'REDIS_HOST',
                                   'value': 'pulse-redis',
                                   'value_from': None},
                                  {'name': 'REDIS_PORT',
                                   'value': '6379',
                                   'value_from': None},
                                  {'name': 'GEMINI_API_KEY',
                                   'value': 'AIzaSyDzpM42uz24ltPc6ZwtlGs8ggWdH8TOXHo',
                                   'value_from': None},
                                  {'name': 'GEMINI_MODEL',
                                   'value': 'gemini-2.0-flash-lite',
                                   'value_from': None},
                                  {'name': 'SPARK_MASTER_URL',
                                   'value': 'spark://pulse-spark-master:7077',
                                   'value_from': None},
                                  {'name': 'SPARK_SERVER',
                                   'value': 'spark://pulse-spark-master:7077',
                                   'value_from': None},
                                  {'name': 'POD_IP',
                                   'value': None,
                                   'value_from': {'config_map_key_ref': None,
                                                  'field_ref': {'api_version': 'v1',
                                                                'field_path': 'status.podIP'},
                                                  'resource_field_ref': None,
                                                  'secret_key_ref': None}}],
                          'env_from': None,
                          'image': 'haq2682/pulse-python:latest',
                          'image_pull_policy': 'IfNotPresent',
                          'lifecycle': None,
                          'liveness_probe': None,
                          'name': 'base',
                          'ports': None,
                          'readiness_probe': None,
                          'resources': {'limits': {'cpu': '1', 'memory': '2Gi'},
                                        'requests': {'cpu': '250m',
                                                     'memory': '512Mi'}},
                          'security_context': None,
                          'startup_probe': None,
                          'stdin': None,
                          'stdin_once': None,
                          'termination_message_path': '/dev/termination-log',
                          'termination_message_policy': 'File',
                          'tty': None,
                          'volume_devices': None,
                          'volume_mounts': [{'mount_path': '/var/run/secrets/kubernetes.io/serviceaccount',
                                             'mount_propagation': None,
                                             'name': 'kube-api-access-g5xsv',
                                             'read_only': True,
                                             'sub_path': None,
                                             'sub_path_expr': None}],
                          'working_dir': None}],
          'dns_config': None,
          'dns_policy': 'ClusterFirst',
          'enable_service_links': True,
          'ephemeral_containers': None,
          'host_aliases': None,
          'host_ipc': None,
          'host_network': None,
          'host_pid': None,
          'hostname': None,
          'image_pull_secrets': None,
          'init_containers': None,
          'node_name': 'minikube',
          'node_selector': None,
          'os': None,
          'overhead': None,
          'preemption_policy': 'PreemptLowerPriority',
          'priority': 0,
          'priority_class_name': None,
          'readiness_gates': None,
          'restart_policy': 'Never',
          'runtime_class_name': None,
          'scheduler_name': 'default-scheduler',
          'security_context': {'fs_group': None,
                               'fs_group_change_policy': None,
                               'run_as_group': None,
                               'run_as_non_root': None,
                               'run_as_user': None,
                               'se_linux_options': None,
                               'seccomp_profile': None,
                               'supplemental_groups': None,
                               'sysctls': None,
                               'windows_options': None},
          'service_account': 'pulse-airflow',
          'service_account_name': 'pulse-airflow',
          'set_hostname_as_fqdn': None,
          'share_process_namespace': None,
          'subdomain': None,
          'termination_grace_period_seconds': 30,
          'tolerations': [{'effect': 'NoExecute',
                           'key': 'node.kubernetes.io/not-ready',
                           'operator': 'Exists',
                           'toleration_seconds': 300,
                           'value': None},
                          {'effect': 'NoExecute',
                           'key': 'node.kubernetes.io/unreachable',
                           'operator': 'Exists',
                           'toleration_seconds': 300,
                           'value': None}],
          'topology_spread_constraints': None,
          'volumes': [{'aws_elastic_block_store': None,
                       'azure_disk': None,
                       'azure_file': None,
                       'cephfs': None,
                       'cinder': None,
                       'config_map': None,
                       'csi': None,
                       'downward_api': None,
                       'empty_dir': None,
                       'ephemeral': None,
                       'fc': None,
                       'flex_volume': None,
                       'flocker': None,
                       'gce_persistent_disk': None,
                       'git_repo': None,
                       'glusterfs': None,
                       'host_path': None,
                       'iscsi': None,
                       'name': 'kube-api-access-g5xsv',
                       'nfs': None,
                       'persistent_volume_claim': None,
                       'photon_persistent_disk': None,
                       'portworx_volume': None,
                       'projected': {'default_mode': 420,
                                     'sources': [{'config_map': None,
                                                  'downward_api': None,
                                                  'secret': None,
                                                  'service_account_token': {'audience': None,
                                                                            'expiration_seconds': 3607,
                                                                            'path': 'token'}},
                                                 {'config_map': {'items': [{'key': 'ca.crt',
                                                                            'mode': None,
                                                                            'path': 'ca.crt'}],
                                                                 'name': 'kube-root-ca.crt',
                                                                 'optional': None},
                                                  'downward_api': None,
                                                  'secret': None,
                                                  'service_account_token': None},
                                                 {'config_map': None,
                                                  'downward_api': {'items': [{'field_ref': {'api_version': 'v1',
                                                                                            'field_path': 'metadata.namespace'},
                                                                              'mode': None,
                                                                              'path': 'namespace',
                                                                              'resource_field_ref': None}]},
                                                  'secret': None,
                                                  'service_account_token': None}]},
                       'quobyte': None,
                       'rbd': None,
                       'scale_io': None,
                       'secret': None,
                       'storageos': None,
                       'vsphere_volume': None}]},
 'status': {'conditions': [{'last_probe_time': None,
                            'last_transition_time': datetime.datetime(2026, 8, 4, 11, 58, 55, tzinfo=tzlocal()),
                            'message': None,
                            'reason': None,
                            'status': 'False',
                            'type': 'PodReadyToStartContainers'},
                           {'last_probe_time': None,
                            'last_transition_time': datetime.datetime(2026, 8, 4, 11, 52, 15, tzinfo=tzlocal()),
                            'message': None,
                            'reason': None,
                            'status': 'True',
                            'type': 'Initialized'},
                           {'last_probe_time': None,
                            'last_transition_time': datetime.datetime(2026, 8, 4, 11, 58, 54, tzinfo=tzlocal()),
                            'message': None,
                            'reason': 'PodFailed',
                            'status': 'False',
                            'type': 'Ready'},
                           {'last_probe_time': None,
                            'last_transition_time': datetime.datetime(2026, 8, 4, 11, 58, 54, tzinfo=tzlocal()),
                            'message': None,
                            'reason': 'PodFailed',
                            'status': 'False',
                            'type': 'ContainersReady'},
                           {'last_probe_time': None,
                            'last_transition_time': datetime.datetime(2026, 8, 4, 11, 52, 15, tzinfo=tzlocal()),
                            'message': None,
                            'reason': None,
                            'status': 'True',
                            'type': 'PodScheduled'}],
            'container_statuses': [{'container_id': 'docker://af62cca810dd0bd22a6bce145a68105cd95615472b7983c1feec52763fa5f26d',
                                    'image': 'haq2682/pulse-python:latest',
                                    'image_id': 'docker://sha256:48223dfc699f8580a32af24a89e63774e929780b5f2dfdfcf56e09fefc440a12',
                                    'last_state': {'running': None,
                                                   'terminated': None,
                                                   'waiting': None},
                                    'name': 'base',
                                    'ready': False,
                                    'restart_count': 0,
                                    'started': False,
                                    'state': {'running': None,
                                              'terminated': {'container_id': 'docker://af62cca810dd0bd22a6bce145a68105cd95615472b7983c1feec52763fa5f26d',
                                                             'exit_code': 1,
                                                             'finished_at': datetime.datetime(2026, 8, 4, 11, 58, 53, tzinfo=tzlocal()),
                                                             'message': None,
                                                             'reason': 'OOMKilled',
                                                             'signal': None,
                                                             'started_at': datetime.datetime(2026, 8, 4, 11, 52, 15, tzinfo=tzlocal())},
                                              'waiting': None}}],
            'ephemeral_container_statuses': None,
            'host_ip': '192.168.49.2',
            'init_container_statuses': None,
            'message': None,
            'nominated_node_name': None,
            'phase': 'Failed',
            'pod_i_ps': [{'ip': '10.244.120.180'}],
            'pod_ip': '10.244.120.180',
            'qos_class': 'Burstable',
            'reason': None,
            'start_time': datetime.datetime(2026, 8, 4, 11, 52, 15, tzinfo=tzlocal())}}
[2026-08-04T11:58:57.262+0000] {taskinstance.py:1138} INFO - Marking task as UP_FOR_RETRY. dag_id=batch_downstream, task_id=analyze, execution_date=20260804T110859, start_date=20260804T115215, end_date=20260804T115857
[2026-08-04T11:58:57.280+0000] {standard_task_runner.py:107} ERROR - Failed to execute job 25 for task analyze (Pod pulse-batch-analyze-op9squh5 returned a failure.
remote_pod: {'api_version': 'v1',
 'kind': 'Pod',
 'metadata': {'annotations': {'cni.projectcalico.org/containerID': '0bbf3e91b5ecdfcf7890f35a6713f533650996114c8a389bd154b3d34b74d1ae',
                              'cni.projectcalico.org/podIP': '',
                              'cni.projectcalico.org/podIPs': ''},
              'cluster_name': None,
              'creation_timestamp': datetime.datetime(2026, 8, 4, 11, 52, 15, tzinfo=tzlocal()),
              'deletion_grace_period_seconds': None,
              'deletion_timestamp': None,
              'finalizers': None,
              'generate_name': None,
              'generation': 1,
              'labels': {'airflow_kpo_in_cluster': 'True',
                         'airflow_version': '2.8.0',
                         'app': 'pulse-task',
                         'dag_id': 'batch_downstream',
                         'kubernetes_pod_operator': 'True',
                         'run_id': 'manual__2026-08-04T110859.9471100000-eeedbc03c',
                         'task_id': 'analyze',
                         'try_number': '1'},
              'managed_fields': [{'api_version': 'v1',
                                  'fields_type': 'FieldsV1',
                                  'fields_v1': {'f:metadata': {'f:labels': {'.': {},
                                                                            'f:airflow_kpo_in_cluster': {},
                                                                            'f:airflow_version': {},
                                                                            'f:app': {},
                                                                            'f:dag_id': {},
                                                                            'f:kubernetes_pod_operator': {},
                                                                            'f:run_id': {},
                                                                            'f:task_id': {},
                                                                            'f:try_number': {}}},
                                                'f:spec': {'f:affinity': {},
                                                           'f:containers': {'k:{"name":"base"}': {'.': {},
                                                                                                  'f:args': {},
                                                                                                  'f:command': {},
                                                                                                  'f:env': {'.': {},
                                                                                                            'k:{"name":"GEMINI_API_KEY"}': {'.': {},
                                                                                                                                            'f:name': {},
                                                                                                                                            'f:value': {}},
                                                                                                            'k:{"name":"GEMINI_MODEL"}': {'.': {},
                                                                                                                                          'f:name': {},
                                                                                                                                          'f:value': {}},
                                                                                                            'k:{"name":"KAFKA_BOOTSTRAP"}': {'.': {},
                                                                                                                                             'f:name': {},
                                                                                                                                             'f:value': {}},
                                                                                                            'k:{"name":"MINIO_ACCESS_KEY"}': {'.': {},
                                                                                                                                              'f:name': {},
                                                                                                                                              'f:value': {}},
                                                                                                            'k:{"name":"MINIO_ENDPOINT"}': {'.': {},
                                                                                                                                            'f:name': {},
                                                                                                                                            'f:value': {}},
                                                                                                            'k:{"name":"MINIO_SECRET_KEY"}': {'.': {},
                                                                                                                                              'f:name': {},
                                                                                                                                              'f:value': {}},
                                                                                                            'k:{"name":"POD_IP"}': {'.': {},
                                                                                                                                    'f:name': {},
                                                                                                                                    'f:valueFrom': {'.': {},
                                                                                                                                                    'f:fieldRef': {}}},
                                                                                                            'k:{"name":"POSTGRES_DATABASE_NAME"}': {'.': {},
                                                                                                                                                    'f:name': {},
                                                                                                                                                    'f:value': {}},
                                                                                                            'k:{"name":"POSTGRES_DB"}': {'.': {},
                                                                                                                                         'f:name': {},
                                                                                                                                         'f:value': {}},
                                                                                                            'k:{"name":"POSTGRES_PASSWORD"}': {'.': {},
                                                                                                                                               'f:name': {},
                                                                                                                                               'f:value': {}},
                                                                                                            'k:{"name":"POSTGRES_SERVER"}': {'.': {},
                                                                                                                                             'f:name': {},
                                                                                                                                             'f:value': {}},
                                                                                                            'k:{"name":"POSTGRES_USER"}': {'.': {},
                                                                                                                                           'f:name': {},
                                                                                                                                           'f:value': {}},
                                                                                                            'k:{"name":"REDIS_HOST"}': {'.': {},
                                                                                                                                        'f:name': {},
                                                                                                                                        'f:value': {}},
                                                                                                            'k:{"name":"REDIS_PORT"}': {'.': {},
                                                                                                                                        'f:name': {},
                                                                                                                                        'f:value': {}},
                                                                                                            'k:{"name":"SPARK_MASTER_URL"}': {'.': {},
                                                                                                                                              'f:name': {},
                                                                                                                                              'f:value': {}},
                                                                                                            'k:{"name":"SPARK_SERVER"}': {'.': {},
                                                                                                                                          'f:name': {},
                                                                                                                                          'f:value': {}}},
                                                                                                  'f:image': {},
                                                                                                  'f:imagePullPolicy': {},
                                                                                                  'f:name': {},
                                                                                                  'f:resources': {'.': {},
                                                                                                                  'f:limits': {'.': {},
                                                                                                                               'f:cpu': {},
                                                                                                                               'f:memory': {}},
                                                                                                                  'f:requests': {'.': {},
                                                                                                                                 'f:cpu': {},
                                                                                                                                 'f:memory': {}}},
                                                                                                  'f:terminationMessagePath': {},
                                                                                                  'f:terminationMessagePolicy': {}}},
                                                           'f:dnsPolicy': {},
                                                           'f:enableServiceLinks': {},
                                                           'f:restartPolicy': {},
                                                           'f:schedulerName': {},
                                                           'f:securityContext': {},
                                                           'f:serviceAccount': {},
                                                           'f:serviceAccountName': {},
                                                           'f:terminationGracePeriodSeconds': {}}},
                                  'manager': 'OpenAPI-Generator',
                                  'operation': 'Update',
                                  'subresource': None,
                                  'time': datetime.datetime(2026, 8, 4, 11, 52, 15, tzinfo=tzlocal())},
                                 {'api_version': 'v1',
                                  'fields_type': 'FieldsV1',
                                  'fields_v1': {'f:metadata': {'f:annotations': {'.': {},
                                                                                 'f:cni.projectcalico.org/containerID': {},
                                                                                 'f:cni.projectcalico.org/podIP': {},
                                                                                 'f:cni.projectcalico.org/podIPs': {}}}},
                                  'manager': 'calico',
                                  'operation': 'Update',
                                  'subresource': 'status',
                                  'time': datetime.datetime(2026, 8, 4, 11, 58, 55, tzinfo=tzlocal())},
                                 {'api_version': 'v1',
                                  'fields_type': 'FieldsV1',
                                  'fields_v1': {'f:status': {'f:conditions': {'k:{"type":"ContainersReady"}': {'.': {},
                                                                                                               'f:lastProbeTime': {},
                                                                                                               'f:lastTransitionTime': {},
                                                                                                               'f:observedGeneration': {},
                                                                                                               'f:reason': {},
                                                                                                               'f:status': {},
                                                                                                               'f:type': {}},
                                                                              'k:{"type":"Initialized"}': {'.': {},
                                                                                                           'f:lastProbeTime': {},
                                                                                                           'f:lastTransitionTime': {},
                                                                                                           'f:observedGeneration': {},
                                                                                                           'f:status': {},
                                                                                                           'f:type': {}},
                                                                              'k:{"type":"PodReadyToStartContainers"}': {'.': {},
                                                                                                                         'f:lastProbeTime': {},
                                                                                                                         'f:lastTransitionTime': {},
                                                                                                                         'f:observedGeneration': {},
                                                                                                                         'f:status': {},
                                                                                                                         'f:type': {}},
                                                                              'k:{"type":"PodScheduled"}': {'f:observedGeneration': {}},
                                                                              'k:{"type":"Ready"}': {'.': {},
                                                                                                     'f:lastProbeTime': {},
                                                                                                     'f:lastTransitionTime': {},
                                                                                                     'f:observedGeneration': {},
                                                                                                     'f:reason': {},
                                                                                                     'f:status': {},
                                                                                                     'f:type': {}}},
                                                             'f:containerStatuses': {},
                                                             'f:hostIP': {},
                                                             'f:hostIPs': {},
                                                             'f:observedGeneration': {},
                                                             'f:phase': {},
                                                             'f:podIP': {},
                                                             'f:podIPs': {'.': {},
                                                                          'k:{"ip":"10.244.120.180"}': {'.': {},
                                                                                                        'f:ip': {}}},
                                                             'f:startTime': {}}},
                                  'manager': 'kubelet',
                                  'operation': 'Update',
                                  'subresource': 'status',
                                  'time': datetime.datetime(2026, 8, 4, 11, 58, 55, tzinfo=tzlocal())}],
              'name': 'pulse-batch-analyze-op9squh5',
              'namespace': 'production',
              'owner_references': None,
              'resource_version': '168532',
              'self_link': None,
              'uid': 'f71fd74d-4d6a-42df-a6c3-c9a5843d4656'},
 'spec': {'active_deadline_seconds': None,
          'affinity': {'node_affinity': None,
                       'pod_affinity': None,
                       'pod_anti_affinity': None},
          'automount_service_account_token': None,
          'containers': [{'args': ['--bucket-name',
                                   '2daa9d11-5034-44b8-9bdc-71241a6be85e'],
                          'command': ['python3', '/app/analysis/analysis.py'],
                          'env': [{'name': 'POSTGRES_USER',
                                   'value': 'haq2682',
                                   'value_from': None},
                                  {'name': 'POSTGRES_PASSWORD',
                                   'value': '***',
                                   'value_from': None},
                                  {'name': 'POSTGRES_DB',
                                   'value': 'pulse',
                                   'value_from': None},
                                  {'name': 'POSTGRES_SERVER',
                                   'value': 'pulse-postgresql',
                                   'value_from': None},
                                  {'name': 'POSTGRES_DATABASE_NAME',
                                   'value': 'pulse',
                                   'value_from': None},
                                  {'name': 'MINIO_ENDPOINT',
                                   'value': 'pulse-minio:9000',
                                   'value_from': None},
                                  {'name': 'MINIO_ACCESS_KEY',
                                   'value': 'haq2682',
                                   'value_from': None},
                                  {'name': 'MINIO_SECRET_KEY',
                                   'value': '193779944e7cb4a225a5d9a9a4456eaf',
                                   'value_from': None},
                                  {'name': 'KAFKA_BOOTSTRAP',
                                   'value': 'pulse-kafka:9092',
                                   'value_from': None},
                                  {'name': 'REDIS_HOST',
                                   'value': 'pulse-redis',
                                   'value_from': None},
                                  {'name': 'REDIS_PORT',
                                   'value': '6379',
                                   'value_from': None},
                                  {'name': 'GEMINI_API_KEY',
                                   'value': 'AIzaSyDzpM42uz24ltPc6ZwtlGs8ggWdH8TOXHo',
                                   'value_from': None},
                                  {'name': 'GEMINI_MODEL',
                                   'value': 'gemini-2.0-flash-lite',
                                   'value_from': None},
                                  {'name': 'SPARK_MASTER_URL',
                                   'value': 'spark://pulse-spark-master:7077',
                                   'value_from': None},
                                  {'name': 'SPARK_SERVER',
                                   'value': 'spark://pulse-spark-master:7077',
                                   'value_from': None},
                                  {'name': 'POD_IP',
                                   'value': None,
                                   'value_from': {'config_map_key_ref': None,
                                                  'field_ref': {'api_version': 'v1',
                                                                'field_path': 'status.podIP'},
                                                  'resource_field_ref': None,
                                                  'secret_key_ref': None}}],
                          'env_from': None,
                          'image': 'haq2682/pulse-python:latest',
                          'image_pull_policy': 'IfNotPresent',
                          'lifecycle': None,
                          'liveness_probe': None,
                          'name': 'base',
                          'ports': None,
                          'readiness_probe': None,
                          'resources': {'limits': {'cpu': '1', 'memory': '2Gi'},
                                        'requests': {'cpu': '250m',
                                                     'memory': '512Mi'}},
                          'security_context': None,
                          'startup_probe': None,
                          'stdin': None,
                          'stdin_once': None,
                          'termination_message_path': '/dev/termination-log',
                          'termination_message_policy': 'File',
                          'tty': None,
                          'volume_devices': None,
                          'volume_mounts': [{'mount_path': '/var/run/secrets/kubernetes.io/serviceaccount',
                                             'mount_propagation': None,
                                             'name': 'kube-api-access-g5xsv',
                                             'read_only': True,
                                             'sub_path': None,
                                             'sub_path_expr': None}],
                          'working_dir': None}],
          'dns_config': None,
          'dns_policy': 'ClusterFirst',
          'enable_service_links': True,
          'ephemeral_containers': None,
          'host_aliases': None,
          'host_ipc': None,
          'host_network': None,
          'host_pid': None,
          'hostname': None,
          'image_pull_secrets': None,
          'init_containers': None,
          'node_name': 'minikube',
          'node_selector': None,
          'os': None,
          'overhead': None,
          'preemption_policy': 'PreemptLowerPriority',
          'priority': 0,
          'priority_class_name': None,
          'readiness_gates': None,
          'restart_policy': 'Never',
          'runtime_class_name': None,
          'scheduler_name': 'default-scheduler',
          'security_context': {'fs_group': None,
                               'fs_group_change_policy': None,
                               'run_as_group': None,
                               'run_as_non_root': None,
                               'run_as_user': None,
                               'se_linux_options': None,
                               'seccomp_profile': None,
                               'supplemental_groups': None,
                               'sysctls': None,
                               'windows_options': None},
          'service_account': 'pulse-airflow',
          'service_account_name': 'pulse-airflow',
          'set_hostname_as_fqdn': None,
          'share_process_namespace': None,
          'subdomain': None,
          'termination_grace_period_seconds': 30,
          'tolerations': [{'effect': 'NoExecute',
                           'key': 'node.kubernetes.io/not-ready',
                           'operator': 'Exists',
                           'toleration_seconds': 300,
                           'value': None},
                          {'effect': 'NoExecute',
                           'key': 'node.kubernetes.io/unreachable',
                           'operator': 'Exists',
                           'toleration_seconds': 300,
                           'value': None}],
          'topology_spread_constraints': None,
          'volumes': [{'aws_elastic_block_store': None,
                       'azure_disk': None,
                       'azure_file': None,
                       'cephfs': None,
                       'cinder': None,
                       'config_map': None,
                       'csi': None,
                       'downward_api': None,
                       'empty_dir': None,
                       'ephemeral': None,
                       'fc': None,
                       'flex_volume': None,
                       'flocker': None,
                       'gce_persistent_disk': None,
                       'git_repo': None,
                       'glusterfs': None,
                       'host_path': None,
                       'iscsi': None,
                       'name': 'kube-api-access-g5xsv',
                       'nfs': None,
                       'persistent_volume_claim': None,
                       'photon_persistent_disk': None,
                       'portworx_volume': None,
                       'projected': {'default_mode': 420,
                                     'sources': [{'config_map': None,
                                                  'downward_api': None,
                                                  'secret': None,
                                                  'service_account_token': {'audience': None,
                                                                            'expiration_seconds': 3607,
                                                                            'path': 'token'}},
                                                 {'config_map': {'items': [{'key': 'ca.crt',
                                                                            'mode': None,
                                                                            'path': 'ca.crt'}],
                                                                 'name': 'kube-root-ca.crt',
                                                                 'optional': None},
                                                  'downward_api': None,
                                                  'secret': None,
                                                  'service_account_token': None},
                                                 {'config_map': None,
                                                  'downward_api': {'items': [{'field_ref': {'api_version': 'v1',
                                                                                            'field_path': 'metadata.namespace'},
                                                                              'mode': None,
                                                                              'path': 'namespace',
                                                                              'resource_field_ref': None}]},
                                                  'secret': None,
                                                  'service_account_token': None}]},
                       'quobyte': None,
                       'rbd': None,
                       'scale_io': None,
                       'secret': None,
                       'storageos': None,
                       'vsphere_volume': None}]},
 'status': {'conditions': [{'last_probe_time': None,
                            'last_transition_time': datetime.datetime(2026, 8, 4, 11, 58, 55, tzinfo=tzlocal()),
                            'message': None,
                            'reason': None,
                            'status': 'False',
                            'type': 'PodReadyToStartContainers'},
                           {'last_probe_time': None,
                            'last_transition_time': datetime.datetime(2026, 8, 4, 11, 52, 15, tzinfo=tzlocal()),
                            'message': None,
                            'reason': None,
                            'status': 'True',
                            'type': 'Initialized'},
                           {'last_probe_time': None,
                            'last_transition_time': datetime.datetime(2026, 8, 4, 11, 58, 54, tzinfo=tzlocal()),
                            'message': None,
                            'reason': 'PodFailed',
                            'status': 'False',
                            'type': 'Ready'},
                           {'last_probe_time': None,
                            'last_transition_time': datetime.datetime(2026, 8, 4, 11, 58, 54, tzinfo=tzlocal()),
                            'message': None,
                            'reason': 'PodFailed',
                            'status': 'False',
                            'type': 'ContainersReady'},
                           {'last_probe_time': None,
                            'last_transition_time': datetime.datetime(2026, 8, 4, 11, 52, 15, tzinfo=tzlocal()),
                            'message': None,
                            'reason': None,
                            'status': 'True',
                            'type': 'PodScheduled'}],
            'container_statuses': [{'container_id': 'docker://af62cca810dd0bd22a6bce145a68105cd95615472b7983c1feec52763fa5f26d',
                                    'image': 'haq2682/pulse-python:latest',
                                    'image_id': 'docker://sha256:48223dfc699f8580a32af24a89e63774e929780b5f2dfdfcf56e09fefc440a12',
                                    'last_state': {'running': None,
                                                   'terminated': None,
                                                   'waiting': None},
                                    'name': 'base',
                                    'ready': False,
                                    'restart_count': 0,
                                    'started': False,
                                    'state': {'running': None,
                                              'terminated': {'container_id': 'docker://af62cca810dd0bd22a6bce145a68105cd95615472b7983c1feec52763fa5f26d',
                                                             'exit_code': 1,
                                                             'finished_at': datetime.datetime(2026, 8, 4, 11, 58, 53, tzinfo=tzlocal()),
                                                             'message': None,
                                                             'reason': 'OOMKilled',
                                                             'signal': None,
                                                             'started_at': datetime.datetime(2026, 8, 4, 11, 52, 15, tzinfo=tzlocal())},
                                              'waiting': None}}],
            'ephemeral_container_statuses': None,
            'host_ip': '192.168.49.2',
            'init_container_statuses': None,
            'message': None,
            'nominated_node_name': None,
            'phase': 'Failed',
            'pod_i_ps': [{'ip': '10.244.120.180'}],
            'pod_ip': '10.244.120.180',
            'qos_class': 'Burstable',
            'reason': None,
            'start_time': datetime.datetime(2026, 8, 4, 11, 52, 15, tzinfo=tzlocal())}}; 18986)
[2026-08-04T11:58:57.330+0000] {local_task_job_runner.py:234} INFO - Task exited with return code 1
[2026-08-04T11:58:57.357+0000] {taskinstance.py:3281} INFO - 0 downstream tasks scheduled from follow-on schedule check
