cart_id,cart_status,cart_added_date,cart_total_value,cart_items_count,cart_avg_item_price,device_used,abandoned_cart_category,session_converted,first_added_date,last_added_date,customer_id,session_id,time_in_cart_days,time_in_cart_hours,cart_status_derived,cart_abandonment_reason,cart_value_tier,cart_size_category,abandonment_risk_score,recovery_potential_score
1,Active,2022-01-10 21:36:33,0.0,0,0.0,Mobile,,0.0,,,267,8ab1895c-06ac-43d4-a73d-e967006527ba,,,Active,N/A - Active,Very Low Value,Single Item,,0
2,Deleted,2022-06-01 19:37:07,79.9,1,39.95,Mobile,,0.0,2022-06-29 07:28:02,2022-06-29 07:28:02,27,2d95756b-ced7-4076-933c-9a2300cbb5e7,1302.0,31248.0,Abandoned,Long Time - Lost Interest,Very Low Value,Single Item,1741.397,25
3,Abandoned,2025-09-21 17:56:05,1018.4399999999999,2,118.82,Mobile,,0.0,2025-09-21 18:42:36,2025-09-21 22:57:06,293,0c469ccc-c52e-4e67-9ad4-3ca0ff1eb1e1,122.0,2928.0,Abandoned,High Value - Price Concern,High Value,Small,199.21986666666666,25
4,Active,2022-11-02 18:13:45,1308.86,4,185.5125,Desktop,,0.0,2022-11-02 23:43:00,2022-11-08 15:46:03,176,c1d23cd9-d8f6-4971-881a-8cde9ffc6b0f,1176.0,28224.0,Active,N/A - Active,High Value,Small,1619.2658000000001,0
5,Abandoned,2022-05-19 16:11:28,1366.71,3,167.42,Desktop,,0.0,2022-05-19 18:57:45,2022-05-19 22:43:19,307,f2f84e21-710d-4503-a82f-e73ba5f248c9,1343.0,32232.0,Abandoned,High Value - Price Concern,High Value,Small,1840.6679666666666,25
6,Active,2025-01-22 01:01:05,623.82,1,623.82,Desktop,,0.0,2025-01-22 14:49:14,2025-01-22 14:49:14,194,bd8a6ed3-0b34-4108-b4f8-77d870c4ffa2,364.0,8736.0,Active,N/A - Active,Medium Value,Single Item,507.0479333333334,0
7,Active,2023-09-08 17:12:17,641.6999999999999,4,138.185,Tablet,,0.0,2023-09-11 13:11:30,2023-09-13 02:50:01,41,991fc818-3bc6-4025-a39c-05d759c46c77,863.0,20712.0,Active,N/A - Active,Medium Value,Small,1181.9176666666667,0
8,Deleted,2025-12-05 07:06:34,833.04,2,210.135,Mobile,,0.0,2025-12-05 13:56:33,2025-12-06 16:49:44,201,fb413a5b-ccaa-4ca8-8a27-89cc79d9c5ba,47.0,1128.0,Abandoned,High Value - Price Concern,Medium Value,Small,93.65786666666666,25
9,Deleted,2025-11-10 11:54:30,1165.29,4,161.03,Mobile,,0.0,2025-11-12 22:23:17,2025-11-25 09:39:26,361,a6eea685-41c7-46b3-9759-d108c41ab10d,70.0,1680.0,Abandoned,High Value - Price Concern,High Value,Small,140.29203333333334,25
10,Active,2025-07-11 23:26:16,2424.19,3,364.68666666666667,Mobile,,0.0,2025-07-12 02:23:49,2025-07-13 17:37:20,475,24ee2d06-8fd2-4207-9459-1d9f8e493b2d,193.0,4632.0,Active,N/A - Active,High Value,Small,339.05903333333333,0
11,Deleted,2023-07-01 11:32:13,673.43,1,673.43,Desktop,,1.0,2023-07-14 22:47:47,2023-07-14 22:47:47,114,a9eca30f-64a9-4efa-bae5-eadb91536c33,922.0,22128.0,Abandoned,High Value - Price Concern,Medium Value,Single Item,1252.5362333333333,25
12,Deleted,2025-11-27 05:02:18,266.52,1,266.52,Tablet,,0.0,2025-12-13 22:08:55,2025-12-13 22:08:55,417,24529875-581d-428e-88f0-7da8b0fac66a,39.0,936.0,Abandoned,Long Time - Lost Interest,Low Value,Single Item,62.99560000000001,25
13,Abandoned,2024-09-15 20:33:39,491.24,2,245.62,Tablet,,0.0,2024-09-15 21:09:32,2024-09-15 21:46:49,70,b73180f1-325f-4b56-a6ef-940314a48646,493.0,11832.0,Abandoned,Long Time - Lost Interest,Low Value,Small,678.0705333333334,25
14,Active,2023-07-29 20:34:14,1148.98,1,1148.98,Mobile,,0.0,2023-07-31 09:29:23,2023-07-31 09:29:23,325,ea9504e0-fbef-4bcf-a12f-80bb6477e5aa,905.0,21720.0,Active,N/A - Active,High Value,Single Item,1244.136066666667,0
15,Active,2025-03-11 13:07:26,732.96,4,115.565,Desktop,,0.0,2025-03-11 20:02:52,2025-03-12 07:52:45,68,8869a795-9799-4a4d-a3dc-5a29ddd2c72b,316.0,7584.0,Active,N/A - Active,Medium Value,Small,455.3221333333334,0
16,Abandoned,2019-04-17 00:31:54,173.51,2,36.25,Tablet,,0.0,2019-04-17 00:31:54,2019-04-17 00:31:54,209,5b2aa318-32df-4e96-a594-030e0fad3e20,2471.0,59304.0,Abandoned,Long Time - Lost Interest,Low Value,Small,3305.871966666667,25
17,Abandoned,2023-11-12 12:29:57,1690.19,2,257.345,Tablet,,1.0,2023-11-12 14:24:52,2023-11-12 16:37:34,150,53a8b030-0399-46c7-b8e2-e8f5403311d6,801.0,19224.0,Abandoned,High Value - Price Concern,High Value,Small,1124.7057,25
18,Abandoned,2025-12-05 07:41:21,487.66999999999996,3,125.76333333333332,Wearable,,0.0,2025-12-05 07:41:21,2025-12-05 07:41:21,82,0bb40cec-39a1-46f0-9dd6-472483852df1,47.0,1128.0,Abandoned,Long Time - Lost Interest,Low Value,Small,86.29676666666667,25
19,Active,2021-04-18 18:32:21,501.56,2,122.08,Desktop,,0.0,2021-04-19 05:40:02,2021-04-20 14:43:02,261,47eb5a98-7731-4019-90af-3722ce4103a6,1738.0,41712.0,Active,N/A - Active,Medium Value,Small,2338.380133333333,0
20,Abandoned,2022-02-18 00:48:07,1259.55,3,313.3,Desktop,,0.0,2022-02-18 03:54:15,2022-02-18 06:48:37,257,4b078022-1255-41cd-9eda-6b4c07138668,1433.0,34392.0,Abandoned,High Value - Price Concern,High Value,Small,1957.4531666666664,25
21,Abandoned,2025-12-20 17:25:50,1827.85,3,352.40000000000003,Tablet,,0.0,2025-12-21 01:20:49,2025-12-21 04:06:44,162,680891b6-b2ed-4885-a5cf-4d88cc6d436b,31.0,744.0,Abandoned,High Value - Price Concern,High Value,Small,105.16883333333334,25
22,Abandoned,2021-10-19 11:08:20,111.44,1,27.86,Mobile,,0.0,2021-10-19 18:44:50,2021-10-19 18:44:50,383,c0ff8bd9-db43-4e26-a50a-8fdd3e2b9c3f,1555.0,37320.0,Abandoned,Long Time - Lost Interest,Low Value,Single Item,2079.6765333333337,25
23,Active,2021-01-15 05:24:49,287.89,2,143.945,Desktop,,0.0,2021-01-16 09:07:09,2021-01-16 11:22:20,41,66cd3b81-fef2-4213-b6b5-8a4abb88df98,1831.0,43944.0,Active,N/A - Active,Low Value,Small,2455.970033333333,0
24,Converted,2024-12-13 14:11:51,0.0,0,0.0,Mobile,,0.0,,,476,3967a40b-fff5-4520-ad24-5f4b5b8dd265,,,Abandoned,Mobile - Checkout Friction,Very Low Value,Single Item,,25
25,Deleted,2025-07-09 13:54:17,1478.72,1,369.68,,,,2025-07-22 15:55:19,2025-07-22 15:55:19,307,1519027e-158d-4094-a0f2-1e2f4868f8a5,183.0,4392.0,Abandoned,High Value - Price Concern,High Value,Single Item,291.36159999999995,25
26,Converted,2018-10-01 00:59:40,3189.1000000000004,4,222.62999999999997,Mobile,,0.0,2018-10-01 07:20:43,2018-10-02 04:44:41,243,8d94def3-ecc1-409b-81d5-2a43e123129b,2669.0,64056.0,Abandoned,High Value - Price Concern,High Value,Small,3666.3396666666663,25
27,Converted,2023-09-08 17:03:42,2284.5,1,1142.25,Tablet,,0.0,2023-09-09 20:57:05,2023-09-09 20:57:05,41,991fc818-3bc6-4025-a39c-05d759c46c77,865.0,20760.0,Abandoned,High Value - Price Concern,High Value,Single Item,1224.8683333333333,25
28,Abandoned,2024-10-22 21:32:17,265.23,1,265.23,Desktop,,0.0,2024-10-23 00:05:32,2024-10-23 00:05:32,91,c8d8aaf5-d035-48e4-bfc7-02a5fa3a527d,455.0,10920.0,Abandoned,Long Time - Lost Interest,Low Value,Single Item,617.6235666666666,25
29,Active,2023-01-22 19:35:12,2190.72,5,276.65600000000006,Mobile,,0.0,2023-01-22 21:58:13,2023-01-23 21:19:31,448,f5b475e7-1f7d-4f71-8d83-b8045dd3fe19,1095.0,26280.0,Active,N/A - Active,High Value,Medium,1540.7216,0
30,Active,2024-05-07 16:46:47,1331.62,3,443.8733333333333,Desktop,,0.0,2024-05-08 03:31:03,2024-05-08 13:30:30,202,498c0862-99e8-4e75-8915-1e13c5ca117b,623.0,14952.0,Active,N/A - Active,High Value,Small,879.6152666666666,0
31,Active,2025-03-11 13:07:17,1698.1,3,375.1966666666667,Desktop,,0.0,2025-03-12 15:22:18,2025-03-14 04:30:00,68,8869a795-9799-4a4d-a3dc-5a29ddd2c72b,315.0,7560.0,Active,N/A - Active,High Value,Small,479.943,0
32,Converted,2024-12-08 11:09:42,2649.4399999999996,3,513.1133333333333,Wearable,,0.0,2024-12-08 17:48:25,2024-12-08 23:49:54,93,7a705245-fd0e-497f-9d41-5064e4ed02ab,409.0,9816.0,Abandoned,High Value - Price Concern,High Value,Small,633.8165333333333,25
33,Active,2022-12-26 11:13:13,975.48,2,156.165,Mobile,,0.0,2022-12-26 13:42:45,2022-12-26 20:32:06,109,2a525cfc-12ca-4ec5-bda6-9e87d547b863,1122.0,26928.0,Active,N/A - Active,Medium Value,Small,1531.2644,0
34,Deleted,2025-12-18 16:36:19,5675.23,4,564.13,,,,2025-12-20 19:21:09,2025-12-23 20:39:14,357,fc568503-9f5d-44ce-9b56-b54635bff8f5,32.0,768.0,Abandoned,High Value - Price Concern,High Value,Small,224.9235666666667,25
35,Abandoned,2021-07-20 02:53:19,3458.1499999999996,6,395.965,,,,2021-07-20 02:58:34,2021-07-20 05:46:23,437,d6a7c02c-c33c-49b1-8284-fe4f1aabcb0f,1646.0,39504.0,Abandoned,High Value - Price Concern,High Value,Medium,2316.411166666667,25
36,Converted,2025-12-21 23:08:03,1112.6999999999998,3,206.30666666666664,Desktop,,0.0,2025-12-22 01:12:18,2025-12-22 02:52:38,18,a5c3e500-ccfd-4086-91d7-470c97f95b77,30.0,720.0,Abandoned,High Value - Price Concern,High Value,Small,82.381,25
37,Abandoned,2024-08-20 23:24:42,80.26,1,80.26,Mobile,,0.0,2024-08-21 00:20:05,2024-08-21 00:20:05,443,6995bb85-d58c-41dd-a2c7-8288019406bc,518.0,12432.0,Abandoned,Long Time - Lost Interest,Very Low Value,Single Item,696.0744666666667,25
38,Abandoned,2025-05-08 02:10:00,1780.83,4,185.95999999999998,Mobile,,0.0,2025-05-08 02:16:52,2025-05-08 04:03:06,497,8f0ef265-ec89-4f81-bcd4-7a7e6208ca68,258.0,6192.0,Abandoned,High Value - Price Concern,High Value,Small,409.4249,25
39,Converted,2025-11-14 03:56:17,1078.8600000000001,1,179.81,Desktop,,0.0,2025-11-14 12:47:40,2025-11-14 12:47:40,117,e93a00b4-167c-4cfe-b5be-118a749c5355,68.0,1632.0,Abandoned,High Value - Price Concern,High Value,Single Item,126.03246666666668,25
40,Active,2024-07-14 23:53:27,131.16,1,131.16,,,,2024-07-15 12:15:16,2024-07-15 12:15:16,106,5e5521cd-3496-448c-a1dc-775474875639,555.0,13320.0,Active,N/A - Active,Low Value,Single Item,746.9348000000001,0
41,Active,2022-04-21 13:33:57,971.52,1,323.84,,,,2022-04-21 21:31:45,2022-04-21 21:31:45,492,76342937-5bec-4573-9b99-bf72f9e8da35,1371.0,32904.0,Active,N/A - Active,Medium Value,Single Item,1860.1456000000003,0
42,Active,2025-01-01 12:02:51,1330.68,4,185.6525,Desktop,,0.0,2025-01-04 23:58:47,2025-01-05 15:44:46,92,84f020ea-8f30-4452-a34c-9d54aba47ad4,382.0,9168.0,Active,N/A - Active,High Value,Small,561.2537333333333,0
43,Converted,2024-12-08 00:49:17,118.72,1,59.36,Mobile,,0.0,2024-12-09 00:18:04,2024-12-09 00:18:04,106,5c904e9a-c1c2-4d4a-b8ae-7060621bacd3,408.0,9792.0,Abandoned,Long Time - Lost Interest,Low Value,Single Item,550.5616000000001,25
44,Active,2017-08-16 06:29:26,143.84,1,71.92,Mobile,,0.0,2017-08-17 18:40:26,2017-08-17 18:40:26,280,635bd699-4b3f-4d38-a549-55d5d3779065,3079.0,73896.0,Active,N/A - Active,Low Value,Single Item,4112.648533333334,0
45,Converted,2025-06-12 22:03:35,1889.9,2,472.475,,,,2025-06-13 09:47:49,2025-06-14 03:23:40,7,f35bb7d1-a659-4a37-8f7a-ba9cc0163b87,222.0,5328.0,Abandoned,High Value - Price Concern,High Value,Small,358.69700000000006,25
46,Active,2019-09-12 19:45:43,367.94,2,117.36,Mobile,,0.0,2019-09-16 19:52:29,2019-09-17 01:50:53,246,9f2832c7-42ee-4780-8140-cbdf782e0eb6,2319.0,55656.0,Active,N/A - Active,Low Value,Small,3109.0382,0
47,Active,2023-07-15 04:41:04,687.39,4,163.0675,,,,2023-07-15 12:01:06,2023-07-16 05:20:14,243,0c3fc922-5d13-4959-9e61-2b022de02de7,921.0,22104.0,Active,N/A - Active,Medium Value,Small,1260.6217000000001,0
48,Abandoned,2023-07-15 04:49:35,1297.92,2,298.885,,,,2023-07-15 06:10:36,2023-07-15 07:13:35,243,0c3fc922-5d13-4959-9e61-2b022de02de7,921.0,22104.0,Abandoned,High Value - Price Concern,High Value,Small,1272.9376000000002,25
49,Abandoned,2025-08-29 17:14:03,81.3,1,40.65,,,,2025-08-29 23:40:18,2025-08-29 23:40:18,88,1eec039e-fe24-4b67-8fd1-f0ac7e6697d9,145.0,3480.0,Abandoned,Long Time - Lost Interest,Very Low Value,Single Item,198.77233333333334,25
50,Abandoned,2018-09-26 23:25:14,1730.7800000000002,2,432.69500000000005,Desktop,,0.0,2018-09-27 03:16:27,2018-09-27 08:26:10,64,746dac62-6568-4661-90c0-2b4ae459b2a9,2673.0,64152.0,Abandoned,High Value - Price Concern,High Value,Small,3621.9234,25
51,Active,2025-07-11 23:26:29,1046.46,1,348.82,Mobile,,0.0,2025-07-14 19:25:37,2025-07-14 19:25:37,475,24ee2d06-8fd2-4207-9459-1d9f8e493b2d,191.0,4584.0,Active,N/A - Active,High Value,Single Item,289.0604666666666,0
52,Converted,2025-04-23 02:07:26,1560.7200000000003,4,240.6575,Mobile,,0.0,2025-04-23 10:48:31,2025-04-25 14:01:47,296,50cad730-8de6-44e2-b0a2-5863b0bdf586,273.0,6552.0,Abandoned,High Value - Price Concern,High Value,Small,422.82160000000005,25
53,Active,2018-12-02 17:58:46,0.0,0,0.0,Desktop,,1.0,,,110,8a6a5444-8f02-4889-b2a4-5423de35a7e3,,,Active,N/A - Active,Very Low Value,Single Item,,0
54,Active,2025-02-08 09:03:18,2990.4500000000003,1,598.09,Mobile,,0.0,2025-02-10 09:56:31,2025-02-10 09:56:31,348,96994b4b-b54a-41ed-8dfc-18ff5069df41,345.0,8280.0,Active,N/A - Active,High Value,Single Item,552.7135000000001,0
55,Converted,2017-09-26 08:08:46,745.47,1,745.47,Smart TV,,0.0,2017-09-26 09:20:38,2017-09-26 09:20:38,12,614c3a8d-b4d3-4a84-898f-01dc06ba477f,3039.0,72936.0,Abandoned,High Value - Price Concern,Medium Value,Single Item,4077.3641000000007,25
56,Converted,2025-05-09 21:12:00,0.0,0,0.0,Mobile,,0.0,,,159,267f0f45-6a1e-402d-a96b-fde7d5cfb888,,,Abandoned,Mobile - Checkout Friction,Very Low Value,Single Item,,25
57,Converted,2023-11-12 12:29:49,853.04,3,116.74666666666667,Tablet,,1.0,2023-11-12 19:58:14,2023-11-14 18:15:55,150,53a8b030-0399-46c7-b8e2-e8f5403311d6,801.0,19224.0,Abandoned,High Value - Price Concern,Medium Value,Small,1102.5912,25
58,Abandoned,2022-01-04 17:23:29,1266.03,3,242.92666666666665,Mobile,,0.0,2022-01-04 21:57:06,2022-01-05 05:14:13,173,0e5f2456-a66c-493d-b4e4-e273e53bf7bd,1478.0,35472.0,Abandoned,High Value - Price Concern,High Value,Small,2017.6475666666668,25
59,Active,2023-03-07 22:01:31,1033.11,3,150.26999999999998,,,,2023-03-08 18:31:31,2023-03-12 09:47:28,15,c5c4c8fb-137f-4561-b2cf-fd30d5f59b48,1050.0,25200.0,Active,N/A - Active,High Value,Small,1439.9932999999999,0
60,Abandoned,2025-01-26 09:11:21,999.99,3,134.91333333333333,Smart TV,,0.0,2025-01-26 09:37:06,2025-01-26 13:50:03,147,ee1d045f-5302-47a3-96f1-803c928ff615,360.0,8640.0,Abandoned,High Value - Price Concern,Medium Value,Small,518.9997000000001,25
61,Active,2017-06-08 14:45:18,1991.78,2,497.945,Tablet,,0.0,2017-06-10 03:46:10,2017-06-10 15:36:14,225,f93956b6-39dd-4a40-a5b3-90713daa2ad8,3147.0,75528.0,Active,N/A - Active,High Value,Small,4261.753400000001,0
62,Converted,2025-02-05 12:21:53,314.39,2,96.825,Desktop,,0.0,2025-02-05 12:23:03,2025-02-05 17:00:13,426,f1918be7-929f-46ab-8ab6-1d27927dbf51,350.0,8400.0,Abandoned,Long Time - Lost Interest,Low Value,Small,482.09836666666666,25
63,Converted,2025-09-27 15:44:54,2156.75,2,515.6800000000001,Smart TV,,0.0,2025-09-28 23:08:27,2025-09-30 00:52:40,367,d1f8e065-67ad-4970-ad01-411baa58777d,115.0,2760.0,Abandoned,High Value - Price Concern,High Value,Small,224.03583333333336,25
64,Abandoned,2019-12-17 01:23:31,151.88,1,151.88,Mobile,,0.0,2019-12-17 01:28:19,2019-12-17 01:28:19,463,44fc5272-23e7-4381-a3ef-af4af52f1840,2227.0,53448.0,Abandoned,Long Time - Lost Interest,Low Value,Single Item,2976.8897333333334,25
65,Abandoned,2024-10-26 11:44:59,47.01,1,47.01,Desktop,,0.0,2024-10-26 11:44:59,2024-10-26 11:44:59,237,b820fe11-3213-4602-b6f8-4bebc670417b,452.0,10848.0,Abandoned,Long Time - Lost Interest,Very Low Value,Single Item,607.0769666666667,25
66,Abandoned,2024-10-23 17:43:18,1751.95,4,252.0875,Tablet,,1.0,2024-10-23 18:56:11,2024-10-23 23:11:45,55,83f48a9c-9a45-4c07-9d26-e082416f3992,455.0,10920.0,Abandoned,High Value - Price Concern,High Value,Small,671.2251666666666,25
67,Converted,2022-03-23 07:06:43,1314.67,3,219.67,Mobile,,0.0,2022-03-23 08:33:47,2022-03-23 10:56:13,44,217bc600-cb1d-4957-b464-86dd02a803be,1400.0,33600.0,Abandoned,High Value - Price Concern,High Value,Small,1915.1067666666665,25
68,Abandoned,2024-03-26 10:55:04,975.63,4,220.36,Tablet,,0.0,2024-03-26 10:58:48,2024-03-26 11:48:50,454,2156441e-ee6e-4ad1-9488-61b66841736d,666.0,15984.0,Abandoned,High Value - Price Concern,Medium Value,Small,929.2688999999999,25
69,Abandoned,2019-04-17 07:56:19,39.31,1,39.31,Desktop,,0.0,2019-04-17 10:38:42,2019-04-17 10:38:42,157,c627cc61-8df3-4ab8-9a5c-765c44f2d71b,2471.0,59304.0,Abandoned,Long Time - Lost Interest,Very Low Value,Single Item,3298.8459666666663,25
70,Active,2025-09-09 16:33:38,1386.03,1,462.01,Tablet,,0.0,2025-09-11 18:59:34,2025-09-11 18:59:34,314,0ba04512-e5a1-4f01-a0dc-37b4ccc66fd7,132.0,3168.0,Active,N/A - Active,High Value,Single Item,220.58089999999999,0
71,Abandoned,2024-01-03 16:44:12,598.09,1,598.09,Desktop,,0.0,2024-01-03 16:44:12,2024-01-03 16:44:12,452,7817adac-3ede-4998-b91c-127dafb7516a,749.0,17976.0,Abandoned,High Value - Price Concern,Medium Value,Single Item,1019.6093666666666,25
72,Converted,2024-03-26 09:33:36,1164.99,4,238.46500000000003,Mobile,,0.0,2024-03-27 05:03:54,2024-03-27 23:36:34,187,b5f22ad9-b6e4-4c48-85e6-ad88b4f9edc8,665.0,15960.0,Abandoned,High Value - Price Concern,High Value,Small,933.6163666666666,25
73,Abandoned,2020-12-19 09:32:45,311.62,3,77.64333333333333,Desktop,,0.0,2020-12-19 09:42:17,2020-12-19 15:54:02,211,f0e30182-c57a-40a6-96a0-a9e88c6f8ed4,1859.0,44616.0,Abandoned,Long Time - Lost Interest,Low Value,Small,2497.015266666667,25
74,Active,2025-02-08 05:38:31,1552.8899999999999,3,271.1766666666667,Mobile,,0.0,2025-02-08 16:33:07,2025-02-09 07:06:56,446,6e379e33-f439-47ac-a31a-d87654eefd1f,347.0,8328.0,Active,N/A - Active,High Value,Small,518.2533666666667,0
75,Active,2021-10-19 11:08:20,1390.32,1,695.16,Mobile,,0.0,2021-10-23 01:11:49,2021-10-23 01:11:49,383,c0ff8bd9-db43-4e26-a50a-8fdd3e2b9c3f,1551.0,37224.0,Active,N/A - Active,High Value,Single Item,2112.7096000000006,0
76,Abandoned,2022-10-24 00:35:42,1110.1,1,555.05,Mobile,,0.0,2022-10-24 01:00:49,2022-10-24 01:00:49,203,4be1158a-26ac-4d42-837d-0b65b883316a,1185.0,28440.0,Abandoned,High Value - Price Concern,High Value,Single Item,1616.3030000000003,25
77,Active,2024-10-20 23:07:24,427.15999999999997,2,126.85499999999999,Desktop,,0.0,2024-10-22 09:09:30,2024-10-24 02:52:13,403,d2748ff6-b768-41d2-a27c-774a1305a175,456.0,10944.0,Active,N/A - Active,Low Value,Small,626.8148,0
78,Active,2024-08-26 18:05:46,1918.22,2,335.395,Desktop,,0.0,2024-08-26 20:25:23,2024-08-27 06:23:21,52,e1e7a723-0461-4e16-ae15-9ee74289d709,513.0,12312.0,Active,N/A - Active,High Value,Small,747.5466,0
79,Active,2024-10-30 19:34:04,1873.1399999999999,2,364.89,Tablet,,0.0,2024-11-02 23:16:00,2024-11-03 16:38:24,32,b301d078-08b3-4a3b-a1f4-0d61964f759e,445.0,10680.0,Active,N/A - Active,High Value,Small,655.5275333333333,0
80,Active,2023-08-18 18:16:42,593.62,2,296.81,Desktop,,0.0,2023-08-19 01:22:06,2023-08-19 01:54:34,38,1e5c829a-d9f7-46dc-8584-3c2efe948d92,886.0,21264.0,Active,N/A - Active,Medium Value,Small,1205.1419333333336,0
81,Converted,2022-04-21 13:40:16,756.56,1,378.28,,,,2022-04-21 15:19:18,2022-04-21 15:19:18,492,76342937-5bec-4573-9b99-bf72f9e8da35,1371.0,32904.0,Abandoned,High Value - Price Concern,Medium Value,Single Item,1853.6968000000002,25
82,Abandoned,2019-12-17 01:20:45,2383.27,2,617.145,Mobile,,0.0,2019-12-17 01:20:45,2019-12-17 01:20:45,463,44fc5272-23e7-4381-a3ef-af4af52f1840,2227.0,53448.0,Abandoned,High Value - Price Concern,High Value,Small,3046.8314333333337,25
83,Converted,2021-01-21 21:41:13,2186.44,3,364.4066666666667,Mobile,,0.0,2021-01-22 11:44:58,2021-01-23 03:32:17,491,c8fb0f75-335e-4363-b1d6-a705dce305b8,1825.0,43800.0,Abandoned,High Value - Price Concern,High Value,Small,2507.9265333333337,25
84,Abandoned,2022-05-11 01:44:57,508.28,2,111.55000000000001,Tablet,,0.0,2022-05-11 06:44:57,2022-05-11 07:40:19,353,32175bbf-8531-4d44-b6e3-be206272bdb8,1351.0,32424.0,Abandoned,High Value - Price Concern,Medium Value,Small,1822.5817333333332,25
85,Abandoned,2023-08-18 18:16:31,0.0,0,0.0,Desktop,,0.0,,,38,1e5c829a-d9f7-46dc-8584-3c2efe948d92,,,Abandoned,Unknown,Very Low Value,Single Item,,25
86,Converted,2021-06-22 01:17:34,693.8199999999999,3,135.47,Mobile,,0.0,2021-06-23 20:17:54,2021-06-24 17:48:05,251,cdeaac4b-c272-44c8-a494-a91bab5eba2b,1673.0,40152.0,Abandoned,High Value - Price Concern,Medium Value,Small,2260.4812666666667,25
87,Converted,2024-10-28 17:10:52,2456.9800000000005,3,475.22,Mobile,,0.0,2024-10-28 20:54:55,2024-10-29 06:52:34,185,01adb77a-50ad-43fd-9462-0380ab057d7b,450.0,10800.0,Abandoned,High Value - Price Concern,High Value,Small,682.7094,25
88,Converted,2019-04-17 00:31:56,969.5699999999999,3,156.64333333333335,Tablet,,0.0,2019-04-17 06:01:26,2019-04-18 03:38:50,209,5b2aa318-32df-4e96-a594-030e0fad3e20,2471.0,59304.0,Abandoned,High Value - Price Concern,Medium Value,Small,3332.753766666667,25
89,Abandoned,2017-04-27 21:14:24,1451.42,3,483.8066666666667,Mobile,,0.0,2017-04-27 23:23:31,2017-04-28 00:18:41,438,e94d20de-71e8-4e18-bf52-c421afa97581,3191.0,76584.0,Abandoned,High Value - Price Concern,High Value,Small,4307.209266666667,25
90,Active,2025-07-28 13:22:25,618.02,1,618.02,Mobile,,0.0,2025-07-28 16:33:39,2025-07-28 16:33:39,122,b21508f7-4f60-4643-b1b6-bbd856e1131c,177.0,4248.0,Active,N/A - Active,Medium Value,Single Item,257.5406,0
91,Abandoned,2025-09-03 03:04:28,888.33,2,190.825,Mobile,,0.0,2025-09-03 03:22:43,2025-09-03 03:24:12,42,45b50eed-35ef-4a1f-8857-e9066932af4b,140.0,3360.0,Abandoned,High Value - Price Concern,Medium Value,Small,219.3165666666667,25
92,Converted,2024-12-08 05:50:29,1747.5,3,484.8333333333333,Tablet,,1.0,2024-12-08 06:04:14,2024-12-08 07:00:11,105,1710e83c-88e4-4286-a241-3686a7b484d0,409.0,9816.0,Abandoned,High Value - Price Concern,High Value,Small,606.7583333333333,25
93,Deleted,2021-03-20 21:07:38,292.53999999999996,2,116.755,Smart TV,,0.0,2021-03-22 15:58:39,2021-03-24 07:20:34,278,74c7c895-70c0-46d9-a421-c6850bb5cf54,1766.0,42384.0,Abandoned,Long Time - Lost Interest,Low Value,Small,2369.4428666666668,25
94,Abandoned,2024-09-28 08:31:53,45.4,1,45.4,Tablet,,0.0,2024-09-28 09:25:59,2024-09-28 09:25:59,125,a5b4c21b-b139-448b-922f-f9d9dcb175ab,480.0,11520.0,Abandoned,Long Time - Lost Interest,Very Low Value,Single Item,644.3620000000001,25
95,Deleted,2025-05-21 19:11:59,256.27000000000004,3,38.35,Desktop,,0.0,2025-05-24 15:26:54,2025-06-02 12:45:36,317,4a423e85-7f81-4d7d-b59a-903de9c2cf8a,242.0,5808.0,Abandoned,Long Time - Lost Interest,Low Value,Small,339.35476666666665,25
96,Abandoned,2025-09-27 09:37:19,182.96,1,91.48,Desktop,,0.0,2025-09-27 10:35:28,2025-09-27 10:35:28,111,60bcd20f-5918-4234-9d9c-1b0e140c4742,116.0,2784.0,Abandoned,Long Time - Lost Interest,Low Value,Single Item,163.15546666666668,25
97,Active,2022-12-30 06:25:46,2915.1899999999996,6,199.08833333333334,,,,2022-12-31 08:36:00,2023-01-01 21:19:19,428,b97e9e78-bc36-4e27-a132-f972fbbcb185,1117.0,26808.0,Active,N/A - Active,High Value,Medium,1594.7890333333335,0
98,Active,2025-11-26 16:48:52,755.73,1,755.73,Mobile,,0.0,2025-11-27 08:47:11,2025-11-27 08:47:11,136,e6ad592f-2cd9-4404-b218-3272041a4965,55.0,1320.0,Active,N/A - Active,Medium Value,Single Item,99.00523333333334,0
99,Converted,2025-07-09 13:59:48,53.57,1,53.57,,,,2025-07-11 09:38:15,2025-07-11 09:38:15,307,1519027e-158d-4094-a0f2-1e2f4868f8a5,194.0,4656.0,Abandoned,Long Time - Lost Interest,Very Low Value,Single Item,263.2737666666667,25
100,Converted,2024-12-16 17:22:54,3180.04,2,572.33,Mobile,,0.0,2024-12-17 15:33:47,2024-12-18 04:51:50,194,75f8b5f4-c830-4bb9-9626-3514c82156d4,400.0,9600.0,Abandoned,High Value - Price Concern,High Value,Small,634.7345333333333,25
101,Abandoned,2024-07-22 16:15:36,805.6200000000001,1,268.54,Desktop,,0.0,2024-07-22 16:20:28,2024-07-22 16:20:28,57,1e02e630-b9f7-489e-b04a-bce258bdf215,548.0,13152.0,Abandoned,High Value - Price Concern,Medium Value,Single Item,757.8352666666666,25
102,Active,2023-08-19 19:23:35,275.13,2,137.565,Smart TV,,0.0,2023-08-20 02:50:58,2023-08-20 09:47:58,180,9c1985c4-5c9a-442f-806c-d8d093b6fc42,885.0,21240.0,Active,N/A - Active,Low Value,Small,1194.2539000000002,0
103,Active,2023-04-05 17:35:51,0.0,0,0.0,,,,,,204,45b26b1e-4848-42c9-884b-93a117b2b8b3,,,Active,N/A - Active,Very Low Value,Single Item,,0
104,Active,2023-07-13 22:20:11,1085.5700000000002,3,146.80666666666667,Mobile,,0.0,2023-07-16 16:40:54,2023-07-18 21:39:39,255,6666e78d-d1dd-4aab-a911-d71a6813421e,920.0,22080.0,Active,N/A - Active,High Value,Small,1268.2337666666667,0
105,Converted,2022-02-18 00:48:29,201.14999999999998,1,67.05,Desktop,,0.0,2022-02-18 06:48:34,2022-02-18 06:48:34,257,4b078022-1255-41cd-9eda-6b4c07138668,1433.0,34392.0,Abandoned,Long Time - Lost Interest,Low Value,Single Item,1919.7011666666667,25
106,Abandoned,2025-03-09 05:15:04,1619.28,2,320.79999999999995,Tablet,,0.0,2025-03-09 05:30:28,2025-03-09 08:27:45,68,514dbfed-ee1f-482b-b906-15c04cdfc1f8,318.0,7632.0,Abandoned,High Value - Price Concern,High Value,Small,478.5784,25
107,Active,2022-03-04 02:14:51,739.08,1,369.54,Mobile,,1.0,2022-03-08 10:46:42,2022-03-08 10:46:42,448,4386a0fe-f07b-406c-b192-892b7e869ab5,1415.0,33960.0,Active,N/A - Active,Medium Value,Single Item,1911.8390666666667,0
108,Abandoned,2025-03-29 23:26:48,1195.0100000000002,2,213.18,Desktop,,0.0,2025-03-29 23:30:57,2025-03-30 02:14:56,223,4e15c1c6-4e6d-4adc-abec-724f9a7cc81a,298.0,7152.0,Abandoned,High Value - Price Concern,High Value,Small,439.1836333333333,25
109,Converted,2024-07-31 21:13:27,1341.3200000000002,3,293.8233333333333,Mobile,,0.0,2024-08-01 00:24:26,2024-08-03 18:08:16,89,9109ed70-4994-4f4e-9500-3c2a3077fce4,538.0,12912.0,Abandoned,High Value - Price Concern,High Value,Small,766.5729333333334,25
110,Active,2021-10-05 20:26:18,935.3499999999999,2,134.285,Tablet,,0.0,2021-10-07 18:12:26,2021-10-08 22:56:57,320,978bc95e-789e-4d3e-8e1d-94e6af7bb0af,1567.0,37608.0,Active,N/A - Active,Medium Value,Small,2123.3938333333335,0
111,Active,2025-09-19 20:06:28,1572.85,3,141.53,Desktop,,0.0,2025-09-23 09:36:32,2025-09-25 13:52:33,230,cec59e94-1963-4514-870f-cf09a49aa847,120.0,2880.0,Active,N/A - Active,High Value,Small,216.18550000000002,0
112,Converted,2023-02-27 08:31:29,1186.42,2,128.45499999999998,Desktop,,0.0,2023-02-27 15:13:18,2023-02-28 21:20:40,169,47af4126-5c55-4af1-adcc-dcba46e33cea,1059.0,25416.0,Abandoned,High Value - Price Concern,High Value,Small,1453.5926,25
113,Abandoned,2023-05-04 16:04:57,300.47,2,150.235,Desktop,,0.0,2023-05-04 19:47:27,2023-05-05 01:07:04,150,2e5cc9d5-f447-4a4a-bd66-a40ba2b62398,993.0,23832.0,Abandoned,Long Time - Lost Interest,Low Value,Small,1339.0141,25
114,Deleted,2025-11-06 12:33:46,1584.8400000000001,2,644.89,Desktop,,0.0,2025-11-09 00:54:55,2025-11-13 02:46:55,19,904f3d8b-6e1a-4188-a77a-3c9799074f11,73.0,1752.0,Abandoned,High Value - Price Concern,High Value,Small,150.87853333333334,25
115,Active,2025-09-13 12:15:10,1527.9399999999998,3,509.3133333333333,Mobile,,0.0,2025-09-15 01:29:03,2025-09-15 20:46:26,19,522ac0d2-7457-4298-8c54-995767300cf4,128.0,3072.0,Active,N/A - Active,High Value,Small,225.50486666666666,0
116,Active,2025-11-07 15:07:17,1329.87,2,510.31,Mobile,,0.0,2025-11-08 04:01:47,2025-11-09 02:14:36,299,d538561a-38e5-4821-a994-9f055129c4d7,74.0,1776.0,Active,N/A - Active,High Value,Small,144.56276666666668,0
117,Converted,2023-08-19 19:22:03,299.08,1,299.08,Smart TV,,0.0,2023-08-20 16:22:18,2023-08-20 16:22:18,389,9c1985c4-5c9a-442f-806c-d8d093b6fc42,885.0,21240.0,Abandoned,Long Time - Lost Interest,Low Value,Single Item,1191.9724,25
118,Abandoned,2023-06-21 20:44:44,493.47999999999996,2,219.95499999999998,Desktop,,0.0,2023-06-21 20:49:26,2023-06-21 23:36:11,318,2540bd83-a6d7-4789-ab24-e655a144bbb3,945.0,22680.0,Abandoned,Long Time - Lost Interest,Low Value,Small,1280.8044000000002,25
119,Abandoned,2022-08-09 15:31:55,2633.46,2,346.45500000000004,Tablet,,0.0,2022-08-09 16:09:00,2022-08-09 18:25:55,212,658f58d4-90d3-42cc-bfb6-e640c701cc30,1261.0,30264.0,Abandoned,High Value - Price Concern,High Value,Small,1766.337133333333,25
120,Abandoned,2020-12-29 17:53:59,3632.2400000000002,2,916.1800000000001,Desktop,,0.0,2020-12-29 20:44:11,2020-12-29 21:36:07,94,c1149a81-79ad-4fc6-a971-4ce96cdf72f3,1849.0,44376.0,Abandoned,High Value - Price Concern,High Value,Small,2580.3005333333335,25
121,Active,2024-09-13 04:29:35,1223.29,2,499.42999999999995,Desktop,,0.0,2024-09-13 04:29:35,2024-09-13 04:29:35,128,867aef95-3fcc-4396-9858-fd13d6dae310,495.0,11880.0,Active,N/A - Active,High Value,Small,702.6987,0
122,Abandoned,2023-08-12 08:23:08,2098.31,4,243.685,Tablet,,0.0,2023-08-12 09:06:49,2023-08-12 15:30:37,89,2e2038a8-dcc8-47d8-92bf-15154df69faa,893.0,21432.0,Abandoned,High Value - Price Concern,High Value,Small,1265.6159666666665,25
123,Abandoned,2020-06-02 08:53:54,535.68,3,178.55999999999997,Desktop,,0.0,2020-06-02 09:38:10,2020-06-02 12:03:27,464,2df2203f-8ebb-4c7a-ade6-9233c8cfddd2,2059.0,49416.0,Abandoned,High Value - Price Concern,Medium Value,Small,2770.4037333333335,25
124,Converted,2019-11-29 14:43:44,156.14,1,78.07,Mobile,,0.0,2019-11-29 23:01:31,2019-11-29 23:01:31,286,20bf334b-57d1-4a42-8f2c-669a56c1406d,2245.0,53880.0,Abandoned,Long Time - Lost Interest,Low Value,Single Item,3001.0175333333336,25
125,Abandoned,2023-11-18 13:55:10,774.43,1,774.43,Mobile,,0.0,2023-11-18 15:38:41,2023-11-18 15:38:41,58,625c8726-f9b7-4f44-8915-9385cdb669b2,795.0,19080.0,Abandoned,High Value - Price Concern,Medium Value,Single Item,1086.2329,25
126,Abandoned,2023-01-14 14:01:46,40.65,1,40.65,Mobile,,0.0,2023-01-14 16:51:05,2023-01-14 16:51:05,263,62b501e2-df3f-474f-8bf5-e3a883499727,1103.0,26472.0,Abandoned,Long Time - Lost Interest,Very Low Value,Single Item,1474.8861666666667,25
127,Deleted,2020-07-11 03:54:34,2383.88,4,442.99,Desktop,,1.0,2020-07-18 02:57:00,2020-07-25 17:59:56,386,a50e3515-719e-498a-b97a-057eb05059f0,2013.0,48312.0,Abandoned,High Value - Price Concern,High Value,Small,2767.5164000000004,25
128,Abandoned,2025-11-01 12:04:54,469.52,2,234.76,,,,2025-11-01 14:34:19,2025-11-01 20:26:43,23,2458d913-f369-43c4-bc86-a12f1cd5cff9,81.0,1944.0,Abandoned,Long Time - Lost Interest,Low Value,Small,128.0856,25
129,Abandoned,2025-12-23 10:47:38,496.19,1,496.19,Desktop,,0.0,2025-12-23 16:09:21,2025-12-23 16:09:21,85,4669dbff-b259-4c1b-bc06-11a3fbaec7d2,29.0,696.0,Abandoned,Long Time - Lost Interest,Low Value,Single Item,56.55236666666668,25
130,Abandoned,2025-08-06 11:10:14,1068.1599999999999,2,113.84,Desktop,,0.0,2025-08-06 11:43:18,2025-08-06 11:45:00,188,dc400cb0-b7ae-4ec1-9bbe-9c1e07758089,168.0,4032.0,Abandoned,High Value - Price Concern,High Value,Small,262.04479999999995,25
131,Abandoned,2022-05-22 20:36:13,1458.62,1,729.31,Desktop,,0.0,2022-05-22 21:44:17,2022-05-22 21:44:17,203,16257a43-81a9-486c-95e3-d1b834ed0fc9,1340.0,32160.0,Abandoned,High Value - Price Concern,High Value,Single Item,1833.4252666666669,25
132,Abandoned,2025-05-18 12:33:07,1905.64,4,314.1725,Smart TV,,0.0,2025-05-18 13:33:14,2025-05-18 17:16:42,57,cbc160eb-a523-4d01-b32f-8772dc819eba,248.0,5952.0,Abandoned,High Value - Price Concern,High Value,Small,399.83586666666673,25
133,Active,2024-11-01 01:31:43,2699.82,1,899.94,Desktop,,1.0,2024-11-03 23:44:00,2024-11-03 23:44:00,461,7e5ff3fa-a4f6-4823-8fdd-e4f14e885ad7,444.0,10656.0,Active,N/A - Active,High Value,Single Item,675.9946000000001,0
134,Abandoned,2024-05-09 13:45:07,1344.45,4,118.4975,Desktop,,0.0,2024-05-09 13:45:07,2024-05-09 13:45:07,493,c08baf64-eec4-4b5e-8bee-e406683f7f4f,622.0,14928.0,Abandoned,High Value - Price Concern,High Value,Small,881.6668333333334,25
135,Converted,2025-12-03 17:28:11,3685.88,5,284.994,Tablet,,0.0,2025-12-03 23:15:30,2025-12-05 05:29:38,408,c5d76669-6af7-4868-8cd4-b8b0fef48bde,49.0,1176.0,Abandoned,High Value - Price Concern,High Value,Medium,190.90973333333332,25
136,Active,2015-11-11 16:06:31,514.24,3,73.98,,,,2015-11-11 21:06:45,2015-11-16 08:00:11,342,19c2bca9-16d6-472b-a0d6-3f392ff6cd28,3724.0,89376.0,Active,N/A - Active,Medium Value,Small,4989.760533333334,0
137,Converted,2021-08-29 22:09:52,1022.4200000000001,3,196.75333333333333,Smart TV,,0.0,2021-08-30 12:52:29,2021-08-31 05:42:41,63,bd260936-f37c-4999-886b-62ebc3505cbd,1605.0,38520.0,Abandoned,High Value - Price Concern,High Value,Small,2179.6726000000003,25
138,Active,2021-04-06 19:21:56,1386.69,3,462.23,Mobile,,0.0,2021-04-08 03:30:16,2021-04-08 19:50:21,427,91f9fe89-19a5-4307-915b-e3b9590c39a0,1749.0,41976.0,Active,N/A - Active,High Value,Small,2382.6007,0
139,Converted,2025-07-03 03:24:53,399.52,1,199.76,,,,2025-07-03 12:28:18,2025-07-03 12:28:18,2,06be573d-c083-431b-9b59-525915dc94a1,202.0,4848.0,Abandoned,Long Time - Lost Interest,Low Value,Single Item,284.3189333333333,25
140,Abandoned,2024-11-19 17:06:28,0.0,0,0.0,,,,,,386,1b59516c-3396-48f0-b135-fe0721265e86,,,Abandoned,Unknown,Very Low Value,Single Item,,25
141,Abandoned,2023-05-10 13:21:12,390.7,1,390.7,Desktop,,0.0,2023-05-10 16:57:12,2023-05-10 16:57:12,118,f0c72a09-00ed-4538-9821-049d28c7dda4,987.0,23688.0,Abandoned,Long Time - Lost Interest,Low Value,Single Item,1330.721,25
142,Active,2023-04-29 20:34:13,1841.0400000000002,4,355.675,Tablet,,0.0,2023-04-30 01:09:40,2023-05-01 23:45:18,137,a4283b08-ffae-4d6f-b2ec-d621aceb0b00,997.0,23928.0,Active,N/A - Active,High Value,Small,1396.5645333333334,0
143,Converted,2023-09-06 10:41:57,416.61,2,113.98,Mobile,,0.0,2023-09-06 13:05:29,2023-09-06 14:39:02,180,f83eabd2-d1d4-49e9-aa40-91a452202192,868.0,20832.0,Abandoned,Long Time - Lost Interest,Low Value,Small,1175.8316333333335,25
144,Deleted,2024-05-18 19:20:35,432.84,1,432.84,Tablet,,0.0,2024-05-21 22:31:59,2024-05-21 22:31:59,363,4edea98e-f2ac-4e07-82ca-df2987e31b73,610.0,14640.0,Abandoned,Long Time - Lost Interest,Low Value,Single Item,829.3185333333332,25
145,Abandoned,2019-08-05 14:03:58,2260.89,2,435.28499999999997,Desktop,,0.0,2019-08-05 16:10:50,2019-08-05 19:24:53,323,2dbd5719-b8fa-4570-bacd-900043c2f2cf,2361.0,56664.0,Abandoned,High Value - Price Concern,High Value,Small,3221.8267000000005,25
146,Abandoned,2025-02-22 15:43:08,2505.7,3,291.3766666666666,Mobile,,0.0,2025-02-22 16:24:07,2025-02-22 17:00:36,78,184af158-bb05-4932-a8cf-f635f0054d77,333.0,7992.0,Abandoned,High Value - Price Concern,High Value,Small,528.171,25
147,Active,2019-01-24 19:13:28,214.28,1,53.57,Mobile,,0.0,2019-01-27 03:30:31,2019-01-27 03:30:31,142,03f9d88d-0206-4341-9bd8-1be50b53e61b,2551.0,61224.0,Active,N/A - Active,Low Value,Single Item,3410.7617333333337,0
148,Deleted,2024-01-20 19:38:58,363.71999999999997,2,90.92999999999999,Mobile,,0.0,2024-01-31 23:31:40,2024-02-02 12:44:44,87,be53aa2b-6e72-409a-85d9-b4e2d4034ab5,721.0,17304.0,Abandoned,Long Time - Lost Interest,Low Value,Small,978.2449333333336,25
149,Abandoned,2024-02-19 21:14:58,234.29999999999998,1,78.1,Tablet,,0.0,2024-02-19 22:17:54,2024-02-19 22:17:54,250,5ec53c58-3155-405d-9731-53c79dd3753f,702.0,16848.0,Abandoned,Long Time - Lost Interest,Low Value,Single Item,946.0289999999999,25
150,Active,2023-05-20 23:19:52,328.38,2,82.095,Mobile,,1.0,2023-05-21 00:37:33,2023-05-21 06:16:52,145,7741e337-84d4-4689-9f7d-f3345d32621c,976.0,23424.0,Active,N/A - Active,Low Value,Small,1317.1847333333335,0
151,Abandoned,2021-09-01 16:41:18,0.0,0,0.0,Desktop,,0.0,,,191,c9a311e6-30b7-42fa-a2b3-60f67d6e5e31,,,Abandoned,Unknown,Very Low Value,Single Item,,25
152,Converted,2024-08-20 23:22:26,210.24,1,105.12,Mobile,,0.0,2024-08-21 07:41:50,2024-08-21 07:41:50,443,6995bb85-d58c-41dd-a2c7-8288019406bc,518.0,12432.0,Abandoned,Long Time - Lost Interest,Low Value,Single Item,699.9738666666667,25
153,Abandoned,2021-12-15 13:30:57,1191.53,4,172.1825,Mobile,,0.0,2021-12-15 13:30:57,2021-12-15 13:30:57,10,4fcb4222-7076-4ebe-a6cf-927144d560cd,1498.0,35952.0,Abandoned,High Value - Price Concern,High Value,Small,2045.0792333333331,25
154,Abandoned,2024-09-11 21:15:59,1087.8000000000002,3,326.36,Desktop,,0.0,2024-09-11 21:34:04,2024-09-11 21:49:02,140,c5baf7ad-d22d-4639-b529-654ad0ba54aa,497.0,11928.0,Abandoned,High Value - Price Concern,High Value,Small,704.3006666666666,25
155,Active,2023-01-20 00:17:24,1097.68,1,274.42,Mobile,,0.0,2023-01-20 01:46:08,2023-01-20 01:46:08,21,e18a5f7e-e754-45a1-b11c-705f5ee7702a,1097.0,26328.0,Active,N/A - Active,High Value,Single Item,1498.597066666667,0
156,Active,2024-09-11 21:16:05,125.84,1,125.84,Desktop,,0.0,2024-09-15 16:35:57,2024-09-15 16:35:57,140,c5baf7ad-d22d-4639-b529-654ad0ba54aa,493.0,11832.0,Active,N/A - Active,Low Value,Single Item,664.1085333333334,0
157,Abandoned,2023-05-29 12:27:16,2184.94,3,728.3133333333334,Mobile,,0.0,2023-05-29 12:38:07,2023-05-29 13:08:29,29,fc813695-8966-4c99-9565-681f4d68f397,968.0,23232.0,Abandoned,High Value - Price Concern,High Value,Small,1365.2148666666665,25
158,Active,2022-05-19 00:16:23,455.42999999999995,2,227.71499999999997,Smart TV,,0.0,2022-05-19 18:48:58,2022-05-23 04:47:36,258,da3c34c3-035a-4a16-97ca-29894caca9a0,1343.0,32232.0,Active,N/A - Active,Low Value,Small,1810.3295666666663,0
159,Abandoned,2023-02-12 17:05:13,197.72,1,98.86,Mobile,,0.0,2023-02-12 17:05:13,2023-02-12 17:05:13,398,7dff3cc1-1ccc-4eb1-a69f-aef5feb5a5e6,1074.0,25776.0,Abandoned,Long Time - Lost Interest,Low Value,Single Item,1440.9316000000001,25
160,Deleted,2019-08-04 16:40:19,2228.8599999999997,3,276.18333333333334,Mobile,,1.0,2019-08-09 01:54:09,2019-08-22 06:31:28,413,fc71878b-636b-4ffe-8c4f-4621591a7abb,2357.0,56568.0,Abandoned,High Value - Price Concern,High Value,Small,3218.5324666666666,25
161,Converted,2025-09-05 14:03:52,205.09,2,102.545,Mobile,,0.0,2025-09-05 16:46:43,2025-09-05 16:55:30,378,2bda6bc9-1f90-4a26-a7f4-294343da288e,138.0,3312.0,Abandoned,Long Time - Lost Interest,Low Value,Small,196.15269999999998,25
162,Active,2025-01-26 09:11:18,210.76,2,74.12,Smart TV,,0.0,2025-01-26 20:42:06,2025-01-26 22:11:17,147,ee1d045f-5302-47a3-96f1-803c928ff615,360.0,8640.0,Active,N/A - Active,Low Value,Small,492.3228,0
163,Abandoned,2025-12-09 14:10:19,3655.5,3,269.96,,,,2025-12-09 14:42:04,2025-12-09 16:41:04,84,519baf28-ae9c-41cf-b0f4-fba2ce2620b8,43.0,1032.0,Abandoned,High Value - Price Concern,High Value,Small,175.99833333333333,25
164,Active,2024-03-03 17:16:14,2168.11,2,569.465,Wearable,,0.0,2024-03-04 02:15:39,2024-03-07 13:59:03,43,a81e5729-11d5-4ad1-abcf-fb8f32b88b22,688.0,16512.0,Active,N/A - Active,High Value,Small,988.3766333333334,0
165,Converted,2023-03-23 10:35:55,462.01,1,462.01,Wearable,,0.0,2023-03-24 14:52:29,2023-03-24 14:52:29,339,3d82b5aa-07b5-469a-b30e-6d0d6aa1a3d5,1034.0,24816.0,Abandoned,Long Time - Lost Interest,Low Value,Single Item,1395.5269666666668,25
166,Abandoned,2022-11-08 22:58:34,781.15,2,205.375,Mobile,,0.0,2022-11-08 23:00:25,2022-11-08 23:15:37,298,cadb816c-8ecd-4dae-8d81-4e51d36646ab,1170.0,28080.0,Abandoned,High Value - Price Concern,Medium Value,Small,1589.4345,25
167,Abandoned,2025-12-05 06:40:59,3571.5200000000004,3,503.30333333333334,,,,2025-12-05 07:42:37,2025-12-05 14:35:18,196,eea3e5c3-1796-4e19-820b-351caa4d14f0,47.0,1128.0,Abandoned,High Value - Price Concern,High Value,Small,178.8122666666667,25
168,Abandoned,2019-10-02 23:57:31,3849.23,5,486.884,Tablet,,0.0,2019-10-03 00:22:50,2019-10-03 10:19:22,96,d5bc95ff-761f-4f4b-9bb2-44583dbf6f2b,2302.0,55248.0,Abandoned,High Value - Price Concern,High Value,Medium,3199.8102333333336,25
169,Active,2018-03-07 11:04:24,1543.48,1,771.74,Desktop,,0.0,2018-03-08 06:15:18,2018-03-08 06:15:18,78,b0cdc3d2-a0d2-402c-9df0-d99c4ba4669f,2876.0,69024.0,Active,N/A - Active,High Value,Single Item,3883.971066666666,0
170,Converted,2021-08-21 02:10:34,1090.01,2,275.635,Mobile,,0.0,2021-08-21 02:30:56,2021-08-21 02:48:11,223,112ce441-3234-4b30-b56d-e1e46cb3b080,1614.0,38736.0,Abandoned,High Value - Price Concern,High Value,Small,2190.7003,25
171,Abandoned,2025-03-27 09:38:27,1022.87,4,195.885,Mobile,,1.0,2025-03-27 09:44:25,2025-03-27 10:31:23,194,10a2a7ba-6861-4ad4-bb6a-488616e28f14,300.0,7200.0,Abandoned,High Value - Price Concern,High Value,Small,442.68609999999995,25
172,Active,2024-05-28 20:25:34,157.52,1,78.76,Wearable,,0.0,2024-05-29 08:23:39,2024-05-29 08:23:39,216,4e00f5ce-a4c1-4245-b132-42bf1dff76a8,602.0,14448.0,Active,N/A - Active,Low Value,Single Item,810.3922666666667,0
173,Converted,2024-12-26 01:21:45,148.1,1,74.05,Mobile,,0.0,2024-12-26 13:04:54,2024-12-26 13:04:54,472,1fc26c73-2617-4497-9382-ea6c48ad78f2,391.0,9384.0,Abandoned,Long Time - Lost Interest,Low Value,Single Item,528.7763333333335,25
174,Converted,2023-06-28 03:56:29,3128.6,4,308.9675,Mobile,,0.0,2023-06-28 06:11:00,2023-06-29 13:43:59,369,2f509821-498f-4ea3-b030-c44586dfbeaa,938.0,22512.0,Abandoned,High Value - Price Concern,High Value,Small,1356.5246666666667,25
175,Abandoned,2025-09-12 23:48:53,771.6999999999999,3,236.4433333333333,Smart TV,,0.0,2025-09-13 00:27:50,2025-09-13 02:08:45,70,86a5b4a2-cc0f-4dd5-971b-471f5a2c808b,130.0,3120.0,Abandoned,High Value - Price Concern,Medium Value,Small,205.48433333333332,25
176,Active,2020-12-31 12:17:59,2357.24,2,589.31,Desktop,,0.0,2020-12-31 20:53:18,2021-01-01 02:02:37,338,532424fc-6c6c-4f80-a110-4a706098ba1b,1847.0,44328.0,Active,N/A - Active,High Value,Small,2539.3838666666666,0
177,Abandoned,2025-09-06 01:28:55,2264.1800000000003,3,527.3533333333334,Desktop,,0.0,2025-09-06 03:29:03,2025-09-06 04:06:04,45,911ab687-f6fc-41f1-84cf-7a4f5e37b6ad,137.0,3288.0,Abandoned,High Value - Price Concern,High Value,Small,259.59206666666665,25
178,Abandoned,2025-09-30 21:17:53,1462.6399999999999,2,365.65999999999997,Desktop,,0.0,2025-09-30 21:17:53,2025-09-30 21:17:53,9,ad7c8447-04b9-47c9-b57b-f7b80b1d20a6,113.0,2712.0,Abandoned,High Value - Price Concern,High Value,Small,200.54586666666668,25
179,Abandoned,2024-06-08 16:55:23,490.91,2,245.455,Mobile,,0.0,2024-06-08 16:55:23,2024-06-08 16:55:23,415,629f61e6-a4a4-413e-ad41-b14e8d986233,592.0,14208.0,Abandoned,Long Time - Lost Interest,Low Value,Small,810.0606333333335,25
180,Active,2025-03-19 14:42:51,0.0,0,0.0,Mobile,,0.0,,,93,ade6fa9e-51fe-4cae-9b25-84bc367804b0,,,Active,N/A - Active,Very Low Value,Single Item,,0
181,Active,2022-01-09 15:04:49,2068.84,4,281.815,Desktop,,0.0,2022-01-10 00:19:46,2022-01-12 20:32:59,270,47ca8293-ac8e-47cb-bfda-a8e8ae20b237,1472.0,35328.0,Active,N/A - Active,High Value,Small,2036.731866666667,0
182,Active,2024-04-18 02:27:34,0.0,0,0.0,Mobile,,0.0,,,280,ecda999a-2934-4af4-a637-5142f91e4a06,,,Active,N/A - Active,Very Low Value,Single Item,,0
183,Abandoned,2023-08-14 18:21:51,2812.8,2,276.83,Desktop,,0.0,2023-08-14 19:24:00,2023-08-14 20:40:54,141,004ebff0-5f88-470c-b915-b1522acf8242,891.0,21384.0,Abandoned,High Value - Price Concern,High Value,Small,1278.3840000000002,25
184,Abandoned,2025-04-29 04:51:52,66.35,1,66.35,Desktop,,0.0,2025-04-29 08:20:42,2025-04-29 08:20:42,260,a84b4350-2205-4ca6-9ce7-10ba864caff0,267.0,6408.0,Abandoned,Long Time - Lost Interest,Very Low Value,Single Item,360.99050000000005,25
185,Converted,2025-01-28 22:37:44,1271.04,2,366.34000000000003,Tablet,,0.0,2025-01-29 21:57:23,2025-01-30 10:43:16,127,a606ea4e-6a47-4c12-b219-442880fd2145,357.0,8568.0,Abandoned,High Value - Price Concern,High Value,Small,520.1312,25
186,Abandoned,2023-03-04 19:16:36,468.84,3,102.23333333333333,Tablet,,0.0,2023-03-04 19:16:36,2023-03-04 19:16:36,354,f8eacbb6-30db-4fcd-a4d2-d208bf804a46,1054.0,25296.0,Abandoned,Long Time - Lost Interest,Low Value,Small,1428.3985333333335,25
187,Converted,2025-05-25 15:37:51,0.0,0,0.0,,,,,,15,f40262c4-661f-4416-8014-2822d8b52ee9,,,Abandoned,Unknown,Very Low Value,Single Item,,25
188,Deleted,2020-09-26 17:31:53,704.48,1,352.24,Mobile,,0.0,2020-09-26 23:56:24,2020-09-26 23:56:24,34,719cf709-62af-4657-b43a-586e859cd033,1943.0,46632.0,Abandoned,High Value - Price Concern,Medium Value,Single Item,2614.801066666667,25
189,Converted,2024-12-05 18:58:29,462.27,2,147.065,Mobile,,0.0,2024-12-06 00:48:47,2024-12-08 06:13:17,311,167ccd12-a38a-4bb1-808f-f1d35c9e3a36,411.0,9864.0,Abandoned,Long Time - Lost Interest,Low Value,Small,567.8681,25
190,Converted,2024-03-27 05:12:11,2323.06,2,481.905,Smart TV,,0.0,2024-03-28 00:49:19,2024-03-28 01:14:08,329,6a21e086-e9ee-44ed-86a0-8023858fa9ed,664.0,15936.0,Abandoned,High Value - Price Concern,High Value,Small,961.0251333333334,25
191,Converted,2025-11-04 15:48:09,4293.11,3,781.1066666666666,,,,2025-11-04 16:49:20,2025-11-05 00:38:01,333,e33634eb-51ca-4e04-b658-5e298865801a,78.0,1872.0,Abandoned,High Value - Price Concern,High Value,Small,241.79329999999996,25
192,Deleted,2025-07-18 19:01:59,2318.25,3,259.8233333333333,Desktop,,0.0,2025-07-18 21:10:46,2025-07-19 09:55:29,424,5ff1dd08-10aa-4e1b-8923-0fda178f815b,187.0,4488.0,Abandoned,High Value - Price Concern,High Value,Small,327.8808333333333,25
193,Active,2025-05-08 16:33:33,2723.45,3,339.44666666666666,Tablet,,0.0,2025-05-10 23:21:34,2025-05-13 21:47:37,101,2780c1c5-4677-4f58-972c-2cca27ccb141,256.0,6144.0,Active,N/A - Active,High Value,Small,432.03683333333333,0
194,Converted,2022-07-31 23:39:20,1295.6399999999999,2,323.90999999999997,Mobile,,0.0,2022-08-01 01:31:06,2022-08-01 04:18:04,326,fc2115d2-d35b-4999-a642-f7600d195230,1269.0,30456.0,Abandoned,High Value - Price Concern,High Value,Small,1736.8691999999996,25
195,Abandoned,2018-11-12 15:48:39,2530.66,5,372.77599999999995,Desktop,,0.0,2018-11-12 16:19:17,2018-11-12 22:14:40,440,3a52e1de-1f5c-40e8-ada7-3d0d2753f22e,2627.0,63048.0,Abandoned,High Value - Price Concern,High Value,Medium,3593.586466666666,25
196,Converted,2025-01-28 15:10:38,1753.61,4,301.1925,Desktop,,0.0,2025-01-28 20:46:03,2025-01-30 05:29:47,412,a04ca49a-ba12-49e5-a7d2-4450c2a0f8f6,358.0,8592.0,Abandoned,High Value - Price Concern,High Value,Small,541.9416333333334,25
197,Converted,2023-10-26 12:28:49,681.53,2,202.785,Tablet,,0.0,2023-10-26 13:17:37,2023-10-29 05:23:29,345,375b1cad-5f6e-474e-8f4e-84831ef2ece3,818.0,19632.0,Abandoned,High Value - Price Concern,Medium Value,Small,1117.1125666666667,25
198,Abandoned,2025-05-21 19:12:12,105.52,1,105.52,Desktop,,0.0,2025-05-21 20:20:19,2025-05-21 20:20:19,317,4a423e85-7f81-4d7d-b59a-903de9c2cf8a,245.0,5880.0,Abandoned,Long Time - Lost Interest,Low Value,Single Item,332.8322666666666,25
199,Active,2025-01-18 17:42:30,2057.12,3,465.93333333333334,Mobile,,0.0,2025-01-20 16:07:38,2025-01-22 06:09:15,62,acf4efa7-52e4-4171-92d8-f7613a0d1296,366.0,8784.0,Active,N/A - Active,High Value,Small,558.7135999999999,0
200,Deleted,2022-03-03 16:02:15,1226.81,3,274.8766666666666,Tablet,,0.0,2022-03-11 12:05:09,2022-03-12 10:32:07,34,4df0ce1d-ac22-4a07-a7bb-27cd985c88c1,1412.0,33888.0,Abandoned,High Value - Price Concern,High Value,Small,1928.4709666666668,25
201,Abandoned,2025-10-16 07:01:09,235.24,1,235.24,Mobile,,0.0,2025-10-16 07:56:15,2025-10-16 07:56:15,5,ab15b59d-b182-4b3b-99cf-c2961ba54695,97.0,2328.0,Abandoned,Long Time - Lost Interest,Low Value,Single Item,139.39053333333337,25
202,Active,2023-12-16 03:47:42,307.62,1,153.81,Tablet,,0.0,2023-12-16 20:16:20,2023-12-16 20:16:20,388,7a73a606-17f7-43b8-8ac8-2919c3632b41,767.0,18408.0,Active,N/A - Active,Low Value,Single Item,1034.8952666666667,0
203,Active,2021-08-29 22:09:52,662.74,3,148.30666666666667,Smart TV,,0.0,2021-08-30 05:43:05,2021-09-01 00:41:20,63,bd260936-f37c-4999-886b-62ebc3505cbd,1605.0,38520.0,Active,N/A - Active,Medium Value,Small,2168.8822,0
204,Active,2018-03-04 21:09:53,1031.25,3,169.53,Desktop,,0.0,2018-03-05 06:30:18,2018-03-07 07:41:39,64,53690983-c824-42b4-8ab6-a1c4b86f44c5,2879.0,69096.0,Active,N/A - Active,High Value,Small,3878.604166666668,0
205,Converted,2022-12-03 18:04:49,1453.98,4,176.0675,Desktop,,0.0,2022-12-03 18:25:13,2022-12-03 23:58:14,240,0a0c1d81-a68d-4f40-bbce-d89cda4f03a0,1145.0,27480.0,Abandoned,High Value - Price Concern,High Value,Small,1582.2860666666666,25
206,Abandoned,2025-04-08 05:40:29,318.15,1,318.15,Mobile,,0.0,2025-04-08 06:23:12,2025-04-08 06:23:12,432,a1b94fb0-1278-491b-96cf-97c75298678f,288.0,6912.0,Abandoned,Long Time - Lost Interest,Low Value,Single Item,396.54449999999997,25
207,Active,2023-12-17 13:43:32,2529.56,2,323.38,Tablet,,0.0,2023-12-19 09:02:45,2023-12-20 10:41:56,23,37d9c041-43c4-4a90-b466-e690b1bb6ccf,764.0,18336.0,Active,N/A - Active,High Value,Small,1100.5534666666667,0
208,Abandoned,2025-03-05 19:59:15,1136.74,1,568.37,Tablet,,0.0,2025-03-05 20:48:14,2025-03-05 20:48:14,426,081d5f33-268b-494f-a27c-fa6e8b98f1b9,322.0,7728.0,Abandoned,High Value - Price Concern,High Value,Single Item,466.4355333333333,25
209,Active,2022-05-06 22:47:19,3031.8799999999997,4,366.8125,Mobile,,0.0,2022-05-07 02:09:28,2022-05-11 19:35:41,338,1b63fc6b-3393-4bdb-97a5-5d096bafc309,1355.0,32520.0,Active,N/A - Active,High Value,Small,1909.6230666666668,0
210,Converted,2020-09-22 14:41:13,147.53,1,147.53,Mobile,,0.0,2020-09-23 05:55:59,2020-09-23 05:55:59,181,51b48188-7f1b-40c7-9ad0-9518518fafa7,1946.0,46704.0,Abandoned,Long Time - Lost Interest,Low Value,Single Item,2602.0925666666667,25
211,Abandoned,2019-04-08 18:30:03,1322.5,5,152.546,Mobile,,0.0,2019-04-08 20:32:45,2019-04-08 23:10:06,54,b7b80a67-3b44-4e63-912e-b14443005d73,2480.0,59520.0,Abandoned,High Value - Price Concern,High Value,Medium,3361.3416666666667,25
212,Deleted,2022-10-28 10:29:59,696.11,3,190.09,Mobile,,1.0,2022-11-03 19:20:32,2022-11-12 03:39:56,219,f7a9e698-ae73-4799-bb69-70a804c6d10d,1175.0,28200.0,Abandoned,High Value - Price Concern,Medium Value,Small,1596.5499666666667,25
213,Converted,2022-07-04 00:10:46,1258.34,1,1258.34,Tablet,,0.0,2022-07-05 14:45:41,2022-07-05 14:45:41,206,0c18178e-b70c-4d84-9b87-a0d9bf81b5b3,1296.0,31104.0,Abandoned,High Value - Price Concern,High Value,Single Item,1768.7502000000002,25
214,Active,2015-05-21 02:03:17,2280.7200000000003,3,271.29,Mobile,,1.0,2015-05-22 05:06:08,2015-05-22 20:39:42,371,50790894-3cb2-4142-bdb0-10dde85f101e,3897.0,93528.0,Active,N/A - Active,High Value,Small,5273.4216000000015,0
215,Abandoned,2025-02-28 19:36:42,136.68,1,45.56,Mobile,,0.0,2025-02-28 23:11:39,2025-02-28 23:11:39,319,e44c7b49-48e7-4bef-ab4e-42009ee731c6,327.0,7848.0,Abandoned,Long Time - Lost Interest,Low Value,Single Item,443.10040000000004,25
216,Abandoned,2023-10-24 12:19:11,83.08,1,41.54,Smart TV,,0.0,2023-10-24 12:37:57,2023-10-24 12:37:57,353,7d28cd71-2ec4-4bd5-8140-2a5c511c7122,820.0,19680.0,Abandoned,Long Time - Lost Interest,Very Low Value,Single Item,1098.8257333333333,25
217,Abandoned,2024-12-22 02:31:46,0.0,0,0.0,Mobile,,0.0,,,334,f74d749a-0ad2-4d32-bc44-65a8ec65109c,,,Abandoned,Mobile - Checkout Friction,Very Low Value,Single Item,,25
218,Abandoned,2025-01-11 02:48:39,342.29,1,342.29,Desktop,,0.0,2025-01-11 08:20:08,2025-01-11 08:20:08,410,89f83eb0-3d88-40be-9102-bc2076b94592,375.0,9000.0,Abandoned,Long Time - Lost Interest,Low Value,Single Item,513.2687000000001,25
219,Deleted,2019-10-01 12:49:07,3096.76,3,338.6133333333333,Tablet,,0.0,2019-10-01 19:36:58,2019-10-02 11:23:19,185,01393d40-1e9e-4918-afd4-770a00464800,2304.0,55296.0,Abandoned,High Value - Price Concern,High Value,Small,3173.9028,25
220,Active,2025-06-14 08:37:11,3122.56,3,404.5666666666666,Desktop,,0.0,2025-06-15 02:14:07,2025-06-15 19:31:09,496,0598fda6-07ea-4955-a3db-df6a50195fe4,220.0,5280.0,Active,N/A - Active,High Value,Small,396.01013333333333,0
221,Active,2021-05-13 09:40:36,993.19,3,294.87666666666667,Wearable,,0.0,2021-05-14 18:20:33,2021-05-15 22:09:30,405,eca9cc9d-a903-40b7-b5ba-210b2c4b7f14,1713.0,41112.0,Active,N/A - Active,Medium Value,Small,2322.7957000000006,0
222,Abandoned,2024-07-04 06:51:45,1258.34,1,1258.34,,,,2024-07-04 13:36:26,2024-07-04 13:36:26,304,399001aa-54e2-4204-8025-662b89dcb14c,566.0,13584.0,Abandoned,High Value - Price Concern,High Value,Single Item,795.4168666666667,25
223,Active,2021-08-18 13:30:36,393.53,1,393.53,Mobile,,0.0,2021-08-21 05:22:41,2021-08-21 05:22:41,420,d9baab68-610a-4b57-ab83-41243e184942,1614.0,38736.0,Active,N/A - Active,Low Value,Single Item,2166.8059,0
224,Converted,2022-07-12 08:39:04,1965.8400000000001,2,491.46000000000004,,,,2022-07-12 15:49:08,2022-07-13 11:42:25,167,a8825290-73b0-4c78-95c7-989a96e0d85b,1289.0,30936.0,Abandoned,High Value - Price Concern,High Value,Small,1783.6418666666666,25
225,Abandoned,2021-10-28 11:58:46,2789.59,3,321.88,Mobile,,0.0,2021-10-28 13:33:23,2021-10-28 20:51:57,203,7f458f58-8aac-4225-9319-efe9800393f0,1546.0,37104.0,Abandoned,High Value - Price Concern,High Value,Small,2154.0210333333334,25
226,Deleted,2022-08-26 06:32:41,1878.6,2,939.3,Desktop,,0.0,2022-09-03 23:11:34,2022-09-16 06:36:50,148,85a6f756-c099-454c-98e8-70df185c3454,1236.0,29664.0,Abandoned,High Value - Price Concern,High Value,Small,1710.3579999999997,25
227,Converted,2023-04-15 11:00:23,84.88,1,84.88,Mobile,,0.0,2023-04-16 21:28:55,2023-04-16 21:28:55,469,cbe79e44-389e-4857-aff8-0c435da95917,1011.0,24264.0,Abandoned,Long Time - Lost Interest,Very Low Value,Single Item,1353.5464000000002,25
228,Converted,2024-10-03 13:48:26,3071.36,4,383.92,Desktop,,1.0,2024-10-04 13:45:36,2024-10-04 23:18:14,206,26ddec5c-63e5-4188-9784-33aff30b4bae,474.0,11376.0,Abandoned,High Value - Price Concern,High Value,Small,736.1408,25
229,Converted,2025-12-03 14:57:59,2242.0699999999997,3,257.54,Mobile,,0.0,2025-12-03 15:17:51,2025-12-05 13:44:05,74,2b741405-9536-46b9-9c3b-f689c87fc71b,49.0,1176.0,Abandoned,High Value - Price Concern,High Value,Small,141.59543333333332,25
230,Active,2017-04-15 19:21:52,3411.9599999999996,4,318.31999999999994,Desktop,,0.0,2017-04-18 01:53:23,2017-04-19 15:38:40,225,0305f50b-3c25-4a54-953b-bd6c4ea3b72a,3200.0,76800.0,Active,N/A - Active,High Value,Small,4381.025466666667,0
231,Abandoned,2022-03-06 18:33:07,586.94,2,260.02,Tablet,,0.0,2022-03-06 18:49:09,2022-03-06 20:53:31,445,219789d6-b3fe-469a-a6bb-ca11adeb8820,1417.0,34008.0,Abandoned,High Value - Price Concern,Medium Value,Small,1912.9415333333334,25
232,Converted,2019-06-29 16:34:07,1281.48,2,241.22,Mobile,,0.0,2019-06-29 20:53:25,2019-06-30 03:19:48,16,f89a7809-765a-4dc5-8892-3e9f29977fb4,2398.0,57552.0,Abandoned,High Value - Price Concern,High Value,Small,3241.7777333333343,25
233,Abandoned,2025-07-15 13:52:08,2215.41,1,738.47,Desktop,,0.0,2025-07-15 15:35:18,2025-07-15 15:35:18,357,85cc9630-8095-4c76-90c1-aa79cfdae33f,190.0,4560.0,Abandoned,High Value - Price Concern,High Value,Single Item,322.7956333333333,25
234,Abandoned,2021-11-21 21:31:45,1017.69,1,1017.69,Tablet,,0.0,2021-11-22 06:46:28,2021-11-22 06:46:28,199,ff909cf9-4950-4f7a-9c3a-7b075890d9fa,1521.0,36504.0,Abandoned,High Value - Price Concern,High Value,Single Item,2061.5307000000003,25
235,Abandoned,2025-04-20 21:18:45,144.56,1,144.56,Desktop,,0.0,2025-04-20 23:24:29,2025-04-20 23:24:29,443,3a542bc0-e1ee-486f-8088-ef04a2641fdf,276.0,6624.0,Abandoned,Long Time - Lost Interest,Low Value,Single Item,375.3368,25
236,Active,2024-11-04 08:07:20,91.12,1,45.56,Mobile,,0.0,2024-11-05 02:13:27,2024-11-05 02:13:27,183,b7e8d053-43e4-40b2-8287-f7e7c9e681e1,442.0,10608.0,Active,N/A - Active,Very Low Value,Single Item,595.0669333333334,0
237,Active,2020-12-02 06:39:07,726.3299999999999,3,130.66,Mobile,,0.0,2020-12-02 16:00:53,2020-12-05 07:58:07,119,9378777d-3ce1-48f0-b601-5a683297d834,1876.0,45024.0,Active,N/A - Active,Medium Value,Small,2532.1232333333332,0
238,Active,2024-05-10 12:06:55,65.89,1,65.89,,,,2024-05-12 12:45:27,2024-05-12 12:45:27,183,550907a7-ed3a-4ba9-a5b3-22f05f958300,619.0,14856.0,Active,N/A - Active,Very Low Value,Single Item,830.3100333333333,0
239,Abandoned,2025-09-25 04:23:04,2787.54,2,889.8199999999999,Mobile,,0.0,2025-09-25 07:18:44,2025-09-25 11:33:15,174,8b345311-e212-4f90-a678-e9914e9be4df,118.0,2832.0,Abandoned,High Value - Price Concern,High Value,Small,246.95953333333333,25
240,Active,2025-11-29 15:14:15,2615.13,2,757.665,Tablet,,0.0,2025-12-01 08:56:19,2025-12-02 03:22:19,44,bc7b2c4e-265b-4eca-9cfd-ff20ef566e38,51.0,1224.0,Active,N/A - Active,High Value,Small,152.4539,0
241,Converted,2024-10-02 07:44:56,861.0899999999999,2,430.54499999999996,Smart TV,,0.0,2024-10-02 14:53:17,2024-10-03 12:08:41,269,5c688129-31f5-406b-b031-0e80139a64f9,476.0,11424.0,Abandoned,High Value - Price Concern,Medium Value,Small,666.4993666666667,25
242,Abandoned,2023-11-06 15:35:32,3351.84,3,453.60999999999996,Desktop,,0.0,2023-11-06 15:48:53,2023-11-06 18:43:54,230,b54e63a2-3295-479c-b8a2-a671d856940a,807.0,19368.0,Abandoned,High Value - Price Concern,High Value,Small,1185.5552,25
243,Converted,2024-08-10 04:08:47,2106.59,3,368.52333333333337,Desktop,,0.0,2024-08-11 15:40:54,2024-08-13 02:12:46,332,b910bae2-f712-4b15-932b-d80189f0dd25,528.0,12672.0,Abandoned,High Value - Price Concern,High Value,Small,776.1977,25
244,Converted,2018-11-21 03:42:43,0.0,0,0.0,Mobile,,0.0,,,295,cd3d3231-f017-4ca2-9a8d-8d1bc81fe2fd,,,Abandoned,Mobile - Checkout Friction,Very Low Value,Single Item,,25
245,Converted,2025-08-06 05:49:29,2446.2,3,187.98666666666668,Mobile,,0.0,2025-08-06 19:56:21,2025-08-06 23:21:20,2,b39912be-6345-45b5-9f28-a44aac7fab17,168.0,4032.0,Abandoned,High Value - Price Concern,High Value,Small,306.38599999999997,25
246,Converted,2025-07-17 17:34:18,3130.56,4,446.4675000000001,Mobile,,0.0,2025-07-17 23:12:24,2025-07-20 06:22:09,135,01fef482-c9a6-4174-b561-9ff193fa8ae8,188.0,4512.0,Abandoned,High Value - Price Concern,High Value,Small,356.5834666666667,25
247,Converted,2024-10-05 05:00:36,261.02,1,261.02,Tablet,,0.0,2024-10-06 10:06:11,2024-10-06 10:06:11,113,cbda8131-12ca-4762-9bbc-96e5bb408257,472.0,11328.0,Abandoned,Long Time - Lost Interest,Low Value,Single Item,640.1639333333333,25
248,Abandoned,2025-03-30 23:58:43,1069.14,1,534.57,Mobile,,0.0,2025-03-31 06:00:57,2025-03-31 06:00:57,240,c592cdbf-182f-4adc-beff-e4d7b90278b1,296.0,7104.0,Abandoned,High Value - Price Concern,High Value,Single Item,429.74086666666676,25
249,Abandoned,2025-12-21 23:07:55,1084.3,4,200.35999999999999,Desktop,,0.0,2025-12-22 00:05:28,2025-12-22 09:41:15,18,a5c3e500-ccfd-4086-91d7-470c97f95b77,30.0,720.0,Abandoned,High Value - Price Concern,High Value,Small,84.529,25
250,Abandoned,2023-05-07 03:29:02,443.77000000000004,2,208.29500000000002,Mobile,,0.0,2023-05-07 05:56:09,2023-05-07 06:40:01,38,0598e95e-135c-4c22-85db-34716b64e827,990.0,23760.0,Abandoned,Long Time - Lost Interest,Low Value,Small,1339.3131000000003,25
251,Deleted,2025-08-24 12:20:39,386.41,1,386.41,,,,2025-09-01 21:41:13,2025-09-01 21:41:13,287,85fb8f66-5c99-4aa1-8f74-6f6d93b9263e,142.0,3408.0,Abandoned,Long Time - Lost Interest,Low Value,Single Item,203.92563333333334,25
252,Abandoned,2025-01-11 02:48:59,2580.39,2,683.3199999999999,Desktop,,0.0,2025-01-11 05:18:52,2025-01-11 06:34:24,410,89f83eb0-3d88-40be-9102-bc2076b94592,375.0,9000.0,Abandoned,High Value - Price Concern,High Value,Small,583.4117,25
253,Active,2024-05-10 18:08:11,257.4,1,64.35,Tablet,,0.0,2024-05-12 00:51:49,2024-05-12 00:51:49,370,edab8083-8c9a-493f-81d0-a98e4bf1bc06,619.0,14856.0,Active,N/A - Active,Low Value,Single Item,836.0553333333334,0
254,Active,2020-03-17 10:25:12,4194.98,5,503.948,Mobile,,0.0,2020-03-17 19:29:56,2020-03-19 07:16:24,205,f9c52cff-100c-474a-ae4a-eecbe4060fbb,2136.0,51264.0,Active,N/A - Active,High Value,Medium,2988.8494,0
255,Abandoned,2025-10-16 14:35:41,1023.85,3,240.63,Mobile,,0.0,2025-10-16 16:55:33,2025-10-16 18:49:45,401,03f959aa-f209-405f-9fd5-a406ce1965da,97.0,2328.0,Abandoned,High Value - Price Concern,High Value,Small,169.04883333333333,25
256,Abandoned,2022-01-23 20:07:26,2100.78,1,1050.39,Desktop,,0.0,2022-01-23 23:56:22,2022-01-23 23:56:22,3,376a34fb-9761-4c84-a155-84ac935c4887,1459.0,35016.0,Abandoned,High Value - Price Concern,High Value,Single Item,2011.3567333333335,25
257,Abandoned,2025-09-20 02:45:19,0.0,0,0.0,Desktop,,0.0,,,72,6d2d5a1e-e2f9-4573-96c8-117e1f7f923e,,,Abandoned,Unknown,Very Low Value,Single Item,,25
258,Abandoned,2022-09-08 16:47:25,700.6800000000001,2,350.34000000000003,,,,2022-09-08 18:00:12,2022-09-08 20:34:08,256,2093b494-fe4e-4dfb-8f55-639aebbe9ef3,1231.0,29544.0,Abandoned,High Value - Price Concern,Medium Value,Small,1668.3537333333334,25
259,Active,2020-06-18 10:53:55,480.99,1,480.99,Mobile,,1.0,2020-06-19 18:38:43,2020-06-19 18:38:43,308,156b7a0c-09c2-49a5-8f89-fe4c2bbb1f2c,2042.0,49008.0,Active,N/A - Active,Low Value,Single Item,2740.096366666667,0
260,Deleted,2018-09-27 15:28:11,1973.0700000000002,2,453.21500000000003,,,,2018-09-27 21:34:37,2018-09-28 21:38:14,359,d15dd940-ae98-4f8e-ba8b-ab882cfb853c,2673.0,64152.0,Abandoned,High Value - Price Concern,High Value,Small,3629.1921,25
261,Active,2019-06-05 14:58:02,3862.1499999999996,3,339.5433333333333,Tablet,,1.0,2019-06-05 18:18:39,2019-06-06 23:57:21,222,67f9eacd-e85f-4ffc-bc22-600479020ccc,2422.0,58128.0,Active,N/A - Active,High Value,Small,3354.197833333334,0
262,Active,2021-06-06 07:48:46,1030.1599999999999,3,286.2266666666667,,,,2021-06-06 09:20:10,2021-06-06 11:54:20,453,6d5cac4b-c43e-481f-b21e-ca900e28d5f2,1690.0,40560.0,Active,N/A - Active,High Value,Small,2293.2381333333337,0
263,Active,2021-11-22 14:24:37,0.0,0,0.0,Mobile,,0.0,,,60,169b334d-3025-4a09-a66a-f206e63e2c66,,,Active,N/A - Active,Very Low Value,Single Item,,0
264,Converted,2023-01-13 15:55:27,464.06,1,232.03,Mobile,,0.0,2023-01-14 14:21:48,2023-01-14 14:21:48,374,6e43c279-dea7-4fa9-9b9f-d4e10fbb3b6a,1103.0,26472.0,Abandoned,Long Time - Lost Interest,Low Value,Single Item,1487.5884666666666,25
265,Abandoned,2024-07-04 06:55:05,2899.28,4,205.98,,,,2024-07-04 09:39:53,2024-07-04 14:23:27,304,399001aa-54e2-4204-8025-662b89dcb14c,566.0,13584.0,Abandoned,High Value - Price Concern,High Value,Small,853.6450666666665,25
266,Abandoned,2025-11-04 03:05:43,1431.11,4,255.69750000000002,Desktop,,0.0,2025-11-04 06:32:39,2025-11-04 13:18:07,469,d8272e20-bebd-44b1-b468-4a519b112d5c,78.0,1872.0,Abandoned,High Value - Price Concern,High Value,Small,158.93329999999997,25
267,Abandoned,2025-06-07 13:12:26,1891.56,4,308.23249999999996,Mobile,,0.0,2025-06-07 13:34:50,2025-06-07 14:57:31,376,0bcf92c1-3c1d-49ac-bc3a-15872603d3e3,228.0,5472.0,Abandoned,High Value - Price Concern,High Value,Small,372.7468,25
268,Converted,2023-06-25 12:42:42,1314.73,2,322.125,Tablet,,0.0,2023-06-25 16:29:15,2023-06-26 16:03:49,347,72cb5bee-2fee-4efc-a64f-c962f9b7411d,941.0,22584.0,Abandoned,High Value - Price Concern,High Value,Small,1300.1085666666665,25
269,Active,2022-05-31 13:15:12,1736.37,4,270.9975,Tablet,,0.0,2022-05-31 19:54:05,2022-06-02 06:15:08,325,8120a573-302a-469f-9c60-fab93618a9c9,1331.0,31944.0,Active,N/A - Active,High Value,Small,1838.7577666666668,0
270,Active,2025-12-18 06:07:39,393.60999999999996,2,128.345,Mobile,,0.0,2025-12-18 13:02:13,2025-12-20 02:07:10,84,4b27e262-bfa1-4238-8703-099900e3204d,34.0,816.0,Active,N/A - Active,Low Value,Small,63.14163333333334,0
271,Abandoned,2022-12-12 19:00:48,135.0,1,67.5,Desktop,,0.0,2022-12-12 21:26:37,2022-12-12 21:26:37,461,85ec39e7-d4bb-4055-b6f9-64bcabdaafd5,1136.0,27264.0,Abandoned,Long Time - Lost Interest,Low Value,Single Item,1521.7166666666667,25
272,Abandoned,2018-11-12 15:48:50,67.05,1,67.05,Desktop,,0.0,2018-11-12 17:20:47,2018-11-12 17:20:47,440,3a52e1de-1f5c-40e8-ada7-3d0d2753f22e,2627.0,63048.0,Abandoned,Long Time - Lost Interest,Very Low Value,Single Item,3507.678166666666,25
273,Active,2023-05-28 15:55:44,294.16999999999996,2,113.215,Tablet,,0.0,2023-05-28 16:44:48,2023-05-28 19:36:54,87,5778300a-a83a-4fe2-b143-caffe70a0caf,969.0,23256.0,Active,N/A - Active,Low Value,Small,1306.8251,0
274,Converted,2025-03-29 23:26:52,253.94,1,126.97,Desktop,,0.0,2025-03-30 00:01:32,2025-03-30 00:01:32,223,4e15c1c6-4e6d-4adc-abec-724f9a7cc81a,297.0,7128.0,Abandoned,Long Time - Lost Interest,Low Value,Single Item,406.61820000000006,25
275,Active,2024-12-25 02:56:28,2548.8500000000004,2,732.96,Desktop,,0.0,2024-12-25 15:51:10,2024-12-28 06:46:53,94,e6d89814-ceaf-4e33-8cc9-3e10edbacac7,392.0,9408.0,Active,N/A - Active,High Value,Small,605.1321666666666,0
276,Converted,2025-07-10 00:21:18,2923.1299999999997,4,569.0925,Mobile,,0.0,2025-07-10 02:23:01,2025-07-10 09:59:37,303,ec0ebd5d-abc7-49d8-a5ba-6ac7d4ec8881,195.0,4680.0,Abandoned,High Value - Price Concern,High Value,Small,359.6939,25
277,Abandoned,2023-06-12 08:30:57,473.1,2,236.55,Desktop,,0.0,2023-06-12 13:21:41,2023-06-12 14:53:36,189,b6dd930b-ef4d-4cc4-88f9-b22d7a38d92b,954.0,22896.0,Abandoned,Long Time - Lost Interest,Low Value,Small,1292.1930000000002,25
278,Active,2024-11-28 14:58:07,930.4,2,232.6,Desktop,,0.0,2024-11-29 02:11:29,2024-12-02 05:03:45,196,400cec4f-e100-4a71-8a62-b528a25f57ba,418.0,10032.0,Active,N/A - Active,Medium Value,Small,591.2453333333334,0
279,Abandoned,2025-10-18 02:37:49,1089.93,2,306.88,Mobile,,0.0,2025-10-18 02:37:49,2025-10-18 02:37:49,73,9ad03502-b084-4951-9893-e78909de807e,95.0,2280.0,Abandoned,High Value - Price Concern,High Value,Small,165.3645666666667,25
280,Active,2022-05-21 19:46:09,1541.54,4,238.68,Desktop,,0.0,2022-05-21 19:59:02,2022-05-21 21:10:15,153,ac98f197-5a3f-4f7d-8bd9-928d03899b45,1341.0,32184.0,Active,N/A - Active,High Value,Small,1846.2462000000003,0
281,Converted,2025-08-06 23:09:24,1229.92,2,162.73,Tablet,,0.0,2025-08-07 00:29:02,2025-08-07 01:27:36,32,50929c04-36ee-4962-b504-0b094d11fa0f,167.0,4008.0,Abandoned,High Value - Price Concern,High Value,Small,265.56426666666664,25
282,Converted,2021-06-22 13:54:05,3058.56,3,231.42666666666665,,,,2021-06-23 05:26:12,2021-06-24 02:38:14,5,0e2dbc85-ecaf-4d22-8f0b-c2e136a536a5,1673.0,40152.0,Abandoned,High Value - Price Concern,High Value,Small,2331.4234666666666,25
283,Abandoned,2023-05-27 19:49:50,502.14,1,502.14,Desktop,,0.0,2023-05-27 20:58:53,2023-05-27 20:58:53,230,e20649c2-21b8-402c-be86-be5ef31c8150,970.0,23280.0,Abandoned,High Value - Price Concern,Medium Value,Single Item,1311.3975333333335,25
284,Active,2025-02-05 12:21:24,1212.72,2,552.26,Desktop,,0.0,2025-02-07 13:02:09,2025-02-08 16:45:12,426,f1918be7-929f-46ab-8ab6-1d27927dbf51,348.0,8352.0,Active,N/A - Active,High Value,Small,506.38159999999993,0
285,Converted,2025-04-28 11:43:48,2133.32,3,320.55,Tablet,,0.0,2025-04-28 12:01:58,2025-04-28 22:15:20,229,3a1eff67-ff8a-4302-a956-336cd6c4b557,268.0,6432.0,Abandoned,High Value - Price Concern,High Value,Small,430.3329333333334,25
286,Active,2025-07-09 13:44:44,1559.66,2,298.84000000000003,,,,2025-07-11 03:09:06,2025-07-11 18:10:45,307,1519027e-158d-4094-a0f2-1e2f4868f8a5,194.0,4656.0,Active,N/A - Active,High Value,Small,311.4564666666667,0
287,Abandoned,2021-06-23 06:10:49,616.55,2,175.015,,,,2021-06-23 09:45:37,2021-06-23 11:03:33,222,9dae246b-9142-42b1-b845-3cb05da95f89,1673.0,40152.0,Abandoned,High Value - Price Concern,Medium Value,Small,2255.1631666666667,25
288,Abandoned,2023-04-29 20:16:34,342.29,1,342.29,Tablet,,0.0,2023-04-29 22:41:24,2023-04-29 22:41:24,137,a4283b08-ffae-4d6f-b2ec-d621aceb0b00,998.0,23952.0,Abandoned,Long Time - Lost Interest,Low Value,Single Item,1343.9353666666666,25
289,Deleted,2025-11-06 12:35:08,136.92,1,136.92,Desktop,,0.0,2025-11-11 13:40:12,2025-11-11 13:40:12,19,904f3d8b-6e1a-4188-a77a-3c9799074f11,71.0,1704.0,Abandoned,Long Time - Lost Interest,Low Value,Single Item,101.77426666666666,25
290,Abandoned,2025-10-03 13:11:15,1049.34,3,174.89,Mobile,,0.0,2025-10-03 13:11:15,2025-10-03 13:11:15,70,26c16783-9f56-4fdc-aff3-16f8a7042cd7,110.0,2640.0,Abandoned,High Value - Price Concern,High Value,Small,187.14686666666668,25
291,Active,2024-11-28 14:58:10,395.89,2,127.7,Desktop,,0.0,2024-11-29 06:52:14,2024-11-29 08:17:26,196,400cec4f-e100-4a71-8a62-b528a25f57ba,418.0,10032.0,Active,N/A - Active,Low Value,Small,575.2100333333334,0
292,Deleted,2023-03-01 21:30:29,1338.71,4,323.125,Mobile,,0.0,2023-03-04 17:17:09,2023-03-16 01:27:08,137,f451d1be-8bcb-4c28-a8e1-d14330fe995a,1054.0,25296.0,Abandoned,High Value - Price Concern,High Value,Small,1457.4946333333332,25
293,Abandoned,2022-06-16 05:22:45,2575.04,2,446.995,Mobile,,0.0,2022-06-16 06:36:47,2022-06-16 07:01:22,10,be028a24-2ef2-4376-bf6c-7abc0ee35d29,1315.0,31560.0,Abandoned,High Value - Price Concern,High Value,Small,1836.5845333333332,25
294,Abandoned,2022-10-05 01:24:06,1525.58,2,297.395,Desktop,,0.0,2022-10-05 01:55:05,2022-10-05 03:07:53,227,5c7cbd63-74ba-4f79-af16-198c041fd280,1204.0,28896.0,Abandoned,High Value - Price Concern,High Value,Small,1657.1007333333334,25
295,Abandoned,2024-11-23 23:55:52,1369.87,3,204.43666666666664,,,,2024-11-24 00:02:29,2024-11-24 00:51:19,415,c0ac79a0-d6a3-46ff-817d-cf478ae54b97,423.0,10152.0,Abandoned,High Value - Price Concern,High Value,Small,614.0961000000001,25
296,Active,2023-10-19 06:30:55,861.8399999999999,1,287.28,Tablet,,0.0,2023-10-21 18:40:38,2023-10-21 18:40:38,16,1a79bda6-3c29-4d8d-8d5e-0446bb151ea7,823.0,19752.0,Active,N/A - Active,Medium Value,Single Item,1126.1885333333335,0
297,Abandoned,2025-11-25 05:52:49,1368.8999999999999,2,142.465,Mobile,,0.0,2025-11-25 08:58:40,2025-11-25 14:46:33,473,c028f76c-2b3d-4ce3-a31b-39f6f6204f56,57.0,1368.0,Abandoned,High Value - Price Concern,High Value,Small,123.067,25
298,Active,2025-10-11 11:53:02,427.70000000000005,2,213.85000000000002,Desktop,,0.0,2025-10-12 23:58:30,2025-10-13 01:13:46,328,b1f8bedb-1c02-4233-9715-11b067bc2b57,101.0,2424.0,Active,N/A - Active,Low Value,Small,153.49766666666667,0
299,Abandoned,2024-08-31 11:13:06,1631.59,2,255.015,Desktop,,0.0,2024-08-31 13:57:11,2024-08-31 14:47:11,35,d39eb03c-3e96-4d67-9c5d-7aaf87bbf8e2,508.0,12192.0,Abandoned,High Value - Price Concern,High Value,Small,732.2810333333333,25
300,Converted,2023-12-27 22:26:14,312.39,1,104.13,Tablet,,0.0,2023-12-29 00:11:25,2023-12-29 00:11:25,338,2d29610b-f7ee-4153-9c9d-e6c3898103c4,754.0,18096.0,Abandoned,Long Time - Lost Interest,Low Value,Single Item,1017.7050333333334,25
301,Active,2024-10-18 22:42:43,4324.46,5,430.89,Desktop,,0.0,2024-10-19 00:08:09,2024-10-19 09:10:09,1,9514139f-297d-4312-a159-96136fde9694,459.0,11016.0,Active,N/A - Active,High Value,Medium,756.7338000000001,0
302,Deleted,2019-03-24 13:39:52,150.92,1,150.92,Desktop,,0.0,2019-03-26 05:05:33,2019-03-26 05:05:33,349,442cf0a7-552b-4f39-a3ef-6625c71f9b3b,2493.0,59832.0,Abandoned,Long Time - Lost Interest,Low Value,Single Item,3331.5276000000003,25
303,Active,2024-01-16 03:15:03,1140.42,3,174.93666666666664,Mobile,,0.0,2024-01-16 14:14:02,2024-01-19 13:15:55,304,4c09fa30-103d-4f96-bca2-94eab3550491,736.0,17664.0,Active,N/A - Active,High Value,Small,1024.5459333333336,0
304,Deleted,2025-06-08 16:13:40,1031.75,4,211.3075,Mobile,,0.0,2025-06-12 21:10:39,2025-06-20 11:15:03,482,234f1595-59e8-4e52-bc30-847c9493406c,223.0,5352.0,Abandoned,High Value - Price Concern,High Value,Small,340.28583333333336,25
305,Active,2023-11-05 06:09:53,3073.25,5,344.86800000000005,Wearable,,0.0,2023-11-05 09:20:18,2023-11-07 04:28:55,107,5279cbe3-751f-4c44-b386-0abbe2a182b6,808.0,19392.0,Active,N/A - Active,High Value,Medium,1184.5308333333332,0
306,Converted,2025-04-29 04:52:47,1136.74,1,568.37,Desktop,,0.0,2025-04-29 14:23:27,2025-04-29 14:23:27,260,a84b4350-2205-4ca6-9ce7-10ba864caff0,267.0,6408.0,Abandoned,High Value - Price Concern,High Value,Single Item,393.10220000000004,25
307,Converted,2023-10-21 05:12:39,0.0,0,0.0,Mobile,,0.0,,,355,85e2be22-8cbc-4143-9687-fb30f2532030,,,Abandoned,Mobile - Checkout Friction,Very Low Value,Single Item,,25
308,Active,2022-10-21 13:26:44,3266.81,5,276.53,Desktop,,0.0,2022-10-21 14:33:35,2022-10-25 09:10:22,236,a8f7c3a9-b5dd-41b5-8d53-2246d15aa1e6,1188.0,28512.0,Active,N/A - Active,High Value,Medium,1697.0043,0
309,Abandoned,2024-07-21 04:45:15,3023.7,1,1007.9,Desktop,,1.0,2024-07-21 15:30:34,2024-07-21 15:30:34,162,b863cb1c-3e25-4a00-a225-0bdc130f2465,549.0,13176.0,Abandoned,High Value - Price Concern,High Value,Single Item,825.7109999999999,25
310,Converted,2025-02-02 22:46:13,2234.89,4,410.2725,Desktop,,0.0,2025-02-02 23:37:47,2025-02-03 01:18:27,162,4e7e8bba-3646-4603-af45-e068b92b0c01,353.0,8472.0,Abandoned,High Value - Price Concern,High Value,Small,549.7133666666667,25
311,Converted,2020-10-13 07:16:44,697.64,1,348.82,Desktop,,0.0,2020-10-14 16:14:59,2020-10-14 16:14:59,448,df85d361-6c99-4660-af36-055dc1ffc6ad,1925.0,46200.0,Abandoned,High Value - Price Concern,Medium Value,Single Item,2590.5958666666675,25
312,Deleted,2025-11-24 18:53:25,857.73,3,285.91,Desktop,,0.0,2025-11-30 10:50:08,2025-12-11 18:38:44,483,cdf6e488-1b54-473f-beab-3c14996a93a8,52.0,1248.0,Abandoned,High Value - Price Concern,Medium Value,Small,104.06523333333332,25
313,Deleted,2024-10-18 10:28:16,535.9,2,267.95,Desktop,,0.0,2024-10-25 06:28:12,2024-11-07 07:46:09,106,a1bc6816-d719-410e-8bb6-74ce46d4e459,453.0,10872.0,Abandoned,High Value - Price Concern,Medium Value,Small,626.077,25
314,Abandoned,2023-06-15 00:51:52,3431.25,3,622.74,Desktop,,0.0,2023-06-15 01:41:10,2023-06-15 02:14:47,481,fd973efe-d6dd-4d26-9c2a-2fb007210f65,951.0,22824.0,Abandoned,High Value - Price Concern,High Value,Small,1379.9375,25
315,Deleted,2025-11-21 02:57:45,1060.52,3,246.91666666666666,Desktop,,0.0,2025-11-27 17:41:14,2025-12-03 07:58:35,49,8ea2f0d1-57e0-4a03-bd58-be43a71619b9,55.0,1320.0,Abandoned,High Value - Price Concern,High Value,Small,114.14893333333333,25
316,Abandoned,2019-09-22 01:43:10,3052.08,1,1017.36,Desktop,,0.0,2019-09-22 02:53:02,2019-09-22 02:53:02,139,2f67043f-dbf6-4733-bf6f-077dce442a26,2313.0,55512.0,Abandoned,High Value - Price Concern,High Value,Single Item,3178.5624000000003,25
317,Active,2022-01-01 18:14:32,2180.29,5,227.144,,,,2022-01-02 12:11:10,2022-01-07 22:34:48,3,5748da89-c21d-4877-bfa6-2372e0747256,1480.0,35520.0,Active,N/A - Active,High Value,Medium,2053.7420333333334,0
318,Deleted,2025-12-06 07:56:19,2471.99,4,301.4475,,,,2025-12-08 11:11:51,2025-12-24 06:08:59,378,d5135a95-d3e1-4859-9cd7-c432c9351b7b,44.0,1056.0,Abandoned,High Value - Price Concern,High Value,Small,144.82636666666667,25
319,Active,2025-02-08 05:38:52,1782.69,3,260.90000000000003,Mobile,,0.0,2025-02-08 11:48:31,2025-02-08 17:09:29,446,6e379e33-f439-47ac-a31a-d87654eefd1f,347.0,8328.0,Active,N/A - Active,High Value,Small,525.1473666666667,0
320,Abandoned,2025-08-06 23:10:30,4532.83,3,655.0433333333334,Tablet,,0.0,2025-08-07 03:33:30,2025-08-07 06:06:15,32,50929c04-36ee-4962-b504-0b094d11fa0f,167.0,4008.0,Abandoned,High Value - Price Concern,High Value,Small,367.6515666666666,25
321,Active,2024-01-08 18:35:30,51.56,1,25.78,Desktop,,0.0,2024-01-09 05:42:25,2024-01-09 05:42:25,332,19f9f346-ab14-4c6a-9803-f5c5195c142e,743.0,17832.0,Active,N/A - Active,Very Low Value,Single Item,995.2134666666666,0
322,Abandoned,2025-02-05 07:11:09,312.13,2,113.625,Mobile,,0.0,2025-02-05 09:20:07,2025-02-05 10:44:11,21,3c8232b6-34f8-4ff1-8312-424a0116c87b,350.0,8400.0,Abandoned,Long Time - Lost Interest,Low Value,Small,482.03056666666663,25
323,Converted,2021-01-14 12:12:16,2574.6,3,589.2333333333332,Mobile,,0.0,2021-01-14 13:38:11,2021-01-14 18:18:39,334,4c682492-d310-4ba5-aea5-938970f013c2,1833.0,43992.0,Abandoned,High Value - Price Concern,High Value,Small,2530.238,25
324,Active,2023-07-07 00:09:39,1480.96,3,493.65333333333336,,,,2023-07-10 03:11:56,2023-07-11 16:52:51,281,509715ca-b014-49db-87b4-5a7d110641ec,926.0,22224.0,Active,N/A - Active,High Value,Small,1288.0954666666667,0
325,Active,2025-08-06 05:54:55,226.64,2,40.03,Mobile,,0.0,2025-08-09 06:43:22,2025-08-10 22:42:27,2,b39912be-6345-45b5-9f28-a44aac7fab17,165.0,3960.0,Active,N/A - Active,Low Value,Small,232.7992,0
326,Active,2025-08-27 17:14:34,1550.6,3,182.91,Tablet,,0.0,2025-08-29 16:53:31,2025-09-01 07:45:04,460,7eebd97c-9981-44d4-9fa8-0715e8bb0621,145.0,3480.0,Active,N/A - Active,High Value,Small,248.85133333333332,0
327,Abandoned,2024-08-26 18:20:04,1093.1799999999998,3,282.09666666666664,Desktop,,0.0,2024-08-26 20:03:26,2024-08-26 20:22:19,52,e1e7a723-0461-4e16-ae15-9ee74289d709,513.0,12312.0,Abandoned,High Value - Price Concern,High Value,Small,725.7954000000001,25
328,Converted,2021-01-25 20:14:02,230.68,1,57.67,Desktop,,0.0,2021-01-25 20:23:48,2021-01-25 20:23:48,405,94ceb061-2275-41e6-b5fe-177ef0ff226d,1822.0,43728.0,Abandoned,Long Time - Lost Interest,Low Value,Single Item,2439.253733333334,25
329,Deleted,2025-05-02 11:41:07,2863.58,3,748.52,Mobile,,0.0,2025-05-03 19:29:12,2025-05-19 06:22:10,66,2f5c8e07-adbc-4b5a-8385-763a91036aaa,263.0,6312.0,Abandoned,High Value - Price Concern,High Value,Small,445.57406666666674,25
330,Active,2021-06-05 03:24:24,337.5,1,67.5,Desktop,,0.0,2021-06-08 00:54:27,2021-06-08 00:54:27,257,9dfdf7a6-bbd6-4c06-8727-d5a4d213ba1f,1688.0,40512.0,Active,N/A - Active,Low Value,Single Item,2263.791666666667,0
331,Active,2025-10-28 00:08:32,1207.6999999999998,3,231.26333333333332,Mobile,,0.0,2025-10-28 12:48:09,2025-10-29 08:36:52,149,4f56b430-8ff8-4faa-86f5-0fd4c8705fee,85.0,2040.0,Active,N/A - Active,High Value,Small,158.56433333333337,0
332,Abandoned,2023-05-19 09:23:17,1337.63,3,295.87666666666667,,,,2023-05-19 09:47:38,2023-05-19 13:47:21,471,b2148b8c-193e-49e1-aae7-9151b0578d6b,978.0,23472.0,Abandoned,High Value - Price Concern,High Value,Small,1353.1289000000002,25
333,Abandoned,2023-03-18 15:11:04,3664.6400000000003,2,482.15,,,,2023-03-18 15:28:17,2023-03-18 20:03:34,490,de2f2a25-5c6d-4023-a56b-0e4b6d6cc846,1040.0,24960.0,Abandoned,High Value - Price Concern,High Value,Small,1502.6058666666668,25
334,Active,2015-05-21 02:03:05,1456.5900000000001,3,234.37666666666667,Mobile,,1.0,2015-05-23 08:30:16,2015-05-26 13:29:23,371,50790894-3cb2-4142-bdb0-10dde85f101e,3896.0,93504.0,Active,N/A - Active,High Value,Small,5247.364366666668,0
335,Converted,2018-06-11 09:16:51,402.47,2,82.295,Desktop,,0.0,2018-06-11 22:35:37,2018-06-12 05:44:43,204,a2c8fb2b-1d5b-4a03-9c27-4317a6a932dc,2781.0,66744.0,Abandoned,Long Time - Lost Interest,Low Value,Small,3726.074100000001,25
336,Deleted,2025-10-19 01:06:27,0.0,0,0.0,Desktop,,1.0,,,72,e93db1a2-c708-478a-823f-d4a7c1880564,,,Abandoned,Unknown,Very Low Value,Single Item,,25
337,Converted,2025-11-21 02:58:09,488.84,1,488.84,Desktop,,0.0,2025-11-21 19:05:30,2025-11-21 19:05:30,49,8ea2f0d1-57e0-4a03-bd58-be43a71619b9,61.0,1464.0,Abandoned,Long Time - Lost Interest,Low Value,Single Item,98.99853333333334,25
338,Converted,2025-01-24 20:00:23,3251.6800000000003,3,396.90000000000003,Desktop,,0.0,2025-01-25 21:26:17,2025-01-26 19:22:30,125,185a8276-219b-4d85-ad4c-0a464779b07c,361.0,8664.0,Abandoned,High Value - Price Concern,High Value,Small,587.8837333333333,25
339,Deleted,2024-09-23 03:23:00,403.72,1,403.72,Mobile,,0.0,2024-09-24 10:18:45,2024-09-24 10:18:45,191,5e38257a-a1e5-4b9c-8d9c-6bbb77b91693,484.0,11616.0,Abandoned,Long Time - Lost Interest,Low Value,Single Item,660.4449333333333,25
340,Converted,2022-08-01 10:11:16,637.88,2,318.94,Mobile,,0.0,2022-08-02 19:48:30,2022-08-03 05:20:55,452,a37f8544-c73f-48e5-9a45-30f3ed4036b4,1268.0,30432.0,Abandoned,High Value - Price Concern,Medium Value,Small,1715.8030666666666,25
341,Converted,2025-04-16 11:43:05,2546.29,3,479.22333333333336,Desktop,,0.0,2025-04-16 20:38:39,2025-04-17 22:34:46,271,a47611da-75ce-41f8-8c08-ae9c311e0c0d,280.0,6720.0,Abandoned,High Value - Price Concern,High Value,Small,458.72203333333334,25
342,Active,2025-06-13 04:18:24,2228.9700000000003,2,643.695,Desktop,,0.0,2025-06-16 00:38:43,2025-06-18 06:30:00,138,d233de76-1157-4af8-bef4-3d81b2a0f414,219.0,5256.0,Active,N/A - Active,High Value,Small,364.8691,0
343,Active,2025-06-10 12:37:17,897.24,1,299.08,Mobile,,0.0,2025-06-11 23:18:12,2025-06-11 23:18:12,495,1d41d486-e816-4888-8ec4-13297f70e5ac,224.0,5376.0,Active,N/A - Active,Medium Value,Single Item,328.58386666666667,0
344,Converted,2021-05-08 13:27:29,3094.8199999999997,3,515.8033333333333,Desktop,,0.0,2021-05-08 20:00:39,2021-05-09 13:20:01,247,9c163242-f43e-4b32-b689-29829ea5b2ed,1719.0,41256.0,Abandoned,High Value - Price Concern,High Value,Small,2393.8446000000004,25
345,Abandoned,2022-01-21 21:36:50,383.26,1,383.26,Mobile,,0.0,2022-01-22 00:51:57,2022-01-22 00:51:57,54,86ab81e4-6c5f-418e-9527-d6bdd045c16f,1460.0,35040.0,Abandoned,Long Time - Lost Interest,Low Value,Single Item,1961.164466666667,25
346,Deleted,2021-08-29 22:09:51,5466.400000000001,3,625.1733333333333,Smart TV,,0.0,2021-09-04 11:49:14,2021-09-18 13:04:27,63,bd260936-f37c-4999-886b-62ebc3505cbd,1600.0,38400.0,Abandoned,High Value - Price Concern,High Value,Small,2306.3253333333337,25
347,Active,2022-01-28 19:14:52,0.0,0,0.0,Mobile,,0.0,,,43,acb439af-b877-40c2-a78b-0635f0b38fe4,,,Active,N/A - Active,Very Low Value,Single Item,,0
348,Abandoned,2025-09-01 14:45:36,925.1600000000001,2,182.02,Mobile,,0.0,2025-09-01 19:54:59,2025-09-01 23:15:21,276,df442eac-d763-4247-a786-64f733ce64ca,142.0,3408.0,Abandoned,High Value - Price Concern,Medium Value,Small,223.08813333333336,25
349,Converted,2025-10-06 02:56:14,342.29,1,342.29,Wearable,,0.0,2025-10-06 22:45:35,2025-10-06 22:45:35,351,3f127a47-70a7-4391-8b16-e285d868411a,107.0,2568.0,Abandoned,Long Time - Lost Interest,Low Value,Single Item,155.93536666666668,25
350,Active,2022-09-15 12:10:33,1809.7,1,361.94,Mobile,,0.0,2022-09-16 17:00:54,2022-09-16 17:00:54,484,65ba8361-5341-41d7-bd67-f923d5d90545,1223.0,29352.0,Active,N/A - Active,High Value,Single Item,1687.957666666667,0
351,Active,2024-09-30 07:27:13,986.87,2,140.575,Mobile,,0.0,2024-10-01 01:41:50,2024-10-03 12:29:28,465,6f56174e-3ce1-468f-846e-a8b6d627434c,477.0,11448.0,Active,N/A - Active,Medium Value,Small,671.6061,0
352,Abandoned,2024-03-09 07:09:40,3115.2,3,379.2633333333333,Desktop,,0.0,2024-03-09 07:27:32,2024-03-09 08:23:32,65,c1207da6-1dc3-4a0b-8e66-2f1636c115d3,683.0,16392.0,Abandoned,High Value - Price Concern,High Value,Small,1013.1226666666666,25
353,Abandoned,2025-04-12 18:28:45,0.0,0,0.0,Mobile,,0.0,,,276,df85e31e-5268-4b06-8ed2-3c27538578c8,,,Abandoned,Mobile - Checkout Friction,Very Low Value,Single Item,,25
354,Abandoned,2025-10-08 20:52:48,390.84,2,195.42,Mobile,,0.0,2025-10-09 02:26:07,2025-10-09 02:30:34,116,92c65de7-47a4-49e0-aabe-32f4850331c4,104.0,2496.0,Abandoned,Long Time - Lost Interest,Low Value,Small,156.39186666666666,25
355,Converted,2024-09-26 10:15:45,1256.52,3,418.84,Tablet,,0.0,2024-09-26 10:42:15,2024-09-27 06:06:18,447,5c526972-952c-43d2-a32e-1121aabddccd,482.0,11568.0,Abandoned,High Value - Price Concern,High Value,Small,689.3622666666666,25
356,Abandoned,2024-03-09 07:06:36,2852.82,4,314.53749999999997,Desktop,,0.0,2024-03-09 07:07:51,2024-03-09 08:21:59,65,c1207da6-1dc3-4a0b-8e66-2f1636c115d3,683.0,16392.0,Abandoned,High Value - Price Concern,High Value,Small,1008.2512666666667,25
357,Converted,2016-10-28 16:44:18,0.0,0,0.0,,,,,,166,4d67d9ee-723f-4e59-90a6-1f0488d5536b,,,Abandoned,Unknown,Very Low Value,Single Item,,25
358,Converted,2025-10-29 15:51:32,2746.1600000000003,2,479.21,Desktop,,0.0,2025-10-29 17:45:24,2025-10-29 20:36:54,409,8980d780-33d5-48ea-a600-a46417914fbc,84.0,2016.0,Abandoned,High Value - Price Concern,High Value,Small,200.3848,25
359,Abandoned,2024-07-16 17:55:40,728.1299999999999,2,169.23499999999999,Tablet,,0.0,2024-07-16 19:57:06,2024-07-16 21:32:47,432,1e9d5188-dff1-4f22-945c-66e8cb07dedb,554.0,13296.0,Abandoned,High Value - Price Concern,Medium Value,Small,766.5105666666666,25
360,Abandoned,2024-11-04 02:52:04,2869.7200000000003,5,298.91200000000003,Wearable,,0.0,2024-11-04 03:55:47,2024-11-04 09:10:08,339,d57027bf-5128-4009-ad5c-58aaebff4d50,443.0,10632.0,Abandoned,High Value - Price Concern,High Value,Medium,691.7582666666668,25
361,Abandoned,2024-12-11 10:29:22,2176.39,6,285.63000000000005,Desktop,,0.0,2024-12-11 13:02:08,2024-12-11 16:57:48,224,6c70d2f6-1213-425e-8b7e-f382418dc3aa,406.0,9744.0,Abandoned,High Value - Price Concern,High Value,Medium,624.6250333333334,25
362,Abandoned,2020-07-16 07:06:31,3295.27,3,440.32666666666665,Mobile,,0.0,2020-07-16 07:27:02,2020-07-16 12:47:33,28,36e74996-adf0-4d70-bc67-71e9123053ce,2015.0,48360.0,Abandoned,High Value - Price Concern,High Value,Small,2794.524766666667,25
363,Converted,2024-12-12 13:30:35,1799.88,1,899.94,Desktop,,1.0,2024-12-12 18:55:34,2024-12-12 18:55:34,354,e41d968c-dca4-427b-be64-39a4c931f70e,405.0,9720.0,Abandoned,High Value - Price Concern,High Value,Single Item,596.9964000000001,25
364,Converted,2021-08-21 02:10:20,1000.1099999999999,2,166.685,Mobile,,0.0,2021-08-21 12:08:07,2021-08-23 01:22:11,223,112ce441-3234-4b30-b56d-e1e46cb3b080,1614.0,38736.0,Abandoned,High Value - Price Concern,High Value,Small,2188.0033,25
365,Active,2024-02-19 21:09:13,164.99,2,82.495,Tablet,,0.0,2024-02-20 20:14:37,2024-02-23 19:00:04,250,5ec53c58-3155-405d-9731-53c79dd3753f,701.0,16824.0,Active,N/A - Active,Low Value,Small,945.6163666666669,0
366,Converted,2018-10-15 18:20:57,808.29,2,276.655,Desktop,,0.0,2018-10-15 23:23:16,2018-10-16 02:20:41,300,781b2c52-f18c-4b15-8dcf-a3a441fd9c63,2655.0,63720.0,Abandoned,High Value - Price Concern,Medium Value,Small,3570.2486999999996,25
367,Converted,2025-02-24 16:20:03,752.59,2,181.88,Desktop,,0.0,2025-02-25 02:05:50,2025-02-25 10:55:33,199,dc2ca221-a6b7-4bd3-8495-214d5c4a5245,330.0,7920.0,Abandoned,High Value - Price Concern,Medium Value,Small,468.5777,25
368,Active,2023-02-27 08:37:44,848.78,1,424.39,Desktop,,0.0,2023-02-27 08:38:45,2023-02-27 08:38:45,169,47af4126-5c55-4af1-adcc-dcba46e33cea,1059.0,25416.0,Active,N/A - Active,Medium Value,Single Item,1440.4633999999999,0
369,Abandoned,2025-02-22 11:36:48,1204.34,4,280.9575,Desktop,,0.0,2025-02-22 12:16:30,2025-02-22 19:25:44,1,5be7d2eb-612c-4396-b486-c7f3a7bec731,333.0,7992.0,Abandoned,High Value - Price Concern,High Value,Small,492.13020000000006,25
370,Converted,2018-09-26 23:25:12,424.4,1,84.88,Desktop,,0.0,2018-09-27 10:11:04,2018-09-27 10:11:04,64,746dac62-6568-4661-90c0-2b4ae459b2a9,2673.0,64152.0,Abandoned,Long Time - Lost Interest,Low Value,Single Item,3579.732,25
371,Deleted,2022-10-08 07:36:54,767.5699999999999,4,159.7175,Desktop,,0.0,2022-10-12 14:27:08,2022-10-21 09:12:01,163,aa937371-0ed0-40a3-aba5-b517836c3a5d,1197.0,28728.0,Abandoned,High Value - Price Concern,Medium Value,Small,1631.0271,25
372,Active,2024-08-04 18:02:53,1181.4099999999999,3,161.08666666666667,Tablet,,0.0,2024-08-04 20:19:21,2024-08-05 05:23:05,260,0e242c8c-1e15-44d9-9be8-15653c625484,535.0,12840.0,Active,N/A - Active,High Value,Small,757.7756333333332,0
373,Converted,2025-12-10 19:48:45,212.59,1,212.59,Mobile,,0.0,2025-12-11 00:43:03,2025-12-11 00:43:03,74,c475471e-affa-4750-9200-88370a5bbe0d,41.0,984.0,Abandoned,Long Time - Lost Interest,Low Value,Single Item,64.04436666666668,25
374,Deleted,2018-12-28 09:54:54,287.58,2,55.989999999999995,Mobile,,0.0,2019-01-12 18:32:19,2019-01-14 04:23:40,241,56f9f64a-f131-49be-9a50-8859e2b1026f,2566.0,61584.0,Abandoned,Long Time - Lost Interest,Low Value,Small,3435.960733333334,25
375,Abandoned,2021-01-11 15:55:34,3145.86,2,786.465,Tablet,,0.0,2021-01-11 15:55:34,2021-01-11 15:55:34,309,063b987d-3ead-4574-bc90-0a120f20c1b3,1836.0,44064.0,Abandoned,High Value - Price Concern,High Value,Small,2548.3758000000003,25
376,Active,2024-12-13 23:00:25,999.96,2,499.98,,,,2024-12-16 01:56:33,2024-12-16 22:35:28,129,d2d2d314-ae05-4500-8cbc-f036ec0e5628,401.0,9624.0,Active,N/A - Active,Medium Value,Small,570.6654666666667,0
377,Converted,2017-08-16 06:27:55,2782.8500000000004,4,327.32000000000005,Mobile,,0.0,2017-08-16 12:52:21,2017-08-17 19:38:29,280,635bd699-4b3f-4d38-a549-55d5d3779065,3080.0,73920.0,Abandoned,High Value - Price Concern,High Value,Small,4202.152166666667,25
378,Abandoned,2025-12-20 17:24:30,108.56,1,54.28,Tablet,,0.0,2025-12-20 18:48:03,2025-12-20 18:48:03,162,680891b6-b2ed-4885-a5cf-4d88cc6d436b,32.0,768.0,Abandoned,Long Time - Lost Interest,Low Value,Single Item,48.92346666666667,25
379,Active,2022-08-20 08:12:01,2208.27,4,534.0875000000001,Mobile,,0.0,2022-08-21 20:08:42,2022-08-25 07:45:17,203,b6ea63ef-ab80-4471-91f3-55e6b57e73c6,1249.0,29976.0,Active,N/A - Active,High Value,Small,1743.5814333333333,0
380,Abandoned,2021-06-02 01:33:29,778.94,3,220.06000000000003,Desktop,,0.0,2021-06-02 03:48:48,2021-06-02 10:21:42,425,703a824e-b8ef-4e7a-b9c2-5d2cbcfc5465,1694.0,40656.0,Abandoned,High Value - Price Concern,Medium Value,Small,2291.0348666666673,25
381,Converted,2024-07-16 06:30:28,987.15,3,274.56333333333333,Desktop,,1.0,2024-07-16 12:41:17,2024-07-18 16:54:16,349,78525189-d192-49c6-b9e1-0308c647476a,554.0,13296.0,Abandoned,High Value - Price Concern,Medium Value,Small,777.2811666666666,25
382,Deleted,2024-12-23 19:47:29,526.8000000000001,2,263.40000000000003,Mobile,,0.0,2024-12-24 18:44:34,2025-01-05 01:55:42,219,8cd8e12d-f3c9-46e9-ad8a-898fa76e7215,393.0,9432.0,Abandoned,High Value - Price Concern,Medium Value,Small,545.804,25
383,Converted,2022-12-30 06:25:23,1134.63,2,567.315,,,,2022-12-30 10:29:51,2022-12-30 13:48:49,428,b97e9e78-bc36-4e27-a132-f972fbbcb185,1118.0,26832.0,Abandoned,High Value - Price Concern,High Value,Small,1530.7055666666668,25
384,Abandoned,2025-10-13 08:45:07,114.91,1,114.91,Desktop,,0.0,2025-10-13 11:57:40,2025-10-13 11:57:40,4,821a997c-90c6-442e-8718-253c2b32a61a,100.0,2400.0,Abandoned,Long Time - Lost Interest,Low Value,Single Item,139.78063333333336,25
385,Abandoned,2024-05-10 18:07:56,962.8,1,192.56,Tablet,,0.0,2024-05-10 19:20:41,2024-05-10 19:20:41,370,edab8083-8c9a-493f-81d0-a98e4bf1bc06,621.0,14904.0,Abandoned,High Value - Price Concern,Medium Value,Single Item,859.8839999999999,25
386,Abandoned,2025-03-14 22:42:09,829.52,1,207.38,Desktop,,0.0,2025-03-15 00:57:28,2025-03-15 00:57:28,420,5febaa29-3629-4e52-b3f7-0aa38f848e49,312.0,7488.0,Abandoned,High Value - Price Concern,Medium Value,Single Item,443.8856,25
387,Abandoned,2022-01-01 18:12:38,852.4,2,367.235,,,,2022-01-01 22:22:16,2022-01-02 00:56:42,3,5748da89-c21d-4877-bfa6-2372e0747256,1481.0,35544.0,Abandoned,High Value - Price Concern,Medium Value,Small,2006.2386666666669,25
388,Converted,2021-12-02 07:36:09,1847.8400000000001,5,205.97599999999997,Desktop,,1.0,2021-12-03 08:37:36,2021-12-03 15:24:13,488,807004b7-0eb4-4105-b309-96bf5d332b05,1510.0,36240.0,Abandoned,High Value - Price Concern,High Value,Medium,2083.768533333334,25
389,Abandoned,2020-12-31 12:19:32,1978.95,4,332.945,Desktop,,0.0,2020-12-31 14:37:16,2020-12-31 17:30:39,338,532424fc-6c6c-4f80-a110-4a706098ba1b,1847.0,44328.0,Abandoned,High Value - Price Concern,High Value,Small,2534.035166666667,25
390,Converted,2021-11-22 14:22:42,145.84,2,36.46,Mobile,,0.0,2021-11-22 19:36:11,2021-11-24 06:43:43,60,169b334d-3025-4a09-a66a-f206e63e2c66,1521.0,36504.0,Abandoned,Long Time - Lost Interest,Low Value,Small,2038.3752000000002,25
391,Active,2023-06-21 20:44:47,267.66,1,133.83,Desktop,,0.0,2023-06-26 19:42:20,2023-06-26 19:42:20,318,2540bd83-a6d7-4789-ab24-e655a144bbb3,940.0,22560.0,Active,N/A - Active,Low Value,Single Item,1264.3631333333333,0
392,Active,2022-11-02 18:35:40,0.0,0,0.0,Tablet,,0.0,,,102,9050c03a-b930-4de3-be6b-6374273dce87,,,Active,N/A - Active,Very Low Value,Single Item,,0
393,Converted,2021-05-20 05:26:56,296.03000000000003,2,51.745000000000005,Mobile,,0.0,2021-05-21 12:15:05,2021-05-22 04:58:40,383,12b9e656-d14d-4b3d-bc33-a8118ab9d834,1706.0,40944.0,Abandoned,Long Time - Lost Interest,Low Value,Small,2289.547566666667,25
394,Active,2025-03-10 22:27:02,234.15,1,234.15,Mobile,,0.0,2025-03-11 17:02:30,2025-03-11 17:02:30,315,ab797763-1cea-42db-b3ee-a4ee9f457570,316.0,7584.0,Active,N/A - Active,Low Value,Single Item,431.3578333333334,0
395,Deleted,2022-04-22 14:02:41,1946.92,4,263.0825,Smart TV,,0.0,2022-04-24 07:06:31,2022-05-01 01:14:24,427,9bea4677-baa5-4cd9-a91c-6c6666fab8c8,1368.0,32832.0,Abandoned,High Value - Price Concern,High Value,Small,1894.4076000000002,25
396,Abandoned,2021-04-22 02:28:30,0.0,0,0.0,Smart TV,,0.0,,,89,5ebce1e4-9ebb-4f22-ba13-f4bdc3b57e5f,,,Abandoned,Unknown,Very Low Value,Single Item,,25
397,Converted,2022-02-18 00:48:17,1981.4499999999998,4,258.065,Desktop,,0.0,2022-02-18 02:56:05,2022-02-18 22:09:31,257,4b078022-1255-41cd-9eda-6b4c07138668,1433.0,34392.0,Abandoned,High Value - Price Concern,High Value,Small,1982.1101666666668,25
398,Converted,2025-11-17 07:48:55,1634.33,3,544.7766666666666,Desktop,,0.0,2025-11-17 10:56:58,2025-11-19 01:47:30,128,bf929552-79e9-426c-b234-e35f5f87f452,65.0,1560.0,Abandoned,High Value - Price Concern,High Value,Small,144.69656666666666,25
399,Converted,2025-12-05 07:38:34,2837.79,2,837.925,Wearable,,0.0,2025-12-06 04:56:04,2025-12-06 05:00:44,82,0bb40cec-39a1-46f0-9dd6-472483852df1,46.0,1104.0,Abandoned,High Value - Price Concern,High Value,Small,152.46703333333335,25
400,Converted,2025-12-16 10:47:53,2440.85,4,370.2325,Tablet,,0.0,2025-12-17 06:16:44,2025-12-17 14:10:22,79,f408ee5a-d3b3-4822-a0b6-b92e90cba4c8,35.0,840.0,Abandoned,High Value - Price Concern,High Value,Small,131.89216666666667,25
401,Deleted,2025-06-07 13:15:03,748.6999999999999,2,309.79999999999995,Mobile,,0.0,2025-06-09 02:37:16,2025-06-13 21:09:17,376,0bcf92c1-3c1d-49ac-bc3a-15872603d3e3,226.0,5424.0,Abandoned,High Value - Price Concern,Medium Value,Small,329.7943333333334,25
402,Abandoned,2025-05-31 19:59:51,1197.77,3,323.87333333333333,,,,2025-05-31 20:10:56,2025-05-31 22:05:22,260,dc49fd5f-4963-4930-a2e6-545794a979db,235.0,5640.0,Abandoned,High Value - Price Concern,High Value,Small,358.26643333333334,25
403,Active,2024-10-28 17:08:48,981.0699999999999,3,77.04333333333334,Mobile,,0.0,2024-10-29 10:33:46,2024-10-31 10:53:12,185,01adb77a-50ad-43fd-9462-0380ab057d7b,449.0,10776.0,Active,N/A - Active,Medium Value,Small,637.0987666666667,0
404,Converted,2019-08-18 06:41:08,1484.38,2,742.19,Desktop,,1.0,2019-08-18 19:09:44,2019-08-18 21:21:59,204,be9f0e60-0668-441e-ae86-924e1d0e43b7,2348.0,56352.0,Abandoned,High Value - Price Concern,High Value,Small,3181.198066666667,25
405,Converted,2023-11-12 12:29:49,1221.51,3,121.86333333333334,Tablet,,1.0,2023-11-14 00:58:57,2023-11-14 02:35:37,150,53a8b030-0399-46c7-b8e2-e8f5403311d6,799.0,19176.0,Abandoned,High Value - Price Concern,High Value,Small,1110.9786333333334,25
406,Abandoned,2025-10-07 13:17:50,746.97,1,746.97,Desktop,,0.0,2025-10-07 20:25:59,2025-10-07 20:25:59,187,35b94a27-19f8-4ffd-aa0d-c2197c1f4e15,106.0,2544.0,Abandoned,High Value - Price Concern,Medium Value,Single Item,166.74243333333334,25
407,Abandoned,2025-01-28 14:51:30,951.9000000000001,2,292.865,Desktop,,0.0,2025-01-28 14:51:30,2025-01-28 14:51:30,412,a04ca49a-ba12-49e5-a7d2-4450c2a0f8f6,358.0,8592.0,Abandoned,High Value - Price Concern,Medium Value,Small,511.8903333333333,25
408,Converted,2024-05-02 02:41:30,2169.28,5,256.11600000000004,Desktop,,0.0,2024-05-02 02:52:39,2024-05-02 16:16:27,457,288e780a-cb74-4293-a86f-08fa6dc30a22,629.0,15096.0,Abandoned,High Value - Price Concern,High Value,Medium,918.7450666666667,25
409,Abandoned,2025-04-20 21:21:03,105.99,1,105.99,Desktop,,0.0,2025-04-21 04:51:50,2025-04-21 04:51:50,443,3a542bc0-e1ee-486f-8088-ef04a2641fdf,275.0,6600.0,Abandoned,Long Time - Lost Interest,Low Value,Single Item,372.84636666666665,25
410,Active,2025-09-11 01:54:08,393.53,1,393.53,Desktop,,0.0,2025-09-11 04:58:10,2025-09-11 04:58:10,45,53b1c491-5784-426d-9ff9-82b3972cea1b,132.0,3168.0,Active,N/A - Active,Low Value,Single Item,190.8059,0
411,Active,2022-01-10 21:38:39,1566.12,1,261.02,Mobile,,0.0,2022-01-11 01:29:26,2022-01-11 01:29:26,267,8ab1895c-06ac-43d4-a73d-e967006527ba,1471.0,35304.0,Active,N/A - Active,High Value,Single Item,2011.3169333333335,0
412,Converted,2025-11-26 11:40:11,0.0,0,0.0,Desktop,,0.0,,,13,93a0021c-2cee-4b92-845e-2c69e1a806c4,,,Abandoned,Unknown,Very Low Value,Single Item,,25
413,Abandoned,2021-12-21 06:42:34,3087.54,1,1029.18,Mobile,,0.0,2021-12-21 11:24:04,2021-12-21 11:24:04,154,0aaf6926-f72f-46de-958f-dca81af615b0,1492.0,35808.0,Abandoned,High Value - Price Concern,High Value,Single Item,2084.9595333333336,25
414,Active,2025-08-29 03:11:05,971.86,1,971.86,Desktop,,1.0,2025-08-30 02:11:34,2025-08-30 02:11:34,275,1cd7bb5c-3e22-45e8-ad28-6074f48b3807,144.0,3456.0,Active,N/A - Active,Medium Value,Single Item,224.1558,0
415,Abandoned,2023-05-02 16:35:04,369.54,1,369.54,Desktop,,0.0,2023-05-03 02:02:55,2023-05-03 02:02:55,232,ce0e145f-ef15-4a39-a71f-0786cb9de735,994.0,23856.0,Abandoned,Long Time - Lost Interest,Low Value,Single Item,1339.4195333333332,25
416,Active,2022-01-01 13:24:49,2023.31,5,370.006,Desktop,,0.0,2022-01-02 17:30:15,2022-01-07 00:48:29,385,a45323fd-9bb5-4a09-8e5b-9db07f66e40b,1480.0,35520.0,Active,N/A - Active,High Value,Medium,2049.0326333333333,0
417,Converted,2025-09-15 16:47:05,261.46,2,56.68,Mobile,,0.0,2025-09-15 23:40:55,2025-09-16 01:45:23,299,d8515f89-3a91-448a-92a6-dfa7eb46041f,128.0,3072.0,Abandoned,Long Time - Lost Interest,Low Value,Small,184.51046666666667,25
418,Abandoned,2025-04-04 00:13:03,937.33,1,937.33,Desktop,,0.0,2025-04-04 01:06:37,2025-04-04 01:06:37,305,672443d5-b5b0-4070-a97b-ae1e0b4219bb,292.0,7008.0,Abandoned,High Value - Price Concern,Medium Value,Single Item,420.4532333333334,25
419,Active,2024-04-20 16:34:57,2057.91,3,221.9466666666667,Tablet,,1.0,2024-04-21 05:34:42,2024-04-22 22:47:32,393,290427cf-7b51-4713-94f0-86d08d2bd256,640.0,15360.0,Active,N/A - Active,High Value,Small,924.0706333333334,0
420,Converted,2025-12-02 21:09:37,3134.98,3,562.15,Desktop,,0.0,2025-12-02 23:41:09,2025-12-03 01:49:59,299,43d7e424-85a5-4638-9068-56e86de30663,50.0,1200.0,Abandoned,High Value - Price Concern,High Value,Small,169.71606666666668,25
421,Converted,2024-06-17 17:32:24,1533.0299999999997,2,449.05499999999995,,,,2024-06-17 19:25:26,2024-06-17 21:04:52,77,572ba7b6-75f9-418a-9bb1-d8b8dfed32a6,583.0,13992.0,Abandoned,High Value - Price Concern,High Value,Small,829.3242333333334,25
422,Abandoned,2021-04-06 19:21:43,2452.7400000000002,3,358.16333333333336,Mobile,,0.0,2021-04-06 19:25:35,2021-04-06 19:40:22,427,91f9fe89-19a5-4307-915b-e3b9590c39a0,1751.0,42024.0,Abandoned,High Value - Price Concern,High Value,Small,2417.248866666667,25
423,Deleted,2024-09-15 21:52:07,711.3699999999999,4,177.84249999999997,Smart TV,,0.0,2024-09-16 13:34:32,2024-09-20 23:16:02,187,dc54a283-cb2e-4656-aa20-3abd052ef8eb,492.0,11808.0,Abandoned,High Value - Price Concern,Medium Value,Small,689.3411,25
424,Abandoned,2023-04-25 15:54:09,340.05999999999995,2,170.02999999999997,Mobile,,0.0,2023-04-25 18:15:35,2023-04-26 01:58:36,219,a4133e21-ec6b-4078-ab8f-c4cceccd846b,1002.0,24048.0,Abandoned,Long Time - Lost Interest,Low Value,Small,1352.2017999999998,25
425,Converted,2022-01-21 21:37:21,150.92,1,150.92,Mobile,,0.0,2022-01-22 06:29:18,2022-01-22 06:29:18,54,86ab81e4-6c5f-418e-9527-d6bdd045c16f,1460.0,35040.0,Abandoned,Long Time - Lost Interest,Low Value,Single Item,1954.194266666667,25
426,Deleted,2021-04-05 02:40:41,0.0,0,0.0,Desktop,,0.0,,,396,e5d3885b-fd79-49b4-b4bd-ee0cb2e9da1c,,,Abandoned,Unknown,Very Low Value,Single Item,,25
427,Abandoned,2021-04-10 15:16:52,420.03,1,140.01,Desktop,,0.0,2021-04-10 16:31:09,2021-04-10 16:31:09,143,8b7c8f5f-bbe8-44d6-812f-f9d778f87e5f,1747.0,41928.0,Abandoned,Long Time - Lost Interest,Low Value,Single Item,2344.934233333334,25
428,Active,2025-10-18 02:38:51,5402.92,4,609.605,Mobile,,0.0,2025-10-18 12:03:31,2025-10-20 17:16:09,73,9ad03502-b084-4951-9893-e78909de807e,95.0,2280.0,Active,N/A - Active,High Value,Small,300.7542666666667,0
429,Converted,2025-12-09 22:48:35,386.4,3,128.79999999999998,Smart TV,,0.0,2025-12-10 06:16:50,2025-12-10 19:11:45,74,7473fa46-ac78-4f53-8bdb-50060defeb52,42.0,1008.0,Abandoned,Long Time - Lost Interest,Low Value,Small,76.592,25
430,Abandoned,2018-07-22 17:09:53,1849.6100000000001,2,685.87,Mobile,,0.0,2018-07-22 17:14:43,2018-07-22 17:45:00,269,d5734020-2fd5-4d48-bef3-789ff5c00fb4,2740.0,65760.0,Abandoned,High Value - Price Concern,High Value,Small,3714.821633333333,25
431,Converted,2025-02-03 05:49:39,206.93,1,206.93,Smart TV,,0.0,2025-02-03 13:05:12,2025-02-03 13:05:12,355,da05c080-e7a4-46f2-8ea2-9913134c2231,352.0,8448.0,Abandoned,Long Time - Lost Interest,Low Value,Single Item,478.54123333333337,25
432,Converted,2019-12-23 20:24:21,1034.94,3,194.67,,,,2019-12-23 22:57:49,2019-12-25 01:46:38,175,1d76e3b5-5de4-418b-8776-8675a5836501,2221.0,53304.0,Abandoned,High Value - Price Concern,High Value,Small,3001.381533333333,25
433,Abandoned,2024-12-13 14:12:18,799.56,1,266.52,Mobile,,0.0,2024-12-13 23:21:03,2024-12-13 23:21:03,476,3967a40b-fff5-4520-ad24-5f4b5b8dd265,404.0,9696.0,Abandoned,High Value - Price Concern,Medium Value,Single Item,565.6534666666666,25
434,Converted,2022-05-17 14:32:09,1134.99,2,158.77499999999998,Desktop,,0.0,2022-05-18 04:44:57,2022-05-18 05:30:02,129,80b4c4f2-56e3-4087-9bd9-8ff68842379b,1344.0,32256.0,Abandoned,High Value - Price Concern,High Value,Small,1832.0496999999996,25
435,Converted,2022-02-14 12:53:48,1395.3000000000002,2,481.54,,,,2022-02-14 19:54:11,2022-02-14 20:07:13,114,21dce51e-529a-412b-b4d5-669c8fdf10b9,1437.0,34488.0,Abandoned,High Value - Price Concern,High Value,Small,1963.8590000000002,25
436,Active,2025-02-18 01:35:35,913.38,3,212.54,,,,2025-02-18 10:46:41,2025-02-21 01:43:48,24,ccbb04f4-711e-4021-9e40-2966b49092ac,337.0,8088.0,Active,N/A - Active,Medium Value,Small,485.73473333333334,0
437,Active,2023-01-28 14:54:17,3956.55,3,406.2966666666666,Mobile,,0.0,2023-01-28 19:47:08,2023-01-29 04:19:50,398,e73e39ec-aa50-45d6-bf64-523bb0d7ec80,1089.0,26136.0,Active,N/A - Active,High Value,Small,1579.6965,0
438,Active,2017-06-19 18:41:16,1902.5800000000002,4,475.64500000000004,Desktop,,0.0,2017-06-19 20:58:49,2017-06-21 16:24:29,491,b705818a-1471-4b69-bf90-0af542b4a9bb,3138.0,75312.0,Active,N/A - Active,High Value,Small,4253.0774,0
439,Deleted,2015-05-21 01:57:26,1081.45,2,187.865,Mobile,,1.0,2015-05-21 15:22:00,2015-06-05 09:34:37,371,50790894-3cb2-4142-bdb0-10dde85f101e,3898.0,93552.0,Abandoned,High Value - Price Concern,High Value,Small,5235.776833333334,25
440,Active,2024-12-30 22:09:20,0.0,0,0.0,Mobile,,0.0,,,381,5bfef596-3e7a-4a25-905a-10fce17f367a,,,Active,N/A - Active,Very Low Value,Single Item,,0
441,Converted,2024-10-22 21:27:07,1137.28,5,179.744,Desktop,,0.0,2024-10-22 21:54:00,2024-10-25 11:39:33,91,c8d8aaf5-d035-48e4-bfc7-02a5fa3a527d,456.0,10944.0,Abandoned,High Value - Price Concern,High Value,Medium,657.1184000000001,25
442,Deleted,2024-10-31 10:04:31,97.6,1,48.8,Mobile,,0.0,2024-11-09 02:06:19,2024-11-09 02:06:19,309,10657f95-5dce-418a-b862-148e6bfcfdfc,438.0,10512.0,Abandoned,Long Time - Lost Interest,Very Low Value,Single Item,589.928,25
443,Abandoned,2022-06-04 22:48:06,1167.1,3,250.0533333333333,Desktop,,0.0,2022-06-05 02:49:15,2022-06-05 08:14:16,232,19527be4-0b71-4021-8672-7218805fef7f,1326.0,31824.0,Abandoned,High Value - Price Concern,High Value,Small,1812.0130000000004,25
444,Abandoned,2025-12-12 15:18:02,883.3,1,441.65,Mobile,,0.0,2025-12-13 00:40:48,2025-12-13 00:40:48,85,77007b6a-6542-48c0-b30b-558984b9c2a0,39.0,936.0,Abandoned,High Value - Price Concern,Medium Value,Single Item,81.49900000000001,25
445,Converted,2025-05-21 19:12:07,312.5,1,62.5,Desktop,,0.0,2025-05-23 22:22:02,2025-05-23 22:22:02,317,4a423e85-7f81-4d7d-b59a-903de9c2cf8a,243.0,5832.0,Abandoned,Long Time - Lost Interest,Low Value,Single Item,336.375,25
446,Abandoned,2023-07-15 04:52:27,429.36,2,214.68,,,,2023-07-15 04:52:29,2023-07-15 05:26:50,243,0c3fc922-5d13-4959-9e61-2b022de02de7,921.0,22104.0,Abandoned,Long Time - Lost Interest,Low Value,Small,1246.8808000000001,25
447,Abandoned,2024-09-30 06:57:43,39.95,1,39.95,Mobile,,0.0,2024-09-30 10:04:31,2024-09-30 10:04:31,465,6f56174e-3ce1-468f-846e-a8b6d627434c,478.0,11472.0,Abandoned,Long Time - Lost Interest,Very Low Value,Single Item,641.5318333333335,25
448,Converted,2025-07-18 19:04:13,359.1,2,121.205,Desktop,,0.0,2025-07-18 22:46:53,2025-07-19 08:58:10,424,5ff1dd08-10aa-4e1b-8923-0fda178f815b,187.0,4488.0,Abandoned,Long Time - Lost Interest,Low Value,Small,266.1063333333334,25
449,Abandoned,2021-07-15 20:19:14,1925.61,2,228.14499999999998,Mobile,,0.0,2021-07-15 21:47:16,2021-07-15 23:17:16,123,2b442021-8e4c-4ba9-a778-8af463d35e30,1651.0,39624.0,Abandoned,High Value - Price Concern,High Value,Small,2265.1016333333337,25
450,Deleted,2023-07-02 21:32:24,0.0,0,0.0,Mobile,,0.0,,,75,df6b8e26-7417-4009-ba4d-cf6c9d670172,,,Abandoned,Mobile - Checkout Friction,Very Low Value,Single Item,,25
451,Active,2025-05-11 17:21:29,342.74,2,85.685,Desktop,,1.0,2025-05-12 07:37:34,2025-05-12 10:52:47,457,7c6e83a4-49c9-4bf7-bc8b-1beb637d1bdd,254.0,6096.0,Active,N/A - Active,Low Value,Small,354.9488666666667,0
452,Abandoned,2025-09-04 10:25:22,1561.0099999999998,2,326.075,Mobile,,0.0,2025-09-04 14:35:13,2025-09-04 18:47:38,184,cba9f02f-2983-4bc5-8df5-0b9ce99b8d38,139.0,3336.0,Abandoned,High Value - Price Concern,High Value,Small,238.16363333333334,25
453,Abandoned,2022-11-10 15:13:26,836.82,3,101.54,,,,2022-11-10 17:33:28,2022-11-10 19:28:19,211,4c12b667-1de0-4727-8d46-cb4c20533960,1168.0,28032.0,Abandoned,High Value - Price Concern,Medium Value,Small,1591.4379333333334,25
454,Abandoned,2025-02-04 08:55:58,2616.03,3,392.21000000000004,Mobile,,0.0,2025-02-04 09:05:42,2025-02-04 12:43:48,229,74c28d4e-5da0-4f32-870d-86006565fd95,351.0,8424.0,Abandoned,High Value - Price Concern,High Value,Small,555.4809,25
455,Abandoned,2024-10-26 11:43:28,1102.95,2,263.245,Desktop,,0.0,2024-10-26 11:43:28,2024-10-26 11:43:28,237,b820fe11-3213-4602-b6f8-4bebc670417b,452.0,10848.0,Abandoned,High Value - Price Concern,High Value,Small,641.7551666666667,25
456,Abandoned,2025-10-08 20:54:47,377.62,2,188.81,Mobile,,0.0,2025-10-08 20:54:47,2025-10-08 20:54:47,116,92c65de7-47a4-49e0-aabe-32f4850331c4,105.0,2520.0,Abandoned,Long Time - Lost Interest,Low Value,Small,157.32860000000002,25
457,Abandoned,2025-04-27 15:00:19,2267.19,1,755.73,Desktop,,0.0,2025-04-27 15:14:13,2025-04-27 15:14:13,108,65852665-e654-48fc-aebf-dfc215eb48aa,269.0,6456.0,Abandoned,High Value - Price Concern,High Value,Single Item,429.6823666666667,25
458,Abandoned,2024-07-14 22:35:50,2055.33,4,254.45,Tablet,,0.0,2024-07-14 23:14:48,2024-07-15 00:26:40,430,27bc3061-bc93-49ee-9eae-29200ef69255,556.0,13344.0,Abandoned,High Value - Price Concern,High Value,Small,814.9932333333334,25
459,Abandoned,2024-04-30 07:39:52,1869.74,1,934.87,Desktop,,0.0,2024-04-30 07:51:47,2024-04-30 07:51:47,130,c99d05da-4867-413a-a16c-d027349a397c,631.0,15144.0,Abandoned,High Value - Price Concern,High Value,Single Item,900.4255333333333,25
460,Active,2022-08-17 04:06:47,765.6199999999999,2,220.89,,,,2022-08-17 12:36:00,2022-08-17 17:26:39,403,86cb0ba3-e1d3-49aa-b490-b4afe355f62f,1253.0,30072.0,Active,N/A - Active,Medium Value,Small,1699.6352666666667,0
461,Deleted,2021-01-20 22:49:20,421.47,1,140.49,Desktop,,0.0,2021-02-04 07:41:40,2021-02-04 07:41:40,324,0b294802-464f-4d92-8a45-a31a0d428cd5,1812.0,43488.0,Abandoned,Long Time - Lost Interest,Low Value,Single Item,2431.6441,25
462,Active,2024-12-26 01:20:18,685.5699999999999,3,110.51666666666665,Mobile,,0.0,2024-12-26 05:58:50,2024-12-27 00:56:10,472,1fc26c73-2617-4497-9382-ea6c48ad78f2,391.0,9384.0,Active,N/A - Active,Medium Value,Small,550.9004333333334,0
463,Deleted,2025-03-18 05:45:12,2717.92,3,588.4333333333333,Desktop,,0.0,2025-03-26 23:56:52,2025-03-30 13:29:33,372,213bd20e-b56d-4c2a-bdc0-a32e347aadaf,301.0,7224.0,Abandoned,High Value - Price Concern,High Value,Small,491.8709333333333,25
464,Abandoned,2023-12-16 03:47:38,1279.71,3,379.1133333333334,Tablet,,0.0,2023-12-16 04:08:54,2023-12-16 05:30:12,388,7a73a606-17f7-43b8-8ac8-2919c3632b41,767.0,18408.0,Abandoned,High Value - Price Concern,High Value,Small,1070.0579666666665,25
465,Abandoned,2020-12-02 06:40:07,50.12,1,50.12,Mobile,,0.0,2020-12-02 07:07:40,2020-12-02 07:07:40,119,9378777d-3ce1-48f0-b601-5a683297d834,1876.0,45024.0,Abandoned,Long Time - Lost Interest,Very Low Value,Single Item,2505.8369333333335,25
466,Converted,2023-03-16 03:25:30,3023.76,2,790.395,Desktop,,0.0,2023-03-16 19:28:08,2023-03-17 15:16:49,224,41ba29a6-d15c-4498-a4a1-801442aaa0ee,1042.0,25008.0,Abandoned,High Value - Price Concern,High Value,Small,1486.0461333333335,25
467,Converted,2024-05-02 02:42:57,610.6600000000001,3,169.67,Desktop,,0.0,2024-05-02 08:38:31,2024-05-02 21:22:01,457,288e780a-cb74-4293-a86f-08fa6dc30a22,629.0,15096.0,Abandoned,High Value - Price Concern,Medium Value,Small,865.9864666666667,25
468,Converted,2024-10-02 14:44:16,697.6500000000001,3,168.36333333333334,,,,2024-10-02 23:50:33,2024-10-03 13:14:54,452,9d01cd88-33b7-4577-85be-bc226b61e011,476.0,11424.0,Abandoned,High Value - Price Concern,Medium Value,Small,664.5961666666667,25
469,Abandoned,2023-06-19 16:38:03,399.62,2,112.10499999999999,Tablet,,0.0,2023-06-19 19:07:48,2023-06-19 22:57:00,172,1000d07e-ea43-47ab-bdda-b46597766d93,947.0,22728.0,Abandoned,Long Time - Lost Interest,Low Value,Small,1280.6552666666666,25
470,Abandoned,2025-06-28 22:40:49,447.33,2,153.975,Smart TV,,0.0,2025-06-29 03:19:41,2025-06-29 03:26:05,95,e3686d23-4ebf-4090-ab1d-739fd80908bf,206.0,4944.0,Abandoned,Long Time - Lost Interest,Low Value,Small,294.08656666666667,25
471,Converted,2024-11-12 17:22:46,437.2,2,218.6,Desktop,,0.0,2024-11-12 20:20:37,2024-11-13 05:18:44,235,5949a34f-c7e5-4c9a-b62f-80f361406ab2,435.0,10440.0,Abandoned,Long Time - Lost Interest,Low Value,Small,599.1160000000001,25
472,Abandoned,2025-08-22 01:39:17,1061.06,2,128.345,Tablet,,0.0,2025-08-22 03:16:41,2025-08-22 06:41:24,193,3fa991fb-ffbe-459e-863f-4ac9c60a544f,152.0,3648.0,Abandoned,High Value - Price Concern,High Value,Small,240.4984666666667,25
473,Active,2022-10-01 20:34:12,241.53,2,120.765,Mobile,,1.0,2022-10-02 07:19:25,2022-10-02 22:35:42,323,d8e31e86-2c8d-40a9-9210-ece505d88f95,1207.0,28968.0,Active,N/A - Active,Low Value,Small,1622.5792333333331,0
474,Converted,2022-01-21 21:37:20,132.98000000000002,2,66.49000000000001,Mobile,,0.0,2022-01-22 01:02:45,2022-01-23 15:16:29,54,86ab81e4-6c5f-418e-9527-d6bdd045c16f,1460.0,35040.0,Abandoned,Long Time - Lost Interest,Low Value,Small,1956.6560666666667,25
475,Active,2018-11-18 09:16:51,526.77,2,237.79,Mobile,,0.0,2018-11-19 09:01:31,2018-11-21 02:23:58,55,1d1f8335-a513-4b33-aae8-fde44318737b,2620.0,62880.0,Active,N/A - Active,Medium Value,Small,3515.136433333333,0
476,Abandoned,2025-12-13 19:33:48,2714.31,4,287.9625,Tablet,,0.0,2025-12-13 20:13:34,2025-12-14 04:03:50,25,13835a7b-4fb5-420a-833b-f3c0e8c1fba7,39.0,936.0,Abandoned,High Value - Price Concern,High Value,Small,145.42929999999998,25
477,Active,2020-08-09 03:40:25,4423.54,4,462.5725,Desktop,,0.0,2020-08-09 07:40:26,2020-08-11 10:58:53,349,9313f8c9-2bb5-4c53-bc5c-7b34a5c320c0,1991.0,47784.0,Active,N/A - Active,High Value,Small,2799.372866666667,0
478,Abandoned,2023-03-28 09:21:07,2425.8399999999997,3,402.26,Mobile,,0.0,2023-03-28 10:23:45,2023-03-28 14:31:06,39,6f7c5c37-d0fd-4c7e-bb59-5484e22c111e,1030.0,24720.0,Abandoned,High Value - Price Concern,High Value,Small,1455.1085333333335,25
479,Abandoned,2025-03-05 08:43:09,2357.7200000000003,4,256.84000000000003,Desktop,,0.0,2025-03-05 10:36:49,2025-03-05 14:38:10,365,06723909-17fe-4a49-b045-bba8df9124c9,322.0,7728.0,Abandoned,High Value - Price Concern,High Value,Small,512.0649333333333,25
480,Active,2021-01-21 21:40:37,570.48,2,285.24,Mobile,,0.0,2021-01-26 13:59:14,2021-01-28 02:33:31,491,c8fb0f75-335e-4363-b1d6-a705dce305b8,1821.0,43704.0,Active,N/A - Active,Medium Value,Small,2451.1144000000004,0
481,Converted,2021-11-22 14:25:00,3754.36,4,474.35,Mobile,,0.0,2021-11-22 23:43:36,2021-11-24 03:24:17,60,169b334d-3025-4a09-a66a-f206e63e2c66,1521.0,36504.0,Abandoned,High Value - Price Concern,High Value,Small,2152.6308000000004,25
482,Converted,2023-10-17 23:58:16,924.4599999999999,3,308.1533333333333,Tablet,,1.0,2023-10-18 07:44:09,2023-10-19 00:49:37,272,b43d3827-183f-40b7-a826-3034d6975e17,826.0,19824.0,Abandoned,High Value - Price Concern,Medium Value,Small,1138.0671333333335,25
483,Abandoned,2025-04-22 02:11:29,703.61,2,351.805,Desktop,,0.0,2025-04-22 02:57:25,2025-04-22 03:07:52,296,f9284371-2752-49bc-a2f5-6cb680b8a88f,274.0,6576.0,Abandoned,High Value - Price Concern,Medium Value,Small,392.44163333333336,25
484,Converted,2023-03-28 09:09:56,610.93,3,134.28666666666666,Mobile,,0.0,2023-03-28 16:36:40,2023-03-28 17:59:40,39,6f7c5c37-d0fd-4c7e-bb59-5484e22c111e,1030.0,24720.0,Abandoned,High Value - Price Concern,Medium Value,Small,1400.6612333333335,25
485,Abandoned,2025-12-13 23:08:48,1676.28,2,203.22,Tablet,,0.0,2025-12-14 01:29:29,2025-12-14 03:25:38,459,0d1d0c77-8350-4682-bf8d-32f29dfa8741,38.0,912.0,Abandoned,High Value - Price Concern,High Value,Small,106.95506666666668,25
486,Deleted,2025-03-05 19:58:43,2499.48,6,167.88166666666666,Tablet,,0.0,2025-03-06 02:15:34,2025-03-23 14:22:33,426,081d5f33-268b-494f-a27c-fa6e8b98f1b9,321.0,7704.0,Abandoned,High Value - Price Concern,High Value,Medium,520.9844,25
487,Converted,2024-12-08 01:04:17,1264.37,4,195.845,Mobile,,0.0,2024-12-08 07:45:05,2024-12-08 15:28:46,106,5c904e9a-c1c2-4d4a-b8ae-7060621bacd3,409.0,9816.0,Abandoned,High Value - Price Concern,High Value,Small,595.2644333333334,25
488,Abandoned,2025-10-08 20:55:27,1179.47,2,215.73000000000002,Mobile,,0.0,2025-10-08 21:57:54,2025-10-09 02:49:42,116,92c65de7-47a4-49e0-aabe-32f4850331c4,105.0,2520.0,Abandoned,High Value - Price Concern,High Value,Small,181.38410000000002,25
489,Abandoned,2024-08-31 11:12:55,976.74,4,155.365,Desktop,,0.0,2024-08-31 12:45:50,2024-08-31 15:56:40,35,d39eb03c-3e96-4d67-9c5d-7aaf87bbf8e2,508.0,12192.0,Abandoned,High Value - Price Concern,Medium Value,Small,718.6355333333333,25
490,Abandoned,2024-09-13 04:18:17,644.98,2,245.21999999999997,Desktop,,0.0,2024-09-13 13:06:40,2024-09-13 15:13:34,128,867aef95-3fcc-4396-9858-fd13d6dae310,495.0,11880.0,Abandoned,High Value - Price Concern,Medium Value,Small,685.3494000000001,25
491,Active,2025-11-04 15:04:30,374.82,2,187.41,,,,2025-11-06 02:52:53,2025-11-07 04:26:51,333,e33634eb-51ca-4e04-b658-5e298865801a,76.0,1824.0,Active,N/A - Active,Low Value,Small,118.57793333333335,0
492,Abandoned,2023-04-13 06:25:58,1292.21,2,179.35000000000002,Mobile,,0.0,2023-04-13 06:48:20,2023-04-13 06:53:22,264,ed875cf1-9fd8-438b-afc0-cd49f29aa66e,1014.0,24336.0,Abandoned,High Value - Price Concern,High Value,Small,1396.7663,25
493,Active,2017-04-21 20:53:31,809.9200000000001,3,269.97333333333336,Mobile,,1.0,2017-04-21 21:06:01,2017-04-22 00:28:22,148,87d68c66-e06e-4831-a87f-a0fcf5348033,3197.0,76728.0,Active,N/A - Active,Medium Value,Small,4295.964266666667,0
494,Active,2025-12-13 19:36:30,2906.8900000000003,4,263.9525,Tablet,,0.0,2025-12-14 22:40:20,2025-12-16 03:00:51,25,13835a7b-4fb5-420a-833b-f3c0e8c1fba7,38.0,912.0,Active,N/A - Active,High Value,Small,149.8733666666667,0
495,Active,2022-03-15 03:16:28,2426.94,3,572.4733333333334,Mobile,,0.0,2022-03-15 12:10:17,2022-03-17 11:28:55,488,b24fb989-4baa-4953-b68e-0f1ac216a803,1408.0,33792.0,Active,N/A - Active,High Value,Small,1959.1415333333334,0
496,Converted,2025-09-03 03:06:52,2383.94,2,446.5,Mobile,,0.0,2025-09-05 02:10:31,2025-09-05 02:56:41,42,45b50eed-35ef-4a1f-8857-e9066932af4b,138.0,3312.0,Abandoned,High Value - Price Concern,High Value,Small,261.5182,25
497,Abandoned,2020-12-02 06:41:53,2399.2599999999998,3,253.9,Mobile,,0.0,2020-12-02 07:46:13,2020-12-02 12:14:27,119,9378777d-3ce1-48f0-b601-5a683297d834,1876.0,45024.0,Abandoned,High Value - Price Concern,High Value,Small,2582.3111333333336,25
498,Converted,2025-10-18 02:40:45,156.72,1,26.12,Mobile,,0.0,2025-10-18 06:50:29,2025-10-18 06:50:29,73,9ad03502-b084-4951-9893-e78909de807e,95.0,2280.0,Abandoned,Long Time - Lost Interest,Low Value,Single Item,134.36826666666667,25
499,Abandoned,2024-11-14 03:28:55,792.0999999999999,4,138.45999999999998,,,,2024-11-14 04:15:56,2024-11-14 05:22:21,44,aa5e2422-def1-4a5a-8f8f-226ae17390e2,433.0,10392.0,Abandoned,High Value - Price Concern,Medium Value,Small,613.0963333333334,25
500,Converted,2024-01-16 03:17:28,1189.31,2,475.17,Mobile,,0.0,2024-01-17 19:54:51,2024-01-17 23:22:03,304,4c09fa30-103d-4f96-bca2-94eab3550491,735.0,17640.0,Abandoned,High Value - Price Concern,High Value,Small,1021.6793000000001,25
501,Abandoned,2024-05-10 12:24:06,1419.88,1,709.94,,,,2024-05-10 16:46:42,2024-05-10 16:46:42,183,550907a7-ed3a-4ba9-a5b3-22f05f958300,621.0,14904.0,Abandoned,High Value - Price Concern,High Value,Single Item,873.5963999999999,25
502,Deleted,2023-10-10 21:42:59,452.37,2,226.185,,,,2023-10-16 10:18:33,2023-10-17 20:37:09,264,919ebde9-0168-496a-98d9-143910305e0e,828.0,19872.0,Abandoned,Long Time - Lost Interest,Low Value,Small,1123.5711000000001,25
503,Active,2024-07-30 23:00:02,329.45000000000005,2,135.89000000000001,Mobile,,0.0,2024-08-04 15:14:10,2024-08-04 20:46:32,271,9a48f8b0-c6f0-4ca2-94dd-e6490b305694,535.0,12840.0,Active,N/A - Active,Low Value,Small,729.2168333333333,0
504,Active,2025-09-17 08:15:06,433.57,2,127.805,Mobile,,0.0,2025-09-21 04:32:46,2025-09-21 09:37:43,122,e48d6833-344a-4d1e-9e61-8d33ed9956b4,122.0,2928.0,Active,N/A - Active,Low Value,Small,181.6737666666667,0
505,Abandoned,2024-12-13 14:12:34,592.61,2,296.305,Mobile,,0.0,2024-12-13 19:29:43,2024-12-13 19:43:53,476,3967a40b-fff5-4520-ad24-5f4b5b8dd265,404.0,9696.0,Abandoned,High Value - Price Concern,Medium Value,Small,562.4449666666666,25
506,Abandoned,2025-10-18 16:41:23,294.3,2,56.85,Mobile,,0.0,2025-10-18 20:09:26,2025-10-18 20:09:52,470,da349b20-e7cd-415b-a241-f6e1f1addb8b,95.0,2280.0,Abandoned,Long Time - Lost Interest,Low Value,Small,141.49566666666666,25
507,Abandoned,2025-11-02 00:43:23,410.0,3,108.64333333333333,,,,2025-11-02 01:07:16,2025-11-02 01:31:16,100,a955d5c2-bda9-4e81-befc-1d9878dceb2c,80.0,1920.0,Abandoned,Long Time - Lost Interest,Low Value,Small,127.96666666666667,25
508,Active,2019-01-18 06:51:35,920.59,2,284.175,Smart TV,,0.0,2019-01-20 01:26:07,2019-01-22 22:37:59,93,84969490-1fa1-493b-bd89-08178ae92107,2558.0,61392.0,Active,N/A - Active,Medium Value,Small,3444.2843666666668,0
509,Deleted,2025-10-18 02:37:15,473.23,1,473.23,Mobile,,0.0,2025-10-23 17:46:19,2025-10-23 17:46:19,73,9ad03502-b084-4951-9893-e78909de807e,90.0,2160.0,Abandoned,Long Time - Lost Interest,Low Value,Single Item,137.19690000000003,25
510,Deleted,2023-01-19 08:47:33,3564.0,3,557.36,,,,2023-01-21 21:02:07,2023-01-28 05:59:15,406,f9be24e9-6c2c-4645-8111-624f166c9d20,1096.0,26304.0,Abandoned,High Value - Price Concern,High Value,Small,1577.2533333333333,25
511,Active,2021-11-20 18:45:30,2323.0,1,1161.5,Mobile,,0.0,2021-11-22 04:53:37,2021-11-22 04:53:37,325,cf396e98-168b-46c0-ba09-b59e579fd545,1521.0,36504.0,Active,N/A - Active,High Value,Single Item,2100.69,0
512,Active,2025-09-27 10:43:11,749.0600000000001,3,249.6866666666667,Tablet,,0.0,2025-09-28 00:52:59,2025-10-01 16:19:59,171,71ed1e7b-1798-4af2-8f93-84ff5d7a29fe,115.0,2760.0,Active,N/A - Active,Medium Value,Small,184.80513333333334,0
513,Converted,2020-09-19 09:46:47,1247.43,1,415.81,Mobile,,0.0,2020-09-19 16:45:34,2020-09-19 16:45:34,454,14bfeae9-3a74-4ff4-a37d-4656c3a6b2f3,1950.0,46800.0,Abandoned,High Value - Price Concern,High Value,Single Item,2640.4229,25
514,Abandoned,2025-07-08 00:11:33,361.94,1,361.94,Tablet,,0.0,2025-07-08 00:18:11,2025-07-08 00:18:11,341,57b6d600-ec5a-4525-b4c8-8f61a4519b26,197.0,4728.0,Abandoned,Long Time - Lost Interest,Low Value,Single Item,276.5248666666667,25
515,Deleted,2020-12-19 09:32:23,150.89,1,150.89,Desktop,,0.0,2020-12-19 23:38:22,2020-12-19 23:38:22,211,f0e30182-c57a-40a6-96a0-a9e88c6f8ed4,1859.0,44616.0,Abandoned,Long Time - Lost Interest,Low Value,Single Item,2486.193366666667,25
516,Converted,2024-09-06 04:55:08,376.39,3,125.46333333333332,Desktop,,0.0,2024-09-06 09:21:36,2024-09-07 04:07:26,302,b1d917eb-eb0e-4de2-b783-159004ce8059,502.0,12048.0,Abandoned,Long Time - Lost Interest,Low Value,Small,689.6250333333335,25
517,Active,2025-03-04 16:50:38,1428.85,2,714.425,Desktop,,0.0,2025-03-05 05:00:06,2025-03-05 08:44:05,212,e15df704-d8e9-47e2-a803-a11f05b5cd53,322.0,7728.0,Active,N/A - Active,High Value,Small,478.19883333333325,0
518,Deleted,2021-10-30 06:48:56,1428.9,2,451.59000000000003,Tablet,,0.0,2021-11-02 05:42:56,2021-11-04 04:05:12,137,dd24ec95-e459-492b-b7ad-64e404f8e3b1,1541.0,36984.0,Abandoned,High Value - Price Concern,High Value,Small,2103.5336666666667,25
519,Converted,2021-09-27 14:36:02,492.47,2,177.44,Mobile,,0.0,2021-09-28 00:10:24,2021-09-28 05:45:32,291,18c743c4-c668-4c65-ad0d-f9a7719ebd20,1576.0,37824.0,Abandoned,Long Time - Lost Interest,Low Value,Small,2122.1074333333336,25
520,Deleted,2019-11-05 19:58:54,794.1,1,397.05,Desktop,,0.0,2019-11-14 01:05:32,2019-11-14 01:05:32,491,25c44951-f459-4b29-a41e-7d5ea3c4ab5f,2260.0,54240.0,Abandoned,High Value - Price Concern,Medium Value,Single Item,3040.1563333333334,25
521,Deleted,2025-11-13 05:34:01,259.22,1,129.61,Mobile,,0.0,2025-11-18 02:27:42,2025-11-18 02:27:42,49,4b04339c-ae2b-4674-b8b6-7a8e528eedc9,64.0,1536.0,Abandoned,Long Time - Lost Interest,Low Value,Single Item,96.10993333333334,25
522,Abandoned,2020-03-16 08:19:53,533.88,1,88.98,Smart TV,,0.0,2020-03-16 10:23:10,2020-03-16 10:23:10,330,20d5ff1c-34f7-4ec4-8b54-c73268bd9a31,2137.0,51288.0,Abandoned,High Value - Price Concern,Medium Value,Single Item,2868.349733333334,25
523,Converted,2024-11-06 23:33:47,667.3599999999999,3,222.4533333333333,Mobile,,1.0,2024-11-07 00:35:42,2024-11-07 03:30:38,115,889f1985-bda1-4ab3-91b4-d3286b3260a8,440.0,10560.0,Abandoned,High Value - Price Concern,Medium Value,Small,615.6874666666668,25
524,Abandoned,2022-09-15 12:11:45,2444.04,3,252.84,Mobile,,0.0,2022-09-15 12:22:25,2022-09-15 18:59:36,484,65ba8361-5341-41d7-bd67-f923d5d90545,1224.0,29376.0,Abandoned,High Value - Price Concern,High Value,Small,1714.3211999999999,25
525,Converted,2024-06-28 00:59:22,2770.3999999999996,4,226.0525,Desktop,,0.0,2024-06-28 03:11:09,2024-06-28 10:35:48,200,b8c5e56c-c5be-4f1c-83a7-f2744a796638,572.0,13728.0,Abandoned,High Value - Price Concern,High Value,Small,857.7786666666666,25
526,Active,2021-04-18 18:36:48,1590.3500000000001,3,460.99000000000007,Desktop,,0.0,2021-04-18 18:56:18,2021-04-19 06:27:35,261,47eb5a98-7731-4019-90af-3722ce4103a6,1739.0,41736.0,Active,N/A - Active,High Value,Small,2375.377166666667,0
527,Converted,2018-04-07 21:41:23,978.66,2,370.2,Desktop,,1.0,2018-04-07 22:58:55,2018-04-08 18:18:33,342,01f94ca1-7014-4907-ad23-3abbebf4f2ad,2846.0,68304.0,Abandoned,High Value - Price Concern,Medium Value,Small,3830.026466666667,25
528,Active,2022-01-21 21:34:26,1971.9699999999998,2,483.91999999999996,Mobile,,0.0,2022-01-22 06:08:43,2022-01-24 12:01:18,54,86ab81e4-6c5f-418e-9527-d6bdd045c16f,1460.0,35040.0,Active,N/A - Active,High Value,Small,2011.8257666666668,0
529,Converted,2020-11-24 12:21:26,179.81,1,179.81,,,,2020-11-24 22:03:15,2020-11-24 22:03:15,110,6b60ba25-f8d1-4729-bed5-64f8623135b0,1884.0,45216.0,Abandoned,Long Time - Lost Interest,Low Value,Single Item,2520.3943000000004,25
530,Abandoned,2023-09-08 13:01:10,1073.15,2,536.575,,,,2023-09-08 14:23:32,2023-09-08 16:02:31,310,2747c92c-47cc-46e5-893d-d661ee54a6a5,866.0,20784.0,Abandoned,High Value - Price Concern,High Value,Small,1192.8611666666666,25
531,Active,2025-10-15 11:37:05,1155.3600000000001,1,192.56,Mobile,,0.0,2025-10-15 16:35:45,2025-10-15 16:35:45,45,eddd7c26-61ff-4545-9883-9429fb8313b2,98.0,2352.0,Active,N/A - Active,High Value,Single Item,168.32746666666668,0
532,Active,2025-10-23 13:40:31,680.5799999999999,2,120.205,Mobile,,0.0,2025-10-23 16:59:05,2025-10-24 08:16:56,459,ef51fa99-2608-4c29-92b6-4ced8868593b,90.0,2160.0,Active,N/A - Active,Medium Value,Small,146.41740000000004,0
533,Abandoned,2018-08-05 04:16:59,1186.32,1,395.44,Desktop,,0.0,2018-08-05 11:06:53,2018-08-05 11:06:53,55,0f31c961-5878-46da-92c6-f5b7f0d77615,2726.0,65424.0,Abandoned,High Value - Price Concern,High Value,Single Item,3673.2562666666668,25
534,Abandoned,2022-05-26 09:18:56,0.0,0,0.0,Desktop,,0.0,,,43,dbd77cc2-6b14-43b0-a757-e53b273fa342,,,Abandoned,Unknown,Very Low Value,Single Item,,25
535,Abandoned,2025-06-10 12:38:50,950.0500000000001,3,170.12333333333333,Mobile,,0.0,2025-06-10 14:43:36,2025-06-10 15:36:15,495,1d41d486-e816-4888-8ec4-13297f70e5ac,225.0,5400.0,Abandoned,High Value - Price Concern,Medium Value,Small,337.50149999999996,25
536,Abandoned,2025-02-27 16:25:14,448.4,2,224.2,,,,2025-02-27 16:40:37,2025-02-27 17:58:24,135,f5cf279a-f9ca-4a6a-afbc-680ec2e9d7ed,328.0,7872.0,Abandoned,Long Time - Lost Interest,Low Value,Small,456.78533333333337,25
537,Abandoned,2024-12-05 18:59:10,1349.3000000000002,2,674.6500000000001,Mobile,,0.0,2024-12-05 23:58:30,2024-12-06 02:09:20,311,167ccd12-a38a-4bb1-808f-f1d35c9e3a36,412.0,9888.0,Abandoned,High Value - Price Concern,High Value,Small,595.8123333333333,25
538,Converted,2025-10-13 14:49:43,2143.54,3,481.6266666666667,Tablet,,0.0,2025-10-13 17:59:42,2025-10-14 14:52:12,282,73751dc0-8cc1-41de-add1-3d41cf67b5fc,100.0,2400.0,Abandoned,High Value - Price Concern,High Value,Small,206.63953333333333,25
539,Converted,2025-09-28 19:13:23,166.63,1,166.63,Tablet,,0.0,2025-09-30 03:41:46,2025-09-30 03:41:46,136,bd8dd1f8-b26d-4ae2-8519-004f5430eac1,113.0,2712.0,Abandoned,Long Time - Lost Interest,Low Value,Single Item,158.66556666666668,25
540,Deleted,2024-10-22 21:31:51,756.56,1,378.28,Desktop,,0.0,2024-11-08 10:31:44,2024-11-08 10:31:44,91,c8d8aaf5-d035-48e4-bfc7-02a5fa3a527d,439.0,10536.0,Abandoned,High Value - Price Concern,Medium Value,Single Item,611.0301333333334,25
541,Deleted,2024-03-17 07:48:16,4783.07,6,440.30333333333334,Mobile,,0.0,2024-03-17 19:04:40,2024-03-31 18:50:29,446,01d6adac-0b56-4d76-aa0c-c2655325fed1,675.0,16200.0,Abandoned,High Value - Price Concern,High Value,Medium,1061.4921,25
542,Abandoned,2022-03-27 03:54:46,955.74,1,477.87,Desktop,,0.0,2022-03-27 12:24:58,2022-03-27 12:24:58,219,bc6edf61-a1a6-4ef5-a3e0-d9c58e709069,1396.0,33504.0,Abandoned,High Value - Price Concern,Medium Value,Single Item,1893.0055333333335,25
543,Active,2021-11-03 12:47:24,544.45,3,106.05999999999999,Desktop,,0.0,2021-11-07 23:41:31,2021-11-08 14:03:18,279,7b92b386-b2f2-4332-ad42-f5411ad3b4e1,1536.0,36864.0,Active,N/A - Active,Medium Value,Small,2073.3335,0
544,Converted,2024-06-21 05:32:31,1332.3600000000001,5,160.464,Mobile,,0.0,2024-06-21 05:43:50,2024-06-22 07:58:57,389,3d4960a5-8974-4915-8c6a-1f36fad3eb43,579.0,13896.0,Abandoned,High Value - Price Concern,High Value,Medium,826.9708000000002,25
545,Active,2025-09-09 16:07:53,243.79000000000002,2,63.835,Tablet,,0.0,2025-09-09 23:55:28,2025-09-10 17:24:08,314,0ba04512-e5a1-4f01-a0dc-37b4ccc66fd7,134.0,3216.0,Active,N/A - Active,Low Value,Small,191.9803666666667,0
546,Active,2025-10-18 19:56:44,3260.4500000000003,4,630.3425,Mobile,,0.0,2025-10-20 06:35:36,2025-10-24 10:43:13,460,098dcce7-2c63-4a88-b325-5eed4862cfba,93.0,2232.0,Active,N/A - Active,High Value,Small,233.81350000000003,0
547,Converted,2025-06-06 15:36:57,1182.29,1,1182.29,Mobile,,0.0,2025-06-06 15:43:24,2025-06-06 15:43:24,344,45a8b48d-9096-4872-a77e-5fd44a2bcbcc,229.0,5496.0,Abandoned,High Value - Price Concern,High Value,Single Item,343.8020333333334,25
548,Active,2024-12-13 14:12:25,692.72,1,692.72,Mobile,,0.0,2024-12-16 04:20:09,2024-12-16 04:20:09,476,3967a40b-fff5-4520-ad24-5f4b5b8dd265,401.0,9624.0,Active,N/A - Active,Medium Value,Single Item,558.4482666666668,0
549,Converted,2024-12-03 21:56:10,1035.26,2,517.63,Mobile,,0.0,2024-12-04 09:55:48,2024-12-05 17:20:34,26,6fbfba24-1eeb-442a-b1e4-cd81714904fb,413.0,9912.0,Abandoned,High Value - Price Concern,High Value,Small,587.7244666666667,25
550,Deleted,2021-10-03 03:12:40,1853.27,5,370.654,Mobile,,0.0,2021-10-04 09:33:28,2021-10-06 13:03:26,75,d0324f91-94ba-4292-b328-86cc2c237b0d,1570.0,37680.0,Abandoned,High Value - Price Concern,High Value,Medium,2163.9314333333336,25
551,Converted,2025-10-08 20:55:17,627.5699999999999,2,67.89,Mobile,,0.0,2025-10-09 02:55:18,2025-10-10 00:20:28,116,92c65de7-47a4-49e0-aabe-32f4850331c4,104.0,2496.0,Abandoned,High Value - Price Concern,Medium Value,Small,163.4937666666667,25
552,Abandoned,2021-02-22 16:20:39,383.26,1,383.26,Desktop,,0.0,2021-02-22 21:41:02,2021-02-22 21:41:02,427,c3b101a7-d24d-4347-99be-f67cf6a53adc,1794.0,43056.0,Abandoned,Long Time - Lost Interest,Low Value,Single Item,2406.4978000000006,25
553,Converted,2024-11-11 12:36:43,491.76,1,122.94,,,,2024-11-11 17:08:27,2024-11-11 17:08:27,204,3b835692-933f-45fd-8c9b-f2f05c0ef7b8,436.0,10464.0,Abandoned,Long Time - Lost Interest,Low Value,Single Item,599.0861333333334,25
554,Abandoned,2020-12-24 15:06:25,401.28,1,200.64,Tablet,,0.0,2020-12-24 18:54:18,2020-12-24 18:54:18,217,c91676c5-de37-49f4-a152-d3b982cf8dd1,1854.0,44496.0,Abandoned,Long Time - Lost Interest,Low Value,Single Item,2487.0384000000004,25
555,Abandoned,2021-10-24 09:19:58,420.78,2,105.195,Mobile,,0.0,2021-10-24 09:29:24,2021-10-24 10:44:06,212,f591e180-de18-4b27-bbe7-5815d653ea81,1550.0,37200.0,Abandoned,Long Time - Lost Interest,Low Value,Small,2085.2900666666665,25
556,Abandoned,2017-08-16 06:28:07,623.82,1,623.82,Mobile,,0.0,2017-08-16 09:21:07,2017-08-16 09:21:07,280,635bd699-4b3f-4d38-a549-55d5d3779065,3080.0,73920.0,Abandoned,High Value - Price Concern,Medium Value,Single Item,4128.381266666667,25
557,Abandoned,2024-10-11 22:09:01,612.75,1,204.25,Smart TV,,0.0,2024-10-12 05:27:01,2024-10-12 05:27:01,94,1f0607f2-37d3-410a-96a1-82642e19a826,466.0,11184.0,Abandoned,High Value - Price Concern,Medium Value,Single Item,642.7158333333334,25
558,Converted,2015-08-09 18:03:48,2451.6800000000003,2,684.375,Mobile,,0.0,2015-08-10 03:15:11,2015-08-10 14:15:18,253,07bcef1b-4724-42e0-a6ab-622d25c57dcd,3817.0,91608.0,Abandoned,High Value - Price Concern,High Value,Small,5168.883733333334,25
559,Converted,2024-11-14 22:08:08,243.06,1,121.53,Desktop,,0.0,2024-11-15 10:23:33,2024-11-15 10:23:33,283,1cf5f86a-138c-43e8-8cde-f2c547084027,432.0,10368.0,Abandoned,Long Time - Lost Interest,Low Value,Single Item,586.2918000000001,25
560,Abandoned,2022-05-21 19:46:56,2740.0,4,504.63250000000005,Desktop,,0.0,2022-05-21 20:34:44,2022-05-22 01:18:56,153,ac98f197-5a3f-4f7d-8bd9-928d03899b45,1341.0,32184.0,Abandoned,High Value - Price Concern,High Value,Small,1882.2000000000003,25
561,Abandoned,2025-05-16 06:22:20,473.23,1,473.23,,,,2025-05-16 06:22:20,2025-05-16 06:22:20,247,7e052a77-c51b-4f89-aea6-d0c66950fb1f,250.0,6000.0,Abandoned,Long Time - Lost Interest,Low Value,Single Item,350.5302333333334,25
562,Active,2024-08-10 18:54:09,256.03,1,256.03,Desktop,,0.0,2024-08-12 09:48:46,2024-08-12 09:48:46,394,02aea219-a7d7-416c-8d7e-d0780a267fe3,527.0,12648.0,Active,N/A - Active,Low Value,Single Item,713.3475666666667,0
563,Deleted,2025-11-03 21:07:23,0.0,0,0.0,Mobile,,0.0,,,294,fe784200-95c1-46eb-938c-232e21d11734,,,Abandoned,Mobile - Checkout Friction,Very Low Value,Single Item,,25
564,Converted,2025-05-31 21:45:44,0.0,0,0.0,,,,,,260,dc49fd5f-4963-4930-a2e6-545794a979db,,,Abandoned,Unknown,Very Low Value,Single Item,,25
565,Converted,2024-04-24 03:02:30,0.0,0,0.0,Mobile,,0.0,,,285,c01e4f69-fe3b-4065-b04f-b1dac87f0ba4,,,Abandoned,Mobile - Checkout Friction,Very Low Value,Single Item,,25
566,Active,2025-09-27 15:47:01,0.0,0,0.0,Smart TV,,0.0,,,367,d1f8e065-67ad-4970-ad01-411baa58777d,,,Active,N/A - Active,Very Low Value,Single Item,,0
567,Converted,2023-10-19 04:19:10,0.0,0,0.0,Mobile,,0.0,,,38,b54af732-0a6f-482a-b066-c9116419d6b2,,,Abandoned,Mobile - Checkout Friction,Very Low Value,Single Item,,25
568,Converted,2025-12-05 07:06:26,0.0,0,0.0,Mobile,,0.0,,,201,fb413a5b-ccaa-4ca8-8a27-89cc79d9c5ba,,,Abandoned,Mobile - Checkout Friction,Very Low Value,Single Item,,25
569,Converted,2023-05-22 16:12:55,0.0,0,0.0,Mobile,,0.0,,,246,210eda6f-7fd8-49aa-ad97-649c6e82c3f3,,,Abandoned,Mobile - Checkout Friction,Very Low Value,Single Item,,25
570,Abandoned,2023-08-20 15:03:45,0.0,0,0.0,Desktop,,1.0,,,498,d0f1d837-6edd-4619-b426-9b13b9891981,,,Abandoned,Unknown,Very Low Value,Single Item,,25
571,Active,2019-12-12 04:53:25,0.0,0,0.0,Mobile,,0.0,,,316,5f6c96b9-2099-4781-9580-e499aea25a21,,,Active,N/A - Active,Very Low Value,Single Item,,0
572,Converted,2023-08-28 08:51:31,0.0,0,0.0,Tablet,,0.0,,,229,dc98ced8-689f-4c50-8015-e226c2f1b470,,,Abandoned,Unknown,Very Low Value,Single Item,,25
573,Abandoned,2022-07-24 23:08:34,0.0,0,0.0,Mobile,,0.0,,,303,c8c335ca-00d8-4534-8a8a-1448257e5d92,,,Abandoned,Mobile - Checkout Friction,Very Low Value,Single Item,,25
574,Abandoned,2025-02-08 09:02:31,0.0,0,0.0,Mobile,,0.0,,,348,96994b4b-b54a-41ed-8dfc-18ff5069df41,,,Abandoned,Mobile - Checkout Friction,Very Low Value,Single Item,,25
575,Abandoned,2022-07-31 23:43:01,0.0,0,0.0,Mobile,,0.0,,,326,fc2115d2-d35b-4999-a642-f7600d195230,,,Abandoned,Mobile - Checkout Friction,Very Low Value,Single Item,,25
576,Abandoned,2025-10-18 02:34:37,0.0,0,0.0,Mobile,,0.0,,,73,9ad03502-b084-4951-9893-e78909de807e,,,Abandoned,Mobile - Checkout Friction,Very Low Value,Single Item,,25
577,Converted,2024-05-11 09:11:16,0.0,0,0.0,,,,,,464,b5283ef7-6f42-4af7-bb96-f4ed98651440,,,Abandoned,Unknown,Very Low Value,Single Item,,25
578,Abandoned,2023-12-24 09:34:38,0.0,0,0.0,Mobile,,0.0,,,484,1a8ded8a-a77b-4c81-b0f2-cc7b64be562f,,,Abandoned,Mobile - Checkout Friction,Very Low Value,Single Item,,25
579,Abandoned,2018-06-17 08:26:36,0.0,0,0.0,Desktop,,0.0,,,273,09f45fe0-1abb-4406-83c5-cd2ee413c600,,,Abandoned,Unknown,Very Low Value,Single Item,,25
580,Abandoned,2025-10-15 19:19:25,0.0,0,0.0,Desktop,,0.0,,,69,2d0fa5f0-f96a-444a-a8b4-3aded840c870,,,Abandoned,Unknown,Very Low Value,Single Item,,25
581,Active,2021-08-13 02:21:31,0.0,0,0.0,Tablet,,0.0,,,468,d057f9a5-8deb-42e0-97c8-1a8f3bcfe144,,,Active,N/A - Active,Very Low Value,Single Item,,0
582,Active,2020-07-21 10:49:35,0.0,0,0.0,Desktop,,0.0,,,370,757a19f4-45aa-4fe0-8e69-3df662616b13,,,Active,N/A - Active,Very Low Value,Single Item,,0
583,Active,2024-11-04 08:07:35,0.0,0,0.0,Mobile,,0.0,,,183,b7e8d053-43e4-40b2-8287-f7e7c9e681e1,,,Active,N/A - Active,Very Low Value,Single Item,,0
584,Converted,2019-01-13 14:40:09,0.0,0,0.0,Desktop,,1.0,,,39,d619926d-d5ad-4fe9-873a-c8a2576ca5da,,,Abandoned,Unknown,Very Low Value,Single Item,,25
585,Active,2019-10-05 11:53:46,0.0,0,0.0,Wearable,,0.0,,,413,9b3c6deb-3297-4c95-8452-a3c4f4f71543,,,Active,N/A - Active,Very Low Value,Single Item,,0
586,Active,2024-09-30 06:26:44,0.0,0,0.0,Mobile,,0.0,,,90,cdb4c755-31d7-4f71-b032-355e89898dd0,,,Active,N/A - Active,Very Low Value,Single Item,,0
587,Deleted,2023-09-19 21:46:32,0.0,0,0.0,Tablet,,0.0,,,277,a20cca5f-8acc-4b19-bbe7-d3e956537afb,,,Abandoned,Unknown,Very Low Value,Single Item,,25
588,Abandoned,2025-08-29 03:11:12,0.0,0,0.0,Desktop,,1.0,,,275,1cd7bb5c-3e22-45e8-ad28-6074f48b3807,,,Abandoned,Unknown,Very Low Value,Single Item,,25
589,Active,2024-09-02 17:33:05,0.0,0,0.0,Desktop,,0.0,,,313,9d011209-0e91-48c1-8b1a-46a9487da790,,,Active,N/A - Active,Very Low Value,Single Item,,0
590,Deleted,2019-12-17 01:21:20,0.0,0,0.0,Mobile,,0.0,,,463,44fc5272-23e7-4381-a3ef-af4af52f1840,,,Abandoned,Mobile - Checkout Friction,Very Low Value,Single Item,,25
591,Abandoned,2018-11-18 07:56:58,0.0,0,0.0,Mobile,,0.0,,,308,786e3f78-a87c-4be6-b5fa-15aea0908bbd,,,Abandoned,Mobile - Checkout Friction,Very Low Value,Single Item,,25
592,Active,2024-05-19 23:49:54,0.0,0,0.0,Tablet,,0.0,,,106,549f9ec2-fb03-4ed7-b058-d57b71dc8d8d,,,Active,N/A - Active,Very Low Value,Single Item,,0
593,Abandoned,2024-12-05 18:58:32,0.0,0,0.0,Mobile,,0.0,,,311,167ccd12-a38a-4bb1-808f-f1d35c9e3a36,,,Abandoned,Mobile - Checkout Friction,Very Low Value,Single Item,,25
594,Active,2022-07-22 22:05:08,0.0,0,0.0,Desktop,,0.0,,,226,501fa0bf-b973-4180-8986-9add04b2ae80,,,Active,N/A - Active,Very Low Value,Single Item,,0
595,Abandoned,2025-02-27 14:21:41,0.0,0,0.0,Tablet,,0.0,,,348,65809976-5b25-42ae-9f2e-b915b2ecee6c,,,Abandoned,Unknown,Very Low Value,Single Item,,25
596,Abandoned,2025-04-22 02:11:35,0.0,0,0.0,Desktop,,0.0,,,296,f9284371-2752-49bc-a2f5-6cb680b8a88f,,,Abandoned,Unknown,Very Low Value,Single Item,,25
597,Converted,2022-06-04 10:06:25,0.0,0,0.0,Desktop,,0.0,,,238,5c854d4a-d142-4344-b45c-e0bf86c45b82,,,Abandoned,Unknown,Very Low Value,Single Item,,25
598,Abandoned,2019-06-13 03:33:01,0.0,0,0.0,Desktop,,0.0,,,380,c7892b69-0c6a-4b5e-acab-b93ad3ca5052,,,Abandoned,Unknown,Very Low Value,Single Item,,25
599,Abandoned,2023-01-03 18:11:41,0.0,0,0.0,Mobile,,0.0,,,240,1236b5ab-dda2-4481-a08a-be0e277f1fb4,,,Abandoned,Mobile - Checkout Friction,Very Low Value,Single Item,,25
600,Active,2024-10-31 10:05:25,0.0,0,0.0,Mobile,,0.0,,,309,10657f95-5dce-418a-b862-148e6bfcfdfc,,,Active,N/A - Active,Very Low Value,Single Item,,0
