customer_id,gender,date_of_birth,account_status,city,state_province,postal_code,country,account_created_at,last_login_date,is_active,order_recency_days,order_frequency,order_total_spent,customer_age,customer_tenure_days,days_since_last_login,customer_age_group,customer_activity_status,customer_segment,customer_lifetime_value,total_orders,total_revenue,avg_order_value,total_items_purchased,avg_items_per_order,total_discount_received,avg_discount_per_order,first_order_date,last_order_date,avg_days_between_orders,total_cancelled_orders,total_reviews_written,avg_review_rating,total_sessions,avg_session_duration,total_pages_viewed,total_products_viewed,session_conversion_rate,cart_abandonment_rate,preferred_device_type,preferred_referrer_source,wishlist_items_count,wishlist_conversion_rate,preferred_payment_method,days_since_last_purchase,is_repeat_customer,cancellation_rate,customer_activity_score,total_carts_created,total_abandoned_carts,total_purchased_carts,total_abandoned_value,avg_time_in_cart_days,customer_abandonment_rate,customer_purchase_rate,recency_score,frequency_score,monetary_score,rfm_segment,customer_segment_label,rfm_overall_score,rfm_category,churn_risk
1,Male,1953-07-23,Active,Clinton,NE,68878.0,US,2023-04-05 03:43:47,2025-03-20,True,,,,72,1022,307,65 and over,Dormant,,0.0,0,0.0,,0,,,,,,,,0,,5,25.5,72.0,34.0,0.0,0.6,Mobile,Organic Search,1,0.0,,,0,,,2,1,0.0,1204.34,396.0,50.0,0.0,,,,,,,,
2,Female,1998-01-26,Active,Chester,LA,38785.0,US,2024-05-09 11:10:23,2025-06-26,True,167.0,2.0,3069.0299999999997,28,622,209,25-34,Dormant,At Risk,11112.57,2,11112.57,2222.514,16,3.2,74.31,14.862,2025-07-05 18:24:53,2025-08-07 00:49:29,33.0,1.0,8,4.25,3,22.5,46.0,24.0,0.0,0.3333333333333333,Mobile,Social Media,1,0.0,Cash on Delivery,167.0,1,50.0,23.263235238095238,3,2,0.0,2845.72,178.33333333333334,66.66666666666666,0.0,5.0,5.0,4.0,554,Champions,4.666666666666667,High Value,Low Risk
3,Male,1978-11-30,Active,Seattle,WA,99353.0,US,2021-09-08 02:24:24,2025-02-22,True,,,,47,1596,333,45-54,Dormant,,0.0,0,0.0,,0,,,,,,,,0,,4,7.0,18.0,11.0,0.0,0.0,Desktop,Organic Search,4,0.0,,,0,,,3,2,0.0,2953.1800000000003,1473.3333333333333,66.66666666666666,0.0,,,,,,,,
4,Male,1988-08-14,Inactive,Chester,WI,26483.0,US,2025-04-20 00:38:20,2025-08-23,False,,,,37,276,151,35-44,Dormant,,0.0,0,0.0,,0,,,,,,,,1,5.0,9,38.833333333333336,199.0,123.0,0.1111111111111111,0.3333333333333333,Mobile,Organic Search,1,0.0,,,0,,,1,1,0.0,114.91,100.0,100.0,0.0,,,,,,,,
5,Male,1992-04-08,Active,Salem,AR,54473.0,US,2021-06-18 15:15:50,2025-04-27,True,,,,33,1678,269,25-34,Dormant,,0.0,0,0.0,,0,,,,,,,,0,,2,13.0,31.0,24.0,0.5,0.0,Mobile,Organic Search,2,0.0,,,0,,,2,2,0.0,3293.8,885.0,100.0,0.0,,,,,,,,
6,Female,1946-04-20,Pending,,,,,2016-11-05 12:00:24,1900-01-01,False,,,,79,3364,46041,65 and over,Dormant,,0.0,0,0.0,,0,,,,,,,,0,,0,,,,,,,,0,,,,0,,,0,0,,0.0,,,,,,,,,,,
7,Prefer Not To Say,1946-07-05,Active,Riverside,ID,87992.0,US,2023-05-22 10:03:03,2025-03-01,True,221.0,1.0,2098.39,79,975,326,65 and over,Dormant,Lost,4196.78,1,4196.78,2098.39,4,2.0,,,2025-06-14 14:03:35,2025-06-14 14:03:35,,0.0,6,4.0,1,12.0,30.0,26.0,0.0,0.0,Mobile,Organic Search,2,0.0,Credit Card,221.0,0,0.0,8.97374018018018,1,1,0.0,1889.9,222.0,100.0,0.0,4.0,5.0,3.0,453,Loyal Customers,4.0,High Value,Low Risk
8,Female,1947-07-20,Closed,Fairview,MD,95717.0,US,2015-02-08 14:39:36,2016-03-23,False,,,,78,4000,3591,65 and over,Dormant,,0.0,0,0.0,,0,,,,,,,,0,,7,8.0,67.0,10.0,0.0,0.0,Tablet,Organic Search,0,,,,0,,,0,0,,0.0,,,,,,,,,,,
9,Female,1991-04-09,Inactive,Edmonton,AB,,CA,2024-11-30 13:39:47,2025-02-17,False,,,,34,417,338,25-34,Dormant,,0.0,0,0.0,,0,,,,,,,,0,,4,8.333333333333334,25.0,10.0,0.25,0.0,Mobile,Direct,2,0.5,,,0,,,1,1,0.0,1462.6399999999999,113.0,100.0,0.0,,,,,,,,
10,Other,1964-06-22,Active,Salem,VA,10221.0,US,2017-01-01 18:16:02,2025-10-31,True,,,,61,3307,82,55-64,Inactive,,0.0,0,0.0,,0,,,,,,,,0,,4,11.5,46.0,7.0,0.0,0.0,Smart TV,Organic Search,4,0.25,,,0,,,2,2,0.0,3766.5699999999997,1406.5,100.0,0.0,,,,,,,,
11,Male,2001-10-21,Inactive,Chester,IN,72021.0,US,2023-05-23 05:39:36,2024-03-26,False,,,,24,974,666,18-24,Dormant,,0.0,0,0.0,,0,,,,,,,,0,,5,15.666666666666666,53.0,30.0,0.4,0.2,Desktop,Direct,1,0.0,,,0,,,0,0,,0.0,,,,,,,,,,,
12,Female,1962-12-05,Active,Fairview,OK,51588.0,US,2016-08-27 20:44:00,2025-11-01,True,,,,63,3434,81,55-64,Inactive,,0.0,0,0.0,,0,,,,,,,,11,4.090909090909091,4,2.0,21.0,12.0,0.25,0.25,Desktop,Organic Search,0,,,,0,,,1,1,0.0,745.47,3039.0,100.0,0.0,,,,,,,,
13,Female,1969-09-21,Active,Fairview,WY,12560.0,US,2025-01-05 17:05:08,2025-10-09,True,,,,56,381,104,55-64,Dormant,,0.0,0,0.0,,0,,,,,,,,6,3.8333333333333335,5,71.25,132.0,36.0,0.4,0.4,Desktop,Paid Search,1,0.0,,,0,,,1,1,0.0,0.0,,100.0,0.0,,,,,,,,
14,Male,1964-05-18,Active,Clinton,MN,95215.0,US,2019-04-02 10:13:29,2025-07-10,True,,,,61,2486,195,55-64,Dormant,,0.0,0,0.0,,0,,,,,,,,1,5.0,9,5.857142857142857,71.0,22.0,0.0,0.1111111111111111,Desktop,Organic Search,2,0.5,,,0,,,0,0,,0.0,,,,,,,,,,,
15,Female,1985-01-06,Active,Bellevue,WA,45179.0,US,2016-03-08 13:23:40,2025-05-04,True,,,,41,3606,262,35-44,Dormant,,0.0,0,0.0,,0,,,,,,,,5,3.8,3,17.333333333333332,80.0,36.0,0.0,0.3333333333333333,Mobile,Referral,2,0.5,,,0,,,2,1,0.0,0.0,1050.0,50.0,0.0,,,,,,,,
16,Male,1963-08-05,Active,Bristol,WV,46241.0,US,2017-08-02 03:46:12,2025-07-16,True,2397.0,1.0,1371.15,62,3094,189,55-64,Dormant,Lost,2742.3,1,2742.3,1371.15,6,3.0,,,2019-06-30 05:34:07,2019-06-30 05:34:07,,2.0,2,4.5,2,15.0,33.0,8.0,0.0,1.0,Tablet,Paid Search,2,0.0,Gift Card,2397.0,0,200.0,5.901280567139283,2,1,0.0,1281.48,1610.5,50.0,0.0,1.0,5.0,3.0,153,At Risk,3.0,Medium Value,High Risk
17,Male,1968-04-19,Blocked,Madison,NH,87139.0,US,2015-12-15 07:07:35,2024-07-11,False,,,,57,3690,559,55-64,Dormant,,0.0,0,0.0,,0,,,,,,,,0,,5,59.25,137.0,64.0,0.0,0.0,Mobile,Paid Search,0,,,,0,,,0,0,,0.0,,,,,,,,,,,
18,Male,1977-02-24,Inactive,Fairview,OR,12719.0,US,2025-07-28 08:32:34,2025-12-01,False,,,,48,177,51,45-54,Inactive,,0.0,0,0.0,,0,,,,,,,,0,,3,29.0,67.0,13.0,0.0,0.3333333333333333,Desktop,Email,4,0.25,,,0,,,2,2,0.0,2197.0,30.0,100.0,0.0,,,,,,,,
19,Male,2000-06-25,Inactive,Springfield,NE,34586.0,US,2025-08-07 12:52:48,2025-08-17,False,,,,25,167,157,25-34,Dormant,,0.0,0,0.0,,0,,,,,,,,0,,4,5.0,23.0,5.0,0.0,0.0,Desktop,Organic Search,2,0.5,,,0,,,3,2,0.0,1721.7600000000002,90.66666666666667,66.66666666666666,0.0,,,,,,,,
20,Male,1953-04-15,Closed,Chester,NU,,CA,2024-09-09 02:17:49,2025-04-09,False,,,,72,499,287,65 and over,Dormant,,0.0,0,0.0,,0,,,,,,,,0,,3,29.0,19.0,12.0,0.0,0.0,Mobile,Organic Search,0,,,,0,,,0,0,,0.0,,,,,,,,,,,
21,Male,1971-05-31,Inactive,Bristol,VA,80912.0,US,2021-12-27 22:25:41,2022-06-10,False,,,,54,1486,1321,45-54,Dormant,,0.0,0,0.0,,0,,,,,,,,1,3.0,3,30.0,14.0,7.0,0.0,0.0,Desktop,Direct,3,0.3333333333333333,,,0,,,2,1,0.0,312.13,723.5,50.0,0.0,,,,,,,,
22,Other,1998-05-12,Closed,Madison,OR,48696.0,US,2025-10-15 13:44:16,2025-11-13,False,,,,27,98,69,25-34,Inactive,,0.0,0,0.0,,0,,,,,,,,0,,6,13.8,103.0,82.0,0.16666666666666666,0.16666666666666666,Mobile,Social Media,0,,,,0,,,0,0,,0.0,,,,,,,,,,,
23,Male,1952-11-23,Active,San Francisco,CA,39571.0,US,2023-10-27 17:56:23,2025-03-29,True,,,,73,817,298,65 and over,Dormant,,0.0,0,0.0,,0,,,,,,,,0,,5,12.75,66.0,39.0,0.0,0.0,Mobile,Direct,0,,,,0,,,2,1,0.0,469.52,422.5,50.0,0.0,,,,,,,,
24,Other,1998-01-16,Active,Georgetown,NJ,97881.0,US,2024-03-28 14:58:44,2025-07-24,True,,,,28,664,181,25-34,Dormant,,0.0,0,0.0,,0,,,,,,,,1,5.0,4,18.0,28.0,13.0,0.0,0.0,Smart TV,Direct,1,0.0,,,0,,,1,0,0.0,0.0,337.0,0.0,0.0,,,,,,,,
25,Female,2000-05-06,Inactive,Winston-Salem,NC,24293.0,US,2024-09-18 00:08:00,2025-03-20,False,,,,25,490,307,25-34,Dormant,,0.0,0,0.0,,0,,,,,,,,0,,1,25.0,6.0,5.0,0.0,1.0,Tablet,Direct,2,1.0,,,0,,,2,1,0.0,2714.31,38.5,50.0,0.0,,,,,,,,
26,Male,1993-07-22,Active,Salem,IN,69186.0,US,2021-02-24 22:20:24,2025-02-23,True,412.0,1.0,927.14,32,1792,332,25-34,Dormant,Lost,1854.28,1,1854.28,927.14,2,1.0,426.58,213.29,2024-12-05 20:56:10,2024-12-05 20:56:10,,0.0,7,3.857142857142857,5,10.666666666666666,58.0,19.0,0.2,0.4,Mobile,Organic Search,2,0.0,Gift Card,412.0,0,0.0,4.2054123002421315,1,1,0.0,1035.26,413.0,100.0,0.0,4.0,5.0,2.0,452,New Customers,3.6666666666666665,Medium Value,Low Risk
27,Female,1991-06-07,Active,Madison,PE,,CA,2018-09-12 21:07:26,2025-06-27,True,,,,34,2688,208,25-34,Dormant,,0.0,0,0.0,,0,,,,,,,,0,,2,58.0,69.0,29.0,0.0,0.5,Mobile,Organic Search,4,0.5,,,0,,,1,1,0.0,79.9,1302.0,100.0,0.0,,,,,,,,
28,Male,1971-07-12,Inactive,Tacoma,WA,84395.0,US,2018-12-08 00:11:55,2020-07-16,False,,,,54,2601,2015,45-54,Dormant,,0.0,0,0.0,,0,,,,,,,,0,,4,24.333333333333332,49.0,27.0,0.25,0.25,Mobile,Direct,3,0.6666666666666666,,,0,,,1,1,0.0,3295.27,2015.0,100.0,0.0,,,,,,,,
29,Female,1976-07-01,Active,Winston-Salem,NC,97562.0,US,2021-09-20 01:00:13,2025-07-23,True,,,,49,1584,182,45-54,Dormant,,0.0,0,0.0,,0,,,,,,,,1,5.0,1,208.0,67.0,26.0,0.0,1.0,Mobile,Organic Search,2,0.5,,,0,,,1,1,0.0,2184.94,968.0,100.0,0.0,,,,,,,,
30,Female,1980-03-21,Closed,Naperville,IL,56019.0,US,2024-06-21 03:15:27,2025-04-18,False,,,,45,579,278,45-54,Dormant,,0.0,0,0.0,,0,,,,,,,,0,,7,16.8,80.0,14.0,0.14285714285714285,0.0,Mobile,Social Media,0,,,,0,,,0,0,,0.0,,,,,,,,,,,
31,Female,1946-01-29,Inactive,Springfield,OK,68947.0,US,2018-12-12 16:04:19,2024-02-16,False,,,,80,2597,705,65 and over,Dormant,,0.0,0,0.0,,0,,,,,,,,0,,5,21.5,129.0,27.0,0.0,0.4,Mobile,Email,3,0.6666666666666666,,,0,,,0,0,,0.0,,,,,,,,,,,
32,Female,1995-02-10,Inactive,Grand Rapids,MI,97833.0,US,2024-10-16 04:21:05,2025-08-11,False,,,,30,462,163,25-34,Dormant,,0.0,0,0.0,,0,,,,,,,,0,,5,18.5,84.0,29.0,0.2,0.0,Tablet,Organic Search,3,0.0,,,0,,,3,2,0.0,5762.75,259.6666666666667,66.66666666666666,0.0,,,,,,,,
33,Female,1952-10-18,Pending,,,,,2021-09-12 12:09:10,1900-01-01,False,,,,73,1592,46041,65 and over,Dormant,,0.0,0,0.0,,0,,,,,,,,0,,0,,,,,,,,0,,,,0,,,0,0,,0.0,,,,,,,,,,,
34,Female,1988-12-12,Inactive,Salem,ME,75916.0,US,2017-09-06 09:51:50,2022-12-10,False,,,,37,3059,1138,35-44,Dormant,,0.0,0,0.0,,0,,,,,,,,0,,4,21.666666666666668,50.0,25.0,0.0,0.0,Mobile,Social Media,1,1.0,,,0,,,2,2,0.0,1931.29,1677.5,100.0,0.0,,,,,,,,
35,Male,1960-12-16,Active,Georgetown,TN,29142.0,US,2024-02-28 14:56:22,2025-12-12,True,,,,65,693,40,65 and over,Inactive,,0.0,0,0.0,,0,,,,,,,,1,2.0,3,16.0,40.0,29.0,0.3333333333333333,0.0,Tablet,Direct,0,,,,0,,,2,2,0.0,2608.33,508.0,100.0,0.0,,,,,,,,
36,Male,2000-12-27,Active,Springfield,NM,93318.0,US,2015-12-17 16:23:04,2025-03-31,True,,,,25,3688,296,25-34,Dormant,,0.0,0,0.0,,0,,,,,,,,2,4.0,5,18.0,43.0,10.0,0.0,0.0,Desktop,Direct,2,0.5,,,0,,,0,0,,0.0,,,,,,,,,,,
37,Male,1989-10-04,Active,Georgetown,DE,67272.0,US,2020-04-23 08:02:48,2025-01-27,True,,,,36,2099,359,35-44,Dormant,,0.0,0,0.0,,0,,,,,,,,2,5.0,1,44.0,35.0,,0.0,0.0,Desktop,Organic Search,2,0.5,,,0,,,0,0,,0.0,,,,,,,,,,,
38,Male,1955-12-28,Active,Franklin,WV,14081.0,US,2022-09-26 14:22:28,2025-12-04,True,,,,70,1213,48,65 and over,Inactive,,0.0,0,0.0,,0,,,,,,,,1,4.0,5,12.2,45.0,11.0,0.0,0.4,Mobile,Social Media,5,0.4,,,0,,,4,3,0.0,443.77000000000004,938.0,75.0,0.0,,,,,,,,
39,Female,1966-01-16,Active,Clinton,NH,90199.0,US,2017-10-19 03:01:47,2025-09-20,True,1030.0,1.0,530.35,60,3016,123,55-64,Dormant,Lost,1591.0500000000002,1,1591.0500000000002,530.35,9,3.0,393.39,131.13,2023-03-28 21:09:56,2023-03-28 21:09:56,,0.0,0,,2,26.5,34.0,27.0,0.5,0.0,Mobile,Display Ads,1,0.0,PayPal,1030.0,0,0.0,3.6208972841901077,3,3,0.0,3036.7699999999995,1030.0,100.0,0.0,2.0,5.0,2.0,252,Others,3.0,Medium Value,Low Risk
40,Female,1993-10-09,Inactive,Aurora,CO,35729.0,US,2017-01-15 04:27:32,2017-08-29,False,,,,32,3293,3067,25-34,Dormant,,0.0,0,0.0,,0,,,,,,,,2,4.0,11,32.0,149.0,68.0,0.0,0.09090909090909091,Mobile,Direct,2,0.0,,,0,,,0,0,,0.0,,,,,,,,,,,
41,Female,1980-06-23,Inactive,Salem,NS,,CA,2019-08-30 15:29:13,2023-06-24,False,864.0,1.0,2986.92,45,2336,942,45-54,Dormant,Lost,5973.84,1,5973.84,2986.92,9,4.5,,,2023-09-10 18:03:42,2023-09-10 18:03:42,,0.0,2,4.5,6,18.75,76.0,19.0,0.0,0.0,Mobile,Referral,0,,Credit Card,864.0,0,0.0,12.393922774566475,3,1,0.0,2284.5,1186.3333333333333,33.33333333333333,0.0,2.0,5.0,4.0,254,At Risk,3.6666666666666665,Medium Value,High Risk
42,Female,1949-02-12,Active,Georgetown,KY,62855.0,US,2025-08-07 12:32:29,2025-10-24,True,138.0,1.0,2554.85,76,167,89,65 and over,Inactive,At Risk,5109.7,1,5109.7,2554.85,4,2.0,,,2025-09-05 04:06:52,2025-09-05 04:06:52,,0.0,4,3.5,5,20.8,100.0,37.0,0.0,0.0,Mobile,Paid Search,3,0.3333333333333333,Credit Card,138.0,0,0.0,10.907169784172662,2,2,0.0,3272.27,139.0,100.0,0.0,5.0,5.0,4.0,554,Champions,4.666666666666667,High Value,Low Risk
43,Female,1977-01-18,Active,Madison,SC,87820.0,US,2020-08-10 01:02:02,2025-10-15,True,,,,49,1990,98,45-54,Dormant,,0.0,0,0.0,,0,,,,,,,,2,4.5,6,28.5,55.0,27.0,0.16666666666666666,0.0,Tablet,Organic Search,4,0.75,,,0,,,3,1,0.0,0.0,688.0,33.33333333333333,0.0,,,,,,,,
44,Female,1988-01-27,Active,Fairview,WY,71814.0,US,2022-01-20 23:39:49,2025-06-14,True,1400.0,1.0,1286.83,38,1462,221,35-44,Dormant,Lost,3860.49,1,3860.49,1286.83,5,1.6666666666666667,523.4399999999999,174.48,2022-03-23 15:06:43,2022-03-23 15:06:43,,0.0,0,,6,46.666666666666664,141.0,49.0,0.0,0.3333333333333333,Mobile,Direct,2,0.5,Credit Card,1400.0,0,0.0,8.149531034975018,3,2,0.0,2106.77,628.0,66.66666666666666,0.0,2.0,5.0,3.0,253,At Risk,3.3333333333333335,Medium Value,High Risk
45,Prefer Not To Say,1961-03-19,Active,Georgetown,MT,29198.0,US,2025-07-23 09:49:18,2025-11-02,True,,,,64,182,80,55-64,Inactive,,0.0,0,0.0,,0,,,,,,,,2,4.0,5,28.0,71.0,20.0,0.0,0.0,Mobile,Display Ads,2,0.5,,,0,,,3,1,0.0,2264.1800000000003,122.33333333333333,33.33333333333333,0.0,,,,,,,,
46,Male,1944-04-19,Blocked,Chester,TN,78723.0,US,2024-05-18 12:50:31,2024-11-25,False,,,,81,613,422,65 and over,Dormant,,0.0,0,0.0,,0,,,,,,,,0,,3,36.333333333333336,118.0,40.0,0.6666666666666666,0.0,Mobile,Direct,0,,,,0,,,0,0,,0.0,,,,,,,,,,,
47,Female,1979-05-30,Active,Bellevue,WA,11498.0,US,2020-10-11 10:05:25,2025-01-16,True,,,,46,1928,370,45-54,Dormant,,0.0,0,0.0,,0,,,,,,,,0,,4,,12.0,1.0,0.0,0.0,Mobile,Paid Search,1,1.0,,,0,,,0,0,,0.0,,,,,,,,,,,
48,Female,1948-01-18,Active,New York,NY,76895.0,US,2025-04-15 18:07:03,2025-05-27,True,,,,78,281,239,65 and over,Dormant,,0.0,0,0.0,,0,,,,,,,,2,3.5,5,36.0,66.0,49.0,0.0,0.2,Desktop,Social Media,5,0.0,,,0,,,0,0,,0.0,,,,,,,,,,,
49,Female,1947-03-26,Active,Chester,UT,27431.0,US,2025-06-21 15:02:18,2025-09-11,True,61.0,1.0,517.33,78,214,132,65 and over,Dormant,Uncategorized,517.33,1,517.33,517.33,1,1.0,,,2025-11-21 19:58:09,2025-11-21 19:58:09,,0.0,6,4.333333333333333,2,2.0,9.0,4.0,0.0,0.0,Mobile,Email,3,0.3333333333333333,PayPal,61.0,0,0.0,2.0798212903225806,3,3,0.0,1808.58,60.0,100.0,0.0,5.0,5.0,1.0,551,New Customers,3.6666666666666665,Medium Value,Low Risk
50,Male,2009-09-18,Closed,Springfield,RI,68515.0,US,2023-05-04 01:51:42,2024-07-06,False,,,,16,993,564,Under 18,Dormant,,0.0,0,0.0,,0,,,,,,,,0,,5,8.666666666666666,50.0,26.0,0.2,0.0,Mobile,Social Media,0,,,,0,,,0,0,,0.0,,,,,,,,,,,
51,Prefer Not To Say,1975-03-27,Closed,Hamilton,ON,,CA,2023-10-24 16:20:44,2024-12-24,False,,,,50,820,393,45-54,Dormant,,0.0,0,0.0,,0,,,,,,,,0,,6,18.2,56.0,16.0,0.16666666666666666,0.0,Mobile,Social Media,0,,,,0,,,0,0,,0.0,,,,,,,,,,,
52,Female,1999-03-29,Active,Franklin,IA,12125.0,US,2019-01-11 09:16:23,2025-04-07,True,,,,26,2567,289,25-34,Dormant,,0.0,0,0.0,,0,,,,,,,,2,5.0,2,26.0,55.0,25.0,0.0,0.0,Mobile,Organic Search,2,0.5,,,0,,,2,1,0.0,1093.1799999999998,513.0,50.0,0.0,,,,,,,,
53,Female,1956-03-23,Inactive,Franklin,VA,11198.0,US,2016-07-27 23:34:31,2018-08-20,False,,,,69,3465,2711,65 and over,Dormant,,0.0,0,0.0,,0,,,,,,,,1,2.0,3,10.5,30.0,14.0,0.0,0.0,Desktop,Social Media,2,0.0,,,0,,,0,0,,0.0,,,,,,,,,,,
54,Female,1961-04-20,Active,Reno,NV,84167.0,US,2018-05-13 21:52:54,2025-11-14,True,1459.0,1.0,153.68,64,2810,68,55-64,Inactive,Lost,153.68,1,153.68,153.68,1,1.0,22.64,22.64,2022-01-23 06:37:21,2022-01-23 06:37:21,,0.0,8,4.25,2,8.0,26.0,4.0,0.0,0.5,Mobile,Email,1,0.0,Credit Card,1459.0,0,0.0,0.7347572602739726,5,4,0.0,1989.66,1664.0,80.0,0.0,2.0,5.0,1.0,251,Others,2.6666666666666665,Low Value,Low Risk
55,Male,1979-10-13,Active,Georgetown,MO,57277.0,US,2017-01-30 21:37:42,2025-06-14,True,,,,46,3278,221,45-54,Dormant,,0.0,0,0.0,,0,,,,,,,,3,4.0,5,30.333333333333332,73.0,30.0,0.2,0.4,Mobile,Display Ads,3,0.0,,,0,,,3,2,0.0,2938.27,1933.6666666666667,66.66666666666666,0.0,,,,,,,,
56,Male,1946-09-19,Active,Georgetown,MT,91289.0,US,2016-11-15 13:17:26,2025-07-25,True,,,,79,3354,180,65 and over,Dormant,,0.0,0,0.0,,0,,,,,,,,2,3.0,3,11.0,31.0,6.0,0.6666666666666666,0.3333333333333333,Mobile,Direct,3,0.0,,,0,,,0,0,,0.0,,,,,,,,,,,
57,Male,1947-03-31,Active,Akron,OH,64827.0,US,2024-03-08 13:43:31,2025-10-15,True,,,,78,684,98,65 and over,Dormant,,0.0,0,0.0,,0,,,,,,,,1,5.0,6,41.6,48.0,23.0,0.16666666666666666,0.0,Desktop,Direct,0,,,,0,,,2,2,0.0,2711.26,398.0,100.0,0.0,,,,,,,,
58,Male,1967-07-18,Active,Springfield,MD,25084.0,US,2019-08-31 02:07:53,2025-10-13,True,,,,58,2335,100,55-64,Dormant,,0.0,0,0.0,,0,,,,,,,,2,3.0,1,14.0,24.0,23.0,0.0,0.0,Mobile,Paid Search,1,0.0,,,0,,,1,1,0.0,774.43,795.0,100.0,0.0,,,,,,,,
59,Male,1956-07-08,Blocked,Franklin,DE,58929.0,US,2024-02-16 21:45:51,2024-12-17,False,,,,69,705,400,65 and over,Dormant,,0.0,0,0.0,,0,,,,,,,,0,,3,20.5,48.0,12.0,0.0,0.0,Desktop,Referral,0,,,,0,,,0,0,,0.0,,,,,,,,,,,
60,Female,1948-06-15,Active,Riverside,OR,45112.0,US,2021-05-04 00:50:48,2025-09-03,True,1518.0,2.0,3735.13,77,1723,140,65 and over,Dormant,Lost,14627.06,2,14627.06,2437.8433333333332,14,2.3333333333333335,1629.08,407.27,2021-11-24 08:25:00,2021-11-25 03:22:42,1.0,0.0,18,4.277777777777778,1,5.0,3.0,,0.0,0.0,Mobile,Organic Search,0,,Gift Card,1518.0,1,0.0,30.080453113890716,3,2,0.0,3900.2000000000003,1521.0,66.66666666666666,0.0,1.0,5.0,5.0,155,At Risk,3.6666666666666665,Medium Value,High Risk
61,Female,1989-05-17,Active,Franklin,MB,,CA,2016-11-20 10:45:18,2025-07-30,True,,,,36,3349,175,35-44,Dormant,,0.0,0,0.0,,0,,,,,,,,2,2.0,3,25.0,49.0,5.0,0.0,0.0,Mobile,Direct,0,,,,0,,,0,0,,0.0,,,,,,,,,,,
62,Female,1946-09-21,Inactive,Springfield,YT,,CA,2023-12-04 17:25:13,2025-02-15,False,,,,79,779,340,65 and over,Dormant,,0.0,0,0.0,,0,,,,,,,,2,4.5,3,9.5,26.0,15.0,0.3333333333333333,0.0,Tablet,Direct,4,0.25,,,0,,,1,0,0.0,0.0,366.0,0.0,0.0,,,,,,,,
63,Female,1955-10-06,Active,Reno,NV,28327.0,US,2019-12-08 11:46:13,2025-02-07,True,1604.0,1.0,1097.44,70,2236,348,65 and over,Dormant,Lost,4389.76,1,4389.76,1097.44,6,1.5,238.68,59.67,2021-08-31 07:09:52,2021-08-31 07:09:52,,4.0,0,,1,,2.0,1.0,0.0,0.0,Smart TV,Paid Search,1,1.0,PayPal,1604.0,0,400.0,9.204442118380065,3,2,0.0,6488.820000000001,1603.3333333333333,66.66666666666666,0.0,1.0,5.0,2.0,152,Hibernating,2.6666666666666665,Low Value,High Risk
64,Prefer Not To Say,1993-09-25,Inactive,Savannah,GA,20957.0,US,2015-10-04 00:16:13,2016-03-15,False,2671.0,1.0,462.32,32,3762,3599,25-34,Dormant,Lost,462.32,1,462.32,462.32,5,5.0,,,2018-09-29 02:25:12,2018-09-29 02:25:12,,0.0,4,3.0,2,6.5,15.0,,0.0,0.0,Desktop,Social Media,3,0.3333333333333333,Credit Card,2671.0,0,0.0,1.3396100598802394,3,2,0.0,2155.1800000000003,2741.6666666666665,66.66666666666666,0.0,1.0,5.0,1.0,151,Others,2.3333333333333335,Low Value,Low Risk
65,Male,1951-08-19,Inactive,Franklin,MS,43438.0,US,2023-08-26 00:21:51,2024-11-07,False,,,,74,879,440,65 and over,Dormant,,0.0,0,0.0,,0,,,,,,,,2,5.0,2,4.0,9.0,3.0,0.0,0.0,Mobile,Direct,5,0.2,,,0,,,2,2,0.0,5968.02,683.0,100.0,0.0,,,,,,,,
66,Male,2005-08-29,Active,Madison,YT,,CA,2022-03-28 08:52:04,2025-03-07,True,,,,20,1395,320,18-24,Dormant,,0.0,0,0.0,,0,,,,,,,,0,,5,25.4,100.0,37.0,0.2,0.2,Mobile,Display Ads,2,0.5,,,0,,,1,1,0.0,2863.58,263.0,100.0,0.0,,,,,,,,
67,Prefer Not To Say,1974-10-18,Active,Hamilton,ON,,CA,2024-07-09 23:46:19,2025-11-02,True,,,,51,561,80,45-54,Inactive,,0.0,0,0.0,,0,,,,,,,,0,,4,19.0,34.0,8.0,0.25,0.0,Mobile,Organic Search,3,0.0,,,0,,,0,0,,0.0,,,,,,,,,,,
68,Male,2004-04-05,Inactive,Bristol,MT,82869.0,US,2025-01-24 19:02:13,2025-07-10,False,,,,21,362,195,18-24,Dormant,,0.0,0,0.0,,0,,,,,,,,1,4.0,2,4.0,18.0,1.0,0.0,0.5,Tablet,Organic Search,1,1.0,,,0,,,3,1,0.0,1619.28,316.3333333333333,33.33333333333333,0.0,,,,,,,,
69,Prefer Not To Say,1980-10-27,Active,Madison,ID,46681.0,US,2024-01-28 04:05:57,2025-07-08,True,,,,45,724,197,45-54,Dormant,,0.0,0,0.0,,0,,,,,,,,1,4.0,2,39.5,60.0,22.0,0.0,0.0,Desktop,Organic Search,0,,,,0,,,1,1,0.0,0.0,,100.0,0.0,,,,,,,,
70,Female,2010-11-20,Active,Dallas,TX,44934.0,US,2024-08-30 01:51:30,2025-03-28,True,,,,15,509,299,Under 18,Dormant,,0.0,0,0.0,,0,,,,,,,,1,2.0,3,7.5,20.0,13.0,0.0,0.0,Mobile,Direct,5,0.2,,,0,,,3,3,0.0,2312.2799999999997,244.33333333333334,100.0,0.0,,,,,,,,
71,Female,1941-02-06,Active,Franklin,AK,86888.0,US,2018-09-20 19:12:51,2025-10-20,True,,,,85,2680,93,65 and over,Dormant,,0.0,0,0.0,,0,,,,,,,,0,,4,13.0,60.0,3.0,0.25,0.0,Mobile,Direct,1,0.0,,,0,,,0,0,,0.0,,,,,,,,,,,
72,Prefer Not To Say,1948-12-31,Active,Salem,HI,74629.0,US,2024-03-19 22:42:40,2025-07-07,True,,,,77,673,198,65 and over,Dormant,,0.0,0,0.0,,0,,,,,,,,0,,2,8.5,15.0,5.0,0.5,0.0,Desktop,Paid Search,2,0.5,,,0,,,2,2,0.0,0.0,,100.0,0.0,,,,,,,,
73,Male,2006-07-12,Active,Bristol,RI,36171.0,US,2025-07-29 08:42:18,2025-10-09,True,95.0,1.0,171.77,19,176,104,18-24,Dormant,At Risk,171.77,1,171.77,171.77,6,6.0,,,2025-10-18 08:40:45,2025-10-18 08:40:45,,0.0,0,,1,8.0,6.0,3.0,0.0,0.0,Mobile,Email,1,0.0,Credit Card,95.0,0,0.0,1.1602066666666666,5,4,0.0,1719.88,93.75,80.0,0.0,5.0,5.0,1.0,551,New Customers,3.6666666666666665,Medium Value,Low Risk
74,Male,1956-01-14,Inactive,Quebec City,QC,,CA,2025-11-25 06:51:12,2025-11-29,False,41.0,2.0,6231.42,70,57,53,65 and over,Inactive,Low Value,18694.260000000002,2,18694.260000000002,3115.7100000000005,11,1.8333333333333333,784.23,130.705,2025-12-05 23:57:59,2025-12-11 17:48:35,6.0,0.0,7,3.5714285714285716,9,17.0,113.0,63.0,0.0,0.1111111111111111,Mobile,Organic Search,1,0.0,Apple Pay,41.0,1,0.0,39.14090095238096,3,3,0.0,2841.06,44.0,100.0,0.0,5.0,5.0,5.0,555,Champions,5.0,High Value,Low Risk
75,Female,1984-08-08,Active,Springfield,NS,,CA,2021-06-01 19:30:02,2025-09-28,True,,,,41,1695,115,35-44,Dormant,,0.0,0,0.0,,0,,,,,,,,1,3.0,4,18.333333333333332,56.0,32.0,0.0,0.25,Desktop,Direct,2,0.0,,,0,,,2,2,0.0,1853.27,1570.0,100.0,0.0,,,,,,,,
76,Male,1992-01-22,Pending,Springfield,KS,69827.0,US,2015-04-29 05:12:56,1900-01-01,False,,,,34,3920,46041,25-34,Dormant,,0.0,0,0.0,,0,,,,,,,,0,,0,,,,,,,,0,,,,0,,,0,0,,0.0,,,,,,,,,,,
77,Male,1992-05-18,Active,Fairview,ID,11109.0,US,2023-09-30 06:54:14,2025-01-27,True,581.0,1.0,3235.67,33,844,359,25-34,Dormant,Lost,9707.01,1,9707.01,3235.67,6,2.0,14.669999999999998,4.89,2024-06-19 02:32:24,2024-06-19 02:32:24,,0.0,14,3.9285714285714284,2,16.0,27.0,9.0,0.5,0.0,Mobile,Social Media,1,1.0,Credit Card,581.0,0,0.0,19.882748522336772,1,1,0.0,1533.0299999999997,583.0,100.0,0.0,3.0,5.0,5.0,355,Loyal Customers,4.333333333333333,High Value,Low Risk
78,Male,1971-03-18,Active,Clinton,ND,17441.0,US,2018-02-06 20:20:55,2025-08-06,True,,,,54,2906,168,45-54,Dormant,,0.0,0,0.0,,0,,,,,,,,0,,4,31.0,61.0,4.0,0.0,0.0,Mobile,Organic Search,1,0.0,,,0,,,2,1,0.0,2505.7,1604.5,50.0,0.0,,,,,,,,
79,Female,1957-06-18,Active,Springfield,NU,,CA,2025-08-14 21:57:21,2025-12-03,True,34.0,1.0,2664.32,68,160,49,65 and over,Inactive,Uncategorized,10657.28,1,10657.28,2664.32,7,1.75,,,2025-12-18 20:47:53,2025-12-18 20:47:53,,0.0,1,4.0,7,20.0,96.0,45.0,0.14285714285714285,0.0,Desktop,Paid Search,1,1.0,Credit Card,34.0,0,0.0,22.857417142857145,1,1,0.0,2440.85,35.0,100.0,0.0,5.0,5.0,4.0,554,Champions,4.666666666666667,High Value,Low Risk
80,Female,1955-04-03,Active,Chester,YT,,CA,2020-06-28 02:08:39,2025-05-16,True,,,,70,2033,250,65 and over,Dormant,,0.0,0,0.0,,0,,,,,,,,1,3.0,3,2.5,22.0,4.0,0.0,0.3333333333333333,Desktop,Social Media,2,1.0,,,0,,,0,0,,0.0,,,,,,,,,,,
81,Other,1942-10-03,Closed,Springfield,SC,87846.0,US,2017-07-24 07:46:08,2019-12-07,False,,,,83,3103,2237,65 and over,Dormant,,0.0,0,0.0,,0,,,,,,,,0,,4,33.0,37.0,21.0,0.5,0.0,Mobile,Organic Search,0,,,,0,,,0,0,,0.0,,,,,,,,,,,
82,Female,1950-06-14,Inactive,Springfield,HI,81845.0,US,2020-09-26 23:39:07,2022-04-28,False,45.0,1.0,3277.97,75,1943,1364,65 and over,Dormant,Uncategorized,9833.91,1,9833.91,3277.97,8,2.6666666666666665,,,2025-12-07 02:38:34,2025-12-07 02:38:34,,0.0,13,4.384615384615385,3,6.0,30.0,22.0,0.3333333333333333,0.0,Wearable,Email,3,0.3333333333333333,Gift Card,45.0,0,0.0,20.93738521739131,2,2,0.0,3325.46,46.5,100.0,0.0,5.0,5.0,5.0,555,Champions,5.0,High Value,Low Risk
83,Female,1982-09-10,Closed,Springfield,WI,11267.0,US,2015-07-25 03:52:11,2016-01-02,False,,,,43,3833,3672,35-44,Dormant,,0.0,0,0.0,,0,,,,,,,,0,,5,20.5,125.0,40.0,0.2,0.0,Mobile,Organic Search,0,,,,0,,,0,0,,0.0,,,,,,,,,,,
84,Male,2001-11-10,Active,Salem,UT,29484.0,US,2020-11-19 23:36:46,2025-03-11,True,,,,24,1889,316,18-24,Dormant,,0.0,0,0.0,,0,,,,,,,,0,,3,40.0,29.0,7.0,0.0,0.0,Mobile,Social Media,0,,,,0,,,2,1,0.0,3655.5,38.5,50.0,0.0,,,,,,,,
85,Female,1995-03-31,Active,Bristol,RI,96136.0,US,2025-10-20 19:40:19,2025-10-21,True,,,,30,93,92,25-34,Dormant,,0.0,0,0.0,,0,,,,,,,,2,5.0,2,12.0,26.0,22.0,0.0,0.0,Desktop,Paid Search,1,0.0,,,0,,,2,2,0.0,1379.49,34.0,100.0,0.0,,,,,,,,
86,Male,1971-05-11,Blocked,Raleigh,NC,75382.0,US,2016-03-17 13:02:59,2023-04-24,False,,,,54,3597,1003,45-54,Dormant,,0.0,0,0.0,,0,,,,,,,,0,,2,13.0,19.0,6.0,0.0,0.0,Tablet,Organic Search,0,,,,0,,,0,0,,0.0,,,,,,,,,,,
87,Male,1969-03-15,Inactive,Franklin,MB,,CA,2022-12-25 23:59:35,2024-03-15,False,,,,56,1123,677,55-64,Dormant,,0.0,0,0.0,,0,,,,,,,,2,5.0,7,11.0,87.0,48.0,0.14285714285714285,0.2857142857142857,Desktop,Social Media,3,0.0,,,0,,,2,1,0.0,363.71999999999997,845.0,50.0,0.0,,,,,,,,
88,Male,2003-06-29,Inactive,Madison,AL,36619.0,US,2019-09-16 22:42:03,2023-12-27,False,,,,22,2319,756,18-24,Dormant,,0.0,0,0.0,,0,,,,,,,,2,3.5,2,2.0,11.0,7.0,0.0,0.0,Mobile,Direct,2,0.0,,,0,,,1,1,0.0,81.3,145.0,100.0,0.0,,,,,,,,
89,Female,1969-07-22,Active,Fairview,WI,79533.0,US,2020-11-22 07:11:33,2025-11-20,True,,,,56,1886,62,55-64,Inactive,,0.0,0,0.0,,0,,,,,,,,13,4.0,5,68.33333333333333,104.0,49.0,0.0,0.4,Tablet,Organic Search,2,1.0,,,0,,,3,3,0.0,3439.63,715.5,100.0,0.0,,,,,,,,
90,Female,1959-06-26,Active,San Jose,CA,39837.0,US,2021-01-11 22:56:47,2025-05-17,True,,,,66,1836,249,65 and over,Dormant,,0.0,0,0.0,,0,,,,,,,,1,4.0,2,29.5,58.0,19.0,0.5,0.0,Tablet,Display Ads,2,0.0,,,0,,,1,0,0.0,0.0,,0.0,0.0,,,,,,,,
91,Male,1948-10-19,Inactive,Tacoma,WA,11461.0,US,2018-02-27 14:24:25,2025-07-26,False,453.0,1.0,1126.05,77,2885,179,65 and over,Dormant,Lost,5630.25,1,5630.25,1126.05,8,1.6,507.70000000000005,101.54,2024-10-25 18:27:07,2024-10-25 18:27:07,,0.0,17,3.764705882352941,4,11.333333333333334,33.0,20.0,0.0,0.5,Desktop,Social Media,2,0.0,Credit Card,453.0,0,0.0,11.748605726872247,3,3,0.0,2159.0699999999997,450.0,100.0,0.0,3.0,5.0,2.0,352,Others,3.3333333333333335,Medium Value,Low Risk
92,Male,1945-12-02,Inactive,Fairview,ME,19149.0,US,2024-07-19 17:29:41,2024-10-02,False,,,,80,551,476,65 and over,Dormant,,0.0,0,0.0,,0,,,,,,,,1,5.0,3,24.333333333333332,81.0,7.0,0.0,0.0,Tablet,Referral,2,0.0,,,0,,,1,0,0.0,0.0,382.0,0.0,0.0,,,,,,,,
93,Female,1997-04-04,Active,Franklin,NU,,CA,2015-11-10 23:04:57,2025-12-16,True,408.0,1.0,2835.46,28,3725,36,25-34,Inactive,Lost,8506.380000000001,1,8506.380000000001,2835.4600000000005,5,1.6666666666666667,,,2024-12-09 18:09:42,2024-12-09 18:09:42,,0.0,0,,3,2.5,24.0,5.0,0.0,1.0,Wearable,Organic Search,1,0.0,PayPal,408.0,0,0.0,17.510559511002448,3,1,0.0,2649.4399999999996,1483.5,33.33333333333333,0.0,4.0,5.0,4.0,454,Champions,4.333333333333333,High Value,Low Risk
94,Male,1964-10-03,Active,Madison,ND,44513.0,US,2019-02-22 07:02:42,2025-09-11,True,,,,61,2525,132,55-64,Dormant,,0.0,0,0.0,,0,,,,,,,,2,5.0,5,35.4,50.0,22.0,0.0,0.0,Smart TV,Paid Search,2,0.0,,,0,,,3,2,0.0,4244.99,902.3333333333334,66.66666666666666,0.0,,,,,,,,
95,Male,1966-03-26,Active,Salem,HI,12942.0,US,2017-05-16 04:11:10,2025-06-22,True,,,,59,3172,213,55-64,Dormant,,0.0,0,0.0,,0,,,,,,,,2,4.0,6,20.6,57.0,23.0,0.0,0.16666666666666666,Mobile,Organic Search,2,1.0,,,0,,,1,1,0.0,447.33,206.0,100.0,0.0,,,,,,,,
96,Male,1984-04-02,Active,Philadelphia,PA,40122.0,US,2016-11-29 07:53:26,2025-02-20,True,,,,41,3340,335,35-44,Dormant,,0.0,0,0.0,,0,,,,,,,,1,5.0,4,39.333333333333336,91.0,37.0,0.0,0.0,Mobile,Social Media,1,0.0,,,0,,,1,1,0.0,3849.23,2302.0,100.0,0.0,,,,,,,,
97,Male,2009-05-12,Blocked,Madison,NT,,CA,2025-07-31 03:27:08,2025-10-04,False,,,,16,174,109,Under 18,Dormant,,0.0,0,0.0,,0,,,,,,,,0,,5,9.5,39.0,28.0,0.0,0.2,Desktop,Email,0,,,,0,,,0,0,,0.0,,,,,,,,,,,
98,Male,1963-10-22,Active,Franklin,NH,23143.0,US,2018-06-10 18:22:49,2024-12-29,True,,,,62,2782,388,55-64,Dormant,,0.0,0,0.0,,0,,,,,,,,4,3.75,3,12.0,34.0,28.0,0.0,0.6666666666666666,Tablet,Social Media,2,0.5,,,0,,,0,0,,0.0,,,,,,,,,,,
99,Male,1987-04-26,Inactive,Springfield,ND,18993.0,US,2022-10-31 07:39:10,2023-01-12,False,,,,38,1178,1105,35-44,Dormant,,0.0,0,0.0,,0,,,,,,,,0,,9,13.0,136.0,55.0,0.1111111111111111,0.0,Mobile,Display Ads,1,0.0,,,0,,,0,0,,0.0,,,,,,,,,,,
100,Female,1978-01-15,Active,Clinton,MN,85197.0,US,2025-09-18 11:33:34,2025-12-24,True,,,,48,125,28,45-54,Active,,0.0,0,0.0,,0,,,,,,,,0,,3,6.5,21.0,7.0,0.0,0.3333333333333333,Desktop,Paid Search,0,,,,0,,,1,1,0.0,410.0,80.0,100.0,0.0,,,,,,,,
101,Male,1945-11-24,Inactive,Chester,DE,70302.0,US,2020-11-23 13:30:34,2021-01-29,False,,,,80,1885,1818,65 and over,Dormant,,0.0,0,0.0,,0,,,,,,,,0,,4,9.0,17.0,7.0,0.0,0.0,Mobile,Organic Search,4,0.5,,,0,,,1,0,0.0,0.0,256.0,0.0,0.0,,,,,,,,
102,Male,1957-03-06,Active,Franklin,AL,65249.0,US,2021-05-29 04:36:43,2025-08-29,True,,,,68,1698,145,65 and over,Dormant,,0.0,0,0.0,,0,,,,,,,,0,,4,16.333333333333332,57.0,25.0,0.0,0.0,Mobile,Organic Search,2,0.5,,,0,,,1,0,0.0,0.0,,0.0,0.0,,,,,,,,
103,Female,1975-03-24,Active,Riverside,MT,20369.0,US,2021-11-18 09:29:40,2025-10-11,True,,,,50,1525,102,45-54,Dormant,,0.0,0,0.0,,0,,,,,,,,0,,1,,5.0,,0.0,0.0,Desktop,Paid Search,1,0.0,,,0,,,0,0,,0.0,,,,,,,,,,,
104,Female,1964-08-02,Closed,Franklin,ND,13744.0,US,2021-12-06 04:05:41,2024-02-12,False,,,,61,1507,709,55-64,Dormant,,0.0,0,0.0,,0,,,,,,,,0,,2,8.0,15.0,1.0,0.0,0.0,Desktop,Referral,0,,,,0,,,0,0,,0.0,,,,,,,,,,,
105,Other,1949-01-27,Active,Bristol,WI,49270.0,US,2019-12-15 09:23:26,2025-08-13,True,,,,77,2229,161,65 and over,Dormant,,0.0,0,0.0,,0,,,,,,,,5,4.0,3,30.0,63.0,12.0,0.3333333333333333,0.0,Tablet,Organic Search,1,0.0,,,0,,,1,1,0.0,1747.5,409.0,100.0,0.0,,,,,,,,
106,Female,2003-04-18,Inactive,Fairview,NJ,69345.0,US,2023-12-18 08:18:41,2025-06-14,False,409.0,1.0,1395.85,22,765,221,18-24,Dormant,Lost,5583.4,1,5583.4,1395.85,5,1.25,18.48,4.62,2024-12-08 22:04:17,2024-12-08 22:04:17,,0.0,1,4.0,3,30.666666666666668,83.0,26.0,0.0,0.0,Tablet,Social Media,2,0.5,Credit Card,409.0,0,0.0,11.664360975609755,5,3,0.0,1918.9899999999998,456.25,60.0,0.0,4.0,5.0,3.0,453,Loyal Customers,4.0,High Value,Low Risk
107,Male,1985-10-02,Active,Springfield,MO,25985.0,US,2019-03-02 14:44:50,2025-12-09,True,,,,40,2517,43,35-44,Inactive,,0.0,0,0.0,,0,,,,,,,,0,,2,17.5,29.0,,0.0,0.0,Tablet,Organic Search,4,0.75,,,0,,,1,0,0.0,0.0,808.0,0.0,0.0,,,,,,,,
108,Male,1973-05-17,Active,Bristol,PE,,CA,2024-12-14 01:55:42,2025-09-04,True,,,,52,403,139,45-54,Dormant,,0.0,0,0.0,,0,,,,,,,,1,5.0,2,9.0,18.0,8.0,0.0,0.0,Desktop,Organic Search,3,0.0,,,0,,,1,1,0.0,2267.19,269.0,100.0,0.0,,,,,,,,
109,Female,1984-07-30,Active,Riverside,MB,,CA,2022-12-04 14:35:18,2025-03-23,True,,,,41,1144,304,35-44,Dormant,,0.0,0,0.0,,0,,,,,,,,1,5.0,3,12.0,17.0,7.0,0.0,0.0,Mobile,Direct,0,,,,0,,,1,0,0.0,0.0,1122.0,0.0,0.0,,,,,,,,
110,Female,1969-12-06,Active,Syracuse,NY,91785.0,US,2016-03-28 03:33:42,2025-11-20,True,1883.0,1.0,4160.83,56,3586,62,55-64,Inactive,Lost,4160.83,1,4160.83,4160.83,1,1.0,17.98,17.98,2020-11-25 01:21:26,2020-11-25 01:21:26,,0.0,9,3.888888888888889,3,1.0,14.0,4.0,0.3333333333333333,0.3333333333333333,Mobile,Organic Search,2,0.5,Gift Card,1883.0,0,0.0,8.74289142250531,2,1,0.0,179.81,1884.0,50.0,0.0,1.0,5.0,5.0,155,At Risk,3.6666666666666665,Medium Value,High Risk
111,Male,1992-03-06,Active,Greensboro,NC,96184.0,US,2022-01-05 05:35:47,2025-03-14,True,,,,33,1477,313,25-34,Dormant,,0.0,0,0.0,,0,,,,,,,,2,4.5,4,16.666666666666668,21.0,11.0,0.0,0.0,Desktop,Organic Search,3,0.0,,,0,,,1,1,0.0,182.96,116.0,100.0,0.0,,,,,,,,
112,Female,1965-10-18,Closed,Salem,OR,84588.0,US,2025-04-22 17:32:35,2025-09-16,False,,,,60,274,127,55-64,Dormant,,0.0,0,0.0,,0,,,,,,,,0,,3,25.0,44.0,9.0,0.0,0.3333333333333333,Desktop,Organic Search,0,,,,0,,,0,0,,0.0,,,,,,,,,,,
113,Other,1961-05-19,Active,Salem,AR,68407.0,US,2023-05-21 20:54:38,2025-12-20,True,472.0,1.0,3459.76,64,976,32,55-64,Inactive,Lost,3459.76,1,3459.76,3459.76,1,1.0,535.96,535.96,2024-10-06 23:00:36,2024-10-06 23:00:36,,0.0,2,5.0,2,7.0,20.0,11.0,0.0,0.5,Mobile,Social Media,2,0.0,Credit Card,472.0,0,0.0,7.404086596194503,1,1,0.0,261.02,472.0,100.0,0.0,3.0,5.0,5.0,355,Loyal Customers,4.333333333333333,High Value,Low Risk
114,Female,1999-07-22,Active,Naperville,IL,55157.0,US,2021-05-29 06:35:39,2025-03-31,True,1434.0,1.0,3076.29,26,1698,296,25-34,Dormant,Lost,6152.58,1,6152.58,3076.29,4,2.0,,,2022-02-17 09:53:48,2022-02-17 09:53:48,,0.0,0,,5,25.0,71.0,23.0,0.4,0.0,Desktop,Direct,2,0.0,Credit Card,1434.0,0,0.0,12.73303456445993,2,2,0.0,2068.73,1179.5,100.0,0.0,2.0,5.0,4.0,254,At Risk,3.6666666666666665,Medium Value,High Risk
115,Male,2003-07-12,Active,Clinton,NT,,CA,2023-06-13 08:03:29,2025-01-23,True,440.0,1.0,681.62,22,953,363,18-24,Dormant,Lost,2044.8600000000001,1,2044.8600000000001,681.62,3,1.0,179.22,59.74,2024-11-07 03:33:47,2024-11-07 03:33:47,,0.0,12,4.583333333333333,5,1.0,14.0,5.0,0.2,0.0,Tablet,Social Media,1,0.0,PayPal,440.0,0,0.0,4.580422947845805,1,1,0.0,667.3599999999999,440.0,100.0,0.0,3.0,5.0,2.0,352,Others,3.3333333333333335,Medium Value,Low Risk
116,Male,2001-11-12,Active,Clinton,UT,28102.0,US,2021-11-13 20:43:14,2025-05-26,True,103.0,1.0,2417.13,24,1530,240,18-24,Dormant,At Risk,7251.39,1,7251.39,2417.13,10,3.3333333333333335,1893.72,631.24,2025-10-10 15:55:17,2025-10-10 15:55:17,,0.0,9,4.222222222222222,1,7.0,10.0,3.0,0.0,0.0,Mobile,Social Media,4,0.25,Gift Card,103.0,0,0.0,15.287395384615385,4,4,0.0,2575.5,104.5,100.0,0.0,5.0,5.0,4.0,554,Champions,4.666666666666667,High Value,Low Risk
117,Male,1965-04-01,Inactive,Springfield,WY,89682.0,US,2025-08-28 13:14:47,2025-11-21,False,67.0,1.0,927.13,60,146,61,55-64,Inactive,Uncategorized,927.13,1,927.13,927.13,6,6.0,215.77,215.77,2025-11-15 19:56:17,2025-11-15 19:56:17,,0.0,2,5.0,4,8.666666666666666,46.0,6.0,0.25,0.25,Desktop,Social Media,3,0.0,Apple Pay,67.0,0,0.0,2.842495294117647,1,1,0.0,1078.8600000000001,68.0,100.0,0.0,5.0,5.0,2.0,552,New Customers,4.0,High Value,Low Risk
118,Female,1985-12-15,Active,Worcester,MA,26193.0,US,2016-04-08 05:49:37,2025-01-02,True,,,,40,3575,384,35-44,Dormant,,0.0,0,0.0,,0,,,,,,,,1,3.0,4,22.75,131.0,39.0,0.25,0.25,Desktop,Organic Search,1,0.0,,,0,,,1,1,0.0,390.7,987.0,100.0,0.0,,,,,,,,
119,Male,1981-01-27,Inactive,Toronto,ON,,CA,2018-03-28 20:11:07,2019-09-18,False,,,,45,2856,2317,45-54,Dormant,,0.0,0,0.0,,0,,,,,,,,0,,1,3.0,10.0,6.0,0.0,1.0,Mobile,Organic Search,2,0.0,,,0,,,3,2,0.0,2449.3799999999997,1876.0,66.66666666666666,0.0,,,,,,,,
120,Female,2011-10-02,Inactive,Bristol,OR,78118.0,US,2025-09-24 09:27:38,2025-11-03,False,,,,14,119,79,Under 18,Inactive,,0.0,0,0.0,,0,,,,,,,,1,5.0,6,10.0,78.0,49.0,0.0,0.0,Desktop,Paid Search,0,,,,0,,,0,0,,0.0,,,,,,,,,,,
121,Female,2007-08-30,Blocked,Georgetown,AK,59183.0,US,2020-12-18 16:19:36,2025-01-11,False,,,,18,1860,375,18-24,Dormant,,0.0,0,0.0,,0,,,,,,,,0,,2,,7.0,2.0,0.0,0.0,Desktop,Social Media,0,,,,0,,,0,0,,0.0,,,,,,,,,,,
122,Male,1959-03-04,Active,Chester,CT,98698.0,US,2025-03-30 02:28:32,2025-12-12,True,,,,66,297,40,65 and over,Inactive,,0.0,0,0.0,,0,,,,,,,,3,4.0,4,30.0,95.0,22.0,0.0,0.5,Desktop,Social Media,0,,,,0,,,2,0,0.0,0.0,149.5,0.0,0.0,,,,,,,,
123,Prefer Not To Say,1959-07-29,Active,Springfield,UT,23884.0,US,2021-01-31 11:35:20,2025-08-08,True,,,,66,1816,166,65 and over,Dormant,,0.0,0,0.0,,0,,,,,,,,0,,1,,2.0,1.0,0.0,1.0,Mobile,Direct,2,0.5,,,0,,,1,1,0.0,1925.61,1651.0,100.0,0.0,,,,,,,,
124,Female,1951-03-03,Active,Toledo,OH,62535.0,US,2018-12-10 15:29:54,2025-09-29,True,,,,74,2599,114,65 and over,Dormant,,0.0,0,0.0,,0,,,,,,,,1,4.0,2,9.0,24.0,17.0,0.0,0.0,Desktop,Direct,1,0.0,,,0,,,0,0,,0.0,,,,,,,,,,,
125,Female,2004-11-27,Active,Georgetown,MO,74788.0,US,2024-05-02 15:07:37,2025-02-23,True,359.0,1.0,3503.05,21,629,332,18-24,Dormant,Lost,10509.150000000001,1,10509.150000000001,3503.0500000000006,7,2.3333333333333335,,,2025-01-27 08:00:23,2025-01-27 08:00:23,,0.0,10,3.8,4,13.75,54.0,25.0,0.0,0.25,Desktop,Display Ads,2,0.5,Apple Pay,359.0,0,0.0,21.529411111111113,2,2,0.0,3297.0800000000004,420.5,100.0,0.0,4.0,5.0,5.0,455,Champions,4.666666666666667,High Value,Low Risk
126,Female,1975-04-10,Inactive,Riverside,AL,94985.0,US,2019-11-18 17:13:42,2021-10-29,False,,,,50,2256,1545,45-54,Dormant,,0.0,0,0.0,,0,,,,,,,,0,,4,20.0,42.0,26.0,0.0,0.25,Mobile,Organic Search,2,0.5,,,0,,,0,0,,0.0,,,,,,,,,,,
127,Male,2001-01-12,Active,Chester,NJ,71503.0,US,2015-11-16 21:40:34,2025-03-04,True,356.0,1.0,773.12,25,3719,323,25-34,Dormant,Lost,773.12,1,773.12,773.12,5,5.0,598.09,598.09,2025-01-30 12:37:44,2025-01-30 12:37:44,,0.0,1,5.0,4,4.0,20.0,6.0,0.0,0.25,Mobile,Organic Search,2,0.0,PayPal,356.0,0,0.0,2.058284817927171,1,1,0.0,1271.04,357.0,100.0,0.0,4.0,5.0,2.0,452,New Customers,3.6666666666666665,Medium Value,Low Risk
128,Male,1947-12-08,Active,Clinton,VT,73559.0,US,2024-07-19 08:16:08,2025-02-12,True,63.0,1.0,1609.58,78,551,343,65 and over,Dormant,Uncategorized,4828.74,1,4828.74,1609.58,3,1.0,481.95000000000005,160.65,2025-11-19 16:48:55,2025-11-19 16:48:55,,0.0,1,2.0,2,27.0,40.0,11.0,0.0,0.0,Desktop,Paid Search,1,0.0,Credit Card,63.0,0,0.0,10.68248,3,2,0.0,2279.31,351.6666666666667,66.66666666666666,0.0,5.0,5.0,3.0,553,Loyal Customers,4.333333333333333,High Value,Low Risk
129,Male,1963-12-13,Active,Salem,AL,22805.0,US,2022-05-04 18:25:29,2025-01-14,True,1344.0,1.0,813.36,62,1358,372,55-64,Dormant,Lost,813.36,1,813.36,813.36,2,2.0,393.63,393.63,2022-05-18 17:32:09,2022-05-18 17:32:09,,0.0,5,4.0,2,,7.0,1.0,0.0,0.5,Desktop,Organic Search,0,,Credit Card,1344.0,0,0.0,2.056459776951673,2,1,0.0,1134.99,872.5,50.0,0.0,2.0,5.0,2.0,252,Others,3.0,Medium Value,Low Risk
130,Male,1946-08-21,Active,Riverside,SC,67878.0,US,2019-04-17 12:21:03,2025-08-14,True,,,,79,2471,160,65 and over,Dormant,,0.0,0,0.0,,0,,,,,,,,2,3.0,1,33.0,23.0,19.0,0.0,0.0,Desktop,Paid Search,0,,,,0,,,1,1,0.0,1869.74,631.0,100.0,0.0,,,,,,,,
131,Female,1970-12-15,Closed,Clinton,MO,49173.0,US,2022-08-24 09:25:03,2024-06-02,False,,,,55,1246,598,55-64,Dormant,,0.0,0,0.0,,0,,,,,,,,0,,5,20.0,39.0,18.0,0.0,0.0,Tablet,Direct,0,,,,0,,,0,0,,0.0,,,,,,,,,,,
132,Female,1942-07-06,Blocked,Riverside,IA,14833.0,US,2015-06-01 10:03:21,2024-04-01,False,,,,83,3887,660,65 and over,Dormant,,0.0,0,0.0,,0,,,,,,,,0,,2,7.5,17.0,8.0,0.0,0.0,Mobile,Direct,0,,,,0,,,0,0,,0.0,,,,,,,,,,,
133,Female,1946-09-13,Inactive,Springfield,IN,87736.0,US,2024-01-09 06:27:21,2025-12-03,False,,,,79,743,49,65 and over,Inactive,,0.0,0,0.0,,0,,,,,,,,0,,4,10.5,62.0,44.0,0.25,0.5,Desktop,Organic Search,0,,,,0,,,0,0,,0.0,,,,,,,,,,,
134,Male,2003-02-03,Closed,Clinton,OK,35153.0,US,2016-07-03 19:11:45,2022-02-10,False,,,,22,3489,1441,18-24,Dormant,,0.0,0,0.0,,0,,,,,,,,0,,4,10.0,46.0,40.0,0.25,0.0,Desktop,Paid Search,0,,,,0,,,0,0,,0.0,,,,,,,,,,,
135,Female,2001-10-06,Active,Henderson,NV,38333.0,US,2025-01-27 10:14:49,2025-10-29,True,185.0,1.0,2795.37,24,359,84,18-24,Inactive,Lost,8386.11,1,8386.11,2795.3700000000003,6,2.0,1762.08,587.36,2025-07-20 10:34:18,2025-07-20 10:34:18,,3.0,2,4.5,5,15.666666666666666,68.0,11.0,0.2,0.0,Mobile,Direct,5,0.2,,185.0,0,300.0,17.387273763440863,2,2,0.0,3578.96,258.0,100.0,0.0,5.0,5.0,4.0,554,Champions,4.666666666666667,High Value,Low Risk
136,Female,1998-04-11,Active,Henderson,NV,42483.0,US,2025-09-07 19:57:10,2025-10-13,True,113.0,1.0,205.71,27,136,100,25-34,Dormant,At Risk,205.71,1,205.71,205.71,1,1.0,,,2025-09-30 04:13:23,2025-09-30 04:13:23,,0.0,4,4.25,4,23.0,61.0,42.0,0.0,0.5,Mobile,Organic Search,2,0.5,Gift Card,113.0,0,0.0,1.1622971929824564,2,1,0.0,166.63,84.0,50.0,0.0,5.0,5.0,1.0,551,New Customers,3.6666666666666665,Medium Value,Low Risk
137,Male,1995-12-28,Inactive,Georgetown,UT,16758.0,US,2021-01-30 18:50:13,2025-07-02,False,,,,30,1817,203,25-34,Dormant,,0.0,0,0.0,,0,,,,,,,,2,3.5,5,30.6,130.0,47.0,0.0,0.0,Mobile,Organic Search,4,0.5,,,0,,,4,3,0.0,3109.9,1147.5,75.0,0.0,,,,,,,,
138,Female,1972-09-06,Inactive,Bristol,ME,91389.0,US,2025-01-25 08:32:43,2025-08-29,False,,,,53,361,145,45-54,Dormant,,0.0,0,0.0,,0,,,,,,,,0,,4,7.0,24.0,13.0,0.0,0.0,Desktop,Organic Search,5,0.2,,,0,,,1,0,0.0,0.0,219.0,0.0,0.0,,,,,,,,
139,Female,1943-01-28,Active,Allentown,PA,95951.0,US,2018-04-15 13:43:34,2025-10-19,True,,,,83,2838,94,65 and over,Dormant,,0.0,0,0.0,,0,,,,,,,,1,4.0,5,8.2,34.0,8.0,0.0,0.4,Mobile,Organic Search,0,,,,0,,,1,1,0.0,3052.08,2313.0,100.0,0.0,,,,,,,,
140,Male,1991-07-03,Active,Georgetown,NJ,30454.0,US,2022-12-06 01:42:20,2025-07-01,True,,,,34,1142,204,25-34,Dormant,,0.0,0,0.0,,0,,,,,,,,1,5.0,2,2.0,14.0,7.0,0.0,0.0,Desktop,Social Media,4,0.25,,,0,,,2,1,0.0,1087.8000000000002,495.0,50.0,0.0,,,,,,,,
141,Female,1977-01-26,Active,Houston,TX,77081.0,US,2021-12-04 07:28:22,2025-11-07,True,,,,49,1509,75,45-54,Inactive,,0.0,0,0.0,,0,,,,,,,,1,5.0,7,11.0,68.0,46.0,0.0,0.2857142857142857,Desktop,Social Media,2,0.0,,,0,,,1,1,0.0,2812.8,891.0,100.0,0.0,,,,,,,,
142,Female,1959-09-06,Active,Franklin,WI,36117.0,US,2018-05-27 15:55:33,2025-07-06,True,,,,66,2796,199,65 and over,Dormant,,0.0,0,0.0,,0,,,,,,,,1,3.0,5,12.0,42.0,20.0,0.2,0.6,Mobile,Organic Search,3,0.0,,,0,,,1,0,0.0,0.0,2551.0,0.0,0.0,,,,,,,,
143,Male,1998-11-20,Active,Georgetown,DE,77177.0,US,2017-09-29 00:07:48,2025-08-05,True,,,,27,3036,169,25-34,Dormant,,0.0,0,0.0,,0,,,,,,,,2,5.0,4,33.0,66.0,4.0,0.0,0.0,Desktop,Social Media,1,0.0,,,0,,,1,1,0.0,420.03,1747.0,100.0,0.0,,,,,,,,
144,Male,1949-07-08,Active,Albany,NY,54605.0,US,2021-09-18 05:34:20,2025-07-17,True,,,,76,1586,188,65 and over,Dormant,,0.0,0,0.0,,0,,,,,,,,0,,4,47.0,65.0,34.0,0.25,0.0,Mobile,Direct,4,0.25,,,0,,,0,0,,0.0,,,,,,,,,,,
145,Male,1961-05-14,Inactive,Las Vegas,NV,35736.0,US,2018-06-13 04:13:08,2019-04-30,False,,,,64,2779,2458,55-64,Dormant,,0.0,0,0.0,,0,,,,,,,,0,,2,4.0,18.0,9.0,0.5,0.0,Desktop,Organic Search,3,0.0,,,0,,,1,0,0.0,0.0,976.0,0.0,0.0,,,,,,,,
146,Male,1965-12-04,Blocked,Philadelphia,PA,79315.0,US,2025-08-22 18:22:22,2025-09-12,False,,,,60,152,131,55-64,Dormant,,0.0,0,0.0,,0,,,,,,,,0,,8,12.285714285714286,114.0,47.0,0.125,0.125,Mobile,Direct,0,,,,0,,,0,0,,0.0,,,,,,,,,,,
147,Male,1952-02-17,Active,Clinton,NH,82602.0,US,2020-03-23 03:33:08,2025-04-15,True,,,,73,2130,281,65 and over,Dormant,,0.0,0,0.0,,0,,,,,,,,0,,5,121.33333333333333,71.0,9.0,0.0,0.2,Mobile,Display Ads,0,,,,0,,,2,1,0.0,999.99,360.0,50.0,0.0,,,,,,,,
148,Female,1950-09-25,Active,Savannah,GA,91522.0,US,2016-05-15 08:31:31,2025-08-29,True,,,,75,3538,145,65 and over,Dormant,,0.0,0,0.0,,0,,,,,,,,1,2.0,5,10.5,63.0,28.0,0.4,0.2,Desktop,Email,1,1.0,,,0,,,2,1,0.0,1878.6,2216.5,50.0,0.0,,,,,,,,
149,Female,2000-04-04,Active,Springfield,NS,,CA,2021-03-18 21:34:36,2025-04-29,True,,,,25,1770,267,25-34,Dormant,,0.0,0,0.0,,0,,,,,,,,1,4.0,5,33.25,77.0,41.0,0.0,0.2,Desktop,Email,0,,,,0,,,1,0,0.0,0.0,85.0,0.0,0.0,,,,,,,,
150,Female,1978-12-10,Active,Georgetown,IN,75107.0,US,2021-05-15 16:57:26,2025-08-10,True,799.0,2.0,2281.79,47,1712,164,45-54,Dormant,Lost,6845.370000000001,2,6845.370000000001,1140.8950000000002,19,3.1666666666666665,107.60999999999999,35.87,2023-11-14 07:29:49,2023-11-14 21:29:49,,0.0,20,4.3,3,,11.0,6.0,0.3333333333333333,0.0,Desktop,Paid Search,1,0.0,Credit Card,799.0,1,0.0,14.540740000000001,4,4,0.0,4065.21,848.5,100.0,0.0,3.0,5.0,4.0,354,Loyal Customers,4.0,High Value,Low Risk
151,Female,1989-06-25,Active,Bristol,WV,45118.0,US,2018-07-07 06:26:25,2025-08-19,True,,,,36,2755,155,35-44,Dormant,,0.0,0,0.0,,0,,,,,,,,1,5.0,4,16.5,43.0,21.0,0.0,0.0,Mobile,Organic Search,1,0.0,,,0,,,0,0,,0.0,,,,,,,,,,,
152,Female,1973-08-24,Closed,Madison,ND,75070.0,US,2022-07-14 21:56:05,2023-08-25,False,,,,52,1287,880,45-54,Dormant,,0.0,0,0.0,,0,,,,,,,,0,,1,15.0,13.0,6.0,0.0,0.0,Desktop,Direct,0,,,,0,,,0,0,,0.0,,,,,,,,,,,
153,Female,1951-03-05,Active,Springfield,WV,98027.0,US,2018-07-20 17:27:30,2025-01-10,True,,,,74,2742,376,65 and over,Dormant,,0.0,0,0.0,,0,,,,,,,,0,,4,18.333333333333332,63.0,29.0,0.0,0.0,Mobile,Organic Search,3,0.3333333333333333,,,0,,,2,1,0.0,2740.0,1341.0,50.0,0.0,,,,,,,,
154,Female,1941-04-25,Inactive,Cambridge,MA,72700.0,US,2019-06-30 06:40:19,2023-01-06,False,,,,84,2397,1111,65 and over,Dormant,,0.0,0,0.0,,0,,,,,,,,2,3.5,5,7.6,54.0,31.0,0.2,0.4,Mobile,Direct,3,0.3333333333333333,,,0,,,1,1,0.0,3087.54,1492.0,100.0,0.0,,,,,,,,
155,Male,1964-12-02,Inactive,Clinton,UT,64831.0,US,2018-03-25 23:31:24,2019-09-10,False,,,,61,2859,2325,55-64,Dormant,,0.0,0,0.0,,0,,,,,,,,0,,3,9.333333333333334,56.0,16.0,0.0,0.3333333333333333,Desktop,Social Media,0,,,,0,,,0,0,,0.0,,,,,,,,,,,
156,Male,1970-11-26,Active,Springfield,OK,86085.0,US,2025-06-10 07:30:58,2025-09-26,True,,,,55,225,117,55-64,Dormant,,0.0,0,0.0,,0,,,,,,,,1,5.0,1,1.0,4.0,,0.0,0.0,Mobile,Organic Search,1,1.0,,,0,,,0,0,,0.0,,,,,,,,,,,
157,Male,1952-02-18,Inactive,Fort Worth,TX,37839.0,US,2018-12-02 02:13:55,2022-02-07,False,,,,73,2607,1444,65 and over,Dormant,,0.0,0,0.0,,0,,,,,,,,1,5.0,5,57.333333333333336,112.0,33.0,0.0,0.2,Tablet,Social Media,1,1.0,,,0,,,1,1,0.0,39.31,2471.0,100.0,0.0,,,,,,,,
158,Male,2000-03-17,Active,Fairview,NS,,CA,2020-05-19 14:40:17,2025-02-24,True,,,,25,2073,331,25-34,Dormant,,0.0,0,0.0,,0,,,,,,,,2,3.0,1,13.0,24.0,1.0,0.0,0.0,Tablet,Direct,0,,,,0,,,0,0,,0.0,,,,,,,,,,,
159,Female,1968-11-10,Active,Reno,NV,90460.0,US,2025-02-18 21:38:08,2025-06-25,True,,,,57,337,210,55-64,Dormant,,0.0,0,0.0,,0,,,,,,,,4,4.25,2,10.5,40.0,11.0,0.0,0.0,Mobile,Email,2,0.0,,,0,,,1,1,0.0,0.0,,100.0,0.0,,,,,,,,
160,Male,1992-01-15,Active,Lowell,MA,69637.0,US,2024-02-12 08:22:16,2025-02-28,True,,,,34,709,327,25-34,Dormant,,0.0,0,0.0,,0,,,,,,,,0,,2,,3.0,1.0,0.0,0.0,Tablet,Organic Search,0,,,,0,,,0,0,,0.0,,,,,,,,,,,
161,Male,1973-05-27,Blocked,Clinton,TN,67119.0,US,2022-09-29 21:44:43,2024-12-16,False,,,,52,1210,401,45-54,Dormant,,0.0,0,0.0,,0,,,,,,,,0,,2,16.5,36.0,20.0,0.0,0.0,Desktop,Organic Search,0,,,,0,,,0,0,,0.0,,,,,,,,,,,
162,Male,2005-01-05,Active,Reading,PA,98954.0,US,2022-11-05 13:54:31,2025-03-04,True,,,,21,1173,323,18-24,Dormant,,0.0,0,0.0,,0,,,,,,,,18,4.111111111111111,5,12.75,68.0,34.0,0.2,0.0,Desktop,Paid Search,2,0.5,,,0,,,4,4,0.0,7195.000000000001,241.25,100.0,0.0,,,,,,,,
163,Female,1960-10-01,Active,Franklin,NM,91506.0,US,2021-08-04 21:21:58,2025-02-20,True,,,,65,1631,335,65 and over,Dormant,,0.0,0,0.0,,0,,,,,,,,1,3.0,4,9.0,30.0,3.0,0.0,0.0,Mobile,Organic Search,1,0.0,,,0,,,1,1,0.0,767.5699999999999,1197.0,100.0,0.0,,,,,,,,
164,Female,1986-03-17,Active,Macon,GA,89205.0,US,2015-05-11 02:21:27,2025-10-27,True,,,,39,3908,86,35-44,Inactive,,0.0,0,0.0,,0,,,,,,,,0,,4,50.5,48.0,29.0,0.0,0.0,Mobile,Organic Search,2,0.0,,,0,,,0,0,,0.0,,,,,,,,,,,
165,Female,1978-02-16,Active,Cambridge,MA,31538.0,US,2025-04-18 13:57:29,2025-04-26,True,,,,47,278,270,45-54,Dormant,,0.0,0,0.0,,0,,,,,,,,0,,4,22.0,35.0,14.0,0.25,0.5,Desktop,Organic Search,2,0.5,,,0,,,0,0,,0.0,,,,,,,,,,,
166,Female,1943-02-21,Inactive,Chester,KY,56461.0,US,2015-04-25 17:37:16,2018-01-08,False,,,,82,3924,2935,65 and over,Dormant,,0.0,0,0.0,,0,,,,,,,,2,4.0,2,20.5,47.0,38.0,0.0,0.0,Desktop,Social Media,2,0.5,,,0,,,1,1,0.0,0.0,,100.0,0.0,,,,,,,,
167,Female,1950-06-25,Active,Salem,ND,87101.0,US,2018-09-04 16:37:12,2025-06-24,True,1287.0,1.0,1872.61,75,2696,211,65 and over,Dormant,Lost,3745.22,1,3745.22,1872.61,4,2.0,407.96,203.98,2022-07-14 00:39:04,2022-07-14 00:39:04,,0.0,3,5.0,4,18.333333333333332,34.0,12.0,0.0,0.0,Mobile,Direct,1,1.0,Credit Card,1287.0,0,0.0,7.921495900621117,1,1,0.0,1965.8400000000001,1289.0,100.0,0.0,2.0,5.0,3.0,253,At Risk,3.3333333333333335,Medium Value,High Risk
168,Female,1955-02-10,Active,Bristol,ME,13667.0,US,2025-08-02 17:23:58,2025-11-25,True,,,,70,172,57,65 and over,Inactive,,0.0,0,0.0,,0,,,,,,,,1,3.0,2,106.5,36.0,4.0,0.0,0.0,Desktop,Paid Search,3,0.0,,,0,,,0,0,,0.0,,,,,,,,,,,
169,Female,1948-09-05,Active,Fairview,VA,68226.0,US,2017-02-27 19:34:36,2025-11-28,True,1057.0,1.0,1285.72,77,3250,54,65 and over,Inactive,Lost,3857.16,1,3857.16,1285.72,8,2.6666666666666665,,,2023-03-01 20:31:29,2023-03-01 20:31:29,,3.0,0,,4,12.666666666666666,51.0,3.0,0.0,0.0,Desktop,Organic Search,0,,PayPal,1057.0,0,300.0,8.15212718336484,2,1,0.0,1186.42,1059.0,50.0,0.0,2.0,5.0,3.0,253,At Risk,3.3333333333333335,Medium Value,High Risk
170,Male,1974-09-23,Pending,,,,,2025-07-23 03:03:12,1900-01-01,False,,,,51,182,46041,45-54,Dormant,,0.0,0,0.0,,0,,,,,,,,0,,0,,,,,,,,0,,,,0,,,0,0,,0.0,,,,,,,,,,,
171,Male,1962-01-04,Active,Savannah,GA,80836.0,US,2025-03-31 00:17:35,2025-11-03,True,,,,64,296,79,55-64,Inactive,,0.0,0,0.0,,0,,,,,,,,1,4.0,2,7.0,34.0,11.0,0.0,0.5,Tablet,Direct,4,0.75,,,0,,,1,0,0.0,0.0,115.0,0.0,0.0,,,,,,,,
172,Female,1955-07-10,Active,Georgetown,NS,,CA,2023-04-16 17:36:04,2025-07-24,True,,,,70,1011,181,65 and over,Dormant,,0.0,0,0.0,,0,,,,,,,,3,4.333333333333333,2,11.0,14.0,,0.0,0.0,Tablet,Referral,2,0.5,,,0,,,1,1,0.0,399.62,947.0,100.0,0.0,,,,,,,,
173,Male,1980-12-03,Active,Springfield,MS,46799.0,US,2015-02-08 07:47:01,2025-08-04,True,,,,45,4000,170,45-54,Dormant,,0.0,0,0.0,,0,,,,,,,,1,4.0,4,21.666666666666668,81.0,27.0,0.0,0.25,Mobile,Organic Search,3,0.0,,,0,,,1,1,0.0,1266.03,1478.0,100.0,0.0,,,,,,,,
174,Female,1964-05-01,Inactive,Lethbridge,AB,,CA,2025-06-20 18:54:14,2025-11-01,False,,,,61,215,81,55-64,Inactive,,0.0,0,0.0,,0,,,,,,,,0,,5,5.0,22.0,10.0,0.2,0.0,Mobile,Organic Search,3,0.0,,,0,,,1,1,0.0,2787.54,118.0,100.0,0.0,,,,,,,,
175,Male,1974-11-24,Active,Salem,MO,22560.0,US,2018-07-07 22:04:50,2025-10-21,True,2219.0,1.0,1134.98,51,2755,92,45-54,Dormant,Lost,3404.94,1,3404.94,1134.98,5,1.6666666666666667,,,2019-12-25 06:24:21,2019-12-25 06:24:21,,0.0,2,3.5,5,20.5,38.0,13.0,0.0,0.4,Tablet,Social Media,1,1.0,Credit Card,2219.0,0,0.0,7.227898018018018,1,1,0.0,1034.94,2221.0,100.0,0.0,1.0,5.0,2.0,152,Hibernating,2.6666666666666665,Low Value,High Risk
176,Male,1952-06-29,Inactive,Fairview,MD,54944.0,US,2018-06-30 18:27:32,2025-10-21,False,,,,73,2762,92,65 and over,Dormant,,0.0,0,0.0,,0,,,,,,,,2,4.0,2,1.0,8.0,4.0,0.0,0.0,Tablet,Direct,3,0.0,,,0,,,1,0,0.0,0.0,1176.0,0.0,0.0,,,,,,,,
177,Female,1996-04-24,Active,Quebec City,QC,,CA,2018-05-12 13:21:10,2025-11-02,True,,,,29,2811,80,25-34,Inactive,,0.0,0,0.0,,0,,,,,,,,0,,5,9.2,65.0,42.0,0.0,0.0,Desktop,Email,1,0.0,,,0,,,0,0,,0.0,,,,,,,,,,,
178,Female,1963-02-08,Active,Franklin,MS,79065.0,US,2017-01-01 06:01:11,2025-08-12,True,,,,62,3307,162,55-64,Dormant,,0.0,0,0.0,,0,,,,,,,,3,4.333333333333333,4,12.333333333333334,53.0,20.0,0.0,0.25,Wearable,Direct,2,0.0,,,0,,,0,0,,0.0,,,,,,,,,,,
179,Male,1952-05-20,Active,Bristol,MS,78012.0,US,2024-07-19 16:37:56,2025-04-18,True,,,,73,551,278,65 and over,Dormant,,0.0,0,0.0,,0,,,,,,,,1,5.0,5,8.0,26.0,7.0,0.0,0.2,Mobile,Email,5,0.0,,,0,,,0,0,,0.0,,,,,,,,,,,
180,Female,1982-10-12,Active,Aurora,CO,75767.0,US,2020-09-29 19:21:27,2025-05-09,True,868.0,1.0,431.66,43,1940,257,35-44,Dormant,Lost,863.32,1,863.32,431.66,3,1.5,75.46,37.73,2023-09-06 14:41:57,2023-09-06 14:41:57,,0.0,10,3.5,2,9.0,10.0,1.0,0.0,0.0,Smart TV,Organic Search,2,0.0,Credit Card,868.0,0,0.0,2.172669919447641,2,1,0.0,416.61,876.5,50.0,0.0,2.0,5.0,1.0,251,Others,2.6666666666666665,Low Value,Low Risk
181,Female,1948-09-28,Active,Austin,TX,54541.0,US,2018-07-06 06:27:49,2025-01-01,True,1945.0,1.0,213.89,77,2756,385,65 and over,Dormant,Lost,213.89,1,213.89,213.89,1,1.0,5.59,5.59,2020-09-24 05:41:13,2020-09-24 05:41:13,,0.0,1,5.0,4,5.666666666666667,52.0,18.0,0.0,0.25,Desktop,Direct,0,,Credit Card,1945.0,0,0.0,0.8483349845837617,1,1,0.0,147.53,1946.0,100.0,0.0,1.0,5.0,1.0,151,Others,2.3333333333333335,Low Value,Low Risk
182,Male,1966-07-03,Closed,Bristol,NE,19012.0,US,2017-04-23 07:18:42,2023-03-10,False,,,,59,3195,1048,55-64,Dormant,,0.0,0,0.0,,0,,,,,,,,0,,3,25.0,34.0,6.0,0.0,0.0,Mobile,Social Media,0,,,,0,,,0,0,,0.0,,,,,,,,,,,
183,Male,1963-03-09,Active,Fairview,MT,32954.0,US,2020-11-23 10:58:36,2025-04-18,True,,,,62,1885,278,55-64,Dormant,,0.0,0,0.0,,0,,,,,,,,0,,4,26.333333333333332,95.0,24.0,0.5,0.0,Tablet,Paid Search,2,0.0,,,0,,,4,1,0.0,1419.88,560.6666666666666,25.0,0.0,,,,,,,,
184,Other,1990-08-20,Active,Salem,NJ,55043.0,US,2016-05-11 11:04:48,2025-11-02,True,,,,35,3542,80,35-44,Inactive,,0.0,0,0.0,,0,,,,,,,,0,,0,,,,,,,,4,0.0,,,0,,,1,1,0.0,1561.0099999999998,139.0,100.0,0.0,,,,,,,,
185,Male,1976-02-08,Active,Chester,SD,94018.0,US,2016-11-20 02:42:48,2025-12-19,True,449.0,1.0,2605.78,49,3349,33,45-54,Inactive,Lost,7817.34,1,7817.34,2605.78,6,2.0,275.07,91.69,2024-10-29 07:10:52,2024-10-29 07:10:52,,0.0,14,4.142857142857143,6,14.0,51.0,17.0,0.0,0.0,Tablet,Organic Search,2,0.5,Cash on Delivery,449.0,0,0.0,16.12356888888889,3,2,0.0,5553.740000000001,1067.6666666666667,66.66666666666666,0.0,3.0,5.0,4.0,354,Loyal Customers,4.0,High Value,Low Risk
186,Female,1979-06-05,Closed,Springfield,MS,18825.0,US,2016-05-09 07:13:06,2020-05-08,False,,,,46,3544,2084,45-54,Dormant,,0.0,0,0.0,,0,,,,,,,,0,,4,17.0,29.0,10.0,0.0,0.0,Mobile,Social Media,0,,,,0,,,0,0,,0.0,,,,,,,,,,,
187,Other,1980-11-06,Active,Chester,IN,17087.0,US,2023-04-16 10:08:17,2025-07-16,True,664.0,1.0,1248.83,45,1011,189,45-54,Dormant,Lost,4995.32,1,4995.32,1248.83,8,2.0,75.56,18.89,2024-03-28 14:33:36,2024-03-28 14:33:36,,0.0,12,4.25,3,41.0,21.0,9.0,0.0,0.3333333333333333,Desktop,Social Media,2,0.5,Credit Card,664.0,0,0.0,10.45079037593985,3,3,0.0,2623.33,421.0,100.0,0.0,3.0,5.0,3.0,353,Loyal Customers,3.6666666666666665,Medium Value,Low Risk
188,Prefer Not To Say,2011-02-18,Active,Madison,YT,,CA,2025-06-21 02:23:25,2025-09-19,True,,,,14,214,124,Under 18,Dormant,,0.0,0,0.0,,0,,,,,,,,0,,7,58.0,101.0,52.0,0.0,0.2857142857142857,Smart TV,Social Media,1,0.0,,,0,,,1,1,0.0,1068.1599999999999,168.0,100.0,0.0,,,,,,,,
189,Female,1995-05-10,Active,Ottawa,ON,,CA,2020-02-09 21:09:16,2025-08-21,True,,,,30,2173,153,25-34,Dormant,,0.0,0,0.0,,0,,,,,,,,0,,10,18.833333333333332,131.0,48.0,0.0,0.2,Mobile,Organic Search,0,,,,0,,,1,1,0.0,473.1,954.0,100.0,0.0,,,,,,,,
190,Other,1960-02-10,Active,Victoria,BC,,CA,2017-01-30 06:03:47,2025-09-22,True,,,,65,3278,121,65 and over,Dormant,,0.0,0,0.0,,0,,,,,,,,0,,6,19.8,96.0,41.0,0.16666666666666666,0.16666666666666666,Mobile,Direct,0,,,,0,,,0,0,,0.0,,,,,,,,,,,
191,Other,1995-04-06,Active,Georgetown,AR,53287.0,US,2019-10-26 10:23:43,2025-07-02,True,,,,30,2279,203,25-34,Dormant,,0.0,0,0.0,,0,,,,,,,,3,5.0,4,11.0,23.0,7.0,0.0,0.5,Mobile,Paid Search,1,0.0,,,0,,,2,2,0.0,403.72,484.0,100.0,0.0,,,,,,,,
192,Male,1983-10-03,Closed,Chester,YT,,CA,2022-05-20 22:57:06,2024-07-17,False,,,,42,1342,553,35-44,Dormant,,0.0,0,0.0,,0,,,,,,,,0,,3,25.0,77.0,28.0,0.0,0.3333333333333333,Desktop,Organic Search,0,,,,0,,,0,0,,0.0,,,,,,,,,,,
193,Prefer Not To Say,1953-03-21,Inactive,Salem,SK,,CA,2025-05-07 17:40:46,2025-09-09,False,,,,72,259,134,65 and over,Dormant,,0.0,0,0.0,,0,,,,,,,,1,5.0,2,14.0,26.0,20.0,0.0,0.5,Tablet,Paid Search,3,0.0,,,0,,,1,1,0.0,1061.06,152.0,100.0,0.0,,,,,,,,
194,Female,2004-06-04,Inactive,Clinton,VA,39500.0,US,2023-11-07 15:40:53,2024-06-15,False,398.0,1.0,3357.81,21,806,585,18-24,Dormant,Lost,6715.62,1,6715.62,3357.81,4,2.0,25.4,12.7,2024-12-19 17:22:54,2024-12-19 17:22:54,,0.0,0,,6,19.75,93.0,35.0,0.16666666666666666,0.0,Mobile,Social Media,2,0.5,PayPal,398.0,0,0.0,13.931490626566415,3,2,0.0,4202.91,354.6666666666667,66.66666666666666,0.0,4.0,5.0,5.0,455,Champions,4.666666666666667,High Value,Low Risk
195,Male,1993-02-09,Active,Springfield,WV,57477.0,US,2024-09-16 01:54:59,2024-12-26,True,,,,32,492,391,25-34,Dormant,,0.0,0,0.0,,0,,,,,,,,1,4.0,4,85.0,37.0,6.0,0.0,0.25,Mobile,Organic Search,4,0.5,,,0,,,0,0,,0.0,,,,,,,,,,,
196,Male,1968-03-12,Active,Riverside,DE,20831.0,US,2022-09-18 19:11:41,2025-06-16,True,,,,57,1221,219,55-64,Dormant,,0.0,0,0.0,,0,,,,,,,,2,4.0,4,13.5,36.0,20.0,0.0,0.0,Mobile,Paid Search,3,0.3333333333333333,,,0,,,3,1,0.0,3571.5200000000004,294.3333333333333,33.33333333333333,0.0,,,,,,,,
197,Male,1989-04-06,Closed,Clinton,WI,96321.0,US,2017-01-27 12:52:44,2017-04-18,False,,,,36,3281,3200,35-44,Dormant,,0.0,0,0.0,,0,,,,,,,,0,,3,5.333333333333333,45.0,7.0,0.0,0.0,Mobile,Social Media,0,,,,0,,,0,0,,0.0,,,,,,,,,,,
198,Female,1995-06-04,Active,Madison,MN,26841.0,US,2021-01-13 16:13:44,2025-11-05,True,,,,30,1834,77,25-34,Inactive,,0.0,0,0.0,,0,,,,,,,,2,3.5,3,3.0,20.0,13.0,0.0,0.0,Mobile,Organic Search,2,0.5,,,0,,,0,0,,0.0,,,,,,,,,,,
199,Female,1986-12-03,Active,Aurora,CO,53714.0,US,2021-10-13 05:26:52,2025-10-07,True,329.0,1.0,721.16,39,1561,106,35-44,Dormant,Lost,1442.32,1,1442.32,721.16,5,2.5,187.32,93.66,2025-02-26 10:20:03,2025-02-26 10:20:03,,0.0,0,,2,5.0,23.0,12.0,0.0,0.0,Desktop,Social Media,2,0.0,Credit Card,329.0,0,0.0,3.405852121212121,2,2,0.0,1770.2800000000002,925.5,100.0,0.0,4.0,5.0,2.0,452,New Customers,3.6666666666666665,Medium Value,Low Risk
200,Female,2008-06-29,Active,Springfield,KY,77314.0,US,2023-09-01 05:22:51,2025-01-11,True,,,,17,873,375,Under 18,Dormant,,0.0,0,0.0,,0,,,,,,,,29,3.689655172413793,1,,3.0,,0.0,0.0,Desktop,Social Media,1,1.0,,,0,,,1,1,0.0,2770.3999999999996,572.0,100.0,0.0,,,,,,,,
201,Female,1990-10-03,Active,Chester,UT,26343.0,US,2025-06-04 15:51:55,2025-12-23,True,,,,35,231,29,35-44,Active,,0.0,0,0.0,,0,,,,,,,,3,4.0,1,,3.0,1.0,0.0,1.0,Mobile,Display Ads,3,0.0,,,0,,,2,2,0.0,833.04,47.0,100.0,0.0,,,,,,,,
202,Male,1992-01-27,Active,Riverside,MN,10675.0,US,2019-06-01 06:59:19,2025-01-29,True,,,,34,2426,357,25-34,Dormant,,0.0,0,0.0,,0,,,,,,,,0,,8,27.625,83.0,17.0,0.125,0.125,Desktop,Direct,1,0.0,,,0,,,1,0,0.0,0.0,623.0,0.0,0.0,,,,,,,,
203,Male,1957-05-20,Active,Georgetown,NE,14142.0,US,2021-01-06 08:06:28,2025-01-22,True,,,,68,1841,364,65 and over,Dormant,,0.0,0,0.0,,0,,,,,,,,0,,14,17.333333333333332,198.0,71.0,0.14285714285714285,0.14285714285714285,Desktop,Social Media,3,0.0,,,0,,,4,3,0.0,5358.3099999999995,1330.0,75.0,0.0,,,,,,,,
204,Male,2002-06-11,Active,Riverside,LA,44541.0,US,2018-01-31 01:43:53,2025-07-02,True,434.0,3.0,3957.12,23,2912,203,18-24,Dormant,Lost,7125.299999999999,3,7125.299999999999,1425.06,12,2.4,890.84,222.71,2018-06-13 16:16:51,2024-11-13 11:36:43,1172.5,0.0,24,3.875,4,25.5,85.0,17.0,0.25,0.0,Mobile,Paid Search,6,0.3333333333333333,Apple Pay,434.0,1,0.0,15.542554022988506,4,3,0.0,2378.61,1855.0,75.0,0.0,4.0,5.0,5.0,455,Champions,4.666666666666667,High Value,Low Risk
205,Female,1973-08-28,Active,Henderson,NV,43064.0,US,2018-02-23 11:45:26,2025-08-20,True,,,,52,2889,154,45-54,Dormant,,0.0,0,0.0,,0,,,,,,,,1,2.0,5,8.5,28.0,15.0,0.0,0.0,Tablet,Display Ads,0,,,,0,,,1,0,0.0,0.0,2136.0,0.0,0.0,,,,,,,,
206,Female,1958-03-28,Active,Franklin,AK,88532.0,US,2019-09-09 17:45:16,2025-03-14,True,473.0,1.0,3390.17,67,2326,313,65 and over,Dormant,Lost,13560.68,1,13560.68,3390.17,8,2.0,,,2024-10-05 08:48:26,2024-10-05 08:48:26,,0.0,14,3.9285714285714284,9,12.833333333333334,120.0,50.0,0.1111111111111111,0.2222222222222222,Tablet,Direct,5,0.0,Credit Card,473.0,0,0.0,27.60574818565401,2,2,0.0,4329.7,885.0,100.0,0.0,3.0,5.0,5.0,355,Loyal Customers,4.333333333333333,High Value,Low Risk
207,Male,1941-05-12,Active,Riverside,OK,32427.0,US,2016-10-17 18:13:37,2025-01-02,True,,,,84,3383,384,65 and over,Dormant,,0.0,0,0.0,,0,,,,,,,,1,5.0,4,31.0,28.0,10.0,0.0,0.25,Mobile,Direct,0,,,,0,,,0,0,,0.0,,,,,,,,,,,
208,Male,1964-01-03,Closed,Fairview,IN,92549.0,US,2025-11-23 00:34:42,2025-11-24,False,,,,62,59,58,55-64,Inactive,,0.0,0,0.0,,0,,,,,,,,0,,3,47.0,52.0,12.0,0.0,0.0,Tablet,Direct,0,,,,0,,,0,0,,0.0,,,,,,,,,,,
209,Female,1947-04-09,Inactive,Riverside,RI,59528.0,US,2016-08-10 02:27:15,2021-09-16,False,2470.0,1.0,1036.63,78,3451,1588,65 and over,Dormant,Lost,3109.8900000000003,1,3109.8900000000003,1036.63,8,2.6666666666666665,,,2019-04-18 15:31:56,2019-04-18 15:31:56,,0.0,11,4.454545454545454,4,17.0,47.0,6.0,0.0,0.25,Mobile,Email,1,0.0,PayPal,2470.0,0,0.0,6.635967778227439,2,2,0.0,1143.08,2471.0,100.0,0.0,1.0,5.0,2.0,152,Hibernating,2.6666666666666665,Low Value,High Risk
210,Female,1955-09-04,Pending,,,,,2018-06-13 10:30:09,1900-01-01,False,,,,70,2779,46041,65 and over,Dormant,,0.0,0,0.0,,0,,,,,,,,0,,0,,,,,,,,0,,,,0,,,0,0,,0.0,,,,,,,,,,,
211,Female,1961-03-01,Active,Riverside,NB,,CA,2015-04-09 07:27:24,2025-10-10,True,,,,64,3940,103,55-64,Dormant,,0.0,0,0.0,,0,,,,,,,,2,4.5,2,,6.0,1.0,0.0,0.0,Wearable,Organic Search,0,,,,0,,,3,3,0.0,1299.33,1628.6666666666667,100.0,0.0,,,,,,,,
212,Female,1976-01-31,Active,North Las Vegas,NV,64256.0,US,2020-01-04 23:50:50,2025-04-25,True,,,,50,2209,271,45-54,Dormant,,0.0,0,0.0,,0,,,,,,,,1,4.0,5,2.0,17.0,3.0,0.0,0.2,Desktop,Organic Search,1,0.0,,,0,,,3,2,0.0,3054.24,1044.3333333333333,66.66666666666666,0.0,,,,,,,,
213,Male,1942-07-31,Active,Clinton,NE,37621.0,US,2019-01-24 17:30:08,2025-10-29,True,,,,83,2554,84,65 and over,Inactive,,0.0,0,0.0,,0,,,,,,,,0,,4,8.666666666666666,39.0,20.0,0.0,0.5,Mobile,Organic Search,1,0.0,,,0,,,0,0,,0.0,,,,,,,,,,,
214,Male,1978-05-28,Active,Springfield,NH,47587.0,US,2016-09-05 05:30:47,2025-10-15,True,,,,47,3425,98,45-54,Dormant,,0.0,0,0.0,,0,,,,,,,,0,,2,30.0,54.0,11.0,0.0,0.0,Tablet,Organic Search,3,0.3333333333333333,,,0,,,0,0,,0.0,,,,,,,,,,,
215,Female,1999-08-06,Active,Franklin,ME,80984.0,US,2022-03-14 12:52:24,2025-10-01,True,,,,26,1409,112,25-34,Dormant,,0.0,0,0.0,,0,,,,,,,,1,3.0,4,27.0,89.0,32.0,0.0,0.5,Desktop,Direct,0,,,,0,,,0,0,,0.0,,,,,,,,,,,
216,Prefer Not To Say,1976-10-04,Inactive,Toronto,ON,,CA,2020-08-10 06:20:48,2022-10-20,False,,,,49,1990,1189,45-54,Dormant,,0.0,0,0.0,,0,,,,,,,,2,4.5,5,24.333333333333332,55.0,16.0,0.0,0.0,Mobile,Organic Search,1,0.0,,,0,,,1,0,0.0,0.0,602.0,0.0,0.0,,,,,,,,
217,Male,1979-09-12,Active,Fort Collins,CO,22335.0,US,2015-06-13 22:49:43,2025-06-10,True,,,,46,3875,225,45-54,Dormant,,0.0,0,0.0,,0,,,,,,,,0,,9,45.0,161.0,30.0,0.0,0.0,Mobile,Email,2,0.0,,,0,,,1,1,0.0,401.28,1854.0,100.0,0.0,,,,,,,,
218,Prefer Not To Say,1966-10-03,Active,Montreal,QC,,CA,2019-07-01 13:54:39,2025-01-10,True,,,,59,2396,376,55-64,Dormant,,0.0,0,0.0,,0,,,,,,,,2,4.5,6,20.4,73.0,31.0,0.0,0.0,Mobile,Paid Search,2,0.0,,,0,,,0,0,,0.0,,,,,,,,,,,
219,Male,1971-10-05,Active,Georgetown,AR,66375.0,US,2021-10-11 15:13:44,2025-04-25,True,,,,54,1563,271,45-54,Dormant,,0.0,0,0.0,,0,,,,,,,,1,5.0,6,5.75,58.0,12.0,0.16666666666666666,0.3333333333333333,Desktop,Paid Search,2,0.0,,,0,,,4,4,0.0,2518.71,991.5,100.0,0.0,,,,,,,,
220,Male,1985-11-05,Active,Clinton,IN,65073.0,US,2024-09-10 10:07:50,2025-01-13,True,,,,40,498,373,35-44,Dormant,,0.0,0,0.0,,0,,,,,,,,0,,4,2.5,29.0,23.0,0.0,0.0,Desktop,Referral,0,,,,0,,,0,0,,0.0,,,,,,,,,,,
221,Male,1979-03-31,Active,Fairview,ME,23005.0,US,2020-11-12 10:07:59,2025-09-26,True,,,,46,1896,117,45-54,Dormant,,0.0,0,0.0,,0,,,,,,,,2,3.5,6,11.2,63.0,24.0,0.0,0.16666666666666666,Tablet,Organic Search,3,0.0,,,0,,,0,0,,0.0,,,,,,,,,,,
222,Other,1966-06-26,Inactive,Savannah,GA,78021.0,US,2018-01-01 21:16:19,2022-08-27,False,,,,59,2942,1243,55-64,Dormant,,0.0,0,0.0,,0,,,,,,,,1,5.0,2,25.5,43.0,31.0,0.5,0.0,Tablet,Paid Search,1,0.0,,,0,,,2,1,0.0,616.55,2047.5,50.0,0.0,,,,,,,,
223,Female,1952-05-16,Active,Fairview,AK,81260.0,US,2020-08-27 03:40:36,2025-06-08,True,297.0,3.0,2460.16,73,1973,227,65 and over,Dormant,Lost,5866.5599999999995,3,5866.5599999999995,838.0799999999999,16,2.2857142857142856,664.5799999999999,132.916,2021-08-21 03:10:34,2025-03-30 04:26:52,658.5,0.0,17,4.470588235294118,3,,11.0,4.0,0.0,0.0,Mobile,Direct,6,0.5,PayPal,297.0,1,0.0,13.067348187919464,4,4,0.0,3539.0700000000006,955.75,100.0,0.0,4.0,5.0,4.0,454,Champions,4.333333333333333,High Value,Low Risk
224,Male,1969-03-04,Active,Chester,HI,43357.0,US,2022-02-08 14:51:10,2025-09-23,True,1040.0,1.0,3045.51,56,1443,120,55-64,Dormant,Lost,6091.02,1,6091.02,3045.51,5,2.5,384.8,192.4,2023-03-18 22:25:30,2023-03-18 22:25:30,,0.0,2,3.0,6,5.333333333333333,49.0,15.0,0.0,0.0,Desktop,Direct,3,0.0,,1040.0,0,0.0,12.620464591738715,2,2,0.0,5200.15,724.0,100.0,0.0,2.0,5.0,4.0,254,At Risk,3.6666666666666665,Medium Value,High Risk
225,Male,1968-12-29,Inactive,Salem,RI,66270.0,US,2016-11-09 06:46:31,2021-09-19,False,,,,57,3360,1585,55-64,Dormant,,0.0,0,0.0,,0,,,,,,,,2,5.0,4,11.0,37.0,22.0,0.0,0.5,Desktop,Organic Search,1,0.0,,,0,,,2,0,0.0,0.0,3173.5,0.0,0.0,,,,,,,,
226,Female,1960-05-06,Active,Clinton,RI,79109.0,US,2022-05-14 11:23:09,2025-07-17,True,,,,65,1348,188,65 and over,Dormant,,0.0,0,0.0,,0,,,,,,,,1,5.0,5,7.333333333333333,38.0,19.0,0.4,0.0,Desktop,Paid Search,1,0.0,,,0,,,1,0,0.0,0.0,,0.0,0.0,,,,,,,,
227,Male,1985-05-05,Active,Cambridge,MA,39667.0,US,2021-11-13 01:25:19,2025-01-02,True,,,,40,1530,384,35-44,Dormant,,0.0,0,0.0,,0,,,,,,,,2,4.5,4,5.0,13.0,5.0,0.25,0.0,Mobile,Organic Search,3,0.0,,,0,,,1,1,0.0,1525.58,1204.0,100.0,0.0,,,,,,,,
228,Female,1984-05-06,Closed,Clinton,AL,71361.0,US,2017-07-14 02:16:49,2020-11-09,False,,,,41,3113,1899,35-44,Dormant,,0.0,0,0.0,,0,,,,,,,,0,,6,11.0,67.0,32.0,0.0,0.3333333333333333,Mobile,Organic Search,0,,,,0,,,0,0,,0.0,,,,,,,,,,,
229,Female,1983-10-07,Active,Salem,AR,65389.0,US,2022-06-04 16:28:22,2025-08-11,True,,,,42,1327,163,35-44,Dormant,,0.0,0,0.0,,0,,,,,,,,1,4.0,5,25.6,121.0,54.0,0.0,0.0,Mobile,Direct,2,0.5,,,0,,,3,3,0.0,4749.35,309.5,100.0,0.0,,,,,,,,
230,Male,1996-09-06,Active,Seattle,WA,22352.0,US,2022-11-05 22:25:25,2025-06-07,True,,,,29,1173,228,25-34,Dormant,,0.0,0,0.0,,0,,,,,,,,2,4.5,5,14.4,101.0,22.0,0.0,0.2,Mobile,Direct,1,0.0,,,0,,,3,2,0.0,3853.98,632.3333333333334,66.66666666666666,0.0,,,,,,,,
231,Male,1970-12-24,Active,Salem,OR,57109.0,US,2024-12-30 16:49:42,2025-02-23,True,,,,55,387,332,55-64,Dormant,,0.0,0,0.0,,0,,,,,,,,1,4.0,4,26.75,125.0,31.0,0.25,0.25,Desktop,Paid Search,1,0.0,,,0,,,0,0,,0.0,,,,,,,,,,,
232,Male,1972-08-22,Active,Spokane,WA,66629.0,US,2022-05-28 00:03:16,2025-10-15,True,,,,53,1334,98,45-54,Dormant,,0.0,0,0.0,,0,,,,,,,,0,,4,9.0,42.0,28.0,0.0,0.25,Desktop,Email,5,0.2,,,0,,,2,2,0.0,1536.6399999999999,1160.0,100.0,0.0,,,,,,,,
233,Female,1978-05-22,Active,Greensboro,NC,71391.0,US,2021-03-20 06:19:19,2025-11-11,True,,,,47,1768,71,45-54,Inactive,,0.0,0,0.0,,0,,,,,,,,0,,2,26.5,32.0,10.0,0.5,0.0,Desktop,Display Ads,3,0.0,,,0,,,0,0,,0.0,,,,,,,,,,,
234,Male,1977-03-10,Blocked,Georgetown,VT,17977.0,US,2022-07-07 00:29:51,2025-06-01,False,,,,48,1294,234,45-54,Dormant,,0.0,0,0.0,,0,,,,,,,,0,,6,8.5,83.0,41.0,0.16666666666666666,0.0,Desktop,Display Ads,0,,,,0,,,0,0,,0.0,,,,,,,,,,,
235,Female,1996-01-05,Active,Bristol,NM,48015.0,US,2022-08-22 14:54:42,2025-02-12,True,434.0,1.0,426.61,30,1248,343,25-34,Dormant,Lost,853.22,1,853.22,426.61,2,1.0,101.42,50.71,2024-11-13 11:22:46,2024-11-13 11:22:46,,0.0,3,4.666666666666667,7,19.4,96.0,42.0,0.0,0.14285714285714285,Desktop,Organic Search,4,0.0,Credit Card,434.0,0,0.0,2.198394022988506,1,1,0.0,437.2,435.0,100.0,0.0,4.0,5.0,1.0,451,New Customers,3.3333333333333335,Medium Value,Low Risk
236,Female,1972-08-09,Active,Fairview,ID,76450.0,US,2022-05-10 23:36:21,2025-05-04,True,,,,53,1352,262,45-54,Dormant,,0.0,0,0.0,,0,,,,,,,,0,,4,7.5,37.0,11.0,0.0,0.25,Mobile,Organic Search,0,,,,0,,,1,0,0.0,0.0,1188.0,0.0,0.0,,,,,,,,
237,Female,1955-08-01,Active,Columbus,OH,54657.0,US,2019-11-13 16:51:50,2025-09-17,True,,,,70,2261,126,65 and over,Dormant,,0.0,0,0.0,,0,,,,,,,,2,5.0,2,6.0,32.0,13.0,0.5,0.0,Mobile,Organic Search,2,0.5,,,0,,,2,2,0.0,1149.96,452.0,100.0,0.0,,,,,,,,
238,Male,1951-08-15,Active,Riverside,ME,80047.0,US,2020-08-04 07:03:38,2025-03-23,True,,,,74,1996,304,65 and over,Dormant,,0.0,0,0.0,,0,,,,,,,,0,,11,15.714285714285714,127.0,74.0,0.0,0.09090909090909091,Desktop,Email,3,0.3333333333333333,,,0,,,1,1,0.0,0.0,,100.0,0.0,,,,,,,,
239,Male,2000-07-20,Blocked,Sacramento,CA,88400.0,US,2025-03-25 01:15:31,2025-05-01,False,,,,25,302,265,25-34,Dormant,,0.0,0,0.0,,0,,,,,,,,0,,6,22.75,84.0,36.0,0.0,0.16666666666666666,Mobile,Organic Search,0,,,,0,,,0,0,,0.0,,,,,,,,,,,
240,Female,1974-11-19,Active,Riverside,IA,87151.0,US,2022-10-19 04:27:44,2025-05-20,True,1144.0,1.0,1635.94,51,1190,246,45-54,Dormant,Lost,8179.700000000001,1,8179.700000000001,1635.94,10,2.0,,,2022-12-04 00:04:49,2022-12-04 00:04:49,,0.0,1,3.0,3,13.0,14.0,3.0,0.0,0.3333333333333333,Desktop,Organic Search,1,0.0,Credit Card,1144.0,0,0.0,16.794334497816596,3,3,0.0,2523.12,720.5,100.0,0.0,2.0,5.0,3.0,253,At Risk,3.3333333333333335,Medium Value,High Risk
241,Male,1990-07-05,Active,Clinton,ND,49968.0,US,2018-04-13 20:15:33,2025-08-11,True,,,,35,2840,163,35-44,Dormant,,0.0,0,0.0,,0,,,,,,,,0,,1,51.0,11.0,3.0,0.0,0.0,Mobile,Direct,4,0.25,,,0,,,1,1,0.0,287.58,2566.0,100.0,0.0,,,,,,,,
242,Male,1942-09-24,Active,Georgetown,RI,44410.0,US,2024-09-03 12:24:28,2025-12-02,True,,,,83,505,50,65 and over,Inactive,,0.0,0,0.0,,0,,,,,,,,0,,2,31.5,87.0,10.0,0.5,0.5,Mobile,Paid Search,1,0.0,,,0,,,0,0,,0.0,,,,,,,,,,,
243,Prefer Not To Say,1962-05-31,Active,Fairview,TN,11617.0,US,2016-06-24 00:17:51,2025-01-09,True,2668.0,1.0,6047.49,63,3498,377,55-64,Dormant,Lost,24189.96,1,24189.96,6047.49,13,3.25,1639.76,409.94,2018-10-02 12:59:40,2018-10-02 12:59:40,,0.0,16,4.25,2,18.5,46.0,20.0,0.0,0.0,Desktop,Referral,2,0.5,Credit Card,2668.0,0,0.0,48.79490688647433,4,3,0.0,4916.38,1358.0,75.0,0.0,1.0,5.0,5.0,155,At Risk,3.6666666666666665,Medium Value,High Risk
244,Male,1986-07-02,Active,Springfield,VA,88719.0,US,2024-08-25 14:37:20,2025-12-04,True,,,,39,514,48,35-44,Inactive,,0.0,0,0.0,,0,,,,,,,,1,5.0,3,4.5,14.0,1.0,0.3333333333333333,0.0,Mobile,Organic Search,0,,,,0,,,0,0,,0.0,,,,,,,,,,,
245,Female,1943-11-01,Closed,Chester,WY,86216.0,US,2016-10-18 11:02:18,2018-06-25,False,,,,82,3382,2767,65 and over,Dormant,,0.0,0,0.0,,0,,,,,,,,0,,3,7.0,32.0,19.0,0.0,0.0,Desktop,Referral,0,,,,0,,,0,0,,0.0,,,,,,,,,,,
246,Female,1980-08-09,Inactive,Georgetown,NT,,CA,2018-07-22 08:12:53,2025-01-02,False,,,,45,2740,384,45-54,Dormant,,0.0,0,0.0,,0,,,,,,,,0,,5,6.0,46.0,26.0,0.0,0.2,Mobile,Direct,1,0.0,,,0,,,2,1,0.0,0.0,2319.0,50.0,0.0,,,,,,,,
247,Male,1992-09-18,Active,Chandler,AZ,13136.0,US,2020-07-17 20:56:49,2025-09-15,True,1718.0,1.0,3321.87,33,2014,128,25-34,Dormant,Lost,9965.61,1,9965.61,3321.8700000000003,6,2.0,,,2021-05-09 13:27:29,2021-05-09 13:27:29,,3.0,2,4.5,1,1.0,3.0,1.0,0.0,1.0,Desktop,Social Media,2,0.5,,1718.0,0,300.0,20.35448934264107,2,2,0.0,3568.0499999999997,984.5,100.0,0.0,1.0,5.0,5.0,155,At Risk,3.6666666666666665,Medium Value,High Risk
248,Male,1991-08-26,Active,Fairview,LA,90671.0,US,2020-10-21 16:37:32,2025-05-21,True,,,,34,1918,245,25-34,Dormant,,0.0,0,0.0,,0,,,,,,,,1,5.0,1,2.0,11.0,8.0,1.0,0.0,Mobile,Organic Search,1,0.0,,,0,,,0,0,,0.0,,,,,,,,,,,
249,Female,1944-08-09,Active,Madison,NJ,24367.0,US,2025-10-06 17:34:51,2025-11-30,True,,,,81,107,52,65 and over,Inactive,,0.0,0,0.0,,0,,,,,,,,1,4.0,2,3.0,10.0,2.0,0.0,0.0,Tablet,Paid Search,4,0.0,,,0,,,0,0,,0.0,,,,,,,,,,,
250,Female,1964-08-22,Active,Georgetown,RI,81226.0,US,2021-11-17 12:40:37,2025-08-27,True,,,,61,1526,147,55-64,Dormant,,0.0,0,0.0,,0,,,,,,,,1,4.0,3,41.5,37.0,26.0,0.0,0.0,Desktop,Organic Search,1,0.0,,,0,,,2,1,0.0,234.29999999999998,701.5,50.0,0.0,,,,,,,,
251,Female,1986-07-27,Active,Mesa,AZ,68672.0,US,2017-05-31 13:03:35,2025-07-12,True,1672.0,1.0,589.03,39,3157,193,35-44,Dormant,Lost,1767.09,1,1767.09,589.03,5,1.6666666666666667,451.71,150.57,2021-06-24 21:17:34,2021-06-24 21:17:34,,0.0,11,4.2727272727272725,5,15.0,59.0,33.0,0.0,0.2,Desktop,Paid Search,2,0.5,Credit Card,1672.0,0,0.0,3.9580891452480573,1,1,0.0,693.8199999999999,1673.0,100.0,0.0,1.0,5.0,2.0,152,Hibernating,2.6666666666666665,Low Value,High Risk
252,Female,1989-01-29,Active,Riverside,ND,75732.0,US,2017-03-23 05:53:34,2025-06-06,True,,,,37,3226,229,35-44,Dormant,,0.0,0,0.0,,0,,,,,,,,0,,3,19.333333333333332,81.0,25.0,0.0,0.3333333333333333,Mobile,Organic Search,0,,,,0,,,0,0,,0.0,,,,,,,,,,,
253,Female,1942-11-06,Inactive,Madison,MD,70149.0,US,2015-03-02 23:53:34,2021-12-13,False,3817.0,1.0,2625.13,83,3978,1500,65 and over,Dormant,Lost,5250.26,1,5250.26,2625.13,3,1.5,,,2015-08-10 22:03:48,2015-08-10 22:03:48,,0.0,10,4.2,4,41.0,54.0,21.0,0.0,0.25,Mobile,Referral,3,0.6666666666666666,Credit Card,3817.0,0,0.0,10.910996689366161,1,1,0.0,2451.6800000000003,3817.0,100.0,0.0,1.0,5.0,4.0,154,At Risk,3.3333333333333335,Medium Value,High Risk
254,Male,1961-11-11,Closed,Colorado Springs,CO,62847.0,US,2020-01-06 11:30:36,2020-08-17,False,,,,64,2207,1983,55-64,Dormant,,0.0,0,0.0,,0,,,,,,,,0,,4,4.333333333333333,25.0,14.0,0.0,0.0,Mobile,Email,0,,,,0,,,0,0,,0.0,,,,,,,,,,,
255,Female,1951-12-09,Active,Salem,DE,48564.0,US,2016-11-11 06:28:55,2025-10-27,True,,,,74,3358,86,65 and over,Inactive,,0.0,0,0.0,,0,,,,,,,,1,5.0,2,,10.0,7.0,0.0,0.0,Mobile,Paid Search,1,0.0,,,0,,,1,0,0.0,0.0,920.0,0.0,0.0,,,,,,,,
256,Female,1997-02-09,Active,Georgetown,MD,91854.0,US,2020-04-03 19:10:04,2025-06-29,True,,,,28,2119,206,25-34,Dormant,,0.0,0,0.0,,0,,,,,,,,0,,3,23.0,47.0,19.0,0.0,0.0,Mobile,Email,0,,,,0,,,1,1,0.0,700.6800000000001,1231.0,100.0,0.0,,,,,,,,
257,Male,1960-06-16,Active,Clinton,DE,83419.0,US,2016-01-10 19:09:09,2025-10-02,True,1433.0,2.0,2173.7,65,3664,111,65 and over,Dormant,Lost,8009.719999999999,2,8009.719999999999,1601.944,10,2.0,869.16,217.29,2022-02-18 08:48:29,2022-02-18 23:48:17,,1.0,16,3.75,2,9.5,24.0,8.0,0.0,0.5,Desktop,Paid Search,4,0.25,Credit Card,1433.0,1,50.0,16.8473340027894,4,3,0.0,3442.15,1496.75,75.0,0.0,2.0,5.0,3.0,253,At Risk,3.3333333333333335,Medium Value,High Risk
258,Female,1999-07-17,Active,Bristol,NB,,CA,2018-11-27 05:01:55,2025-06-20,True,,,,26,2612,215,25-34,Dormant,,0.0,0,0.0,,0,,,,,,,,1,2.0,3,11.5,56.0,13.0,0.3333333333333333,0.0,Desktop,Direct,4,0.25,,,0,,,1,0,0.0,0.0,1343.0,0.0,0.0,,,,,,,,
259,Male,1958-06-17,Pending,Worcester,MA,86919.0,US,2022-05-07 19:47:01,1900-01-01,False,,,,67,1355,46041,65 and over,Dormant,,0.0,0,0.0,,0,,,,,,,,0,,0,,,,,,,,0,,,,0,,,0,0,,0.0,,,,,,,,,,,
260,Male,1956-03-25,Active,Madison,MO,,US,2023-11-05 00:13:40,2025-06-16,True,,,,69,808,219,65 and over,Dormant,,0.0,0,0.0,,0,,,,,,,,9,3.7777777777777777,2,3.0,14.0,2.0,0.0,0.5,Tablet,Direct,3,0.0,,,0,,,5,4,0.0,2400.86,326.0,80.0,0.0,,,,,,,,
261,Male,1960-08-14,Inactive,Georgetown,CT,11035.0,US,2020-03-30 08:02:59,2021-07-16,False,,,,65,2123,1650,65 and over,Dormant,,0.0,0,0.0,,0,,,,,,,,1,4.0,3,16.333333333333332,78.0,26.0,0.0,0.3333333333333333,Desktop,Organic Search,3,0.6666666666666666,,,0,,,2,0,0.0,0.0,1738.5,0.0,0.0,,,,,,,,
262,Female,1962-01-22,Active,Franklin,OR,27025.0,US,2023-07-23 16:06:26,2025-05-21,True,,,,64,913,245,55-64,Dormant,,0.0,0,0.0,,0,,,,,,,,0,,6,15.0,85.0,58.0,0.3333333333333333,0.16666666666666666,Tablet,Social Media,0,,,,0,,,0,0,,0.0,,,,,,,,,,,
263,Female,1949-08-20,Inactive,Sparks,NV,61622.0,US,2019-05-07 04:20:48,2020-11-03,False,,,,76,2451,1905,65 and over,Dormant,,0.0,0,0.0,,0,,,,,,,,1,5.0,2,12.5,35.0,31.0,0.0,0.5,Mobile,Organic Search,1,0.0,,,0,,,1,1,0.0,40.65,1103.0,100.0,0.0,,,,,,,,
264,Male,1975-07-01,Active,Riverside,NJ,55388.0,US,2022-05-02 05:27:09,2025-08-01,True,,,,50,1360,173,45-54,Dormant,,0.0,0,0.0,,0,,,,,,,,1,4.0,2,,4.0,1.0,0.0,0.0,Mobile,Direct,1,0.0,,,0,,,2,2,0.0,1744.58,921.0,100.0,0.0,,,,,,,,
265,Female,1973-10-09,Blocked,Salem,NJ,16362.0,US,2016-04-02 05:27:34,2024-10-08,False,,,,52,3581,470,45-54,Dormant,,0.0,0,0.0,,0,,,,,,,,0,,5,9.333333333333334,43.0,22.0,0.2,0.0,Tablet,Direct,0,,,,0,,,0,0,,0.0,,,,,,,,,,,
266,Male,1951-01-22,Active,Clinton,SC,78623.0,US,2019-01-03 23:02:34,2025-06-06,True,,,,75,2575,229,65 and over,Dormant,,0.0,0,0.0,,0,,,,,,,,0,,3,5.666666666666667,36.0,21.0,0.0,0.0,Desktop,Direct,2,0.5,,,0,,,0,0,,0.0,,,,,,,,,,,
267,Female,1958-03-26,Active,Madison,ID,75740.0,US,2021-05-27 08:19:39,2025-04-06,True,,,,67,1700,290,65 and over,Dormant,,0.0,0,0.0,,0,,,,,,,,2,5.0,3,17.0,44.0,30.0,0.0,0.3333333333333333,Tablet,Referral,0,,,,0,,,2,0,0.0,0.0,1471.0,0.0,0.0,,,,,,,,
268,Female,1989-08-13,Active,Salem,KY,14229.0,US,2019-05-13 15:59:35,2025-12-19,True,,,,36,2445,33,35-44,Inactive,,0.0,0,0.0,,0,,,,,,,,1,5.0,7,10.6,80.0,45.0,0.0,0.0,Mobile,Direct,0,,,,0,,,0,0,,0.0,,,,,,,,,,,
269,Female,1985-01-25,Active,Salem,WV,82098.0,US,2017-08-19 12:58:34,2025-10-19,True,474.0,1.0,865.75,41,3077,94,35-44,Dormant,Lost,1731.5,1,1731.5,865.75,2,1.0,161.92,80.96,2024-10-04 22:44:56,2024-10-04 22:44:56,,2.0,1,4.0,7,14.4,81.0,26.0,0.14285714285714285,0.14285714285714285,Desktop,Social Media,2,0.0,PayPal,474.0,0,200.0,3.9472105263157897,2,2,0.0,2710.7,1608.0,100.0,0.0,3.0,5.0,2.0,352,Others,3.3333333333333335,Medium Value,Low Risk
270,Other,1941-05-04,Active,Chester,SC,20552.0,US,2020-12-21 10:48:29,2025-01-23,True,,,,84,1857,363,65 and over,Dormant,,0.0,0,0.0,,0,,,,,,,,0,,2,13.0,15.0,8.0,0.0,0.0,Mobile,Organic Search,2,0.0,,,0,,,1,0,0.0,0.0,1472.0,0.0,0.0,,,,,,,,
271,Female,1962-09-28,Inactive,Bristol,NB,,CA,2023-12-08 05:29:32,2025-09-24,False,277.0,1.0,2540.72,63,775,119,55-64,Dormant,Lost,7622.16,1,7622.16,2540.72,6,2.0,582.72,194.24,2025-04-19 08:43:05,2025-04-19 08:43:05,,3.0,0,,4,19.333333333333332,84.0,36.0,0.0,0.0,Tablet,Direct,2,0.0,Cash on Delivery,277.0,0,300.0,15.78820489208633,2,1,0.0,2546.29,407.5,50.0,0.0,4.0,5.0,4.0,454,Champions,4.333333333333333,High Value,Low Risk
272,Male,1964-08-03,Active,Bristol,NJ,42077.0,US,2023-07-02 18:48:50,2025-10-29,True,825.0,1.0,722.59,61,934,84,55-64,Inactive,Lost,1445.18,1,1445.18,722.59,2,1.0,574.56,287.28,2023-10-19 01:58:16,2023-10-19 01:58:16,,0.0,1,3.0,3,25.0,76.0,16.0,0.3333333333333333,0.0,Desktop,Direct,4,0.0,Credit Card,825.0,0,0.0,3.3387861501210656,1,1,0.0,924.4599999999999,826.0,100.0,0.0,2.0,5.0,2.0,252,Others,3.0,Medium Value,Low Risk
273,Female,1993-05-13,Active,Greensboro,NC,78594.0,US,2018-05-25 04:37:00,2025-08-14,True,,,,32,2798,160,25-34,Dormant,,0.0,0,0.0,,0,,,,,,,,1,3.0,6,9.2,64.0,37.0,0.0,0.16666666666666666,Desktop,Direct,1,1.0,,,0,,,1,1,0.0,0.0,,100.0,0.0,,,,,,,,
274,Female,1988-01-23,Blocked,Chester,LA,80091.0,US,2025-01-26 07:47:12,2025-08-01,False,,,,38,360,173,35-44,Dormant,,0.0,0,0.0,,0,,,,,,,,0,,4,18.0,64.0,32.0,0.5,0.25,Mobile,Social Media,0,,,,0,,,0,0,,0.0,,,,,,,,,,,
275,Female,1945-08-15,Active,Surrey,BC,,CA,2018-07-30 20:04:12,2025-04-24,True,,,,80,2732,272,65 and over,Dormant,,0.0,0,0.0,,0,,,,,,,,3,4.0,2,1.5,7.0,1.0,0.5,0.0,Mobile,Paid Search,1,0.0,,,0,,,2,1,0.0,0.0,144.0,50.0,0.0,,,,,,,,
276,Female,1979-10-19,Active,Bristol,ND,23489.0,US,2022-07-19 09:06:59,2025-05-12,True,,,,46,1282,254,45-54,Dormant,,0.0,0,0.0,,0,,,,,,,,2,4.5,9,24.833333333333332,104.0,46.0,0.0,0.4444444444444444,Mobile,Organic Search,0,,,,0,,,2,2,0.0,925.1600000000001,142.0,100.0,0.0,,,,,,,,
277,Other,1968-04-11,Active,Jacksonville,FL,45940.0,US,2019-02-27 04:19:21,2025-06-27,True,,,,57,2520,208,55-64,Dormant,,0.0,0,0.0,,0,,,,,,,,2,3.5,4,18.0,91.0,8.0,0.25,0.0,Desktop,Referral,3,0.3333333333333333,,,0,,,1,1,0.0,0.0,,100.0,0.0,,,,,,,,
278,Male,1994-03-27,Active,Bristol,MS,47255.0,US,2020-04-08 01:49:42,2025-06-09,True,,,,31,2114,226,25-34,Dormant,,0.0,0,0.0,,0,,,,,,,,2,3.5,10,53.625,254.0,74.0,0.1,0.1,Mobile,Organic Search,2,0.5,,,0,,,1,1,0.0,292.53999999999996,1766.0,100.0,0.0,,,,,,,,
279,Female,1985-03-07,Active,Chicago,IL,99647.0,US,2018-03-03 18:21:40,2025-11-21,True,,,,40,2881,61,35-44,Inactive,,0.0,0,0.0,,0,,,,,,,,2,5.0,4,11.5,58.0,30.0,0.0,0.25,Mobile,Organic Search,4,0.5,,,0,,,1,0,0.0,0.0,1536.0,0.0,0.0,,,,,,,,
280,Female,1954-09-24,Inactive,Cincinnati,OH,19078.0,US,2017-02-12 04:13:19,2019-02-25,False,,,,71,3265,2522,65 and over,Dormant,,0.0,0,0.0,,0,,,,,,,,18,3.888888888888889,2,20.5,72.0,20.0,0.0,1.0,Mobile,Organic Search,1,0.0,,,0,,,4,2,0.0,3406.6700000000005,3079.6666666666665,50.0,0.0,,,,,,,,
281,Male,1958-11-10,Active,Clinton,WI,25775.0,US,2017-04-22 12:37:52,2025-10-22,True,,,,67,3196,91,65 and over,Dormant,,0.0,0,0.0,,0,,,,,,,,2,4.0,4,11.666666666666666,39.0,13.0,0.25,0.0,Desktop,Referral,1,0.0,,,0,,,1,0,0.0,0.0,926.0,0.0,0.0,,,,,,,,
282,Male,1979-12-28,Active,Franklin,AL,77976.0,US,2025-08-10 20:19:14,2025-12-04,True,99.0,1.0,2337.63,46,164,48,45-54,Inactive,At Risk,9350.52,1,9350.52,2337.63,6,1.5,,,2025-10-14 20:49:43,2025-10-14 20:49:43,,0.0,14,4.214285714285714,4,29.5,44.0,12.0,0.0,0.0,Tablet,Organic Search,0,,Credit Card,99.0,0,0.0,19.501040000000003,1,1,0.0,2143.54,100.0,100.0,0.0,5.0,5.0,4.0,554,Champions,4.666666666666667,High Value,Low Risk
283,Male,1997-02-20,Active,Medicine Hat,AB,,CA,2019-03-09 08:39:20,2025-12-10,True,432.0,1.0,3736.11,28,2510,42,25-34,Inactive,Lost,3736.11,1,3736.11,3736.11,2,2.0,685.35,685.35,2024-11-15 15:08:08,2024-11-15 15:08:08,,0.0,0,,2,29.0,49.0,24.0,0.0,0.0,Desktop,Organic Search,1,0.0,,432.0,0,0.0,7.964598752886837,1,1,0.0,243.06,432.0,100.0,0.0,4.0,5.0,5.0,455,Champions,4.666666666666667,High Value,Low Risk
284,Female,1992-04-15,Inactive,Austin,TX,53073.0,US,2017-03-14 04:14:32,2018-08-27,False,,,,33,3235,2704,25-34,Dormant,,0.0,0,0.0,,0,,,,,,,,1,3.0,0,,,,,,,,2,0.0,,,0,,,0,0,,0.0,,,,,,,,,,,
285,Prefer Not To Say,1984-10-05,Active,Riverside,NJ,25765.0,US,2023-08-29 17:29:42,2025-11-06,True,,,,41,876,76,35-44,Inactive,,0.0,0,0.0,,0,,,,,,,,1,4.0,3,3.0,15.0,4.0,0.0,0.0,Desktop,Social Media,1,0.0,,,0,,,1,1,0.0,0.0,,100.0,0.0,,,,,,,,
286,Female,1988-11-14,Active,Salem,SC,36502.0,US,2019-01-25 17:14:44,2025-03-28,True,2243.0,1.0,149.72,37,2553,299,35-44,Dormant,Lost,149.72,1,149.72,149.72,2,2.0,39.03,39.03,2019-12-01 06:43:44,2019-12-01 06:43:44,,0.0,3,4.666666666666667,3,9.0,15.0,3.0,0.0,0.0,Mobile,Social Media,3,0.3333333333333333,Credit Card,2243.0,0,0.0,0.7172653119429591,1,1,0.0,156.14,2245.0,100.0,0.0,1.0,5.0,1.0,151,Others,2.3333333333333335,Low Value,Low Risk
287,Female,1950-03-31,Active,Springfield,LA,60004.0,US,2023-08-27 20:38:30,2025-08-29,True,,,,75,878,145,65 and over,Dormant,,0.0,0,0.0,,0,,,,,,,,1,5.0,3,90.33333333333333,61.0,40.0,0.0,0.0,Desktop,Paid Search,3,0.3333333333333333,,,0,,,1,1,0.0,386.41,142.0,100.0,0.0,,,,,,,,
288,Male,1966-03-06,Active,Buffalo,NY,87474.0,US,2024-06-12 23:46:17,2025-08-19,True,,,,59,588,155,55-64,Dormant,,0.0,0,0.0,,0,,,,,,,,0,,3,17.0,31.0,11.0,0.3333333333333333,0.3333333333333333,Tablet,Organic Search,4,0.25,,,0,,,0,0,,0.0,,,,,,,,,,,
289,Female,1957-04-03,Active,Georgetown,AR,70057.0,US,2015-04-09 20:21:06,2025-07-29,True,,,,68,3940,176,65 and over,Dormant,,0.0,0,0.0,,0,,,,,,,,1,4.0,1,,3.0,2.0,0.0,0.0,Mobile,Organic Search,1,0.0,,,0,,,0,0,,0.0,,,,,,,,,,,
290,Female,1955-04-29,Pending,,,,,2025-10-04 05:20:01,1900-01-01,False,,,,70,109,46041,65 and over,Dormant,,0.0,0,0.0,,0,,,,,,,,0,,0,,,,,,,,0,,,,0,,,0,0,,0.0,,,,,,,,,,,
291,Male,2000-07-15,Active,Bristol,IA,15344.0,US,2019-07-16 08:09:45,2025-07-04,True,1576.0,1.0,538.49,25,2381,201,25-34,Dormant,Lost,1076.98,1,1076.98,538.49,3,1.5,,,2021-09-28 11:36:02,2021-09-28 11:36:02,,0.0,7,4.0,4,46.5,92.0,7.0,0.0,0.25,Mobile,Organic Search,0,,Credit Card,1576.0,0,0.0,2.5793246163601777,1,1,0.0,492.47,1576.0,100.0,0.0,1.0,5.0,2.0,152,Hibernating,2.6666666666666665,Low Value,High Risk
292,Male,1976-11-21,Blocked,Reno,NV,,US,2022-01-13 18:56:57,2024-03-16,False,,,,49,1469,676,45-54,Dormant,,0.0,0,0.0,,0,,,,,,,,0,,6,45.4,118.0,54.0,0.16666666666666666,0.3333333333333333,Smart TV,Organic Search,0,,,,0,,,0,0,,0.0,,,,,,,,,,,
293,Female,1982-05-01,Active,Tacoma,WA,84678.0,US,2021-12-09 14:31:37,2025-05-15,True,,,,43,1504,251,35-44,Dormant,,0.0,0,0.0,,0,,,,,,,,0,,2,4.0,15.0,1.0,0.0,0.0,Mobile,Paid Search,2,0.5,,,0,,,1,1,0.0,1018.4399999999999,122.0,100.0,0.0,,,,,,,,
294,Male,1993-09-09,Active,Franklin,WI,33755.0,US,2018-07-12 00:39:03,2024-12-25,True,,,,32,2750,392,25-34,Dormant,,0.0,0,0.0,,0,,,,,,,,2,3.5,6,20.25,70.0,51.0,0.0,0.0,Desktop,Social Media,3,0.0,,,0,,,1,1,0.0,0.0,,100.0,0.0,,,,,,,,
295,Female,1959-01-14,Active,Springfield,ND,10610.0,US,2017-07-17 11:41:40,2025-11-13,True,2618.0,1.0,4986.41,67,3110,69,65 and over,Inactive,Lost,4986.41,1,4986.41,4986.41,5,5.0,,,2018-11-21 07:42:43,2018-11-21 07:42:43,,0.0,1,4.0,7,14.25,70.0,46.0,0.14285714285714285,0.14285714285714285,Smart TV,Social Media,0,,,2618.0,0,0.0,10.388093004963727,1,1,0.0,0.0,,100.0,0.0,1.0,5.0,5.0,155,At Risk,3.6666666666666665,Medium Value,High Risk
296,Other,1954-12-20,Active,Joliet,IL,15451.0,US,2021-11-16 10:29:59,2025-01-22,True,271.0,1.0,1687.81,71,1527,364,65 and over,Dormant,Lost,8439.05,1,8439.05,1687.81,6,1.2,104.05,20.81,2025-04-25 23:07:26,2025-04-25 23:07:26,,0.0,15,4.266666666666667,6,10.5,36.0,23.0,0.0,0.16666666666666666,Mobile,Direct,3,0.0,Credit Card,271.0,0,0.0,17.42515882352941,3,3,0.0,2264.3300000000004,273.5,100.0,0.0,4.0,5.0,3.0,453,Loyal Customers,4.0,High Value,Low Risk
297,Male,1980-01-29,Active,Tucson,AZ,21689.0,US,2019-03-25 02:31:01,2025-04-17,True,,,,46,2494,279,45-54,Dormant,,0.0,0,0.0,,0,,,,,,,,2,4.5,4,9.0,18.0,10.0,0.0,0.25,Desktop,Social Media,2,0.5,,,0,,,0,0,,0.0,,,,,,,,,,,
298,Male,1960-04-13,Inactive,Springfield,SC,15928.0,US,2016-02-09 14:11:57,2018-08-05,False,,,,65,3634,2726,65 and over,Dormant,,0.0,0,0.0,,0,,,,,,,,1,5.0,5,90.5,72.0,13.0,0.0,0.2,Desktop,Paid Search,3,0.0,,,0,,,1,1,0.0,781.15,1170.0,100.0,0.0,,,,,,,,
299,Female,2012-01-08,Active,Chester,ME,47544.0,US,2025-09-11 02:11:34,2025-11-13,True,49.0,2.0,3660.81,14,132,69,Under 18,Inactive,Low Value,10684.109999999999,2,10684.109999999999,2136.8219999999997,11,2.2,,,2025-09-16 02:47:05,2025-12-03 07:09:37,78.0,0.0,8,3.5,5,12.0,43.0,22.0,0.2,0.0,Tablet,Organic Search,3,0.3333333333333333,PayPal,49.0,1,0.0,22.968219999999995,3,2,0.0,3396.44,84.0,66.66666666666666,0.0,5.0,5.0,5.0,555,Champions,5.0,High Value,Low Risk
300,Male,1947-02-01,Inactive,Franklin,AL,54741.0,US,2017-09-17 13:39:23,2022-08-17,False,2654.0,1.0,891.73,79,3048,1253,65 and over,Dormant,Lost,1783.46,1,1783.46,891.73,3,1.5,,,2018-10-16 03:20:57,2018-10-16 03:20:57,,2.0,1,4.0,7,7.6,74.0,34.0,0.0,0.14285714285714285,Desktop,Social Media,4,0.25,Credit Card,2654.0,0,200.0,3.9819859133709987,1,1,0.0,808.29,2655.0,100.0,0.0,1.0,5.0,2.0,152,Hibernating,2.6666666666666665,Low Value,High Risk
301,Male,1992-04-23,Blocked,Bristol,MN,72800.0,US,2022-03-26 12:18:43,2025-09-08,False,,,,33,1397,135,25-34,Dormant,,0.0,0,0.0,,0,,,,,,,,0,,2,7.5,32.0,12.0,0.0,0.5,Desktop,Organic Search,0,,,,0,,,0,0,,0.0,,,,,,,,,,,
302,Male,1977-06-12,Active,Rockford,IL,57633.0,US,2019-09-21 13:29:46,2025-05-08,True,501.0,1.0,370.67,48,2314,258,45-54,Dormant,Lost,1112.01,1,1112.01,370.67,3,1.0,146.34,48.78,2024-09-07 17:55:08,2024-09-07 17:55:08,,0.0,1,5.0,2,5.0,13.0,8.0,0.0,0.0,Desktop,Paid Search,3,0.3333333333333333,Credit Card,501.0,0,0.0,2.7037012749003986,1,1,0.0,376.39,502.0,100.0,0.0,3.0,5.0,1.0,351,Others,3.0,Medium Value,Low Risk
303,Male,2007-04-17,Active,Denver,CO,11136.0,US,2021-09-29 15:20:39,2025-02-15,True,195.0,1.0,2904.73,18,1575,340,18-24,Dormant,Lost,8714.19,1,8714.19,2904.73,6,2.0,656.9399999999999,218.98,2025-07-10 21:21:18,2025-07-10 21:21:18,,0.0,9,4.0,5,6.333333333333333,37.0,5.0,0.2,0.2,Mobile,Social Media,2,0.0,PayPal,195.0,0,0.0,18.032461632653064,2,2,0.0,2923.1299999999997,195.0,100.0,0.0,4.0,5.0,4.0,454,Champions,4.333333333333333,High Value,Low Risk
304,Female,1949-09-30,Active,Bristol,AK,98049.0,US,2023-06-23 01:08:56,2025-06-12,True,734.0,1.0,1344.16,76,943,223,65 and over,Dormant,Lost,2688.32,1,2688.32,1344.16,3,1.5,,,2024-01-18 00:17:28,2024-01-18 00:17:28,,0.0,2,4.0,2,40.0,62.0,7.0,0.0,0.5,Mobile,Organic Search,3,0.0,Apple Pay,734.0,0,0.0,5.8310617687074835,4,3,0.0,5346.93,650.75,75.0,0.0,3.0,5.0,3.0,353,Loyal Customers,3.6666666666666665,Medium Value,Low Risk
305,Female,1996-10-30,Inactive,Bristol,KY,66747.0,US,2024-12-28 18:26:10,2025-07-03,False,,,,29,389,202,25-34,Dormant,,0.0,0,0.0,,0,,,,,,,,0,,4,3.0,12.0,2.0,0.0,0.0,Desktop,Direct,2,0.0,,,0,,,1,1,0.0,937.33,292.0,100.0,0.0,,,,,,,,
306,Other,2000-10-22,Closed,San Francisco,CA,84961.0,US,2025-03-30 10:55:32,2025-04-28,False,,,,25,297,268,25-34,Dormant,,0.0,0,0.0,,0,,,,,,,,0,,0,,,,,,,,0,,,,0,,,0,0,,0.0,,,,,,,,,,,
307,Female,1957-09-24,Active,Riverside,DE,34667.0,US,2020-04-05 09:46:43,2025-02-24,True,,,,68,2117,331,65 and over,Dormant,,0.0,0,0.0,,0,,,,,,,,4,3.5,2,80.0,34.0,4.0,0.0,0.0,Desktop,Social Media,1,1.0,,,0,,,4,3,0.0,2899.0000000000005,478.5,75.0,0.0,,,,,,,,
308,Female,1985-05-08,Active,Montreal,QC,,CA,2018-11-10 23:03:39,2025-05-19,True,,,,40,2629,247,35-44,Dormant,,0.0,0,0.0,,0,,,,,,,,1,4.0,5,10.25,42.0,24.0,0.2,0.0,Mobile,Social Media,2,0.0,,,0,,,2,1,0.0,0.0,2042.0,50.0,0.0,,,,,,,,
309,Female,1942-07-06,Active,North Las Vegas,NV,30948.0,US,2019-05-22 15:09:17,2025-07-05,True,,,,83,2436,200,65 and over,Dormant,,0.0,0,0.0,,0,,,,,,,,3,3.6666666666666665,6,7.0,35.0,11.0,0.0,0.16666666666666666,Tablet,Paid Search,3,0.6666666666666666,,,0,,,3,2,0.0,3243.46,1137.0,66.66666666666666,0.0,,,,,,,,
310,Prefer Not To Say,1961-07-30,Inactive,Franklin,NT,,CA,2022-12-10 18:39:15,2024-05-04,False,,,,64,1138,627,55-64,Dormant,,0.0,0,0.0,,0,,,,,,,,1,2.0,0,,,,,,,,3,0.0,,,0,,,1,1,0.0,1073.15,866.0,100.0,0.0,,,,,,,,
311,Male,2003-11-24,Inactive,Franklin,NJ,68547.0,US,2017-01-03 09:16:13,2018-08-16,False,409.0,1.0,438.62,22,3305,2715,18-24,Dormant,Lost,877.24,1,877.24,438.62,4,2.0,168.04,84.02,2024-12-08 10:58:29,2024-12-08 10:58:29,,0.0,6,4.166666666666667,1,4.0,14.0,11.0,0.0,1.0,Mobile,Paid Search,0,,Credit Card,409.0,0,0.0,2.252040975609756,3,3,0.0,1811.5700000000002,411.5,100.0,0.0,4.0,5.0,1.0,451,New Customers,3.3333333333333335,Medium Value,Low Risk
312,Male,1990-05-24,Blocked,Lowell,MA,84518.0,US,2015-04-15 20:27:41,2018-12-02,False,,,,35,3934,2607,35-44,Dormant,,0.0,0,0.0,,0,,,,,,,,0,,2,5.0,28.0,18.0,0.5,0.0,Desktop,Social Media,0,,,,0,,,0,0,,0.0,,,,,,,,,,,
313,Male,1998-08-15,Active,Clinton,AR,72743.0,US,2023-11-09 12:44:09,2025-03-19,True,,,,27,804,308,25-34,Dormant,,0.0,0,0.0,,0,,,,,,,,1,2.0,3,13.0,25.0,5.0,0.0,0.3333333333333333,Mobile,Paid Search,0,,,,0,,,1,0,0.0,0.0,,0.0,0.0,,,,,,,,
314,Male,1981-01-04,Active,Clinton,VT,87759.0,US,2021-10-07 20:42:32,2025-06-01,True,,,,45,1567,234,45-54,Dormant,,0.0,0,0.0,,0,,,,,,,,0,,4,20.5,53.0,20.0,0.0,0.25,Tablet,Email,2,0.0,,,0,,,2,0,0.0,0.0,133.0,0.0,0.0,,,,,,,,
315,Male,1955-05-08,Active,Springfield,MD,25738.0,US,2016-02-03 01:23:13,2025-01-28,True,,,,70,3640,358,65 and over,Dormant,,0.0,0,0.0,,0,,,,,,,,0,,5,6.5,38.0,20.0,0.0,0.2,Desktop,Paid Search,2,0.0,,,0,,,1,0,0.0,0.0,316.0,0.0,0.0,,,,,,,,
316,Male,1946-11-20,Inactive,Madison,SK,,CA,2019-06-17 21:24:01,2019-11-17,False,,,,79,2410,2257,65 and over,Dormant,,0.0,0,0.0,,0,,,,,,,,0,,3,11.0,25.0,17.0,0.0,0.3333333333333333,Mobile,Paid Search,1,0.0,,,0,,,1,0,0.0,0.0,,0.0,0.0,,,,,,,,
317,Female,1997-02-12,Active,London,ON,,CA,2016-08-17 19:21:34,2025-02-05,True,242.0,1.0,1762.13,28,3444,350,25-34,Dormant,Lost,1762.13,1,1762.13,1762.13,5,5.0,,,2025-05-24 06:12:07,2025-05-24 06:12:07,,0.0,8,3.0,3,182.0,29.0,14.0,0.0,0.0,Mobile,Referral,1,0.0,Credit Card,242.0,0,0.0,4.088869053497943,3,3,0.0,674.29,243.33333333333334,100.0,0.0,4.0,5.0,3.0,453,Loyal Customers,4.0,High Value,Low Risk
318,Male,1957-12-08,Inactive,Salem,WI,49696.0,US,2023-01-12 00:57:50,2025-11-10,False,,,,68,1105,72,65 and over,Inactive,,0.0,0,0.0,,0,,,,,,,,0,,3,,10.0,5.0,0.0,0.6666666666666666,Desktop,Social Media,3,0.0,,,0,,,2,1,0.0,493.47999999999996,942.5,50.0,0.0,,,,,,,,
319,Female,1974-09-04,Active,Chester,NT,,CA,2017-05-03 09:27:39,2025-02-27,True,,,,51,3185,328,45-54,Dormant,,0.0,0,0.0,,0,,,,,,,,0,,5,9.75,63.0,19.0,0.0,0.2,Desktop,Display Ads,0,,,,0,,,1,1,0.0,136.68,327.0,100.0,0.0,,,,,,,,
320,Female,1945-05-30,Active,Bristol,NM,42642.0,US,2017-11-03 18:07:44,2025-04-05,True,,,,80,3001,291,65 and over,Dormant,,0.0,0,0.0,,0,,,,,,,,1,5.0,2,,7.0,,0.0,0.0,Tablet,Direct,1,0.0,,,0,,,1,0,0.0,0.0,1567.0,0.0,0.0,,,,,,,,
321,Male,1991-01-14,Active,Joliet,IL,96489.0,US,2022-11-15 13:04:04,2025-11-10,True,,,,35,1163,72,35-44,Inactive,,0.0,0,0.0,,0,,,,,,,,3,4.666666666666667,3,4.0,10.0,1.0,0.0,0.0,Mobile,Paid Search,3,0.0,,,0,,,0,0,,0.0,,,,,,,,,,,
322,Female,1978-02-19,Active,Clinton,RI,26688.0,US,2024-06-01 20:23:14,2025-08-13,True,,,,47,599,161,45-54,Dormant,,0.0,0,0.0,,0,,,,,,,,2,3.0,3,14.333333333333334,72.0,4.0,0.3333333333333333,0.0,Mobile,Organic Search,2,0.5,,,0,,,0,0,,0.0,,,,,,,,,,,
323,Male,1971-09-04,Inactive,San Diego,CA,92460.0,US,2018-05-28 17:38:20,2021-11-11,False,,,,54,2795,1532,45-54,Dormant,,0.0,0,0.0,,0,,,,,,,,1,4.0,7,6.0,36.0,15.0,0.14285714285714285,0.42857142857142855,Desktop,Referral,0,,,,0,,,2,1,0.0,2260.89,1784.0,50.0,0.0,,,,,,,,
324,Male,1971-04-23,Inactive,Grand Rapids,MI,43387.0,US,2017-01-19 20:51:31,2021-04-04,False,,,,54,3289,1753,45-54,Dormant,,0.0,0,0.0,,0,,,,,,,,1,3.0,7,36.0,217.0,70.0,0.0,0.14285714285714285,Desktop,Paid Search,1,1.0,,,0,,,1,1,0.0,421.47,1812.0,100.0,0.0,,,,,,,,
325,Male,1996-07-05,Active,Springfield,SC,31023.0,US,2021-10-08 18:48:17,2025-03-18,True,,,,29,1566,309,25-34,Dormant,,0.0,0,0.0,,0,,,,,,,,2,4.5,3,93.0,25.0,8.0,0.0,0.0,Tablet,Email,5,0.6,,,0,,,3,0,0.0,0.0,1252.3333333333333,0.0,0.0,,,,,,,,
326,Female,1981-01-24,Active,Salem,NU,,CA,2017-05-24 07:06:54,2025-11-13,True,1269.0,1.0,1435.18,45,3164,69,45-54,Inactive,Lost,2870.36,1,2870.36,1435.18,4,2.0,,,2022-08-01 04:39:20,2022-08-01 04:39:20,,0.0,1,4.0,5,20.666666666666668,75.0,46.0,0.0,0.0,Desktop,Organic Search,1,0.0,Gift Card,1269.0,0,0.0,6.172216062992127,2,2,0.0,1295.6399999999999,1269.0,100.0,0.0,2.0,5.0,3.0,253,At Risk,3.3333333333333335,Medium Value,High Risk
327,Female,1943-01-01,Active,Franklin,NU,,CA,2019-05-12 18:22:23,2025-06-12,True,,,,83,2446,223,65 and over,Dormant,,0.0,0,0.0,,0,,,,,,,,1,2.0,2,18.5,25.0,14.0,0.0,0.0,Tablet,Social Media,5,0.2,,,0,,,0,0,,0.0,,,,,,,,,,,
328,Female,2005-12-03,Active,Springfield,HI,71481.0,US,2020-12-01 04:34:59,2025-09-20,True,,,,20,1877,123,18-24,Dormant,,0.0,0,0.0,,0,,,,,,,,1,4.0,5,23.6,84.0,16.0,0.0,0.6,Mobile,Direct,2,1.0,,,0,,,1,0,0.0,0.0,101.0,0.0,0.0,,,,,,,,
329,Female,2008-04-07,Active,Madison,MO,58971.0,US,2023-07-12 08:33:59,2025-05-30,True,663.0,1.0,2465.75,17,924,236,Under 18,Dormant,Lost,4931.5,1,4931.5,2465.75,5,2.5,,,2024-03-29 06:12:11,2024-03-29 06:12:11,,0.0,0,,2,3.5,25.0,15.0,0.0,1.0,Mobile,Social Media,2,0.5,Credit Card,663.0,0,0.0,10.32324096385542,1,1,0.0,2323.06,664.0,100.0,0.0,3.0,5.0,4.0,354,Loyal Customers,4.0,High Value,Low Risk
330,Male,1982-10-10,Active,Georgetown,AR,70960.0,US,2019-03-02 06:29:08,2025-05-26,True,,,,43,2517,240,35-44,Dormant,,0.0,0,0.0,,0,,,,,,,,0,,4,83.33333333333333,64.0,43.0,0.0,0.0,Smart TV,Paid Search,4,0.0,,,0,,,1,1,0.0,533.88,2137.0,100.0,0.0,,,,,,,,
331,Female,1987-02-24,Inactive,Augusta,GA,35733.0,US,2015-05-29 21:49:35,2023-07-31,False,,,,38,3890,905,35-44,Dormant,,0.0,0,0.0,,0,,,,,,,,0,,4,34.0,32.0,18.0,0.0,0.25,Mobile,Paid Search,1,0.0,,,0,,,0,0,,0.0,,,,,,,,,,,
332,Prefer Not To Say,1964-11-10,Active,Georgetown,NJ,90844.0,US,2023-02-26 15:50:04,2025-09-04,True,526.0,1.0,2270.66,61,1060,139,55-64,Dormant,Lost,6811.98,1,6811.98,2270.66,5,1.6666666666666667,394.38,131.46,2024-08-13 03:08:47,2024-08-13 03:08:47,,0.0,1,5.0,0,,,,,,,,0,,Credit Card,526.0,0,0.0,14.099861328273244,2,1,0.0,2106.59,635.5,50.0,0.0,3.0,5.0,4.0,354,Loyal Customers,4.0,High Value,Low Risk
333,Female,1954-10-15,Active,Georgetown,WY,17458.0,US,2025-05-21 03:44:34,2025-08-17,True,77.0,1.0,4710.52,71,245,157,65 and over,Dormant,Uncategorized,9421.04,1,9421.04,4710.52,3,1.5,,,2025-11-05 01:48:09,2025-11-05 01:48:09,,0.0,10,4.3,3,12.0,29.0,16.0,0.0,0.0,Tablet,Social Media,1,0.0,Gift Card,77.0,0,0.0,19.754900512820516,2,1,0.0,4293.11,77.0,50.0,0.0,5.0,5.0,5.0,555,Champions,5.0,High Value,Low Risk
334,Female,1993-05-01,Active,Sacramento,CA,89451.0,US,2015-12-04 01:39:00,2025-09-17,True,,,,32,3701,126,25-34,Dormant,,0.0,0,0.0,,0,,,,,,,,2,4.5,6,77.5,95.0,29.0,0.0,0.16666666666666666,Tablet,Social Media,3,0.0,,,0,,,2,2,0.0,2574.6,1833.0,100.0,0.0,,,,,,,,
335,Male,1968-10-15,Closed,Georgetown,WY,51936.0,US,2022-06-21 10:13:15,2025-01-20,False,,,,57,1310,366,55-64,Dormant,,0.0,0,0.0,,0,,,,,,,,0,,3,26.0,44.0,3.0,0.0,0.0,Mobile,Organic Search,0,,,,0,,,0,0,,0.0,,,,,,,,,,,
336,Male,2000-02-07,Blocked,Madison,HI,64499.0,US,2025-11-02 12:50:45,2025-11-23,False,,,,25,80,59,25-34,Inactive,,0.0,0,0.0,,0,,,,,,,,0,,3,9.0,27.0,5.0,0.0,0.0,Mobile,Direct,0,,,,0,,,0,0,,0.0,,,,,,,,,,,
337,Female,1959-02-19,Blocked,Springfield,YT,,CA,2017-05-14 04:21:43,2024-10-02,False,,,,66,3174,476,65 and over,Dormant,,0.0,0,0.0,,0,,,,,,,,0,,3,5.666666666666667,25.0,6.0,0.0,0.0,Desktop,Social Media,0,,,,0,,,0,0,,0.0,,,,,,,,,,,
338,Male,1944-09-04,Active,Madison,WY,88675.0,US,2017-06-27 14:15:25,2025-12-24,True,754.0,1.0,353.59,81,3130,28,65 and over,Active,Lost,353.59,1,353.59,353.59,3,3.0,,,2023-12-29 10:26:14,2023-12-29 10:26:14,,0.0,4,3.5,4,9.0,41.0,24.0,0.0,0.25,Mobile,Paid Search,0,,PayPal,754.0,0,0.0,1.160160132450331,4,2,0.0,2291.34,1450.75,50.0,0.0,3.0,5.0,1.0,351,Others,3.0,Medium Value,Low Risk
339,Male,2006-08-15,Active,Madison,WI,50565.0,US,2022-07-04 05:42:18,2025-01-15,True,1033.0,1.0,506.77,19,1297,371,18-24,Dormant,Lost,506.77,1,506.77,506.77,1,1.0,,,2023-03-25 16:35:55,2023-03-25 16:35:55,,0.0,1,4.0,5,20.666666666666668,36.0,17.0,0.2,0.0,Wearable,Paid Search,2,0.0,Credit Card,1033.0,0,0.0,1.4522247195357834,2,2,0.0,3331.7300000000005,738.5,100.0,0.0,2.0,5.0,1.0,251,Others,2.6666666666666665,Low Value,Low Risk
340,Male,1977-02-22,Active,Salem,NJ,52233.0,US,2017-05-19 05:12:39,2025-02-01,True,,,,48,3169,354,45-54,Dormant,,0.0,0,0.0,,0,,,,,,,,0,,1,,4.0,3.0,0.0,1.0,Mobile,Referral,2,1.0,,,0,,,0,0,,0.0,,,,,,,,,,,
341,Female,1990-07-11,Active,Madison,SK,,CA,2023-02-21 10:07:39,2025-12-09,True,,,,35,1065,43,35-44,Inactive,,0.0,0,0.0,,0,,,,,,,,0,,5,16.0,52.0,31.0,0.0,0.2,Smart TV,Paid Search,3,0.0,,,0,,,1,1,0.0,361.94,197.0,100.0,0.0,,,,,,,,
342,Female,1961-10-23,Active,Salem,CT,15339.0,US,2015-07-21 08:19:53,2025-03-19,True,2844.0,1.0,1071.24,64,3837,308,55-64,Dormant,Lost,2142.48,1,2142.48,1071.24,3,1.5,,,2018-04-09 09:41:23,2018-04-09 09:41:23,,0.0,7,4.0,2,8.0,15.0,6.0,0.5,0.0,Desktop,Direct,4,0.0,Credit Card,2844.0,0,0.0,4.699019753954306,2,1,0.0,978.66,3285.0,50.0,0.0,1.0,5.0,2.0,152,Hibernating,2.6666666666666665,Low Value,High Risk
343,Male,1950-05-11,Closed,Medicine Hat,AB,,CA,2022-01-27 00:30:13,2022-10-13,False,,,,75,1455,1196,65 and over,Dormant,,0.0,0,0.0,,0,,,,,,,,0,,3,5.0,28.0,13.0,0.3333333333333333,0.0,Wearable,Organic Search,0,,,,0,,,0,0,,0.0,,,,,,,,,,,
344,Male,1947-07-08,Active,Seattle,WA,58333.0,US,2022-09-02 12:08:13,2025-08-05,True,228.0,1.0,1219.32,78,1237,169,65 and over,Dormant,Lost,1219.32,1,1219.32,1219.32,1,1.0,118.23,118.23,2025-06-07 12:36:57,2025-06-07 12:36:57,,0.0,2,4.0,2,10.0,14.0,13.0,0.0,0.0,Mobile,Direct,1,1.0,Credit Card,228.0,0,0.0,3.0133124890829697,1,1,0.0,1182.29,229.0,100.0,0.0,4.0,5.0,3.0,453,Loyal Customers,4.0,High Value,Low Risk
345,Female,1978-02-16,Active,Bristol,LA,61196.0,US,2016-03-28 09:09:18,2025-08-03,True,815.0,1.0,738.02,47,3586,171,45-54,Dormant,Lost,1476.04,1,1476.04,738.02,3,1.5,,,2023-10-29 08:28:49,2023-10-29 08:28:49,,0.0,5,3.6,5,25.5,58.0,21.0,0.0,0.6,Tablet,Direct,1,0.0,PayPal,815.0,0,0.0,3.4010996078431375,1,1,0.0,681.53,818.0,100.0,0.0,2.0,5.0,2.0,252,Others,3.0,Medium Value,Low Risk
346,Male,1968-11-14,Inactive,Bristol,MB,,CA,2023-05-16 12:01:04,2024-12-16,False,,,,57,981,401,55-64,Dormant,,0.0,0,0.0,,0,,,,,,,,2,4.5,11,36.7,200.0,71.0,0.0,0.18181818181818182,Mobile,Direct,2,0.0,,,0,,,0,0,,0.0,,,,,,,,,,,
347,Female,1971-03-13,Active,Bristol,NB,,CA,2019-01-01 15:48:15,2025-03-28,True,939.0,1.0,1443.14,54,2577,299,45-54,Dormant,Lost,2886.28,1,2886.28,1443.14,5,2.5,,,2023-06-27 11:42:42,2023-06-27 11:42:42,,2.0,2,3.0,2,34.0,35.0,18.0,0.0,0.0,Desktop,Email,2,0.5,Credit Card,939.0,0,200.0,6.215113191489362,1,1,0.0,1314.73,941.0,100.0,0.0,2.0,5.0,3.0,253,At Risk,3.3333333333333335,Medium Value,High Risk
348,Female,2008-01-02,Inactive,Clinton,NU,,CA,2024-07-09 07:02:30,2025-04-19,False,,,,18,561,277,18-24,Dormant,,0.0,0,0.0,,0,,,,,,,,1,3.0,6,10.8,65.0,26.0,0.0,0.6666666666666666,Mobile,Direct,1,0.0,,,0,,,3,2,0.0,0.0,345.0,66.66666666666666,0.0,,,,,,,,
349,Female,1978-10-02,Inactive,Reading,PA,53260.0,US,2016-03-20 02:48:10,2018-08-04,False,552.0,1.0,1045.29,47,3594,2727,45-54,Dormant,Lost,3135.87,1,3135.87,1045.29,6,2.0,27.240000000000002,9.08,2024-07-18 18:30:28,2024-07-18 18:30:28,,0.0,9,4.111111111111111,8,5.25,34.0,14.0,0.125,0.25,Mobile,Social Media,2,0.0,Credit Card,552.0,0,0.0,6.74407273056058,3,2,0.0,1138.07,1679.3333333333333,66.66666666666666,0.0,3.0,5.0,2.0,352,Others,3.3333333333333335,Medium Value,Low Risk
350,Other,1952-05-31,Pending,Richmond,BC,,CA,2025-02-06 01:14:47,1900-01-01,False,,,,73,349,46041,65 and over,Dormant,,0.0,0,0.0,,0,,,,,,,,0,,0,,,,,,,,0,,,,0,,,0,0,,0.0,,,,,,,,,,,
351,Male,1998-03-11,Inactive,Georgetown,MN,59682.0,US,2021-07-27 02:05:44,2022-08-20,False,106.0,1.0,330.63,27,1639,1250,25-34,Dormant,At Risk,330.63,1,330.63,330.63,1,1.0,68.46,68.46,2025-10-07 13:56:14,2025-10-07 13:56:14,,0.0,3,4.666666666666667,8,12.25,65.0,22.0,0.0,0.125,Desktop,Organic Search,0,,Apple Pay,106.0,0,0.0,1.4350917757009345,1,1,0.0,342.29,107.0,100.0,0.0,5.0,5.0,1.0,551,New Customers,3.6666666666666665,Medium Value,Low Risk
352,Male,1980-01-14,Active,Aurora,CO,77618.0,US,2020-03-29 00:02:38,2025-11-29,True,,,,46,2124,53,45-54,Inactive,,0.0,0,0.0,,0,,,,,,,,1,4.0,4,3.0,27.0,5.0,0.0,0.0,Mobile,Social Media,2,0.0,,,0,,,0,0,,0.0,,,,,,,,,,,
353,Female,1962-08-10,Active,Salem,DE,43136.0,US,2019-08-08 19:54:39,2025-03-15,True,,,,63,2358,312,55-64,Dormant,,0.0,0,0.0,,0,,,,,,,,3,4.0,3,17.0,40.0,12.0,0.0,0.6666666666666666,Tablet,Email,2,0.0,,,0,,,2,2,0.0,591.36,1085.5,100.0,0.0,,,,,,,,
354,Male,1953-09-25,Active,Franklin,VA,58268.0,US,2022-10-24 12:39:43,2025-07-27,True,405.0,1.0,3415.16,72,1185,178,65 and over,Dormant,Lost,3415.16,1,3415.16,3415.16,2,2.0,,,2024-12-12 20:30:35,2024-12-12 20:30:35,,0.0,8,4.5,4,4.0,23.0,17.0,0.25,0.25,Desktop,Organic Search,2,0.0,PayPal,405.0,0,0.0,7.328842167487684,2,2,0.0,2268.7200000000003,729.5,100.0,0.0,4.0,5.0,5.0,455,Champions,4.666666666666667,High Value,Low Risk
355,Female,1943-02-16,Active,London,ON,,CA,2022-07-01 02:30:24,2025-07-20,True,352.0,1.0,228.33,82,1300,185,65 and over,Dormant,Lost,228.33,1,228.33,228.33,1,1.0,20.69,20.69,2025-02-03 20:49:39,2025-02-03 20:49:39,,0.0,3,5.0,2,7.5,29.0,7.0,0.0,0.0,Mobile,Organic Search,1,1.0,Apple Pay,352.0,0,0.0,0.9699744475920681,2,2,0.0,206.93,352.0,100.0,0.0,4.0,5.0,1.0,451,New Customers,3.3333333333333335,Medium Value,Low Risk
356,Female,1945-05-17,Inactive,Los Angeles,CA,90199.0,US,2021-10-20 06:15:37,2022-04-26,False,,,,80,1554,1366,65 and over,Dormant,,0.0,0,0.0,,0,,,,,,,,1,3.0,8,16.125,154.0,74.0,0.125,0.0,Desktop,Paid Search,2,0.5,,,0,,,0,0,,0.0,,,,,,,,,,,
357,Female,1994-08-13,Active,Fairview,AL,99144.0,US,2020-11-15 00:15:44,2025-06-14,True,,,,31,1893,221,25-34,Dormant,,0.0,0,0.0,,0,,,,,,,,2,4.0,2,28.0,33.0,15.0,0.0,0.0,Tablet,Social Media,2,0.5,,,0,,,2,2,0.0,7890.639999999999,111.0,100.0,0.0,,,,,,,,
358,Female,1993-08-30,Active,Madison,WV,27046.0,US,2016-07-24 13:12:10,2025-10-05,True,,,,32,3468,108,25-34,Dormant,,0.0,0,0.0,,0,,,,,,,,1,5.0,3,11.666666666666666,41.0,29.0,0.0,0.0,Desktop,Direct,1,0.0,,,0,,,0,0,,0.0,,,,,,,,,,,
359,Male,1960-02-19,Active,Franklin,OK,91419.0,US,2016-02-14 05:49:13,2025-08-16,True,,,,65,3629,158,65 and over,Dormant,,0.0,0,0.0,,0,,,,,,,,2,4.5,0,,,,,,,,3,0.6666666666666666,,,0,,,1,1,0.0,1973.0700000000002,2673.0,100.0,0.0,,,,,,,,
360,Male,2005-12-24,Active,Bristol,AK,43455.0,US,2020-05-12 01:06:42,2025-06-18,True,,,,20,2080,217,18-24,Dormant,,0.0,0,0.0,,0,,,,,,,,1,3.0,7,10.5,75.0,34.0,0.0,0.14285714285714285,Mobile,Paid Search,0,,,,0,,,0,0,,0.0,,,,,,,,,,,
361,Female,1958-06-26,Active,Fairview,NT,,CA,2025-09-09 05:56:12,2025-12-11,True,,,,67,134,41,65 and over,Inactive,,0.0,0,0.0,,0,,,,,,,,1,4.0,1,9.0,13.0,8.0,0.0,0.0,Mobile,Organic Search,1,0.0,,,0,,,1,1,0.0,1165.29,70.0,100.0,0.0,,,,,,,,
362,Female,1941-04-25,Closed,Cleveland,OH,66904.0,US,2025-01-23 11:26:56,2025-03-24,False,,,,84,363,303,65 and over,Dormant,,0.0,0,0.0,,0,,,,,,,,0,,3,22.0,49.0,27.0,0.0,0.0,Smart TV,Paid Search,0,,,,0,,,0,0,,0.0,,,,,,,,,,,
363,Male,1976-10-21,Active,Bristol,HI,39325.0,US,2021-01-26 04:15:37,2025-07-18,True,,,,49,1821,187,45-54,Dormant,,0.0,0,0.0,,0,,,,,,,,0,,8,16.142857142857142,133.0,44.0,0.0,0.125,Desktop,Social Media,2,0.5,,,0,,,1,1,0.0,432.84,610.0,100.0,0.0,,,,,,,,
364,Female,1977-12-04,Closed,Jacksonville,FL,63955.0,US,2022-01-12 04:03:46,2024-02-05,False,,,,48,1470,716,45-54,Dormant,,0.0,0,0.0,,0,,,,,,,,0,,2,9.0,31.0,21.0,0.0,0.5,Tablet,Direct,0,,,,0,,,0,0,,0.0,,,,,,,,,,,
365,Female,1955-10-11,Active,Salem,MN,25894.0,US,2022-08-09 03:05:38,2025-10-02,True,,,,70,1261,111,65 and over,Dormant,,0.0,0,0.0,,0,,,,,,,,1,2.0,2,1.5,8.0,3.0,0.0,0.0,Desktop,Social Media,1,0.0,,,0,,,1,1,0.0,2357.7200000000003,322.0,100.0,0.0,,,,,,,,
366,Prefer Not To Say,2002-03-25,Active,Raleigh,NC,34464.0,US,2018-01-09 03:25:30,2025-03-26,True,,,,23,2934,301,18-24,Dormant,,0.0,0,0.0,,0,,,,,,,,2,3.0,4,12.5,46.0,31.0,0.25,0.25,Desktop,Direct,2,1.0,,,0,,,0,0,,0.0,,,,,,,,,,,
367,Other,1954-03-09,Active,Austin,TX,11944.0,US,2024-08-23 00:23:48,2025-12-23,True,113.0,1.0,2325.32,71,516,29,65 and over,Active,At Risk,4650.64,1,4650.64,2325.32,5,2.5,,,2025-09-30 02:44:54,2025-09-30 02:44:54,,2.0,0,,7,58.714285714285715,264.0,49.0,0.2857142857142857,0.0,Mobile,Email,1,1.0,Gift Card,113.0,0,200.0,10.052157192982456,2,1,0.0,2156.75,115.0,50.0,0.0,5.0,5.0,4.0,554,Champions,4.666666666666667,High Value,Low Risk
368,Female,1955-03-31,Pending,Clinton,SK,,CA,2016-06-03 01:54:21,1900-01-01,False,,,,70,3519,46041,65 and over,Dormant,,0.0,0,0.0,,0,,,,,,,,0,,0,,,,,,,,0,,,,0,,,0,0,,0.0,,,,,,,,,,,
369,Female,1985-06-09,Inactive,New York,NY,94319.0,US,2021-11-05 17:31:24,2024-11-18,False,937.0,1.0,3429.29,40,1538,429,35-44,Dormant,Lost,13717.16,1,13717.16,3429.29,10,2.5,,,2023-06-29 13:56:29,2023-06-29 13:56:29,,4.0,1,5.0,3,8.0,27.0,19.0,0.0,0.0,Mobile,Social Media,3,0.0,,937.0,0,400.0,27.87696392324094,1,1,0.0,3128.6,938.0,100.0,0.0,2.0,5.0,5.0,255,At Risk,4.0,High Value,High Risk
370,Male,1995-11-21,Active,Riverside,PE,,CA,2018-04-19 05:40:15,2025-02-03,True,,,,30,2834,352,25-34,Dormant,,0.0,0,0.0,,0,,,,,,,,0,,5,4.0,33.0,7.0,0.0,0.4,Desktop,Organic Search,4,0.5,,,0,,,3,1,0.0,962.8,620.0,33.33333333333333,0.0,,,,,,,,
371,Male,1973-11-09,Inactive,Fairview,MD,25725.0,US,2015-04-16 20:31:33,2018-03-28,False,,,,52,3933,2856,45-54,Dormant,,0.0,0,0.0,,0,,,,,,,,1,4.0,1,9.0,7.0,4.0,1.0,0.0,Mobile,Social Media,2,0.0,,,0,,,3,1,0.0,1081.45,3897.0,33.33333333333333,0.0,,,,,,,,
372,Female,1951-12-27,Active,Georgetown,WY,62716.0,US,2022-10-22 18:33:30,2025-03-12,True,,,,74,1187,315,65 and over,Dormant,,0.0,0,0.0,,0,,,,,,,,2,4.0,3,39.5,89.0,37.0,0.0,0.3333333333333333,Desktop,Direct,2,0.5,,,0,,,1,1,0.0,2717.92,301.0,100.0,0.0,,,,,,,,
373,Prefer Not To Say,1989-08-09,Pending,Lowell,MA,47753.0,US,2022-02-02 10:46:37,1900-01-01,False,,,,36,1449,46041,35-44,Dormant,,0.0,0,0.0,,0,,,,,,,,0,,0,,,,,,,,0,,,,0,,,0,0,,0.0,,,,,,,,,,,
374,Male,1985-01-20,Active,Franklin,WV,58343.0,US,2016-08-13 15:54:44,2025-09-03,True,1102.0,1.0,507.27,41,3448,140,35-44,Dormant,Lost,507.27,1,507.27,507.27,2,2.0,,,2023-01-15 14:55:27,2023-01-15 14:55:27,,0.0,3,4.333333333333333,4,3.0,26.0,16.0,0.0,0.0,Mobile,Social Media,1,0.0,PayPal,1102.0,0,0.0,1.4508047325475975,1,1,0.0,464.06,1103.0,100.0,0.0,2.0,5.0,1.0,251,Others,2.6666666666666665,Low Value,Low Risk
375,Female,1982-09-09,Pending,Jacksonville,FL,30284.0,US,2018-08-07 08:47:23,1900-01-01,False,,,,43,2724,46041,35-44,Dormant,,0.0,0,0.0,,0,,,,,,,,0,,0,,,,,,,,0,,,,0,,,0,0,,0.0,,,,,,,,,,,
376,Male,1960-07-13,Inactive,Salem,SK,,CA,2025-05-20 18:41:37,2025-07-06,False,,,,65,246,199,65 and over,Dormant,,0.0,0,0.0,,0,,,,,,,,0,,4,15.0,45.0,25.0,0.25,0.25,Mobile,Organic Search,2,0.0,,,0,,,2,2,0.0,2640.2599999999998,227.0,100.0,0.0,,,,,,,,
377,Male,1988-04-26,Closed,Ottawa,ON,,CA,2025-03-19 15:46:07,2025-05-13,False,,,,37,308,253,35-44,Dormant,,0.0,0,0.0,,0,,,,,,,,0,,1,50.0,13.0,,0.0,0.0,Tablet,Organic Search,0,,,,0,,,0,0,,0.0,,,,,,,,,,,
378,Female,1998-03-24,Active,Fairview,OR,52039.0,US,2020-12-31 12:59:03,2025-12-04,True,138.0,1.0,234.98,27,1847,48,25-34,Inactive,At Risk,469.96,1,469.96,234.98,2,1.0,,,2025-09-05 19:03:52,2025-09-05 19:03:52,,0.0,1,5.0,4,33.666666666666664,73.0,16.0,0.0,0.25,Mobile,Paid Search,0,,Credit Card,138.0,0,0.0,1.6276897841726616,2,2,0.0,2677.08,91.0,100.0,0.0,5.0,5.0,1.0,551,New Customers,3.6666666666666665,Medium Value,Low Risk
379,Male,1949-01-17,Inactive,Clinton,NH,35945.0,US,2016-04-19 03:24:25,2017-06-21,False,,,,77,3564,3136,65 and over,Dormant,,0.0,0,0.0,,0,,,,,,,,1,4.0,1,25.0,12.0,6.0,0.0,0.0,Desktop,Paid Search,1,0.0,,,0,,,0,0,,0.0,,,,,,,,,,,
380,Female,1994-02-05,Active,Erie,PA,12239.0,US,2017-03-04 22:54:23,2025-06-29,True,,,,31,3245,206,25-34,Dormant,,0.0,0,0.0,,0,,,,,,,,0,,5,17.0,88.0,34.0,0.2,0.0,Mobile,Paid Search,3,0.0,,,0,,,1,1,0.0,0.0,,100.0,0.0,,,,,,,,
381,Male,1984-01-16,Active,Riverside,TN,54877.0,US,2017-08-03 17:31:17,2025-11-24,True,,,,42,3093,58,35-44,Inactive,,0.0,0,0.0,,0,,,,,,,,1,5.0,3,15.0,31.0,17.0,0.0,0.0,Desktop,Email,2,0.0,,,0,,,1,0,0.0,0.0,,0.0,0.0,,,,,,,,
382,Male,1974-05-30,Inactive,Charlotte,NC,15076.0,US,2018-03-13 13:53:11,2020-12-15,False,,,,51,2871,1863,45-54,Dormant,,0.0,0,0.0,,0,,,,,,,,0,,3,,9.0,3.0,0.0,0.0,Mobile,Organic Search,0,,,,0,,,0,0,,0.0,,,,,,,,,,,
383,Male,2005-08-13,Active,Georgetown,ME,79559.0,US,2019-10-27 10:45:03,2025-05-01,True,,,,20,2278,265,18-24,Dormant,,0.0,0,0.0,,0,,,,,,,,0,,2,6.0,11.0,2.0,0.0,0.5,Mobile,Paid Search,1,0.0,,,0,,,3,2,0.0,407.47,1604.0,66.66666666666666,0.0,,,,,,,,
384,Male,1970-12-25,Active,Clinton,ND,28117.0,US,2017-03-25 21:51:55,2025-09-14,True,,,,55,3224,129,55-64,Dormant,,0.0,0,0.0,,0,,,,,,,,0,,4,7.666666666666667,34.0,20.0,0.0,0.25,Mobile,Referral,2,0.5,,,0,,,0,0,,0.0,,,,,,,,,,,
385,Female,1990-07-26,Active,Fairview,SC,75776.0,US,2015-10-06 22:36:48,2025-01-01,True,,,,35,3760,385,35-44,Dormant,,0.0,0,0.0,,0,,,,,,,,1,3.0,5,14.2,78.0,44.0,0.0,0.4,Tablet,Direct,1,1.0,,,0,,,1,0,0.0,0.0,1480.0,0.0,0.0,,,,,,,,
386,Female,1957-06-17,Inactive,Henderson,NV,13448.0,US,2017-05-13 23:44:32,2024-11-16,False,,,,68,3175,431,65 and over,Dormant,,0.0,0,0.0,,0,,,,,,,,0,,4,5.5,40.0,24.0,0.25,0.25,Tablet,Direct,2,0.0,,,0,,,2,2,0.0,2383.88,2013.0,100.0,0.0,,,,,,,,
387,Female,2000-05-20,Closed,Riverside,WI,69151.0,US,2020-09-12 00:52:52,2021-02-03,False,,,,25,1957,1813,25-34,Dormant,,0.0,0,0.0,,0,,,,,,,,0,,5,12.25,66.0,14.0,0.4,0.2,Mobile,Social Media,0,,,,0,,,0,0,,0.0,,,,,,,,,,,
388,Male,1951-08-14,Active,Georgetown,IA,59464.0,US,2017-11-25 02:50:37,2025-05-22,True,,,,74,2979,244,65 and over,Dormant,,0.0,0,0.0,,0,,,,,,,,0,,3,6.5,17.0,7.0,0.3333333333333333,0.0,Tablet,Referral,1,0.0,,,0,,,2,1,0.0,1279.71,767.0,50.0,0.0,,,,,,,,
389,Male,1991-05-10,Active,Madison,IA,80073.0,US,2018-10-16 03:24:09,2025-10-04,True,578.0,2.0,1557.07,34,2654,109,25-34,Dormant,Lost,6690.47,2,6690.47,1115.0783333333334,10,1.6666666666666667,915.3700000000001,152.5616666666667,2023-08-21 12:22:03,2024-06-22 10:32:31,306.0,1.0,1,4.0,0,,,,,,,,4,0.25,Apple Pay,578.0,1,50.0,14.250024628670124,2,2,0.0,1631.44,732.0,100.0,0.0,3.0,5.0,3.0,353,Loyal Customers,3.6666666666666665,Medium Value,Low Risk
390,Prefer Not To Say,2008-12-04,Active,Georgetown,KY,82914.0,US,2025-12-24 07:22:42,2025-12-25,True,,,,17,28,27,Under 18,Active,,0.0,0,0.0,,0,,,,,,,,1,3.0,2,3.0,5.0,2.0,0.0,0.0,Tablet,Email,1,0.0,,,0,,,0,0,,0.0,,,,,,,,,,,
391,Female,1961-05-11,Closed,Bristol,OK,50844.0,US,2024-06-01 10:39:11,2024-12-20,False,,,,64,599,397,55-64,Dormant,,0.0,0,0.0,,0,,,,,,,,0,,5,51.25,62.0,42.0,0.2,0.2,Smart TV,Social Media,0,,,,0,,,0,0,,0.0,,,,,,,,,,,
392,Female,1946-08-04,Active,Salem,AR,73636.0,US,2017-07-19 19:34:48,2025-03-16,True,,,,79,3108,311,65 and over,Dormant,,0.0,0,0.0,,0,,,,,,,,3,3.3333333333333335,4,19.5,70.0,44.0,0.0,0.5,Desktop,Organic Search,2,0.5,,,0,,,0,0,,0.0,,,,,,,,,,,
393,Male,1942-04-30,Active,Winston-Salem,NC,13786.0,US,2024-03-13 09:20:27,2025-06-22,True,,,,83,679,213,65 and over,Dormant,,0.0,0,0.0,,0,,,,,,,,0,,5,13.6,100.0,43.0,0.2,0.2,Tablet,Direct,3,0.3333333333333333,,,0,,,1,0,0.0,0.0,640.0,0.0,0.0,,,,,,,,
394,Other,2001-08-15,Active,Georgetown,WI,90382.0,US,2019-10-09 05:54:11,2025-10-25,True,,,,24,2296,88,18-24,Inactive,,0.0,0,0.0,,0,,,,,,,,0,,2,13.5,26.0,1.0,0.0,0.0,Desktop,Paid Search,3,0.3333333333333333,,,0,,,1,0,0.0,0.0,527.0,0.0,0.0,,,,,,,,
395,Female,2004-10-27,Closed,Red Deer,AB,,CA,2023-05-11 17:08:12,2023-07-31,False,,,,21,986,905,18-24,Dormant,,0.0,0,0.0,,0,,,,,,,,0,,6,19.25,77.0,35.0,0.0,0.16666666666666666,Mobile,Social Media,0,,,,0,,,0,0,,0.0,,,,,,,,,,,
396,Male,1956-09-21,Active,Georgetown,MD,47382.0,US,2018-06-22 04:07:42,2025-03-15,True,,,,69,2770,312,65 and over,Dormant,,0.0,0,0.0,,0,,,,,,,,2,4.0,5,9.666666666666666,55.0,34.0,0.2,0.4,Desktop,Social Media,1,1.0,,,0,,,1,1,0.0,0.0,,100.0,0.0,,,,,,,,
397,Male,1975-02-01,Blocked,Clinton,MO,15466.0,US,2022-09-07 05:52:04,2025-05-06,False,,,,51,1232,260,45-54,Dormant,,0.0,0,0.0,,0,,,,,,,,0,,3,20.0,42.0,9.0,0.3333333333333333,0.3333333333333333,Desktop,Social Media,0,,,,0,,,0,0,,0.0,,,,,,,,,,,
398,Female,1980-07-24,Inactive,Cincinnati,OH,18645.0,US,2020-04-26 16:18:32,2021-01-26,False,,,,45,2096,1821,45-54,Dormant,,0.0,0,0.0,,0,,,,,,,,0,,2,29.0,53.0,27.0,0.0,0.5,Mobile,Direct,1,1.0,,,0,,,2,1,0.0,197.72,1081.5,50.0,0.0,,,,,,,,
399,Female,2002-12-30,Pending,Riverside,NM,45945.0,US,2022-09-13 01:19:20,1900-01-01,False,,,,23,1226,46041,18-24,Dormant,,0.0,0,0.0,,0,,,,,,,,0,,0,,,,,,,,0,,,,0,,,0,0,,0.0,,,,,,,,,,,
400,Female,1950-04-19,Active,Chester,ID,77460.0,US,2016-09-10 03:41:42,2025-03-18,True,,,,75,3420,309,65 and over,Dormant,,0.0,0,0.0,,0,,,,,,,,1,5.0,5,6.5,48.0,25.0,0.0,0.0,Mobile,Paid Search,3,0.6666666666666666,,,0,,,0,0,,0.0,,,,,,,,,,,
401,Female,1991-02-10,Active,Madison,OK,51854.0,US,2025-04-24 21:30:45,2025-09-18,True,,,,34,272,125,25-34,Dormant,,0.0,0,0.0,,0,,,,,,,,0,,3,81.33333333333333,56.0,20.0,0.0,0.3333333333333333,Mobile,Direct,4,0.0,,,0,,,1,1,0.0,1023.85,97.0,100.0,0.0,,,,,,,,
402,Male,1978-11-27,Pending,Madison,MS,21343.0,US,2018-01-05 02:04:00,1900-01-01,False,,,,47,2938,46041,45-54,Dormant,,0.0,0,0.0,,0,,,,,,,,0,,0,,,,,,,,0,,,,0,,,0,0,,0.0,,,,,,,,,,,
403,Female,1991-10-18,Active,Salem,NJ,13063.0,US,2016-04-29 15:33:43,2025-01-21,True,,,,34,3554,365,25-34,Dormant,,0.0,0,0.0,,0,,,,,,,,1,4.0,3,9.5,10.0,3.0,0.0,0.0,Desktop,Email,0,,,,0,,,2,0,0.0,0.0,854.5,0.0,0.0,,,,,,,,
404,Other,1982-05-25,Closed,Chester,CT,98208.0,US,2019-01-19 10:32:20,2024-06-30,False,,,,43,2559,570,35-44,Dormant,,0.0,0,0.0,,0,,,,,,,,0,,4,15.333333333333334,45.0,9.0,0.5,0.0,Mobile,Direct,0,,,,0,,,0,0,,0.0,,,,,,,,,,,
405,Female,1974-06-28,Active,Calgary,AB,,CA,2020-06-14 01:20:27,2025-04-10,True,1821.0,1.0,3078.0,51,2047,286,45-54,Dormant,Lost,3078.0,1,3078.0,3078.0,4,4.0,,,2021-01-26 02:14:02,2021-01-26 02:14:02,,0.0,2,4.5,5,14.0,87.0,26.0,0.0,0.0,Mobile,Organic Search,1,1.0,PayPal,1821.0,0,0.0,6.577953896816685,2,1,0.0,230.68,1767.5,50.0,0.0,1.0,5.0,5.0,155,At Risk,3.6666666666666665,Medium Value,High Risk
406,Male,1998-08-04,Active,Mesa,AZ,39807.0,US,2022-10-30 01:05:07,2025-03-05,True,,,,27,1179,322,25-34,Dormant,,0.0,0,0.0,,0,,,,,,,,2,4.5,4,35.333333333333336,81.0,36.0,0.0,0.25,Mobile,Email,1,0.0,,,0,,,1,1,0.0,3564.0,1096.0,100.0,0.0,,,,,,,,
407,Male,1991-12-14,Active,Bristol,LA,25147.0,US,2020-11-07 14:26:37,2025-03-16,True,,,,34,1901,311,25-34,Dormant,,0.0,0,0.0,,0,,,,,,,,1,4.0,3,10.333333333333334,36.0,21.0,0.0,0.0,Tablet,Direct,1,1.0,,,0,,,0,0,,0.0,,,,,,,,,,,
408,Female,1997-08-13,Active,Aurora,CO,62044.0,US,2025-11-13 09:25:58,2025-12-17,True,47.0,1.0,3999.05,28,69,35,25-34,Inactive,Uncategorized,19995.25,1,19995.25,3999.05,12,2.4,49.050000000000004,9.81,2025-12-05 06:28:11,2025-12-05 06:28:11,,0.0,1,4.0,4,16.333333333333332,53.0,17.0,0.25,0.25,Mobile,Social Media,1,0.0,,47.0,0,0.0,41.22383333333333,1,1,0.0,3685.88,49.0,100.0,0.0,5.0,5.0,5.0,555,Champions,5.0,High Value,Low Risk
409,Male,1962-01-06,Active,Springfield,NE,20346.0,US,2018-07-14 08:44:05,2025-01-09,True,83.0,1.0,3077.45,64,2748,377,55-64,Dormant,Uncategorized,6154.9,1,6154.9,3077.45,4,2.0,19.36,9.68,2025-10-30 11:51:32,2025-10-30 11:51:32,,0.0,6,3.1666666666666665,4,8.0,29.0,11.0,0.0,0.25,Mobile,Organic Search,3,0.3333333333333333,Credit Card,83.0,0,0.0,13.185990476190476,1,1,0.0,2746.1600000000003,84.0,100.0,0.0,5.0,5.0,5.0,555,Champions,5.0,High Value,Low Risk
410,Male,2009-04-02,Active,Clinton,WI,58994.0,US,2023-11-02 02:04:34,2025-07-24,True,,,,16,811,181,Under 18,Dormant,,0.0,0,0.0,,0,,,,,,,,1,5.0,5,77.66666666666667,80.0,37.0,0.4,0.0,Mobile,Paid Search,1,0.0,,,0,,,2,2,0.0,2922.68,375.0,100.0,0.0,,,,,,,,
411,Male,1962-09-19,Inactive,Allentown,PA,39494.0,US,2020-05-15 16:17:44,2021-10-11,False,,,,63,2077,1563,55-64,Dormant,,0.0,0,0.0,,0,,,,,,,,0,,4,23.0,88.0,22.0,0.0,0.0,Tablet,Organic Search,1,0.0,,,0,,,0,0,,0.0,,,,,,,,,,,
412,Male,1944-08-12,Inactive,Chester,NE,43197.0,US,2022-03-19 13:53:43,2022-06-23,False,,,,81,1404,1308,65 and over,Dormant,,0.0,0,0.0,,0,,,,,,,,0,,2,31.5,41.0,26.0,0.0,0.5,Desktop,Display Ads,5,0.2,,,0,,,2,2,0.0,2705.51,358.0,100.0,0.0,,,,,,,,
413,Male,1979-01-13,Inactive,Bristol,MB,,CA,2018-06-30 05:25:02,2021-01-30,False,,,,47,2762,1817,45-54,Dormant,,0.0,0,0.0,,0,,,,,,,,1,5.0,7,19.666666666666668,78.0,21.0,0.2857142857142857,0.14285714285714285,Desktop,Direct,1,0.0,,,0,,,2,1,0.0,2228.8599999999997,2357.0,50.0,0.0,,,,,,,,
414,Male,1952-03-17,Closed,Boulder,CO,51018.0,US,2020-11-09 18:58:31,2024-11-28,False,,,,73,1899,419,65 and over,Dormant,,0.0,0,0.0,,0,,,,,,,,0,,5,17.6,86.0,52.0,0.4,0.2,Tablet,Email,0,,,,0,,,0,0,,0.0,,,,,,,,,,,
415,Prefer Not To Say,2008-09-06,Active,Aurora,CO,46535.0,US,2024-05-06 05:00:03,2025-09-25,True,,,,17,625,118,Under 18,Dormant,,0.0,0,0.0,,0,,,,,,,,2,3.5,2,6.0,15.0,7.0,0.0,0.0,Mobile,Direct,3,0.3333333333333333,,,0,,,2,2,0.0,1860.78,507.5,100.0,0.0,,,,,,,,
416,Male,1971-12-10,Closed,Riverside,RI,64488.0,US,2023-01-08 19:14:59,2025-05-06,False,,,,54,1109,260,45-54,Dormant,,0.0,0,0.0,,0,,,,,,,,0,,3,10.5,42.0,17.0,0.0,0.0,Desktop,Paid Search,0,,,,0,,,0,0,,0.0,,,,,,,,,,,
417,Female,1978-09-13,Active,Salem,IA,30050.0,US,2020-06-17 00:32:03,2025-06-20,True,,,,47,2044,215,45-54,Dormant,,0.0,0,0.0,,0,,,,,,,,1,4.0,5,13.75,75.0,38.0,0.0,0.4,Tablet,Email,2,0.5,,,0,,,1,1,0.0,266.52,39.0,100.0,0.0,,,,,,,,
418,Male,1974-11-09,Active,Clinton,NL,,CA,2016-11-16 14:12:08,2025-09-30,True,,,,51,3353,113,45-54,Dormant,,0.0,0,0.0,,0,,,,,,,,0,,3,14.5,33.0,6.0,0.3333333333333333,0.0,Mobile,Email,2,0.0,,,0,,,0,0,,0.0,,,,,,,,,,,
419,Female,1988-09-25,Inactive,Tacoma,WA,58469.0,US,2017-08-24 07:15:16,2019-11-30,False,,,,37,3072,2244,35-44,Dormant,,0.0,0,0.0,,0,,,,,,,,1,5.0,5,7.666666666666667,43.0,10.0,0.0,0.2,Mobile,Organic Search,2,0.0,,,0,,,0,0,,0.0,,,,,,,,,,,
420,Male,1974-03-25,Active,Springfield,MA,85460.0,US,2015-04-01 17:44:58,2025-12-21,True,,,,51,3948,31,45-54,Inactive,,0.0,0,0.0,,0,,,,,,,,1,4.0,6,83.0,76.0,40.0,0.16666666666666666,0.3333333333333333,Desktop,Social Media,1,0.0,,,0,,,2,1,0.0,829.52,963.0,50.0,0.0,,,,,,,,
421,Male,1978-04-24,Pending,Springfield,VA,69350.0,US,2024-02-27 03:19:49,1900-01-01,False,,,,47,694,46041,45-54,Dormant,,0.0,0,0.0,,0,,,,,,,,0,,0,,,,,,,,0,,,,0,,,0,0,,0.0,,,,,,,,,,,
422,Male,1969-08-07,Closed,Springfield,HI,79341.0,US,2016-10-02 06:23:52,2024-02-17,False,,,,56,3398,704,55-64,Dormant,,0.0,0,0.0,,0,,,,,,,,0,,3,37.666666666666664,67.0,25.0,0.0,0.0,Desktop,Direct,0,,,,0,,,0,0,,0.0,,,,,,,,,,,
423,Other,1954-09-21,Active,Georgetown,ID,70701.0,US,2024-02-15 14:59:34,2025-11-22,True,,,,71,706,60,65 and over,Inactive,,0.0,0,0.0,,0,,,,,,,,0,,2,13.5,32.0,8.0,0.0,1.0,Mobile,Social Media,3,0.3333333333333333,,,0,,,0,0,,0.0,,,,,,,,,,,
424,Male,1976-02-05,Active,Dallas,TX,40753.0,US,2016-12-21 23:01:38,2025-01-29,True,185.0,1.0,430.99,49,3318,357,45-54,Dormant,Lost,861.98,1,861.98,430.99,3,1.5,77.5,38.75,2025-07-20 16:04:13,2025-07-20 16:04:13,,0.0,0,,1,10.0,20.0,13.0,0.0,0.0,Desktop,Email,2,0.0,Cash on Delivery,185.0,0,0.0,2.3390137634408603,2,2,0.0,2677.35,187.0,100.0,0.0,5.0,5.0,1.0,551,New Customers,3.6666666666666665,Medium Value,Low Risk
425,Male,1944-02-27,Active,Joliet,IL,15056.0,US,2020-04-07 12:05:58,2025-11-30,True,,,,81,2115,52,65 and over,Inactive,,0.0,0,0.0,,0,,,,,,,,0,,3,6.666666666666667,37.0,20.0,0.0,0.3333333333333333,Tablet,Organic Search,4,0.5,,,0,,,1,1,0.0,778.94,1694.0,100.0,0.0,,,,,,,,
426,Other,1964-03-18,Inactive,Toronto,ON,,CA,2023-09-28 12:30:12,2024-08-26,False,,,,61,846,513,55-64,Dormant,,0.0,0,0.0,,0,,,,,,,,0,,2,30.5,61.0,19.0,0.0,0.0,Tablet,Direct,2,0.0,,,0,,,4,3,0.0,3950.6099999999997,335.25,75.0,0.0,,,,,,,,
427,Male,1946-01-05,Active,Worcester,MA,11776.0,US,2018-01-17 12:43:50,2025-04-17,True,,,,80,2926,279,65 and over,Dormant,,0.0,0,0.0,,0,,,,,,,,2,4.5,4,6.5,27.0,12.0,0.0,0.0,Mobile,Direct,1,0.0,,,0,,,4,3,0.0,4782.92,1665.5,75.0,0.0,,,,,,,,
428,Male,2001-03-12,Active,Salem,HI,30748.0,US,2016-01-10 18:46:24,2025-02-25,True,1118.0,1.0,823.07,24,3664,330,18-24,Dormant,Lost,823.07,1,823.07,823.07,1,1.0,403.91,403.91,2022-12-30 17:25:23,2022-12-30 17:25:23,,0.0,8,4.375,1,5.0,13.0,5.0,0.0,0.0,Smart TV,Organic Search,3,0.0,Credit Card,1118.0,0,0.0,2.081886201966041,2,1,0.0,1134.63,1117.5,50.0,0.0,2.0,5.0,2.0,252,Others,3.0,Medium Value,Low Risk
429,Male,1960-05-20,Closed,Salem,TN,98467.0,US,2015-10-31 05:27:31,2021-04-03,False,,,,65,3735,1754,65 and over,Dormant,,0.0,0,0.0,,0,,,,,,,,0,,3,9.333333333333334,32.0,12.0,0.3333333333333333,0.3333333333333333,Tablet,Paid Search,0,,,,0,,,0,0,,0.0,,,,,,,,,,,
430,Male,1984-08-31,Active,Franklin,AL,65163.0,US,2024-01-21 12:17:18,2025-03-12,True,,,,41,731,315,35-44,Dormant,,0.0,0,0.0,,0,,,,,,,,1,5.0,7,9.75,68.0,12.0,0.0,0.0,Tablet,Direct,1,0.0,,,0,,,1,1,0.0,2055.33,556.0,100.0,0.0,,,,,,,,
431,Prefer Not To Say,1998-01-03,Active,Franklin,ND,70643.0,US,2021-05-05 20:22:08,2025-03-09,True,,,,28,1722,318,25-34,Dormant,,0.0,0,0.0,,0,,,,,,,,2,3.0,3,8.0,17.0,14.0,0.0,0.3333333333333333,Tablet,Paid Search,2,0.0,,,0,,,0,0,,0.0,,,,,,,,,,,
432,Male,2000-01-07,Active,Chester,WY,86367.0,US,2022-11-05 17:10:09,2025-09-01,True,,,,26,1173,142,25-34,Dormant,,0.0,0,0.0,,0,,,,,,,,1,5.0,3,10.0,13.0,4.0,0.0,0.0,Tablet,Paid Search,5,0.2,,,0,,,2,2,0.0,1046.2799999999997,421.0,100.0,0.0,,,,,,,,
433,Female,2004-06-19,Pending,Springfield,NM,82794.0,US,2024-02-16 12:12:21,1900-01-01,False,,,,21,705,46041,18-24,Dormant,,0.0,0,0.0,,0,,,,,,,,0,,0,,,,,,,,0,,,,0,,,0,0,,0.0,,,,,,,,,,,
434,Female,1999-06-16,Closed,Riverside,ME,71055.0,US,2018-07-09 22:45:57,2020-02-06,False,,,,26,2753,2176,25-34,Dormant,,0.0,0,0.0,,0,,,,,,,,0,,7,14.5,85.0,27.0,0.14285714285714285,0.2857142857142857,Desktop,Paid Search,0,,,,0,,,0,0,,0.0,,,,,,,,,,,
435,Male,1996-12-26,Active,Los Angeles,CA,97861.0,US,2023-11-23 07:00:08,2025-12-16,True,,,,29,790,36,25-34,Inactive,,0.0,0,0.0,,0,,,,,,,,1,4.0,3,7.0,13.0,6.0,0.0,0.6666666666666666,Mobile,Organic Search,4,0.25,,,0,,,0,0,,0.0,,,,,,,,,,,
436,Female,1984-10-14,Active,Springfield,YT,,CA,2016-11-29 07:01:13,2025-08-09,True,,,,41,3340,165,35-44,Dormant,,0.0,0,0.0,,0,,,,,,,,2,4.0,2,6.0,11.0,3.0,0.0,0.5,Smart TV,Organic Search,2,0.0,,,0,,,0,0,,0.0,,,,,,,,,,,
437,Other,1957-11-15,Active,Hamilton,ON,,CA,2020-01-23 18:49:04,2025-09-20,True,,,,68,2190,123,65 and over,Dormant,,0.0,0,0.0,,0,,,,,,,,1,4.0,2,,9.0,5.0,0.0,0.0,Desktop,Display Ads,1,1.0,,,0,,,1,1,0.0,3458.1499999999996,1646.0,100.0,0.0,,,,,,,,
438,Female,1981-10-21,Active,Aurora,IL,10197.0,US,2017-01-14 05:01:23,2025-07-29,True,,,,44,3294,176,35-44,Dormant,,0.0,0,0.0,,0,,,,,,,,0,,6,31.4,110.0,24.0,0.0,0.3333333333333333,Desktop,Organic Search,4,0.25,,,0,,,1,1,0.0,1451.42,3191.0,100.0,0.0,,,,,,,,
439,Female,1986-07-27,Active,Georgetown,RI,64278.0,US,2022-09-04 11:04:39,2025-07-17,True,,,,39,1235,188,35-44,Dormant,,0.0,0,0.0,,0,,,,,,,,0,,4,78.66666666666667,42.0,25.0,0.0,0.0,Desktop,Organic Search,3,0.0,,,0,,,0,0,,0.0,,,,,,,,,,,
440,Female,1977-11-13,Active,Madison,SC,97042.0,US,2017-06-13 01:09:37,2025-07-15,True,,,,48,3144,190,45-54,Dormant,,0.0,0,0.0,,0,,,,,,,,0,,2,10.0,14.0,5.0,0.0,0.5,Desktop,Paid Search,1,0.0,,,0,,,2,2,0.0,2597.71,2627.0,100.0,0.0,,,,,,,,
441,Female,1978-06-19,Pending,Philadelphia,PA,79578.0,US,2021-01-03 15:25:19,1900-01-01,False,,,,47,1844,46041,45-54,Dormant,,0.0,0,0.0,,0,,,,,,,,0,,0,,,,,,,,0,,,,0,,,0,0,,0.0,,,,,,,,,,,
442,Female,1977-01-29,Closed,San Francisco,CA,33989.0,US,2018-02-28 12:47:19,2019-06-30,False,,,,49,2884,2397,45-54,Dormant,,0.0,0,0.0,,0,,,,,,,,0,,5,78.0,93.0,12.0,0.0,0.2,Desktop,Organic Search,0,,,,0,,,0,0,,0.0,,,,,,,,,,,
443,Male,1995-09-18,Inactive,Franklin,WV,10279.0,US,2021-08-30 19:17:36,2025-07-15,False,518.0,1.0,229.82,30,1605,190,25-34,Dormant,Lost,229.82,1,229.82,229.82,2,2.0,,,2024-08-21 09:22:26,2024-08-21 09:22:26,,1.0,0,,6,20.2,138.0,56.0,0.0,0.0,Desktop,Organic Search,2,0.5,PayPal,518.0,0,100.0,0.9367112909441233,4,4,0.0,541.0500000000001,396.75,100.0,0.0,3.0,5.0,1.0,351,Others,3.0,Medium Value,Low Risk
444,Female,1959-08-05,Active,Riverside,WV,76277.0,US,2024-11-21 16:39:57,2025-06-11,True,,,,66,426,224,65 and over,Dormant,,0.0,0,0.0,,0,,,,,,,,0,,1,26.0,25.0,3.0,0.0,1.0,Tablet,Paid Search,0,,,,0,,,0,0,,0.0,,,,,,,,,,,
445,Male,2006-08-18,Active,Springfield,WI,63223.0,US,2022-02-16 11:57:11,2025-05-03,True,,,,19,1435,263,18-24,Dormant,,0.0,0,0.0,,0,,,,,,,,0,,1,2.0,13.0,1.0,0.0,0.0,Tablet,Direct,3,0.0,,,0,,,1,1,0.0,586.94,1417.0,100.0,0.0,,,,,,,,
446,Prefer Not To Say,1986-03-07,Active,Franklin,SK,,CA,2022-10-16 03:22:37,2025-05-24,True,,,,39,1193,242,35-44,Dormant,,0.0,0,0.0,,0,,,,,,,,1,2.0,3,12.0,36.0,17.0,0.0,0.0,Mobile,Paid Search,3,0.0,,,0,,,3,1,0.0,4783.07,456.3333333333333,33.33333333333333,0.0,,,,,,,,
447,Female,1953-04-14,Inactive,Riverside,MD,67392.0,US,2021-06-30 19:01:28,2023-01-01,False,481.0,1.0,4541.21,72,1666,1116,65 and over,Dormant,Lost,13623.630000000001,1,13623.630000000001,4541.21,3,1.0,45.269999999999996,15.089999999999998,2024-09-27 22:15:45,2024-09-27 22:15:45,,0.0,0,,3,9.5,36.0,16.0,0.0,0.0,Tablet,Organic Search,1,0.0,PayPal,481.0,0,0.0,27.730247551867226,1,1,0.0,1256.52,482.0,100.0,0.0,3.0,5.0,5.0,355,Loyal Customers,4.333333333333333,High Value,Low Risk
448,Female,1962-10-19,Active,Franklin,RI,96885.0,US,2018-03-29 14:33:40,2025-07-02,True,1924.0,1.0,867.48,63,2855,203,55-64,Dormant,Lost,867.48,1,867.48,867.48,2,2.0,,,2020-10-15 00:16:44,2020-10-15 00:16:44,,0.0,0,,6,15.75,62.0,27.0,0.16666666666666666,0.3333333333333333,Smart TV,Direct,1,0.0,PayPal,1924.0,0,0.0,2.155739220779221,3,1,0.0,697.64,1478.3333333333333,33.33333333333333,0.0,1.0,5.0,2.0,152,Hibernating,2.6666666666666665,Low Value,High Risk
449,Female,1941-02-04,Closed,Joliet,IL,80957.0,US,2017-05-21 01:43:22,2021-10-05,False,,,,85,3167,1569,65 and over,Dormant,,0.0,0,0.0,,0,,,,,,,,0,,8,28.8,137.0,46.0,0.25,0.125,Wearable,Display Ads,0,,,,0,,,0,0,,0.0,,,,,,,,,,,
450,Female,1944-07-03,Active,Riverside,ID,89821.0,US,2019-03-28 04:50:49,2025-10-21,True,,,,81,2491,92,65 and over,Dormant,,0.0,0,0.0,,0,,,,,,,,2,4.5,2,12.0,26.0,13.0,0.0,0.0,Mobile,Direct,1,0.0,,,0,,,0,0,,0.0,,,,,,,,,,,
451,Male,1988-12-24,Blocked,Springfield,RI,10435.0,US,2017-07-11 10:00:31,2018-06-11,False,,,,37,3116,2781,35-44,Dormant,,0.0,0,0.0,,0,,,,,,,,0,,6,12.5,38.0,18.0,0.0,0.16666666666666666,Desktop,Direct,0,,,,0,,,0,0,,0.0,,,,,,,,,,,
452,Male,1973-11-20,Active,Bristol,OR,36140.0,US,2022-02-28 06:22:49,2025-10-13,True,475.0,1.0,703.85,52,1423,100,45-54,Dormant,Lost,2111.55,1,2111.55,703.85,4,1.3333333333333333,201.42000000000002,67.14,2024-10-03 17:44:16,2024-10-03 17:44:16,,0.0,16,4.0,8,19.142857142857142,124.0,29.0,0.25,0.125,Mobile,Referral,1,1.0,PayPal,475.0,0,0.0,4.707133613445379,3,3,0.0,1933.6200000000001,831.0,100.0,0.0,3.0,5.0,2.0,352,Others,3.3333333333333335,Medium Value,Low Risk
453,Male,1986-06-09,Active,Riverside,ID,68349.0,US,2020-12-31 05:51:58,2025-03-14,True,,,,39,1847,313,35-44,Dormant,,0.0,0,0.0,,0,,,,,,,,1,5.0,6,31.8,45.0,22.0,0.0,0.16666666666666666,Tablet,Organic Search,1,0.0,,,0,,,1,0,0.0,0.0,1690.0,0.0,0.0,,,,,,,,
454,Male,1984-01-28,Active,Madison,MO,77449.0,US,2017-07-22 18:01:34,2025-08-28,True,1950.0,1.0,1327.04,42,3105,146,35-44,Dormant,Lost,1327.04,1,1327.04,1327.04,3,3.0,,,2020-09-19 16:46:47,2020-09-19 16:46:47,,0.0,0,,2,10.0,24.0,8.0,0.0,0.0,Mobile,Paid Search,5,0.4,Credit Card,1950.0,0,0.0,3.074582306509482,2,2,0.0,2223.06,1308.0,100.0,0.0,1.0,5.0,3.0,153,At Risk,3.0,Medium Value,High Risk
455,Female,1981-07-30,Active,Clinton,LA,65765.0,US,2025-01-29 02:29:00,2025-07-09,True,,,,44,357,196,35-44,Dormant,,0.0,0,0.0,,0,,,,,,,,1,4.0,2,9.5,34.0,25.0,0.0,0.5,Mobile,Paid Search,3,0.6666666666666666,,,0,,,0,0,,0.0,,,,,,,,,,,
456,Male,1942-01-22,Closed,Georgetown,MS,29373.0,US,2024-12-14 00:47:50,2025-10-03,False,,,,84,403,110,65 and over,Dormant,,0.0,0,0.0,,0,,,,,,,,0,,1,8.0,13.0,1.0,0.0,0.0,Mobile,Social Media,0,,,,0,,,0,0,,0.0,,,,,,,,,,,
457,Female,1962-09-03,Active,Springfield,OR,79614.0,US,2023-10-30 18:05:00,2025-08-20,True,628.0,2.0,2574.5699999999997,63,814,154,55-64,Dormant,Lost,9712.8,2,9712.8,1387.542857142857,18,2.5714285714285716,1620.69,231.52714285714288,2024-05-02 20:41:30,2024-05-03 09:42:57,1.0,0.0,14,4.357142857142857,4,27.5,94.0,47.0,0.25,0.25,Mobile,Direct,4,0.5,Credit Card,628.0,1,0.0,20.289193004769473,3,2,0.0,2779.9400000000005,504.0,66.66666666666666,0.0,3.0,5.0,4.0,354,Loyal Customers,4.0,High Value,Low Risk
458,Female,2008-06-09,Closed,Riverside,DE,59785.0,US,2023-11-04 02:23:40,2024-08-28,False,,,,17,809,511,Under 18,Dormant,,0.0,0,0.0,,0,,,,,,,,0,,4,8.5,31.0,10.0,0.25,0.25,Desktop,Organic Search,0,,,,0,,,0,0,,0.0,,,,,,,,,,,
459,Male,1974-07-13,Active,Madison,SD,98661.0,US,2025-10-20 03:02:12,2025-12-24,True,,,,51,93,28,45-54,Active,,0.0,0,0.0,,0,,,,,,,,2,4.0,5,13.4,75.0,51.0,0.0,0.0,Mobile,Organic Search,1,0.0,,,0,,,2,1,0.0,1676.28,64.0,50.0,0.0,,,,,,,,
460,Male,1965-12-31,Active,Bristol,DE,44849.0,US,2025-07-11 19:32:29,2025-10-17,True,,,,60,194,96,55-64,Dormant,,0.0,0,0.0,,0,,,,,,,,0,,4,75.0,88.0,25.0,0.0,0.0,Mobile,Social Media,3,0.6666666666666666,,,0,,,2,0,0.0,0.0,119.0,0.0,0.0,,,,,,,,
461,Male,1972-04-27,Active,Madison,WI,18688.0,US,2017-12-19 05:02:59,2025-08-12,True,,,,53,2955,162,45-54,Dormant,,0.0,0,0.0,,0,,,,,,,,1,3.0,4,9.25,58.0,26.0,0.5,0.0,Tablet,Social Media,1,1.0,,,0,,,2,1,0.0,135.0,790.0,50.0,0.0,,,,,,,,
462,Female,1954-08-03,Inactive,Clinton,VT,32595.0,US,2023-05-08 12:16:55,2025-12-19,False,,,,71,989,33,65 and over,Inactive,,0.0,0,0.0,,0,,,,,,,,3,4.0,2,41.0,34.0,9.0,0.0,0.0,Desktop,Direct,0,,,,0,,,0,0,,0.0,,,,,,,,,,,
463,Male,1962-04-02,Active,Buffalo,NY,27899.0,US,2019-05-21 13:46:08,2025-11-20,True,,,,63,2437,62,55-64,Inactive,,0.0,0,0.0,,0,,,,,,,,0,,1,5.0,11.0,9.0,0.0,0.0,Mobile,Organic Search,2,0.5,,,0,,,3,3,0.0,2535.15,2227.0,100.0,0.0,,,,,,,,
464,Female,1953-10-29,Inactive,New York,NY,84642.0,US,2017-01-30 03:01:51,2019-12-05,False,,,,72,3278,2239,65 and over,Dormant,,0.0,0,0.0,,0,,,,,,,,1,4.0,6,13.0,86.0,49.0,0.0,0.0,Desktop,Paid Search,3,0.0,,,0,,,2,2,0.0,535.68,2059.0,100.0,0.0,,,,,,,,
465,Male,1993-10-07,Active,Georgetown,TN,51393.0,US,2018-01-10 02:09:46,2025-01-19,True,,,,32,2933,367,25-34,Dormant,,0.0,0,0.0,,0,,,,,,,,0,,2,87.5,37.0,9.0,0.0,0.0,Mobile,Organic Search,5,0.4,,,0,,,2,1,0.0,39.95,477.5,50.0,0.0,,,,,,,,
466,Female,2001-07-19,Closed,Boulder,CO,24357.0,US,2019-09-22 04:13:29,2021-11-06,False,,,,24,2313,1537,18-24,Dormant,,0.0,0,0.0,,0,,,,,,,,0,,4,20.5,29.0,12.0,0.0,0.5,Desktop,Direct,0,,,,0,,,0,0,,0.0,,,,,,,,,,,
467,Female,1989-07-07,Closed,Clinton,HI,74443.0,US,2018-01-06 16:27:17,2023-01-19,False,,,,36,2937,1098,35-44,Dormant,,0.0,0,0.0,,0,,,,,,,,0,,3,23.5,16.0,,0.0,0.0,Mobile,Social Media,0,,,,0,,,0,0,,0.0,,,,,,,,,,,
468,Male,1967-12-22,Inactive,Clinton,IA,66958.0,US,2021-02-03 02:54:55,2024-02-29,False,,,,58,1813,692,55-64,Dormant,,0.0,0,0.0,,0,,,,,,,,0,,1,,5.0,,0.0,0.0,Tablet,Direct,0,,,,0,,,1,0,0.0,0.0,,0.0,0.0,,,,,,,,
469,Male,1998-10-24,Active,Franklin,AL,61259.0,US,2023-02-01 00:51:08,2024-12-28,True,,,,27,1085,389,25-34,Dormant,,0.0,0,0.0,,0,,,,,,,,4,4.0,3,,13.0,2.0,0.0,0.3333333333333333,Mobile,Paid Search,3,0.0,,,0,,,2,2,0.0,1515.9899999999998,544.5,100.0,0.0,,,,,,,,
470,Male,1991-04-13,Active,Riverside,NT,,CA,2025-08-28 04:35:44,2025-11-12,True,,,,34,146,70,25-34,Inactive,,0.0,0,0.0,,0,,,,,,,,0,,2,,4.0,2.0,0.0,0.0,Mobile,Organic Search,3,0.3333333333333333,,,0,,,1,1,0.0,294.3,95.0,100.0,0.0,,,,,,,,
471,Other,1985-09-11,Inactive,Salem,MD,16029.0,US,2023-04-01 13:27:48,2024-02-27,False,,,,40,1026,694,35-44,Dormant,,0.0,0,0.0,,0,,,,,,,,0,,5,7.666666666666667,54.0,20.0,0.0,0.0,Tablet,Organic Search,3,0.3333333333333333,,,0,,,1,1,0.0,1337.63,978.0,100.0,0.0,,,,,,,,
472,Female,1965-03-23,Active,Franklin,MD,26456.0,US,2023-11-11 19:18:30,2025-04-29,True,389.0,1.0,165.05,60,802,267,55-64,Dormant,Lost,165.05,1,165.05,165.05,2,2.0,,,2024-12-28 08:21:45,2024-12-28 08:21:45,,0.0,1,5.0,2,9.0,9.0,1.0,0.0,0.0,Mobile,Referral,2,0.5,Credit Card,389.0,0,0.0,0.8326641025641026,2,1,0.0,148.1,391.0,50.0,0.0,4.0,5.0,1.0,451,New Customers,3.3333333333333335,Medium Value,Low Risk
473,Male,1942-08-01,Active,Athens,GA,42647.0,US,2025-11-16 12:42:44,2025-12-07,True,,,,83,66,45,65 and over,Inactive,,0.0,0,0.0,,0,,,,,,,,0,,2,12.0,32.0,27.0,0.0,0.0,Mobile,Display Ads,3,0.0,,,0,,,1,1,0.0,1368.8999999999999,57.0,100.0,0.0,,,,,,,,
474,Male,1949-11-11,Inactive,Fairview,MD,79191.0,US,2024-02-27 03:02:11,2024-05-30,False,,,,76,694,601,65 and over,Dormant,,0.0,0,0.0,,0,,,,,,,,2,3.0,5,21.0,57.0,22.0,0.0,0.4,Mobile,Paid Search,0,,,,0,,,0,0,,0.0,,,,,,,,,,,
475,Female,1990-10-23,Active,Springfield,SC,76496.0,US,2019-08-27 01:49:47,2025-11-01,True,,,,35,2339,81,35-44,Inactive,,0.0,0,0.0,,0,,,,,,,,3,3.6666666666666665,2,,6.0,4.0,0.0,0.0,Mobile,Paid Search,2,0.5,,,0,,,2,0,0.0,0.0,192.0,0.0,0.0,,,,,,,,
476,Female,1996-04-06,Active,Springfield,IA,68642.0,US,2020-04-09 04:08:57,2025-09-13,True,402.0,1.0,3986.18,29,2113,130,25-34,Dormant,Lost,3986.18,1,3986.18,3986.18,5,5.0,,,2024-12-15 15:11:51,2024-12-15 15:11:51,,0.0,3,4.666666666666667,1,,4.0,1.0,0.0,0.0,Mobile,Paid Search,4,0.25,Credit Card,402.0,0,0.0,8.471615583126551,4,3,0.0,1392.17,403.0,75.0,0.0,4.0,5.0,5.0,455,Champions,4.666666666666667,High Value,Low Risk
477,Male,2002-04-13,Blocked,Atlanta,GA,52186.0,US,2019-04-09 02:27:39,2020-08-05,False,,,,23,2479,1995,18-24,Dormant,,0.0,0,0.0,,0,,,,,,,,0,,1,,5.0,2.0,0.0,0.0,Tablet,Organic Search,0,,,,0,,,0,0,,0.0,,,,,,,,,,,
478,Female,1942-06-05,Blocked,Fairview,IA,53253.0,US,2018-07-19 07:02:09,2019-09-05,False,,,,83,2743,2330,65 and over,Dormant,,0.0,0,0.0,,0,,,,,,,,0,,7,60.0,93.0,27.0,0.14285714285714285,0.14285714285714285,Mobile,Social Media,0,,,,0,,,0,0,,0.0,,,,,,,,,,,
479,Female,1953-04-25,Closed,Springfield,SD,98007.0,US,2021-02-14 02:57:28,2023-11-20,False,,,,72,1802,793,65 and over,Dormant,,0.0,0,0.0,,0,,,,,,,,0,,1,37.0,11.0,4.0,0.0,0.0,Desktop,Organic Search,0,,,,0,,,0,0,,0.0,,,,,,,,,,,
480,Male,1952-01-12,Blocked,Franklin,WY,67973.0,US,2019-01-21 12:51:16,2024-06-12,False,,,,74,2557,588,65 and over,Dormant,,0.0,0,0.0,,0,,,,,,,,0,,8,38.0,196.0,51.0,0.125,0.0,Desktop,Organic Search,0,,,,0,,,0,0,,0.0,,,,,,,,,,,
481,Female,1995-03-16,Inactive,Fairview,NT,,CA,2016-05-28 06:57:33,2021-03-30,False,,,,30,3525,1758,25-34,Dormant,,0.0,0,0.0,,0,,,,,,,,0,,4,7.333333333333333,26.0,9.0,0.0,0.5,Mobile,Organic Search,1,0.0,,,0,,,1,1,0.0,3431.25,951.0,100.0,0.0,,,,,,,,
482,Female,1954-04-01,Active,Chester,SC,58752.0,US,2020-05-28 03:06:48,2025-11-16,True,,,,71,2064,66,65 and over,Inactive,,0.0,0,0.0,,0,,,,,,,,1,5.0,2,39.0,56.0,7.0,0.0,0.0,Mobile,Social Media,2,0.5,,,0,,,1,1,0.0,1031.75,223.0,100.0,0.0,,,,,,,,
483,Male,2010-11-19,Active,Franklin,NH,83819.0,US,2023-12-26 10:43:00,2025-12-08,True,,,,15,757,44,Under 18,Inactive,,0.0,0,0.0,,0,,,,,,,,0,,6,15.2,106.0,56.0,0.0,0.16666666666666666,Desktop,Paid Search,2,0.0,,,0,,,1,1,0.0,857.73,52.0,100.0,0.0,,,,,,,,
484,Male,1985-04-17,Inactive,North Las Vegas,NV,69318.0,US,2017-01-08 17:55:05,2018-10-26,False,,,,40,3300,2644,35-44,Dormant,,0.0,0,0.0,,0,,,,,,,,1,4.0,4,27.333333333333332,85.0,35.0,0.0,0.0,Mobile,Organic Search,3,0.0,,,0,,,3,2,0.0,2444.04,1223.5,66.66666666666666,0.0,,,,,,,,
485,Female,1972-04-21,Active,Richmond,BC,,CA,2025-09-25 06:15:13,2025-12-02,True,,,,53,118,50,45-54,Inactive,,0.0,0,0.0,,0,,,,,,,,2,4.5,7,65.75,68.0,35.0,0.14285714285714285,0.2857142857142857,Desktop,Organic Search,0,,,,0,,,0,0,,0.0,,,,,,,,,,,
486,Male,1998-11-30,Inactive,Salem,RI,51032.0,US,2017-08-02 03:08:53,2020-08-09,False,,,,27,3094,1991,25-34,Dormant,,0.0,0,0.0,,0,,,,,,,,0,,7,21.8,51.0,25.0,0.0,0.14285714285714285,Mobile,Paid Search,5,0.0,,,0,,,0,0,,0.0,,,,,,,,,,,
487,Female,1996-11-08,Closed,Franklin,MT,65515.0,US,2023-12-08 03:37:08,2024-06-10,False,,,,29,775,590,25-34,Dormant,,0.0,0,0.0,,0,,,,,,,,0,,4,8.0,18.0,7.0,0.0,0.0,Tablet,Direct,0,,,,0,,,0,0,,0.0,,,,,,,,,,,
488,Male,1950-01-16,Inactive,Madison,NS,,CA,2021-07-11 20:06:19,2022-11-10,False,1510.0,1.0,1770.98,76,1655,1168,65 and over,Dormant,Lost,8854.9,1,8854.9,1770.98,8,1.6,1122.95,224.59,2021-12-03 21:36:09,2021-12-03 21:36:09,,0.0,0,,4,11.333333333333334,42.0,21.0,0.25,0.5,Mobile,Organic Search,2,1.0,PayPal,1510.0,0,0.0,18.136272534745203,2,1,0.0,1847.8400000000001,1459.0,50.0,0.0,1.0,5.0,3.0,153,At Risk,3.0,Medium Value,High Risk
489,Male,1998-02-23,Pending,Cleveland,OH,52026.0,US,2020-08-24 11:47:33,1900-01-01,False,,,,27,1976,46041,25-34,Dormant,,0.0,0,0.0,,0,,,,,,,,0,,0,,,,,,,,0,,,,0,,,0,0,,0.0,,,,,,,,,,,
490,Male,1990-11-14,Active,Franklin,NU,,CA,2016-10-13 05:11:55,2025-06-28,True,,,,35,3387,207,35-44,Dormant,,0.0,0,0.0,,0,,,,,,,,1,3.0,5,9.333333333333334,51.0,26.0,0.4,0.0,Mobile,Social Media,1,0.0,,,0,,,1,1,0.0,3664.6400000000003,1040.0,100.0,0.0,,,,,,,,
491,Female,1988-06-27,Active,Georgetown,ND,11353.0,US,2016-08-11 14:31:42,2025-12-06,True,1824.0,1.0,2166.71,37,3450,46,35-44,Inactive,Lost,4333.42,1,4333.42,2166.71,4,2.0,880.36,440.18,2021-01-23 12:41:13,2021-01-23 12:41:13,,0.0,0,,5,27.333333333333332,95.0,43.0,0.0,0.6,Desktop,Direct,3,0.3333333333333333,PayPal,1824.0,0,0.0,9.08875780821918,4,2,0.0,2980.54,2261.0,50.0,0.0,1.0,5.0,3.0,153,At Risk,3.0,Medium Value,High Risk
492,Male,1967-12-04,Active,Bristol,MS,65079.0,US,2016-07-16 06:45:06,2025-06-08,True,1370.0,1.0,2905.32,58,3476,227,55-64,Dormant,Lost,2905.32,1,2905.32,2905.32,2,2.0,113.48,113.48,2022-04-22 19:40:16,2022-04-22 19:40:16,,0.0,1,4.0,2,21.0,19.0,16.0,0.0,1.0,Smart TV,Organic Search,2,0.0,,1370.0,0,0.0,6.239815784099198,2,1,0.0,756.56,1371.0,50.0,0.0,2.0,5.0,4.0,254,At Risk,3.6666666666666665,Medium Value,High Risk
493,Male,1971-02-12,Active,Jacksonville,FL,83323.0,US,2023-12-05 06:32:52,2025-06-09,True,,,,54,778,226,45-54,Dormant,,0.0,0,0.0,,0,,,,,,,,1,3.0,6,13.5,59.0,19.0,0.16666666666666666,0.16666666666666666,Desktop,Social Media,4,0.25,,,0,,,1,1,0.0,1344.45,622.0,100.0,0.0,,,,,,,,
494,Male,1969-11-11,Inactive,Madison,CT,39114.0,US,2023-10-01 18:38:01,2023-11-04,False,,,,56,843,809,55-64,Dormant,,0.0,0,0.0,,0,,,,,,,,1,5.0,5,4.5,31.0,13.0,0.0,0.2,Tablet,Email,1,0.0,,,0,,,0,0,,0.0,,,,,,,,,,,
495,Female,1977-04-18,Active,Riverside,OR,11453.0,US,2021-03-16 02:23:42,2025-07-26,True,,,,48,1772,179,45-54,Dormant,,0.0,0,0.0,,0,,,,,,,,0,,2,14.5,19.0,10.0,0.0,0.0,Mobile,Direct,3,0.0,,,0,,,2,1,0.0,950.0500000000001,224.5,50.0,0.0,,,,,,,,
496,Male,1983-09-09,Active,Chandler,AZ,71699.0,US,2025-03-21 18:41:17,2025-11-14,True,,,,42,306,68,35-44,Inactive,,0.0,0,0.0,,0,,,,,,,,0,,5,9.333333333333334,45.0,26.0,0.0,0.0,Desktop,Organic Search,2,0.5,,,0,,,1,0,0.0,0.0,220.0,0.0,0.0,,,,,,,,
497,Male,1977-02-14,Active,Winston-Salem,NC,20497.0,US,2023-07-23 05:36:59,2025-01-12,True,,,,48,913,374,45-54,Dormant,,0.0,0,0.0,,0,,,,,,,,0,,3,33.0,70.0,29.0,0.3333333333333333,0.0,Mobile,Organic Search,1,1.0,,,0,,,1,1,0.0,1780.83,258.0,100.0,0.0,,,,,,,,
498,Female,1942-10-08,Active,Fairview,KY,79533.0,US,2016-04-07 09:22:49,2025-03-11,True,,,,83,3576,316,65 and over,Dormant,,0.0,0,0.0,,0,,,,,,,,1,2.0,6,26.5,70.0,32.0,0.3333333333333333,0.0,Desktop,Direct,4,0.25,,,0,,,1,1,0.0,0.0,,100.0,0.0,,,,,,,,
499,Male,2010-05-02,Pending,Aurora,CO,10193.0,US,2024-12-13 23:42:09,1900-01-01,False,,,,15,404,46041,Under 18,Dormant,,0.0,0,0.0,,0,,,,,,,,0,,0,,,,,,,,0,,,,0,,,0,0,,0.0,,,,,,,,,,,
500,Male,1978-03-28,Active,Franklin,PE,,CA,2021-03-03 05:41:55,2025-07-26,True,,,,47,1785,179,45-54,Dormant,,0.0,0,0.0,,0,,,,,,,,0,,3,8.0,13.0,5.0,0.0,0.0,Desktop,Social Media,0,,,,0,,,0,0,,0.0,,,,,,,,,,,
