address_id,city,state_province,postal_code,country
1,Clinton,NE,68878,US
2,Clinton,NE,68878,US
3,Chester,LA,38785,US
4,Chester,LA,38785,US
5,Seattle,WA,99353,US
6,Chester,WI,26483,US
7,Clinton,WI,17716,US
8,Salem,AR,54473,US
9,Riverside,ID,87992,US
10,Fairview,MD,95717,US
11,Fairview,MD,95717,US
12,Georgetown,MD,26704,US
13,Edmonton,AB,N7K 5H1,CA
14,Salem,VA,10221,US
15,Chester,IN,72021,US
16,Fairview,OK,51588,US
17,Fairview,WY,12560,US
18,Fairview,WY,12560,US
19,Clinton,MN,95215,US
20,Springfield,MN,59192,US
21,Clinton,MN,95215,US
22,Bellevue,WA,45179,US
23,Bellevue,WA,45179,US
24,Bellevue,WA,45179,US
25,Bristol,WV,46241,US
26,Bristol,WV,46241,US
27,Madison,NH,87139,US
28,Madison,NH,87139,US
29,Madison,NH,87139,US
30,Fairview,OR,12719,US
31,Springfield,NE,34586,US
32,Franklin,NE,76698,US
33,Chester,NU,V6N 9Y6,CA
34,Chester,NU,V6N 9Y6,CA
35,Bristol,VA,80912,US
36,Bristol,VA,80912,US
37,Bristol,VA,80912,US
38,Madison,OR,48696,US
39,Madison,OR,48696,US
40,San Francisco,CA,39571,US
41,Georgetown,NJ,97881,US
42,Georgetown,NJ,97881,US
43,Chester,NJ,40539,US
44,Winston-Salem,NC,24293,US
45,Salem,IN,69186,US
46,Madison,PE,P2X 4G7,CA
47,Tacoma,WA,84395,US
48,Winston-Salem,NC,97562,US
49,Naperville,IL,56019,US
50,Springfield,OK,68947,US
51,Springfield,OK,68947,US
52,Grand Rapids,MI,97833,US
53,Salem,ME,75916,US
54,Georgetown,TN,29142,US
55,Bristol,TN,77551,US
56,Springfield,NM,93318,US
57,Springfield,NM,93318,US
58,Georgetown,DE,67272,US
59,Franklin,WV,14081,US
60,Clinton,NH,90199,US
61,Bristol,NH,58353,US
62,Clinton,NH,90199,US
63,Aurora,CO,35729,US
64,Aurora,CO,35729,US
65,Salem,NS,G6X 9E5,CA
66,Georgetown,KY,62855,US
67,Madison,SC,87820,US
68,Fairview,WY,71814,US
69,Georgetown,MT,29198,US
70,Georgetown,MT,28018,US
71,Madison,MT,21725,US
72,Chester,TN,78723,US
73,Bellevue,WA,11498,US
74,Bellevue,WA,11498,US
75,New York,NY,76895,US
76,Chester,UT,27431,US
77,Springfield,RI,68515,US
78,Springfield,RI,68515,US
79,Hamilton,ON,S9X 3R3,CA
80,Hamilton,ON,S9X 3R3,CA
81,Franklin,IA,12125,US
82,Franklin,VA,11198,US
83,Franklin,VA,11198,US
84,Reno,NV,84167,US
85,Sparks,NV,61007,US
86,Reno,NV,84167,US
87,Georgetown,MO,57277,US
88,Georgetown,MO,57277,US
89,Georgetown,MT,91289,US
90,Georgetown,MT,91289,US
91,Akron,OH,64827,US
92,Akron,OH,64827,US
93,Springfield,MD,25084,US
94,Springfield,MD,25084,US
95,Springfield,MD,25084,US
96,Franklin,DE,58929,US
97,Franklin,DE,58929,US
98,Riverside,OR,45112,US
99,Riverside,OR,45112,US
100,Franklin,MB,K3N 4R7,CA
101,Springfield,YT,B2T 1E2,CA
102,Springfield,YT,B2T 1E2,CA
103,Springfield,YT,B2T 1E2,CA
104,Reno,NV,28327,US
105,Las Vegas,NV,27299,US
106,Savannah,GA,20957,US
107,Savannah,GA,20957,US
108,Franklin,MS,43438,US
109,Madison,YT,N2Y 8A5,CA
110,Hamilton,ON,P8C 2X2,CA
111,Hamilton,ON,P8C 2X2,CA
112,Bristol,MT,82869,US
113,Madison,ID,46681,US
114,Madison,ID,46681,US
115,Dallas,TX,44934,US
116,Dallas,TX,44934,US
117,Franklin,AK,86888,US
118,Fairview,AK,48602,US
119,Franklin,AK,86888,US
120,Salem,HI,74629,US
121,Salem,HI,74629,US
122,Bristol,RI,36171,US
123,Riverside,RI,80968,US
124,Bristol,RI,36171,US
125,Quebec City,QC,L6C 2R8,CA
126,Springfield,NS,N5M 5V1,CA
127,Springfield,KS,69827,US
128,Fairview,ID,11109,US
129,Clinton,ND,17441,US
130,Clinton,ND,17441,US
131,Springfield,NU,C8J 9E6,CA
132,Chester,YT,J1A 4K5,CA
133,Springfield,SC,87846,US
134,Springfield,HI,81845,US
135,Springfield,WI,11267,US
136,Springfield,WI,11267,US
137,Springfield,WI,11267,US
138,Salem,UT,29484,US
139,Salem,UT,29484,US
140,Bristol,RI,96136,US
141,Raleigh,NC,75382,US
142,Raleigh,NC,75382,US
143,Franklin,MB,X9N 2P8,CA
144,Franklin,MB,X9N 2P8,CA
145,Madison,AL,36619,US
146,Bristol,AL,30146,US
147,Fairview,WI,79533,US
148,Fairview,WI,79533,US
149,San Jose,CA,39837,US
150,Tacoma,WA,11461,US
151,Fairview,ME,19149,US
152,Fairview,ME,19149,US
153,Franklin,NU,P7K 5G7,CA
154,Madison,ND,44513,US
155,Salem,HI,12942,US
156,Philadelphia,PA,40122,US
157,Philadelphia,PA,40122,US
158,Madison,NT,J1A 9E8,CA
159,Franklin,NH,23143,US
160,Franklin,NH,23143,US
161,Springfield,ND,18993,US
162,Springfield,ND,18993,US
163,Springfield,ND,18993,US
164,Clinton,MN,85197,US
165,Clinton,MN,85197,US
166,Chester,DE,70302,US
167,Franklin,AL,65249,US
168,Franklin,AL,65249,US
169,Riverside,MT,20369,US
170,Riverside,MT,20369,US
171,Franklin,ND,13744,US
172,Bristol,WI,49270,US
173,Fairview,NJ,69345,US
174,Springfield,MO,25985,US
175,Bristol,PE,G6C 4H7,CA
176,Riverside,MB,X3T 5L8,CA
177,Syracuse,NY,91785,US
178,New York,NY,20215,US
179,Greensboro,NC,96184,US
180,Charlotte,NC,77844,US
181,Salem,OR,84588,US
182,Salem,AR,68407,US
183,Naperville,IL,55157,US
184,Naperville,IL,55157,US
185,Naperville,IL,55157,US
186,Clinton,NT,R9E 6V9,CA
187,Clinton,NT,R9E 6V9,CA
188,Clinton,UT,28102,US
189,Clinton,UT,28102,US
190,Clinton,UT,28102,US
191,Springfield,WY,89682,US
192,Springfield,WY,89682,US
193,Worcester,MA,26193,US
194,Toronto,ON,V4J 8T6,CA
195,Mississauga,ON,Y3T 6B1,CA
196,Toronto,ON,V4J 8T6,CA
197,Bristol,OR,78118,US
198,Riverside,OR,52457,US
199,Bristol,OR,78118,US
200,Georgetown,AK,59183,US
201,Chester,CT,98698,US
202,Clinton,CT,51831,US
203,Springfield,UT,23884,US
204,Springfield,UT,23884,US
205,Toledo,OH,62535,US
206,Georgetown,MO,74788,US
207,Georgetown,MO,74788,US
208,Georgetown,MO,74788,US
209,Riverside,AL,94985,US
210,Riverside,AL,94985,US
211,Bristol,AL,78997,US
212,Chester,NJ,71503,US
213,Clinton,VT,73559,US
214,Clinton,VT,73559,US
215,Clinton,VT,73559,US
216,Salem,AL,22805,US
217,Riverside,AL,71204,US
218,Riverside,SC,67878,US
219,Riverside,SC,67878,US
220,Clinton,MO,49173,US
221,Riverside,IA,14833,US
222,Springfield,IN,87736,US
223,Springfield,IN,87736,US
224,Clinton,OK,35153,US
225,Clinton,OK,35153,US
226,Henderson,NV,38333,US
227,Henderson,NV,42483,US
228,Henderson,NV,42483,US
229,North Las Vegas,NV,92157,US
230,Georgetown,UT,16758,US
231,Bristol,ME,91389,US
232,Allentown,PA,95951,US
233,Pittsburgh,PA,32984,US
234,Georgetown,NJ,30454,US
235,Houston,TX,77081,US
236,Houston,TX,77081,US
237,Franklin,WI,36117,US
238,Georgetown,DE,77177,US
239,Albany,NY,54605,US
240,Albany,NY,54605,US
241,Las Vegas,NV,35736,US
242,Philadelphia,PA,79315,US
243,Clinton,NH,82602,US
244,Clinton,NH,82602,US
245,Fairview,NH,94388,US
246,Savannah,GA,91522,US
247,Augusta,GA,49720,US
248,Springfield,NS,A1G 6P9,CA
249,Georgetown,IN,75107,US
250,Fairview,IN,18817,US
251,Bristol,WV,45118,US
252,Fairview,WV,29655,US
253,Madison,WV,15535,US
254,Madison,ND,75070,US
255,Springfield,WV,98027,US
256,Springfield,WV,98027,US
257,Springfield,WV,98027,US
258,Cambridge,MA,72700,US
259,Boston,MA,84349,US
260,Clinton,UT,64831,US
261,Springfield,OK,86085,US
262,Springfield,OK,86085,US
263,Springfield,OK,86085,US
264,Fort Worth,TX,37839,US
265,Fairview,NS,G4B 5N0,CA
266,Reno,NV,90460,US
267,Reno,NV,90460,US
268,Lowell,MA,69637,US
269,Clinton,TN,67119,US
270,Reading,PA,98954,US
271,Franklin,NM,91506,US
272,Macon,GA,89205,US
273,Macon,GA,89205,US
274,Macon,GA,89205,US
275,Cambridge,MA,31538,US
276,Cambridge,MA,31538,US
277,Cambridge,MA,31538,US
278,Chester,KY,56461,US
279,Salem,ND,87101,US
280,Bristol,ME,13667,US
281,Bristol,ME,13667,US
282,Bristol,ME,13667,US
283,Fairview,VA,68226,US
284,Fairview,VA,68226,US
285,Savannah,GA,80836,US
286,Georgetown,NS,L8L 4N5,CA
287,Georgetown,NS,L8L 4N5,CA
288,Springfield,MS,46799,US
289,Lethbridge,AB,B6S 7L1,CA
290,Lethbridge,AB,B6S 7L1,CA
291,Lethbridge,AB,B6S 7L1,CA
292,Salem,MO,22560,US
293,Clinton,MO,76702,US
294,Fairview,MD,54944,US
295,Quebec City,QC,K8J 4V5,CA
296,Franklin,MS,79065,US
297,Bristol,MS,78012,US
298,Bristol,MS,78012,US
299,Aurora,CO,75767,US
300,Aurora,CO,75767,US
301,Boulder,CO,62101,US
302,Austin,TX,54541,US
303,Austin,TX,54541,US
304,Bristol,NE,19012,US
305,Fairview,MT,32954,US
306,Salem,NJ,55043,US
307,Chester,SD,94018,US
308,Chester,SD,94018,US
309,Springfield,MS,18825,US
310,Springfield,MS,18825,US
311,Springfield,MS,18825,US
312,Chester,IN,17087,US
313,Chester,IN,17087,US
314,Madison,YT,Y3Y 3L6,CA
315,Fairview,YT,L6X 8P0,CA
316,Ottawa,ON,S3S 5M8,CA
317,Ottawa,ON,S3S 5M8,CA
318,Victoria,BC,C5C 7E4,CA
319,Georgetown,AR,53287,US
320,Georgetown,AR,53287,US
321,Chester,YT,B3V 2M8,CA
322,Salem,SK,Y7K 4L1,CA
323,Salem,SK,Y7K 4L1,CA
324,Salem,SK,Y7K 4L1,CA
325,Clinton,VA,39500,US
326,Springfield,WV,57477,US
327,Riverside,DE,20831,US
328,Clinton,WI,96321,US
329,Clinton,WI,96321,US
330,Madison,MN,26841,US
331,Aurora,CO,53714,US
332,Springfield,KY,77314,US
333,Springfield,KY,77314,US
334,Chester,UT,26343,US
335,Chester,UT,26343,US
336,Riverside,MN,10675,US
337,Georgetown,NE,14142,US
338,Riverside,LA,44541,US
339,Riverside,LA,44541,US
340,Henderson,NV,43064,US
341,Henderson,NV,22928,US
342,Franklin,AK,88532,US
343,Riverside,OK,32427,US
344,Riverside,OK,32427,US
345,Fairview,IN,92549,US
346,Riverside,RI,59528,US
347,Riverside,NB,M6C 6E5,CA
348,North Las Vegas,NV,64256,US
349,Clinton,NE,37621,US
350,Springfield,NH,47587,US
351,Springfield,NH,47587,US
352,Franklin,ME,80984,US
353,Toronto,ON,X3A 7V9,CA
354,Fort Collins,CO,22335,US
355,Montreal,QC,B4Y 1G1,CA
356,Georgetown,AR,66375,US
357,Clinton,AR,72324,US
358,Georgetown,AR,66375,US
359,Clinton,IN,65073,US
360,Fairview,ME,23005,US
361,Fairview,ME,23005,US
362,Savannah,GA,78021,US
363,Fairview,AK,81260,US
364,Fairview,AK,81260,US
365,Fairview,AK,81260,US
366,Chester,HI,43357,US
367,Chester,HI,43357,US
368,Salem,RI,66270,US
369,Clinton,RI,79109,US
370,Clinton,RI,79109,US
371,Clinton,RI,79109,US
372,Cambridge,MA,39667,US
373,Worcester,MA,64171,US
374,Clinton,AL,71361,US
375,Madison,AL,23377,US
376,Salem,AR,65389,US
377,Seattle,WA,22352,US
378,Seattle,WA,22352,US
379,Tacoma,WA,74312,US
380,Salem,OR,57109,US
381,Salem,OR,57109,US
382,Salem,OR,57109,US
383,Spokane,WA,66629,US
384,Greensboro,NC,71391,US
385,Georgetown,VT,17977,US
386,Riverside,VT,68171,US
387,Bristol,NM,48015,US
388,Bristol,NM,48015,US
389,Fairview,ID,76450,US
390,Fairview,ID,76450,US
391,Fairview,ID,76450,US
392,Columbus,OH,54657,US
393,Riverside,ME,80047,US
394,Sacramento,CA,88400,US
395,Riverside,IA,87151,US
396,Riverside,IA,87151,US
397,Clinton,ND,49968,US
398,Georgetown,RI,44410,US
399,Fairview,TN,11617,US
400,Madison,TN,39808,US
401,Springfield,VA,88719,US
402,Chester,WY,86216,US
403,Georgetown,NT,C6Y 9C5,CA
404,Chandler,AZ,13136,US
405,Chandler,AZ,13136,US
406,Chandler,AZ,13136,US
407,Fairview,LA,90671,US
408,Madison,NJ,24367,US
409,Riverside,NJ,51618,US
410,Madison,NJ,24367,US
411,Georgetown,RI,81226,US
412,Mesa,AZ,68672,US
413,Riverside,ND,75732,US
414,Madison,MD,70149,US
415,Colorado Springs,CO,62847,US
416,Colorado Springs,CO,62847,US
417,Salem,DE,48564,US
418,Salem,DE,48564,US
419,Georgetown,MD,91854,US
420,Clinton,DE,83419,US
421,Bristol,NB,P9J 1M5,CA
422,Bristol,NB,P9J 1M5,CA
423,Worcester,MA,86919,US
424,Cambridge,MA,84211,US
425,Madison,MO,33331,US
426,Madison,MO,33331,US
427,Georgetown,CT,11035,US
428,Franklin,OR,27025,US
429,Franklin,OR,27025,US
430,Sparks,NV,61622,US
431,Riverside,NJ,55388,US
432,Salem,NJ,16362,US
433,Clinton,SC,78623,US
434,Madison,ID,75740,US
435,Salem,KY,14229,US
436,Salem,WV,82098,US
437,Chester,SC,20552,US
438,Bristol,SC,52300,US
439,Bristol,NB,C1B 7X7,CA
440,Bristol,NJ,42077,US
441,Bristol,NJ,42077,US
442,Greensboro,NC,78594,US
443,Chester,LA,80091,US
444,Chester,LA,80091,US
445,Surrey,BC,J8A 5S9,CA
446,Bristol,ND,23489,US
447,Jacksonville,FL,45940,US
448,Bristol,MS,47255,US
449,Bristol,MS,47255,US
450,Salem,MS,16295,US
451,Chicago,IL,99647,US
452,Chicago,IL,99647,US
453,Cincinnati,OH,19078,US
454,Clinton,WI,25775,US
455,Franklin,AL,77976,US
456,Medicine Hat,AB,R9H 3E0,CA
457,Austin,TX,53073,US
458,Austin,TX,53073,US
459,Austin,TX,53073,US
460,Riverside,NJ,25765,US
461,Salem,SC,36502,US
462,Salem,SC,36502,US
463,Salem,SC,36502,US
464,Springfield,LA,60004,US
465,Buffalo,NY,87474,US
466,Buffalo,NY,87474,US
467,Georgetown,AR,70057,US
468,Georgetown,AR,70057,US
469,Bristol,IA,15344,US
470,Reno,NV,57777,US
471,Tacoma,WA,84678,US
472,Franklin,WI,33755,US
473,Springfield,ND,10610,US
474,Springfield,ND,10610,US
475,Joliet,IL,15451,US
476,Tucson,AZ,21689,US
477,Springfield,SC,15928,US
478,Springfield,SC,15928,US
479,Springfield,SC,15928,US
480,Chester,ME,47544,US
481,Franklin,AL,54741,US
482,Georgetown,AL,63729,US
483,Salem,AL,60793,US
484,Bristol,MN,72800,US
485,Rockford,IL,57633,US
486,Rockford,IL,99211,US
487,Denver,CO,11136,US
488,Denver,CO,11136,US
489,Bristol,AK,98049,US
490,Bristol,KY,66747,US
491,Bristol,KY,66747,US
492,San Francisco,CA,84961,US
493,Sacramento,CA,16553,US
494,Riverside,DE,34667,US
495,Montreal,QC,N6C 5N7,CA
496,Montreal,QC,N6C 5N7,CA
497,North Las Vegas,NV,30948,US
498,North Las Vegas,NV,30948,US
499,Reno,NV,72414,US
500,Franklin,NT,N2X 8T9,CA
501,Franklin,NT,N2X 8T9,CA
502,Franklin,NJ,68547,US
503,Lowell,MA,84518,US
504,Clinton,AR,72743,US
505,Fairview,AR,20567,US
506,Clinton,AR,72743,US
507,Clinton,VT,87759,US
508,Clinton,VT,10035,US
509,Springfield,MD,25738,US
510,Madison,SK,V4L 1L3,CA
511,Madison,SK,V4L 1L3,CA
512,Madison,SK,V4L 1L3,CA
513,London,ON,B9E 1L8,CA
514,Salem,WI,49696,US
515,Chester,NT,E7P 8A6,CA
516,Chester,NT,E7P 8A6,CA
517,Bristol,NM,42642,US
518,Bristol,NM,42642,US
519,Joliet,IL,96489,US
520,Joliet,IL,96489,US
521,Joliet,IL,96489,US
522,Clinton,RI,26688,US
523,San Diego,CA,92460,US
524,San Diego,CA,92460,US
525,Grand Rapids,MI,43387,US
526,Grand Rapids,MI,43387,US
527,Detroit,MI,36855,US
528,Springfield,SC,31023,US
529,Salem,NU,X6N 1V8,CA
530,Franklin,NU,H4X 9J0,CA
531,Franklin,NU,S3K 1J9,CA
532,Springfield,HI,71481,US
533,Springfield,HI,71481,US
534,Madison,MO,58971,US
535,Georgetown,AR,70960,US
536,Georgetown,AR,70960,US
537,Augusta,GA,35733,US
538,Georgetown,NJ,90844,US
539,Georgetown,NJ,90844,US
540,Georgetown,WY,17458,US
541,Georgetown,WY,17458,US
542,Madison,WY,99871,US
543,Sacramento,CA,89451,US
544,Georgetown,WY,51936,US
545,Madison,HI,64499,US
546,Springfield,YT,T9M 9T0,CA
547,Madison,WY,88675,US
548,Madison,WI,50565,US
549,Madison,WI,50565,US
550,Georgetown,WI,80098,US
551,Salem,NJ,52233,US
552,Madison,SK,R3L 6S1,CA
553,Salem,CT,15339,US
554,Medicine Hat,AB,L4V 9K0,CA
555,Medicine Hat,AB,L4V 9K0,CA
556,Seattle,WA,58333,US
557,Bristol,LA,61196,US
558,Bristol,MB,X1G 1N8,CA
559,Bristol,NB,S9C 2Y7,CA
560,Clinton,NU,S6E 2X9,CA
561,Bristol,NU,E4P 5S2,CA
562,Reading,PA,53260,US
563,Richmond,BC,V7G 1X2,CA
564,Richmond,BC,V7G 1X2,CA
565,Richmond,BC,V7G 1X2,CA
566,Georgetown,MN,59682,US
567,Aurora,CO,77618,US
568,Salem,DE,43136,US
569,Franklin,VA,58268,US
570,London,ON,A4E 6K8,CA
571,London,ON,A4E 6K8,CA
572,Los Angeles,CA,90199,US
573,Fairview,AL,99144,US
574,Madison,WV,27046,US
575,Madison,WV,27046,US
576,Franklin,OK,91419,US
577,Bristol,AK,43455,US
578,Bristol,AK,43455,US
579,Fairview,NT,A9V 3R1,CA
580,Cleveland,OH,66904,US
581,Bristol,HI,39325,US
582,Madison,HI,52125,US
583,Jacksonville,FL,63955,US
584,Jacksonville,FL,51182,US
585,Salem,MN,25894,US
586,Raleigh,NC,34464,US
587,Raleigh,NC,34464,US
588,Raleigh,NC,34464,US
589,Austin,TX,11944,US
590,Clinton,SK,Y7L 9M2,CA
591,Clinton,SK,Y7L 9M2,CA
592,New York,NY,94319,US
593,Syracuse,NY,59090,US
594,Riverside,PE,N7H 5C5,CA
595,Fairview,MD,25725,US
596,Franklin,MD,64982,US
597,Franklin,MD,24300,US
598,Georgetown,WY,62716,US
599,Lowell,MA,47753,US
600,Lowell,MA,47753,US
601,Lowell,MA,47753,US
602,Franklin,WV,58343,US
603,Chester,WV,31634,US
604,Jacksonville,FL,30284,US
605,Salem,SK,N2M 4Y8,CA
606,Madison,SK,V2H 8T0,CA
607,Ottawa,ON,G3A 2G5,CA
608,Fairview,OR,52039,US
609,Springfield,OR,20832,US
610,Fairview,OR,52039,US
611,Clinton,NH,35945,US
612,Clinton,NH,35945,US
613,Erie,PA,12239,US
614,Riverside,TN,54877,US
615,Charlotte,NC,15076,US
616,Georgetown,ME,79559,US
617,Clinton,ND,28117,US
618,Fairview,SC,75776,US
619,Salem,SC,73564,US
620,Henderson,NV,13448,US
621,Henderson,NV,13448,US
622,Riverside,WI,69151,US
623,Salem,WI,21014,US
624,Riverside,WI,69151,US
625,Georgetown,IA,59464,US
626,Madison,IA,80073,US
627,Georgetown,KY,82914,US
628,Georgetown,KY,82914,US
629,Georgetown,KY,82914,US
630,Bristol,OK,50844,US
631,Salem,AR,73636,US
632,Winston-Salem,NC,13786,US
633,Georgetown,WI,90382,US
634,Red Deer,AB,T3S 5H6,CA
635,Georgetown,MD,47382,US
636,Georgetown,MD,47382,US
637,Clinton,MO,15466,US
638,Cincinnati,OH,18645,US
639,Riverside,NM,45945,US
640,Chester,ID,77460,US
641,Madison,OK,51854,US
642,Madison,OK,87113,US
643,Madison,MS,21343,US
644,Madison,MS,21343,US
645,Salem,NJ,13063,US
646,Chester,CT,98208,US
647,Calgary,AB,R4N 7L0,CA
648,Calgary,AB,R4N 7L0,CA
649,Mesa,AZ,39807,US
650,Bristol,LA,25147,US
651,Clinton,LA,65138,US
652,Bristol,LA,25147,US
653,Aurora,CO,62044,US
654,Denver,CO,68351,US
655,Springfield,NE,20346,US
656,Springfield,NE,20346,US
657,Fairview,NE,11599,US
658,Clinton,WI,58994,US
659,Allentown,PA,39494,US
660,Allentown,PA,39494,US
661,Chester,NE,43197,US
662,Bristol,MB,P6X 3C4,CA
663,Boulder,CO,51018,US
664,Boulder,CO,51018,US
665,Aurora,CO,46535,US
666,Aurora,CO,46535,US
667,Aurora,CO,46535,US
668,Riverside,RI,64488,US
669,Salem,IA,30050,US
670,Clinton,NL,S3N 9N4,CA
671,Clinton,NL,S3N 9N4,CA
672,Tacoma,WA,58469,US
673,Tacoma,WA,58469,US
674,Springfield,MA,85460,US
675,Springfield,VA,69350,US
676,Springfield,HI,79341,US
677,Georgetown,ID,70701,US
678,Dallas,TX,40753,US
679,Joliet,IL,15056,US
680,Toronto,ON,E5L 3P8,CA
681,Worcester,MA,11776,US
682,Worcester,MA,11776,US
683,Salem,HI,30748,US
684,Salem,TN,98467,US
685,Salem,TN,98467,US
686,Franklin,AL,65163,US
687,Franklin,AL,65163,US
688,Franklin,ND,70643,US
689,Franklin,ND,70643,US
690,Fairview,ND,43879,US
691,Chester,WY,86367,US
692,Chester,WY,86367,US
693,Chester,WY,86367,US
694,Springfield,NM,82794,US
695,Springfield,NM,82794,US
696,Springfield,NM,82794,US
697,Riverside,ME,71055,US
698,Los Angeles,CA,97861,US
699,Springfield,YT,C8H 3G4,CA
700,Springfield,YT,C8H 3G4,CA
701,Springfield,YT,C8H 3G4,CA
702,Hamilton,ON,B2T 1V4,CA
703,Aurora,IL,10197,US
704,Georgetown,RI,64278,US
705,Madison,SC,97042,US
706,Madison,SC,97042,US
707,Philadelphia,PA,79578,US
708,San Francisco,CA,33989,US
709,Franklin,WV,10279,US
710,Franklin,WV,10279,US
711,Riverside,WV,76277,US
712,Springfield,WI,63223,US
713,Franklin,SK,R7P 7Y6,CA
714,Riverside,MD,67392,US
715,Franklin,RI,96885,US
716,Franklin,RI,96885,US
717,Franklin,RI,96885,US
718,Joliet,IL,80957,US
719,Joliet,IL,80957,US
720,Riverside,ID,89821,US
721,Springfield,RI,10435,US
722,Fairview,RI,55387,US
723,Springfield,RI,10435,US
724,Bristol,OR,36140,US
725,Riverside,ID,68349,US
726,Riverside,ID,68349,US
727,Riverside,ID,68349,US
728,Madison,MO,77449,US
729,Franklin,MO,70654,US
730,Clinton,LA,65765,US
731,Georgetown,MS,29373,US
732,Springfield,OR,79614,US
733,Springfield,OR,79614,US
734,Riverside,DE,59785,US
735,Salem,DE,91717,US
736,Madison,SD,98661,US
737,Bristol,DE,44849,US
738,Bristol,DE,44849,US
739,Springfield,DE,24774,US
740,Madison,WI,18688,US
741,Clinton,VT,32595,US
742,Buffalo,NY,27899,US
743,New York,NY,84642,US
744,Georgetown,TN,51393,US
745,Georgetown,TN,51393,US
746,Boulder,CO,24357,US
747,Clinton,HI,74443,US
748,Clinton,HI,74443,US
749,Bristol,HI,79721,US
750,Clinton,IA,66958,US
751,Clinton,IA,66958,US
752,Clinton,IA,66958,US
753,Franklin,AL,61259,US
754,Riverside,NT,B1T 3K0,CA
755,Salem,MD,16029,US
756,Salem,MD,16029,US
757,Salem,MD,16029,US
758,Franklin,MD,26456,US
759,Athens,GA,42647,US
760,Fairview,MD,79191,US
761,Fairview,MD,79191,US
762,Springfield,SC,76496,US
763,Springfield,SC,76496,US
764,Springfield,IA,68642,US
765,Springfield,IA,68642,US
766,Atlanta,GA,52186,US
767,Atlanta,GA,52186,US
768,Fairview,IA,53253,US
769,Springfield,SD,98007,US
770,Franklin,WY,67973,US
771,Bristol,WY,37115,US
772,Fairview,NT,K3B 6P3,CA
773,Fairview,NT,K3B 6P3,CA
774,Springfield,NT,L3H 8J6,CA
775,Chester,SC,58752,US
776,Chester,SC,58752,US
777,Franklin,NH,83819,US
778,North Las Vegas,NV,69318,US
779,North Las Vegas,NV,69318,US
780,Las Vegas,NV,49228,US
781,Richmond,BC,K6M 6B3,CA
782,Salem,RI,51032,US
783,Franklin,MT,65515,US
784,Clinton,MT,56377,US
785,Madison,NS,G3C 9Y3,CA
786,Madison,NS,G3C 9Y3,CA
787,Cleveland,OH,52026,US
788,Franklin,NU,Y7J 5H0,CA
789,Franklin,NU,Y7J 5H0,CA
790,Riverside,NU,J9H 3H4,CA
791,Georgetown,ND,11353,US
792,Bristol,MS,65079,US
793,Franklin,MS,83447,US
794,Jacksonville,FL,83323,US
795,Madison,CT,39114,US
796,Riverside,OR,11453,US
797,Springfield,OR,97277,US
798,Chandler,AZ,71699,US
799,Chandler,AZ,71699,US
800,Winston-Salem,NC,20497,US
801,Winston-Salem,NC,20497,US
802,Fairview,KY,79533,US
803,Clinton,KY,94567,US
804,Aurora,CO,10193,US
805,Franklin,PE,T5C 2S8,CA
806,Franklin,PE,T5C 2S8,CA
807,Franklin,PE,T5C 2S8,CA
808,Franklin,AL,48488,US
809,Salem,AL,64650,US
810,Clinton,RI,22536,US
811,Clinton,RI,22536,US
812,Clinton,RI,22536,US
813,Franklin,NT,Y1P 7Y2,CA
814,Franklin,NT,J8N 7E0,CA
815,Aurora,IL,70243,US
816,Aurora,IL,70243,US
817,Aurora,IL,70243,US
818,Salem,SC,97697,US
819,Salem,OK,99717,US
820,Clinton,OK,44556,US
821,Riverside,MO,22615,US
822,Riverside,WI,47915,US
823,Clinton,MT,15443,US
824,Fairview,DE,95100,US
825,Sterling Heights,MI,63234,US
826,Riverside,AL,67831,US
827,Chester,TN,93522,US
828,Franklin,TN,72687,US
829,Clinton,NM,99471,US
830,Surrey,BC,J4H 9L4,CA
831,Surrey,BC,J4H 9L4,CA
832,Madison,NT,V1T 1J8,CA
833,Tucson,AZ,63062,US
834,Tucson,AZ,63062,US
835,Tucson,AZ,63062,US
836,Springfield,KY,10535,US
837,San Francisco,CA,43478,US
838,San Francisco,CA,43478,US
839,Bristol,MN,56145,US
840,Toledo,OH,12226,US
841,Toledo,OH,12226,US
842,Toledo,OH,12226,US
843,Clinton,SD,85109,US
844,Burnaby,BC,C9S 5X2,CA
845,Burnaby,BC,C9S 5X2,CA
846,Toronto,ON,T9X 3M2,CA
847,Madison,OK,71081,US
848,Madison,OK,71081,US
849,Riverside,MT,29783,US
850,Clinton,IA,46031,US
851,Clinton,IA,46031,US
852,Clinton,IA,46031,US
853,Burnaby,BC,R9C 1T7,CA
854,Fairview,HI,97734,US
855,Erie,PA,60995,US
856,Philadelphia,PA,20082,US
857,Fort Lauderdale,FL,26433,US
858,Fort Lauderdale,FL,26433,US
859,Fort Lauderdale,FL,26433,US
860,Clinton,HI,42153,US
861,Clinton,HI,42153,US
862,Chester,HI,53846,US
863,Bristol,UT,48326,US
864,Philadelphia,PA,52542,US
865,Chicago,IL,62985,US
866,Naperville,IL,87178,US
867,Chicago,IL,86953,US
868,Victoria,BC,H4L 6S4,CA
869,Franklin,VT,60285,US
870,Fairview,MB,Y6K 3M3,CA
871,Sacramento,CA,22606,US
872,Clinton,NT,M8R 3N4,CA
873,Grand Rapids,MI,88653,US
874,Chester,OR,44773,US
875,Fairview,SC,15184,US
876,Franklin,AK,49774,US
877,Riverside,AK,20445,US
878,Dallas,TX,60926,US
879,Sterling Heights,MI,69168,US
880,Riverside,LA,39161,US
881,Salem,LA,24591,US
882,Chester,LA,30387,US
883,Cambridge,MA,29086,US
884,Cambridge,MA,29086,US
885,Springfield,MA,69524,US
886,Fairview,OK,25126,US
887,Fairview,OK,25126,US
888,Riverside,OK,49169,US
889,Clinton,MB,M9A 1L1,CA
890,Salem,ND,39669,US
891,Georgetown,WY,10994,US
892,Augusta,GA,10061,US
893,Salem,NT,S6B 6H7,CA
894,Chester,TN,58186,US
895,Chester,TN,58186,US
896,Springfield,LA,60834,US
897,Franklin,NE,51274,US
898,Franklin,AL,29312,US
899,Bristol,MT,11540,US
900,Bristol,MT,11540,US
901,Chester,AK,58558,US
902,Madison,AR,41718,US
903,Houston,TX,63057,US
904,San Jose,CA,55583,US
905,Greensboro,NC,36805,US
906,Bristol,NM,71491,US
907,Bristol,NM,71491,US
908,Fairview,NM,65993,US
909,Madison,HI,28141,US
910,Madison,HI,28141,US
911,Clinton,IN,51765,US
912,Franklin,PE,V3M 1B0,CA
913,Salem,IN,88416,US
914,Salem,IN,88416,US
915,Orlando,FL,98392,US
916,Springfield,MN,23611,US
917,Springfield,MN,23611,US
918,Madison,NJ,86124,US
919,Salem,MN,55995,US
920,Salem,MN,55995,US
921,Franklin,ID,39761,US
922,Franklin,ID,39761,US
923,Raleigh,NC,97327,US
924,Raleigh,NC,97327,US
925,Chester,ID,45276,US
926,Riverside,OK,50848,US
927,Riverside,OK,50848,US
928,Pittsburgh,PA,52490,US
929,Allentown,PA,65466,US
930,Clinton,AK,91063,US
931,Clinton,AK,91063,US
932,Clinton,AK,91063,US
933,Madison,TN,42601,US
934,Bristol,TN,24620,US
935,Riverside,TN,84344,US
936,Springfield,AR,33275,US
937,Charlotte,NC,15852,US
938,Fort Collins,CO,42182,US
939,Fort Collins,CO,42182,US
940,Salem,MS,89365,US
941,Bristol,ND,47551,US
942,Riverside,ND,39722,US
943,Clinton,RI,62633,US
944,Bristol,RI,46800,US
945,Clinton,RI,62633,US
946,Toledo,OH,54007,US
947,Toledo,OH,54007,US
948,Lethbridge,AB,X3B 2J0,CA
949,Lethbridge,AB,X3B 2J0,CA
950,Athens,GA,46497,US
951,Athens,GA,46497,US
952,Fairview,WY,16047,US
953,Fairview,WY,16047,US
954,Fairview,WY,16047,US
955,Madison,HI,82449,US
956,Madison,HI,82449,US
957,Riverside,WY,13560,US
958,Springfield,NL,R7H 9J4,CA
959,Clinton,NL,G9N 6A7,CA
960,Salem,MT,77678,US
961,Clinton,MT,68724,US
962,Salem,SD,85429,US
963,Georgetown,SD,14363,US
964,Riverside,AK,12848,US
965,Riverside,AK,12848,US
966,Madison,NH,46692,US
967,Madison,NH,46692,US
968,Madison,NH,46692,US
969,Chandler,AZ,58837,US
970,Chandler,AZ,58837,US
971,Georgetown,CT,75848,US
972,Franklin,LA,40496,US
973,Springfield,MB,J6L 5E0,CA
974,London,ON,P3E 8Y9,CA
975,London,ON,Y1B 4Y1,CA
976,Salem,NL,C4K 2N5,CA
977,Madison,RI,54727,US
978,Madison,RI,54727,US
979,Madison,RI,54727,US
980,Madison,NJ,83250,US
981,Madison,NJ,83250,US
982,North Las Vegas,NV,44024,US
983,Allentown,PA,97216,US
984,Salem,WV,72158,US
985,Chester,WV,30820,US
986,Bristol,IA,45232,US
987,Georgetown,NH,25768,US
988,Madison,ID,28950,US
989,Georgetown,MN,44237,US
990,Riverside,HI,56847,US
991,Salem,HI,12932,US
992,Cleveland,OH,78159,US
993,Lethbridge,AB,R4M 2P3,CA
994,Red Deer,AB,R5E 4N4,CA
995,Charlotte,NC,95671,US
996,Charlotte,NC,95671,US
997,Georgetown,NJ,90710,US
998,Georgetown,NJ,90710,US
999,Georgetown,NB,E4A 2L3,CA
1000,Grand Rapids,MI,97738,US
1001,Grand Rapids,MI,97738,US
1002,Grand Rapids,MI,97738,US
1003,Salem,IN,69001,US
1004,Bristol,ME,73295,US
1005,Madison,MT,90577,US
1006,Madison,NU,H2N 4C9,CA
1007,Madison,NU,H2N 4C9,CA
1008,Madison,NU,J6E 1H1,CA
1009,New York,NY,73692,US
1010,Erie,PA,98646,US
1011,Erie,PA,98646,US
1012,Riverside,DE,24090,US
1013,Riverside,DE,24090,US
1014,Salem,DE,63708,US
1015,Denver,CO,67383,US
1016,Franklin,MN,34999,US
1017,Franklin,MN,34999,US
1018,Bristol,SD,81349,US
1019,Bristol,SD,81349,US
1020,Springfield,NM,12540,US
1021,Riverside,WY,56597,US
1022,Chester,WV,54858,US
1023,Fairview,LA,94861,US
1024,Erie,PA,30768,US
1025,Erie,PA,30768,US
1026,Erie,PA,30768,US
1027,Tampa,FL,31992,US
1028,Riverside,AL,78380,US
1029,Fairview,AL,66528,US
1030,Riverside,AL,78380,US
1031,Springfield,WV,66736,US
1032,Springfield,WV,66736,US
1033,Clinton,WV,33424,US
1034,Toledo,OH,17096,US
1035,Bristol,VT,51164,US
1036,Salem,MN,88072,US
1037,Salem,MN,88072,US
1038,Fort Worth,TX,60044,US
1039,Fairview,RI,92419,US
1040,Madison,RI,97665,US
1041,Fairview,RI,92419,US
1042,Franklin,UT,11653,US
1043,Franklin,UT,11653,US
1044,Riverside,UT,90620,US
1045,Cambridge,MA,17298,US
1046,Madison,WY,73689,US
1047,Fairview,MO,25962,US
1048,Fairview,MO,25962,US
1049,Madison,CT,11272,US
1050,Springfield,LA,39161,US
1051,Bristol,LA,94659,US
1052,Madison,RI,83587,US
1053,Madison,RI,83587,US
1054,Madison,ND,96978,US
1055,Madison,ND,96978,US
1056,Madison,ND,96978,US
1057,Bristol,WI,89817,US
1058,Fairview,IA,41108,US
1059,Fairview,IA,41108,US
1060,Rockford,IL,49708,US
1061,Rockford,IL,49708,US
1062,Aurora,IL,64193,US
1063,Grand Rapids,MI,79947,US
1064,Grand Rapids,MI,79947,US
1065,Detroit,MI,78123,US
1066,Clinton,MO,71336,US
1067,Sacramento,CA,98527,US
1068,Ottawa,ON,X8K 3E0,CA
1069,Clinton,WI,92474,US
1070,Madison,SD,35885,US
1071,Madison,SD,12472,US
1072,Georgetown,DE,10795,US
1073,Bristol,DE,40803,US
1074,Chester,OK,33221,US
1075,Chester,OK,33221,US
1076,Fairview,NH,81860,US
1077,Salem,NJ,99228,US
1078,Salem,NJ,99228,US
1079,Salem,NJ,99228,US
1080,Madison,UT,50593,US
1081,Madison,UT,50593,US
1082,Madison,UT,50593,US
1083,Naperville,IL,96191,US
1084,Aurora,IL,61457,US
1085,Bristol,MN,15492,US
1086,Ottawa,ON,A6R 5M6,CA
1087,Ottawa,ON,A6R 5M6,CA
1088,Ottawa,ON,A6R 5M6,CA
1089,Clinton,AR,86548,US
1090,Bristol,TN,68257,US
1091,Springfield,VT,94768,US
1092,Springfield,VT,94768,US
1093,Springfield,VT,94768,US
1094,Salem,NT,M8P 2G7,CA
1095,Clinton,ME,39482,US
1096,Clinton,ME,39482,US
1097,Fairview,SC,72045,US
1098,Georgetown,SC,48236,US
1099,Columbus,OH,98612,US
1100,Worcester,MA,67851,US
1101,Cambridge,MA,46044,US
1102,Worcester,MA,67851,US
1103,Surrey,BC,Y5V 3C4,CA
1104,Surrey,BC,K5A 2G9,CA
1105,Reno,NV,63362,US
1106,Reno,NV,63362,US
1107,Bristol,OK,80724,US
1108,Bristol,OK,80724,US
1109,Fairview,HI,80830,US
1110,Denver,CO,63306,US
1111,Springfield,KY,29974,US
1112,Springfield,KY,29974,US
1113,Bristol,NJ,13802,US
1114,Salem,WI,28845,US
1115,Salem,WI,28845,US
1116,Clinton,TN,92469,US
1117,Madison,VA,51899,US
1118,Franklin,NS,P8N 1A4,CA
1119,Franklin,NS,P8N 1A4,CA
1120,Franklin,NS,P8N 1A4,CA
1121,Clinton,HI,25337,US
1122,Mesa,AZ,13954,US
1123,Toronto,ON,C1N 8A3,CA
1124,Clinton,ID,49091,US
1125,Riverside,SC,85511,US
1126,Madison,SC,64171,US
1127,Clinton,SC,32106,US
1128,Madison,CT,60686,US
1129,Springfield,MA,54297,US
1130,Pittsburgh,PA,43900,US
1131,Fairview,ME,60750,US
1132,Fairview,ME,60750,US
1133,Fairview,ME,60750,US
1134,Chester,NL,M2M 3K5,CA
1135,Medicine Hat,AB,L2A 8E1,CA
1136,Springfield,AL,71440,US
1137,Fort Worth,TX,27510,US
1138,Salem,UT,74449,US
1139,Salem,UT,74449,US
1140,Georgetown,NL,H6T 4K0,CA
1141,Georgetown,NL,H6T 4K0,CA
1142,Riverside,IN,14632,US
1143,Riverside,MS,72589,US
1144,Madison,MS,29066,US
1145,Riverside,MS,72589,US
1146,Springfield,UT,26746,US
1147,Bristol,UT,48660,US
1148,Springfield,UT,12057,US
1149,Fairview,CT,26232,US
1150,Riverside,OK,11897,US
1151,Georgetown,OK,21518,US
1152,Franklin,AR,41423,US
1153,Bristol,LA,66401,US
1154,Boston,MA,13396,US
1155,Fort Worth,TX,39178,US
1156,Madison,YT,B1J 8C7,CA
1157,Orlando,FL,99069,US
1158,Georgetown,ME,14042,US
1159,Georgetown,ME,14042,US
1160,Fairview,MN,95702,US
1161,Salem,MB,G8R 2E6,CA
1162,Franklin,NS,N7B 1X5,CA
1163,Franklin,NS,N7B 1X5,CA
1164,Franklin,NS,N7B 1X5,CA
1165,Fairview,NM,81302,US
1166,Clinton,NT,M9X 9G3,CA
1167,Akron,OH,74899,US
1168,Reading,PA,60063,US
1169,Reading,PA,60063,US
1170,Reading,PA,60063,US
1171,Clinton,NB,E3H 3K9,CA
1172,Franklin,VA,31240,US
1173,Springfield,VA,57205,US
1174,Tacoma,WA,85796,US
1175,Tacoma,WA,85796,US
1176,Tacoma,WA,85796,US
1177,Longueuil,QC,M3S 8G3,CA
1178,Longueuil,QC,M3S 8G3,CA
1179,Springfield,ID,86550,US
1180,Springfield,NE,86839,US
1181,Springfield,NE,86839,US
1182,Riverside,SK,P6K 5T4,CA
1183,Fairview,NE,59777,US
1184,Fairview,NE,59777,US
1185,Fairview,OR,72198,US
1186,Fairview,OR,72198,US
1187,Detroit,MI,55080,US
1188,Clinton,WV,42566,US
1189,Clinton,WV,42566,US
1190,Clinton,WV,42566,US
1191,Fort Collins,CO,74546,US
1192,Fort Collins,CO,74546,US
1193,Fort Collins,CO,74546,US
1194,Longueuil,QC,P4C 9N0,CA
1195,Chester,KS,23759,US
1196,Riverside,MO,98500,US
1197,Riverside,MO,98500,US
1198,Georgetown,ID,47207,US
1199,Riverside,ID,98833,US
1200,Georgetown,ID,47207,US
1201,Clinton,DE,46215,US
1202,Durham,NC,16660,US
1203,Durham,NC,16660,US
1204,Durham,NC,16660,US
1205,Madison,ND,47136,US
1206,Madison,ND,47136,US
1207,Madison,HI,60878,US
1208,Franklin,KS,44903,US
1209,Georgetown,MT,70342,US
1210,Salem,MT,43186,US
1211,Georgetown,MT,70342,US
1212,Fairview,VA,75628,US
1213,Fairview,MS,88459,US
1214,Atlanta,GA,47148,US
1215,Tacoma,WA,24776,US
1216,Tacoma,WA,24776,US
1217,Franklin,LA,61897,US
1218,Salem,LA,39395,US
1219,Franklin,TN,22568,US
1220,Philadelphia,PA,59600,US
1221,Riverside,CT,83815,US
1222,Riverside,CT,83815,US
1223,Riverside,CT,83815,US
1224,Salem,MS,89221,US
1225,Georgetown,NM,40427,US
1226,Vancouver,WA,58958,US
1227,Bellevue,WA,30699,US
1228,Riverside,OR,63338,US
1229,Riverside,OR,63338,US
1230,Charlotte,NC,23204,US
1231,Clinton,NH,97347,US
1232,Riverside,NH,32342,US
1233,Clinton,NH,97347,US
1234,Fairview,HI,17804,US
1235,Riverside,AK,69011,US
1236,Riverside,AK,69011,US
1237,Riverside,AK,69011,US
1238,Franklin,NT,R8C 4H0,CA
1239,Chandler,AZ,95234,US
1240,Clinton,ID,82817,US
1241,Chester,ID,40836,US
1242,Fairview,ME,89878,US
1243,Riverside,WV,13396,US
1244,Riverside,WV,13396,US
1245,Bristol,HI,51572,US
1246,Bristol,HI,51572,US
1247,Springfield,HI,75640,US
1248,Edmonton,AB,G1L 4M7,CA
1249,Fort Collins,CO,59515,US
1250,Fort Collins,CO,59515,US
1251,Aurora,CO,51823,US
1252,Ann Arbor,MI,35258,US
1253,Georgetown,NS,N4N 5M0,CA
1254,Madison,AK,82345,US
1255,Bristol,SC,96149,US
1256,Clinton,SC,47802,US
1257,Springfield,ME,53332,US
1258,Clinton,MS,83470,US
1259,Tucson,AZ,35100,US
1260,Clinton,NH,57279,US
1261,Mississauga,ON,M7A 2G1,CA
1262,Mississauga,ON,M7A 2G1,CA
1263,Mississauga,ON,M7A 2G1,CA
1264,Madison,NE,54056,US
1265,Jacksonville,FL,60785,US
1266,Jacksonville,FL,60785,US
1267,Clinton,ND,89680,US
1268,Springfield,ND,84421,US
1269,Franklin,WY,99700,US
1270,Franklin,WY,99700,US
1271,Las Vegas,NV,89299,US
1272,Chester,ID,66262,US
1273,Madison,NU,B8Y 9S9,CA
1274,Fairview,SK,G1K 3V3,CA
1275,Tucson,AZ,14040,US
1276,Tucson,AZ,14040,US
1277,Bristol,VT,67234,US
1278,Bristol,VT,67234,US
1279,Riverside,HI,51162,US
1280,San Antonio,TX,62363,US
1281,Springfield,VT,64284,US
1282,Springfield,VT,64284,US
1283,Madison,NJ,55408,US
1284,Madison,NJ,55408,US
1285,Madison,NJ,55408,US
1286,Springfield,RI,21856,US
1287,Springfield,RI,21856,US
1288,Springfield,LA,40804,US
1289,Springfield,LA,84056,US
1290,Bristol,IA,67169,US
1291,Victoria,BC,L4K 1S2,CA
1292,Victoria,BC,L4K 1S2,CA
1293,Salem,IN,45002,US
1294,Salem,IN,45002,US
1295,Warren,MI,62754,US
1296,Warren,MI,62754,US
1297,Fairview,MS,63528,US
1298,Fairview,MS,63528,US
1299,Fairview,AK,36255,US
1300,Springfield,AK,37842,US
1301,Fairview,UT,93071,US
1302,Madison,UT,80817,US
1303,Fairview,UT,93071,US
1304,Springfield,KY,42218,US
1305,Springfield,KY,42218,US
1306,Salem,NB,J2M 1Y2,CA
1307,Georgetown,NT,J3M 5X3,CA
1308,Clinton,ID,31984,US
1309,Riverside,WV,62545,US
1310,Georgetown,WV,47082,US
1311,Riverside,WV,62545,US
1312,Raleigh,NC,52196,US
1313,Los Angeles,CA,98396,US
1314,Los Angeles,CA,98396,US
1315,Scottsdale,AZ,30090,US
1316,Scottsdale,AZ,94453,US
1317,Scottsdale,AZ,30090,US
1318,Cincinnati,OH,44939,US
1319,Miami,FL,59073,US
1320,Riverside,HI,92808,US
1321,Fairview,NS,E6K 1B7,CA
1322,Fairview,NS,E6K 1B7,CA
1323,Riverside,MB,X8B 7N0,CA
1324,Franklin,ME,58749,US
1325,Franklin,ME,58749,US
1326,Chester,TN,37390,US
1327,Chester,TN,37390,US
1328,Chester,CT,13059,US
1329,San Francisco,CA,32352,US
1330,Springfield,PE,G1K 9N4,CA
1331,Springfield,PE,G1K 9N4,CA
1332,Clinton,RI,96377,US
1333,Clinton,RI,96377,US
1334,Bristol,NJ,69627,US
1335,San Diego,CA,95829,US
1336,Franklin,NM,55203,US
1337,Franklin,NM,55203,US
1338,San Jose,CA,87060,US
1339,San Jose,CA,87060,US
1340,Bristol,ID,55260,US
1341,Salem,ID,49520,US
1342,Bristol,ID,55260,US
1343,Salem,WI,85986,US
1344,Salem,WI,85986,US
1345,Georgetown,MS,39651,US
1346,Orlando,FL,54766,US
1347,Salem,MO,39954,US
1348,Georgetown,VT,64336,US
1349,Albany,NY,45159,US
1350,Salem,NE,20069,US
1351,Salem,IA,14500,US
1352,Springfield,SD,55548,US
1353,Springfield,SD,55548,US
1354,Chester,YT,B1N 9B4,CA
1355,Scottsdale,AZ,89217,US
1356,Fairview,SC,14764,US
1357,Fairview,SC,14764,US
1358,Madison,MN,83300,US
1359,Franklin,MN,68184,US
1360,Dallas,TX,59545,US
1361,Dallas,TX,59545,US
1362,Houston,TX,42722,US
1363,Bristol,ID,51948,US
1364,Bristol,ID,51948,US
1365,Chester,VT,92829,US
1366,Victoria,BC,K3X 1R2,CA
1367,Victoria,BC,K3X 1R2,CA
1368,Victoria,BC,K3X 1R2,CA
1369,Cleveland,OH,37643,US
1370,Bristol,ME,46868,US
1371,Greensboro,NC,79081,US
1372,Greensboro,NC,79081,US
1373,North Las Vegas,NV,22358,US
1374,North Las Vegas,NV,22358,US
1375,Franklin,IA,46511,US
1376,Hamilton,ON,L2M 9S3,CA
1377,Mississauga,ON,K2C 8E7,CA
1378,Bristol,AL,27707,US
1379,Clinton,AL,25331,US
1380,Chester,AL,22929,US
1381,Clinton,SC,11497,US
1382,Medicine Hat,AB,S8Y 2M5,CA
1383,Sacramento,CA,85520,US
1384,Fairview,UT,18386,US
1385,Madison,WV,14746,US
1386,Madison,WV,14746,US
1387,Georgetown,AR,34577,US
1388,Athens,GA,85452,US
1389,Lowell,MA,50498,US
1390,Salem,VA,60315,US
1391,Salem,IA,68141,US
1392,Georgetown,NB,S1B 7H5,CA
1393,Georgetown,NB,S1B 7H5,CA
1394,Georgetown,NB,S1B 7H5,CA
1395,Clinton,NL,T5Y 2G6,CA
1396,Sparks,NV,87371,US
1397,Sparks,NV,87371,US
1398,Sparks,NV,87371,US
1399,Syracuse,NY,92800,US
1400,Chester,SK,V7L 2H6,CA
1401,Georgetown,ID,97071,US
1402,Salem,AK,27032,US
1403,Salem,AK,27032,US
1404,Franklin,OK,61679,US
1405,Riverside,MB,E5X 5S0,CA
1406,Riverside,MB,E5X 5S0,CA
1407,Fairview,WI,77735,US
1408,Fairview,WI,73886,US
1409,Fairview,WI,77735,US
1410,Madison,CT,86374,US
1411,Madison,CT,86374,US
1412,Spokane,WA,60856,US
1413,Vancouver,WA,64041,US
1414,Franklin,NS,P6Y 8R7,CA
1415,Franklin,NS,P6Y 8R7,CA
1416,Springfield,DE,57015,US
1417,Springfield,VA,72154,US
1418,Springfield,VA,72154,US
1419,Georgetown,MS,83134,US
1420,Madison,ND,75383,US
1421,Bristol,NE,87927,US
1422,Chester,MB,E2P 1H3,CA
1423,Cincinnati,OH,86100,US
1424,Clinton,LA,67486,US
1425,Springfield,LA,11611,US
1426,Salem,AR,54070,US
1427,Salem,AR,54070,US
1428,Salem,AR,54070,US
1429,Springfield,SK,C1T 4H2,CA
1430,Springfield,OK,57784,US
1431,Bristol,NB,Y3E 5H4,CA
1432,Bristol,MN,41917,US
1433,Bristol,MN,41917,US
1434,Riverside,MN,58476,US
1435,Phoenix,AZ,15430,US
1436,Phoenix,AZ,15430,US
1437,Fairview,TN,92663,US
1438,Reading,PA,25165,US
1439,Allentown,PA,67851,US
1440,Reading,PA,25165,US
1441,Fort Collins,CO,53642,US
1442,Salem,RI,52632,US
1443,Madison,MN,27370,US
1444,Salem,NH,67536,US
1445,Salem,NH,67536,US
1446,Salem,NH,67536,US
1447,Madison,MT,80851,US
1448,Springfield,MT,28500,US
1449,Franklin,MT,90626,US
1450,Franklin,MT,90626,US
1451,Chester,ND,79422,US
1452,Columbus,OH,17527,US
1453,Georgetown,IA,87012,US
1454,Clinton,IA,25331,US
1455,Salem,NM,41277,US
1456,Rochester,NY,31392,US
1457,Rochester,NY,31392,US
1458,Naperville,IL,10975,US
1459,Ottawa,ON,M2E 7L3,CA
1460,Ottawa,ON,M2E 7L3,CA
1461,Georgetown,PE,A7B 6M1,CA
1462,Georgetown,PE,A7B 6M1,CA
1463,Georgetown,PE,A7B 6M1,CA
1464,Springfield,KY,83860,US
1465,Riverside,KY,30095,US
1466,Springfield,PE,X9B 7X3,CA
1467,Bristol,IA,43342,US
1468,Syracuse,NY,89544,US
1469,Madison,OR,37158,US
1470,Madison,OR,37158,US
1471,Madison,OR,37158,US
1472,Springfield,AL,52057,US
1473,Springfield,AL,52057,US
1474,Clinton,IN,21876,US
1475,Clinton,IN,21876,US
1476,Clinton,IN,21876,US
1477,Fairview,OR,13155,US
1478,Fairview,OR,13155,US
1479,Georgetown,NS,S8L 1H0,CA
1480,Georgetown,NS,S8L 1H0,CA
1481,Fairview,OK,89300,US
1482,Salem,NU,J2B 4H3,CA
1483,Clinton,YT,T3L 5V9,CA
1484,Clinton,YT,T3L 5V9,CA
1485,Clinton,YT,T3L 5V9,CA
1486,Fairview,DE,34867,US
1487,Bristol,MN,71350,US
1488,Springfield,NS,N4A 8H7,CA
1489,Fairview,NM,62180,US
1490,Fairview,NM,62180,US
1491,Fairview,NM,62180,US
1492,Fairview,MN,90369,US
1493,Springfield,MN,60432,US
1494,Clinton,WV,11275,US
1495,Clinton,WV,11275,US
1496,Fort Worth,TX,16579,US
1497,Fort Worth,TX,18270,US
1498,Springfield,IA,34233,US
1499,Aurora,CO,42709,US
1500,Aurora,CO,42709,US
1501,Madison,MT,17457,US
1502,Madison,LA,21981,US
1503,Madison,LA,21981,US
1504,Madison,LA,21981,US
1505,Riverside,NJ,52263,US
1506,Riverside,NJ,52263,US
1507,Joliet,IL,70799,US
1508,Sacramento,CA,95056,US
1509,Sacramento,CA,95056,US
1510,Salem,AK,90536,US
1511,Salem,AK,90536,US
1512,Georgetown,AR,82672,US
1513,Franklin,IA,11723,US
1514,Lethbridge,AB,L1L 6C5,CA
1515,Calgary,AB,B8C 3M1,CA
1516,Fairview,SK,L6S 9E5,CA
1517,Fairview,SK,L6S 9E5,CA
1518,Fairview,SK,L6S 9E5,CA
1519,Chester,AR,78925,US
1520,Victoria,BC,V1M 3P2,CA
1521,Richmond,BC,P5L 9T8,CA
1522,Victoria,BC,V1M 3P2,CA
1523,Franklin,ND,94202,US
1524,Clinton,NH,15114,US
1525,Franklin,NJ,27730,US
1526,Franklin,NJ,27730,US
1527,Fairview,MD,31093,US
1528,Madison,ND,62446,US
1529,Madison,ND,62446,US
1530,Madison,ND,62446,US
1531,Rochester,NY,20424,US
1532,Rochester,NY,20424,US
1533,North Las Vegas,NV,94351,US
1534,North Las Vegas,NV,94351,US
1535,Reno,NV,26599,US
1536,Augusta,GA,47594,US
1537,Augusta,GA,47594,US
1538,Franklin,MT,60440,US
1539,Franklin,MT,60440,US
1540,Springfield,RI,23186,US
1541,Springfield,RI,23186,US
1542,Bristol,WI,17392,US
1543,San Diego,CA,31432,US
1544,San Diego,CA,31432,US
1545,San Diego,CA,31432,US
1546,Bristol,AK,56547,US
1547,Fort Lauderdale,FL,94264,US
1548,Chester,MB,A8X 2S2,CA
1549,Riverside,NE,29492,US
1550,Riverside,NE,29492,US
1551,Cambridge,MA,68468,US
1552,Worcester,MA,84718,US
1553,Cambridge,MA,68468,US
1554,Riverside,SK,H7Y 1A9,CA
1555,Riverside,SK,H7Y 1A9,CA
1556,Salem,ND,22106,US
1557,Bristol,NU,V1Y 6M2,CA
1558,Bristol,NU,V1Y 6M2,CA
1559,Clinton,VA,29294,US
1560,Madison,VA,48352,US
1561,Salem,IN,12551,US
1562,Salem,IN,12551,US
1563,Riverside,WV,33047,US
1564,Springfield,ND,68663,US
1565,Springfield,ND,68663,US
1566,Philadelphia,PA,98783,US
1567,Philadelphia,PA,98783,US
1568,Erie,PA,37841,US
1569,Riverside,OK,82894,US
1570,Clinton,NE,13185,US
1571,Riverside,MO,40961,US
1572,San Diego,CA,23172,US
1573,Franklin,MT,99347,US
1574,Springfield,MT,87835,US
1575,Bristol,OK,20529,US
1576,Franklin,KY,68861,US
1577,Salem,NH,34441,US
1578,Salem,NH,34441,US
1579,Salem,NH,34441,US
1580,Fairview,PE,H9S 2A2,CA
1581,Clinton,AR,83664,US
1582,Madison,AR,13211,US
1583,Franklin,MO,63600,US
1584,Franklin,MO,63600,US
1585,Franklin,MO,63600,US
1586,Sparks,NV,28728,US
1587,Madison,RI,39306,US
1588,Madison,RI,39306,US
1589,Orlando,FL,87263,US
1590,Chester,VT,80114,US
1591,Fairview,SD,39267,US
1592,Fairview,SD,39267,US
1593,Bristol,ME,23787,US
1594,Salem,VT,87812,US
1595,Salem,VT,87812,US
1596,Salem,VT,87812,US
1597,Franklin,WI,87214,US
1598,Fairview,WI,75015,US
1599,Franklin,WI,87214,US
1600,Madison,SD,25177,US
1601,Madison,SD,25177,US
1602,Erie,PA,87120,US
1603,Erie,PA,87120,US
1604,Chandler,AZ,34318,US
1605,Clinton,NM,71330,US
1606,Clinton,NM,71330,US
1607,Georgetown,KS,86557,US
1608,Springfield,NT,K8Y 3Y0,CA
1609,Springfield,NT,K8Y 3Y0,CA
1610,Clinton,MT,80010,US
1611,Fairview,ND,42706,US
1612,Georgetown,ND,45701,US
1613,Fairview,ND,42706,US
1614,Fairview,ID,57710,US
1615,Chester,WI,46758,US
1616,Bristol,AL,77001,US
1617,Riverside,CT,91819,US
1618,Springfield,KS,54861,US
1619,Springfield,KS,54861,US
1620,Chester,ID,41752,US
1621,Chester,ID,41752,US
1622,Madison,NJ,37283,US
1623,Madison,NJ,37283,US
1624,Madison,NJ,37283,US
1625,Clinton,YT,A1C 7C8,CA
1626,Salem,YT,M7L 5V1,CA
1627,Clinton,YT,A1C 7C8,CA
1628,Georgetown,WI,68964,US
1629,Detroit,MI,23644,US
1630,Denver,CO,27503,US
1631,Fairview,NS,M7Y 6J7,CA
1632,Riverside,TN,91393,US
1633,Henderson,NV,81767,US
1634,Madison,VT,22333,US
1635,Riverside,NB,H6X 2G8,CA
1636,Springfield,AL,56458,US
1637,Springfield,AL,56458,US
1638,Georgetown,AL,73858,US
1639,Colorado Springs,CO,85625,US
1640,Fort Collins,CO,11836,US
1641,Bristol,OK,26973,US
1642,Chicago,IL,69546,US
1643,Chicago,IL,69546,US
1644,Clinton,WY,41425,US
1645,Clinton,WY,41425,US
1646,Bristol,DE,92094,US
1647,Franklin,SC,53276,US
1648,Madison,SC,10611,US
1649,Longueuil,QC,J6T 3Y9,CA
1650,Franklin,YT,X8R 6T5,CA
1651,Georgetown,YT,N4K 5T9,CA
1652,Erie,PA,94978,US
1653,Erie,PA,48602,US
1654,London,ON,J9S 2R1,CA
1655,Chester,MS,67910,US
1656,Chester,MS,67910,US
1657,Jacksonville,FL,17170,US
1658,Bristol,OK,14945,US
1659,Clinton,NS,B7C 2K9,CA
1660,Clinton,NS,B7C 2K9,CA
1661,Georgetown,NS,J4X 1T9,CA
1662,Salem,TN,52346,US
1663,Clinton,TN,87559,US
1664,Franklin,TN,25809,US
1665,Dallas,TX,44702,US
1666,Dallas,TX,44702,US
1667,Sacramento,CA,35926,US
1668,Sacramento,CA,35926,US
1669,Montreal,QC,L5C 3M5,CA
1670,Allentown,PA,54600,US
1671,Allentown,PA,54600,US
1672,Austin,TX,92038,US
1673,Austin,TX,92038,US
1674,San Antonio,TX,39480,US
1675,Chester,NE,42434,US
1676,Chester,NE,42434,US
1677,Bristol,AR,32223,US
1678,Springfield,AR,11223,US
1679,Bristol,AR,32223,US
1680,Fort Collins,CO,32828,US
1681,Colorado Springs,CO,14173,US
1682,Madison,CT,17722,US
1683,San Francisco,CA,84124,US
1684,Fort Collins,CO,94270,US
1685,Fort Collins,CO,64000,US
1686,Fairview,SD,34486,US
1687,Fairview,SD,34486,US
1688,Clinton,AL,27554,US
1689,Clinton,AL,27554,US
1690,Clinton,AL,27554,US
1691,Riverside,AL,10400,US
1692,Riverside,AL,10400,US
1693,Salem,MB,E1N 5B2,CA
1694,Salem,MB,E1N 5B2,CA
1695,Georgetown,NH,39192,US
1696,Raleigh,NC,50689,US
1697,Greensboro,NC,61125,US
1698,Fairview,CT,15563,US
1699,Chester,NB,G1J 6B0,CA
1700,Raleigh,NC,44658,US
1701,Clinton,ND,92034,US
1702,Chester,SD,85027,US
1703,Bristol,ND,18228,US
1704,Bristol,ND,18228,US
1705,Riverside,NE,62908,US
1706,Riverside,NE,62908,US
1707,Riverside,NE,62908,US
1708,Fairview,AK,34786,US
1709,Madison,MT,50988,US
1710,Clinton,LA,53221,US
1711,Franklin,LA,35281,US
1712,Pittsburgh,PA,75881,US
1713,Riverside,AK,36288,US
1714,Miami,FL,58315,US
1715,Georgetown,AK,38893,US
1716,Salem,AK,47069,US
1717,Georgetown,AK,38893,US
1718,Chester,MO,15615,US
1719,Chester,MO,15615,US
1720,Salem,KS,19825,US
1721,Salem,KS,19825,US
1722,Springfield,VA,88500,US
1723,Springfield,VA,88500,US
1724,Fairview,SK,A6P 1L2,CA
1725,Worcester,MA,28052,US
1726,Riverside,KS,48143,US
1727,Dallas,TX,66023,US
1728,Dallas,TX,66023,US
1729,Springfield,NM,46956,US
1730,Riverside,NU,N6X 7A2,CA
1731,Riverside,NU,N6X 7A2,CA
1732,Bristol,MT,25299,US
1733,Bristol,MT,25299,US
1734,Bristol,NM,94139,US
1735,Savannah,GA,38315,US
1736,Savannah,GA,38315,US
1737,Fairview,MT,60891,US
1738,Springfield,MT,42106,US
1739,Clinton,ME,20311,US
1740,San Francisco,CA,14336,US
1741,Los Angeles,CA,64803,US
1742,Los Angeles,CA,29505,US
1743,Clinton,MT,33061,US
1744,Clinton,MT,33061,US
1745,Joliet,IL,77009,US
1746,Atlanta,GA,38301,US
1747,Atlanta,GA,38301,US
1748,Charlotte,NC,87270,US
1749,Charlotte,NC,87270,US
1750,San Antonio,TX,54335,US
1751,Houston,TX,96291,US
1752,Riverside,YT,R8S 6P9,CA
1753,Franklin,LA,33737,US
1754,Franklin,LA,33737,US
1755,Franklin,LA,33737,US
1756,Clinton,NB,X3N 5E7,CA
1757,Georgetown,MD,42611,US
1758,Georgetown,MD,42611,US
1759,Georgetown,MD,42611,US
1760,Georgetown,NU,Y7L 8L0,CA
1761,Clinton,MT,63567,US
1762,Clinton,NE,65172,US
1763,Springfield,MA,25912,US
1764,Salem,NJ,59854,US
1765,Riverside,NJ,83870,US
1766,Georgetown,MS,26586,US
1767,Springfield,OR,37155,US
1768,Riverside,NU,Y3E 9H1,CA
1769,Riverside,NU,Y3E 9H1,CA
1770,Clinton,MT,87572,US
1771,Salem,MT,40874,US
1772,Georgetown,OK,53411,US
1773,Georgetown,OK,53411,US
1774,Georgetown,OK,53411,US
1775,Bristol,AR,89593,US
1776,Bristol,AR,89593,US
1777,Georgetown,MB,S5X 6Y6,CA
1778,Fairview,MB,N7X 8A4,CA
1779,Georgetown,MB,S5X 6Y6,CA
1780,Franklin,AL,86133,US
1781,Chester,AL,39759,US
1782,Fairview,AL,94558,US
1783,Fairview,AK,81143,US
1784,Fairview,AK,81143,US
1785,Fairview,DE,16311,US
1786,Fairview,DE,16311,US
1787,Franklin,ND,75186,US
1788,Chester,NM,75275,US
1789,Franklin,ID,16620,US
1790,Riverside,LA,75347,US
1791,Salem,LA,16144,US
1792,Riverside,LA,75347,US
1793,Franklin,MO,85371,US
1794,Bristol,ME,42860,US
1795,Fort Collins,CO,83151,US
1796,Bristol,PE,P4V 1B6,CA
1797,Riverside,PE,P2B 9X5,CA
1798,Fairview,CT,68302,US
1799,Clinton,CT,97155,US
1800,Bristol,ID,31343,US
1801,Georgetown,ID,28864,US
1802,Springfield,ID,63870,US
1803,Philadelphia,PA,80248,US
1804,Philadelphia,PA,80248,US
1805,Philadelphia,PA,80248,US
1806,Salem,NL,S8R 3H6,CA
1807,Salem,NL,S8R 3H6,CA
1808,Georgetown,UT,46694,US
1809,Georgetown,UT,46694,US
1810,Bristol,AR,78484,US
1811,Pittsburgh,PA,70838,US
1812,Pittsburgh,PA,70838,US
1813,Pittsburgh,PA,70838,US
1814,Bristol,VA,13664,US
1815,Springfield,VA,95434,US
1816,New York,NY,12710,US
1817,New York,NY,12710,US
1818,Chester,NS,R2S 8G1,CA
1819,Chester,NS,R2S 8G1,CA
1820,Franklin,SC,11880,US
1821,Fairview,SK,S5C 1L7,CA
1822,Fairview,SK,S5C 1L7,CA
1823,Fairview,SK,S5C 1L7,CA
1824,Georgetown,NE,83853,US
1825,Georgetown,NE,83853,US
1826,Fairview,NE,69891,US
1827,Springfield,NS,C7J 8P0,CA
1828,Springfield,NS,C7J 8P0,CA
1829,Riverside,NM,46217,US
1830,Chester,MB,V3M 6T9,CA
1831,Chester,MB,V3M 6T9,CA
1832,Chester,MB,V3M 6T9,CA
1833,New York,NY,26123,US
1834,Chester,VT,99241,US
1835,Chester,VT,99241,US
1836,Philadelphia,PA,99662,US
1837,Pittsburgh,PA,96026,US
1838,Durham,NC,20293,US
1839,Georgetown,NJ,70729,US
1840,Madison,ID,11835,US
1841,Madison,ID,11835,US
1842,Worcester,MA,26533,US
1843,Franklin,ND,52007,US
1844,Madison,VA,80627,US
1845,New York,NY,39946,US
1846,New York,NY,39946,US
1847,Madison,NB,B4N 9H7,CA
1848,Madison,NB,B4N 9H7,CA
1849,Riverside,MN,12719,US
1850,Riverside,MN,12719,US
1851,Georgetown,MN,88667,US
1852,Salem,NH,74345,US
1853,Madison,ID,23631,US
1854,Jacksonville,FL,45070,US
1855,Jacksonville,FL,45070,US
1856,Jacksonville,FL,45070,US
1857,Springfield,NM,97275,US
1858,Springfield,NM,97275,US
1859,Hamilton,ON,A4V 6P7,CA
1860,Hamilton,ON,A4V 6P7,CA
1861,Hamilton,ON,A4V 6P7,CA
1862,Reno,NV,24838,US
1863,Reno,NV,24838,US
1864,Chester,RI,13285,US
1865,San Jose,CA,15951,US
1866,San Jose,CA,15951,US
1867,Phoenix,AZ,70958,US
1868,Phoenix,AZ,70958,US
1869,Franklin,NJ,29595,US
1870,Franklin,NJ,29595,US
1871,Calgary,AB,R2P 6X5,CA
1872,Calgary,AB,R2P 6X5,CA
1873,Calgary,AB,R2P 6X5,CA
1874,Franklin,ND,19076,US
1875,Franklin,ND,19076,US
1876,Reno,NV,50350,US
1877,Reno,NV,50350,US
1878,Bristol,NB,K2M 8L3,CA
1879,Bristol,NB,K2M 8L3,CA
1880,Georgetown,KY,31296,US
1881,Burnaby,BC,L4Y 6T8,CA
1882,Richmond,BC,E8C 1A6,CA
1883,Clinton,HI,46114,US
1884,Edmonton,AB,V9M 8J4,CA
1885,Rochester,NY,63389,US
1886,Salem,TN,43019,US
1887,Austin,TX,55195,US
1888,Fort Worth,TX,80894,US
1889,Fairview,DE,90566,US
1890,Georgetown,YT,J8J 5P1,CA
1891,Georgetown,YT,J8J 5P1,CA
1892,Chester,NB,N5P 9H2,CA
1893,Franklin,KY,19659,US
1894,Chester,NT,G5V 2P7,CA
1895,Chester,NT,G5V 2P7,CA
1896,Montreal,QC,P2J 3S8,CA
1897,Georgetown,NB,S5A 4A9,CA
1898,Georgetown,NB,S5A 4A9,CA
1899,Springfield,NM,27113,US
1900,Springfield,NM,27113,US
1901,Springfield,NM,27113,US
1902,Hamilton,ON,B7G 1X1,CA
1903,Hamilton,ON,B7G 1X1,CA
1904,London,ON,N4R 1M2,CA
1905,Springfield,ID,84500,US
1906,Tampa,FL,36712,US
1907,Raleigh,NC,89978,US
1908,Franklin,HI,77507,US
1909,Franklin,HI,77507,US
1910,Calgary,AB,R4G 8A3,CA
1911,Calgary,AB,R4G 8A3,CA
1912,Franklin,AL,94014,US
1913,Riverside,MT,50219,US
1914,Chester,IA,91962,US
1915,Chester,IA,91962,US
1916,Detroit,MI,49923,US
1917,Richmond,BC,Y2C 8S3,CA
1918,Surrey,BC,J7H 5B8,CA
1919,Riverside,LA,52769,US
1920,Laval,QC,E2Y 6X1,CA
1921,London,ON,L8X 8C8,CA
1922,Bristol,OR,79799,US
1923,Salem,LA,50738,US
1924,Salem,LA,50738,US
1925,Salem,LA,50738,US
1926,Chester,VT,57581,US
1927,Chester,VT,57581,US
1928,Chester,VT,57581,US
1929,Fairview,MN,92324,US
1930,Springfield,RI,90044,US
1931,Springfield,RI,90044,US
1932,Riverside,SC,56860,US
1933,Chester,SC,80340,US
1934,Fairview,SC,78885,US
1935,Riverside,WI,50719,US
1936,Riverside,WI,50719,US
1937,Riverside,SC,84859,US
1938,Fairview,SC,55409,US
1939,Chester,ID,37802,US
1940,Cincinnati,OH,36804,US
1941,Fairview,TN,97612,US
1942,Lethbridge,AB,Y9X 7T4,CA
1943,Calgary,AB,X3X 8B8,CA
1944,Salem,SC,70701,US
1945,Bellevue,WA,43294,US
1946,Henderson,NV,72152,US
1947,Las Vegas,NV,65795,US
1948,Scottsdale,AZ,77590,US
1949,Bristol,AK,41708,US
1950,Tampa,FL,37005,US
1951,Quebec City,QC,M5N 5V5,CA
1952,Tucson,AZ,74340,US
1953,Clinton,VA,55284,US
1954,Cleveland,OH,44545,US
1955,Cleveland,OH,44545,US
1956,Cambridge,MA,49292,US
1957,Cambridge,MA,49292,US
1958,Georgetown,MT,70531,US
1959,Springfield,MA,93015,US
1960,Springfield,MA,93015,US
1961,Springfield,MT,55350,US
1962,Georgetown,NM,75884,US
1963,Georgetown,WY,79298,US
1964,Georgetown,WY,79298,US
1965,Clinton,NU,S2V 5N7,CA
1966,Clinton,NU,H2P 9C9,CA
1967,Cleveland,OH,37047,US
1968,Philadelphia,PA,60467,US
1969,Philadelphia,PA,60467,US
1970,Philadelphia,PA,60467,US
1971,Franklin,NB,C4J 1N8,CA
1972,Fairview,NB,A7G 4C5,CA
1973,Bristol,VA,30755,US
1974,Durham,NC,25567,US
1975,Durham,NC,25567,US
1976,Madison,NE,91225,US
1977,Bristol,NM,76489,US
1978,Salem,NM,88780,US
1979,Clinton,WI,77691,US
1980,Clinton,WI,77691,US
1981,Bristol,AL,91286,US
1982,Bristol,NH,21804,US
1983,Franklin,NH,28110,US
1984,Springfield,SC,46375,US
1985,Bristol,KY,27863,US
1986,Springfield,ID,72119,US
1987,Springfield,ID,72119,US
1988,Springfield,ID,72119,US
1989,Clinton,AL,73067,US
1990,Madison,VT,85739,US
1991,San Antonio,TX,92406,US
1992,San Antonio,TX,92406,US
1993,Dallas,TX,81037,US
1994,Boulder,CO,81672,US
1995,Boulder,CO,81672,US
1996,Boulder,CO,47175,US
1997,Bristol,MT,87214,US
1998,Bristol,MT,87214,US
1999,Madison,NB,T9E 3S8,CA
2000,Georgetown,NB,C2H 8T6,CA
2001,Warren,MI,49093,US
2002,Warren,MI,49093,US
2003,Georgetown,CT,73021,US
2004,Franklin,CT,64846,US
2005,Calgary,AB,Y3J 4G0,CA
2006,Franklin,MN,86929,US
2007,Riverside,OR,87711,US
2008,Bristol,OR,91090,US
2009,Riverside,OR,87711,US
2010,Franklin,KY,16221,US
2011,Madison,ID,45108,US
2012,Madison,ID,45108,US
2013,Fairview,MT,50683,US
2014,Salem,AL,71419,US
2015,Fairview,AL,30735,US
2016,Salem,AL,71419,US
2017,Bristol,HI,33219,US
2018,Chester,TN,48918,US
2019,Chester,TN,48918,US
2020,Chester,TN,48918,US
2021,Joliet,IL,43875,US
2022,Chester,SK,N6N 1G6,CA
2023,Chester,SK,N6N 1G6,CA
2024,Franklin,SD,75090,US
2025,New York,NY,44115,US
2026,Riverside,MD,51214,US
2027,Bristol,ND,49426,US
2028,Orlando,FL,75621,US
2029,Sparks,NV,92031,US
2030,Sparks,NV,92031,US
2031,Franklin,VT,96379,US
2032,Tampa,FL,65303,US
2033,Dallas,TX,97878,US
2034,Dallas,TX,97878,US
2035,Clinton,NH,14173,US
2036,Clinton,NH,14173,US
2037,Springfield,ME,52797,US
2038,Seattle,WA,18341,US
2039,Seattle,WA,18341,US
2040,Springfield,UT,35686,US
2041,Springfield,UT,35686,US
2042,Madison,AK,66212,US
2043,Georgetown,AK,44435,US
2044,Riverside,HI,55068,US
2045,Madison,NH,17985,US
2046,Madison,NH,17985,US
2047,Chester,NH,63558,US
2048,Georgetown,VT,47171,US
2049,Georgetown,VT,47171,US
2050,Chester,VT,89308,US
2051,Salem,MS,72685,US
2052,Franklin,MS,17650,US
2053,Fairview,SC,38318,US
2054,Fairview,SC,38318,US
2055,Fairview,SC,38318,US
2056,Dallas,TX,34202,US
2057,Dallas,TX,34202,US
2058,San Diego,CA,93154,US
2059,San Diego,CA,93154,US
2060,Salem,HI,18576,US
2061,Chester,OR,76502,US
2062,Riverside,MD,19297,US
2063,Chester,VT,37602,US
2064,Fort Collins,CO,83495,US
2065,Denver,CO,85221,US
2066,Springfield,UT,25148,US
2067,Rochester,NY,19372,US
2068,Atlanta,GA,96207,US
2069,Atlanta,GA,96207,US
2070,Atlanta,GA,96207,US
2071,Georgetown,MN,66813,US
2072,Clinton,ND,83602,US
2073,Clinton,ND,83602,US
2074,Clinton,ND,83602,US
2075,Springfield,ND,88935,US
2076,Springfield,ND,88935,US
2077,Georgetown,NJ,58000,US
2078,Georgetown,NJ,58000,US
2079,Clinton,WI,18911,US
2080,Clinton,WI,18911,US
2081,Chester,OR,36138,US
2082,Victoria,BC,S9J 2P6,CA
2083,Riverside,VA,14216,US
2084,Riverside,WY,19324,US
2085,Riverside,WY,19324,US
2086,Riverside,WY,19324,US
2087,Chester,MN,46309,US
2088,Joliet,IL,23479,US
2089,Franklin,AK,33848,US
2090,Franklin,AK,14397,US
2091,Phoenix,AZ,26419,US
2092,Tucson,AZ,48503,US
2093,Franklin,MD,77128,US
2094,Franklin,MD,77128,US
2095,Augusta,GA,16909,US
2096,Georgetown,IN,93777,US
2097,Riverside,IN,25026,US
2098,Riverside,OR,86410,US
2099,Riverside,OR,86410,US
2100,Georgetown,SD,44020,US
2101,Georgetown,SD,44020,US
2102,Georgetown,SD,44020,US
2103,Clinton,VA,60010,US
2104,Chester,NH,89081,US
2105,Lowell,MA,81368,US
2106,Boston,MA,33996,US
2107,Bristol,NB,V6A 2H9,CA
2108,Springfield,OK,12526,US
2109,Springfield,OK,12526,US
2110,Springfield,OK,12526,US
2111,Phoenix,AZ,91904,US
2112,Franklin,OR,41435,US
2113,Franklin,OR,41435,US
2114,Franklin,OR,41435,US
2115,Mesa,AZ,89807,US
2116,Clinton,UT,52152,US
2117,Chester,TN,85015,US
2118,Madison,WY,41484,US
2119,Georgetown,UT,87879,US
2120,Fairview,KS,70841,US
2121,Fairview,KS,70841,US
2122,Salem,HI,50736,US
2123,Salem,HI,50736,US
2124,Salem,HI,50736,US
2125,Springfield,RI,39792,US
2126,Springfield,MN,77473,US
2127,Springfield,MN,77473,US
2128,Georgetown,MN,82042,US
2129,Georgetown,MN,82042,US
2130,Georgetown,MN,82042,US
2131,Riverside,KY,94752,US
2132,Bristol,IA,40219,US
2133,Madison,KS,16052,US
2134,Madison,KS,16052,US
2135,Bristol,DE,95096,US
2136,Bellevue,WA,86256,US
2137,Bellevue,WA,63991,US
2138,Franklin,NE,89894,US
2139,Macon,GA,94629,US
2140,Macon,GA,33532,US
2141,Macon,GA,94629,US
2142,Chester,OR,57886,US
2143,Chester,OR,57886,US
2144,Reno,NV,27136,US
2145,Chester,SC,38874,US
2146,Chester,SC,38874,US
2147,Springfield,SC,60462,US
2148,Springfield,SC,60462,US
2149,Fairview,TN,50949,US
2150,Madison,TN,71434,US
2151,Clinton,TN,39639,US
2152,Bristol,MB,J5B 7V5,CA
2153,Franklin,NU,M4B 7G8,CA
2154,Toledo,OH,64945,US
2155,Toledo,OH,64945,US
2156,Medicine Hat,AB,N6L 9X5,CA
2157,Springfield,ID,75148,US
2158,Springfield,ID,75148,US
2159,Springfield,ID,32649,US
2160,Bristol,AL,23407,US
2161,Bristol,AL,23407,US
2162,Sparks,NV,65685,US
2163,Fairview,IA,26960,US
2164,Tampa,FL,10696,US
2165,Fort Lauderdale,FL,54429,US
2166,Springfield,AK,67499,US
2167,Springfield,AK,67499,US
2168,Springfield,AK,67499,US
2169,Georgetown,NJ,62650,US
2170,Fort Lauderdale,FL,13451,US
2171,Fort Lauderdale,FL,13451,US
2172,Denver,CO,62318,US
2173,Denver,CO,62318,US
2174,Joliet,IL,21366,US
2175,Joliet,IL,21366,US
2176,Joliet,IL,21366,US
2177,Georgetown,ME,95510,US
2178,Georgetown,ME,95510,US
2179,Georgetown,MO,86457,US
2180,Madison,MO,16535,US
2181,San Jose,CA,64139,US
2182,San Francisco,CA,37707,US
2183,Calgary,AB,L6P 8X6,CA
2184,Bristol,ND,94150,US
2185,Riverside,ND,81541,US
2186,Bristol,KY,82173,US
2187,Bristol,KY,82173,US
2188,Denver,CO,35469,US
2189,Boulder,CO,71618,US
2190,Madison,MB,E3X 7N0,CA
2191,Chester,WV,32022,US
2192,Aurora,IL,44752,US
2193,Colorado Springs,CO,72930,US
2194,Chester,VA,87869,US
2195,Bristol,VA,69866,US
2196,Los Angeles,CA,78880,US
2197,Chester,NM,20445,US
2198,Richmond,BC,A2V 5X4,CA
2199,Burnaby,BC,P2K 4K1,CA
2200,Bristol,OR,25825,US
2201,Fairview,RI,49299,US
2202,Salem,NB,L1S 6Y0,CA
2203,Riverside,CT,83155,US
2204,Fairview,CT,69025,US
2205,Salem,CT,97505,US
2206,Clinton,WY,93917,US
2207,Madison,PE,B1M 9R5,CA
2208,Orlando,FL,15521,US
2209,Georgetown,UT,31372,US
2210,Springfield,WV,84419,US
2211,Georgetown,OK,61954,US
2212,Riverside,OK,49070,US
2213,Clinton,NH,85365,US
2214,Fairview,OK,77701,US
2215,Franklin,OK,89477,US
2216,Buffalo,NY,58171,US
2217,Buffalo,NY,58171,US
2218,Albany,NY,10406,US
2219,Clinton,IA,75098,US
2220,Fairview,IA,81308,US
2221,Victoria,BC,S8E 7C6,CA
2222,Victoria,BC,S8E 7C6,CA
2223,Franklin,WV,75040,US
2224,Fort Worth,TX,32684,US
2225,Warren,MI,59033,US
2226,Madison,VT,53337,US
2227,Riverside,OR,39643,US
2228,Macon,GA,57960,US
2229,Macon,GA,57960,US
2230,Macon,GA,57960,US
2231,Riverside,NJ,38818,US
2232,Fairview,MN,56786,US
2233,Springfield,MN,41686,US
2234,Buffalo,NY,86524,US
2235,Buffalo,NY,86524,US
2236,Buffalo,NY,86524,US
2237,Chester,CT,25984,US
2238,Madison,MT,31637,US
2239,Salem,VT,16917,US
2240,Salem,VT,16917,US
2241,Bristol,MB,J2X 9V0,CA
2242,Madison,OR,32668,US
2243,Fairview,NB,V2X 1C2,CA
2244,Springfield,LA,37853,US
2245,Springfield,LA,37853,US
2246,Springfield,LA,37853,US
2247,Reno,NV,14897,US
2248,Reno,NV,14897,US
2249,Las Vegas,NV,94658,US
2250,Vancouver,BC,E5S 9V2,CA
2251,Fort Lauderdale,FL,24582,US
2252,Clinton,KS,42055,US
2253,Chester,IN,85674,US
2254,Chester,IN,85674,US
2255,Madison,LA,27129,US
2256,Madison,LA,75836,US
2257,Chester,MD,24937,US
2258,Chester,MD,15684,US
2259,Chester,MD,24937,US
2260,Fairview,PE,P2H 2V4,CA
2261,Springfield,KY,57975,US
2262,Springfield,KY,57975,US
2263,Salem,SD,38246,US
2264,Hamilton,ON,B3R 9T1,CA
2265,Bristol,ND,13676,US
2266,Bristol,ND,13676,US
2267,Fairview,NB,P4E 2S9,CA
2268,Springfield,NT,S1N 1S4,CA
2269,Franklin,CT,64369,US
2270,Franklin,CT,92855,US
2271,Franklin,CT,92855,US
2272,Madison,TN,46327,US
2273,Salem,NU,M2M 4T7,CA
2274,Salem,NU,M2M 4T7,CA
2275,Bristol,NU,K4N 9N1,CA
2276,Springfield,YT,T7B 6P5,CA
2277,Bristol,YT,V3J 9A5,CA
2278,Chester,YT,L3R 9N4,CA
2279,Madison,IN,79729,US
2280,Chester,MS,13427,US
2281,Salem,MS,61318,US
2282,Franklin,DE,67821,US
2283,Salem,NB,G6R 2N3,CA
2284,Salem,NB,G6R 2N3,CA
2285,Riverside,TN,33173,US
2286,Riverside,TN,33173,US
2287,Riverside,TN,33173,US
2288,Georgetown,NL,P3G 6N4,CA
2289,Georgetown,NL,P3G 6N4,CA
2290,Franklin,MS,29901,US
2291,Franklin,MS,29901,US
2292,Chester,MS,83538,US
2293,Franklin,NL,G5Y 9B1,CA
2294,Franklin,NL,G5Y 9B1,CA
2295,Madison,NL,S7P 9L9,CA
2296,Austin,TX,47840,US
2297,Austin,TX,47840,US
2298,Riverside,AK,98096,US
2299,Riverside,AK,98096,US
2300,Riverside,AK,98096,US
2301,Aurora,CO,84085,US
2302,Bristol,LA,40263,US
2303,Bristol,LA,40263,US
2304,Lethbridge,AB,K3X 8T5,CA
2305,Bristol,SK,X1V 9H0,CA
2306,Bristol,SK,X1V 9H0,CA
2307,Bristol,SK,X1V 9H0,CA
2308,Madison,SK,J9X 1E3,CA
2309,Franklin,ID,45268,US
2310,Riverside,CT,76750,US
2311,Franklin,CT,32552,US
2312,Fort Worth,TX,21639,US
2313,Fort Worth,TX,21639,US
2314,Aurora,IL,74852,US
2315,Aurora,IL,74852,US
2316,Aurora,IL,69586,US
2317,Franklin,AL,62869,US
2318,Clinton,KS,45470,US
2319,Madison,NM,41941,US
2320,Madison,NM,41941,US
2321,Clinton,NE,10460,US
2322,Franklin,NT,K2C 7R5,CA
2323,Franklin,MO,58306,US
2324,Fairview,MO,61136,US
2325,Clinton,WV,39279,US
2326,Clinton,WV,39279,US
2327,Clinton,WV,39279,US
2328,San Diego,CA,70232,US
2329,San Diego,CA,70232,US
2330,Houston,TX,79834,US
2331,Houston,TX,48868,US
2332,Bristol,TN,44347,US
2333,Bristol,TN,44347,US
2334,Salem,MT,39925,US
2335,Springfield,MT,14441,US
2336,Cambridge,MA,50644,US
2337,Clinton,KY,94458,US
2338,Bristol,ME,39985,US
2339,Salem,SD,74954,US
2340,Salem,SD,74954,US
2341,Salem,SD,74954,US
2342,Chester,DE,65780,US
2343,Georgetown,NE,48231,US
2344,Georgetown,NE,48231,US
2345,Chester,NT,R5R 2Y4,CA
2346,Georgetown,IA,72986,US
2347,Macon,GA,87144,US
2348,Richmond,BC,P2E 5T7,CA
2349,Richmond,BC,P2E 5T7,CA
2350,Clinton,ME,59113,US
2351,Clinton,ME,59113,US
2352,Franklin,YT,A9M 3T3,CA
2353,Franklin,NE,89895,US
2354,Georgetown,OK,94211,US
2355,Georgetown,OK,94211,US
2356,Raleigh,NC,68474,US
2357,Springfield,OK,36493,US
2358,Bristol,ID,51895,US
2359,Salem,IN,11351,US
2360,Philadelphia,PA,28847,US
2361,Philadelphia,PA,28847,US
2362,Georgetown,CT,86731,US
2363,Madison,WV,52253,US
2364,Madison,WV,52253,US
2365,Franklin,HI,12850,US
2366,Salem,HI,95789,US
2367,Georgetown,AK,38860,US
2368,Georgetown,LA,33392,US
2369,Georgetown,LA,33392,US
2370,Denver,CO,46157,US
2371,Denver,CO,46157,US
2372,Clinton,NE,94762,US
2373,Springfield,NE,55732,US
2374,Bristol,VA,52895,US
2375,Riverside,NU,J6Y 7E6,CA
2376,Salem,MO,10490,US
2377,Bristol,NB,T4B 1N3,CA
2378,Raleigh,NC,67172,US
2379,Fairview,TN,44205,US
2380,Bristol,AR,55115,US
2381,Bristol,AR,55115,US
2382,Georgetown,MT,47993,US
2383,Fairview,MT,44218,US
2384,Georgetown,MT,47993,US
2385,Burnaby,BC,P8G 2K1,CA
2386,Burnaby,BC,P8G 2K1,CA
2387,Burnaby,BC,P8G 2K1,CA
2388,Franklin,MD,94698,US
2389,Worcester,MA,26667,US
2390,Salem,VT,42158,US
2391,Bristol,NM,13132,US
2392,Bristol,NM,13132,US
2393,Bristol,NM,13132,US
2394,Clinton,UT,33622,US
2395,Winston-Salem,NC,39865,US
2396,Athens,GA,83682,US
2397,Athens,GA,83682,US
2398,Salem,MS,31875,US
2399,Salem,MS,31875,US
2400,Springfield,NS,K3T 6J2,CA
2401,Springfield,NS,K3T 6J2,CA
2402,Springfield,WV,79237,US
2403,Springfield,WV,79237,US
2404,Franklin,WV,22386,US
2405,Phoenix,AZ,89093,US
2406,Ottawa,ON,C8M 4S0,CA
2407,Georgetown,IA,79438,US
2408,Salem,IA,56814,US
2409,Athens,GA,97149,US
2410,Madison,WI,81404,US
2411,Albany,NY,85017,US
2412,Cincinnati,OH,47342,US
2413,Naperville,IL,48941,US
2414,Naperville,IL,48941,US
2415,Aurora,IL,89648,US
2416,Riverside,WY,91260,US
2417,Riverside,WY,91260,US
2418,Georgetown,DE,90242,US
2419,Franklin,DE,67393,US
2420,Madison,TN,82977,US
2421,Toronto,ON,L5R 4N8,CA
2422,Hamilton,ON,H7J 2K4,CA
2423,Toronto,ON,L5R 4N8,CA
2424,Fairview,SC,79914,US
2425,Riverside,AR,79881,US
2426,Riverside,AR,79881,US
2427,Athens,GA,99489,US
2428,Athens,GA,99489,US
2429,Riverside,DE,80187,US
2430,Riverside,DE,51096,US
2431,Fairview,RI,24188,US
2432,Georgetown,RI,77028,US
2433,Joliet,IL,40549,US
2434,Salem,NT,Y8M 3V5,CA
2435,Salem,NT,Y8M 3V5,CA
2436,Salem,NT,Y8M 3V5,CA
2437,Madison,OR,25223,US
2438,Bristol,NH,64291,US
2439,Colorado Springs,CO,57947,US
2440,Springfield,MD,71628,US
2441,Franklin,MD,71050,US
2442,Madison,WI,18403,US
2443,Madison,WI,18403,US
2444,Riverside,TN,26783,US
2445,Riverside,TN,26783,US
2446,Fairview,AL,18680,US
2447,Springfield,ME,69993,US
2448,Springfield,ME,69993,US
2449,Georgetown,SK,A4R 4G6,CA
2450,Georgetown,SK,A4R 4G6,CA
2451,Georgetown,SK,A4R 4G6,CA
2452,Salem,OR,92062,US
2453,Salem,OR,65310,US
2454,Salem,OK,23545,US
2455,Salem,OK,23545,US
2456,Colorado Springs,CO,18370,US
2457,Georgetown,NS,L3T 8C4,CA
2458,Georgetown,NS,L3T 8C4,CA
2459,Georgetown,NS,L3T 8C4,CA
2460,Bristol,NS,B1P 7G8,CA
2461,Springfield,NS,G2G 1S9,CA
2462,Georgetown,ME,69843,US
2463,Georgetown,ME,69843,US
2464,Fairview,AR,96651,US
2465,Springfield,AR,54923,US
2466,Franklin,SC,76491,US
2467,Sterling Heights,MI,42305,US
2468,Sterling Heights,MI,42305,US
2469,Sterling Heights,MI,42305,US
2470,Georgetown,MB,S4X 6C6,CA
2471,Georgetown,MB,G8C 3A7,CA
2472,Springfield,LA,13589,US
2473,Springfield,LA,13589,US
2474,Worcester,MA,71988,US
2475,Worcester,MA,71988,US
2476,Atlanta,GA,34425,US
2477,Mesa,AZ,42236,US
2478,Fairview,ID,99383,US
2479,Georgetown,ID,31084,US
2480,Springfield,NJ,98579,US
2481,Georgetown,SC,98604,US
2482,Springfield,SC,48322,US
2483,Chicago,IL,81315,US
2484,Aurora,IL,76965,US
2485,Chicago,IL,81315,US
2486,Georgetown,VT,19436,US
2487,Riverside,RI,63649,US
2488,Riverside,KY,90143,US
2489,Georgetown,SD,94699,US
2490,Springfield,SD,55837,US
2491,Madison,IA,58899,US
2492,Madison,IA,58899,US
2493,Raleigh,NC,10856,US
2494,Raleigh,NC,10856,US
2495,Madison,MB,Y4A 9V1,CA
2496,Madison,MB,Y4A 9V1,CA
2497,Madison,MB,Y4A 9V1,CA
2498,Riverside,IA,80013,US
2499,Fairview,PE,R8K 1J1,CA
2500,Warren,MI,29906,US
2501,Warren,MI,42250,US
2502,Salem,AR,94617,US
2503,Salem,AR,94617,US
2504,Salem,AR,94617,US
2505,Georgetown,TN,89429,US
2506,Fort Lauderdale,FL,47332,US
2507,Fort Lauderdale,FL,47332,US
2508,Franklin,OK,90285,US
2509,Springfield,OK,17850,US
2510,Salem,NJ,11432,US
2511,Georgetown,NJ,19416,US
2512,Riverside,MD,86241,US
2513,Riverside,MD,86241,US
2514,Riverside,MD,86241,US
2515,Bristol,ID,22900,US
2516,Bristol,ID,22900,US
2517,Clinton,ID,92602,US
2518,Georgetown,MN,15298,US
2519,San Francisco,CA,62884,US
2520,Los Angeles,CA,13534,US
2521,Springfield,ND,74537,US
2522,Bristol,MD,63204,US
2523,Franklin,MD,47355,US
2524,Bristol,MD,63204,US
2525,Clinton,ND,57491,US
2526,Salem,UT,13976,US
2527,Salem,UT,13976,US
2528,Springfield,OK,95071,US
2529,Salem,OK,47541,US
2530,Clinton,AK,66599,US
2531,Clinton,AK,66599,US
2532,Bristol,AR,31837,US
2533,Madison,MD,49257,US
2534,Madison,MD,49257,US
2535,Bristol,AL,61712,US
2536,Salem,AK,94227,US
2537,Salem,AK,94227,US
2538,Salem,AK,94227,US
2539,Chester,NE,51848,US
2540,Madison,NE,65458,US
2541,Chester,NE,51848,US
2542,Chester,OR,82381,US
2543,Chester,OR,82381,US
2544,Mesa,AZ,63549,US
2545,Mesa,AZ,63549,US
2546,Mesa,AZ,71063,US
2547,Springfield,ND,77869,US
2548,Chester,OK,12810,US
2549,Chester,OK,52717,US
2550,Spokane,WA,70841,US
2551,Erie,PA,59341,US
2552,Clinton,HI,87165,US
2553,Springfield,VA,85938,US
2554,Springfield,VA,85938,US
2555,Springfield,VA,85938,US
2556,Sparks,NV,81626,US
2557,Sparks,NV,81626,US
2558,Sparks,NV,81626,US
2559,Springfield,AL,45224,US
2560,Georgetown,MB,Y2N 8M6,CA
2561,Georgetown,MB,Y2N 8M6,CA
2562,Fairview,WY,77720,US
2563,Riverside,WY,25874,US
2564,Mississauga,ON,M5R 2C7,CA
2565,Mississauga,ON,M5R 2C7,CA
2566,Riverside,MN,65171,US
2567,Bristol,RI,31271,US
2568,Franklin,SD,50625,US
2569,Madison,SC,79272,US
2570,Riverside,NL,G7L 1N3,CA
2571,Bristol,KY,16661,US
2572,Chester,KY,96540,US
2573,Raleigh,NC,11381,US
2574,Laval,QC,J2S 5T0,CA
2575,Longueuil,QC,J4L 8T5,CA
2576,Laval,QC,J2S 5T0,CA
2577,Bristol,NE,62092,US
2578,Chester,NE,85894,US
2579,Bristol,NE,62092,US
2580,Fairview,DE,43547,US
2581,Madison,DE,24705,US
2582,Georgetown,KY,47772,US
2583,Bristol,AK,61690,US
2584,Madison,AK,17005,US
2585,Bristol,AK,93528,US
2586,Fairview,WY,69511,US
2587,Salem,SK,P8H 8G8,CA
2588,Salem,SK,P8H 8G8,CA
2589,Fairview,NH,76929,US
2590,Fairview,NB,T6A 6K0,CA
2591,Franklin,NB,X2K 7B4,CA
2592,Bristol,MD,89112,US
2593,Clinton,NS,Y8G 1C4,CA
2594,Springfield,NS,Y2Y 1B6,CA
2595,Bristol,IA,79417,US
2596,Franklin,AR,11296,US
2597,Aurora,IL,12175,US
2598,Spokane,WA,55959,US
2599,Spokane,WA,55959,US
2600,Madison,RI,11846,US
2601,Madison,RI,11846,US
2602,Springfield,AR,47921,US
2603,Bristol,IA,42189,US
2604,Fairview,MT,50643,US
2605,Cincinnati,OH,29473,US
2606,Cincinnati,OH,81835,US
2607,Franklin,WY,66206,US
2608,Franklin,WY,66206,US
2609,Springfield,SD,13063,US
2610,Springfield,SD,13063,US
2611,Fairview,SD,33750,US
2612,Vancouver,WA,63994,US
2613,Salem,IA,18602,US
2614,San Diego,CA,96554,US
2615,San Diego,CA,96554,US
2616,Riverside,TN,46049,US
2617,Springfield,NH,94279,US
2618,Bristol,WI,50556,US
2619,Bristol,WI,50556,US
2620,Salem,AR,43735,US
2621,Salem,AR,43735,US
2622,Winston-Salem,NC,15872,US
2623,Durham,NC,41644,US
2624,Winston-Salem,NC,15872,US
2625,Augusta,GA,99583,US
2626,Bristol,WY,75051,US
2627,Bristol,WY,75051,US
2628,Bristol,WY,75051,US
2629,Madison,OK,34110,US
2630,Salem,OK,40315,US
2631,Madison,OK,34110,US
2632,Franklin,MD,51280,US
2633,Franklin,MD,51280,US
2634,Bristol,NS,J4V 5H6,CA
2635,Bristol,NS,J4V 5H6,CA
2636,Bristol,NS,J4V 5H6,CA
2637,Bristol,ND,76913,US
2638,San Jose,CA,80275,US
2639,Springfield,SD,11499,US
2640,Clinton,OK,19253,US
2641,Bristol,OK,80938,US
2642,Riverside,OR,99610,US
2643,Riverside,OR,99610,US
2644,Riverside,OR,99610,US
2645,Victoria,BC,B7H 5H6,CA
2646,Savannah,GA,17348,US
2647,Tacoma,WA,49479,US
2648,Clinton,ID,33183,US
2649,Bristol,MN,29432,US
2650,San Jose,CA,21072,US
2651,San Jose,CA,21072,US
2652,Columbus,OH,38267,US
2653,Columbus,OH,38267,US
2654,Cleveland,OH,33132,US
2655,Vancouver,WA,22955,US
2656,Vancouver,WA,22955,US
2657,Fort Lauderdale,FL,72793,US
2658,Fort Lauderdale,FL,72793,US
2659,Charlotte,NC,58972,US
2660,Salem,AR,44928,US
2661,Salem,AR,41118,US
2662,Fairview,NE,74433,US
2663,Riverside,NE,72403,US
2664,Bristol,MS,92657,US
2665,Salem,MD,18170,US
2666,Salem,MD,18170,US
2667,Chester,MB,A3V 8C4,CA
2668,Riverside,MB,X3N 5Y5,CA
2669,Clinton,MB,V9L 3T6,CA
2670,Quebec City,QC,S5S 3R9,CA
2671,Madison,MO,43852,US
2672,Madison,MO,43852,US
2673,Franklin,MO,41228,US
2674,Fairview,IN,75786,US
2675,Springfield,ID,61319,US
2676,Bristol,ID,49314,US
2677,Springfield,AL,90993,US
2678,Bristol,NE,25559,US
2679,Franklin,NE,74982,US
2680,Springfield,NE,86184,US
2681,Clinton,SC,67064,US
2682,Clinton,SC,67064,US
2683,Riverside,SK,A4A 2S4,CA
2684,Riverside,SK,A4A 2S4,CA
2685,Denver,CO,94863,US
2686,Fort Collins,CO,68281,US
2687,Salem,NB,M9B 1H5,CA
2688,Georgetown,NB,Y3L 1K0,CA
2689,Madison,NT,M7P 2N7,CA
2690,Madison,NT,M7P 2N7,CA
2691,Springfield,NT,X8V 1K6,CA
2692,Henderson,NV,57297,US
2693,Reno,NV,84721,US
2694,Chester,NM,40748,US
2695,Chester,NM,40748,US
2696,Chicago,IL,27537,US
2697,Chicago,IL,27537,US
2698,Fairview,NS,Y3C 5E5,CA
2699,Franklin,ID,57498,US
2700,Franklin,CT,20589,US
2701,Franklin,CT,20589,US
2702,Clinton,OK,95735,US
2703,Clinton,OK,95735,US
2704,Springfield,AR,51972,US
2705,Bristol,AR,34279,US
2706,Surrey,BC,S1V 2J7,CA
2707,Chester,SC,31250,US
2708,Chester,SC,31250,US
2709,Georgetown,NT,X1R 5J8,CA
2710,Georgetown,NT,E9Y 6K7,CA
2711,Naperville,IL,12505,US
2712,Naperville,IL,12505,US
2713,Aurora,IL,39671,US
2714,Franklin,HI,56526,US
2715,Franklin,HI,56526,US
2716,Buffalo,NY,29532,US
2717,Franklin,MT,56956,US
2718,Georgetown,MT,13045,US
2719,Fairview,MT,90632,US
2720,Clinton,AK,72359,US
2721,Bristol,VT,43274,US
2722,Bristol,VT,43274,US
2723,Macon,GA,25916,US
2724,Macon,GA,25916,US
2725,Atlanta,GA,51108,US
2726,Bristol,ME,62390,US
2727,Bristol,ME,62390,US
2728,Springfield,CT,32365,US
2729,Springfield,CT,32365,US
2730,Clinton,SD,90392,US
2731,Madison,RI,35167,US
2732,Toledo,OH,87871,US
2733,Toledo,OH,87871,US
2734,Akron,OH,81020,US
2735,Hamilton,ON,G7L 7C6,CA
2736,Mississauga,ON,B9G 7J7,CA
2737,Sacramento,CA,76457,US
2738,Sacramento,CA,76457,US
2739,Fairview,WY,34766,US
2740,Franklin,WI,90364,US
2741,Franklin,WI,90364,US
2742,Franklin,ID,17812,US
2743,Madison,SC,64906,US
2744,Franklin,ME,36413,US
2745,Colorado Springs,CO,20989,US
2746,Colorado Springs,CO,20989,US
2747,Colorado Springs,CO,20989,US
2748,Salem,WI,42087,US
2749,Chester,SC,58240,US
2750,Madison,VA,14265,US
2751,Madison,VA,14265,US
2752,Erie,PA,44961,US
2753,Erie,PA,44961,US
2754,Riverside,NM,72278,US
2755,Riverside,NM,72278,US
2756,Boulder,CO,96391,US
2757,Salem,WV,14758,US
2758,Salem,WV,81141,US
2759,Columbus,OH,11215,US
2760,Columbus,OH,11215,US
2761,Columbus,OH,11215,US
2762,Joliet,IL,15246,US
2763,Georgetown,DE,53044,US
2764,Georgetown,DE,65045,US
2765,Georgetown,DE,53044,US
2766,Fairview,OK,30403,US
2767,Fairview,OK,30403,US
2768,Clinton,OK,91141,US
2769,Franklin,ND,66102,US
2770,Georgetown,ND,75880,US
2771,Chicago,IL,16852,US
2772,Riverside,OR,37477,US
2773,Fairview,MO,37712,US
2774,Fairview,MO,37712,US
2775,Madison,MO,95309,US
2776,Madison,UT,53026,US
2777,Georgetown,UT,40760,US
2778,Franklin,MO,56326,US
2779,Reno,NV,38255,US
2780,Reno,NV,38255,US
2781,Reno,NV,38255,US
2782,Chester,KY,62457,US
2783,Chester,KY,62457,US
2784,Toronto,ON,G5A 2M7,CA
2785,Fort Worth,TX,90863,US
2786,Fort Worth,TX,90863,US
2787,Fort Worth,TX,90863,US
2788,Madison,NS,J6M 8V8,CA
2789,Rochester,NY,26808,US
2790,Fort Lauderdale,FL,38180,US
2791,Springfield,RI,38915,US
2792,Georgetown,RI,52154,US
2793,Quebec City,QC,A3C 6V3,CA
2794,Quebec City,QC,A3C 6V3,CA
2795,Quebec City,QC,A3C 6V3,CA
2796,Fairview,ID,12700,US
2797,Madison,ID,38910,US
2798,Bristol,LA,39259,US
2799,Montreal,QC,G1C 7R5,CA
2800,Chester,VT,54962,US
2801,Chester,VT,54962,US
2802,Riverside,TN,17180,US
2803,Riverside,MO,70425,US
2804,Riverside,MO,70425,US
2805,Fairview,WV,91856,US
2806,Fairview,HI,12045,US
2807,Georgetown,HI,74192,US
2808,Chester,WI,33183,US
2809,Chester,WI,33183,US
2810,Springfield,WI,74457,US
2811,Springfield,ME,13171,US
2812,Springfield,ME,13171,US
2813,Franklin,ME,24726,US
2814,Franklin,NT,M3P 6P3,CA
2815,Madison,CT,39335,US
2816,Georgetown,CT,26123,US
2817,Buffalo,NY,82375,US
2818,Buffalo,NY,82375,US
2819,Franklin,WV,66266,US
2820,Franklin,WV,66266,US
2821,Worcester,MA,89180,US
2822,Riverside,AL,84720,US
2823,Bristol,NB,E4E 2M2,CA
2824,Bristol,NB,E4E 2M2,CA
2825,Madison,NL,K2R 3K0,CA
2826,Madison,NL,K2R 3K0,CA
2827,Longueuil,QC,A3E 6M2,CA
2828,Madison,NS,A4L 4R8,CA
2829,Buffalo,NY,11503,US
2830,Buffalo,NY,11503,US
2831,Rochester,NY,77239,US
2832,Fairview,VA,10047,US
2833,Fairview,VA,10047,US
2834,Riverside,NJ,83373,US
2835,Riverside,NJ,83373,US
2836,Springfield,DE,85978,US
2837,Fairview,DE,72504,US
2838,Bristol,DE,78891,US
2839,Clinton,SD,83407,US
2840,Springfield,LA,92836,US
2841,Chester,NS,L8G 2N5,CA
2842,Springfield,NS,M5B 2X9,CA
2843,Madison,IA,87395,US
2844,Madison,UT,26118,US
2845,Madison,UT,26118,US
2846,Madison,UT,26118,US
2847,Grand Rapids,MI,83208,US
2848,Fairview,VT,81525,US
2849,Fairview,VT,81525,US
2850,Chester,NE,36100,US
2851,Phoenix,AZ,33552,US
2852,Mesa,AZ,85673,US
2853,Bristol,NH,32604,US
2854,Chester,NH,32093,US
2855,Franklin,YT,N7X 8B8,CA
2856,Lethbridge,AB,X5C 2S0,CA
2857,Madison,NM,33807,US
2858,Chester,NE,23229,US
2859,Bristol,RI,30917,US
2860,Springfield,LA,64905,US
2861,Springfield,LA,64905,US
2862,Springfield,MT,51511,US
2863,Salem,NL,K9Y 3G8,CA
2864,Salem,NL,K9Y 3G8,CA
2865,Chester,WI,84433,US
2866,Chester,WI,84433,US
2867,Chester,WI,84433,US
2868,Bristol,VA,80040,US
2869,Bristol,VA,80040,US
2870,Salem,NH,77674,US
2871,Salem,NH,77674,US
2872,Salem,NH,77674,US
2873,Franklin,MB,J4P 5B3,CA
2874,Franklin,MB,J4P 5B3,CA
2875,Chester,RI,15441,US
2876,Chester,RI,15441,US
2877,Georgetown,WI,76969,US
2878,Franklin,ND,88020,US
2879,Franklin,ND,88020,US
2880,Georgetown,ND,60056,US
2881,Riverside,NS,P4C 1L3,CA
2882,Toledo,OH,80552,US
2883,Boulder,CO,76934,US
2884,Macon,GA,80350,US
2885,Riverside,MB,E9B 9H9,CA
2886,Georgetown,SD,94122,US
2887,Laval,QC,G7T 5S9,CA
2888,Laval,QC,H8G 9C7,CA
2889,Longueuil,QC,K8R 3Y2,CA
2890,Riverside,NH,16958,US
2891,Riverside,NH,16958,US
2892,Madison,ME,31736,US
2893,Springfield,RI,78710,US
2894,Chester,NU,M8N 3H8,CA
2895,Georgetown,ND,76683,US
2896,Madison,ND,64216,US
2897,Riverside,DE,73390,US
2898,Springfield,TN,30021,US
2899,Bristol,WY,86091,US
2900,Madison,MO,83949,US
2901,Bristol,MO,70241,US
2902,Salem,DE,80188,US
2903,Franklin,TN,60444,US
2904,Franklin,TN,60444,US
2905,Riverside,MD,59357,US
2906,Allentown,PA,21807,US
2907,Akron,OH,54879,US
2908,Cleveland,OH,66170,US
2909,Bristol,SD,97409,US
2910,Bristol,SD,97409,US
2911,Fairview,NM,73231,US
2912,Fairview,NM,73231,US
2913,Fairview,AL,24814,US
2914,Madison,CT,46435,US
2915,Salem,SC,25002,US
2916,Chester,SC,52015,US
2917,Houston,TX,29151,US
2918,Houston,TX,29151,US
2919,Dallas,TX,89296,US
2920,Cleveland,OH,97872,US
2921,Madison,OK,20701,US
2922,Madison,OK,20701,US
2923,Clinton,OR,88349,US
2924,Madison,OR,84237,US
2925,Lowell,MA,67279,US
2926,Bristol,MD,24595,US
2927,Clinton,IN,88812,US
2928,Clinton,IN,88812,US
2929,Madison,WY,86656,US
2930,Salem,MO,65789,US
2931,Georgetown,MO,74801,US
2932,Salem,UT,23740,US
2933,Syracuse,NY,43632,US
2934,Georgetown,CT,27022,US
2935,Clinton,LA,15486,US
2936,Franklin,LA,79608,US
2937,Clinton,LA,15486,US
2938,Madison,NM,91381,US
2939,Miami,FL,19647,US
2940,Fort Lauderdale,FL,15305,US
2941,Miami,FL,19647,US
2942,Rockford,IL,27806,US
2943,Aurora,IL,79005,US
2944,Riverside,MD,87874,US
2945,Spokane,WA,86693,US
2946,Bristol,MS,37659,US
2947,Bristol,MS,37659,US
2948,Chester,UT,18084,US
2949,Chester,UT,18084,US
2950,Clinton,CT,29135,US
2951,Clinton,CT,29135,US
2952,Bristol,ND,13610,US
2953,Bristol,ND,65095,US
2954,Bristol,LA,91073,US
2955,Madison,LA,98847,US
2956,Clinton,MS,65615,US
2957,Riverside,MN,51832,US
2958,Bristol,MN,18032,US
2959,Chicago,IL,66551,US
2960,Phoenix,AZ,92109,US
2961,Tucson,AZ,21679,US
2962,Franklin,ND,58075,US
2963,Franklin,ND,58075,US
2964,Georgetown,NJ,67079,US
2965,Bristol,NM,97301,US
2966,Bristol,NM,97301,US
2967,Macon,GA,99235,US
2968,Athens,GA,80628,US
2969,Savannah,GA,95050,US
2970,Atlanta,GA,21066,US
2971,Raleigh,NC,90840,US
2972,Georgetown,NJ,15888,US
2973,Riverside,YT,J9E 9L8,CA
2974,Fairview,AK,22035,US
2975,Madison,ME,40156,US
2976,Madison,ME,40156,US
2977,Madison,ME,40156,US
2978,Clinton,IN,17743,US
2979,Clinton,IN,17743,US
2980,Madison,IN,29595,US
2981,Madison,IN,29595,US
2982,Salem,TN,25460,US
2983,Bristol,NM,76765,US
2984,Bristol,NM,76765,US
2985,Madison,SC,63686,US
2986,Madison,WI,46780,US
2987,Madison,WI,46780,US
2988,Salem,NJ,64780,US
2989,Springfield,NT,N9B 9G3,CA
2990,Chester,MS,46994,US
2991,Chester,MS,46994,US
2992,Springfield,ND,81721,US
2993,Houston,TX,95511,US
2994,Houston,TX,95511,US
2995,Athens,GA,82245,US
2996,Athens,GA,82245,US
2997,Chester,RI,66774,US
2998,Chester,RI,66774,US
2999,Houston,TX,18770,US
3000,Houston,TX,18770,US
3001,Madison,ME,69571,US
3002,Madison,ME,40172,US
3003,Franklin,ME,33761,US
3004,Salem,AR,27862,US
3005,Clinton,AR,59225,US
3006,Salem,AR,27862,US
3007,Georgetown,NS,A7V 3X2,CA
3008,Georgetown,NS,A7V 3X2,CA
3009,Fairview,NS,E3K 1S5,CA
3010,Fort Collins,CO,25201,US
3011,Salem,MD,31901,US
3012,Reading,PA,27315,US
3013,Boston,MA,59779,US
3014,San Antonio,TX,21438,US
3015,San Antonio,TX,60041,US
3016,Georgetown,NE,59926,US
3017,Georgetown,NE,59926,US
3018,Madison,OK,35881,US
3019,Madison,OK,35881,US
3020,Riverside,OK,90380,US
3021,Clinton,MS,14197,US
3022,Clinton,MS,14197,US
3023,Madison,PE,M7K 5H8,CA
3024,Madison,PE,M7K 5H8,CA
3025,Springfield,WI,32302,US
3026,Bristol,NH,85761,US
3027,Bristol,NH,85761,US
3028,Fairview,ND,56577,US
3029,Riverside,NH,10347,US
3030,Salem,NH,85539,US
3031,London,ON,M8L 8C7,CA
3032,London,ON,M8L 8C7,CA
3033,Colorado Springs,CO,81548,US
3034,Colorado Springs,CO,81548,US
3035,Buffalo,NY,50605,US
3036,Chester,DE,71156,US
3037,Chester,DE,71156,US
3038,Chester,DE,71156,US
3039,Franklin,MD,76633,US
3040,Madison,CT,83827,US
3041,Chester,MS,27052,US
3042,Austin,TX,71640,US
3043,Denver,CO,68314,US
3044,Denver,CO,68314,US
3045,Chester,OR,78557,US
3046,Georgetown,CT,27499,US
3047,Franklin,CT,49237,US
3048,Riverside,WI,25089,US
3049,Chester,WI,77560,US
3050,Franklin,IN,21932,US
3051,Franklin,DE,38481,US
3052,Franklin,DE,38481,US
3053,Franklin,DE,38481,US
3054,Springfield,OK,60003,US
3055,Springfield,OK,60003,US
3056,Clinton,MT,29708,US
3057,Raleigh,NC,24700,US
3058,Raleigh,NC,24700,US
3059,Clinton,MN,31247,US
3060,Georgetown,CT,84660,US
3061,Salem,ME,85609,US
3062,Clinton,VA,73180,US
3063,Naperville,IL,97473,US
3064,Naperville,IL,97473,US
3065,Naperville,IL,97473,US
3066,Fairview,DE,61282,US
3067,Las Vegas,NV,50259,US
3068,Las Vegas,NV,50259,US
3069,Dallas,TX,64763,US
3070,Dallas,TX,64763,US
3071,Dallas,TX,64763,US
3072,Fairview,PE,J9T 9Y8,CA
3073,Fairview,PE,J9T 9Y8,CA
3074,Bellevue,WA,96888,US
3075,Fairview,SD,44615,US
3076,Fairview,HI,21617,US
3077,Fairview,HI,21617,US
3078,Georgetown,SD,70396,US
3079,Georgetown,SD,70396,US
3080,Franklin,KS,74135,US
3081,Riverside,IN,75472,US
3082,Joliet,IL,28278,US
3083,Rockford,IL,88770,US
3084,Bristol,NE,12385,US
3085,San Jose,CA,63757,US
3086,San Jose,CA,63757,US
3087,Riverside,KS,53148,US
3088,Franklin,IA,47913,US
3089,Chester,AR,19094,US
3090,Springfield,WV,12249,US
3091,Chester,KS,19215,US
3092,Raleigh,NC,33720,US
3093,Raleigh,NC,33720,US
3094,Raleigh,NC,33720,US
3095,Bristol,NH,35760,US
3096,Bristol,NH,77210,US
3097,Fairview,SK,S6G 9A7,CA
3098,Macon,GA,22070,US
3099,Macon,GA,22070,US
3100,Chester,SD,69034,US
3101,Albany,NY,31891,US
3102,Albany,NY,31891,US
3103,Chester,RI,62341,US
3104,Riverside,ND,99374,US
3105,Fairview,MS,32194,US
3106,Franklin,VT,99859,US
3107,San Jose,CA,45639,US
3108,San Jose,CA,45639,US
3109,Bristol,RI,92647,US
3110,Bristol,RI,92647,US
3111,Fort Worth,TX,27263,US
3112,Houston,TX,94572,US
3113,San Antonio,TX,21360,US
3114,San Antonio,TX,21360,US
3115,San Antonio,TX,21360,US
3116,Franklin,MO,27757,US
3117,Boston,MA,66472,US
3118,Clinton,YT,E5K 1B2,CA
3119,Longueuil,QC,C4V 8G4,CA
3120,Longueuil,QC,C4V 8G4,CA
3121,Fairview,MB,T5G 3L4,CA
3122,Bristol,MB,G5V 6S7,CA
3123,Madison,MB,B2L 9G3,CA
3124,Bristol,WV,85352,US
3125,Salem,WY,43124,US
3126,Clinton,SC,87199,US
3127,Clinton,SC,87199,US
3128,Clinton,SC,87199,US
3129,Phoenix,AZ,85074,US
3130,Mesa,AZ,83200,US
3131,Denver,CO,91585,US
3132,Clinton,IA,93712,US
3133,Clinton,IA,93712,US
3134,Clinton,VT,66151,US
3135,Bristol,HI,70036,US
3136,Lowell,MA,42794,US
3137,Lowell,MA,42794,US
3138,Erie,PA,71569,US
3139,Reading,PA,77001,US
3140,Allentown,PA,73808,US
3141,Springfield,NS,E9C 5X3,CA
3142,Spokane,WA,85159,US
3143,Chester,ID,58617,US
3144,Salem,ID,51523,US
3145,Chester,ID,58617,US
3146,Georgetown,TN,75359,US
3147,Clinton,CT,19946,US
3148,Seattle,WA,53658,US
3149,Bristol,WV,44300,US
3150,Bristol,WV,44300,US
3151,Georgetown,WV,97914,US
3152,Clinton,NM,88229,US
3153,Akron,OH,82815,US
3154,Toledo,OH,50814,US
3155,Madison,NM,37637,US
3156,Cambridge,MA,18711,US
3157,Riverside,OK,37546,US
3158,Riverside,OK,37546,US
3159,Salem,HI,64497,US
3160,Madison,HI,74457,US
3161,Longueuil,QC,C3Y 2A8,CA
3162,Longueuil,QC,C3Y 2A8,CA
3163,Salem,NL,N8N 6N2,CA
3164,Salem,NL,N8N 6N2,CA
3165,Salem,TN,63942,US
3166,Sacramento,CA,79238,US
3167,Clinton,NE,61489,US
3168,Riverside,ME,12513,US
3169,Springfield,ID,81914,US
3170,Springfield,ID,81914,US
3171,Bristol,ID,13041,US
3172,Salem,NJ,80923,US
3173,Madison,NE,36123,US
3174,Riverside,NE,83342,US
3175,Springfield,NE,89979,US
3176,Franklin,CT,44174,US
3177,Franklin,CT,44174,US
3178,Salem,SD,93826,US
3179,Salem,SD,93826,US
3180,San Diego,CA,16259,US
3181,San Diego,CA,16259,US
3182,Clinton,CT,84283,US
3183,Seattle,WA,88716,US
3184,Seattle,WA,88716,US
3185,Springfield,MT,40569,US
3186,Springfield,MT,40569,US
3187,Bristol,AK,99017,US
3188,Salem,MO,66823,US
3189,Tacoma,WA,55749,US
3190,Columbus,OH,62884,US
3191,Riverside,MS,53850,US
3192,Franklin,NB,R1Y 1X2,CA
3193,Franklin,NB,R1Y 1X2,CA
3194,Albany,NY,16702,US
3195,Albany,NY,16702,US
3196,Clinton,LA,37640,US
3197,Clinton,LA,37640,US
3198,Clinton,VT,15965,US
3199,Clinton,VT,15965,US
3200,Jacksonville,FL,69281,US
3201,Jacksonville,FL,69281,US
3202,Jacksonville,FL,69281,US
3203,Sparks,NV,61711,US
3204,Ann Arbor,MI,23383,US
3205,Fairview,ME,81486,US
3206,Fairview,ME,81486,US
3207,Springfield,IN,24959,US
3208,Chester,ID,30481,US
3209,Springfield,ID,81568,US
3210,Chester,ID,30481,US
3211,Chester,NL,R8C 3C0,CA
3212,Clinton,NH,83585,US
3213,Clinton,NH,83585,US
3214,Fairview,DE,41279,US
3215,Fairview,DE,41279,US
3216,Fairview,SC,81436,US
3217,Fairview,SC,81436,US
3218,Athens,GA,45667,US
3219,Macon,GA,47493,US
3220,Salem,IN,72349,US
3221,Syracuse,NY,25692,US
3222,Syracuse,NY,25692,US
3223,Syracuse,NY,25692,US
3224,Franklin,SC,59706,US
3225,Franklin,SC,59706,US
3226,Franklin,SC,59706,US
3227,Springfield,NL,Y6N 6C4,CA
3228,Springfield,NL,Y6N 6C4,CA
3229,Fairview,WV,13577,US
3230,Bristol,WV,23746,US
3231,Orlando,FL,77344,US
3232,Orlando,FL,77344,US
3233,Orlando,FL,36892,US
3234,Bristol,NE,53492,US
3235,Bristol,NE,53492,US
3236,Colorado Springs,CO,33963,US
3237,Springfield,AR,24312,US
3238,Bristol,SC,59029,US
3239,Riverside,SD,59285,US
3240,Fairview,SD,39373,US
3241,Sparks,NV,85262,US
3242,Sparks,NV,85262,US
3243,Sparks,NV,85262,US
3244,Fairview,AK,55219,US
3245,Franklin,WY,33236,US
3246,Worcester,MA,33801,US
3247,Scottsdale,AZ,30527,US
3248,Chester,WV,28658,US
3249,Chester,WV,28658,US
3250,Salem,LA,39031,US
3251,Madison,NE,46163,US
3252,Philadelphia,PA,20998,US
3253,Sacramento,CA,14805,US
3254,Sacramento,CA,14805,US
3255,Franklin,SD,43783,US
3256,Riverside,SD,10265,US
3257,Franklin,SD,43783,US
3258,Athens,GA,73017,US
3259,Athens,GA,73017,US
3260,Athens,GA,73017,US
3261,Montreal,QC,A4X 9X2,CA
3262,Montreal,QC,A4X 9X2,CA
3263,Montreal,QC,A4X 9X2,CA
3264,Bristol,RI,99498,US
3265,Clinton,RI,14610,US
3266,Los Angeles,CA,23873,US
3267,Fairview,NE,48687,US
3268,Madison,KY,39957,US
3269,Burnaby,BC,S1V 8Y1,CA
3270,Burnaby,BC,S1V 8Y1,CA
3271,Clinton,DE,78252,US
3272,Jacksonville,FL,98796,US
3273,Jacksonville,FL,46305,US
3274,Chester,NS,S3R 9P0,CA
3275,Chester,NS,S3R 9P0,CA
3276,Salem,NS,B3L 9Y9,CA
3277,Georgetown,ID,42569,US
3278,Georgetown,ID,42569,US
3279,Franklin,HI,63298,US
3280,Franklin,HI,63298,US
3281,Salem,WV,66480,US
3282,San Jose,CA,67975,US
3283,Bristol,WI,94084,US
3284,Bristol,WI,94084,US
3285,Fairview,SC,18936,US
3286,Salem,WY,81070,US
3287,Franklin,ME,34322,US
3288,Bellevue,WA,89208,US
3289,Bellevue,WA,89208,US
3290,Tucson,AZ,17058,US
3291,Dallas,TX,45728,US
3292,San Antonio,TX,41917,US
3293,Dallas,TX,45728,US
3294,Chester,SC,19529,US
3295,Tampa,FL,93001,US
3296,Springfield,HI,78784,US
3297,Fairview,ME,75850,US
3298,Syracuse,NY,81602,US
3299,Syracuse,NY,81602,US
3300,Syracuse,NY,16572,US
3301,Fairview,NT,M6G 7T2,CA
3302,Fairview,NT,M6G 7T2,CA
3303,Fairview,NT,M6G 7T2,CA
3304,Raleigh,NC,94134,US
3305,Madison,OR,54172,US
3306,London,ON,X8G 6S9,CA
3307,Springfield,PE,B3X 9A7,CA
3308,Madison,AK,40750,US
3309,Cambridge,MA,82329,US
3310,Georgetown,MT,49408,US
3311,Clinton,ID,11169,US
3312,Clinton,ID,36159,US
3313,Springfield,AR,87748,US
3314,Chester,AR,66928,US
3315,Springfield,AR,87748,US
3316,Sterling Heights,MI,87596,US
3317,Sterling Heights,MI,87596,US
3318,Atlanta,GA,37831,US
3319,Atlanta,GA,37831,US
3320,Madison,KS,16777,US
3321,Madison,KS,16777,US
3322,Madison,KS,16777,US
3323,Lowell,MA,24761,US
3324,Chester,RI,37169,US
3325,Chester,RI,37169,US
3326,Mississauga,ON,A6G 4N4,CA
3327,Mississauga,ON,S8G 7B1,CA
3328,Salem,OR,42785,US
3329,Salem,OR,42785,US
3330,Riverside,UT,39318,US
3331,Riverside,UT,39318,US
3332,Clinton,MN,80792,US
3333,Durham,NC,38201,US
3334,Durham,NC,38201,US
3335,Fort Collins,CO,89022,US
3336,Fort Collins,CO,89022,US
3337,Bristol,MO,66258,US
3338,Bristol,MO,66258,US
3339,Madison,SD,88924,US
3340,Philadelphia,PA,28536,US
3341,Salem,AL,73516,US
3342,Georgetown,AL,49364,US
3343,Georgetown,LA,29793,US
3344,Reno,NV,96983,US
3345,Salem,OR,71821,US
3346,Salem,OR,71821,US
3347,Rochester,NY,99665,US
3348,Buffalo,NY,13696,US
3349,Fairview,TN,78953,US
3350,Clinton,NJ,23814,US
3351,Chester,WY,19021,US
3352,Bristol,MS,88055,US
3353,Bristol,MS,88055,US
3354,Salem,KS,46008,US
3355,Salem,KS,46008,US
3356,Riverside,KY,67399,US
3357,Riverside,KY,67399,US
3358,Salem,UT,22363,US
3359,Salem,ID,21903,US
3360,Salem,ID,21903,US
3361,Clinton,ID,85436,US
3362,Bristol,OR,16703,US
3363,Sparks,NV,72924,US
3364,Sparks,NV,72924,US
3365,Franklin,NJ,35513,US
3366,Fairview,NE,96868,US
3367,Fairview,NE,96868,US
3368,Georgetown,ID,11623,US
3369,Georgetown,ID,11623,US
3370,Colorado Springs,CO,17535,US
3371,New York,NY,67751,US
3372,New York,NY,67751,US
3373,New York,NY,67751,US
3374,Franklin,SD,49417,US
3375,Franklin,SD,49417,US
3376,Fairview,SK,C2A 8H4,CA
3377,Lethbridge,AB,L6T 1B2,CA
3378,North Las Vegas,NV,37932,US
3379,Franklin,LA,59016,US
3380,Madison,MO,33743,US
3381,Madison,MO,33743,US
3382,Madison,MO,33743,US
3383,Fairview,OK,25885,US
3384,Bristol,OK,39722,US
3385,Fairview,OK,25885,US
3386,Springfield,SD,10312,US
3387,Akron,OH,55729,US
3388,Akron,OH,55729,US
3389,Salem,NJ,41410,US
3390,Sparks,NV,45563,US
3391,Franklin,MS,63945,US
3392,Fairview,MS,76361,US
3393,Franklin,MO,24635,US
3394,Georgetown,NH,27741,US
3395,Georgetown,NH,27741,US
3396,Georgetown,NH,27741,US
3397,Clinton,ND,33700,US
3398,Clinton,ND,33700,US
3399,Salem,UT,77203,US
3400,Cleveland,OH,17229,US
3401,Springfield,IN,98786,US
3402,Bristol,UT,41747,US
3403,Bristol,UT,41747,US
3404,Colorado Springs,CO,31366,US
3405,Salem,NE,73806,US
3406,Henderson,NV,59429,US
3407,Franklin,SK,R7K 6A5,CA
3408,Franklin,SK,R7K 6A5,CA
3409,Colorado Springs,CO,80269,US
3410,Fort Collins,CO,71724,US
3411,Chester,NH,40835,US
3412,Salem,AK,59287,US
3413,Bristol,ND,68586,US
3414,Bellevue,WA,36761,US
3415,Riverside,LA,60604,US
3416,Clinton,MN,80951,US
3417,Salem,OK,87147,US
3418,Salem,OK,87147,US
3419,Chester,LA,79991,US
3420,Chester,LA,79991,US
3421,Riverside,LA,42594,US
3422,Macon,GA,97979,US
3423,Georgetown,AL,31501,US
3424,Georgetown,AL,31501,US
3425,Salem,MD,63184,US
3426,Salem,MD,63184,US
3427,Chandler,AZ,34081,US
3428,Fairview,ID,29501,US
3429,Riverside,HI,38742,US
3430,Riverside,HI,38742,US
3431,Clinton,ND,43960,US
3432,Clinton,ND,43960,US
3433,Georgetown,ND,60094,US
3434,Clinton,NJ,15390,US
3435,Richmond,BC,H4P 9S3,CA
3436,Richmond,BC,H4P 9S3,CA
3437,Chester,ND,29853,US
3438,Springfield,AR,66112,US
3439,Salem,HI,28975,US
3440,Clinton,AL,13105,US
3441,Clinton,AL,13105,US
3442,Boulder,CO,82180,US
3443,Boulder,CO,82180,US
3444,Reading,PA,43615,US
3445,Reading,PA,43615,US
3446,Dallas,TX,51522,US
3447,Fairview,WY,34996,US
3448,Chester,NT,R6T 2L6,CA
3449,Chester,NT,R6T 2L6,CA
3450,Grand Rapids,MI,38808,US
3451,Fairview,NB,T3H 4L2,CA
3452,Fairview,SK,A6J 7G6,CA
3453,Fairview,SK,A6J 7G6,CA
3454,Bristol,SK,C2P 6J9,CA
3455,Salem,NE,20322,US
3456,Georgetown,MB,P3K 5K2,CA
3457,Georgetown,MB,P3K 5K2,CA
3458,Georgetown,WY,65176,US
3459,Georgetown,WY,65176,US
3460,Georgetown,WY,65176,US
3461,Madison,DE,32920,US
3462,Chester,AL,97073,US
3463,Aurora,CO,23961,US
3464,North Las Vegas,NV,53500,US
3465,Madison,WI,65507,US
3466,Montreal,QC,G6H 8B6,CA
3467,Montreal,QC,G6H 8B6,CA
3468,Madison,RI,61596,US
3469,Madison,RI,61596,US
3470,Clinton,RI,58948,US
3471,Clinton,NE,87131,US
3472,Clinton,NE,87131,US
3473,Cleveland,OH,95089,US
3474,Cleveland,OH,95089,US
3475,Columbus,OH,60292,US
3476,Bristol,ME,53000,US
3477,Bristol,ME,53000,US
3478,Chester,IN,13792,US
3479,Aurora,IL,47334,US
3480,Franklin,IN,10784,US
3481,Richmond,BC,V7N 8M1,CA
3482,Surrey,BC,B7J 5L7,CA
3483,Toledo,OH,99735,US
3484,Madison,AK,34716,US
3485,Clinton,UT,88990,US
3486,Clinton,UT,88990,US
3487,Riverside,MS,46669,US
3488,Georgetown,MS,27682,US
3489,Clinton,DE,76142,US
3490,Bristol,LA,78429,US
3491,Bristol,LA,78429,US
3492,Salem,LA,62697,US
3493,Riverside,MO,98782,US
3494,Bristol,DE,50579,US
3495,Salem,SD,52685,US
3496,Salem,SD,52685,US
3497,Charlotte,NC,22083,US
3498,Springfield,AR,37473,US
3499,Springfield,AR,37473,US
3500,Springfield,AR,37473,US
3501,Henderson,NV,87515,US
3502,Chandler,AZ,31238,US
3503,Salem,NB,G3J 9H7,CA
3504,Fort Lauderdale,FL,80696,US
3505,Georgetown,KS,39365,US
3506,Chester,AR,23336,US
3507,London,ON,G6V 9P4,CA
3508,London,ON,G6V 9P4,CA
3509,London,ON,G6V 9P4,CA
3510,Ottawa,ON,C5B 2T1,CA
3511,Ottawa,ON,C5B 2T1,CA
3512,Riverside,KY,95172,US
3513,Franklin,NM,47601,US
3514,Fairview,NE,67920,US
3515,Chester,SD,42503,US
3516,Chester,SD,42503,US
3517,Mesa,AZ,46890,US
3518,Mesa,AZ,46890,US
3519,Madison,NT,V9E 4K9,CA
3520,Madison,NT,V9E 4K9,CA
3521,Madison,NT,V9E 4K9,CA
3522,Georgetown,OR,62684,US
3523,Springfield,NL,H1H 2B2,CA
3524,Salem,NT,P5A 9B0,CA
3525,Cambridge,MA,55023,US
3526,Cambridge,MA,55023,US
3527,San Jose,CA,98699,US
3528,Fairview,AR,44789,US
3529,Salem,AR,38944,US
3530,Bristol,SD,90083,US
3531,Georgetown,WI,55432,US
3532,Springfield,MD,87530,US
3533,Sacramento,CA,72616,US
3534,Salem,MT,75849,US
3535,Salem,MT,75849,US
3536,Springfield,MT,32172,US
3537,Bristol,MS,52236,US
3538,Chandler,AZ,19141,US
3539,Los Angeles,CA,15241,US
3540,San Diego,CA,78544,US
3541,San Diego,CA,67120,US
3542,Clinton,DE,23473,US
3543,Clinton,DE,23473,US
3544,Fairview,ME,64136,US
3545,Franklin,ME,61812,US
3546,Fairview,OR,20409,US
3547,Salem,NU,P6B 6S0,CA
3548,Salem,NU,P6B 6S0,CA
3549,Bristol,DE,66893,US
3550,Salem,KS,70473,US
3551,Salem,KS,70473,US
3552,Clinton,IN,62710,US
3553,Franklin,UT,33697,US
3554,Georgetown,IA,40280,US
3555,Madison,NM,85312,US
3556,Riverside,ME,17164,US
3557,Chester,NL,V6M 9H9,CA
3558,Chester,NL,V6M 9H9,CA
3559,Buffalo,NY,22459,US
3560,Buffalo,NY,22459,US
3561,Syracuse,NY,83632,US
3562,Springfield,NS,G3S 7P2,CA
3563,Franklin,NS,V2B 9L2,CA
3564,Springfield,NS,G3S 7P2,CA
3565,Bristol,TN,80641,US
3566,Bristol,TN,80641,US
3567,Bristol,MS,67063,US
3568,Georgetown,MT,23371,US
3569,Buffalo,NY,14352,US
3570,Chicago,IL,31295,US
3571,Rockford,IL,91330,US
3572,Fairview,KS,23595,US
3573,Chester,WI,81590,US
3574,Chester,WI,81590,US
3575,Clinton,MD,18414,US
3576,Bristol,NE,54340,US
3577,Franklin,OK,17801,US
3578,San Diego,CA,57679,US
3579,Springfield,WY,19945,US
3580,Springfield,WY,19945,US
3581,Springfield,WY,19945,US
3582,Franklin,AR,88630,US
3583,Franklin,AK,74171,US
3584,Franklin,AK,74171,US
3585,Rockford,IL,60539,US
3586,Fairview,VA,15077,US
3587,Fairview,VA,15077,US
3588,Fairview,VA,15077,US
3589,Fairview,WI,35238,US
3590,Joliet,IL,86374,US
3591,Fairview,IA,12080,US
3592,Fairview,IA,12080,US
3593,Bristol,MO,23851,US
3594,Madison,ME,67976,US
3595,Franklin,WV,62932,US
3596,Franklin,WV,62932,US
3597,Sacramento,CA,21711,US
3598,Sacramento,CA,55016,US
3599,Salem,NM,86679,US
3600,Salem,NM,86679,US
3601,Salem,NM,86679,US
3602,Springfield,KY,82617,US
3603,Springfield,KY,82617,US
3604,Clinton,ID,81427,US
3605,Georgetown,KS,56490,US
3606,Georgetown,KS,56490,US
3607,Chester,PE,J2M 6R6,CA
3608,Chester,PE,J2M 6R6,CA
3609,Boulder,CO,37377,US
3610,Aurora,CO,39363,US
3611,Franklin,NB,N6T 5M4,CA
3612,Madison,NB,Y7X 1S3,CA
3613,Bristol,VA,24208,US
3614,Warren,MI,99865,US
3615,Bristol,NM,73397,US
3616,Bristol,NM,73397,US
3617,Bristol,NM,73397,US
3618,Clinton,IA,38444,US
3619,Clinton,IA,38444,US
3620,Clinton,IA,43920,US
3621,Bristol,NH,41779,US
3622,Madison,MT,10907,US
3623,Madison,MT,10907,US
3624,Savannah,GA,84020,US
3625,Savannah,GA,84020,US
3626,Savannah,GA,84020,US
3627,Warren,MI,17229,US
3628,Franklin,NL,L9Y 1R4,CA
3629,Chester,MD,35823,US
3630,Fairview,OK,97239,US
3631,Tucson,AZ,25916,US
3632,Tucson,AZ,25916,US
3633,Bristol,MO,57267,US
3634,Georgetown,DE,58558,US
3635,Chester,YT,V1P 8A8,CA
3636,Chester,YT,V1P 8A8,CA
3637,Buffalo,NY,88704,US
3638,Buffalo,NY,88704,US
3639,Georgetown,SC,59600,US
3640,Fairview,SC,35402,US
3641,Salem,NB,E6B 8H6,CA
3642,Riverside,PE,E6V 3R5,CA
3643,Riverside,PE,E6V 3R5,CA
3644,Springfield,HI,94989,US
3645,Franklin,HI,17213,US
3646,Bristol,AK,67740,US
3647,Riverside,SC,37972,US
3648,Georgetown,IN,53216,US
3649,Georgetown,IN,53216,US
3650,Georgetown,IN,53216,US
3651,Salem,VT,50702,US
3652,Salem,VT,50702,US
3653,Madison,HI,18972,US
3654,Salem,HI,16486,US
3655,San Jose,CA,46530,US
3656,San Jose,CA,46530,US
3657,North Las Vegas,NV,51071,US
3658,North Las Vegas,NV,51071,US
3659,Henderson,NV,23858,US
3660,Fairview,NU,T7E 9N7,CA
3661,Fairview,WI,89196,US
3662,Fairview,WI,89196,US
3663,Chester,LA,50518,US
3664,Bristol,LA,92066,US
3665,Los Angeles,CA,12704,US
3666,Los Angeles,CA,12704,US
3667,Franklin,MT,69135,US
3668,Springfield,NE,51194,US
3669,Fairview,ID,76134,US
3670,Sterling Heights,MI,15453,US
3671,Fairview,IN,45855,US
3672,Fairview,IN,45855,US
3673,Fairview,IN,45855,US
3674,Fairview,SK,B7G 6E2,CA
3675,Georgetown,HI,97599,US
3676,Madison,NT,V9L 5K7,CA
3677,Georgetown,OK,20055,US
3678,Georgetown,OK,20055,US
3679,Grand Rapids,MI,37874,US
3680,Grand Rapids,MI,37874,US
3681,Grand Rapids,MI,16225,US
3682,New York,NY,84567,US
3683,Greensboro,NC,82096,US
3684,Madison,NH,80482,US
3685,Georgetown,AK,86726,US
3686,Georgetown,AK,86726,US
3687,Springfield,MN,90374,US
3688,Clinton,MN,82011,US
3689,Cincinnati,OH,41085,US
3690,Cincinnati,OH,41085,US
3691,Franklin,SD,53575,US
3692,Atlanta,GA,48220,US
3693,Columbus,OH,84306,US
3694,Columbus,OH,84306,US
3695,Georgetown,UT,90227,US
3696,Springfield,ND,39195,US
3697,Springfield,ND,39195,US
3698,Springfield,WI,25552,US
3699,Franklin,NT,L9T 9C9,CA
3700,Franklin,NT,L9T 9C9,CA
3701,Georgetown,NT,Y7S 1R4,CA
3702,Georgetown,SK,N1P 3B6,CA
3703,Chester,SK,K6P 9Y7,CA
3704,Georgetown,IA,68570,US
3705,Georgetown,IA,58293,US
3706,Fairview,MN,75821,US
3707,Fairview,MN,75821,US
3708,Franklin,RI,44382,US
3709,Franklin,RI,44382,US
3710,Franklin,RI,44382,US
3711,Riverside,MO,53894,US
3712,Springfield,NH,27641,US
3713,Chester,IA,95669,US
3714,Clinton,DE,84444,US
3715,Clinton,DE,84444,US
3716,Clinton,DE,84444,US
3717,Fort Worth,TX,78604,US
3718,Austin,TX,75353,US
3719,Dallas,TX,68687,US
3720,North Las Vegas,NV,31605,US
3721,San Jose,CA,25242,US
3722,San Jose,CA,25242,US
3723,Madison,MT,97085,US
3724,Madison,MT,97085,US
3725,Sterling Heights,MI,53520,US
3726,Madison,LA,76299,US
3727,Springfield,LA,67120,US
3728,Bristol,LA,30154,US
3729,London,ON,M7S 2K3,CA
3730,Georgetown,LA,92079,US
3731,Aurora,IL,13974,US
3732,Raleigh,NC,53287,US
3733,Raleigh,NC,53287,US
3734,Quebec City,QC,J7E 4K1,CA
3735,Quebec City,QC,Y7K 9S4,CA
3736,Georgetown,AL,59491,US
3737,Reno,NV,57585,US
3738,Reno,NV,57585,US
3739,Raleigh,NC,74960,US
3740,Raleigh,NC,32376,US
3741,Raleigh,NC,74960,US
3742,Bristol,MN,94755,US
3743,Chester,MN,58245,US
3744,Clinton,CT,86291,US
3745,Orlando,FL,14514,US
3746,Salem,DE,75600,US
3747,Chester,AK,83546,US
3748,Salem,AK,65334,US
3749,Cincinnati,OH,48421,US
3750,Cleveland,OH,79235,US
3751,Riverside,AK,45386,US
3752,Riverside,AK,45386,US
3753,Grand Rapids,MI,91489,US
3754,Fairview,OR,93624,US
3755,Clinton,NS,K6V 4R1,CA
3756,Georgetown,NS,N9H 9X6,CA
3757,Toronto,ON,J8S 7P0,CA
3758,Medicine Hat,AB,Y5K 9K2,CA
3759,Red Deer,AB,R9P 5G1,CA
3760,Medicine Hat,AB,Y5K 9K2,CA
3761,Gatineau,QC,V5C 4T3,CA
3762,Madison,AR,95296,US
3763,Chester,NS,J2T 4B9,CA
3764,Riverside,IN,64787,US
3765,Riverside,IN,64787,US
3766,Bristol,NM,89392,US
3767,Bristol,NM,28000,US
3768,Bristol,NU,G4L 9B2,CA
3769,Bristol,NU,G4L 9B2,CA
3770,Bristol,NU,G4L 9B2,CA
3771,Chester,NE,48000,US
3772,Chester,NE,48000,US
3773,Fairview,PE,M5N 1V8,CA
3774,Riverside,LA,46028,US
3775,Riverside,LA,46028,US
3776,Salem,HI,50381,US
3777,Chester,HI,48627,US
3778,Salem,HI,50381,US
3779,Augusta,GA,43561,US
3780,Augusta,GA,43561,US
3781,Franklin,RI,35853,US
3782,Georgetown,RI,55092,US
3783,Chester,TN,81257,US
3784,Jacksonville,FL,51546,US
3785,Miami,FL,25539,US
3786,Scottsdale,AZ,41093,US
3787,Scottsdale,AZ,41093,US
3788,Chester,AK,79243,US
3789,Bristol,ME,34444,US
3790,Georgetown,TN,74333,US
3791,Bristol,AK,90519,US
3792,Bristol,AK,90519,US
3793,Fairview,KS,55607,US
3794,Fairview,KS,55607,US
3795,Chester,NT,S8R 8C3,CA
3796,Chester,NT,S8R 8C3,CA
3797,Madison,NM,30941,US
3798,Madison,NM,30941,US
3799,Springfield,MT,72592,US
3800,Springfield,MT,72592,US
3801,San Francisco,CA,46681,US
3802,San Jose,CA,65236,US
3803,Franklin,OK,90747,US
3804,Franklin,OK,90747,US
3805,Salem,SK,G5K 4R5,CA
3806,Salem,SK,G5K 4R5,CA
3807,Fairview,NM,52545,US
3808,Salem,ID,53486,US
3809,Salem,ID,53486,US
3810,Madison,CT,87003,US
3811,Warren,MI,78616,US
3812,Salem,MT,97980,US
3813,Fairview,ID,22068,US
3814,Madison,AR,29924,US
3815,Madison,AR,29924,US
3816,Madison,AR,29924,US
3817,Grand Rapids,MI,58833,US
3818,Ann Arbor,MI,77653,US
3819,Fairview,YT,L4X 3J2,CA
3820,Clinton,VA,61699,US
3821,Clinton,VA,61699,US
3822,Clinton,MO,65188,US
3823,Springfield,MO,64754,US
3824,Clinton,MO,32609,US
3825,Allentown,PA,87273,US
3826,Allentown,PA,87273,US
3827,Salem,SC,70444,US
3828,Salem,SC,70444,US
3829,Salem,SC,70444,US
3830,Riverside,WI,22344,US
3831,Franklin,YT,P3B 8L3,CA
3832,Franklin,YT,P3B 8L3,CA
3833,Clinton,OR,87265,US
3834,Atlanta,GA,91156,US
3835,Athens,GA,68956,US
3836,Grand Rapids,MI,64851,US
3837,Grand Rapids,MI,64851,US
3838,Grand Rapids,MI,64851,US
3839,Jacksonville,FL,73496,US
3840,Orlando,FL,58434,US
3841,Greensboro,NC,24658,US
3842,Phoenix,AZ,72832,US
3843,Salem,WY,23763,US
3844,Bristol,AR,38590,US
3845,Georgetown,ME,18836,US
3846,Georgetown,ME,18836,US
3847,Rochester,NY,67361,US
3848,Rochester,NY,67361,US
3849,Rochester,NY,67361,US
3850,Clinton,AL,13241,US
3851,Clinton,AL,13241,US
3852,Riverside,OR,63645,US
3853,Franklin,IA,65973,US
3854,Clinton,SC,13162,US
3855,Clinton,SC,13162,US
3856,Clinton,SC,13162,US
3857,Fairview,NH,67052,US
3858,Reno,NV,56062,US
3859,Franklin,CT,60535,US
3860,Buffalo,NY,76265,US
3861,Clinton,MO,35415,US
3862,Clinton,MO,35415,US
3863,Clinton,MO,35415,US
3864,Georgetown,VT,79609,US
3865,Georgetown,VT,79609,US
3866,Georgetown,VT,79609,US
3867,Salem,NH,59689,US
3868,Riverside,NH,63129,US
3869,Gatineau,QC,S8H 2N5,CA
3870,Gatineau,QC,S8H 2N5,CA
3871,Sparks,NV,93724,US
3872,Sparks,NV,93724,US
3873,Sparks,NV,93724,US
3874,Riverside,HI,82996,US
3875,Riverside,HI,82996,US
3876,Riverside,HI,82996,US
3877,Chester,KS,10901,US
3878,Clinton,KS,26615,US
3879,Madison,MN,32682,US
3880,Madison,MN,32682,US
3881,Springfield,NL,E6E 8E4,CA
3882,Riverside,PE,X5Y 9H4,CA
3883,Riverside,PE,X5Y 9H4,CA
3884,Bristol,PE,M5A 3H1,CA
3885,Chester,NM,88603,US
3886,Chester,NM,88603,US
3887,Chester,NH,46209,US
3888,Georgetown,MO,85191,US
3889,Madison,NJ,18849,US
3890,Salem,MD,87710,US
3891,Clinton,NL,M9S 8C8,CA
3892,Bristol,NL,M4J 3S0,CA
3893,Rockford,IL,35874,US
3894,Joliet,IL,46772,US
3895,Warren,MI,90503,US
3896,Bristol,SC,18680,US
3897,Fairview,WY,69921,US
3898,Clinton,NH,84509,US
3899,Georgetown,NH,77682,US
3900,Clinton,NH,84509,US
3901,San Francisco,CA,57386,US
3902,Los Angeles,CA,23439,US
3903,San Diego,CA,85344,US
3904,Georgetown,NH,75878,US
3905,Riverside,NH,91086,US
3906,Madison,AR,56508,US
3907,Madison,AR,56508,US
3908,Fairview,NB,X4C 6A0,CA
3909,Fairview,CT,58598,US
3910,Dallas,TX,24072,US
3911,Dallas,TX,24072,US
3912,Grand Rapids,MI,56190,US
3913,Grand Rapids,MI,56190,US
3914,Warren,MI,50371,US
3915,Bristol,MT,50469,US
3916,Albany,NY,80835,US
3917,Albany,NY,80835,US
3918,Columbus,OH,89686,US
3919,Columbus,OH,89686,US
3920,Salem,IA,82441,US
3921,Salem,IA,82441,US
3922,Clinton,ID,44591,US
3923,Bristol,MN,99592,US
3924,Madison,MD,30081,US
3925,San Antonio,TX,80172,US
3926,San Antonio,TX,80172,US
3927,Franklin,NM,59267,US
3928,Fairview,NM,24185,US
3929,Springfield,SK,T2M 3M4,CA
3930,Fairview,MD,24853,US
3931,Hamilton,ON,G5Y 1S5,CA
3932,Hamilton,ON,G5Y 1S5,CA
3933,Edmonton,AB,H8J 1S3,CA
3934,Edmonton,AB,H8J 1S3,CA
3935,Salem,KS,36688,US
3936,Salem,KS,36688,US
3937,Fairview,WY,78811,US
3938,Fairview,WY,78811,US
3939,Fairview,WY,78811,US
3940,Springfield,NM,27232,US
3941,Georgetown,WI,67005,US
3942,Fairview,OR,35985,US
3943,Fairview,TN,13262,US
3944,Fairview,TN,13262,US
3945,Columbus,OH,19798,US
3946,Columbus,OH,19798,US
3947,Akron,OH,33464,US
3948,Erie,PA,30544,US
3949,Georgetown,UT,48787,US
3950,Franklin,NJ,66560,US
3951,Franklin,NJ,66560,US
3952,Franklin,NJ,66560,US
3953,Fairview,MD,89891,US
3954,Fairview,MD,89891,US
3955,Victoria,BC,R9T 6K9,CA
3956,Chester,WI,90864,US
3957,Chester,ND,18231,US
3958,Chester,ND,18231,US
3959,Springfield,SK,K6C 2B1,CA
3960,Springfield,SK,K6C 2B1,CA
3961,Chester,VT,42649,US
3962,Georgetown,KS,81334,US
3963,Georgetown,SD,48714,US
3964,Georgetown,SD,48714,US
3965,Savannah,GA,70091,US
3966,Erie,PA,15771,US
3967,Erie,PA,15771,US
3968,Springfield,NH,94327,US
3969,Springfield,NH,94327,US
3970,Springfield,NH,94327,US
3971,Fairview,NH,39741,US
3972,Fairview,NH,39741,US
3973,Bristol,NH,69439,US
3974,Bristol,NH,69439,US
3975,Franklin,NE,20441,US
3976,Franklin,NE,20441,US
3977,Riverside,NT,C7K 9M4,CA
3978,Riverside,NT,C7K 9M4,CA
3979,Salem,MD,65772,US
3980,Syracuse,NY,42441,US
3981,Syracuse,NY,42441,US
3982,Riverside,OK,50509,US
3983,Georgetown,NJ,11083,US
3984,Riverside,MD,78283,US
3985,Quebec City,QC,M5M 3K4,CA
3986,Quebec City,QC,M5M 3K4,CA
3987,Madison,NL,C5E 8E7,CA
3988,Madison,NL,C5E 8E7,CA
3989,Madison,MS,98181,US
3990,New York,NY,89870,US
3991,Riverside,ND,77107,US
3992,North Las Vegas,NV,31901,US
3993,Reno,NV,76855,US
3994,Fairview,CT,19632,US
3995,Allentown,PA,19717,US
3996,Philadelphia,PA,60013,US
3997,Riverside,RI,44245,US
3998,Riverside,RI,44245,US
3999,Springfield,VA,11828,US
4000,Springfield,VA,11828,US
4001,Springfield,VA,11828,US
4002,Reno,NV,32046,US
4003,Reno,NV,17212,US
4004,Georgetown,HI,27511,US
4005,Georgetown,HI,27511,US
4006,Springfield,MT,41194,US
4007,Springfield,MT,41194,US
4008,Boulder,CO,33695,US
4009,Boulder,CO,33695,US
4010,Laval,QC,S5L 9L8,CA
4011,Laval,QC,S5L 9L8,CA
4012,Madison,MO,80558,US
4013,Madison,MO,80558,US
4014,Chester,KS,20527,US
4015,Madison,KS,33910,US
4016,Chester,KS,20527,US
4017,Franklin,SK,L5Y 4G2,CA
4018,Georgetown,CT,37585,US
4019,Springfield,NE,91495,US
4020,Springfield,NE,91495,US
4021,Franklin,AR,66653,US
4022,Franklin,AR,66653,US
4023,Salem,RI,18108,US
4024,Sterling Heights,MI,22146,US
4025,Springfield,MS,83639,US
4026,Franklin,NH,33914,US
4027,Springfield,NH,13771,US
4028,Columbus,OH,30933,US
4029,Cincinnati,OH,98513,US
4030,Tucson,AZ,75809,US
4031,Tucson,AZ,75809,US
4032,Chandler,AZ,21364,US
4033,Madison,WY,77766,US
4034,Sparks,NV,34184,US
4035,Durham,NC,64766,US
4036,Clinton,ME,10518,US
4037,Chester,WI,37580,US
4038,Springfield,OR,33021,US
4039,Sacramento,CA,36884,US
4040,Sacramento,CA,36884,US
4041,Bristol,NJ,12360,US
4042,Dallas,TX,43773,US
4043,Salem,MB,J8K 1G3,CA
4044,Orlando,FL,26914,US
4045,Orlando,FL,26914,US
4046,Edmonton,AB,R3M 1Y9,CA
4047,Sterling Heights,MI,21450,US
4048,Sterling Heights,MI,21450,US
4049,Franklin,KY,33319,US
4050,Chester,AL,75752,US
4051,Salem,AL,24414,US
4052,Salem,AL,37119,US
4053,Madison,NE,58790,US
4054,Madison,NE,58790,US
4055,Riverside,NE,24727,US
4056,Houston,TX,79325,US
4057,Fairview,VT,15422,US
4058,Fairview,VT,60435,US
4059,Fairview,VT,15422,US
4060,Franklin,IA,84762,US
4061,Franklin,IA,84762,US
4062,Franklin,IA,84762,US
4063,Boulder,CO,72183,US
4064,San Francisco,CA,98046,US
4065,Riverside,NS,T8R 4B4,CA
4066,Chester,NB,M1J 9J6,CA
4067,Augusta,GA,72838,US
4068,Springfield,OK,73768,US
4069,Franklin,KY,59545,US
4070,Franklin,KY,59545,US
4071,Franklin,KY,59545,US
4072,Bristol,TN,58368,US
4073,Bristol,TN,58368,US
4074,Georgetown,LA,92184,US
4075,Bristol,LA,84673,US
4076,Georgetown,NM,65129,US
4077,Madison,NT,C7J 5G3,CA
4078,Madison,NT,C7J 5G3,CA
4079,Madison,NT,C7J 5G3,CA
4080,Springfield,NS,X8S 4T1,CA
4081,Clinton,NS,S8L 7H7,CA
4082,Riverside,AK,84867,US
4083,Riverside,AK,84867,US
4084,Riverside,AK,84867,US
4085,Bristol,NJ,97523,US
4086,Franklin,UT,59552,US
4087,Georgetown,NS,Y1K 9N8,CA
4088,Salem,KS,67899,US
4089,Fairview,KS,59932,US
4090,Madison,KS,31680,US
4091,Springfield,YT,V4N 3A0,CA
4092,Riverside,YT,P5V 5R8,CA
4093,Franklin,NJ,16773,US
4094,Bristol,NJ,49638,US
4095,Worcester,MA,49904,US
4096,Chester,ME,36413,US
4097,Salem,ME,51798,US
4098,Quebec City,QC,N7C 5V6,CA
4099,Quebec City,QC,T5B 1A5,CA
4100,Clinton,ID,44521,US
4101,Bristol,KY,82198,US
4102,Bristol,KY,82198,US
4103,Bristol,KY,82198,US
4104,Chester,ME,39324,US
4105,Franklin,ND,81481,US
4106,Franklin,ND,81481,US
4107,Vancouver,WA,24590,US
4108,Vancouver,WA,24590,US
4109,Chester,AL,98241,US
4110,Franklin,AL,40109,US
4111,Fairview,WI,49064,US
4112,Chester,IN,16869,US
4113,Erie,PA,11136,US
4114,Erie,PA,11136,US
4115,Erie,PA,11136,US
4116,Riverside,OR,49037,US
4117,Riverside,OR,49037,US
4118,Madison,NH,98970,US
4119,Bristol,RI,60757,US
4120,Bristol,RI,60757,US
4121,Riverside,HI,99806,US
4122,Salem,IA,88435,US
4123,Salem,IA,88435,US
4124,Riverside,OK,35335,US
4125,Salem,IN,16907,US
4126,Clinton,NJ,28557,US
4127,Clinton,NJ,28557,US
4128,Springfield,HI,28614,US
4129,San Diego,CA,97636,US
4130,Riverside,DE,24949,US
4131,Clinton,MN,60643,US
4132,Chester,MT,35690,US
4133,Bristol,KY,85662,US
4134,Riverside,KY,88874,US
4135,Madison,NH,27012,US
4136,Madison,NH,27012,US
4137,Fairview,NH,61427,US
4138,Georgetown,PE,S6K 1A5,CA
4139,Madison,LA,87363,US
4140,Sacramento,CA,22986,US
4141,Surrey,BC,M5S 8V6,CA
4142,Reading,PA,73240,US
4143,Reading,PA,73240,US
4144,Reading,PA,73240,US
4145,Salem,NH,34319,US
4146,Franklin,NS,M6H 5E4,CA
4147,Georgetown,NS,V3R 3S5,CA
4148,Chester,IN,11713,US
4149,Springfield,VA,35415,US
4150,Springfield,VA,35415,US
4151,Fairview,NS,K2B 1G2,CA
4152,Salem,HI,95225,US
4153,Clinton,UT,11702,US
4154,Salem,IA,69329,US
4155,Salem,IA,69329,US
4156,Calgary,AB,R9R 3T3,CA
4157,Calgary,AB,R9R 3T3,CA
4158,Edmonton,AB,G6S 7R3,CA
4159,Chester,MD,35482,US
4160,Springfield,IA,54050,US
4161,Springfield,IA,54050,US
4162,Springfield,IA,54050,US
4163,Franklin,NU,M2J 4M4,CA
4164,Bristol,IA,52095,US
4165,Georgetown,NH,68665,US
4166,Georgetown,NH,68665,US
4167,New York,NY,67764,US
4168,New York,NY,67764,US
4169,Macon,GA,77427,US
4170,Rochester,NY,39668,US
4171,Rochester,NY,39668,US
4172,Madison,YT,A9H 5C6,CA
4173,Springfield,AR,67933,US
4174,Bristol,IN,35168,US
4175,Bristol,IN,35168,US
4176,Bristol,IN,35168,US
4177,Fairview,NH,61993,US
4178,Fairview,NH,61993,US
4179,Fairview,NH,61993,US
4180,Fairview,NM,89128,US
4181,Atlanta,GA,24301,US
4182,Atlanta,GA,24301,US
4183,Denver,CO,89857,US
4184,Colorado Springs,CO,28383,US
4185,Denver,CO,85766,US
4186,Georgetown,LA,33245,US
4187,Georgetown,LA,33245,US
4188,Georgetown,LA,33245,US
4189,Raleigh,NC,10150,US
4190,Riverside,DE,51247,US
4191,Riverside,DE,51247,US
4192,Franklin,UT,91424,US
4193,Franklin,UT,91424,US
4194,Raleigh,NC,40962,US
4195,Chester,NM,93122,US
4196,Chester,NM,93122,US
4197,Madison,SK,P6B 6N5,CA
4198,Madison,SK,P6B 6N5,CA
4199,San Francisco,CA,38177,US
4200,New York,NY,41269,US
4201,Chester,ME,19560,US
4202,Fairview,DE,41233,US
4203,Chester,LA,92589,US
4204,Miami,FL,17601,US
4205,Miami,FL,17601,US
4206,Madison,VA,78233,US
4207,Madison,VA,78233,US
4208,Bristol,MO,45233,US
4209,Cleveland,OH,70805,US
4210,Cleveland,OH,70805,US
4211,Cleveland,OH,70805,US
4212,Rochester,NY,48605,US
4213,Rochester,NY,48605,US
4214,Riverside,OK,24325,US
4215,Riverside,HI,62241,US
4216,Madison,MS,50981,US
4217,Chester,AL,52450,US
4218,Riverside,UT,99537,US
4219,Fairview,NE,68320,US
4220,Fairview,KY,69850,US
4221,Bristol,NM,25567,US
4222,Vancouver,BC,T4T 7L9,CA
4223,Chester,HI,47941,US
4224,Syracuse,NY,76565,US
4225,Syracuse,NY,76565,US
4226,Chicago,IL,35863,US
4227,Springfield,ND,78146,US
4228,Chester,ND,81740,US
4229,Springfield,ND,78146,US
4230,Richmond,BC,H3P 5H8,CA
4231,Bristol,MN,40111,US
4232,Bristol,MN,40111,US
4233,Cambridge,MA,67823,US
4234,Cleveland,OH,18902,US
4235,Cleveland,OH,18902,US
4236,Fairview,PE,R2K 2K7,CA
4237,Salem,PE,S5C 3H1,CA
4238,Fairview,PE,R2K 2K7,CA
4239,Springfield,UT,16968,US
4240,Springfield,UT,16968,US
4241,Athens,GA,83127,US
4242,Springfield,SC,30741,US
4243,Los Angeles,CA,40588,US
4244,Springfield,NT,S6V 1X8,CA
4245,Fairview,MO,74939,US
4246,Fairview,MO,74939,US
4247,Durham,NC,67493,US
4248,Charlotte,NC,67262,US
4249,Springfield,MB,T9G 5B4,CA
4250,Ottawa,ON,E7T 3H3,CA
4251,Burnaby,BC,K6N 6C9,CA
4252,Surrey,BC,V4Y 3X0,CA
4253,Burnaby,BC,K6N 6C9,CA
4254,Albany,NY,39111,US
4255,Albany,NY,39111,US
4256,Syracuse,NY,16056,US
4257,Franklin,ME,58110,US
4258,Franklin,ME,58110,US
4259,Franklin,KY,73562,US
4260,Franklin,KY,73562,US
4261,Franklin,KY,73562,US
4262,Fairview,SC,68628,US
4263,Fairview,SC,68628,US
4264,Fairview,SC,68628,US
4265,Chester,MB,X9R 3P8,CA
4266,Fairview,ME,72367,US
4267,Fairview,ME,72367,US
4268,Bristol,LA,94986,US
4269,Madison,ID,44106,US
4270,Franklin,WV,89175,US
4271,Augusta,GA,72933,US
4272,Riverside,WI,84543,US
4273,Clinton,NE,16266,US
4274,Henderson,NV,11752,US
4275,Henderson,NV,11752,US
4276,Madison,NB,B9R 1C3,CA
4277,Clinton,NU,E3T 5K9,CA
4278,Chester,MB,L3Y 7L2,CA
4279,Chester,MB,L3Y 7L2,CA
4280,Houston,TX,49590,US
4281,Houston,TX,49590,US
4282,Fairview,NS,Y5E 1V6,CA
4283,Fairview,NS,Y5E 1V6,CA
4284,Bristol,AL,27092,US
4285,Surrey,BC,N1A 9A0,CA
4286,Burnaby,BC,M8H 7M4,CA
4287,Clinton,MB,X3M 4A8,CA
4288,Clinton,MB,X3M 4A8,CA
4289,Aurora,IL,59453,US
4290,Chester,KS,24767,US
4291,Worcester,MA,67945,US
4292,Riverside,NE,78982,US
4293,Riverside,NE,78982,US
4294,Philadelphia,PA,88903,US
4295,Philadelphia,PA,88903,US
4296,Boulder,CO,48974,US
4297,Clinton,CT,23458,US
4298,Riverside,VT,33163,US
4299,Riverside,VT,33163,US
4300,Sparks,NV,99661,US
4301,North Las Vegas,NV,94162,US
4302,Sparks,NV,99661,US
4303,Chester,UT,62635,US
4304,Chester,UT,62635,US
4305,Chester,UT,62635,US
4306,Chester,ME,78911,US
4307,Springfield,ME,96681,US
4308,Riverside,MN,48767,US
4309,Fairview,SD,90291,US
4310,Chester,VT,83678,US
4311,Chester,VT,83678,US
4312,Colorado Springs,CO,49959,US
4313,Fairview,PE,Y3K 9H3,CA
4314,Fairview,PE,Y3K 9H3,CA
4315,Madison,SC,39919,US
4316,Fairview,NJ,24350,US
4317,Fairview,PE,G8X 4Y3,CA
4318,Fairview,PE,G8X 4Y3,CA
4319,Franklin,PE,T7A 2K7,CA
4320,Tacoma,WA,68859,US
4321,Naperville,IL,88843,US
4322,Naperville,IL,88843,US
4323,Aurora,CO,76351,US
4324,Aurora,CO,76351,US
4325,Tucson,AZ,17907,US
4326,Tucson,AZ,17907,US
4327,Scottsdale,AZ,25272,US
4328,Franklin,NH,16543,US
4329,Reading,PA,44414,US
4330,Reading,PA,44414,US
4331,Reading,PA,44414,US
4332,Chester,MN,15324,US
4333,Georgetown,WY,96497,US
4334,Salem,SD,43461,US
4335,Salem,SD,43461,US
4336,Clinton,CT,35498,US
4337,Georgetown,DE,21237,US
4338,Athens,GA,53571,US
4339,Savannah,GA,68804,US
4340,Athens,GA,53571,US
4341,Georgetown,NM,59939,US
4342,Georgetown,NM,59939,US
4343,Fairview,MN,47070,US
4344,Fairview,MN,71254,US
4345,Franklin,SD,97879,US
4346,Chester,MT,15845,US
4347,Chester,MT,15845,US
4348,Chester,WI,56730,US
4349,Philadelphia,PA,30989,US
4350,Philadelphia,PA,30989,US
4351,Erie,PA,41610,US
4352,Fairview,NS,B4B 2J8,CA
4353,Fairview,NS,B4B 2J8,CA
4354,Tucson,AZ,26551,US
4355,Boston,MA,42015,US
4356,Worcester,MA,52422,US
4357,Worcester,MA,75478,US
4358,Fairview,RI,60477,US
4359,Bristol,MS,24437,US
4360,Madison,TN,75992,US
4361,Fairview,MO,39040,US
4362,Salem,MO,77306,US
4363,Sparks,NV,19407,US
4364,Salem,AK,37981,US
4365,Salem,AK,37981,US
4366,Fort Lauderdale,FL,74046,US
4367,Fort Lauderdale,FL,74046,US
4368,Bristol,VT,27349,US
4369,Bristol,VT,27349,US
4370,Worcester,MA,76992,US
4371,Worcester,MA,76992,US
4372,Chester,OR,49999,US
4373,Riverside,ID,15593,US
4374,Riverside,ID,15593,US
4375,Riverside,ID,15593,US
4376,Franklin,ID,11206,US
4377,Franklin,ID,11206,US
4378,Franklin,ID,11206,US
4379,Fairview,KY,67416,US
4380,Georgetown,KS,96090,US
4381,Georgetown,KS,96090,US
4382,Scottsdale,AZ,43995,US
4383,Franklin,MB,E9N 5S8,CA
4384,Franklin,MB,E9N 5S8,CA
4385,Chester,ID,37040,US
4386,Riverside,OK,49588,US
4387,Riverside,OK,49588,US
4388,Toronto,ON,M7R 6M8,CA
4389,Toronto,ON,M7R 6M8,CA
4390,Springfield,SC,66740,US
4391,Springfield,SC,66740,US
4392,Springfield,SC,66740,US
4393,Raleigh,NC,49940,US
4394,Raleigh,NC,49940,US
4395,Madison,SD,82762,US
4396,Miami,FL,75751,US
4397,Riverside,DE,54643,US
4398,Georgetown,AK,79184,US
4399,Philadelphia,PA,69994,US
4400,Madison,CT,92089,US
4401,Madison,CT,92089,US
4402,Spokane,WA,41861,US
4403,Bristol,KS,92163,US
4404,Bristol,KS,92163,US
4405,Georgetown,MN,99730,US
4406,Georgetown,MN,99730,US
4407,Springfield,MS,73221,US
4408,Springfield,MS,73221,US
4409,Winston-Salem,NC,99505,US
4410,Raleigh,NC,62740,US
4411,Durham,NC,54310,US
4412,Augusta,GA,84181,US
4413,Medicine Hat,AB,S8V 7K6,CA
4414,Clinton,ME,43198,US
4415,Clinton,ME,43198,US
4416,Clinton,ME,43198,US
4417,Franklin,WV,90067,US
4418,Salem,NB,N3K 9E8,CA
4419,Salem,NB,N3K 9E8,CA
4420,Riverside,NL,M6V 2C2,CA
4421,Riverside,NL,M6V 2C2,CA
4422,Springfield,NJ,28375,US
4423,Springfield,NJ,28375,US
4424,Georgetown,NJ,34762,US
4425,Chester,IA,27451,US
4426,Chester,IA,27451,US
4427,Chester,IA,27451,US
4428,Georgetown,NH,19725,US
4429,Salem,TN,89242,US
4430,Chester,CT,23682,US
4431,Chester,CT,23682,US
4432,Grand Rapids,MI,90777,US
4433,Sterling Heights,MI,59117,US
4434,Grand Rapids,MI,21004,US
4435,Jacksonville,FL,63270,US
4436,Springfield,YT,Y8M 2C6,CA
4437,Riverside,MB,M6E 9R5,CA
4438,Riverside,MB,M6E 9R5,CA
4439,Bristol,VT,47348,US
4440,Bristol,VT,47348,US
4441,Fairview,VT,76726,US
4442,Madison,AR,40712,US
4443,Madison,AR,40712,US
4444,Franklin,AR,88513,US
4445,Chester,WV,33170,US
4446,Chester,WV,33170,US
4447,Salem,KY,30422,US
4448,Springfield,NU,C7R 7L8,CA
4449,Madison,NJ,29503,US
4450,Madison,NJ,29503,US
4451,Madison,MS,77736,US
4452,Mississauga,ON,B3R 4S6,CA
4453,London,ON,V4X 3S8,CA
4454,Bristol,OR,74759,US
4455,Cleveland,OH,17764,US
4456,Clinton,NU,G5X 1M2,CA
4457,Clinton,NU,G5X 1M2,CA
4458,Chester,YT,J9V 9M3,CA
4459,Chester,YT,J9V 9M3,CA
4460,Chester,YT,J9V 9M3,CA
4461,Los Angeles,CA,40660,US
4462,Los Angeles,CA,40660,US
4463,Reading,PA,88449,US
4464,Salem,VA,93193,US
4465,Seattle,WA,61602,US
4466,Bristol,RI,22806,US
4467,Clinton,KS,65850,US
4468,Sparks,NV,55512,US
4469,Sparks,NV,55512,US
4470,Chester,NM,22982,US
4471,Chester,NM,22982,US
4472,Akron,OH,56248,US
4473,Akron,OH,56248,US
4474,Akron,OH,56248,US
4475,Georgetown,CT,67441,US
4476,Georgetown,CT,67441,US
4477,Fairview,CT,57378,US
4478,Bristol,WI,77078,US
4479,Bristol,WI,77078,US
4480,Toledo,OH,37973,US
4481,Cleveland,OH,22238,US
4482,Bristol,IA,78441,US
4483,Edmonton,AB,S5B 7H4,CA
4484,Edmonton,AB,S5B 7H4,CA
4485,Clinton,NU,J3J 6C1,CA
4486,Clinton,NU,J3J 6C1,CA
4487,Clinton,NU,J3J 6C1,CA
4488,Georgetown,ME,31222,US
4489,Georgetown,ME,31222,US
4490,Georgetown,ME,31222,US
4491,Franklin,CT,29708,US
4492,Burnaby,BC,J7N 1K5,CA
4493,Burnaby,BC,J7N 1K5,CA
4494,Georgetown,MO,23497,US
4495,Georgetown,MO,23497,US
4496,Madison,IA,19773,US
4497,Bristol,IA,37386,US
4498,Chester,KS,20683,US
4499,Chester,KS,20683,US
4500,Chester,KS,20683,US
4501,Clinton,RI,60988,US
4502,Clinton,RI,51112,US
4503,Clinton,RI,60988,US
4504,Chester,AR,27089,US
4505,Fairview,AL,16156,US
4506,Fairview,AL,16156,US
4507,Fairview,AL,16156,US
4508,Georgetown,OK,49388,US
4509,Fairview,PE,V1C 4N4,CA
4510,Chandler,AZ,88241,US
4511,Bristol,KY,34847,US
4512,Fairview,KY,25160,US
4513,Fairview,KY,25160,US
4514,Toledo,OH,68375,US
4515,Cambridge,MA,83399,US
4516,Cambridge,MA,83399,US
4517,Cleveland,OH,56885,US
4518,Cleveland,OH,56885,US
4519,Reading,PA,23239,US
4520,Dallas,TX,93915,US
4521,Fairview,OR,48242,US
4522,Fairview,OR,48242,US
4523,Gatineau,QC,S3Y 9V1,CA
4524,Georgetown,AL,34177,US
4525,Georgetown,AL,34177,US
4526,Salem,IA,56347,US
4527,Fort Worth,TX,70018,US
4528,Fort Worth,TX,70018,US
4529,Clinton,MN,46830,US
4530,Clinton,MN,46830,US
4531,Clinton,MN,46830,US
4532,Winston-Salem,NC,61946,US
4533,Fairview,ID,74330,US
4534,Fairview,ID,74330,US
4535,Salem,WV,93043,US
4536,Franklin,VA,31967,US
4537,Franklin,VA,31967,US
4538,Franklin,VA,31967,US
4539,Franklin,ND,80201,US
4540,Chester,ND,91827,US
4541,Franklin,WI,45138,US
4542,Ann Arbor,MI,27292,US
4543,Warren,MI,46823,US
4544,Ann Arbor,MI,27292,US
4545,Chandler,AZ,38364,US
4546,Chandler,AZ,38364,US
4547,Chandler,AZ,38364,US
4548,Clinton,MN,12955,US
4549,Salem,MN,25648,US
4550,Chester,MN,23158,US
4551,Miami,FL,67528,US
4552,Chester,NS,B9N 8T8,CA
4553,Riverside,VA,97377,US
4554,Riverside,VA,97377,US
4555,Clinton,SC,31190,US
4556,Pittsburgh,PA,15280,US
4557,Los Angeles,CA,15632,US
4558,Georgetown,WV,96511,US
4559,London,ON,J2V 8C3,CA
4560,Toronto,ON,X8L 4E8,CA
4561,Franklin,LA,88522,US
4562,Franklin,LA,88522,US
4563,Longueuil,QC,A4N 1P9,CA
4564,Longueuil,QC,A4N 1P9,CA
4565,Franklin,ID,10934,US
4566,Salem,ID,78025,US
4567,Franklin,ID,10934,US
4568,Bristol,MB,A7N 6E0,CA
4569,Bristol,MB,A7N 6E0,CA
4570,Albany,NY,30036,US
4571,Albany,NY,30036,US
4572,Surrey,BC,S2G 3J2,CA
4573,Surrey,BC,A8S 4X5,CA
4574,Surrey,BC,S2G 3J2,CA
4575,Bristol,MT,43042,US
4576,Madison,VT,88285,US
4577,Madison,VT,88285,US
4578,Allentown,PA,54163,US
4579,Chester,IA,51109,US
4580,Chester,IA,51109,US
4581,Chester,OK,76320,US
4582,Madison,SD,86012,US
4583,Raleigh,NC,69006,US
4584,Boston,MA,48583,US
4585,Madison,NM,69673,US
4586,Georgetown,IN,41554,US
4587,Bristol,RI,47502,US
4588,Georgetown,RI,27058,US
4589,Orlando,FL,50331,US
4590,Orlando,FL,50331,US
4591,Tucson,AZ,19302,US
4592,Tucson,AZ,19302,US
4593,Franklin,WV,25564,US
4594,Clinton,MN,74962,US
4595,Clinton,MN,74962,US
4596,Madison,IA,57384,US
4597,Clinton,NS,Y9C 2G6,CA
4598,Clinton,NS,Y9C 2G6,CA
4599,Clinton,NS,Y9C 2G6,CA
4600,Lowell,MA,73356,US
4601,Fairview,MN,90297,US
4602,Jacksonville,FL,71103,US
4603,Raleigh,NC,81864,US
4604,Scottsdale,AZ,92194,US
4605,Scottsdale,AZ,92194,US
4606,Madison,MN,15085,US
4607,Quebec City,QC,P7S 3X3,CA
4608,Chester,MD,63445,US
4609,Chester,MD,63445,US
4610,Buffalo,NY,80865,US
4611,Warren,MI,76121,US
4612,Warren,MI,34697,US
4613,Warren,MI,76121,US
4614,Lowell,MA,76544,US
4615,Dallas,TX,80154,US
4616,Austin,TX,43284,US
4617,Fairview,IA,28507,US
4618,Madison,NB,M8J 7K9,CA
4619,Macon,GA,52037,US
4620,Macon,GA,52037,US
4621,San Antonio,TX,28496,US
4622,San Antonio,TX,28496,US
4623,San Antonio,TX,28496,US
4624,Franklin,WI,60233,US
4625,Franklin,WI,60233,US
4626,Calgary,AB,G4T 8X5,CA
4627,Calgary,AB,G4T 8X5,CA
4628,Fairview,NH,93046,US
4629,Springfield,HI,43045,US
4630,Springfield,HI,18593,US
4631,Chester,KY,72967,US
4632,Chester,KY,72967,US
4633,Chester,KY,72967,US
4634,Clinton,RI,75139,US
4635,Clinton,RI,75139,US
4636,Clinton,ID,71631,US
4637,Clinton,ID,71631,US
4638,Franklin,UT,61957,US
4639,Georgetown,MD,89681,US
4640,Franklin,MD,44603,US
4641,Georgetown,MD,22930,US
4642,Chester,VA,33861,US
4643,Chester,VA,33861,US
4644,Georgetown,KS,67550,US
4645,Madison,NU,K2A 7K9,CA
4646,Georgetown,ND,20799,US
4647,Franklin,AL,23641,US
4648,Riverside,YT,E1R 6R6,CA
4649,Springfield,YT,B6H 7A4,CA
4650,Fairview,VA,12866,US
4651,Fairview,VA,12866,US
4652,Bristol,NB,X5K 6M8,CA
4653,Quebec City,QC,K4T 5B1,CA
4654,Vancouver,BC,M4T 5Y1,CA
4655,Miami,FL,25481,US
4656,Tampa,FL,45730,US
4657,Miami,FL,25481,US
4658,Georgetown,MO,54648,US
4659,Clinton,NJ,65871,US
4660,Georgetown,NJ,50745,US
4661,Riverside,UT,19679,US
4662,Bristol,UT,70222,US
4663,Fairview,NS,S8J 9P2,CA
4664,Fairview,NS,S8J 9P2,CA
4665,Franklin,HI,24272,US
4666,Franklin,HI,24272,US
4667,Bristol,OK,58459,US
4668,Madison,OK,64782,US
4669,Bristol,OK,58459,US
4670,Springfield,AR,76716,US
4671,Georgetown,MN,19699,US
4672,Madison,MN,84629,US
4673,Madison,MN,84629,US
4674,Georgetown,NM,80276,US
4675,Colorado Springs,CO,49349,US
4676,Madison,NS,A8N 6V1,CA
4677,Madison,NS,A8N 6V1,CA
4678,Clinton,CT,45449,US
4679,Riverside,IA,37597,US
4680,Aurora,IL,21647,US
4681,Aurora,IL,21647,US
4682,Sacramento,CA,31788,US
4683,Franklin,NE,27736,US
4684,Edmonton,AB,K4N 1V5,CA
4685,Reading,PA,65194,US
4686,Riverside,AL,72805,US
4687,Clinton,NU,L5T 3J2,CA
4688,Clinton,AK,22447,US
4689,Madison,WY,89148,US
4690,Chester,WY,31883,US
4691,Fairview,WY,48585,US
4692,Chester,NJ,46656,US
4693,Fairview,LA,75145,US
4694,Fairview,LA,75145,US
4695,Georgetown,LA,75709,US
4696,Chester,MS,66045,US
4697,Chester,DE,54232,US
4698,Reno,NV,52651,US
4699,Reno,NV,52651,US
4700,Lowell,MA,80758,US
4701,Salem,VT,34972,US
4702,Salem,VT,34972,US
4703,Riverside,VT,47546,US
4704,Riverside,VT,47546,US
4705,Franklin,CT,66866,US
4706,Bristol,AR,39195,US
4707,Columbus,OH,83933,US
4708,Springfield,KS,91308,US
4709,Springfield,KS,91308,US
4710,Salem,KS,44727,US
4711,Georgetown,VT,38604,US
4712,Seattle,WA,53926,US
4713,Franklin,AL,39951,US
4714,Bristol,TN,30530,US
4715,Bristol,TN,30530,US
4716,Fairview,HI,56063,US
4717,Chester,HI,90152,US
4718,Edmonton,AB,R6J 5A2,CA
4719,Salem,VA,76914,US
4720,Salem,VA,76914,US
4721,Georgetown,VA,71531,US
4722,Salem,IN,41816,US
4723,Lethbridge,AB,B2A 7L9,CA
4724,Fairview,ME,84851,US
4725,Fairview,ME,84851,US
4726,Fairview,ME,84851,US
4727,Georgetown,MT,83656,US
4728,Riverside,MD,35911,US
4729,Springfield,SK,J5L 1B1,CA
4730,Springfield,WV,44970,US
4731,Fairview,RI,75385,US
4732,Georgetown,RI,44334,US
4733,Atlanta,GA,58982,US
4734,Sterling Heights,MI,45353,US
4735,Buffalo,NY,76530,US
4736,Savannah,GA,29165,US
4737,Fairview,WY,77313,US
4738,Madison,NS,Y9X 4J2,CA
4739,Henderson,NV,61621,US
4740,Henderson,NV,61621,US
4741,Madison,OK,91607,US
4742,Springfield,NB,A9R 8S8,CA
4743,Salem,NB,T9S 9C2,CA
4744,Franklin,OR,29202,US
4745,Fairview,OR,91330,US
4746,Fairview,LA,36383,US
4747,Salem,WY,91936,US
4748,Salem,WY,91936,US
4749,Clinton,CT,94406,US
4750,Columbus,OH,28624,US
4751,Columbus,OH,28624,US
4752,Madison,IN,49054,US
4753,Madison,IN,49054,US
4754,Clinton,NM,56847,US
4755,Bristol,NU,E8G 5H8,CA
4756,Fairview,WV,63548,US
4757,Riverside,NM,15851,US
4758,Riverside,NM,15851,US
4759,Madison,NU,N9G 8L2,CA
4760,Macon,GA,42134,US
4761,Macon,GA,42134,US
4762,Athens,GA,45687,US
4763,San Diego,CA,33959,US
4764,San Diego,CA,33959,US
4765,San Diego,CA,33959,US
4766,Franklin,NS,P4M 7V3,CA
4767,Franklin,NS,P4M 7V3,CA
4768,Clinton,MO,25147,US
4769,Clinton,MO,25147,US
4770,San Diego,CA,70749,US
4771,Charlotte,NC,33830,US
4772,Charlotte,NC,33830,US
4773,Charlotte,NC,33830,US
4774,Greensboro,NC,84016,US
4775,Charlotte,NC,41407,US
4776,Georgetown,MT,93214,US
4777,Georgetown,MT,93214,US
4778,Georgetown,MT,93214,US
4779,Georgetown,LA,31065,US
4780,Georgetown,LA,31065,US
4781,Chester,NE,71493,US
4782,London,ON,H6P 9T9,CA
4783,London,ON,H6P 9T9,CA
4784,London,ON,H6P 9T9,CA
4785,Georgetown,YT,B3M 5S9,CA
4786,Chester,YT,S7Y 4P2,CA
4787,San Antonio,TX,61261,US
4788,Fairview,WI,84969,US
4789,Fairview,NU,K3V 4X9,CA
4790,Riverside,AR,31129,US
4791,Riverside,AR,31129,US
4792,Springfield,NJ,99309,US
4793,Madison,CT,94492,US
4794,Springfield,WI,97481,US
4795,Springfield,WI,97481,US
4796,Georgetown,SD,35536,US
4797,Fairview,SD,77831,US
4798,Georgetown,SD,35536,US
4799,Riverside,TN,11448,US
4800,Clinton,NS,A1P 6R7,CA
4801,Bristol,SD,95080,US
4802,Joliet,IL,57120,US
4803,Salem,SC,25734,US
4804,Georgetown,SC,95406,US
4805,Madison,OK,29826,US
4806,Madison,OK,29826,US
4807,Aurora,IL,88965,US
4808,Franklin,NL,S7T 7C7,CA
4809,Lowell,MA,38473,US
4810,Greensboro,NC,53799,US
4811,Greensboro,NC,53799,US
4812,Bristol,YT,Y9E 3V6,CA
4813,Boston,MA,26983,US
4814,Fairview,MO,79768,US
4815,Fairview,RI,55482,US
4816,Fairview,RI,55482,US
4817,Fairview,RI,55482,US
4818,Riverside,KS,24927,US
4819,Riverside,RI,54579,US
4820,Riverside,RI,54579,US
4821,Bristol,MT,55702,US
4822,Springfield,HI,21242,US
4823,Franklin,SD,31687,US
4824,Franklin,SD,31687,US
4825,Franklin,SD,31687,US
4826,Springfield,MB,H3N 3M3,CA
4827,Georgetown,IA,73066,US
4828,Naperville,IL,92348,US
4829,Fairview,SD,72851,US
4830,Fairview,SD,72851,US
4831,Quebec City,QC,P8P 4K5,CA
4832,Savannah,GA,94169,US
4833,Atlanta,GA,58890,US
4834,Chester,ID,88198,US
4835,Chester,ID,88198,US
4836,North Las Vegas,NV,87019,US
4837,North Las Vegas,NV,87019,US
4838,Clinton,AK,74701,US
4839,Clinton,AK,74701,US
4840,Allentown,PA,41720,US
4841,Allentown,PA,41720,US
4842,Orlando,FL,26193,US
4843,Orlando,FL,88217,US
4844,Salem,VA,57465,US
4845,Georgetown,MS,91807,US
4846,Georgetown,MS,91807,US
4847,Colorado Springs,CO,78338,US
4848,Colorado Springs,CO,78338,US
4849,Denver,CO,13042,US
4850,Chester,RI,86631,US
4851,Chester,RI,96700,US
4852,Madison,HI,74588,US
4853,Salem,HI,68469,US
4854,Madison,HI,74588,US
4855,Madison,WI,53633,US
4856,Madison,WI,53633,US
4857,Riverside,NJ,50760,US
4858,Springfield,NM,77939,US
4859,Fairview,MB,H2S 4P7,CA
4860,Franklin,NU,N7A 6E9,CA
4861,Boston,MA,42245,US
4862,Boston,MA,42245,US
4863,Georgetown,MS,54598,US
4864,Georgetown,MS,54598,US
4865,Georgetown,AK,57885,US
4866,Springfield,NJ,65846,US
4867,Fairview,AR,93642,US
4868,Chester,WY,71354,US
4869,Madison,MO,72106,US
4870,Chester,YT,E4L 6B1,CA
4871,Chester,YT,E4L 6B1,CA
4872,Franklin,YT,C3V 2E8,CA
4873,Montreal,QC,R6L 1H3,CA
4874,Montreal,QC,R6L 1H3,CA
4875,Georgetown,WI,44492,US
4876,Chester,IA,10426,US
4877,Bristol,OR,55404,US
4878,Georgetown,OR,43979,US
4879,Spokane,WA,49553,US
4880,Springfield,NE,10528,US
4881,Chester,NS,Y4T 7J6,CA
4882,Montreal,QC,N6N 6J7,CA
4883,Montreal,QC,Y3H 3V3,CA
4884,Montreal,QC,M5P 8K4,CA
4885,Raleigh,NC,87432,US
4886,Raleigh,NC,87432,US
4887,Bellevue,WA,26983,US
4888,Bellevue,WA,99883,US
4889,Franklin,HI,23514,US
4890,Fairview,RI,14574,US
4891,Fairview,RI,14574,US
4892,Madison,IA,88819,US
4893,Madison,IA,88819,US
4894,Madison,IA,88819,US
4895,Salem,WI,85280,US
4896,Buffalo,NY,27936,US
4897,Charlotte,NC,81777,US
4898,Greensboro,NC,34511,US
4899,Chester,VT,23946,US
4900,Chester,WV,61569,US
4901,Salem,WV,78718,US
4902,Fairview,WI,61995,US
4903,Madison,WY,58497,US
4904,Las Vegas,NV,74076,US
4905,Las Vegas,NV,74076,US
4906,Fairview,NH,76148,US
4907,Fairview,NH,76148,US
4908,Springfield,MA,91372,US
4909,Franklin,YT,R3V 4A1,CA
4910,Franklin,YT,R3V 4A1,CA
4911,Chester,VA,84026,US
4912,Chester,VA,84026,US
4913,Chester,VA,84026,US
4914,Franklin,OK,40894,US
4915,Franklin,NM,81951,US
4916,Medicine Hat,AB,C7K 2G5,CA
4917,Lethbridge,AB,T5J 3X1,CA
4918,Salem,YT,C8Y 7S3,CA
4919,Salem,YT,C8Y 7S3,CA
4920,Salem,YT,C8Y 7S3,CA
4921,Riverside,TN,15806,US
4922,Fairview,MN,98743,US
4923,Chester,ND,59744,US
4924,Chester,ND,59744,US
4925,Bristol,VA,38558,US
4926,Madison,SD,55345,US
4927,Bristol,SD,18891,US
4928,Burnaby,BC,S6T 6M9,CA
4929,Bristol,AK,51907,US
4930,Madison,AK,77271,US
4931,Mississauga,ON,M9R 9C1,CA
4932,Madison,CT,30470,US
4933,Orlando,FL,25024,US
4934,Orlando,FL,25024,US
4935,Bristol,NJ,70308,US
4936,Bristol,NJ,70308,US
4937,Georgetown,LA,95453,US
4938,Fairview,VA,96116,US
4939,Sacramento,CA,12667,US
4940,Sacramento,CA,12667,US
4941,Sacramento,CA,12667,US
4942,Austin,TX,77401,US
4943,Houston,TX,72855,US
4944,Riverside,ID,91629,US
4945,Riverside,ID,91629,US
4946,Riverside,KY,91491,US
4947,Georgetown,OK,43151,US
4948,Chester,AR,83531,US
4949,Chester,AR,83531,US
4950,Aurora,CO,81863,US
4951,Cleveland,OH,18392,US
4952,Cleveland,OH,18392,US
4953,Naperville,IL,22267,US
4954,Naperville,IL,22267,US
4955,Naperville,IL,22267,US
4956,Riverside,YT,H4J 8A9,CA
4957,Georgetown,YT,P7H 2P0,CA
4958,Georgetown,YT,T5X 1E0,CA
4959,Bristol,SC,24683,US
4960,Chester,SC,49233,US
4961,Los Angeles,CA,68202,US
4962,Vancouver,WA,96315,US
4963,Vancouver,WA,79484,US
4964,Vancouver,WA,96315,US
4965,Cambridge,MA,77962,US
4966,Springfield,SD,75761,US
4967,Springfield,SD,75761,US
4968,Bristol,ID,27711,US
4969,Spokane,WA,15089,US
4970,Clinton,WY,86290,US
4971,Franklin,NH,31836,US
4972,Madison,IA,89323,US
4973,New York,NY,74191,US
4974,Georgetown,MB,L5P 1J5,CA
4975,Georgetown,MB,L5P 1J5,CA
4976,Madison,WI,60238,US
4977,Clinton,AR,76336,US
4978,Salem,AR,25974,US
4979,Bristol,TN,33974,US
4980,Bristol,TN,33974,US
4981,Riverside,TN,70634,US
4982,Fairview,CT,62916,US
4983,Fairview,CT,62916,US
4984,Riverside,NU,J5C 8R0,CA
4985,Springfield,NJ,30804,US
4986,Clinton,NS,X6Y 4B9,CA
4987,Fairview,NS,G4H 1J2,CA
4988,Salem,NH,88767,US
4989,San Antonio,TX,66587,US
4990,Salem,ME,67020,US
4991,Salem,ME,67020,US
4992,Springfield,SC,76114,US
4993,Riverside,UT,45095,US
4994,Georgetown,MO,17074,US
4995,Salem,NJ,16278,US
4996,Salem,NJ,16278,US
4997,Springfield,CT,62809,US
4998,Springfield,CT,62809,US
4999,Madison,NJ,45672,US
5000,Franklin,IA,18116,US
5001,Warren,MI,86417,US
5002,Warren,MI,86417,US
5003,Warren,MI,86417,US
5004,Clinton,MS,97325,US
5005,Clinton,MS,97325,US
5006,Chester,NE,23647,US
5007,Riverside,ID,37919,US
5008,Riverside,ID,37919,US
5009,Salem,ID,36734,US
5010,Chester,NH,30400,US
5011,Fairview,NH,72538,US
5012,Chester,NH,30400,US
5013,Bristol,DE,18414,US
5014,Springfield,DE,55049,US
5015,Bristol,MD,23885,US
5016,Riverside,AK,98540,US
5017,Riverside,AK,98540,US
5018,Georgetown,CT,41134,US
5019,Georgetown,CT,41134,US
5020,Franklin,AR,29588,US
5021,Franklin,AR,29588,US
5022,Franklin,AR,29588,US
5023,Georgetown,ND,37162,US
5024,Georgetown,ND,37162,US
5025,Georgetown,ND,37162,US
5026,Fairview,KS,59890,US
5027,Salem,KS,45530,US
5028,Akron,OH,22141,US
5029,Chester,ND,65718,US
5030,Los Angeles,CA,47937,US
5031,Colorado Springs,CO,72715,US
5032,Denver,CO,38475,US
5033,Clinton,NJ,52648,US
5034,Bristol,SK,J9V 3G3,CA
5035,Bristol,SK,J9V 3G3,CA
5036,San Francisco,CA,31482,US
5037,Salem,KY,14400,US
5038,Fairview,NE,63863,US
5039,Clinton,NE,88521,US
5040,Fairview,ND,19001,US
5041,Fairview,ND,19001,US
5042,Sacramento,CA,37486,US
5043,Sacramento,CA,37486,US
5044,Georgetown,OK,17194,US
5045,Springfield,OK,23703,US
5046,Chester,OK,88024,US
5047,Tucson,AZ,73457,US
5048,Madison,NU,M7S 5K5,CA
5049,Franklin,NU,L5J 6H5,CA
5050,Salem,NU,C3T 5T4,CA
5051,Fairview,MT,12852,US
5052,Fairview,MT,12852,US
5053,Fairview,MT,12852,US
5054,Bristol,PE,Y8P 6P1,CA
5055,Bristol,PE,Y8P 6P1,CA
5056,Edmonton,AB,E8S 2B2,CA
5057,Edmonton,AB,E8S 2B2,CA
5058,Vancouver,BC,P5X 4C2,CA
5059,Clinton,LA,90899,US
5060,Clinton,LA,90899,US
5061,Clinton,LA,90899,US
5062,Franklin,UT,38194,US
5063,Franklin,UT,38194,US
5064,Franklin,UT,38194,US
5065,Tacoma,WA,46906,US
5066,Seattle,WA,13734,US
5067,Tacoma,WA,46906,US
5068,Fairview,ID,85084,US
5069,Madison,UT,22953,US
5070,Salem,ME,27736,US
5071,Fairview,NM,76233,US
5072,Salem,NM,94894,US
5073,Franklin,WY,47843,US
5074,Franklin,SD,81308,US
5075,Franklin,SD,81308,US
5076,Franklin,SD,81308,US
5077,Atlanta,GA,83504,US
5078,Clinton,IN,76666,US
5079,Clinton,MB,H2V 7P7,CA
5080,Bristol,OK,94135,US
5081,Bristol,OK,94135,US
5082,Fairview,ID,79785,US
5083,Fairview,ID,79785,US
5084,Springfield,KY,60282,US
5085,Springfield,KY,60282,US
5086,Chester,NE,50222,US
5087,Chester,NE,50222,US
5088,Bristol,OR,24963,US
5089,Salem,IN,12304,US
5090,Salem,IN,12304,US
5091,Riverside,AL,47203,US
5092,Salem,AR,14676,US
5093,Salem,AR,14676,US
5094,Durham,NC,73176,US
5095,Georgetown,DE,51062,US
5096,Georgetown,DE,51062,US
5097,Salem,MO,42054,US
5098,Salem,MO,42054,US
5099,Fairview,TN,15092,US
5100,Chester,NM,95448,US
5101,Chester,NM,95448,US
5102,Chester,NM,95448,US
5103,Atlanta,GA,83793,US
5104,Clinton,MD,88141,US
5105,Springfield,MD,35175,US
5106,Clinton,MD,88141,US
5107,Riverside,NE,49690,US
5108,Riverside,NE,49690,US
5109,Salem,HI,56639,US
5110,Georgetown,HI,52170,US
5111,Salem,HI,56639,US
5112,Springfield,MA,81179,US
5113,Fairview,AK,25611,US
5114,Fairview,AK,25611,US
5115,Springfield,AK,90715,US
5116,Georgetown,ND,27322,US
5117,Georgetown,ND,27322,US
5118,Salem,NS,T3M 5K1,CA
5119,Richmond,BC,B3E 6J4,CA
5120,Georgetown,VA,87362,US
5121,Riverside,NE,58525,US
5122,Reno,NV,36631,US
5123,Springfield,OK,14075,US
5124,Clinton,NH,78399,US
5125,Mississauga,ON,X8K 9H8,CA
5126,Mississauga,ON,X8K 9H8,CA
5127,Mississauga,ON,X8K 9H8,CA
5128,Clinton,NL,B8V 4X9,CA
5129,Surrey,BC,G3K 6R7,CA
5130,Franklin,DE,50032,US
5131,Georgetown,DE,24544,US
5132,Franklin,DE,50032,US
5133,Riverside,PE,S1R 3G4,CA
5134,Bristol,CT,26300,US
5135,Bristol,CT,26300,US
5136,Chester,MN,45733,US
5137,Bristol,MT,13343,US
5138,Bristol,MT,13343,US
5139,Tampa,FL,40747,US
5140,Naperville,IL,52841,US
5141,Naperville,IL,52841,US
5142,Naperville,IL,52841,US
5143,Clinton,HI,90844,US
5144,Clinton,RI,74685,US
5145,Franklin,RI,14418,US
5146,Springfield,KS,70320,US
5147,Grand Rapids,MI,33179,US
5148,Springfield,OK,48722,US
5149,Springfield,OK,48722,US
5150,Springfield,KS,38139,US
5151,Springfield,KS,38139,US
5152,Springfield,KS,38139,US
5153,Georgetown,OK,67561,US
5154,Bristol,PE,B2H 8G7,CA
5155,Bristol,PE,B2H 8G7,CA
5156,Bristol,NJ,64156,US
5157,Bristol,NJ,64156,US
5158,Fairview,UT,94566,US
5159,Springfield,UT,44720,US
5160,Chester,TN,97191,US
5161,Chester,TN,97191,US
5162,Chester,TN,97191,US
5163,Madison,MO,45583,US
5164,Madison,MO,45583,US
5165,Springfield,MN,63558,US
5166,Warren,MI,67792,US
5167,Georgetown,OR,45147,US
5168,Pittsburgh,PA,83152,US
5169,Madison,ME,39180,US
5170,Fairview,NJ,41056,US
5171,Bristol,NB,B5G 2K9,CA
5172,Bristol,NB,B5G 2K9,CA
5173,Fairview,MD,70844,US
5174,Scottsdale,AZ,33149,US
5175,Tucson,AZ,14542,US
5176,Scottsdale,AZ,33149,US
5177,Salem,NL,S7E 5R7,CA
5178,Franklin,MN,52148,US
5179,Franklin,MN,52148,US
5180,Durham,NC,17059,US
5181,Chester,VA,83934,US
5182,Springfield,SC,45712,US
5183,Madison,CT,94241,US
5184,Riverside,CT,49918,US
5185,Springfield,SK,Y7A 4K1,CA
5186,Springfield,SK,Y7A 4K1,CA
5187,Madison,MS,99952,US
5188,Franklin,NM,64647,US
5189,Clinton,ND,71391,US
5190,Riverside,MO,75055,US
5191,Riverside,MO,75055,US
5192,Riverside,OK,37757,US
5193,Medicine Hat,AB,X6C 5T2,CA
5194,Medicine Hat,AB,X6C 5T2,CA
5195,Clinton,HI,73327,US
5196,Clinton,MS,94692,US
5197,Fairview,SC,98837,US
5198,Bristol,KS,96097,US
5199,Bristol,KS,96097,US
5200,Salem,OK,82038,US
5201,Salem,OK,29673,US
5202,Chandler,AZ,46196,US
5203,Chandler,AZ,43381,US
5204,Salem,SC,15821,US
5205,Salem,SC,15821,US
5206,Clinton,SC,58425,US
5207,Salem,DE,77060,US
5208,Salem,DE,77060,US
5209,Salem,DE,77060,US
5210,Madison,WY,39165,US
5211,Madison,WY,39165,US
5212,Madison,WY,39165,US
5213,Durham,NC,11476,US
5214,Buffalo,NY,74216,US
5215,Bristol,NS,R1A 8N0,CA
5216,Riverside,WY,78142,US
5217,Riverside,WY,78142,US
5218,Fairview,NS,R2G 9T5,CA
5219,Fairview,NS,R2G 9T5,CA
5220,Clinton,MO,18049,US
5221,Philadelphia,PA,91661,US
5222,Philadelphia,PA,91661,US
5223,Riverside,PE,L4S 3L1,CA
5224,Toledo,OH,95736,US
5225,Toledo,OH,95736,US
5226,Henderson,NV,83312,US
5227,Henderson,NV,83312,US
5228,Chester,PE,N2N 9P6,CA
5229,Chester,KY,99255,US
5230,Chester,AR,78238,US
5231,Chester,AR,78238,US
5232,Bellevue,WA,82764,US
5233,Vancouver,WA,37094,US
5234,Joliet,IL,68189,US
5235,Joliet,IL,68189,US
5236,Joliet,IL,68189,US
5237,Mesa,AZ,20979,US
5238,Riverside,RI,55660,US
5239,Georgetown,NH,61041,US
5240,Riverside,NH,58058,US
5241,Springfield,AL,34385,US
5242,Fairview,NB,T7X 2R2,CA
5243,Bristol,VT,60412,US
5244,Bristol,VT,60412,US
5245,Bristol,VT,60412,US
5246,Riverside,ND,35879,US
5247,Tucson,AZ,53158,US
5248,Tucson,AZ,53158,US
5249,Naperville,IL,91850,US
5250,Naperville,IL,91850,US
5251,Bristol,TN,84745,US
5252,Franklin,CT,10469,US
5253,Bristol,WV,18671,US
5254,Bristol,WV,18671,US
5255,Chester,AK,21158,US
5256,Fairview,HI,59181,US
5257,Columbus,OH,70235,US
5258,Cleveland,OH,17583,US
5259,Bristol,IA,56923,US
5260,Springfield,IA,45999,US
5261,Franklin,ID,41842,US
5262,Franklin,ID,41842,US
5263,Colorado Springs,CO,32823,US
5264,Colorado Springs,CO,32823,US
5265,Syracuse,NY,53899,US
5266,Georgetown,KY,76604,US
5267,Georgetown,KY,76604,US
5268,Springfield,WI,15023,US
5269,Philadelphia,PA,75162,US
5270,Philadelphia,PA,75162,US
5271,Philadelphia,PA,75162,US
5272,Bellevue,WA,38564,US
5273,Boulder,CO,38200,US
5274,Fort Worth,TX,15337,US
5275,Riverside,NB,P5G 6S1,CA
5276,Bristol,HI,40183,US
5277,Longueuil,QC,B6S 2N1,CA
5278,Longueuil,QC,B6S 2N1,CA
5279,Riverside,MD,83023,US
5280,Salem,AK,15641,US
5281,Madison,VT,40496,US
5282,Madison,VT,40496,US
5283,Los Angeles,CA,80158,US
5284,Los Angeles,CA,80158,US
5285,Clinton,KY,72824,US
5286,Edmonton,AB,C9S 2X2,CA
5287,Georgetown,HI,86645,US
5288,Toledo,OH,51033,US
5289,Georgetown,HI,14660,US
5290,Springfield,KY,96653,US
5291,Madison,WY,76210,US
5292,Chester,MS,63906,US
5293,Chester,MS,63906,US
5294,Georgetown,CT,93194,US
5295,Georgetown,CT,93194,US
5296,Riverside,MO,81035,US
5297,Riverside,MO,81035,US
5298,Montreal,QC,S9L 8E4,CA
5299,Montreal,QC,S9L 8E4,CA
5300,Riverside,NJ,87838,US
5301,Madison,YT,J8V 6A9,CA
5302,Madison,YT,J8V 6A9,CA
5303,Seattle,WA,27108,US
5304,Franklin,ND,48502,US
5305,Franklin,ND,48502,US
5306,Franklin,ND,48502,US
5307,Sparks,NV,66847,US
5308,Springfield,TN,46731,US
5309,Georgetown,TN,49762,US
5310,Clinton,WI,44692,US
5311,Clinton,WV,89393,US
5312,Chester,NU,G4V 5C1,CA
5313,Chester,NU,G4V 5C1,CA
5314,Ottawa,ON,H2N 3T0,CA
5315,Ottawa,ON,H2N 3T0,CA
5316,Tampa,FL,18556,US
5317,Tampa,FL,18556,US
5318,Vancouver,WA,80015,US
5319,Bellevue,WA,90816,US
5320,Springfield,MS,14271,US
5321,Bristol,MS,86740,US
5322,Red Deer,AB,P3X 6J5,CA
5323,Greensboro,NC,69811,US
5324,Greensboro,NC,69811,US
5325,Bristol,SC,45404,US
5326,Clinton,SC,24518,US
5327,Riverside,MB,N9E 5R3,CA
5328,Riverside,MB,N9E 5R3,CA
5329,Bristol,OK,80066,US
5330,North Las Vegas,NV,17391,US
5331,North Las Vegas,NV,17391,US
5332,Reno,NV,76556,US
5333,Riverside,ND,44653,US
5334,Bristol,ND,57027,US
5335,Riverside,ND,44653,US
5336,Madison,OK,28945,US
5337,Salem,OR,41608,US
5338,Salem,OR,41608,US
5339,Chicago,IL,25663,US
5340,Clinton,OR,75947,US
5341,Fairview,WY,23086,US
5342,Fairview,KY,12509,US
5343,Fairview,KY,12509,US
5344,Springfield,WV,81019,US
5345,Franklin,KS,91979,US
5346,Georgetown,MO,23238,US
5347,Georgetown,MO,23238,US
5348,Clinton,WI,53371,US
5349,Georgetown,WI,10440,US
5350,Clinton,WI,53371,US
5351,Riverside,SD,25801,US
5352,Georgetown,HI,88948,US
5353,Madison,VT,18810,US
5354,Riverside,DE,13652,US
5355,Clinton,DE,59747,US
5356,Riverside,LA,61502,US
5357,Mississauga,ON,J5C 6H4,CA
5358,Madison,LA,50124,US
5359,Madison,LA,50124,US
5360,Riverside,LA,63116,US
5361,Fairview,SD,71002,US
5362,Clinton,NE,20451,US
5363,Georgetown,NE,49269,US
5364,Augusta,GA,46533,US
5365,Bristol,TN,84918,US
5366,Riverside,AL,60841,US
5367,Riverside,AL,60841,US
5368,Vancouver,WA,85378,US
5369,Vancouver,WA,85378,US
5370,Georgetown,WI,70590,US
5371,Salem,WI,96067,US
5372,Tucson,AZ,58859,US
5373,Georgetown,VT,16317,US
5374,Charlotte,NC,55985,US
5375,Clinton,CT,73567,US
5376,Salem,CT,62792,US
5377,Fairview,CT,78490,US
5378,Sacramento,CA,68297,US
5379,Bristol,WY,95487,US
5380,Riverside,WY,58320,US
5381,Bristol,WY,95487,US
5382,Georgetown,HI,66016,US
5383,Georgetown,HI,66016,US
5384,Georgetown,HI,66016,US
5385,Fort Collins,CO,37231,US
5386,Fort Collins,CO,37231,US
5387,Springfield,SK,X4K 1H5,CA
5388,Athens,GA,38442,US
5389,Madison,VT,63214,US
5390,Chester,VT,85497,US
5391,Madison,VT,63214,US
5392,Columbus,OH,99322,US
5393,Cincinnati,OH,63244,US
5394,Riverside,MT,13454,US
5395,Bristol,MT,38782,US
5396,Chandler,AZ,81619,US
5397,Georgetown,NB,N9S 5R5,CA
5398,Franklin,ME,84164,US
5399,Franklin,ME,84164,US
5400,Franklin,AL,79016,US
5401,Franklin,AL,79016,US
5402,Madison,WV,79496,US
5403,Madison,WV,17086,US
5404,Madison,WV,79496,US
5405,Joliet,IL,70485,US
5406,Joliet,IL,70485,US
5407,Sterling Heights,MI,66633,US
5408,Detroit,MI,44752,US
5409,Franklin,AL,95681,US
5410,Clinton,IN,16374,US
5411,Chester,DE,72284,US
5412,Fairview,WV,49505,US
5413,Fairview,WV,49505,US
5414,Bristol,WY,83739,US
5415,Clinton,WY,87143,US
5416,Scottsdale,AZ,11064,US
5417,Scottsdale,AZ,11064,US
5418,Madison,MN,23126,US
5419,Madison,MN,23126,US
5420,Riverside,ME,80010,US
5421,Clinton,ME,15072,US
5422,Riverside,ME,80010,US
5423,Riverside,YT,B1M 9T8,CA
5424,Fort Lauderdale,FL,71019,US
5425,Springfield,SK,G7V 1Y1,CA
5426,Springfield,SK,G7V 1Y1,CA
5427,Springfield,ID,40016,US
5428,Chester,ID,51286,US
5429,Springfield,SD,52448,US
5430,Madison,SC,21600,US
5431,Springfield,SC,36713,US
5432,Reading,PA,33172,US
5433,Franklin,ME,11938,US
5434,Savannah,GA,24560,US
5435,Madison,AK,78596,US
5436,Madison,AK,78596,US
5437,Chester,AK,83276,US
5438,Georgetown,WI,80209,US
5439,Bristol,WI,48784,US
5440,London,ON,B2T 4M9,CA
5441,London,ON,B2T 4M9,CA
5442,Madison,NB,Y9M 1Y4,CA
5443,Salem,KY,82204,US
5444,Salem,KY,82204,US
5445,Rochester,NY,94935,US
5446,Akron,OH,43175,US
5447,Syracuse,NY,11273,US
5448,Riverside,MT,84827,US
5449,Georgetown,AL,43350,US
5450,Georgetown,AL,43350,US
5451,Madison,VT,19856,US
5452,Bristol,MB,K9S 4Y1,CA
5453,Bristol,MB,K9S 4Y1,CA
5454,Georgetown,MB,C5K 2J5,CA
5455,Madison,SD,30474,US
5456,Riverside,MO,13782,US
5457,Franklin,MO,17260,US
5458,Riverside,MO,13782,US
5459,Madison,AL,90167,US
5460,Madison,AL,90167,US
5461,Madison,YT,G2R 3S2,CA
5462,Madison,YT,G2R 3S2,CA
5463,Georgetown,LA,12456,US
5464,Fairview,RI,76688,US
5465,Springfield,RI,63478,US
5466,Clinton,MB,S2P 2M0,CA
5467,Clinton,MB,V2B 7H8,CA
5468,Springfield,MN,11256,US
5469,Springfield,MN,11256,US
5470,Madison,HI,65888,US
5471,Clinton,DE,48093,US
5472,Clinton,DE,48093,US
5473,Madison,VT,71578,US
5474,Madison,VT,71578,US
5475,Salem,VT,88041,US
5476,Las Vegas,NV,65552,US
5477,North Las Vegas,NV,24672,US
5478,Las Vegas,NV,65552,US
5479,Rockford,IL,18061,US
5480,Rockford,IL,18061,US
5481,Salem,IN,47746,US
5482,North Las Vegas,NV,19899,US
5483,Riverside,ND,63889,US
5484,Riverside,ND,63889,US
5485,Franklin,NE,27675,US
5486,Franklin,NE,27675,US
5487,Reno,NV,33861,US
5488,Riverside,CT,34756,US
5489,Riverside,CT,34756,US
5490,Fairview,OR,81170,US
5491,Fairview,OR,81170,US
5492,Madison,IA,57530,US
5493,Madison,IA,36797,US
5494,Chester,DE,41324,US
5495,Franklin,DE,37098,US
5496,Chester,DE,41324,US
5497,Clinton,ID,98708,US
5498,Tucson,AZ,19433,US
5499,Tacoma,WA,27555,US
5500,Georgetown,ND,23491,US
5501,Fairview,ND,52013,US
5502,Erie,PA,94929,US
5503,Georgetown,KS,50372,US
5504,Georgetown,KS,50372,US
5505,Georgetown,KS,50372,US
5506,Riverside,AR,61229,US
5507,Fairview,WV,84358,US
5508,Georgetown,WV,91346,US
5509,Fairview,WV,84358,US
5510,Calgary,AB,C3X 1X2,CA
5511,Calgary,AB,C3X 1X2,CA
5512,Chester,ND,74641,US
5513,Chester,ND,61745,US
5514,Springfield,PE,J8B 2E5,CA
5515,Allentown,PA,54906,US
5516,Clinton,WY,32820,US
5517,Clinton,WY,32820,US
5518,Riverside,WY,65503,US
5519,Georgetown,LA,84243,US
5520,Hamilton,ON,C6A 2N3,CA
5521,Raleigh,NC,32099,US
5522,North Las Vegas,NV,77147,US
5523,Las Vegas,NV,17852,US
5524,Franklin,IA,33140,US
5525,Franklin,IA,33140,US
5526,Chester,UT,76287,US
5527,Springfield,WY,94734,US
5528,Springfield,WY,94734,US
5529,Clinton,WY,99071,US
5530,Chester,WY,44206,US
5531,Madison,NH,13342,US
5532,Franklin,NH,95895,US
5533,Clinton,MT,51371,US
5534,Los Angeles,CA,32845,US
5535,Clinton,NM,87083,US
5536,Riverside,MS,20217,US
5537,Phoenix,AZ,89965,US
5538,Phoenix,AZ,89965,US
5539,Clinton,HI,29407,US
5540,Clinton,HI,29407,US
5541,Bristol,NU,L8N 9G3,CA
5542,Lowell,MA,12104,US
5543,Lowell,MA,12104,US
5544,Vancouver,WA,83146,US
5545,Vancouver,WA,59031,US
5546,Spokane,WA,97121,US
5547,Madison,YT,M5V 7P6,CA
5548,Madison,YT,M5V 7P6,CA
5549,Franklin,KY,18586,US
5550,Philadelphia,PA,91542,US
5551,Springfield,NH,59490,US
5552,Boulder,CO,96051,US
5553,Georgetown,ND,73967,US
5554,Georgetown,ND,73967,US
5555,Clinton,ND,73276,US
5556,Clinton,DE,74865,US
5557,Clinton,DE,74865,US
5558,Vancouver,BC,J5K 1R0,CA
5559,Madison,KY,82927,US
5560,Chester,UT,12863,US
5561,Chester,UT,12863,US
5562,Salem,YT,B6A 6G2,CA
5563,Salem,YT,B6A 6G2,CA
5564,Riverside,RI,35098,US
5565,Riverside,RI,35098,US
5566,Madison,TN,94346,US
5567,Madison,TN,94346,US
5568,Madison,TN,94346,US
5569,Hamilton,ON,V1P 9A9,CA
5570,Salem,KS,83441,US
5571,Salem,NB,G9A 2E5,CA
5572,Salem,NB,G9A 2E5,CA
5573,Chester,NB,X8K 2S7,CA
5574,Salem,NB,V8X 7J4,CA
5575,Springfield,ME,88784,US
5576,Madison,ME,84022,US
5577,Montreal,QC,M5L 2C4,CA
5578,Montreal,QC,M5L 2C4,CA
5579,Montreal,QC,M5L 2C4,CA
5580,Mississauga,ON,B6M 8H6,CA
5581,Mississauga,ON,T8X 3J0,CA
5582,Salem,AK,46369,US
5583,Bristol,TN,53576,US
5584,Riverside,ND,99850,US
5585,Riverside,ND,99850,US
5586,Riverside,ND,99850,US
5587,Calgary,AB,T8X 6E5,CA
5588,Medicine Hat,AB,Y3X 6L2,CA
5589,Calgary,AB,T8X 6E5,CA
5590,Franklin,WI,71219,US
5591,Georgetown,WY,28678,US
5592,Springfield,SD,55013,US
5593,Springfield,SD,55013,US
5594,Springfield,SD,55013,US
5595,Clinton,NT,P9R 2H6,CA
5596,Fairview,NT,R1P 4P3,CA
5597,Bristol,SC,99481,US
5598,Clinton,SC,95478,US
5599,Franklin,NJ,87932,US
5600,San Diego,CA,48035,US
5601,San Francisco,CA,27787,US
5602,Savannah,GA,43025,US
5603,Chester,NL,M6H 3R6,CA
5604,Madison,UT,26927,US
5605,Madison,NE,35109,US
5606,Chester,NE,65447,US
5607,Madison,NE,35109,US
5608,Bristol,KY,40309,US
5609,Bristol,KY,40309,US
5610,Springfield,UT,48049,US
5611,Springfield,UT,48049,US
5612,Clinton,CT,87764,US
5613,Georgetown,CT,42697,US
5614,Salem,KY,71345,US
5615,Salem,KY,71345,US
5616,Salem,KY,71345,US
5617,Madison,HI,55174,US
5618,Madison,HI,55174,US
5619,Bristol,DE,77825,US
5620,Fairview,MB,R6G 2P5,CA
5621,Fairview,MB,R6G 2P5,CA
5622,Georgetown,OR,11880,US
5623,Chester,OR,61408,US
5624,Georgetown,OR,50849,US
5625,Fairview,MB,H8E 6A2,CA
5626,Fairview,MB,H8E 6A2,CA
5627,Fairview,KS,49628,US
5628,Chester,ID,29068,US
5629,Madison,ID,55278,US
5630,Salem,SC,29056,US
5631,Fairview,HI,16571,US
5632,Sterling Heights,MI,74061,US
5633,Madison,OK,98514,US
5634,Madison,OK,98514,US
5635,Bristol,NH,92198,US
5636,Buffalo,NY,90384,US
5637,Buffalo,NY,90384,US
5638,Buffalo,NY,90384,US
5639,Madison,NH,45916,US
5640,Madison,NH,45916,US
5641,Bristol,SD,30320,US
5642,Aurora,IL,25219,US
5643,Surrey,BC,H2K 8S3,CA
5644,Bristol,KS,20168,US
5645,Bristol,WI,97352,US
5646,Bristol,WI,97352,US
5647,Bristol,WI,97352,US
5648,Chester,SD,89434,US
5649,Salem,SD,87540,US
5650,Bristol,PE,C2T 2N2,CA
5651,Salem,PE,X8T 1E9,CA
5652,Springfield,PE,K1B 6P9,CA
5653,Aurora,CO,47326,US
5654,Clinton,RI,91575,US
5655,Clinton,RI,91575,US
5656,Tacoma,WA,17224,US
5657,Tacoma,WA,17224,US
5658,Tacoma,WA,17224,US
5659,Madison,NM,68549,US
5660,Madison,NM,38034,US
5661,Georgetown,RI,57751,US
5662,Georgetown,RI,57751,US
5663,Quebec City,QC,V6M 4G7,CA
5664,Quebec City,QC,V6M 4G7,CA
5665,Medicine Hat,AB,Y2M 2S9,CA
5666,Medicine Hat,AB,Y2M 2S9,CA
5667,Riverside,AK,71525,US
5668,Fairview,MS,12255,US
5669,Fairview,MS,12255,US
5670,Chester,WV,73241,US
5671,Chester,WV,73241,US
5672,Springfield,MA,18040,US
5673,Lowell,MA,26791,US
5674,Riverside,VA,63510,US
5675,Chester,VA,56118,US
5676,Calgary,AB,V7M 8N8,CA
5677,Springfield,VT,82904,US
5678,Riverside,PE,X3C 6L6,CA
5679,Georgetown,PE,X9N 4V3,CA
5680,Riverside,PE,X3C 6L6,CA
5681,Georgetown,VT,75849,US
5682,Georgetown,VT,75849,US
5683,Phoenix,AZ,39469,US
5684,Hamilton,ON,P3M 8B4,CA
5685,Vancouver,BC,T4B 6C8,CA
5686,Chester,NT,B3P 4H3,CA
5687,Riverside,WV,90281,US
5688,Clinton,WV,89935,US
5689,Riverside,WV,90281,US
5690,Rockford,IL,55973,US
5691,Rockford,IL,55973,US
5692,Salem,OK,45428,US
5693,Salem,OK,45428,US
5694,Fairview,OK,99360,US
5695,Cleveland,OH,29042,US
5696,Cleveland,OH,29042,US
5697,Cleveland,OH,29042,US
5698,Chester,NM,16324,US
5699,Chester,NM,16324,US
5700,Bristol,NM,32046,US
5701,Bristol,NM,32046,US
5702,Fairview,WV,23660,US
5703,Fairview,WV,23660,US
5704,Fairview,WV,23660,US
5705,Clinton,CT,87625,US
5706,Clinton,VA,55037,US
5707,Franklin,MS,79097,US
5708,Franklin,MS,79097,US
5709,Franklin,MS,79097,US
5710,Detroit,MI,42519,US
5711,Clinton,CT,84818,US
5712,Franklin,NH,71176,US
5713,Franklin,NH,71176,US
5714,Salem,NL,V8V 2N9,CA
5715,Tampa,FL,31089,US
5716,Warren,MI,39277,US
5717,Georgetown,VT,47554,US
5718,Georgetown,VT,47554,US
5719,Franklin,NU,X3Y 9T5,CA
5720,Franklin,NU,X3Y 9T5,CA
5721,Fairview,NU,V9V 5M6,CA
5722,Fairview,NU,V9V 5M6,CA
5723,Madison,WY,47428,US
5724,Sparks,NV,91859,US
5725,Sparks,NV,91859,US
5726,Madison,LA,25828,US
5727,Riverside,IA,86387,US
5728,Salem,MT,67037,US
5729,Salem,MT,67037,US
5730,Mesa,AZ,69380,US
5731,Mesa,AZ,69380,US
5732,Winston-Salem,NC,17981,US
5733,Winston-Salem,NC,17981,US
5734,Riverside,AK,87442,US
5735,Hamilton,ON,A9C 2L4,CA
5736,London,ON,C7E 4K9,CA
5737,Madison,CT,14046,US
5738,Madison,NE,97005,US
5739,Madison,NJ,28956,US
5740,Clinton,RI,30481,US
5741,Madison,NM,85731,US
5742,Salem,VA,73758,US
5743,Salem,VA,73758,US
5744,Madison,SK,A5H 2N0,CA
5745,London,ON,J4A 6X7,CA
5746,Bellevue,WA,62313,US
5747,Madison,VA,17853,US
5748,Madison,VA,17853,US
5749,Lowell,MA,23547,US
5750,Lowell,MA,23547,US
5751,Lowell,MA,23547,US
5752,Madison,KS,73336,US
5753,Bristol,KS,68098,US
5754,Springfield,CT,29301,US
5755,Cincinnati,OH,99749,US
5756,Springfield,LA,61258,US
5757,Clinton,ND,38063,US
5758,Bristol,NL,K2L 3M5,CA
5759,Madison,NL,K2P 5L8,CA
5760,Fairview,WY,57727,US
5761,Fairview,WY,57727,US
5762,Madison,WY,58920,US
5763,Augusta,GA,14279,US
5764,Salem,PE,J4B 2R2,CA
5765,Detroit,MI,94623,US
5766,Salem,UT,67826,US
5767,Georgetown,NJ,33368,US
5768,Madison,TN,37726,US
5769,Georgetown,KY,84389,US
5770,Georgetown,KY,84389,US
5771,Georgetown,KY,84389,US
5772,Salem,NE,36546,US
5773,Springfield,TN,47259,US
5774,Chester,TN,17892,US
5775,Springfield,MS,89272,US
5776,Victoria,BC,C5B 1B9,CA
5777,Richmond,BC,G2B 2Y8,CA
5778,Victoria,BC,C5B 1B9,CA
5779,Toledo,OH,28836,US
5780,Riverside,ID,72156,US
5781,Fairview,NH,68545,US
5782,New York,NY,42067,US
5783,New York,NY,42067,US
5784,Georgetown,RI,37498,US
5785,Clinton,NH,78767,US
5786,Colorado Springs,CO,26823,US
5787,Madison,KS,86984,US
5788,Salem,KS,35129,US
5789,Madison,KS,86984,US
5790,Sparks,NV,24859,US
5791,Houston,TX,79228,US
5792,Houston,TX,79228,US
5793,Clinton,MN,30633,US
5794,Austin,TX,49752,US
5795,Austin,TX,49752,US
5796,Franklin,LA,73656,US
5797,Madison,NE,28450,US
5798,Greensboro,NC,55845,US
5799,Durham,NC,21109,US
5800,Springfield,OR,74669,US
5801,San Antonio,TX,54358,US
5802,San Antonio,TX,54358,US
5803,Salem,NT,A4A 8P0,CA
5804,Georgetown,DE,42302,US
5805,Georgetown,DE,84562,US
5806,Chester,IN,60254,US
5807,Bristol,IN,42507,US
5808,Georgetown,UT,16535,US
5809,Clinton,RI,95555,US
5810,Clinton,RI,56924,US
5811,Boulder,CO,47738,US
5812,Boulder,CO,47738,US
5813,Riverside,SD,68437,US
5814,Riverside,SD,68437,US
5815,Georgetown,WI,87040,US
5816,Chester,YT,C3L 3Y0,CA
5817,Chester,YT,C3L 3Y0,CA
5818,Chester,YT,C3L 3Y0,CA
5819,Franklin,NL,X9B 4Y7,CA
5820,Franklin,NL,X9B 4Y7,CA
5821,Fairview,HI,25000,US
5822,Fairview,HI,25000,US
5823,Madison,HI,99204,US
5824,Fairview,WV,65252,US
5825,Rockford,IL,34396,US
5826,Georgetown,KY,38722,US
5827,Chester,SK,C3R 7H1,CA
5828,Clinton,AL,57585,US
5829,Clinton,AL,57585,US
5830,Chicago,IL,93846,US
5831,Naperville,IL,24947,US
5832,Aurora,IL,53659,US
5833,Chester,UT,96566,US
5834,Chester,UT,96566,US
5835,Salem,UT,95426,US
5836,Madison,IA,12946,US
5837,Reno,NV,39253,US
5838,Naperville,IL,67659,US
5839,Naperville,IL,67659,US
5840,Naperville,IL,67659,US
5841,Rockford,IL,27890,US
5842,Salem,MO,24820,US
5843,Salem,MO,24820,US
5844,Salem,MO,24820,US
5845,Clinton,SC,48710,US
5846,Chester,VA,36256,US
5847,Riverside,WY,44290,US
5848,Riverside,WY,44290,US
5849,Riverside,WY,44290,US
5850,Clinton,RI,81759,US
5851,Riverside,MN,77132,US
5852,Springfield,MN,58537,US
5853,Fairview,HI,11143,US
5854,Fairview,HI,11143,US
5855,Fairview,HI,11143,US
5856,Springfield,MB,R8H 6E7,CA
5857,Bristol,LA,33519,US
5858,Springfield,SC,39269,US
5859,Franklin,ND,25362,US
5860,Georgetown,ND,46966,US
5861,New York,NY,39769,US
5862,Atlanta,GA,59149,US
5863,Fort Worth,TX,92301,US
5864,Fort Worth,TX,92301,US
5865,Allentown,PA,86271,US
5866,Erie,PA,99402,US
5867,Madison,AK,50307,US
5868,Springfield,RI,52744,US
5869,Springfield,NB,E2S 1C6,CA
5870,Fairview,UT,44337,US
5871,Clinton,YT,T3S 4A5,CA
5872,Springfield,MN,94996,US
5873,Salem,MS,29869,US
5874,Franklin,LA,55804,US
5875,Victoria,BC,X1A 3A7,CA
5876,Burnaby,BC,J3H 1S2,CA
5877,Victoria,BC,X1A 3A7,CA
5878,Mississauga,ON,T5E 1T1,CA
5879,Mississauga,ON,E5T 6S8,CA
5880,Toronto,ON,S4C 9B5,CA
5881,Reading,PA,53838,US
5882,Allentown,PA,50139,US
5883,Reading,PA,53838,US
5884,Salem,OR,85468,US
5885,Salem,AL,50748,US
5886,Sacramento,CA,23922,US
5887,Chester,LA,25017,US
5888,Chester,LA,79038,US
5889,Springfield,NH,55155,US
5890,Springfield,NH,55155,US
5891,Albany,NY,89008,US
5892,Syracuse,NY,17485,US
5893,Fairview,NE,43655,US
5894,Chester,MN,11744,US
5895,Riverside,MN,52883,US
5896,Springfield,IA,43642,US
5897,Athens,GA,97702,US
5898,Athens,GA,97702,US
5899,Medicine Hat,AB,A2A 1J1,CA
5900,Medicine Hat,AB,A2A 1J1,CA
5901,Salem,SD,55333,US
5902,Fairview,AR,71111,US
5903,Fairview,AR,71111,US
5904,Springfield,KS,94089,US
5905,Springfield,KS,94089,US
5906,Chester,KY,18237,US
5907,Georgetown,IA,82726,US
5908,Georgetown,IA,82726,US
5909,Salem,ID,41965,US
5910,Salem,ID,79297,US
5911,Salem,ID,41965,US
5912,Franklin,RI,90757,US
5913,Riverside,CT,43573,US
5914,Denver,CO,61070,US
5915,Denver,CO,61070,US
5916,Colorado Springs,CO,19559,US
5917,Boulder,CO,36292,US
5918,Clinton,OR,28832,US
5919,Fort Worth,TX,74071,US
5920,Chicago,IL,83474,US
5921,Chicago,IL,83474,US
5922,Naperville,IL,69624,US
5923,Madison,AR,68087,US
5924,Madison,AR,68087,US
5925,Madison,AR,68087,US
5926,Salem,KS,71096,US
5927,Georgetown,VT,54504,US
5928,Franklin,OK,47622,US
5929,Springfield,OK,32207,US
5930,Salem,SD,33810,US
5931,Riverside,NE,94611,US
5932,Riverside,NE,94611,US
5933,Riverside,NE,94611,US
5934,Chester,NL,L2H 8M3,CA
5935,Chester,NL,L2H 8M3,CA
5936,Dallas,TX,26726,US
5937,Salem,NH,21465,US
5938,Franklin,NH,40070,US
5939,Riverside,OR,80080,US
5940,Springfield,SK,V4B 5K0,CA
5941,Springfield,SK,V4B 5K0,CA
5942,Salem,OK,97083,US
5943,Salem,OK,97083,US
5944,Fairview,OK,57154,US
5945,Springfield,SC,89466,US
5946,Franklin,NT,C9Y 2A2,CA
5947,Georgetown,SC,50845,US
5948,Phoenix,AZ,72450,US
5949,Phoenix,AZ,47399,US
5950,Phoenix,AZ,72450,US
5951,Chester,NT,B4P 7E8,CA
5952,Chester,NT,B4P 7E8,CA
5953,Bristol,AR,29208,US
5954,Bristol,AR,29208,US
5955,Georgetown,UT,18586,US
5956,Vancouver,WA,18059,US
5957,Augusta,GA,46987,US
5958,Chester,VA,52073,US
5959,Chester,VA,52073,US
5960,Montreal,QC,C3L 6L3,CA
5961,Montreal,QC,C3L 6L3,CA
5962,Montreal,QC,C3L 6L3,CA
5963,Clinton,WV,35539,US
5964,Salem,AL,92836,US
5965,Fairview,OR,43371,US
5966,Salem,MN,37378,US
5967,Salem,MN,37378,US
5968,Salem,MN,37378,US
5969,Los Angeles,CA,14630,US
5970,Los Angeles,CA,14630,US
5971,Los Angeles,CA,14630,US
5972,Madison,MO,52126,US
5973,Madison,MO,52126,US
5974,Georgetown,MO,10075,US
5975,Fort Lauderdale,FL,16889,US
5976,Springfield,LA,28182,US
5977,Sparks,NV,20761,US
5978,Sparks,NV,20761,US
5979,Georgetown,MS,47014,US
5980,Chester,MN,47610,US
5981,Chester,MN,47610,US
5982,San Diego,CA,97527,US
5983,San Diego,CA,97527,US
5984,Georgetown,NS,G7H 9K3,CA
5985,Georgetown,MB,N2C 2R5,CA
5986,Georgetown,MB,N2C 2R5,CA
5987,Riverside,ME,43962,US
5988,Rochester,NY,64685,US
5989,Riverside,NB,G7S 7V4,CA
5990,Chester,NB,S5S 1S7,CA
5991,Bristol,MO,89765,US
5992,Chester,LA,97117,US
5993,Clinton,LA,95368,US
5994,Chester,MB,G8T 3Y6,CA
5995,Salem,NE,37864,US
5996,Riverside,SD,26481,US
5997,Riverside,SD,26481,US
5998,Franklin,AR,47571,US
5999,Atlanta,GA,45492,US
6000,Rockford,IL,67785,US
6001,Rockford,IL,67785,US
6002,Rockford,IL,67785,US
6003,Riverside,VA,79293,US
6004,Riverside,VA,79293,US
6005,Las Vegas,NV,86019,US
6006,Madison,SD,15995,US
6007,Madison,SD,15995,US
6008,Springfield,KY,75934,US
6009,Springfield,KY,75934,US
6010,Franklin,IA,97154,US
6011,Chester,MT,15956,US
6012,Clinton,MT,70923,US
6013,Riverside,MT,35475,US
6014,Syracuse,NY,46395,US
6015,Salem,MD,92941,US
6016,Salem,MD,92941,US
6017,Salem,MD,92941,US
6018,Joliet,IL,93922,US
6019,Reno,NV,82603,US
6020,Reno,NV,82603,US
6021,Bristol,LA,23427,US
6022,Bristol,LA,23427,US
6023,Chester,WY,87111,US
6024,Chester,WY,87111,US
6025,Chester,WY,87111,US
6026,Naperville,IL,41150,US
6027,Austin,TX,73730,US
6028,Houston,TX,97779,US
6029,Fairview,IN,44463,US
6030,Chester,IN,54883,US
6031,Chester,NL,N3A 7Y5,CA
6032,Chester,NL,N3A 7Y5,CA
6033,Macon,GA,59623,US
6034,Bristol,WV,76227,US
6035,Georgetown,UT,30099,US
6036,Bristol,UT,83631,US
6037,Clinton,NU,T8S 9M7,CA
6038,Madison,SD,16685,US
6039,Franklin,AL,87526,US
6040,Salem,YT,G7Y 9R0,CA
6041,Riverside,YT,X9P 6M6,CA
6042,Madison,MD,63901,US
6043,Springfield,IA,10670,US
6044,Springfield,IA,10670,US
6045,Chester,WV,64963,US
6046,Chester,WV,64963,US
6047,Clinton,KY,38312,US
6048,Madison,VT,76642,US
6049,Springfield,AK,40349,US
6050,Springfield,NT,N2T 4H5,CA
6051,Riverside,AR,79103,US
6052,Springfield,NU,A3J 7X8,CA
6053,Springfield,NU,A3J 7X8,CA
6054,Springfield,NU,A3J 7X8,CA
6055,Fairview,VA,15647,US
6056,Fairview,VA,15647,US
6057,Riverside,TN,59099,US
6058,Riverside,TN,59099,US
6059,Madison,SD,25823,US
6060,Orlando,FL,88091,US
6061,Bristol,YT,X5S 3J9,CA
6062,Fairview,UT,41378,US
6063,Riverside,WV,23767,US
6064,Madison,NH,29102,US
6065,Salem,NU,E2T 5B5,CA
6066,Clinton,WY,92476,US
6067,Fairview,WY,31870,US
6068,Clinton,RI,75481,US
6069,Georgetown,LA,31488,US
6070,Bristol,SD,61825,US
6071,Clinton,KS,47427,US
6072,Savannah,GA,32775,US
6073,Savannah,GA,32775,US
6074,Dallas,TX,87853,US
6075,Dallas,TX,87853,US
6076,Dallas,TX,72625,US
6077,Georgetown,NB,T5A 1H4,CA
6078,Georgetown,NB,T5A 1H4,CA
6079,Bristol,AR,41603,US
6080,Fairview,SD,87794,US
6081,Clinton,MT,78329,US
6082,Hamilton,ON,E5N 9B0,CA
6083,London,ON,X2S 6L8,CA
6084,Grand Rapids,MI,97785,US
6085,Durham,NC,24320,US
6086,Springfield,MS,78528,US
6087,Chester,MS,95254,US
6088,Springfield,CT,91352,US
6089,Springfield,CT,91352,US
6090,Fairview,OR,93582,US
6091,Clinton,OR,66539,US
6092,Fairview,OR,93582,US
6093,Georgetown,IN,30719,US
6094,Springfield,AK,94734,US
6095,Springfield,AK,94734,US
6096,Springfield,AK,62987,US
6097,Clinton,KY,36243,US
6098,Bristol,KY,33269,US
6099,Madison,RI,78722,US
6100,Georgetown,AK,87091,US
6101,Franklin,MB,N5S 1L9,CA
6102,Franklin,MB,N5S 1L9,CA
6103,Chandler,AZ,66107,US
6104,Sterling Heights,MI,34387,US
6105,Warren,MI,20850,US
6106,Boston,MA,21118,US
6107,Boston,MA,21118,US
6108,Georgetown,MD,26242,US
6109,Fairview,MD,32521,US
6110,Clinton,MO,66695,US
6111,Franklin,WV,86580,US
6112,Hamilton,ON,R3S 8B1,CA
6113,Hamilton,ON,R3S 8B1,CA
6114,Franklin,LA,81167,US
6115,Boston,MA,28702,US
6116,Lowell,MA,19709,US
6117,Worcester,MA,36538,US
6118,Salem,NU,K7X 1N6,CA
6119,Bristol,NU,G8R 7B9,CA
6120,Salem,WI,11170,US
6121,Chester,NT,S7R 9X2,CA
6122,Georgetown,NT,G5K 9E6,CA
6123,Bristol,SC,51360,US
6124,Bristol,SC,51360,US
6125,Bristol,SC,51360,US
6126,Ann Arbor,MI,12845,US
6127,Longueuil,QC,A4G 1K9,CA
6128,Bristol,VA,73297,US
6129,Bristol,VA,73297,US
6130,Macon,GA,83003,US
6131,Augusta,GA,23531,US
6132,Salem,TN,28650,US
6133,Riverside,TN,10905,US
6134,Springfield,CT,96660,US
6135,Springfield,CT,96660,US
6136,Madison,VT,45726,US
6137,Madison,VT,45726,US
6138,Georgetown,MO,68083,US
6139,Fairview,MO,18679,US
6140,Reading,PA,89438,US
6141,Franklin,OK,26318,US
6142,Georgetown,ND,62486,US
6143,Georgetown,ND,62486,US
6144,Springfield,RI,14677,US
6145,Springfield,RI,14677,US
6146,Bristol,UT,61536,US
6147,Bristol,UT,61536,US
6148,Bristol,UT,61536,US
6149,Miami,FL,15026,US
6150,Detroit,MI,92282,US
6151,Madison,AR,29878,US
6152,Aurora,IL,15678,US
6153,Aurora,IL,15678,US
6154,Aurora,IL,15678,US
6155,Clinton,KY,47709,US
6156,Clinton,KY,47709,US
6157,Clinton,KY,47709,US
6158,Salem,MO,84140,US
6159,San Diego,CA,68389,US
6160,Calgary,AB,E3L 8J8,CA
6161,Red Deer,AB,J3S 3B7,CA
6162,Calgary,AB,E3L 8J8,CA
6163,Quebec City,QC,H5M 6A7,CA
6164,Clinton,WI,14313,US
6165,Red Deer,AB,V6Y 2A9,CA
6166,Red Deer,AB,V6Y 2A9,CA
6167,Springfield,CT,99108,US
6168,Chester,CT,35048,US
6169,Springfield,TN,88936,US
6170,Springfield,TN,88936,US
6171,Springfield,MA,19332,US
6172,Boston,MA,82105,US
6173,Springfield,NS,H8N 7A5,CA
6174,Tampa,FL,42511,US
6175,Tampa,FL,42511,US
6176,Tampa,FL,42511,US
6177,Franklin,OK,11254,US
6178,Franklin,OK,11254,US
6179,Riverside,KY,22341,US
6180,Fairview,KY,77219,US
6181,Bristol,WY,60379,US
6182,Bristol,WY,60379,US
6183,Salem,SD,37460,US
6184,Salem,OR,70621,US
6185,Fairview,WI,39779,US
6186,Bristol,UT,94559,US
6187,Bristol,UT,94559,US
6188,Fairview,AL,90039,US
6189,Chester,MN,99892,US
6190,Bristol,MN,91207,US
6191,Riverside,NE,26687,US
6192,Riverside,NE,26687,US
6193,Henderson,NV,87024,US
6194,Henderson,NV,87024,US
6195,Salem,PE,X2K 5N8,CA
6196,Bristol,SC,36738,US
6197,Houston,TX,44529,US
6198,Houston,TX,44529,US
6199,Madison,OK,46218,US
6200,Madison,OK,46218,US
6201,Chester,OK,94549,US
6202,Houston,TX,32678,US
6203,San Antonio,TX,45797,US
6204,Clinton,NB,C5B 3C5,CA
6205,Franklin,NH,75903,US
6206,Clinton,OK,94905,US
6207,Riverside,VT,27573,US
6208,Riverside,VT,27573,US
6209,Seattle,WA,10970,US
6210,Seattle,WA,10970,US
6211,Seattle,WA,10970,US
6212,Salem,NS,P3Y 6G1,CA
6213,Salem,NS,P3Y 6G1,CA
6214,Bristol,WV,16040,US
6215,Madison,WV,92783,US
6216,Chester,NL,H8P 9K8,CA
6217,Chester,NL,H8P 9K8,CA
6218,Riverside,NL,E5H 7H8,CA
6219,Chester,MN,66165,US
6220,Springfield,MA,89397,US
6221,Fairview,MO,12030,US
6222,Riverside,OR,29599,US
6223,Rochester,NY,62609,US
6224,Springfield,HI,84054,US
6225,Seattle,WA,46356,US
6226,Seattle,WA,46356,US
6227,Seattle,WA,46356,US
6228,Fairview,MS,32178,US
6229,Franklin,NT,L4X 2S5,CA
6230,Fairview,NH,50401,US
6231,Franklin,LA,14460,US
6232,Franklin,LA,14460,US
6233,Franklin,LA,14460,US
6234,Chester,NS,V8H 5E5,CA
6235,Chester,NS,V8H 5E5,CA
6236,Chester,NS,V8H 5E5,CA
6237,Riverside,IA,53780,US
6238,Franklin,NT,C2V 3K8,CA
6239,Ann Arbor,MI,82623,US
6240,Ann Arbor,MI,82623,US
6241,Ann Arbor,MI,82623,US
6242,Sterling Heights,MI,11411,US
6243,Franklin,DE,65555,US
6244,Bristol,KS,65516,US
6245,Bristol,KS,65516,US
6246,Bristol,KS,65516,US
6247,Seattle,WA,90631,US
6248,Joliet,IL,82748,US
6249,Naperville,IL,99139,US
6250,Rochester,NY,55187,US
6251,Rochester,NY,27515,US
6252,Rochester,NY,55187,US
6253,Madison,PE,L7T 1T2,CA
6254,Allentown,PA,75086,US
6255,Allentown,PA,75086,US
6256,Fort Collins,CO,53293,US
6257,Clinton,NB,B8T 3S8,CA
6258,New York,NY,12298,US
6259,Sacramento,CA,71493,US
6260,San Jose,CA,64143,US
6261,Sacramento,CA,71493,US
6262,Reno,NV,51856,US
6263,Salem,VT,92161,US
6264,Salem,SD,10561,US
6265,Madison,MS,68613,US
6266,Madison,CT,62150,US
6267,Riverside,WV,87407,US
6268,Riverside,WV,87407,US
6269,Riverside,WV,87407,US
6270,Riverside,AL,91048,US
6271,Riverside,AL,91048,US
6272,Spokane,WA,43030,US
6273,Boston,MA,98124,US
6274,Clinton,CT,27328,US
6275,Salem,SC,58232,US
6276,Bristol,KY,46950,US
6277,Tucson,AZ,64436,US
6278,Tucson,AZ,64436,US
6279,Raleigh,NC,30170,US
6280,Raleigh,NC,30170,US
6281,Madison,PE,R2H 7K5,CA
6282,Georgetown,AR,30250,US
6283,Georgetown,AR,30250,US
6284,Calgary,AB,Y2M 6R3,CA
6285,Calgary,AB,Y2M 6R3,CA
6286,Georgetown,UT,40876,US
6287,Cincinnati,OH,98619,US
6288,North Las Vegas,NV,89398,US
6289,Sacramento,CA,32619,US
6290,Springfield,ME,72760,US
6291,Fairview,WY,21008,US
6292,Fairview,WY,21008,US
6293,Fairview,WY,21008,US
6294,Clinton,IA,19862,US
6295,Bristol,IA,68552,US
6296,Buffalo,NY,56007,US
6297,San Antonio,TX,35443,US
6298,Vancouver,WA,72179,US
6299,Vancouver,WA,36670,US
6300,Vancouver,WA,72179,US
6301,Clinton,NE,73991,US
6302,Springfield,NS,P2N 8Y0,CA
6303,Chester,NS,G7K 1X6,CA
6304,Springfield,NS,P2N 8Y0,CA
6305,Salem,HI,32641,US
6306,Chester,HI,48791,US
6307,Las Vegas,NV,62982,US
6308,Clinton,WI,40029,US
6309,Durham,NC,71242,US
6310,Salem,IA,64733,US
6311,Madison,WV,80855,US
6312,Madison,WV,80855,US
6313,Chester,KS,55416,US
6314,Chester,KS,55416,US
6315,Clinton,AR,54760,US
6316,Fairview,VT,14479,US
6317,Riverside,TN,13289,US
6318,Salem,NE,90665,US
6319,Lowell,MA,69398,US
6320,Cambridge,MA,96822,US
6321,Bristol,UT,76712,US
6322,Madison,MO,28099,US
6323,Madison,MO,28099,US
6324,Madison,MO,28099,US
6325,Georgetown,VT,49854,US
6326,Clinton,TN,92306,US
6327,Clinton,TN,92306,US
6328,Bristol,MS,73016,US
6329,Bristol,MS,73016,US
6330,Bristol,WI,27180,US
6331,Bristol,WI,27180,US
6332,Richmond,BC,V2X 8B1,CA
6333,Richmond,BC,V2X 8B1,CA
6334,Madison,NJ,10850,US
6335,Chester,LA,67472,US
6336,Franklin,TN,47529,US
6337,Chester,OK,55443,US
6338,Chester,OK,55443,US
6339,Chester,OK,29655,US
6340,Salem,ND,79014,US
6341,Georgetown,ND,22317,US
6342,Chester,NH,32813,US
6343,Chester,NH,32813,US
6344,Chester,NH,32813,US
6345,Madison,OK,73725,US
6346,Madison,OK,73725,US
6347,Madison,OK,73725,US
6348,Clinton,LA,69850,US
6349,Clinton,LA,69850,US
6350,Bristol,OR,13638,US
6351,Bristol,OR,13638,US
6352,Georgetown,OR,85186,US
6353,Clinton,SK,E1N 6P4,CA
6354,Fairview,CT,47607,US
6355,Fairview,CT,47607,US
6356,Georgetown,CT,98823,US
6357,Miami,FL,49714,US
6358,Tampa,FL,97082,US
6359,Fairview,VT,34117,US
6360,Georgetown,ME,43591,US
6361,Fairview,ME,59145,US
6362,Phoenix,AZ,61119,US
6363,Tucson,AZ,84172,US
6364,Phoenix,AZ,61119,US
6365,Salem,LA,99829,US
6366,Springfield,MT,60487,US
6367,Springfield,MT,60487,US
6368,Bristol,AK,79143,US
6369,Georgetown,AK,50615,US
6370,Winston-Salem,NC,92872,US
6371,Fort Worth,TX,32657,US
6372,Fort Worth,TX,32657,US
6373,Franklin,RI,36551,US
6374,Madison,OK,90635,US
6375,Madison,OK,90635,US
6376,Madison,OK,90635,US
6377,Chester,ME,32276,US
6378,Franklin,ME,92007,US
6379,Madison,NS,L9S 6M4,CA
6380,Madison,NS,L9S 6M4,CA
6381,Madison,WI,86740,US
6382,Fairview,AK,28559,US
6383,Georgetown,AK,24121,US
6384,Grand Rapids,MI,26283,US
6385,Bristol,NE,33587,US
6386,Bristol,NT,P6A 3E3,CA
6387,Georgetown,NT,K5H 4A5,CA
6388,Bristol,NT,P6A 3E3,CA
6389,Madison,RI,46139,US
6390,Bristol,IN,64837,US
6391,Bristol,IN,61049,US
6392,Clinton,ND,90690,US
6393,Clinton,ND,90690,US
6394,Chester,HI,69334,US
6395,Chester,HI,69334,US
6396,Georgetown,HI,70601,US
6397,Columbus,OH,35737,US
6398,Fort Worth,TX,91671,US
6399,Fort Worth,TX,91671,US
6400,Jacksonville,FL,47384,US
6401,Springfield,SK,S6G 7N0,CA
6402,Springfield,SK,S6G 7N0,CA
6403,Springfield,NT,C1V 8V2,CA
6404,Springfield,NT,C1V 8V2,CA
6405,Madison,YT,S4K 5V0,CA
6406,Salem,NM,40180,US
6407,Salem,NM,40180,US
6408,Aurora,IL,91397,US
6409,Aurora,IL,91397,US
6410,Madison,NM,62875,US
6411,Fairview,IA,80186,US
6412,Georgetown,KY,41363,US
6413,Georgetown,KY,41363,US
6414,Georgetown,KY,41363,US
6415,Fairview,VT,46728,US
6416,Madison,VT,21138,US
6417,Chester,MO,81016,US
6418,Quebec City,QC,K8N 5C1,CA
6419,Quebec City,QC,K8N 5C1,CA
6420,Quebec City,QC,K8N 5C1,CA
6421,Houston,TX,18814,US
6422,Houston,TX,18814,US
6423,Burnaby,BC,E7P 3V5,CA
6424,Grand Rapids,MI,77847,US
6425,Grand Rapids,MI,77847,US
6426,Madison,MB,M1V 3H5,CA
6427,Springfield,MT,71132,US
6428,Georgetown,CT,45975,US
6429,Fairview,AR,30572,US
6430,Fairview,OR,50424,US
6431,Fairview,OR,50424,US
6432,Fairview,OR,50424,US
6433,Clinton,ND,96633,US
6434,Bristol,HI,96460,US
6435,Chester,OK,27295,US
6436,Riverside,HI,27932,US
6437,Georgetown,UT,79948,US
6438,Riverside,NS,A8A 1C7,CA
6439,Springfield,MA,58428,US
6440,Rockford,IL,83543,US
6441,Buffalo,NY,46123,US
6442,Springfield,RI,50421,US
6443,Springfield,MS,32240,US
6444,Madison,SC,20156,US
6445,Ottawa,ON,R3K 9M4,CA
6446,Ottawa,ON,R3K 9M4,CA
6447,Salem,NE,90115,US
6448,Franklin,NM,30579,US
6449,Georgetown,SD,53210,US
6450,Madison,SD,45972,US
6451,Georgetown,SD,53210,US
6452,Madison,TN,74665,US
6453,Chester,TN,13860,US
6454,Franklin,MN,38368,US
6455,Franklin,MN,38368,US
6456,Chester,MN,92751,US
6457,Springfield,WV,20882,US
6458,Springfield,WV,20882,US
6459,Salem,PE,S1K 5N9,CA
6460,Salem,NJ,31190,US
6461,Greensboro,NC,98939,US
6462,Toledo,OH,20629,US
6463,Henderson,NV,71672,US
6464,Henderson,NV,71672,US
6465,Franklin,SD,72306,US
6466,Franklin,SD,72306,US
6467,Fairview,NB,G1E 4X0,CA
6468,Fairview,NB,G1E 4X0,CA
6469,Fairview,NB,G1E 4X0,CA
6470,Sterling Heights,MI,77873,US
6471,Sterling Heights,MI,77873,US
6472,Cincinnati,OH,87675,US
6473,Cincinnati,OH,87675,US
6474,Salem,IN,15570,US
6475,Georgetown,NL,G4A 3S1,CA
6476,Georgetown,NL,G4A 3S1,CA
6477,Georgetown,NL,G4A 3S1,CA
6478,Miami,FL,13461,US
6479,Miami,FL,13461,US
6480,Fort Lauderdale,FL,18729,US
6481,Philadelphia,PA,60647,US
6482,Philadelphia,PA,60647,US
6483,Riverside,NH,12055,US
6484,Quebec City,QC,M9V 7Y5,CA
6485,Fairview,SK,E3A 9X2,CA
6486,Clinton,VA,89324,US
6487,Salem,MD,97271,US
6488,Madison,YT,G8A 3T5,CA
6489,Madison,YT,G8A 3T5,CA
6490,Miami,FL,18261,US
6491,Franklin,CT,49176,US
6492,Franklin,CT,49176,US
6493,Georgetown,NE,25076,US
6494,Madison,SC,73407,US
6495,Georgetown,NB,G5A 7G4,CA
6496,Bristol,NT,S4G 9S5,CA
6497,Salem,AL,13201,US
6498,Bristol,KS,74676,US
6499,Salem,MS,58573,US
6500,Georgetown,RI,23030,US
6501,Springfield,KS,35924,US
6502,Springfield,KS,35924,US
6503,Riverside,KS,12809,US
6504,Madison,NM,62291,US
6505,Buffalo,NY,33992,US
6506,Red Deer,AB,M9B 4L5,CA
6507,Red Deer,AB,M9B 4L5,CA
6508,Red Deer,AB,M9B 4L5,CA
6509,Salem,VA,35610,US
6510,Salem,VA,35610,US
6511,Clinton,NH,87258,US
6512,Houston,TX,72385,US
6513,Houston,TX,72385,US
6514,Salem,IN,20170,US
6515,Detroit,MI,30236,US
6516,Bristol,WY,97950,US
6517,Bristol,WY,97950,US
6518,Bristol,WY,97950,US
6519,Chester,ND,44224,US
6520,Rockford,IL,72343,US
6521,Bristol,SC,41664,US
6522,Bristol,HI,24691,US
6523,Springfield,HI,63674,US
6524,New York,NY,47349,US
6525,Tampa,FL,73973,US
6526,Tampa,FL,73973,US
6527,Clinton,NT,B1E 9L0,CA
6528,Salem,OK,69151,US
6529,Salem,AL,75496,US
6530,Cambridge,MA,82158,US
6531,Franklin,MS,18076,US
6532,Joliet,IL,82171,US
6533,Fairview,HI,96831,US
6534,Fairview,HI,96831,US
6535,Fairview,HI,96831,US
6536,San Francisco,CA,69005,US
6537,Chester,OK,55685,US
6538,Chester,WI,19672,US
6539,Fairview,HI,82916,US
6540,Fairview,HI,82916,US
6541,Fairview,HI,82916,US
6542,Chester,ID,11276,US
6543,Chester,ID,11276,US
6544,Chester,ID,11276,US
6545,Clinton,KS,87754,US
6546,Bristol,KS,41488,US
6547,Bristol,IN,94372,US
6548,Bristol,IN,94372,US
6549,Chester,AK,25934,US
6550,Bristol,AK,81590,US
6551,Chester,AK,25934,US
6552,Vancouver,BC,E5N 5Y1,CA
6553,Vancouver,BC,E5N 5Y1,CA
6554,Raleigh,NC,97163,US
6555,Raleigh,NC,97163,US
6556,Clinton,VA,19163,US
6557,Fairview,VA,51713,US
6558,Clinton,VA,19163,US
6559,Fairview,WI,38256,US
6560,Georgetown,WI,75186,US
6561,Tucson,AZ,66418,US
6562,Tucson,AZ,66418,US
6563,Aurora,CO,70826,US
6564,Clinton,NT,C4Y 3N8,CA
6565,Georgetown,VA,33755,US
6566,Georgetown,VA,33755,US
6567,San Francisco,CA,91782,US
6568,Los Angeles,CA,22607,US
6569,San Jose,CA,11161,US
6570,San Jose,CA,68970,US
6571,Fairview,MD,75328,US
6572,Salem,HI,93059,US
6573,Longueuil,QC,L6L 5M1,CA
6574,Longueuil,QC,L6L 5M1,CA
6575,Gatineau,QC,M1B 6E8,CA
6576,Vancouver,WA,26824,US
6577,Franklin,CT,68948,US
6578,Franklin,CT,68948,US
6579,Madison,KY,69672,US
6580,Pittsburgh,PA,20173,US
6581,Pittsburgh,PA,20173,US
6582,Salem,ND,32839,US
6583,Aurora,IL,13542,US
6584,Chester,NJ,78460,US
6585,San Antonio,TX,27763,US
6586,Austin,TX,55236,US
6587,San Antonio,TX,27763,US
6588,Springfield,KS,61167,US
6589,Springfield,KS,61167,US
6590,Springfield,KS,61167,US
6591,Mesa,AZ,94234,US
6592,Chandler,AZ,55415,US
6593,Mesa,AZ,94234,US
6594,Clinton,NU,T9G 2K7,CA
6595,Franklin,NU,C7G 1K4,CA
6596,Riverside,UT,45059,US
6597,Riverside,UT,45059,US
6598,Springfield,PE,R9G 7P6,CA
6599,Springfield,PE,R3T 9V9,CA
6600,Seattle,WA,39829,US
6601,Salem,MT,13189,US
6602,Georgetown,VT,34597,US
6603,Columbus,OH,78508,US
6604,Madison,NJ,81764,US
6605,Clinton,NT,K8L 7H4,CA
6606,San Jose,CA,93596,US
6607,Red Deer,AB,B6Y 4V7,CA
6608,Red Deer,AB,B6Y 4V7,CA
6609,Franklin,NH,88357,US
6610,Chester,SC,97951,US
6611,Chester,SC,97951,US
6612,Greensboro,NC,62056,US
6613,Greensboro,NC,62056,US
6614,Boston,MA,77299,US
6615,Salem,MN,98501,US
6616,Salem,MN,98501,US
6617,Chester,TN,31651,US
6618,Salem,TN,23310,US
6619,Chester,TN,31651,US
6620,Sterling Heights,MI,36483,US
6621,Warren,MI,42190,US
6622,Georgetown,IA,16949,US
6623,Franklin,OR,97217,US
6624,Riverside,OR,72778,US
6625,Longueuil,QC,X8C 8V2,CA
6626,Gatineau,QC,J1V 7R7,CA
6627,Gatineau,QC,J1N 3P9,CA
6628,Detroit,MI,64984,US
6629,Detroit,MI,64984,US
6630,Detroit,MI,64984,US
6631,Fort Lauderdale,FL,43339,US
6632,Bellevue,WA,49175,US
6633,Franklin,SD,68158,US
6634,Springfield,KS,98248,US
6635,Franklin,KS,68513,US
6636,Sacramento,CA,73575,US
6637,Riverside,TN,78092,US
6638,Riverside,TN,78092,US
6639,Riverside,TN,78092,US
6640,Clinton,MD,16440,US
6641,Salem,NH,41659,US
6642,Macon,GA,13252,US
6643,Macon,GA,13252,US
6644,Salem,AR,17925,US
6645,Chester,OK,93983,US
6646,Chester,OK,93983,US
6647,Riverside,IA,88769,US
6648,Salem,MO,56079,US
6649,Fairview,MO,40601,US
6650,Bellevue,WA,41241,US
6651,Seattle,WA,59109,US
6652,Clinton,AL,92800,US
6653,Clinton,AL,92800,US
6654,Salem,MO,31067,US
6655,Madison,MO,64855,US
6656,Madison,OK,80416,US
6657,Riverside,OK,83580,US
6658,Riverside,OK,83580,US
6659,Georgetown,KY,54543,US
6660,Fairview,MT,49403,US
6661,Fairview,MT,49403,US
6662,Warren,MI,91790,US
6663,Sterling Heights,MI,32779,US
6664,Chester,WY,96004,US
6665,Chester,WY,96004,US
6666,Riverside,RI,47271,US
6667,Franklin,SC,22564,US
6668,Franklin,SC,22564,US
6669,Bristol,MN,10588,US
6670,Bristol,MN,10588,US
6671,Bristol,MN,10588,US
6672,Franklin,NE,81609,US
6673,Franklin,NE,81609,US
6674,Clinton,MO,67910,US
6675,Clinton,MO,67910,US
6676,Salem,VA,45236,US
6677,Franklin,VA,65840,US
6678,Fort Lauderdale,FL,47794,US
6679,Fort Lauderdale,FL,30258,US
6680,Riverside,IA,81372,US
6681,Clinton,RI,78668,US
6682,Madison,DE,77401,US
6683,Bristol,MS,28455,US
6684,Fairview,MS,53004,US
6685,Fairview,MN,48151,US
6686,Lowell,MA,87016,US
6687,Cambridge,MA,20427,US
6688,Boston,MA,49334,US
6689,Chester,IA,64284,US
6690,Madison,NM,44932,US
6691,Clinton,DE,20271,US
6692,Springfield,MA,37937,US
6693,Lowell,MA,23538,US
6694,Fairview,NH,31966,US
6695,Phoenix,AZ,93260,US
6696,Tucson,AZ,93692,US
6697,Richmond,BC,Y5P 8Y2,CA
6698,Georgetown,CT,89048,US
6699,Georgetown,CT,89048,US
6700,Seattle,WA,48558,US
6701,Seattle,WA,48558,US
6702,Seattle,WA,48558,US
6703,Chester,AR,73590,US
6704,Chester,AR,73590,US
6705,Fairview,NJ,32330,US
6706,Riverside,MS,95856,US
6707,Georgetown,MS,35900,US
6708,Riverside,MS,95856,US
6709,Fairview,PE,K3H 7J2,CA
6710,Springfield,CT,30968,US
6711,Clinton,ID,73612,US
6712,Clinton,ID,73612,US
6713,Fairview,RI,34377,US
6714,Philadelphia,PA,78931,US
6715,Franklin,NS,P8M 3V8,CA
6716,Franklin,NS,P8M 3V8,CA
6717,Clinton,NS,G7X 6K4,CA
6718,Bristol,MB,S4T 5T7,CA
6719,Bristol,MB,S4T 5T7,CA
6720,Colorado Springs,CO,99335,US
6721,Salem,AK,90489,US
6722,Seattle,WA,49400,US
6723,Atlanta,GA,24804,US
6724,Atlanta,GA,24804,US
6725,Atlanta,GA,24804,US
6726,Chester,KY,41134,US
6727,Clinton,NH,42885,US
6728,Fairview,MO,33870,US
6729,Fairview,MO,33870,US
6730,Madison,WV,98587,US
6731,Fairview,SC,37515,US
6732,Riverside,NU,K8T 5B8,CA
6733,Franklin,NL,T3K 2S8,CA
6734,Franklin,NL,T3K 2S8,CA
6735,Salem,NU,G2R 4R7,CA
6736,Riverside,NU,G9H 7X8,CA
6737,Greensboro,NC,95556,US
6738,Greensboro,NC,95556,US
6739,Springfield,IA,17593,US
6740,Bristol,VT,72257,US
6741,Akron,OH,82832,US
6742,Akron,OH,82832,US
6743,Madison,ND,73959,US
6744,Madison,ND,73959,US
6745,Augusta,GA,23020,US
6746,Augusta,GA,23020,US
6747,Madison,NB,V4V 7G2,CA
6748,Georgetown,CT,71099,US
6749,Georgetown,CT,71099,US
6750,Clinton,WY,44475,US
6751,Bristol,UT,24307,US
6752,Fairview,UT,89612,US
6753,Madison,UT,40342,US
6754,Franklin,ND,84197,US
6755,Fairview,WV,25225,US
6756,Fairview,WV,25225,US
6757,Fairview,WV,25225,US
6758,Pittsburgh,PA,96237,US
6759,Madison,PE,V9S 5L1,CA
6760,Springfield,PE,V4R 6A8,CA
6761,San Antonio,TX,34303,US
6762,Dallas,TX,86830,US
6763,Bristol,SC,52657,US
6764,Bristol,SC,52657,US
6765,Macon,GA,81388,US
6766,Macon,GA,81388,US
6767,Lowell,MA,33270,US
6768,Madison,NJ,32803,US
6769,Madison,NJ,32803,US
6770,Madison,NJ,32803,US
6771,Cambridge,MA,57799,US
6772,Quebec City,QC,N6K 2M0,CA
6773,Salem,HI,18157,US
6774,Salem,HI,18157,US
6775,Chester,ID,89284,US
6776,Chester,ID,89284,US
6777,Madison,TN,64841,US
6778,Ottawa,ON,T5M 9V8,CA
6779,Bristol,ME,10475,US
6780,Georgetown,MO,97605,US
6781,Chester,AL,66397,US
6782,Fairview,AL,32543,US
6783,Clinton,RI,51307,US
6784,Madison,SK,T4B 7E7,CA
6785,Chester,SK,V6G 8Y7,CA
6786,Chester,NT,L2H 1X0,CA
6787,Chester,NT,L2H 1X0,CA
6788,Madison,OK,64260,US
6789,Franklin,MB,R6Y 9L5,CA
6790,Bristol,ND,60861,US
6791,Springfield,MB,J9E 4K7,CA
6792,Springfield,MB,J9E 4K7,CA
6793,Fort Worth,TX,97006,US
6794,Fort Worth,TX,97006,US
6795,Boston,MA,11580,US
6796,Franklin,NS,M1X 8E5,CA
6797,Chester,ND,72540,US
6798,Clinton,AL,19946,US
6799,Fairview,OR,30882,US
6800,Fairview,OR,30882,US
6801,Fairview,OR,30882,US
6802,Bristol,NB,H7C 8L7,CA
6803,Bristol,NB,H7C 8L7,CA
6804,Bristol,NB,H7C 8L7,CA
6805,Salem,VA,64271,US
6806,Salem,VA,64271,US
6807,Madison,ID,49598,US
6808,Springfield,MA,59646,US
6809,Springfield,MA,59646,US
6810,Salem,SC,16746,US
6811,Salem,SC,16746,US
6812,Chester,SC,79561,US
6813,Chester,VA,76573,US
6814,Chester,WV,12199,US
6815,Chester,WV,12199,US
6816,Warren,MI,58552,US
6817,Warren,MI,58552,US
6818,Phoenix,AZ,49955,US
6819,Phoenix,AZ,49955,US
6820,Phoenix,AZ,18383,US
6821,Bristol,HI,80485,US
6822,Bristol,HI,81162,US
6823,Madison,KY,63204,US
6824,Madison,KY,63204,US
6825,Chester,AK,26573,US
6826,Chester,AK,26573,US
6827,San Jose,CA,67591,US
6828,Phoenix,AZ,32652,US
6829,Madison,SD,95903,US
6830,Reno,NV,10318,US
6831,Las Vegas,NV,27264,US
6832,Springfield,NU,J3M 6R4,CA
6833,Georgetown,NB,G6R 8C3,CA
6834,Springfield,MA,58290,US
6835,Springfield,MA,58290,US
6836,Springfield,TN,97581,US
6837,Chester,TN,80747,US
6838,Springfield,TN,97581,US
6839,Lowell,MA,68234,US
6840,Bristol,HI,71120,US
6841,Mesa,AZ,94144,US
6842,Worcester,MA,90403,US
6843,Worcester,MA,90403,US
6844,Pittsburgh,PA,15101,US
6845,Pittsburgh,PA,15101,US
6846,Franklin,WV,85262,US
6847,Aurora,IL,44153,US
6848,Aurora,IL,44153,US
6849,Aurora,IL,44153,US
6850,Laval,QC,P7R 8S4,CA
6851,Franklin,PE,R2S 8C6,CA
6852,Franklin,PE,R2S 8C6,CA
6853,Salem,MS,22332,US
6854,Salem,MS,22332,US
6855,Sacramento,CA,41163,US
6856,Riverside,CT,77171,US
6857,Riverside,CT,77171,US
6858,Riverside,CT,77171,US
6859,Salem,VT,37010,US
6860,Toledo,OH,75666,US
6861,Cincinnati,OH,74887,US
6862,Georgetown,DE,96684,US
6863,Madison,AR,51630,US
6864,Georgetown,NL,K8H 5G2,CA
6865,Salem,YT,M5J 4T1,CA
6866,Springfield,NJ,81129,US
6867,Franklin,PE,S1L 5Y8,CA
6868,Fairview,CT,11094,US
6869,Fairview,CT,11094,US
6870,Denver,CO,35305,US
6871,Boulder,CO,57080,US
6872,Denver,CO,35305,US
6873,Salem,CT,25677,US
6874,Longueuil,QC,T3E 3K0,CA
6875,Longueuil,QC,T3E 3K0,CA
6876,Springfield,HI,49166,US
6877,Clinton,HI,69458,US
6878,Salem,AK,95931,US
6879,Austin,TX,71960,US
6880,Fairview,LA,22590,US
6881,Salem,UT,31876,US
6882,Salem,UT,31876,US
6883,Fairview,AL,52327,US
6884,Franklin,AL,11081,US
6885,Savannah,GA,48193,US
6886,Madison,VA,29704,US
6887,Madison,NS,Y7P 8L4,CA
6888,Salem,SD,79491,US
6889,Salem,SD,64875,US
6890,Riverside,DE,92388,US
6891,Scottsdale,AZ,65026,US
6892,San Diego,CA,25085,US
6893,Rockford,IL,10743,US
6894,Franklin,ID,52138,US
6895,Franklin,DE,33282,US
6896,Franklin,DE,33282,US
6897,Clinton,DE,64926,US
6898,Riverside,SC,50198,US
6899,Franklin,NE,57176,US
6900,Franklin,NE,57176,US
6901,Riverside,RI,73103,US
6902,Madison,NM,86664,US
6903,Montreal,QC,H9G 3R7,CA
6904,Montreal,QC,H9G 3R7,CA
6905,Chester,NJ,47994,US
6906,Springfield,OR,28739,US
6907,Clinton,KS,51898,US
6908,Salem,MT,47014,US
6909,Bristol,ND,75807,US
6910,Chester,ND,75520,US
6911,Tampa,FL,87514,US
6912,Tampa,FL,87514,US
6913,Salem,WV,18700,US
6914,Salem,WV,18700,US
6915,Chicago,IL,57193,US
6916,Chicago,IL,57193,US
6917,Miami,FL,92279,US
6918,Miami,FL,92279,US
6919,Clinton,CT,34905,US
6920,Boston,MA,34602,US
6921,Salem,KS,89090,US
6922,Salem,KS,89090,US
6923,Red Deer,AB,K4H 6R0,CA
6924,Red Deer,AB,K4H 6R0,CA
6925,Madison,IN,12188,US
6926,Madison,IN,12188,US
6927,Longueuil,QC,A6M 3M7,CA
6928,Longueuil,QC,A6M 3M7,CA
6929,Erie,PA,98010,US
6930,Boston,MA,58080,US
6931,Salem,KS,77954,US
6932,Salem,WV,27431,US
6933,Salem,WV,27431,US
6934,Salem,WV,27431,US
6935,Riverside,NE,72229,US
6936,Riverside,NE,72229,US
6937,Georgetown,OR,16658,US
6938,Victoria,BC,X3H 3N4,CA
6939,Victoria,BC,X3H 3N4,CA
6940,Naperville,IL,50403,US
6941,Franklin,MO,65204,US
6942,Franklin,MO,65204,US
6943,Fairview,ND,73840,US
6944,Fairview,ND,73840,US
6945,Fairview,ND,73840,US
6946,Franklin,LA,72548,US
6947,Riverside,RI,17772,US
6948,Cincinnati,OH,97895,US
6949,Cincinnati,OH,97895,US
6950,Cincinnati,OH,97895,US
6951,Georgetown,MD,97206,US
6952,Georgetown,MD,97206,US
6953,Bristol,YT,K1R 2M8,CA
6954,Bristol,YT,K1R 2M8,CA
6955,Bristol,YT,K1R 2M8,CA
6956,Bristol,YT,S7K 9Y1,CA
6957,Gatineau,QC,K2H 4C2,CA
6958,Springfield,VT,61013,US
6959,Springfield,VT,61013,US
6960,Aurora,CO,95675,US
6961,Georgetown,NS,J4P 2G3,CA
6962,Georgetown,NS,J4P 2G3,CA
6963,Franklin,NE,51071,US
6964,Riverside,NE,52652,US
6965,Franklin,NL,A9R 5M1,CA
6966,Franklin,NL,A9R 5M1,CA
6967,Franklin,NL,A9R 5M1,CA
6968,Reading,PA,52151,US
6969,Bristol,UT,86228,US
6970,Tucson,AZ,28530,US
6971,Tucson,AZ,28530,US
6972,Riverside,KY,62215,US
6973,Columbus,OH,49381,US
6974,Columbus,OH,49381,US
6975,Detroit,MI,64103,US
6976,Detroit,MI,10953,US
6977,Detroit,MI,64103,US
6978,Riverside,NU,M5C 6A5,CA
6979,Riverside,NU,M5C 6A5,CA
6980,Georgetown,ND,95301,US
6981,Clinton,ND,22061,US
6982,Fairview,NM,66870,US
6983,Madison,ND,72346,US
6984,Madison,ND,72346,US
6985,Franklin,UT,90485,US
6986,Riverside,WY,70953,US
6987,Springfield,NT,B1C 5K3,CA
6988,Springfield,NT,B1C 5K3,CA
6989,Savannah,GA,14489,US
6990,Macon,GA,95643,US
6991,Madison,WV,53330,US
6992,Madison,WV,53330,US
6993,Madison,NJ,86682,US
6994,Madison,NJ,86682,US
6995,Chester,NT,P9K 6R8,CA
6996,Chester,NT,P9K 6R8,CA
6997,Georgetown,NT,R6L 2P1,CA
6998,Hamilton,ON,Y1L 8S6,CA
6999,Toronto,ON,E6V 5Y4,CA
7000,Franklin,NL,A6J 5V5,CA
7001,Salem,OK,81120,US
7002,Chester,OK,27137,US
7003,Salem,OK,81120,US
7004,Riverside,OK,46707,US
7005,Madison,ND,69937,US
7006,Madison,ND,69937,US
7007,Detroit,MI,55433,US
7008,Chester,ID,96457,US
7009,Chester,ID,96457,US
7010,Chester,ID,96457,US
7011,Bristol,AR,82248,US
7012,Bristol,AR,82248,US
7013,Seattle,WA,51600,US
7014,Clinton,ND,29864,US
7015,Bristol,PE,M1G 1H9,CA
7016,Chester,IA,65454,US
7017,Chester,IA,65454,US
7018,Chester,IA,35716,US
7019,San Antonio,TX,59815,US
7020,Bristol,HI,19054,US
7021,Bristol,HI,19054,US
7022,Savannah,GA,94483,US
7023,Georgetown,AK,77491,US
7024,Madison,AK,44771,US
7025,Chester,ME,31389,US
7026,Scottsdale,AZ,60761,US
7027,Franklin,WI,75590,US
7028,Madison,VA,42702,US
7029,Georgetown,VA,77917,US
7030,Madison,VA,42702,US
7031,Clinton,NS,N5H 9E3,CA
7032,Clinton,NS,N5H 9E3,CA
7033,Clinton,NS,N5H 9E3,CA
7034,Fairview,WV,22023,US
7035,Chester,WV,61820,US
7036,Detroit,MI,50029,US
7037,Madison,OK,59586,US
7038,Madison,OK,59586,US
7039,Springfield,RI,92340,US
7040,Springfield,RI,92340,US
7041,Springfield,RI,92340,US
7042,Clinton,HI,68668,US
7043,Clinton,HI,68668,US
7044,Detroit,MI,86373,US
7045,Detroit,MI,77257,US
7046,Ann Arbor,MI,68508,US
7047,Ann Arbor,MI,68508,US
7048,Syracuse,NY,79455,US
7049,Syracuse,NY,79455,US
7050,Syracuse,NY,79455,US
7051,Cincinnati,OH,84952,US
7052,Cincinnati,OH,84952,US
7053,Fort Worth,TX,26626,US
7054,Austin,TX,57992,US
7055,Fort Worth,TX,26626,US
7056,Riverside,UT,23032,US
7057,Franklin,TN,85214,US
7058,Franklin,TN,85214,US
7059,Springfield,MO,52363,US
7060,Springfield,MO,52363,US
7061,Madison,NE,28379,US
7062,Salem,NJ,76727,US
7063,Franklin,KY,97902,US
7064,Franklin,KY,97902,US
7065,Franklin,KY,97902,US
7066,Springfield,RI,73572,US
7067,Springfield,RI,73572,US
7068,Bristol,UT,21489,US
7069,Springfield,OR,34783,US
7070,Salem,MN,46546,US
7071,Salem,MN,46546,US
7072,Bristol,NE,96692,US
7073,Cambridge,MA,81358,US
7074,Cambridge,MA,81358,US
7075,Salem,WI,93588,US
7076,Salem,NE,22622,US
7077,Bristol,OR,28501,US
7078,Clinton,MO,34355,US
7079,Georgetown,VA,63121,US
7080,Georgetown,VA,63121,US
7081,Georgetown,VA,63121,US
7082,Colorado Springs,CO,67342,US
7083,Colorado Springs,CO,67342,US
7084,Colorado Springs,CO,67342,US
7085,Springfield,HI,89513,US
7086,Chester,HI,33079,US
7087,Rochester,NY,13352,US
7088,Albany,NY,80497,US
7089,Rochester,NY,13352,US
7090,Georgetown,VA,16010,US
7091,Bellevue,WA,23366,US
7092,Bellevue,WA,23366,US
7093,Bellevue,WA,79214,US
7094,Detroit,MI,37659,US
7095,Riverside,ND,22404,US
7096,Burnaby,BC,M4Y 3J3,CA
7097,Madison,VT,84743,US
7098,Madison,VT,84743,US
7099,Chester,KS,60050,US
7100,Cambridge,MA,74908,US
7101,Cambridge,MA,74908,US
7102,Clinton,NJ,28202,US
7103,Bristol,NJ,50396,US
7104,Clinton,NJ,28202,US
7105,Madison,MN,27170,US
7106,Franklin,MN,44458,US
7107,Salem,UT,60438,US
7108,Ottawa,ON,X6H 3B5,CA
7109,Madison,OR,92237,US
7110,Madison,OR,92237,US
7111,Madison,OR,92237,US
7112,Macon,GA,87898,US
7113,Macon,GA,87898,US
7114,Buffalo,NY,63448,US
7115,Montreal,QC,Y4X 1Y7,CA
7116,Montreal,QC,Y4X 1Y7,CA
7117,Detroit,MI,41277,US
7118,Detroit,MI,41277,US
7119,Detroit,MI,41277,US
7120,Winston-Salem,NC,49795,US
7121,Colorado Springs,CO,78766,US
7122,Boulder,CO,84797,US
7123,Chester,IA,57645,US
7124,Vancouver,BC,B2G 8T3,CA
7125,Victoria,BC,A1H 2S7,CA
7126,Madison,IA,78170,US
7127,Chester,MS,71351,US
7128,Franklin,MS,83876,US
7129,Mesa,AZ,39410,US
7130,Mesa,AZ,31505,US
7131,Georgetown,WY,27562,US
7132,Georgetown,WY,27562,US
7133,Franklin,KS,81952,US
7134,Franklin,KS,81952,US
7135,Reno,NV,96342,US
7136,Reno,NV,96342,US
7137,Surrey,BC,T1P 8B2,CA
7138,Springfield,MO,63280,US
7139,Madison,MO,16886,US
7140,Salem,UT,94763,US
7141,Salem,UT,94763,US
7142,Riverside,UT,15546,US
7143,Worcester,MA,78211,US
7144,Vancouver,BC,M3B 1G0,CA
7145,Franklin,KS,30812,US
7146,Riverside,NL,B3G 3V5,CA
7147,Edmonton,AB,S3G 9N8,CA
7148,Bristol,DE,30003,US
7149,Bristol,DE,30003,US
7150,Clinton,DE,29505,US
7151,Clinton,KS,77553,US
7152,Clinton,KS,77553,US
7153,Fairview,PE,B9N 6T2,CA
7154,Fairview,PE,B9N 6T2,CA
7155,Franklin,ND,56520,US
7156,Joliet,IL,81871,US
7157,Joliet,IL,81871,US
7158,Georgetown,MS,43520,US
7159,Chester,MS,77283,US
7160,Georgetown,MS,43520,US
7161,Salem,RI,96144,US
7162,Fairview,CT,82926,US
7163,Bristol,WI,26627,US
7164,Clinton,MS,75685,US
7165,Columbus,OH,11215,US
7166,Springfield,LA,63510,US
7167,Springfield,LA,63510,US
7168,Springfield,WV,56223,US
7169,Chester,VA,16901,US
7170,Riverside,VT,39640,US
7171,Bristol,HI,57423,US
7172,Clinton,KS,65868,US
7173,Madison,WI,39870,US
7174,Madison,WI,39870,US
7175,Bristol,AR,64573,US
7176,Bristol,AR,64573,US
7177,San Jose,CA,78636,US
7178,San Jose,CA,78636,US
7179,Tacoma,WA,30390,US
7180,Madison,HI,49349,US
7181,Madison,HI,49349,US
7182,Madison,WV,63545,US
7183,Springfield,NH,39118,US
7184,Springfield,NH,39118,US
7185,Toledo,OH,31311,US
7186,Riverside,NJ,44786,US
7187,Riverside,NJ,44786,US
7188,Riverside,NJ,44786,US
7189,Syracuse,NY,32906,US
7190,Syracuse,NY,32906,US
7191,Raleigh,NC,19644,US
7192,Madison,CT,72881,US
7193,Madison,CT,72881,US
7194,Los Angeles,CA,94242,US
7195,Los Angeles,CA,94242,US
7196,Spokane,WA,71256,US
7197,Franklin,KY,21088,US
7198,Franklin,KY,21088,US
7199,Franklin,KY,21088,US
7200,Fairview,WY,69756,US
7201,Springfield,MA,81655,US
7202,Springfield,MA,81655,US
7203,Springfield,MA,81655,US
7204,Franklin,NM,95445,US
7205,Toledo,OH,19146,US
7206,Bristol,NE,36572,US
7207,Fairview,MD,20433,US
7208,Macon,GA,14005,US
7209,Macon,GA,14005,US
7210,Salem,SK,M9E 1T4,CA
7211,Bristol,MS,12876,US
7212,Chester,MT,64019,US
7213,Chester,MT,64019,US
7214,Edmonton,AB,E6H 5H1,CA
7215,Clinton,AR,72630,US
7216,Clinton,AR,11748,US
7217,Madison,WY,24788,US
7218,Surrey,BC,J4S 7K6,CA
7219,Fairview,VA,90756,US
7220,Fairview,VA,90756,US
7221,Riverside,TN,11612,US
7222,Franklin,AL,55203,US
7223,Georgetown,CT,83379,US
7224,Clinton,VT,24161,US
7225,Clinton,VT,19700,US
7226,Clinton,VT,24161,US
7227,Riverside,KY,90559,US
7228,Madison,NE,61447,US
7229,Madison,LA,72385,US
7230,Madison,LA,72385,US
7231,Madison,LA,72385,US
7232,Seattle,WA,42755,US
7233,Seattle,WA,42755,US
7234,Franklin,TN,66022,US
7235,Franklin,TN,66022,US
7236,Chester,UT,38122,US
7237,Georgetown,MS,29667,US
7238,Tucson,AZ,80027,US
7239,Salem,MB,L6N 8P4,CA
7240,Springfield,KS,50007,US
7241,Riverside,KS,30773,US
7242,Chester,DE,46406,US
7243,Chester,DE,46406,US
7244,Franklin,DE,68629,US
7245,Bristol,NH,93720,US
7246,Victoria,BC,G5A 6M8,CA
7247,Bristol,VA,80107,US
7248,Bristol,VA,80107,US
7249,Madison,LA,15363,US
7250,Boulder,CO,83232,US
7251,Boulder,CO,83232,US
7252,Georgetown,AR,48234,US
7253,Georgetown,AR,48234,US
7254,Springfield,UT,17980,US
7255,Riverside,UT,76257,US
7256,Springfield,UT,17980,US
7257,Fort Lauderdale,FL,80019,US
7258,Miami,FL,52314,US
7259,Syracuse,NY,20989,US
7260,Syracuse,NY,20989,US
7261,Syracuse,NY,20989,US
7262,Houston,TX,31316,US
7263,Springfield,LA,40700,US
7264,Clinton,MD,60740,US
7265,Clinton,MD,60740,US
7266,Reading,PA,39205,US
7267,Reading,PA,39205,US
7268,Pittsburgh,PA,98389,US
7269,Riverside,MB,X4L 4X2,CA
7270,Fairview,ID,19158,US
7271,Riverside,WI,76909,US
7272,Riverside,WI,76909,US
7273,Bristol,TN,86934,US
7274,Bristol,TN,86934,US
7275,Georgetown,MD,97194,US
7276,Clinton,MD,55174,US
7277,Georgetown,MD,97194,US
7278,Chester,NJ,84869,US
7279,Springfield,HI,60349,US
7280,Tampa,FL,67962,US
7281,Franklin,NE,71841,US
7282,Salem,MN,95417,US
7283,Grand Rapids,MI,16885,US
7284,Grand Rapids,MI,16885,US
7285,Grand Rapids,MI,16885,US
7286,Raleigh,NC,22615,US
7287,Winston-Salem,NC,28150,US
7288,Durham,NC,71054,US
7289,Hamilton,ON,G5V 9Y0,CA
7290,Riverside,UT,18673,US
7291,Orlando,FL,44807,US
7292,Jacksonville,FL,22611,US
7293,Fort Lauderdale,FL,68540,US
7294,Bristol,ME,20446,US
7295,Franklin,UT,12010,US
7296,Franklin,UT,12010,US
7297,Franklin,UT,12010,US
7298,Salem,WY,40124,US
7299,Spokane,WA,87645,US
7300,Worcester,MA,81303,US
7301,Springfield,MA,54853,US
7302,Athens,GA,67819,US
7303,Salem,MN,96026,US
7304,Salem,MN,96026,US
7305,Franklin,DE,69329,US
7306,Franklin,DE,69329,US
7307,Franklin,DE,69329,US
7308,Charlotte,NC,22779,US
7309,Chester,NE,48933,US
7310,Burnaby,BC,E7N 6Y9,CA
7311,Surrey,BC,H8Y 8J8,CA
7312,Victoria,BC,H3M 8L1,CA
7313,Springfield,KY,47524,US
7314,Spokane,WA,33399,US
7315,Spokane,WA,33399,US
7316,Madison,ID,94360,US
7317,Riverside,OR,99088,US
7318,Chester,OR,13484,US
7319,Riverside,MT,44803,US
7320,Riverside,MT,44803,US
7321,Riverside,MT,44803,US
7322,Franklin,VA,83069,US
7323,Springfield,OK,38419,US
7324,Chester,DE,50145,US
7325,Chester,DE,50145,US
7326,Salem,DE,27981,US
7327,Cleveland,OH,71225,US
7328,Cleveland,OH,71225,US
7329,Cleveland,OH,71225,US
7330,Madison,PE,P7L 3B8,CA
7331,Madison,PE,P7L 3B8,CA
7332,Franklin,KS,93608,US
7333,Salem,AR,78389,US
7334,Salem,AR,78389,US
7335,Georgetown,VT,14645,US
7336,Georgetown,VT,14645,US
7337,Georgetown,NU,P1B 3X2,CA
7338,Georgetown,NU,P1B 3X2,CA
7339,Springfield,NU,J5K 5M2,CA
7340,Riverside,DE,25385,US
7341,Scottsdale,AZ,66720,US
7342,Scottsdale,AZ,66720,US
7343,Salem,UT,81131,US
7344,Salem,UT,81131,US
7345,Springfield,WV,30057,US
7346,Chester,MO,37346,US
7347,Salem,MO,11396,US
7348,Georgetown,MS,36733,US
7349,Georgetown,MS,36733,US
7350,Worcester,MA,96332,US
7351,Chester,ID,64903,US
7352,Clinton,ID,76890,US
7353,Augusta,GA,95004,US
7354,Springfield,TN,71562,US
7355,Franklin,NJ,30269,US
7356,Salem,NJ,78989,US
7357,Georgetown,KS,55869,US
7358,Georgetown,KS,55869,US
7359,Orlando,FL,99752,US
7360,Fairview,AR,20762,US
7361,Madison,AR,79789,US
7362,Springfield,LA,26119,US
7363,Georgetown,LA,55207,US
7364,Fairview,PE,N6P 2N1,CA
7365,Fairview,PE,N6P 2N1,CA
7366,Fairview,PE,N6P 2N1,CA
7367,Salem,OR,10284,US
7368,Springfield,OR,85551,US
7369,Cambridge,MA,27568,US
7370,Boston,MA,61035,US
7371,Medicine Hat,AB,K4J 4B4,CA
7372,Medicine Hat,AB,K4J 4B4,CA
7373,Riverside,WY,50382,US
7374,Chicago,IL,18060,US
7375,Longueuil,QC,Y9A 3H6,CA
7376,Athens,GA,74204,US
7377,Boston,MA,49343,US
7378,Boston,MA,49343,US
7379,Cambridge,MA,81361,US
7380,Clinton,NH,61039,US
7381,Clinton,NH,61039,US
7382,Madison,VT,64445,US
7383,Georgetown,WI,54027,US
7384,Springfield,AL,54330,US
7385,Durham,NC,53467,US
7386,Salem,NH,38594,US
7387,Salem,NH,51068,US
7388,Clinton,IN,94294,US
7389,Bristol,VT,97282,US
7390,Bristol,VT,97282,US
7391,Fairview,WY,88514,US
7392,Fairview,WY,88514,US
7393,Madison,MO,42877,US
7394,Bristol,DE,78764,US
7395,Bristol,DE,78764,US
7396,Sparks,NV,19247,US
7397,Sparks,NV,19247,US
7398,Bristol,CT,73120,US
7399,Bristol,CT,73120,US
7400,Georgetown,OR,26550,US
7401,Georgetown,AK,86863,US
7402,Georgetown,AK,86863,US
7403,Georgetown,AK,86863,US
7404,Georgetown,NS,V4H 9R2,CA
7405,Chester,OR,20736,US
7406,Chester,OR,20736,US
7407,Chester,OR,20736,US
7408,Salem,DE,98744,US
7409,Bristol,AK,68190,US
7410,Bristol,AK,68190,US
7411,Athens,GA,13246,US
7412,Atlanta,GA,68729,US
7413,Franklin,MS,13026,US
7414,Franklin,MS,13026,US
7415,Salem,MS,85271,US
7416,Akron,OH,96957,US
7417,Franklin,MB,A2P 1B5,CA
7418,Seattle,WA,60160,US
7419,Clinton,CT,81525,US
7420,Georgetown,SD,93054,US
7421,Cincinnati,OH,93056,US
7422,Atlanta,GA,38889,US
7423,Fairview,AL,52820,US
7424,Fairview,AL,52820,US
7425,Orlando,FL,70836,US
7426,Orlando,FL,70836,US
7427,Bristol,MS,84029,US
7428,Bristol,MS,84029,US
7429,Riverside,WV,70168,US
7430,Riverside,WV,70168,US
7431,Cambridge,MA,25990,US
7432,Franklin,IN,60063,US
7433,Springfield,WI,56706,US
7434,Franklin,SC,44189,US
7435,Franklin,SC,44189,US
7436,New York,NY,53908,US
7437,New York,NY,53908,US
7438,New York,NY,53908,US
7439,Georgetown,HI,73990,US
7440,Georgetown,HI,73990,US
7441,Chester,NE,31593,US
7442,Lethbridge,AB,R7R 1V2,CA
7443,Medicine Hat,AB,E5J 7Y9,CA
7444,Durham,NC,39107,US
7445,Durham,NC,39107,US
7446,Edmonton,AB,X5J 3K2,CA
7447,Madison,RI,87739,US
7448,Springfield,NB,R6T 8J7,CA
7449,Georgetown,NB,P7C 7B5,CA
7450,Chester,IA,55969,US
7451,Chester,IA,55969,US
7452,Chester,IA,55969,US
7453,Winston-Salem,NC,41322,US
7454,Raleigh,NC,52819,US
7455,Riverside,AK,55390,US
7456,Riverside,AK,55390,US
7457,Georgetown,DE,26817,US
7458,Aurora,IL,84807,US
7459,Naperville,IL,15136,US
7460,Fairview,NM,77012,US
7461,Riverside,NE,13609,US
7462,Riverside,NE,13609,US
7463,Riverside,NE,13609,US
7464,Tampa,FL,91723,US
7465,Salem,NE,81546,US
7466,Georgetown,AR,66303,US
7467,Georgetown,AR,66303,US
7468,Erie,PA,86915,US
7469,Reading,PA,40009,US
7470,Salem,NB,G4R 9R6,CA
7471,Riverside,NB,B9E 1B4,CA
7472,Bristol,DE,21826,US
7473,Madison,IA,98782,US
7474,Riverside,MD,92626,US
7475,Clinton,KY,25912,US
7476,Chester,YT,P4C 8T8,CA
7477,Bristol,YT,B5H 1Y4,CA
7478,Chester,YT,P4C 8T8,CA
7479,Chester,VT,57463,US
7480,Philadelphia,PA,90227,US
7481,Erie,PA,89332,US
7482,Chester,IA,73303,US
7483,Chester,IA,73303,US
7484,Clinton,NE,25065,US
7485,Clinton,NE,25065,US
7486,Bristol,HI,29225,US
7487,Salem,LA,81415,US
7488,Salem,LA,81415,US
7489,Salem,LA,81415,US
7490,Madison,AR,24438,US
7491,Bristol,VA,50557,US
7492,Bristol,VA,50557,US
7493,Georgetown,VT,37185,US
7494,Georgetown,NM,59149,US
7495,Georgetown,NM,59149,US
7496,Clinton,LA,98641,US
7497,Franklin,LA,53149,US
7498,Clinton,TN,86597,US
7499,Clinton,TN,86597,US
7500,Salem,WY,82521,US
7501,Riverside,WY,51496,US
7502,Allentown,PA,87878,US
7503,Salem,SD,35235,US
7504,Chester,WV,31189,US
7505,Georgetown,ID,13520,US
7506,Georgetown,ID,13520,US
7507,Sacramento,CA,37020,US
7508,Sacramento,CA,37020,US
7509,Sacramento,CA,37020,US
7510,Madison,KY,38783,US
7511,Madison,KY,38783,US
7512,Clinton,KY,32100,US
7513,Salem,NT,N2L 2P4,CA
7514,Jacksonville,FL,25219,US
7515,Jacksonville,FL,25219,US
7516,Jacksonville,FL,25219,US
7517,Fairview,AR,59983,US
7518,Madison,NS,P4E 7J1,CA
7519,Georgetown,VA,91811,US
7520,Las Vegas,NV,14885,US
7521,Las Vegas,NV,14885,US
7522,Las Vegas,NV,36430,US
7523,Reading,PA,85774,US
7524,Riverside,MO,62930,US
7525,Riverside,MO,62930,US
7526,Springfield,MO,77843,US
7527,Riverside,VA,19247,US
7528,Springfield,DE,80042,US
7529,Tampa,FL,75440,US
7530,Riverside,LA,23972,US
7531,Reno,NV,40150,US
7532,Franklin,OR,49575,US
7533,Seattle,WA,46637,US
7534,Springfield,MO,42896,US
7535,Fairview,AL,84549,US
7536,Georgetown,NM,63772,US
7537,Georgetown,NM,63772,US
7538,Franklin,NM,44738,US
7539,Bristol,OK,21596,US
7540,Chester,NM,28394,US
7541,Fairview,VA,50628,US
7542,Aurora,CO,99144,US
7543,Ottawa,ON,J8N 1B9,CA
7544,Aurora,CO,35477,US
7545,Aurora,CO,35477,US
7546,Salem,NH,20438,US
7547,Franklin,KS,69894,US
7548,Fairview,NB,N3H 2S8,CA
7549,Bristol,NB,K9P 7J4,CA
7550,Fairview,NB,N3H 2S8,CA
7551,Clinton,RI,71174,US
7552,Riverside,CT,10396,US
7553,Franklin,MB,Y7S 4P3,CA
7554,Franklin,MB,Y7S 4P3,CA
7555,Madison,KY,84154,US
7556,Madison,KY,84154,US
7557,Greensboro,NC,68169,US
7558,Greensboro,NC,68169,US
7559,Bristol,YT,G4H 2K5,CA
7560,Salem,YT,C2N 3P5,CA
7561,Franklin,DE,52425,US
7562,Franklin,DE,52425,US
7563,Bristol,VT,73298,US
7564,Bristol,VT,73298,US
7565,Bristol,ND,91859,US
7566,Franklin,OR,34105,US
7567,Montreal,QC,J6M 6M7,CA
7568,Montreal,QC,J6M 6M7,CA
7569,Madison,MS,39619,US
7570,Madison,MS,39619,US
7571,Georgetown,MS,31393,US
7572,Fairview,MB,T9P 9L1,CA
7573,Salem,AL,25759,US
7574,Vancouver,WA,77263,US
7575,Bristol,AL,25977,US
7576,Fairview,UT,97943,US
7577,Franklin,IN,31837,US
7578,Georgetown,WV,79574,US
7579,Chester,RI,46302,US
7580,Salem,NH,19869,US
7581,Georgetown,NH,43780,US
7582,Springfield,MT,23519,US
7583,Clinton,MT,64113,US
7584,Joliet,IL,15242,US
7585,Joliet,IL,15242,US
7586,Joliet,IL,15242,US
7587,Calgary,AB,V8Y 6H0,CA
7588,Austin,TX,37315,US
7589,Austin,TX,15851,US
7590,Madison,KY,58928,US
7591,Madison,KY,58928,US
7592,Madison,KY,58928,US
7593,Bristol,NB,H8P 5K0,CA
7594,Chester,NB,K5L 4R3,CA
7595,Salem,NE,32347,US
7596,Salem,NE,32347,US
7597,Grand Rapids,MI,84010,US
7598,Edmonton,AB,B6E 3Y5,CA
7599,Edmonton,AB,B6E 3Y5,CA
7600,Ann Arbor,MI,33331,US
7601,Detroit,MI,70502,US
7602,Ann Arbor,MI,33331,US
7603,Longueuil,QC,A3B 5J9,CA
7604,Montreal,QC,T4Y 1S4,CA
7605,Bellevue,WA,97569,US
7606,Bellevue,WA,97569,US
7607,Riverside,ND,24646,US
7608,Riverside,ND,24646,US
7609,Cambridge,MA,13123,US
7610,Madison,PE,A4K 1M8,CA
7611,Madison,PE,A4K 1M8,CA
7612,Springfield,PE,M1V 6Y9,CA
7613,Georgetown,NE,38600,US
7614,Cincinnati,OH,78099,US
7615,Cincinnati,OH,78099,US
7616,Chester,WI,47308,US
7617,Chester,WI,47308,US
7618,Bristol,NB,A4C 6K5,CA
7619,Franklin,AK,17246,US
7620,Fairview,VA,31462,US
7621,Springfield,NM,24203,US
7622,Springfield,MD,16495,US
7623,San Antonio,TX,55898,US
7624,Dallas,TX,26706,US
7625,San Antonio,TX,55898,US
7626,Salem,NS,R4K 6E6,CA
7627,Riverside,RI,36898,US
7628,Macon,GA,44093,US
7629,Macon,GA,44093,US
7630,Chicago,IL,62467,US
7631,Fairview,HI,96557,US
7632,Aurora,IL,28309,US
7633,Aurora,IL,28309,US
7634,Syracuse,NY,38210,US
7635,Syracuse,NY,38210,US
7636,Riverside,NH,99149,US
7637,Riverside,NH,99149,US
7638,Riverside,OK,28314,US
7639,Riverside,OK,28314,US
7640,Riverside,OK,28314,US
7641,Spokane,WA,93216,US
7642,Clinton,HI,23127,US
7643,Clinton,HI,23127,US
7644,Clinton,HI,23127,US
7645,Springfield,UT,42236,US
7646,Springfield,UT,42236,US
7647,Springfield,UT,42236,US
7648,Bristol,OR,25010,US
7649,Bristol,OR,25010,US
7650,Fairview,NJ,88465,US
7651,Fairview,NJ,88465,US
7652,Springfield,NJ,75415,US
7653,Albany,NY,35510,US
7654,Albany,NY,35510,US
7655,Albany,NY,35510,US
7656,Bristol,PE,Y5A 7A9,CA
7657,Bristol,PE,Y5A 7A9,CA
7658,Riverside,MN,24444,US
7659,Riverside,MN,57398,US
7660,Chester,AR,77683,US
7661,Chester,AR,77683,US
7662,Georgetown,SC,55076,US
7663,Clinton,SC,81286,US
7664,Bristol,WY,54247,US
7665,Madison,IA,42995,US
7666,Franklin,HI,32210,US
7667,Franklin,HI,32210,US
7668,Spokane,WA,75822,US
7669,Fairview,VT,54626,US
7670,Fairview,VT,54626,US
7671,Boston,MA,38965,US
7672,Boston,MA,38965,US
7673,Springfield,WY,93086,US
7674,Franklin,OK,15417,US
7675,Salem,SD,68065,US
7676,Bellevue,WA,76629,US
7677,Longueuil,QC,M2E 8R1,CA
7678,Salem,SD,15636,US
7679,Franklin,CT,54647,US
7680,Reno,NV,99123,US
7681,Rochester,NY,97124,US
7682,Rochester,NY,97124,US
7683,Chester,MS,58289,US
7684,Chester,MS,58289,US
7685,Fairview,KS,27274,US
7686,Seattle,WA,61775,US
7687,Franklin,NL,G3R 1M0,CA
7688,Durham,NC,14573,US
7689,Raleigh,NC,56130,US
7690,Durham,NC,14573,US
7691,Fairview,DE,70350,US
7692,Madison,DE,14352,US
7693,Riverside,HI,48889,US
7694,Fairview,HI,77624,US
7695,Riverside,HI,48889,US
7696,Madison,NM,32904,US
7697,Ottawa,ON,L2J 6V3,CA
7698,Ottawa,ON,L2J 6V3,CA
7699,San Jose,CA,30339,US
7700,Sacramento,CA,59337,US
7701,Springfield,DE,82887,US
7702,Fairview,WV,16879,US
7703,Fairview,WV,16879,US
7704,Springfield,IA,32512,US
7705,Springfield,IA,32512,US
7706,Springfield,IA,32512,US
7707,Fairview,SK,J5V 1M5,CA
7708,Chester,NJ,47206,US
7709,Tacoma,WA,17442,US
7710,Hamilton,ON,S8S 2S5,CA
7711,Hamilton,ON,S8S 2S5,CA
7712,Fort Collins,CO,71402,US
7713,Fort Collins,CO,71402,US
7714,Fort Collins,CO,71402,US
7715,Chester,NM,24896,US
7716,Fairview,CT,14572,US
7717,Salem,CT,47681,US
7718,Detroit,MI,96271,US
7719,Detroit,MI,96271,US
7720,Warren,MI,63144,US
7721,Riverside,KY,32188,US
7722,Franklin,KY,99443,US
7723,Franklin,KY,99443,US
7724,Scottsdale,AZ,66559,US
7725,Fairview,VA,66302,US
7726,Fairview,VA,66302,US
7727,Riverside,PE,N6P 4E3,CA
7728,Riverside,PE,C3E 4T4,CA
7729,Riverside,PE,N6P 4E3,CA
7730,Franklin,DE,94665,US
7731,Franklin,DE,94665,US
7732,Franklin,DE,60906,US
7733,Georgetown,OK,28628,US
7734,Georgetown,OK,28628,US
7735,Seattle,WA,98156,US
7736,Seattle,WA,98156,US
7737,Seattle,WA,98156,US
7738,Madison,KY,41343,US
7739,Madison,KY,41343,US
7740,Georgetown,ID,23089,US
7741,Salem,VT,55279,US
7742,Chester,AK,17173,US
7743,Miami,FL,99627,US
7744,Tampa,FL,64793,US
7745,Miami,FL,11131,US
7746,Georgetown,MD,52919,US
7747,Georgetown,MD,52919,US
7748,Franklin,NL,K8T 1X2,CA
7749,Georgetown,NL,X8J 9H8,CA
7750,Chester,YT,E3P 5P1,CA
7751,Madison,NS,C3C 3A0,CA
7752,Atlanta,GA,63211,US
7753,Atlanta,GA,63211,US
7754,Vancouver,WA,24233,US
7755,Franklin,MT,77603,US
7756,Riverside,AR,57842,US
7757,Franklin,WV,12521,US
7758,Chester,WV,61017,US
7759,Toledo,OH,55166,US
7760,Franklin,DE,38379,US
7761,Chester,DE,28835,US
7762,Clinton,DE,38041,US
7763,Riverside,AL,84819,US
7764,Georgetown,NJ,98199,US
7765,Georgetown,NJ,98199,US
7766,Madison,AL,75719,US
7767,Mississauga,ON,R3J 8R7,CA
7768,Franklin,NE,42476,US
7769,Clinton,RI,77288,US
7770,Riverside,NE,61258,US
7771,Chester,NE,94187,US
7772,Madison,OR,75114,US
7773,Georgetown,OR,14469,US
7774,Madison,NL,V9S 1J5,CA
7775,Colorado Springs,CO,22987,US
7776,Springfield,HI,45932,US
7777,Springfield,HI,45932,US
7778,Bristol,NM,54896,US
7779,Riverside,WI,45792,US
7780,Chester,RI,95594,US
7781,Georgetown,SC,44116,US
7782,Bristol,WY,99976,US
7783,Franklin,AL,10641,US
7784,Springfield,ME,73895,US
7785,Greensboro,NC,54165,US
7786,Greensboro,NC,54165,US
7787,Dallas,TX,16880,US
7788,Madison,VT,37288,US
7789,Fort Worth,TX,60179,US
7790,Chester,YT,X7M 7C4,CA
7791,Worcester,MA,85340,US
7792,Worcester,MA,79463,US
7793,Madison,KS,85866,US
7794,Clinton,AL,93528,US
7795,Bristol,OR,92610,US
7796,Victoria,BC,E3H 6A7,CA
7797,Madison,TN,12917,US
7798,Lethbridge,AB,Y1G 8Y8,CA
7799,Lethbridge,AB,Y1G 8Y8,CA
7800,Salem,IN,71106,US
7801,Salem,IN,71106,US
7802,Bristol,LA,83021,US
7803,Springfield,MA,28780,US
7804,Colorado Springs,CO,35400,US
7805,Colorado Springs,CO,35400,US
7806,Boulder,CO,21695,US
7807,Fairview,NJ,33785,US
7808,Clinton,ND,51324,US
7809,Clinton,ND,51324,US
7810,Warren,MI,20315,US
7811,Georgetown,NH,55285,US
7812,Georgetown,NH,55285,US
7813,Scottsdale,AZ,18606,US
7814,Scottsdale,AZ,78641,US
7815,Albany,NY,87540,US
7816,Albany,NY,87540,US
7817,Georgetown,WV,91640,US
7818,Riverside,NL,S8P 6V0,CA
7819,Laval,QC,H4P 5L8,CA
7820,Laval,QC,H4P 5L8,CA
7821,Chandler,AZ,93003,US
7822,Chandler,AZ,93003,US
7823,Chester,TN,49695,US
7824,Riverside,OR,83094,US
7825,Riverside,OR,78145,US
7826,Springfield,NE,47034,US
7827,Springfield,NE,47034,US
7828,Columbus,OH,62261,US
7829,Cambridge,MA,57497,US
7830,Bristol,MN,45411,US
7831,Clinton,UT,72891,US
7832,Clinton,UT,72891,US
7833,Bristol,OR,73710,US
7834,Chester,OR,70341,US
7835,Madison,NL,V3M 4J8,CA
7836,Georgetown,NL,K8V 9T5,CA
7837,Durham,NC,47172,US
7838,Charlotte,NC,91405,US
7839,Durham,NC,47172,US
7840,Bellevue,WA,27798,US
7841,Franklin,NS,P5T 3P1,CA
7842,Clinton,RI,11971,US
7843,Franklin,NE,72074,US
7844,Franklin,NE,72074,US
7845,Chester,NE,43520,US
7846,Salem,YT,M7T 1M6,CA
7847,Bristol,OK,63237,US
7848,Bristol,OK,63237,US
7849,Bristol,OK,63237,US
7850,Winston-Salem,NC,51754,US
7851,Los Angeles,CA,48599,US
7852,Chandler,AZ,26615,US
7853,Fairview,MD,46976,US
7854,Syracuse,NY,21486,US
7855,Syracuse,NY,21486,US
7856,Syracuse,NY,21486,US
7857,Franklin,NS,Y7T 1M1,CA
7858,Fairview,OR,55927,US
7859,Bristol,SC,64445,US
7860,Riverside,SC,73894,US
7861,Rochester,NY,57648,US
7862,Spokane,WA,28357,US
7863,Spokane,WA,28357,US
7864,Madison,ME,81266,US
7865,Clinton,TN,11230,US
7866,Gatineau,QC,H2T 5M0,CA
7867,Laval,QC,X3S 3X1,CA
7868,Gatineau,QC,H2T 5M0,CA
7869,Clinton,VA,45070,US
7870,Clinton,VA,45070,US
7871,Calgary,AB,M9P 3M6,CA
7872,Georgetown,MD,41535,US
7873,Madison,AK,89709,US
7874,Longueuil,QC,B8L 6Y5,CA
7875,Longueuil,QC,B8L 6Y5,CA
7876,Chester,WI,13598,US
7877,Augusta,GA,41383,US
7878,Augusta,GA,41383,US
7879,Riverside,HI,32580,US
7880,Riverside,HI,32580,US
7881,Riverside,NU,G4B 8Y8,CA
7882,Salem,NU,S3S 8K7,CA
7883,Springfield,MS,97038,US
7884,San Diego,CA,71550,US
7885,Georgetown,SD,46962,US
7886,Georgetown,RI,44154,US
7887,Salem,NE,41947,US
7888,Salem,NE,41947,US
7889,Rochester,NY,49461,US
7890,Rochester,NY,49461,US
7891,Fairview,OR,29450,US
7892,Fairview,OR,29450,US
7893,Fairview,OR,83780,US
7894,Fort Collins,CO,62551,US
7895,Fort Collins,CO,62551,US
7896,Fort Collins,CO,62551,US
7897,Bristol,UT,91789,US
7898,Bristol,UT,91789,US
7899,Bristol,UT,91789,US
7900,Riverside,UT,21158,US
7901,Salem,AK,55643,US
7902,Salem,ID,52724,US
7903,Chester,NS,V9N 3L4,CA
7904,Chester,NS,V9N 3L4,CA
7905,Franklin,NS,K8J 4R4,CA
7906,Salem,AR,70828,US
7907,Springfield,AR,60993,US
7908,Franklin,NH,87404,US
7909,Salem,WY,95257,US
7910,Springfield,NJ,79419,US
7911,Clinton,NJ,87642,US
7912,Salem,HI,51169,US
7913,Aurora,IL,49253,US
7914,Madison,WY,97502,US
7915,Franklin,WY,71729,US
7916,Toledo,OH,31788,US
7917,Chester,IN,36467,US
7918,Fairview,OR,69109,US
7919,Fairview,OR,69109,US
7920,Boulder,CO,48359,US
7921,Boulder,CO,43161,US
7922,Clinton,NM,14182,US
7923,Houston,TX,20580,US
7924,Chester,KY,87464,US
7925,Madison,CT,45768,US
7926,Fairview,MT,99008,US
7927,Georgetown,PE,C6Y 7E0,CA
7928,Burnaby,BC,V2B 5E2,CA
7929,Franklin,LA,10938,US
7930,Fairview,LA,56946,US
7931,Chester,MB,L6N 9L2,CA
7932,Atlanta,GA,13185,US
7933,Madison,MT,61847,US
7934,Madison,MT,61847,US
7935,Madison,MT,61847,US
7936,Akron,OH,25408,US
7937,Akron,OH,25408,US
7938,Akron,OH,25408,US
7939,Salem,ND,71893,US
7940,Salem,OR,69399,US
7941,Salem,OR,69399,US
7942,Springfield,MB,N8G 8E4,CA
7943,Salem,DE,13429,US
7944,Durham,NC,89591,US
7945,Madison,VA,41324,US
7946,Riverside,TN,33474,US
7947,Riverside,TN,33474,US
7948,Chester,TN,39598,US
7949,Fairview,NM,87041,US
7950,Fairview,NM,87041,US
7951,Madison,OR,47324,US
7952,Salem,IA,25214,US
7953,Bristol,IA,39904,US
7954,Franklin,MN,64905,US
7955,Bristol,MN,92217,US
7956,Bristol,MN,92217,US
7957,Fairview,WV,94942,US
7958,Georgetown,ND,83034,US
7959,Georgetown,ND,83034,US
7960,San Francisco,CA,31402,US
7961,Riverside,UT,53894,US
7962,Riverside,UT,53894,US
7963,Longueuil,QC,P2X 2T2,CA
7964,Gatineau,QC,E2L 5G5,CA
7965,Chandler,AZ,75109,US
7966,Riverside,MT,73609,US
7967,Riverside,MT,73609,US
7968,Georgetown,NT,A8S 1R6,CA
7969,Madison,ID,81728,US
7970,Fairview,AL,26041,US
7971,Fairview,AL,26041,US
7972,Fairview,AL,26041,US
7973,Clinton,NH,53509,US
7974,Madison,NH,28339,US
7975,Clinton,NH,53509,US
7976,Salem,SD,37155,US
7977,Franklin,AR,43512,US
7978,Bristol,ID,81541,US
7979,Clinton,ID,21031,US
7980,Bristol,ID,81541,US
7981,Macon,GA,14261,US
7982,Athens,GA,52129,US
7983,Macon,GA,14261,US
7984,Georgetown,VT,59969,US
7985,Macon,GA,27127,US
7986,Bristol,IA,45784,US
7987,Fairview,SK,Y8N 3P3,CA
7988,Clinton,NJ,53132,US
7989,Georgetown,ID,53521,US
7990,Georgetown,ID,53521,US
7991,Chester,CT,16159,US
7992,Chester,CT,16159,US
7993,Chester,CT,16159,US
7994,Georgetown,OK,63321,US
7995,Georgetown,OK,63321,US
7996,Georgetown,OK,63321,US
7997,Fort Worth,TX,20784,US
7998,New York,NY,15653,US
7999,Fairview,WY,90752,US
8000,Clinton,WY,71058,US
8001,Chester,WY,41598,US
8002,Red Deer,AB,M7H 3C2,CA
8003,Red Deer,AB,M7H 3C2,CA
8004,Salem,ME,33227,US
8005,Salem,NL,R9Y 6A8,CA
8006,Bristol,YT,C6R 1H4,CA
8007,Chester,DE,10088,US
8008,Chester,KY,37403,US
8009,Chester,KY,37403,US
8010,Clinton,CT,46090,US
8011,Clinton,CT,46090,US
8012,Franklin,TN,39622,US
8013,Rochester,NY,12678,US
8014,Bristol,KS,97870,US
8015,Albany,NY,78737,US
8016,Albany,NY,78737,US
8017,Albany,NY,78737,US
8018,Ann Arbor,MI,45257,US
8019,Montreal,QC,J1V 9R4,CA
8020,Springfield,MB,C5N 7X1,CA
8021,Madison,RI,15463,US
8022,Madison,RI,15463,US
8023,Laval,QC,X8Y 8P1,CA
8024,Franklin,WI,42694,US
8025,Chester,OK,33408,US
8026,London,ON,K4A 2V7,CA
8027,Franklin,DE,64243,US
8028,Franklin,DE,64243,US
8029,Salem,DE,33736,US
8030,Salem,AR,28545,US
8031,Salem,AR,28545,US
8032,Salem,AR,28545,US
8033,Chester,HI,40551,US
8034,Macon,GA,12573,US
8035,Augusta,GA,47047,US
8036,Macon,GA,12573,US
8037,Georgetown,IA,52578,US
8038,Riverside,WI,86403,US
8039,Riverside,WI,86403,US
8040,Mesa,AZ,97077,US
8041,Tucson,AZ,61639,US
8042,Fairview,KS,19948,US
8043,Fairview,KS,19948,US
8044,Riverside,OK,90879,US
8045,Chester,OK,10513,US
8046,Madison,ID,24022,US
8047,Madison,ID,24022,US
8048,Springfield,MA,51303,US
8049,Clinton,PE,Y5T 5X0,CA
8050,Madison,MS,29132,US
8051,Madison,MS,29132,US
8052,Clinton,MT,32178,US
8053,Franklin,MT,79126,US
8054,Clinton,MT,32178,US
8055,Salem,AK,77076,US
8056,Salem,AK,77076,US
8057,Riverside,AK,24663,US
8058,Salem,DE,65718,US
8059,Salem,DE,65718,US
8060,Madison,DE,69158,US
8061,Salem,KY,19450,US
8062,Raleigh,NC,80421,US
8063,Tucson,AZ,50501,US
8064,Chandler,AZ,78077,US
8065,Chandler,AZ,78077,US
8066,Georgetown,ID,17920,US
8067,Springfield,NU,B4K 8E8,CA
8068,Madison,UT,19369,US
8069,Fairview,AK,26261,US
8070,Fairview,AK,26261,US
8071,Albany,NY,21648,US
8072,Franklin,AL,62893,US
8073,Franklin,AL,62893,US
8074,Franklin,AL,62893,US
8075,Bristol,NE,30641,US
8076,Bristol,NE,30641,US
8077,Bristol,NE,30641,US
8078,Chester,ME,78912,US
8079,Chester,ME,78912,US
8080,Chester,ME,78912,US
8081,Springfield,AR,70627,US
8082,Springfield,AR,21363,US
8083,Georgetown,AR,37705,US
8084,Fairview,AR,29391,US
8085,Salem,LA,67550,US
8086,Salem,LA,67550,US
8087,Clinton,TN,58645,US
8088,Clinton,TN,58645,US
8089,Clinton,TN,58645,US
8090,Chester,AR,81480,US
8091,Riverside,SC,14892,US
8092,Fairview,IA,29303,US
8093,Fairview,IA,29303,US
8094,Fairview,NB,G7X 1X6,CA
8095,Madison,ND,77474,US
8096,Madison,ND,77474,US
8097,Pittsburgh,PA,59647,US
8098,Durham,NC,78443,US
8099,San Francisco,CA,71706,US
8100,San Francisco,CA,71706,US
8101,Chester,NH,47647,US
8102,Bristol,VT,68297,US
8103,Springfield,AK,50550,US
8104,Springfield,AK,50550,US
8105,Springfield,AK,50550,US
8106,Bristol,IN,42178,US
8107,Bristol,IN,42178,US
8108,Miami,FL,69883,US
8109,Miami,FL,69883,US
8110,Madison,SC,63270,US
8111,Madison,SC,12185,US
8112,Dallas,TX,55977,US
8113,Dallas,TX,55977,US
8114,San Antonio,TX,32477,US
8115,Chicago,IL,69368,US
8116,Chicago,IL,20823,US
8117,Springfield,SD,51454,US
8118,Springfield,SD,51454,US
8119,Springfield,SD,51454,US
8120,Tacoma,WA,61350,US
8121,Tacoma,WA,61350,US
8122,Springfield,MD,13629,US
8123,Springfield,MD,13629,US
8124,Georgetown,NL,S8H 3X9,CA
8125,Riverside,VT,43524,US
8126,Riverside,VT,43524,US
8127,Bristol,MO,86520,US
8128,Bristol,MO,86520,US
8129,Madison,MN,30990,US
8130,Madison,MN,30990,US
8131,Madison,NH,92952,US
8132,Clinton,NH,38755,US
8133,Madison,NH,92952,US
8134,Georgetown,VA,98510,US
8135,Salem,MS,92688,US
8136,Fairview,SC,76037,US
8137,Detroit,MI,94331,US
8138,Detroit,MI,94331,US
8139,Detroit,MI,94331,US
8140,Fairview,CT,92903,US
8141,Madison,MN,69412,US
8142,Madison,MN,69412,US
8143,Clinton,NE,64102,US
8144,Georgetown,PE,E7K 4B7,CA
8145,Franklin,AL,39172,US
8146,Philadelphia,PA,88498,US
8147,Bristol,NM,40349,US
8148,Chester,NM,40345,US
8149,Riverside,TN,54734,US
8150,Joliet,IL,19011,US
8151,Joliet,IL,19011,US
8152,Joliet,IL,19011,US
8153,Worcester,MA,91746,US
8154,Worcester,MA,91746,US
8155,Worcester,MA,91746,US
8156,Fairview,AL,77422,US
8157,Madison,MD,63444,US
8158,Franklin,AK,89440,US
8159,Fairview,WI,68516,US
8160,Springfield,WI,41638,US
8161,Bristol,NT,N2K 7E8,CA
8162,Franklin,WY,95512,US
8163,Franklin,WY,95512,US
8164,Tacoma,WA,73571,US
8165,Joliet,IL,91925,US
8166,Joliet,IL,91925,US
8167,Bristol,SC,57671,US
8168,Riverside,NE,13428,US
8169,Philadelphia,PA,85178,US
8170,Franklin,AL,49797,US
8171,Clinton,AL,14511,US
8172,Fairview,AR,72736,US
8173,Victoria,BC,B3B 9X6,CA
8174,Vancouver,BC,S2H 7K7,CA
8175,Chester,VA,44053,US
8176,Springfield,AK,12466,US
8177,Madison,NT,N2X 7G8,CA
8178,Madison,NT,N2X 7G8,CA
8179,Surrey,BC,C4L 8X2,CA
8180,Surrey,BC,C4L 8X2,CA
8181,Clinton,WY,15997,US
8182,Clinton,WY,15997,US
8183,Salem,ID,76404,US
8184,Sparks,NV,64016,US
8185,Las Vegas,NV,27805,US
8186,Tacoma,WA,13817,US
8187,Fairview,WV,78837,US
8188,Riverside,WV,45378,US
8189,Fairview,AK,42423,US
8190,Fairview,AK,42423,US
8191,Fairview,AK,42423,US
8192,Madison,RI,58954,US
8193,Madison,RI,58954,US
8194,Madison,RI,58954,US
8195,Georgetown,NJ,98613,US
8196,Georgetown,NJ,98613,US
8197,Vancouver,BC,C5H 4A4,CA
8198,Vancouver,BC,C5H 4A4,CA
8199,Chester,ND,95541,US
8200,Springfield,SD,38294,US
8201,Chester,SD,34508,US
8202,Bristol,NB,S1A 2L2,CA
8203,Riverside,SC,64155,US
8204,Riverside,SC,64155,US
8205,Riverside,SC,64155,US
8206,Bristol,LA,19976,US
8207,Bristol,LA,19976,US
8208,Augusta,GA,72878,US
8209,Augusta,GA,72878,US
8210,Mesa,AZ,25367,US
8211,Mesa,AZ,25367,US
8212,Springfield,LA,88531,US
8213,Fairview,LA,16606,US
8214,Fairview,RI,78288,US
8215,Dallas,TX,16625,US
8216,Springfield,MO,37680,US
8217,Springfield,MO,37680,US
8218,New York,NY,53874,US
8219,Rochester,NY,59184,US
8220,Bristol,MT,96972,US
8221,Madison,MT,97531,US
8222,Bellevue,WA,79919,US
8223,Riverside,IN,12682,US
8224,Riverside,IN,12682,US
8225,Chester,SC,84045,US
8226,Salem,MB,S6P 1H6,CA
8227,Allentown,PA,14527,US
8228,Aurora,CO,55974,US
8229,Aurora,CO,55974,US
8230,Franklin,DE,33500,US
8231,Springfield,ND,37179,US
8232,Springfield,ND,37179,US
8233,Springfield,ND,37179,US
8234,Bristol,NT,B9S 2L2,CA
8235,Springfield,NE,30631,US
8236,Springfield,NE,30631,US
8237,Montreal,QC,L9V 2M7,CA
8238,Montreal,QC,L9V 2M7,CA
8239,Montreal,QC,L9V 2M7,CA
8240,Chester,NT,G8E 9C8,CA
8241,Chester,NT,G8E 9C8,CA
8242,Franklin,MT,99667,US
8243,Franklin,MT,99667,US
8244,Franklin,MT,99667,US
8245,Joliet,IL,81405,US
8246,Naperville,IL,31487,US
8247,Joliet,IL,81405,US
8248,Springfield,MB,E9R 7E0,CA
8249,Chester,CT,13110,US
8250,Franklin,WI,21022,US
8251,Franklin,WI,21022,US
8252,Franklin,WI,21022,US
8253,Chester,MT,98794,US
8254,Clinton,MT,40558,US
8255,Franklin,MT,82721,US
8256,Sparks,NV,47410,US
8257,Clinton,RI,93267,US
8258,Clinton,RI,93267,US
8259,Franklin,IA,88491,US
8260,Clinton,WV,28030,US
8261,Quebec City,QC,L4R 3Y6,CA
8262,Quebec City,QC,L4R 3Y6,CA
8263,Franklin,NS,E3Y 4G7,CA
8264,Franklin,NS,J2G 4V4,CA
8265,Akron,OH,40995,US
8266,Clinton,PE,B1R 9N5,CA
8267,Clinton,PE,B1R 9N5,CA
8268,Riverside,NJ,27332,US
8269,Riverside,NJ,27332,US
8270,Detroit,MI,38108,US
8271,Longueuil,QC,X7Y 2L8,CA
8272,Chester,ND,42131,US
8273,Chester,ND,42131,US
8274,Tacoma,WA,11208,US
8275,Georgetown,MO,86379,US
8276,Madison,VT,89851,US
8277,Franklin,ND,15703,US
8278,Springfield,ND,88365,US
8279,Franklin,OR,92656,US
8280,Franklin,OR,92656,US
8281,Denver,CO,97782,US
8282,Denver,CO,97782,US
8283,Denver,CO,97782,US
8284,Laval,QC,C3B 8C6,CA
8285,Laval,QC,C3B 8C6,CA
8286,North Las Vegas,NV,13616,US
8287,Chester,MT,17258,US
8288,Chester,MT,17258,US
8289,Madison,MT,85759,US
8290,Springfield,MT,20097,US
8291,Scottsdale,AZ,36956,US
8292,Salem,SK,Y4M 2J2,CA
8293,Reno,NV,62141,US
8294,Las Vegas,NV,81383,US
8295,Madison,DE,19645,US
8296,Bristol,MS,13094,US
8297,Fairview,AL,91968,US
8298,Springfield,HI,23380,US
8299,Springfield,HI,23380,US
8300,Fairview,VA,51799,US
8301,Chester,VA,61824,US
8302,Austin,TX,94811,US
8303,Austin,TX,94811,US
8304,Fairview,NS,C4S 3V8,CA
8305,Macon,GA,52801,US
8306,Macon,GA,52801,US
8307,Macon,GA,52801,US
8308,Pittsburgh,PA,51460,US
8309,Laval,QC,M2E 1N3,CA
8310,Montreal,QC,V2A 3Y8,CA
8311,Laval,QC,M2E 1N3,CA
8312,San Jose,CA,30425,US
8313,San Jose,CA,30425,US
8314,San Jose,CA,30425,US
8315,Clinton,MT,68055,US
8316,Salem,WY,40160,US
8317,Albany,NY,65415,US
8318,Albany,NY,65415,US
8319,Chester,MO,22243,US
8320,Chester,MO,22243,US
8321,Springfield,VT,69501,US
8322,Springfield,VT,69501,US
8323,Fairview,VT,54749,US
8324,Clinton,OK,66250,US
8325,Clinton,OK,66250,US
8326,San Antonio,TX,65525,US
8327,Madison,WY,43306,US
8328,Madison,WY,43306,US
8329,Hamilton,ON,V7R 2L6,CA
8330,London,ON,R2A 9K2,CA
8331,Riverside,KS,15488,US
8332,Chester,CT,40711,US
8333,Chester,CT,40711,US
8334,Springfield,VA,27326,US
8335,Springfield,ND,15051,US
8336,Chester,MS,33503,US
8337,Orlando,FL,70843,US
8338,Orlando,FL,70843,US
8339,Springfield,ND,29012,US
8340,Clinton,WV,42390,US
8341,Victoria,BC,K3M 7L6,CA
8342,Chester,DE,37888,US
8343,Riverside,NL,R9M 8T3,CA
8344,Riverside,NL,R9M 8T3,CA
8345,Cincinnati,OH,78416,US
8346,Henderson,NV,80065,US
8347,North Las Vegas,NV,53555,US
8348,Henderson,NV,80065,US
8349,Madison,IN,53814,US
8350,Bristol,NT,V1K 8L1,CA
8351,Bristol,NT,V1K 8L1,CA
8352,Salem,NH,48769,US
8353,Springfield,NH,87828,US
8354,Springfield,NH,87828,US
8355,Madison,IA,49350,US
8356,Madison,IA,49350,US
8357,Madison,IA,49350,US
8358,Madison,NL,V5B 3T6,CA
8359,Madison,NL,V5B 3T6,CA
8360,Clinton,AL,57394,US
8361,Bristol,YT,V8N 5S7,CA
8362,Bristol,YT,V8N 5S7,CA
8363,Franklin,LA,80641,US
8364,Franklin,LA,80641,US
8365,Clinton,ND,86963,US
8366,Riverside,ND,18208,US
8367,Clinton,AK,88740,US
8368,Clinton,AK,88740,US
8369,Georgetown,VA,81521,US
8370,Clinton,IN,84572,US
8371,Salem,AL,51900,US
8372,Riverside,WY,59110,US
8373,Riverside,WY,59110,US
8374,Sacramento,CA,66719,US
8375,San Jose,CA,36570,US
8376,Charlotte,NC,67228,US
8377,Riverside,NJ,64178,US
8378,Riverside,NJ,64178,US
8379,Riverside,NJ,64178,US
8380,Madison,NE,57923,US
8381,Madison,NE,57923,US
8382,Madison,NE,57923,US
8383,Clinton,MD,67753,US
8384,Clinton,MD,67753,US
8385,Chester,MD,42054,US
8386,North Las Vegas,NV,82359,US
8387,Las Vegas,NV,96917,US
8388,Madison,NS,L8V 4J9,CA
8389,Victoria,BC,E6S 5X9,CA
8390,Franklin,MN,88738,US
8391,Franklin,MN,88738,US
8392,Clinton,TN,76212,US
8393,Naperville,IL,36385,US
8394,Franklin,ND,80887,US
8395,Clinton,WV,54764,US
8396,Henderson,NV,48439,US
8397,Riverside,ND,77372,US
8398,Riverside,PE,J4K 8M5,CA
8399,Franklin,AK,47660,US
8400,Springfield,DE,56125,US
8401,Franklin,DE,51279,US
8402,Tacoma,WA,77764,US
8403,Sacramento,CA,76837,US
8404,Edmonton,AB,G1X 5B0,CA
8405,Edmonton,AB,G1X 5B0,CA
8406,Charlotte,NC,78233,US
8407,Clinton,NH,84156,US
8408,Clinton,NH,84156,US
8409,Clinton,NH,84156,US
8410,Georgetown,NM,62724,US
8411,Fairview,RI,22589,US
8412,Riverside,LA,80005,US
8413,Clinton,WV,99141,US
8414,Salem,NL,K3M 4L8,CA
8415,Salem,NL,K3M 4L8,CA
8416,Salem,NL,K3M 4L8,CA
8417,Georgetown,WV,65969,US
8418,Georgetown,WV,65969,US
8419,Chester,WV,22205,US
8420,Riverside,IA,87630,US
8421,Georgetown,NB,X3J 7M3,CA
8422,Franklin,MB,C2H 2J3,CA
8423,Fort Lauderdale,FL,51124,US
8424,Madison,IN,21567,US
8425,Georgetown,IN,33621,US
8426,Bristol,WV,15224,US
8427,Bristol,WV,15224,US
8428,Bristol,WV,15224,US
8429,Tacoma,WA,55931,US
8430,Madison,ND,99310,US
8431,Madison,ND,99310,US
8432,Franklin,NT,C1H 6C3,CA
8433,Orlando,FL,35317,US
8434,Georgetown,AL,85603,US
8435,Chester,AL,75681,US
8436,Fairview,MN,98742,US
8437,Fairview,MN,98742,US
8438,Fairview,MN,59122,US
8439,Georgetown,AK,39197,US
8440,Salem,SC,19673,US
8441,Franklin,MS,76481,US
8442,Austin,TX,29836,US
8443,Bristol,WY,67240,US
8444,Franklin,WY,10299,US
8445,Clinton,ND,44734,US
8446,Tucson,AZ,88170,US
8447,Clinton,VA,58757,US
8448,Clinton,VA,58757,US
8449,Joliet,IL,36451,US
8450,Naperville,IL,50063,US
8451,Riverside,SC,14142,US
8452,Fairview,NE,32542,US
8453,Salem,HI,82356,US
8454,Athens,GA,93932,US
8455,Athens,GA,93932,US
8456,Franklin,UT,62980,US
8457,Franklin,UT,62980,US
8458,Bellevue,WA,90863,US
8459,Bellevue,WA,90863,US
8460,Bellevue,WA,90863,US
8461,Fairview,MN,12995,US
8462,Fairview,MN,10469,US
8463,Fort Worth,TX,53283,US
8464,Fort Worth,TX,53283,US
8465,Fort Worth,TX,53283,US
8466,Franklin,KY,76104,US
8467,Madison,WI,66186,US
8468,Springfield,AR,91814,US
8469,Madison,AR,49342,US
8470,Madison,AR,92969,US
8471,Chester,MB,M6M 4N7,CA
8472,Chester,MB,M6M 4N7,CA
8473,Chester,MB,M6M 4N7,CA
8474,Clinton,NH,59915,US
8475,Clinton,NH,59915,US
8476,Bristol,LA,84635,US
8477,Detroit,MI,59992,US
8478,Detroit,MI,59992,US
8479,Sterling Heights,MI,40003,US
8480,Salem,NE,98670,US
8481,Fairview,IA,22146,US
8482,Franklin,IA,23676,US
8483,Springfield,MD,47432,US
8484,Clinton,MD,49795,US
8485,Franklin,IN,25148,US
8486,Georgetown,IN,57020,US
8487,Franklin,WI,14512,US
8488,Franklin,WI,14512,US
8489,Bristol,UT,71356,US
8490,Springfield,NH,55204,US
8491,Riverside,NH,59321,US
8492,Salem,WY,46723,US
8493,Springfield,MT,70544,US
8494,Springfield,MT,70544,US
8495,Grand Rapids,MI,31541,US
8496,Springfield,NU,A2Y 6N0,CA
8497,Salem,NU,R2E 1C9,CA
8498,Reading,PA,85999,US
8499,Springfield,WY,46983,US
8500,Georgetown,NJ,16776,US
8501,Bristol,SC,75182,US
8502,Franklin,SK,L7K 1B9,CA
8503,Georgetown,AK,35880,US
8504,Atlanta,GA,54838,US
8505,Atlanta,GA,54838,US
8506,Savannah,GA,22413,US
8507,Reno,NV,77061,US
8508,Reno,NV,77061,US
8509,Laval,QC,X4V 3R7,CA
8510,Laval,QC,X4V 3R7,CA
8511,Clinton,AK,93810,US
8512,Georgetown,NB,C7X 4T1,CA
8513,Orlando,FL,46689,US
8514,Orlando,FL,46689,US
8515,Springfield,MT,81463,US
8516,Salem,MT,38186,US
8517,Vancouver,WA,80466,US
8518,Chester,KY,94488,US
8519,Chester,KY,94488,US
8520,Bristol,KY,46287,US
8521,Springfield,ND,51139,US
8522,Calgary,AB,C7K 1A2,CA
8523,Red Deer,AB,N7P 7S2,CA
8524,Jacksonville,FL,77418,US
8525,Clinton,AL,27148,US
8526,Franklin,AL,72613,US
8527,Clinton,AL,27148,US
8528,Durham,NC,31772,US
8529,Durham,NC,31772,US
8530,Springfield,SC,80401,US
8531,Springfield,SC,80401,US
8532,Springfield,IN,49448,US
8533,Salem,MD,41204,US
8534,Red Deer,AB,X1E 4V9,CA
8535,Medicine Hat,AB,L3S 8B9,CA
8536,Ann Arbor,MI,26161,US
8537,Riverside,YT,B2X 4V5,CA
8538,Riverside,YT,B2X 4V5,CA
8539,Clinton,NU,L2L 5Y6,CA
8540,Clinton,NU,L2L 5Y6,CA
8541,Fairview,IA,72893,US
8542,Fairview,IA,72893,US
8543,Fairview,ME,33965,US
8544,Madison,ME,46882,US
8545,Franklin,VT,43896,US
8546,Fairview,ND,89921,US
8547,Chester,VT,13150,US
8548,Madison,VT,95659,US
8549,Bristol,HI,13139,US
8550,San Diego,CA,58018,US
8551,San Diego,CA,58018,US
8552,San Diego,CA,58018,US
8553,Riverside,LA,63148,US
8554,Riverside,NL,P9B 2N2,CA
8555,Clinton,MB,N3S 9X2,CA
8556,Springfield,MB,X1H 5R5,CA
8557,San Francisco,CA,91235,US
8558,Chandler,AZ,67456,US
8559,Chandler,AZ,67456,US
8560,Chester,WY,30554,US
8561,Riverside,NT,X6T 8G1,CA
8562,Riverside,NT,X6T 8G1,CA
8563,Madison,NT,A6B 7V5,CA
8564,Lowell,MA,47828,US
8565,Bellevue,WA,64249,US
8566,Chester,OR,26588,US
8567,Riverside,OR,59232,US
8568,Bristol,MN,53363,US
8569,Bristol,WV,74513,US
8570,Detroit,MI,80250,US
8571,Detroit,MI,80250,US
8572,Detroit,MI,80250,US
8573,Madison,IN,98556,US
8574,Salem,IN,59702,US
8575,Salem,NM,79647,US
8576,Salem,NM,98149,US
8577,Chester,NM,50149,US
8578,Chester,WY,72022,US
8579,Chester,WY,72022,US
8580,Chester,WY,72022,US
8581,Syracuse,NY,10960,US
8582,Syracuse,NY,10960,US
8583,Syracuse,NY,10960,US
8584,Tampa,FL,65812,US
8585,Tampa,FL,65812,US
8586,Springfield,NE,51732,US
8587,Ann Arbor,MI,82926,US
8588,Ann Arbor,MI,82926,US
8589,Joliet,IL,40248,US
8590,Joliet,IL,40248,US
8591,Joliet,IL,40248,US
8592,Springfield,IA,68005,US
8593,Springfield,IA,68005,US
8594,Henderson,NV,57431,US
8595,Henderson,NV,13114,US
8596,Phoenix,AZ,93419,US
8597,Franklin,MN,40217,US
8598,Franklin,MN,40217,US
8599,Franklin,MN,40217,US
8600,Syracuse,NY,57313,US
8601,Tampa,FL,41690,US
8602,Tampa,FL,41690,US
8603,Chester,HI,86588,US
8604,Georgetown,LA,82445,US
8605,Georgetown,LA,82445,US
8606,Clinton,ME,30890,US
8607,Clinton,ME,30890,US
8608,Clinton,ME,30890,US
8609,Madison,SD,21526,US
8610,Cincinnati,OH,19135,US
8611,Cincinnati,OH,19135,US
8612,Detroit,MI,78599,US
8613,Detroit,MI,78599,US
8614,Madison,WI,86307,US
8615,Salem,NM,94000,US
8616,Salem,NM,94000,US
8617,Aurora,IL,39998,US
8618,Tacoma,WA,19318,US
8619,Boulder,CO,21096,US
8620,Clinton,SK,V1K 6R8,CA
8621,Clinton,SK,V1K 6R8,CA
8622,Clinton,SK,V1K 6R8,CA
8623,Madison,AK,61706,US
8624,Springfield,NE,39566,US
8625,Fairview,AK,88441,US
8626,Fairview,AK,88441,US
8627,Bristol,NM,42587,US
8628,Vancouver,WA,70810,US
8629,Bellevue,WA,78858,US
8630,Vancouver,WA,70810,US
8631,Salem,PE,Y9Y 5P4,CA
8632,Springfield,AL,49669,US
8633,Springfield,AL,49669,US
8634,Chester,NH,35393,US
8635,Chester,NH,35393,US
8636,Riverside,SC,58674,US
8637,Tampa,FL,75941,US
8638,Tampa,FL,75941,US
8639,Tucson,AZ,89732,US
8640,Gatineau,QC,V4H 1V4,CA
8641,Gatineau,QC,V4H 1V4,CA
8642,Bristol,NJ,25544,US
8643,Bristol,NJ,25544,US
8644,Salem,NJ,15821,US
8645,Aurora,CO,52317,US
8646,Aurora,CO,12734,US
8647,Madison,NT,K1V 2S9,CA
8648,Springfield,ID,24370,US
8649,Springfield,ID,24370,US
8650,Springfield,ID,24370,US
8651,Chester,HI,57704,US
8652,Chester,HI,57704,US
8653,Fairview,HI,28406,US
8654,Chicago,IL,16153,US
8655,Springfield,MA,65218,US
8656,Springfield,MA,65218,US
8657,Riverside,MN,25728,US
8658,Fairview,IN,55297,US
8659,Fairview,IN,55297,US
8660,Clinton,ME,82562,US
8661,Fairview,ND,10552,US
8662,Franklin,SC,26445,US
8663,Buffalo,NY,61436,US
8664,Buffalo,NY,61436,US
8665,Chester,IA,32793,US
8666,Chester,IA,32793,US
8667,Salem,MS,76361,US
8668,Salem,MS,79159,US
8669,Franklin,NS,V1A 7B4,CA
8670,Salem,NS,C8K 9B4,CA
8671,Franklin,NS,V1A 7B4,CA
8672,Madison,ME,59404,US
8673,Madison,ME,59404,US
8674,Madison,ME,59404,US
8675,Riverside,WV,50629,US
8676,Clinton,UT,62880,US
8677,Clinton,UT,62880,US
8678,Medicine Hat,AB,B1M 1H2,CA
8679,Lethbridge,AB,V2L 2B4,CA
8680,Clinton,MD,33274,US
8681,Clinton,MD,33274,US
8682,Clinton,MD,33274,US
8683,Georgetown,IA,27747,US
8684,Georgetown,IA,27747,US
8685,Chester,OR,26710,US
8686,Clinton,OR,76401,US
8687,Bristol,KY,44440,US
8688,Macon,GA,94633,US
8689,Athens,GA,37035,US
8690,Georgetown,NU,T6Y 9X3,CA
8691,Georgetown,NU,T6Y 9X3,CA
8692,Springfield,NJ,34551,US
8693,Bristol,NJ,76595,US
8694,Clinton,NL,R4B 3C6,CA
8695,Clinton,NL,R4B 3C6,CA
8696,Buffalo,NY,32678,US
8697,Riverside,TN,79916,US
8698,Clinton,NH,64305,US
8699,Clinton,NH,64305,US
8700,Georgetown,SD,19475,US
8701,Salem,SK,L7M 2A6,CA
8702,Burnaby,BC,C2M 6X5,CA
8703,Burnaby,BC,C2M 6X5,CA
8704,Riverside,WY,33558,US
8705,Fort Collins,CO,65358,US
8706,Fort Collins,CO,65358,US
8707,Salem,MS,78171,US
8708,Clinton,MS,22045,US
8709,Georgetown,MO,90625,US
8710,Fort Collins,CO,93437,US
8711,Fairview,WV,65214,US
8712,Fairview,WV,65214,US
8713,Macon,GA,13438,US
8714,Macon,GA,13438,US
8715,Salem,IA,45372,US
8716,Salem,IA,45372,US
8717,Los Angeles,CA,30574,US
8718,Los Angeles,CA,30574,US
8719,Fairview,TN,25250,US
8720,Springfield,IA,72639,US
8721,Riverside,HI,61640,US
8722,Riverside,HI,61640,US
8723,Fairview,VT,43327,US
8724,Fairview,VT,43327,US
8725,Fairview,VT,43327,US
8726,Madison,SD,32657,US
8727,Franklin,SD,73401,US
8728,Madison,ME,15875,US
8729,Madison,ME,15875,US
8730,Madison,ME,15875,US
8731,Bristol,NJ,17638,US
8732,Riverside,NS,H3P 4K4,CA
8733,Riverside,NS,H3P 4K4,CA
8734,Franklin,AR,87389,US
8735,Mississauga,ON,M7P 2N6,CA
8736,Henderson,NV,78780,US
8737,Clinton,AR,44174,US
8738,Clinton,AR,44174,US
8739,Seattle,WA,57839,US
8740,Seattle,WA,57839,US
8741,Seattle,WA,57839,US
8742,Bristol,NB,L4E 9V7,CA
8743,Riverside,NB,T8G 8L9,CA
8744,Springfield,IN,96884,US
8745,Georgetown,AR,14062,US
8746,Salem,NM,16629,US
8747,Salem,NM,16629,US
8748,Chester,TN,54628,US
8749,Springfield,CT,51569,US
8750,Bristol,SK,X5R 8Y9,CA
8751,Bristol,SK,X5R 8Y9,CA
8752,Burnaby,BC,M7E 8B8,CA
8753,Burnaby,BC,M7E 8B8,CA
8754,Fairview,ID,27723,US
8755,Fairview,ID,27723,US
8756,Springfield,ID,58828,US
8757,Riverside,SD,47957,US
8758,Riverside,SD,47957,US
8759,Georgetown,MT,81012,US
8760,Georgetown,MT,81012,US
8761,Springfield,MT,22474,US
8762,Springfield,MT,22474,US
8763,Macon,GA,49398,US
8764,Victoria,BC,B9K 8E3,CA
8765,Victoria,BC,B9K 8E3,CA
8766,Richmond,BC,M7J 3V2,CA
8767,Pittsburgh,PA,37034,US
8768,Akron,OH,68820,US
8769,Georgetown,KY,19432,US
8770,Chester,NE,52481,US
8771,Chester,DE,32547,US
8772,Dallas,TX,82323,US
8773,Detroit,MI,71852,US
8774,Riverside,KS,80535,US
8775,Sacramento,CA,45105,US
8776,Hamilton,ON,B5Y 1Y6,CA
8777,Mississauga,ON,E3V 8G6,CA
8778,Riverside,MB,L7M 8V3,CA
8779,Clinton,OR,81200,US
8780,Clinton,SC,21901,US
8781,Fairview,NJ,87282,US
8782,Fairview,NJ,87282,US
8783,Fairview,NJ,87282,US
8784,Mesa,AZ,97064,US
8785,Toledo,OH,87925,US
8786,Georgetown,KS,38686,US
8787,Georgetown,KS,38686,US
8788,Georgetown,SD,96375,US
8789,Georgetown,SD,96375,US
8790,Clinton,PE,V1A 2N2,CA
8791,Clinton,PE,V1A 2N2,CA
8792,Franklin,OK,72918,US
8793,Springfield,RI,61372,US
8794,Springfield,RI,61372,US
8795,Springfield,RI,61372,US
8796,Madison,ME,90000,US
8797,Madison,ME,90000,US
8798,Madison,NS,M1K 1V9,CA
8799,Clinton,KS,60302,US
8800,Madison,KS,47353,US
8801,Chester,DE,50473,US
8802,Chester,DE,50473,US
8803,Georgetown,NL,L2C 4G6,CA
8804,Georgetown,DE,68961,US
8805,Salem,MD,69945,US
8806,Salem,MD,69945,US
8807,Bristol,UT,81214,US
8808,Georgetown,AR,14362,US
8809,Georgetown,AR,14362,US
8810,Georgetown,AR,14362,US
8811,Georgetown,NM,53697,US
8812,Georgetown,VA,62395,US
8813,Georgetown,VA,62395,US
8814,Madison,CT,48921,US
8815,Madison,CT,48921,US
8816,Madison,NM,39095,US
8817,Springfield,NM,87681,US
8818,Salem,ME,76307,US
8819,Bristol,AK,30591,US
8820,Bristol,AK,30591,US
8821,Madison,LA,74428,US
8822,Clinton,HI,80091,US
8823,Clinton,HI,80091,US
8824,Jacksonville,FL,13181,US
8825,Madison,MB,K6H 3B0,CA
8826,Las Vegas,NV,60977,US
8827,Mississauga,ON,T3G 9A3,CA
8828,Mississauga,ON,T3G 9A3,CA
8829,London,ON,E3B 7K2,CA
8830,Franklin,MS,81470,US
8831,Franklin,MS,81470,US
8832,Franklin,MS,81470,US
8833,Fairview,MN,38678,US
8834,Georgetown,MD,94055,US
8835,Georgetown,MD,94055,US
8836,Georgetown,MD,94055,US
8837,Fairview,NT,T2X 5P4,CA
8838,Salem,NT,H6S 2Y2,CA
8839,Franklin,WV,21688,US
8840,Franklin,WV,21688,US
8841,Clinton,MO,13799,US
8842,Clinton,MO,13799,US
8843,Clinton,MO,13799,US
8844,Springfield,LA,24383,US
8845,Franklin,MD,63610,US
8846,Franklin,MD,63610,US
8847,Clinton,MD,37338,US
8848,Chester,NL,M9R 4Y3,CA
8849,Madison,NL,V2K 1K9,CA
8850,Spokane,WA,22720,US
8851,Spokane,WA,74483,US
8852,Spokane,WA,22720,US
8853,Salem,NH,10623,US
8854,Madison,ME,22730,US
8855,Madison,ME,22730,US
8856,Bristol,AK,48767,US
8857,Bristol,AK,48767,US
8858,Chester,AK,89055,US
8859,Clinton,MS,85154,US
8860,Salem,MS,73551,US
8861,Georgetown,MS,33410,US
8862,Riverside,PE,T6A 8M8,CA
8863,Riverside,PE,T6A 8M8,CA
8864,Bristol,KS,45537,US
8865,Riverside,NH,87473,US
8866,Los Angeles,CA,52979,US
8867,Georgetown,SD,89663,US
8868,Pittsburgh,PA,20518,US
8869,Quebec City,QC,B4Y 6H4,CA
8870,Franklin,NH,27548,US
8871,Riverside,NH,28357,US
8872,Riverside,NH,28357,US
8873,Madison,DE,98917,US
8874,Madison,DE,98917,US
8875,Bristol,KY,32921,US
8876,Salem,KY,98403,US
8877,Grand Rapids,MI,28578,US
8878,Henderson,NV,88351,US
8879,Riverside,TN,80669,US
8880,Salem,HI,92138,US
8881,Salem,HI,92138,US
8882,Salem,HI,92138,US
8883,Riverside,IN,35562,US
8884,Springfield,TN,54207,US
8885,Springfield,TN,54207,US
8886,Riverside,VA,19439,US
8887,Franklin,VA,92883,US
8888,Detroit,MI,19530,US
8889,Georgetown,LA,99311,US
8890,Springfield,AL,90185,US
8891,Fairview,AL,61203,US
8892,Franklin,VA,85563,US
8893,Chester,NL,T6E 6E3,CA
8894,Chester,NL,T6E 6E3,CA
8895,Chester,NL,T6E 6E3,CA
8896,Franklin,MD,77716,US
8897,Georgetown,MD,28533,US
8898,Clinton,NH,16895,US
8899,Salem,TN,54952,US
8900,Salem,TN,54952,US
8901,Salem,NJ,50694,US
8902,Salem,NJ,50694,US
8903,Madison,RI,99308,US
8904,Fairview,HI,49079,US
8905,Georgetown,HI,49769,US
8906,Georgetown,VA,70199,US
8907,Franklin,VA,17520,US
8908,Georgetown,VA,46910,US
8909,Georgetown,VA,46910,US
8910,Georgetown,VA,46910,US
8911,Riverside,SK,K4V 5C3,CA
8912,Chester,SK,N2X 3T0,CA
8913,Toledo,OH,50466,US
8914,Riverside,PE,Y4T 8M2,CA
8915,Macon,GA,28736,US
8916,Savannah,GA,13998,US
8917,Macon,GA,28736,US
8918,Madison,WI,49237,US
8919,Madison,WI,49237,US
8920,Madison,WI,59840,US
8921,Franklin,NJ,82693,US
8922,Franklin,NJ,82693,US
8923,Aurora,IL,95388,US
8924,Aurora,IL,95388,US
8925,Bristol,CT,92367,US
8926,Bristol,CT,92367,US
8927,Clinton,UT,68627,US
8928,Chester,UT,54277,US
8929,Madison,VT,89754,US
8930,Franklin,ID,69496,US
8931,Georgetown,KY,90946,US
8932,Clinton,OR,44015,US
8933,Clinton,OR,44015,US
8934,Clinton,RI,51311,US
8935,Clinton,RI,51311,US
8936,Clinton,RI,51311,US
8937,Clinton,WY,73791,US
8938,Clinton,WY,73791,US
8939,Bristol,HI,40965,US
8940,Chester,KS,85933,US
8941,Chester,KS,85933,US
8942,Madison,ME,48416,US
8943,Madison,ME,48416,US
8944,Reno,NV,50433,US
8945,Reno,NV,50433,US
8946,Bristol,NE,88311,US
8947,Riverside,ND,28374,US
8948,Chester,AR,94501,US
8949,Chester,AR,94501,US
8950,Franklin,ND,67391,US
8951,Franklin,ND,67391,US
8952,Riverside,ND,96332,US
8953,Bristol,MO,91787,US
8954,Bristol,MO,91787,US
8955,Bristol,MO,91787,US
8956,Surrey,BC,R7P 8C1,CA
8957,North Las Vegas,NV,66902,US
8958,North Las Vegas,NV,66902,US
8959,Athens,GA,31280,US
8960,Bristol,IA,20506,US
8961,Philadelphia,PA,92579,US
8962,Reading,PA,62715,US
8963,Franklin,OK,40481,US
8964,Clinton,MN,90423,US
8965,Clinton,MN,90423,US
8966,Clinton,MN,90423,US
8967,Clinton,MS,46908,US
8968,Tacoma,WA,45597,US
8969,Tacoma,WA,45597,US
8970,Franklin,MD,58371,US
8971,Franklin,MD,58371,US
8972,Springfield,OK,28747,US
8973,Springfield,YT,Y6J 1B9,CA
8974,Springfield,YT,Y6J 1B9,CA
8975,Madison,IN,42353,US
8976,Salem,WI,63718,US
8977,Naperville,IL,93372,US
8978,Madison,MS,13914,US
8979,Madison,MS,13914,US
8980,Riverside,MO,63752,US
8981,Madison,MO,69280,US
8982,Lowell,MA,76044,US
8983,Lowell,MA,76044,US
8984,Fort Lauderdale,FL,11250,US
8985,Chester,WV,57786,US
8986,San Francisco,CA,33148,US
8987,Los Angeles,CA,12386,US
8988,Georgetown,WI,78030,US
8989,Georgetown,WI,78030,US
8990,Georgetown,WI,78030,US
8991,Henderson,NV,91959,US
8992,San Francisco,CA,50439,US
8993,Bristol,ID,34871,US
8994,Bristol,ID,34871,US
8995,Bristol,ID,34871,US
8996,Springfield,IN,21722,US
8997,Springfield,IN,21722,US
8998,Buffalo,NY,34975,US
8999,Salem,MO,29571,US
9000,Fairview,PE,A8P 2H0,CA
9001,Fairview,PE,A8P 2H0,CA
9002,Springfield,SD,89591,US
9003,Austin,TX,43906,US
9004,San Antonio,TX,33092,US
9005,Austin,TX,43906,US
9006,Spokane,WA,43143,US
9007,Spokane,WA,43143,US
9008,Tacoma,WA,96846,US
9009,Clinton,AK,22536,US
9010,Bristol,RI,26232,US
9011,Madison,MD,35134,US
9012,Madison,MD,35134,US
9013,Franklin,YT,G8V 3X6,CA
9014,Madison,WY,75033,US
9015,Madison,WY,75033,US
9016,Madison,IA,65536,US
9017,Madison,IA,65536,US
9018,Worcester,MA,53790,US
9019,Georgetown,OK,54566,US
9020,Georgetown,UT,79044,US
9021,Georgetown,UT,79044,US
9022,Salem,UT,55465,US
9023,Fairview,AK,23259,US
9024,Fairview,AK,23259,US
9025,Fairview,AK,23259,US
9026,Fairview,ME,88589,US
9027,Fairview,ME,88589,US
9028,Salem,MS,58503,US
9029,Chandler,AZ,99189,US
9030,Augusta,GA,39134,US
9031,Springfield,NH,30988,US
9032,Clinton,MB,E1T 9P5,CA
9033,Clinton,MB,E1T 9P5,CA
9034,Chester,ID,60628,US
9035,Fairview,DE,86680,US
9036,Franklin,MD,43911,US
9037,Chester,VA,24006,US
9038,Clinton,LA,47228,US
9039,Madison,MD,72582,US
9040,Madison,MD,72582,US
9041,Akron,OH,11769,US
9042,Akron,OH,11769,US
9043,Akron,OH,11769,US
9044,Albany,NY,84045,US
9045,Akron,OH,86173,US
9046,Akron,OH,86173,US
9047,Akron,OH,86173,US
9048,Salem,WY,41322,US
9049,Salem,WY,40481,US
9050,Riverside,SK,H9B 9B3,CA
9051,Bristol,HI,70778,US
9052,Miami,FL,79965,US
9053,Bristol,NS,A6G 1G9,CA
9054,Bristol,PE,S4T 5E6,CA
9055,Clinton,PE,L8P 1Y5,CA
9056,Clinton,UT,19612,US
9057,Chester,AR,78418,US
9058,Chester,AR,78418,US
9059,Chester,AR,78418,US
9060,Durham,NC,93693,US
9061,Durham,NC,93693,US
9062,Chester,NJ,13386,US
9063,Vancouver,WA,58701,US
9064,Allentown,PA,98867,US
9065,Salem,UT,68804,US
9066,Salem,NL,B9V 7A9,CA
9067,Chester,NL,A9B 6P8,CA
9068,Salem,NL,B9V 7A9,CA
9069,Riverside,TN,32870,US
9070,Chester,UT,27751,US
9071,Bristol,WY,74159,US
9072,Fairview,WY,17493,US
9073,Salem,UT,28060,US
9074,Salem,UT,28060,US
9075,Salem,UT,28060,US
9076,Augusta,GA,74752,US
9077,Augusta,GA,50751,US
9078,Franklin,NM,72189,US
9079,Georgetown,NM,89359,US
9080,Franklin,NM,72189,US
9081,Bellevue,WA,62885,US
9082,Bellevue,WA,62885,US
9083,Clinton,AL,91108,US
9084,Springfield,MB,M3T 8A2,CA
9085,Springfield,MB,P1N 2J0,CA
9086,Riverside,ME,75966,US
9087,Riverside,ME,75966,US
9088,Riverside,ME,75966,US
9089,Madison,MN,50211,US
9090,Allentown,PA,44347,US
9091,Madison,IN,91415,US
9092,Franklin,RI,69545,US
9093,Clinton,RI,40641,US
9094,Bristol,WV,86012,US
9095,Bristol,WV,86012,US
9096,Bristol,WV,86012,US
9097,Salem,NL,S6A 7E7,CA
9098,Salem,NL,S6A 7E7,CA
9099,San Antonio,TX,37140,US
9100,Clinton,WV,29945,US
9101,Fairview,VT,70524,US
9102,Bellevue,WA,80698,US
9103,Tacoma,WA,25041,US
9104,Springfield,AR,38965,US
9105,Riverside,NT,K1B 4V0,CA
9106,Clinton,TN,35758,US
9107,Clinton,TN,35758,US
9108,Clinton,TN,35758,US
9109,Chester,DE,49244,US
9110,Chester,DE,49244,US
9111,Georgetown,DE,48136,US
9112,Madison,CT,95845,US
9113,Madison,CT,95845,US
9114,Chester,CT,82148,US
9115,Franklin,SC,86424,US
9116,Salem,NT,K8C 8S9,CA
9117,Springfield,NJ,17482,US
9118,Salem,NJ,27936,US
9119,Grand Rapids,MI,53631,US
9120,Grand Rapids,MI,53631,US
9121,Salem,SD,97152,US
9122,Salem,SD,97152,US
9123,Salem,OR,73962,US
9124,Springfield,IN,39637,US
9125,Salem,IN,24996,US
9126,Springfield,IN,39637,US
9127,Lowell,MA,60042,US
9128,Springfield,LA,78110,US
9129,Riverside,AK,99389,US
9130,Riverside,AK,99389,US
9131,Clinton,AK,65001,US
9132,Cambridge,MA,53051,US
9133,Cambridge,MA,53051,US
9134,Springfield,SK,A2J 3A7,CA
9135,Springfield,SK,A2J 3A7,CA
9136,Springfield,SK,A2J 3A7,CA
9137,Salem,TN,53537,US
9138,Clinton,AK,64053,US
9139,Greensboro,NC,83454,US
9140,Charlotte,NC,76413,US
9141,Springfield,WV,79428,US
9142,Madison,KS,25846,US
9143,Franklin,ME,24941,US
9144,Syracuse,NY,57509,US
9145,Chester,WI,74148,US
9146,Grand Rapids,MI,61278,US
9147,Springfield,AK,32118,US
9148,Chester,SC,24796,US
9149,Riverside,MO,99888,US
9150,Clinton,ME,48760,US
9151,Mesa,AZ,83993,US
9152,Phoenix,AZ,23913,US
9153,Phoenix,AZ,51877,US
9154,Los Angeles,CA,12738,US
9155,Georgetown,IN,45912,US
9156,Chester,AK,72956,US
9157,Riverside,AK,10149,US
9158,Clinton,NJ,77936,US
9159,Madison,CT,85392,US
9160,Madison,CT,85392,US
9161,Georgetown,PE,P8E 4K6,CA
9162,Georgetown,PE,P8E 4K6,CA
9163,Georgetown,PE,P8E 4K6,CA
9164,Laval,QC,N3R 2L3,CA
9165,Longueuil,QC,P5Y 7N9,CA
9166,Laval,QC,N3R 2L3,CA
9167,Georgetown,NM,47337,US
9168,Georgetown,NM,47337,US
9169,Georgetown,ID,94695,US
9170,Georgetown,ID,94695,US
9171,Georgetown,ID,94695,US
9172,Ottawa,ON,X9Y 3B0,CA
9173,Springfield,UT,84589,US
9174,Springfield,UT,84589,US
9175,Springfield,UT,84589,US
9176,Salem,RI,16307,US
9177,Riverside,LA,92904,US
9178,Riverside,LA,92904,US
9179,Sterling Heights,MI,76646,US
9180,Sterling Heights,MI,76646,US
9181,Georgetown,VT,15089,US
9182,Clinton,VT,97293,US
9183,Detroit,MI,42264,US
9184,Fort Collins,CO,11275,US
9185,Fort Collins,CO,11275,US
9186,Riverside,ME,39751,US
9187,Bristol,NL,H6H 4H9,CA
9188,Salem,MO,79002,US
9189,Salem,MO,79002,US
9190,Chester,DE,75795,US
9191,Chester,DE,75795,US
9192,Chester,DE,75795,US
9193,Springfield,MD,67991,US
9194,Columbus,OH,34225,US
9195,Pittsburgh,PA,28493,US
9196,Pittsburgh,PA,28493,US
9197,Salem,NB,S1C 7J5,CA
9198,Chester,NT,X8M 2N3,CA
9199,Chester,NT,X8M 2N3,CA
9200,Tucson,AZ,48087,US
9201,Phoenix,AZ,94603,US
9202,Mesa,AZ,23913,US
9203,Salem,AL,44705,US
9204,Salem,KY,40375,US
9205,Bristol,MD,16595,US
9206,Bristol,MD,16595,US
9207,Bellevue,WA,35596,US
9208,Clinton,ID,26314,US
9209,Riverside,ID,47760,US
9210,Riverside,ND,93470,US
9211,Riverside,ND,93470,US
9212,Clinton,DE,48999,US
9213,Clinton,DE,48999,US
9214,Salem,MD,62229,US
9215,Springfield,WV,23771,US
9216,Georgetown,WV,10883,US
9217,Springfield,WV,23771,US
9218,Riverside,MO,32357,US
9219,Salem,KS,96533,US
9220,Georgetown,KS,29699,US
9221,Chester,NT,G5X 3V6,CA
9222,Chester,NT,G5X 3V6,CA
9223,Chester,NT,G5X 3V6,CA
9224,Bristol,MN,65703,US
9225,Bristol,MN,65703,US
9226,Riverside,NU,C4V 1X5,CA
9227,Madison,NE,14825,US
9228,Franklin,NM,99960,US
9229,Greensboro,NC,64058,US
9230,Greensboro,NC,64058,US
9231,Greensboro,NC,64058,US
9232,Madison,IN,40655,US
9233,Madison,IN,79270,US
9234,Madison,TN,54030,US
9235,Salem,TN,47017,US
9236,Chester,WV,79698,US
9237,Akron,OH,89970,US
9238,Bristol,IA,78635,US
9239,Bristol,IA,78635,US
9240,Fort Collins,CO,91826,US
9241,Fort Collins,CO,91826,US
9242,Fort Collins,CO,91826,US
9243,Franklin,KY,90087,US
9244,Franklin,TN,20745,US
9245,Franklin,TN,20745,US
9246,Madison,TN,45613,US
9247,Salem,TN,53889,US
9248,Fairview,NE,55212,US
9249,Springfield,NE,38186,US
9250,Franklin,NE,14365,US
9251,Georgetown,HI,93008,US
9252,Madison,HI,62040,US
9253,Clinton,UT,19680,US
9254,Chester,SK,E4G 5Y0,CA
9255,Chester,SK,E4G 5Y0,CA
9256,Franklin,SC,74375,US
9257,Riverside,NT,M2B 9P0,CA
9258,Riverside,NT,M2B 9P0,CA
9259,Springfield,NT,R5N 5V0,CA
9260,Springfield,NT,R5N 5V0,CA
9261,Springfield,NT,R5N 5V0,CA
9262,Aurora,IL,50666,US
9263,Clinton,RI,77512,US
9264,Chester,RI,70783,US
9265,Georgetown,RI,24343,US
9266,Chester,RI,70783,US
9267,Fort Worth,TX,21600,US
9268,Rochester,NY,83243,US
9269,Rochester,NY,83243,US
9270,Allentown,PA,15043,US
9271,Allentown,PA,15043,US
9272,Aurora,IL,77311,US
9273,Franklin,WY,53320,US
9274,Clinton,NJ,50261,US
9275,Sparks,NV,51214,US
9276,Akron,OH,24773,US
9277,Fairview,NM,74677,US
9278,Fairview,NM,74677,US
9279,Bristol,SD,96460,US
9280,Madison,DE,99931,US
9281,Madison,DE,99931,US
9282,Madison,DE,99931,US
9283,Georgetown,ID,83536,US
9284,Georgetown,ID,83536,US
9285,Madison,AK,16266,US
9286,Madison,AK,16266,US
9287,Bristol,OR,62264,US
9288,Chester,SD,71582,US
9289,Chester,SD,71582,US
9290,Chester,WV,56403,US
9291,Chester,WV,56403,US
9292,Chester,WV,56403,US
9293,Buffalo,NY,73313,US
9294,Buffalo,NY,73313,US
9295,Albany,NY,37904,US
9296,Chester,PE,V7E 1T4,CA
9297,Salem,ND,49850,US
9298,Salem,ND,49850,US
9299,Clinton,NB,E7N 3J3,CA
9300,Springfield,NB,G8K 8Y7,CA
9301,Clinton,NB,E7N 3J3,CA
9302,Bristol,SK,E7C 9L1,CA
9303,Bristol,SK,E7C 9L1,CA
9304,Fairview,KS,41125,US
9305,Springfield,WI,54527,US
9306,Springfield,WI,54527,US
9307,Scottsdale,AZ,86228,US
9308,Chicago,IL,85574,US
9309,Clinton,OR,84671,US
9310,Clinton,OR,84671,US
9311,Bristol,ND,50792,US
9312,Chester,ND,50063,US
9313,Clinton,NL,E3N 8K7,CA
9314,Chester,SK,P2E 6S0,CA
9315,Chester,SK,P2E 6S0,CA
9316,Salem,AR,99148,US
9317,Georgetown,DE,93959,US
9318,Georgetown,DE,93959,US
9319,Dallas,TX,58291,US
9320,Dallas,TX,58291,US
9321,Bristol,NL,T9T 6G8,CA
9322,Georgetown,NL,R9Y 7L7,CA
9323,Denver,CO,44402,US
9324,Fort Collins,CO,30149,US
9325,Bristol,ID,37084,US
9326,Clinton,MN,13415,US
9327,Franklin,NL,N1X 3M9,CA
9328,Boulder,CO,95176,US
9329,Franklin,RI,65375,US
9330,Riverside,YT,R7E 1N7,CA
9331,Riverside,YT,R7E 1N7,CA
9332,Salem,SK,L9M 5X0,CA
9333,Salem,SK,L9M 5X0,CA
9334,Salem,SK,L9M 5X0,CA
9335,Winston-Salem,NC,45125,US
9336,Winston-Salem,NC,45125,US
9337,Chester,AL,55343,US
9338,Madison,MD,24975,US
9339,Salem,AK,53975,US
9340,Greensboro,NC,71068,US
9341,Clinton,WV,76479,US
9342,Georgetown,ND,63614,US
9343,Springfield,ND,14821,US
9344,Madison,HI,52789,US
9345,Quebec City,QC,R7R 6P7,CA
9346,Laval,QC,V7B 3C7,CA
9347,Cambridge,MA,37050,US
9348,Boston,MA,86210,US
9349,Cambridge,MA,36626,US
9350,Clinton,WY,35518,US
9351,Clinton,WY,35518,US
9352,Bristol,PE,X5P 2Y7,CA
9353,Bristol,PE,X5P 2Y7,CA
9354,Chester,KS,32600,US
9355,Clinton,MO,24374,US
9356,Bristol,KY,62572,US
9357,Grand Rapids,MI,48520,US
9358,Springfield,MA,57502,US
9359,Springfield,MA,57502,US
9360,Springfield,MA,57502,US
9361,Clinton,KS,66566,US
9362,Springfield,LA,74015,US
9363,Madison,NJ,11629,US
9364,Georgetown,WV,31655,US
9365,Franklin,AK,48193,US
9366,Franklin,AK,48193,US
9367,Vancouver,BC,X7B 3Y4,CA
9368,Vancouver,BC,X7B 3Y4,CA
9369,Vancouver,BC,X7B 3Y4,CA
9370,Bristol,NM,43828,US
9371,Riverside,MO,78170,US
9372,Riverside,MO,78170,US
9373,Bristol,MO,65234,US
9374,Bristol,MO,65234,US
9375,Bristol,MO,65234,US
9376,Franklin,NE,82681,US
9377,Fairview,NE,37382,US
9378,Fort Lauderdale,FL,85983,US
9379,Fort Lauderdale,FL,85983,US
9380,Riverside,NS,G3C 5A6,CA
9381,Franklin,NS,J7V 4E1,CA
9382,Riverside,NS,G3C 5A6,CA
9383,Sterling Heights,MI,48473,US
9384,Sterling Heights,MI,48473,US
9385,Detroit,MI,20864,US
9386,Fairview,PE,X9K 4B7,CA
9387,Bristol,PE,K6V 3K3,CA
9388,San Jose,CA,19100,US
9389,San Jose,CA,19100,US
9390,San Jose,CA,19100,US
9391,Riverside,IA,10971,US
9392,Springfield,AK,23002,US
9393,Savannah,GA,74068,US
9394,Riverside,CT,64697,US
9395,Salem,ME,89015,US
9396,Chester,CT,86656,US
9397,Chester,CT,86656,US
9398,Allentown,PA,56839,US
9399,Allentown,PA,56839,US
9400,Chester,SC,93816,US
9401,Fairview,SC,42322,US
9402,Chester,SC,93816,US
9403,Fairview,SD,13646,US
9404,Franklin,NE,38064,US
9405,Bristol,DE,80974,US
9406,Bristol,DE,80974,US
9407,Georgetown,DE,31995,US
9408,Salem,AL,63754,US
9409,Salem,AL,63754,US
9410,Fort Worth,TX,17670,US
9411,Madison,ID,90175,US
9412,Madison,ID,90175,US
9413,Bristol,ND,39526,US
9414,Madison,ND,33745,US
9415,Chester,NJ,97712,US
9416,Chester,NJ,97712,US
9417,Bristol,OK,55455,US
9418,Georgetown,ND,86649,US
9419,Clinton,MT,35288,US
9420,Clinton,MT,35288,US
9421,Clinton,VT,73579,US
9422,Bristol,VT,40485,US
9423,Macon,GA,42332,US
9424,Macon,GA,41715,US
9425,Springfield,MA,74760,US
9426,Worcester,MA,79175,US
9427,Georgetown,PE,K6X 2K4,CA
9428,Bristol,PE,J9C 5P6,CA
9429,Fairview,KS,33206,US
9430,Riverside,KS,43706,US
9431,Clinton,NH,57337,US
9432,Bristol,YT,P8T 1H8,CA
9433,Bristol,YT,P8T 1H8,CA
9434,Bristol,YT,P8T 1H8,CA
9435,Salem,NE,44991,US
9436,Salem,AL,56005,US
9437,Clinton,AL,43142,US
9438,Madison,IN,10653,US
9439,Fairview,DE,96074,US
9440,Bristol,PE,S1R 3J8,CA
9441,Bristol,PE,S1R 3J8,CA
9442,San Diego,CA,63353,US
9443,Fairview,NJ,40699,US
9444,Springfield,KY,18630,US
9445,Clinton,IN,70751,US
9446,Clinton,IN,70751,US
9447,Clinton,WY,92826,US
9448,Clinton,WY,92826,US
9449,Bristol,MS,99178,US
9450,Riverside,ND,79634,US
9451,Riverside,ND,79634,US
9452,Franklin,OK,63091,US
9453,Madison,OK,54327,US
9454,Lethbridge,AB,L1B 9P4,CA
9455,Lethbridge,AB,L1B 9P4,CA
9456,Clinton,TN,86047,US
9457,Clinton,SK,S3G 9C7,CA
9458,Chester,KS,39323,US
9459,Chester,KS,39323,US
9460,Clinton,OR,54809,US
9461,Salem,DE,13047,US
9462,Salem,DE,13047,US
9463,Riverside,DE,75763,US
9464,Fairview,VT,47403,US
9465,Chester,AR,97304,US
9466,Riverside,KS,17987,US
9467,Fairview,NH,36575,US
9468,New York,NY,85565,US
9469,Buffalo,NY,16652,US
9470,Clinton,NJ,71158,US
9471,Durham,NC,43231,US
9472,Chester,IN,46405,US
9473,Chester,IN,46405,US
9474,Chester,OK,82612,US
9475,Charlotte,NC,13990,US
9476,Durham,NC,79745,US
9477,Clinton,SD,30792,US
9478,Riverside,SD,93691,US
9479,Georgetown,TN,51995,US
9480,Mississauga,ON,Y3E 7H9,CA
9481,Springfield,NB,H8B 2Y4,CA
9482,Springfield,SD,49605,US
9483,Jacksonville,FL,74845,US
9484,Jacksonville,FL,98291,US
9485,Erie,PA,93489,US
9486,Erie,PA,93489,US
9487,Chester,TN,84356,US
9488,Chester,TN,84356,US
9489,Chester,TN,84356,US
9490,Riverside,MO,51821,US
9491,Riverside,MO,51821,US
9492,Riverside,VA,23072,US
9493,Franklin,VA,52827,US
9494,Fairview,OR,28299,US
9495,Fairview,OR,28299,US
9496,Boulder,CO,10958,US
9497,Fairview,MN,61068,US
9498,Fairview,LA,31734,US
9499,Fairview,LA,31734,US
9500,Chester,LA,21217,US
9501,Henderson,NV,51451,US
9502,Clinton,ME,11578,US
9503,Clinton,ME,78546,US
9504,Chester,WV,10051,US
9505,Chester,WV,10051,US
9506,Pittsburgh,PA,77496,US
9507,Pittsburgh,PA,14829,US
9508,Naperville,IL,23780,US
9509,Reading,PA,66807,US
9510,Reading,PA,66807,US
9511,Clinton,KY,38215,US
9512,Madison,KY,77596,US
9513,Clinton,KY,38215,US
9514,Riverside,WV,33519,US
9515,Springfield,WV,63496,US
9516,Chester,NJ,82331,US
9517,Chester,NJ,82331,US
9518,San Antonio,TX,31849,US
9519,San Antonio,TX,21373,US
9520,Franklin,AL,83564,US
9521,Franklin,ME,86625,US
9522,Bristol,KY,77791,US
9523,Bristol,KY,77791,US
9524,Bristol,KY,77791,US
9525,Franklin,UT,31067,US
9526,Denver,CO,22538,US
9527,Denver,CO,41390,US
9528,Chester,KY,32893,US
9529,Chester,KY,32893,US
9530,Chester,HI,11795,US
9531,Chester,HI,59448,US
9532,Tucson,AZ,17982,US
9533,Madison,ND,80523,US
9534,Salem,KY,54978,US
9535,Salem,KY,54978,US
9536,Riverside,UT,25120,US
9537,Riverside,TN,39124,US
9538,Riverside,TN,39124,US
9539,Springfield,SC,48420,US
9540,Worcester,MA,68388,US
9541,Phoenix,AZ,54495,US
9542,Springfield,MT,85536,US
9543,Springfield,WV,92940,US
9544,Springfield,WV,92940,US
9545,Chandler,AZ,14960,US
9546,Boston,MA,54885,US
9547,Boston,MA,54885,US
9548,Boston,MA,54885,US
9549,Springfield,WV,93536,US
9550,Springfield,WV,93536,US
9551,Madison,WV,41705,US
9552,Madison,IA,61137,US
9553,Springfield,IA,16619,US
9554,Madison,IA,61137,US
9555,Madison,AR,12443,US
9556,Red Deer,AB,H3P 2H1,CA
9557,Syracuse,NY,89135,US
9558,Syracuse,NY,89135,US
9559,Syracuse,NY,89135,US
9560,Pittsburgh,PA,83378,US
9561,Madison,SK,V7L 7E6,CA
9562,Riverside,NH,61943,US
9563,Fairview,NM,21786,US
9564,Madison,NM,58274,US
9565,Tacoma,WA,64602,US
9566,Madison,RI,28404,US
9567,Clinton,RI,76878,US
9568,Madison,SC,20601,US
9569,Clinton,NT,X1K 2G3,CA
9570,Madison,MN,23825,US
9571,Madison,MN,23825,US
9572,Savannah,GA,90475,US
9573,Savannah,GA,90475,US
9574,Bristol,WI,36571,US
9575,Bristol,ME,15795,US
9576,Bristol,ME,69220,US
9577,Chester,ME,31036,US
9578,Salem,NT,P6T 1T2,CA
9579,Salem,NT,P6T 1T2,CA
9580,San Antonio,TX,85660,US
9581,Bristol,AK,35059,US
9582,Bristol,AK,35059,US
9583,Georgetown,NH,64279,US
9584,Georgetown,NH,64279,US
9585,Georgetown,NH,64279,US
9586,Springfield,NS,P8L 7V2,CA
9587,Springfield,NS,P8L 7V2,CA
9588,Franklin,SD,29268,US
9589,Joliet,IL,62788,US
9590,Las Vegas,NV,86039,US
9591,Las Vegas,NV,98416,US
9592,Las Vegas,NV,86039,US
9593,Houston,TX,65680,US
9594,Georgetown,UT,54785,US
9595,Georgetown,UT,54785,US
9596,Georgetown,MT,65163,US
9597,Georgetown,MT,65163,US
9598,Bristol,IA,92042,US
9599,Bristol,IA,92042,US
9600,Red Deer,AB,P9K 3C7,CA
9601,Fairview,AK,69887,US
9602,Sparks,NV,12820,US
9603,Tucson,AZ,42120,US
9604,Allentown,PA,48916,US
9605,Allentown,PA,48916,US
9606,Clinton,MT,55421,US
9607,Clinton,MT,94054,US
9608,Clinton,MT,55421,US
9609,Reno,NV,25627,US
9610,Bristol,RI,24636,US
9611,Augusta,GA,35019,US
9612,Atlanta,GA,29755,US
9613,San Jose,CA,23345,US
9614,San Jose,CA,23345,US
9615,Clinton,WI,12207,US
9616,Georgetown,WI,75624,US
9617,Clinton,WI,12207,US
9618,Salem,WY,28246,US
9619,Springfield,WY,16302,US
9620,Salem,WY,28246,US
9621,Henderson,NV,28722,US
9622,Clinton,AK,88004,US
9623,Raleigh,NC,43240,US
9624,Raleigh,NC,56029,US
9625,Chester,TN,13234,US
9626,Chester,TN,13234,US
9627,Georgetown,YT,M6P 6H1,CA
9628,Georgetown,YT,M6P 6H1,CA
9629,Clinton,MN,80617,US
9630,Clinton,RI,66829,US
9631,Salem,RI,52293,US
9632,Georgetown,PE,H3A 2E2,CA
9633,Bristol,PE,L3K 9A8,CA
9634,Riverside,NJ,63266,US
9635,Riverside,NJ,63266,US
9636,Madison,NM,93738,US
9637,Georgetown,KY,62699,US
9638,Cincinnati,OH,24378,US
9639,Cincinnati,OH,24378,US
9640,Aurora,CO,53152,US
9641,Aurora,CO,53152,US
9642,Aurora,CO,53152,US
9643,New York,NY,95775,US
9644,Madison,MO,71960,US
9645,Salem,MB,A2J 6C2,CA
9646,Franklin,CT,42935,US
9647,San Francisco,CA,63748,US
9648,San Francisco,CA,63748,US
9649,San Francisco,CA,63748,US
9650,Tacoma,WA,20489,US
9651,Riverside,MD,92515,US
9652,Riverside,NL,C1H 3L0,CA
9653,Riverside,NL,C1H 3L0,CA
9654,Salem,SK,N8K 4N7,CA
9655,Salem,SK,N8K 4N7,CA
9656,Hamilton,ON,T3B 1C5,CA
9657,Hamilton,ON,T3B 1C5,CA
9658,Springfield,IA,47974,US
9659,Springfield,IA,47974,US
9660,Madison,SD,99110,US
9661,Fairview,PE,Y1R 9R2,CA
9662,Fairview,PE,Y1R 9R2,CA
9663,Madison,MS,56219,US
9664,Madison,MS,56219,US
9665,Georgetown,CT,17180,US
9666,Dallas,TX,85208,US
9667,Dallas,TX,85208,US
9668,Franklin,VA,17954,US
9669,Franklin,VA,17954,US
9670,Tacoma,WA,52819,US
9671,Vancouver,WA,79156,US
9672,Franklin,MD,37470,US
9673,Fairview,MT,99536,US
9674,Fairview,MT,99536,US
9675,Atlanta,GA,37298,US
9676,Atlanta,GA,78928,US
9677,Macon,GA,24896,US
9678,Madison,NH,66451,US
9679,Madison,NH,66451,US
9680,Georgetown,NB,M7S 9V9,CA
9681,Franklin,NS,C1X 5L1,CA
9682,Fairview,IN,90631,US
9683,Fairview,IN,90631,US
9684,Clinton,MT,73098,US
9685,Madison,MT,93202,US
9686,Madison,MT,76588,US
9687,Warren,MI,72363,US
9688,Springfield,WI,36789,US
9689,Fairview,WI,59688,US
9690,Clinton,DE,83054,US
9691,Clinton,DE,83054,US
9692,Riverside,KS,14808,US
9693,Fairview,MB,H7V 8X5,CA
9694,Bristol,TN,19204,US
9695,Bristol,TN,19204,US
9696,Georgetown,KY,81323,US
9697,Riverside,MO,73046,US
9698,Tampa,FL,87471,US
9699,Tampa,FL,87471,US
9700,Riverside,SK,M8B 7T2,CA
9701,Riverside,SK,M8B 7T2,CA
9702,Springfield,ME,86889,US
9703,Springfield,ME,86889,US
9704,Scottsdale,AZ,50849,US
9705,Scottsdale,AZ,50849,US
9706,Scottsdale,AZ,50849,US
9707,Chester,MT,76979,US
9708,Salem,NE,76880,US
9709,Franklin,MO,52357,US
9710,Franklin,MO,52357,US
9711,Madison,WI,40771,US
9712,Madison,WI,40771,US
9713,Greensboro,NC,80625,US
9714,Denver,CO,59684,US
9715,Denver,CO,59684,US
9716,Richmond,BC,M2M 4Y3,CA
9717,Vancouver,BC,B6J 2K5,CA
9718,Madison,KY,32293,US
9719,Madison,KY,32293,US
9720,Madison,KY,32293,US
9721,Lowell,MA,33819,US
9722,Bristol,UT,94814,US
9723,Springfield,WV,32989,US
9724,Clinton,WV,50298,US
9725,Riverside,MS,31005,US
9726,Fairview,NM,10952,US
9727,Fairview,NM,10952,US
9728,Bristol,SD,61486,US
9729,Bristol,SD,61486,US
9730,Bristol,SD,61486,US
9731,Franklin,AK,20009,US
9732,Fairview,SD,95404,US
9733,Fairview,SD,95404,US
9734,Fairview,SD,95404,US
9735,Georgetown,OK,19503,US
9736,Springfield,AK,93929,US
9737,Georgetown,WI,82630,US
9738,Springfield,PE,J3H 4H6,CA
9739,Springfield,PE,J3H 4H6,CA
9740,Madison,MS,57348,US
9741,Madison,MS,57348,US
9742,Clinton,ME,56898,US
9743,Madison,CT,46863,US
9744,Madison,CT,46863,US
9745,Fairview,WY,42388,US
9746,Salem,IA,24658,US
9747,Salem,IA,24658,US
9748,Franklin,ND,94637,US
9749,Franklin,ND,94637,US
9750,Franklin,MO,80916,US
9751,Georgetown,WI,21699,US
9752,Georgetown,WI,21699,US
9753,Chester,IA,57148,US
9754,Chester,IA,95028,US
9755,Chester,IA,57148,US
9756,Vancouver,BC,G1M 7B7,CA
9757,Bristol,KS,68910,US
9758,Bristol,KS,68910,US
9759,Riverside,MS,35277,US
9760,Springfield,MS,14437,US
9761,Franklin,NJ,35674,US
9762,Fort Collins,CO,22887,US
9763,Fort Collins,CO,29993,US
9764,Fairview,KY,10037,US
9765,Fairview,KY,10037,US
9766,Salem,SD,61170,US
9767,Salem,SD,61170,US
9768,Chester,VA,47426,US
9769,Springfield,VA,56162,US
9770,Franklin,MD,61430,US
9771,Salem,IN,40112,US
9772,Chester,WY,49460,US
9773,Bristol,NH,24419,US
9774,Franklin,NJ,55201,US
9775,Franklin,NJ,55201,US
9776,Riverside,NJ,18254,US
9777,Longueuil,QC,A6C 2S0,CA
9778,Gatineau,QC,B1L 6P6,CA
9779,Bristol,AR,25692,US
9780,Philadelphia,PA,97004,US
9781,Madison,DE,48280,US
9782,Riverside,SC,36295,US
9783,Springfield,WV,16879,US
9784,Georgetown,NJ,12168,US
9785,Georgetown,NJ,12168,US
9786,Georgetown,NJ,12168,US
9787,Cincinnati,OH,47140,US
9788,Cincinnati,OH,47140,US
9789,Cleveland,OH,84291,US
9790,Madison,SK,A1G 9H3,CA
9791,Madison,SK,A1G 9H3,CA
9792,Chester,WY,77765,US
9793,Augusta,GA,75467,US
9794,Salem,MT,97714,US
9795,Bristol,NE,76507,US
9796,Springfield,TN,20020,US
9797,Springfield,TN,20020,US
9798,Riverside,TN,34249,US
9799,Fairview,NS,V3M 6M1,CA
9800,Fairview,NS,V3M 6M1,CA
9801,Georgetown,NS,L6H 1L9,CA
9802,Springfield,MS,26172,US
9803,Clinton,UT,55609,US
9804,Clinton,MB,N3N 7C4,CA
9805,Clinton,MB,N3N 7C4,CA
9806,Salem,MB,G4K 5Y3,CA
9807,Riverside,MT,22117,US
9808,Georgetown,MT,39237,US
9809,Madison,MS,67997,US
9810,Madison,MS,67997,US
9811,Madison,MS,67997,US
9812,Springfield,IN,85944,US
9813,Boulder,CO,92695,US
9814,Springfield,MO,43867,US
9815,Springfield,MO,43867,US
9816,Clinton,AR,67250,US
9817,Chester,AR,19535,US
9818,Clinton,AR,67250,US
9819,Bristol,NJ,55621,US
9820,Springfield,KS,50523,US
9821,Fairview,UT,67790,US
9822,Fairview,SD,48287,US
9823,Fairview,SD,48287,US
9824,Calgary,AB,S8T 2V3,CA
9825,Calgary,AB,C8V 3X7,CA
9826,Lethbridge,AB,N8M 8B5,CA
9827,Springfield,NJ,27516,US
9828,Dallas,TX,86676,US
9829,Dallas,TX,86676,US
9830,Riverside,KS,75944,US
9831,Riverside,KS,75944,US
9832,Riverside,KS,75944,US
9833,Worcester,MA,34258,US
9834,Fairview,WV,67162,US
9835,Franklin,AL,71666,US
9836,Georgetown,KY,59921,US
9837,Bristol,AL,94816,US
9838,Vancouver,WA,55204,US
9839,Vancouver,WA,55204,US
9840,Pittsburgh,PA,84438,US
9841,Pittsburgh,PA,84438,US
9842,Georgetown,AK,94193,US
9843,Fairview,IA,18498,US
9844,Chester,IA,38379,US
9845,Springfield,VT,19774,US
9846,Chester,LA,46273,US
9847,Springfield,HI,61146,US
9848,Riverside,RI,81479,US
9849,Riverside,RI,81479,US
9850,Bristol,IA,78259,US
9851,Chester,MD,52584,US
9852,Spokane,WA,45407,US
9853,Spokane,WA,45407,US
9854,Spokane,WA,45407,US
9855,San Diego,CA,12133,US
9856,Atlanta,GA,73435,US
9857,Springfield,SD,66343,US
9858,Franklin,HI,55187,US
9859,Franklin,NU,A5G 5B5,CA
9860,Clinton,MD,29163,US
9861,Clinton,MO,14242,US
9862,Bristol,NL,Y6X 1V9,CA
9863,Bristol,NL,Y6X 1V9,CA
9864,Rochester,NY,52653,US
9865,Syracuse,NY,45043,US
9866,Springfield,NE,64258,US
9867,Henderson,NV,75326,US
9868,Lethbridge,AB,M5A 7N3,CA
9869,Lethbridge,AB,M5A 7N3,CA
9870,Spokane,WA,31924,US
9871,New York,NY,56162,US
9872,Denver,CO,19035,US
9873,Longueuil,QC,S2E 8J9,CA
9874,Longueuil,QC,S2E 8J9,CA
9875,Scottsdale,AZ,70904,US
9876,Salem,NE,39086,US
9877,Salem,NE,39086,US
9878,Madison,NT,J5B 9V4,CA
9879,Riverside,MT,67496,US
9880,Riverside,MT,67496,US
9881,Naperville,IL,44191,US
9882,Rockford,IL,92723,US
9883,Naperville,IL,44191,US
9884,Sparks,NV,98973,US
9885,Clinton,NM,18835,US
9886,Riverside,ID,22814,US
9887,Riverside,ID,22814,US
9888,Madison,VT,92114,US
9889,Madison,VT,92114,US
9890,Bristol,KY,25290,US
9891,Rockford,IL,66594,US
9892,Rockford,IL,66594,US
9893,Salem,WV,51230,US
9894,Salem,WV,51230,US
9895,Salem,WV,51230,US
9896,Salem,UT,14071,US
9897,Salem,UT,14071,US
9898,Tampa,FL,81769,US
9899,Riverside,PE,X4J 3C5,CA
9900,Riverside,PE,X4J 3C5,CA
9901,Chester,MN,85993,US
9902,Chester,MN,85993,US
9903,Georgetown,SC,49604,US
9904,Clinton,SC,41874,US
9905,Fairview,OR,47866,US
9906,Fairview,OR,47866,US
9907,Bristol,ME,86209,US
9908,Madison,NE,87741,US
9909,Madison,NE,87741,US
9910,Clinton,HI,82265,US
9911,Fairview,ME,19971,US
9912,Clinton,WV,41639,US
9913,Chester,MN,57528,US
9914,Chester,MN,57528,US
9915,Georgetown,TN,48299,US
9916,Georgetown,TN,48299,US
9917,Macon,GA,53842,US
9918,San Diego,CA,43844,US
9919,Franklin,WV,97446,US
9920,Franklin,AR,36239,US
9921,Madison,KS,40610,US
9922,Madison,KS,40610,US
9923,Bristol,ME,35806,US
9924,Bristol,ME,35806,US
9925,Bristol,ME,35806,US
9926,Georgetown,ME,33465,US
9927,Franklin,ID,87947,US
9928,Georgetown,MD,65560,US
9929,Georgetown,MD,65560,US
9930,Clinton,NU,N9G 1X7,CA
9931,Clinton,NU,N9G 1X7,CA
9932,Clinton,MO,64902,US
9933,Vancouver,BC,A3G 3T5,CA
9934,Vancouver,BC,A3G 3T5,CA
9935,Vancouver,BC,A3G 3T5,CA
9936,Franklin,NJ,82924,US
9937,Salem,NH,72424,US
9938,Salem,NH,72424,US
9939,Salem,NH,72424,US
9940,Clinton,RI,62949,US
9941,Boulder,CO,23055,US
9942,Boulder,CO,23055,US
9943,Boulder,CO,23055,US
9944,Aurora,CO,25537,US
9945,Bristol,NL,R1A 7J2,CA
9946,Bristol,NL,R1A 7J2,CA
9947,Riverside,SK,T8H 2L8,CA
9948,Franklin,SK,P9J 3G4,CA
9949,Georgetown,NT,A8E 1C9,CA
9950,Georgetown,NT,A8E 1C9,CA
9951,Akron,OH,18538,US
9952,Boston,MA,41268,US
9953,Lowell,MA,12604,US
9954,Chester,KS,14830,US
9955,Las Vegas,NV,10738,US
9956,Bristol,NT,V3X 3B4,CA
9957,Bristol,NT,V3X 3B4,CA
9958,Bristol,NT,V3X 3B4,CA
9959,Madison,MN,74868,US
9960,Madison,MN,74868,US
9961,Franklin,IA,13273,US
9962,Reading,PA,40551,US
9963,Erie,PA,83333,US
9964,Reading,PA,40551,US
9965,Clinton,KS,62559,US
9966,Clinton,KS,62559,US
9967,Chester,KY,34042,US
9968,Riverside,NJ,53533,US
9969,Georgetown,NU,K5Y 5T4,CA
9970,Georgetown,NU,K5Y 5T4,CA
9971,Georgetown,NU,K5Y 5T4,CA
9972,Salem,MD,10808,US
9973,Springfield,MD,82328,US
9974,Salem,MD,10808,US
9975,Vancouver,BC,K2B 7B6,CA
9976,Vancouver,BC,K2B 7B6,CA
9977,Madison,MO,17084,US
9978,Madison,MO,17084,US
9979,Bristol,SK,G6C 4H7,CA
9980,Spokane,WA,24116,US
9981,Georgetown,NB,E5R 4X0,CA
9982,Georgetown,NB,E5R 4X0,CA
9983,Albany,NY,88608,US
9984,Chester,NM,81995,US
9985,Chester,NM,81995,US
9986,Salem,MB,P8N 7N0,CA
9987,Salem,MB,P8N 7N0,CA
9988,Cambridge,MA,32253,US
9989,Cambridge,MA,32253,US
9990,Fairview,UT,44307,US
9991,Bristol,VA,39125,US
9992,Bristol,VA,39125,US
9993,Fairview,AK,56921,US
9994,Fairview,AK,56921,US
9995,Georgetown,AK,60464,US
9996,Georgetown,OK,15333,US
9997,Georgetown,OK,39484,US
9998,Aurora,IL,83859,US
9999,Detroit,MI,47662,US
10000,Pittsburgh,PA,78827,US
10001,Philadelphia,PA,61095,US
10002,Tampa,FL,99536,US
10003,Tampa,FL,99536,US
10004,Tampa,FL,99536,US
10005,Riverside,MT,29421,US
10006,Riverside,MT,29421,US
10007,Chester,WY,38001,US
10008,Georgetown,AL,76382,US
10009,Springfield,AL,57030,US
10010,Madison,WY,61767,US
10011,Clinton,AL,97556,US
10012,Georgetown,NJ,98462,US
10013,Bristol,ND,83696,US
10014,Chester,ND,42015,US
10015,Clinton,AR,91718,US
10016,Winston-Salem,NC,22140,US
10017,Madison,IA,59652,US
10018,Madison,HI,46451,US
10019,Springfield,NM,90011,US
10020,Springfield,NM,90011,US
10021,Madison,NM,51239,US
10022,Clinton,NE,93569,US
10023,Fairview,NE,72607,US
10024,Clinton,NE,93569,US
10025,Clinton,CT,82819,US
10026,Georgetown,NU,X7H 6G2,CA
10027,Madison,SK,S1C 2B8,CA
10028,Raleigh,NC,21063,US
10029,Raleigh,NC,21063,US
10030,Franklin,MS,64216,US
10031,Franklin,MS,64216,US
10032,Georgetown,YT,A6H 6P6,CA
10033,Sacramento,CA,80655,US
10034,Clinton,SD,81691,US
10035,Franklin,SD,86359,US
10036,Bristol,LA,21609,US
10037,Bristol,NL,X4V 8T9,CA
10038,Augusta,GA,67433,US
10039,Fairview,MN,97649,US
10040,Durham,NC,40289,US
10041,Durham,NC,40289,US
10042,Durham,NC,40289,US
10043,Clinton,AR,55720,US
10044,Clinton,AR,55720,US
10045,Clinton,AR,55720,US
10046,Sterling Heights,MI,87171,US
10047,Sterling Heights,MI,87171,US
10048,Warren,MI,88620,US
10049,Franklin,DE,66215,US
10050,Gatineau,QC,V9M 6A4,CA
10051,Salem,OR,62629,US
10052,Spokane,WA,53791,US
10053,Madison,IA,95991,US
10054,Salem,AK,63300,US
10055,Salem,AK,63300,US
10056,Joliet,IL,99096,US
10057,Clinton,NS,H4C 9Y1,CA
10058,Riverside,VT,81843,US
10059,San Antonio,TX,80023,US
10060,Springfield,CT,52021,US
10061,Springfield,CT,52021,US
10062,Georgetown,WV,99610,US
10063,Raleigh,NC,68980,US
10064,Raleigh,NC,68980,US
10065,Franklin,SC,76258,US
10066,Franklin,SC,76258,US
10067,Chester,VT,42061,US
10068,Georgetown,NU,V6J 1J2,CA
10069,Franklin,MT,64443,US
10070,Franklin,MT,64443,US
10071,Rockford,IL,13094,US
10072,Rockford,IL,13094,US
10073,Savannah,GA,97014,US
10074,Springfield,KS,91903,US
10075,Springfield,KS,91903,US
10076,Georgetown,DE,59961,US
10077,Georgetown,DE,59961,US
10078,Madison,MO,93105,US
10079,Madison,MO,93105,US
10080,Georgetown,NH,40912,US
10081,Bristol,TN,51406,US
10082,Fairview,NM,35522,US
10083,Riverside,AR,55944,US
10084,Riverside,AR,55944,US
10085,Clinton,CT,76380,US
10086,Clinton,CT,76380,US
10087,Sterling Heights,MI,24835,US
10088,Tacoma,WA,12959,US
10089,Vancouver,WA,63233,US
10090,Springfield,MN,89672,US
10091,Chester,KY,61133,US
10092,Bristol,KY,29337,US
10093,Madison,OR,71888,US
10094,Tucson,AZ,71313,US
10095,Tucson,AZ,71313,US
10096,Tucson,AZ,71313,US
10097,Franklin,NH,59798,US
10098,Franklin,NH,59798,US
10099,Raleigh,NC,76658,US
10100,Clinton,SK,A9Y 1N4,CA
10101,Bellevue,WA,88140,US
10102,Bellevue,WA,88140,US
10103,Chandler,AZ,70869,US
10104,Syracuse,NY,15937,US
10105,Clinton,MT,70921,US
10106,Bristol,ME,20606,US
10107,Grand Rapids,MI,75074,US
10108,Fairview,MS,68250,US
10109,Bristol,SD,67545,US
10110,Quebec City,QC,S3K 1C1,CA
10111,Tacoma,WA,18595,US
10112,Georgetown,HI,41915,US
10113,Georgetown,HI,41915,US
10114,Chester,MO,92141,US
10115,Fairview,MO,31762,US
10116,Bristol,NM,73320,US
10117,Mississauga,ON,R9M 4P7,CA
10118,Mississauga,ON,R9M 4P7,CA
10119,Franklin,NS,V8G 2N0,CA
10120,Orlando,FL,88006,US
10121,Salem,RI,57028,US
10122,Salem,RI,29601,US
10123,Allentown,PA,83806,US
10124,Clinton,KY,79017,US
10125,Clinton,KY,79017,US
10126,Clinton,KY,79017,US
10127,Riverside,MD,83323,US
10128,Fairview,RI,77901,US
10129,Fairview,RI,77901,US
10130,Clinton,DE,41229,US
10131,Franklin,OK,22400,US
10132,Fairview,OK,63728,US
10133,Salem,MS,94542,US
10134,Fairview,SD,47552,US
10135,Fairview,SD,47552,US
10136,Tacoma,WA,40766,US
10137,Madison,WI,27630,US
10138,Red Deer,AB,N5K 5L5,CA
10139,Calgary,AB,V9T 5S0,CA
10140,Scottsdale,AZ,24126,US
10141,Salem,SD,14106,US
10142,Salem,SD,14106,US
10143,Franklin,SD,64223,US
10144,Fairview,HI,76424,US
10145,Chester,ND,92280,US
10146,Springfield,ID,33692,US
10147,Springfield,ID,33692,US
10148,Joliet,IL,99142,US
10149,Joliet,IL,99142,US
10150,Joliet,IL,99142,US
10151,Bellevue,WA,83546,US
10152,Fort Collins,CO,74582,US
10153,Fort Collins,CO,14383,US
10154,Fort Collins,CO,74582,US
10155,Fairview,AK,78899,US
10156,Madison,AK,28753,US
10157,Chester,WY,65007,US
10158,Chester,WY,65007,US
10159,Riverside,VA,23927,US
10160,Springfield,VA,45761,US
10161,Riverside,NB,T9R 1E7,CA
10162,Franklin,MN,30150,US
10163,Tampa,FL,10046,US
10164,Tampa,FL,10046,US
10165,Clinton,OR,11182,US
10166,Clinton,OR,11182,US
10167,Clinton,OR,11182,US
10168,Fairview,NE,28373,US
10169,Fairview,NE,11388,US
10170,Boston,MA,55841,US
10171,Spokane,WA,44123,US
10172,Georgetown,AL,99655,US
10173,Clinton,NH,49545,US
10174,Clinton,NH,49545,US
10175,Madison,NH,64087,US
10176,Clinton,KS,26946,US
10177,Clinton,KS,26946,US
10178,Springfield,VT,39288,US
10179,Toronto,ON,M8L 3L3,CA
10180,Toronto,ON,M8L 3L3,CA
10181,Chester,PE,E5T 4J9,CA
10182,Chester,PE,E5T 4J9,CA
10183,Chester,PE,E5T 4J9,CA
10184,Albany,NY,90285,US
10185,New York,NY,48039,US
10186,Rochester,NY,44961,US
10187,Riverside,ME,46506,US
10188,Springfield,MA,40821,US
10189,Springfield,MA,40821,US
10190,Riverside,MN,60519,US
10191,Springfield,AL,46340,US
10192,Springfield,AL,46340,US
10193,Springfield,AL,46340,US
10194,Lowell,MA,51698,US
10195,Lowell,MA,51698,US
10196,Lowell,MA,51698,US
10197,Madison,YT,C1V 2V7,CA
10198,Chester,LA,55782,US
10199,Chester,KS,78682,US
10200,Franklin,SC,81886,US
10201,Franklin,MS,43257,US
10202,Franklin,MS,43257,US
10203,Ann Arbor,MI,14206,US
10204,Clinton,ME,76239,US
10205,Clinton,ME,76239,US
10206,Springfield,ME,50692,US
10207,Franklin,YT,S4K 9G8,CA
10208,Fairview,HI,48344,US
10209,Greensboro,NC,95661,US
10210,Clinton,DE,24669,US
10211,Clinton,DE,24669,US
10212,Clinton,DE,24669,US
10213,Franklin,NE,47570,US
10214,Cleveland,OH,12901,US
10215,Colorado Springs,CO,71319,US
10216,Colorado Springs,CO,71319,US
10217,Spokane,WA,21219,US
10218,Bellevue,WA,66505,US
10219,Spokane,WA,21219,US
10220,Madison,MN,62461,US
10221,Chester,MN,58593,US
10222,Fairview,WY,81959,US
10223,Fairview,WY,81959,US
10224,Laval,QC,G6T 9J6,CA
10225,Bristol,NJ,33782,US
10226,Georgetown,PE,Y1S 4B3,CA
10227,Georgetown,PE,Y1S 4B3,CA
10228,Grand Rapids,MI,17968,US
10229,Chester,MB,L4G 2J2,CA
10230,Georgetown,MS,66325,US
10231,San Antonio,TX,49411,US
10232,Salem,LA,53046,US
10233,Springfield,KY,97827,US
10234,Montreal,QC,G9M 9M4,CA
10235,Montreal,QC,G9M 9M4,CA
10236,Laval,QC,P9P 8N2,CA
10237,Springfield,YT,S5X 2Y5,CA
10238,Salem,YT,S7M 2R4,CA
10239,Georgetown,AR,45511,US
10240,Vancouver,BC,L6M 2P8,CA
10241,Clinton,NB,A2Y 6J3,CA
10242,Fort Worth,TX,54517,US
10243,Fort Worth,TX,54517,US
10244,Fairview,MN,86065,US
10245,Fairview,MN,86065,US
10246,Raleigh,NC,11766,US
10247,Raleigh,NC,11766,US
10248,Springfield,NE,92985,US
10249,Springfield,SC,28391,US
10250,Tucson,AZ,44510,US
10251,Tucson,AZ,44510,US
10252,Springfield,NJ,28841,US
10253,Springfield,NJ,28841,US
10254,Salem,UT,65430,US
10255,Salem,UT,65430,US
10256,Riverside,ND,60222,US
10257,Riverside,ND,60222,US
10258,Chester,KS,20932,US
10259,Chester,KS,20932,US
10260,Bristol,WY,51888,US
10261,Madison,WY,67019,US
10262,Springfield,DE,26478,US
10263,Georgetown,YT,M3S 2M6,CA
10264,Orlando,FL,70602,US
10265,Riverside,MT,65032,US
10266,Riverside,MT,65032,US
10267,Clinton,HI,22449,US
10268,Clinton,HI,22449,US
10269,Clinton,HI,51066,US
10270,Salem,TN,58743,US
10271,Chester,SD,48503,US
10272,Salem,SD,54501,US
10273,Quebec City,QC,A3J 9M1,CA
10274,Quebec City,QC,A3J 9M1,CA
10275,Georgetown,OK,21593,US
10276,Clinton,OK,98357,US
10277,Worcester,MA,44550,US
10278,Chandler,AZ,85967,US
10279,Chandler,AZ,85967,US
10280,Bristol,WV,15108,US
10281,Bristol,SC,94684,US
10282,Bristol,SC,29570,US
10283,Springfield,NH,12060,US
10284,Salem,NT,H2P 8P9,CA
10285,Bristol,OR,63134,US
10286,Salem,KS,94758,US
10287,Madison,ID,58916,US
10288,Madison,ID,58916,US
10289,Riverside,RI,55913,US
10290,Riverside,RI,55913,US
10291,Clinton,NE,21529,US
10292,Salem,NE,11372,US
10293,Franklin,KS,94742,US
10294,Franklin,KS,94742,US
10295,Surrey,BC,A8G 1X0,CA
10296,Surrey,BC,A8G 1X0,CA
10297,Georgetown,IN,76377,US
10298,Fairview,AK,95404,US
10299,Clinton,ND,18830,US
10300,Georgetown,AL,75533,US
10301,Georgetown,AL,75533,US
10302,Greensboro,NC,23269,US
10303,Spokane,WA,22510,US
10304,Riverside,AK,57146,US
10305,Bristol,NM,71982,US
10306,Bristol,NM,71982,US
10307,Bristol,NM,71982,US
10308,Georgetown,NJ,62557,US
10309,Riverside,NJ,48060,US
10310,Riverside,NJ,78323,US
10311,Franklin,DE,24467,US
10312,Clinton,TN,91321,US
10313,Georgetown,TN,89584,US
10314,Raleigh,NC,48117,US
10315,Georgetown,WI,59561,US
10316,Georgetown,WI,59561,US
10317,Fairview,RI,47885,US
10318,Orlando,FL,65984,US
10319,Orlando,FL,65984,US
10320,Springfield,RI,64723,US
10321,Georgetown,RI,10644,US
10322,Clinton,TN,69771,US
10323,Tucson,AZ,39423,US
10324,Tucson,AZ,39423,US
10325,Clinton,NM,64545,US
10326,Chester,NM,39790,US
10327,Clinton,NM,83175,US
10328,Clinton,NM,40816,US
10329,Franklin,YT,J1B 5X4,CA
10330,Georgetown,NB,J9P 4C1,CA
10331,Georgetown,NB,J9P 4C1,CA
10332,Georgetown,NB,J9P 4C1,CA
10333,Savannah,GA,36775,US
10334,Chester,ID,48977,US
10335,Chester,ID,48977,US
10336,Georgetown,MB,G4P 7G1,CA
10337,Bristol,ID,75554,US
10338,Springfield,ME,78409,US
10339,Springfield,ME,78409,US
10340,Springfield,ME,84513,US
10341,Clinton,NU,S3G 6B5,CA
10342,Franklin,VT,61032,US
10343,Fairview,SC,94762,US
10344,Fairview,SC,94762,US
10345,Riverside,AL,24417,US
10346,Georgetown,NB,B7N 8P1,CA
10347,Medicine Hat,AB,G5T 4V0,CA
10348,Seattle,WA,42964,US
10349,Franklin,OR,15112,US
10350,Clinton,MN,85162,US
10351,Worcester,MA,43816,US
10352,Worcester,MA,43816,US
10353,Madison,MN,77685,US
10354,Bristol,CT,15807,US
10355,Fairview,VT,12777,US
10356,Fairview,VT,12777,US
10357,Fairview,VT,12777,US
10358,Riverside,AK,45769,US
10359,Salem,LA,44355,US
10360,Salem,LA,44355,US
10361,Clinton,WI,93584,US
10362,Riverside,CT,68262,US
10363,Riverside,CT,68262,US
10364,Riverside,CT,68262,US
10365,Bristol,NB,M2K 9Y9,CA
10366,Fairview,MD,18678,US
10367,Fairview,MD,18678,US
10368,Clinton,HI,13928,US
10369,Chester,MO,71063,US
10370,Chester,MO,71063,US
10371,Chester,MD,41014,US
10372,Chester,MD,41014,US
10373,Springfield,ME,99898,US
10374,Chandler,AZ,51574,US
10375,Phoenix,AZ,80934,US
10376,Chandler,AZ,51574,US
10377,Fairview,LA,20432,US
10378,Fairview,LA,20432,US
10379,Franklin,NM,12525,US
10380,Riverside,MN,83148,US
10381,Georgetown,MN,96704,US
10382,Las Vegas,NV,88736,US
10383,Clinton,PE,M6T 8B2,CA
10384,Fairview,ME,48069,US
10385,Fairview,ME,48069,US
10386,Salem,RI,22619,US
10387,Salem,RI,22619,US
10388,Bristol,MS,75011,US
10389,Bristol,MS,75011,US
10390,Bristol,MS,80125,US
10391,Akron,OH,66235,US
10392,Columbus,OH,13216,US
10393,Bristol,CT,24937,US
10394,Bristol,CT,24937,US
10395,Bristol,CT,24937,US
10396,San Diego,CA,28035,US
10397,Clinton,NL,R7Y 1A0,CA
10398,Clinton,NL,R7Y 1A0,CA
10399,Franklin,WV,84164,US
10400,Franklin,WV,84164,US
10401,Madison,WV,74173,US
10402,Winston-Salem,NC,83161,US
10403,Franklin,LA,80066,US
10404,Franklin,LA,80066,US
10405,Grand Rapids,MI,29491,US
10406,Warren,MI,74691,US
10407,Vancouver,BC,G1T 6N9,CA
10408,Vancouver,BC,G1T 6N9,CA
10409,Rochester,NY,63003,US
10410,Rochester,NY,88316,US
10411,Rochester,NY,63003,US
10412,Bellevue,WA,76478,US
10413,Bristol,ND,41639,US
10414,Bristol,ND,41639,US
10415,Bristol,WY,57186,US
10416,Salem,NU,T1V 1R4,CA
10417,Fairview,IN,60734,US
10418,Fairview,IN,60734,US
10419,Salem,ID,94489,US
10420,Salem,HI,59169,US
10421,Fairview,LA,92607,US
10422,Fairview,LA,92607,US
10423,Fairview,LA,59809,US
10424,Sterling Heights,MI,13022,US
10425,Warren,MI,49526,US
10426,Sterling Heights,MI,13022,US
10427,Worcester,MA,87796,US
10428,Worcester,MA,87796,US
10429,Chester,UT,87506,US
10430,Fairview,MS,72607,US
10431,Fairview,MS,72607,US
10432,Fort Lauderdale,FL,53475,US
10433,Clinton,OR,16555,US
10434,Georgetown,IA,99294,US
10435,Clinton,WY,57797,US
10436,Clinton,WY,57797,US
10437,Pittsburgh,PA,58939,US
10438,Pittsburgh,PA,58939,US
10439,Pittsburgh,PA,58939,US
10440,Salem,PE,P8N 9B1,CA
10441,Clinton,NJ,11231,US
10442,Franklin,MT,89044,US
10443,Red Deer,AB,T4X 6K2,CA
10444,Red Deer,AB,T4X 6K2,CA
10445,Chester,MO,47840,US
10446,Fairview,WI,10365,US
10447,Fairview,WI,10365,US
10448,Springfield,ME,90480,US
10449,Grand Rapids,MI,31139,US
10450,New York,NY,64959,US
10451,New York,NY,64959,US
10452,New York,NY,64959,US
10453,Madison,RI,49935,US
10454,Madison,RI,49935,US
10455,Madison,RI,49935,US
10456,Chester,NJ,99732,US
10457,Madison,CT,27230,US
10458,Madison,CT,27230,US
10459,Reading,PA,18914,US
10460,Dallas,TX,91145,US
10461,Fort Worth,TX,60365,US
10462,Riverside,RI,70913,US
10463,Riverside,RI,70913,US
10464,Mesa,AZ,58646,US
10465,Salem,OK,37558,US
10466,Salem,OK,37558,US
10467,Riverside,OK,11209,US
10468,Salem,NB,P8A 3P2,CA
10469,Salem,NB,P8A 3P2,CA
10470,Salem,NB,P8A 3P2,CA
10471,Madison,NM,14240,US
10472,Fairview,SK,P9E 5Y3,CA
10473,Fairview,SK,P9E 5Y3,CA
10474,Fairview,WY,53470,US
10475,Franklin,WY,12362,US
10476,Georgetown,CT,66923,US
10477,Georgetown,CT,66923,US
10478,Franklin,UT,16227,US
10479,Franklin,UT,16227,US
10480,Franklin,UT,16227,US
10481,Riverside,KS,18431,US
10482,Cleveland,OH,78276,US
10483,Springfield,VT,49163,US
10484,Bristol,VT,24112,US
10485,Springfield,VT,49163,US
10486,Los Angeles,CA,54684,US
10487,Salem,LA,40106,US
10488,Salem,LA,40106,US
10489,Riverside,AK,66334,US
10490,Fairview,MT,74993,US
10491,Georgetown,NB,C8E 5N5,CA
10492,Riverside,MS,16653,US
10493,Riverside,MS,16653,US
10494,Madison,NJ,79416,US
10495,Madison,NJ,79416,US
10496,Riverside,SD,55509,US
10497,Riverside,MT,13689,US
10498,Bristol,NE,32479,US
10499,Bristol,NE,32479,US
10500,Clinton,DE,54850,US
10501,Fairview,MO,16246,US
10502,Fairview,MO,16246,US
10503,Las Vegas,NV,50194,US
10504,Las Vegas,NV,50194,US
10505,Bristol,MN,27171,US
10506,Madison,SD,40286,US
10507,Madison,SD,40286,US
10508,Franklin,SD,75713,US
10509,Las Vegas,NV,51395,US
10510,Chester,NB,X4Y 6H9,CA
10511,Georgetown,HI,67853,US
10512,Georgetown,RI,42943,US
10513,Georgetown,RI,42943,US
10514,Durham,NC,12674,US
10515,Clinton,HI,32392,US
10516,Seattle,WA,40598,US
10517,Seattle,WA,40598,US
10518,Riverside,UT,59547,US
10519,Riverside,UT,59547,US
10520,Georgetown,SC,23477,US
10521,Georgetown,SC,23477,US
10522,Georgetown,SC,23477,US
10523,Salem,IA,74726,US
10524,Salem,IA,74726,US
10525,Salem,NM,68961,US
10526,Franklin,SC,16430,US
10527,Franklin,SC,16430,US
10528,New York,NY,73147,US
10529,New York,NY,73147,US
10530,Franklin,VT,60870,US
10531,Franklin,VT,60870,US
10532,Syracuse,NY,43258,US
10533,Burnaby,BC,C9M 6Y2,CA
10534,Richmond,BC,V1A 7R4,CA
10535,Springfield,PE,L2K 1C1,CA
10536,Riverside,UT,44654,US
10537,Riverside,UT,44654,US
10538,Riverside,UT,44654,US
10539,Athens,GA,42873,US
10540,Erie,PA,12174,US
10541,Philadelphia,PA,57473,US
10542,Pittsburgh,PA,70918,US
10543,Fairview,AL,57120,US
10544,Fairview,AL,57120,US
10545,Clinton,AL,66502,US
10546,Riverside,IA,58165,US
10547,Durham,NC,92694,US
10548,Durham,NC,92694,US
10549,Durham,NC,92694,US
10550,Madison,NH,74549,US
10551,Madison,WY,29151,US
10552,Bristol,WV,33788,US
10553,Bristol,WV,33788,US
10554,Cincinnati,OH,41631,US
10555,Cincinnati,OH,41631,US
10556,Bristol,SK,H6Y 3S5,CA
10557,Boulder,CO,11179,US
10558,Springfield,AK,69972,US
10559,Chester,IA,78758,US
10560,Chester,KY,39407,US
10561,Chester,KY,39407,US
10562,Chester,KY,39407,US
10563,Clinton,NE,90290,US
10564,Riverside,NE,71694,US
10565,Burnaby,BC,B5S 7P4,CA
10566,Clinton,OR,20267,US
10567,Clinton,OR,20267,US
10568,Chester,CT,87007,US
10569,Salem,CT,71584,US
10570,Bristol,NB,C4Y 5Y8,CA
10571,Allentown,PA,19617,US
10572,Erie,PA,16004,US
10573,Riverside,UT,64052,US
10574,Springfield,MT,81801,US
10575,Springfield,MT,81801,US
10576,Fairview,WV,82759,US
10577,San Diego,CA,65575,US
10578,Reno,NV,85515,US
10579,Springfield,MA,39262,US
10580,Springfield,MA,39262,US
10581,Springfield,MA,39262,US
10582,Georgetown,MD,84347,US
10583,Franklin,MD,56307,US
10584,Springfield,VT,39560,US
10585,Springfield,VT,39560,US
10586,Clinton,SD,63521,US
10587,Clinton,SD,63521,US
10588,Hamilton,ON,A7T 6E7,CA
10589,Tucson,AZ,85652,US
10590,Bristol,WY,62178,US
10591,Bellevue,WA,11726,US
10592,Chester,ME,33493,US
10593,Chester,ME,33493,US
10594,San Francisco,CA,13906,US
10595,Salem,YT,A9X 3P2,CA
10596,Chester,YT,V5N 7S4,CA
10597,Salem,YT,A9X 3P2,CA
10598,Salem,KS,83511,US
10599,Spokane,WA,83031,US
10600,Spokane,WA,83031,US
10601,Spokane,WA,83031,US
10602,Springfield,MB,A9J 5G5,CA
10603,Reading,PA,68386,US
10604,Reading,PA,56902,US
10605,Madison,NL,B8R 6P8,CA
10606,Houston,TX,38548,US
10607,San Antonio,TX,33121,US
10608,Salem,NH,91472,US
10609,Salem,NH,91472,US
10610,Tacoma,WA,79719,US
10611,Salem,NB,H8E 6B7,CA
10612,Chester,NB,J1S 4S4,CA
10613,Salem,NB,H8E 6B7,CA
10614,Georgetown,AL,76067,US
10615,Georgetown,AL,76067,US
10616,Salem,MN,72122,US
10617,Bristol,ME,16803,US
10618,Chicago,IL,85356,US
10619,New York,NY,70651,US
10620,Fairview,CT,55022,US
10621,Chester,CT,55783,US
10622,Madison,OK,75483,US
10623,Madison,KS,98012,US
10624,Chicago,IL,49997,US
10625,Chicago,IL,49997,US
10626,Georgetown,WV,53887,US
10627,Madison,NJ,41240,US
10628,Springfield,NE,53538,US
10629,Surrey,BC,J1V 7A9,CA
10630,Chester,LA,48885,US
10631,Chester,LA,48885,US
10632,Fairview,YT,B5L 1K5,CA
10633,Pittsburgh,PA,33757,US
10634,Fairview,TN,73203,US
10635,Salem,IA,97543,US
10636,Franklin,DE,94355,US
10637,Franklin,DE,94355,US
10638,Cincinnati,OH,17758,US
10639,Philadelphia,PA,30608,US
10640,Philadelphia,PA,30608,US
10641,Philadelphia,PA,30608,US
10642,Springfield,YT,K4H 9B7,CA
10643,Aurora,IL,77053,US
10644,Toronto,ON,C4L 8R6,CA
10645,Franklin,NH,75023,US
10646,Franklin,NH,75023,US
10647,Lowell,MA,69901,US
10648,Lowell,MA,20409,US
10649,Lowell,MA,69901,US
10650,Salem,AL,51527,US
10651,Salem,YT,M9E 1C7,CA
10652,Georgetown,YT,X3X 9S2,CA
10653,Salem,YT,M9E 1C7,CA
10654,Joliet,IL,40399,US
10655,Franklin,YT,T3H 1C9,CA
10656,Fairview,IN,28320,US
10657,Riverside,IN,47463,US
10658,Clinton,SK,V7B 3S5,CA
10659,Clinton,SK,V7B 3S5,CA
10660,Reno,NV,11702,US
10661,Clinton,OK,45808,US
10662,Clinton,VT,73661,US
10663,Clinton,VT,73661,US
10664,Clinton,VT,66940,US
10665,Madison,VT,92475,US
10666,Riverside,NE,71526,US
10667,Riverside,NE,71526,US
10668,Madison,MO,71002,US
10669,Madison,MO,71002,US
10670,Madison,MO,71002,US
10671,Clinton,MT,62982,US
10672,Chester,AL,62890,US
10673,Chester,AL,62890,US
10674,Atlanta,GA,58760,US
10675,Atlanta,GA,58760,US
10676,Las Vegas,NV,84061,US
10677,Georgetown,OK,40462,US
10678,Georgetown,OK,40462,US
10679,Georgetown,IA,82727,US
10680,Boston,MA,22507,US
10681,Boston,MA,22507,US
10682,Boston,MA,22507,US
10683,Tacoma,WA,31390,US
10684,Quebec City,QC,L7Y 3V8,CA
10685,Quebec City,QC,L7Y 3V8,CA
10686,Clinton,NH,69019,US
10687,Bristol,NH,55851,US
10688,Riverside,YT,E4M 8H7,CA
10689,Madison,OK,30060,US
10690,Bristol,OR,85890,US
10691,Bristol,OR,85890,US
10692,Naperville,IL,58921,US
10693,Rochester,NY,39686,US
10694,Dallas,TX,30472,US
10695,Chester,MT,14140,US
10696,Bristol,WV,66659,US
10697,Athens,GA,21916,US
10698,Athens,GA,21916,US
10699,Georgetown,IN,56884,US
10700,Salem,HI,85529,US
10701,Salem,HI,85529,US
10702,Franklin,ME,59968,US
10703,Georgetown,ME,76347,US
10704,Franklin,ME,59968,US
10705,Toledo,OH,63436,US
10706,Franklin,MT,90404,US
10707,Quebec City,QC,A8T 2G0,CA
10708,Quebec City,QC,A8T 2G0,CA
10709,Madison,DE,90312,US
10710,Chester,DE,57825,US
10711,Pittsburgh,PA,54761,US
10712,Philadelphia,PA,31478,US
10713,Grand Rapids,MI,95111,US
10714,Grand Rapids,MI,95111,US
10715,Grand Rapids,MI,95111,US
10716,Salem,KY,97706,US
10717,Chester,NM,14231,US
10718,Chester,NM,14231,US
10719,Georgetown,NB,G3H 9N1,CA
10720,Georgetown,NB,G3H 9N1,CA
10721,Georgetown,NB,G3H 9N1,CA
10722,Georgetown,MB,Y8P 1R7,CA
10723,Madison,MT,89069,US
10724,Madison,MT,89069,US
10725,Clinton,IA,92975,US
10726,Reading,PA,14990,US
10727,Reading,PA,14990,US
10728,Reading,PA,14990,US
10729,Fort Lauderdale,FL,67125,US
10730,Fort Lauderdale,FL,67125,US
10731,Fort Lauderdale,FL,79514,US
10732,Franklin,OR,95455,US
10733,Clinton,OR,33445,US
10734,Fairview,OR,25375,US
10735,Chandler,AZ,97435,US
10736,Scottsdale,AZ,67651,US
10737,Madison,VT,82777,US
10738,Springfield,RI,34499,US
10739,Philadelphia,PA,81916,US
10740,Sparks,NV,68809,US
10741,Sparks,NV,68809,US
10742,Jacksonville,FL,14923,US
10743,Bristol,AL,82553,US
10744,Riverside,NH,27973,US
10745,Miami,FL,12678,US
10746,Fairview,AR,57957,US
10747,Franklin,AR,41635,US
10748,Cleveland,OH,53483,US
10749,Bristol,MT,69755,US
10750,Bristol,MT,69755,US
10751,Bristol,MT,69755,US
10752,Franklin,ND,62253,US
10753,Riverside,MT,49863,US
10754,Riverside,MT,49863,US
10755,Fairview,NB,B5K 6P0,CA
10756,Fairview,NB,B5K 6P0,CA
10757,Vancouver,BC,H7J 2V6,CA
10758,Vancouver,BC,H7J 2V6,CA
10759,Salem,NM,21573,US
10760,Riverside,MN,28183,US
10761,Franklin,MO,91228,US
10762,Franklin,MS,25482,US
10763,Sterling Heights,MI,66087,US
10764,Georgetown,NJ,58093,US
10765,Salem,NJ,28066,US
10766,Georgetown,NJ,58093,US
10767,Franklin,WV,70383,US
10768,Franklin,WV,70383,US
10769,Franklin,WV,70383,US
10770,Bristol,UT,59299,US
10771,Riverside,OR,89387,US
10772,Riverside,OR,89387,US
10773,Clinton,OK,35567,US
10774,Madison,MO,95274,US
10775,Madison,MO,95274,US
10776,Riverside,ME,50588,US
10777,Franklin,ME,55114,US
10778,Salem,MO,94242,US
10779,Salem,MO,94242,US
10780,Salem,MO,94242,US
10781,Ottawa,ON,R5P 8R9,CA
10782,Franklin,HI,56089,US
10783,Franklin,HI,56089,US
10784,Madison,KY,72879,US
10785,San Francisco,CA,49600,US
10786,San Francisco,CA,49600,US
10787,Salem,RI,13793,US
10788,Salem,RI,13793,US
10789,Franklin,NS,G9T 7M3,CA
10790,Springfield,AL,46844,US
10791,Riverside,AL,56846,US
10792,Henderson,NV,24800,US
10793,Fairview,NH,72067,US
10794,Fairview,NH,72067,US
10795,Fairview,NH,72067,US
10796,Franklin,MN,26552,US
10797,Franklin,MN,26552,US
10798,Salem,OR,17201,US
10799,Madison,OR,22761,US
10800,Salem,OR,17201,US
10801,Phoenix,AZ,71547,US
10802,Madison,NM,52914,US
10803,Madison,NM,52914,US
10804,Chester,CT,56563,US
10805,Chester,CT,56563,US
10806,Bristol,KY,86433,US
10807,Los Angeles,CA,21955,US
10808,Los Angeles,CA,21955,US
10809,San Jose,CA,44036,US
10810,Springfield,MN,36171,US
10811,Salem,PE,A9E 4P7,CA
10812,Salem,PE,A9E 4P7,CA
10813,Clinton,AR,66670,US
10814,Bristol,NM,32699,US
10815,Bristol,NM,32699,US
10816,Pittsburgh,PA,83513,US
10817,Franklin,NS,H5E 2V3,CA
10818,Clinton,NS,G5K 3K9,CA
10819,Charlotte,NC,76995,US
10820,Springfield,ND,12913,US
10821,Georgetown,IA,70329,US
10822,Madison,NJ,46411,US
10823,Springfield,NJ,30122,US
10824,Charlotte,NC,26153,US
10825,Winston-Salem,NC,55605,US
10826,Bristol,MN,60967,US
10827,Greensboro,NC,84636,US
10828,Tampa,FL,60156,US
10829,Tampa,FL,60156,US
10830,Orlando,FL,22573,US
10831,Orlando,FL,22573,US
10832,Tampa,FL,48799,US
10833,Ann Arbor,MI,35222,US
10834,Ann Arbor,MI,35222,US
10835,San Antonio,TX,76430,US
10836,Houston,TX,19586,US
10837,Cambridge,MA,13933,US
10838,Chester,KS,85135,US
10839,Fairview,NB,B8G 2E4,CA
10840,Bristol,TN,76997,US
10841,Bristol,TN,76997,US
10842,Franklin,YT,G3M 7X6,CA
10843,Bristol,YT,B6E 2B3,CA
10844,Salem,MO,81923,US
10845,Springfield,NL,S9K 8K4,CA
10846,Georgetown,NH,35559,US
10847,Erie,PA,11058,US
10848,Pittsburgh,PA,10229,US
10849,Bristol,NS,R1A 8P0,CA
10850,Bristol,NS,R1A 8P0,CA
10851,Madison,NL,S6J 3C9,CA
10852,Reno,NV,35338,US
10853,Reno,NV,35338,US
10854,Mississauga,ON,P8R 1R8,CA
10855,Bristol,VA,48563,US
10856,Detroit,MI,44447,US
10857,Detroit,MI,44447,US
10858,Franklin,DE,83633,US
10859,Madison,NL,B9Y 1A4,CA
10860,Fairview,NJ,89072,US
10861,Chester,NJ,23705,US
10862,Chester,OK,23146,US
10863,Seattle,WA,46869,US
10864,Seattle,WA,46869,US
10865,Riverside,NE,71811,US
10866,Franklin,WI,73262,US
10867,Franklin,WI,73262,US
10868,Franklin,WI,73262,US
10869,Springfield,MN,55043,US
10870,Salem,MN,19028,US
10871,Springfield,MN,83089,US
10872,Quebec City,QC,E1H 7N9,CA
10873,Montreal,QC,R2Y 2G3,CA
10874,Quebec City,QC,E1H 7N9,CA
10875,Fairview,NM,79307,US
10876,Rochester,NY,77188,US
10877,Franklin,MD,99001,US
10878,Clinton,SD,70987,US
10879,Clinton,SD,70987,US
10880,Augusta,GA,73244,US
10881,Raleigh,NC,87747,US
10882,New York,NY,42536,US
10883,New York,NY,42536,US
10884,Georgetown,SD,46473,US
10885,Georgetown,SD,46473,US
10886,Grand Rapids,MI,78257,US
10887,Grand Rapids,MI,85525,US
10888,Riverside,KS,59517,US
10889,Salem,MS,50124,US
10890,Philadelphia,PA,38897,US
10891,Springfield,AL,32378,US
10892,Franklin,WI,65139,US
10893,Franklin,WI,65139,US
10894,Bristol,AL,37692,US
10895,Salem,SD,31820,US
10896,Salem,SD,31820,US
10897,Franklin,WI,18665,US
10898,Salem,WI,56225,US
10899,Georgetown,NH,27525,US
10900,Clinton,MN,29533,US
10901,Fort Collins,CO,11375,US
10902,Fort Collins,CO,11375,US
10903,Georgetown,YT,H6P 2T6,CA
10904,Georgetown,YT,H6P 2T6,CA
10905,Longueuil,QC,C4A 8E4,CA
10906,Laval,QC,L1A 1H7,CA
10907,Bristol,MD,59648,US
10908,Springfield,LA,59387,US
10909,Salem,KY,53206,US
10910,Springfield,OK,79053,US
10911,Warren,MI,91866,US
10912,Chester,VA,23956,US
10913,Chester,VA,23956,US
10914,Cincinnati,OH,75854,US
10915,Akron,OH,27495,US
10916,Riverside,MB,J3V 4L9,CA
10917,Vancouver,WA,97785,US
10918,Vancouver,WA,97785,US
10919,Chester,AK,85627,US
10920,Spokane,WA,70815,US
10921,Riverside,MD,98278,US
10922,Riverside,MD,98278,US
10923,Raleigh,NC,18041,US
10924,Georgetown,SC,91995,US
10925,Georgetown,SC,91995,US
10926,Springfield,AR,32974,US
10927,Georgetown,AL,39406,US
10928,Springfield,VA,39168,US
10929,Franklin,DE,12714,US
10930,Franklin,DE,12714,US
10931,Clinton,OK,95307,US
10932,Salem,OK,58997,US
10933,Clinton,OK,95307,US
10934,Durham,NC,61930,US
10935,Durham,NC,61930,US
10936,Tucson,AZ,95883,US
10937,Tucson,AZ,95883,US
10938,Riverside,MT,34252,US
10939,Chester,MS,76369,US
10940,Chester,MS,76369,US
10941,Fairview,MS,24463,US
10942,Chester,VA,72872,US
10943,Chester,VA,72872,US
10944,Chester,VA,72872,US
10945,Clinton,LA,33028,US
10946,Chester,SD,45511,US
10947,Chester,SD,45511,US
10948,North Las Vegas,NV,61339,US
10949,North Las Vegas,NV,61339,US
10950,Georgetown,WY,88076,US
10951,Georgetown,WY,88076,US
10952,Riverside,WY,55696,US
10953,Franklin,WI,53559,US
10954,Franklin,WI,53559,US
10955,Riverside,NS,R2Y 2B0,CA
10956,Franklin,AR,91464,US
10957,Riverside,AR,57677,US
10958,Fairview,NS,A2T 6Y6,CA
10959,Bristol,NS,C1M 2S6,CA
10960,Colorado Springs,CO,46799,US
10961,Colorado Springs,CO,19666,US
10962,Colorado Springs,CO,46799,US
10963,Bristol,OK,13158,US
10964,Bristol,OK,13158,US
10965,Ottawa,ON,G8K 4K1,CA
10966,Madison,MB,M5C 5V3,CA
10967,Madison,MB,M5C 5V3,CA
10968,Reading,PA,35008,US
10969,Fairview,NJ,22999,US
10970,Fairview,NS,T3B 7H1,CA
10971,Fairview,NS,T3B 7H1,CA
10972,Fairview,NS,T3B 7H1,CA
10973,Clinton,NT,L4G 9K6,CA
10974,Clinton,NT,L4G 9K6,CA
10975,Clinton,NT,L4G 9K6,CA
10976,Burnaby,BC,E8S 6A5,CA
10977,Durham,NC,22946,US
10978,Durham,NC,22946,US
10979,Bristol,TN,67713,US
10980,Fairview,KS,65654,US
10981,Chester,KS,23079,US
10982,Salem,MD,41878,US
10983,Georgetown,MD,95805,US
10984,Madison,WI,63575,US
10985,Madison,WI,63575,US
10986,Riverside,AK,73034,US
10987,Durham,NC,73785,US
10988,Salem,TN,24443,US
10989,Riverside,WV,25776,US
10990,Georgetown,KY,58081,US
10991,Georgetown,KY,58081,US
10992,Georgetown,KY,58081,US
10993,Vancouver,WA,92641,US
10994,Spokane,WA,97924,US
10995,Riverside,HI,94230,US
10996,Springfield,HI,23050,US
10997,Bristol,NE,12558,US
10998,Bristol,NE,12558,US
10999,Las Vegas,NV,55705,US
11000,Las Vegas,NV,55705,US
11001,Las Vegas,NV,55705,US
11002,Madison,WV,51261,US
11003,San Jose,CA,97324,US
11004,San Jose,CA,97324,US
11005,Springfield,YT,A9Y 4T0,CA
11006,Springfield,YT,A9Y 4T0,CA
11007,Madison,IN,79742,US
11008,Madison,IN,79742,US
11009,Salem,WY,53282,US
11010,Fairview,WY,38160,US
11011,Salem,VA,40584,US
11012,Madison,VA,44406,US
11013,Dallas,TX,43178,US
11014,Madison,WI,78018,US
11015,Bristol,NE,93274,US
11016,Bristol,NE,93274,US
11017,Bristol,NE,93274,US
11018,Chester,OR,40769,US
11019,Phoenix,AZ,57244,US
11020,Phoenix,AZ,57244,US
11021,Pittsburgh,PA,34230,US
11022,Reading,PA,41834,US
11023,Madison,NB,P3S 1A4,CA
11024,Bristol,NB,V5B 9G5,CA
11025,Madison,NB,P3S 1A4,CA
11026,Clinton,MT,19092,US
11027,Clinton,MT,19092,US
11028,Clinton,MT,50414,US
11029,Tacoma,WA,12776,US
11030,Franklin,ME,14188,US
11031,Joliet,IL,14152,US
11032,Salem,NU,R5M 4K7,CA
11033,Salem,NU,R5M 4K7,CA
11034,Fairview,CT,43630,US
11035,Chester,CT,71190,US
11036,Fairview,CT,43630,US
11037,Franklin,MO,39243,US
11038,Montreal,QC,B7C 3C9,CA
11039,Franklin,TN,76118,US
11040,Franklin,TN,76118,US
11041,Franklin,TN,76118,US
11042,Springfield,MA,96800,US
11043,Springfield,MA,96800,US
11044,Springfield,MA,96800,US
11045,Buffalo,NY,56727,US
11046,Buffalo,NY,56727,US
11047,Laval,QC,S3H 3R9,CA
11048,Chester,VA,12008,US
11049,Georgetown,WY,91847,US
11050,Savannah,GA,34794,US
11051,Charlotte,NC,65877,US
11052,Fort Collins,CO,14595,US
11053,Bristol,WY,39187,US
11054,Salem,NE,85876,US
11055,Springfield,MD,82582,US
11056,Springfield,MD,82582,US
11057,Chester,PE,V2G 1M4,CA
11058,Chester,PE,V2G 1M4,CA
11059,Chester,IN,85702,US
11060,Chester,IN,85702,US
11061,Springfield,UT,19161,US
11062,Springfield,UT,19161,US
11063,Riverside,UT,13306,US
11064,Chester,VT,98155,US
11065,Franklin,MS,80382,US
11066,Georgetown,MS,57113,US
11067,Madison,MS,78542,US
11068,Winston-Salem,NC,25202,US
11069,Clinton,IA,19262,US
11070,Clinton,IA,19262,US
11071,Riverside,NT,E3J 1S2,CA
11072,Fairview,OK,91000,US
11073,Fairview,OK,91000,US
11074,Franklin,AR,24966,US
11075,Clinton,OK,32994,US
11076,Clinton,OK,32994,US
11077,Clinton,OK,32994,US
11078,Toledo,OH,20847,US
11079,Franklin,NJ,35366,US
11080,Springfield,IA,22589,US
11081,Springfield,IA,22589,US
11082,Salem,RI,19698,US
11083,Salem,RI,19698,US
11084,Fairview,SC,79613,US
11085,Fairview,SC,79613,US
11086,Franklin,OR,43091,US
11087,Philadelphia,PA,44617,US
11088,Clinton,MD,73611,US
11089,Madison,MD,96664,US
11090,Akron,OH,38393,US
11091,Akron,OH,38393,US
11092,Bristol,IN,55484,US
11093,Springfield,IN,24592,US
11094,Bristol,IN,55484,US
11095,Dallas,TX,61031,US
11096,Dallas,TX,61031,US
11097,San Antonio,TX,66111,US
11098,Springfield,NM,84820,US
11099,Salem,ME,62458,US
11100,Salem,ME,62458,US
11101,Tucson,AZ,18346,US
11102,Los Angeles,CA,16252,US
11103,Los Angeles,CA,16252,US
11104,Salem,MT,11013,US
11105,Laval,QC,P6G 3K4,CA
11106,Clinton,RI,41659,US
11107,Clinton,RI,41659,US
11108,Sterling Heights,MI,55114,US
11109,Sterling Heights,MI,55114,US
11110,Sterling Heights,MI,55114,US
11111,Georgetown,VA,23676,US
11112,Bristol,KY,86729,US
11113,Clinton,RI,34219,US
11114,Toronto,ON,K2E 6J2,CA
11115,Clinton,ME,32696,US
11116,Clinton,ME,32696,US
11117,Chester,NE,21658,US
11118,Cambridge,MA,85242,US
11119,Cambridge,MA,85242,US
11120,Clinton,KS,51163,US
11121,Madison,KS,56654,US
11122,Riverside,AL,83611,US
11123,Richmond,BC,X1P 5P7,CA
11124,Richmond,BC,X1P 5P7,CA
11125,Clinton,SC,67582,US
11126,Chester,ND,67407,US
11127,Chester,ND,67407,US
11128,Grand Rapids,MI,21274,US
11129,Bristol,CT,99202,US
11130,Bristol,CT,91600,US
11131,Fairview,AL,38966,US
11132,Georgetown,VT,59736,US
11133,Bristol,NS,V3J 1K1,CA
11134,Bristol,NS,V3J 1K1,CA
11135,Madison,AR,17526,US
11136,Chester,AR,91046,US
11137,Madison,AR,17526,US
11138,Franklin,SK,S4C 9M6,CA
11139,Franklin,SK,S4C 9M6,CA
11140,Fort Lauderdale,FL,41815,US
11141,Fort Lauderdale,FL,41815,US
11142,Springfield,MD,66362,US
11143,Fort Collins,CO,99697,US
11144,Bristol,SC,29313,US
11145,Bristol,SC,29313,US
11146,Clinton,SC,49642,US
11147,Aurora,CO,14468,US
11148,Aurora,CO,14468,US
11149,Franklin,MO,47123,US
11150,San Jose,CA,90611,US
11151,Los Angeles,CA,67981,US
11152,Georgetown,AR,28022,US
11153,Clinton,NJ,72892,US
11154,Clinton,NJ,72892,US
11155,Salem,NJ,73796,US
11156,San Antonio,TX,21334,US
11157,Fairview,HI,91035,US
11158,Fairview,HI,91035,US
11159,Springfield,AL,36555,US
11160,Salem,AL,14771,US
11161,Franklin,TN,65957,US
11162,Madison,TN,87744,US
11163,Clinton,AR,53838,US
11164,Franklin,AR,31404,US
11165,Phoenix,AZ,38469,US
11166,Phoenix,AZ,94432,US
11167,Phoenix,AZ,38469,US
11168,Springfield,NU,A7X 4J4,CA
11169,Georgetown,KS,30854,US
11170,Tampa,FL,99614,US
11171,Tampa,FL,99614,US
11172,Fort Lauderdale,FL,18220,US
11173,Erie,PA,46678,US
11174,Erie,PA,46678,US
11175,Erie,PA,46678,US
11176,Springfield,NB,T5B 4J7,CA
11177,Madison,KY,61065,US
11178,Aurora,CO,55380,US
11179,Spokane,WA,86209,US
11180,Franklin,KS,55580,US
11181,Georgetown,MN,24606,US
11182,Georgetown,MN,24606,US
11183,Franklin,NH,84836,US
11184,Franklin,NH,84836,US
11185,Fairview,WY,23841,US
11186,Fairview,WY,99973,US
11187,Fairview,WY,23841,US
11188,Victoria,BC,L1L 7J2,CA
11189,Richmond,BC,Y1N 4B5,CA
11190,San Diego,CA,45505,US
11191,Madison,MS,70905,US
11192,Madison,MS,70905,US
11193,Madison,MS,70905,US
11194,Salem,OR,28960,US
11195,Franklin,WY,72097,US
11196,Franklin,WY,72097,US
11197,Springfield,WY,44163,US
11198,Riverside,ME,34323,US
11199,Madison,MT,47863,US
11200,Madison,MT,47863,US
11201,Springfield,MT,12019,US
11202,Georgetown,NE,90370,US
11203,Georgetown,NE,90370,US
11204,Clinton,WY,68677,US
11205,Chester,NS,S1C 7V4,CA
11206,Clinton,ND,35386,US
11207,Columbus,OH,30423,US
11208,Salem,VA,58109,US
11209,Riverside,VA,96735,US
11210,Fort Worth,TX,69764,US
11211,Fort Worth,TX,69764,US
11212,Toledo,OH,95832,US
11213,Madison,RI,68367,US
11214,Madison,NL,S7A 2P6,CA
11215,Madison,NL,S7A 2P6,CA
11216,Springfield,UT,23430,US
11217,Riverside,UT,37252,US
11218,Springfield,UT,23430,US
11219,Cambridge,MA,68112,US
11220,Lowell,MA,84019,US
11221,Charlotte,NC,44801,US
11222,Fairview,NE,30319,US
11223,Henderson,NV,47449,US
11224,Clinton,MN,63275,US
11225,Riverside,MO,87771,US
11226,Riverside,MO,87771,US
11227,Georgetown,MN,42075,US
11228,Chester,MD,25597,US
11229,Chester,MD,25597,US
11230,Warren,MI,61992,US
11231,Aurora,CO,49336,US
11232,Aurora,CO,49336,US
11233,Aurora,CO,49336,US
11234,Madison,NT,S2P 2P2,CA
11235,Chester,NT,P8E 1H8,CA
11236,Madison,NT,S2P 2P2,CA
11237,Salem,VA,68351,US
11238,Salem,VA,89479,US
11239,Bristol,YT,M5X 8A5,CA
11240,Bristol,MD,48463,US
11241,Buffalo,NY,10727,US
11242,Salem,VA,58778,US
11243,Salem,VA,58778,US
11244,Fairview,VA,73192,US
11245,Fairview,DE,58727,US
11246,Franklin,NJ,89565,US
11247,Franklin,NJ,89565,US
11248,Worcester,MA,63333,US
11249,Worcester,MA,63333,US
11250,Medicine Hat,AB,Y7R 7L7,CA
11251,Medicine Hat,AB,L6B 8P0,CA
11252,Medicine Hat,AB,Y7R 7L7,CA
11253,Franklin,MN,54089,US
11254,Georgetown,WV,98714,US
11255,Georgetown,WV,98714,US
11256,Springfield,WV,20040,US
11257,Fairview,AK,76931,US
11258,Fairview,AK,76931,US
11259,Chester,MB,R2L 2L9,CA
11260,Franklin,AL,75057,US
11261,Worcester,MA,19353,US
11262,Worcester,MA,19353,US
11263,Worcester,MA,19353,US
11264,Bristol,NL,P7N 1S0,CA
11265,Las Vegas,NV,21655,US
11266,Henderson,NV,66360,US
11267,Fairview,SD,68561,US
11268,Cleveland,OH,79992,US
11269,Toledo,OH,52671,US
11270,Columbus,OH,53001,US
11271,Clinton,ME,84229,US
11272,Clinton,ME,84229,US
11273,Clinton,SD,32100,US
11274,Akron,OH,35070,US
11275,Akron,OH,15307,US
11276,Akron,OH,35070,US
11277,Atlanta,GA,93258,US
11278,Atlanta,GA,93258,US
11279,Savannah,GA,44900,US
11280,Salem,NE,45042,US
11281,Madison,VA,62184,US
11282,Madison,VA,62184,US
11283,Salem,KY,45102,US
11284,Salem,KY,45102,US
11285,Salem,KY,45102,US
11286,Fairview,WY,55273,US
11287,Fairview,WY,55273,US
11288,Fairview,NH,49343,US
11289,Bristol,IA,87997,US
11290,Salem,IA,44431,US
11291,Cleveland,OH,50448,US
11292,Akron,OH,98262,US
11293,Vancouver,WA,44422,US
11294,Madison,OR,77512,US
11295,Houston,TX,99113,US
11296,Dallas,TX,57260,US
11297,Houston,TX,99113,US
11298,Bristol,MN,39061,US
11299,Bristol,MN,46871,US
11300,Bristol,MN,39061,US
11301,Franklin,VA,36999,US
11302,Bellevue,WA,82727,US
11303,Tacoma,WA,11725,US
11304,Riverside,ME,52085,US
11305,Clinton,OR,23731,US
11306,Clinton,OR,23731,US
11307,Springfield,WY,45275,US
11308,Springfield,NL,C4P 1E7,CA
11309,Laval,QC,A9P 5M3,CA
11310,Franklin,ID,31406,US
11311,Franklin,ID,31406,US
11312,Clinton,OK,87379,US
11313,Riverside,OK,31320,US
11314,Franklin,UT,92632,US
11315,Franklin,KS,35905,US
11316,Franklin,KS,35905,US
11317,Georgetown,LA,66003,US
11318,Georgetown,LA,66003,US
11319,Clinton,KY,53302,US
11320,Georgetown,KY,24449,US
11321,Clinton,NL,M8K 9H7,CA
11322,Madison,NL,B3T 2X2,CA
11323,Bristol,OK,91379,US
11324,Chester,OK,81506,US
11325,Allentown,PA,18693,US
11326,Allentown,PA,18693,US
11327,Madison,MO,89216,US
11328,Riverside,MO,77578,US
11329,Clinton,MO,40906,US
11330,Madison,CT,49878,US
11331,Madison,CT,49878,US
11332,Madison,CT,49878,US
11333,Madison,SD,68047,US
11334,Madison,SD,68047,US
11335,Riverside,SD,36375,US
11336,Cambridge,MA,85560,US
11337,Cambridge,MA,85560,US
11338,Franklin,WY,20369,US
11339,Franklin,WY,20369,US
11340,Franklin,WY,20369,US
11341,Spokane,WA,49619,US
11342,Tacoma,WA,46810,US
11343,Riverside,NJ,76133,US
11344,Riverside,NJ,76133,US
11345,Springfield,ME,51187,US
11346,Springfield,ME,51187,US
11347,Dallas,TX,97080,US
11348,Athens,GA,90007,US
11349,Gatineau,QC,S8X 7M4,CA
11350,Gatineau,QC,S8X 7M4,CA
11351,Gatineau,QC,S8X 7M4,CA
11352,Fairview,YT,G1M 8G6,CA
11353,Fairview,YT,G1M 8G6,CA
11354,Clinton,MS,59659,US
11355,Franklin,MS,76983,US
11356,Springfield,NU,H8R 3A1,CA
11357,Fort Collins,CO,37921,US
11358,Aurora,CO,13240,US
11359,Fort Collins,CO,37921,US
11360,Franklin,OK,97698,US
11361,Springfield,MN,82343,US
11362,Springfield,MN,82343,US
11363,Sacramento,CA,18391,US
11364,Sacramento,CA,71497,US
11365,Colorado Springs,CO,62884,US
11366,Durham,NC,44924,US
11367,Durham,NC,55319,US
11368,Chester,ME,80405,US
11369,Georgetown,NE,17228,US
11370,Georgetown,NE,17228,US
11371,Georgetown,NE,17228,US
11372,Salem,RI,90613,US
11373,Madison,LA,19406,US
11374,Salem,LA,66108,US
11375,Clinton,UT,34406,US
11376,Riverside,PE,N7R 8K6,CA
11377,Riverside,PE,K8G 3B8,CA
11378,Riverside,PE,N7R 8K6,CA
11379,Chester,NH,93578,US
11380,Springfield,RI,46601,US
11381,Springfield,RI,46601,US
11382,Franklin,MN,30703,US
11383,Franklin,MN,30703,US
11384,Madison,AR,27316,US
11385,Madison,AR,27316,US
11386,Franklin,NT,J1H 3P8,CA
11387,Georgetown,OR,38189,US
11388,Franklin,NM,82266,US
11389,Vancouver,BC,B8Y 2G8,CA
11390,Chester,AK,46169,US
11391,Chester,AK,46169,US
11392,Georgetown,KS,59931,US
11393,Salem,KS,55965,US
11394,Chester,KS,66050,US
11395,Cincinnati,OH,45899,US
11396,Salem,VA,99180,US
11397,Chester,NJ,64035,US
11398,Chester,NJ,64035,US
11399,Sacramento,CA,91739,US
11400,Sacramento,CA,91739,US
11401,Lowell,MA,23126,US
11402,Springfield,MA,28031,US
11403,Clinton,TN,76245,US
11404,Clinton,TN,76245,US
11405,Georgetown,IA,37624,US
11406,Georgetown,IA,37624,US
11407,Riverside,NE,51670,US
11408,Georgetown,MD,74194,US
11409,Salem,MD,55536,US
11410,Madison,CT,44479,US
11411,Riverside,SD,80591,US
11412,Georgetown,PE,V5L 5G6,CA
11413,Franklin,PE,N4E 1R6,CA
11414,Franklin,OR,45859,US
11415,Georgetown,RI,48008,US
11416,Bristol,RI,31630,US
11417,Albany,NY,47426,US
11418,Albany,NY,47426,US
11419,Fort Worth,TX,68150,US
11420,Fort Worth,TX,68150,US
11421,Georgetown,RI,66187,US
11422,Fairview,RI,64346,US
11423,Spokane,WA,55123,US
11424,Spokane,WA,55123,US
11425,Bristol,YT,M5P 8V6,CA
11426,Syracuse,NY,60325,US
11427,Springfield,WV,63136,US
11428,Clinton,OK,92304,US
11429,Clinton,OK,92304,US
11430,Clinton,OK,92304,US
11431,Greensboro,NC,94231,US
11432,Chester,DE,79113,US
11433,Springfield,DE,47010,US
11434,Chester,DE,79113,US
11435,Colorado Springs,CO,90173,US
11436,Clinton,MN,64182,US
11437,Clinton,MN,64182,US
11438,Clinton,MN,64182,US
11439,Madison,CT,23944,US
11440,Georgetown,MO,50932,US
11441,Georgetown,MO,50932,US
11442,Savannah,GA,95499,US
11443,Savannah,GA,95499,US
11444,Madison,SC,64487,US
11445,Madison,SC,64487,US
11446,Chester,KS,14247,US
11447,Chester,KY,48968,US
11448,Chester,OR,79799,US
11449,Salem,RI,69882,US
11450,Salem,RI,69882,US
11451,Tucson,AZ,31117,US
11452,Tucson,AZ,31117,US
11453,Madison,VA,78737,US
11454,Franklin,VA,17936,US
11455,Franklin,MT,76196,US
11456,Clinton,MT,15505,US
11457,Madison,MT,84060,US
11458,Fairview,SD,40852,US
11459,Fairview,SD,40852,US
11460,Franklin,PE,H5G 8E6,CA
11461,Franklin,PE,H5G 8E6,CA
11462,Boston,MA,71669,US
11463,Bellevue,WA,17523,US
11464,Georgetown,SC,31824,US
11465,Springfield,SC,77684,US
11466,Austin,TX,33059,US
11467,Austin,TX,33059,US
11468,Laval,QC,J6H 6A7,CA
11469,Franklin,NB,T5L 2Y5,CA
11470,Riverside,NB,G9L 7J4,CA
11471,Georgetown,HI,47290,US
11472,Salem,ND,31174,US
11473,Fairview,ND,32937,US
11474,Boston,MA,38540,US
11475,Boston,MA,38540,US
11476,Madison,AK,51181,US
11477,Chester,AK,86165,US
11478,Riverside,AK,36697,US
11479,Toledo,OH,23753,US
11480,Toledo,OH,23753,US
11481,Toledo,OH,23753,US
11482,Riverside,AR,13555,US
11483,Pittsburgh,PA,82453,US
11484,Salem,WY,22551,US
11485,Salem,KY,50789,US
11486,Salem,MO,41504,US
11487,Los Angeles,CA,66782,US
11488,Riverside,NB,B3H 5K7,CA
11489,Riverside,NB,B3H 5K7,CA
11490,Riverside,NB,B3H 5K7,CA
11491,Bristol,OK,10470,US
11492,Bristol,OK,10470,US
11493,Aurora,CO,34758,US
11494,Denver,CO,29964,US
11495,Franklin,TN,37720,US
11496,Franklin,TN,37720,US
11497,Bristol,WY,68826,US
11498,Winston-Salem,NC,99085,US
11499,Chester,HI,78252,US
11500,Madison,LA,57498,US
11501,Springfield,LA,56582,US
11502,Madison,LA,57498,US
11503,Salem,LA,72216,US
11504,Salem,NB,R2V 6Y7,CA
11505,Salem,NB,R2V 6Y7,CA
11506,Franklin,SD,13261,US
11507,Franklin,SD,13261,US
11508,Vancouver,WA,29652,US
11509,Vancouver,WA,29652,US
11510,Buffalo,NY,53574,US
11511,Clinton,NS,K2V 1P1,CA
11512,Chester,NS,S6N 2H0,CA
11513,Fairview,NE,58911,US
11514,Chester,NS,H8M 5H5,CA
11515,Fairview,KY,76298,US
11516,Clinton,AK,67615,US
11517,Riverside,SK,A6C 8M6,CA
11518,Riverside,SK,A6C 8M6,CA
11519,Springfield,HI,12984,US
11520,Clinton,NS,R9T 6L1,CA
11521,San Jose,CA,13684,US
11522,San Jose,CA,13684,US
11523,Franklin,ID,72223,US
11524,Franklin,ID,72223,US
11525,Clinton,MO,43042,US
11526,Georgetown,HI,55368,US
11527,Madison,HI,32187,US
11528,Georgetown,HI,55368,US
11529,Chester,HI,37927,US
11530,San Diego,CA,68954,US
11531,San Diego,CA,68954,US
11532,San Diego,CA,68954,US
11533,Salem,MB,A2S 2B5,CA
11534,Jacksonville,FL,54225,US
11535,Boston,MA,92264,US
11536,Philadelphia,PA,52458,US
11537,Allentown,PA,43418,US
11538,Springfield,SD,85564,US
11539,Springfield,SD,85564,US
11540,Springfield,SD,85564,US
11541,Salem,ME,17193,US
11542,Clinton,RI,18561,US
11543,Clinton,RI,18561,US
11544,Clinton,RI,18561,US
11545,London,ON,V4S 5H5,CA
11546,Georgetown,MT,26578,US
11547,Fairview,ID,73476,US
11548,Bristol,MD,28055,US
11549,Bristol,MD,28055,US
11550,Riverside,MN,58945,US
11551,Riverside,MN,58945,US
11552,Worcester,MA,15931,US
11553,Lowell,MA,86902,US
11554,Springfield,AR,44244,US
11555,Springfield,AR,44244,US
11556,Bristol,MN,38222,US
11557,Bristol,MN,38222,US
11558,Springfield,TN,89563,US
11559,Fairview,SD,47449,US
11560,Fairview,SD,47449,US
11561,Madison,NE,36120,US
11562,Franklin,PE,B9P 6S3,CA
11563,Franklin,PE,B9P 6S3,CA
11564,Fairview,MS,69889,US
11565,Chester,LA,58176,US
11566,Chester,LA,58176,US
11567,Fairview,AL,81270,US
11568,Chester,AL,39274,US
11569,Chester,PE,L1E 8Y6,CA
11570,Warren,MI,83842,US
11571,Warren,MI,83842,US
11572,Clinton,WV,51113,US
11573,Salem,ND,88707,US
11574,Madison,ME,73728,US
11575,Fairview,VA,28836,US
11576,Fairview,VA,28836,US
11577,Fairview,VA,28836,US
11578,North Las Vegas,NV,33176,US
11579,North Las Vegas,NV,33176,US
11580,Georgetown,ID,18420,US
11581,Erie,PA,13999,US
11582,Erie,PA,13999,US
11583,Sparks,NV,48135,US
11584,Springfield,SC,13737,US
11585,Georgetown,KY,97459,US
11586,Seattle,WA,46754,US
11587,Los Angeles,CA,37583,US
11588,Vancouver,WA,64874,US
11589,Fairview,KY,28671,US
11590,Fairview,KY,23292,US
11591,Salem,MT,16402,US
11592,Clinton,MT,78689,US
11593,Chester,VT,29648,US
11594,Chester,VT,29648,US
11595,Salem,VT,92445,US
11596,Clinton,CT,73669,US
11597,Chester,ID,42890,US
11598,Riverside,UT,92529,US
11599,Riverside,UT,92529,US
11600,Salem,SC,13895,US
11601,Salem,SC,32865,US
11602,Clinton,SC,12906,US
11603,Orlando,FL,49819,US
11604,Orlando,FL,49819,US
11605,Springfield,NU,L3B 6A9,CA
11606,Chester,NU,A9N 3S7,CA
11607,Riverside,NU,R4A 7B1,CA
11608,Columbus,OH,63117,US
11609,Columbus,OH,63117,US
11610,Riverside,MS,49113,US
11611,Springfield,MS,20533,US
11612,Grand Rapids,MI,99501,US
11613,Ottawa,ON,A8H 4L9,CA
11614,Ottawa,ON,A8H 4L9,CA
11615,Ottawa,ON,T1J 4E4,CA
11616,Franklin,KS,75414,US
11617,Bellevue,WA,73872,US
11618,Tacoma,WA,63051,US
11619,Madison,WI,62714,US
11620,Madison,WI,62714,US
11621,Chester,WI,43185,US
11622,Allentown,PA,65598,US
11623,Philadelphia,PA,91585,US
11624,Victoria,BC,H7P 6E3,CA
11625,Rockford,IL,44444,US
11626,Las Vegas,NV,41455,US
11627,North Las Vegas,NV,57519,US
11628,Riverside,MN,49029,US
11629,Bristol,MN,84296,US
11630,Madison,MD,74983,US
11631,Madison,MD,74983,US
11632,Fairview,MN,97836,US
11633,Fairview,MN,97836,US
11634,Riverside,VT,56384,US
11635,Riverside,VT,56384,US
11636,Springfield,VT,54876,US
11637,Aurora,CO,28822,US
11638,Madison,WY,55494,US
11639,Riverside,MD,52738,US
11640,Riverside,MD,92264,US
11641,Riverside,MD,52738,US
11642,Springfield,ID,90779,US
11643,Franklin,NE,90580,US
11644,Franklin,NE,90580,US
11645,Franklin,NE,90580,US
11646,Salem,NL,C8T 9G1,CA
11647,Franklin,NB,H9H 5X4,CA
11648,Georgetown,NB,A4X 7B3,CA
11649,Franklin,NB,H9H 5X4,CA
11650,Akron,OH,24449,US
11651,Denver,CO,34309,US
11652,Denver,CO,34309,US
11653,Quebec City,QC,R5A 9J1,CA
11654,Quebec City,QC,R5A 9J1,CA
11655,Georgetown,MB,E6Y 3V7,CA
11656,Clinton,AK,71026,US
11657,Clinton,AK,71026,US
11658,Clinton,AK,71026,US
11659,San Francisco,CA,93234,US
11660,San Francisco,CA,93234,US
11661,San Francisco,CA,93234,US
11662,Fort Collins,CO,34955,US
11663,San Jose,CA,94220,US
11664,Fairview,IN,13534,US
11665,Fairview,IN,13534,US
11666,Salem,NM,64852,US
11667,Madison,RI,90232,US
11668,Riverside,RI,97238,US
11669,Madison,RI,90232,US
11670,Georgetown,NS,B9A 4P2,CA
11671,Bristol,MD,95157,US
11672,Bristol,MD,95157,US
11673,Chester,VT,50960,US
11674,Buffalo,NY,36092,US
11675,Bristol,KY,70223,US
11676,Bristol,KY,70223,US
11677,Franklin,ND,95922,US
11678,Calgary,AB,J4T 9R2,CA
11679,Calgary,AB,J4T 9R2,CA
11680,Tacoma,WA,49967,US
11681,Tacoma,WA,49967,US
11682,Tacoma,WA,49967,US
11683,Richmond,BC,T9T 7B6,CA
11684,Syracuse,NY,84277,US
11685,Syracuse,NY,84277,US
11686,Rochester,NY,49432,US
11687,Salem,NJ,98001,US
11688,Georgetown,KY,70842,US
11689,Madison,RI,59714,US
11690,Madison,RI,59714,US
11691,Madison,RI,59714,US
11692,Riverside,NH,63820,US
11693,Salem,VT,89447,US
11694,Fairview,VT,71486,US
11695,Salem,IA,79282,US
11696,Salem,IA,79282,US
11697,Franklin,CT,62233,US
11698,Franklin,KY,80963,US
11699,Franklin,KY,59294,US
11700,Franklin,KY,80963,US
11701,Columbus,OH,91360,US
11702,Columbus,OH,91360,US
11703,Georgetown,HI,89649,US
11704,Georgetown,MD,42726,US
11705,Springfield,MD,29487,US
11706,Bristol,MT,77256,US
11707,Bristol,MT,77256,US
11708,Bristol,MT,77256,US
11709,Boston,MA,91047,US
11710,Boston,MA,91047,US
11711,San Francisco,CA,17724,US
11712,Salem,MN,23015,US
11713,Salem,MN,23015,US
11714,Las Vegas,NV,58387,US
11715,Madison,WY,66919,US
11716,Sparks,NV,91298,US
11717,Sparks,NV,91298,US
11718,Salem,TN,11907,US
11719,Salem,TN,11907,US
11720,Bristol,AL,87617,US
11721,Madison,RI,92842,US
11722,Fairview,RI,11388,US
11723,Georgetown,NT,J8V 7M0,CA
11724,Riverside,NT,B6A 4G8,CA
11725,Miami,FL,41207,US
11726,Cambridge,MA,68464,US
11727,Cambridge,MA,68464,US
11728,Orlando,FL,20691,US
11729,San Diego,CA,75791,US
11730,Clinton,OK,49570,US
11731,Springfield,MN,26631,US
11732,Riverside,SD,67258,US
11733,Riverside,SD,67258,US
11734,Madison,CT,45904,US
11735,Franklin,CT,28923,US
11736,Georgetown,ME,90502,US
11737,Clinton,MS,90625,US
11738,Madison,KS,49322,US
11739,Clinton,NL,A2X 8Y5,CA
11740,Macon,GA,78294,US
11741,Philadelphia,PA,12157,US
11742,Philadelphia,PA,12157,US
11743,Georgetown,NS,G9P 9M8,CA
11744,Akron,OH,27506,US
11745,Salem,WI,18233,US
11746,Salem,WI,18233,US
11747,Salem,WI,18233,US
11748,Riverside,RI,14767,US
11749,Riverside,AR,66206,US
11750,Clinton,NH,68145,US
11751,Springfield,ID,91656,US
11752,Salem,LA,55017,US
11753,Chester,VT,49031,US
11754,Chester,VT,49031,US
11755,North Las Vegas,NV,16478,US
11756,Las Vegas,NV,12477,US
11757,Henderson,NV,80971,US
11758,Ann Arbor,MI,21386,US
11759,Ann Arbor,MI,21386,US
11760,Warren,MI,60313,US
11761,Bristol,KS,83318,US
11762,Fairview,IN,76164,US
11763,San Francisco,CA,57924,US
11764,San Francisco,CA,57924,US
11765,Los Angeles,CA,67397,US
11766,Riverside,MO,21856,US
11767,Chester,MO,56648,US
11768,Riverside,MO,21856,US
11769,Riverside,WV,64481,US
11770,Clinton,MN,75391,US
11771,Clinton,MN,75391,US
11772,Georgetown,MN,97360,US
11773,Salem,NT,C6B 3G5,CA
11774,Salem,NT,C6B 3G5,CA
11775,Georgetown,WV,96172,US
11776,Georgetown,WV,96172,US
11777,Georgetown,WV,96172,US
11778,Rochester,NY,90775,US
11779,Rochester,NY,90775,US
11780,Clinton,MN,97624,US
11781,Greensboro,NC,99697,US
11782,Greensboro,NC,99697,US
11783,Clinton,DE,26369,US
11784,Riverside,AR,70954,US
11785,Riverside,AR,75940,US
11786,Riverside,AR,70954,US
11787,Madison,KS,58957,US
11788,Madison,KS,58957,US
11789,Bristol,NM,33607,US
11790,Clinton,AL,55343,US
11791,Chester,ND,63310,US
11792,Erie,PA,68880,US
11793,Fairview,IA,25444,US
11794,Springfield,RI,15427,US
11795,Springfield,DE,99537,US
11796,Springfield,DE,99537,US
11797,Springfield,DE,99537,US
11798,Salem,SD,39845,US
11799,Salem,SD,39845,US
11800,Salem,SD,39845,US
11801,Franklin,HI,84821,US
11802,Franklin,HI,18583,US
11803,Chicago,IL,42965,US
11804,Dallas,TX,82201,US
11805,Madison,NB,V6P 8X9,CA
11806,Madison,NB,V6P 8X9,CA
11807,Springfield,NB,A4P 6B2,CA
11808,Springfield,ND,91674,US
11809,Springfield,ND,91674,US
11810,Salem,IN,11518,US
11811,Madison,IN,76505,US
11812,Salem,IN,11518,US
11813,Riverside,KS,19357,US
11814,Chicago,IL,20345,US
11815,Naperville,IL,87520,US
11816,Chicago,IL,20345,US
11817,Fort Collins,CO,24811,US
11818,Aurora,IL,68498,US
11819,Aurora,IL,68498,US
11820,Franklin,NS,L5N 2J1,CA
11821,Springfield,AL,82099,US
11822,Bristol,NL,M5H 1X4,CA
11823,Salem,NE,33411,US
11824,Joliet,IL,96331,US
11825,Joliet,IL,89616,US
11826,Joliet,IL,96331,US
11827,Chicago,IL,50622,US
11828,Riverside,NJ,67459,US
11829,Riverside,NH,29084,US
11830,Riverside,NH,29084,US
11831,Chandler,AZ,97742,US
11832,Chandler,AZ,97742,US
11833,Aurora,CO,91291,US
11834,Aurora,CO,91291,US
11835,Fort Collins,CO,11949,US
11836,Fort Worth,TX,56741,US
11837,Springfield,DE,13982,US
11838,Fairview,MO,48663,US
11839,Fairview,MO,48663,US
11840,Salem,MT,77034,US
11841,Fairview,AK,62060,US
11842,Franklin,IN,92979,US
11843,Franklin,IN,92979,US
11844,Springfield,IN,69296,US
11845,Chester,SD,32937,US
11846,Chester,SD,32937,US
11847,Cambridge,MA,22111,US
11848,Clinton,MO,39664,US
11849,Franklin,MO,88124,US
11850,Ottawa,ON,J9Y 5X2,CA
11851,Hamilton,ON,M9S 9A2,CA
11852,Ottawa,ON,J9Y 5X2,CA
11853,Salem,VA,67257,US
11854,Salem,VA,67257,US
11855,Franklin,WI,61858,US
11856,Chester,WI,70303,US
11857,Bristol,NH,30772,US
11858,Bristol,OR,46512,US
11859,Bristol,OR,46512,US
11860,Bristol,OR,46512,US
11861,Bristol,MO,72279,US
11862,Bristol,SC,82214,US
11863,Georgetown,IN,91472,US
11864,Georgetown,IN,91472,US
11865,Clinton,WV,81009,US
11866,Franklin,OR,40448,US
11867,Chester,HI,97692,US
11868,Chester,HI,97692,US
11869,Salem,IA,30764,US
11870,Toledo,OH,92250,US
11871,Toledo,OH,92250,US
11872,Riverside,VA,43459,US
11873,Springfield,TN,94344,US
11874,Springfield,TN,94344,US
11875,Springfield,TN,94344,US
11876,Sparks,NV,16212,US
11877,Fairview,RI,11417,US
11878,Fairview,ID,70505,US
11879,Clinton,VA,87367,US
11880,Salem,WY,57888,US
11881,Bristol,UT,46581,US
11882,Franklin,HI,35598,US
11883,Franklin,HI,35598,US
11884,Bristol,HI,20498,US
11885,Bristol,IN,10624,US
11886,Franklin,NU,R8T 3C5,CA
11887,Victoria,BC,T7Y 5M8,CA
11888,Syracuse,NY,68402,US
11889,Clinton,HI,29386,US
11890,Franklin,IN,60523,US
11891,Georgetown,SK,S1V 1P3,CA
11892,Georgetown,SK,S1V 1P3,CA
11893,Riverside,VA,90998,US
11894,Riverside,VA,11986,US
11895,Franklin,HI,61101,US
11896,Fairview,LA,18516,US
11897,Fairview,LA,65744,US
11898,Mississauga,ON,N2E 7C4,CA
11899,Colorado Springs,CO,97141,US
11900,Phoenix,AZ,68227,US
11901,Madison,HI,35803,US
11902,Madison,SC,60556,US
11903,Franklin,NU,K2B 9M8,CA
11904,Scottsdale,AZ,96200,US
11905,Chester,WI,30107,US
11906,Bristol,YT,G9R 6V6,CA
11907,Bristol,YT,G9R 6V6,CA
11908,Bristol,YT,G9R 6V6,CA
11909,Bristol,NH,51001,US
11910,San Antonio,TX,90246,US
11911,San Antonio,TX,90246,US
11912,Phoenix,AZ,56775,US
11913,Phoenix,AZ,56775,US
11914,Scottsdale,AZ,44485,US
11915,Springfield,LA,99953,US
11916,Salem,LA,44315,US
11917,Salem,ND,21554,US
11918,Salem,ND,21554,US
11919,Springfield,DE,57525,US
11920,Bristol,DE,66870,US
11921,Chester,MB,X1Y 2R1,CA
11922,Madison,KY,45460,US
11923,Madison,KY,45460,US
11924,Fairview,WY,10615,US
11925,Fairview,WY,10615,US
11926,Chester,MN,32116,US
11927,Fairview,NL,X3B 2C1,CA
11928,Fairview,NL,X3B 2C1,CA
11929,Fairview,NL,X3B 2C1,CA
11930,Clinton,NH,14091,US
11931,Madison,MN,43714,US
11932,Clinton,MN,77231,US
11933,Georgetown,PE,N2M 3N7,CA
11934,Franklin,DE,93515,US
11935,Chester,CT,17600,US
11936,Georgetown,NJ,99630,US
11937,Sterling Heights,MI,19974,US
11938,Sterling Heights,MI,19974,US
11939,Clinton,DE,66905,US
11940,Riverside,DE,98566,US
11941,Madison,NM,53877,US
11942,Madison,MN,89332,US
11943,Madison,MN,89332,US
11944,Madison,MN,89332,US
11945,Springfield,NS,H4L 7S4,CA
11946,Bristol,OK,77265,US
11947,Georgetown,WV,84019,US
11948,Franklin,KY,89507,US
11949,Springfield,DE,28667,US
11950,Springfield,DE,28667,US
11951,Georgetown,SK,P3B 1Y4,CA
11952,Georgetown,SK,P3B 1Y4,CA
11953,Chester,NT,H4B 8P8,CA
11954,Chester,NT,H4B 8P8,CA
11955,Clinton,LA,68000,US
11956,Franklin,VT,90395,US
11957,Franklin,VT,90395,US
11958,Franklin,VT,90395,US
11959,Salem,WV,90596,US
11960,Salem,WV,90596,US
11961,Fairview,KY,22931,US
11962,Springfield,MD,46060,US
11963,Clinton,IN,17677,US
11964,Springfield,YT,K8R 5Y2,CA
11965,Fairview,MN,33361,US
11966,Georgetown,RI,89058,US
11967,Clinton,VA,16776,US
11968,Riverside,VA,48817,US
11969,Albany,NY,62472,US
11970,Albany,NY,62472,US
11971,Lethbridge,AB,J9H 5K8,CA
11972,Salem,YT,H1B 2B3,CA
11973,Chester,NE,98872,US
11974,Madison,NB,G8G 5C6,CA
11975,Madison,NB,G8G 5C6,CA
11976,Bristol,WY,85203,US
11977,Bristol,WY,85203,US
11978,Scottsdale,AZ,43848,US
11979,Chester,DE,97131,US
11980,Madison,DE,43093,US
11981,Madison,MD,54924,US
11982,Springfield,KS,77282,US
11983,Vancouver,BC,K8J 9M4,CA
11984,Naperville,IL,62485,US
11985,Naperville,IL,62485,US
11986,Lethbridge,AB,Y1E 1L8,CA
11987,Lethbridge,AB,A5B 7N2,CA
11988,Chester,KY,16424,US
11989,Madison,AL,46525,US
11990,Riverside,SD,21214,US
11991,Springfield,NH,51411,US
11992,Bristol,ME,82217,US
11993,Georgetown,DE,98801,US
11994,Springfield,NT,Y9T 2A9,CA
11995,Bristol,HI,13526,US
11996,Chester,HI,64754,US
11997,Georgetown,WY,71188,US
11998,Aurora,IL,82726,US
11999,Aurora,IL,82726,US
12000,Springfield,SK,H5R 3A2,CA
12001,Quebec City,QC,R3X 9T8,CA
12002,Quebec City,QC,R3X 9T8,CA
12003,Franklin,VT,24922,US
12004,Clinton,SD,90418,US
12005,Seattle,WA,51329,US
12006,Bellevue,WA,56817,US
12007,Chester,KY,84557,US
12008,Franklin,NS,L1S 8H6,CA
12009,Franklin,NS,L1S 8H6,CA
12010,Franklin,NS,L1S 8H6,CA
12011,San Diego,CA,51365,US
12012,San Diego,CA,51365,US
12013,San Diego,CA,51365,US
12014,Bristol,AL,47135,US
12015,Bristol,AL,47135,US
12016,Bristol,AL,47135,US
12017,Salem,IN,44592,US
12018,Salem,IN,44592,US
12019,Salem,IN,44592,US
12020,Mesa,AZ,12269,US
12021,Madison,CT,85065,US
12022,Fairview,HI,47288,US
12023,Fairview,HI,47288,US
12024,Riverside,HI,55091,US
12025,Riverside,DE,18067,US
12026,Riverside,DE,18067,US
12027,Riverside,DE,18067,US
12028,Warren,MI,13849,US
12029,Warren,MI,55160,US
12030,Springfield,AL,11905,US
12031,Springfield,AL,11905,US
12032,Georgetown,SC,96232,US
12033,Springfield,SC,52790,US
12034,Georgetown,SC,96232,US
12035,Franklin,IA,55360,US
12036,Chester,IA,71028,US
12037,Springfield,SC,67042,US
12038,Springfield,SC,67042,US
12039,Chester,OR,79261,US
12040,Fort Worth,TX,65987,US
12041,Fort Worth,TX,65987,US
12042,Fort Worth,TX,65987,US
12043,Clinton,MT,15906,US
12044,Clinton,MT,15906,US
12045,Bristol,MT,32301,US
12046,Henderson,NV,82466,US
12047,Chester,AR,60534,US
12048,Fairview,AR,21418,US
12049,Chester,AR,60534,US
12050,Chester,AK,80055,US
12051,Chester,SK,S3N 1X6,CA
12052,Chester,SK,S3N 1X6,CA
12053,Fairview,ID,67592,US
12054,Georgetown,ID,59885,US
12055,Springfield,AK,13840,US
12056,Springfield,AK,13840,US
12057,Fairview,RI,36779,US
12058,Fairview,RI,36779,US
12059,Salem,MD,37956,US
12060,Salem,MD,37956,US
12061,Georgetown,MS,51825,US
12062,Bristol,IN,79278,US
12063,Fairview,UT,36694,US
12064,Fairview,UT,36694,US
12065,Fairview,UT,36694,US
12066,Madison,NH,67799,US
12067,Chester,MO,91610,US
12068,Raleigh,NC,77251,US
12069,Raleigh,NC,77251,US
12070,Greensboro,NC,87790,US
12071,Clinton,TN,56238,US
12072,Clinton,TN,56238,US
12073,Clinton,LA,96655,US
12074,Clinton,LA,96655,US
12075,Franklin,LA,57049,US
12076,Franklin,NT,E4C 9Y1,CA
12077,Madison,NT,P8C 1K0,CA
12078,Franklin,NT,S5J 9T1,CA
12079,Clinton,MN,15070,US
12080,Georgetown,UT,60022,US
12081,Seattle,WA,46039,US
12082,Bellevue,WA,19182,US
12083,Georgetown,YT,G7C 6A2,CA
12084,Clinton,YT,A7Y 4P6,CA
12085,Georgetown,YT,G7C 6A2,CA
12086,Chester,OR,83781,US
12087,Bristol,MT,67758,US
12088,Clinton,AR,51880,US
12089,Clinton,AR,51880,US
12090,Fort Collins,CO,52202,US
12091,Aurora,CO,40642,US
12092,Fort Collins,CO,35408,US
12093,Fairview,AK,27818,US
12094,Fairview,AK,27818,US
12095,Clinton,ME,13905,US
12096,Clinton,ME,13905,US
12097,Clinton,ME,13905,US
12098,Madison,AL,30468,US
12099,Salem,RI,70440,US
12100,Georgetown,MB,V4G 1C7,CA
12101,Madison,MD,84182,US
12102,Georgetown,MD,61588,US
12103,Madison,MD,84182,US
12104,Madison,WI,34365,US
12105,Madison,WI,34365,US
12106,Tampa,FL,37294,US
12107,Clinton,AL,86943,US
12108,Georgetown,MO,71844,US
12109,Salem,MO,69221,US
12110,Franklin,NS,G1S 1T0,CA
12111,Franklin,NS,G1S 1T0,CA
12112,Springfield,TN,78265,US
12113,Springfield,NM,38737,US
12114,Springfield,NM,38737,US
12115,Salem,NT,L7R 6L3,CA
12116,Salem,NT,L7R 6L3,CA
12117,Salem,NT,L7R 6L3,CA
12118,Naperville,IL,52621,US
12119,Naperville,IL,52621,US
12120,Naperville,IL,52621,US
12121,Chester,NT,J8V 3B3,CA
12122,Chester,NT,J8V 3B3,CA
12123,Springfield,NT,T2Y 6B1,CA
12124,Salem,VA,69500,US
12125,Toledo,OH,87076,US
12126,Toledo,OH,87076,US
12127,Toledo,OH,87076,US
12128,Riverside,NT,L6J 6J2,CA
12129,Madison,VA,80368,US
12130,Franklin,NJ,44355,US
12131,Franklin,NJ,44355,US
12132,Bristol,SC,96857,US
12133,Riverside,KY,15413,US
12134,Durham,NC,84787,US
12135,Durham,NC,84787,US
12136,Chester,WV,20225,US
12137,Georgetown,HI,11464,US
12138,Georgetown,HI,11464,US
12139,Bristol,KS,20044,US
12140,Clinton,KS,89185,US
12141,Franklin,KS,84897,US
12142,Miami,FL,32530,US
12143,Miami,FL,32530,US
12144,Reno,NV,62124,US
12145,Reno,NV,63153,US
12146,Clinton,NU,A4Y 5K8,CA
12147,Salem,SD,12461,US
12148,Madison,AR,34738,US
12149,Riverside,AR,58314,US
12150,Sterling Heights,MI,93692,US
12151,Franklin,AR,17546,US
12152,Franklin,AR,17546,US
12153,Salem,NU,G4P 9Y8,CA
12154,Riverside,ME,98325,US
12155,Riverside,ME,98325,US
12156,Riverside,MS,48714,US
12157,Riverside,MS,59908,US
12158,Salem,VT,21434,US
12159,Lethbridge,AB,V6V 3N0,CA
12160,Lethbridge,AB,V6V 3N0,CA
12161,Lethbridge,AB,M8H 8G5,CA
12162,Springfield,NH,27598,US
12163,Springfield,NH,97446,US
12164,Austin,TX,93817,US
12165,Riverside,OK,38671,US
12166,Riverside,OK,38671,US
12167,Tacoma,WA,62378,US
12168,Springfield,NB,K3E 1M4,CA
12169,Springfield,NB,K3E 1M4,CA
12170,Chester,RI,11507,US
12171,Springfield,RI,54616,US
12172,Ottawa,ON,M7C 3C0,CA
12173,Fort Worth,TX,96114,US
12174,Fort Worth,TX,96114,US
12175,Madison,NJ,58393,US
12176,Franklin,IA,47321,US
12177,Madison,MD,99345,US
12178,Riverside,NH,75967,US
12179,Dallas,TX,70021,US
12180,Austin,TX,56144,US
12181,Bristol,AK,27478,US
12182,Riverside,AR,98007,US
12183,Bristol,AK,52849,US
12184,Madison,NJ,98552,US
12185,Georgetown,MT,87741,US
12186,Cleveland,OH,59502,US
12187,Clinton,TN,56805,US
12188,Clinton,TN,56805,US
12189,Riverside,OR,72866,US
12190,Franklin,OR,39140,US
12191,Joliet,IL,56856,US
12192,Bristol,VT,54291,US
12193,Bristol,OK,65481,US
12194,Clinton,MT,86207,US
12195,Franklin,MT,49110,US
12196,Georgetown,ID,66531,US
12197,Riverside,ID,47188,US
12198,Salem,MO,93498,US
12199,Salem,MO,93498,US
12200,Salem,MO,93498,US
12201,Chester,IA,10318,US
12202,Chester,IA,10318,US
12203,Madison,NL,T4H 2A8,CA
12204,Fairview,NJ,41595,US
12205,Salem,NJ,68347,US
12206,Clinton,KY,83318,US
12207,Mesa,AZ,20486,US
12208,Chester,WI,89827,US
12209,Georgetown,OK,65887,US
12210,Franklin,OK,61828,US
12211,Madison,SC,12089,US
12212,Salem,SC,35308,US
12213,Chester,RI,27285,US
12214,Bristol,CT,94178,US
12215,Chester,NL,J3G 6T3,CA
12216,Surrey,BC,P3H 6G6,CA
12217,Surrey,BC,P3H 6G6,CA
12218,Chester,OK,71199,US
12219,Chester,OK,71199,US
12220,Mesa,AZ,95038,US
12221,Salem,MN,57287,US
12222,Phoenix,AZ,41279,US
12223,Georgetown,NE,28917,US
12224,Georgetown,NE,27591,US
12225,Salem,TN,69800,US
12226,Phoenix,AZ,85848,US
12227,Springfield,NT,X9G 4G1,CA
12228,Springfield,NT,X9G 4G1,CA
12229,Scottsdale,AZ,40393,US
12230,Scottsdale,AZ,40393,US
12231,Madison,MS,28951,US
12232,Madison,MS,28951,US
12233,Clinton,ME,50096,US
12234,Madison,ME,77028,US
12235,Chester,HI,71837,US
12236,Boston,MA,25347,US
12237,Georgetown,NU,L7J 1E8,CA
12238,Georgetown,NU,L7J 1E8,CA
12239,Riverside,MT,93450,US
12240,Franklin,VA,40679,US
12241,Fairview,CT,70925,US
12242,Clinton,CT,42069,US
12243,Salem,CT,37555,US
12244,Dallas,TX,57358,US
12245,Dallas,TX,57358,US
12246,Fairview,KS,51836,US
12247,Fairview,KS,51836,US
12248,Riverside,HI,80414,US
12249,Fairview,NU,R8P 9A3,CA
12250,Fairview,NU,R8P 9A3,CA
12251,Burnaby,BC,A5L 5V9,CA
12252,Franklin,OR,61067,US
12253,Springfield,MD,29269,US
12254,Springfield,MD,29269,US
12255,Springfield,MD,29269,US
12256,Chester,LA,75615,US
12257,Chester,LA,75615,US
12258,Franklin,MN,94045,US
12259,Franklin,MN,94045,US
12260,Franklin,MN,94045,US
12261,Rochester,NY,98000,US
12262,Fairview,OR,58258,US
12263,Fairview,OR,58258,US
12264,Clinton,IN,16031,US
12265,Clinton,MS,25177,US
12266,Greensboro,NC,42539,US
12267,Greensboro,NC,42539,US
12268,Bristol,ME,79927,US
12269,Macon,GA,58524,US
12270,Macon,GA,58524,US
12271,Springfield,TN,22715,US
12272,Franklin,TN,22149,US
12273,Salem,TN,32915,US
12274,Riverside,ME,36217,US
12275,Franklin,MO,28210,US
12276,Chester,MO,64319,US
12277,Bristol,MD,64247,US
12278,Georgetown,NH,45775,US
12279,Georgetown,SK,P3R 7X4,CA
12280,Georgetown,SK,P3R 7X4,CA
12281,Fairview,AR,94339,US
12282,Fairview,AR,94339,US
12283,Fairview,AR,94339,US
12284,San Antonio,TX,53417,US
12285,Fairview,VT,48384,US
12286,Fairview,VT,48384,US
12287,Riverside,UT,75225,US
12288,Franklin,WI,43478,US
12289,Springfield,WI,35125,US
12290,Clinton,WI,50284,US
12291,Madison,OK,16291,US
12292,Madison,OK,16291,US
12293,Madison,SC,86050,US
12294,Hamilton,ON,B4H 6V0,CA
12295,Hamilton,ON,B4H 6V0,CA
12296,Georgetown,MT,56700,US
12297,Akron,OH,57917,US
12298,Chester,NB,B9Y 8P9,CA
12299,Bristol,NB,P9P 7C6,CA
12300,Chester,NB,B9Y 8P9,CA
12301,Chester,AK,46729,US
12302,Chester,AK,46729,US
12303,Chester,VA,97490,US
12304,Bristol,LA,13207,US
12305,Riverside,MD,40206,US
12306,Clinton,UT,67257,US
12307,Georgetown,UT,60328,US
12308,Riverside,RI,95663,US
12309,Clinton,MN,86128,US
12310,Surrey,BC,H5C 3K5,CA
12311,Surrey,BC,H5C 3K5,CA
12312,Sacramento,CA,12694,US
12313,San Francisco,CA,44307,US
12314,Fairview,MB,V2M 2R6,CA
12315,Ann Arbor,MI,63840,US
12316,Fairview,NE,57940,US
12317,Fairview,NE,57940,US
12318,Franklin,IN,39727,US
12319,Madison,IN,97529,US
12320,Clinton,IN,74099,US
12321,Fairview,NB,X8Y 8A0,CA
12322,Clinton,SK,N5A 5V8,CA
12323,Clinton,SK,N5A 5V8,CA
12324,Bristol,WY,34431,US
12325,Reno,NV,19823,US
12326,Madison,HI,53847,US
12327,Ann Arbor,MI,73305,US
12328,Philadelphia,PA,97532,US
12329,Philadelphia,PA,97532,US
12330,Madison,MO,63329,US
12331,Madison,MO,63329,US
12332,Fairview,IN,45150,US
12333,Fairview,IN,45150,US
12334,Fairview,IN,45150,US
12335,Vancouver,WA,53839,US
12336,Denver,CO,27662,US
12337,Boulder,CO,42266,US
12338,Denver,CO,27662,US
12339,Georgetown,ND,45173,US
12340,Georgetown,ND,45173,US
12341,Salem,LA,53315,US
12342,Austin,TX,78122,US
12343,Salem,KY,84913,US
12344,Springfield,IA,83611,US
12345,Tacoma,WA,76208,US
12346,Madison,NJ,83210,US
12347,Franklin,OR,65431,US
12348,Fairview,IN,29353,US
12349,Longueuil,QC,S9R 1M1,CA
12350,Quebec City,QC,X3G 6B6,CA
12351,Laval,QC,J4C 3S7,CA
12352,Fairview,UT,39628,US
12353,Fairview,UT,39628,US
12354,Bristol,TN,57441,US
12355,Bristol,TN,57441,US
12356,Clinton,NL,L7H 9M5,CA
12357,Clinton,NL,L7H 9M5,CA
12358,Riverside,NL,E9Y 5M7,CA
12359,Orlando,FL,79169,US
12360,Orlando,FL,79169,US
12361,Bristol,KY,67587,US
12362,Fairview,KY,90222,US
12363,Bristol,KY,67587,US
12364,Akron,OH,14341,US
12365,Akron,OH,14341,US
12366,Boston,MA,24334,US
12367,Vancouver,WA,84680,US
12368,Vancouver,WA,84680,US
12369,Vancouver,WA,84680,US
12370,Franklin,ND,39462,US
12371,Franklin,ND,39462,US
12372,Franklin,ND,39462,US
12373,Georgetown,ME,24233,US
12374,Georgetown,ME,24233,US
12375,Riverside,PE,K7H 6K7,CA
12376,Bristol,MN,45692,US
12377,Bristol,MN,45692,US
12378,Madison,NE,76171,US
12379,Madison,NE,76171,US
12380,Riverside,NT,R3Y 2A4,CA
12381,Riverside,NT,R3Y 2A4,CA
12382,Springfield,MO,24663,US
12383,Georgetown,NE,77533,US
12384,Georgetown,NE,77533,US
12385,Georgetown,NE,77533,US
12386,Sterling Heights,MI,51400,US
12387,Sterling Heights,MI,51400,US
12388,Sterling Heights,MI,51400,US
12389,Georgetown,MT,12355,US
12390,Franklin,MT,88406,US
12391,Franklin,AR,56141,US
12392,Georgetown,ND,30633,US
12393,Springfield,SC,89880,US
12394,Springfield,SC,89880,US
12395,Madison,AR,34136,US
12396,Clinton,NM,44443,US
12397,Chester,MD,51001,US
12398,Springfield,MD,35866,US
12399,Clinton,ID,23115,US
12400,Clinton,ID,23115,US
12401,Clinton,ID,23115,US
12402,Georgetown,VT,51840,US
12403,Springfield,KS,36437,US
12404,Franklin,AK,43471,US
12405,Georgetown,MD,14926,US
12406,Salem,AK,57984,US
12407,Franklin,HI,53949,US
12408,Franklin,HI,53949,US
12409,Franklin,HI,53949,US
12410,Clinton,KY,43926,US
12411,Chester,KY,48153,US
12412,Salem,NL,G3L 1G1,CA
12413,Bristol,CT,15222,US
12414,North Las Vegas,NV,83402,US
12415,North Las Vegas,NV,83402,US
12416,Riverside,KS,58943,US
12417,Riverside,ID,16148,US
12418,Riverside,ID,16148,US
12419,Clinton,ME,16626,US
12420,Chester,NB,Y3P 9P5,CA
12421,Springfield,ID,75325,US
12422,Fairview,ME,65145,US
12423,North Las Vegas,NV,75353,US
12424,Sparks,NV,63593,US
12425,Bristol,OR,66613,US
12426,Springfield,OR,10951,US
12427,Durham,NC,35092,US
12428,Charlotte,NC,31282,US
12429,Durham,NC,35092,US
12430,Fairview,TN,78549,US
12431,Fairview,RI,50803,US
12432,Salem,RI,33761,US
12433,Clinton,RI,79512,US
12434,Austin,TX,87495,US
12435,Austin,TX,87495,US
12436,Edmonton,AB,E3M 7Y4,CA
12437,Salem,VA,60891,US
12438,Salem,WV,58029,US
12439,Buffalo,NY,80435,US
12440,Buffalo,NY,21050,US
12441,Buffalo,NY,21050,US
12442,Buffalo,NY,21050,US
12443,Bristol,OK,63941,US
12444,Bristol,OK,63941,US
12445,Madison,ME,72467,US
12446,Madison,ME,72467,US
12447,Bristol,VT,87781,US
12448,Fairview,VT,23722,US
12449,Georgetown,NB,J3V 8T5,CA
12450,Fort Lauderdale,FL,65841,US
12451,Riverside,LA,20350,US
12452,Madison,LA,59629,US
12453,Riverside,LA,20350,US
12454,Salem,NH,24712,US
12455,Salem,NH,24712,US
12456,Chester,NU,H3A 3H0,CA
12457,Chester,NU,H3A 3H0,CA
12458,Bristol,ME,54688,US
12459,Fairview,TN,94481,US
12460,Salem,NS,N8V 1J1,CA
12461,Bristol,NS,P5B 7M0,CA
12462,Springfield,KY,25526,US
12463,Springfield,KY,25526,US
12464,Tucson,AZ,76446,US
12465,Chester,MT,20310,US
12466,Edmonton,AB,C1C 6B4,CA
12467,Salem,VT,73020,US
12468,Bristol,IA,35885,US
12469,Bristol,IA,35885,US
12470,Chester,IA,31564,US
12471,Houston,TX,28241,US
12472,Austin,TX,72243,US
12473,Houston,TX,28241,US
12474,Vancouver,WA,57829,US
12475,Spokane,WA,35641,US
12476,Riverside,VT,45203,US
12477,Chester,VT,68822,US
12478,Warren,MI,25560,US
12479,Fairview,ME,96467,US
12480,Georgetown,NT,S7H 8X7,CA
12481,Georgetown,NT,S7H 8X7,CA
12482,Franklin,MS,98724,US
12483,Bristol,RI,92469,US
12484,Bristol,RI,92469,US
12485,Chicago,IL,36158,US
12486,Chicago,IL,36158,US
12487,Madison,NJ,56218,US
12488,Atlanta,GA,98821,US
12489,Savannah,GA,93956,US
12490,Franklin,RI,24144,US
12491,Franklin,RI,24144,US
12492,Madison,MN,21472,US
12493,Riverside,MB,X3J 3V1,CA
12494,Springfield,RI,31740,US
12495,Madison,RI,36100,US
12496,Springfield,AK,45990,US
12497,Fairview,WV,65111,US
12498,Fairview,WV,65111,US
12499,Chester,OR,96689,US
12500,Franklin,NM,81371,US
12501,Bristol,ID,64713,US
12502,Chester,AR,16622,US
12503,Chester,AR,16622,US
12504,Madison,KY,26867,US
12505,Aurora,IL,95803,US
12506,Aurora,IL,95803,US
12507,Raleigh,NC,44832,US
12508,Riverside,CT,48262,US
12509,Salem,NM,89812,US
12510,Riverside,NM,17964,US
12511,Erie,PA,96987,US
12512,Erie,PA,13379,US
12513,Erie,PA,25570,US
12514,Georgetown,VT,44225,US
12515,Bristol,IA,22398,US
12516,Riverside,NS,B5X 2S8,CA
12517,Bristol,NS,A2R 4K4,CA
12518,Victoria,BC,M1X 3L5,CA
12519,Albany,NY,51870,US
12520,Albany,NY,51870,US
12521,Georgetown,NT,X2S 2N6,CA
12522,Lethbridge,AB,N2R 5M9,CA
12523,Springfield,ME,97254,US
12524,Clinton,DE,73771,US
12525,Clinton,DE,73771,US
12526,Salem,OR,51772,US
12527,Clinton,AR,91464,US
12528,Georgetown,KY,43526,US
12529,Tucson,AZ,98539,US
12530,Georgetown,AK,91593,US
12531,Georgetown,AK,91593,US
12532,Bristol,UT,98628,US
12533,Bristol,UT,98628,US
12534,Chester,ND,83996,US
12535,Franklin,ND,73735,US
12536,Clinton,OR,54015,US
12537,Clinton,OR,54015,US
12538,Allentown,PA,29355,US
12539,Allentown,PA,29355,US
12540,Allentown,PA,29355,US
12541,Chester,KS,26629,US
12542,Salem,RI,75583,US
12543,Springfield,RI,65924,US
12544,Salem,WY,51750,US
12545,Riverside,RI,55696,US
12546,Georgetown,ME,63793,US
12547,Madison,ME,45053,US
12548,Georgetown,MT,52169,US
12549,Georgetown,MT,52169,US
12550,Riverside,WI,82363,US
12551,Riverside,WI,82363,US
12552,Madison,AR,97889,US
12553,Salem,MT,90551,US
12554,Bristol,VA,26532,US
12555,Springfield,VA,62027,US
12556,Columbus,OH,63600,US
12557,Bristol,WY,96188,US
12558,Lethbridge,AB,G2H 7J2,CA
12559,Lethbridge,AB,G2H 7J2,CA
12560,Lethbridge,AB,G2H 7J2,CA
12561,Franklin,AR,15990,US
12562,Fairview,WI,82794,US
12563,Bristol,NJ,83278,US
12564,Toledo,OH,10936,US
12565,Franklin,NS,K8M 7S9,CA
12566,Franklin,NS,K8M 7S9,CA
12567,Franklin,NS,L9B 7S7,CA
12568,Clinton,AL,63082,US
12569,Madison,MT,15834,US
12570,Bristol,IA,31310,US
12571,Springfield,IN,49255,US
12572,Springfield,IN,49255,US
12573,Riverside,IA,41584,US
12574,Riverside,IA,41584,US
12575,Cambridge,MA,36425,US
12576,Chester,NL,P3V 2L1,CA
12577,Clinton,VT,72109,US
12578,Clinton,VT,72109,US
12579,Houston,TX,30646,US
12580,Dallas,TX,38067,US
12581,Bristol,MD,56240,US
12582,Bristol,MD,56240,US
12583,Franklin,SK,G9B 7M4,CA
12584,Franklin,SK,G9B 7M4,CA
12585,Bristol,KY,58916,US
12586,Salem,KY,27187,US
12587,Bristol,KY,58916,US
12588,Salem,SC,53038,US
12589,Franklin,CT,92994,US
12590,Gatineau,QC,V7P 5B6,CA
12591,Macon,GA,44003,US
12592,Macon,GA,44003,US
12593,Rochester,NY,98571,US
12594,Bristol,OR,42524,US
12595,Quebec City,QC,V3B 2S8,CA
12596,Gatineau,QC,E4R 8K4,CA
12597,Gatineau,QC,H5S 7B2,CA
12598,Riverside,OK,88000,US
12599,Chester,OK,83394,US
12600,Salem,OK,86918,US
12601,Gatineau,QC,P2L 6G8,CA
12602,Springfield,WI,49274,US
12603,Riverside,WV,94028,US
12604,Georgetown,UT,35420,US
12605,Chester,UT,58353,US
12606,Chester,UT,58353,US
12607,Springfield,SD,79577,US
12608,Springfield,VA,71412,US
12609,Lowell,MA,92339,US
12610,Tucson,AZ,56619,US
12611,Phoenix,AZ,76435,US
12612,Clinton,NU,V2K 1T5,CA
12613,Riverside,NL,G8X 8C3,CA
12614,Riverside,NL,G8X 8C3,CA
12615,Clinton,DE,73353,US
12616,Bristol,VT,72203,US
12617,Madison,NM,21297,US
12618,Aurora,IL,95486,US
12619,Franklin,WY,26291,US
12620,Franklin,WY,26291,US
12621,Fairview,VT,24477,US
12622,Springfield,VT,73946,US
12623,Riverside,KY,84453,US
12624,Fairview,KS,17793,US
12625,Salem,KS,59463,US
12626,Toledo,OH,59223,US
12627,Allentown,PA,45966,US
12628,Springfield,OR,74596,US
12629,Springfield,OR,74596,US
12630,Springfield,OR,74596,US
12631,Clinton,AL,59700,US
12632,Clinton,AL,59700,US
12633,Franklin,NL,P7Y 1K9,CA
12634,Franklin,NL,P7Y 1K9,CA
12635,Springfield,NJ,13766,US
12636,Springfield,NJ,13766,US
12637,Bristol,MT,63526,US
12638,Clinton,KS,37301,US
12639,Clinton,KS,37301,US
12640,Clinton,KS,37301,US
12641,Bristol,SD,40437,US
12642,Bristol,SD,40437,US
12643,Georgetown,SD,35170,US
12644,Georgetown,SD,35170,US
12645,Madison,NL,S1S 5A7,CA
12646,Fairview,MN,36361,US
12647,Fairview,MN,36361,US
12648,Madison,NU,P7C 2K9,CA
12649,Fairview,MB,N6Y 8N5,CA
12650,Riverside,NH,59881,US
12651,Madison,MS,65489,US
12652,Madison,MS,65489,US
12653,Clinton,DE,62317,US
12654,Georgetown,CT,92720,US
12655,Riverside,AK,68131,US
12656,Franklin,MB,Y5T 5L4,CA
12657,Clinton,MB,E3M 9G5,CA
12658,Franklin,MB,Y5T 5L4,CA
12659,Georgetown,UT,62720,US
12660,Georgetown,UT,43830,US
12661,Georgetown,UT,62720,US
12662,North Las Vegas,NV,13144,US
12663,Salem,NM,60831,US
12664,Georgetown,UT,69658,US
12665,Georgetown,UT,69658,US
12666,Salem,WI,47809,US
12667,Chester,KS,20301,US
12668,Georgetown,KS,48318,US
12669,Madison,AL,96024,US
12670,Riverside,CT,32736,US
12671,Bristol,AR,73332,US
12672,Chandler,AZ,82678,US
12673,Chandler,AZ,82678,US
12674,Victoria,BC,X4S 5L1,CA
12675,Victoria,BC,X4S 5L1,CA
12676,Surrey,BC,C5R 4P3,CA
12677,Allentown,PA,20195,US
12678,Allentown,PA,20195,US
12679,Allentown,PA,20195,US
12680,Surrey,BC,C8R 6Y4,CA
12681,Bristol,MB,B5N 5R3,CA
12682,Bristol,MB,B5N 5R3,CA
12683,Bristol,VT,57662,US
12684,Georgetown,VT,47738,US
12685,Clinton,DE,37756,US
12686,Clinton,DE,37756,US
12687,Clinton,DE,37756,US
12688,Medicine Hat,AB,J6L 7S3,CA
12689,Georgetown,MO,26411,US
12690,San Francisco,CA,30364,US
12691,Bristol,NT,S2K 7Y9,CA
12692,Chester,HI,39206,US
12693,Chester,HI,39206,US
12694,Bristol,NB,V6T 9H1,CA
12695,Bristol,NB,V6T 9H1,CA
12696,Albany,NY,62603,US
12697,New York,NY,75843,US
12698,New York,NY,23416,US
12699,Madison,NS,A8E 7S5,CA
12700,Madison,NS,A8E 7S5,CA
12701,Springfield,MD,63896,US
12702,Springfield,MD,63896,US
12703,Franklin,NU,V5E 7M5,CA
12704,Franklin,NU,V5E 7M5,CA
12705,Erie,PA,65027,US
12706,Chester,MB,S4L 1E3,CA
12707,Chester,MB,S4L 1E3,CA
12708,Akron,OH,83116,US
12709,Cleveland,OH,84829,US
12710,Fairview,NM,68204,US
12711,Bristol,NM,69267,US
12712,Chester,NM,81163,US
12713,Bristol,ND,69857,US
12714,Bristol,ND,69857,US
12715,Georgetown,HI,23127,US
12716,Chester,IN,56868,US
12717,Chester,IN,56868,US
12718,Chester,IN,56868,US
12719,Chester,MS,56603,US
12720,Riverside,MS,24623,US
12721,Chester,MS,56603,US
12722,Toronto,ON,G8M 3G4,CA
12723,Chester,AK,46212,US
12724,Red Deer,AB,X3E 3N5,CA
12725,Georgetown,AK,92063,US
12726,Fairview,OR,74194,US
12727,Fairview,OR,74194,US
12728,Ann Arbor,MI,83452,US
12729,Sterling Heights,MI,75330,US
12730,Ann Arbor,MI,98429,US
12731,Clinton,SD,87112,US
12732,Madison,MD,57023,US
12733,Madison,MD,57023,US
12734,Fairview,NU,C9N 3K4,CA
12735,Clinton,AR,23280,US
12736,Sparks,NV,46076,US
12737,Springfield,PE,S5R 7S1,CA
12738,Springfield,PE,S5R 7S1,CA
12739,Denver,CO,62851,US
12740,Denver,CO,62851,US
12741,Fairview,NH,94780,US
12742,Savannah,GA,27237,US
12743,Savannah,GA,27237,US
12744,Burnaby,BC,B7Y 1L8,CA
12745,Surrey,BC,L9E 1T7,CA
12746,Calgary,AB,G5T 1S2,CA
12747,Salem,MS,72817,US
12748,Salem,MS,72817,US
12749,Chester,NB,L4M 1V2,CA
12750,Chester,NB,L4M 1V2,CA
12751,Madison,SD,39186,US
12752,Madison,SD,39186,US
12753,Franklin,VT,78064,US
12754,Franklin,VT,78064,US
12755,Salem,NE,80660,US
12756,Madison,IN,73079,US
12757,Akron,OH,30509,US
12758,Salem,IN,73933,US
12759,Chester,WI,69390,US
12760,Vancouver,BC,M3R 2B8,CA
12761,Richmond,BC,M7J 3S2,CA
12762,Salem,WY,17885,US
12763,Salem,WY,17885,US
12764,Salem,UT,93827,US
12765,Salem,UT,93827,US
12766,Springfield,UT,24407,US
12767,Riverside,SD,55613,US
12768,Riverside,SD,55613,US
12769,Aurora,IL,36087,US
12770,Madison,UT,39900,US
12771,Riverside,YT,R3J 1L0,CA
12772,Salem,YT,P9J 5M9,CA
12773,Chester,WY,35126,US
12774,Madison,WY,44534,US
12775,Fairview,TN,94365,US
12776,London,ON,T5T 5M7,CA
12777,London,ON,T5T 5M7,CA
12778,Fairview,AR,51916,US
12779,Clinton,NU,S4A 9K6,CA
12780,Georgetown,NU,B6S 7S9,CA
12781,Chester,NJ,23380,US
12782,Chester,OR,92976,US
12783,Chester,OR,92976,US
12784,Bristol,SD,70558,US
12785,Riverside,KY,35895,US
12786,Bristol,LA,52519,US
12787,Fairview,IA,19303,US
12788,Bellevue,WA,76896,US
12789,Clinton,ID,51940,US
12790,Bristol,SK,H3M 2H4,CA
12791,Springfield,LA,81417,US
12792,Springfield,LA,81417,US
12793,Victoria,BC,V9S 1B7,CA
12794,Georgetown,NH,54559,US
12795,Chester,WV,85361,US
12796,Georgetown,WV,88686,US
12797,San Francisco,CA,92758,US
12798,San Francisco,CA,92758,US
12799,Madison,MT,45086,US
12800,Riverside,IN,22178,US
12801,Riverside,IN,22178,US
12802,Riverside,NT,R8R 4E0,CA
12803,Riverside,NT,R8R 4E0,CA
12804,Springfield,OR,54218,US
12805,Springfield,OR,54218,US
12806,Georgetown,MN,38315,US
12807,Franklin,UT,17059,US
12808,Athens,GA,21591,US
12809,Augusta,GA,25376,US
12810,Bristol,SK,T2P 3V9,CA
12811,Bristol,SK,T2P 3V9,CA
12812,Riverside,OR,50664,US
12813,Riverside,OR,50664,US
12814,Salem,NB,L9V 9K9,CA
12815,Riverside,ND,42002,US
12816,Chester,KS,69596,US
12817,Chester,KS,69596,US
12818,Reno,NV,42166,US
12819,Reno,NV,42166,US
12820,Las Vegas,NV,60730,US
12821,Greensboro,NC,32290,US
12822,Greensboro,NC,32290,US
12823,Worcester,MA,53725,US
12824,Worcester,MA,53725,US
12825,Fairview,MN,40484,US
12826,Bristol,NL,E5Y 8Y9,CA
12827,Franklin,SC,19521,US
12828,Franklin,SC,19521,US
12829,Fairview,HI,76339,US
12830,Lowell,MA,48322,US
12831,Chester,NH,66638,US
12832,Salem,VT,23380,US
12833,Augusta,GA,18301,US
12834,Red Deer,AB,C7Y 6K6,CA
12835,Red Deer,AB,C7Y 6K6,CA
12836,Vancouver,WA,12835,US
12837,Madison,MS,27112,US
12838,Chester,MS,72998,US
12839,Longueuil,QC,J7C 5V0,CA
12840,Gatineau,QC,R6A 6Y5,CA
12841,Longueuil,QC,J7C 5V0,CA
12842,Springfield,SK,R7X 8R8,CA
12843,Georgetown,SK,B5M 6J8,CA
12844,Springfield,SK,R7X 8R8,CA
12845,Salem,OR,83442,US
12846,Salem,TN,76635,US
12847,Salem,TN,76635,US
12848,Tucson,AZ,57998,US
12849,Clinton,MN,11945,US
12850,Toledo,OH,83895,US
12851,Toledo,OH,83895,US
12852,Clinton,PE,V7B 1P3,CA
12853,Fort Worth,TX,80544,US
12854,Riverside,LA,82266,US
12855,Riverside,LA,82266,US
12856,Springfield,NM,24908,US
12857,Springfield,NM,24908,US
12858,Salem,MT,54754,US
12859,Salem,MT,54754,US
12860,Chester,RI,82810,US
12861,Chester,RI,82810,US
12862,Chester,RI,82810,US
12863,Springfield,AR,99509,US
12864,Clinton,VA,23395,US
12865,Chester,AR,12090,US
12866,Scottsdale,AZ,75039,US
12867,Georgetown,ND,71369,US
12868,Clinton,OR,80093,US
12869,Clinton,OR,80093,US
12870,Clinton,OR,80093,US
12871,Franklin,RI,70110,US
12872,Scottsdale,AZ,84317,US
12873,Tacoma,WA,67328,US
12874,Tacoma,WA,67328,US
12875,Springfield,WV,73425,US
12876,Springfield,WV,73425,US
12877,Springfield,WV,73425,US
12878,Fairview,NM,26780,US
12879,Clinton,NL,C7E 2R7,CA
12880,Cambridge,MA,32870,US
12881,Cambridge,MA,32870,US
12882,Bristol,LA,69234,US
12883,Bristol,LA,69234,US
12884,Erie,PA,43795,US
12885,Bristol,TN,10164,US
12886,Springfield,WI,66277,US
12887,Fairview,CT,13007,US
12888,Salem,CT,39834,US
12889,Bristol,CT,74053,US
12890,Riverside,VA,58990,US
12891,Franklin,SD,32760,US
12892,Salem,OR,42141,US
12893,Salem,OR,42141,US
12894,Salem,OR,42141,US
12895,Aurora,CO,94578,US
12896,Chester,NM,98412,US
12897,Scottsdale,AZ,77168,US
12898,Scottsdale,AZ,77168,US
12899,Scottsdale,AZ,77168,US
12900,Erie,PA,71845,US
12901,Vancouver,BC,G8E 9L7,CA
12902,Victoria,BC,C7P 9S1,CA
12903,Vancouver,BC,G8E 9L7,CA
12904,Bristol,CT,41940,US
12905,Bristol,CT,41940,US
12906,Chester,NJ,96740,US
12907,Riverside,MN,96367,US
12908,Georgetown,IA,70149,US
12909,Georgetown,IA,70149,US
12910,Franklin,NU,V3P 9P0,CA
12911,Salem,KS,28280,US
12912,Boston,MA,27463,US
12913,Springfield,VA,86271,US
12914,Springfield,VA,86271,US
12915,Springfield,SD,34592,US
12916,Grand Rapids,MI,14898,US
12917,Detroit,MI,44021,US
12918,Madison,KY,69373,US
12919,Seattle,WA,47420,US
12920,Seattle,WA,47420,US
12921,Fairview,HI,58827,US
12922,Fairview,HI,58827,US
12923,Savannah,GA,42535,US
12924,Chester,AR,77337,US
12925,Bristol,AR,29649,US
12926,Madison,ME,20479,US
12927,Salem,MT,39164,US
12928,Riverside,NE,26675,US
12929,Georgetown,TN,70693,US
12930,Springfield,IA,43768,US
12931,Fairview,OK,57443,US
12932,Fairview,OK,57443,US
12933,Salem,UT,33350,US
12934,Salem,UT,33350,US
12935,Jacksonville,FL,13830,US
12936,Jacksonville,FL,13830,US
12937,Orlando,FL,91380,US
12938,Bristol,SK,T6M 4C4,CA
12939,Fairview,OR,79958,US
12940,Fairview,OR,79958,US
12941,Springfield,WY,49229,US
12942,Seattle,WA,81224,US
12943,Seattle,WA,81224,US
12944,Toledo,OH,40041,US
12945,Toledo,OH,40041,US
12946,Riverside,IA,42352,US
12947,Riverside,PE,S7H 8P6,CA
12948,Georgetown,ID,62017,US
12949,Riverside,SC,83478,US
12950,Madison,VA,69583,US
12951,Franklin,VT,59483,US
12952,Clinton,MS,14610,US
12953,Fairview,VA,49660,US
12954,Fairview,VA,49660,US
12955,Riverside,WI,94108,US
12956,Riverside,WI,94108,US
12957,Springfield,NE,71048,US
12958,Madison,VT,21362,US
12959,Salem,MO,47669,US
12960,Salem,MO,47669,US
12961,Riverside,IA,52128,US
12962,Riverside,IA,52128,US
12963,Rochester,NY,33044,US
12964,Rochester,NY,33044,US
12965,Rochester,NY,33044,US
12966,Orlando,FL,98838,US
12967,Tampa,FL,40294,US
12968,Mesa,AZ,77085,US
12969,Naperville,IL,78151,US
12970,Salem,AR,92762,US
12971,Chester,MD,52691,US
12972,Georgetown,MD,26319,US
12973,Fairview,VT,89912,US
12974,Fairview,VT,89912,US
12975,Bristol,MO,26155,US
12976,Chester,NT,X8P 9M4,CA
12977,Los Angeles,CA,28802,US
12978,Los Angeles,CA,28802,US
12979,Boston,MA,18830,US
12980,Franklin,NL,M4N 7X3,CA
12981,Franklin,NL,M4N 7X3,CA
12982,Madison,NL,X3T 4C6,CA
12983,Riverside,WI,72436,US
12984,Joliet,IL,10176,US
12985,Franklin,NM,50284,US
12986,Denver,CO,88431,US
12987,Riverside,AL,67672,US
12988,Franklin,AK,40386,US
12989,Franklin,AK,40386,US
12990,Franklin,AK,40386,US
12991,Franklin,NU,L1R 9N4,CA
12992,Riverside,OK,28645,US
12993,Riverside,OK,28645,US
12994,Salem,OR,41995,US
12995,Salem,OR,41995,US
12996,Naperville,IL,85253,US
12997,San Francisco,CA,94008,US
12998,San Francisco,CA,94008,US
12999,Georgetown,ME,79311,US
13000,San Jose,CA,14839,US
13001,Clinton,NB,X7X 7E4,CA
13002,Madison,NB,L6T 4G6,CA
13003,Springfield,ME,11832,US
13004,Springfield,ME,26474,US
13005,Athens,GA,92517,US
13006,Syracuse,NY,77330,US
13007,Syracuse,NY,77330,US
13008,Bristol,OK,71732,US
13009,Bristol,OK,71732,US
13010,Bristol,OK,71732,US
13011,Franklin,CT,92401,US
13012,Franklin,CT,50001,US
13013,Seattle,WA,21731,US
13014,Chicago,IL,70206,US
13015,Chester,YT,P2N 7V3,CA
13016,Salem,HI,37175,US
13017,Franklin,HI,39324,US
13018,Salem,ND,15452,US
13019,Bristol,NE,36582,US
13020,Bristol,NE,36582,US
13021,Toronto,ON,J1R 1H8,CA
13022,Chester,HI,11793,US
13023,Madison,HI,93326,US
13024,Chester,HI,11793,US
13025,Allentown,PA,10858,US
13026,Erie,PA,85923,US
13027,Burnaby,BC,T4S 7X4,CA
13028,Burnaby,BC,T4S 7X4,CA
13029,Burnaby,BC,T4S 7X4,CA
13030,Georgetown,IN,68425,US
13031,Clinton,IN,85747,US
13032,Clinton,IN,75395,US
13033,Springfield,UT,18757,US
13034,Springfield,UT,18757,US
13035,Springfield,UT,18757,US
13036,Springfield,ND,27787,US
13037,Bristol,ND,23715,US
13038,Chester,MS,93156,US
13039,New York,NY,16225,US
13040,New York,NY,10521,US
13041,Clinton,YT,L1S 2T3,CA
13042,Pittsburgh,PA,72481,US
13043,Allentown,PA,94708,US
13044,Pittsburgh,PA,72481,US
13045,Springfield,TN,93861,US
13046,Springfield,TN,93861,US
13047,Clinton,TN,79716,US
13048,Clinton,ME,85685,US
13049,Madison,VA,45182,US
13050,Madison,VA,45182,US
13051,Georgetown,VA,40699,US
13052,Orlando,FL,75423,US
13053,Orlando,FL,75423,US
13054,Sterling Heights,MI,11975,US
13055,Georgetown,DE,11474,US
13056,Madison,DE,82612,US
13057,Georgetown,DE,11474,US
13058,Red Deer,AB,E8A 6G6,CA
13059,Calgary,AB,G5A 9X5,CA
13060,Red Deer,AB,E8A 6G6,CA
13061,Springfield,ID,38693,US
13062,Clinton,KY,67198,US
13063,Bristol,AR,25095,US
13064,Chester,ID,77604,US
13065,Clinton,KS,78250,US
13066,Chester,KS,16397,US
13067,Salem,MD,22094,US
13068,Bristol,OK,97422,US
13069,Bristol,OK,97422,US
13070,Franklin,NE,98406,US
13071,Georgetown,NE,22795,US
13072,Riverside,NB,T3T 8Y1,CA
13073,Riverside,NB,T3T 8Y1,CA
13074,Raleigh,NC,70046,US
13075,Riverside,AK,66354,US
13076,Calgary,AB,L1K 5A5,CA
13077,Medicine Hat,AB,L5N 2L5,CA
13078,Springfield,IA,37745,US
13079,Springfield,IA,37745,US
13080,Franklin,NJ,21461,US
13081,Philadelphia,PA,62797,US
13082,Vancouver,WA,13279,US
13083,Vancouver,WA,45070,US
13084,Chester,YT,K5P 4N2,CA
13085,Chester,YT,K5P 4N2,CA
13086,Franklin,OK,33949,US
13087,Chester,WY,88348,US
13088,Chester,WY,88348,US
13089,Fairview,WY,66308,US
13090,Greensboro,NC,63361,US
13091,Greensboro,NC,63361,US
13092,Los Angeles,CA,60505,US
13093,Los Angeles,CA,60505,US
13094,Los Angeles,CA,60505,US
13095,Bristol,MS,89640,US
13096,Bristol,MS,89640,US
13097,Athens,GA,26526,US
13098,Riverside,NH,71299,US
13099,Riverside,NH,71299,US
13100,Los Angeles,CA,69048,US
13101,Los Angeles,CA,69048,US
13102,Chester,SD,76125,US
13103,Clinton,NU,X7V 5N5,CA
13104,Riverside,OK,98662,US
13105,Georgetown,OK,61252,US
13106,Riverside,OK,98662,US
13107,Franklin,SC,59940,US
13108,Ottawa,ON,R5X 3N2,CA
13109,Austin,TX,48777,US
13110,Austin,TX,48777,US
13111,Springfield,VT,92543,US
13112,Springfield,AL,72513,US
13113,Salem,MT,95016,US
13114,Fairview,DE,95861,US
13115,Fairview,DE,95861,US
13116,New York,NY,89577,US
13117,New York,NY,89577,US
13118,Fort Lauderdale,FL,20530,US
13119,Orlando,FL,89360,US
13120,Springfield,WV,58601,US
13121,Springfield,WV,58601,US
13122,Springfield,WV,58601,US
13123,Springfield,MT,98906,US
13124,Clinton,MT,27058,US
13125,Franklin,WI,24959,US
13126,Fairview,WI,25971,US
13127,Franklin,WI,24959,US
13128,Rockford,IL,53219,US
13129,Madison,KS,91386,US
13130,Madison,KS,91386,US
13131,Joliet,IL,98624,US
13132,Fairview,MT,28616,US
13133,Los Angeles,CA,78716,US
13134,Fort Worth,TX,51239,US
13135,Joliet,IL,88743,US
13136,Joliet,IL,88743,US
13137,Joliet,IL,88743,US
13138,Clinton,SD,27930,US
13139,Clinton,SD,91205,US
13140,Clinton,SD,27930,US
13141,Aurora,IL,35707,US
13142,Riverside,ID,75465,US
13143,Riverside,ID,75465,US
13144,Riverside,NS,J6Y 2G4,CA
13145,Clinton,VA,83868,US
13146,Madison,OR,92756,US
13147,Madison,OR,92756,US
13148,Bristol,IN,25408,US
13149,Bristol,IN,25408,US
13150,Franklin,IN,42620,US
13151,Madison,MN,55825,US
13152,Denver,CO,40120,US
13153,Denver,CO,40120,US
13154,Madison,SD,60122,US
13155,Madison,SD,60122,US
13156,Savannah,GA,74943,US
13157,Chester,MN,45574,US
13158,Chester,MN,45574,US
13159,Bristol,MN,54896,US
13160,Calgary,AB,R3H 8T7,CA
13161,Fairview,VA,73473,US
13162,Springfield,SK,H2Y 3N2,CA
13163,Springfield,SK,H2Y 3N2,CA
13164,Riverside,SK,M9N 5H0,CA
13165,Clinton,MD,96702,US
13166,Surrey,BC,M1V 5J7,CA
13167,Austin,TX,72210,US
13168,Austin,TX,72210,US
13169,Sparks,NV,37845,US
13170,Sparks,NV,37845,US
13171,Riverside,SK,L1L 7B2,CA
13172,Fort Collins,CO,48364,US
13173,Fairview,NU,L8H 5M7,CA
13174,Salem,NH,79148,US
13175,Bristol,AR,34391,US
13176,Bristol,AR,34391,US
13177,Madison,NM,99612,US
13178,Madison,NM,99612,US
13179,Madison,NM,99612,US
13180,Georgetown,AK,68004,US
13181,Georgetown,AK,68004,US
13182,Georgetown,IA,50488,US
13183,Georgetown,IA,50488,US
13184,Georgetown,IA,50488,US
13185,Georgetown,NU,B9A 1B5,CA
13186,Franklin,KS,59517,US
13187,Franklin,KS,59517,US
13188,Salem,NU,J4K 6M5,CA
13189,Fairview,NU,N5G 2V7,CA
13190,Salem,NU,J4K 6M5,CA
13191,Miami,FL,19774,US
13192,Philadelphia,PA,24780,US
13193,Pittsburgh,PA,95568,US
13194,Chester,KS,13354,US
13195,Riverside,MD,12710,US
13196,Salem,MD,88935,US
13197,Riverside,MD,12710,US
13198,Georgetown,MN,51942,US
13199,Georgetown,MN,51942,US
13200,Georgetown,MN,51942,US
13201,Tampa,FL,21603,US
13202,Tampa,FL,21603,US
13203,Tampa,FL,21603,US
13204,Fairview,TN,20748,US
13205,Franklin,SK,T6L 7C0,CA
13206,Madison,LA,90302,US
13207,Madison,LA,90302,US
13208,Fairview,KY,24095,US
13209,Madison,KS,29222,US
13210,Fairview,NB,T7Y 7S8,CA
13211,Fairview,NH,35174,US
13212,Fairview,VA,33716,US
13213,Fairview,VA,33716,US
13214,Chester,NE,45453,US
13215,Chester,NE,45453,US
13216,Chester,NE,45453,US
13217,Joliet,IL,82349,US
13218,Joliet,IL,82349,US
13219,Georgetown,WV,77854,US
13220,Salem,NB,H8Y 9H1,CA
13221,Fairview,NB,T6G 7P1,CA
13222,Springfield,YT,B3X 2B4,CA
13223,Springfield,YT,B3X 2B4,CA
13224,Bristol,VT,12294,US
13225,Georgetown,UT,44561,US
13226,Bristol,NB,V4Y 4G9,CA
13227,Clinton,NB,T7L 9C9,CA
13228,Bristol,NB,P9A 9H3,CA
13229,San Jose,CA,56373,US
13230,San Jose,CA,56373,US
13231,Bristol,NE,58869,US
13232,Chester,MT,36451,US
13233,Chester,MT,36451,US
13234,Riverside,WY,43516,US
13235,Franklin,HI,65584,US
13236,Georgetown,VT,45987,US
13237,Riverside,VT,23909,US
13238,Franklin,NE,90864,US
13239,Riverside,SD,59438,US
13240,Chester,SD,94914,US
13241,Riverside,TN,32685,US
13242,Bristol,NH,99672,US
13243,Madison,OK,40753,US
13244,Vancouver,WA,52297,US
13245,Vancouver,WA,52297,US
13246,Georgetown,OK,89876,US
13247,Bristol,LA,63430,US
13248,Salem,LA,83841,US
13249,Franklin,RI,19787,US
13250,Franklin,RI,19787,US
13251,Atlanta,GA,94302,US
13252,Atlanta,GA,94302,US
13253,Bristol,OK,99495,US
13254,Fort Lauderdale,FL,27253,US
13255,Scottsdale,AZ,46520,US
13256,Georgetown,MN,41185,US
13257,Riverside,MB,M1R 6E2,CA
13258,Salem,WY,50993,US
13259,Georgetown,NM,17938,US
13260,Franklin,NM,25562,US
13261,Franklin,AR,50398,US
13262,Franklin,AR,50398,US
13263,Salem,KS,96603,US
13264,Madison,KS,33053,US
13265,Madison,TN,20174,US
13266,Madison,TN,20174,US
13267,San Antonio,TX,82853,US
13268,San Antonio,TX,82853,US
13269,Clinton,SD,14528,US
13270,Clinton,SD,14528,US
13271,Riverside,SD,72582,US
13272,Naperville,IL,89094,US
13273,Tacoma,WA,52751,US
13274,Tacoma,WA,52751,US
13275,Bellevue,WA,24694,US
13276,Riverside,TN,57755,US
13277,Riverside,TN,57755,US
13278,Riverside,SK,B6E 8M5,CA
13279,Georgetown,MT,92778,US
13280,Georgetown,MT,92778,US
13281,Georgetown,MT,92778,US
13282,Chester,WI,19180,US
13283,Joliet,IL,11841,US
13284,Joliet,IL,11841,US
13285,Rockford,IL,67869,US
13286,Boston,MA,84647,US
13287,Lowell,MA,94809,US
13288,Boston,MA,84647,US
13289,Colorado Springs,CO,18404,US
13290,Houston,TX,11169,US
13291,Chester,WI,88386,US
13292,Chester,WI,88386,US
13293,Chester,WI,88386,US
13294,Clinton,HI,57166,US
13295,Chester,UT,33944,US
13296,Franklin,ID,42836,US
13297,Georgetown,WY,58977,US
13298,Atlanta,GA,30661,US
13299,Clinton,ME,94600,US
13300,Macon,GA,70938,US
13301,Macon,GA,70938,US
13302,Clinton,RI,97188,US
13303,Georgetown,YT,R8G 4V5,CA
13304,Georgetown,YT,R8G 4V5,CA
13305,Georgetown,YT,R8G 4V5,CA
13306,Franklin,IA,47839,US
13307,Springfield,MA,96624,US
13308,Bristol,NU,C1P 8X3,CA
13309,Reno,NV,99003,US
13310,Fairview,NE,83211,US
13311,Fairview,NE,83211,US
13312,Clinton,MN,58420,US
13313,Clinton,MN,58420,US
13314,Clinton,MN,58420,US
13315,Mesa,AZ,98609,US
13316,Mesa,AZ,98609,US
13317,Mesa,AZ,98609,US
13318,Fairview,SC,39683,US
13319,Naperville,IL,27169,US
13320,Rockford,IL,67848,US
13321,Riverside,WI,10879,US
13322,Aurora,CO,76991,US
13323,Fairview,NM,52669,US
13324,Georgetown,NM,17444,US
13325,Franklin,DE,20433,US
13326,Franklin,DE,20433,US
13327,Fairview,ME,98941,US
13328,Fairview,ME,98941,US
13329,Fairview,ME,98941,US
13330,Riverside,UT,81743,US
13331,Las Vegas,NV,79136,US
13332,Colorado Springs,CO,65110,US
13333,Denver,CO,47486,US
13334,Springfield,CT,52611,US
13335,Springfield,CT,52611,US
13336,Colorado Springs,CO,34424,US
13337,Colorado Springs,CO,34424,US
13338,Colorado Springs,CO,34424,US
13339,Salem,AK,89346,US
13340,Riverside,ID,49554,US
13341,Bristol,IN,48253,US
13342,Franklin,OK,38938,US
13343,Franklin,OK,38938,US
13344,Bristol,NJ,82461,US
13345,Fairview,UT,25894,US
13346,Riverside,UT,58213,US
13347,Fairview,UT,25894,US
13348,Springfield,LA,80717,US
13349,Phoenix,AZ,24919,US
13350,Phoenix,AZ,24919,US
13351,Clinton,LA,18803,US
13352,Bristol,LA,17050,US
13353,Clinton,LA,18803,US
13354,Riverside,ID,11658,US
13355,Georgetown,IA,50680,US
13356,Georgetown,RI,70650,US
13357,Clinton,KY,91523,US
13358,Clinton,KY,91523,US
13359,Salem,ID,22664,US
13360,Salem,ID,22664,US
13361,Athens,GA,40931,US
13362,Franklin,VA,95141,US
13363,Franklin,VA,95141,US
13364,Sacramento,CA,38485,US
13365,Raleigh,NC,91612,US
13366,Raleigh,NC,91612,US
13367,Raleigh,NC,15530,US
13368,Georgetown,RI,93256,US
13369,Fort Worth,TX,12449,US
13370,Fort Worth,TX,12449,US
13371,Fort Worth,TX,12449,US
13372,Springfield,NH,21230,US
13373,Springfield,NH,21230,US
13374,Lethbridge,AB,N7J 2N2,CA
13375,Franklin,KY,50885,US
13376,Franklin,KY,50885,US
13377,San Diego,CA,71544,US
13378,Springfield,HI,54514,US
13379,Raleigh,NC,80303,US
13380,Albany,NY,59090,US
13381,New York,NY,84045,US
13382,Augusta,GA,22514,US
13383,Georgetown,WI,45056,US
13384,Georgetown,WI,45056,US
13385,Springfield,SC,42331,US
13386,Salem,WI,59151,US
13387,Rochester,NY,30913,US
13388,Franklin,CT,58985,US
13389,Salem,AL,30103,US
13390,Franklin,SC,86641,US
13391,Bristol,SC,81010,US
13392,Springfield,SC,15707,US
13393,Springfield,SC,15707,US
13394,Madison,NJ,88615,US
13395,Madison,NJ,88615,US
13396,Clinton,NM,52528,US
13397,Franklin,MD,91127,US
13398,Franklin,MD,91127,US
13399,Franklin,MD,91127,US
13400,Raleigh,NC,87644,US
13401,Clinton,WI,96422,US
13402,Clinton,WI,96422,US
13403,Clinton,WI,96422,US
13404,Clinton,WY,15615,US
13405,Bristol,MB,P5T 8C5,CA
13406,Franklin,MS,48532,US
13407,Franklin,MS,48532,US
13408,Bristol,NT,X8B 5P5,CA
13409,Bristol,NT,X8B 5P5,CA
13410,Bristol,NT,X8B 5P5,CA
13411,Chester,WV,21752,US
13412,Chester,WV,21752,US
13413,Salem,AK,98377,US
13414,San Francisco,CA,94098,US
13415,San Francisco,CA,94098,US
13416,Madison,MN,84646,US
13417,Springfield,NU,Y5J 4R8,CA
13418,Springfield,NU,Y5J 4R8,CA
13419,Springfield,NU,Y5J 4R8,CA
13420,Fairview,VT,45301,US
13421,Fairview,VT,45301,US
13422,Fairview,ME,23135,US
13423,Chester,OK,19078,US
13424,Georgetown,MT,36083,US
13425,Madison,RI,68925,US
13426,Fairview,OK,54642,US
13427,Riverside,WV,18720,US
13428,Riverside,WV,18720,US
13429,Riverside,SC,48009,US
13430,Springfield,MO,25219,US
13431,Riverside,MO,23728,US
13432,Charlotte,NC,95331,US
13433,Charlotte,NC,95331,US
13434,Madison,HI,69115,US
13435,Clinton,YT,J9T 7V3,CA
13436,Clinton,YT,J9T 7V3,CA
13437,Bristol,SD,52994,US
13438,Chester,AK,57173,US
13439,Franklin,NT,G5M 1R5,CA
13440,Vancouver,BC,A3P 8M8,CA
13441,Clinton,NB,H9B 7B5,CA
13442,Madison,NB,V1V 9S3,CA
13443,Madison,NB,X9N 1S1,CA
13444,Springfield,MA,98194,US
13445,Springfield,MA,98194,US
13446,Cambridge,MA,26656,US
13447,Aurora,IL,67194,US
13448,Aurora,IL,67194,US
13449,Aurora,IL,67194,US
13450,Fairview,IA,70378,US
13451,Chester,AL,98739,US
13452,Bristol,MS,59414,US
13453,Riverside,WV,81275,US
13454,Riverside,WV,81275,US
13455,Greensboro,NC,26579,US
13456,Riverside,LA,26586,US
13457,Salem,AK,36968,US
13458,Salem,AK,36968,US
13459,Salem,AK,85466,US
13460,Clinton,KS,20725,US
13461,Clinton,KS,20725,US
13462,Tucson,AZ,67240,US
13463,Chandler,AZ,58473,US
13464,Chandler,AZ,58473,US
13465,Bristol,IN,82230,US
13466,Bristol,IN,82230,US
13467,Madison,IN,89726,US
13468,Clinton,NH,34201,US
13469,San Francisco,CA,31231,US
13470,Chester,SD,60796,US
13471,Chester,SD,60796,US
13472,Chester,SD,60796,US
13473,Springfield,TN,31635,US
13474,Franklin,MD,32112,US
13475,Bristol,NS,A3Y 7R2,CA
13476,Fairview,ND,72825,US
13477,Fairview,ND,72825,US
13478,Springfield,ND,74556,US
13479,Franklin,ID,37849,US
13480,Springfield,CT,77374,US
13481,Scottsdale,AZ,95022,US
13482,Scottsdale,AZ,95022,US
13483,Riverside,OK,36075,US
13484,Clinton,LA,81066,US
13485,Clinton,LA,81066,US
13486,Franklin,DE,86358,US
13487,Riverside,IN,20236,US
13488,Riverside,IN,20236,US
13489,Springfield,IN,91973,US
13490,Bristol,WV,71178,US
13491,Chester,WV,14331,US
13492,Riverside,NB,L2X 4S0,CA
13493,Riverside,NB,L2X 4S0,CA
13494,Fairview,MS,48717,US
13495,Fairview,MS,48717,US
13496,Fairview,MD,76004,US
13497,Fairview,MD,76004,US
13498,Fort Worth,TX,55781,US
13499,Houston,TX,99653,US
13500,Franklin,DE,45806,US
13501,Franklin,DE,45806,US
13502,Madison,DE,97099,US
13503,Riverside,RI,29983,US
13504,Riverside,RI,29983,US
13505,Erie,PA,90099,US
13506,Erie,PA,29551,US
13507,Vancouver,BC,L7H 9C9,CA
13508,Worcester,MA,99122,US
13509,Lowell,MA,62235,US
13510,Athens,GA,51298,US
13511,Chester,ID,20724,US
13512,Fairview,OR,31545,US
13513,Madison,IN,11185,US
13514,Madison,IN,11185,US
13515,Madison,IN,11185,US
13516,Springfield,NJ,71557,US
13517,Riverside,NJ,46200,US
13518,Riverside,NJ,46200,US
13519,Riverside,IA,29651,US
13520,Riverside,IA,29651,US
13521,Springfield,IA,84542,US
13522,Gatineau,QC,P1E 3S6,CA
13523,Gatineau,QC,P1E 3S6,CA
13524,Springfield,MB,N7T 9J0,CA
13525,Salem,WV,83647,US
13526,Salem,WV,83647,US
13527,Mississauga,ON,B5H 2M7,CA
13528,Clinton,SD,24269,US
13529,Georgetown,AL,69469,US
13530,Springfield,CT,28922,US
13531,Franklin,DE,76763,US
13532,Franklin,DE,76763,US
13533,Georgetown,SC,16314,US
13534,Salem,PE,R6J 4E6,CA
13535,Salem,PE,R6J 4E6,CA
13536,Pittsburgh,PA,65641,US
13537,Pittsburgh,PA,65641,US
13538,Albany,NY,20741,US
13539,Salem,NM,62491,US
13540,Fairview,UT,42434,US
13541,Fairview,UT,42434,US
13542,Springfield,MO,73364,US
13543,Denver,CO,35607,US
13544,Springfield,DE,17179,US
13545,Springfield,DE,17179,US
13546,Springfield,DE,17179,US
13547,Riverside,WV,57755,US
13548,Riverside,WV,57755,US
13549,Salem,UT,13157,US
13550,Franklin,ME,51635,US
13551,Franklin,ME,51635,US
13552,Chester,AR,45148,US
13553,Chester,AR,45148,US
13554,Chester,AR,54816,US
13555,Riverside,SD,81984,US
13556,Georgetown,ND,96770,US
13557,Springfield,ND,18938,US
13558,Fairview,NS,S6C 5V6,CA
13559,Chester,IN,48973,US
13560,Springfield,DE,24575,US
13561,Springfield,DE,24575,US
13562,Salem,DE,73890,US
13563,Clinton,LA,12004,US
13564,Clinton,LA,12004,US
13565,Boulder,CO,39367,US
13566,Fairview,NS,M7Y 4N3,CA
13567,Chester,NS,T1T 9N6,CA
13568,Fairview,NS,M7Y 4N3,CA
13569,Madison,CT,32419,US
13570,Madison,MT,54304,US
13571,Bristol,MT,68158,US
13572,Franklin,ND,30703,US
13573,Franklin,ND,89857,US
13574,Fort Lauderdale,FL,98971,US
13575,Sacramento,CA,43185,US
13576,Sacramento,CA,43185,US
13577,Sacramento,CA,43185,US
13578,Franklin,WY,50284,US
13579,Franklin,WY,50284,US
13580,Franklin,WY,50284,US
13581,Rochester,NY,81800,US
13582,Springfield,KY,93690,US
13583,Seattle,WA,95932,US
13584,Seattle,WA,95932,US
13585,Seattle,WA,95932,US
13586,Clinton,NL,V4M 9P6,CA
13587,Fairview,WI,28223,US
13588,Riverside,WI,25902,US
13589,Springfield,WI,98555,US
13590,Clinton,AL,66188,US
13591,Clinton,AL,66188,US
13592,Fairview,DE,20146,US
13593,Chester,CT,99900,US
13594,Springfield,NM,95386,US
13595,Chester,NH,10078,US
13596,Rockford,IL,53505,US
13597,Warren,MI,47282,US
13598,Warren,MI,47282,US
13599,Grand Rapids,MI,16064,US
13600,Springfield,NS,B6B 9R3,CA
13601,Salem,SK,C8J 5B6,CA
13602,Bristol,NJ,88556,US
13603,Fairview,SC,30285,US
13604,Fairview,SC,30285,US
13605,Fairview,SC,30285,US
13606,Albany,NY,34304,US
13607,Albany,NY,34304,US
13608,Springfield,YT,N9B 6K9,CA
13609,Clinton,ID,92383,US
13610,Clinton,ID,76887,US
13611,Fairview,ID,99711,US
13612,Clinton,MN,90218,US
13613,Clinton,MN,90218,US
13614,Springfield,NM,64947,US
13615,Georgetown,MD,68426,US
13616,Georgetown,MD,68426,US
13617,Toledo,OH,61075,US
13618,Salem,WY,10151,US
13619,Riverside,NH,83112,US
13620,Riverside,NH,83112,US
13621,Clinton,VA,48016,US
13622,Aurora,CO,54768,US
13623,Aurora,CO,54768,US
13624,Georgetown,MD,10144,US
13625,Riverside,UT,71234,US
13626,Chester,CT,30249,US
13627,Chester,CT,30249,US
13628,Clinton,KS,48920,US
13629,Clinton,KS,48920,US
13630,Savannah,GA,45114,US
13631,Savannah,GA,43609,US
13632,Springfield,UT,48307,US
13633,Springfield,UT,48307,US
13634,Bristol,ND,74582,US
13635,Madison,NH,77731,US
13636,Riverside,LA,44366,US
13637,Riverside,LA,44366,US
13638,Riverside,LA,44366,US
13639,Sacramento,CA,81630,US
13640,Riverside,NU,T4L 5K8,CA
13641,Madison,ND,36887,US
13642,Madison,ND,36887,US
13643,Macon,GA,45890,US
13644,Macon,GA,45890,US
13645,Madison,OR,60341,US
13646,Tampa,FL,18253,US
13647,Clinton,CT,51086,US
13648,Clinton,CT,51086,US
13649,Springfield,AL,48043,US
13650,Salem,AL,59733,US
13651,Madison,SC,66684,US
13652,Bristol,SC,56355,US
13653,Houston,TX,95016,US
13654,Houston,TX,95016,US
13655,San Antonio,TX,56952,US
13656,Chester,MD,70926,US
13657,Bristol,SK,V6X 9S8,CA
13658,Clinton,NU,H4M 1H6,CA
13659,Scottsdale,AZ,58200,US
13660,Scottsdale,AZ,58200,US
13661,Scottsdale,AZ,53589,US
13662,Springfield,SC,51197,US
13663,Springfield,NS,S6P 8C2,CA
13664,Springfield,AR,82237,US
13665,Georgetown,KY,69257,US
13666,Burnaby,BC,M8E 5P1,CA
13667,Georgetown,MN,27776,US
13668,Quebec City,QC,B8S 7H1,CA
13669,Madison,OK,52918,US
13670,Salem,RI,69832,US
13671,Franklin,OK,84891,US
13672,Seattle,WA,86839,US
13673,Salem,NT,V9R 3E8,CA
13674,Georgetown,NE,73952,US
13675,Red Deer,AB,Y8Y 7J4,CA
13676,Red Deer,AB,Y8Y 7J4,CA
13677,Chester,NM,30446,US
13678,Chester,NM,30446,US
13679,Fairview,OK,95634,US
13680,Fairview,OK,95634,US
13681,Vancouver,BC,R8X 4X1,CA
13682,Bristol,NE,18592,US
13683,Bristol,NE,18592,US
13684,Bristol,NE,18592,US
13685,Madison,MN,26042,US
13686,Madison,MN,26042,US
13687,Riverside,MN,74118,US
13688,Rockford,IL,64752,US
13689,Rockford,IL,64752,US
13690,Georgetown,DE,22173,US
13691,Bristol,DE,20439,US
13692,Chester,OK,54768,US
13693,Albany,NY,67284,US
13694,Grand Rapids,MI,40325,US
13695,Grand Rapids,MI,40325,US
13696,Clinton,MD,59783,US
13697,Salem,RI,97411,US
13698,Salem,RI,97411,US
13699,San Diego,CA,63902,US
13700,Los Angeles,CA,26556,US
13701,Riverside,NS,E7Y 5R2,CA
13702,Riverside,NS,E7Y 5R2,CA
13703,Franklin,OR,45117,US
13704,Franklin,OR,45117,US
13705,Franklin,OR,45117,US
13706,Clinton,PE,H5A 1Y9,CA
13707,Springfield,OK,89034,US
13708,Bristol,IN,59539,US
13709,Bristol,IN,59539,US
13710,Rockford,IL,73021,US
13711,Springfield,MA,47351,US
13712,Springfield,MA,47351,US
13713,Fairview,YT,B8H 7T6,CA
13714,Riverside,VT,11022,US
13715,San Diego,CA,47167,US
13716,Franklin,NT,N4Y 4G4,CA
13717,Boulder,CO,80630,US
13718,Springfield,SD,23881,US
13719,Springfield,SD,23881,US
13720,Salem,KS,55056,US
13721,Springfield,NM,47720,US
13722,Madison,NM,90006,US
13723,Dallas,TX,64737,US
13724,Austin,TX,63904,US
13725,Madison,VA,43889,US
13726,Madison,VA,43889,US
13727,Victoria,BC,G7S 5J4,CA
13728,Victoria,BC,G7S 5J4,CA
13729,Salem,ME,30986,US
13730,Salem,ME,30986,US
13731,Chester,ME,53656,US
13732,Georgetown,ME,24623,US
13733,Reading,PA,88872,US
13734,San Francisco,CA,39148,US
13735,San Francisco,CA,39148,US
13736,Franklin,IN,29308,US
13737,Grand Rapids,MI,28382,US
13738,Longueuil,QC,A4M 3A9,CA
13739,Longueuil,QC,A4M 3A9,CA
13740,Detroit,MI,73371,US
13741,Detroit,MI,73371,US
13742,Detroit,MI,73371,US
13743,Clinton,WI,72366,US
13744,Clinton,WI,72366,US
13745,Fort Worth,TX,94580,US
13746,Fort Worth,TX,94580,US
13747,Dallas,TX,51489,US
13748,Fort Collins,CO,90864,US
13749,Riverside,SD,95257,US
13750,Riverside,SD,95257,US
13751,Georgetown,CT,94185,US
13752,Fairview,CT,27812,US
13753,Georgetown,CT,94185,US
13754,Chester,SD,50627,US
13755,Fairview,ND,15810,US
13756,Fairview,ND,15810,US
13757,Seattle,WA,39979,US
13758,Chester,CT,78772,US
13759,Chester,CT,78772,US
13760,Bristol,KY,22085,US
13761,Bristol,KY,22085,US
13762,Clinton,NE,41919,US
13763,Clinton,NE,41919,US
13764,Bristol,VT,96744,US
13765,Salem,VT,82807,US
13766,Bristol,VT,96744,US
13767,Salem,LA,30601,US
13768,Fairview,TN,26222,US
13769,Fairview,TN,26222,US
13770,Richmond,BC,B8P 7G0,CA
13771,Bristol,ID,27113,US
13772,Springfield,ID,60527,US
13773,Houston,TX,49143,US
13774,Riverside,AK,22928,US
13775,Riverside,AK,22928,US
13776,Lowell,MA,80889,US
13777,Lowell,MA,80889,US
13778,Lowell,MA,80889,US
13779,Georgetown,MS,56524,US
13780,Franklin,NE,97364,US
13781,Springfield,NE,61310,US
13782,Franklin,NE,97364,US
13783,Albany,NY,60148,US
13784,Riverside,SK,S4G 6M5,CA
13785,Bristol,PE,J8K 6C6,CA
13786,Madison,MD,37675,US
13787,Madison,MD,37675,US
13788,Fairview,LA,78708,US
13789,Fairview,LA,78708,US
13790,Chester,NH,85201,US
13791,Tacoma,WA,44132,US
13792,Chester,NM,17311,US
13793,Springfield,NM,73328,US
13794,Chester,NM,17311,US
13795,Georgetown,WI,13541,US
13796,Georgetown,WI,13541,US
13797,Bristol,HI,91053,US
13798,Franklin,VA,69570,US
13799,Franklin,VA,69570,US
13800,Franklin,VA,69570,US
13801,Salem,SC,86537,US
13802,Seattle,WA,17163,US
13803,Seattle,WA,17163,US
13804,Seattle,WA,17163,US
13805,Bristol,NE,51888,US
13806,Calgary,AB,C4N 7R6,CA
13807,Chester,HI,15424,US
13808,Chester,HI,15424,US
13809,Bristol,HI,83988,US
13810,Franklin,NB,C8J 3T1,CA
13811,Fairview,NT,B6K 9S1,CA
13812,Franklin,WI,33652,US
13813,Franklin,WI,33652,US
13814,Franklin,AL,60319,US
13815,Chester,SK,R1J 9B9,CA
13816,Chester,SK,R1J 9B9,CA
13817,Chester,SK,R1J 9B9,CA
13818,Franklin,IA,37768,US
13819,Franklin,IA,37768,US
13820,Franklin,IN,31390,US
13821,Franklin,IN,31390,US
13822,Franklin,IN,31390,US
13823,Springfield,NU,H2J 7H3,CA
13824,Springfield,NU,H2J 7H3,CA
13825,Bellevue,WA,39597,US
13826,Bellevue,WA,53074,US
13827,Bellevue,WA,39597,US
13828,Georgetown,OR,27590,US
13829,Georgetown,NT,Y1P 4Y5,CA
13830,Salem,NT,N2S 8J9,CA
13831,Salem,MD,47778,US
13832,Springfield,MN,73087,US
13833,Springfield,MN,73087,US
13834,Allentown,PA,43312,US
13835,Pittsburgh,PA,94630,US
13836,Allentown,PA,11808,US
13837,Allentown,PA,11808,US
13838,Georgetown,SC,46895,US
13839,Cambridge,MA,37425,US
13840,Cambridge,MA,37425,US
13841,Franklin,NE,66170,US
13842,Madison,SD,56306,US
13843,Clinton,ID,65337,US
13844,Chester,OK,32630,US
13845,Cambridge,MA,77606,US
13846,Bristol,VT,55474,US
13847,Bristol,VT,55474,US
13848,Chester,ID,88268,US
13849,Chester,ID,88268,US
13850,Clinton,MN,23591,US
13851,Clinton,MN,23591,US
13852,Boston,MA,30633,US
13853,Boston,MA,30633,US
13854,Boston,MA,30633,US
13855,Springfield,WY,85161,US
13856,Sparks,NV,35603,US
13857,Sparks,NV,35603,US
13858,Sparks,NV,35603,US
13859,Columbus,OH,37115,US
13860,Columbus,OH,37115,US
13861,Columbus,OH,37115,US
13862,Clinton,NB,J9L 5H1,CA
13863,New York,NY,31461,US
13864,New York,NY,13525,US
13865,Mesa,AZ,39074,US
13866,Longueuil,QC,S7E 6S4,CA
13867,Montreal,QC,M4H 5E5,CA
13868,Springfield,VA,73199,US
13869,Springfield,VA,73199,US
13870,Riverside,VA,40740,US
13871,Springfield,NM,98590,US
13872,Madison,MS,61698,US
13873,Fairview,NM,78859,US
13874,Fairview,NM,68042,US
13875,Fairview,NM,78859,US
13876,Las Vegas,NV,95852,US
13877,Las Vegas,NV,95852,US
13878,Madison,HI,46670,US
13879,Madison,HI,46670,US
13880,Springfield,VA,18726,US
13881,Bristol,VA,16527,US
13882,Clinton,NL,A7B 3M1,CA
13883,Clinton,NL,A7B 3M1,CA
13884,Chester,VT,29962,US
13885,Chester,VT,29962,US
13886,Franklin,NM,46246,US
13887,Riverside,OR,10859,US
13888,Riverside,OR,10859,US
13889,Scottsdale,AZ,80746,US
13890,Chandler,AZ,46059,US
13891,Joliet,IL,93151,US
13892,Joliet,IL,93151,US
13893,Joliet,IL,93151,US
13894,Springfield,ME,42710,US
13895,Springfield,ME,42710,US
13896,Springfield,ND,70417,US
13897,Clinton,MD,12952,US
13898,Clinton,MD,12952,US
13899,Georgetown,UT,32124,US
13900,Riverside,UT,14162,US
13901,Detroit,MI,48439,US
13902,Detroit,MI,48439,US
13903,Bristol,KS,80449,US
13904,Bristol,KS,80449,US
13905,Springfield,KS,34340,US
13906,Tucson,AZ,24522,US
13907,Mesa,AZ,12917,US
13908,Tucson,AZ,24522,US
13909,Chester,LA,84980,US
13910,Riverside,LA,45068,US
13911,Macon,GA,38442,US
13912,Warren,MI,13295,US
13913,Grand Rapids,MI,99240,US
13914,Georgetown,MS,26587,US
13915,Georgetown,MS,26587,US
13916,Madison,SK,K6Y 4E0,CA
13917,Georgetown,ID,64702,US
13918,Georgetown,ID,64702,US
13919,Clinton,MD,67862,US
13920,Allentown,PA,22770,US
13921,Allentown,PA,22770,US
13922,Buffalo,NY,93030,US
13923,Bristol,MN,73598,US
13924,Springfield,MN,46612,US
13925,Bristol,MN,73598,US
13926,Bristol,PE,A4X 9C5,CA
13927,Bristol,PE,A4X 9C5,CA
13928,San Antonio,TX,30138,US
13929,Tacoma,WA,16837,US
13930,Clinton,NJ,41714,US
13931,Clinton,SC,64643,US
13932,Clinton,SC,64643,US
13933,Clinton,UT,14875,US
13934,Chester,MS,63742,US
13935,Fairview,UT,13531,US
13936,Fairview,WI,49743,US
13937,Fairview,WI,49743,US
13938,Franklin,WI,52562,US
13939,Fairview,VT,19299,US
13940,Fairview,MS,77975,US
13941,Fairview,MS,77975,US
13942,Chester,RI,86164,US
13943,Detroit,MI,66242,US
13944,Detroit,MI,66242,US
13945,Georgetown,NM,44037,US
13946,Georgetown,NM,44037,US
13947,Fairview,WV,55955,US
13948,Springfield,NH,56031,US
13949,Bristol,KS,68052,US
13950,Bristol,KS,68052,US
13951,Bristol,KS,68052,US
13952,Jacksonville,FL,80821,US
13953,Miami,FL,25227,US
13954,Franklin,NT,E5L 3K6,CA
13955,Franklin,NT,E5L 3K6,CA
13956,Georgetown,NE,53374,US
13957,Georgetown,NE,53374,US
13958,Los Angeles,CA,60589,US
13959,Ann Arbor,MI,55688,US
13960,Ann Arbor,MI,55688,US
13961,Clinton,NE,61704,US
13962,Franklin,AL,45968,US
13963,Franklin,AL,45968,US
13964,Salem,AL,46473,US
13965,Franklin,VA,82470,US
13966,Clinton,LA,13241,US
13967,Fairview,LA,60512,US
13968,Franklin,UT,26524,US
13969,Clinton,UT,24217,US
13970,Franklin,TN,20511,US
13971,Chester,NL,C6X 5V5,CA
13972,Fairview,NE,16692,US
13973,Fairview,NE,28801,US
13974,Fairview,NT,H3J 3J9,CA
13975,Fairview,NT,H3J 3J9,CA
13976,Fairview,NT,H3J 3J9,CA
13977,Fairview,WY,45317,US
13978,Madison,WY,11041,US
13979,Cleveland,OH,65409,US
13980,Cleveland,OH,65409,US
13981,Allentown,PA,72822,US
13982,Reading,PA,19003,US
13983,Allentown,PA,72822,US
13984,Franklin,VA,57768,US
13985,Henderson,NV,69317,US
13986,Henderson,NV,69317,US
13987,Henderson,NV,69317,US
13988,Franklin,MO,30665,US
13989,Clinton,AL,24560,US
13990,Clinton,AL,24560,US
13991,Franklin,WI,13630,US
13992,Franklin,WI,13630,US
13993,Franklin,WI,13630,US
13994,Springfield,MS,33347,US
13995,Georgetown,NM,25040,US
13996,Georgetown,NM,25040,US
13997,Georgetown,NM,25040,US
13998,Bristol,IA,54771,US
13999,Springfield,IA,99343,US
14000,Riverside,HI,55583,US
14001,Salem,HI,41306,US
14002,Hamilton,ON,H4P 3L4,CA
14003,Boston,MA,58525,US
14004,Springfield,MA,60852,US
14005,Salem,AL,85176,US
14006,Franklin,WY,89965,US
14007,Fort Lauderdale,FL,55658,US
14008,Franklin,ID,92583,US
14009,Franklin,ID,92583,US
14010,Winston-Salem,NC,50225,US
14011,Springfield,MA,56650,US
14012,Franklin,MS,90740,US
14013,Syracuse,NY,61227,US
14014,Syracuse,NY,61227,US
14015,Syracuse,NY,61227,US
14016,Fort Worth,TX,87495,US
14017,Fort Worth,TX,87495,US
14018,Chester,MS,11788,US
14019,Bristol,MS,50183,US
14020,Madison,MS,49694,US
14021,Toledo,OH,63654,US
14022,Madison,ID,88574,US
14023,Madison,ID,88574,US
14024,Springfield,LA,16282,US
14025,Albany,NY,99527,US
14026,Richmond,BC,G7B 8C0,CA
14027,Franklin,CT,41191,US
14028,Chester,MT,96669,US
14029,Franklin,MS,51791,US
14030,Springfield,NB,L1H 7P7,CA
14031,Warren,MI,50193,US
14032,Warren,MI,50193,US
14033,Warren,MI,50193,US
14034,Bristol,OR,26199,US
14035,Franklin,AL,15025,US
14036,Franklin,AL,15025,US
14037,Bristol,ME,84776,US
14038,Salem,ME,82776,US
14039,Bristol,ME,31310,US
14040,San Jose,CA,35303,US
14041,San Jose,CA,35303,US
14042,San Jose,CA,87333,US
14043,Denver,CO,25446,US
14044,Springfield,WY,93752,US
14045,Springfield,WY,93752,US
14046,Springfield,WY,93752,US
14047,Hamilton,ON,G2N 2L6,CA
14048,Fairview,NT,B8A 6L4,CA
14049,Fairview,NT,B8A 6L4,CA
14050,Springfield,AL,14404,US
14051,Akron,OH,95899,US
14052,Clinton,NM,43981,US
14053,Clinton,NM,43981,US
14054,Chester,NM,21190,US
14055,Franklin,NB,M9R 7V0,CA
14056,Dallas,TX,21298,US
14057,Dallas,TX,21298,US
14058,Salem,NT,G8X 4G5,CA
14059,Georgetown,KS,15868,US
14060,Georgetown,KS,15868,US
14061,Riverside,DE,96799,US
14062,Fairview,AL,81149,US
14063,Fairview,AL,81149,US
14064,Fairview,AL,81149,US
14065,Bristol,AR,85089,US
14066,Bristol,SD,57848,US
14067,Bristol,SD,57848,US
14068,Bristol,AL,28851,US
14069,Bristol,AL,28851,US
14070,Madison,AL,24983,US
14071,Bristol,WV,10633,US
14072,Buffalo,NY,45208,US
14073,Fairview,NM,97155,US
14074,Franklin,NM,47245,US
14075,Burnaby,BC,A6V 7P5,CA
14076,Clinton,TN,95406,US
14077,Georgetown,IN,87181,US
14078,Georgetown,IN,87181,US
14079,Georgetown,IN,87181,US
14080,Madison,NM,75654,US
14081,Bristol,AK,22477,US
14082,Franklin,MT,47189,US
14083,Franklin,MT,47189,US
14084,Madison,ID,64936,US
14085,Franklin,KS,56873,US
14086,Philadelphia,PA,76573,US
14087,Fairview,LA,58320,US
14088,Georgetown,IN,94953,US
14089,Bristol,IN,56061,US
14090,Georgetown,IN,94953,US
14091,Chester,NH,75716,US
14092,Reading,PA,47994,US
14093,Reading,PA,47994,US
14094,Fairview,SK,A1A 5G9,CA
14095,Fairview,SK,A1A 5G9,CA
14096,Salem,AL,80209,US
14097,Chester,OR,17327,US
14098,Riverside,OR,76291,US
14099,Springfield,IN,57094,US
14100,Springfield,WY,49001,US
14101,Madison,WY,28923,US
14102,Springfield,WY,49001,US
14103,Riverside,OR,68835,US
14104,Madison,OR,27908,US
14105,Riverside,OR,68835,US
14106,London,ON,A2B 4T2,CA
14107,Mississauga,ON,G9B 3P4,CA
14108,Chester,ND,42072,US
14109,Clinton,ND,57590,US
14110,Quebec City,QC,X3C 5L6,CA
14111,Toledo,OH,98007,US
14112,Toledo,OH,98007,US
14113,Ann Arbor,MI,11973,US
14114,Ann Arbor,MI,11973,US
14115,Ann Arbor,MI,11973,US
14116,Fairview,SD,75943,US
14117,Bristol,SD,87351,US
14118,San Antonio,TX,64916,US
14119,Georgetown,MB,M4S 5G7,CA
14120,Springfield,NU,R5R 3J4,CA
14121,Cleveland,OH,71939,US
14122,Cleveland,OH,71939,US
14123,Salem,WI,73805,US
14124,Madison,IN,28791,US
14125,Madison,IN,28791,US
14126,Madison,IN,28791,US
14127,Riverside,MO,94463,US
14128,Fairview,MO,62612,US
14129,Fairview,WY,73524,US
14130,Bristol,VT,19935,US
14131,Madison,MT,30532,US
14132,Madison,MT,30532,US
14133,Franklin,AR,48429,US
14134,Chester,AR,83682,US
14135,Madison,MD,68302,US
14136,Bristol,NL,R8V 2X7,CA
14137,Riverside,NL,M2C 4V9,CA
14138,Salem,HI,25270,US
14139,Clinton,NS,N7E 7C8,CA
14140,Bristol,VT,21915,US
14141,Franklin,KY,53710,US
14142,Franklin,KY,53710,US
14143,Springfield,LA,96663,US
14144,Riverside,MN,45764,US
14145,Los Angeles,CA,48332,US
14146,San Jose,CA,20899,US
14147,Riverside,HI,97849,US
14148,Riverside,HI,97849,US
14149,Springfield,NB,K1R 3L6,CA
14150,Springfield,NB,K1R 3L6,CA
14151,Springfield,NB,K1R 3L6,CA
14152,Vancouver,WA,47115,US
14153,Franklin,CT,59136,US
14154,Franklin,MD,12752,US
14155,Franklin,MD,12752,US
14156,Franklin,MO,12662,US
14157,Rockford,IL,95482,US
14158,Rockford,IL,95482,US
14159,Chester,KS,66577,US
14160,Chester,KS,66577,US
14161,Franklin,KS,51552,US
14162,Franklin,KS,51552,US
14163,Madison,KS,79901,US
14164,Fairview,WI,67276,US
14165,Madison,WV,15330,US
14166,Madison,WV,15330,US
14167,Miami,FL,31435,US
14168,Miami,FL,31435,US
14169,Chandler,AZ,61472,US
14170,Scottsdale,AZ,62717,US
14171,Chandler,AZ,61472,US
14172,Fairview,KS,76755,US
14173,Georgetown,SD,84580,US
14174,Georgetown,SD,84580,US
14175,Georgetown,SD,84580,US
14176,Madison,OR,33288,US
14177,Clinton,VA,26106,US
14178,Clinton,VA,26106,US
14179,Clinton,VA,26106,US
14180,Springfield,IA,32373,US
14181,Chester,IA,83915,US
14182,Georgetown,WY,41672,US
14183,Fairview,NB,E7X 7G8,CA
14184,Madison,LA,97683,US
14185,Franklin,NM,82866,US
14186,Franklin,NM,82866,US
14187,Bristol,KS,27394,US
14188,Bristol,KS,27394,US
14189,Bristol,KS,27394,US
14190,Georgetown,PE,P7B 8N7,CA
14191,Georgetown,PE,P7B 8N7,CA
14192,Georgetown,PE,P7B 8N7,CA
14193,Spokane,WA,41432,US
14194,Clinton,LA,13778,US
14195,Fort Collins,CO,45419,US
14196,Fort Collins,CO,45419,US
14197,Fort Collins,CO,45419,US
14198,Georgetown,AK,85531,US
14199,Scottsdale,AZ,83141,US
14200,Chester,HI,52534,US
14201,Chester,HI,52534,US
14202,Chester,HI,52534,US
14203,Vancouver,BC,K9T 2S4,CA
14204,Riverside,LA,10564,US
14205,Madison,ID,15631,US
14206,Madison,IA,50889,US
14207,Franklin,MO,94296,US
14208,Franklin,MO,94296,US
14209,Madison,RI,66747,US
14210,Madison,RI,66747,US
14211,Georgetown,RI,94206,US
14212,Franklin,NS,L4G 8X3,CA
14213,Madison,NU,A3Y 5N9,CA
14214,Madison,NU,A3Y 5N9,CA
14215,Clinton,MS,15979,US
14216,Chester,CT,79133,US
14217,Chester,CT,79133,US
14218,Riverside,WI,64060,US
14219,Madison,TN,60071,US
14220,Madison,TN,60071,US
14221,Madison,TN,60071,US
14222,Pittsburgh,PA,76219,US
14223,Springfield,RI,99591,US
14224,Fairview,NH,69506,US
14225,Georgetown,NH,72940,US
14226,Georgetown,NH,72940,US
14227,Denver,CO,92893,US
14228,Fairview,MT,24819,US
14229,Fairview,MT,24819,US
14230,Madison,CT,66363,US
14231,Georgetown,CT,64236,US
14232,Riverside,NM,85460,US
14233,Allentown,PA,95831,US
14234,Franklin,NU,K8P 6A7,CA
14235,Montreal,QC,T7S 5A8,CA
14236,Clinton,HI,39443,US
14237,Clinton,HI,71001,US
14238,Madison,HI,59364,US
14239,Franklin,HI,91799,US
14240,Madison,HI,59364,US
14241,Clinton,NH,64850,US
14242,Fairview,NH,15257,US
14243,Lethbridge,AB,L8S 4P7,CA
14244,Edmonton,AB,M4K 3Y2,CA
14245,Lethbridge,AB,L8S 4P7,CA
14246,Franklin,KS,24639,US
14247,Bristol,NJ,16623,US
14248,Macon,GA,31258,US
14249,Macon,GA,31258,US
14250,Madison,AK,26114,US
14251,Madison,OR,64890,US
14252,Georgetown,CT,35266,US
14253,Georgetown,CT,35266,US
14254,Georgetown,CT,35266,US
14255,Bellevue,WA,86009,US
14256,Bellevue,WA,86009,US
14257,Bellevue,WA,86009,US
14258,Springfield,ND,28409,US
14259,Albany,NY,84938,US
14260,Buffalo,NY,36714,US
14261,Salem,ND,99208,US
14262,Chester,ND,53293,US
14263,Salem,ND,99208,US
14264,Georgetown,HI,21563,US
14265,Madison,IN,11146,US
14266,Tampa,FL,24799,US
14267,Allentown,PA,82823,US
14268,Springfield,HI,22818,US
14269,Riverside,OR,30353,US
14270,Madison,OR,59073,US
14271,Riverside,OR,30353,US
14272,Chester,AK,52481,US
14273,Fairview,NU,P7P 8K1,CA
14274,Madison,ID,17712,US
14275,Boston,MA,72137,US
14276,Fairview,ND,82999,US
14277,Riverside,DE,68733,US
14278,Bristol,VA,62062,US
14279,Chester,VA,56346,US
14280,Columbus,OH,28253,US
14281,Springfield,SD,24720,US
14282,Springfield,SD,24720,US
14283,Franklin,SD,83476,US
14284,Salem,PE,Y8K 5S5,CA
14285,Salem,PE,Y8K 5S5,CA
14286,Salem,PE,Y8K 5S5,CA
14287,Fairview,OK,42490,US
14288,Ottawa,ON,K9E 7A2,CA
14289,Mississauga,ON,P6J 5J6,CA
14290,Ottawa,ON,K9E 7A2,CA
14291,Fairview,CT,52897,US
14292,Madison,MS,78816,US
14293,Madison,MS,78816,US
14294,Bristol,UT,87202,US
14295,Rochester,NY,53837,US
14296,Rochester,NY,53837,US
14297,Fairview,MN,22382,US
14298,Riverside,NS,L8M 8G1,CA
14299,Riverside,NS,L8M 8G1,CA
14300,Tampa,FL,45485,US
14301,Orlando,FL,21013,US
14302,Clinton,YT,K6V 2G7,CA
14303,Georgetown,YT,H4L 4N0,CA
14304,Riverside,IA,11069,US
14305,Riverside,IA,11069,US
14306,Chester,RI,51790,US
14307,Georgetown,AK,97399,US
14308,Fairview,SD,82499,US
14309,Fort Lauderdale,FL,35652,US
14310,Fort Lauderdale,FL,35652,US
14311,San Diego,CA,44004,US
14312,Clinton,NE,24515,US
14313,Clinton,NE,24515,US
14314,Springfield,MA,94226,US
14315,Clinton,KS,67265,US
14316,Chester,IN,47910,US
14317,Madison,NE,62971,US
14318,Franklin,NE,22750,US
14319,Madison,NE,62971,US
14320,Clinton,LA,73686,US
14321,Clinton,LA,73686,US
14322,Georgetown,SD,38843,US
14323,Madison,MT,76074,US
14324,Salem,NT,S2C 9B5,CA
14325,Salem,NT,S2C 9B5,CA
14326,Cambridge,MA,91874,US
14327,Boston,MA,58223,US
14328,Ottawa,ON,V5K 9X6,CA
14329,Bristol,WV,29326,US
14330,Tacoma,WA,79364,US
14331,Akron,OH,95855,US
14332,Bristol,SC,22966,US
14333,Franklin,VA,54136,US
14334,Clinton,VA,47437,US
14335,Fort Collins,CO,75495,US
14336,Madison,KS,25879,US
14337,Madison,KS,25879,US
14338,Fairview,NS,P7R 3G1,CA
14339,Dallas,TX,43027,US
14340,Fairview,UT,97157,US
14341,Bristol,AL,76225,US
14342,Salem,TN,92399,US
14343,Clinton,VA,73877,US
14344,Clinton,VA,73877,US
14345,Franklin,NE,30218,US
14346,Salem,LA,11051,US
14347,Salem,NM,79019,US
14348,Boston,MA,29550,US
14349,Bristol,KS,96211,US
14350,Clinton,NE,20660,US
14351,Clinton,NE,20660,US
14352,Clinton,MS,67274,US
14353,Bristol,VA,97983,US
14354,Georgetown,AR,20726,US
14355,Georgetown,AR,20726,US
14356,Bristol,MD,66807,US
14357,Bristol,MD,66807,US
14358,Chicago,IL,85809,US
14359,Madison,CT,70753,US
14360,Chester,CT,97816,US
14361,Scottsdale,AZ,70664,US
14362,Victoria,BC,X3E 7S0,CA
14363,Surrey,BC,E2T 4X4,CA
14364,Victoria,BC,N8P 1C1,CA
14365,Bristol,MO,90648,US
14366,Bristol,NE,69966,US
14367,Bristol,NE,69966,US
14368,Georgetown,PE,L4N 6J1,CA
14369,Clinton,AR,37549,US
14370,Riverside,AR,31156,US
14371,Pittsburgh,PA,43618,US
14372,Bristol,IN,70453,US
14373,Greensboro,NC,99862,US
14374,Raleigh,NC,93181,US
14375,Greensboro,NC,99862,US
14376,Madison,UT,99603,US
14377,Fairview,UT,35591,US
14378,Clinton,KY,14766,US
14379,Franklin,IA,10687,US
14380,Franklin,IA,10687,US
14381,Franklin,IA,10687,US
14382,Clinton,KS,87192,US
14383,Clinton,KS,87192,US
14384,Springfield,MA,24905,US
14385,Springfield,MA,24905,US
14386,Chester,MN,66594,US
14387,Chester,MN,66594,US
14388,Orlando,FL,83907,US
14389,Fairview,NL,M6S 9B4,CA
14390,Fairview,NL,M6S 9B4,CA
14391,Chester,PE,N1H 3T7,CA
14392,Chester,PE,N1H 3T7,CA
14393,Victoria,BC,N8S 1J4,CA
14394,Riverside,VT,18389,US
14395,Fairview,KY,82227,US
14396,Clinton,AR,70827,US
14397,Riverside,AR,55128,US
14398,Riverside,NU,H8L 4H9,CA
14399,Salem,NU,Y9G 3C9,CA
14400,Clinton,NH,85175,US
14401,Clinton,NH,85175,US
14402,Bristol,MT,65253,US
14403,Cincinnati,OH,37738,US
14404,Franklin,NB,Y3C 7H3,CA
14405,Madison,NB,G5N 3K8,CA
14406,Clinton,MN,43123,US
14407,Salem,MN,43912,US
14408,Clinton,NB,E1G 3T4,CA
14409,Chester,DE,84068,US
14410,Savannah,GA,44644,US
14411,Savannah,GA,44644,US
14412,Madison,AR,99279,US
14413,Madison,AR,99279,US
14414,Franklin,NE,90392,US
14415,Franklin,NE,90392,US
14416,Pittsburgh,PA,83004,US
14417,Chester,AL,69927,US
14418,Georgetown,KS,33675,US
14419,Georgetown,KS,33675,US
14420,Georgetown,KS,33675,US
14421,Springfield,NM,59909,US
14422,Madison,NE,64275,US
14423,Madison,NE,64275,US
14424,Rockford,IL,67634,US
14425,Vancouver,WA,47740,US
14426,Austin,TX,43417,US
14427,Salem,OR,71315,US
14428,Georgetown,OR,82838,US
14429,Riverside,MN,68254,US
14430,Madison,MN,70567,US
14431,Riverside,MN,68254,US
14432,Rockford,IL,62239,US
14433,Rockford,IL,62239,US
14434,Bristol,SD,11138,US
14435,Springfield,SD,85124,US
14436,Worcester,MA,77935,US
14437,Salem,WI,94856,US
14438,Fairview,WI,12778,US
14439,Madison,KY,34793,US
14440,Madison,KY,34793,US
14441,San Diego,CA,83648,US
14442,San Diego,CA,83648,US
14443,San Diego,CA,83648,US
14444,Philadelphia,PA,78901,US
14445,Riverside,NS,K3A 3R9,CA
14446,Riverside,NS,K3A 3R9,CA
14447,Madison,AK,71326,US
14448,Georgetown,MN,12170,US
14449,Georgetown,MN,12170,US
14450,Chester,SK,E1L 6K4,CA
14451,Salem,IA,31635,US
14452,Henderson,NV,68035,US
14453,Dallas,TX,67918,US
14454,Dallas,TX,67918,US
14455,Henderson,NV,32741,US
14456,Georgetown,OK,57181,US
14457,Bristol,NL,N9Y 2B5,CA
14458,Bristol,NL,N9Y 2B5,CA
14459,Bristol,NL,N9Y 2B5,CA
14460,Tucson,AZ,24209,US
14461,Chandler,AZ,12181,US
14462,Tucson,AZ,24209,US
14463,Springfield,MO,30171,US
14464,Bristol,NL,A7H 5V4,CA
14465,Greensboro,NC,27179,US
14466,Charlotte,NC,21838,US
14467,Madison,ME,35560,US
14468,Burnaby,BC,T3P 1X5,CA
14469,Chester,TN,83453,US
14470,Chester,TN,83453,US
14471,Chester,TN,83453,US
14472,Georgetown,NS,E1E 8S5,CA
14473,Bristol,VT,67803,US
14474,Bristol,VT,67803,US
14475,Allentown,PA,91974,US
14476,Riverside,NJ,16830,US
14477,Pittsburgh,PA,54854,US
14478,Erie,PA,87407,US
14479,Franklin,NB,L7C 5K3,CA
14480,Bristol,NB,X4Y 7B5,CA
14481,Cleveland,OH,30060,US
14482,Riverside,VA,58379,US
14483,Riverside,VA,58379,US
14484,Madison,YT,J2H 7C3,CA
14485,Bristol,SC,14871,US
14486,Springfield,SC,40298,US
14487,Madison,LA,14184,US
14488,Erie,PA,61487,US
14489,Surrey,BC,H4E 1S5,CA
14490,Georgetown,AK,25381,US
14491,Madison,ID,50983,US
14492,Madison,ID,50983,US
14493,Bristol,IN,93938,US
14494,Bristol,IN,93938,US
14495,Bristol,IN,93938,US
14496,Clinton,LA,21846,US
14497,Clinton,LA,21846,US
14498,Franklin,KY,19511,US
14499,Riverside,WI,77301,US
14500,Burnaby,BC,R8P 4H8,CA
14501,Surrey,BC,J2S 5T2,CA
14502,Fort Lauderdale,FL,16386,US
14503,Franklin,AK,80342,US
14504,Tampa,FL,77622,US
14505,Tampa,FL,77622,US
14506,Springfield,NL,G6E 5L0,CA
14507,Seattle,WA,49860,US
14508,Seattle,WA,49860,US
14509,Riverside,MS,73114,US
14510,Bristol,ME,19211,US
14511,Franklin,MD,58688,US
14512,Franklin,MD,58688,US
14513,Salem,WY,32537,US
14514,Chester,WY,51232,US
14515,Salem,VT,53325,US
14516,Fairview,VT,33357,US
14517,Riverside,SK,B6N 3X7,CA
14518,Pittsburgh,PA,19802,US
14519,Bristol,WY,26358,US
14520,Clinton,WY,22928,US
14521,Bristol,WY,26358,US
14522,Salem,WY,95561,US
14523,Salem,WY,95561,US
14524,Miami,FL,80859,US
14525,Miami,FL,80859,US
14526,Clinton,MS,70210,US
14527,Salem,MS,90253,US
14528,Clinton,MS,70210,US
14529,Bristol,SD,97093,US
14530,Seattle,WA,82436,US
14531,Bristol,TN,47026,US
14532,Springfield,IN,55175,US
14533,Chester,RI,72058,US
14534,Chester,RI,72058,US
14535,Fort Collins,CO,93220,US
14536,Chester,LA,11994,US
14537,Franklin,LA,43653,US
14538,Chester,LA,86879,US
14539,Riverside,WY,96677,US
14540,Georgetown,VA,99561,US
14541,Madison,MT,21352,US
14542,Madison,MT,12332,US
14543,Georgetown,LA,40344,US
14544,Bristol,VA,13520,US
14545,Springfield,CT,69283,US
14546,Springfield,CT,69283,US
14547,Springfield,CT,69283,US
14548,Fairview,NM,44199,US
14549,Fairview,NM,44199,US
14550,Fairview,NM,44199,US
14551,Rockford,IL,63998,US
14552,Cincinnati,OH,57668,US
14553,Riverside,MT,38053,US
14554,Riverside,MT,38053,US
14555,Georgetown,NE,68935,US
14556,Madison,IA,13660,US
14557,Georgetown,IA,94835,US
14558,Georgetown,OR,72259,US
14559,Georgetown,OR,72259,US
14560,Riverside,ID,63912,US
14561,Bristol,ID,76291,US
14562,Salem,NL,N3B 6A6,CA
14563,Chester,KS,34914,US
14564,Franklin,AL,42647,US
14565,Riverside,IN,42134,US
14566,Georgetown,LA,53353,US
14567,Macon,GA,62562,US
14568,Macon,GA,62562,US
14569,Bristol,NM,60239,US
14570,Springfield,NM,79264,US
14571,Bristol,NU,P9A 7T2,CA
14572,Salem,NU,R6C 3S7,CA
14573,Bristol,NU,P9A 7T2,CA
14574,Fort Collins,CO,64350,US
14575,Salem,AL,61963,US
14576,Bristol,MO,67580,US
14577,Riverside,AL,45700,US
14578,Victoria,BC,J5K 2B8,CA
14579,Fairview,RI,41941,US
14580,Clinton,RI,36913,US
14581,Fairview,RI,41941,US
14582,Madison,RI,57904,US
14583,Fairview,RI,34841,US
14584,Fairview,NT,M8A 9C7,CA
14585,Calgary,AB,E3M 4J7,CA
14586,Calgary,AB,E3M 4J7,CA
14587,Chester,HI,37371,US
14588,Chester,NJ,39587,US
14589,Spokane,WA,15004,US
14590,Madison,IN,74149,US
14591,Georgetown,RI,85733,US
14592,Georgetown,RI,85733,US
14593,Madison,RI,83955,US
14594,Chester,OR,30987,US
14595,Madison,OR,42850,US
14596,Springfield,ME,14188,US
14597,Boulder,CO,10091,US
14598,Franklin,YT,H6L 2P5,CA
14599,Franklin,YT,H6L 2P5,CA
14600,Riverside,LA,37820,US
14601,Franklin,RI,56409,US
14602,Franklin,RI,56409,US
14603,Franklin,RI,56409,US
14604,Fairview,LA,27762,US
14605,Riverside,DE,25916,US
14606,Riverside,DE,25916,US
14607,Salem,CT,63520,US
14608,Springfield,HI,91619,US
14609,Chicago,IL,11694,US
14610,Springfield,OK,94127,US
14611,Riverside,AR,70493,US
14612,Salem,WY,27540,US
14613,Clinton,MO,50476,US
14614,Chester,KY,69673,US
14615,Rockford,IL,31860,US
14616,Lethbridge,AB,X7B 2A3,CA
14617,Medicine Hat,AB,P5V 3S5,CA
14618,Lethbridge,AB,X7B 2A3,CA
14619,Raleigh,NC,37046,US
14620,Riverside,AR,92073,US
14621,Georgetown,ID,97183,US
14622,Clinton,SD,58053,US
14623,Miami,FL,48148,US
14624,Madison,NM,53739,US
14625,Madison,NM,53739,US
14626,Boston,MA,34183,US
14627,Riverside,AL,37815,US
14628,Clinton,ID,31569,US
14629,Clinton,MD,60242,US
14630,Georgetown,OK,20337,US
14631,Ann Arbor,MI,17585,US
14632,Phoenix,AZ,54880,US
14633,Salem,NJ,92053,US
14634,Clinton,NJ,91727,US
14635,Salem,NJ,92053,US
14636,Georgetown,NE,98434,US
14637,Fairview,NE,95152,US
14638,Buffalo,NY,61643,US
14639,Fairview,OR,66132,US
14640,North Las Vegas,NV,40778,US
14641,Colorado Springs,CO,21396,US
14642,Salem,LA,36912,US
14643,Salem,LA,36912,US
14644,Madison,NH,51581,US
14645,Franklin,NH,67767,US
14646,Madison,NH,51581,US
14647,Georgetown,LA,91014,US
14648,Georgetown,RI,41508,US
14649,Georgetown,RI,41508,US
14650,Clinton,AR,43844,US
14651,Clinton,AR,43844,US
14652,Clinton,AR,43844,US
14653,Riverside,MS,29865,US
14654,Tacoma,WA,95731,US
14655,Chester,VT,81153,US
14656,Georgetown,VT,58144,US
14657,Springfield,NU,S3X 1J2,CA
14658,Fairview,MS,11292,US
14659,Franklin,MS,30236,US
14660,Bellevue,WA,53202,US
14661,Georgetown,TN,98381,US
14662,Georgetown,TN,98381,US
14663,Clinton,NE,61444,US
14664,Clinton,NE,61444,US
14665,Clinton,NE,61444,US
14666,Riverside,KS,50666,US
14667,Bristol,KS,93118,US
14668,Springfield,ND,38267,US
14669,Springfield,ND,38267,US
14670,Madison,LA,34515,US
14671,Madison,LA,34515,US
14672,Chester,NB,H5B 2S0,CA
14673,Chester,NB,H5B 2S0,CA
14674,Joliet,IL,80785,US
14675,Los Angeles,CA,28006,US
14676,Augusta,GA,90571,US
14677,Macon,GA,16312,US
14678,Riverside,LA,97328,US
14679,Cambridge,MA,57619,US
14680,Cambridge,MA,57619,US
14681,Scottsdale,AZ,53697,US
14682,Clinton,CT,82498,US
14683,Chester,NL,N9G 9M9,CA
14684,Seattle,WA,55762,US
14685,Chester,WV,70143,US
14686,Austin,TX,43448,US
14687,San Antonio,TX,65741,US
14688,San Antonio,TX,56281,US
14689,Springfield,MS,38549,US
14690,Reading,PA,72594,US
14691,Madison,UT,17776,US
14692,Riverside,MT,76740,US
14693,Riverside,MT,76740,US
14694,Riverside,NU,C4T 2V0,CA
14695,Fairview,RI,24378,US
14696,Fairview,RI,24378,US
14697,Springfield,VA,68175,US
14698,Georgetown,AL,35846,US
14699,Bristol,MS,19016,US
14700,Aurora,CO,96639,US
14701,Aurora,CO,96639,US
14702,Clinton,MS,72009,US
14703,Salem,ND,83502,US
14704,Salem,ND,83502,US
14705,Fairview,ID,49851,US
14706,Fairview,ID,49851,US
14707,Akron,OH,17884,US
14708,Akron,OH,17884,US
14709,Akron,OH,17884,US
14710,Chester,MT,51618,US
14711,Mississauga,ON,S1T 5A0,CA
14712,Georgetown,ID,59194,US
14713,Georgetown,ID,59194,US
14714,Georgetown,ID,33576,US
14715,Chester,SC,40123,US
14716,Chester,SC,40123,US
14717,Chester,SC,33612,US
14718,Chester,OK,96726,US
14719,Bristol,AR,63193,US
14720,Georgetown,AR,86510,US
14721,Springfield,NH,58099,US
14722,Georgetown,NH,80193,US
14723,Fairview,NJ,79589,US
14724,Fairview,NJ,44392,US
14725,Fairview,NJ,79589,US
14726,Chester,OR,91127,US
14727,Madison,NJ,93023,US
14728,Madison,NJ,93023,US
14729,Madison,NJ,93023,US
14730,Buffalo,NY,31838,US
14731,Buffalo,NY,31838,US
14732,Toledo,OH,46121,US
14733,Cleveland,OH,22030,US
14734,Fairview,ID,18442,US
14735,Chester,MD,34404,US
14736,Fairview,MD,58839,US
14737,Bristol,NS,J6L 1V3,CA
14738,Georgetown,NB,J6S 1E2,CA
14739,Bristol,NB,E8X 2R5,CA
14740,Clinton,NB,B8P 8C0,CA
14741,Georgetown,NB,G3H 6V5,CA
14742,Philadelphia,PA,94348,US
14743,Clinton,DE,35094,US
14744,Clinton,DE,35094,US
14745,Joliet,IL,25687,US
14746,Chicago,IL,55090,US
14747,Salem,ID,25367,US
14748,Salem,ID,25367,US
14749,Clinton,ID,31472,US
14750,Clinton,ND,93505,US
14751,Denver,CO,79423,US
14752,Denver,CO,79423,US
14753,Las Vegas,NV,57641,US
14754,Las Vegas,NV,57641,US
14755,Madison,ND,41294,US
14756,Springfield,SK,K4X 7R0,CA
14757,Springfield,SK,K4X 7R0,CA
14758,Madison,MS,31206,US
14759,Riverside,MS,97195,US
14760,Chester,NM,73233,US
14761,Chester,NM,73233,US
14762,Grand Rapids,MI,44746,US
14763,Clinton,MN,20104,US
14764,Georgetown,NJ,37677,US
14765,Houston,TX,68415,US
14766,Franklin,MO,94844,US
14767,Springfield,MO,63883,US
14768,Franklin,OR,34118,US
14769,Springfield,VA,30583,US
14770,Springfield,VA,30583,US
14771,Springfield,VA,30583,US
14772,Salem,NS,T2J 6S2,CA
14773,Charlotte,NC,72401,US
14774,Springfield,TN,23835,US
14775,Bristol,AL,35228,US
14776,Franklin,AL,52880,US
14777,Madison,DE,48329,US
14778,Fairview,DE,40289,US
14779,Madison,DE,48329,US
14780,Henderson,NV,57028,US
14781,Reno,NV,79649,US
14782,Riverside,RI,24443,US
14783,Clinton,RI,16210,US
14784,Clinton,WI,62675,US
14785,Clinton,WI,62675,US
14786,Georgetown,UT,17158,US
14787,Madison,WV,42127,US
14788,Fairview,AR,47028,US
14789,Franklin,WI,74810,US
14790,Sterling Heights,MI,97709,US
14791,Franklin,WY,81158,US
14792,Clinton,SC,59097,US
14793,Clinton,SC,59097,US
14794,Charlotte,NC,27853,US
14795,Atlanta,GA,60360,US
14796,Atlanta,GA,60360,US
14797,Riverside,PE,V4M 4B7,CA
14798,Naperville,IL,15482,US
14799,Naperville,IL,15482,US
14800,Macon,GA,61659,US
14801,Macon,GA,76228,US
14802,Georgetown,SK,S2V 1M2,CA
14803,Georgetown,SK,S2V 1M2,CA
14804,Clinton,SK,M1Y 7K6,CA
14805,Springfield,AK,78727,US
14806,Fairview,SC,60471,US
14807,Fairview,SC,60471,US
14808,Boston,MA,39601,US
14809,Boston,MA,39601,US
14810,Athens,GA,89928,US
14811,Bristol,OK,18502,US
14812,Bristol,OK,18502,US
14813,Riverside,OK,68869,US
14814,Medicine Hat,AB,S5V 5K8,CA
14815,Medicine Hat,AB,V5X 6E5,CA
14816,Calgary,AB,H9H 6Y8,CA
14817,Franklin,UT,68892,US
14818,Franklin,UT,68892,US
14819,Georgetown,MB,T6X 1P2,CA
14820,Bristol,MB,V1J 1Y1,CA
14821,Fairview,AR,21707,US
14822,Fairview,AR,21707,US
14823,Fairview,AR,21707,US
14824,Springfield,MT,61518,US
14825,Bristol,NM,91540,US
14826,Chester,NU,M6H 5S2,CA
14827,Tucson,AZ,97048,US
14828,Phoenix,AZ,11835,US
14829,Springfield,IA,27618,US
14830,Georgetown,IA,54204,US
14831,Fairview,MO,70517,US
14832,Clinton,TN,87524,US
14833,Boulder,CO,70445,US
14834,Boulder,CO,70445,US
14835,Springfield,TN,74655,US
14836,Riverside,SC,79853,US
14837,Ottawa,ON,A7S 8K5,CA
14838,Franklin,PE,S6A 7A8,CA
14839,Madison,PE,N8M 3T5,CA
14840,Toronto,ON,E8H 6G8,CA
14841,Toronto,ON,P6B 1C5,CA
14842,Ottawa,ON,A4J 4B6,CA
14843,Miami,FL,15827,US
14844,Miami,FL,15827,US
14845,Miami,FL,15827,US
14846,Clinton,WV,70746,US
14847,Clinton,WV,70746,US
14848,Georgetown,WV,34134,US
14849,Clinton,MB,L1N 9Y3,CA
14850,Clinton,MB,L1N 9Y3,CA
14851,Clinton,NJ,12917,US
14852,San Diego,CA,32512,US
14853,San Diego,CA,32512,US
14854,Grand Rapids,MI,41380,US
14855,Grand Rapids,MI,41380,US
14856,Cleveland,OH,87943,US
14857,Salem,MS,27886,US
14858,Salem,MS,27886,US
14859,Chester,IA,33361,US
14860,Salem,UT,84308,US
14861,Fairview,SC,45743,US
14862,Franklin,KS,83792,US
14863,Franklin,WY,12770,US
14864,Reno,NV,71107,US
14865,Las Vegas,NV,34800,US
14866,Denver,CO,72635,US
14867,Denver,CO,72635,US
14868,San Diego,CA,76557,US
14869,Riverside,NE,85153,US
14870,Springfield,AL,94993,US
14871,Laval,QC,B5X 9C4,CA
14872,Laval,QC,B5X 9C4,CA
14873,Laval,QC,B5X 9C4,CA
14874,Franklin,MO,81996,US
14875,Franklin,VT,99076,US
14876,Cincinnati,OH,69125,US
14877,Salem,VT,77756,US
14878,Austin,TX,69007,US
14879,Austin,TX,69007,US
14880,Georgetown,SC,84826,US
14881,Salem,MD,54087,US
14882,Salem,MD,54087,US
14883,Bristol,MO,24044,US
14884,Bristol,MO,24044,US
14885,Fort Collins,CO,18596,US
14886,Madison,ND,19036,US
14887,Madison,ND,19036,US
14888,Georgetown,OR,23799,US
14889,Georgetown,OR,23799,US
14890,Columbus,OH,93887,US
14891,Cincinnati,OH,91709,US
14892,Mesa,AZ,91550,US
14893,Franklin,UT,14966,US
14894,Franklin,UT,14966,US
14895,Chester,NH,29597,US
14896,Chester,NH,29597,US
14897,Bristol,ND,19879,US
14898,Springfield,ND,27928,US
14899,Bristol,ND,19879,US
14900,Franklin,OR,69675,US
14901,Franklin,OR,69675,US
14902,Franklin,YT,T5G 1A0,CA
14903,Franklin,YT,T5G 1A0,CA
14904,Franklin,YT,T5G 1A0,CA
14905,Franklin,WV,73013,US
14906,Franklin,WV,73013,US
14907,Madison,MD,93954,US
14908,Georgetown,MO,35750,US
14909,Clinton,MO,37834,US
14910,Mesa,AZ,13264,US
14911,Mesa,AZ,13264,US
14912,Mesa,AZ,13264,US
14913,Georgetown,NH,75482,US
14914,Clinton,NH,58642,US
14915,Clinton,NH,12332,US
14916,Toledo,OH,10067,US
14917,Sterling Heights,MI,39646,US
14918,Riverside,NU,V4N 4C0,CA
14919,Riverside,NU,V4N 4C0,CA
14920,Madison,LA,67442,US
14921,Madison,LA,67442,US
14922,Chester,NM,46691,US
14923,Georgetown,NM,48052,US
14924,Fairview,WY,37064,US
14925,Bristol,WY,15534,US
14926,Madison,AR,78292,US
14927,Bristol,MT,88955,US
14928,Bristol,MT,88955,US
14929,Spokane,WA,76716,US
14930,Boulder,CO,75591,US
14931,Fairview,NB,V4B 4N1,CA
14932,Chester,NB,C9M 9P4,CA
14933,Chester,AL,46470,US
14934,Riverside,AL,52533,US
14935,Springfield,HI,25150,US
14936,Springfield,HI,25150,US
14937,Springfield,HI,25150,US
14938,Franklin,KS,11368,US
14939,Georgetown,SK,Y3X 5A7,CA
14940,Salem,RI,82460,US
14941,Salem,RI,82460,US
14942,Chester,NT,N2T 8Y1,CA
14943,Fairview,ME,15612,US
14944,Clinton,VA,10208,US
14945,Clinton,VA,10208,US
14946,Clinton,MB,E1H 6L2,CA
14947,Clinton,MB,E1H 6L2,CA
14948,Erie,PA,44309,US
14949,Erie,PA,44309,US
14950,Chester,MD,22702,US
14951,Riverside,MD,97455,US
14952,Springfield,AK,71097,US
14953,Riverside,AK,23762,US
14954,Springfield,AK,71097,US
14955,Los Angeles,CA,53706,US
14956,Los Angeles,CA,53706,US
14957,Springfield,ID,86480,US
14958,Springfield,ID,86480,US
14959,Georgetown,WY,98079,US
14960,Clinton,WY,72639,US
14961,Bristol,NB,S6A 9G9,CA
14962,Bristol,NB,S6A 9G9,CA
14963,Bristol,NB,S6A 9G9,CA
14964,Georgetown,KY,65962,US
14965,Georgetown,KY,65962,US
14966,Franklin,WV,34019,US
14967,Franklin,WV,34019,US
14968,Georgetown,MD,60817,US
14969,Springfield,SC,30081,US
14970,Springfield,SC,30081,US
14971,Franklin,IN,65509,US
14972,Franklin,IN,65509,US
14973,Franklin,IN,65509,US
14974,Reno,NV,18696,US
14975,Springfield,HI,62715,US
14976,Georgetown,MN,49590,US
14977,Tucson,AZ,11989,US
14978,Chester,ME,44014,US
14979,Chester,ME,44014,US
14980,Georgetown,KS,34320,US
14981,Franklin,KS,94948,US
14982,Medicine Hat,AB,S7B 8S0,CA
14983,Salem,VT,26668,US
14984,Salem,VT,26668,US
14985,Franklin,AK,37474,US
14986,Red Deer,AB,X8E 7V6,CA
14987,Edmonton,AB,B3G 5E1,CA
14988,Madison,IA,42114,US
14989,Madison,IA,42114,US
14990,Spokane,WA,13780,US
14991,Springfield,LA,71376,US
14992,Bristol,NM,31989,US
14993,Bristol,NM,31989,US
14994,Fairview,ND,36325,US
14995,Raleigh,NC,78633,US
14996,Chester,NM,97652,US
14997,Buffalo,NY,62733,US
14998,Durham,NC,89617,US
14999,Winston-Salem,NC,17183,US
15000,Joliet,IL,48083,US
15001,Georgetown,MB,G6E 6J7,CA
15002,Clinton,MB,A6P 5X7,CA
15003,Clinton,MB,A6P 5X7,CA
15004,Salem,MB,Y6M 5R0,CA
15005,Riverside,CT,55481,US
15006,Madison,NE,22595,US
15007,Madison,NE,22595,US
15008,Chester,MD,78946,US
15009,Chester,MD,78946,US
15010,Ann Arbor,MI,61217,US
15011,Bristol,VT,11548,US
15012,Bristol,VT,11548,US
15013,Bristol,VT,11548,US
15014,Lowell,MA,19589,US
15015,Cambridge,MA,64466,US
15016,Bristol,DE,91641,US
15017,Bristol,DE,91641,US
15018,Salem,NS,Y4E 6S0,CA
15019,Denver,CO,32944,US
15020,Denver,CO,32944,US
15021,Chester,NH,52926,US
15022,Chester,NH,52926,US
15023,Chester,NH,52926,US
15024,Cleveland,OH,85529,US
15025,Cleveland,OH,59573,US
15026,Macon,GA,12382,US
15027,Chester,MT,66512,US
15028,Chester,MT,66512,US
15029,Las Vegas,NV,44647,US
15030,Las Vegas,NV,44647,US
15031,Bristol,RI,41327,US
15032,Charlotte,NC,78436,US
15033,Colorado Springs,CO,76749,US
15034,Denver,CO,66146,US
15035,Medicine Hat,AB,A6L 7V5,CA
15036,Calgary,AB,V2R 5E7,CA
15037,Franklin,MN,30289,US
15038,Franklin,MN,30289,US
15039,Boston,MA,28543,US
15040,Hamilton,ON,S2X 6G6,CA
15041,Madison,SD,67691,US
15042,Madison,SD,67691,US
15043,Madison,SD,67691,US
15044,Springfield,NE,68928,US
15045,Clinton,IA,29376,US
15046,Springfield,VT,11175,US
15047,Springfield,VT,11175,US
15048,Springfield,MO,93075,US
15049,Salem,NJ,75819,US
15050,Salem,NJ,75819,US
15051,Athens,GA,58780,US
15052,Aurora,IL,61454,US
15053,Aurora,IL,61454,US
15054,Aurora,IL,61454,US
15055,Greensboro,NC,52276,US
15056,Aurora,IL,20589,US
15057,Aurora,IL,61601,US
15058,Reading,PA,48897,US
15059,Jacksonville,FL,54000,US
15060,Tampa,FL,73963,US
15061,Georgetown,OR,41735,US
15062,Seattle,WA,11761,US
15063,Seattle,WA,11761,US
15064,Seattle,WA,11761,US
15065,Franklin,MD,65407,US
15066,Franklin,MD,65407,US
15067,Georgetown,SD,41245,US
15068,Franklin,SD,25692,US
15069,Bristol,OR,15089,US
15070,Chester,OR,83162,US
15071,Georgetown,HI,34497,US
15072,Clinton,NL,H4K 9V4,CA
15073,Madison,ID,75945,US
15074,Madison,AK,37750,US
15075,Bristol,AK,20229,US
15076,Chester,OK,67828,US
15077,Clinton,SD,61814,US
15078,Clinton,SD,61814,US
15079,Clinton,SD,61814,US
15080,Fort Collins,CO,26473,US
15081,Durham,NC,84411,US
15082,Raleigh,NC,76336,US
15083,Fairview,LA,49852,US
15084,Buffalo,NY,60104,US
15085,Fort Collins,CO,52204,US
15086,Chester,RI,15844,US
15087,Erie,PA,54250,US
15088,Springfield,HI,71778,US
15089,Fairview,HI,28253,US
15090,San Diego,CA,67609,US
15091,Riverside,AL,51253,US
15092,Georgetown,NH,45900,US
15093,Franklin,DE,49404,US
15094,Franklin,DE,49404,US
15095,Fort Collins,CO,54162,US
15096,Fort Collins,CO,54162,US
15097,Madison,PE,A9J 1T3,CA
15098,Madison,OR,43407,US
15099,Georgetown,NT,E6E 2E6,CA
15100,Georgetown,NT,E6E 2E6,CA
15101,Lowell,MA,90092,US
15102,Akron,OH,34530,US
15103,Akron,OH,34530,US
15104,Riverside,ID,31267,US
15105,Riverside,ID,31267,US
15106,Riverside,ID,31267,US
15107,Riverside,UT,36704,US
15108,Clinton,UT,77313,US
15109,Madison,AL,40367,US
15110,Madison,AL,40367,US
15111,Madison,AL,40367,US
15112,Chester,ME,58030,US
15113,Albany,NY,58986,US
15114,Riverside,VT,55992,US
15115,Riverside,VT,55992,US
15116,Riverside,NH,64249,US
15117,Riverside,NH,77249,US
15118,Chester,WI,54425,US
15119,Bristol,NJ,38961,US
15120,Bristol,NJ,38961,US
15121,Springfield,NJ,17980,US
15122,Georgetown,MD,32814,US
15123,Georgetown,MD,32814,US
15124,Georgetown,MD,32814,US
15125,Springfield,LA,43585,US
15126,Springfield,LA,43585,US
15127,Springfield,LA,43585,US
15128,Naperville,IL,93639,US
15129,Naperville,IL,93639,US
15130,San Diego,CA,87682,US
15131,Georgetown,UT,78324,US
15132,Georgetown,UT,78324,US
15133,Georgetown,UT,78324,US
15134,Salem,NL,N1M 3Y4,CA
15135,Salem,NL,N1M 3Y4,CA
15136,Riverside,NM,48712,US
15137,Fairview,AK,74154,US
15138,Fairview,AK,74154,US
15139,Springfield,ID,98048,US
15140,Springfield,SC,31322,US
15141,Springfield,SC,31322,US
15142,Clinton,SC,65907,US
15143,Springfield,MA,93870,US
15144,Springfield,MA,93870,US
15145,Springfield,MA,93870,US
15146,Salem,AL,13908,US
15147,Tampa,FL,31978,US
15148,Durham,NC,72859,US
15149,Durham,NC,72859,US
15150,Hamilton,ON,H6P 9C5,CA
15151,Mississauga,ON,E7C 3L3,CA
15152,Toronto,ON,B8A 5G0,CA
15153,Chester,CT,77508,US
15154,Springfield,CT,83421,US
15155,Clinton,NB,X3S 6X8,CA
15156,Franklin,NB,E4S 1T8,CA
15157,Georgetown,ID,71953,US
15158,San Francisco,CA,31267,US
15159,Clinton,AL,75378,US
15160,Clinton,AL,75378,US
15161,Bristol,NM,34324,US
15162,Salem,NM,36987,US
15163,Orlando,FL,87162,US
15164,Orlando,FL,87162,US
15165,Springfield,SD,41880,US
15166,Springfield,SD,41880,US
15167,Akron,OH,72868,US
15168,Georgetown,AR,28448,US
15169,Georgetown,AR,28448,US
15170,Franklin,KY,44315,US
15171,Chester,VT,77143,US
15172,Fairview,TN,59213,US
15173,Madison,HI,49830,US
15174,Madison,HI,49830,US
15175,Sterling Heights,MI,22290,US
15176,Sterling Heights,MI,22290,US
15177,Sterling Heights,MI,22290,US
15178,Salem,OK,96437,US
15179,Georgetown,AR,53975,US
15180,Salem,AR,39325,US
15181,Georgetown,AR,53975,US
15182,Madison,ID,92787,US
15183,Colorado Springs,CO,86637,US
15184,Aurora,CO,12034,US
15185,Georgetown,KS,76037,US
15186,Georgetown,KS,76037,US
15187,Fairview,MD,15490,US
15188,Fairview,MD,15490,US
15189,Fairview,MD,15490,US
15190,Salem,NB,N6T 4M9,CA
15191,Salem,NB,N6T 4M9,CA
15192,Salem,NB,N6T 4M9,CA
15193,Madison,NL,C5C 2A9,CA
15194,Riverside,MS,58817,US
15195,Riverside,MS,58817,US
15196,Cincinnati,OH,40233,US
15197,Cincinnati,OH,40233,US
15198,Cincinnati,OH,40233,US
15199,Vancouver,BC,L1X 2B8,CA
15200,Bristol,MO,60821,US
15201,Riverside,MT,87910,US
15202,Springfield,CT,80482,US
15203,Springfield,CT,80482,US
15204,Fairview,KY,65103,US
15205,Chester,ME,10328,US
15206,Reno,NV,92746,US
15207,Augusta,GA,29908,US
15208,Clinton,NH,63655,US
15209,Clinton,NH,63655,US
15210,Bristol,MD,22649,US
15211,Riverside,SD,73132,US
15212,Salem,SD,72233,US
15213,Riverside,SD,73132,US
15214,Clinton,AR,98476,US
15215,Springfield,AR,70099,US
15216,Georgetown,NL,J2V 1C1,CA
15217,Salem,NL,E8H 9S0,CA
15218,Georgetown,MN,36350,US
15219,Springfield,MN,49972,US
15220,Warren,MI,13057,US
15221,Riverside,NT,M2E 3E1,CA
15222,Salem,NH,35891,US
15223,Salem,NH,35891,US
15224,Fairview,MS,31385,US
15225,Salem,MO,51736,US
15226,Salem,MO,51736,US
15227,Salem,MO,51736,US
15228,Boulder,CO,16099,US
15229,Athens,GA,92785,US
15230,Rockford,IL,81570,US
15231,Rockford,IL,81570,US
15232,Burnaby,BC,R9M 4C2,CA
15233,Burnaby,BC,R9M 4C2,CA
15234,Burnaby,BC,R9M 4C2,CA
15235,Calgary,AB,X9C 9X3,CA
15236,Springfield,MO,63987,US
15237,Edmonton,AB,M7Y 3Y5,CA
15238,Edmonton,AB,G7E 3N6,CA
15239,Edmonton,AB,M7Y 3Y5,CA
15240,Syracuse,NY,13061,US
15241,Toronto,ON,M6S 8K6,CA
15242,London,ON,G8V 5J1,CA
15243,Fairview,SD,73599,US
15244,Fairview,SD,73599,US
15245,Allentown,PA,54359,US
15246,Chester,VT,39063,US
15247,Chester,VT,39063,US
15248,Chester,VT,39063,US
15249,Boulder,CO,39168,US
15250,Boulder,CO,39168,US
15251,Madison,SD,41573,US
15252,Madison,SD,41573,US
15253,Madison,SD,41573,US
15254,Sterling Heights,MI,42267,US
15255,Sterling Heights,MI,42267,US
15256,Sterling Heights,MI,35929,US
15257,Erie,PA,53928,US
15258,Erie,PA,53928,US
15259,Atlanta,GA,76622,US
15260,Athens,GA,83851,US
15261,Fairview,AK,16854,US
15262,Springfield,SC,89614,US
15263,Bristol,TN,55638,US
15264,Madison,TN,96611,US
15265,Riverside,AR,88029,US
15266,Riverside,AR,79061,US
15267,Clinton,ID,79117,US
15268,Chester,OR,55772,US
15269,Chester,OR,55772,US
15270,San Diego,CA,56401,US
15271,San Diego,CA,56401,US
15272,Riverside,CT,83966,US
15273,Riverside,HI,60347,US
15274,Chester,HI,23725,US
15275,Fairview,NT,V4C 2T2,CA
15276,Fairview,NT,V4C 2T2,CA
15277,Durham,NC,53175,US
15278,Raleigh,NC,43938,US
15279,Tucson,AZ,48867,US
15280,Salem,NJ,19561,US
15281,Georgetown,NJ,48166,US
15282,Cincinnati,OH,94345,US
15283,Chester,TN,41566,US
15284,Chester,TN,41566,US
15285,Chester,TN,41566,US
15286,Bristol,SK,R9R 3G3,CA
15287,Bristol,SK,R9R 3G3,CA
15288,Georgetown,UT,57160,US
15289,Warren,MI,59699,US
15290,Spokane,WA,34820,US
15291,Jacksonville,FL,37676,US
15292,Jacksonville,FL,37676,US
15293,Riverside,LA,87648,US
15294,Riverside,LA,87648,US
15295,Bristol,NB,C2Y 6P0,CA
15296,Madison,SD,79076,US
15297,Madison,SD,79076,US
15298,Georgetown,LA,41464,US
15299,Georgetown,LA,41464,US
15300,Georgetown,LA,41464,US
15301,Erie,PA,63049,US
15302,Fairview,ME,99140,US
15303,Burnaby,BC,K3B 1T9,CA
15304,Salem,RI,11102,US
15305,Spokane,WA,61769,US
15306,Tacoma,WA,60649,US
15307,Tacoma,WA,36983,US
15308,Springfield,AR,24668,US
15309,Bristol,NB,L6L 1L4,CA
15310,Riverside,MO,81560,US
15311,Springfield,LA,14703,US
15312,Springfield,LA,14703,US
15313,Salem,MO,56740,US
15314,Salem,MO,56740,US
15315,Salem,MO,56740,US
15316,Salem,MN,47438,US
15317,Riverside,MN,65516,US
15318,Franklin,VT,45000,US
15319,Franklin,VT,45000,US
15320,Franklin,MO,68249,US
15321,Georgetown,WY,82314,US
15322,Aurora,IL,54155,US
15323,Bristol,NH,57110,US
15324,Bristol,NH,57110,US
15325,Albany,NY,80248,US
15326,Clinton,NJ,39564,US
15327,Springfield,NJ,79980,US
15328,Clinton,NJ,39564,US
15329,Chester,ID,75827,US
15330,Clinton,ID,82239,US
15331,Springfield,ID,10150,US
15332,Madison,MB,J6S 1X1,CA
15333,Chester,AR,36834,US
15334,Madison,AR,96315,US
15335,Chester,AR,36834,US
15336,Rochester,NY,80212,US
15337,Riverside,SK,J1J 2B9,CA
15338,Clinton,SK,K2K 2P6,CA
15339,Georgetown,SK,N6S 3Y9,CA
15340,Georgetown,MS,63363,US
15341,Chester,ND,14599,US
15342,Franklin,TN,28791,US
15343,Madison,TN,60306,US
15344,Vancouver,BC,C1Y 8A7,CA
15345,Madison,NH,70798,US
15346,Chester,SC,83963,US
15347,Chester,SC,83963,US
15348,Salem,UT,63106,US
15349,Salem,UT,63106,US
15350,Riverside,NH,71524,US
15351,Clinton,NH,10995,US
15352,Riverside,IA,25111,US
15353,Riverside,IA,25111,US
15354,Georgetown,MD,83870,US
15355,Springfield,MD,60193,US
15356,Springfield,TN,38847,US
15357,Salem,TN,47269,US
15358,Salem,WY,93189,US
15359,Akron,OH,61492,US
15360,Bristol,NE,28761,US
15361,Bristol,NE,41147,US
15362,Riverside,AK,70333,US
15363,Vancouver,WA,20690,US
15364,Vancouver,WA,20690,US
15365,Franklin,NT,N5V 2G4,CA
15366,Reading,PA,21157,US
15367,Reading,PA,21157,US
15368,Franklin,WY,70359,US
15369,Chester,MT,30622,US
15370,Chester,MT,30622,US
15371,Columbus,OH,99390,US
15372,Columbus,OH,99390,US
15373,Fairview,VA,63361,US
15374,Fairview,VA,63361,US
15375,Bristol,SC,66275,US
15376,Bristol,SC,66275,US
15377,Georgetown,SD,28428,US
15378,Franklin,WY,47294,US
15379,Longueuil,QC,H7J 7A1,CA
15380,Syracuse,NY,16906,US
15381,Syracuse,NY,16906,US
15382,Franklin,KY,34859,US
15383,Franklin,KY,34859,US
15384,Allentown,PA,52280,US
15385,Pittsburgh,PA,30878,US
15386,Allentown,PA,52280,US
15387,Madison,ND,14359,US
15388,Fairview,ND,50749,US
15389,Madison,ND,14359,US
15390,Quebec City,QC,J7X 6X1,CA
15391,Salem,SC,20800,US
15392,Franklin,MD,71143,US
15393,Fairview,IA,80043,US
15394,Springfield,MO,30695,US
15395,Bristol,VT,83756,US
15396,Springfield,NU,J5X 5C1,CA
15397,Clinton,NU,J9Y 5E6,CA
15398,Boston,MA,30260,US
15399,Boston,MA,30260,US
15400,Boston,MA,30260,US
15401,Reno,NV,38580,US
15402,Reno,NV,38580,US
15403,Riverside,MT,66595,US
15404,Georgetown,MT,31256,US
15405,Clinton,MN,50313,US
15406,Bristol,WY,36203,US
15407,Riverside,AR,62772,US
15408,Clinton,NL,B9V 7B6,CA
15409,Salem,CT,69759,US
15410,Salem,CT,69759,US
15411,Salem,CT,69759,US
15412,Madison,AK,86283,US
15413,Madison,NJ,88983,US
15414,Madison,NJ,88983,US
15415,Fairview,CT,59623,US
15416,Georgetown,NL,V3G 6G8,CA
15417,Salem,IN,63228,US
15418,Fairview,MS,59059,US
15419,Franklin,ND,68259,US
15420,Springfield,WV,48908,US
15421,Springfield,WV,48908,US
15422,Clinton,WV,11451,US
15423,Franklin,RI,49775,US
15424,Franklin,RI,49775,US
15425,Springfield,RI,26432,US
15426,Fairview,NT,N9C 5N2,CA
15427,Clinton,NJ,29099,US
15428,Riverside,NE,92052,US
15429,Riverside,NE,92052,US
15430,Durham,NC,89675,US
15431,Clinton,YT,K3M 5K1,CA
15432,Clinton,YT,K3M 5K1,CA
15433,Springfield,MA,73717,US
15434,Springfield,MA,73717,US
15435,Chester,WI,53696,US
15436,Salem,MO,89876,US
15437,Salem,MO,89876,US
15438,Bristol,KS,24442,US
15439,Bristol,KS,24442,US
15440,Bristol,KS,24442,US
15441,Chester,VA,67618,US
15442,Franklin,SC,54376,US
15443,Franklin,SC,54376,US
15444,Fairview,SD,79768,US
15445,Madison,OR,11696,US
15446,Fairview,NT,M8L 4H8,CA
15447,Riverside,UT,58970,US
15448,Riverside,UT,58970,US
15449,Springfield,IA,49151,US
15450,Calgary,AB,G7A 7S1,CA
15451,Calgary,AB,G7A 7S1,CA
15452,Springfield,IA,17852,US
15453,Springfield,IA,17852,US
15454,Chester,NM,34455,US
15455,Bristol,WY,55230,US
15456,Bristol,WY,55230,US
15457,Bristol,WY,55230,US
15458,Chester,MT,87982,US
15459,Austin,TX,81166,US
15460,Columbus,OH,78161,US
15461,Franklin,NJ,71356,US
15462,Dallas,TX,57348,US
15463,Fairview,VT,21100,US
15464,Mesa,AZ,25882,US
15465,Phoenix,AZ,62711,US
15466,Riverside,SD,33284,US
15467,Springfield,SD,55351,US
15468,Georgetown,ID,42283,US
15469,Franklin,ND,99695,US
15470,Riverside,NM,56914,US
15471,Georgetown,SC,38914,US
15472,Georgetown,SC,38914,US
15473,Franklin,NJ,75786,US
15474,Franklin,NJ,75786,US
15475,Rockford,IL,54847,US
15476,Madison,IA,50594,US
15477,Madison,IA,50594,US
15478,Madison,IA,50594,US
15479,Clinton,MS,56153,US
15480,Clinton,MS,56153,US
15481,Springfield,SD,76283,US
15482,Chester,NE,47703,US
15483,Clinton,NE,43919,US
15484,Franklin,KY,84030,US
15485,Franklin,KY,84030,US
15486,San Jose,CA,83321,US
15487,Madison,OR,16468,US
15488,Madison,OR,16468,US
15489,Georgetown,OK,66511,US
15490,Clinton,OK,96970,US
15491,Georgetown,OK,66511,US
15492,Tucson,AZ,88685,US
15493,Clinton,LA,30881,US
15494,Clinton,LA,30881,US
15495,Richmond,BC,C1P 8V7,CA
15496,Cambridge,MA,14203,US
15497,Cleveland,OH,66732,US
15498,Salem,MT,68365,US
15499,Clinton,MT,86660,US
15500,Clinton,WV,29310,US
15501,Fairview,MT,87625,US
15502,Fairview,MT,87625,US
15503,Springfield,MO,83511,US
15504,Springfield,MO,35237,US
15505,Springfield,MO,83511,US
15506,Springfield,WI,91248,US
15507,Springfield,WI,91248,US
15508,Fairview,IA,68532,US
15509,Fairview,IA,68532,US
15510,Aurora,CO,32949,US
15511,Colorado Springs,CO,98897,US
15512,Riverside,MN,92115,US
15513,Riverside,MN,92115,US
15514,Springfield,MT,72847,US
15515,Clinton,MT,95304,US
15516,Rochester,NY,33145,US
15517,Rochester,NY,33145,US
15518,Clinton,NB,C4C 1J7,CA
15519,Madison,HI,57393,US
15520,Madison,HI,57393,US
15521,Springfield,NE,77647,US
15522,Springfield,NE,77647,US
15523,Bristol,KY,75415,US
15524,Madison,KY,49161,US
15525,Georgetown,SK,E4L 5H1,CA
15526,Madison,SK,T4K 8R8,CA
15527,Salem,SK,B3K 8R2,CA
15528,Georgetown,IN,44323,US
15529,Springfield,WV,55982,US
15530,Springfield,WV,55982,US
15531,Allentown,PA,99454,US
15532,Miami,FL,14280,US
15533,Pittsburgh,PA,62964,US
15534,Savannah,GA,53503,US
15535,Raleigh,NC,68948,US
15536,Fairview,OR,40699,US
15537,Fairview,DE,30588,US
15538,Franklin,VA,49885,US
15539,Clinton,VA,54549,US
15540,Franklin,VA,49885,US
15541,Victoria,BC,B6R 5H8,CA
15542,Victoria,BC,B6R 5H8,CA
15543,Georgetown,UT,61876,US
15544,Madison,PE,L2K 4K2,CA
15545,Salem,PE,A7K 2B4,CA
15546,Colorado Springs,CO,88005,US
15547,Chester,MT,68209,US
15548,New York,NY,81782,US
15549,New York,NY,81782,US
15550,Albany,NY,93328,US
15551,Franklin,MN,24379,US
15552,Clinton,RI,49902,US
15553,Georgetown,ID,72069,US
15554,Springfield,KS,31184,US
15555,Toronto,ON,V5H 6J9,CA
15556,Fairview,SK,A3H 2X9,CA
15557,Columbus,OH,48837,US
15558,Columbus,OH,48837,US
15559,Madison,MN,11053,US
15560,Madison,MS,44288,US
15561,San Antonio,TX,47985,US
15562,Salem,IN,97620,US
15563,Madison,VA,47223,US
15564,Madison,VA,47223,US
15565,Riverside,ME,94381,US
15566,Riverside,ME,94381,US
15567,Riverside,ME,94381,US
15568,Georgetown,MO,32930,US
15569,Riverside,LA,35150,US
15570,Riverside,LA,35150,US
15571,Scottsdale,AZ,62291,US
15572,Savannah,GA,55384,US
15573,Savannah,GA,55384,US
15574,Savannah,GA,55384,US
15575,Fairview,RI,39004,US
15576,Fairview,RI,39004,US
15577,Fairview,RI,39004,US
15578,Georgetown,PE,X6V 1C7,CA
15579,Georgetown,PE,X6V 1C7,CA
15580,Springfield,NM,18168,US
15581,Erie,PA,26207,US
15582,Chester,TN,79747,US
15583,Salem,TN,91974,US
15584,Fairview,AK,24116,US
15585,Fairview,AK,24116,US
15586,Fairview,AK,24116,US
15587,Clinton,IN,39715,US
15588,Clinton,IN,39715,US
15589,Clinton,IN,39715,US
15590,Seattle,WA,82749,US
15591,Springfield,SK,C8G 5P0,CA
15592,Springfield,SK,C8G 5P0,CA
15593,Springfield,SK,C8G 5P0,CA
15594,Buffalo,NY,47642,US
15595,Buffalo,NY,47642,US
15596,Springfield,ME,11437,US
15597,Fairview,ME,27054,US
15598,Fairview,HI,47376,US
15599,Fairview,HI,47376,US
15600,Vancouver,WA,69863,US
15601,Vancouver,WA,69863,US
15602,Vancouver,WA,69863,US
15603,Edmonton,AB,N2T 5K9,CA
15604,Edmonton,AB,N2T 5K9,CA
15605,Bristol,AK,99610,US
15606,Franklin,AK,92769,US
15607,Springfield,VT,37953,US
15608,Franklin,VT,62350,US
15609,Springfield,MN,70628,US
15610,Madison,NM,44443,US
15611,Springfield,NS,X3J 4M9,CA
15612,Springfield,NS,X3J 4M9,CA
15613,Augusta,GA,94064,US
15614,Atlanta,GA,89444,US
15615,Franklin,OR,51417,US
15616,Clinton,TN,69669,US
15617,Clinton,TN,69669,US
15618,Rochester,NY,71873,US
15619,Salem,NB,G2Y 9G4,CA
15620,Bristol,IA,36807,US
15621,Bristol,IA,36807,US
15622,Springfield,NM,32282,US
15623,Springfield,NM,32282,US
15624,Springfield,NM,32282,US
15625,Durham,NC,81899,US
15626,Durham,NC,78625,US
15627,Madison,NM,47151,US
15628,Madison,MS,19212,US
15629,Riverside,NS,L7S 2H8,CA
15630,Georgetown,WV,75098,US
15631,Georgetown,WV,75098,US
15632,Fairview,NH,41619,US
15633,Fairview,ME,66069,US
15634,Georgetown,TN,75624,US
15635,Georgetown,NH,84389,US
15636,Bristol,MT,57993,US
15637,Bristol,LA,45995,US
15638,Bristol,LA,45995,US
15639,Bristol,LA,45995,US
15640,Clinton,MB,Y9P 1V9,CA
15641,Clinton,MB,Y9P 1V9,CA
15642,Fairview,MB,Y4H 1X7,CA
15643,Chester,NU,K6A 1H0,CA
15644,Franklin,SK,J9M 8R2,CA
15645,Clinton,NH,99887,US
15646,Clinton,NH,99887,US
15647,Fairview,MS,71609,US
15648,Franklin,MS,67721,US
15649,Austin,TX,73845,US
15650,Austin,TX,73845,US
15651,Clinton,NT,B9P 4C8,CA
15652,Clinton,NT,B9P 4C8,CA
15653,Riverside,SC,51466,US
15654,Riverside,SC,51466,US
15655,Springfield,NS,X2V 1X8,CA
15656,Vancouver,WA,54584,US
15657,Clinton,MS,93693,US
15658,Clinton,MS,93693,US
15659,Clinton,MS,93693,US
15660,Madison,WV,87667,US
15661,Madison,WV,87667,US
15662,Madison,WV,87667,US
15663,Bellevue,WA,92537,US
15664,Bellevue,WA,92537,US
15665,Bristol,ND,42788,US
15666,Bristol,ND,42788,US
15667,Bristol,ND,42788,US
15668,Vancouver,WA,63130,US
15669,Springfield,DE,23322,US
15670,Springfield,DE,23322,US
15671,Salem,NL,B2M 1L5,CA
15672,Springfield,NL,G8C 3K9,CA
15673,Chester,NM,56089,US
15674,Fairview,NM,17602,US
15675,Riverside,MO,76820,US
15676,Springfield,MO,30955,US
15677,Fairview,OK,54548,US
15678,Burnaby,BC,L6R 1M5,CA
15679,Bristol,NH,13235,US
15680,San Jose,CA,52385,US
15681,Vancouver,WA,67697,US
15682,Sterling Heights,MI,71711,US
15683,Franklin,RI,73029,US
15684,Chicago,IL,64068,US
15685,Chicago,IL,64068,US
15686,Bristol,MS,35207,US
15687,Bristol,MS,35207,US
15688,Athens,GA,20826,US
15689,Salem,HI,15428,US
15690,Georgetown,NJ,20047,US
15691,Madison,MO,60791,US
15692,Richmond,BC,L8N 1P5,CA
15693,Richmond,BC,L8N 1P5,CA
15694,Richmond,BC,L8N 1P5,CA
15695,Austin,TX,94911,US
15696,Clinton,NU,S4G 9L5,CA
15697,Chester,ME,37612,US
15698,Madison,DE,57682,US
15699,Madison,DE,57682,US
15700,Bristol,WY,57572,US
15701,Reno,NV,28692,US
15702,North Las Vegas,NV,28917,US
15703,Riverside,TN,73133,US
15704,Riverside,TN,73133,US
15705,Chester,TN,61835,US
15706,Salem,WI,37639,US
15707,Salem,WI,76298,US
15708,Salem,WI,37639,US
15709,Madison,NM,64843,US
15710,Salem,NM,84830,US
15711,Tucson,AZ,82916,US
15712,Chandler,AZ,13775,US
15713,Riverside,MD,10716,US
15714,Riverside,OK,83134,US
15715,Fairview,LA,90619,US
15716,Fairview,LA,90619,US
15717,Fairview,LA,90619,US
15718,Springfield,ME,61019,US
15719,Chester,ME,75231,US
15720,Madison,HI,30157,US
15721,Madison,HI,30157,US
15722,Madison,HI,30157,US
15723,Fairview,WY,78587,US
15724,Fairview,WY,78587,US
15725,Fairview,WY,78587,US
15726,Columbus,OH,96539,US
15727,Akron,OH,95248,US
15728,Riverside,IN,94598,US
15729,Riverside,TN,84433,US
15730,Riverside,TN,84433,US
15731,Scottsdale,AZ,89984,US
15732,Scottsdale,AZ,89984,US
15733,Scottsdale,AZ,89984,US
15734,Bristol,SC,70535,US
15735,Bristol,SC,70535,US
15736,Durham,NC,96581,US
15737,Riverside,MS,13328,US
15738,Riverside,SD,58671,US
15739,Lowell,MA,55926,US
15740,Lowell,MA,55926,US
15741,Cambridge,MA,86247,US
15742,Bristol,NJ,48909,US
15743,Clinton,MO,84517,US
15744,Clinton,MO,84517,US
15745,Riverside,VA,86987,US
15746,Clinton,MS,65783,US
15747,Clinton,MS,65783,US
15748,Chester,ME,18492,US
15749,Fairview,UT,77355,US
15750,Fairview,UT,77355,US
15751,Aurora,CO,24897,US
15752,Georgetown,NH,26182,US
15753,Georgetown,NH,26182,US
15754,Fairview,TN,13989,US
15755,Las Vegas,NV,52458,US
15756,Reading,PA,13558,US
15757,Winston-Salem,NC,17610,US
15758,Riverside,KY,45252,US
15759,Salem,KS,49641,US
15760,Georgetown,KS,24509,US
15761,Fairview,SC,96172,US
15762,Fairview,SC,96172,US
15763,Madison,AK,69771,US
15764,Salem,NJ,17892,US
15765,Clinton,NU,R5J 5G9,CA
15766,Clinton,NU,K4P 8A3,CA
15767,Riverside,ND,29358,US
15768,Springfield,NH,57260,US
15769,Springfield,NH,57260,US
15770,Springfield,NH,57260,US
15771,Bristol,CT,96759,US
15772,Seattle,WA,36290,US
15773,Seattle,WA,36290,US
15774,Georgetown,NE,26847,US
15775,Georgetown,NE,26847,US
15776,Georgetown,NE,26847,US
15777,San Jose,CA,97668,US
15778,Columbus,OH,40767,US
15779,Columbus,OH,40767,US
15780,Vancouver,WA,41065,US
15781,Vancouver,WA,85133,US
15782,Vancouver,WA,85133,US
15783,Vancouver,WA,85133,US
15784,Los Angeles,CA,18547,US
15785,Savannah,GA,88125,US
15786,Springfield,DE,80110,US
15787,Greensboro,NC,73702,US
15788,Greensboro,NC,73702,US
15789,Bristol,VA,46039,US
15790,Springfield,IN,84554,US
15791,Bristol,TN,44261,US
15792,Bristol,TN,44261,US
15793,Bristol,TN,44261,US
15794,Chester,OK,33826,US
15795,Fairview,OK,45726,US
15796,Salem,OK,67753,US
15797,Clinton,MN,25497,US
15798,Jacksonville,FL,70501,US
15799,Bristol,DE,51767,US
15800,Clinton,AL,99796,US
15801,Clinton,AL,99796,US
15802,Franklin,AL,54664,US
15803,Joliet,IL,99765,US
15804,Ann Arbor,MI,42485,US
15805,Grand Rapids,MI,96325,US
15806,Victoria,BC,S6J 5P3,CA
15807,Fairview,NU,R9A 6E0,CA
15808,Durham,NC,15794,US
15809,Durham,NC,15794,US
15810,Salem,WV,48408,US
15811,Clinton,WV,48371,US
15812,Clinton,NJ,55158,US
15813,Clinton,NJ,55158,US
15814,Franklin,OR,93396,US
15815,Franklin,OR,93396,US
15816,Chester,NH,49284,US
15817,Scottsdale,AZ,34909,US
15818,Chandler,AZ,52471,US
15819,Detroit,MI,80548,US
15820,Springfield,AR,17315,US
15821,Fairview,RI,75427,US
15822,Fairview,RI,75427,US
15823,Fairview,RI,61397,US
15824,Tampa,FL,21908,US
15825,Tampa,FL,21908,US
15826,Riverside,RI,99633,US
15827,Franklin,HI,13050,US
15828,Ottawa,ON,H7C 6C3,CA
15829,Ottawa,ON,H7C 6C3,CA
15830,Ottawa,ON,H7C 6C3,CA
15831,Chester,IN,84584,US
15832,Georgetown,AK,41744,US
15833,Bristol,MO,98504,US
15834,Bristol,MO,98504,US
15835,Bristol,MO,98504,US
15836,Bristol,SC,35331,US
15837,Clinton,NS,H2X 3H8,CA
15838,Gatineau,QC,P4R 1G0,CA
15839,Springfield,KY,79824,US
15840,Bristol,MO,32597,US
15841,Bristol,MO,32597,US
15842,Bristol,MO,32597,US
15843,Bristol,WV,75259,US
15844,Franklin,HI,17291,US
15845,Franklin,HI,17291,US
15846,Franklin,HI,17291,US
15847,Hamilton,ON,G8S 4P6,CA
15848,Madison,LA,68273,US
15849,Madison,LA,68273,US
15850,Georgetown,NU,J3T 4V7,CA
15851,Georgetown,NU,J3T 4V7,CA
15852,Calgary,AB,E1J 4Y5,CA
15853,Calgary,AB,E1J 4Y5,CA
15854,Bristol,MT,24330,US
15855,Springfield,IN,75331,US
15856,Springfield,IN,75331,US
15857,Akron,OH,99415,US
15858,Clinton,MT,22927,US
15859,Philadelphia,PA,19951,US
15860,Philadelphia,PA,19951,US
15861,Philadelphia,PA,19951,US
15862,Springfield,SC,27873,US
15863,Detroit,MI,16736,US
15864,Tucson,AZ,11892,US
15865,Chandler,AZ,89335,US
15866,Worcester,MA,88745,US
15867,Worcester,MA,88745,US
15868,Worcester,MA,88745,US
15869,Vancouver,BC,Y7P 7P9,CA
15870,Franklin,NT,V5X 5C6,CA
15871,Springfield,AR,69750,US
15872,Boston,MA,72429,US
15873,Los Angeles,CA,59288,US
15874,Clinton,CT,82788,US
15875,Clinton,CT,16193,US
15876,Sparks,NV,73827,US
15877,Sparks,NV,73827,US
15878,Hamilton,ON,Y1T 1N0,CA
15879,Georgetown,WI,18400,US
15880,Georgetown,WI,18400,US
15881,Clinton,UT,21802,US
15882,Clinton,UT,99286,US
15883,Clinton,UT,21802,US
15884,Clinton,NU,S1Y 7S5,CA
15885,Franklin,SC,77918,US
15886,Fairview,NE,74757,US
15887,Salem,NE,10687,US
15888,Spokane,WA,94031,US
15889,Seattle,WA,60614,US
15890,Madison,AR,72047,US
15891,Madison,AR,72047,US
15892,Riverside,AL,92980,US
15893,Georgetown,MN,21280,US
15894,Georgetown,MN,21280,US
15895,North Las Vegas,NV,54021,US
15896,Springfield,SK,B7S 7K3,CA
15897,Bristol,SK,G8E 5A6,CA
15898,Houston,TX,63727,US
15899,Clinton,AK,64175,US
15900,Clinton,AK,64175,US
15901,Chicago,IL,78695,US
15902,Joliet,IL,15393,US
15903,Chicago,IL,78695,US
15904,Clinton,MT,47716,US
15905,Bristol,MT,86832,US
15906,Clinton,MT,47716,US
15907,Chester,NM,82200,US
15908,Chester,NM,82200,US
15909,Chester,NM,82200,US
15910,Clinton,SD,99551,US
15911,Bristol,NL,P9J 2C2,CA
15912,Las Vegas,NV,27319,US
15913,Las Vegas,NV,27319,US
15914,Las Vegas,NV,27319,US
15915,Tampa,FL,40460,US
15916,Tampa,FL,40460,US
15917,Bristol,AL,22870,US
15918,Franklin,ID,45285,US
15919,Franklin,ID,45285,US
15920,Riverside,HI,22576,US
15921,Clinton,MT,34328,US
15922,Salem,MT,21813,US
15923,Salem,VA,73391,US
15924,Salem,VA,73391,US
15925,Bristol,IN,93248,US
15926,Bristol,IN,93248,US
15927,Columbus,OH,26540,US
15928,Clinton,SD,24820,US
15929,Clinton,MN,85323,US
15930,Clinton,MN,85323,US
15931,Fairview,MN,18774,US
15932,Clinton,NJ,75053,US
15933,Clinton,NJ,75053,US
15934,Clinton,NJ,75053,US
15935,Cambridge,MA,48382,US
15936,Cambridge,MA,75623,US
15937,Lethbridge,AB,G9R 7V7,CA
15938,Lethbridge,AB,G9R 7V7,CA
15939,Toronto,ON,S8M 5R6,CA
15940,Toronto,ON,S8M 5R6,CA
15941,Hamilton,ON,Y6H 3T3,CA
15942,Springfield,MO,54898,US
15943,San Antonio,TX,44997,US
15944,Riverside,AL,58355,US
15945,Red Deer,AB,L7B 8J3,CA
15946,Edmonton,AB,S7G 9J8,CA
15947,Madison,KY,81795,US
15948,Madison,CT,43731,US
15949,Madison,CT,43731,US
15950,Clinton,SC,44028,US
15951,Georgetown,SC,84401,US
15952,Clinton,SC,44028,US
15953,Aurora,IL,26738,US
15954,Aurora,IL,26738,US
15955,Franklin,TN,39794,US
15956,Clinton,MS,92712,US
15957,Springfield,AR,13982,US
15958,Clinton,NT,G4K 1S0,CA
15959,Bristol,WY,68138,US
15960,Calgary,AB,X6H 5C4,CA
15961,Madison,MT,51502,US
15962,Fairview,IA,46352,US
15963,Fairview,IA,46352,US
15964,Georgetown,AK,22607,US
15965,Springfield,MT,43821,US
15966,Bristol,AL,86473,US
15967,Madison,NE,27883,US
15968,Riverside,NE,51506,US
15969,Lowell,MA,77393,US
15970,San Diego,CA,38986,US
15971,San Diego,CA,38986,US
15972,Fairview,CT,13265,US
15973,Philadelphia,PA,98873,US
15974,Philadelphia,PA,98873,US
15975,Bristol,NS,L5T 5H9,CA
15976,Bristol,NS,L5T 5H9,CA
15977,San Antonio,TX,49100,US
15978,San Antonio,TX,49100,US
15979,Salem,NE,75124,US
15980,Chester,IN,63938,US
15981,Salem,IN,59255,US
15982,Bristol,DE,59313,US
15983,Fairview,DE,74823,US
15984,Franklin,NU,H5X 6K1,CA
15985,Chester,NU,L5G 6C3,CA
15986,Franklin,WI,72322,US
15987,Philadelphia,PA,81116,US
15988,Riverside,ID,70903,US
15989,Franklin,AK,82449,US
15990,Fairview,ID,40653,US
15991,Fairview,ID,69090,US
15992,Fairview,PE,H6T 2A3,CA
15993,Miami,FL,96385,US
15994,Jacksonville,FL,23196,US
15995,Tampa,FL,50086,US
15996,Madison,TN,23633,US
15997,Madison,TN,23633,US
15998,Georgetown,TN,79006,US
15999,Salem,AR,86079,US
16000,Georgetown,AR,65536,US
16001,Aurora,CO,54284,US
16002,Fort Collins,CO,98338,US
16003,Aurora,CO,54284,US
16004,Bristol,ID,32714,US
16005,Bristol,ID,32714,US
16006,Riverside,IA,60263,US
16007,Georgetown,NJ,69921,US
16008,Riverside,MT,79268,US
16009,Riverside,MT,79268,US
16010,Madison,LA,16190,US
16011,Clinton,LA,27473,US
16012,Springfield,SK,N1L 3N0,CA
16013,Salem,MS,95993,US
16014,Madison,YT,L2K 5V4,CA
16015,Clinton,YT,R1H 2R5,CA
16016,Riverside,NB,V9K 4R2,CA
16017,Madison,SC,97003,US
16018,Chester,VA,41342,US
16019,Riverside,AK,29735,US
16020,Riverside,AK,29735,US
16021,Riverside,NU,L2N 7C6,CA
16022,Riverside,NU,L2N 7C6,CA
16023,Franklin,LA,23336,US
16024,Franklin,LA,23336,US
16025,Franklin,IA,66320,US
16026,Salem,SK,C1H 1B2,CA
16027,Houston,TX,13085,US
16028,Houston,TX,13085,US
16029,Tacoma,WA,12317,US
16030,Tacoma,WA,12317,US
16031,Georgetown,WI,53465,US
16032,Georgetown,WI,53465,US
16033,Ann Arbor,MI,30885,US
16034,Riverside,OK,69479,US
16035,Riverside,OK,69479,US
16036,Spokane,WA,19644,US
16037,Spokane,WA,19644,US
16038,Ann Arbor,MI,86994,US
16039,Sterling Heights,MI,71358,US
16040,Orlando,FL,72914,US
16041,Greensboro,NC,34747,US
16042,Greensboro,NC,34747,US
16043,Georgetown,NJ,26939,US
16044,Salem,ID,39674,US
16045,Riverside,RI,63689,US
16046,Riverside,RI,63689,US
16047,Clinton,RI,27595,US
16048,Sterling Heights,MI,33391,US
16049,Sterling Heights,MI,33391,US
16050,Chester,IN,21180,US
16051,Franklin,SK,R6Y 5B2,CA
16052,Springfield,NE,14081,US
16053,Franklin,NE,23795,US
16054,Springfield,AK,48230,US
16055,Salem,NU,N3T 3R9,CA
16056,Salem,NE,38230,US
16057,Salem,NE,38230,US
16058,Salem,NE,38230,US
16059,Longueuil,QC,C3P 9B0,CA
16060,Chester,MT,58104,US
16061,Fairview,MT,59610,US
16062,Franklin,NE,73875,US
16063,Franklin,NE,73875,US
16064,Bristol,WY,10994,US
16065,Springfield,WY,27905,US
16066,Calgary,AB,C6K 7P2,CA
16067,Vancouver,WA,15090,US
16068,Vancouver,WA,15090,US
16069,Spokane,WA,99100,US
16070,Riverside,VA,17167,US
16071,Springfield,MT,24920,US
16072,Fort Worth,TX,63439,US
16073,Fort Worth,TX,63439,US
16074,Franklin,SK,N4C 1J5,CA
16075,Salem,ND,82771,US
16076,Riverside,IN,48944,US
16077,Fairview,IN,77859,US
16078,Springfield,IN,19232,US
16079,Gatineau,QC,T2J 5S8,CA
16080,Gatineau,QC,T2J 5S8,CA
16081,Cleveland,OH,64152,US
16082,Akron,OH,33713,US
16083,Cleveland,OH,64152,US
16084,Sacramento,CA,44111,US
16085,San Jose,CA,87731,US
16086,Fairview,MT,98009,US
16087,Fairview,MT,98009,US
16088,Georgetown,MO,92510,US
16089,Salem,MO,72514,US
16090,Georgetown,MO,26398,US
16091,Madison,MO,79440,US
16092,Riverside,MO,17121,US
16093,Houston,TX,64548,US
16094,Georgetown,MN,16536,US
16095,San Antonio,TX,36043,US
16096,Joliet,IL,81632,US
16097,Joliet,IL,81632,US
16098,Fairview,NU,L2V 1C5,CA
16099,Lowell,MA,94490,US
16100,Lowell,MA,94490,US
16101,Albany,NY,58084,US
16102,Albany,NY,58084,US
16103,San Jose,CA,71668,US
16104,Springfield,NB,E6E 2X0,CA
16105,Austin,TX,31142,US
16106,Austin,TX,31142,US
16107,Reno,NV,83210,US
16108,Springfield,SD,81355,US
16109,Reno,NV,56978,US
16110,Reno,NV,56978,US
16111,Springfield,RI,15724,US
16112,Springfield,RI,15724,US
16113,Franklin,SC,88483,US
16114,Bristol,NL,N3B 5S3,CA
16115,Bristol,NL,N3B 5S3,CA
16116,Cincinnati,OH,95558,US
16117,Cincinnati,OH,95558,US
16118,Vancouver,BC,N8L 8E9,CA
16119,Burnaby,BC,K9L 3A0,CA
16120,Franklin,SK,L1R 2E8,CA
16121,Mississauga,ON,K5E 1T4,CA
16122,Boulder,CO,94073,US
16123,Denver,CO,43354,US
16124,Rochester,NY,71353,US
16125,Bristol,KS,72544,US
16126,Bristol,KS,72544,US
