campaign_id,campaign_name,start_date,budget,spent_amount,impressions,clicks,conversions,campaign_status,campaign_type,end_date,target_audience
1,Competitor Conquest 2024,2025-10-27,22145.91,12490.74,1083833.0,90760.0,6646.0,Active,Nicole Taylor,,
2,Q3 Catalog Mailing 2023,2025-12-06,36667.24,6726.87,NaN,NaN,NaN,Paused,Nicole Taylor,,
3,Flash Sale Alert 2023,2025-09-06,8960.8,8484.94,754601.0,8918.0,289.0,Completed,Laura Garcia,,
4,High Intent Keywords 2023,2025-03-06,75255.54,60583.11,8026033.0,746297.0,36505.0,Completed,Stephanie Davis,,
5,Community Engagement 2024,2025-01-09,46217.71,6616.01,524366.0,15350.0,276.0,Cancelled,Andrew Thompson,,
6,Shopping Ads Campaign 2024,2025-10-16,42905.51,38585.91,1944970.0,143524.0,12439.0,Completed,David Kim,,
7,Local Search Campaign 2025,2025-12-02,55052.53,15568.85,1318391.0,77063.0,5200.0,Active,Michael Chen,,
8,Short Form Video 2024,2025-01-30,56510.86,57290.9,3937368.0,97638.0,4738.0,Completed,Jessica Martinez,,
9,Customer Win-Back Email 2024,2025-08-15,868.03,826.62,48041.0,1691.0,126.0,Completed,Nicole Taylor,,
10,User Generated Content 2024,2025-11-17,98034.84,49240.59,2698889.0,32327.0,185.0,Active,David Kim,,
11,Social Contest Campaign 2025,2024-12-11,78097.35,73209.85,5342596.0,105374.0,3601.0,Completed,Jessica Martinez,,
12,Local Search Campaign 2023,2026-01-31,21962.12,0.0,0.0,0.0,0.0,Planned,Chris Anderson,,
13,Streaming TV Ads 2024,2025-10-15,3371.86,2987.93,199380.0,4713.0,103.0,Completed,David Kim,,
14,Product Category Search 2024,2025-01-24,18583.76,18959.13,1195097.0,64030.0,5564.0,Completed,Amanda Lee,,
15,Holiday Social Campaign 2024,2025-09-29,55690.09,45689.82,3403608.0,64163.0,846.0,Completed,Michael Chen,,
16,Fall Search Campaign 2023,2025-02-16,25606.52,23780.0,1303554.0,38087.0,2601.0,Completed,Nicole Taylor,,
17,Product Category Search 2025,2026-01-13,8298.81,0.0,0.0,0.0,0.0,Planned,Michael Chen,,
18,Flash Sale Alert 2025,2026-02-18,8382.43,0.0,0.0,0.0,0.0,Planned,Emily Rodriguez,,
19,Product Category Search 2023,2025-04-13,55381.96,49148.67,3574237.0,112022.0,3268.0,Completed,Brian Wilson,,
20,Brand Story Video 2025,2025-12-10,78226.3,11893.21,656792.0,15573.0,247.0,Paused,Brian Wilson,,
21,Product Showcase Social 2025,2025-08-03,63828.04,60197.22,4945154.0,65307.0,1084.0,Completed,Stephanie Davis,,
22,Community Engagement 2023,2025-01-10,17554.43,15574.47,2433178.0,19798.0,432.0,Completed,Sarah Johnson,,
23,Programmatic Display 2024,2025-03-10,71205.04,73926.33,8864661.0,84978.0,3520.0,Completed,Rachel Green,,
24,Dynamic Search Ads 2025,2025-11-17,63410.35,53220.26,3729067.0,225468.0,8670.0,Active,Stephanie Davis,,
25,Social Proof Campaign 2023,2025-11-05,65682.58,47163.86,2780431.0,14696.0,567.0,Active,Kevin Brown,,
26,Anniversary Mailing 2023,2025-11-02,28551.35,21826.25,NaN,NaN,NaN,Active,James Miller,,
27,Cyber Monday Banner Ads 2023,2025-10-12,96163.45,95442.98,11046025.0,54808.0,1474.0,Completed,Chris Anderson,,
28,YouTube Pre-Roll 2024,2025-03-28,77371.86,6795.73,687679.0,13776.0,672.0,Cancelled,Stephanie Davis,,
29,Fall Social Push 2023,2025-11-14,33599.94,24269.6,1596609.0,12395.0,303.0,Paused,Michael Chen,,
30,Social Proof Campaign 2025,2025-07-24,9621.67,9587.3,737165.0,10895.0,96.0,Completed,Michael Chen,,
31,Community Engagement 2025,2025-12-01,28629.84,7454.99,387518.0,6735.0,128.0,Active,David Kim,,
32,Fall Newsletter Campaign 2024,2024-11-18,7747.35,7874.68,742263.0,25622.0,564.0,Completed,Kevin Brown,,
33,Brand Keywords Campaign 2024,2025-05-29,54444.8,43754.86,3953618.0,237105.0,6330.0,Completed,Andrew Thompson,,
34,Loyalty Mailer 2024,2025-10-07,46171.19,47310.11,NaN,NaN,NaN,Completed,Stephanie Davis,,
35,Remarketing Search 2025,2024-11-16,27813.17,25247.17,4866687.0,339382.0,26938.0,Completed,Sarah Johnson,,
36,User Generated Content 2023,2025-12-10,45796.0,10746.01,858041.0,24580.0,1134.0,Active,Brian Wilson,,
37,Q3 Social Push 2023,2025-11-12,32831.96,22259.88,1176413.0,17295.0,474.0,Paused,Michael Chen,,
38,Spring Social Push 2025,2026-01-08,65378.43,0.0,0.0,0.0,0.0,Planned,Stephanie Davis,,
39,Programmatic Display 2025,2025-11-30,14451.94,3460.58,237371.0,280.0,8.0,Active,Amanda Lee,,
40,Trending Topic Campaign 2025,2025-05-29,62213.74,10678.59,851459.0,8080.0,391.0,Cancelled,Emily Rodriguez,,
41,Event Reminder SMS 2024,2025-08-20,5139.55,4431.98,756385.0,61319.0,7123.0,Completed,Sarah Johnson,,
42,Winter Display Ads 2023,2025-11-19,61985.34,41617.9,2996922.0,28120.0,546.0,Active,Stephanie Davis,,
43,Audience Display Campaign 2023,2026-03-24,51323.3,0.0,0.0,0.0,0.0,Planned,Kevin Brown,,
44,Q4 Social Push 2025,2025-08-05,18213.38,17549.37,1391054.0,13978.0,288.0,Completed,Kevin Brown,,
45,New Arrivals Newsletter 2023,2025-12-04,4609.92,930.77,143742.0,9264.0,490.0,Active,James Miller,,
46,Product Display Ads 2024,2025-12-15,83532.37,11260.55,585878.0,3666.0,114.0,Active,Stephanie Davis,,
47,Brand Awareness Drive 2023,2024-12-29,31132.09,30580.64,2119479.0,44646.0,2170.0,Completed,Rachel Green,,
48,YouTube Pre-Roll 2025,2025-11-16,2843.02,1088.42,188303.0,1018.0,41.0,Active,Rachel Green,,
49,Brand Keywords Campaign 2023,2025-12-18,43906.32,3087.58,204006.0,13795.0,306.0,Active,Nicole Taylor,,
50,Testimonial Videos 2024,2024-11-22,60967.5,60457.54,3270333.0,43525.0,1925.0,Completed,Andrew Thompson,,
51,Q4 Search Campaign 2023,2025-08-07,27632.31,22505.94,1145972.0,96395.0,8673.0,Completed,Chris Anderson,,
52,Easter Email Blast 2024,2025-01-21,6997.21,434.16,59870.0,1117.0,78.0,Cancelled,Andrew Thompson,,
53,User Generated Content 2025,2025-12-15,56263.61,11778.16,603838.0,3263.0,70.0,Active,Kevin Brown,,
54,Black Friday Social Campaign 2024,2025-12-08,8978.47,2473.88,130943.0,2030.0,74.0,Active,Brian Wilson,,
55,Social Contest Campaign 2023,2025-09-02,74857.33,10947.93,705401.0,21014.0,121.0,Cancelled,Andrew Thompson,,
56,Social Proof Campaign 2024,2025-11-06,81300.93,32414.27,4939117.0,60252.0,1758.0,Paused,Amanda Lee,,
57,High Intent Keywords 2024,2025-02-19,22349.23,21883.65,1162061.0,73794.0,2818.0,Completed,Emily Rodriguez,,
58,Winter Display Ads 2024,2025-06-13,17908.03,18272.83,2412362.0,13072.0,221.0,Completed,Kevin Brown,,
59,New Customer Welcome Kit 2025,2025-09-27,36737.51,35842.02,NaN,NaN,NaN,Completed,Kevin Brown,,
60,Q4 Social Push 2024,2025-12-07,65052.45,16288.79,2026350.0,29640.0,902.0,Active,Jessica Martinez,,
61,Cross-Network Display 2024,2025-06-01,62329.76,56677.96,5987310.0,8373.0,277.0,Completed,David Kim,,
62,Product Display Ads 2023,2025-07-06,4132.24,690.16,48526.0,458.0,13.0,Cancelled,David Kim,,
63,Flash Sale SMS 2023,2026-02-13,2822.09,0.0,0.0,0.0,0.0,Planned,Rachel Green,,
64,Winter Search Campaign 2025,2025-11-07,72657.5,43799.7,4272048.0,310234.0,13350.0,Active,Michael Chen,,
65,Shopping Ads Campaign 2023,2025-12-08,89643.03,16520.53,2411676.0,219373.0,21350.0,Active,David Kim,,
66,Streaming TV Ads 2023,2026-01-23,58214.58,0.0,0.0,0.0,0.0,Planned,Rachel Green,,
67,Product Showcase Social 2023,2025-01-04,28838.39,27078.52,1420730.0,37677.0,954.0,Completed,Jessica Martinez,,
68,Back to School Social Campaign 2024,2025-08-20,23248.6,1580.23,296158.0,8016.0,346.0,Cancelled,Jessica Martinez,,
69,Dynamic Search Ads 2023,2025-01-02,90272.42,78979.13,4891994.0,255962.0,9495.0,Completed,Andrew Thompson,,
70,New Arrivals Newsletter 2024,2025-03-17,5772.81,5803.5,810339.0,25724.0,889.0,Completed,Emily Rodriguez,,
71,Fall Display Ads 2025,2025-06-27,27754.98,25644.63,1958569.0,17152.0,557.0,Completed,Brian Wilson,,
72,Win-Back Mailer 2025,2025-09-21,34612.32,5080.41,NaN,NaN,NaN,Cancelled,Andrew Thompson,,
73,Limited Time Offer SMS 2024,2025-04-09,1669.18,1566.44,104901.0,8134.0,525.0,Completed,Sarah Johnson,,
74,Social Video Ads 2024,2025-12-07,40930.15,7500.69,1193172.0,26556.0,713.0,Active,Rachel Green,,
75,YouTube Pre-Roll 2023,2025-12-07,92675.5,42847.78,2747113.0,15375.0,225.0,Active,Brian Wilson,,
76,Product Demo Videos 2023,2026-03-06,48171.81,0.0,0.0,0.0,0.0,Planned,Amanda Lee,,
77,Back to School Video Push 2025,2024-12-16,25877.73,25517.04,2148071.0,35470.0,1392.0,Completed,Jessica Martinez,,
78,Remarketing Search 2023,2025-05-27,41672.55,36327.77,2156237.0,105391.0,5753.0,Completed,Kevin Brown,,
79,Tutorial Video Ads 2023,2025-11-09,53908.24,16972.37,896450.0,6364.0,134.0,Active,Amanda Lee,,
80,Trending Topic Campaign 2024,2025-03-22,85162.68,73349.52,3777758.0,26385.0,693.0,Completed,Kevin Brown,,
81,Q2 Search Campaign 2024,2025-07-03,5851.9,4742.74,375696.0,34160.0,2831.0,Completed,Nicole Taylor,,
82,Birthday SMS Special 2025,2025-12-12,1531.54,292.33,27027.0,1548.0,153.0,Paused,Rachel Green,,
83,Product Demo Videos 2024,2025-12-01,47306.03,15608.92,2812901.0,39967.0,1442.0,Active,Rachel Green,,
84,Spring Social Push 2023,2025-11-01,83788.53,49594.64,2604304.0,70949.0,992.0,Active,Laura Garcia,,
85,Brand Story Video 2024,2025-12-05,93303.71,26813.14,2147868.0,28585.0,612.0,Paused,Jessica Martinez,,
86,Year End Search Push 2025,2024-12-26,47546.45,45968.51,5924486.0,366385.0,31020.0,Completed,Amanda Lee,,
87,Restock Alert SMS 2025,2025-11-21,7235.35,3480.21,374619.0,50023.0,4065.0,Active,Chris Anderson,,
88,Black Friday Social Campaign 2023,2025-12-09,59671.31,20215.0,3668279.0,35966.0,1442.0,Active,Jessica Martinez,,
89,Q1 Newsletter Campaign 2023,2025-06-19,2935.45,250.03,13784.0,318.0,10.0,Cancelled,Stephanie Davis,,
90,Shopping Ads Campaign 2025,2025-11-15,78437.74,28617.84,1442080.0,117335.0,6442.0,Active,Nicole Taylor,,
91,Spring Display Ads 2025,2025-11-13,33115.49,12694.99,2073307.0,5599.0,155.0,Paused,Stephanie Davis,,
92,Win-Back Mailer 2024,2025-02-09,39658.75,7885.67,NaN,NaN,NaN,Cancelled,Kevin Brown,,
93,Spring Social Push 2024,2025-09-04,81613.46,81569.35,10375393.0,70685.0,1800.0,Completed,David Kim,,
94,Brand Awareness Display 2023,2025-04-08,80499.31,73755.04,8590268.0,21984.0,911.0,Completed,Sarah Johnson,,
95,Brand Awareness Drive 2024,2025-10-27,73626.94,43408.28,4097969.0,21725.0,882.0,Active,Emily Rodriguez,,
96,Local Search Campaign 2024,2025-03-21,63381.01,50762.89,3288214.0,110328.0,6502.0,Completed,Kevin Brown,,
97,Product Launch Announcement 2025,2025-12-08,7786.64,1260.54,79824.0,5200.0,292.0,Active,Amanda Lee,,
98,Influencer Partnership 2023,2025-10-15,55760.1,50880.29,5686993.0,80899.0,839.0,Completed,Amanda Lee,,
99,Dynamic Search Ads 2024,2026-01-18,28415.06,0.0,0.0,0.0,0.0,Planned,Chris Anderson,,
100,Influencer Partnership 2025,2025-08-24,44656.26,46741.82,6994996.0,43186.0,571.0,Completed,Stephanie Davis,,
101,Holiday Search Push 2025,2026-02-05,94347.98,0.0,0.0,0.0,0.0,Planned,David Kim,,
102,Q4 Search Campaign 2024,2025-04-13,46426.81,48078.29,3061143.0,164784.0,14978.0,Completed,Stephanie Davis,,
103,Memorial Day Social Campaign 2023,2026-03-03,8502.51,0.0,0.0,0.0,0.0,Planned,Sarah Johnson,,
104,Spring Search Campaign 2023,2025-03-27,93225.99,96178.45,17033195.0,442350.0,40121.0,Completed,Stephanie Davis,,
105,Cyber Monday Email Blast 2024,2025-10-29,4841.12,3048.29,228609.0,11153.0,118.0,Active,Chris Anderson,,
106,Competitor Conquest 2023,2025-09-06,16125.9,13596.62,1553238.0,128778.0,9624.0,Completed,Brian Wilson,,
107,Competitor Conquest 2025,2025-11-14,38770.98,29327.49,2844158.0,260652.0,21109.0,Active,Nicole Taylor,,
108,Q1 Social Push 2024,2025-11-21,16443.58,7051.88,374681.0,7670.0,228.0,Active,Rachel Green,,
109,Valentine Email Blast 2023,2025-09-17,8908.16,491.03,50603.0,1961.0,154.0,Cancelled,David Kim,,
110,Summer Social Push 2024,2025-12-27,26345.65,33.29,4313.0,101.0,4.0,Cancelled,David Kim,,
111,Retargeting Display 2024,2025-11-24,60529.43,25236.04,2238822.0,6187.0,169.0,Active,Sarah Johnson,,
112,Cyber Monday Search Push 2024,2025-11-26,6154.76,1683.98,137822.0,9528.0,776.0,Active,Emily Rodriguez,,
113,Labor Day Social Campaign 2023,2024-11-03,11869.55,12153.33,698059.0,19357.0,164.0,Completed,Brian Wilson,,
114,Trending Topic Campaign 2023,2025-06-07,87812.28,90153.59,10204789.0,90708.0,2294.0,Completed,Rachel Green,,
115,Q2 Social Push 2025,2024-10-31,81163.6,74623.16,5456903.0,42735.0,549.0,Completed,Michael Chen,,
116,Weekly Deals Newsletter 2024,2025-09-10,3706.88,3388.56,337426.0,14108.0,589.0,Completed,David Kim,,
117,Loyalty Rewards Email 2023,2024-12-25,5222.95,447.67,52957.0,913.0,42.0,Cancelled,Amanda Lee,,
118,Prime Day Email Blast 2023,2025-12-05,5265.59,2925.08,270940.0,7850.0,277.0,Active,Laura Garcia,,
119,Product Demo Videos 2025,2025-10-29,47658.77,32324.09,2146189.0,49950.0,2117.0,Paused,Jessica Martinez,,
120,Prime Day Social Campaign 2024,2025-12-11,58690.8,9856.52,683382.0,4175.0,81.0,Active,Kevin Brown,,
121,Memorial Day Social Campaign 2024,2025-08-25,74976.28,73218.83,4940993.0,99730.0,4589.0,Completed,Stephanie Davis,,
122,Back to School Video Push 2024,2024-12-16,36890.22,29934.8,2646801.0,30422.0,928.0,Completed,Amanda Lee,,
123,Social Video Ads 2025,2026-02-27,81363.35,0.0,0.0,0.0,0.0,Planned,David Kim,,
124,Trending Topic Campaign 2024 #124,2026-02-11,42865.64,0.0,0.0,0.0,0.0,Planned,Amanda Lee,,
125,Contextual Targeting 2025,2026-03-23,90794.01,0.0,0.0,0.0,0.0,Planned,Rachel Green,,
126,Influencer Partnership 2024,2025-02-02,64300.0,66816.41,8336070.0,140300.0,6717.0,Completed,Emily Rodriguez,,
127,Q3 Newsletter Campaign 2024,2025-11-03,8149.27,6343.06,497503.0,24092.0,817.0,Active,David Kim,,
128,Order Update SMS 2024,2025-06-09,9650.52,8245.52,554994.0,53753.0,2744.0,Completed,Andrew Thompson,,
129,Event Reminder SMS 2025,2026-02-05,3886.12,0.0,0.0,0.0,0.0,Planned,James Miller,,
130,VIP Early Access SMS 2025,2025-07-02,545.56,439.95,23045.0,1730.0,172.0,Completed,Jessica Martinez,,
131,Q1 Search Campaign 2024,2025-04-29,87262.47,73902.46,6448549.0,405980.0,22311.0,Completed,David Kim,,
132,Valentine Banner Ads 2025,2025-04-27,56811.34,54794.8,2742470.0,15604.0,358.0,Completed,Nicole Taylor,,
133,Q2 Social Push 2023,2025-12-07,61119.82,9853.33,600714.0,9523.0,403.0,Active,Chris Anderson,,
134,Summer Display Ads 2024,2025-11-02,87628.27,40732.42,4362002.0,22956.0,180.0,Active,James Miller,,
135,Limited Time Offer SMS 2025,2025-06-22,8162.29,7266.22,419741.0,61694.0,1505.0,Completed,Kevin Brown,,
136,Winter Newsletter Campaign 2024,2025-01-23,6930.94,7085.99,394310.0,17339.0,900.0,Completed,James Miller,,
137,Remarketing Search 2024,2025-09-05,54925.05,52670.85,4189845.0,402228.0,18804.0,Completed,Laura Garcia,,
138,Loyalty SMS Campaign 2024,2025-07-12,7547.39,7315.03,1095094.0,60002.0,5518.0,Completed,Brian Wilson,,
139,Social Video Ads 2023,2025-12-09,86018.99,10792.86,656214.0,8840.0,261.0,Active,Sarah Johnson,,
140,Flash Sale SMS 2024,2025-08-12,5408.17,5518.21,287062.0,37396.0,1297.0,Completed,Emily Rodriguez,,
141,Restock Alert SMS 2024,2025-06-13,837.74,768.85,70027.0,5200.0,211.0,Completed,James Miller,,
142,Year End Video Push 2023,2025-11-13,80228.08,65765.75,6923619.0,91817.0,3154.0,Active,Jessica Martinez,,
143,Labor Day Search Push 2023,2025-05-29,12104.2,10413.9,607923.0,14003.0,1381.0,Completed,Chris Anderson,,
144,Product Launch Announcement 2023,2025-06-29,8491.22,7531.52,620203.0,14442.0,807.0,Completed,James Miller,,
145,Q3 Search Campaign 2024,2025-12-01,4448.77,1402.43,176396.0,7099.0,515.0,Paused,James Miller,,
146,Limited Time Offer SMS 2023,2025-11-17,4664.29,1712.25,87027.0,10774.0,385.0,Paused,Laura Garcia,,
147,Social Contest Campaign 2024,2025-10-28,72390.88,36132.6,2509267.0,41844.0,904.0,Active,Sarah Johnson,,
148,Postcard Campaign 2023,2025-03-26,40172.04,40636.99,NaN,NaN,NaN,Completed,Michael Chen,,
149,Contextual Targeting 2024,2025-11-10,74214.56,45493.62,3533755.0,22674.0,805.0,Active,Nicole Taylor,,
150,Easter Search Push 2023,2025-07-26,2070.14,1682.34,176330.0,8538.0,237.0,Completed,Emily Rodriguez,,
151,Holiday Social Campaign 2025,2025-11-28,54412.9,31992.7,4290507.0,55673.0,1122.0,Paused,David Kim,,
152,High Intent Keywords 2025,2025-12-08,21047.18,516.54,28181.0,1300.0,93.0,Cancelled,Jessica Martinez,,
153,Cross-Network Display 2025,2025-11-23,76364.3,26247.99,1417249.0,12417.0,153.0,Active,James Miller,,
154,Holiday Video Push 2024,2025-12-08,72872.11,11004.69,883301.0,12946.0,330.0,Active,Kevin Brown,,
155,Flash Sale Alert 2024,2025-10-19,3019.86,2434.56,131809.0,5651.0,349.0,Completed,Emily Rodriguez,,
156,Brand Awareness Display 2025,2025-12-15,87544.07,6298.26,496891.0,2170.0,44.0,Active,Nicole Taylor,,
157,Birthday Special Campaign 2025,2026-03-08,7504.93,0.0,0.0,0.0,0.0,Planned,Brian Wilson,,
158,Easter Email Blast 2025,2025-10-30,6174.27,3953.11,300236.0,6590.0,271.0,Active,Andrew Thompson,,
159,Valentine Social Campaign 2024,2024-12-12,9564.31,7895.27,509463.0,10262.0,141.0,Completed,Emily Rodriguez,,
160,Product Display Ads 2025,2025-11-19,27369.81,14556.93,809856.0,4399.0,208.0,Active,Kevin Brown,,
161,Social Contest Campaign 2023 #161,2025-04-18,25078.23,23011.57,1912949.0,25789.0,627.0,Completed,Nicole Taylor,,
162,Tutorial Video Ads 2024,2025-12-11,56642.26,19141.4,1154913.0,6592.0,299.0,Active,Stephanie Davis,,
163,Back to School Social Campaign 2025,2025-11-27,39010.31,1290.14,150883.0,1130.0,35.0,Cancelled,Rachel Green,,
164,Winter Video Campaign 2024,2025-07-11,48489.19,7835.11,1560117.0,32959.0,1526.0,Cancelled,Rachel Green,,
165,Retargeting Display 2023,2025-11-11,45335.47,20701.52,2468336.0,5077.0,101.0,Active,Stephanie Davis,,
166,Abandoned Cart Recovery 2024,2025-07-17,1827.14,1914.66,96100.0,5006.0,160.0,Completed,Stephanie Davis,,
167,Easter Search Push 2024,2025-12-09,4886.44,1298.56,74163.0,6261.0,199.0,Paused,Nicole Taylor,,
168,Cyber Monday Direct Mail 2024,2025-12-03,23631.37,4529.41,NaN,NaN,NaN,Active,David Kim,,
169,Winter Catalog Mailing 2024,2025-07-09,33249.46,31277.34,NaN,NaN,NaN,Completed,Andrew Thompson,,
170,Spring Search Campaign 2024,2025-04-11,20121.39,17868.0,954522.0,64181.0,1751.0,Completed,Stephanie Davis,,
171,Birthday Special Campaign 2023,2025-12-02,2775.27,745.42,63015.0,3812.0,40.0,Active,Brian Wilson,,
172,Streaming TV Ads 2025,2025-08-21,4995.51,5017.28,252163.0,2096.0,13.0,Completed,Rachel Green,,
173,Prime Day Search Push 2024,2025-11-20,74139.78,44718.61,6353293.0,552749.0,26690.0,Paused,Stephanie Davis,,
174,Loyalty Rewards Email 2025,2024-11-02,5246.94,4670.7,468853.0,33798.0,2540.0,Completed,Brian Wilson,,
175,Winter Display Ads 2025,2024-12-01,48408.27,49915.75,7701535.0,16614.0,430.0,Completed,Jessica Martinez,,
176,Back to School Search Push 2024,2024-11-16,44497.56,36715.88,3148434.0,203374.0,15841.0,Completed,Laura Garcia,,
177,Product Showcase Social 2024,2025-11-04,65347.28,43183.79,4183628.0,44411.0,2040.0,Active,Nicole Taylor,,
178,Contextual Targeting 2023,2025-10-29,68743.3,49713.09,3943485.0,22065.0,918.0,Paused,Emily Rodriguez,,
179,Weekly Deals Newsletter 2025,2025-11-25,3502.86,963.28,64109.0,892.0,55.0,Paused,Sarah Johnson,,
180,Audience Display Campaign 2024,2026-03-08,91846.36,0.0,0.0,0.0,0.0,Planned,David Kim,,
181,Cyber Monday Search Push 2023,2025-08-17,52566.45,45973.75,2509812.0,57139.0,4030.0,Completed,Jessica Martinez,,
182,Native Advertising 2025,2025-11-17,62556.1,24368.23,3503761.0,24279.0,711.0,Active,Rachel Green,,
183,Holiday Social Campaign 2023,2025-02-19,39093.69,31644.65,2709576.0,72065.0,1132.0,Completed,Nicole Taylor,,
184,Coupon Mailer Campaign 2024,2025-11-16,25889.73,11358.52,NaN,NaN,NaN,Active,Amanda Lee,,
185,Native Advertising 2024,2025-02-10,41559.43,41295.78,2930019.0,20979.0,361.0,Completed,Jessica Martinez,,
186,Loyalty Rewards Email 2024,2025-09-27,9364.41,9620.21,529747.0,29730.0,1266.0,Completed,Laura Garcia,,
187,Q1 Social Push 2025,2025-11-05,68609.37,71427.18,3844805.0,44123.0,435.0,Completed,Andrew Thompson,,
188,Memorial Day Search Push 2023,2025-05-04,22321.61,21454.95,1363311.0,37631.0,2599.0,Completed,Michael Chen,,
189,Tutorial Video Ads 2025,2025-11-07,20704.93,11740.96,1690412.0,24503.0,582.0,Active,Brian Wilson,,
190,Product Showcase Social 2025 #190,2025-10-30,53438.45,28095.92,1430229.0,24870.0,845.0,Active,Laura Garcia,,
191,Holiday Email Blast 2023,2025-04-15,3867.35,773.25,100892.0,7768.0,447.0,Cancelled,Laura Garcia,,
192,Q4 Search Campaign 2025,2025-01-07,44364.34,38844.72,2461585.0,181412.0,7775.0,Completed,Kevin Brown,,
193,Weekly Deals Newsletter 2023,2025-07-19,699.62,37.79,3024.0,125.0,7.0,Cancelled,Michael Chen,,
194,Q3 Search Campaign 2023,2025-02-08,12054.36,5.1,478.0,37.0,0.0,Cancelled,James Miller,,
195,Brand Awareness Drive 2025,2025-12-17,75986.0,12291.08,2445616.0,51328.0,268.0,Paused,Emily Rodriguez,,
196,Q1 Catalog Mailing 2025,2026-01-12,12129.34,2007.74,NaN,NaN,NaN,Cancelled,Brian Wilson,,
197,Q4 Display Ads 2024,2025-03-20,55105.42,47935.74,2833786.0,7436.0,107.0,Completed,Jessica Martinez,,
198,Customer Win-Back Email 2023,2026-02-14,7502.74,0.0,0.0,0.0,0.0,Planned,Emily Rodriguez,,
199,Summer Social Push 2025,2025-01-13,63754.96,53516.36,2698290.0,46182.0,1785.0,Completed,Kevin Brown,,
200,Programmatic Display 2023,2025-11-01,34168.28,29723.67,2424612.0,6058.0,41.0,Active,Rachel Green,,
201,Shopping Ads Campaign 2023 #201,2025-11-25,41520.89,14837.52,789527.0,65635.0,4931.0,Paused,Rachel Green,,
202,Black Friday Email Blast 2024,2025-02-18,6379.43,6405.46,1004257.0,11224.0,127.0,Completed,James Miller,,
203,Cross-Network Display 2023,2025-04-05,16445.37,2462.28,143861.0,187.0,6.0,Cancelled,James Miller,,
204,Postcard Campaign 2025,2025-07-30,45981.3,39502.41,NaN,NaN,NaN,Completed,Kevin Brown,,
205,Q2 Display Ads 2023,2026-01-15,22210.75,0.0,0.0,0.0,0.0,Planned,Nicole Taylor,,
206,Valentine Search Push 2024,2024-11-11,59024.0,49100.68,4684198.0,260819.0,16049.0,Completed,James Miller,,
207,Back to School Social Campaign 2023,2025-12-10,43357.25,5531.21,514261.0,10359.0,422.0,Paused,Laura Garcia,,
208,Black Friday Search Push 2024,2025-12-18,38217.5,3887.19,259631.0,5412.0,171.0,Active,Andrew Thompson,,
209,Abandoned Cart Recovery 2025,2025-12-16,3926.61,474.35,40226.0,2250.0,156.0,Active,Laura Garcia,,
210,Audience Display Campaign 2025,2025-08-13,59183.86,58669.25,3485735.0,29950.0,1465.0,Completed,Chris Anderson,,
211,Q2 Search Campaign 2025,2025-10-27,7508.37,4487.31,427592.0,37207.0,1747.0,Paused,Kevin Brown,,
212,Labor Day Search Push 2025,2025-08-29,62992.92,65319.61,11520789.0,603776.0,20820.0,Completed,Rachel Green,,
213,Customer Win-Back Email 2025,2025-02-18,9203.26,9038.77,470789.0,10586.0,264.0,Completed,Sarah Johnson,,
214,Q3 Social Push 2025,2026-02-17,99559.29,0.0,0.0,0.0,0.0,Planned,Amanda Lee,,
215,Q3 Video Campaign 2023,2025-07-16,84284.29,69639.25,9396766.0,233008.0,9614.0,Completed,Nicole Taylor,,
216,Q2 Search Campaign 2023,2025-09-04,79150.25,68382.75,4514044.0,189274.0,6718.0,Completed,Laura Garcia,,
217,Prime Day Social Campaign 2025,2025-11-18,91652.58,35636.66,2131531.0,31223.0,457.0,Active,Sarah Johnson,,
218,Community Engagement 2025 #218,2025-05-29,80515.1,71169.82,5091648.0,65635.0,2014.0,Completed,Jessica Martinez,,
219,Prime Day Banner Ads 2023,2025-12-17,48027.62,5288.62,348528.0,2712.0,97.0,Active,Michael Chen,,
220,Flash Sale SMS 2025,2025-12-12,9723.61,2478.09,203064.0,12762.0,964.0,Active,Sarah Johnson,,
221,Q1 Display Ads 2023,2025-01-27,54661.61,45897.09,5894347.0,57499.0,1203.0,Completed,Chris Anderson,,
222,Year End Social Campaign 2025,2025-10-29,72967.73,45646.47,2834515.0,67576.0,547.0,Paused,Kevin Brown,,
223,Spring Newsletter Campaign 2023,2025-02-21,6564.6,5501.3,325094.0,9741.0,559.0,Completed,Brian Wilson,,
224,Q4 Social Push 2023,2025-01-03,81565.06,81395.19,9411147.0,187456.0,4687.0,Completed,Sarah Johnson,,
225,Q4 Newsletter Campaign 2024,2025-10-27,3486.19,2429.96,177951.0,3334.0,245.0,Paused,Brian Wilson,,
226,New Arrivals Newsletter 2025,2025-07-23,8599.1,8115.17,868026.0,12222.0,254.0,Completed,Michael Chen,,
227,Brand Awareness Display 2024,2025-02-11,91063.32,87403.05,11220278.0,93079.0,1437.0,Completed,Stephanie Davis,,
228,Q3 Display Ads 2025,2025-08-03,92133.18,96498.73,8361736.0,10008.0,246.0,Completed,Rachel Green,,
229,Fall Search Campaign 2024,2025-11-14,63496.04,25081.34,2000592.0,57860.0,1666.0,Active,Chris Anderson,,
230,User Generated Content 2025 #230,2025-12-14,67596.12,6328.47,704179.0,7685.0,263.0,Paused,Michael Chen,,
231,Product Launch Announcement 2024,2025-12-17,5318.95,478.23,25291.0,751.0,9.0,Active,Amanda Lee,,
232,Brand Keywords Campaign 2025,2026-01-07,86633.44,0.0,0.0,0.0,0.0,Planned,Michael Chen,,
233,Birthday Special Campaign 2024,2025-10-18,7432.0,7162.8,1355591.0,13849.0,205.0,Completed,James Miller,,
234,Fall Newsletter Campaign 2025,2025-12-15,1808.2,253.21,30440.0,1269.0,29.0,Active,Nicole Taylor,,
235,Summer Display Ads 2025,2025-03-26,24935.76,25067.21,3414935.0,20362.0,795.0,Completed,Amanda Lee,,
236,Q3 Newsletter Campaign 2025,2025-11-25,1209.31,461.91,34123.0,2083.0,95.0,Paused,Kevin Brown,,
237,Prime Day Email Blast 2024,2024-12-23,9045.84,1275.75,96370.0,4544.0,328.0,Cancelled,Sarah Johnson,,
238,Q2 Social Push 2024,2025-05-31,13567.09,12934.44,2571707.0,40412.0,1730.0,Completed,Jessica Martinez,,
239,Spring Search Campaign 2025,2025-02-05,90081.5,87868.61,16337708.0,802699.0,40181.0,Completed,Chris Anderson,,
240,Prime Day Email Blast 2025,2024-12-09,5097.54,5067.93,287507.0,17436.0,1197.0,Completed,Jessica Martinez,,
241,Valentine Social Campaign 2023,2025-10-31,35853.52,15730.56,789123.0,21188.0,820.0,Paused,Laura Garcia,,
242,High Intent Keywords 2024 #242,2025-08-24,83618.26,84741.78,13081237.0,1146865.0,72115.0,Completed,Rachel Green,,
243,Valentine Search Push 2023,2025-11-02,12177.21,8780.76,1260752.0,83828.0,7009.0,Paused,Nicole Taylor,,
244,Retargeting Display 2025,2024-10-04,72255.09,61824.31,3627971.0,15843.0,472.0,Completed,Chris Anderson,,
245,Memorial Day Video Push 2023,2025-08-18,99007.85,17778.19,1029068.0,15108.0,133.0,Cancelled,Sarah Johnson,,
246,Q2 Video Campaign 2023,2025-02-26,68688.76,59801.58,3218190.0,50450.0,1010.0,Completed,James Miller,,
247,Back to School Social Campaign 2025 #247,2025-11-22,11061.49,3266.19,268418.0,4512.0,23.0,Active,Laura Garcia,,
248,Valentine Video Push 2023,2024-10-22,90459.16,81422.23,4552503.0,70088.0,1001.0,Completed,Kevin Brown,,
249,Local Search Campaign 2024 #249,2025-05-21,11761.25,10004.02,835953.0,31191.0,2679.0,Completed,Stephanie Davis,,
250,Year End Search Push 2025 #250,2025-06-26,91595.0,79953.28,7827434.0,349776.0,12359.0,Completed,Michael Chen,,
251,Birthday Special Campaign 2024 #251,2025-12-13,5378.61,636.95,36494.0,2001.0,60.0,Active,Nicole Taylor,,
252,Shopping Ads Campaign 2025 #252,2025-11-19,35706.81,18746.63,3277332.0,302347.0,13235.0,Active,James Miller,,
253,Cyber Monday Email Blast 2023,2025-10-26,6876.69,4898.75,510090.0,34775.0,2603.0,Active,Amanda Lee,,
254,Labor Day Search Push 2024,2025-12-18,40973.21,4503.22,445207.0,38038.0,1631.0,Active,James Miller,,
255,Local Search Campaign 2023 #255,2025-05-04,61850.6,56271.47,8143453.0,384681.0,9844.0,Completed,Rachel Green,,
256,User Generated Content 2024 #256,2026-03-20,57903.09,0.0,0.0,0.0,0.0,Planned,Brian Wilson,,
257,Abandoned Cart Recovery 2023,2025-05-19,5160.76,5316.4,1051216.0,12323.0,562.0,Completed,Laura Garcia,,
258,Winter Video Campaign 2023,2025-12-03,34307.35,17278.76,2372146.0,21666.0,510.0,Active,Chris Anderson,,
259,Product Display Ads 2023 #259,2026-01-06,36292.4,0.0,0.0,0.0,0.0,Planned,Stephanie Davis,,
260,Social Contest Campaign 2023 #260,2026-02-07,17880.2,0.0,0.0,0.0,0.0,Planned,David Kim,,
261,Spring Display Ads 2023,2024-12-29,49764.06,47155.05,3032181.0,27056.0,144.0,Completed,Andrew Thompson,,
262,Q3 Newsletter Campaign 2023,2024-12-29,907.25,90.08,10947.0,825.0,60.0,Cancelled,Andrew Thompson,,
263,Year End Social Campaign 2024,2025-10-31,38589.63,35107.53,2715422.0,42654.0,1243.0,Completed,Brian Wilson,,
264,Prime Day Search Push 2023,2025-11-27,53574.49,28335.25,4439884.0,155207.0,4894.0,Active,Emily Rodriguez,,
265,Product Showcase Social 2024 #265,2025-11-21,57292.96,29062.2,2476733.0,37147.0,1202.0,Active,Chris Anderson,,
266,Labor Day Direct Mail 2025,2026-03-11,26867.93,0.0,NaN,NaN,NaN,Planned,Stephanie Davis,,
267,Black Friday Social Campaign 2025,2024-11-05,52905.75,47787.59,2741189.0,42121.0,1225.0,Completed,Sarah Johnson,,
268,Win-Back Mailer 2023,2025-10-23,35940.43,37599.04,NaN,NaN,NaN,Completed,Emily Rodriguez,,
269,Winter Newsletter Campaign 2025,2025-11-11,932.06,745.89,140347.0,7184.0,306.0,Active,David Kim,,
270,Winter Newsletter Campaign 2023,2025-06-12,6812.29,6595.83,1242838.0,46621.0,714.0,Completed,James Miller,,
271,Prime Day Social Campaign 2023,2025-01-06,91551.74,81479.73,6005766.0,110079.0,2999.0,Completed,Sarah Johnson,,
272,Spring Video Campaign 2024,2025-11-19,38132.32,19819.9,1022728.0,21888.0,657.0,Active,James Miller,,
273,Community Engagement 2024 #273,2025-11-09,2026.58,1687.52,309902.0,8561.0,166.0,Completed,Emily Rodriguez,,
274,Q4 Video Campaign 2025,2025-02-13,17746.7,16178.05,950040.0,21972.0,117.0,Completed,Stephanie Davis,,
275,Back to School Banner Ads 2023,2025-07-30,91079.94,94182.69,12526846.0,73517.0,1959.0,Completed,Rachel Green,,
276,Native Advertising 2023,2025-08-17,28312.3,26491.52,2424641.0,4441.0,149.0,Completed,Andrew Thompson,,
277,Winter Social Push 2025,2025-05-23,13811.79,11364.42,669603.0,6651.0,217.0,Completed,Rachel Green,,
278,Easter Video Push 2024,2025-12-16,46981.45,3877.85,500600.0,3556.0,83.0,Active,Kevin Brown,,
279,Prime Day Search Push 2025,2025-11-26,31280.54,10348.39,613471.0,15756.0,745.0,Active,Amanda Lee,,
280,Black Friday Banner Ads 2023,2025-11-20,14870.65,6391.71,627839.0,2154.0,30.0,Active,James Miller,,
281,Holiday Banner Ads 2023,2026-02-17,16740.43,0.0,0.0,0.0,0.0,Planned,Jessica Martinez,,
282,Q1 Video Campaign 2025,2024-11-13,80512.54,71392.68,7600154.0,102701.0,542.0,Completed,Kevin Brown,,
283,Easter Search Push 2023 #283,2026-03-02,25545.54,0.0,0.0,0.0,0.0,Planned,Kevin Brown,,
284,Brand Awareness Display 2024 #284,2025-12-03,27361.05,4107.17,315341.0,2475.0,89.0,Active,Jessica Martinez,,
285,Remarketing Search 2023 #285,2026-02-26,91883.7,0.0,0.0,0.0,0.0,Planned,James Miller,,
286,Valentine Social Campaign 2025,2025-11-12,94722.86,47011.87,4878791.0,133632.0,6071.0,Paused,Amanda Lee,,
287,Q2 Newsletter Campaign 2023,2025-11-27,4217.23,2966.74,199957.0,12726.0,709.0,Paused,Sarah Johnson,,
288,Q2 Search Campaign 2023 #288,2025-12-16,21196.11,1585.45,178382.0,17312.0,1134.0,Active,Emily Rodriguez,,
289,Audience Display Campaign 2023 #289,2025-05-13,88966.65,73005.91,5530232.0,22389.0,494.0,Completed,Stephanie Davis,,
290,Spring Newsletter Campaign 2024,2025-03-15,4241.05,4153.45,787069.0,49712.0,3188.0,Completed,Sarah Johnson,,
291,Testimonial Videos 2025,2025-11-19,37328.98,21349.73,1991054.0,22072.0,667.0,Active,Jessica Martinez,,
292,Easter Email Blast 2023,2025-10-24,3260.25,2974.9,149116.0,4396.0,131.0,Completed,Laura Garcia,,
293,Trending Topic Campaign 2024 #293,2025-12-13,83082.58,9349.83,1185910.0,7358.0,346.0,Active,Chris Anderson,,
294,Testimonial Videos 2023,2025-12-07,4034.84,1578.04,240807.0,5280.0,185.0,Active,Stephanie Davis,,
295,Q1 Social Push 2023,2025-09-05,30107.45,4799.49,784026.0,4906.0,84.0,Cancelled,Jessica Martinez,,
296,Year End Banner Ads 2025,2025-11-24,6318.37,1439.18,84547.0,127.0,3.0,Active,Chris Anderson,,
297,Memorial Day Search Push 2025,2025-08-09,79020.09,77545.88,4027990.0,220769.0,16138.0,Completed,Brian Wilson,,
298,Event Reminder SMS 2023,2025-11-04,6579.72,5130.02,490732.0,43884.0,2536.0,Active,Chris Anderson,,
299,Social Proof Campaign 2025 #299,2025-07-07,5803.02,4786.15,483903.0,11263.0,363.0,Completed,Rachel Green,,
300,Trending Topic Campaign 2024 #300,2025-10-30,74228.43,60442.11,3818552.0,67574.0,1893.0,Active,James Miller,,
301,Contextual Targeting 2025 #301,2025-08-02,73953.03,68632.38,9598297.0,73559.0,3223.0,Completed,Amanda Lee,,
302,Summer Search Campaign 2025,2025-08-03,7516.81,1330.61,88088.0,5695.0,492.0,Cancelled,Emily Rodriguez,,
303,Labor Day Social Campaign 2025,2025-05-04,68638.59,58394.75,5828482.0,78247.0,3490.0,Completed,Kevin Brown,,
304,Social Contest Campaign 2024 #304,2025-06-20,98720.81,90032.48,5023102.0,51222.0,634.0,Completed,Sarah Johnson,,
305,Year End Social Campaign 2023,2025-03-07,8129.96,6639.68,612259.0,13671.0,224.0,Completed,Chris Anderson,,
306,Valentine Search Push 2025,2026-01-25,30568.77,0.0,0.0,0.0,0.0,Planned,Emily Rodriguez,,
307,Competitor Conquest 2024 #307,2025-12-11,66071.26,15353.19,818192.0,17012.0,413.0,Active,Jessica Martinez,,
308,Easter Search Push 2024 #308,2025-10-30,46202.79,18629.67,2458664.0,108817.0,5471.0,Active,Sarah Johnson,,
309,Fall Newsletter Campaign 2023,2025-01-23,995.67,984.85,66745.0,2431.0,62.0,Completed,David Kim,,
310,Native Advertising 2023 #310,2025-04-24,30376.22,29111.43,5461595.0,17383.0,628.0,Completed,Rachel Green,,
311,Q4 Display Ads 2025,2025-11-29,28433.52,11411.23,704534.0,5335.0,263.0,Active,Nicole Taylor,,
312,Valentine Email Blast 2023 #312,2025-10-04,7048.07,367.81,55413.0,3415.0,82.0,Cancelled,Andrew Thompson,,
313,Influencer Partnership 2025 #313,2026-01-05,18825.57,0.0,0.0,0.0,0.0,Planned,Kevin Brown,,
314,Social Video Ads 2023 #314,2025-11-07,67048.59,50072.74,5665020.0,57586.0,2530.0,Active,David Kim,,
315,Brand Awareness Drive 2025 #315,2025-08-03,61798.68,50109.61,3889671.0,110393.0,2646.0,Completed,Jessica Martinez,,
316,Birthday Special Campaign 2025 #316,2026-01-16,4866.59,962.19,99344.0,5373.0,177.0,Cancelled,Michael Chen,,
317,Labor Day Email Blast 2025,2025-06-14,3811.99,3052.42,191379.0,10720.0,497.0,Completed,James Miller,,
318,Fall Search Campaign 2025,2026-03-03,23626.7,0.0,0.0,0.0,0.0,Planned,Michael Chen,,
319,Q4 Newsletter Campaign 2024 #319,2025-01-30,1001.89,965.01,123285.0,6790.0,236.0,Completed,Stephanie Davis,,
320,Summer Search Campaign 2023,2025-12-02,68605.36,15829.93,1027710.0,60673.0,2332.0,Paused,Nicole Taylor,,
321,Easter Banner Ads 2023,2025-12-17,25928.28,6473.9,471418.0,3822.0,39.0,Active,Jessica Martinez,,
322,Winter Video Campaign 2025,2025-12-09,21233.37,4104.05,745855.0,18464.0,610.0,Active,Brian Wilson,,
323,Cyber Monday Search Push 2025,2025-12-03,81846.42,32155.56,1947211.0,164179.0,4688.0,Paused,James Miller,,
324,Labor Day Social Campaign 2024,2025-12-14,18465.65,4874.4,334924.0,7723.0,314.0,Active,Rachel Green,,
325,VIP Early Access SMS 2023,2025-10-02,5526.78,5038.76,387237.0,54281.0,2298.0,Completed,Brian Wilson,,
326,Q1 Display Ads 2024,2026-01-04,73004.64,0.0,0.0,0.0,0.0,Planned,David Kim,,
327,Community Engagement 2023 #327,2025-10-19,79651.32,79923.03,4259504.0,32634.0,618.0,Completed,Emily Rodriguez,,
328,High Intent Keywords 2024 #328,2025-11-29,83460.58,19073.58,1970971.0,167388.0,9559.0,Paused,Nicole Taylor,,
329,Memorial Day Social Campaign 2025,2025-01-22,23576.48,22371.31,1196242.0,16762.0,616.0,Completed,Rachel Green,,
330,Year End Video Push 2024,2025-03-01,70281.51,64039.92,3973880.0,80143.0,1728.0,Completed,Brian Wilson,,
331,Summer Newsletter Campaign 2024,2025-02-03,1134.02,934.06,74884.0,3477.0,149.0,Completed,Brian Wilson,,
332,Remarketing Search 2024 #332,2025-12-14,18802.85,3235.68,374672.0,22465.0,1930.0,Active,Michael Chen,,
333,Influencer Partnership 2023 #333,2026-01-29,78608.2,0.0,0.0,0.0,0.0,Planned,Amanda Lee,,
334,Prime Day Banner Ads 2024,2025-11-15,46319.26,34730.75,1811107.0,13246.0,481.0,Paused,Brian Wilson,,
335,Cyber Monday Search Push 2024 #335,2026-03-04,90524.72,0.0,0.0,0.0,0.0,Planned,Nicole Taylor,,
336,Back to School Search Push 2023,2025-11-12,21907.17,21547.63,1281168.0,41079.0,1939.0,Active,Laura Garcia,,
337,Holiday Email Blast 2024,2025-10-04,7434.38,7314.73,440347.0,17428.0,707.0,Completed,Chris Anderson,,
338,Competitor Conquest 2025 #338,2025-11-15,42378.26,30469.46,1725706.0,111502.0,7852.0,Active,Brian Wilson,,
339,Q4 Newsletter Campaign 2025,2025-11-28,6141.79,4258.52,316522.0,15629.0,1223.0,Active,Sarah Johnson,,
340,Back to School Banner Ads 2024,2024-12-20,57429.01,50580.08,3907781.0,36918.0,524.0,Completed,Chris Anderson,,
341,Summer Search Campaign 2025 #341,2024-12-23,95499.88,79418.92,5232485.0,500413.0,37641.0,Completed,Amanda Lee,,
342,Back to School Email Blast 2025,2026-03-16,6848.14,0.0,0.0,0.0,0.0,Planned,Nicole Taylor,,
343,Cyber Monday Social Campaign 2025,2025-11-19,89064.61,50776.53,5177451.0,63508.0,2997.0,Active,Nicole Taylor,,
344,Black Friday Search Push 2023,2025-11-14,88532.32,54538.28,10748770.0,1029739.0,93869.0,Active,Kevin Brown,,
345,Winter Search Campaign 2023,2025-04-29,44097.27,44584.31,8911209.0,480227.0,14336.0,Completed,Jessica Martinez,,
346,Product Showcase Social 2024 #346,2025-08-16,51712.81,48929.36,5946955.0,108135.0,1561.0,Completed,Laura Garcia,,
347,Valentine Video Push 2024,2025-10-10,7962.97,1180.84,86575.0,1220.0,33.0,Cancelled,Laura Garcia,,
348,Holiday Email Blast 2025,2024-11-01,1222.74,1131.83,78768.0,4507.0,53.0,Completed,Andrew Thompson,,
349,Cyber Monday Video Push 2025,2025-11-23,98562.24,80341.35,4884925.0,50042.0,808.0,Active,Michael Chen,,
350,Customer Win-Back Email 2025 #350,2026-02-24,3729.79,0.0,0.0,0.0,0.0,Planned,David Kim,,
351,Q3 Display Ads 2024,2025-07-31,27854.53,28447.5,3156129.0,25062.0,1189.0,Completed,Sarah Johnson,,
352,Contextual Targeting 2025 #352,2026-02-17,21065.15,0.0,0.0,0.0,0.0,Planned,Stephanie Davis,,
353,Trending Topic Campaign 2023 #353,2025-10-30,22577.71,18835.49,1530746.0,41460.0,1159.0,Active,Kevin Brown,,
354,Q3 Video Campaign 2024,2026-02-25,95377.02,0.0,0.0,0.0,0.0,Planned,Michael Chen,,
355,Prime Day Email Blast 2025 #355,2025-09-05,1934.4,1945.52,118284.0,8266.0,274.0,Completed,Rachel Green,,
356,Fall Video Campaign 2024,2025-11-08,99832.33,34805.34,2038468.0,29532.0,730.0,Paused,Michael Chen,,
357,Shopping Ads Campaign 2025 #357,2025-02-27,57632.77,56768.95,6223845.0,613407.0,17899.0,Completed,Amanda Lee,,
358,Streaming TV Ads 2023 #358,2026-01-29,58003.94,0.0,0.0,0.0,0.0,Planned,David Kim,,
359,Brand Keywords Campaign 2023 #359,2026-03-22,48571.95,0.0,0.0,0.0,0.0,Planned,Kevin Brown,,
360,Contextual Targeting 2025 #360,2025-03-21,22797.38,22262.05,1517179.0,11344.0,545.0,Completed,David Kim,,
361,Brand Story Video 2023,2025-11-25,37885.7,15047.81,1007222.0,5893.0,173.0,Active,Andrew Thompson,,
362,Black Friday Video Push 2023,2024-12-09,74877.36,63950.49,7386149.0,99708.0,820.0,Completed,Laura Garcia,,
363,Labor Day Video Push 2025,2025-12-11,30050.46,7084.09,386279.0,3432.0,115.0,Active,Rachel Green,,
364,Coupon Mailer Campaign 2023,2025-10-29,22774.39,22974.43,NaN,NaN,NaN,Completed,Nicole Taylor,,
365,User Generated Content 2025 #365,2024-11-09,3409.4,3325.85,207174.0,5775.0,106.0,Completed,Sarah Johnson,,
366,Labor Day Video Push 2023,2025-02-23,11992.55,10433.98,593105.0,6505.0,95.0,Completed,Andrew Thompson,,
367,Prime Day Email Blast 2025 #367,2026-01-16,1107.83,16.92,2588.0,56.0,1.0,Cancelled,Sarah Johnson,,
368,Cyber Monday Social Campaign 2023,2025-07-07,16149.49,14755.32,1026085.0,15482.0,252.0,Completed,Michael Chen,,
369,Social Contest Campaign 2023 #369,2025-05-08,6811.6,269.62,53376.0,286.0,11.0,Cancelled,Sarah Johnson,,
370,Product Category Search 2023 #370,2026-03-08,38521.21,0.0,0.0,0.0,0.0,Planned,James Miller,,
371,Spring Display Ads 2024,2025-07-29,25386.27,26126.69,1984261.0,5234.0,178.0,Completed,Jessica Martinez,,
372,Fall Search Campaign 2025 #372,2026-01-30,17998.17,0.0,0.0,0.0,0.0,Planned,Kevin Brown,,
373,Order Update SMS 2023,2025-09-22,8898.21,7210.98,415151.0,33269.0,949.0,Completed,Stephanie Davis,,
374,Black Friday Search Push 2025,2025-03-23,75027.18,4712.62,353001.0,12551.0,262.0,Cancelled,Rachel Green,,
375,Easter Search Push 2025,2025-12-06,86355.08,24177.43,2794365.0,261627.0,17269.0,Active,James Miller,,
376,Q3 Video Campaign 2025,2025-08-09,53557.65,50403.94,6250743.0,93022.0,2510.0,Completed,Sarah Johnson,,
377,Cyber Monday Social Campaign 2024,2025-11-22,51820.41,16117.44,943979.0,6506.0,286.0,Active,Laura Garcia,,
378,High Intent Keywords 2024 #378,2025-11-11,76054.13,28890.55,5253014.0,256427.0,20839.0,Active,Brian Wilson,,
379,Year End Email Blast 2025,2025-03-24,2352.34,2247.43,170118.0,3704.0,177.0,Completed,Emily Rodriguez,,
380,Birthday Special Campaign 2023 #380,2025-07-28,3536.87,3383.21,241440.0,10313.0,819.0,Completed,Andrew Thompson,,
381,Year End Email Blast 2023,2025-03-11,5152.5,4251.53,230601.0,13357.0,266.0,Completed,Michael Chen,,
382,Q1 Display Ads 2025,2024-12-14,8216.42,7752.9,639652.0,2474.0,37.0,Completed,Michael Chen,,
383,Spring Display Ads 2025 #383,2025-12-06,91453.1,29003.79,3297241.0,14976.0,534.0,Active,Sarah Johnson,,
384,Short Form Video 2023,2025-10-31,19922.59,10091.69,577811.0,7765.0,316.0,Paused,Chris Anderson,,
385,Q2 Catalog Mailing 2025,2026-02-27,37838.29,0.0,NaN,NaN,NaN,Planned,Michael Chen,,
386,Local Search Campaign 2025 #386,2026-02-27,38062.05,0.0,0.0,0.0,0.0,Planned,James Miller,,
387,Product Category Search 2025 #387,2025-11-24,71146.32,17779.8,1254425.0,71966.0,2000.0,Active,Michael Chen,,
388,Black Friday Email Blast 2023,2025-11-09,5150.56,1994.8,141132.0,10613.0,819.0,Active,Kevin Brown,,
389,Labor Day SMS Deals 2025,2025-11-17,6145.54,1953.72,102872.0,10971.0,1035.0,Active,Emily Rodriguez,,
390,Valentine Email Blast 2025,2025-06-13,6846.07,6448.04,423288.0,18950.0,532.0,Completed,David Kim,,
391,Memorial Day Banner Ads 2025,2025-08-24,84556.48,78799.35,4755231.0,34928.0,1349.0,Completed,David Kim,,
392,Abandoned Cart Recovery 2025 #392,2025-12-17,8973.65,803.82,65374.0,5058.0,290.0,Active,Emily Rodriguez,,
393,Q4 Display Ads 2023,2024-12-26,22754.39,22960.95,1652024.0,5051.0,219.0,Completed,Chris Anderson,,
394,Cyber Monday Banner Ads 2024,2025-05-22,25577.13,20864.31,2317945.0,17394.0,92.0,Completed,Amanda Lee,,
395,Valentine Social Campaign 2024 #395,2025-11-26,65627.83,19328.5,2234875.0,19793.0,866.0,Active,Stephanie Davis,,
396,Audience Display Campaign 2024 #396,2025-11-28,47552.45,10175.36,1161770.0,2719.0,95.0,Active,Brian Wilson,,
397,Short Form Video 2025,2025-08-15,91834.92,77215.66,4873903.0,64106.0,716.0,Completed,Jessica Martinez,,
398,Back to School Email Blast 2023,2025-06-02,8577.3,8184.13,608143.0,32989.0,425.0,Completed,Nicole Taylor,,
399,Trending Topic Campaign 2024 #399,2025-05-14,42734.43,7259.77,1150239.0,6074.0,292.0,Cancelled,James Miller,,
400,Year End Banner Ads 2024,2025-09-04,43836.32,44724.58,3099022.0,14986.0,717.0,Completed,Jessica Martinez,,
401,Year End Search Push 2024,2025-11-29,29649.25,11205.75,1889029.0,67074.0,4286.0,Active,Chris Anderson,,
402,Fall Social Push 2025,2025-10-27,69306.87,35573.83,4462467.0,129722.0,3696.0,Paused,Emily Rodriguez,,
403,Fall Social Push 2024,2025-11-15,45358.91,17694.5,984148.0,16360.0,564.0,Active,Jessica Martinez,,
404,Influencer Partnership 2024 #404,2025-08-05,74373.93,13641.29,1258873.0,7656.0,349.0,Cancelled,David Kim,,
405,Cyber Monday Email Blast 2025,2025-09-02,4519.5,4703.89,269991.0,4432.0,140.0,Completed,David Kim,,
406,Brand Keywords Campaign 2023 #406,2025-03-28,85339.24,15920.25,1603879.0,64376.0,4792.0,Cancelled,Nicole Taylor,,
407,Loyalty Rewards Email 2024 #407,2025-01-25,3224.48,2993.82,541393.0,11326.0,786.0,Completed,Amanda Lee,,
408,Year End Email Blast 2024,2025-02-20,7461.99,6922.79,1310779.0,70301.0,1379.0,Completed,Andrew Thompson,,
409,Birthday SMS Special 2024,2025-12-17,6520.51,1643.66,135393.0,7525.0,670.0,Active,Jessica Martinez,,
410,Community Engagement 2023 #410,2025-01-08,55314.45,44734.35,3028819.0,31289.0,1546.0,Completed,Amanda Lee,,
411,Community Engagement 2025 #411,2025-11-26,3733.49,2244.84,437628.0,10274.0,275.0,Active,Jessica Martinez,,
412,Social Contest Campaign 2023 #412,2025-12-12,57677.99,5425.81,369875.0,6294.0,75.0,Paused,Michael Chen,,
413,Q3 Social Push 2024,2026-02-05,69104.72,0.0,0.0,0.0,0.0,Planned,Nicole Taylor,,
414,Product Showcase Social 2024 #414,2025-11-17,85077.2,23343.48,3424784.0,67266.0,2254.0,Active,Kevin Brown,,
415,Product Category Search 2024 #415,2025-05-24,45430.96,44984.98,7834853.0,710419.0,42714.0,Completed,Kevin Brown,,
416,Weekly Deals Newsletter 2023 #416,2025-03-18,7862.33,7877.07,927181.0,35014.0,2706.0,Completed,Andrew Thompson,,
417,Native Advertising 2024 #417,2025-10-30,5588.14,4153.7,328923.0,1492.0,37.0,Active,Emily Rodriguez,,
418,Memorial Day Banner Ads 2023,2025-01-23,83473.61,74916.27,8284460.0,80467.0,2806.0,Completed,James Miller,,
419,High Intent Keywords 2025 #419,2025-07-21,84092.9,69097.49,11456718.0,1056588.0,78588.0,Completed,Rachel Green,,
420,Summer Display Ads 2023,2025-09-06,8884.04,7993.74,595003.0,2614.0,51.0,Completed,Andrew Thompson,,
421,Q4 Newsletter Campaign 2023,2024-11-06,6349.95,6297.2,538242.0,28665.0,541.0,Completed,Michael Chen,,
422,Anniversary Mailing 2025,2025-11-09,42978.4,16042.67,NaN,NaN,NaN,Active,Chris Anderson,,
423,Q4 Video Campaign 2024,2025-07-02,11409.28,10966.6,580913.0,10754.0,207.0,Completed,Michael Chen,,
424,Contextual Targeting 2025 #424,2025-06-09,34119.27,32456.26,4001968.0,24839.0,1120.0,Completed,Jessica Martinez,,
425,Q2 Newsletter Campaign 2024,2025-09-26,4387.33,3839.92,215994.0,3454.0,80.0,Completed,Kevin Brown,,
426,Q1 Social Push 2024 #426,2025-01-19,94485.45,1509.36,83244.0,2336.0,92.0,Cancelled,Andrew Thompson,,
427,Flash Sale Alert 2023 #427,2025-06-19,9438.51,8951.94,742818.0,32795.0,2605.0,Completed,Jessica Martinez,,
428,Testimonial Videos 2024 #428,2025-11-29,31902.18,14648.62,1285732.0,10903.0,418.0,Active,Rachel Green,,
429,Spring Newsletter Campaign 2024 #429,2026-03-10,1180.58,0.0,0.0,0.0,0.0,Planned,James Miller,,
430,Q4 SMS Blast 2023,2026-02-23,3357.74,0.0,0.0,0.0,0.0,Planned,Jessica Martinez,,
431,High Intent Keywords 2024 #431,2025-11-14,42099.42,14554.2,2695786.0,81736.0,7423.0,Active,Andrew Thompson,,
432,Spring Video Campaign 2025,2025-06-27,98716.5,102280.14,19670943.0,255773.0,7356.0,Completed,Andrew Thompson,,
433,Product Category Search 2025 #433,2025-02-18,83607.68,80836.09,12097502.0,367736.0,13567.0,Completed,Nicole Taylor,,
434,Competitor Conquest 2024 #434,2025-12-06,17798.15,4200.53,409042.0,16318.0,1550.0,Active,Kevin Brown,,
435,Prime Day SMS Deals 2024,2026-02-25,3091.48,0.0,0.0,0.0,0.0,Planned,Emily Rodriguez,,
436,Product Showcase Social 2023 #436,2025-05-13,19532.31,17929.09,1683236.0,8419.0,174.0,Completed,Laura Garcia,,
437,Product Launch Announcement 2023 #437,2026-01-02,2591.89,0.0,0.0,0.0,0.0,Planned,Jessica Martinez,,
438,Q4 Social Push 2024 #438,2025-06-16,79159.23,76029.05,3977579.0,103173.0,857.0,Completed,David Kim,,
439,Brand Awareness Display 2023 #439,2025-11-13,67603.43,26186.27,2881733.0,2986.0,81.0,Active,James Miller,,
440,High Intent Keywords 2025 #440,2025-10-31,81801.56,62042.74,5402056.0,475685.0,12210.0,Active,Brian Wilson,,
441,Product Demo Videos 2024 #441,2025-09-06,48254.81,40330.23,2343535.0,54937.0,963.0,Completed,Stephanie Davis,,
442,Year End Email Blast 2023 #442,2025-11-22,3253.96,2409.49,166547.0,5575.0,419.0,Paused,Rachel Green,,
443,Q3 Search Campaign 2025,2026-03-03,11023.65,0.0,0.0,0.0,0.0,Planned,Nicole Taylor,,
444,Product Category Search 2023 #444,2025-11-09,17108.46,16317.82,982216.0,78025.0,3548.0,Active,Amanda Lee,,
445,Influencer Partnership 2025 #445,2025-02-16,6285.43,110.31,6035.0,134.0,6.0,Cancelled,Rachel Green,,
446,Q2 Video Campaign 2024,2025-08-15,93627.73,96988.73,10568325.0,211388.0,8661.0,Completed,Chris Anderson,,
447,Community Engagement 2023 #447,2025-09-30,38403.71,37673.68,2288859.0,19075.0,729.0,Completed,Michael Chen,,
448,High Intent Keywords 2024 #448,2025-01-13,44076.82,43896.85,7585340.0,403664.0,10435.0,Completed,Brian Wilson,,
449,Customer Win-Back Email 2024 #449,2026-03-24,8545.96,0.0,0.0,0.0,0.0,Planned,Michael Chen,,
450,Q2 Display Ads 2024,2025-02-14,29617.95,30948.02,2029881.0,5986.0,212.0,Completed,Nicole Taylor,,
451,Flash Sale Alert 2025 #451,2025-11-16,2388.31,1072.82,114991.0,4711.0,278.0,Active,Stephanie Davis,,
452,Birthday Special Campaign 2023 #452,2025-11-26,9414.35,1976.89,234715.0,3000.0,187.0,Active,Laura Garcia,,
453,Brand Awareness Drive 2023 #453,2025-10-27,92167.48,74762.81,5343862.0,69088.0,2250.0,Completed,David Kim,,
454,Easter Banner Ads 2024,2025-11-10,91625.18,50774.93,3589570.0,23116.0,217.0,Active,Kevin Brown,,
455,Brand Story Video 2024 #455,2025-12-07,93711.04,15353.93,1921385.0,12125.0,485.0,Active,Stephanie Davis,,
456,Prime Day SMS Deals 2025,2026-03-14,8438.1,0.0,0.0,0.0,0.0,Planned,Nicole Taylor,,
457,Brand Awareness Display 2024 #457,2025-11-20,97563.87,67884.36,6026470.0,41727.0,1840.0,Paused,Kevin Brown,,
458,Valentine Direct Mail 2023,2025-12-12,45644.61,6821.49,NaN,NaN,NaN,Active,James Miller,,
459,Fall Social Push 2024 #459,2025-05-07,60279.5,53714.75,7912860.0,114388.0,4587.0,Completed,Amanda Lee,,
460,Valentine Banner Ads 2024,2025-08-09,20202.75,17715.05,3303552.0,5891.0,151.0,Completed,Laura Garcia,,
461,Remarketing Search 2025 #461,2025-11-11,66907.44,52595.81,4903394.0,281604.0,12211.0,Active,Brian Wilson,,
462,Weekly Deals Newsletter 2023 #462,2025-11-01,7034.0,6865.28,441253.0,13285.0,240.0,Paused,Chris Anderson,,
463,Social Contest Campaign 2025 #463,2025-11-15,15684.83,7566.22,627788.0,7934.0,155.0,Active,Stephanie Davis,,
464,VIP Early Access SMS 2024,2025-07-29,4923.35,4065.78,233199.0,33834.0,3982.0,Completed,Nicole Taylor,,
465,Easter Social Campaign 2024,2025-11-04,5492.22,3204.92,371681.0,6754.0,231.0,Active,Laura Garcia,,
466,Black Friday Banner Ads 2025,2025-12-12,57069.18,7251.79,484514.0,1580.0,40.0,Paused,Sarah Johnson,,
467,Cross-Network Display 2024 #467,2025-12-18,27327.64,1738.39,150218.0,199.0,3.0,Active,Andrew Thompson,,
468,High Intent Keywords 2024 #468,2025-01-04,71405.37,67721.73,5476174.0,380174.0,16209.0,Completed,Nicole Taylor,,
469,Back to School SMS Deals 2024,2025-04-16,6437.49,678.11,56922.0,6158.0,576.0,Cancelled,Michael Chen,,
470,Holiday Search Push 2024,2024-12-25,73252.04,73670.66,6328498.0,161803.0,8101.0,Completed,Stephanie Davis,,
471,Easter Email Blast 2025 #471,2025-11-09,1998.32,938.07,128537.0,5150.0,97.0,Paused,Rachel Green,,
472,Social Proof Campaign 2025 #472,2025-12-12,75785.59,9530.51,1206304.0,8993.0,258.0,Cancelled,James Miller,,
473,Dynamic Search Ads 2024 #473,2025-07-15,5039.04,4032.67,303501.0,11789.0,1043.0,Completed,Chris Anderson,,
474,Easter Search Push 2023 #474,2025-06-20,11162.14,9466.88,595862.0,48547.0,2410.0,Completed,Kevin Brown,,
475,Back to School Email Blast 2024,2025-10-03,4482.15,4390.37,398893.0,18878.0,254.0,Completed,David Kim,,
476,Flash Sale Alert 2023 #476,2024-11-06,6870.9,6790.43,355492.0,8003.0,153.0,Completed,Brian Wilson,,
477,Q1 Newsletter Campaign 2025,2025-07-16,4349.99,4145.38,244413.0,6395.0,490.0,Completed,Nicole Taylor,,
478,Summer Video Campaign 2023,2025-06-19,32203.78,30944.97,1677128.0,17617.0,541.0,Completed,Michael Chen,,
479,Product Showcase Social 2024 #479,2025-11-11,22519.13,9532.48,517076.0,2763.0,105.0,Active,Sarah Johnson,,
480,Retargeting Display 2023 #480,2025-05-15,30122.9,30850.03,2018629.0,10086.0,498.0,Completed,Chris Anderson,,
481,Native Advertising 2025 #481,2025-08-31,16360.4,16844.82,2216522.0,6528.0,200.0,Completed,Emily Rodriguez,,
482,Product Launch Announcement 2024 #482,2025-08-09,1179.35,1071.82,92618.0,1087.0,45.0,Completed,David Kim,,
483,Product Category Search 2025 #483,2025-12-04,65463.83,10935.66,584717.0,26168.0,709.0,Active,Chris Anderson,,
484,Memorial Day Video Push 2025,2025-12-07,80723.68,11725.04,905400.0,11388.0,254.0,Active,Laura Garcia,,
485,Fall Display Ads 2024,2025-06-03,45448.28,44524.21,4793090.0,19221.0,601.0,Completed,James Miller,,
486,Winter Social Push 2023,2026-02-27,58731.56,0.0,0.0,0.0,0.0,Planned,Brian Wilson,,
487,Holiday Banner Ads 2025,2025-11-13,48289.53,22867.99,2892354.0,21476.0,711.0,Paused,Michael Chen,,
488,Q2 Display Ads 2025,2025-11-03,36228.72,29453.39,3042609.0,10479.0,277.0,Active,Andrew Thompson,,
489,Q1 Newsletter Campaign 2024,2025-12-13,5094.78,467.13,47773.0,2649.0,145.0,Active,Rachel Green,,
490,Native Advertising 2024 #490,2026-01-12,94700.7,0.0,0.0,0.0,0.0,Planned,Stephanie Davis,,
491,Brand Awareness Drive 2025 #491,2026-01-08,66135.39,0.0,0.0,0.0,0.0,Planned,Sarah Johnson,,
492,Q2 Newsletter Campaign 2025,2024-11-01,3164.34,2768.29,307359.0,5030.0,223.0,Completed,Jessica Martinez,,
493,Community Engagement 2025 #493,2025-02-01,86822.57,75328.46,4204117.0,45238.0,1330.0,Completed,Andrew Thompson,,
494,Q4 Search Campaign 2023 #494,2025-01-11,22250.09,22635.19,1215998.0,77549.0,5404.0,Completed,Rachel Green,,
495,Trending Topic Campaign 2025 #495,2025-08-08,69736.51,67566.08,3788819.0,101607.0,2448.0,Completed,Amanda Lee,,
496,Social Video Ads 2024 #496,2025-11-23,49242.75,30857.71,5173040.0,43542.0,1063.0,Active,Brian Wilson,,
497,New Arrivals Newsletter 2025 #497,2025-11-25,2279.3,664.98,38327.0,1275.0,26.0,Active,Laura Garcia,,
498,Audience Display Campaign 2025 #498,2025-11-09,95245.67,37498.28,3981481.0,37685.0,1511.0,Active,Andrew Thompson,,
499,Valentine Email Blast 2024,2025-04-09,3514.84,3503.94,191191.0,6698.0,122.0,Completed,James Miller,,
500,Community Engagement 2025 #500,2025-03-06,97774.81,102320.63,8178625.0,54046.0,1968.0,Completed,Emily Rodriguez,,
501,Contextual Targeting 2024 #501,2025-11-26,90891.94,30154.44,1524449.0,9765.0,61.0,Active,David Kim,,
502,Social Proof Campaign 2025 #502,2025-11-30,27561.65,18596.08,1099990.0,13318.0,550.0,Active,Chris Anderson,,
503,Memorial Day Social Campaign 2024 #503,2025-01-16,6067.38,5213.89,422267.0,11728.0,523.0,Completed,Michael Chen,,
504,Community Engagement 2024 #504,2026-03-23,20674.92,0.0,0.0,0.0,0.0,Planned,Stephanie Davis,,
505,Competitor Conquest 2025 #505,2026-03-14,4774.78,0.0,0.0,0.0,0.0,Planned,Nicole Taylor,,
506,Holiday Search Push 2023,2026-02-19,30840.01,0.0,0.0,0.0,0.0,Planned,James Miller,,
507,Easter Banner Ads 2025,2025-12-02,34745.35,18853.34,2855941.0,4592.0,108.0,Paused,Andrew Thompson,,
508,Flash Sale Alert 2025 #508,2025-12-18,6784.65,445.56,34220.0,1805.0,133.0,Active,David Kim,,
509,Valentine Email Blast 2025 #509,2025-11-03,7823.78,4555.12,434972.0,10163.0,360.0,Active,Kevin Brown,,
510,Q4 SMS Blast 2024,2025-10-02,3129.2,2518.32,364920.0,29656.0,3399.0,Completed,Amanda Lee,,
511,Cyber Monday Video Push 2024,2025-07-27,71178.32,61386.53,5209985.0,29156.0,160.0,Completed,Laura Garcia,,
512,Programmatic Display 2025 #512,2024-10-18,70056.93,72353.16,4463011.0,26748.0,1009.0,Completed,Jessica Martinez,,
513,Trending Topic Campaign 2024 #513,2025-02-19,80236.7,78391.65,6829146.0,177853.0,6831.0,Completed,Jessica Martinez,,
514,Product Launch Announcement 2025 #514,2025-04-23,9601.96,9110.32,1408932.0,52911.0,1338.0,Completed,Sarah Johnson,,
515,Product Launch Announcement 2024 #515,2024-12-08,1746.38,1800.12,157315.0,5643.0,69.0,Completed,Kevin Brown,,
516,Dynamic Search Ads 2024 #516,2025-10-29,7926.09,6445.17,645098.0,16472.0,444.0,Paused,Nicole Taylor,,
517,Trending Topic Campaign 2024 #517,2025-02-20,32384.63,33251.76,2011563.0,45625.0,285.0,Completed,David Kim,,
518,Influencer Partnership 2025 #518,2024-12-20,99231.68,10354.88,696754.0,8062.0,320.0,Cancelled,Andrew Thompson,,
519,Fall Social Push 2023 #519,2025-10-29,14013.05,12370.8,993028.0,11689.0,457.0,Active,Rachel Green,,
520,Spring Video Campaign 2023,2025-12-16,82299.2,10360.61,600983.0,11370.0,440.0,Active,David Kim,,
521,Easter Video Push 2025,2025-10-06,64766.32,57211.87,3999114.0,22400.0,216.0,Completed,James Miller,,
522,User Generated Content 2023 #522,2025-11-07,26629.3,14040.96,810603.0,10374.0,332.0,Active,Sarah Johnson,,
523,Premium Customer Package 2024,2025-11-24,10826.92,6180.7,NaN,NaN,NaN,Active,James Miller,,
524,Back to School Search Push 2025,2025-07-23,41905.81,43260.83,2376560.0,115894.0,11411.0,Completed,Emily Rodriguez,,
525,Labor Day Banner Ads 2024,2025-12-10,83222.42,11295.57,571651.0,4877.0,118.0,Paused,Amanda Lee,,
526,Programmatic Display 2025 #526,2025-07-20,83423.62,79576.92,6982363.0,18577.0,719.0,Completed,David Kim,,
527,Winter Search Campaign 2023 #527,2025-12-12,62892.06,8543.75,1142377.0,60900.0,1722.0,Active,Emily Rodriguez,,
528,Labor Day Video Push 2025 #528,2025-10-16,63350.84,61893.78,3137669.0,19623.0,734.0,Completed,Nicole Taylor,,
529,Programmatic Display 2025 #529,2025-01-12,72379.17,58007.11,3043493.0,26765.0,590.0,Completed,Michael Chen,,
530,Shopping Ads Campaign 2024 #530,2025-11-26,86299.72,38734.82,2495399.0,220897.0,6774.0,Active,Stephanie Davis,,
531,Social Proof Campaign 2025 #531,2025-11-05,81726.44,30639.61,1816946.0,40466.0,1068.0,Active,Michael Chen,,
532,Q3 Search Campaign 2024 #532,2025-04-18,61228.02,63831.57,3932452.0,129899.0,9526.0,Completed,Nicole Taylor,,
533,Trending Topic Campaign 2025 #533,2025-10-22,95187.1,94834.23,6036847.0,172197.0,3316.0,Completed,Amanda Lee,,
534,Customer Win-Back Email 2024 #534,2025-06-25,3137.44,2803.94,303810.0,8800.0,530.0,Completed,Andrew Thompson,,
535,Retargeting Display 2024 #535,2025-09-05,96693.78,94562.11,7118281.0,65035.0,894.0,Completed,Nicole Taylor,,
536,High Intent Keywords 2023 #536,2025-01-15,19709.1,19015.35,1010692.0,74881.0,2157.0,Completed,Emily Rodriguez,,
537,Q1 Search Campaign 2025,2025-07-17,14785.8,12157.8,919245.0,42680.0,3063.0,Completed,Andrew Thompson,,
538,Brand Awareness Drive 2025 #538,2025-01-03,94319.73,84666.71,10728184.0,170960.0,3411.0,Completed,Jessica Martinez,,
539,Flash Sale Alert 2024 #539,2025-09-24,5809.29,5167.49,509307.0,24398.0,771.0,Completed,Jessica Martinez,,
540,Memorial Day Search Push 2024,2025-11-25,30246.36,8375.02,486313.0,28992.0,1118.0,Active,Nicole Taylor,,
541,Trending Topic Campaign 2025 #541,2025-11-28,4011.78,833.55,95361.0,1011.0,8.0,Active,Stephanie Davis,,
542,Q1 Search Campaign 2023,2025-12-10,14547.0,4250.39,547164.0,21896.0,1327.0,Active,Chris Anderson,,
543,Loyalty Rewards Email 2025 #543,2025-10-27,6718.28,3360.68,168445.0,12976.0,349.0,Active,Brian Wilson,,
544,Social Contest Campaign 2023 #544,2025-01-21,11382.84,9279.94,610754.0,9110.0,273.0,Completed,Sarah Johnson,,
545,Fall Social Push 2024 #545,2025-12-02,18976.9,3819.62,275378.0,7791.0,229.0,Active,Brian Wilson,,
546,Customer Win-Back Email 2024 #546,2024-12-20,3185.78,3112.63,196291.0,8068.0,312.0,Completed,James Miller,,
547,Memorial Day Email Blast 2024,2024-12-12,4528.41,4192.19,322545.0,12629.0,923.0,Completed,Brian Wilson,,
548,Product Showcase Social 2023 #548,2025-09-10,84738.54,85687.66,12341215.0,304154.0,4945.0,Completed,Nicole Taylor,,
549,Q3 Display Ads 2023,2025-12-08,12668.64,5035.42,327732.0,1921.0,50.0,Paused,Sarah Johnson,,
550,Social Proof Campaign 2023 #550,2026-02-21,28661.29,0.0,0.0,0.0,0.0,Planned,Emily Rodriguez,,
551,Influencer Partnership 2023 #551,2026-03-15,70225.28,0.0,0.0,0.0,0.0,Planned,James Miller,,
552,Labor Day Banner Ads 2025,2025-09-20,32557.25,30472.89,5633387.0,43641.0,572.0,Completed,Nicole Taylor,,
553,Brand Story Video 2025 #553,2025-12-10,90658.71,11444.47,865647.0,4367.0,98.0,Active,Sarah Johnson,,
554,Influencer Partnership 2024 #554,2024-12-02,47920.17,6983.46,434480.0,8441.0,341.0,Cancelled,Amanda Lee,,
555,Trending Topic Campaign 2025 #555,2025-12-06,59439.0,19182.43,1488066.0,11827.0,220.0,Active,Andrew Thompson,,
556,Competitor Conquest 2024 #556,2025-02-21,47489.73,8737.8,474300.0,32329.0,2609.0,Cancelled,Brian Wilson,,
557,Remarketing Search 2023 #557,2025-08-05,41683.12,38623.64,3918823.0,250948.0,7912.0,Completed,Emily Rodriguez,,
558,Programmatic Display 2023 #558,2025-04-21,73481.74,73968.75,4379832.0,37603.0,321.0,Completed,Kevin Brown,,
559,Valentine Social Campaign 2024 #559,2025-10-29,88775.67,51632.77,4748726.0,105020.0,1162.0,Paused,Stephanie Davis,,
560,Local Search Campaign 2025 #560,2025-04-13,2597.63,2254.88,285402.0,11635.0,776.0,Completed,Brian Wilson,,
561,Social Proof Campaign 2025 #561,2025-10-24,94888.17,89095.47,10016973.0,299366.0,3057.0,Completed,Emily Rodriguez,,
562,Spring Newsletter Campaign 2025,2026-03-04,5776.6,0.0,0.0,0.0,0.0,Planned,David Kim,,
563,Product Display Ads 2024 #563,2025-03-06,85678.69,89187.35,7805219.0,76178.0,421.0,Completed,Brian Wilson,,
564,Brand Awareness Drive 2025 #564,2025-12-17,73863.26,5260.55,325875.0,2417.0,73.0,Active,Rachel Green,,
565,Community Engagement 2023 #565,2025-11-15,38123.63,18364.91,1145499.0,17282.0,416.0,Paused,Kevin Brown,,
566,Abandoned Cart Recovery 2025 #566,2026-01-07,1339.95,0.0,0.0,0.0,0.0,Planned,Andrew Thompson,,
567,Birthday SMS Special 2023,2025-11-17,4191.74,1444.32,184183.0,26006.0,603.0,Paused,Jessica Martinez,,
568,Programmatic Display 2024 #568,2025-11-23,51504.63,14655.95,2598781.0,18618.0,686.0,Active,Laura Garcia,,
569,Trending Topic Campaign 2024 #569,2025-11-29,4581.35,2333.67,128919.0,3168.0,102.0,Active,James Miller,,
570,New Arrivals Newsletter 2023 #570,2025-11-22,1957.28,648.42,67868.0,3181.0,214.0,Active,Kevin Brown,,
571,Social Contest Campaign 2025 #571,2025-12-06,82362.16,18360.61,2599248.0,50915.0,1609.0,Paused,Michael Chen,,
572,Trending Topic Campaign 2023 #572,2025-11-16,96104.15,81872.35,5153947.0,37156.0,1750.0,Active,Laura Garcia,,
573,Spring Social Push 2023 #573,2026-01-05,79099.94,0.0,0.0,0.0,0.0,Planned,Nicole Taylor,,
574,User Generated Content 2025 #574,2025-02-01,6301.57,6305.7,418754.0,3993.0,176.0,Completed,Laura Garcia,,
575,Short Form Video 2023 #575,2025-04-30,64531.47,63943.91,6168163.0,152288.0,7464.0,Completed,Sarah Johnson,,
576,New Arrivals Newsletter 2023 #576,2025-11-13,2297.99,865.06,104974.0,1126.0,60.0,Paused,Andrew Thompson,,
577,Brand Awareness Drive 2025 #577,2025-09-12,70980.3,59258.09,6880712.0,35041.0,1311.0,Completed,Rachel Green,,
578,Native Advertising 2023 #578,2025-12-02,66613.03,39991.35,2751340.0,20822.0,165.0,Active,Amanda Lee,,
579,Social Proof Campaign 2023 #579,2026-02-10,87695.89,0.0,0.0,0.0,0.0,Planned,Emily Rodriguez,,
580,Social Contest Campaign 2024 #580,2024-12-13,16249.6,15348.07,1061906.0,7899.0,139.0,Completed,Sarah Johnson,,
581,Year End Video Push 2025,2025-09-02,63399.54,58839.62,3070325.0,63283.0,3046.0,Completed,Brian Wilson,,
582,Social Proof Campaign 2024 #582,2025-12-04,13329.96,2637.35,164291.0,4462.0,80.0,Active,Sarah Johnson,,
583,Social Proof Campaign 2023 #583,2025-12-03,61486.16,19498.1,1374684.0,33425.0,390.0,Active,Emily Rodriguez,,
584,Q4 Video Campaign 2025 #584,2026-01-06,65198.73,0.0,0.0,0.0,0.0,Planned,Nicole Taylor,,
585,Product Launch Announcement 2024 #585,2025-08-19,6909.32,5667.97,765113.0,15967.0,565.0,Completed,James Miller,,
586,Short Form Video 2024 #586,2025-05-08,77393.89,69028.23,5155675.0,94379.0,3929.0,Completed,Kevin Brown,,
587,Shopping Ads Campaign 2025 #587,2025-11-08,53594.94,34516.35,5140297.0,281574.0,10863.0,Active,Emily Rodriguez,,
588,Cross-Network Display 2024 #588,2025-11-27,35146.9,11996.54,800286.0,1636.0,79.0,Paused,Kevin Brown,,
589,Community Engagement 2024 #589,2025-10-12,11879.25,79.04,4585.0,62.0,2.0,Cancelled,James Miller,,
590,Summer Newsletter Campaign 2023,2025-03-24,9354.35,7512.62,430398.0,18434.0,939.0,Completed,Emily Rodriguez,,
591,Native Advertising 2025 #591,2025-11-09,28672.95,12091.7,1374960.0,1464.0,58.0,Active,Emily Rodriguez,,
592,Local Search Campaign 2025 #592,2025-12-04,81327.4,33456.57,1901022.0,106957.0,6537.0,Active,Michael Chen,,
593,Retargeting Display 2024 #593,2025-11-02,21823.53,11542.89,1092833.0,1604.0,72.0,Active,Nicole Taylor,,
594,Summer Social Push 2023,2025-06-23,42177.49,37463.87,5170410.0,146303.0,2569.0,Completed,Sarah Johnson,,
595,Audience Display Campaign 2025 #595,2025-01-19,96918.39,88569.24,4874501.0,6258.0,268.0,Completed,Andrew Thompson,,
596,Black Friday SMS Deals 2023,2025-03-29,5088.18,4329.99,258544.0,28922.0,2732.0,Completed,Brian Wilson,,
597,Social Proof Campaign 2023 #597,2025-08-23,63444.99,58677.54,4582030.0,81086.0,1345.0,Completed,Brian Wilson,,
598,Brand Keywords Campaign 2024 #598,2025-10-17,63910.2,56949.42,3247732.0,222262.0,10603.0,Completed,Sarah Johnson,,
599,Back to School Email Blast 2025 #599,2026-01-22,1176.38,0.0,0.0,0.0,0.0,Planned,Nicole Taylor,,
600,Influencer Partnership 2024 #600,2025-07-19,44329.81,36594.38,2021257.0,40028.0,307.0,Completed,Andrew Thompson,,
601,Birthday Special Campaign 2023 #601,2025-05-19,8659.34,7240.75,560244.0,27444.0,788.0,Completed,James Miller,,
602,User Generated Content 2025 #602,2025-05-31,90246.93,74243.07,5843683.0,129252.0,4254.0,Completed,Laura Garcia,,
603,Social Contest Campaign 2025 #603,2024-12-17,82700.31,84273.62,4850419.0,130509.0,3105.0,Completed,Chris Anderson,,
604,High Intent Keywords 2023 #604,2025-05-09,23226.39,22311.87,2769886.0,123460.0,3452.0,Completed,Michael Chen,,
605,Birthday Special Campaign 2025 #605,2025-11-20,3824.69,2841.19,277359.0,18987.0,326.0,Active,Jessica Martinez,,
606,Valentine Banner Ads 2023,2025-01-04,55935.02,52452.44,2893767.0,20898.0,786.0,Completed,Michael Chen,,
607,Winter Newsletter Campaign 2023 #607,2025-03-23,8325.52,118.66,7845.0,98.0,7.0,Cancelled,Michael Chen,,
608,Product Showcase Social 2025 #608,2025-11-16,4990.0,5076.82,281310.0,4016.0,82.0,Active,Stephanie Davis,,
609,Influencer Partnership 2023 #609,2026-01-20,81694.9,0.0,0.0,0.0,0.0,Planned,Sarah Johnson,,
610,Summer Search Campaign 2024,2025-10-31,94735.58,49474.82,2545873.0,131742.0,8902.0,Paused,Chris Anderson,,
611,Flash Sale Alert 2023 #611,2025-05-09,6306.88,5562.79,485156.0,37161.0,1165.0,Completed,Kevin Brown,,
612,User Generated Content 2024 #612,2026-02-08,37606.37,0.0,0.0,0.0,0.0,Planned,Stephanie Davis,,
613,Labor Day Email Blast 2023,2026-02-18,7703.43,0.0,0.0,0.0,0.0,Planned,Chris Anderson,,
614,Trending Topic Campaign 2025 #614,2025-11-08,50773.4,18849.08,1703689.0,49764.0,355.0,Active,Emily Rodriguez,,
615,Remarketing Search 2023 #615,2026-03-01,98551.93,0.0,0.0,0.0,0.0,Planned,Kevin Brown,,
616,Programmatic Display 2025 #616,2025-11-07,80323.73,36394.36,2120163.0,15011.0,448.0,Active,James Miller,,
617,Easter Social Campaign 2025,2025-09-01,89071.63,91486.04,7479098.0,187907.0,2521.0,Completed,Sarah Johnson,,
618,Product Demo Videos 2025 #618,2026-03-23,59545.23,0.0,0.0,0.0,0.0,Planned,Stephanie Davis,,
619,Programmatic Display 2023 #619,2025-04-17,21186.18,19705.45,1615029.0,9516.0,156.0,Completed,James Miller,,
620,Shopping Ads Campaign 2023 #620,2025-04-21,84668.32,67740.47,3834967.0,185603.0,7973.0,Completed,Michael Chen,,
621,Valentine Email Blast 2024 #621,2025-11-27,3708.98,1225.43,62234.0,3920.0,179.0,Paused,Emily Rodriguez,,
622,Year End Direct Mail 2024,2026-03-01,8251.15,0.0,NaN,NaN,NaN,Planned,Andrew Thompson,,
623,Product Category Search 2025 #623,2025-05-09,97660.18,82852.19,9724674.0,767482.0,26403.0,Completed,Chris Anderson,,
624,Competitor Conquest 2025 #624,2025-11-19,38891.28,20329.66,1894296.0,61589.0,1360.0,Paused,Kevin Brown,,
625,Birthday Special Campaign 2024 #625,2025-03-05,3214.97,3354.13,347421.0,22994.0,417.0,Completed,Rachel Green,,
626,Winter Social Push 2024,2025-04-02,23876.58,4597.93,418926.0,11684.0,272.0,Cancelled,Emily Rodriguez,,
627,Weekly Deals Newsletter 2023 #627,2025-11-01,8192.55,6171.34,687350.0,48881.0,3011.0,Active,Chris Anderson,,
628,Native Advertising 2025 #628,2025-12-13,79381.27,8788.3,490890.0,3494.0,104.0,Active,Kevin Brown,,
629,Retargeting Display 2025 #629,2025-12-11,82559.16,32495.31,2910446.0,24950.0,627.0,Active,Rachel Green,,
630,Loyalty SMS Campaign 2023,2026-03-16,1150.89,0.0,0.0,0.0,0.0,Planned,Jessica Martinez,,
631,Fall Display Ads 2023,2025-11-14,3299.4,1168.69,153747.0,1049.0,34.0,Active,James Miller,,
632,Fall Social Push 2025 #632,2025-09-22,86123.82,77922.15,8003703.0,131209.0,1382.0,Completed,James Miller,,
633,Weekly Deals Newsletter 2024 #633,2025-11-20,1157.82,484.83,47165.0,2109.0,26.0,Active,David Kim,,
634,Q2 Search Campaign 2024 #634,2025-03-18,31260.22,4285.93,221164.0,15918.0,408.0,Cancelled,Amanda Lee,,
635,Brand Keywords Campaign 2023 #635,2025-03-12,13770.36,42.07,4880.0,461.0,39.0,Cancelled,Jessica Martinez,,
636,Cyber Monday Banner Ads 2025,2025-02-05,89726.16,77536.54,5192728.0,5629.0,171.0,Completed,Rachel Green,,
637,Fall Social Push 2024 #637,2025-11-28,53481.08,14859.09,777483.0,21027.0,118.0,Paused,Chris Anderson,,
638,Programmatic Display 2025 #638,2025-11-03,67915.86,56893.41,5412601.0,43740.0,1928.0,Paused,Nicole Taylor,,
639,High Intent Keywords 2023 #639,2025-03-25,55533.35,9627.55,626748.0,37436.0,2571.0,Cancelled,Stephanie Davis,,
640,Loyalty Rewards Email 2023 #640,2025-12-07,7581.4,1236.1,83596.0,3973.0,278.0,Paused,Brian Wilson,,
641,Customer Win-Back Email 2025 #641,2025-10-07,7349.13,6994.89,424614.0,25614.0,1023.0,Completed,Brian Wilson,,
642,Contextual Targeting 2024 #642,2025-11-06,94987.08,39238.35,2816433.0,4677.0,26.0,Paused,Brian Wilson,,
643,Product Category Search 2025 #643,2025-05-18,10675.73,2008.96,139469.0,12172.0,792.0,Cancelled,Kevin Brown,,
644,Dynamic Search Ads 2023 #644,2024-12-02,13311.12,12114.35,1673102.0,120286.0,7728.0,Completed,Laura Garcia,,
645,Loyalty Rewards Email 2023 #645,2026-03-06,1810.76,0.0,0.0,0.0,0.0,Planned,Brian Wilson,,
646,Native Advertising 2024 #646,2025-10-28,46265.58,27486.86,1796756.0,13699.0,347.0,Paused,Laura Garcia,,
647,Product Showcase Social 2024 #647,2025-09-13,71458.0,69675.83,4141457.0,43523.0,1052.0,Completed,Kevin Brown,,
648,Remarketing Search 2024 #648,2025-11-11,84231.48,44951.49,4319979.0,252930.0,12873.0,Active,David Kim,,
649,Retargeting Display 2023 #649,2026-02-10,71181.57,0.0,0.0,0.0,0.0,Planned,Amanda Lee,,
650,Customer Win-Back Email 2024 #650,2025-02-02,5323.58,650.96,35882.0,2839.0,226.0,Cancelled,Sarah Johnson,,
651,Memorial Day Banner Ads 2024,2025-09-14,20057.99,17949.36,2396361.0,13546.0,462.0,Completed,Sarah Johnson,,
652,Native Advertising 2025 #652,2025-12-15,99261.68,12675.03,1371942.0,4153.0,156.0,Active,Laura Garcia,,
653,Q1 SMS Blast 2025,2026-03-10,6615.48,0.0,0.0,0.0,0.0,Planned,Sarah Johnson,,
654,Product Display Ads 2023 #654,2025-01-28,23964.22,3095.75,508154.0,3801.0,179.0,Cancelled,Chris Anderson,,
655,Memorial Day Video Push 2024,2025-04-07,65112.22,55211.48,8341430.0,127529.0,3411.0,Completed,Amanda Lee,,
656,Loyalty Rewards Email 2025 #656,2026-03-02,5504.04,0.0,0.0,0.0,0.0,Planned,James Miller,,
657,Q2 Video Campaign 2025,2025-06-11,13628.47,499.72,37927.0,716.0,19.0,Cancelled,Laura Garcia,,
658,Native Advertising 2025 #658,2025-06-14,13763.7,12349.51,1331508.0,10449.0,182.0,Completed,Stephanie Davis,,
659,Loyalty Rewards Email 2023 #659,2025-11-08,6113.93,2417.45,183987.0,2389.0,43.0,Active,Rachel Green,,
660,Prime Day Social Campaign 2025 #660,2025-11-06,38819.74,21535.22,1101428.0,13268.0,570.0,Active,Brian Wilson,,
661,Brand Keywords Campaign 2025 #661,2025-02-18,87562.31,90241.57,5571880.0,188479.0,9296.0,Completed,David Kim,,
662,Social Proof Campaign 2024 #662,2025-11-24,43724.04,17990.99,2393346.0,30050.0,1071.0,Active,Laura Garcia,,
663,Q3 Search Campaign 2023 #663,2026-03-24,32013.83,0.0,0.0,0.0,0.0,Planned,Rachel Green,,
664,Competitor Conquest 2024 #664,2024-12-12,51097.47,51783.7,4529506.0,347370.0,19301.0,Completed,Michael Chen,,
665,High Intent Keywords 2023 #665,2026-01-18,25939.41,0.0,0.0,0.0,0.0,Planned,Emily Rodriguez,,
666,Competitor Conquest 2025 #666,2024-11-23,93534.3,91395.27,4786547.0,471672.0,42940.0,Completed,Andrew Thompson,,
667,Flash Sale Alert 2025 #667,2025-05-10,9752.1,1277.35,243937.0,13786.0,428.0,Cancelled,Brian Wilson,,
668,Community Engagement 2025 #668,2025-08-12,4256.51,3896.62,346663.0,7162.0,113.0,Completed,Chris Anderson,,
669,Brand Keywords Campaign 2023 #669,2025-11-08,82289.64,58439.8,3411118.0,187455.0,10224.0,Active,Laura Garcia,,
670,Memorial Day Email Blast 2025,2024-11-29,3326.46,2670.68,133588.0,10615.0,653.0,Completed,Laura Garcia,,
671,Programmatic Display 2024 #671,2025-11-17,32356.83,12952.42,1761366.0,5107.0,47.0,Active,Stephanie Davis,,
672,Winter Display Ads 2024 #672,2025-10-20,11807.81,11663.24,1153113.0,7136.0,189.0,Completed,James Miller,,
673,Cyber Monday Social Campaign 2025 #673,2025-07-20,14281.43,13585.79,1550826.0,37411.0,473.0,Completed,Nicole Taylor,,
674,Influencer Partnership 2023 #674,2025-06-07,45776.52,43916.71,2410788.0,19015.0,470.0,Completed,Kevin Brown,,
675,Streaming TV Ads 2025 #675,2025-06-30,20579.27,18707.97,2075458.0,35289.0,1048.0,Completed,Stephanie Davis,,
676,Black Friday Video Push 2024,2025-11-29,28622.91,5474.06,312390.0,7744.0,248.0,Paused,Jessica Martinez,,
677,Flash Sale Alert 2023 #677,2025-12-03,6534.21,1189.94,201646.0,10551.0,684.0,Paused,Kevin Brown,,
678,Memorial Day Search Push 2024 #678,2026-02-17,22921.37,0.0,0.0,0.0,0.0,Planned,Kevin Brown,,
679,Remarketing Search 2024 #679,2025-11-24,74409.43,46933.86,5096106.0,206499.0,11910.0,Active,Emily Rodriguez,,
680,Prime Day Video Push 2025,2025-09-09,46096.03,46354.57,3859345.0,23073.0,362.0,Completed,Emily Rodriguez,,
681,Product Category Search 2024 #681,2026-02-21,74579.16,0.0,0.0,0.0,0.0,Planned,Laura Garcia,,
682,Summer Newsletter Campaign 2025,2024-11-04,9788.38,9047.8,609764.0,15674.0,1250.0,Completed,Jessica Martinez,,
683,Q1 Video Campaign 2023,2025-08-19,61490.01,59563.25,11047199.0,119186.0,3671.0,Completed,Stephanie Davis,,
684,Abandoned Cart Recovery 2023 #684,2025-08-23,9225.42,8394.39,448402.0,10741.0,804.0,Completed,Rachel Green,,
685,Loyalty Rewards Email 2025 #685,2025-10-31,802.14,367.97,34769.0,405.0,30.0,Active,Stephanie Davis,,
686,Fall Social Push 2023 #686,2025-04-01,79795.29,73175.47,9298868.0,61349.0,594.0,Completed,Andrew Thompson,,
687,Year End Social Campaign 2025 #687,2025-06-07,58418.27,191.96,11118.0,77.0,1.0,Cancelled,Sarah Johnson,,
688,Holiday Video Push 2025,2025-02-28,95131.46,96536.69,7703592.0,154166.0,2151.0,Completed,Kevin Brown,,
689,Product Category Search 2025 #689,2025-11-04,3047.46,1912.88,129835.0,7721.0,685.0,Paused,Michael Chen,,
690,Valentine Video Push 2025,2025-12-13,3026.41,648.12,32952.0,606.0,15.0,Paused,Sarah Johnson,,
691,Local Search Campaign 2024 #691,2025-09-17,6481.04,5653.13,813510.0,19260.0,1645.0,Completed,Kevin Brown,,
692,Loyalty SMS Campaign 2025,2026-01-14,4924.55,0.0,0.0,0.0,0.0,Planned,Kevin Brown,,
693,Birthday Special Campaign 2023 #693,2025-11-05,3163.64,1393.56,87898.0,954.0,59.0,Active,Emily Rodriguez,,
694,Summer Video Campaign 2024,2025-11-02,29226.77,15672.74,2145318.0,16665.0,669.0,Active,James Miller,,
695,Q2 Social Push 2025 #695,2025-10-05,41845.5,39041.96,6037649.0,165242.0,6433.0,Completed,Nicole Taylor,,
696,Remarketing Search 2025 #696,2026-01-04,46128.83,0.0,0.0,0.0,0.0,Planned,Brian Wilson,,
697,Product Launch Announcement 2023 #697,2025-12-06,7010.23,1002.83,52491.0,2705.0,96.0,Active,Andrew Thompson,,
698,New Customer Welcome Kit 2024,2025-03-21,19314.93,1471.03,NaN,NaN,NaN,Cancelled,Nicole Taylor,,
699,Retargeting Display 2025 #699,2025-07-02,41566.88,40887.06,2561622.0,18210.0,149.0,Completed,James Miller,,
700,Remarketing Search 2025 #700,2025-05-31,25931.68,22947.2,1804989.0,179609.0,10776.0,Completed,James Miller,,
701,Brand Awareness Drive 2024 #701,2025-11-24,43414.46,14963.23,1235672.0,35582.0,779.0,Active,David Kim,,
702,Valentine Banner Ads 2025 #702,2024-12-20,26912.89,26528.38,2953065.0,4000.0,144.0,Completed,Brian Wilson,,
703,New Arrivals Newsletter 2024 #703,2026-03-04,6941.99,0.0,0.0,0.0,0.0,Planned,Kevin Brown,,
704,Remarketing Search 2024 #704,2025-07-22,77643.73,73310.49,3706395.0,221376.0,5731.0,Completed,Andrew Thompson,,
705,Audience Display Campaign 2025 #705,2026-03-09,83539.12,0.0,0.0,0.0,0.0,Planned,Chris Anderson,,
706,Product Sample Mailing 2024,2025-11-18,30109.69,30934.14,NaN,NaN,NaN,Completed,Brian Wilson,,
707,Social Contest Campaign 2023 #707,2025-12-15,23785.81,6002.8,372052.0,6387.0,90.0,Active,James Miller,,
708,Prime Day Banner Ads 2023 #708,2025-02-23,46762.44,39863.46,5402260.0,28872.0,1180.0,Completed,Amanda Lee,,
709,Memorial Day Email Blast 2023,2025-04-03,7951.91,7894.33,779801.0,14154.0,1009.0,Completed,Brian Wilson,,
710,Abandoned Cart Recovery 2024 #710,2025-06-04,8446.97,7615.2,519232.0,39422.0,2118.0,Completed,Kevin Brown,,
711,Audience Display Campaign 2023 #711,2025-10-18,63006.87,65177.12,3429728.0,32274.0,1525.0,Completed,Brian Wilson,,
712,Tutorial Video Ads 2024 #712,2026-02-20,11433.25,0.0,0.0,0.0,0.0,Planned,Michael Chen,,
713,Product Showcase Social 2024 #713,2025-12-20,21372.88,967.43,164165.0,4819.0,217.0,Cancelled,Andrew Thompson,,
714,Abandoned Cart Recovery 2023 #714,2026-02-16,7616.75,0.0,0.0,0.0,0.0,Planned,Sarah Johnson,,
715,Retargeting Display 2025 #715,2026-02-13,89499.27,0.0,0.0,0.0,0.0,Planned,Kevin Brown,,
716,Customer Win-Back Email 2024 #716,2026-01-05,8029.96,0.0,0.0,0.0,0.0,Planned,Kevin Brown,,
717,Weekly Deals Newsletter 2024 #717,2025-04-07,4611.61,4276.89,246405.0,10539.0,493.0,Completed,Kevin Brown,,
718,Holiday Banner Ads 2024,2025-07-24,51560.25,54075.54,4010476.0,5605.0,102.0,Completed,Jessica Martinez,,
719,Loyalty Rewards Email 2023 #719,2025-08-22,9129.58,8828.91,823607.0,15876.0,743.0,Completed,Rachel Green,,
720,Remarketing Search 2023 #720,2025-09-21,68718.02,503.24,78769.0,3869.0,171.0,Cancelled,Nicole Taylor,,
721,Customer Win-Back Email 2024 #721,2025-05-19,2868.78,82.54,12233.0,330.0,25.0,Cancelled,Jessica Martinez,,
722,Summer Display Ads 2023 #722,2026-01-12,75556.59,0.0,0.0,0.0,0.0,Planned,David Kim,,
723,Prime Day Search Push 2023 #723,2026-02-28,4780.54,0.0,0.0,0.0,0.0,Planned,Michael Chen,,
724,Social Contest Campaign 2025 #724,2025-10-02,77876.14,12850.8,1378941.0,22600.0,892.0,Cancelled,Andrew Thompson,,
725,Product Showcase Social 2024 #725,2025-11-20,31684.42,22904.53,1793415.0,13990.0,151.0,Paused,Chris Anderson,,
726,Easter Social Campaign 2023,2025-08-04,80507.83,82755.89,5392976.0,130965.0,5913.0,Completed,Laura Garcia,,
727,Prime Day Search Push 2024 #727,2025-04-06,7197.93,7344.25,591577.0,29186.0,730.0,Completed,Brian Wilson,,
728,Abandoned Cart Recovery 2025 #728,2025-09-08,2314.74,2120.17,388822.0,15919.0,591.0,Completed,Amanda Lee,,
729,Retargeting Display 2024 #729,2025-12-11,87124.19,33964.44,2425658.0,21273.0,743.0,Active,Chris Anderson,,
730,Competitor Conquest 2025 #730,2025-06-20,27347.07,26710.03,2588212.0,103375.0,7117.0,Completed,Andrew Thompson,,
731,Order Update SMS 2025,2025-12-04,6826.89,1462.27,76647.0,5936.0,577.0,Paused,Laura Garcia,,
732,Brand Awareness Drive 2024 #732,2025-02-26,68186.81,68734.34,7504607.0,204869.0,5740.0,Completed,Brian Wilson,,
733,Product Showcase Social 2024 #733,2025-04-16,52458.16,42543.42,3420121.0,21049.0,605.0,Completed,Laura Garcia,,
734,Easter Email Blast 2024 #734,2026-03-22,2484.07,0.0,0.0,0.0,0.0,Planned,James Miller,,
735,Brand Awareness Display 2025 #735,2025-07-25,44162.23,39566.85,2148170.0,7272.0,174.0,Completed,Andrew Thompson,,
736,Community Engagement 2023 #736,2026-01-26,21861.12,0.0,0.0,0.0,0.0,Planned,Jessica Martinez,,
737,High Intent Keywords 2023 #737,2025-06-23,78663.26,64427.23,4645399.0,118993.0,10493.0,Completed,David Kim,,
738,Winter Display Ads 2025 #738,2025-03-01,21928.96,21639.25,1150591.0,9294.0,256.0,Completed,Nicole Taylor,,
739,Remarketing Search 2023 #739,2025-02-20,48613.95,44315.26,4084212.0,249624.0,7974.0,Completed,Sarah Johnson,,
740,Audience Display Campaign 2025 #740,2025-12-11,17309.95,1467.01,150309.0,1360.0,36.0,Cancelled,Nicole Taylor,,
741,Contextual Targeting 2023 #741,2025-07-29,65810.19,67274.86,6694053.0,54476.0,2396.0,Completed,Laura Garcia,,
742,Brand Keywords Campaign 2024 #742,2025-11-06,58374.62,36401.81,1857223.0,88932.0,3758.0,Active,Michael Chen,,
743,Shopping Ads Campaign 2024 #743,2025-11-10,34602.86,32433.77,2729995.0,93056.0,4999.0,Paused,Stephanie Davis,,
744,Labor Day Video Push 2024,2025-12-07,72539.68,12750.52,2433862.0,34073.0,1311.0,Active,Chris Anderson,,
745,Brand Awareness Display 2025 #745,2025-10-29,79660.34,62372.53,3293963.0,6017.0,147.0,Active,Emily Rodriguez,,
746,Product Category Search 2025 #746,2026-03-01,83514.58,0.0,0.0,0.0,0.0,Planned,Brian Wilson,,
747,High Intent Keywords 2023 #747,2026-03-03,13747.28,0.0,0.0,0.0,0.0,Planned,Jessica Martinez,,
748,Competitor Conquest 2024 #748,2024-10-30,31645.96,28315.35,4030003.0,193472.0,9394.0,Completed,Stephanie Davis,,
749,Labor Day Banner Ads 2023,2026-01-20,17759.36,2754.8,322497.0,759.0,35.0,Cancelled,Stephanie Davis,,
750,Competitor Conquest 2025 #750,2025-09-06,11363.29,10201.68,800558.0,79858.0,4835.0,Completed,Brian Wilson,,
751,Product Showcase Social 2024 #751,2025-06-17,66796.43,56715.56,3226844.0,50008.0,748.0,Completed,Amanda Lee,,
752,Memorial Day Banner Ads 2023 #752,2025-12-03,74672.44,37199.98,2139426.0,8007.0,101.0,Active,Amanda Lee,,
753,Community Engagement 2023 #753,2025-12-11,65798.24,8806.4,1169543.0,7530.0,92.0,Active,James Miller,,
754,Social Proof Campaign 2025 #754,2025-09-08,71927.49,63385.39,5038780.0,86304.0,3470.0,Completed,James Miller,,
755,Memorial Day SMS Deals 2023,2025-11-16,1091.58,759.62,42826.0,5192.0,475.0,Active,Stephanie Davis,,
756,Q2 Newsletter Campaign 2025 #756,2026-02-17,9360.87,0.0,0.0,0.0,0.0,Planned,Emily Rodriguez,,
757,Cross-Network Display 2024 #757,2025-06-21,88870.1,92196.12,4665874.0,24600.0,183.0,Completed,James Miller,,
758,Back to School Banner Ads 2025,2025-12-11,68248.62,8773.25,1117914.0,5550.0,55.0,Active,Emily Rodriguez,,
759,Contextual Targeting 2025 #759,2025-11-12,47119.9,23190.92,1539413.0,9730.0,91.0,Active,Andrew Thompson,,
760,Holiday Search Push 2024 #760,2025-03-29,92427.46,82423.77,15777738.0,1449568.0,60163.0,Completed,Brian Wilson,,
761,Product Category Search 2023 #761,2025-05-31,86987.74,78973.38,7157319.0,226246.0,20214.0,Completed,Brian Wilson,,
762,Loyalty Rewards Email 2023 #762,2025-06-07,9697.93,1132.12,203529.0,11761.0,265.0,Cancelled,David Kim,,
763,Programmatic Display 2024 #763,2025-11-08,69491.74,25249.59,4079055.0,23567.0,889.0,Paused,David Kim,,
764,Birthday Special Campaign 2025 #764,2025-03-24,4662.58,4674.38,253206.0,13217.0,528.0,Completed,James Miller,,
765,Spring Newsletter Campaign 2023 #765,2025-11-06,931.97,483.1,92142.0,5888.0,92.0,Paused,Jessica Martinez,,
766,Cross-Network Display 2023 #766,2025-11-11,63339.88,29967.3,2568489.0,10531.0,271.0,Active,Chris Anderson,,
767,Restock Alert SMS 2023,2025-11-18,614.6,305.02,22791.0,2569.0,153.0,Active,Nicole Taylor,,
768,Holiday Email Blast 2023 #768,2025-04-21,930.16,760.47,147174.0,11300.0,615.0,Completed,Sarah Johnson,,
769,Loyalty Rewards Email 2025 #769,2026-02-03,4545.97,0.0,0.0,0.0,0.0,Planned,Nicole Taylor,,
770,Influencer Partnership 2023 #770,2025-05-27,23686.38,21679.07,1297157.0,28349.0,1287.0,Completed,Amanda Lee,,
771,Remarketing Search 2023 #771,2025-12-07,16389.82,2906.26,236494.0,7045.0,393.0,Active,Rachel Green,,
772,Product Showcase Social 2023 #772,2025-11-17,95782.55,33686.54,2802157.0,52627.0,2210.0,Paused,Michael Chen,,
773,Product Showcase Social 2023 #773,2025-03-25,23454.66,20250.76,1446402.0,9943.0,174.0,Completed,Sarah Johnson,,
774,Summer Video Campaign 2025,2025-11-08,63200.28,47498.83,4203694.0,100000.0,2854.0,Active,Chris Anderson,,
775,Flash Sale Alert 2023 #775,2025-07-31,3509.95,601.31,119987.0,3883.0,280.0,Cancelled,Jessica Martinez,,
776,Cross-Network Display 2023 #776,2025-11-03,87292.65,91024.26,4605072.0,28105.0,583.0,Completed,Kevin Brown,,
777,Back to School Social Campaign 2024 #777,2026-03-04,80733.44,0.0,0.0,0.0,0.0,Planned,Amanda Lee,,
778,Testimonial Videos 2025 #778,2025-03-28,34191.63,30624.69,1975604.0,25648.0,1113.0,Completed,Amanda Lee,,
779,Community Engagement 2025 #779,2025-11-11,20007.53,13728.56,1216017.0,18106.0,371.0,Active,Brian Wilson,,
780,Loyalty Mailer 2023,2026-02-25,42087.61,0.0,NaN,NaN,NaN,Planned,Chris Anderson,,
781,Q4 Social Push 2025 #781,2025-09-29,98839.29,101333.98,6167873.0,80506.0,2010.0,Completed,Brian Wilson,,
782,Product Category Search 2024 #782,2025-12-05,88673.85,17230.08,1577966.0,99250.0,4103.0,Active,Sarah Johnson,,
783,Product Category Search 2023 #783,2025-04-05,66077.74,66629.19,3459096.0,69721.0,4418.0,Completed,Stephanie Davis,,
784,Year End Search Push 2023,2026-03-08,17528.27,0.0,0.0,0.0,0.0,Planned,Rachel Green,,
785,Black Friday Email Blast 2025,2025-11-26,2166.17,747.59,74390.0,4524.0,117.0,Active,Sarah Johnson,,
786,Labor Day Email Blast 2024,2025-02-19,618.8,647.91,35347.0,1350.0,62.0,Completed,Chris Anderson,,
787,Loyalty Rewards Email 2023 #787,2026-02-20,5139.64,0.0,0.0,0.0,0.0,Planned,Emily Rodriguez,,
788,Brand Awareness Drive 2023 #788,2025-04-27,3724.55,3378.3,185527.0,4987.0,203.0,Completed,Andrew Thompson,,
789,High Intent Keywords 2023 #789,2025-08-13,82068.91,81553.58,6664477.0,192861.0,9424.0,Completed,Amanda Lee,,
790,Competitor Conquest 2024 #790,2025-10-26,92125.1,46470.3,3314281.0,192142.0,4373.0,Active,Michael Chen,,
791,Brand Awareness Display 2024 #791,2025-07-22,53243.65,48528.87,3168448.0,17875.0,680.0,Completed,Nicole Taylor,,
792,Brand Awareness Drive 2024 #792,2025-09-26,95339.91,97521.77,4944682.0,65977.0,1906.0,Completed,Stephanie Davis,,
793,Prime Day Social Campaign 2024 #793,2025-06-20,79383.15,67879.58,4813399.0,125816.0,2305.0,Completed,Laura Garcia,,
794,Remarketing Search 2023 #794,2025-01-08,86693.04,76620.99,5253481.0,414402.0,12587.0,Completed,Nicole Taylor,,
795,Customer Win-Back Email 2024 #795,2025-02-01,4409.97,4294.16,384746.0,16044.0,761.0,Completed,Chris Anderson,,
796,Retargeting Display 2025 #796,2025-10-31,77270.56,79107.53,4021498.0,29154.0,301.0,Active,Nicole Taylor,,
797,High Intent Keywords 2025 #797,2025-12-11,90187.89,16371.52,1158337.0,44420.0,3236.0,Active,Jessica Martinez,,
798,Product Showcase Social 2023 #798,2025-12-16,26700.82,4900.02,412398.0,3121.0,115.0,Paused,Michael Chen,,
799,Product Sample Mailing 2025,2025-03-02,38191.97,40004.53,NaN,NaN,NaN,Completed,David Kim,,
800,Year End Email Blast 2025 #800,2025-11-01,2267.58,1512.39,129698.0,2666.0,128.0,Paused,Jessica Martinez,,
801,Streaming TV Ads 2025 #801,2025-10-29,33923.49,20526.2,1349450.0,12231.0,276.0,Active,Emily Rodriguez,,
802,Prime Day Search Push 2025 #802,2025-11-11,95203.25,54694.36,9093495.0,723688.0,48542.0,Paused,Brian Wilson,,
803,Customer Win-Back Email 2025 #803,2025-10-09,3110.63,2834.3,268648.0,12750.0,858.0,Completed,Michael Chen,,
804,Social Contest Campaign 2023 #804,2025-10-07,44608.26,41629.62,7655696.0,43070.0,1973.0,Completed,Michael Chen,,
805,Flash Sale Alert 2025 #805,2025-06-05,2516.8,2183.7,116885.0,2076.0,97.0,Completed,Stephanie Davis,,
806,Social Contest Campaign 2023 #806,2025-09-02,91748.73,90080.23,16148106.0,472419.0,20559.0,Completed,James Miller,,
807,Community Engagement 2023 #807,2025-10-25,95780.06,13473.05,870019.0,15713.0,718.0,Cancelled,Kevin Brown,,
808,Shopping Ads Campaign 2023 #808,2025-07-26,12190.99,11338.0,1093333.0,42595.0,1282.0,Completed,Amanda Lee,,
809,Loyalty Rewards Email 2025 #809,2025-12-01,8868.33,2369.99,319954.0,7906.0,440.0,Active,Jessica Martinez,,
810,Brand Awareness Drive 2024 #810,2025-02-26,99837.22,87130.44,12866350.0,165964.0,7282.0,Completed,Brian Wilson,,
811,Retargeting Display 2025 #811,2025-08-26,15292.24,15042.88,2937019.0,13556.0,422.0,Completed,Laura Garcia,,
812,Audience Display Campaign 2024 #812,2025-12-13,70711.17,12053.86,850427.0,4286.0,185.0,Active,Laura Garcia,,
813,Brand Keywords Campaign 2024 #813,2024-12-25,76593.97,61748.8,4099101.0,261630.0,24220.0,Completed,Rachel Green,,
814,Brand Awareness Drive 2025 #814,2025-05-06,38104.53,36042.71,2793356.0,79927.0,637.0,Completed,Laura Garcia,,
815,Flash Sale Alert 2023 #815,2025-01-28,9145.35,9291.59,925883.0,33263.0,1061.0,Completed,Nicole Taylor,,
816,Flash Sale Alert 2024 #816,2025-05-04,5470.67,5227.94,393553.0,15314.0,835.0,Completed,Michael Chen,,
817,Q2 Social Push 2023 #817,2025-10-28,76351.3,47039.08,3033991.0,21802.0,721.0,Active,Amanda Lee,,
818,Brand Keywords Campaign 2025 #818,2025-06-30,11301.24,9660.4,514886.0,17289.0,1478.0,Completed,Jessica Martinez,,
819,Trending Topic Campaign 2023 #819,2025-01-02,32009.68,31269.07,1697274.0,32516.0,1622.0,Completed,Laura Garcia,,
820,Brand Awareness Drive 2025 #820,2025-04-24,84913.19,70725.59,5788075.0,165148.0,4120.0,Completed,Chris Anderson,,
821,Product Launch Announcement 2024 #821,2025-10-27,5393.77,4010.16,348133.0,26762.0,839.0,Active,Emily Rodriguez,,
822,Prime Day Video Push 2023,2025-05-26,82529.87,71655.91,4473237.0,109107.0,3327.0,Completed,Chris Anderson,,
823,Social Contest Campaign 2023 #823,2025-12-17,19880.57,1578.95,117042.0,1371.0,50.0,Active,Kevin Brown,,
824,Shopping Ads Campaign 2023 #824,2025-11-18,97107.71,65721.67,4133590.0,365676.0,22483.0,Active,Laura Garcia,,
825,Competitor Conquest 2024 #825,2025-02-22,24504.98,20285.28,1271472.0,99996.0,5368.0,Completed,Michael Chen,,
826,Product Category Search 2025 #826,2026-02-22,8589.28,0.0,0.0,0.0,0.0,Planned,Chris Anderson,,
827,Shopping Ads Campaign 2025 #827,2024-12-27,9983.81,8377.96,694640.0,64899.0,4499.0,Completed,Andrew Thompson,,
828,High Intent Keywords 2025 #828,2025-08-30,12663.73,12872.86,676697.0,43564.0,1874.0,Completed,Brian Wilson,,
829,Social Contest Campaign 2023 #829,2025-04-06,4436.94,3717.43,188408.0,2561.0,74.0,Completed,Emily Rodriguez,,
830,Brand Awareness Display 2025 #830,2024-10-09,64528.17,54312.46,4935321.0,48552.0,1728.0,Completed,James Miller,,
831,Prime Day Email Blast 2023 #831,2025-11-14,4296.95,2699.14,248222.0,11453.0,724.0,Paused,Laura Garcia,,
832,VIP Early Access SMS 2024 #832,2025-01-18,6578.81,5296.18,1033912.0,68876.0,7692.0,Completed,Nicole Taylor,,
833,High Intent Keywords 2024 #833,2025-11-02,68714.76,31181.28,2774003.0,258650.0,17203.0,Active,James Miller,,
834,User Generated Content 2023 #834,2025-11-25,85815.48,52092.37,4990037.0,117925.0,1833.0,Active,Nicole Taylor,,
835,Social Proof Campaign 2023 #835,2025-11-17,73050.54,44574.48,6069656.0,83492.0,3417.0,Active,Emily Rodriguez,,
836,Winter Display Ads 2023 #836,2025-03-25,54018.73,55738.53,3710335.0,11830.0,460.0,Completed,Stephanie Davis,,
837,Year End Direct Mail 2025,2026-01-01,38142.86,7119.44,NaN,NaN,NaN,Cancelled,James Miller,,
838,Weekly Deals Newsletter 2024 #838,2026-01-22,4198.6,0.0,0.0,0.0,0.0,Planned,Andrew Thompson,,
839,Abandoned Cart Recovery 2023 #839,2025-03-02,1500.31,1216.64,91080.0,5708.0,70.0,Completed,Emily Rodriguez,,
840,Retargeting Display 2025 #840,2024-12-30,15609.22,13490.99,2169665.0,15399.0,745.0,Completed,Amanda Lee,,
841,Influencer Partnership 2023 #841,2026-02-03,44787.06,0.0,0.0,0.0,0.0,Planned,Emily Rodriguez,,
842,High Intent Keywords 2024 #842,2025-11-25,8530.92,3115.49,231586.0,8032.0,562.0,Active,Rachel Green,,
843,Q1 Search Campaign 2024 #843,2026-03-11,59514.58,0.0,0.0,0.0,0.0,Planned,Kevin Brown,,
844,Product Category Search 2025 #844,2025-11-14,66159.88,27394.83,1415427.0,100486.0,7847.0,Paused,Rachel Green,,
845,Valentine Email Blast 2023 #845,2025-08-29,4438.53,3637.7,415927.0,12356.0,712.0,Completed,James Miller,,
846,User Generated Content 2025 #846,2025-05-31,29199.68,26033.33,1726425.0,34447.0,255.0,Completed,Jessica Martinez,,
847,Birthday Special Campaign 2023 #847,2025-06-23,628.35,623.36,67297.0,886.0,25.0,Completed,James Miller,,
848,Audience Display Campaign 2025 #848,2025-03-24,22126.63,22664.41,1150984.0,9495.0,297.0,Completed,Chris Anderson,,
849,Brand Awareness Drive 2024 #849,2024-12-19,69818.09,68883.79,3860488.0,107614.0,1274.0,Completed,Jessica Martinez,,
850,Loyalty Rewards Email 2024 #850,2025-11-03,6505.82,2986.49,184959.0,5500.0,298.0,Active,David Kim,,
851,Social Proof Campaign 2023 #851,2025-08-23,71919.5,68649.72,4617132.0,80110.0,2106.0,Completed,Chris Anderson,,
852,Q2 Search Campaign 2023 #852,2025-10-29,6940.19,3759.68,355633.0,22543.0,1574.0,Active,Sarah Johnson,,
853,Black Friday Video Push 2025,2025-11-17,50191.92,25180.97,2257019.0,28725.0,652.0,Active,Michael Chen,,
854,Labor Day Social Campaign 2025 #854,2025-09-12,43927.31,43467.74,4697996.0,115022.0,2356.0,Completed,Nicole Taylor,,
855,Customer Win-Back Email 2025 #855,2025-01-17,3159.05,3009.13,152044.0,6282.0,69.0,Completed,Rachel Green,,
856,Product Showcase Social 2024 #856,2026-01-25,89262.67,0.0,0.0,0.0,0.0,Planned,Andrew Thompson,,
857,Community Engagement 2025 #857,2025-10-30,26591.8,12701.22,791204.0,21638.0,1058.0,Active,James Miller,,
858,Weekly Deals Newsletter 2023 #858,2025-01-13,8580.63,1055.8,131338.0,3325.0,152.0,Cancelled,Jessica Martinez,,
859,Contextual Targeting 2024 #859,2025-08-23,94850.43,4025.45,577766.0,4540.0,184.0,Cancelled,Jessica Martinez,,
860,New Arrivals Newsletter 2025 #860,2025-06-18,2445.77,2482.82,150010.0,10866.0,826.0,Completed,Rachel Green,,
861,Birthday Special Campaign 2025 #861,2026-01-03,5260.48,0.0,0.0,0.0,0.0,Planned,Chris Anderson,,
862,Social Contest Campaign 2023 #862,2025-11-17,90884.11,40431.37,2675690.0,44188.0,2057.0,Paused,Rachel Green,,
863,Weekly Deals Newsletter 2023 #863,2025-11-26,6850.63,2671.08,168672.0,7167.0,264.0,Paused,James Miller,,
864,Competitor Conquest 2023 #864,2025-04-09,61299.58,5760.22,333280.0,16371.0,707.0,Cancelled,Rachel Green,,
865,Back to School SMS Deals 2023,2025-11-19,8975.99,4799.82,373297.0,39553.0,1765.0,Paused,Jessica Martinez,,
866,Q3 Newsletter Campaign 2024 #866,2025-01-16,5608.48,5673.51,326489.0,21764.0,516.0,Completed,Rachel Green,,
867,Easter SMS Deals 2025,2025-06-12,9550.35,8971.03,771006.0,89151.0,5302.0,Completed,Kevin Brown,,
868,Brand Keywords Campaign 2024 #868,2025-11-05,37041.31,33021.41,2731998.0,234582.0,14029.0,Paused,Amanda Lee,,
869,Postcard Campaign 2024,2025-11-19,43425.99,33969.81,NaN,NaN,NaN,Active,David Kim,,
870,Brand Keywords Campaign 2023 #870,2025-11-09,87928.19,66973.44,3683555.0,320747.0,22563.0,Active,Chris Anderson,,
871,Trending Topic Campaign 2024 #871,2026-03-17,75698.35,0.0,0.0,0.0,0.0,Planned,Jessica Martinez,,
872,Short Form Video 2025 #872,2025-10-18,47377.75,40778.12,2910941.0,34245.0,842.0,Completed,Rachel Green,,
873,Local Search Campaign 2023 #873,2025-10-29,46224.15,39715.44,5419859.0,355798.0,35182.0,Active,Stephanie Davis,,
874,Product Launch Announcement 2023 #874,2024-11-26,9590.84,7897.65,1165923.0,72388.0,4078.0,Completed,Chris Anderson,,
875,Influencer Partnership 2025 #875,2026-02-12,80995.75,0.0,0.0,0.0,0.0,Planned,Andrew Thompson,,
876,Holiday Video Push 2023,2025-08-12,81102.69,70842.41,3720659.0,84897.0,3854.0,Completed,Sarah Johnson,,
877,Q2 SMS Blast 2023,2024-12-29,1624.72,1381.9,225272.0,26535.0,1192.0,Completed,Nicole Taylor,,
878,Product Launch Announcement 2023 #878,2025-05-04,4459.11,4278.88,342906.0,25782.0,608.0,Completed,Jessica Martinez,,
879,Birthday Special Campaign 2023 #879,2024-11-11,5560.21,5423.41,554899.0,23081.0,1623.0,Completed,Jessica Martinez,,
880,Winter Newsletter Campaign 2024 #880,2025-11-29,3008.66,712.81,42149.0,452.0,12.0,Active,Kevin Brown,,
881,High Intent Keywords 2024 #881,2025-03-21,88715.2,73419.58,8358472.0,792727.0,21298.0,Completed,Stephanie Davis,,
882,Weekly Deals Newsletter 2024 #882,2024-10-25,5260.28,4871.26,431972.0,32747.0,1247.0,Completed,Sarah Johnson,,
883,Summer Newsletter Campaign 2024 #883,2025-03-22,3285.56,3443.44,504981.0,29039.0,1341.0,Completed,Chris Anderson,,
884,Spring Catalog Mailing 2025,2025-05-21,40899.37,40412.44,NaN,NaN,NaN,Completed,Amanda Lee,,
885,Native Advertising 2025 #885,2025-03-18,2418.55,2416.41,192542.0,1181.0,33.0,Completed,Jessica Martinez,,
886,Customer Win-Back Email 2024 #886,2024-10-31,7037.24,6679.77,539635.0,6961.0,74.0,Completed,Kevin Brown,,
887,Flash Sale Alert 2023 #887,2026-01-07,6421.46,0.0,0.0,0.0,0.0,Planned,James Miller,,
888,Dynamic Search Ads 2023 #888,2025-12-16,96967.66,9687.7,524386.0,47475.0,2826.0,Paused,Michael Chen,,
889,High Intent Keywords 2024 #889,2025-06-11,66723.62,55014.39,9412256.0,855166.0,55749.0,Completed,Laura Garcia,,
890,Flash Sale Alert 2023 #890,2025-12-09,2995.27,633.73,83762.0,4429.0,276.0,Active,David Kim,,
891,Tutorial Video Ads 2025 #891,2025-12-01,4795.14,1639.19,273023.0,1680.0,9.0,Active,Emily Rodriguez,,
892,Flash Sale Alert 2024 #892,2025-12-02,2808.0,487.89,52196.0,2920.0,57.0,Cancelled,James Miller,,
893,Local Search Campaign 2023 #893,2025-12-17,28308.25,2438.65,169773.0,13760.0,839.0,Active,Amanda Lee,,
894,Competitor Conquest 2024 #894,2025-12-18,31293.71,4531.44,263287.0,13196.0,1116.0,Paused,Brian Wilson,,
895,New Arrivals Newsletter 2024 #895,2026-01-11,4315.84,0.0,0.0,0.0,0.0,Planned,Amanda Lee,,
896,Prime Day Banner Ads 2024 #896,2025-07-23,55161.04,10463.37,525390.0,4727.0,217.0,Cancelled,Andrew Thompson,,
897,Black Friday Banner Ads 2024,2025-06-19,24513.06,2702.12,145135.0,411.0,3.0,Cancelled,Amanda Lee,,
898,Competitor Conquest 2024 #898,2025-05-18,16449.03,15631.96,817835.0,32720.0,1789.0,Completed,James Miller,,
899,Social Contest Campaign 2023 #899,2025-11-11,36365.34,31844.82,3604703.0,52187.0,361.0,Active,Emily Rodriguez,,
900,Native Advertising 2023 #900,2025-09-02,75230.34,64592.5,4044574.0,13244.0,524.0,Completed,Sarah Johnson,,
901,Customer Win-Back Email 2024 #901,2025-11-25,1604.37,1260.42,79118.0,2510.0,176.0,Active,James Miller,,
902,Contextual Targeting 2024 #902,2025-12-09,24632.55,4741.15,337609.0,2423.0,74.0,Paused,Andrew Thompson,,
903,Social Contest Campaign 2023 #903,2025-09-05,56208.4,2920.4,386741.0,3663.0,121.0,Cancelled,Emily Rodriguez,,
904,Social Proof Campaign 2025 #904,2025-11-18,2043.18,1290.94,143879.0,769.0,14.0,Paused,Rachel Green,,
905,Product Launch Announcement 2024 #905,2025-09-02,2968.76,3056.23,382604.0,23935.0,1211.0,Completed,Michael Chen,,
906,Prime Day Search Push 2023 #906,2025-10-29,79843.79,51499.74,7662351.0,160859.0,7481.0,Active,Andrew Thompson,,
907,Labor Day Search Push 2023 #907,2025-09-06,46095.98,38603.11,3788919.0,85880.0,3690.0,Completed,James Miller,,
908,Influencer Partnership 2023 #908,2025-11-18,78003.86,29808.65,2199954.0,29563.0,173.0,Active,James Miller,,
909,Product Showcase Social 2024 #909,2025-07-08,28383.78,25221.66,3242068.0,53437.0,1830.0,Completed,Stephanie Davis,,
910,Customer Win-Back Email 2023 #910,2025-11-14,1239.71,441.74,25910.0,1101.0,11.0,Active,Rachel Green,,
911,Brand Awareness Drive 2023 #911,2026-01-16,67184.98,0.0,0.0,0.0,0.0,Planned,Stephanie Davis,,
912,Trending Topic Campaign 2025 #912,2025-12-03,21393.29,3711.31,236132.0,4016.0,51.0,Paused,Rachel Green,,
913,Social Proof Campaign 2024 #913,2026-02-15,92635.18,0.0,0.0,0.0,0.0,Planned,Stephanie Davis,,
914,Tutorial Video Ads 2024 #914,2025-05-28,88048.51,82629.33,5508626.0,31107.0,278.0,Completed,David Kim,,
915,High Intent Keywords 2024 #915,2025-12-18,70479.52,11780.84,726711.0,69957.0,3011.0,Active,James Miller,,
916,Black Friday Email Blast 2023 #916,2026-02-13,9966.49,0.0,0.0,0.0,0.0,Planned,Michael Chen,,
917,High Intent Keywords 2023 #917,2025-12-17,39813.15,9473.65,1771651.0,79892.0,4376.0,Active,Jessica Martinez,,
918,Flash Sale SMS 2025 #918,2025-11-25,815.77,226.78,17193.0,2112.0,67.0,Active,Stephanie Davis,,
919,Product Showcase Social 2024 #919,2025-10-17,22215.89,22867.61,1652120.0,35240.0,839.0,Completed,Michael Chen,,
920,Social Contest Campaign 2025 #920,2025-11-16,48930.91,22461.83,4179044.0,89769.0,1750.0,Active,Emily Rodriguez,,
921,YouTube Pre-Roll 2025 #921,2025-06-25,19186.46,20140.5,1437126.0,9501.0,301.0,Completed,Amanda Lee,,
922,Abandoned Cart Recovery 2024 #922,2025-01-28,1077.42,1113.27,219359.0,5242.0,204.0,Completed,Andrew Thompson,,
923,Prime Day Banner Ads 2025,2025-01-15,49826.97,47513.39,3469637.0,16282.0,809.0,Completed,Stephanie Davis,,
924,Contextual Targeting 2023 #924,2025-11-29,32473.21,11403.19,688302.0,1174.0,10.0,Active,Amanda Lee,,
925,Q4 Video Campaign 2023,2025-12-03,28557.62,6380.86,443640.0,3003.0,81.0,Active,David Kim,,
926,Community Engagement 2023 #926,2025-11-02,72510.39,48274.71,2850423.0,44827.0,1250.0,Active,Andrew Thompson,,
927,Community Engagement 2023 #927,2025-11-25,72898.79,32531.61,4719166.0,84993.0,3304.0,Active,David Kim,,
928,Local Search Campaign 2025 #928,2025-11-03,52871.74,28521.64,2388470.0,160370.0,10971.0,Paused,Rachel Green,,
929,Audience Display Campaign 2024 #929,2025-08-16,48345.06,40305.31,4357706.0,34413.0,551.0,Completed,Nicole Taylor,,
930,Retargeting Display 2025 #930,2025-12-13,50315.89,5406.13,348243.0,2962.0,146.0,Active,Sarah Johnson,,
931,Summer Catalog Mailing 2024,2026-03-14,22767.71,0.0,NaN,NaN,NaN,Planned,David Kim,,
932,Social Video Ads 2025 #932,2026-02-09,78424.84,0.0,0.0,0.0,0.0,Planned,Stephanie Davis,,
933,Product Category Search 2025 #933,2025-11-30,85346.82,23008.5,1677086.0,77080.0,3075.0,Paused,Stephanie Davis,,
934,Winter Search Campaign 2024,2025-05-15,64346.61,65524.47,5190603.0,414057.0,14642.0,Completed,Emily Rodriguez,,
935,Year End Banner Ads 2023,2025-02-10,72338.64,72065.6,5408283.0,26237.0,1192.0,Completed,Andrew Thompson,,
936,Flash Sale Alert 2024 #936,2025-09-08,6386.94,6274.32,876691.0,51213.0,1509.0,Completed,Nicole Taylor,,
937,Audience Display Campaign 2023 #937,2026-01-31,58809.47,0.0,0.0,0.0,0.0,Planned,Andrew Thompson,,
938,Flash Sale Alert 2025 #938,2026-01-31,8804.39,0.0,0.0,0.0,0.0,Planned,Kevin Brown,,
939,Easter Video Push 2024 #939,2025-04-01,49285.15,50971.11,2567955.0,21838.0,216.0,Completed,Emily Rodriguez,,
940,Memorial Day Direct Mail 2024,2025-12-11,6838.29,1185.9,NaN,NaN,NaN,Active,Emily Rodriguez,,
941,Contextual Targeting 2023 #941,2026-01-14,27933.52,0.0,0.0,0.0,0.0,Planned,Nicole Taylor,,
942,YouTube Pre-Roll 2025 #942,2025-03-28,10971.19,11246.07,1247961.0,14539.0,243.0,Completed,Sarah Johnson,,
943,Brand Awareness Drive 2023 #943,2025-12-15,42051.49,4266.45,216859.0,3253.0,106.0,Active,Michael Chen,,
944,Flash Sale Alert 2023 #944,2025-11-09,3039.77,2589.39,192549.0,12521.0,995.0,Active,Sarah Johnson,,
945,Product Display Ads 2024 #945,2025-12-14,75657.82,18095.24,2823867.0,15253.0,106.0,Active,Andrew Thompson,,
946,Abandoned Cart Recovery 2025 #946,2024-12-27,8819.41,9150.6,1444206.0,43582.0,594.0,Completed,Rachel Green,,
947,Trending Topic Campaign 2023 #947,2025-09-25,95588.95,11682.58,597103.0,9069.0,54.0,Cancelled,Kevin Brown,,
948,Brand Awareness Drive 2024 #948,2025-11-11,22222.03,8995.51,1298662.0,11638.0,440.0,Active,Brian Wilson,,
949,Social Video Ads 2024 #949,2025-10-13,53768.73,47518.82,2627702.0,17147.0,714.0,Completed,Amanda Lee,,
950,Shopping Ads Campaign 2023 #950,2025-11-02,56346.37,55037.22,3613063.0,252519.0,7067.0,Active,Rachel Green,,
951,Customer Win-Back Email 2023 #951,2025-07-03,4607.17,3734.97,394024.0,10632.0,113.0,Completed,Andrew Thompson,,
952,Product Category Search 2023 #952,2025-10-29,16955.0,9506.71,863827.0,30261.0,2106.0,Paused,Sarah Johnson,,
953,YouTube Pre-Roll 2025 #953,2025-11-02,93783.43,54199.03,4532022.0,80514.0,1037.0,Paused,David Kim,,
954,Product Showcase Social 2025 #954,2025-07-25,30619.35,29697.73,1964393.0,35409.0,1251.0,Completed,David Kim,,
955,Black Friday Video Push 2023 #955,2024-10-22,79613.21,70426.39,4347282.0,68515.0,1657.0,Completed,Nicole Taylor,,
956,Programmatic Display 2024 #956,2025-11-06,79346.1,42951.89,2327998.0,9462.0,388.0,Active,Emily Rodriguez,,
957,Product Display Ads 2024 #957,2024-10-28,94014.92,95399.32,5464490.0,10112.0,320.0,Completed,Brian Wilson,,
958,High Intent Keywords 2023 #958,2025-11-27,56392.09,12746.72,1126745.0,71115.0,7001.0,Paused,James Miller,,
959,Shopping Ads Campaign 2024 #959,2025-11-04,38158.68,24387.51,1418950.0,105779.0,4313.0,Paused,Brian Wilson,,
960,Shopping Ads Campaign 2023 #960,2025-09-23,16070.04,15132.54,1460663.0,73581.0,6920.0,Completed,Jessica Martinez,,
961,High Intent Keywords 2023 #961,2025-11-04,10492.13,4808.09,385790.0,26293.0,1808.0,Active,Kevin Brown,,
962,Weekly Deals Newsletter 2023 #962,2025-11-21,1994.67,664.88,40281.0,878.0,12.0,Active,Nicole Taylor,,
963,Q1 Newsletter Campaign 2023 #963,2025-10-26,7118.53,6796.5,459070.0,8588.0,536.0,Active,Amanda Lee,,
964,YouTube Pre-Roll 2023 #964,2025-11-18,82647.4,32434.51,3897187.0,24835.0,1229.0,Paused,Stephanie Davis,,
965,Anniversary Mailing 2024,2025-01-10,13704.84,12665.59,NaN,NaN,NaN,Completed,Sarah Johnson,,
966,Shopping Ads Campaign 2025 #966,2025-12-04,64347.68,9469.75,575025.0,40001.0,1226.0,Active,Andrew Thompson,,
967,Brand Keywords Campaign 2024 #967,2025-06-15,47160.74,47161.33,2971190.0,86933.0,7362.0,Completed,Laura Garcia,,
968,Community Engagement 2024 #968,2025-11-02,40320.55,22873.13,1381502.0,39424.0,1358.0,Active,Chris Anderson,,
969,Product Demo Videos 2023 #969,2025-08-30,16276.78,965.15,186192.0,1055.0,51.0,Cancelled,Sarah Johnson,,
970,Spring Social Push 2023 #970,2025-04-26,5281.47,4228.5,629159.0,16625.0,151.0,Completed,Emily Rodriguez,,
971,Customer Win-Back Email 2023 #971,2024-11-12,2690.57,2534.75,436005.0,18492.0,1078.0,Completed,Amanda Lee,,
972,Brand Awareness Drive 2025 #972,2025-11-14,30277.03,12607.38,2027647.0,29745.0,800.0,Active,Chris Anderson,,
973,Winter Catalog Mailing 2023,2025-04-24,10932.85,9553.15,NaN,NaN,NaN,Completed,Nicole Taylor,,
974,Contextual Targeting 2025 #974,2025-11-03,17354.87,13637.61,1252955.0,5659.0,254.0,Paused,Sarah Johnson,,
975,Cyber Monday SMS Deals 2024,2025-02-25,7295.19,6743.69,648786.0,46919.0,1265.0,Completed,Andrew Thompson,,
976,Brand Awareness Drive 2024 #976,2025-11-16,59609.31,30920.71,1589284.0,35279.0,619.0,Active,Michael Chen,,
977,Audience Display Campaign 2023 #977,2025-06-15,98986.2,84758.96,15294529.0,77730.0,1115.0,Completed,Michael Chen,,
978,Product Showcase Social 2025 #978,2025-05-13,51472.72,45709.61,3348945.0,31986.0,1173.0,Completed,Amanda Lee,,
979,Influencer Partnership 2023 #979,2025-11-18,54381.12,28368.79,4251231.0,51339.0,924.0,Active,Amanda Lee,,
980,Brand Awareness Display 2025 #980,2025-03-10,50556.48,45513.67,2448774.0,24227.0,137.0,Completed,Emily Rodriguez,,
981,Audience Display Campaign 2023 #981,2024-10-28,72717.02,62605.81,5074416.0,34880.0,1550.0,Completed,Chris Anderson,,
982,Fall Video Campaign 2023,2025-11-05,83081.09,62779.69,4656764.0,96752.0,3834.0,Active,Michael Chen,,
983,New Customer Welcome Kit 2023,2024-11-02,32364.98,29523.28,NaN,NaN,NaN,Completed,David Kim,,
984,Product Showcase Social 2023 #984,2025-04-12,30508.56,26020.62,2518692.0,50183.0,2416.0,Completed,James Miller,,
985,Valentine Search Push 2024 #985,2025-04-21,51813.87,50925.89,2933616.0,94504.0,2657.0,Completed,Sarah Johnson,,
986,Remarketing Search 2025 #986,2025-03-08,57464.38,48737.14,9099188.0,450290.0,12433.0,Completed,Brian Wilson,,
987,Fall SMS Blast 2025,2025-10-22,6211.56,6023.47,306253.0,30993.0,3492.0,Completed,Emily Rodriguez,,
988,Audience Display Campaign 2024 #988,2025-12-16,4702.2,1301.8,92942.0,516.0,20.0,Active,Amanda Lee,,
989,Native Advertising 2024 #989,2025-11-15,91637.05,33243.33,1940981.0,15326.0,751.0,Active,Kevin Brown,,
990,Q3 Search Campaign 2025 #990,2025-05-29,90391.87,92808.69,8597023.0,436255.0,30096.0,Completed,Emily Rodriguez,,
991,Social Proof Campaign 2023 #991,2025-01-17,13441.22,11253.98,832373.0,10913.0,239.0,Completed,Michael Chen,,
992,Holiday SMS Deals 2023,2025-11-22,8020.39,6198.37,1060592.0,108422.0,2351.0,Active,Emily Rodriguez,,
993,Customer Win-Back Email 2025 #993,2024-11-10,3696.72,3079.7,383788.0,15731.0,1208.0,Completed,Jessica Martinez,,
994,Easter Search Push 2024 #994,2025-08-27,45974.39,41266.33,4938420.0,351316.0,24201.0,Completed,Rachel Green,,
995,Abandoned Cart Recovery 2023 #995,2024-10-19,771.36,676.58,37402.0,1475.0,17.0,Completed,Nicole Taylor,,
996,Dynamic Search Ads 2024 #996,2025-11-28,57898.16,14579.07,1276732.0,109334.0,3793.0,Paused,Chris Anderson,,
997,Programmatic Display 2025 #997,2025-09-16,16905.12,17140.98,1136748.0,5057.0,153.0,Completed,Stephanie Davis,,
998,Brand Awareness Drive 2024 #998,2025-12-15,4773.36,381.67,34867.0,920.0,39.0,Active,Kevin Brown,,
999,Customer Win-Back Email 2024 #999,2025-03-25,2090.64,2146.67,133323.0,7337.0,235.0,Completed,Kevin Brown,,
1000,New Arrivals Newsletter 2024 #1000,2026-01-22,6401.74,0.0,0.0,0.0,0.0,Planned,Kevin Brown,,
