customer_id,gender,date_of_birth,account_status,city,state_province,postal_code,country,account_created_at,last_login_date,is_active
35,Male,1960-12-16,Active,Georgetown,TN,29142,US,2024-02-28 14:56:22,2025-12-12,True
120,Female,2011-10-02,Inactive,Bristol,OR,78118,US,2025-09-24 09:27:38,2025-11-03,False
155,Male,1964-12-02,Inactive,Clinton,UT,64831,US,2018-03-25 23:31:24,2019-09-10,False
769,Female,2004-08-02,Closed,Chandler,AZ,95234,US,2022-01-03 15:19:03,2025-01-12,False
831,Female,1993-06-13,Active,San Jose,CA,87060,US,2015-01-25 00:16:04,2025-06-18,True
1027,Male,1951-08-26,Active,Erie,PA,94978,US,2022-09-24 22:19:23,2025-12-07,True
1119,Male,1955-07-30,Inactive,Bristol,AR,78484,US,2022-02-01 18:41:03,2023-10-16,False
1889,Female,2000-01-28,Blocked,Franklin,KS,74135,US,2021-01-11 04:52:07,2024-10-25,False
2148,Female,1991-06-12,Active,Clinton,DE,76142,US,2015-07-26 18:35:34,2025-06-07,True
2586,Male,1941-12-31,Inactive,Miami,FL,17601,US,2021-05-24 21:55:51,2022-02-17,False
2805,Male,1986-02-06,Inactive,Franklin,ID,10934,US,2023-02-11 11:26:03,2025-05-18,False
3928,Male,1955-04-08,Active,Phoenix,AZ,61119,US,2023-08-25 02:56:32,2025-08-30,True
4231,Female,1974-10-12,Inactive,Worcester,MA,90403,US,2021-01-17 04:12:22,2023-08-21,False
4430,Other,1963-07-08,Active,Springfield,WV,56223,US,2023-08-24 13:08:56,2025-10-11,True
4468,Other,1945-05-04,Active,Riverside,TN,11612,US,2020-11-09 13:09:11,2025-05-18,True
4789,Female,1988-04-29,Inactive,Georgetown,OK,28628,US,2022-05-21 20:00:12,2023-04-08,False
5217,Other,1951-09-06,Active,Riverside,LA,80005,US,2020-08-14 23:32:37,2025-09-19,True
5344,Female,1971-08-28,Active,Clinton,SK,,CA,2015-02-28 11:31:03,2025-01-14,True
5390,Other,2001-07-23,Active,Burnaby,BC,,CA,2025-04-02 10:38:44,2025-06-30,True
5472,Male,2003-11-03,Active,Franklin,MS,81470,US,2021-12-22 01:10:24,2025-04-25,True
5563,Male,1989-05-25,Inactive,Georgetown,WI,78030,US,2022-01-17 21:20:55,2022-10-30,False
5698,Male,1998-01-26,Inactive,Riverside,ND,93470,US,2021-09-19 18:09:14,2023-09-09,False
5778,Female,1961-05-20,Active,Madison,HI,52789,US,2015-12-18 20:34:17,2025-11-08,True
6441,Prefer Not To Say,1972-03-03,Active,Bristol,ND,41639,US,2021-02-11 02:55:53,2025-05-26,True
6779,Female,1976-10-13,Active,Chester,MS,76369,US,2015-11-16 23:04:26,2025-02-05,True
6917,Female,1990-10-20,Active,Madison,KY,61065,US,2022-11-27 09:20:32,2025-07-17,True
7275,Female,1965-05-21,Active,Clinton,MN,75391,US,2016-10-07 05:15:28,2025-02-17,True
7453,Female,1993-10-18,Active,Chester,SK,,CA,2015-06-11 21:02:38,2025-04-17,True
7634,Female,1992-10-17,Inactive,Springfield,IA,83611,US,2016-05-29 05:16:38,2020-12-05,False
7681,Male,1979-08-23,Inactive,Springfield,ID,75325,US,2015-04-01 05:19:00,2020-10-11,False
7874,Female,1969-02-03,Active,Georgetown,AK,92063,US,2022-05-31 22:27:49,2025-06-05,True
8193,Male,1977-12-11,Active,Bristol,NB,,CA,2021-06-21 22:20:07,2025-09-07,True
8656,Female,1967-02-07,Active,Fairview,WY,45317,US,2018-04-26 16:40:30,2025-07-10,True
8691,Female,1945-08-24,Inactive,Franklin,AL,15025,US,2017-07-22 10:20:30,2021-05-26,False
8742,Male,1958-08-18,Active,Cleveland,OH,71939,US,2019-10-31 18:47:59,2025-10-23,True
8771,Female,1985-12-04,Active,Fairview,WI,67276,US,2024-10-26 01:12:59,2025-04-11,True
9041,Female,1953-05-06,Active,Calgary,AB,,CA,2024-02-23 22:44:56,2025-02-10,True
9173,Female,1989-07-27,Inactive,Henderson,NV,57028,US,2020-11-28 15:12:09,2025-02-25,False
9182,Male,1964-11-01,Active,Clinton,SC,59097,US,2016-09-23 03:43:18,2025-07-27,True
9275,Prefer Not To Say,1978-02-04,Active,Clinton,MB,,CA,2015-08-27 06:46:25,2025-08-15,True
9567,Female,2000-04-07,Active,Clinton,YT,,CA,2021-12-14 02:09:32,2025-04-09,True
9607,Female,1988-01-12,Closed,Tucson,AZ,88685,US,2017-12-10 02:52:56,2019-07-21,False
9809,Female,1952-09-02,Blocked,Scottsdale,AZ,34909,US,2025-02-18 17:58:24,2025-07-17,False
9848,Female,1969-04-27,Blocked,Georgetown,WI,18400,US,2022-01-04 03:28:55,2023-03-12,False
9916,Female,1986-09-14,Active,Franklin,AK,82449,US,2020-12-10 02:02:16,2025-03-30,True
52,Female,1999-03-29,Active,Franklin,IA,12125,US,2019-01-11 09:16:23,2025-04-07,True
547,Male,1956-03-25,Active,Dallas,TX,60926,US,2017-10-18 20:09:07,2025-06-30,True
1235,Female,1975-12-10,Active,Warren,MI,49093,US,2020-04-02 13:50:44,2025-12-15,True
1408,Prefer Not To Say,1986-06-20,Active,Madison,IN,79729,US,2025-11-23 19:38:50,2025-12-09,True
1544,Male,1972-10-21,Active,Madison,MB,,CA,2022-10-10 02:31:03,2025-10-23,True
1975,Female,1980-06-08,Active,Fairview,DE,41279,US,2024-12-29 11:11:15,2025-08-22,True
2032,Male,1985-03-20,Inactive,Madison,AK,40750,US,2018-07-30 23:28:58,2021-06-10,False
2141,Prefer Not To Say,1986-02-24,Active,Aurora,IL,47334,US,2021-05-29 08:03:25,2025-10-18,True
2312,Male,2004-09-13,Active,Cincinnati,OH,48421,US,2018-06-26 21:14:50,2025-08-02,True
2395,Male,1994-03-21,Active,Warren,MI,90503,US,2015-04-21 19:23:03,2024-12-29,True
2498,Male,1950-10-30,Active,Boulder,CO,72183,US,2024-12-23 20:00:01,2025-09-30,True
2733,Female,1959-10-13,Active,Chester,WV,33170,US,2023-08-14 14:52:01,2025-01-17,True
2899,Male,2000-05-29,Active,Franklin,AL,39951,US,2024-06-07 08:58:06,2024-12-25,True
3604,Male,1996-11-14,Active,Clinton,SC,48710,US,2016-03-04 11:28:30,2025-10-02,True
3732,Female,1986-11-19,Active,Madison,VT,76642,US,2019-09-09 09:44:29,2025-11-13,True
3918,Male,1953-11-30,Active,Salem,ND,79014,US,2022-11-29 10:06:12,2025-06-26,True
4166,Male,1958-03-29,Closed,Greensboro,NC,95556,US,2024-11-28 23:16:09,2024-12-03,False
4228,Male,2004-05-10,Active,Lowell,MA,68234,US,2018-10-06 16:08:57,2025-09-16,True
4368,Female,1969-10-28,Active,Springfield,OR,34783,US,2021-03-06 05:25:40,2025-02-17,True
4475,Male,1943-03-04,Active,Madison,NE,61447,US,2018-07-29 21:58:13,2025-12-24,True
4691,Female,1954-01-21,Active,Fairview,MB,,CA,2017-05-25 11:34:57,2025-02-24,True
4799,Female,1950-05-02,Active,Madison,NS,,CA,2020-02-21 14:18:54,2025-10-23,True
4859,Male,1958-10-19,Inactive,Clinton,UT,72891,US,2015-10-02 18:00:40,2023-11-29,False
4980,Male,1969-05-30,Closed,Springfield,MB,,CA,2018-05-20 23:27:53,2019-10-15,False
5863,Male,1988-09-02,Active,Springfield,NB,,CA,2018-04-30 16:31:06,2025-04-30,True
5926,Male,1990-03-25,Active,Springfield,NS,,CA,2020-04-06 21:56:49,2025-06-25,True
5933,Other,1950-09-13,Active,Bristol,IA,92042,US,2020-01-30 23:18:09,2025-07-12,True
6582,Prefer Not To Say,2008-06-17,Inactive,Fairview,YT,,CA,2025-01-12 20:23:20,2025-05-27,False
6721,Female,2008-07-07,Inactive,Detroit,MI,,US,2023-11-15 00:30:15,2024-06-16,False
6734,Prefer Not To Say,1972-06-28,Active,Clinton,SD,70987,US,2018-12-26 21:43:35,2025-06-12,True
7014,Female,2003-02-02,Inactive,Dallas,TX,97080,US,2017-05-19 16:30:48,2023-09-16,False
7493,Male,1962-04-19,Active,Toledo,OH,87076,US,2018-06-01 11:25:49,2025-03-30,True
8415,Male,1999-03-15,Active,Rochester,NY,81800,US,2016-04-03 14:54:25,2025-08-25,True
8427,Male,1973-10-24,Active,Springfield,NS,,CA,2024-10-18 09:35:39,2025-05-22,True
8536,Female,1953-09-20,Blocked,Springfield,ID,60527,US,2017-11-21 14:51:25,2018-06-30,False
8583,Female,1982-12-10,Inactive,Clinton,MN,23591,US,2021-07-08 03:15:28,2024-05-26,False
8630,Male,1946-08-02,Active,Fairview,UT,13531,US,2015-03-07 05:05:52,2025-08-25,True
8802,Male,1957-12-22,Inactive,Riverside,WI,64060,US,2022-04-12 04:02:44,2022-07-18,False
9075,Female,1985-05-22,Active,Clinton,ID,31569,US,2016-04-12 02:03:14,2025-03-16,True
9322,Female,1943-03-28,Inactive,Chester,MT,66512,US,2021-03-13 04:31:27,2024-02-17,False
9415,Female,2007-03-30,Active,Madison,ID,92787,US,2024-12-04 08:58:03,2025-11-19,True
9604,Female,1953-09-27,Blocked,San Jose,CA,83321,US,2018-05-25 00:22:04,2021-07-07,False
9625,Male,1978-01-09,Active,Bristol,KY,75415,US,2018-12-01 21:31:15,2025-02-10,True
9637,Other,1947-04-15,Active,Victoria,BC,,CA,2017-02-21 04:02:39,2025-11-01,True
166,Female,1943-02-21,Inactive,Chester,KY,56461,US,2015-04-25 17:37:16,2018-01-08,False
519,Female,1999-03-05,Active,Tucson,AZ,63062,US,2024-09-27 13:30:50,2025-06-21,True
811,Male,1942-04-10,Active,Georgetown,NT,,CA,2015-02-01 22:00:44,2025-11-02,True
1242,Female,1955-03-24,Closed,Fairview,MT,50683,US,2016-08-16 05:13:41,2019-08-13,False
1746,Male,1974-04-28,Inactive,Fairview,VT,81525,US,2015-09-16 13:13:33,2021-06-17,False
1929,Female,1947-06-08,Active,Springfield,NS,,CA,2020-12-13 16:27:41,2025-04-04,True
2176,Female,2000-01-09,Active,Fairview,AR,44789,US,2015-04-20 22:35:07,2025-09-30,True
2287,Male,1970-11-19,Inactive,Fairview,MN,75821,US,2021-05-29 12:51:09,2025-02-09,False
2400,Male,1979-06-18,Active,Georgetown,NH,75878,US,2015-03-30 10:00:28,2025-08-13,True
2461,Female,1958-10-26,Active,Reno,NV,17212,US,2018-05-17 02:32:27,2025-03-22,True
2863,Male,1975-03-02,Inactive,Clinton,NJ,65871,US,2017-04-09 07:58:20,2017-07-01,False
3157,Male,2000-05-14,Active,Clinton,NL,,CA,2018-02-04 11:18:37,2025-02-19,True
3808,Male,1977-02-08,Active,Springfield,CT,99108,US,2020-10-05 08:40:40,2025-05-17,True
4160,Male,1989-10-30,Active,Fairview,MO,33870,US,2016-12-11 10:04:01,2025-11-20,True
4222,Prefer Not To Say,1984-09-30,Blocked,Madison,SD,95903,US,2022-08-09 13:39:00,2025-01-10,False
4371,Female,1959-08-17,Active,Cambridge,MA,81358,US,2025-04-02 01:38:29,2025-07-29,True
4545,Male,1986-06-25,Active,Chester,MO,37346,US,2025-07-06 14:04:52,2025-08-21,True
4850,Female,1966-05-04,Closed,Riverside,NL,,CA,2022-01-03 18:58:49,2024-12-25,False
4908,Male,1963-01-08,Active,Springfield,NJ,79419,US,2024-08-23 10:50:31,2025-12-17,True
5173,Female,1972-04-04,Active,Riverside,NL,,CA,2015-01-25 17:39:44,2025-09-21,True
5204,Female,1961-11-03,Active,Clinton,WV,54764,US,2024-08-20 05:27:04,2025-02-02,True
5215,Female,1988-05-05,Active,Georgetown,NM,62724,US,2020-02-26 04:25:08,2025-12-15,True
5343,Female,1959-05-22,Active,Boulder,CO,21096,US,2019-10-12 01:42:06,2025-04-14,True
5366,Male,1953-10-28,Inactive,Clinton,ME,82562,US,2016-03-13 05:27:26,2023-09-01,False
5694,Male,2003-09-22,Active,Bristol,MD,16595,US,2016-10-24 20:55:04,2025-12-22,True
6085,Female,1958-07-09,Active,Riverside,RI,81479,US,2019-04-05 10:58:31,2025-02-20,True
6100,Prefer Not To Say,1981-11-13,Blocked,Lethbridge,AB,,CA,2025-05-27 20:27:54,2025-12-20,False
6165,Male,1984-08-15,Active,Vancouver,BC,,CA,2022-02-01 18:54:06,2025-09-06,True
6250,Female,1995-12-30,Active,Clinton,MT,70921,US,2015-05-05 18:11:41,2025-07-22,True
6383,Male,1953-06-13,Active,Orlando,FL,65984,US,2025-01-09 22:36:53,2025-03-30,True
6401,Male,1982-01-24,Blocked,Georgetown,NB,,CA,2023-03-04 14:06:29,2025-02-06,False
6465,Male,1982-06-29,Inactive,Grand Rapids,MI,31139,US,2016-10-06 07:43:27,2020-01-28,False
6500,Prefer Not To Say,1967-02-27,Active,Chester,NB,,CA,2019-02-27 16:49:12,2025-11-18,True
6519,Female,1991-02-20,Active,Fairview,AL,57120,US,2023-09-11 00:29:46,2025-03-01,True
6601,Female,1947-06-06,Active,Clinton,OK,45808,US,2016-10-12 06:30:00,2024-12-29,True
6635,Female,1971-05-27,Active,Salem,KY,97706,US,2023-10-08 09:41:26,2025-07-18,True
7094,Male,1964-08-19,Active,Riverside,AR,13555,US,2016-04-20 06:09:23,2025-04-14,True
7212,Male,1958-05-23,Closed,Chester,VT,50960,US,2015-01-07 23:07:14,2021-02-15,False
7393,Female,1991-11-18,Active,Clinton,LA,68000,US,2019-04-22 05:27:29,2025-10-23,True
7756,Female,1982-01-20,Inactive,Clinton,OR,54015,US,2022-01-16 10:57:23,2022-08-20,False
7795,Female,1978-01-30,Active,Quebec City,QC,,CA,2017-07-23 09:30:28,2025-10-08,True
8094,Male,1942-10-20,Inactive,Clinton,KY,67198,US,2022-09-09 04:58:56,2024-05-04,False
8132,Prefer Not To Say,1992-06-03,Inactive,Springfield,MT,98906,US,2024-01-17 04:17:06,2025-08-30,False
8403,Male,1948-10-05,Active,Chester,IN,48973,US,2018-06-07 01:08:19,2025-04-22,True
8507,Female,1999-09-10,Active,Salem,KS,55056,US,2018-04-03 07:48:38,2025-11-16,True
8515,Female,1968-12-26,Active,San Francisco,CA,39148,US,2022-03-20 21:25:24,2025-02-27,True
8757,Male,1992-07-14,Active,Springfield,LA,96663,US,2025-12-13 03:51:54,2025-12-16,True
8952,Male,1975-12-16,Blocked,Chester,SK,,CA,2022-04-30 13:31:10,2025-05-23,False
9647,Female,2001-03-15,Active,Toronto,ON,,CA,2016-04-25 02:38:26,2025-12-10,True
595,Male,1953-01-30,Active,Riverside,WY,13560,US,2018-05-14 10:05:43,2025-02-04,True
620,Female,1954-08-24,Active,Charlotte,NC,95671,US,2017-08-31 04:34:23,2025-06-17,True
650,Male,1958-03-18,Active,Fairview,MO,25962,US,2023-02-14 02:15:55,2025-05-02,True
828,Other,1955-03-31,Active,Bristol,NJ,69627,US,2022-09-03 02:02:37,2025-08-23,True
915,Female,1979-07-09,Active,Bristol,IA,43342,US,2016-05-19 13:11:44,2025-05-04,True
1056,Female,1971-09-16,Active,Chester,SD,85027,US,2017-01-10 18:14:58,2025-01-18,True
1116,Prefer Not To Say,1981-07-03,Active,Philadelphia,PA,80248,US,2025-11-23 20:52:50,2025-12-20,True
1354,Male,1996-03-05,Active,Richmond,BC,,CA,2015-03-19 15:03:40,2025-08-08,True
1443,Female,2001-08-27,Active,Clinton,KY,94458,US,2024-06-13 01:30:25,2025-01-31,True
1830,Female,1959-05-29,Active,Madison,IN,29595,US,2021-05-28 07:23:07,2025-08-25,True
1835,Male,1948-12-25,Closed,Salem,NJ,64780,US,2024-01-03 16:26:09,2025-02-21,False
1853,Female,1955-02-10,Active,Clinton,MS,14197,US,2024-01-31 07:55:38,2025-04-13,True
1978,Female,1966-01-28,Active,Salem,IN,72349,US,2024-01-31 05:23:39,2025-11-03,True
2292,Male,1967-06-06,Active,Clinton,DE,,US,2015-10-26 02:01:56,2025-02-03,True
2583,Male,1941-04-10,Blocked,Chester,ME,19560,US,2016-03-19 07:13:32,2017-02-22,False
2609,Female,1949-05-04,Closed,Springfield,UT,16968,US,2024-05-07 00:18:37,2024-10-12,False
2803,Male,1948-04-19,Active,Franklin,LA,88522,US,2018-05-26 17:04:00,2025-12-04,True
2843,Female,1971-07-30,Active,Calgary,AB,,CA,2024-01-21 02:05:16,2025-12-12,True
2898,Female,1988-11-21,Closed,Seattle,WA,53926,US,2025-11-20 02:23:59,2025-11-24,False
3082,Male,1960-09-17,Active,Georgetown,MO,17074,US,2016-12-16 08:55:11,2025-09-07,True
3330,Male,1991-10-15,Active,Georgetown,NB,,CA,2019-04-06 09:57:30,2025-07-28,True
3565,Male,1981-08-14,Active,Riverside,ID,72156,US,2020-02-13 05:50:22,2025-10-26,True
3613,Male,2003-04-02,Active,Springfield,SC,39269,US,2025-05-29 00:12:38,2025-06-12,True
3651,Female,2005-08-16,Inactive,Boulder,CO,36292,US,2023-04-16 12:31:14,2025-07-29,False
3994,Female,2003-05-02,Active,Henderson,NV,71672,US,2023-10-11 08:52:55,2025-06-06,True
4020,Other,1996-02-20,Blocked,Madison,NM,62291,US,2021-07-04 06:56:08,2023-04-10,False
4130,Female,1947-02-05,Active,Bristol,MS,28455,US,2019-09-28 20:11:07,2025-03-13,True
4171,Male,1950-07-28,Active,Augusta,GA,23020,US,2020-09-13 10:17:55,2025-03-01,True
4390,Female,1998-11-29,Active,Madison,MN,27170,US,2022-12-31 14:27:35,2025-05-02,True
4509,Female,2006-05-30,Active,Grand Rapids,MI,16885,US,2020-06-28 13:35:04,2025-07-20,True
4535,Male,1948-07-03,Inactive,Cleveland,OH,71225,US,2019-04-01 09:41:07,2025-07-10,False
4792,Female,2010-12-24,Active,Georgetown,ID,23089,US,2025-06-26 02:01:14,2025-10-05,True
4796,Female,1945-11-08,Blocked,Georgetown,MD,52919,US,2019-01-28 16:12:02,2019-10-19,False
5006,Female,1955-08-02,Inactive,Georgetown,ID,17920,US,2024-04-21 02:05:55,2025-02-25,False
6280,Female,2005-02-17,Active,Joliet,IL,99142,US,2020-03-14 17:54:58,2025-02-11,True
6407,Female,1997-01-13,Inactive,Madison,MN,77685,US,2023-01-12 09:16:58,2025-10-06,False
6445,Female,1965-11-20,Active,Salem,ID,94489,US,2016-09-30 14:07:19,2025-03-15,True
6961,Male,1983-06-09,Active,Worcester,MA,,US,2020-07-30 03:59:36,2025-09-22,True
7013,Female,1968-02-05,Inactive,Springfield,ME,51187,US,2024-12-03 23:32:18,2025-02-27,False
7037,Female,2002-01-22,Active,Franklin,NT,,CA,2021-04-01 11:55:23,2025-10-03,True
7375,Female,1977-04-07,Active,Clinton,NH,14091,US,2025-01-31 02:08:38,2025-11-19,True
8054,Female,1994-07-09,Active,Salem,OR,41995,US,2024-12-02 21:21:17,2025-09-09,True
8113,Male,1971-05-26,Active,Greensboro,NC,63361,US,2019-02-16 11:27:53,2025-10-24,True
8241,Male,1967-01-15,Active,Clinton,RI,97188,US,2019-02-15 21:18:05,2025-08-13,True
8281,Female,1963-06-15,Inactive,Fort Worth,TX,12449,US,2023-07-16 19:06:20,2024-01-31,False
9012,Male,1969-08-08,Blocked,Georgetown,VA,99561,US,2018-05-01 18:29:31,2021-07-22,False
9142,Male,1958-12-17,Closed,Toledo,OH,46121,US,2019-09-14 00:03:18,2021-02-02,False
9734,Male,1968-11-14,Inactive,Madison,MO,60791,US,2021-08-01 10:03:28,2025-02-27,False
356,Female,1945-05-17,Inactive,Los Angeles,CA,90199,US,2021-10-20 06:15:37,2022-04-26,False
378,Female,1998-03-24,Active,Fairview,OR,52039,US,2020-12-31 12:59:03,2025-12-04,True
664,Male,1970-10-05,Active,Georgetown,DE,10795,US,2021-03-12 00:06:21,2025-01-23,True
718,Female,1995-05-06,Inactive,Georgetown,ME,14042,US,2024-06-28 03:54:01,2025-07-30,False
1037,Male,1951-03-04,Closed,Allentown,PA,54600,US,2018-12-14 06:54:21,2021-07-30,False
1186,Male,1949-01-18,Active,Salem,LA,50738,US,2022-06-23 02:12:40,2025-12-02,True
1541,Female,1941-03-27,Active,Georgetown,SD,94699,US,2025-07-17 06:03:31,2025-08-17,True
1703,Female,1998-10-24,Active,Riverside,OR,37477,US,2022-11-05 11:41:22,2025-03-21,True
1710,Male,1947-04-21,Inactive,Fort Worth,TX,90863,US,2017-02-16 16:54:28,2020-10-05,False
1800,Female,1996-04-03,Active,Salem,MO,65789,US,2023-03-24 17:59:29,2025-01-29,True
2336,Female,1947-08-04,Active,Georgetown,TN,74333,US,2022-09-23 13:18:02,2025-06-08,True
2563,Male,1968-07-16,Active,New York,NY,67764,US,2018-12-29 14:37:17,2025-05-06,True
2614,Female,1977-10-31,Inactive,Fairview,MO,74939,US,2017-05-04 15:47:34,2023-12-16,False
2653,Male,1993-04-30,Inactive,Chester,VT,83678,US,2017-06-22 06:32:12,2018-03-15,False
3278,Female,1971-09-28,Active,Clinton,WI,44692,US,2021-03-25 07:06:03,2025-11-15,True
3488,Other,1956-03-16,Active,Georgetown,RI,57751,US,2015-10-31 05:24:53,2025-12-03,True
3511,Female,1966-09-06,Blocked,Clinton,CT,87625,US,2023-01-19 05:05:05,2025-01-19,False
3859,Female,1962-11-11,Blocked,Allentown,PA,75086,US,2015-08-17 23:47:14,2024-09-13,False
4450,Female,1967-02-21,Active,Spokane,WA,71256,US,2016-09-13 23:21:51,2025-07-20,True
4565,Female,1989-10-16,Inactive,Athens,GA,74204,US,2020-08-25 16:22:53,2023-09-22,False
4688,Female,1945-03-22,Active,Franklin,OR,34105,US,2018-07-18 19:21:23,2025-05-14,True
4857,Female,1983-07-09,Active,Cambridge,MA,57497,US,2019-09-13 14:58:41,2025-03-02,True
5355,Female,1946-08-15,Blocked,Tucson,AZ,89732,US,2021-11-23 19:18:20,2025-01-19,False
5728,Male,1959-05-28,Active,Clinton,RI,77512,US,2025-07-28 18:08:01,2025-08-25,True
6169,Female,2005-10-28,Closed,Georgetown,NB,,CA,2019-01-23 09:38:09,2022-06-14,False
6178,Male,1966-08-18,Active,Georgetown,OK,39484,US,2018-10-02 23:47:03,2025-07-06,True
6261,Other,1954-09-20,Active,Franklin,NS,,CA,2019-12-05 21:42:04,2025-01-03,True
6569,Prefer Not To Say,1964-04-21,Blocked,Chicago,IL,85356,US,2016-06-07 20:51:26,2022-04-07,False
6583,Male,1959-04-02,Active,Pittsburgh,PA,33757,US,2023-02-16 18:48:06,2025-07-04,True
6688,Prefer Not To Say,1959-07-10,Active,Bristol,KY,86433,US,2017-11-20 06:31:15,2025-10-18,True
6801,Male,1951-02-23,Blocked,Salem,MD,41878,US,2018-09-25 01:57:23,2025-10-19,False
6909,Female,1994-09-27,Active,Franklin,TN,65957,US,2023-11-07 15:28:15,2025-07-21,True
7107,Male,1946-08-29,Closed,Madison,LA,57498,US,2022-05-18 22:04:39,2023-12-19,False
7205,Male,1976-09-27,Inactive,Fort Collins,CO,34955,US,2016-08-09 23:34:11,2022-11-18,False
7458,Male,1958-05-01,Active,Georgetown,MS,51825,US,2021-04-14 00:24:41,2025-12-19,True
7503,Female,1980-02-05,Active,Miami,FL,32530,US,2021-11-04 18:14:33,2025-02-16,True
7668,Female,1958-05-28,Active,Franklin,AK,43471,US,2022-09-12 00:49:55,2025-10-21,True
8557,Male,1980-04-14,Active,Calgary,AB,,CA,2021-11-24 01:34:17,2025-09-29,True
8646,Female,1984-06-17,Active,Ann Arbor,MI,55688,US,2020-12-02 08:21:14,2025-04-25,True
8939,Female,1980-10-05,Blocked,Salem,OR,71315,US,2023-06-10 22:14:52,2023-11-30,False
9017,Female,2000-08-18,Inactive,Fairview,NM,44199,US,2020-04-27 21:13:11,2023-07-03,False
9439,Male,2001-03-23,Closed,Salem,NH,35891,US,2016-01-29 09:42:16,2022-10-31,False
9517,Male,1970-05-08,Active,Georgetown,MD,83870,US,2022-02-18 17:05:38,2025-05-20,True
9546,Female,1972-08-25,Active,Boston,MA,30260,US,2020-10-04 20:29:54,2025-03-07,True
6991,Prefer Not To Say,1947-08-06,Active,Riverside,ME,52085,US,2024-07-23 19:32:07,2025-08-17,True
381,Male,1984-01-16,Active,Riverside,TN,54877,US,2017-08-03 17:31:17,2025-11-24,True
482,Female,1954-04-01,Active,Chester,SC,58752,US,2020-05-28 03:06:48,2025-11-16,True
495,Female,1977-04-18,Active,Riverside,OR,11453,US,2021-03-16 02:23:42,2025-07-26,True
590,Female,1993-03-22,Active,Toledo,OH,54007,US,2021-11-21 14:39:38,2025-11-26,True
816,Prefer Not To Say,1971-02-13,Closed,Scottsdale,AZ,30090,US,2022-11-01 13:31:50,2024-10-13,False
818,Male,1961-04-17,Closed,Miami,FL,59073,US,2024-04-24 07:54:19,2025-07-26,False
877,Male,1969-07-02,Active,Fairview,WI,77735,US,2018-06-25 13:05:54,2025-05-25,True
1170,Female,1953-10-12,Inactive,Springfield,NM,27113,US,2018-03-30 02:23:21,2019-07-06,False
1453,Female,1958-12-22,Closed,Franklin,YT,,CA,2023-05-01 06:31:13,2023-11-09,False
1565,Male,1943-01-12,Active,Bristol,AL,61712,US,2019-07-31 11:20:54,2025-12-05,True
1592,Female,1954-05-29,Active,Bristol,AK,61690,US,2021-06-26 05:14:46,2025-01-12,True
1629,Female,1974-11-18,Closed,Victoria,BC,,CA,2019-03-23 02:02:13,2022-04-22,False
1811,Male,1994-06-24,Active,Chester,UT,18084,US,2016-08-24 16:29:22,2025-11-28,True
2260,Female,1976-04-16,Inactive,Chester,LA,50518,US,2016-06-06 01:08:43,2023-09-27,False
2338,Female,1964-06-27,Active,Fairview,KS,55607,US,2018-08-04 14:07:06,2025-06-11,True
2682,Male,2000-11-28,Blocked,Bristol,MS,24437,US,2020-11-17 11:29:50,2022-09-09,False
3335,Male,2002-09-10,Active,Sterling Heights,MI,66633,US,2020-06-23 22:12:37,2025-11-01,True
3605,Female,1978-02-10,Inactive,Chester,VA,36256,US,2019-10-16 16:14:55,2023-05-21,False
3660,Female,1965-04-06,Active,Riverside,NE,94611,US,2019-02-17 04:15:32,2025-06-26,True
3723,Prefer Not To Say,1955-05-02,Active,Georgetown,UT,30099,US,2017-07-11 15:34:07,2025-01-01,True
4156,Female,1982-12-02,Active,Seattle,WA,49400,US,2023-06-06 16:56:35,2025-11-27,True
4159,Female,1999-06-12,Inactive,Clinton,NH,42885,US,2023-08-10 18:12:55,2023-11-16,False
4260,Male,1944-01-09,Active,Madison,VA,29704,US,2015-07-01 17:26:43,2025-04-10,True
4289,Other,1986-12-09,Active,Erie,PA,98010,US,2016-10-05 16:25:39,2025-07-17,True
4445,Male,1957-11-02,Active,Riverside,NJ,44786,US,2022-03-12 19:38:12,2025-10-01,True
4495,Other,1961-10-23,Active,Springfield,LA,40700,US,2024-08-15 00:48:44,2025-06-02,True
4549,Male,1992-11-18,Active,Augusta,GA,95004,US,2023-09-28 10:04:16,2025-07-16,True
4756,Female,1968-08-03,Active,Bellevue,WA,76629,US,2025-09-13 11:56:27,2025-09-29,True
4817,Female,1988-11-06,Active,Springfield,HI,45932,US,2019-09-10 07:27:52,2025-08-28,True
4843,Male,1944-09-30,Active,Clinton,ND,51324,US,2024-08-25 04:29:39,2025-10-05,True
5244,Female,1976-10-11,Active,Fairview,NE,32542,US,2022-06-19 14:26:51,2025-08-18,True
5643,Male,1960-01-10,Closed,Salem,SD,97152,US,2015-12-26 08:52:30,2020-09-13,False
5646,Female,1966-07-04,Inactive,Lowell,MA,60042,US,2024-05-02 02:59:45,2025-03-27,False
6312,Female,1962-11-20,Active,Franklin,YT,,CA,2016-03-06 04:15:05,2025-08-18,True
6430,Female,1941-04-08,Active,Akron,OH,66235,US,2025-11-20 17:37:32,2025-12-21,True
6556,Prefer Not To Say,1995-12-12,Active,Salem,KS,83511,US,2019-02-16 19:49:22,2025-10-03,True
6644,Female,2003-03-13,Active,Chandler,AZ,97435,US,2022-08-15 12:15:09,2025-04-28,True
6822,Female,1991-07-07,Active,Chester,OR,40769,US,2021-07-13 07:35:27,2025-10-15,True
7233,Male,1994-10-04,Active,Bristol,MT,77256,US,2022-08-17 09:08:52,2025-07-07,True
7351,Female,1974-08-08,Inactive,Riverside,VA,90998,US,2023-05-25 02:10:15,2025-05-13,False
7498,Male,1990-11-23,Active,Riverside,KY,15413,US,2025-05-21 08:16:16,2025-05-31,True
7686,Female,2001-11-07,Active,Fairview,TN,78549,US,2017-09-15 13:13:29,2025-11-23,True
8072,Male,1950-12-24,Active,Bristol,NE,36582,US,2018-11-30 15:32:57,2025-09-13,True
8212,Female,1987-03-29,Active,Scottsdale,AZ,46520,US,2023-05-25 19:31:05,2025-02-09,True
8347,Male,2005-01-04,Active,Clinton,NH,34201,US,2023-04-21 02:22:41,2025-08-23,True
8382,Prefer Not To Say,1948-01-22,Inactive,Mississauga,ON,,CA,2022-04-17 12:55:25,2023-06-12,False
8644,Male,1948-06-08,Inactive,Georgetown,NE,53374,US,2025-09-25 14:45:36,2025-11-18,False
8798,Male,1963-11-23,Active,Franklin,NS,,CA,2022-08-11 04:13:08,2025-08-31,True
8835,Male,1990-11-10,Closed,Riverside,OR,30353,US,2020-12-21 04:55:02,2024-01-21,False
9052,Female,1945-05-18,Active,Riverside,LA,37820,US,2017-12-15 03:58:14,2025-06-02,True
9152,Male,1996-04-21,Active,Salem,ID,25367,US,2018-04-08 05:21:19,2025-05-22,True
9194,Male,1982-09-23,Active,Medicine Hat,AB,,CA,2023-03-14 19:30:57,2025-01-10,True
9303,Female,1958-05-14,Blocked,Raleigh,NC,78633,US,2025-01-05 21:22:04,2025-04-02,False
9398,Male,1941-06-08,Active,Chester,CT,77508,US,2020-09-10 15:53:57,2025-02-20,True
9470,Female,1941-03-21,Closed,Durham,NC,53175,US,2017-10-11 06:17:48,2022-01-25,False
9541,Female,1978-03-11,Active,Franklin,MD,71143,US,2015-09-21 09:43:22,2025-02-22,True
7390,Male,1948-09-26,Active,Springfield,DE,28667,US,2016-10-22 15:26:57,2025-06-09,True
38,Male,1955-12-28,Active,Franklin,WV,14081,US,2022-09-26 14:22:28,2025-12-04,True
228,Female,1984-05-06,Closed,Clinton,AL,71361,US,2017-07-14 02:16:49,2020-11-09,False
409,Male,1962-01-06,Active,Springfield,NE,20346,US,2018-07-14 08:44:05,2025-01-09,True
584,Male,1991-09-19,Active,Springfield,AR,33275,US,2020-10-05 21:28:31,2025-12-25,True
670,Male,1994-05-08,Active,Bristol,MN,15492,US,2022-09-27 01:12:08,2025-10-20,True
829,Male,1997-01-16,Active,San Diego,CA,95829,US,2017-04-16 18:20:23,2025-09-11,True
1159,Female,1971-02-09,Active,Edmonton,AB,,CA,2021-01-10 01:42:23,2025-09-10,True
1169,Male,1956-10-29,Active,Georgetown,NB,,CA,2017-03-31 22:35:06,2025-06-27,True
1303,Female,1959-12-10,Inactive,Clinton,UT,52152,US,2024-06-01 00:56:33,2025-08-25,False
2078,Male,1984-01-17,Active,Madison,MO,33743,US,2018-07-02 06:37:02,2025-12-10,True
2490,Male,1960-06-10,Active,Sterling Heights,MI,21450,US,2020-12-14 08:18:21,2025-11-14,True
2585,Female,1960-04-02,Inactive,Chester,LA,92589,US,2016-10-20 01:11:12,2022-02-04,False
2764,Male,1961-10-15,Blocked,Madison,IA,19773,US,2023-03-13 19:43:48,2024-04-16,False
2829,Female,1988-01-28,Active,Raleigh,NC,81864,US,2024-03-20 15:42:51,2025-09-12,True
2994,Female,1951-11-22,Active,Georgetown,AK,57885,US,2019-05-09 04:35:17,2025-06-09,True
3097,Female,2001-09-02,Active,Georgetown,ND,37162,US,2016-07-26 16:03:54,2025-09-12,True
3341,Female,1952-01-03,Active,Bristol,WY,83739,US,2024-06-04 22:07:26,2025-12-18,True
3357,Female,1951-12-22,Active,Georgetown,WI,80209,US,2017-08-09 16:53:23,2025-03-24,True
3380,Female,1947-09-17,Active,Rockford,IL,18061,US,2022-12-19 07:48:43,2025-08-17,True
3534,Female,1966-05-23,Active,Madison,NE,97005,US,2016-01-09 22:06:18,2025-09-21,True
3557,Male,1947-09-24,Blocked,Georgetown,NJ,33368,US,2017-07-11 23:55:39,2023-09-21,False
3599,Male,1985-07-11,Active,Madison,IA,12946,US,2020-10-17 23:57:52,2025-05-19,True
3653,Female,1943-11-30,Closed,Fort Worth,TX,74071,US,2025-02-24 20:12:39,2025-04-07,False
4787,Female,2002-08-03,Active,Riverside,PE,,CA,2023-12-24 13:28:03,2024-12-30,True
4907,Female,1956-01-21,Active,Salem,WY,95257,US,2020-07-28 16:55:23,2025-08-23,True
4945,Female,1974-02-14,Closed,Longueuil,QC,,CA,2025-06-20 07:14:53,2025-08-23,False
5143,Female,1978-11-26,Active,Madison,DE,19645,US,2022-11-17 03:23:05,2025-08-08,True
5864,Male,1999-12-04,Active,Springfield,SD,49605,US,2020-01-27 03:33:46,2025-10-10,True
6249,Female,1988-01-09,Active,Syracuse,NY,15937,US,2017-01-01 18:05:43,2025-04-18,True
6676,Female,1983-01-08,Blocked,Madison,KY,72879,US,2019-11-23 09:48:07,2022-07-21,False
6722,Prefer Not To Say,1990-05-17,Active,Franklin,DE,83633,US,2016-02-22 01:47:03,2025-07-22,True
6773,Male,1976-09-16,Active,Springfield,VA,39168,US,2019-11-14 21:41:31,2025-05-21,True
6838,Male,1958-11-02,Active,Laval,QC,,CA,2021-06-06 21:51:43,2025-03-03,True
7152,Female,2004-03-09,Closed,Warren,MI,83842,US,2017-04-07 00:16:15,2020-04-07,False
7462,Prefer Not To Say,1942-04-16,Active,Chester,MO,91610,US,2023-06-22 06:09:30,2025-02-26,True
7523,Female,1963-10-18,Inactive,Madison,NJ,58393,US,2018-04-17 20:18:39,2021-02-19,False
7683,Female,2002-09-19,Closed,North Las Vegas,NV,75353,US,2021-04-18 18:59:07,2024-06-21,False
7899,Female,1966-06-17,Inactive,Vancouver,BC,,CA,2020-10-17 18:17:04,2024-12-09,False
8104,Male,1961-11-18,Blocked,Calgary,AB,,CA,2022-04-24 18:27:02,2024-02-11,False
8655,Male,1951-11-06,Active,Fairview,NT,,CA,2017-01-29 14:24:35,2025-10-02,True
8881,Female,1990-07-30,Inactive,Dallas,TX,43027,US,2017-06-01 22:57:57,2022-02-27,False
8904,Male,1963-02-24,Inactive,Pittsburgh,PA,43618,US,2016-04-17 10:08:11,2022-07-31,False
9048,Female,1994-06-16,Active,Springfield,ME,14188,US,2015-03-18 03:40:19,2025-05-21,True
9243,Female,1964-10-20,Active,Mesa,AZ,91550,US,2020-12-31 15:09:39,2025-02-03,True
9924,Male,1990-04-14,Active,Riverside,IA,60263,US,2015-04-26 09:39:30,2025-05-21,True
9966,Male,1970-04-01,Inactive,Fort Worth,TX,63439,US,2020-01-14 11:49:30,2021-04-17,False
9986,Male,1981-05-07,Active,Springfield,NB,,CA,2023-10-31 20:43:51,2025-07-26,True
9,Female,1991-04-09,Inactive,Edmonton,AB,,CA,2024-11-30 13:39:47,2025-02-17,False
178,Female,1963-02-08,Active,Franklin,MS,79065,US,2017-01-01 06:01:11,2025-08-12,True
195,Male,1993-02-09,Active,Springfield,WV,57477,US,2024-09-16 01:54:59,2024-12-26,True
418,Male,1974-11-09,Active,Clinton,NL,,CA,2016-11-16 14:12:08,2025-09-30,True
701,Other,1974-12-26,Active,Medicine Hat,AB,,CA,2018-01-26 20:29:45,2025-04-28,True
1110,Female,1952-12-11,Closed,Franklin,MO,85371,US,2018-01-02 00:29:53,2022-03-28,False
1745,Female,1986-08-28,Closed,Grand Rapids,MI,83208,US,2022-09-15 19:40:46,2024-06-12,False
1879,Other,1960-06-14,Active,Clinton,VA,73180,US,2020-04-18 04:15:18,2025-10-18,True
2101,Male,1943-06-29,Closed,Bellevue,WA,36761,US,2020-03-09 09:06:38,2023-01-05,False
2367,Other,1968-12-18,Active,Bristol,AR,38590,US,2025-02-18 16:52:13,2025-03-31,True
2566,Male,1958-04-28,Active,Rochester,NY,39668,US,2021-09-23 18:38:34,2025-02-18,True
2690,Other,1968-02-16,Active,Chester,OR,,US,2020-12-31 20:36:33,2025-05-02,True
3094,Female,2001-10-24,Active,Riverside,AK,98540,US,2015-05-04 18:42:36,2025-01-14,True
3346,Male,2003-11-06,Inactive,Fort Lauderdale,FL,71019,US,2024-08-13 07:01:03,2025-07-12,False
4594,Male,1948-09-21,Closed,Cincinnati,OH,93056,US,2020-08-19 10:32:06,2023-04-17,False
4607,Male,1954-03-16,Closed,Lethbridge,AB,,CA,2015-04-04 21:08:40,2021-04-18,False
4690,Female,1987-02-28,Active,Madison,MS,39619,US,2019-05-24 18:44:57,2025-05-08,True
4708,Prefer Not To Say,2002-05-25,Active,Bristol,NB,,CA,2022-03-11 01:31:31,2025-07-27,True
4812,Female,1944-06-08,Active,Clinton,RI,77288,US,2018-09-16 18:04:44,2025-05-31,True
4913,Prefer Not To Say,1974-03-24,Inactive,Chester,IN,36467,US,2019-11-14 17:16:10,2025-12-16,False
5186,Male,1955-05-14,Active,Clinton,AK,88740,US,2024-08-05 10:24:04,2025-03-06,True
5449,Other,1954-12-21,Blocked,Springfield,RI,61372,US,2020-09-11 04:48:43,2023-01-15,False
5626,Male,2009-06-03,Active,Madison,IN,91415,US,2022-08-16 17:55:53,2025-01-22,True
5745,Female,1952-09-25,Active,Chester,WV,56403,US,2018-08-17 09:09:58,2025-06-01,True
5959,Female,1944-12-05,Active,New York,NY,95775,US,2022-11-23 05:25:45,2025-06-09,True
6138,Female,1984-10-27,Active,Franklin,ID,87947,US,2017-03-29 03:44:00,2025-01-03,True
6188,Prefer Not To Say,1969-12-04,Active,Georgetown,NJ,98462,US,2016-05-10 08:09:11,2025-02-19,True
6263,Male,2005-12-26,Closed,Salem,RI,57028,US,2019-08-22 20:47:28,2021-08-26,False
6277,Female,1948-12-30,Active,Fairview,HI,76424,US,2016-02-23 10:08:23,2025-07-20,True
6509,Female,1984-03-09,Active,Salem,NM,68961,US,2021-10-29 07:20:49,2025-02-16,True
6691,Male,1960-07-16,Active,Salem,PE,,CA,2017-11-01 06:22:26,2025-01-15,True
6754,Male,1959-05-29,Active,Georgetown,YT,,CA,2017-01-27 19:05:23,2025-05-26,True
6862,Female,1978-07-22,Inactive,Fairview,SC,79613,US,2015-03-04 14:36:21,2025-04-08,False
6908,Female,1956-04-11,Active,Springfield,AL,36555,US,2015-11-06 16:26:57,2025-09-20,True
7144,Male,1973-04-23,Blocked,Springfield,TN,89563,US,2019-07-06 09:39:58,2025-11-21,False
7374,Male,2008-05-28,Blocked,Fairview,NL,,CA,2023-08-03 08:51:16,2025-02-02,False
7835,Female,1996-08-02,Active,Franklin,MB,,CA,2024-01-05 20:39:26,2025-03-04,True
8841,Prefer Not To Say,1973-10-27,Active,Riverside,DE,68733,US,2017-11-25 19:27:50,2025-04-26,True
8957,Female,2009-12-21,Active,Georgetown,OK,57181,US,2024-03-10 06:00:35,2025-06-30,True
9125,Female,1945-12-11,Active,Aurora,CO,96639,US,2022-04-05 02:40:00,2025-02-26,True
9259,Male,1942-01-11,Closed,Chester,NM,46691,US,2018-08-03 20:49:03,2018-12-05,False
9341,Female,1966-12-11,Active,Aurora,IL,20589,US,2016-09-05 04:43:37,2025-11-27,True
9636,Prefer Not To Say,1957-05-08,Inactive,Franklin,VA,49885,US,2021-02-09 10:24:47,2024-07-23,False
9714,Male,1952-10-13,Active,Bellevue,WA,92537,US,2016-02-04 06:26:06,2025-10-14,True
9759,Male,1972-05-24,Blocked,Riverside,SD,58671,US,2022-06-30 04:28:38,2025-10-07,False
207,Male,1941-05-12,Active,Riverside,OK,32427,US,2016-10-17 18:13:37,2025-01-02,True
332,Prefer Not To Say,1964-11-10,Active,Georgetown,NJ,90844,US,2023-02-26 15:50:04,2025-09-04,True
351,Male,1998-03-11,Inactive,Georgetown,MN,59682,US,2021-07-27 02:05:44,2022-08-20,False
435,Male,1996-12-26,Active,Los Angeles,CA,97861,US,2023-11-23 07:00:08,2025-12-16,True
782,Female,1980-05-21,Active,Tucson,AZ,35100,US,2023-07-24 10:34:09,2025-06-03,True
1770,Female,1945-05-22,Active,Georgetown,SD,94122,US,2020-02-05 04:50:28,2025-04-30,True
1931,Male,1990-01-02,Active,Chester,ID,58617,US,2018-06-06 11:10:19,2025-05-09,True
2289,Female,1941-08-25,Closed,Riverside,MO,53894,US,2018-11-14 02:51:14,2020-11-03,False
2926,Prefer Not To Say,1945-08-03,Active,Madison,IN,49054,US,2018-01-01 04:16:35,2025-01-01,True
3635,Male,1960-10-16,Active,Springfield,NH,55155,US,2022-04-23 11:02:04,2025-12-07,True
3647,Male,1960-06-19,Inactive,Salem,ID,41965,US,2017-04-19 11:54:08,2018-06-14,False
3869,Male,1953-03-24,Active,Madison,CT,62150,US,2018-05-19 20:04:12,2025-01-29,True
3906,Male,1999-09-16,Active,Bristol,UT,76712,US,2019-11-20 12:07:05,2025-04-01,True
4410,Other,1958-07-13,Closed,Surrey,BC,,CA,2021-07-23 04:04:55,2023-02-09,False
4726,Male,1983-09-06,Active,San Antonio,TX,55898,US,2016-03-28 04:03:19,2025-03-29,True
4851,Female,1944-12-21,Active,Laval,QC,,CA,2016-06-14 13:29:29,2025-02-12,True
4863,Female,1990-12-14,Active,Bellevue,WA,27798,US,2025-06-09 14:58:49,2025-11-28,True
4877,Female,1942-10-03,Active,Bristol,SC,64445,US,2025-08-01 14:51:50,2025-08-14,True
4986,Female,2000-09-26,Active,Franklin,DE,64243,US,2017-02-12 20:43:19,2025-06-09,True
5028,Male,1978-08-16,Inactive,Springfield,AK,50550,US,2023-01-04 09:15:51,2023-05-12,False
5052,Male,1952-05-22,Inactive,Philadelphia,PA,88498,US,2017-08-23 12:28:51,2022-02-16,False
5269,Prefer Not To Say,1973-05-08,Active,Reading,PA,85999,US,2020-06-12 02:37:04,2025-12-03,True
5374,Male,1941-02-25,Active,Riverside,WV,50629,US,2018-08-07 09:33:03,2025-09-01,True
5506,Female,1943-07-06,Inactive,Georgetown,LA,99311,US,2016-05-21 20:05:29,2024-01-31,False
5624,Male,1999-12-04,Active,Madison,MN,50211,US,2019-05-30 07:04:30,2025-06-18,True
5660,Male,1989-03-30,Active,Springfield,AK,32118,US,2021-10-05 11:08:25,2024-12-27,True
6309,Female,1953-08-27,Active,Franklin,MS,43257,US,2016-11-24 21:11:30,2025-10-19,True
6527,Male,1976-07-31,Active,Cincinnati,OH,41631,US,2022-03-04 07:00:40,2025-09-12,True
6831,Male,1941-10-10,Active,Salem,NU,,CA,2021-09-21 06:44:33,2025-07-22,True
6867,Female,2002-11-18,Inactive,Bristol,IN,55484,US,2021-10-01 10:19:20,2022-02-22,False
7217,Female,1960-01-24,Active,Tacoma,WA,49967,US,2020-04-07 00:55:39,2025-11-27,True
7593,Female,1972-10-12,Active,Georgetown,NH,45775,US,2021-05-31 11:17:45,2025-04-27,True
7624,Female,1941-06-16,Active,Ann Arbor,MI,73305,US,2019-10-29 06:37:05,2025-07-07,True
7818,Female,1973-06-21,Active,Springfield,OR,74596,US,2016-01-15 19:38:58,2025-09-19,True
8378,Male,1954-03-03,Active,Riverside,IA,29651,US,2016-07-17 10:28:32,2025-06-02,True
8482,Female,1985-09-13,Active,Fairview,OK,95634,US,2015-09-03 12:43:30,2025-05-18,True
8717,Male,1981-08-20,Active,Madison,NM,75654,US,2017-12-26 17:48:41,2025-08-03,True
9176,Female,1953-01-15,Blocked,Georgetown,UT,17158,US,2019-06-22 01:23:08,2020-03-05,False
9195,Male,1968-01-22,Active,Franklin,UT,68892,US,2019-05-13 14:36:41,2025-06-02,True
9370,Female,1950-01-06,Inactive,Georgetown,NT,,CA,2023-10-05 03:16:10,2024-04-19,False
9702,Female,1946-11-02,Active,Chester,NU,,CA,2025-03-26 07:42:27,2025-06-25,True
255,Female,1951-12-09,Active,Salem,DE,48564,US,2016-11-11 06:28:55,2025-10-27,True
293,Female,1982-05-01,Active,Tacoma,WA,84678,US,2021-12-09 14:31:37,2025-05-15,True
761,Prefer Not To Say,1974-03-12,Active,Georgetown,NM,40427,US,2017-09-05 21:02:13,2025-02-06,True
1035,Male,1982-10-02,Active,Sacramento,CA,35926,US,2015-06-12 19:03:25,2025-08-22,True
1907,Female,1957-03-31,Active,Fairview,MS,32194,US,2022-06-03 04:54:00,2025-03-13,True
2018,Female,1964-02-09,Active,Franklin,ME,34322,US,2018-09-25 10:53:33,2025-07-30,True
2058,Prefer Not To Say,2000-04-16,Inactive,Clinton,NJ,23814,US,2015-05-23 21:39:46,2024-12-14,False
2453,Female,2000-09-23,Closed,New York,NY,89870,US,2025-11-03 10:17:01,2025-11-22,False
2650,Female,1973-08-31,Blocked,Chester,ME,78911,US,2021-12-20 22:32:48,2025-02-17,False
2685,Male,2009-04-22,Active,Sparks,NV,19407,US,2024-06-05 08:16:04,2025-11-20,True
3132,Female,1992-04-06,Inactive,Chester,NE,50222,US,2021-10-08 11:33:15,2025-08-18,False
3674,Female,1941-11-02,Closed,Vancouver,WA,18059,US,2018-07-21 02:16:56,2018-08-10,False
3903,Male,1948-01-10,Active,Riverside,TN,13289,US,2020-05-09 18:17:11,2025-11-16,True
4065,Male,1951-11-07,Active,Vancouver,WA,26824,US,2019-01-27 16:41:32,2025-03-17,True
4579,Male,1992-03-29,Active,Sparks,NV,19247,US,2016-09-13 20:22:31,2025-04-30,True
4662,Male,1952-03-21,Active,Tampa,FL,75440,US,2020-09-22 00:07:49,2025-12-14,True
5034,Other,1958-01-13,Active,Chicago,IL,69368,US,2024-10-20 09:11:27,2025-12-13,True
5347,Male,1968-07-18,Closed,Fairview,AK,88441,US,2025-05-08 15:39:53,2025-11-04,False
5383,Female,1987-07-05,Active,Springfield,NJ,34551,US,2024-08-07 05:35:58,2025-04-11,True
5482,Male,1963-10-03,Active,Spokane,WA,22720,US,2016-07-21 16:16:26,2025-03-27,True
5519,Prefer Not To Say,1999-10-07,Active,Toledo,OH,50466,US,2025-08-18 14:18:26,2025-11-25,True
5616,Male,1974-10-06,Active,Bristol,WY,74159,US,2021-03-07 09:01:46,2025-02-03,True
5651,Female,1997-09-16,Active,Salem,TN,53537,US,2025-05-01 23:20:52,2025-07-17,True
6201,Male,1951-02-02,Inactive,Georgetown,YT,,CA,2021-02-07 04:59:03,2023-09-21,False
6202,Female,1966-12-28,Active,Sacramento,CA,80655,US,2018-02-05 19:29:53,2025-09-27,True
6411,Male,1945-02-25,Active,Salem,LA,44355,US,2023-05-04 11:39:40,2025-06-22,True
6689,Female,1988-08-25,Active,Los Angeles,CA,21955,US,2023-05-05 21:15:14,2025-06-11,True
7165,Male,1964-09-07,Inactive,Vancouver,WA,64874,US,2019-10-23 13:28:22,2024-12-31,False
7325,Female,1952-04-06,Inactive,Bristol,NH,30772,US,2017-07-10 15:51:18,2017-12-03,False
7541,Male,1990-02-19,Active,Georgetown,ID,66531,US,2022-01-10 03:58:42,2025-05-02,True
7653,Female,1984-09-08,Closed,Madison,NE,76171,US,2019-09-28 02:41:41,2023-07-30,False
7877,Female,1977-11-12,Active,Clinton,SD,87112,US,2019-03-07 11:45:52,2025-09-03,True
7934,Male,1997-10-27,Active,Salem,NB,,CA,2023-12-11 08:12:11,2025-06-30,True
8042,Male,1944-01-07,Active,Chester,NT,,CA,2019-07-27 17:32:55,2025-01-06,True
8228,Female,1997-05-08,Active,Chester,WI,19180,US,2022-07-30 20:14:18,2025-02-04,True
8623,Male,1982-11-12,Closed,Bristol,PE,,CA,2019-06-24 10:26:54,2021-05-05,False
8722,Female,1975-05-11,Active,Philadelphia,PA,76573,US,2022-02-06 23:12:35,2025-07-14,True
8768,Male,1948-06-30,Active,Chester,KS,66577,US,2022-06-12 17:12:01,2025-04-13,True
8961,Male,1996-08-19,Active,Bristol,NL,,CA,2017-07-03 21:33:22,2025-05-25,True
9033,Male,1993-09-11,Blocked,Fort Collins,CO,64350,US,2023-09-07 19:58:05,2024-01-19,False
9067,Prefer Not To Say,1954-10-13,Active,Riverside,AR,92073,US,2020-05-02 04:53:29,2025-09-21,True
9107,Female,1969-02-21,Inactive,Riverside,LA,97328,US,2016-03-07 04:46:41,2021-04-21,False
9201,Female,2000-06-25,Inactive,Tucson,AZ,97048,US,2022-01-02 11:58:45,2024-06-11,False
9313,Female,1963-08-09,Closed,Ann Arbor,MI,61217,US,2024-07-31 18:43:54,2025-04-05,False
9356,Male,1947-02-21,Active,Durham,NC,84411,US,2023-07-15 17:56:00,2025-01-04,True
9397,Male,1973-03-06,Active,Hamilton,ON,,CA,2018-08-09 16:04:16,2025-07-10,True
9527,Male,1970-10-04,Active,Franklin,WY,70359,US,2019-10-25 07:39:21,2025-02-20,True
9550,Female,1953-05-04,Closed,Bristol,WY,36203,US,2022-12-05 21:14:20,2023-10-14,False
43,Female,1977-01-18,Active,Madison,SC,87820,US,2020-08-10 01:02:02,2025-10-15,True
132,Female,1942-07-06,Blocked,Riverside,IA,14833,US,2015-06-01 10:03:21,2024-04-01,False
196,Male,1968-03-12,Active,Riverside,DE,20831,US,2022-09-18 19:11:41,2025-06-16,True
265,Female,1973-10-09,Blocked,Salem,NJ,16362,US,2016-04-02 05:27:34,2024-10-08,False
916,Prefer Not To Say,1953-03-27,Inactive,Syracuse,NY,89544,US,2022-06-09 10:14:55,2022-06-14,False
975,Female,1989-10-10,Active,Riverside,MO,40961,US,2022-04-25 00:04:13,2025-01-19,True
999,Male,1977-07-01,Active,Clinton,MT,80010,US,2023-03-14 14:47:48,2025-03-30,True
1276,Prefer Not To Say,1976-04-22,Active,Atlanta,GA,96207,US,2015-05-12 05:51:33,2025-07-30,True
1341,Male,1978-09-10,Active,San Jose,CA,64139,US,2025-05-10 15:10:49,2025-06-10,True
1349,Female,1979-08-29,Inactive,Colorado Springs,CO,72930,US,2023-05-14 18:47:39,2024-11-14,False
1675,Male,1999-12-13,Active,Bristol,ME,62390,US,2024-11-17 09:19:06,2025-03-20,True
1802,Female,1981-01-01,Active,Syracuse,NY,43632,US,2015-05-18 08:18:36,2025-11-14,True
1968,Female,1993-11-24,Active,Sparks,NV,61711,US,2025-06-02 04:57:56,2025-08-13,True
2329,Female,1967-02-02,Blocked,Augusta,GA,43561,US,2025-09-19 23:01:40,2025-12-03,False
2483,Female,1967-05-27,Active,Springfield,OR,33021,US,2017-09-20 19:02:36,2025-01-19,True
2599,Female,2012-02-28,Active,Vancouver,BC,,CA,2025-08-13 09:58:31,2025-12-12,True
3054,Prefer Not To Say,1993-06-04,Inactive,Riverside,YT,,CA,2023-08-22 19:50:49,2025-08-15,False
3448,Female,1942-07-29,Blocked,Franklin,WI,71219,US,2023-09-03 08:57:23,2025-05-25,False
3465,Male,1993-03-22,Active,Fairview,MB,,CA,2020-11-21 05:59:28,2025-03-20,True
3481,Male,1973-12-26,Active,Bristol,WI,97352,US,2022-02-25 23:02:16,2025-03-01,True
3525,Male,1947-07-11,Inactive,Sparks,NV,91859,US,2024-10-31 01:17:38,2025-01-14,False
4261,Male,2009-08-17,Active,Madison,NS,,CA,2025-04-19 08:56:17,2025-09-15,True
4438,Female,1983-03-12,Closed,Tacoma,WA,30390,US,2022-07-31 11:02:10,2023-08-01,False
4550,Female,1955-11-30,Active,Springfield,TN,71562,US,2018-07-20 17:19:21,2025-08-24,True
4583,Male,1965-04-04,Active,Georgetown,NS,,CA,2023-03-28 18:22:40,2025-02-05,True
4664,Female,1954-10-08,Active,Reno,NV,40150,US,2020-05-05 21:10:59,2025-05-29,True
4983,Female,1965-01-02,Active,Franklin,WI,42694,US,2021-02-04 01:13:31,2025-02-24,True
5155,Female,1975-08-14,Active,Salem,WY,40160,US,2017-10-09 07:19:58,2025-11-21,True
5887,Male,2000-07-20,Closed,Franklin,UT,31067,US,2024-07-28 01:53:21,2025-06-22,False
5977,Female,1985-03-24,Blocked,Tacoma,WA,52819,US,2024-04-03 22:17:34,2025-04-23,False
6386,Male,2000-06-26,Active,Clinton,TN,69771,US,2024-01-11 01:49:26,2025-04-26,True
6475,Female,1989-02-11,Closed,Salem,NB,,CA,2021-11-02 22:57:27,2025-01-13,False
6870,Female,1957-06-06,Inactive,Salem,ME,62458,US,2016-12-26 19:56:47,2020-08-12,False
7154,Female,2000-04-19,Inactive,Salem,ND,88707,US,2018-05-12 04:54:02,2024-03-11,False
7294,Male,1980-07-23,Active,Chicago,IL,42965,US,2025-12-19 15:18:52,2025-12-21,True
7426,Male,1997-09-13,Closed,Aurora,IL,82726,US,2024-08-16 22:52:04,2024-08-20,False
7450,Female,1985-03-25,Closed,Henderson,NV,82466,US,2023-04-07 17:48:50,2023-08-04,False
8341,Male,1983-05-09,Active,Riverside,LA,26586,US,2016-05-27 17:50:54,2025-09-24,True
8462,Male,1974-05-28,Inactive,Chester,MD,70926,US,2025-11-06 03:21:55,2025-11-22,False
8524,Male,1992-04-05,Active,Georgetown,CT,94185,US,2020-07-19 17:08:18,2025-10-17,True
8744,Female,1979-11-09,Active,Madison,IN,28791,US,2018-01-09 23:22:03,2025-07-30,True
8860,Female,1984-08-30,Inactive,Fort Lauderdale,FL,35652,US,2023-04-12 21:07:19,2025-07-03,False
8955,Male,2001-06-19,Active,Dallas,TX,67918,US,2023-02-16 08:02:19,2024-12-26,True
9298,Male,1964-05-21,Inactive,Madison,IA,42114,US,2019-12-10 18:12:06,2023-04-15,False
9410,Male,1962-03-24,Active,Fairview,TN,59213,US,2022-10-07 19:01:36,2025-05-14,True
9424,Female,1967-08-01,Active,Bristol,MO,60821,US,2015-05-28 01:57:22,2025-04-29,True
9608,Male,1952-03-12,Closed,Clinton,LA,30881,US,2017-07-18 18:34:46,2019-05-22,False
9627,Female,1941-04-03,Active,Georgetown,IN,44323,US,2020-04-06 09:35:55,2025-09-02,True
9758,Male,1991-04-15,Active,Riverside,MS,13328,US,2024-11-10 21:08:11,2025-09-07,True
9773,Female,1961-06-19,Active,Riverside,KY,45252,US,2016-09-11 20:16:32,2025-03-21,True
9828,Female,1958-01-29,Active,Madison,LA,68273,US,2018-01-11 13:53:50,2025-07-31,True
9835,Female,1954-05-30,Active,Philadelphia,PA,19951,US,2017-06-12 13:56:31,2025-05-28,True
81,Other,1942-10-03,Closed,Springfield,SC,87846,US,2017-07-24 07:46:08,2019-12-07,False
214,Male,1978-05-28,Active,Springfield,NH,47587,US,2016-09-05 05:30:47,2025-10-15,True
596,Male,1963-06-22,Active,Springfield,NL,,CA,2016-01-16 02:40:52,2025-03-22,True
602,Male,1967-10-12,Active,Chandler,AZ,58837,US,2015-12-28 02:20:48,2025-04-27,True
744,Male,2000-01-28,Inactive,Durham,NC,16660,US,2020-06-04 22:55:48,2022-10-02,False
951,Female,1991-07-20,Inactive,Fairview,MD,31093,US,2019-08-16 13:05:03,2022-03-02,False
997,Female,1979-04-19,Inactive,Georgetown,KS,86557,US,2024-06-07 16:38:37,2025-07-13,False
1008,Female,1943-08-29,Active,Clinton,YT,,CA,2020-06-24 22:36:14,2025-07-01,True
1152,Female,2001-10-27,Active,Calgary,AB,,CA,2015-02-10 03:59:27,2025-04-04,True
1527,Female,1997-03-08,Closed,Franklin,SC,76491,US,2020-06-20 09:31:23,2020-10-18,False
1621,Female,1991-02-17,Active,Madison,OK,34110,US,2021-01-24 00:05:22,2025-09-11,True
1676,Male,1986-08-23,Active,Springfield,CT,32365,US,2018-09-06 00:07:34,2025-09-23,True
1790,Male,1984-01-04,Active,Salem,SC,25002,US,2018-11-25 11:34:16,2025-02-17,True
1944,Female,2001-05-24,Active,Salem,TN,63942,US,2023-12-14 20:36:19,2025-08-13,True
2256,Male,1992-11-08,Active,San Jose,CA,46530,US,2022-11-26 21:12:08,2025-12-15,True
2319,Female,2003-12-14,Active,Gatineau,QC,,CA,2023-09-18 20:21:24,2024-12-28,True
2416,Male,1948-11-10,Active,Fairview,MD,24853,US,2025-05-17 06:13:16,2025-08-25,True
2576,Male,1951-09-26,Active,Riverside,DE,51247,US,2022-04-16 18:12:01,2025-09-06,True
2928,Female,1946-09-06,Inactive,Bristol,NU,,CA,2015-12-11 05:27:23,2016-07-26,False
3126,Male,2006-11-20,Active,Atlanta,GA,83504,US,2023-06-09 04:48:11,2025-06-30,True
3400,Female,1973-12-14,Active,Calgary,AB,,CA,2019-04-29 08:03:30,2025-03-09,True
3549,Female,1999-12-27,Closed,Clinton,ND,38063,US,2025-09-14 12:57:36,2025-10-16,False
3632,Female,1983-10-25,Active,Salem,AL,50748,US,2015-01-22 06:22:21,2025-01-15,True
3657,Male,1984-01-23,Active,Georgetown,VT,54504,US,2023-11-10 05:19:37,2025-06-18,True
3927,Female,1980-11-09,Inactive,Georgetown,ME,43591,US,2018-01-30 21:40:36,2023-12-14,False
4179,Female,1990-05-18,Active,Madison,PE,,CA,2016-10-15 03:26:47,2025-04-20,True
4247,Female,2008-12-15,Blocked,Franklin,PE,,CA,2025-01-22 13:45:24,2025-10-28,False
4420,Female,1972-12-18,Active,Fairview,PE,,CA,2016-04-11 22:01:04,2025-07-26,True
4422,Female,1981-01-17,Active,Joliet,IL,81871,US,2018-11-19 21:01:32,2025-10-28,True
4621,Female,1999-08-15,Active,Salem,NE,81546,US,2024-05-21 07:17:54,2025-12-20,True
4785,Male,1994-07-28,Active,Scottsdale,AZ,66559,US,2023-01-16 22:29:24,2025-01-06,True
5256,Female,1983-02-12,Active,Bristol,LA,84635,US,2015-06-14 02:51:41,2025-04-07,True
5530,Male,1985-06-03,Active,Clinton,OR,44015,US,2015-03-21 11:12:58,2025-01-13,True
5552,Male,1944-03-17,Closed,Springfield,OK,28747,US,2016-09-06 05:53:52,2021-08-26,False
6075,Male,2005-10-29,Closed,Franklin,AL,71666,US,2021-07-27 01:55:54,2023-10-19,False
6237,Female,1942-09-14,Active,Clinton,CT,76380,US,2019-03-13 09:04:20,2025-07-12,True
6642,Female,2004-06-07,Active,Fort Lauderdale,FL,67125,US,2024-05-21 13:42:40,2025-05-29,True
7076,Male,1989-12-14,Inactive,Chester,OR,79799,US,2022-06-26 06:26:29,2025-07-01,False
7179,Female,1996-11-22,Active,Grand Rapids,MI,99501,US,2019-04-23 09:41:03,2025-11-07,True
7287,Other,1970-11-09,Active,Chester,ND,63310,US,2016-06-19 20:48:18,2025-07-16,True
8564,Male,1998-10-07,Active,Franklin,IA,37768,US,2020-02-20 01:50:34,2025-02-04,True
9085,Male,1987-12-17,Active,Colorado Springs,CO,21396,US,2025-06-18 04:33:38,2025-10-09,True
9179,Female,1984-02-03,Active,Franklin,WI,74810,US,2016-07-05 02:04:56,2025-07-07,True
9217,Female,1945-01-12,Active,Grand Rapids,MI,41380,US,2022-04-12 22:22:29,2025-05-09,True
9900,Female,2004-04-20,Inactive,Springfield,MT,43821,US,2022-10-11 21:05:55,2025-01-19,False
535,Female,1957-03-28,Active,Bristol,UT,48326,US,2020-12-24 17:14:36,2025-12-25,True
633,Female,1980-11-17,Active,Bristol,SD,81349,US,2019-08-08 09:08:23,2025-07-07,True
762,Male,1961-09-28,Active,Vancouver,WA,58958,US,2021-05-26 05:51:08,2025-10-16,True
856,Prefer Not To Say,2001-12-21,Active,Hamilton,ON,,CA,2024-06-01 07:30:41,2025-06-06,True
1419,Male,2009-07-11,Closed,Riverside,AK,98096,US,2022-09-17 14:29:17,2023-11-25,False
1521,Male,2006-06-04,Active,Salem,OK,23545,US,2020-07-03 14:50:34,2025-01-22,True
1794,Female,1972-05-15,Active,Madison,OK,20701,US,2021-04-30 13:29:14,2025-07-27,True
1847,Other,1975-05-23,Active,Salem,MD,31901,US,2020-07-18 02:41:05,2025-07-03,True
1876,Female,2005-01-19,Active,Clinton,MN,31247,US,2024-07-14 19:05:28,2025-03-08,True
2001,Male,1965-03-19,Closed,Athens,GA,73017,US,2025-02-24 14:34:08,2025-10-24,False
2290,Male,1982-05-22,Active,Springfield,NH,27641,US,2015-08-08 14:30:22,2025-01-28,True
2559,Prefer Not To Say,1951-11-01,Active,Springfield,IA,54050,US,2016-05-17 03:47:25,2025-12-17,True
2787,Male,1970-03-06,Active,Fairview,ID,74330,US,2018-09-27 06:56:33,2025-09-05,True
2807,Male,1944-05-13,Closed,Albany,NY,30036,US,2025-06-11 02:58:29,2025-11-03,False
2913,Male,1946-05-01,Blocked,Sterling Heights,MI,45353,US,2022-01-17 22:05:06,2023-03-19,False
3120,Male,1974-02-26,Closed,Fairview,ID,85084,US,2024-03-25 01:58:03,2025-04-08,False
3277,Male,1962-08-20,Active,Springfield,TN,46731,US,2018-02-23 23:04:24,2025-01-05,True
3403,Male,1973-01-20,Active,Allentown,PA,54906,US,2016-09-08 14:24:13,2025-05-03,True
3690,Female,1941-05-02,Active,Georgetown,NS,,CA,2021-10-27 04:07:35,2025-02-16,True
4017,Female,1981-10-10,Active,Salem,MS,58573,US,2024-06-06 18:08:36,2024-12-25,True
4499,Female,1954-03-20,Active,Riverside,MB,,CA,2023-12-19 00:10:10,2025-05-12,True
4730,Male,2009-10-31,Active,Chicago,IL,62467,US,2024-05-15 19:16:39,2025-08-24,True
4781,Female,1980-05-31,Closed,Fairview,CT,14572,US,2023-03-22 02:33:39,2024-05-27,False
5060,Male,1963-01-11,Active,Franklin,AK,89440,US,2020-09-18 06:29:22,2025-03-22,True
5069,Male,1971-08-06,Active,Franklin,AL,49797,US,2015-01-27 00:52:35,2025-06-05,True
5411,Male,1944-06-08,Inactive,Henderson,NV,78780,US,2017-05-20 12:37:48,2020-09-10,False
6070,Female,1943-05-26,Blocked,Springfield,NJ,27516,US,2025-05-23 11:53:45,2025-10-12,False
6326,Female,1987-09-30,Inactive,Chester,MB,,CA,2017-02-19 18:04:31,2023-01-23,False
6515,Female,1965-07-17,Active,Springfield,PE,,CA,2024-10-11 03:06:04,2025-02-01,True
7192,Male,2003-10-13,Active,Aurora,CO,28822,US,2017-01-20 00:02:21,2025-07-12,True
7542,Male,1988-01-23,Active,Salem,MO,93498,US,2025-04-13 11:12:37,2025-05-22,True
7657,Female,1949-01-17,Active,Sterling Heights,MI,51400,US,2019-07-22 00:01:57,2025-01-24,True
7980,Male,1958-08-30,Active,Bristol,TN,10164,US,2015-02-05 18:21:37,2025-05-27,True
8059,Female,1946-10-17,Active,Clinton,NB,,CA,2019-09-01 06:52:00,2025-10-23,True
8102,Female,1973-03-15,Active,Raleigh,NC,70046,US,2019-10-09 00:50:43,2025-07-01,True
8170,Female,2003-07-18,Active,Franklin,KS,59517,US,2022-12-18 13:57:23,2025-10-21,True
8288,Male,1996-09-11,Active,Raleigh,NC,80303,US,2021-07-27 14:07:46,2025-05-11,True
8637,Female,1995-10-19,Active,Georgetown,NM,44037,US,2024-06-16 18:06:01,2025-11-01,True
8642,Female,2001-02-28,Inactive,Jacksonville,FL,80821,US,2024-03-24 13:25:06,2025-06-23,False
9168,Female,1994-12-25,Active,Salem,NS,,CA,2015-07-24 21:29:01,2025-03-16,True
9326,Male,1985-02-18,Closed,Colorado Springs,CO,76749,US,2019-03-14 14:23:41,2024-02-01,False
9540,Prefer Not To Say,2006-03-12,Closed,Salem,SC,20800,US,2019-05-12 11:45:57,2020-12-09,False
9730,Female,1983-12-21,Active,Bristol,MS,35207,US,2016-12-01 21:45:22,2025-01-01,True
9958,Male,1956-07-05,Active,Longueuil,QC,,CA,2021-02-22 02:21:08,2025-09-17,True
79,Female,1957-06-18,Active,Springfield,NU,,CA,2025-08-14 21:57:21,2025-12-03,True
676,Male,1941-02-22,Inactive,Clinton,ME,39482,US,2022-10-06 16:49:46,2025-01-03,False
775,Male,1981-11-17,Active,Fort Collins,CO,59515,US,2021-05-28 09:08:03,2025-04-27,True
786,Female,1954-01-20,Active,Jacksonville,FL,60785,US,2025-06-13 21:17:57,2025-12-19,True
1084,Male,1973-10-01,Blocked,Atlanta,GA,38301,US,2015-02-25 19:12:44,2019-09-28,False
1222,Male,1944-02-20,Active,Clinton,WI,77691,US,2018-05-10 19:41:37,2025-11-02,True
1496,Female,1989-10-11,Active,Cincinnati,OH,47342,US,2018-06-19 01:54:36,2025-02-14,True
1877,Female,1971-05-28,Inactive,Georgetown,CT,84660,US,2024-10-04 06:17:48,2025-08-05,False
2153,Female,1999-06-06,Active,Charlotte,NC,22083,US,2016-10-18 09:50:43,2025-07-05,True
2531,Female,1963-08-06,Active,Bristol,RI,60757,US,2022-04-27 08:35:43,2025-02-17,True
2664,Female,1986-05-21,Active,Reading,PA,44414,US,2022-03-21 05:29:59,2025-07-26,True
2774,Male,1997-04-24,Active,Toledo,OH,68375,US,2016-12-09 05:04:34,2025-10-21,True
3954,Prefer Not To Say,1964-07-11,Active,Madison,YT,,CA,2015-07-21 23:28:10,2025-12-08,True
4034,Female,1972-10-29,Active,New York,NY,47349,US,2017-02-04 23:06:13,2025-10-18,True
4066,Prefer Not To Say,1985-07-25,Inactive,Franklin,CT,68948,US,2019-09-29 18:14:00,2020-03-04,False
4100,Female,1947-08-22,Active,Springfield,KS,98248,US,2020-11-05 07:23:20,2025-05-10,True
4683,Male,1958-05-01,Closed,Greensboro,NC,68169,US,2015-05-29 06:19:06,2018-03-15,False
5688,Male,1951-01-15,Active,Pittsburgh,PA,28493,US,2021-09-26 18:40:38,2025-10-17,True
5746,Other,1975-05-28,Closed,Buffalo,NY,73313,US,2022-09-01 01:01:38,2023-09-10,False
6099,Other,1993-11-25,Active,Henderson,NV,75326,US,2024-12-16 23:06:45,2025-01-21,True
6459,Male,1970-11-18,Active,Clinton,NJ,11231,US,2016-11-01 18:11:54,2025-04-12,True
6561,Male,1956-06-30,Active,Madison,NL,,CA,2016-07-20 10:58:44,2025-07-12,True
7480,Male,1973-02-19,Active,Georgetown,MB,,CA,2020-02-24 10:12:12,2025-08-09,True
7534,Female,1973-11-06,Blocked,Clinton,TN,56805,US,2024-11-14 03:07:05,2024-12-16,False
7649,Female,1953-06-14,Active,Franklin,ND,39462,US,2023-10-02 15:04:16,2025-06-14,True
7707,Female,1983-03-14,Closed,Tucson,AZ,76446,US,2019-03-14 19:26:06,2021-10-18,False
7832,Female,1997-09-26,Active,Clinton,DE,62317,US,2015-12-01 13:49:43,2025-03-24,True
7888,Female,1981-06-29,Active,Salem,MS,72817,US,2018-10-21 10:47:07,2025-10-24,True
8075,Other,2005-07-12,Inactive,Allentown,PA,10858,US,2019-05-25 04:29:19,2024-05-27,False
8379,Male,1978-12-06,Active,Gatineau,QC,,CA,2016-08-27 08:27:03,2025-01-27,True
8438,Female,1947-07-02,Active,Salem,WY,10151,US,2015-07-16 06:42:10,2025-01-07,True
8826,Male,1952-03-22,Active,Bellevue,WA,86009,US,2019-01-31 14:06:28,2025-07-10,True
8969,Male,1979-04-29,Active,Riverside,NJ,16830,US,2020-05-17 21:37:01,2025-07-06,True
9099,Male,2005-04-18,Inactive,Clinton,NE,61444,US,2025-01-02 04:58:32,2025-10-23,False
9227,Male,1961-08-02,Inactive,San Diego,CA,76557,US,2018-10-02 02:37:06,2022-08-31,False
9555,Female,1997-01-29,Active,Madison,NJ,88983,US,2019-04-03 01:42:16,2024-12-30,True
9870,Male,1982-09-15,Active,Franklin,ID,45285,US,2017-06-02 17:37:27,2025-09-17,True
91,Male,1948-10-19,Inactive,Tacoma,WA,11461,US,2018-02-27 14:24:25,2025-07-26,False
231,Male,1970-12-24,Active,Salem,OR,57109,US,2024-12-30 16:49:42,2025-02-23,True
401,Female,1991-02-10,Active,Madison,OK,51854,US,2025-04-24 21:30:45,2025-09-18,True
968,Other,1942-04-16,Active,Clinton,VA,29294,US,2020-08-27 06:39:31,2025-08-22,True
1062,Male,1947-11-22,Active,Pittsburgh,PA,75881,US,2016-01-02 19:53:11,2025-08-11,True
1129,Female,2002-12-28,Inactive,Chester,MB,,CA,2022-01-14 23:38:53,2023-10-17,False
1422,Female,1965-05-12,Inactive,Lethbridge,AB,,CA,2022-08-09 03:16:53,2024-06-27,False
1427,Male,1950-02-07,Active,Riverside,CT,76750,US,2015-01-01 16:23:20,2025-01-23,True
1429,Female,1987-11-08,Closed,Aurora,IL,74852,US,2016-07-15 00:26:16,2023-12-27,False
1638,Male,1961-07-28,Active,Fort Lauderdale,FL,72793,US,2025-08-23 12:09:40,2025-09-17,True
1772,Female,1985-07-21,Inactive,Riverside,NH,16958,US,2018-12-01 18:24:23,2023-01-18,False
1804,Other,1957-07-03,Active,Clinton,LA,15486,US,2019-02-28 09:30:08,2025-07-25,True
1850,Female,1965-03-21,Active,San Antonio,TX,21438,US,2019-05-01 07:19:58,2025-03-28,True
2188,Female,1974-01-10,Active,Fairview,OR,20409,US,2022-09-09 15:11:58,2025-02-17,True
3184,Prefer Not To Say,1947-12-29,Active,Bristol,NB,,CA,2017-10-01 08:23:12,2025-09-12,True
3254,Female,1971-12-06,Inactive,Longueuil,QC,,CA,2019-01-06 18:17:19,2022-06-27,False
3847,Female,1989-03-10,Inactive,Franklin,LA,14460,US,2021-04-17 17:09:58,2021-07-20,False
4054,Male,2004-08-23,Active,Clinton,VA,19163,US,2019-09-19 11:15:21,2025-05-20,True
4161,Female,1977-08-08,Active,Madison,WV,98587,US,2022-12-30 04:51:42,2025-05-21,True
4387,Female,1952-10-29,Active,Chester,KS,60050,US,2024-10-12 01:11:40,2025-02-01,True
4525,Male,1944-03-29,Active,Chester,NE,48933,US,2017-07-30 14:26:28,2025-03-16,True
4560,Male,1990-05-22,Active,Medicine Hat,AB,,CA,2017-02-07 01:15:18,2025-04-09,True
4886,Female,1959-03-02,Inactive,Madison,AK,89709,US,2015-11-06 10:00:39,2018-10-20,False
4929,Prefer Not To Say,1944-03-28,Active,Salem,ND,71893,US,2017-05-17 00:51:39,2025-11-07,True
5076,Male,1946-12-19,Active,Surrey,BC,,CA,2018-08-08 16:26:27,2025-05-13,True
5083,Male,1995-07-19,Closed,Fairview,AK,42423,US,2020-11-27 14:17:23,2021-04-12,False
5255,Female,1949-03-27,Inactive,Clinton,NH,59915,US,2023-12-03 07:12:55,2024-03-27,False
5361,Female,1955-05-15,Closed,Chester,HI,57704,US,2024-02-05 10:57:57,2024-02-20,False
5657,Female,1953-03-01,Inactive,Syracuse,NY,57509,US,2017-05-11 22:05:15,2021-01-18,False
5815,Female,1954-10-02,Closed,Fort Worth,TX,17670,US,2015-01-12 15:04:04,2016-10-04,False
6286,Prefer Not To Say,1978-05-15,Active,Riverside,NB,,CA,2018-07-30 09:17:38,2025-03-24,True
6425,Female,1998-02-05,Closed,Las Vegas,NV,88736,US,2021-06-13 20:20:52,2022-01-12,False
6553,Female,1973-01-15,Inactive,Chester,ME,33493,US,2022-08-26 23:49:05,2023-01-25,False
6610,Male,1988-01-15,Active,Georgetown,OK,40462,US,2015-12-16 18:39:33,2025-08-27,True
6785,Male,1973-08-04,Closed,Franklin,WI,53559,US,2025-07-04 16:39:17,2025-09-30,False
7141,Female,1951-01-31,Active,Worcester,MA,15931,US,2020-07-06 05:26:38,2025-11-17,True
7246,Male,1956-03-02,Active,Cambridge,MA,68464,US,2021-11-26 22:01:58,2025-11-12,True
8035,Female,1978-03-21,Active,Orlando,FL,98838,US,2025-07-21 11:36:16,2025-12-17,True
8111,Male,1998-04-12,Blocked,Franklin,OK,33949,US,2021-09-13 12:15:41,2021-12-12,False
8233,Female,1990-06-12,Active,Chester,WI,88386,US,2025-08-12 05:09:41,2025-10-04,True
8434,Male,1994-01-22,Active,Clinton,MN,90218,US,2020-10-02 16:35:11,2025-05-19,True
8610,Male,1942-02-22,Active,Detroit,MI,48439,US,2017-05-03 09:35:29,2025-08-19,True
8825,Male,2001-04-03,Inactive,Georgetown,CT,35266,US,2021-04-29 17:51:35,2025-04-22,False
8829,Prefer Not To Say,1997-06-04,Active,Salem,ND,99208,US,2022-04-26 18:50:44,2025-04-19,True
8837,Female,1964-08-16,Closed,Fairview,NU,,CA,2024-07-11 16:43:56,2025-06-29,False
8947,Male,1956-11-14,Active,San Diego,CA,83648,US,2019-03-24 23:02:32,2025-08-20,True
9077,Female,1999-03-01,Active,Georgetown,OK,20337,US,2025-02-22 22:53:02,2025-10-16,True
9123,Male,1964-03-20,Active,Georgetown,AL,35846,US,2019-05-02 10:48:39,2025-03-26,True
9296,Other,1992-01-07,Inactive,Franklin,AK,37474,US,2021-06-04 15:20:49,2024-08-08,False
9413,Female,1983-01-04,Active,Salem,OK,96437,US,2020-09-25 07:36:32,2025-08-14,True
9569,Female,1966-10-06,Inactive,Chester,WI,53696,US,2020-10-31 21:37:48,2020-12-23,False
9678,Female,1971-01-08,Active,Springfield,VT,37953,US,2024-01-14 08:53:11,2025-07-11,True
9803,Male,1973-08-24,Active,Fairview,NU,,CA,2025-05-20 06:58:50,2025-05-25,True
9852,Male,2002-12-12,Active,Fairview,NE,74757,US,2016-04-14 12:30:50,2025-10-31,True
9886,Male,1953-06-28,Active,Red Deer,AB,,CA,2016-08-28 04:00:33,2025-08-01,True
9999,Female,1965-07-13,Closed,Rochester,NY,71353,US,2015-11-28 04:37:53,2016-08-22,False
691,Male,1967-01-21,Active,Clinton,HI,25337,US,2021-08-22 09:35:02,2025-10-03,True
728,Female,1965-07-19,Active,Tacoma,WA,85796,US,2021-02-02 11:14:06,2025-09-22,True
857,Male,2002-09-30,Inactive,Bristol,AL,27707,US,2018-11-04 16:25:21,2024-04-19,False
912,Female,1962-05-25,Active,Georgetown,PE,,CA,2018-02-17 22:27:25,2025-07-15,True
930,Female,1959-09-30,Active,Fairview,MN,90369,US,2025-08-14 15:19:14,2025-11-10,True
1216,Female,1952-10-26,Active,Philadelphia,PA,60467,US,2024-06-14 23:24:22,2025-05-23,True
1458,Male,1961-11-11,Active,Springfield,OK,36493,US,2018-03-30 04:55:06,2025-08-19,True
1475,Female,1973-05-19,Active,Bristol,AR,55115,US,2020-09-08 16:05:33,2025-04-07,True
1669,Male,1967-02-02,Blocked,Buffalo,NY,29532,US,2020-07-16 13:35:08,2024-05-30,False
1911,Male,1962-06-02,Closed,Fort Worth,TX,27263,US,2018-08-28 00:51:57,2020-09-13,False
2133,Female,1952-08-15,Active,North Las Vegas,NV,53500,US,2019-02-20 14:13:14,2025-08-07,True
2344,Prefer Not To Say,1950-06-15,Active,Salem,SK,,CA,2021-11-10 08:05:05,2025-01-06,True
2370,Female,1975-07-15,Active,Clinton,AL,13241,US,2022-11-28 01:24:48,2025-07-23,True
2546,Male,2001-07-06,Closed,Sacramento,CA,22986,US,2024-11-01 09:03:52,2025-08-19,False
2656,Female,1953-03-22,Closed,Madison,SC,39919,US,2022-11-16 14:53:44,2024-07-18,False
2856,Male,1986-10-03,Inactive,Riverside,YT,,CA,2024-09-28 09:24:56,2025-06-19,False
3177,Male,1952-09-08,Active,Madison,MO,45583,US,2018-01-28 07:02:23,2025-04-10,True
3407,Female,1951-04-04,Active,Raleigh,NC,32099,US,2018-07-04 17:56:57,2025-01-06,True
3509,Female,1997-03-24,Inactive,Bristol,NM,32046,US,2022-02-07 09:16:24,2025-02-12,False
3571,Female,1942-11-03,Active,Madison,KS,86984,US,2019-01-03 15:53:59,2025-05-22,True
3610,Female,1995-06-18,Active,Fairview,HI,11143,US,2022-12-18 04:27:11,2025-04-09,True
3793,Male,1990-03-14,Active,Franklin,OK,26318,US,2025-03-21 08:03:15,2025-11-04,True
4336,Male,1952-05-26,Active,Seattle,WA,51600,US,2025-05-21 05:54:57,2025-11-13,True
4488,Female,1946-05-13,Active,Madison,LA,15363,US,2025-08-31 19:15:54,2025-10-13,True
5054,Female,1976-11-23,Inactive,Riverside,TN,54734,US,2023-09-02 11:23:48,2024-12-03,False
5149,Male,1957-10-22,Inactive,Fairview,NS,,CA,2023-06-09 10:13:34,2024-04-29,False
5246,Male,1968-06-21,Inactive,Athens,GA,93932,US,2017-10-06 10:33:01,2018-12-20,False
5615,Female,1989-04-23,Active,Chester,UT,27751,US,2016-10-22 03:07:17,2025-10-31,True
5655,Female,1965-01-08,Inactive,Madison,KS,25846,US,2015-12-10 07:18:09,2016-08-13,False
5669,Female,1976-08-04,Active,Madison,CT,85392,US,2024-02-13 04:50:06,2025-07-18,True
5891,Male,1957-11-14,Active,Chester,HI,59448,US,2021-01-15 01:44:00,2025-10-29,True
5992,Female,1980-06-20,Inactive,Bristol,TN,19204,US,2016-03-01 00:41:42,2022-08-09,False
6725,Female,1945-11-28,Active,Chester,OK,23146,US,2021-05-16 04:37:56,2025-05-16,True
7010,Male,1954-01-23,Active,Franklin,WY,20369,US,2025-11-27 23:13:46,2025-12-02,True
7039,Male,1958-03-01,Active,Franklin,NM,82266,US,2022-05-28 13:47:19,2025-07-02,True
7198,Male,2008-06-13,Active,Franklin,NB,,CA,2022-10-29 04:23:28,2025-08-27,True
7561,Other,1947-11-27,Active,Phoenix,AZ,85848,US,2017-02-26 08:06:02,2025-01-24,True
7893,Female,2001-06-30,Active,Madison,IN,73079,US,2022-01-23 00:58:44,2025-09-14,True
8240,Female,1955-07-15,Active,Macon,GA,70938,US,2025-01-03 07:32:17,2025-06-05,True
8746,Female,1987-04-09,Inactive,Fairview,WY,73524,US,2017-04-05 06:29:53,2020-02-11,False
8945,Male,1957-05-09,Active,Salem,WI,94856,US,2021-01-20 19:32:42,2025-12-25,True
8974,Female,1950-08-17,Active,Madison,YT,,CA,2017-11-11 06:35:05,2025-04-22,True
9138,Male,1961-03-25,Active,Chester,OR,91127,US,2023-03-06 14:41:19,2025-03-05,True
9562,Male,1948-05-30,Active,Franklin,RI,49775,US,2018-10-03 05:24:46,2025-01-07,True
9683,Male,1965-12-18,Inactive,Franklin,OR,51417,US,2015-04-10 07:58:12,2021-11-06,False
218,Prefer Not To Say,1966-10-03,Active,Montreal,QC,,CA,2019-07-01 13:54:39,2025-01-10,True
246,Female,1980-08-09,Inactive,Georgetown,NT,,CA,2018-07-22 08:12:53,2025-01-02,False
468,Male,1967-12-22,Inactive,Clinton,IA,66958,US,2021-02-03 02:54:55,2024-02-29,False
594,Male,2005-10-19,Active,Madison,HI,82449,US,2021-05-13 01:26:43,2025-08-21,True
700,Male,1950-04-27,Active,Chester,NL,,CA,2016-05-28 21:45:39,2025-08-02,True
914,Male,1949-07-20,Active,Springfield,PE,,CA,2016-01-06 19:22:55,2025-08-09,True
1142,Female,1989-06-24,Active,Salem,NH,74345,US,2018-01-12 20:43:36,2025-10-02,True
1172,Male,1992-04-14,Inactive,Springfield,ID,84500,US,2022-11-04 22:52:46,2025-02-01,False
1777,Male,1958-09-27,Active,Riverside,DE,73390,US,2015-07-26 14:24:52,2025-03-21,True
1832,Female,1989-11-03,Active,Bristol,NM,76765,US,2016-02-12 15:43:07,2025-01-23,True
2340,Female,1988-09-11,Active,Madison,NM,30941,US,2020-12-22 21:19:47,2025-01-08,True
2462,Male,1942-03-10,Inactive,Georgetown,HI,27511,US,2018-10-27 22:29:05,2025-01-23,False
2568,Male,1965-10-11,Active,Springfield,AR,67933,US,2017-01-06 21:33:51,2025-05-05,True
2785,Male,1946-07-22,Active,Winston-Salem,NC,61946,US,2018-03-07 15:25:42,2025-08-11,True
3062,Male,2009-11-01,Active,Spokane,WA,15089,US,2024-04-06 21:24:19,2025-06-04,True
3229,Male,1980-11-05,Inactive,Fairview,NB,,CA,2020-08-08 08:32:28,2023-08-31,False
3532,Female,1961-07-27,Active,Hamilton,ON,,CA,2024-11-06 04:38:10,2025-09-01,True
3606,Male,1964-06-20,Active,Riverside,WY,44290,US,2024-09-18 01:19:24,2025-01-13,True
3706,Male,1942-06-20,Inactive,Madison,SD,15995,US,2021-10-09 11:01:36,2022-07-03,False
3726,Male,1990-09-13,Active,Franklin,AL,87526,US,2024-03-16 19:40:49,2025-11-18,True
3751,Female,1987-01-04,Active,Clinton,KS,47427,US,2017-07-18 09:01:06,2025-01-04,True
3902,Female,1990-05-23,Inactive,Fairview,VT,14479,US,2022-12-27 15:08:36,2023-05-17,False
4199,Female,1951-12-16,Blocked,Bristol,ND,60861,US,2020-10-16 14:32:25,2022-03-15,False
4286,Male,1942-12-27,Active,Red Deer,AB,,CA,2019-07-15 03:58:09,2025-07-08,True
4399,Prefer Not To Say,1972-03-09,Active,Colorado Springs,CO,78766,US,2023-12-12 19:35:02,2025-02-25,True
4610,Male,1994-06-12,Active,Madison,RI,87739,US,2015-07-26 05:10:34,2025-07-19,True
4717,Prefer Not To Say,1989-03-21,Active,Madison,PE,,CA,2016-10-12 03:43:20,2025-08-15,True
4744,Male,1971-02-19,Active,Riverside,MN,,US,2024-03-21 03:30:37,2025-04-05,True
4840,Male,1941-11-28,Blocked,Springfield,MA,28780,US,2017-03-10 15:02:55,2020-01-19,False
4946,Male,1998-10-27,Active,Chandler,AZ,75109,US,2017-12-14 12:29:10,2025-12-10,True
5257,Prefer Not To Say,1976-05-30,Active,Detroit,MI,59992,US,2023-10-28 05:51:26,2025-06-20,True
5484,Female,1955-03-18,Closed,Madison,ME,22730,US,2015-04-11 01:40:46,2023-03-25,False
5671,Male,1983-10-30,Inactive,Laval,QC,,CA,2019-05-18 13:30:01,2020-03-01,False
5721,Male,1964-05-31,Closed,Georgetown,HI,93008,US,2021-10-16 00:29:26,2022-10-05,False
6036,Female,2003-02-12,Active,Franklin,MD,61430,US,2017-10-12 03:25:47,2025-08-30,True
6056,Male,1987-08-30,Blocked,Springfield,MS,26172,US,2016-11-14 06:39:00,2021-05-17,False
6103,Male,1986-06-14,Inactive,Denver,CO,19035,US,2016-12-05 23:36:14,2024-03-06,False
6335,Male,1962-07-16,Active,Clinton,NB,,CA,2015-08-08 15:40:24,2025-08-13,True
6816,Male,1961-04-13,Inactive,Madison,IN,79742,US,2019-11-28 03:06:41,2025-12-06,False
6848,Female,1953-10-13,Active,Chester,IN,85702,US,2025-11-08 05:16:35,2025-11-14,True
6895,Female,1961-05-17,Closed,Franklin,SK,,CA,2024-05-02 22:56:03,2025-06-25,False
6942,Male,1941-05-10,Active,Springfield,UT,23430,US,2022-05-25 13:50:26,2025-08-27,True
7009,Female,1992-12-18,Active,Cambridge,MA,85560,US,2025-11-18 01:22:09,2025-12-15,True
7210,Male,1949-09-25,Inactive,Georgetown,NS,,CA,2025-10-05 19:47:40,2025-10-10,False
7267,Other,1973-03-14,Active,Chester,VT,49031,US,2021-08-09 01:36:28,2025-05-09,True
7379,Male,1984-06-10,Active,Franklin,DE,93515,US,2018-10-26 10:45:00,2025-05-19,True
7419,Female,1971-08-10,Blocked,Riverside,SD,21214,US,2018-01-21 12:51:55,2022-03-09,False
7529,Female,1989-05-07,Blocked,Riverside,AR,98007,US,2016-05-18 02:23:30,2025-04-07,False
8014,Male,1943-09-28,Active,Salem,UT,33350,US,2021-07-10 00:03:24,2025-11-03,True
8179,Female,1950-08-05,Closed,Franklin,SK,,CA,2023-12-20 00:42:27,2024-04-27,False
8677,Male,1989-02-19,Inactive,Syracuse,NY,61227,US,2015-09-07 00:35:17,2021-02-05,False
8806,Male,1976-03-06,Active,Fairview,NH,69506,US,2020-12-02 19:57:27,2025-10-07,True
8877,Male,1983-10-10,Active,Franklin,VA,54136,US,2025-07-05 06:43:13,2025-08-27,True
9064,Male,1980-02-12,Active,Rockford,IL,31860,US,2017-07-22 00:18:15,2025-02-15,True
9205,Male,1966-11-05,Active,Boulder,CO,70445,US,2023-08-16 18:50:31,2025-10-16,True
9624,Male,1989-12-04,Closed,Springfield,NE,77647,US,2021-01-18 14:52:47,2023-11-27,False
9957,Female,1982-12-14,Active,Salem,NE,38230,US,2015-09-16 01:56:19,2025-04-29,True
9979,Female,1942-10-04,Closed,Georgetown,MN,16536,US,2016-08-31 18:47:11,2023-10-20,False
273,Female,1993-05-13,Active,Greensboro,NC,78594,US,2018-05-25 04:37:00,2025-08-14,True
361,Female,1958-06-26,Active,Fairview,NT,,CA,2025-09-09 05:56:12,2025-12-11,True
383,Male,2005-08-13,Active,Georgetown,ME,79559,US,2019-10-27 10:45:03,2025-05-01,True
393,Male,1942-04-30,Active,Winston-Salem,NC,13786,US,2024-03-13 09:20:27,2025-06-22,True
961,Prefer Not To Say,1957-09-02,Inactive,Fort Lauderdale,FL,94264,US,2019-05-26 20:23:21,2024-06-26,False
1352,Male,2003-09-19,Inactive,Los Angeles,CA,78880,US,2018-01-25 18:22:16,2021-03-22,False
1528,Male,1977-04-16,Active,Sterling Heights,MI,42305,US,2021-05-23 13:23:06,2025-08-06,True
1533,Male,1970-04-10,Active,Mesa,AZ,42236,US,2025-06-14 04:41:32,2025-11-30,True
1784,Male,1971-05-30,Active,Allentown,PA,21807,US,2021-07-19 06:03:40,2025-05-19,True
2200,Female,1955-10-28,Active,Bristol,TN,80641,US,2019-06-16 09:33:17,2025-01-05,True
2245,Male,1994-04-27,Inactive,Buffalo,NY,88704,US,2019-02-18 14:59:33,2020-05-28,False
2274,Female,1951-01-15,Closed,Madison,NH,80482,US,2025-10-15 12:49:47,2025-11-20,False
2423,Male,1966-10-27,Active,Fairview,OR,35985,US,2025-01-15 03:30:36,2025-06-29,True
2523,Male,1976-03-29,Active,Franklin,ND,81481,US,2020-03-25 02:21:27,2025-07-03,True
2721,Male,1989-09-05,Active,Springfield,NJ,28375,US,2022-03-04 05:34:17,2025-04-22,True
3396,Male,2007-01-09,Active,Erie,PA,94929,US,2023-12-11 04:38:18,2025-12-06,True
3405,Male,1969-12-29,Active,Georgetown,LA,84243,US,2021-10-15 03:48:13,2025-03-06,True
3590,Female,1969-06-11,Inactive,Franklin,NL,,CA,2017-10-18 02:59:32,2022-12-26,False
3765,Male,1980-09-05,Blocked,Springfield,AK,94734,US,2018-12-24 19:50:14,2025-02-13,False
4006,Male,1948-10-21,Active,Clinton,VA,89324,US,2018-02-26 06:33:57,2025-10-12,True
4655,Male,1968-06-03,Active,Georgetown,VA,91811,US,2022-07-12 05:48:28,2025-06-29,True
4972,Female,1946-03-17,Active,Chester,KY,37403,US,2015-01-05 05:58:28,2025-12-15,True
5117,Male,1955-07-11,Active,Chester,MT,98794,US,2021-11-24 21:49:21,2025-11-19,True
5131,Female,2007-06-13,Active,Georgetown,MO,86379,US,2023-11-09 04:17:33,2025-09-04,True
5370,Male,1957-10-25,Active,Chester,IA,32793,US,2020-03-12 02:27:04,2025-04-01,True
5401,Male,1949-03-20,Active,Springfield,IA,72639,US,2020-03-04 06:37:24,2025-01-12,True
5448,Female,1987-05-06,Active,Franklin,OK,72918,US,2022-03-11 23:05:19,2025-08-30,True
5485,Female,1955-03-11,Blocked,Bristol,AK,48767,US,2017-08-09 11:33:15,2022-02-21,False
5497,Female,1964-11-20,Closed,Bristol,KY,32921,US,2019-01-12 02:44:45,2024-06-19,False
5720,Female,1952-01-13,Active,Fairview,NE,55212,US,2024-05-11 03:54:14,2025-07-31,True
5734,Male,1981-05-16,Inactive,Franklin,WY,53320,US,2021-11-02 03:02:56,2025-10-08,False
6351,Male,1956-04-17,Inactive,Clinton,HI,22449,US,2018-02-25 09:55:27,2022-01-03,False
6428,Male,1952-07-04,Active,Salem,RI,22619,US,2021-11-09 04:21:15,2025-11-12,True
6533,Female,2007-11-13,Active,Clinton,NE,90290,US,2021-07-10 19:13:33,2025-04-24,True
6611,Female,1979-11-11,Active,Georgetown,IA,82727,US,2018-12-01 16:22:37,2025-11-02,True
7090,Male,1982-11-06,Active,Salem,ND,31174,US,2024-06-07 00:09:14,2025-03-07,True
7388,Male,2005-01-12,Active,Georgetown,WV,84019,US,2023-06-27 18:41:03,2025-07-19,True
7500,Male,1983-05-17,Inactive,Chester,WV,20225,US,2024-09-20 17:49:26,2025-10-05,False
7732,Female,1957-07-15,Active,Chester,AR,16622,US,2019-07-22 01:04:49,2025-08-22,True
7739,Female,1997-05-21,Active,Georgetown,VT,44225,US,2018-02-19 09:21:33,2025-03-29,True
7757,Female,1993-05-13,Active,Allentown,PA,29355,US,2022-12-23 19:47:25,2025-07-04,True
8264,Male,1987-10-17,Active,Bristol,IN,48253,US,2018-11-19 04:31:10,2025-11-12,True
8437,Female,2001-05-03,Active,Toledo,OH,61075,US,2021-09-11 08:16:56,2025-12-20,True
8581,Male,1996-04-28,Active,Bristol,VT,55474,US,2023-03-04 08:05:47,2025-11-27,True
8650,Male,1994-07-06,Active,Clinton,LA,13241,US,2019-09-11 03:09:45,2025-08-28,True
8788,Male,1947-12-09,Active,Fort Collins,CO,45419,US,2025-12-04 16:30:54,2025-12-22,True
8950,Male,1986-03-23,Active,Madison,AK,71326,US,2015-09-18 07:55:53,2025-02-11,True
9020,Female,1943-06-01,Inactive,Riverside,MT,38053,US,2019-07-11 01:23:34,2023-12-08,False
9557,Male,1950-05-07,Closed,Georgetown,NL,,CA,2020-12-29 20:50:17,2022-05-08,False
9877,Female,1978-02-25,Active,Clinton,MN,85323,US,2023-08-15 20:58:50,2025-02-05,True
25,Female,2000-05-06,Inactive,Winston-Salem,NC,24293,US,2024-09-18 00:08:00,2025-03-20,False
192,Male,1983-10-03,Closed,Chester,YT,,CA,2022-05-20 22:57:06,2024-07-17,False
237,Female,1955-08-01,Active,Columbus,OH,54657,US,2019-11-13 16:51:50,2025-09-17,True
719,Male,2002-01-20,Active,Fairview,MN,95702,US,2024-02-23 23:21:53,2025-04-13,True
992,Male,1985-08-02,Blocked,Franklin,WI,87214,US,2022-03-08 01:09:07,2024-11-13,False
1018,Other,1957-01-03,Active,Springfield,AL,56458,US,2015-09-30 15:23:04,2025-05-02,True
1197,Male,1958-09-12,Active,Lethbridge,AB,,CA,2021-07-20 14:42:46,2025-11-15,True
1347,Female,1948-09-24,Active,Chester,WV,32022,US,2024-07-22 11:36:40,2025-09-26,True
1448,Male,1993-02-07,Active,Chester,NT,,CA,2016-03-16 09:34:00,2025-03-14,True
2124,Male,1981-12-10,Active,Grand Rapids,MI,38808,US,2019-07-14 14:21:44,2025-11-15,True
2149,Female,1974-08-24,Active,Bristol,LA,78429,US,2016-11-04 00:49:22,2025-03-31,True
2244,Female,2001-08-24,Active,Chester,YT,,CA,2022-01-29 12:49:25,2025-02-03,True
2655,Male,1970-02-02,Active,Fairview,PE,,CA,2022-04-14 22:07:01,2025-07-15,True
2700,Other,1982-05-05,Active,Springfield,SC,66740,US,2019-01-04 04:07:47,2025-02-15,True
3108,Male,1941-04-22,Active,Fairview,ND,19001,US,2024-03-23 20:36:40,2025-09-22,True
3179,Male,1971-03-10,Active,Warren,MI,67792,US,2019-02-10 18:59:20,2025-04-28,True
3282,Male,1956-07-12,Active,Tampa,FL,18556,US,2021-07-22 10:43:25,2025-01-12,True
3601,Male,1986-03-17,Inactive,Naperville,IL,67659,US,2017-01-30 08:35:45,2023-10-30,False
3612,Male,1948-02-08,Blocked,Bristol,LA,33519,US,2022-05-20 21:41:12,2023-10-12,False
3794,Female,1945-03-22,Active,Georgetown,ND,62486,US,2018-04-24 09:03:49,2025-09-10,True
3878,Female,1958-09-05,Active,Raleigh,NC,30170,US,2018-05-31 08:28:51,2025-12-07,True
3964,Female,1977-10-12,Active,Burnaby,BC,,CA,2021-07-05 05:43:39,2025-09-10,True
4048,Male,1950-09-10,Inactive,Chester,ID,11276,US,2015-09-22 04:42:51,2017-08-24,False
4057,Female,1960-02-27,Active,Aurora,CO,70826,US,2018-12-28 17:56:07,2025-02-01,True
4169,Male,1947-12-27,Inactive,Akron,OH,82832,US,2016-05-29 20:01:39,2023-12-10,False
4202,Female,1973-05-11,Active,Boston,MA,11580,US,2022-07-14 20:13:53,2025-12-02,True
4315,Male,1942-08-22,Inactive,Columbus,OH,49381,US,2016-12-29 07:44:18,2021-05-11,False
4341,Female,1960-01-14,Active,Bristol,HI,19054,US,2025-01-28 11:02:49,2025-10-21,True
4389,Male,1990-04-10,Active,Clinton,NJ,28202,US,2022-02-18 15:03:21,2025-03-30,True
4419,Female,2010-04-01,Inactive,Clinton,KS,77553,US,2025-05-11 02:52:40,2025-11-02,False
4589,Male,1985-01-28,Active,Akron,OH,96957,US,2018-05-27 18:31:45,2025-12-19,True
4656,Prefer Not To Say,1980-11-22,Active,Las Vegas,NV,14885,US,2022-08-26 08:51:37,2025-10-10,True
4715,Male,1972-11-21,Active,Riverside,ND,24646,US,2022-03-14 17:32:55,2025-10-29,True
5121,Female,1957-02-22,Blocked,Clinton,WV,28030,US,2021-02-08 03:09:58,2022-03-31,False
5201,Male,1941-09-08,Active,Clinton,TN,76212,US,2025-03-18 11:46:11,2025-07-23,True
5252,Male,1969-09-16,Active,Madison,WI,66186,US,2023-04-18 23:43:37,2025-12-04,True
5345,Female,1964-10-24,Active,Madison,AK,61706,US,2024-04-12 20:13:55,2025-06-01,True
5422,Male,1970-12-18,Inactive,Fairview,ID,27723,US,2015-12-10 13:53:11,2017-01-06,False
5536,Female,1990-06-18,Inactive,Reno,NV,50433,US,2017-11-04 07:22:38,2019-01-19,False
5611,Male,2010-03-20,Active,Allentown,PA,98867,US,2025-03-13 22:06:00,2025-12-09,True
5751,Male,1981-04-21,Inactive,Fairview,KS,41125,US,2024-01-10 13:25:03,2024-03-17,False
5910,Female,1981-05-16,Blocked,Madison,SK,,CA,2024-07-04 18:16:39,2025-07-01,False
6024,Female,1997-07-28,Active,Franklin,ND,94637,US,2024-05-06 23:13:55,2025-05-02,True
6184,Female,1983-08-19,Active,Chester,WY,38001,US,2016-07-10 16:19:51,2025-02-27,True
6844,Female,1998-03-10,Active,Bristol,WY,39187,US,2015-05-27 01:17:45,2025-09-01,True
7384,Female,1945-10-20,Active,Madison,NM,53877,US,2018-11-27 23:59:14,2025-03-10,True
7415,Male,1975-12-25,Closed,Naperville,IL,62485,US,2017-11-09 09:27:18,2022-06-11,False
7610,Male,1996-04-21,Closed,Clinton,UT,67257,US,2015-04-28 12:49:32,2015-05-04,False
7721,Female,1944-05-19,Active,Madison,NJ,56218,US,2021-03-31 07:28:51,2025-08-20,True
7788,Male,1963-04-30,Active,Bristol,KY,58916,US,2021-11-15 16:55:54,2025-03-05,True
7836,Female,1978-04-21,Active,Georgetown,UT,62720,US,2017-06-26 20:55:53,2025-07-08,True
7992,Male,2000-11-27,Closed,Bristol,CT,41940,US,2019-06-25 15:42:19,2023-09-21,False
8050,Male,1967-07-07,Active,Riverside,AL,67672,US,2024-02-17 23:21:31,2025-03-30,True
8736,Female,2011-11-03,Blocked,Toledo,OH,98007,US,2025-12-18 13:06:52,2025-12-23,False
9214,Prefer Not To Say,1967-02-23,Active,Clinton,MB,,CA,2019-01-31 17:56:17,2025-07-19,True
9480,Female,1991-08-16,Inactive,Jacksonville,FL,37676,US,2020-05-16 01:45:08,2025-07-07,False
9525,Male,1996-02-15,Active,Franklin,NT,,CA,2016-10-06 10:14:39,2025-01-14,True
9838,Female,1974-10-26,Closed,Tucson,AZ,11892,US,2024-08-10 01:10:35,2025-06-24,False
9991,Female,1985-08-31,Active,Springfield,RI,15724,US,2020-01-13 23:55:19,2025-11-09,True
799,Male,1963-08-12,Active,Madison,NJ,55408,US,2020-08-17 17:20:21,2025-04-02,True
1796,Other,1980-09-02,Active,Lowell,MA,67279,US,2024-02-25 13:35:10,2025-05-17,True
2060,Male,1966-03-11,Inactive,Bristol,MS,88055,US,2017-11-08 10:10:18,2024-09-28,False
2212,Male,1957-10-20,Blocked,Franklin,AR,88630,US,2020-04-26 13:32:34,2021-09-15,False
2469,Female,1972-03-19,Active,Georgetown,CT,37585,US,2016-03-12 06:07:11,2025-03-28,True
2482,Female,1946-01-23,Inactive,Chester,WI,37580,US,2025-04-23 23:13:29,2025-08-29,False
2575,Female,1948-06-22,Active,Raleigh,NC,10150,US,2021-09-03 03:12:45,2025-09-15,True
2654,Female,1943-02-02,Inactive,Colorado Springs,CO,49959,US,2022-07-15 10:31:32,2024-07-26,False
2722,Male,1964-06-12,Active,Chester,IA,27451,US,2019-05-27 19:08:24,2025-01-06,True
2795,Female,1947-03-31,Closed,Miami,FL,67528,US,2023-07-26 02:26:23,2024-05-09,False
3012,Female,1988-12-31,Active,Franklin,HI,23514,US,2025-02-28 04:48:18,2025-06-25,True
3070,Male,1993-12-21,Active,Clinton,AR,76336,US,2017-04-01 15:09:46,2025-04-12,True
3460,Female,2002-11-05,Inactive,Springfield,UT,48049,US,2024-11-05 17:02:26,2025-09-16,False
3701,Female,1979-11-10,Active,Franklin,AR,47571,US,2018-01-14 02:10:54,2025-03-17,True
4077,Prefer Not To Say,1969-01-07,Active,Springfield,PE,,CA,2018-10-10 00:54:52,2025-02-08,True
4492,Female,2004-09-05,Active,Fort Lauderdale,FL,80019,US,2022-08-05 20:39:17,2025-09-14,True
4783,Female,1994-07-12,Active,Riverside,KY,32188,US,2020-03-18 17:21:47,2025-07-07,True
4875,Male,1991-03-26,Active,Franklin,NS,,CA,2017-05-08 17:46:35,2025-04-04,True
5068,Female,1957-09-11,Active,Philadelphia,PA,85178,US,2021-10-25 11:51:38,2025-02-25,True
5330,Female,2002-10-14,Inactive,Franklin,MN,40217,US,2019-06-13 00:38:43,2022-01-05,False
5428,Male,1965-04-02,Active,Victoria,BC,,CA,2016-04-13 18:12:11,2025-05-26,True
5805,Male,1987-02-22,Inactive,Savannah,GA,74068,US,2019-01-01 13:47:31,2022-05-22,False
5818,Male,1964-06-18,Inactive,Chester,NJ,97712,US,2024-11-10 21:30:27,2025-03-04,False
5854,Female,2001-01-12,Active,Buffalo,NY,16652,US,2021-11-11 11:34:04,2025-08-16,True
5855,Female,1952-12-04,Inactive,Clinton,NJ,71158,US,2016-02-20 16:53:15,2020-12-19,False
6146,Male,1980-09-25,Inactive,Boulder,CO,23055,US,2016-01-18 14:54:14,2024-10-21,False
6343,Male,1982-11-17,Active,Salem,UT,65430,US,2025-12-08 18:28:09,2025-12-10,True
7105,Male,2002-08-06,Active,Winston-Salem,NC,99085,US,2018-05-29 07:28:49,2025-10-15,True
7149,Female,1994-01-20,Inactive,Chester,LA,58176,US,2016-01-03 19:47:22,2020-12-04,False
7227,Female,1995-12-17,Active,Franklin,KY,80963,US,2020-01-18 06:55:41,2025-11-29,True
7338,Female,1993-09-03,Active,Fairview,RI,11417,US,2017-01-18 13:55:31,2025-09-30,True
7939,Female,1984-07-04,Active,Worcester,MA,53725,US,2018-05-14 16:33:21,2025-12-18,True
7941,Female,1974-08-18,Active,Bristol,NL,,CA,2016-10-13 13:37:21,2025-05-10,True
8298,Female,1989-04-17,Active,Bristol,SC,81010,US,2018-01-21 14:36:10,2024-12-31,True
8318,Female,2001-03-27,Active,Georgetown,MT,36083,US,2018-05-24 05:02:47,2025-12-02,True
9061,Female,1959-06-05,Inactive,Salem,WY,27540,US,2025-07-23 13:03:20,2025-09-27,False
9317,Female,1997-05-07,Active,Salem,NS,,CA,2021-01-07 07:03:59,2025-05-02,True
9452,Male,1951-01-10,Active,Fairview,SD,73599,US,2020-09-16 02:14:35,2025-08-22,True
9972,Male,1957-08-24,Active,Cleveland,OH,64152,US,2021-11-02 21:16:33,2025-09-16,True
7389,Male,1972-09-22,Active,Franklin,KY,89507,US,2015-10-28 06:49:07,2025-03-14,True
300,Male,1947-02-01,Inactive,Franklin,AL,54741,US,2017-09-17 13:39:23,2022-08-17,False
349,Female,1978-10-02,Inactive,Reading,PA,53260,US,2016-03-20 02:48:10,2018-08-04,False
384,Male,1970-12-25,Active,Clinton,ND,28117,US,2017-03-25 21:51:55,2025-09-14,True
865,Male,1980-05-15,Closed,Lowell,MA,50498,US,2015-05-22 04:47:22,2018-11-19,False
879,Female,1970-10-25,Active,Spokane,WA,60856,US,2015-09-19 05:41:13,2025-08-15,True
941,Prefer Not To Say,1957-11-27,Active,Salem,AK,90536,US,2025-05-21 04:51:03,2025-07-19,True
973,Female,1968-05-08,Active,Riverside,OK,82894,US,2017-08-12 16:57:19,2025-01-02,True
1550,Female,1952-01-01,Closed,Fort Lauderdale,FL,47332,US,2021-02-12 13:33:51,2024-05-30,False
1587,Female,1981-12-04,Active,Raleigh,NC,11381,US,2025-03-07 05:23:19,2025-12-01,True
2037,Male,1980-10-13,Active,Sterling Heights,MI,87596,US,2022-01-25 10:23:54,2025-06-21,True
2555,Other,2001-10-13,Active,Clinton,UT,11702,US,2022-12-25 18:57:44,2025-07-11,True
2640,Male,1981-07-15,Blocked,Aurora,IL,59453,US,2024-03-20 08:31:44,2025-10-19,False
2802,Female,1959-03-13,Active,London,ON,,CA,2020-05-08 09:35:22,2025-09-09,True
2909,Female,1951-03-30,Active,Springfield,SK,,CA,2015-06-25 23:29:28,2025-09-08,True
3135,Male,1966-01-04,Active,Riverside,AL,47203,US,2019-03-19 20:39:14,2025-07-25,True
3584,Prefer Not To Say,1986-03-15,Active,Georgetown,UT,16535,US,2016-04-02 08:50:24,2025-05-19,True
4050,Male,1951-11-10,Active,Bristol,IN,94372,US,2019-03-25 06:05:56,2025-01-06,True
4164,Male,2002-05-02,Active,Franklin,NL,,CA,2025-04-24 02:17:58,2025-09-13,True
4524,Female,2002-09-27,Active,Charlotte,NC,22779,US,2023-05-02 11:05:46,2025-09-28,True
4784,Male,1989-04-27,Active,Franklin,KY,99443,US,2020-05-27 06:44:38,2025-11-12,True
4984,Female,1988-02-24,Inactive,Chester,OK,33408,US,2019-10-05 08:47:14,2020-12-08,False
5050,Male,1955-01-21,Active,Georgetown,PE,,CA,2017-11-29 05:37:02,2025-05-16,True
5455,Female,1950-03-12,Active,Georgetown,DE,68961,US,2024-01-10 04:04:36,2025-10-23,True
5565,Male,1942-11-10,Inactive,San Francisco,CA,50439,US,2017-12-23 03:53:50,2025-12-13,False
5566,Male,1943-09-22,Active,Bristol,ID,34871,US,2024-11-20 11:24:47,2025-11-19,True
5968,Female,1953-11-30,Active,Salem,SK,,CA,2016-07-06 12:43:01,2025-05-07,True
6174,Male,1983-04-15,Active,Fairview,UT,44307,US,2020-01-18 03:20:44,2025-06-02,True
6458,Male,1956-08-26,Active,Salem,PE,,CA,2017-03-08 09:31:18,2025-02-21,True
6737,Female,1964-01-09,Active,New York,NY,42536,US,2019-07-27 12:29:42,2025-02-24,True
6762,Female,1981-08-15,Closed,Chester,VA,23956,US,2016-01-25 23:51:44,2023-06-09,False
7177,Female,2007-09-13,Active,Columbus,OH,63117,US,2021-01-21 23:58:22,2025-06-24,True
7861,Male,2008-08-26,Active,Springfield,MD,63896,US,2024-05-03 09:53:23,2025-07-29,True
7901,Female,1999-08-16,Active,Salem,UT,93827,US,2022-08-13 15:19:19,2025-07-06,True
7933,Male,1986-04-20,Closed,Riverside,OR,50664,US,2021-11-05 03:57:15,2021-11-19,False
7990,Male,2008-01-10,Active,Erie,PA,71845,US,2021-10-30 11:49:55,2025-03-06,True
8416,Female,1978-03-15,Active,Springfield,KY,93690,US,2019-09-20 13:46:46,2025-08-26,True
8671,Male,1991-01-15,Active,Franklin,WY,89965,US,2020-08-03 16:52:15,2025-06-07,True
8737,Female,1950-05-13,Closed,Ann Arbor,MI,11973,US,2018-05-26 04:02:02,2023-08-23,False
8799,Other,1972-07-31,Inactive,Madison,NU,,CA,2025-02-22 17:25:56,2025-09-10,False
8818,Male,1948-04-16,Active,Lethbridge,AB,,CA,2024-10-30 01:38:30,2025-02-17,True
8856,Male,1967-09-09,Inactive,Riverside,IA,11069,US,2023-01-07 18:46:20,2025-12-21,False
9511,Female,1942-03-13,Active,Vancouver,BC,,CA,2021-01-18 00:29:30,2025-08-21,True
9538,Female,1962-09-17,Active,Madison,ND,14359,US,2015-11-13 12:37:44,2025-07-09,True
6784,Prefer Not To Say,1948-08-18,Inactive,Georgetown,WY,88076,US,2016-03-21 05:12:25,2016-09-01,False
230,Male,1996-09-06,Active,Seattle,WA,22352,US,2022-11-05 22:25:25,2025-06-07,True
303,Male,2007-04-17,Active,Denver,CO,11136,US,2021-09-29 15:20:39,2025-02-15,True
344,Male,1947-07-08,Active,Seattle,WA,58333,US,2022-09-02 12:08:13,2025-08-05,True
750,Male,1995-02-24,Active,Fairview,MS,88459,US,2015-11-30 16:17:22,2025-05-04,True
972,Male,1942-02-27,Inactive,Philadelphia,PA,98783,US,2019-01-15 12:38:21,2023-09-11,False
1150,Female,1993-02-06,Active,Phoenix,AZ,70958,US,2018-05-18 00:25:15,2025-06-21,True
1515,Male,1975-10-22,Active,Madison,WI,18403,US,2016-01-04 19:45:25,2025-05-04,True
1523,Female,1954-09-13,Inactive,Georgetown,NS,,CA,2020-10-10 17:21:50,2022-06-24,False
1601,Male,1944-10-21,Active,Franklin,AR,11296,US,2015-05-08 08:52:30,2025-09-21,True
1753,Male,1984-08-17,Active,Chester,NE,23229,US,2023-05-06 21:26:42,2025-01-01,True
1884,Female,1958-10-15,Active,Fairview,PE,,CA,2024-12-28 03:41:51,2025-12-03,True
2123,Female,1999-03-28,Active,Chester,NT,,CA,2019-11-01 08:26:03,2025-12-18,True
2239,Female,1962-08-14,Active,Chester,MD,35823,US,2016-09-07 09:30:04,2025-11-07,True
2343,Male,1984-10-29,Active,Franklin,OK,90747,US,2015-03-27 20:20:59,2025-02-22,True
2651,Female,1970-10-28,Inactive,Riverside,MN,48767,US,2016-08-02 20:12:09,2020-11-23,False
2929,Female,1981-01-08,Inactive,Fairview,WV,63548,US,2025-01-23 16:52:54,2025-07-29,False
3090,Male,1983-10-27,Active,Riverside,ID,37919,US,2017-02-23 23:11:46,2025-05-06,True
3930,Female,1991-06-14,Active,Springfield,MT,60487,US,2019-05-24 06:55:52,2025-09-21,True
4112,Male,1941-06-19,Closed,Clinton,AL,92800,US,2022-08-22 06:13:42,2022-12-09,False
4150,Female,1952-06-07,Active,Philadelphia,PA,78931,US,2024-09-20 15:41:47,2025-02-06,True
4183,Prefer Not To Say,1960-12-24,Active,Lowell,MA,33270,US,2018-01-28 21:20:29,2025-10-28,True
4185,Male,1945-09-02,Active,Cambridge,MA,57799,US,2021-05-24 13:43:08,2025-10-31,True
4303,Female,1995-03-20,Inactive,Bristol,YT,,CA,2025-12-16 03:13:12,2025-12-22,False
4551,Male,1975-02-16,Active,Franklin,NJ,30269,US,2018-03-10 10:03:05,2025-07-28,True
5177,Female,2003-10-23,Inactive,Bristol,NT,,CA,2022-12-20 13:38:58,2024-04-15,False
5658,Female,1947-08-01,Active,Chester,WI,74148,US,2023-12-02 16:27:27,2025-08-25,True
5771,Male,1978-01-19,Active,Winston-Salem,NC,45125,US,2020-05-22 01:48:25,2025-09-05,True
5914,Prefer Not To Say,1993-06-25,Active,Madison,RI,28404,US,2020-10-28 00:33:19,2025-03-26,True
6113,Male,1991-04-15,Active,Riverside,ID,22814,US,2020-04-15 04:55:35,2025-10-25,True
6166,Male,1985-01-31,Inactive,Madison,MO,17084,US,2024-09-10 16:54:18,2024-12-13,False
6392,Female,1995-07-05,Active,Savannah,GA,36775,US,2017-08-30 10:23:33,2025-04-23,True
6771,Prefer Not To Say,1995-08-30,Active,Springfield,AR,32974,US,2023-10-24 19:50:00,2025-04-15,True
7098,Male,2006-10-08,Active,Salem,MO,41504,US,2024-11-26 13:21:48,2025-01-01,True
7822,Male,1985-10-05,Active,Bristol,MT,63526,US,2023-02-01 13:19:13,2025-07-27,True
7872,Male,1958-07-22,Closed,Chester,AK,46212,US,2024-12-23 21:31:26,2025-08-11,False
8049,Female,1969-11-04,Active,Denver,CO,88431,US,2020-07-15 02:55:25,2025-01-10,True
8057,Male,1999-08-17,Active,Georgetown,ME,79311,US,2015-11-22 01:42:45,2025-11-16,True
8532,Female,1988-12-19,Active,Salem,LA,30601,US,2015-02-07 22:05:15,2025-01-14,True
8697,Female,1947-06-17,Active,Fairview,NT,,CA,2022-08-07 03:22:57,2025-09-11,True
8986,Female,2000-02-25,Active,Burnaby,BC,,CA,2022-01-08 20:04:16,2025-10-27,True
9225,Female,2003-12-25,Active,Reno,NV,71107,US,2018-11-30 23:06:07,2025-11-12,True
9329,Male,1976-08-18,Blocked,Franklin,MN,30289,US,2023-09-15 21:13:22,2024-09-14,False
9349,Male,1964-10-14,Active,Georgetown,HI,34497,US,2016-03-27 00:31:43,2025-09-08,True
9844,Female,1956-11-15,Closed,Los Angeles,CA,59288,US,2022-02-24 04:19:04,2022-06-26,False
32,Female,1995-02-10,Inactive,Grand Rapids,MI,97833,US,2024-10-16 04:21:05,2025-08-11,False
616,Prefer Not To Say,1959-05-05,Active,Georgetown,MN,44237,US,2017-03-16 09:35:00,2025-11-18,True
624,Male,1966-03-05,Inactive,Salem,IN,69001,US,2018-03-19 02:07:33,2019-04-23,False
673,Female,1995-09-17,Active,Bristol,TN,68257,US,2016-08-23 03:00:54,2025-07-05,True
678,Female,1961-08-27,Inactive,Columbus,OH,98612,US,2024-09-26 14:50:27,2025-11-08,False
1226,Female,1965-02-20,Active,Bristol,KY,27863,US,2022-06-07 17:48:14,2025-08-05,True
1599,Male,1950-04-09,Active,Clinton,NS,,CA,2019-10-20 18:56:17,2025-07-10,True
1755,Female,1999-07-11,Active,Springfield,LA,64905,US,2020-03-05 05:38:58,2025-06-15,True
2002,Male,2001-01-04,Active,Montreal,QC,,CA,2025-12-15 02:47:53,2025-12-21,True
2011,Female,1958-09-26,Active,Georgetown,ID,42569,US,2016-05-19 05:34:41,2025-07-27,True
2355,Male,1955-03-17,Inactive,Clinton,MO,65188,US,2016-11-22 15:59:38,2019-08-27,False
2467,Male,1953-07-10,Inactive,Chester,KS,20527,US,2018-02-10 06:39:30,2022-09-15,False
2499,Male,1943-09-08,Active,San Francisco,CA,98046,US,2021-02-24 20:30:35,2025-12-02,True
2874,Male,1961-11-05,Active,Clinton,CT,45449,US,2019-12-25 20:29:16,2025-04-19,True
3139,Prefer Not To Say,1970-09-06,Inactive,Salem,MO,42054,US,2016-04-24 05:48:35,2023-09-20,False
3160,Male,1957-08-14,Inactive,Riverside,PE,,CA,2019-08-03 14:00:58,2020-04-30,False
3284,Female,1949-03-15,Active,Springfield,MS,14271,US,2022-12-22 00:00:05,2025-09-21,True
3363,Female,1969-12-13,Active,Syracuse,NY,11273,US,2020-07-24 07:05:16,2025-02-20,True
3421,Female,1943-10-19,Closed,Lowell,MA,12104,US,2025-03-14 10:34:58,2025-03-19,False
3432,Female,1950-12-22,Active,Madison,KY,82927,US,2025-03-12 05:39:25,2025-03-22,True
3645,Female,1999-03-11,Inactive,Chester,KY,18237,US,2018-04-08 21:14:58,2025-05-23,False
3761,Male,1965-07-12,Active,Springfield,MS,78528,US,2017-04-27 18:53:12,2025-01-05,True
4010,Female,1947-08-21,Active,Franklin,CT,49176,US,2022-08-05 22:23:07,2025-11-01,True
4225,Male,1961-12-28,Active,Georgetown,NB,,CA,2024-11-17 06:02:25,2025-12-17,True
4386,Male,1967-09-04,Active,Madison,VT,84743,US,2017-06-03 08:25:08,2025-04-15,True
4412,Male,1974-02-19,Active,Salem,UT,94763,US,2021-09-07 16:45:06,2025-07-20,True
4466,Male,1952-03-29,Active,Surrey,BC,,CA,2017-04-16 04:58:00,2025-08-26,True
4770,Other,1941-10-03,Inactive,Ottawa,ON,,CA,2017-09-25 12:30:36,2023-04-04,False
4927,Male,1959-10-22,Active,Madison,MT,61847,US,2016-01-09 04:40:15,2025-08-16,True
4968,Female,1958-09-21,Active,Salem,ME,33227,US,2023-03-07 03:34:16,2025-12-04,True
5085,Female,1988-12-06,Active,Georgetown,NJ,98613,US,2019-07-27 01:32:00,2025-11-19,True
5327,Male,2001-11-30,Blocked,Springfield,IA,68005,US,2016-06-25 03:06:03,2020-06-02,False
5610,Female,1981-06-03,Active,Vancouver,WA,58701,US,2019-07-19 06:41:06,2025-06-14,True
5662,Other,1956-08-22,Active,Riverside,MO,99888,US,2019-02-21 20:28:13,2025-07-14,True
5916,Other,2002-04-13,Inactive,Clinton,NT,,CA,2015-11-24 13:31:16,2020-02-14,False
5996,Male,1963-11-19,Active,Riverside,SK,,CA,2024-01-01 16:08:34,2025-04-28,True
6061,Male,1948-03-16,Active,Springfield,IN,85944,US,2020-05-23 20:41:45,2025-05-18,True
6216,Female,1978-12-27,Active,Salem,AK,63300,US,2021-03-24 18:16:03,2025-05-20,True
6269,Female,1969-04-28,Closed,Franklin,OK,22400,US,2022-05-27 09:56:06,2025-01-05,False
6292,Female,2000-11-16,Active,Spokane,WA,44123,US,2023-07-06 13:06:08,2025-02-14,True
6313,Female,1950-10-18,Active,Fairview,HI,48344,US,2020-08-25 01:09:32,2025-03-01,True
6389,Female,1961-07-31,Closed,Chester,NM,39790,US,2018-10-10 00:45:01,2024-05-14,False
6827,Male,1942-09-10,Active,Clinton,MT,50414,US,2018-06-04 06:07:15,2024-12-27,True
7414,Male,1974-09-08,Active,Vancouver,BC,,CA,2016-09-13 18:12:47,2025-08-10,True
7619,Female,1994-07-29,Active,Fairview,NB,,CA,2023-07-27 09:45:35,2025-12-04,True
7679,Female,1986-03-09,Inactive,Chester,NB,,CA,2025-04-10 12:05:39,2025-09-10,False
7800,Male,1965-12-19,Active,Georgetown,UT,35420,US,2021-12-12 10:50:08,2025-11-01,True
8181,Male,1992-12-15,Blocked,Fairview,KY,24095,US,2018-05-07 01:05:47,2020-09-03,False
8306,Female,1953-01-24,Active,Bristol,MB,,CA,2019-07-02 17:19:00,2025-05-26,True
8354,Male,1973-09-28,Inactive,Franklin,ID,37849,US,2021-07-31 15:47:48,2023-02-18,False
8391,Male,1944-06-30,Inactive,Salem,NM,62491,US,2022-12-23 14:43:13,2025-03-26,False
8579,Male,1982-08-12,Active,Chester,OK,32630,US,2018-02-28 21:00:10,2025-10-16,True
8914,Male,1974-07-25,Blocked,Fairview,NL,,CA,2016-09-21 15:28:31,2016-09-22,False
9036,Female,1986-06-07,Closed,Riverside,AL,45700,US,2022-04-11 22:37:48,2024-11-06,False
9127,Male,1960-04-03,Active,Salem,ND,83502,US,2021-10-10 21:11:53,2025-09-17,True
9318,Female,1954-09-23,Inactive,Denver,CO,32944,US,2016-04-18 17:11:44,2025-04-24,False
9427,Female,1995-10-07,Active,Fairview,KY,65103,US,2025-10-06 12:43:37,2025-11-12,True
9512,Male,2004-06-06,Active,Madison,NH,70798,US,2020-10-18 12:08:28,2025-01-05,True
7441,Female,1954-10-17,Active,Riverside,DE,18067,US,2024-09-06 00:11:16,2025-02-10,True
1101,Female,1947-02-07,Active,Bristol,AR,89593,US,2015-08-13 04:58:48,2025-02-22,True
1114,Female,2004-10-21,Active,Fairview,CT,68302,US,2024-01-29 07:18:08,2025-01-30,True
1252,Male,1952-08-19,Active,Orlando,FL,75621,US,2015-07-06 02:41:29,2025-07-21,True
1325,Male,1982-09-22,Inactive,Franklin,NU,,CA,2015-05-06 08:42:20,2024-03-07,False
1563,Female,1957-06-02,Inactive,Bristol,AR,31837,US,2017-09-25 04:33:23,2020-01-03,False
1572,Female,1958-06-13,Active,Spokane,WA,70841,US,2019-11-02 15:44:59,2025-08-25,True
1906,Female,2003-10-05,Active,Riverside,ND,99374,US,2017-10-02 19:14:20,2025-09-15,True
1914,Female,1962-03-15,Active,Franklin,MO,27757,US,2016-08-10 13:49:32,2025-06-11,True
1933,Male,1970-03-27,Active,Clinton,CT,19946,US,2017-03-30 14:53:03,2025-04-13,True
1959,Male,1962-12-14,Active,Tacoma,WA,55749,US,2024-12-01 15:55:39,2025-04-20,True
2194,Male,1964-11-11,Closed,Georgetown,IA,40280,US,2015-12-17 11:29:16,2022-01-05,False
2337,Male,1968-03-05,Inactive,Bristol,AK,90519,US,2019-04-15 05:30:07,2025-05-21,False
2435,Other,2010-11-23,Active,Chester,VT,42649,US,2024-10-01 12:58:38,2025-01-11,True
2741,Male,1993-03-23,Closed,Clinton,NU,,CA,2020-01-06 06:26:27,2022-12-15,False
3171,Male,1983-07-15,Active,Springfield,KS,38139,US,2018-05-10 15:12:28,2025-09-19,True
3224,Female,1957-05-29,Active,Joliet,IL,68189,US,2025-08-10 04:01:32,2025-08-12,True
3441,Female,1971-05-04,Active,Springfield,ME,88784,US,2024-05-24 07:10:12,2025-09-08,True
3832,Female,1983-01-03,Closed,Riverside,VT,27573,US,2015-03-16 11:48:49,2015-07-30,False
3895,Male,1982-07-06,Active,Las Vegas,NV,62982,US,2024-11-17 07:45:21,2025-09-17,True
3973,Male,1953-08-27,Active,Chester,OK,27295,US,2020-02-08 20:14:00,2025-11-19,True
4174,Female,1985-05-18,Inactive,Clinton,WY,44475,US,2016-04-01 16:05:31,2024-08-23,False
4211,Male,1967-07-17,Closed,Salem,SC,16746,US,2018-10-05 23:19:13,2021-10-16,False
4465,Male,1992-08-05,Inactive,Madison,WY,24788,US,2020-09-18 05:59:48,2023-01-23,False
4547,Male,2002-05-29,Blocked,Worcester,MA,96332,US,2016-07-29 14:31:31,2023-08-07,False
4963,Female,1944-01-29,Active,Georgetown,OK,63321,US,2022-07-25 12:06:46,2025-02-26,True
4976,Male,1987-05-22,Active,Bristol,KS,97870,US,2020-02-24 15:31:17,2025-10-02,True
5211,Male,1992-05-30,Inactive,Sacramento,CA,76837,US,2017-02-22 00:52:39,2023-12-01,False
5250,Female,1943-06-03,Active,Fort Worth,TX,53283,US,2017-08-01 17:38:07,2025-10-02,True
5254,Male,1945-05-24,Inactive,Chester,MB,,CA,2022-10-12 13:30:30,2023-05-08,False
5575,Male,1982-05-20,Active,Clinton,AK,22536,US,2023-10-30 06:42:24,2025-05-04,True
6017,Male,1999-02-10,Active,Georgetown,WI,82630,US,2018-01-11 16:40:17,2025-03-27,True
6052,Male,1983-11-18,Active,Salem,MT,97714,US,2024-01-28 12:15:56,2025-07-10,True
6455,Female,1946-11-15,Active,Clinton,WY,57797,US,2025-02-08 07:25:13,2025-07-27,True
6540,Female,1941-09-11,Blocked,Springfield,MT,81801,US,2022-07-15 04:56:58,2022-12-26,False
6633,Female,1968-12-04,Blocked,Pittsburgh,PA,54761,US,2024-07-14 12:36:49,2024-08-26,False
6738,Female,1977-08-09,Active,Georgetown,SD,46473,US,2017-04-24 14:20:06,2025-12-15,True
7063,Female,1997-06-05,Active,Syracuse,NY,60325,US,2016-06-18 16:52:17,2025-03-25,True
7158,Male,1978-08-16,Closed,Georgetown,ID,18420,US,2016-09-12 10:58:26,2021-06-09,False
7735,Female,1943-10-26,Inactive,Raleigh,NC,44832,US,2018-09-09 16:21:06,2021-12-22,False
7985,Prefer Not To Say,1962-06-11,Inactive,Franklin,SD,32760,US,2019-08-19 12:04:21,2025-06-15,False
8251,Male,1948-08-26,Inactive,Naperville,IL,27169,US,2016-12-02 22:35:11,2024-01-03,False
8695,Male,1993-03-26,Active,Springfield,WY,93752,US,2025-08-21 00:37:09,2025-10-26,True
8809,Female,2008-09-19,Active,Fairview,MT,24819,US,2025-04-22 00:31:45,2025-12-15,True
9416,Female,1956-07-16,Active,Colorado Springs,CO,86637,US,2021-02-11 14:34:35,2025-07-08,True
9571,Prefer Not To Say,1962-11-02,Active,Bristol,KS,24442,US,2022-01-07 23:38:36,2025-06-06,True
9685,Female,1953-07-18,Closed,Rochester,NY,71873,US,2023-03-28 09:41:13,2023-12-14,False
9889,Female,1988-05-19,Active,Clinton,SC,44028,US,2022-10-13 21:48:17,2025-09-25,True
250,Female,1964-08-22,Active,Georgetown,RI,81226,US,2021-11-17 12:40:37,2025-08-27,True
496,Male,1983-09-09,Active,Chandler,AZ,71699,US,2025-03-21 18:41:17,2025-11-14,True
575,Male,1976-06-29,Active,Madison,NJ,86124,US,2024-02-29 10:10:11,2025-03-19,True
631,Female,1983-01-23,Active,Denver,CO,67383,US,2015-06-17 20:13:36,2025-03-11,True
1692,Male,2002-03-23,Active,Riverside,NM,72278,US,2021-11-24 05:20:51,2025-03-08,True
1928,Male,1977-11-14,Active,Erie,PA,71569,US,2015-06-04 23:05:22,2025-04-01,True
2143,Male,1953-08-31,Active,Richmond,BC,,CA,2019-08-20 04:52:10,2025-04-08,True
2226,Female,1991-08-11,Blocked,Georgetown,KS,56490,US,2017-03-12 14:51:52,2025-01-31,False
2623,Female,1973-12-18,Inactive,Chester,MB,,CA,2021-07-27 17:51:25,2023-09-06,False
3000,Female,1957-11-15,Active,Chester,YT,,CA,2021-01-25 04:19:44,2025-02-11,True
3146,Female,1971-05-25,Active,Springfield,MA,81179,US,2017-09-01 22:47:07,2025-05-24,True
3238,Female,1965-02-10,Inactive,Fairview,HI,59181,US,2015-12-17 05:50:35,2019-01-29,False
3474,Prefer Not To Say,1953-03-14,Blocked,Bristol,NH,92198,US,2024-08-14 07:07:51,2025-10-15,False
3718,Female,1943-04-15,Active,Austin,TX,73730,US,2025-04-28 00:07:23,2025-05-11,True
4141,Female,1962-01-20,Active,Seattle,WA,48558,US,2023-12-25 21:28:04,2025-09-19,True
4295,Male,1980-12-16,Active,Victoria,BC,,CA,2018-06-11 01:41:55,2025-01-01,True
4417,Female,1946-04-13,Active,Edmonton,AB,,CA,2020-11-09 01:12:13,2025-06-03,True
4868,Female,1966-12-13,Active,Bristol,OK,63237,US,2016-04-18 19:32:30,2025-10-12,True
4890,Female,2001-01-04,Active,Riverside,HI,32580,US,2018-09-10 04:44:40,2025-03-16,True
5280,Male,1972-06-09,Active,Orlando,FL,46689,US,2024-05-13 15:25:14,2025-06-04,True
5378,Female,1980-05-16,Active,Georgetown,IA,27747,US,2025-12-14 02:26:31,2025-12-16,True
5474,Male,1970-01-12,Active,Georgetown,MD,94055,US,2023-12-24 23:24:02,2025-12-08,True
5533,Female,1978-07-21,Active,Bristol,HI,40965,US,2019-10-22 09:43:26,2025-05-18,True
5714,Male,1945-06-19,Active,Akron,OH,89970,US,2015-04-18 22:12:00,2025-12-13,True
5741,Prefer Not To Say,1964-07-29,Active,Georgetown,ID,83536,US,2018-09-19 10:07:40,2025-10-14,True
5823,Male,1949-06-16,Inactive,Macon,GA,42332,US,2016-02-22 20:05:42,2023-05-10,False
6025,Other,1984-11-23,Active,Franklin,MO,80916,US,2017-09-18 06:23:30,2025-10-09,True
6040,Female,2005-02-16,Closed,Franklin,NJ,55201,US,2023-09-30 07:37:14,2024-03-12,False
6225,Male,1981-03-01,Active,Chester,VT,42061,US,2024-11-23 20:13:21,2025-10-16,True
6531,Female,2001-08-03,Active,Chester,IA,78758,US,2019-03-24 04:32:33,2025-02-28,True
6858,Male,2010-12-11,Active,Toledo,OH,20847,US,2024-08-26 06:57:05,2025-11-17,True
6880,Female,1992-04-27,Closed,Toronto,ON,,CA,2018-04-10 09:52:43,2021-06-05,False
7676,Male,1994-05-05,Active,Riverside,KS,58943,US,2024-03-24 00:49:26,2025-05-05,True
8290,Male,1952-05-22,Active,Augusta,GA,22514,US,2024-05-23 21:19:56,2025-06-18,True
8302,Female,1952-06-04,Active,Franklin,MD,91127,US,2021-10-09 02:10:37,2025-05-09,True
8363,Female,1993-01-20,Active,Fairview,MS,48717,US,2017-08-04 18:11:50,2025-05-21,True
8614,Female,2003-02-02,Closed,Macon,GA,38442,US,2023-07-24 05:13:42,2024-12-23,False
8617,Male,1966-12-21,Active,Madison,SK,,CA,2025-03-31 05:06:03,2025-12-21,True
9009,Prefer Not To Say,1992-11-02,Active,Fort Collins,CO,93220,US,2015-02-19 22:17:34,2025-12-10,True
9092,Other,1948-12-20,Active,Tacoma,WA,95731,US,2025-06-15 23:45:29,2025-07-15,True
9128,Female,1967-10-10,Inactive,Fairview,ID,49851,US,2017-03-03 05:29:54,2023-12-05,False
9301,Female,1983-07-12,Active,Bristol,NM,31989,US,2019-03-06 11:03:05,2025-08-20,True
9440,Male,1969-05-29,Active,Fairview,MS,31385,US,2021-06-23 15:57:32,2025-09-18,True
9451,Male,1999-12-10,Inactive,Toronto,ON,,CA,2018-08-09 00:56:41,2023-06-18,False
9516,Male,1997-08-24,Inactive,Riverside,IA,25111,US,2018-07-18 13:36:07,2023-09-05,False
9763,Female,1941-05-15,Inactive,Riverside,VA,86987,US,2023-08-23 00:54:26,2024-11-18,False
9765,Male,1995-12-27,Active,Chester,ME,18492,US,2017-05-10 19:55:37,2025-04-14,True
149,Female,2000-04-04,Active,Springfield,NS,,CA,2021-03-18 21:34:36,2025-04-29,True
276,Female,1979-10-19,Active,Bristol,ND,23489,US,2022-07-19 09:06:59,2025-05-12,True
809,Female,1990-04-14,Active,Springfield,KY,42218,US,2019-05-01 23:47:33,2025-01-03,True
1132,Male,2000-01-04,Active,Philadelphia,PA,99662,US,2019-12-07 04:03:44,2025-02-25,True
1406,Male,1952-12-13,Inactive,Salem,NU,,CA,2015-10-18 13:21:22,2016-10-14,False
1449,Male,1978-12-23,Active,Georgetown,IA,72986,US,2017-06-12 01:11:49,2025-07-04,True
1723,Male,1952-09-29,Active,Fairview,HI,12045,US,2018-01-13 03:30:19,2025-03-29,True
1744,Male,1968-09-09,Active,Madison,UT,26118,US,2019-03-22 22:58:15,2025-08-02,True
2457,Female,1956-09-20,Active,Allentown,PA,19717,US,2025-07-09 14:50:05,2025-11-16,True
2556,Prefer Not To Say,1942-11-15,Active,Salem,IA,69329,US,2016-12-15 02:13:22,2025-11-04,True
2595,Female,1979-05-21,Active,Riverside,UT,99537,US,2018-02-21 08:26:34,2025-11-06,True
2602,Female,1958-12-26,Active,Chicago,IL,35863,US,2020-04-30 04:39:13,2025-01-03,True
2672,Female,1973-11-01,Active,Fairview,MN,47070,US,2022-11-23 22:03:11,2025-03-29,True
2776,Male,2004-07-28,Inactive,Cleveland,OH,56885,US,2018-07-12 10:03:07,2019-10-21,False
2865,Male,1984-04-05,Active,Fairview,NS,,CA,2018-10-03 15:18:37,2025-02-13,True
2877,Female,1972-02-28,Inactive,Sacramento,CA,31788,US,2019-05-16 08:08:17,2021-10-11,False
2945,Female,1974-01-11,Active,Fairview,WI,84969,US,2020-10-11 22:12:22,2025-11-03,True
3007,Male,1952-04-10,Active,Springfield,NE,10528,US,2024-11-10 04:27:26,2025-08-12,True
3264,Prefer Not To Say,1959-07-19,Active,Springfield,KY,96653,US,2016-07-19 20:31:33,2025-08-18,True
3567,Female,1947-03-09,Inactive,New York,NY,42067,US,2016-12-15 18:17:29,2021-09-03,False
4200,Female,2003-12-30,Inactive,Springfield,MB,,CA,2023-06-22 09:29:54,2024-06-14,False
4201,Male,1996-07-26,Active,Fort Worth,TX,97006,US,2015-01-22 09:43:47,2025-07-06,True
4431,Female,2000-04-27,Closed,Chester,VA,16901,US,2023-03-04 13:25:08,2023-07-07,False
4586,Male,1988-04-21,Inactive,Bristol,AK,68190,US,2024-08-03 08:23:27,2025-05-03,False
4604,Male,1968-02-13,Active,New York,NY,53908,US,2017-12-23 03:46:36,2025-04-11,True
4732,Male,1965-12-20,Active,Aurora,IL,28309,US,2019-08-05 03:27:26,2025-06-03,True
5322,Other,1963-12-23,Closed,Syracuse,NY,10960,US,2018-12-09 11:53:07,2019-11-14,False
5727,Male,1998-10-18,Active,Aurora,IL,50666,US,2023-09-14 13:32:05,2025-06-20,True
6320,Male,1961-05-06,Active,Madison,MN,62461,US,2017-04-27 21:48:11,2025-09-18,True
6369,Male,2005-08-02,Active,Georgetown,IN,76377,US,2023-02-26 18:50:25,2025-11-12,True
6476,Female,1987-04-08,Active,Madison,NM,14240,US,2021-12-21 09:46:24,2025-06-11,True
6563,Prefer Not To Say,1985-08-10,Active,Salem,NH,91472,US,2022-12-02 08:07:40,2025-05-04,True
6620,Female,1994-05-28,Active,Naperville,IL,58921,US,2018-03-19 11:53:58,2025-11-30,True
6839,Male,1981-10-29,Active,Chester,VA,12008,US,2018-04-15 01:01:31,2025-04-12,True
6906,Female,1980-05-01,Active,San Antonio,TX,21334,US,2025-09-12 04:26:52,2025-11-28,True
7114,Female,1996-10-22,Active,Fairview,NE,58911,US,2022-02-19 14:12:56,2025-04-06,True
7802,Male,1956-05-30,Active,Springfield,SD,79577,US,2015-04-04 00:07:15,2025-05-10,True
8336,Female,1955-07-04,Active,Fairview,IA,70378,US,2021-04-06 07:47:43,2025-04-22,True
8487,Male,1950-09-07,Active,Georgetown,DE,22173,US,2025-02-23 20:35:57,2025-06-01,True
8560,Female,1963-04-10,Active,Fairview,NT,,CA,2015-01-08 10:20:35,2025-10-20,True
8908,Male,1987-03-02,Active,Clinton,KY,14766,US,2017-06-02 09:51:17,2025-11-09,True
9211,Female,1952-02-16,Active,Miami,FL,15827,US,2017-12-04 17:18:59,2025-10-02,True
9414,Female,1945-10-16,Active,Georgetown,AR,53975,US,2025-06-07 00:03:01,2025-06-21,True
9558,Female,1956-08-25,Active,Salem,IN,63228,US,2019-07-04 15:44:46,2025-07-08,True
9700,Male,1941-03-17,Active,Bristol,LA,45995,US,2025-06-09 01:51:45,2025-10-18,True
9879,Female,2001-07-12,Active,Clinton,NJ,75053,US,2020-01-29 03:34:09,2025-05-20,True
9377,Male,2007-05-21,Active,Albany,NY,58986,US,2023-03-07 06:28:11,2025-04-20,True
23,Male,1952-11-23,Active,San Francisco,CA,39571,US,2023-10-27 17:56:23,2025-03-29,True
57,Male,1947-03-31,Active,Akron,OH,64827,US,2024-03-08 13:43:31,2025-10-15,True
238,Male,1951-08-15,Active,Riverside,ME,80047,US,2020-08-04 07:03:38,2025-03-23,True
642,Male,1945-12-21,Blocked,Toledo,OH,17096,US,2017-09-17 07:22:02,2021-05-06,False
679,Female,1971-04-24,Active,Worcester,MA,67851,US,2020-08-23 12:10:18,2025-12-02,True
966,Male,1996-12-08,Inactive,Salem,ND,22106,US,2022-04-06 15:31:45,2025-07-27,False
1033,Male,1974-04-05,Active,Salem,TN,52346,US,2015-04-18 03:29:51,2025-07-16,True
1157,Female,1990-09-21,Closed,Burnaby,BC,,CA,2015-06-16 01:03:45,2019-06-30,False
1360,Female,2000-08-03,Active,Clinton,WY,93917,US,2023-02-07 16:06:34,2025-04-16,True
1468,Male,2000-04-18,Active,Clinton,NE,94762,US,2023-02-01 09:30:21,2025-12-19,True
1490,Female,2001-09-17,Active,Phoenix,AZ,89093,US,2015-04-18 09:43:40,2025-10-07,True
1667,Female,1999-09-29,Closed,Naperville,IL,12505,US,2025-02-19 20:15:58,2025-09-17,False
1738,Male,1968-09-19,Active,Riverside,NJ,83373,US,2024-03-03 18:18:31,2025-08-15,True
1999,Female,1981-01-20,Active,Sacramento,CA,14805,US,2020-11-29 01:56:15,2025-08-19,True
2004,Male,1973-11-17,Inactive,Los Angeles,CA,23873,US,2016-04-09 21:50:47,2021-12-08,False
2065,Male,1974-05-07,Inactive,Clinton,ID,85436,US,2018-01-20 07:07:14,2018-06-24,False
2168,Other,1997-03-25,Blocked,Chester,SD,42503,US,2020-07-03 05:09:58,2021-05-05,False
2451,Male,1952-01-02,Active,Madison,NL,,CA,2022-01-13 00:49:01,2025-06-06,True
2716,Prefer Not To Say,1990-02-12,Active,Medicine Hat,AB,,CA,2015-05-26 02:01:17,2025-09-05,True
2911,Female,1943-06-07,Inactive,Fairview,RI,75385,US,2020-10-08 21:53:57,2025-08-28,False
3044,Female,1958-02-23,Inactive,Fairview,VA,96116,US,2021-02-26 05:03:55,2023-11-06,False
3186,Female,2005-09-28,Inactive,Scottsdale,AZ,33149,US,2023-03-06 22:08:06,2023-12-28,False
3420,Prefer Not To Say,2003-01-07,Active,Bristol,NU,,CA,2019-08-20 01:05:26,2025-01-11,True
3503,Male,1959-04-19,Active,Chester,NT,,CA,2025-08-16 15:31:35,2025-11-12,True
3513,Male,1978-03-24,Closed,Franklin,MS,79097,US,2018-11-07 11:11:53,2023-10-25,False
4187,Female,1966-01-15,Active,Salem,HI,18157,US,2017-04-15 10:34:06,2025-10-01,True
4767,Male,2001-01-07,Closed,Fairview,DE,70350,US,2020-11-20 21:42:41,2021-11-05,False
5222,Male,1943-10-02,Inactive,Georgetown,NB,,CA,2021-10-24 06:01:07,2022-08-14,False
5314,Male,1962-10-16,Active,Chester,OR,26588,US,2020-10-22 20:57:25,2025-08-25,True
5426,Female,2010-02-16,Active,Springfield,MT,22474,US,2023-04-24 12:10:22,2025-12-16,True
5905,Male,1975-05-01,Active,Madison,IA,61137,US,2021-08-07 03:15:35,2025-02-08,True
5936,Female,1978-10-20,Inactive,Sparks,NV,12820,US,2024-01-22 09:51:22,2025-03-08,False
6615,Female,1955-12-10,Active,Clinton,NH,69019,US,2018-09-11 18:21:05,2025-06-11,True
7024,Male,1961-07-12,Active,Colorado Springs,CO,62884,US,2020-09-19 18:17:52,2025-09-19,True
7195,Female,1977-08-06,Active,Springfield,ID,90779,US,2018-09-19 18:25:24,2025-02-02,True
7395,Prefer Not To Say,1994-06-15,Active,Salem,WV,90596,US,2024-04-13 16:14:46,2025-05-07,True
7470,Other,1993-05-31,Inactive,Georgetown,YT,,CA,2023-06-07 20:39:41,2023-06-18,False
7573,Male,1988-07-11,Active,Fairview,KS,51836,US,2023-10-10 02:40:33,2025-07-26,True
7826,Female,1956-07-12,Active,Madison,NL,,CA,2025-04-30 17:23:01,2025-08-08,True
7943,Female,1941-08-28,Active,Fairview,HI,76339,US,2022-01-06 09:36:28,2025-06-10,True
8073,Female,1975-12-30,Active,Toronto,ON,,CA,2025-02-20 21:02:21,2025-10-26,True
8314,Male,1996-10-31,Active,Fairview,VT,45301,US,2016-09-19 04:05:43,2025-08-14,True
8392,Other,1972-07-10,Active,Fairview,UT,42434,US,2022-11-25 07:02:36,2025-03-05,True
8454,Female,1979-01-23,Closed,Madison,ND,36887,US,2019-02-11 10:24:36,2021-07-13,False
8616,Male,1955-11-12,Active,Georgetown,MS,26587,US,2021-01-26 13:53:08,2025-07-01,True
9471,Other,1984-07-20,Inactive,Tucson,AZ,48867,US,2022-04-07 09:54:03,2025-09-26,False
9995,Female,1967-05-28,Active,Vancouver,BC,,CA,2023-09-17 16:30:35,2025-10-25,True
213,Male,1942-07-31,Active,Clinton,NE,37621,US,2019-01-24 17:30:08,2025-10-29,True
307,Female,1957-09-24,Active,Riverside,DE,34667,US,2020-04-05 09:46:43,2025-02-24,True
655,Female,2000-05-12,Active,Bristol,WI,89817,US,2017-09-24 19:09:55,2025-04-24,True
771,Female,1963-06-02,Inactive,Fairview,ME,89878,US,2018-07-03 22:29:46,2019-02-22,False
1158,Male,1969-03-08,Active,Clinton,HI,46114,US,2022-06-25 10:15:49,2025-02-04,True
1495,Male,1956-07-19,Active,Albany,NY,85017,US,2024-11-01 01:18:26,2025-06-20,True
1714,Male,1984-12-14,Active,Springfield,RI,38915,US,2025-02-21 02:51:23,2025-05-07,True
2036,Male,1992-06-20,Active,Springfield,AR,87748,US,2024-01-03 10:48:17,2025-11-02,True
2250,Male,2000-01-24,Active,Franklin,HI,17213,US,2017-02-05 04:30:34,2025-09-02,True
2501,Female,2005-07-26,Active,Chester,NB,,CA,2019-03-08 13:12:12,2025-04-26,True
2660,Other,1941-11-10,Active,Naperville,IL,88843,US,2020-04-17 18:46:59,2025-05-18,True
2841,Female,1959-02-16,Active,San Antonio,TX,28496,US,2016-06-08 01:11:04,2025-06-08,True
2846,Male,2008-07-08,Active,Chester,KY,72967,US,2022-08-20 04:31:30,2025-11-28,True
2882,Female,1985-05-31,Active,Clinton,NU,,CA,2023-07-29 01:36:10,2025-03-05,True
3167,Female,1960-10-01,Active,Clinton,RI,74685,US,2022-01-16 20:51:56,2025-05-04,True
3206,Male,1979-07-03,Active,Salem,SC,15821,US,2017-05-09 08:00:20,2025-12-12,True
3576,Male,2005-02-08,Active,Franklin,LA,73656,US,2020-12-25 09:22:55,2024-12-30,True
3594,Female,1946-09-18,Active,Georgetown,KY,38722,US,2015-09-11 19:21:51,2025-06-25,True
3909,Female,1970-08-23,Closed,Clinton,TN,92306,US,2020-12-18 05:56:29,2022-05-10,False
3938,Female,1943-02-18,Active,Madison,NS,,CA,2017-05-07 02:57:13,2025-10-03,True
4301,Female,1983-03-25,Active,Cincinnati,OH,97895,US,2025-07-01 18:54:56,2025-08-13,True
4893,Female,1975-01-27,Active,San Diego,CA,71550,US,2018-09-01 00:34:22,2025-05-30,True
5029,Female,1958-05-06,Inactive,Bristol,IN,42178,US,2025-06-15 12:41:30,2025-10-08,False
5039,Male,1969-12-16,Inactive,Riverside,VT,43524,US,2018-09-22 19:42:51,2020-08-22,False
5283,Female,1977-06-05,Closed,Chester,KY,94488,US,2017-09-16 13:15:03,2023-10-15,False
5295,Male,1956-10-10,Active,Riverside,YT,,CA,2017-12-10 10:55:59,2025-06-28,True
5674,Prefer Not To Say,2004-07-27,Inactive,Ottawa,ON,,CA,2020-05-31 16:44:43,2022-01-10,False
5930,Female,1967-09-16,Active,Houston,TX,65680,US,2021-11-12 04:57:18,2025-07-15,True
6135,Male,1963-10-02,Active,Madison,KS,40610,US,2016-04-14 08:54:21,2025-08-12,True
6245,Male,1998-06-08,Active,Raleigh,NC,76658,US,2024-01-23 12:53:11,2025-01-30,True
6604,Female,1983-01-20,Active,Riverside,NE,71526,US,2016-12-01 06:30:26,2025-02-13,True
6654,Male,1955-11-04,Active,Cleveland,OH,53483,US,2025-05-20 13:51:15,2025-10-27,True
7084,Male,1994-10-22,Active,Bellevue,WA,17523,US,2023-09-06 14:00:18,2025-07-22,True
7316,Male,1986-11-06,Active,Salem,MT,77034,US,2020-11-10 14:10:46,2025-05-25,True
7538,Male,1974-02-04,Active,Bristol,VT,54291,US,2019-06-17 10:04:22,2025-12-14,True
7543,Female,1969-07-23,Inactive,Chester,IA,10318,US,2016-03-26 02:46:40,2021-06-15,False
7577,Male,1942-10-12,Closed,Franklin,OR,61067,US,2025-10-03 19:34:45,2025-10-07,False
8087,Male,1943-02-20,Inactive,Clinton,ME,85685,US,2025-05-22 01:12:49,2025-06-22,False
8266,Male,1953-06-01,Active,Bristol,NJ,82461,US,2017-04-24 20:49:10,2025-08-26,True
8312,Female,1948-07-28,Inactive,Madison,MN,84646,US,2018-11-22 18:16:04,2025-04-11,False
8383,Other,1993-12-12,Closed,Clinton,SD,24269,US,2022-07-05 20:15:49,2023-12-07,False
8455,Prefer Not To Say,2004-12-10,Closed,Macon,GA,45890,US,2022-09-08 17:35:11,2024-12-26,False
8780,Male,1941-11-03,Active,Georgetown,WY,41672,US,2019-10-13 15:43:37,2025-03-19,True
9535,Female,1951-07-14,Active,Syracuse,NY,16906,US,2023-12-18 17:28:38,2025-09-19,True
9575,Female,2002-04-02,Active,Madison,OR,11696,US,2017-07-07 13:03:16,2025-07-05,True
9609,Female,1999-07-05,Blocked,Richmond,BC,,CA,2023-05-23 11:05:59,2025-01-08,False
9622,Female,1946-11-09,Inactive,Clinton,NB,,CA,2021-12-11 22:27:48,2022-02-02,False
9701,Male,1955-01-19,Active,Clinton,MB,,CA,2015-09-09 05:00:27,2025-01-28,True
269,Female,1985-01-25,Active,Salem,WV,82098,US,2017-08-19 12:58:34,2025-10-19,True
627,Female,1994-07-11,Closed,Madison,NU,,CA,2020-01-20 21:03:07,2023-02-24,False
653,Male,1977-06-20,Closed,Madison,RI,83587,US,2022-03-22 10:18:26,2022-10-01,False
1075,Male,1964-05-28,Inactive,Bristol,MT,25299,US,2023-09-05 16:38:16,2024-02-27,False
1264,Female,1957-06-30,Active,Georgetown,VT,47171,US,2017-01-31 10:03:46,2025-04-05,True
1390,Male,2010-11-16,Blocked,Fort Lauderdale,FL,24582,US,2024-01-28 23:57:54,2024-08-05,False
1534,Female,1968-12-06,Active,Fairview,ID,99383,US,2019-11-01 11:44:59,2025-03-11,True
1647,Female,1994-08-11,Active,Fairview,IN,75786,US,2015-09-23 12:41:38,2025-11-01,True
1697,Female,1952-09-21,Blocked,Joliet,IL,15246,US,2015-04-17 15:52:26,2025-05-27,False
1754,Prefer Not To Say,1941-04-29,Active,Bristol,RI,30917,US,2020-10-28 15:41:55,2025-11-11,True
1947,Male,1949-09-15,Closed,Riverside,ME,12513,US,2019-03-31 16:32:40,2023-10-22,False
1962,Female,2000-10-24,Active,Franklin,NB,,CA,2016-11-28 18:12:43,2025-06-06,True
2364,Male,1974-03-06,Active,Greensboro,NC,24658,US,2023-01-29 09:11:11,2025-05-12,True
2502,Male,1999-01-24,Active,Augusta,GA,72838,US,2021-08-05 01:58:05,2025-12-23,True
2528,Prefer Not To Say,1946-04-22,Active,Erie,PA,11136,US,2021-01-20 14:33:07,2025-01-13,True
2780,Female,1965-09-13,Inactive,Gatineau,QC,,CA,2015-08-18 10:06:41,2019-12-04,False
3386,Prefer Not To Say,1957-09-02,Closed,Riverside,CT,34756,US,2016-08-17 18:29:16,2019-08-15,False
3839,Male,1958-11-27,Inactive,Fairview,MO,12030,US,2025-12-14 06:05:35,2025-12-18,False
3940,Male,1974-02-08,Active,Fairview,AK,28559,US,2016-03-29 01:16:07,2025-05-12,True
4310,Male,1997-03-07,Active,Franklin,NL,,CA,2016-05-14 16:14:43,2025-06-19,True
4411,Other,2000-02-15,Active,Springfield,MO,63280,US,2021-10-09 01:00:10,2025-02-13,True
4494,Male,1971-07-18,Active,Houston,TX,31316,US,2016-01-22 23:13:00,2025-10-17,True
4537,Female,2005-07-25,Active,Franklin,KS,93608,US,2024-08-25 00:06:44,2025-02-22,True
4722,Female,1986-02-15,Active,Franklin,AK,17246,US,2018-11-01 06:14:24,2025-09-24,True
4936,Female,1961-03-17,Inactive,Fairview,NM,87041,US,2025-08-25 22:37:03,2025-11-28,False
5134,Other,1993-07-22,Active,Franklin,OR,92656,US,2025-03-07 12:28:59,2025-11-21,True
5331,Male,1958-07-15,Closed,Syracuse,NY,57313,US,2020-05-10 19:19:46,2022-01-27,False
5391,Female,1947-05-20,Active,Riverside,WY,33558,US,2022-12-12 22:04:22,2025-10-28,True
5879,Prefer Not To Say,1990-02-11,Inactive,Reading,PA,66807,US,2024-04-28 19:54:03,2025-01-27,False
6088,Male,1955-05-14,Active,Spokane,WA,45407,US,2018-10-22 15:16:53,2025-04-27,True
6349,Male,1964-07-14,Inactive,Orlando,FL,70602,US,2017-03-13 15:45:39,2018-07-09,False
6355,Female,1973-09-23,Closed,Georgetown,OK,21593,US,2021-07-08 09:00:35,2023-07-01,False
6494,Male,1957-01-21,Active,Clinton,DE,54850,US,2015-12-04 06:17:21,2025-11-24,True
6770,Male,1966-03-27,Active,Georgetown,SC,91995,US,2019-12-13 21:54:21,2025-03-08,True
7006,Male,1958-06-23,Active,Madison,MO,89216,US,2025-10-20 08:12:44,2025-11-10,True
7184,Male,1984-07-14,Active,Allentown,PA,65598,US,2024-06-18 00:50:20,2025-11-27,True
7214,Male,1993-02-18,Inactive,Bristol,KY,70223,US,2020-09-27 20:15:49,2024-07-09,False
7539,Female,1955-11-12,Active,Bristol,OK,65481,US,2015-08-13 16:19:44,2025-10-01,True
7796,Female,2006-09-08,Active,Riverside,OK,88000,US,2025-08-17 21:30:45,2025-12-09,True
7833,Male,1988-12-01,Active,Georgetown,CT,92720,US,2023-06-13 04:49:38,2025-10-21,True
7967,Male,1955-11-13,Active,Chester,AR,12090,US,2015-12-16 18:41:12,2025-02-22,True
8145,Male,1945-07-04,Active,Clinton,VA,83868,US,2025-08-14 15:02:15,2025-11-18,True
8333,Male,1973-03-26,Active,Cambridge,MA,26656,US,2023-06-13 14:04:04,2025-04-13,True
8739,Male,1961-08-31,Active,San Antonio,TX,64916,US,2018-11-19 21:39:32,2025-05-31,True
8844,Male,1990-01-13,Inactive,Springfield,SD,24720,US,2018-10-03 14:32:54,2018-10-20,False
8850,Male,2004-05-26,Active,Bristol,UT,87202,US,2021-03-11 06:03:59,2025-11-30,True
9680,Male,1968-02-21,Active,Madison,NM,,US,2024-07-01 22:48:18,2025-02-13,True
737,Female,1957-11-14,Active,Clinton,WV,42566,US,2020-07-08 14:16:23,2025-02-22,True
1046,Male,1998-09-15,Active,Fairview,SD,34486,US,2020-07-13 13:00:50,2025-07-04,True
1079,Male,1957-01-30,Active,Clinton,ME,20311,US,2024-12-26 18:26:01,2025-07-06,True
1708,Male,1998-11-09,Closed,Chester,KY,62457,US,2024-10-24 20:22:15,2025-04-29,False
1843,Male,1992-11-28,Inactive,Madison,ME,69571,US,2020-05-22 22:22:58,2021-04-28,False
1890,Female,1995-09-26,Active,Riverside,IN,75472,US,2018-02-06 05:01:55,2025-10-13,True
1917,Female,1943-11-21,Inactive,Longueuil,QC,,CA,2023-11-05 04:19:15,2024-04-11,False
1930,Prefer Not To Say,2007-09-10,Active,Spokane,WA,85159,US,2023-10-08 03:15:02,2025-06-17,True
2597,Female,1972-03-15,Active,Fairview,KY,69850,US,2015-09-24 19:04:14,2025-10-18,True
2850,Male,1954-05-05,Inactive,Georgetown,MD,89681,US,2023-08-08 08:07:19,2025-11-20,False
2867,Male,1956-11-08,Active,Bristol,OK,58459,US,2024-01-01 03:18:13,2024-12-27,True
2979,Male,1952-04-03,Active,Clinton,AK,74701,US,2025-02-08 06:12:01,2025-12-06,True
3023,Prefer Not To Say,1988-04-29,Inactive,Fairview,NH,76148,US,2023-07-03 11:35:49,2024-10-09,False
3112,Prefer Not To Say,1992-09-29,Closed,Madison,NU,,CA,2015-12-07 06:32:59,2022-12-30,False
3297,Female,1949-08-02,Active,Fairview,KY,12509,US,2022-01-08 08:35:32,2025-03-30,True
3957,Female,1968-07-26,Closed,Madison,NM,62875,US,2021-09-02 19:01:51,2023-10-10,False
4024,Female,1951-06-18,Blocked,Clinton,NH,87258,US,2019-01-18 04:23:43,2024-11-11,False
4296,Female,1945-03-03,Active,Naperville,IL,50403,US,2018-10-02 10:53:14,2025-03-22,True
4345,Male,1984-01-01,Closed,Scottsdale,AZ,60761,US,2015-01-04 15:32:00,2021-03-23,False
4402,Female,1962-08-19,Active,Madison,IA,78170,US,2023-02-01 22:36:11,2025-10-22,True
4646,Male,1947-08-28,Closed,Salem,SD,35235,US,2022-01-11 15:57:29,2023-01-02,False
4740,Female,1958-04-07,Active,Fairview,NJ,88465,US,2019-01-08 23:46:28,2025-03-04,True
4803,Male,2004-11-19,Closed,Riverside,AR,57842,US,2023-06-18 22:14:08,2023-12-25,False
5231,Male,1987-05-10,Active,Orlando,FL,35317,US,2015-03-15 18:52:18,2025-10-21,True
5987,Female,1960-11-04,Active,Warren,MI,72363,US,2021-01-28 16:32:37,2025-07-05,True
6055,Female,1994-03-09,Active,Fairview,NS,,CA,2015-04-07 00:09:48,2025-03-18,True
6260,Female,1984-11-29,Active,Mississauga,ON,,CA,2017-09-17 18:36:08,2025-05-11,True
6454,Male,1998-10-12,Active,Georgetown,IA,99294,US,2016-01-27 21:33:36,2025-07-01,True
6783,Male,1951-02-17,Active,North Las Vegas,NV,61339,US,2025-07-06 02:07:00,2025-11-09,True
7069,Male,1959-06-11,Active,Clinton,MN,64182,US,2019-12-12 11:45:19,2025-01-02,True
7247,Male,1971-02-20,Closed,Orlando,FL,20691,US,2023-04-02 06:39:29,2024-08-28,False
7265,Male,1965-10-30,Active,Springfield,ID,91656,US,2025-07-05 19:27:00,2025-10-11,True
7446,Male,1999-06-29,Active,Springfield,SC,67042,US,2019-01-29 16:13:48,2024-12-29,True
7489,Female,1966-03-31,Inactive,Salem,NT,,CA,2015-11-13 19:09:52,2019-09-29,False
7659,Male,1942-02-17,Blocked,Franklin,AR,56141,US,2021-01-06 02:15:36,2021-06-22,False
7689,Female,2004-03-13,Active,Edmonton,AB,,CA,2025-11-05 19:36:33,2025-12-01,True
7881,Male,1944-10-08,Active,Sparks,NV,46076,US,2024-12-05 14:42:19,2025-08-16,True
7889,Female,1958-06-12,Active,Chester,NB,,CA,2025-05-14 07:50:07,2025-06-01,True
8015,Other,1981-05-15,Closed,Jacksonville,FL,13830,US,2021-05-18 19:18:41,2024-09-11,False
8039,Female,1990-10-25,Closed,Chester,MD,52691,US,2016-05-16 06:16:12,2020-11-06,False
8662,Female,2004-01-31,Active,Clinton,AL,24560,US,2024-05-12 09:20:14,2025-01-29,True
9039,Female,1992-03-01,Closed,Madison,RI,57904,US,2021-05-26 22:19:47,2021-08-28,False
9146,Male,1971-05-21,Active,Georgetown,NB,,CA,2018-09-03 18:09:12,2025-07-30,True
9306,Female,2007-01-27,Inactive,Durham,NC,89617,US,2025-04-19 09:11:58,2025-07-15,False
9411,Female,2000-01-22,Active,Madison,HI,49830,US,2021-05-05 10:26:13,2025-05-23,True
4,Male,1988-08-14,Inactive,Chester,WI,26483,US,2025-04-20 00:38:20,2025-08-23,False
168,Female,1955-02-10,Active,Bristol,ME,13667,US,2025-08-02 17:23:58,2025-11-25,True
623,Female,2000-12-05,Active,Grand Rapids,MI,97738,US,2015-02-15 21:03:58,2025-05-06,True
1052,Prefer Not To Say,1977-04-28,Active,Fairview,CT,15563,US,2023-11-25 10:14:11,2025-01-08,True
1701,Male,1993-03-07,Active,Georgetown,ND,75880,US,2024-04-25 19:14:13,2025-02-07,True
2341,Female,1964-01-23,Active,Springfield,MT,72592,US,2015-11-25 15:14:24,2025-10-11,True
2366,Prefer Not To Say,1981-03-03,Active,Salem,WY,23763,US,2025-02-10 20:35:59,2025-03-19,True
2769,Female,1972-04-09,Inactive,Georgetown,OK,49388,US,2019-01-01 12:27:41,2024-12-21,False
2876,Male,1945-08-19,Active,Aurora,IL,21647,US,2024-07-06 15:21:01,2025-07-18,True
2933,Male,1997-10-21,Active,San Diego,CA,33959,US,2015-05-15 14:44:48,2025-02-06,True
3176,Female,1965-03-02,Inactive,Chester,TN,97191,US,2017-11-07 01:21:55,2024-01-07,False
3296,Female,1998-03-30,Active,Fairview,WY,23086,US,2025-06-20 02:42:27,2025-11-19,True
3375,Female,1942-10-03,Active,Springfield,MN,11256,US,2023-09-02 14:30:34,2025-03-25,True
3433,Female,1982-03-21,Active,Chester,UT,12863,US,2015-03-22 13:00:15,2025-05-16,True
3504,Female,1988-04-23,Active,Riverside,WV,90281,US,2016-03-02 09:13:30,2025-11-22,True
3905,Other,1961-12-30,Active,Lowell,MA,69398,US,2015-03-14 01:26:23,2025-04-14,True
3955,Male,1947-04-30,Active,Salem,NM,40180,US,2023-11-17 05:33:35,2025-01-11,True
4230,Male,1966-03-23,Inactive,Mesa,AZ,94144,US,2022-01-26 11:47:05,2025-03-02,False
4489,Male,1949-03-06,Active,Boulder,CO,83232,US,2019-07-25 20:05:15,2025-01-05,True
4573,Female,1989-09-02,Closed,Salem,NH,38594,US,2023-05-19 02:22:41,2023-05-21,False
4760,Other,1945-09-05,Active,Reno,NV,99123,US,2023-04-06 03:23:29,2025-06-12,True
4795,Male,1946-08-17,Closed,Miami,FL,99627,US,2016-05-31 00:39:58,2022-06-17,False
5044,Male,1963-07-31,Active,Salem,MS,92688,US,2020-03-12 23:35:46,2025-03-16,True
5137,Male,1956-01-02,Active,North Las Vegas,NV,13616,US,2018-11-13 22:24:15,2025-07-26,True
5461,Female,2001-06-24,Active,Madison,CT,48921,US,2016-07-12 20:44:29,2025-06-05,True
5672,Female,2003-08-02,Active,Georgetown,NM,47337,US,2024-04-18 06:16:02,2025-07-08,True
6282,Male,1972-03-13,Active,Fort Collins,CO,74582,US,2025-04-15 01:03:21,2025-05-11,True
6409,Male,1996-07-19,Active,Fairview,VT,12777,US,2017-06-07 18:11:10,2025-01-24,True
6566,Male,1987-03-16,Active,Georgetown,AL,76067,US,2019-04-19 00:25:23,2025-12-09,True
6629,Female,1963-03-05,Inactive,Toledo,OH,63436,US,2021-04-29 14:45:59,2024-06-29,False
7085,Female,1962-04-21,Active,Georgetown,SC,31824,US,2023-09-26 21:57:53,2025-01-18,True
7160,Female,1972-06-13,Active,Sparks,NV,48135,US,2018-12-18 11:37:22,2025-03-22,True
7189,Female,2004-07-18,Active,Madison,MD,74983,US,2024-10-16 15:29:46,2025-04-28,True
7250,Female,1944-12-01,Active,Springfield,MN,26631,US,2016-10-14 05:42:40,2025-12-15,True
7314,Male,1944-03-02,Active,Springfield,DE,13982,US,2019-07-14 22:22:22,2025-08-08,True
7330,Female,1963-08-23,Active,Clinton,WV,81009,US,2020-09-01 10:04:59,2025-11-12,True
7409,Male,1953-06-23,Active,Bristol,WY,85203,US,2015-06-23 07:18:53,2025-04-07,True
7477,Female,1986-12-22,Active,Clinton,ME,13905,US,2019-03-02 19:01:33,2025-10-25,True
7781,Male,2004-03-21,Active,Riverside,IA,41584,US,2024-08-13 12:57:00,2024-12-29,True
7870,Female,1992-12-11,Active,Chester,MS,56603,US,2024-05-28 00:12:28,2025-06-18,True
8033,Male,1999-09-08,Inactive,Riverside,IA,52128,US,2019-10-18 11:00:26,2023-06-11,False
8358,Male,1946-07-10,Blocked,Clinton,LA,81066,US,2020-09-10 16:31:26,2021-09-04,False
8509,Female,2004-09-19,Active,Dallas,TX,64737,US,2018-07-12 00:32:48,2025-02-16,True
8681,Male,1992-06-10,Closed,Madison,ID,88574,US,2022-03-17 05:21:43,2022-03-19,False
8813,Male,1955-04-19,Active,Franklin,NU,,CA,2023-01-03 20:10:44,2025-08-19,True
8989,Prefer Not To Say,1981-03-10,Inactive,Tampa,FL,77622,US,2018-10-03 14:28:40,2024-07-16,False
9251,Other,1961-05-31,Active,Madison,MD,93954,US,2017-05-22 21:17:47,2025-09-12,True
9343,Male,1983-03-20,Active,Jacksonville,FL,54000,US,2017-06-24 02:40:50,2025-05-05,True
9364,Male,1993-01-05,Active,Riverside,AL,51253,US,2019-06-07 10:07:47,2025-05-29,True
9386,Male,1970-09-09,Active,San Diego,CA,87682,US,2025-07-14 10:53:52,2025-07-29,True
9656,Male,1951-01-04,Active,Georgetown,MO,32930,US,2019-01-24 15:20:27,2025-08-22,True
9811,Male,1984-03-03,Active,Springfield,AR,17315,US,2022-06-24 03:47:58,2025-08-15,True
5752,Male,1941-10-26,Active,Springfield,WI,54527,US,2023-08-18 23:02:31,2025-11-24,True
113,Other,1961-05-19,Active,Salem,AR,68407,US,2023-05-21 20:54:38,2025-12-20,True
131,Female,1970-12-15,Closed,Clinton,MO,49173,US,2022-08-24 09:25:03,2024-06-02,False
256,Female,1997-02-09,Active,Georgetown,MD,91854,US,2020-04-03 19:10:04,2025-06-29,True
314,Male,1981-01-04,Active,Clinton,VT,87759,US,2021-10-07 20:42:32,2025-06-01,True
538,Female,2007-05-09,Active,Victoria,BC,,CA,2020-11-10 02:07:48,2025-09-09,True
665,Other,1958-11-05,Inactive,Chester,OK,33221,US,2021-09-06 11:02:49,2022-04-12,False
712,Male,2008-08-26,Active,Franklin,AR,41423,US,2024-09-01 16:15:28,2025-08-07,True
837,Female,1961-03-21,Active,Georgetown,VT,64336,US,2020-07-02 11:13:22,2025-02-04,True
1144,Female,1947-10-03,Active,Jacksonville,FL,45070,US,2023-07-09 15:50:56,2025-04-29,True
1295,Male,1962-05-19,Active,Clinton,VA,60010,US,2018-02-27 18:24:02,2025-06-29,True
1510,Male,2005-09-22,Active,Madison,OR,25223,US,2019-07-15 04:10:56,2025-03-02,True
1540,Female,1962-02-02,Active,Riverside,KY,90143,US,2020-01-27 04:58:52,2025-01-10,True
1567,Male,2002-11-16,Closed,Chester,NE,51848,US,2025-04-13 19:28:33,2025-07-02,False
1662,Other,1978-01-09,Active,Clinton,OK,95735,US,2023-06-30 11:12:44,2025-07-04,True
1735,Male,1978-04-15,Inactive,Madison,NS,,CA,2020-06-29 07:57:11,2024-05-27,False
2113,Female,1946-01-01,Active,Clinton,NJ,15390,US,2025-07-27 00:00:44,2025-10-20,True
2485,Male,1992-03-30,Active,Bristol,NJ,12360,US,2022-04-07 09:20:30,2025-07-04,True
3143,Male,1955-11-14,Blocked,Clinton,MD,88141,US,2017-01-12 07:22:38,2018-04-20,False
3453,Female,1986-12-13,Active,Franklin,NJ,87932,US,2016-11-18 17:17:11,2025-01-26,True
3454,Male,1981-03-26,Active,San Diego,CA,48035,US,2016-12-07 00:02:27,2025-12-08,True
3537,Female,1977-01-18,Active,Madison,NM,85731,US,2023-09-11 02:29:33,2025-01-04,True
4226,Female,1995-07-23,Active,Springfield,MA,58290,US,2024-09-16 03:37:40,2025-07-27,True
4442,Male,1952-04-24,Active,Springfield,NH,39118,US,2017-09-30 02:16:03,2025-03-18,True
4543,Male,1950-12-12,Active,Salem,UT,81131,US,2022-09-04 15:31:20,2025-01-26,True
4556,Male,1950-07-21,Active,Fairview,PE,,CA,2022-01-21 12:05:54,2025-09-17,True
4755,Female,1947-01-21,Blocked,Salem,SD,68065,US,2017-09-03 12:08:04,2021-07-06,False
5303,Male,1962-09-28,Active,San Diego,CA,58018,US,2015-10-05 04:03:31,2025-08-07,True
5362,Female,1957-05-11,Active,Chicago,IL,16153,US,2025-03-04 09:14:57,2025-06-18,True
5477,Male,1959-06-25,Blocked,Clinton,MO,13799,US,2016-11-28 13:04:45,2020-03-31,False
5494,Male,1966-02-17,Closed,Franklin,NH,27548,US,2023-12-23 08:45:38,2025-02-05,False
5580,Male,1942-08-08,Active,Madison,IA,65536,US,2020-11-16 01:32:50,2025-10-31,True
5619,Female,1956-02-28,Active,Franklin,NM,72189,US,2020-01-23 16:19:18,2025-05-02,True
5680,Female,1964-02-08,Active,Detroit,MI,42264,US,2025-12-02 12:36:56,2025-12-06,True
5747,Female,2003-06-17,Active,Chester,PE,,CA,2019-12-04 10:30:10,2025-05-24,True
5927,Female,1986-06-17,Active,Franklin,SD,29268,US,2023-02-25 01:56:05,2025-09-16,True
6156,Female,1999-12-29,Active,Bristol,NT,,CA,2015-09-11 08:46:33,2025-09-24,True
6191,Female,1954-02-10,Inactive,Winston-Salem,NC,22140,US,2025-03-06 07:32:23,2025-06-26,False
6541,Male,1951-09-17,Inactive,Fairview,WV,82759,US,2016-10-15 16:53:38,2024-12-24,False
6759,Male,1988-07-09,Active,Springfield,OK,79053,US,2015-03-08 22:06:23,2024-12-31,True
6768,Female,1966-05-29,Active,Riverside,MD,98278,US,2017-02-25 18:28:52,2025-09-12,True
6810,Female,1976-08-21,Active,Riverside,HI,94230,US,2020-01-11 18:44:37,2025-12-12,True
7005,Female,2002-09-02,Active,Allentown,PA,18693,US,2021-06-07 19:39:54,2025-04-15,True
7485,Female,1993-12-01,Active,Georgetown,MO,71844,US,2019-12-19 20:38:17,2025-08-30,True
7615,Female,1958-05-08,Active,Fairview,MB,,CA,2016-04-14 21:33:34,2025-08-29,True
7691,Other,1956-09-04,Active,Salem,WV,58029,US,2015-05-13 14:46:52,2025-01-31,True
7704,Female,1978-06-03,Closed,Fairview,TN,94481,US,2016-11-07 04:15:12,2019-03-24,False
8016,Male,1987-09-16,Blocked,Bristol,SK,,CA,2016-08-26 16:23:05,2016-09-15,False
8096,Male,1966-01-29,Active,Chester,ID,77604,US,2017-09-27 08:40:00,2025-10-18,True
8115,Female,1957-01-02,Inactive,Bristol,MS,89640,US,2015-07-26 11:10:51,2016-07-06,False
8718,Male,2001-05-21,Active,Bristol,AK,22477,US,2018-05-19 20:35:35,2025-01-14,True
8730,Other,1965-12-14,Active,Springfield,IN,57094,US,2020-10-03 13:22:08,2025-09-02,True
8920,Male,2000-08-29,Closed,Riverside,NU,,CA,2020-04-18 11:28:52,2021-02-12,False
8944,Male,1995-08-25,Active,Worcester,MA,77935,US,2023-07-21 03:40:53,2025-08-19,True
9034,Female,1967-09-30,Closed,Salem,AL,61963,US,2018-02-21 01:44:46,2019-07-14,False
9126,Female,2008-11-13,Active,Clinton,MS,72009,US,2021-11-21 18:53:10,2025-06-08,True
9458,Female,1995-09-03,Active,Erie,PA,53928,US,2016-10-13 02:32:02,2025-09-19,True
9603,Female,1963-02-10,Active,Franklin,KY,84030,US,2016-12-12 02:17:06,2025-10-26,True
9937,Female,1995-01-10,Active,Franklin,IA,66320,US,2017-08-17 05:24:10,2025-05-30,True
77,Male,1992-05-18,Active,Fairview,ID,11109,US,2023-09-30 06:54:14,2025-01-27,True
80,Female,1955-04-03,Active,Chester,YT,,CA,2020-06-28 02:08:39,2025-05-16,True
957,Female,1968-01-02,Active,Springfield,RI,23186,US,2019-01-22 08:17:06,2025-01-12,True
960,Male,1989-08-19,Inactive,Bristol,AK,56547,US,2016-10-01 11:05:41,2018-01-29,False
1271,Female,1971-06-24,Active,Riverside,MD,19297,US,2021-03-11 23:32:42,2025-09-19,True
1488,Female,1991-05-06,Active,Springfield,NS,,CA,2025-08-14 03:36:10,2025-10-01,True
1512,Female,1976-05-05,Inactive,Colorado Springs,CO,57947,US,2018-04-05 05:34:31,2021-01-14,False
1566,Male,1979-05-23,Active,Salem,AK,94227,US,2016-05-05 05:00:53,2025-08-13,True
1631,Female,1958-01-19,Active,Tacoma,WA,49479,US,2016-04-15 11:23:27,2025-05-02,True
1644,Male,2004-12-27,Closed,Chester,MB,,CA,2022-01-07 06:32:52,2023-07-17,False
1682,Male,1996-08-27,Active,Fairview,WY,34766,US,2020-10-03 21:23:25,2025-02-19,True
2266,Female,1999-04-06,Closed,Fairview,IN,45855,US,2020-06-24 10:40:03,2024-01-06,False
2286,Male,2008-05-25,Blocked,Georgetown,IA,68570,US,2023-10-11 08:24:25,2024-11-22,False
2326,Male,1993-08-15,Active,Fairview,PE,,CA,2024-03-10 04:42:32,2025-09-30,True
2347,Female,1997-12-09,Active,Madison,CT,87003,US,2015-12-28 12:54:11,2025-06-26,True
2378,Female,2009-04-28,Active,Clinton,MO,35415,US,2022-06-28 22:18:23,2025-11-26,True
2673,Female,1970-11-06,Active,Franklin,SD,97879,US,2021-01-23 10:00:41,2025-08-30,True
2878,Female,1952-08-19,Active,Franklin,NE,27736,US,2020-08-16 23:49:17,2025-01-28,True
3101,Male,1964-05-25,Inactive,Los Angeles,CA,47937,US,2019-06-06 02:17:19,2025-02-01,False
3182,Male,1992-03-27,Inactive,Madison,ME,39180,US,2024-09-08 04:38:20,2024-10-25,False
3215,Female,1942-02-13,Active,Clinton,MO,18049,US,2016-04-19 01:10:00,2025-06-17,True
3727,Female,1995-04-24,Active,Salem,YT,,CA,2015-05-31 20:53:17,2025-05-03,True
4236,Male,1959-02-01,Active,Franklin,PE,,CA,2021-09-22 15:19:55,2025-08-16,True
4285,Male,1997-01-13,Inactive,Salem,KS,89090,US,2019-12-25 13:44:22,2020-12-15,False
4287,Male,1968-01-12,Active,Madison,IN,12188,US,2019-10-21 01:19:47,2025-06-05,True
4446,Male,2009-06-20,Active,Syracuse,NY,32906,US,2025-04-24 18:50:04,2025-10-04,True
4455,Female,1975-07-15,Active,Franklin,NM,95445,US,2025-01-12 13:01:59,2025-06-09,True
4512,Male,1993-06-18,Active,Riverside,UT,18673,US,2020-05-30 08:33:54,2025-06-07,True
4910,Male,1971-11-25,Active,Aurora,IL,49253,US,2022-04-03 04:05:33,2025-10-28,True
5607,Male,1956-10-18,Active,Chester,AR,78418,US,2017-01-24 09:37:27,2025-03-07,True
5862,Male,1977-10-22,Active,Mississauga,ON,,CA,2020-07-22 17:43:03,2025-02-11,True
5885,Male,1984-08-18,Inactive,Franklin,ME,86625,US,2019-04-15 03:47:02,2025-05-26,False
5946,Male,1956-04-26,Inactive,Henderson,NV,28722,US,2025-06-02 15:07:28,2025-08-28,False
6214,Female,2002-07-29,Inactive,Spokane,WA,53791,US,2017-03-13 19:06:20,2019-09-05,False
6224,Female,1956-01-23,Active,Franklin,SC,76258,US,2021-11-26 19:32:59,2025-05-02,True
6244,Female,1947-07-03,Closed,Franklin,NH,59798,US,2018-11-03 23:47:04,2023-03-31,False
6493,Female,1952-02-23,Active,Bristol,NE,32479,US,2023-07-26 13:51:42,2025-03-20,True
6589,Male,1957-03-13,Active,Springfield,YT,,CA,2016-06-19 15:17:24,2025-03-23,True
6657,Male,1978-10-11,Inactive,Riverside,MT,49863,US,2019-03-23 20:45:55,2019-05-26,False
6852,Female,1997-07-05,Active,Winston-Salem,NC,25202,US,2023-11-17 16:43:17,2025-01-03,True
7103,Male,2005-02-28,Active,Franklin,TN,37720,US,2020-12-23 18:47:52,2025-05-15,True
7131,Prefer Not To Say,1982-10-17,Inactive,Philadelphia,PA,52458,US,2022-04-09 04:02:50,2022-12-21,False
7231,Female,1954-05-13,Active,Georgetown,HI,89649,US,2023-01-21 18:12:20,2024-12-28,True
7326,Female,1990-05-07,Active,Bristol,OR,46512,US,2024-06-28 04:10:46,2025-07-22,True
7431,Male,1979-04-12,Active,Clinton,SD,90418,US,2015-11-08 04:05:31,2025-10-21,True
7481,Male,1982-10-07,Active,Madison,MD,84182,US,2016-04-29 19:54:47,2025-03-30,True
7692,Prefer Not To Say,1996-09-16,Active,Buffalo,NY,80435,US,2018-12-31 18:58:54,2025-12-01,True
7936,Female,1972-06-08,Active,Chester,KS,69596,US,2025-07-30 15:00:12,2025-10-10,True
8964,Prefer Not To Say,2002-04-13,Active,Burnaby,BC,,CA,2023-12-20 05:16:46,2024-12-26,True
9339,Female,1965-12-09,Active,Aurora,IL,61454,US,2025-03-12 02:26:44,2025-03-26,True
9347,Prefer Not To Say,1976-09-28,Active,Georgetown,SD,41245,US,2023-11-03 08:54:13,2025-07-11,True
9361,Male,1972-08-16,Active,Erie,PA,54250,US,2024-12-06 13:07:51,2025-02-06,True
9429,Male,1992-07-06,Active,Reno,NV,92746,US,2016-08-12 13:39:41,2025-06-28,True
9477,Female,1979-08-25,Closed,Georgetown,UT,57160,US,2015-03-12 07:19:15,2020-09-30,False
9581,Male,1974-01-06,Active,Chester,NM,34455,US,2019-10-02 01:39:10,2025-05-19,True
9786,Male,1993-03-31,Active,Vancouver,WA,41065,US,2025-08-03 22:31:01,2025-10-25,True
9865,Male,1942-10-07,Active,Clinton,SD,99551,US,2015-05-28 21:22:34,2025-11-08,True
9997,Male,1999-01-23,Inactive,Mississauga,ON,,CA,2025-12-21 11:51:00,2025-12-21,False
51,Prefer Not To Say,1975-03-27,Closed,Hamilton,ON,,CA,2023-10-24 16:20:44,2024-12-24,False
138,Female,1972-09-06,Inactive,Bristol,ME,91389,US,2025-01-25 08:32:43,2025-08-29,False
1048,Male,1941-02-18,Closed,Riverside,AL,10400,US,2020-10-23 03:10:03,2023-05-19,False
1074,Female,1951-02-02,Active,Riverside,NU,,CA,2021-10-08 16:51:45,2025-03-04,True
1712,Prefer Not To Say,1966-06-17,Active,Rochester,NY,26808,US,2018-05-19 08:22:01,2025-08-31,True
1727,Female,1964-11-12,Active,Madison,CT,39335,US,2024-06-19 04:18:59,2025-06-07,True
2473,Female,1966-03-05,Active,Sterling Heights,MI,22146,US,2024-10-07 03:53:25,2025-08-18,True
2662,Female,1998-12-03,Active,Tucson,AZ,17907,US,2016-04-23 22:01:46,2025-10-04,True
3004,Male,1960-03-16,Inactive,Bristol,OR,55404,US,2022-06-27 16:21:53,2023-03-14,False
3043,Female,1942-02-10,Blocked,Georgetown,LA,95453,US,2017-02-28 21:46:12,2019-05-20,False
3476,Male,1968-02-21,Active,Madison,NH,45916,US,2015-03-30 22:24:30,2025-07-21,True
3700,Female,1941-06-23,Closed,Riverside,SD,26481,US,2025-04-21 02:23:17,2025-09-04,False
3714,Male,1991-09-05,Active,Bristol,LA,23427,US,2023-01-05 15:30:48,2025-09-06,True
3923,Other,1997-11-02,Active,Clinton,SK,,CA,2025-03-27 13:21:13,2025-09-18,True
4055,Male,1988-02-25,Inactive,Fairview,WI,38256,US,2025-12-19 15:26:47,2025-12-24,False
4506,Male,1964-08-17,Active,Tampa,FL,67962,US,2018-05-30 15:26:19,2025-08-25,True
4572,Prefer Not To Say,1993-05-23,Active,Durham,NC,53467,US,2025-12-02 21:45:04,2025-12-07,True
4658,Male,1950-11-03,Active,Riverside,MO,62930,US,2015-08-05 06:06:58,2025-07-13,True
5094,Female,1964-11-10,Active,Springfield,LA,88531,US,2018-12-03 14:48:39,2025-05-20,True
5371,Male,1941-06-13,Active,Salem,MS,76361,US,2017-04-29 01:33:27,2025-10-06,True
5403,Female,1946-04-22,Inactive,Fairview,VT,43327,US,2023-11-17 12:45:10,2024-10-18,False
5505,Female,1946-11-25,Active,Detroit,MI,19530,US,2016-10-26 01:30:01,2025-12-03,True
5631,Female,2007-11-01,Active,Clinton,WV,29945,US,2025-09-06 20:48:47,2025-09-11,True
5931,Male,2004-04-06,Active,Georgetown,UT,54785,US,2024-06-01 05:08:14,2025-03-16,True
6021,Female,1989-08-12,Active,Madison,CT,46863,US,2020-09-16 17:16:24,2025-01-12,True
6108,Female,1995-03-29,Active,Madison,NT,,CA,2019-09-12 19:05:08,2025-03-21,True
6150,Male,1988-01-04,Closed,Georgetown,NT,,CA,2022-12-10 22:16:02,2023-12-26,False
6916,Male,1987-11-16,Inactive,Springfield,NB,,CA,2022-02-09 10:08:24,2024-08-28,False
6949,Prefer Not To Say,1968-06-28,Active,Georgetown,MN,42075,US,2018-07-12 16:50:30,2025-07-07,True
6957,Male,1949-07-15,Inactive,Buffalo,NY,10727,US,2023-05-29 10:21:21,2024-11-20,False
7020,Male,1954-04-21,Active,Fort Collins,CO,37921,US,2019-03-17 23:33:44,2025-03-14,True
7113,Male,1969-01-07,Active,Clinton,NS,,CA,2023-08-19 16:02:45,2025-09-01,True
7118,Female,1969-09-06,Active,Riverside,SK,,CA,2022-12-26 09:44:40,2025-07-03,True
7537,Female,1982-04-25,Active,Joliet,IL,56856,US,2024-03-25 17:31:24,2025-01-26,True
7794,Male,1944-09-12,Inactive,Bristol,OR,42524,US,2018-06-28 16:53:31,2018-11-08,False
7809,Female,1973-09-16,Active,Bristol,VT,72203,US,2018-01-24 21:07:15,2025-09-17,True
8097,Female,1979-02-14,Active,Clinton,KS,78250,US,2020-01-25 23:57:25,2025-02-04,True
8154,Male,1973-09-14,Active,Calgary,AB,,CA,2024-05-29 06:09:47,2025-01-16,True
8328,Female,1971-03-23,Active,Chester,AK,57173,US,2022-11-17 13:52:35,2025-07-16,True
8830,Male,1996-06-29,Inactive,Georgetown,HI,21563,US,2015-01-05 14:05:44,2016-03-03,False
9174,Female,1957-10-08,Active,Riverside,RI,24443,US,2020-06-14 20:58:21,2025-01-16,True
9175,Male,1952-04-28,Active,Clinton,WI,62675,US,2019-02-01 04:40:08,2025-03-18,True
9269,Male,1993-07-11,Inactive,Franklin,KS,11368,US,2019-06-20 04:45:39,2025-08-26,False
9391,Male,1983-06-18,Active,Springfield,ID,98048,US,2018-03-14 15:08:35,2025-01-08,True
9421,Female,1978-08-27,Active,Riverside,MS,58817,US,2022-08-14 20:33:20,2025-10-27,True
9613,Male,2000-04-18,Inactive,Clinton,WV,29310,US,2023-09-28 06:59:21,2025-05-07,False
9641,Male,1964-03-18,Active,Chester,MT,68209,US,2021-05-23 03:50:44,2025-08-04,True
9080,Female,1950-08-31,Active,Salem,NJ,92053,US,2020-09-21 06:57:22,2025-03-14,True
208,Male,1964-01-03,Closed,Fairview,IN,92549,US,2025-11-23 00:34:42,2025-11-24,False
242,Male,1942-09-24,Active,Georgetown,RI,44410,US,2024-09-03 12:24:28,2025-12-02,True
598,Male,1990-05-02,Active,Salem,MT,77678,US,2020-11-12 06:00:02,2025-02-25,True
689,Female,2001-01-13,Active,Madison,VA,51899,US,2023-09-04 16:41:32,2025-10-02,True
1151,Female,1961-04-15,Active,Franklin,NJ,29595,US,2024-05-18 09:50:20,2025-08-26,True
1590,Female,1974-09-27,Active,Fairview,DE,43547,US,2015-10-19 04:04:16,2025-02-27,True
1612,Female,1979-12-05,Active,Salem,IA,18602,US,2017-03-26 06:30:40,2025-03-24,True
1720,Female,1996-02-07,Active,Riverside,TN,17180,US,2020-08-30 15:55:34,2025-12-01,True
2061,Female,1959-07-11,Active,Salem,KS,46008,US,2024-10-24 04:10:23,2025-02-06,True
2520,Female,2001-04-20,Active,Clinton,ID,44521,US,2019-12-05 20:03:29,2025-03-20,True
2549,Female,1990-05-25,Active,Salem,NH,34319,US,2019-09-15 13:00:46,2025-11-30,True
2598,Female,1989-07-23,Active,Bristol,NM,25567,US,2021-10-13 20:43:50,2025-02-26,True
2632,Other,1995-04-21,Inactive,Madison,NB,,CA,2017-11-25 01:20:10,2019-12-27,False
2648,Female,1989-03-23,Active,Sparks,NV,99661,US,2022-07-10 02:32:49,2025-09-19,True
2800,Male,2010-12-23,Blocked,Los Angeles,CA,15632,US,2025-07-05 03:09:22,2025-12-16,False
2816,Male,1986-08-04,Inactive,Boston,MA,48583,US,2020-09-08 02:31:51,2023-11-24,False
2894,Prefer Not To Say,1969-10-09,Inactive,Bristol,AR,39195,US,2019-01-27 11:30:56,2020-07-21,False
3103,Female,1995-07-01,Blocked,Clinton,NJ,52648,US,2025-04-23 04:00:44,2025-06-18,False
3409,Female,1984-08-12,Active,Franklin,IA,33140,US,2024-07-03 13:03:08,2025-08-05,True
3447,Female,1945-04-04,Closed,Calgary,AB,,CA,2021-08-19 18:49:12,2023-10-28,False
4003,Female,1962-07-14,Active,Riverside,NH,12055,US,2021-06-23 18:48:46,2025-06-05,True
4019,Female,1972-08-31,Active,Springfield,KS,35924,US,2016-11-05 15:56:33,2025-07-08,True
4748,Female,1975-09-22,Active,Madison,IA,42995,US,2020-11-10 15:18:59,2025-01-20,True
5070,Female,1973-03-20,Active,Clinton,AL,14511,US,2024-07-02 16:12:58,2025-08-12,True
5095,Female,2001-01-06,Active,Fairview,RI,78288,US,2015-05-25 23:10:49,2025-07-11,True
5348,Male,1983-06-10,Active,Bristol,NM,42587,US,2024-12-02 19:00:12,2025-07-07,True
5464,Male,1980-06-16,Inactive,Bristol,AK,30591,US,2021-05-13 14:46:50,2023-10-15,False
5466,Prefer Not To Say,1961-01-02,Active,Madison,LA,74428,US,2016-10-20 03:45:49,2025-07-04,True
5574,Male,1975-06-21,Blocked,Spokane,WA,43143,US,2024-08-22 21:39:47,2024-10-31,False
5621,Other,1989-05-31,Active,Clinton,AL,91108,US,2019-03-06 00:15:23,2025-05-02,True
5692,Female,1979-04-08,Active,Salem,AL,44705,US,2024-02-12 07:06:41,2025-04-23,True
5756,Female,1989-09-24,Closed,Bristol,ND,50792,US,2023-05-09 04:09:42,2025-03-27,False
5832,Male,1949-05-05,Active,Fairview,DE,96074,US,2021-08-18 00:59:47,2025-05-04,True
6062,Male,1996-06-21,Active,Boulder,CO,92695,US,2023-09-09 09:47:36,2025-05-02,True
6205,Female,1996-07-26,Active,Bristol,NL,,CA,2019-10-13 19:54:25,2025-12-25,True
6680,Female,1983-03-19,Blocked,Springfield,AL,46844,US,2019-03-26 21:58:49,2022-08-08,False
6765,Female,1984-09-14,Active,Vancouver,WA,97785,US,2019-05-27 14:20:24,2025-11-06,True
6987,Male,1967-05-01,Inactive,Houston,TX,99113,US,2019-03-28 05:53:24,2022-04-27,False
7387,Other,1984-05-20,Active,Bristol,OK,77265,US,2024-04-29 17:02:12,2025-06-15,True
7632,Other,1963-05-25,Active,Austin,TX,78122,US,2018-01-27 12:47:30,2025-08-07,True
7706,Male,1970-05-04,Active,Springfield,KY,25526,US,2015-01-07 12:19:56,2025-02-08,True
7834,Female,1942-07-18,Inactive,Riverside,AK,68131,US,2015-05-27 22:34:17,2022-08-28,False
8605,Male,2001-12-28,Active,Joliet,IL,93151,US,2024-12-04 02:55:01,2025-01-03,True
8871,Male,1975-05-15,Active,Cambridge,MA,91874,US,2025-03-14 16:01:50,2025-03-29,True
9068,Female,1941-07-17,Active,Georgetown,ID,97183,US,2018-09-29 08:36:48,2025-12-05,True
9693,Male,1983-02-24,Active,Riverside,NS,,CA,2024-01-24 11:22:08,2025-08-31,True
9712,Male,1986-08-30,Active,Clinton,MS,93693,US,2020-07-16 11:42:54,2025-05-21,True
9817,Female,1951-12-05,Closed,Chester,IN,84584,US,2019-10-21 11:23:40,2022-11-11,False
9989,Male,1967-06-26,Active,Springfield,SD,81355,US,2025-09-30 14:29:31,2025-12-05,True
37,Male,1989-10-04,Active,Georgetown,DE,67272,US,2020-04-23 08:02:48,2025-01-27,True
94,Male,1964-10-03,Active,Madison,ND,44513,US,2019-02-22 07:02:42,2025-09-11,True
200,Female,2008-06-29,Active,Springfield,KY,77314,US,2023-09-01 05:22:51,2025-01-11,True
311,Male,2003-11-24,Inactive,Franklin,NJ,68547,US,2017-01-03 09:16:13,2018-08-16,False
406,Male,1998-08-04,Active,Mesa,AZ,39807,US,2022-10-30 01:05:07,2025-03-05,True
439,Female,1986-07-27,Active,Georgetown,RI,64278,US,2022-09-04 11:04:39,2025-07-17,True
621,Male,1992-05-07,Active,Georgetown,NJ,90710,US,2018-10-24 01:33:45,2025-09-05,True
668,Male,1992-01-15,Active,Madison,UT,50593,US,2015-02-05 20:00:30,2025-08-26,True
983,Female,1988-07-04,Active,Clinton,AR,83664,US,2015-05-25 11:11:33,2025-09-11,True
1984,Male,1991-12-01,Active,Bristol,NE,53492,US,2017-01-18 15:13:03,2025-02-06,True
2158,Female,1990-04-20,Inactive,Salem,NB,,CA,2023-06-08 04:48:06,2024-02-03,False
2269,Male,1944-09-28,Blocked,Madison,NT,,CA,2021-04-21 13:49:50,2021-07-30,False
2372,Female,1941-12-23,Active,Franklin,IA,65973,US,2015-03-09 23:53:13,2025-01-23,True
2373,Female,1984-01-29,Active,Clinton,SC,13162,US,2024-04-19 18:23:52,2025-06-01,True
2538,Male,1950-04-16,Active,San Diego,CA,97636,US,2022-07-15 15:16:48,2025-09-18,True
2606,Prefer Not To Say,1970-05-25,Active,Cambridge,MA,67823,US,2022-06-03 06:19:41,2025-08-19,True
2950,Male,2006-01-17,Inactive,Springfield,WI,97481,US,2022-09-30 02:21:20,2024-09-26,False
2998,Male,1984-10-15,Active,Chester,WY,71354,US,2019-09-01 01:57:49,2025-01-28,True
3138,Male,1961-09-18,Active,Georgetown,DE,51062,US,2022-12-11 14:26:05,2025-04-27,True
3466,Male,1949-03-10,Active,Georgetown,OR,11880,US,2022-06-09 13:34:41,2025-07-05,True
4000,Female,1999-04-24,Active,Georgetown,NL,,CA,2020-03-20 09:48:31,2025-04-28,True
4106,Female,1998-07-04,Active,Macon,GA,13252,US,2018-11-04 04:12:31,2025-07-01,True
4538,Female,1979-02-06,Active,Salem,AR,78389,US,2024-04-09 03:45:14,2025-11-27,True
4597,Female,1988-10-27,Active,Orlando,FL,70836,US,2018-03-21 16:31:37,2025-08-16,True
4735,Male,2002-10-10,Active,Riverside,OK,28314,US,2021-11-09 15:50:07,2025-06-04,True
4848,Male,1963-03-13,Active,Albany,NY,87540,US,2015-05-13 11:06:53,2025-04-17,True
5041,Male,1976-02-21,Blocked,Madison,MN,30990,US,2016-07-07 16:19:09,2025-03-04,False
5431,Male,1952-10-28,Inactive,Georgetown,KY,19432,US,2019-05-06 06:58:38,2019-07-02,False
5490,Female,1974-11-08,Closed,Los Angeles,CA,52979,US,2016-01-19 19:16:23,2019-11-12,False
5516,Male,1990-11-29,Active,Georgetown,VA,70199,US,2024-02-10 20:26:00,2025-05-14,True
5579,Female,1991-01-31,Active,Madison,WY,75033,US,2018-08-29 15:22:31,2025-07-21,True
5600,Female,1963-07-02,Active,Salem,WY,41322,US,2016-08-20 06:10:54,2025-08-07,True
6076,Female,1950-12-16,Active,Georgetown,KY,59921,US,2018-11-02 10:20:15,2025-11-04,True
6186,Male,1954-03-06,Closed,Madison,WY,61767,US,2015-07-13 10:04:55,2016-03-29,False
6226,Male,1992-07-15,Inactive,Georgetown,NU,,CA,2015-09-05 08:29:39,2017-11-18,False
6314,Male,1946-07-10,Active,Greensboro,NC,95661,US,2023-04-21 05:10:09,2025-09-19,True
6319,Female,1960-02-01,Active,Spokane,WA,21219,US,2021-06-01 09:42:00,2025-06-24,True
6473,Male,1994-09-28,Active,Mesa,AZ,58646,US,2022-03-30 04:34:25,2025-02-18,True
6970,Male,1958-11-27,Active,Las Vegas,NV,21655,US,2022-10-22 07:33:27,2025-10-24,True
7126,Female,1947-11-20,Inactive,San Diego,CA,68954,US,2023-08-09 12:14:15,2023-12-10,False
7164,Female,1971-11-15,Active,Los Angeles,CA,37583,US,2022-06-18 21:17:11,2025-08-02,True
7183,Male,1969-07-29,Closed,Madison,WI,62714,US,2019-03-15 20:49:09,2020-04-02,False
7281,Male,1947-10-05,Blocked,Greensboro,NC,99697,US,2018-11-02 15:19:40,2019-03-07,False
7448,Male,1977-03-17,Blocked,Fort Worth,TX,65987,US,2025-02-27 09:07:54,2025-12-14,False
7479,Male,1955-05-10,Active,Salem,RI,70440,US,2025-03-15 08:56:42,2025-10-16,True
7483,Male,1996-09-02,Active,Tampa,FL,37294,US,2016-08-04 01:53:13,2025-06-07,True
7654,Female,1995-03-06,Inactive,Riverside,NT,,CA,2023-07-26 07:22:50,2023-09-04,False
7688,Female,1975-12-13,Blocked,Austin,TX,87495,US,2018-09-26 11:10:58,2022-03-14,False
7922,Male,1945-10-01,Active,Georgetown,NH,54559,US,2016-09-18 05:27:39,2025-12-08,True
8716,Female,1993-05-25,Blocked,Georgetown,IN,87181,US,2019-04-22 17:44:25,2023-05-25,False
8816,Other,1956-11-26,Active,Madison,HI,59364,US,2019-12-17 16:59:48,2025-09-10,True
9010,Male,1946-11-16,Active,Chester,LA,11994,US,2024-11-10 10:22:35,2025-05-09,True
9198,Female,1945-08-20,Active,Springfield,MT,61518,US,2022-08-30 22:46:07,2025-04-11,True
9216,Female,1994-09-15,Active,San Diego,CA,32512,US,2019-10-21 11:07:33,2025-07-21,True
9556,Female,1951-02-16,Active,Fairview,CT,59623,US,2025-10-16 17:51:41,2025-11-09,True
9703,Female,1949-07-08,Active,Franklin,SK,,CA,2016-10-14 16:14:04,2025-10-31,True
9754,Female,1997-10-29,Active,Riverside,TN,84433,US,2015-01-06 04:23:07,2025-11-10,True
34,Female,1988-12-12,Inactive,Salem,ME,75916,US,2017-09-06 09:51:50,2022-12-10,False
270,Other,1941-05-04,Active,Chester,SC,20552,US,2020-12-21 10:48:29,2025-01-23,True
450,Female,1944-07-03,Active,Riverside,ID,89821,US,2019-03-28 04:50:49,2025-10-21,True
513,Female,1987-02-19,Closed,Sterling Heights,MI,63234,US,2016-01-06 03:35:01,2023-02-01,False
711,Male,1966-02-08,Active,Riverside,OK,11897,US,2016-01-10 15:27:50,2025-11-26,True
863,Female,1997-08-27,Blocked,Georgetown,AR,34577,US,2024-03-29 10:17:28,2025-04-09,False
1134,Female,1972-02-10,Active,Georgetown,NJ,70729,US,2024-09-24 03:32:13,2025-11-05,True
1240,Female,1946-12-19,Active,Franklin,KY,16221,US,2015-10-09 10:08:39,2025-10-04,True
2109,Male,2008-08-30,Active,Chandler,AZ,34081,US,2025-10-03 00:13:57,2025-11-02,True
2224,Male,1972-01-16,Inactive,Springfield,KY,82617,US,2022-08-04 19:37:09,2025-07-06,False
2229,Female,1978-07-14,Closed,Franklin,NB,,CA,2023-06-17 02:08:24,2025-04-10,False
2646,Male,1992-03-07,Active,Clinton,CT,23458,US,2018-07-05 10:04:57,2025-01-25,True
2826,Male,1947-07-29,Active,Lowell,MA,73356,US,2019-02-08 02:18:40,2025-12-05,True
2925,Male,1966-11-18,Inactive,Columbus,OH,28624,US,2018-01-02 17:15:20,2024-07-29,False
2960,Prefer Not To Say,1981-12-20,Closed,Lowell,MA,38473,US,2019-10-03 02:26:49,2023-12-03,False
3122,Female,1948-01-31,Active,Salem,ME,27736,US,2016-05-26 20:07:01,2025-11-01,True
3227,Male,2011-06-10,Active,Georgetown,NH,61041,US,2025-03-22 21:56:32,2025-07-14,True
3290,Other,1957-06-08,Active,North Las Vegas,NV,17391,US,2022-10-17 03:24:15,2025-05-07,True
3451,Female,1948-07-04,Active,Clinton,NT,,CA,2025-06-03 08:40:04,2025-12-09,True
3526,Male,1951-03-17,Active,Madison,LA,25828,US,2024-01-12 23:08:30,2024-12-28,True
3570,Male,1956-07-12,Inactive,Colorado Springs,CO,26823,US,2023-04-05 03:03:58,2025-12-21,False
3627,Female,1960-03-07,Active,Victoria,BC,,CA,2016-03-01 13:06:58,2025-11-26,True
3836,Male,1945-11-25,Active,Chester,NL,,CA,2015-01-20 09:56:49,2025-08-25,True
3981,Male,1941-02-10,Active,Springfield,MS,32240,US,2022-06-01 14:19:20,2024-12-30,True
4044,Male,1959-02-20,Active,San Francisco,CA,69005,US,2021-07-04 13:45:13,2025-11-12,True
4214,Female,1964-03-15,Closed,Warren,MI,58552,US,2025-07-09 15:12:21,2025-09-02,False
4243,Male,1996-10-22,Active,Madison,AR,51630,US,2024-04-12 18:40:34,2025-03-07,True
4584,Male,2003-12-02,Active,Chester,OR,20736,US,2019-01-20 19:34:28,2025-10-23,True
4636,Male,1950-01-25,Closed,Salem,LA,81415,US,2018-08-15 19:32:26,2020-12-31,False
4832,Female,2002-06-27,Inactive,Clinton,AL,93528,US,2024-03-06 06:46:53,2025-04-18,False
4916,Female,1966-01-04,Active,Clinton,NM,14182,US,2019-07-09 22:34:12,2025-08-26,True
5354,Other,1942-10-30,Active,Tampa,FL,75941,US,2018-09-04 00:15:39,2024-12-25,True
5439,Other,1965-10-18,Closed,Riverside,MB,,CA,2023-11-10 18:40:45,2024-03-30,False
5562,Female,1963-02-23,Active,San Francisco,CA,33148,US,2017-01-30 07:07:33,2025-09-09,True
5763,Female,1965-10-10,Active,Denver,CO,44402,US,2018-10-01 03:51:38,2025-04-03,True
5810,Female,1967-04-12,Inactive,Chester,SC,93816,US,2024-05-15 18:25:58,2024-06-20,False
5811,Female,1941-12-15,Active,Fairview,SD,13646,US,2015-06-04 13:00:02,2025-03-01,True
6295,Female,1996-06-28,Active,Clinton,KS,26946,US,2020-06-30 23:16:13,2025-03-11,True
6300,Other,1984-10-26,Closed,Riverside,ME,46506,US,2023-01-18 17:47:39,2024-12-17,False
6829,Female,1987-05-12,Active,Franklin,ME,14188,US,2017-09-22 21:15:32,2025-09-21,True
7348,Male,1966-05-25,Active,Clinton,HI,29386,US,2018-07-01 17:19:38,2025-04-03,True
7466,Female,2003-11-15,Closed,Franklin,NT,,CA,2021-08-01 22:22:52,2022-03-17,False
7575,Female,1948-12-20,Blocked,Fairview,NU,,CA,2025-02-13 22:57:52,2025-03-04,False
7869,Female,2003-03-05,Closed,Chester,IN,56868,US,2020-12-28 10:15:56,2024-01-30,False
7895,Male,1956-12-01,Active,Salem,IN,73933,US,2020-02-25 15:51:39,2025-03-04,True
8004,Female,1991-12-09,Active,Fairview,HI,58827,US,2025-10-27 16:46:40,2025-12-23,True
8062,Male,2000-11-25,Active,Syracuse,NY,77330,US,2021-03-04 00:31:02,2025-12-01,True
8119,Male,1968-12-05,Active,Chester,SD,76125,US,2017-03-18 15:09:32,2025-03-17,True
8135,Male,1951-01-08,Active,Madison,KS,91386,US,2025-05-16 21:57:14,2025-06-05,True
8239,Male,2006-08-25,Active,Clinton,ME,94600,US,2022-08-21 01:05:02,2025-10-06,True
8276,Female,1961-03-04,Active,Athens,GA,40931,US,2015-02-21 08:55:24,2025-07-11,True
8377,Female,1949-08-28,Inactive,Riverside,NJ,46200,US,2018-05-09 06:01:49,2022-11-22,False
8397,Female,1978-06-09,Blocked,Salem,UT,13157,US,2017-12-08 21:46:32,2021-05-26,False
8943,Female,1966-09-03,Active,Bristol,SD,11138,US,2015-12-03 09:20:06,2025-12-12,True
9212,Female,2003-10-09,Blocked,Clinton,WV,70746,US,2023-07-20 09:48:56,2025-11-28,False
9973,Female,1974-09-11,Active,Sacramento,CA,44111,US,2017-11-24 21:04:35,2025-07-30,True
20,Male,1953-04-15,Closed,Chester,NU,,CA,2024-09-09 02:17:49,2025-04-09,False
340,Male,1977-02-22,Active,Salem,NJ,52233,US,2017-05-19 05:12:39,2025-02-01,True
759,Female,1943-03-16,Inactive,Riverside,CT,83815,US,2018-11-12 21:42:44,2024-09-27,False
910,Male,2005-02-02,Inactive,Naperville,IL,10975,US,2021-01-14 02:36:57,2021-01-16,False
938,Male,1960-10-09,Active,Riverside,NJ,52263,US,2019-10-11 11:36:30,2025-10-08,True
1012,Female,1979-07-20,Inactive,Denver,CO,27503,US,2024-11-15 22:05:06,2025-02-09,False
1076,Male,1972-08-11,Inactive,Bristol,NM,94139,US,2018-11-08 21:28:38,2023-12-23,False
1576,Male,1975-04-13,Active,Sparks,NV,81626,US,2022-01-15 00:24:22,2025-06-05,True
1773,Male,1946-05-22,Closed,Madison,ME,31736,US,2021-07-10 13:07:54,2022-04-25,False
2010,Female,2000-01-06,Active,Chester,NS,,CA,2024-10-28 22:37:13,2025-10-31,True
2017,Male,1957-03-07,Active,Salem,WY,81070,US,2024-10-06 21:26:50,2025-01-20,True
2035,Male,2010-04-11,Inactive,Clinton,ID,11169,US,2024-11-06 19:51:42,2025-11-07,False
2146,Male,1973-01-05,Inactive,Clinton,UT,88990,US,2023-08-08 16:29:02,2024-11-17,False
2242,Female,1956-06-20,Active,Bristol,MO,57267,US,2016-11-25 00:29:03,2025-05-07,True
2381,Male,1998-07-29,Active,Gatineau,QC,,CA,2021-02-12 08:16:56,2025-11-05,True
2452,Male,2001-04-25,Active,Madison,MS,98181,US,2017-06-20 04:55:10,2024-12-28,True
2762,Female,1941-09-27,Inactive,Burnaby,BC,,CA,2025-07-06 18:01:23,2025-11-15,False
3048,Other,1995-03-20,Active,Riverside,KY,91491,US,2019-08-10 16:35:04,2025-10-17,True
3202,Female,1949-05-26,Active,Fairview,SC,98837,US,2016-05-23 01:31:17,2025-06-25,True
3786,Female,1943-10-20,Active,Bristol,VA,73297,US,2019-10-06 13:51:14,2025-02-09,True
3844,Male,1960-01-17,Closed,Fairview,MS,32178,US,2025-12-22 05:15:51,2025-12-25,False
4178,Female,1994-04-18,Active,Pittsburgh,PA,96237,US,2021-11-09 23:03:46,2025-11-28,True
4234,Male,1994-11-12,Active,Aurora,IL,44153,US,2025-06-10 04:46:54,2025-11-19,True
4342,Male,1972-09-20,Active,Savannah,GA,94483,US,2017-07-07 12:39:46,2025-05-29,True
4793,Female,1968-05-21,Active,Salem,VT,55279,US,2025-11-07 07:22:33,2025-11-15,True
4872,Male,1989-05-17,Active,Chandler,AZ,26615,US,2023-06-09 05:45:07,2025-05-26,True
5016,Female,1941-03-28,Active,Salem,LA,67550,US,2024-08-31 14:18:43,2025-03-19,True
5193,Female,1969-11-26,Active,Riverside,NJ,64178,US,2018-07-12 23:56:33,2025-10-18,True
5373,Other,1983-05-29,Active,Madison,ME,59404,US,2024-02-28 16:19:47,2025-05-12,True
5507,Female,1999-01-21,Inactive,Springfield,AL,90185,US,2017-03-27 17:34:01,2019-09-09,False
5535,Male,1967-09-21,Closed,Madison,ME,48416,US,2015-02-07 10:25:48,2021-09-25,False
6168,Male,1978-10-09,Active,Spokane,WA,24116,US,2021-02-11 07:00:41,2025-12-02,True
6344,Male,1972-04-13,Active,Riverside,ND,60222,US,2019-09-22 05:38:56,2025-07-03,True
6469,Female,1968-08-12,Active,Madison,CT,27230,US,2021-01-30 07:22:55,2025-10-09,True
6707,Prefer Not To Say,1965-01-21,Active,Cambridge,MA,13933,US,2019-08-11 02:07:57,2025-03-15,True
6739,Female,1957-09-04,Closed,Grand Rapids,MI,78257,US,2015-07-13 12:20:35,2017-08-27,False
6763,Female,1948-03-26,Active,Cincinnati,OH,75854,US,2024-12-30 18:57:12,2025-11-05,True
6965,Male,1952-09-04,Active,Fairview,AK,76931,US,2017-12-11 21:29:00,2025-04-10,True
7119,Other,1955-06-03,Active,Springfield,HI,12984,US,2024-11-02 06:00:11,2025-04-13,True
7200,Female,1954-02-22,Closed,Denver,CO,34309,US,2017-06-16 20:14:19,2017-11-29,False
7292,Female,2006-08-13,Active,Salem,SD,39845,US,2022-02-28 05:34:15,2025-11-06,True
7712,Male,1977-09-13,Inactive,Houston,TX,28241,US,2015-10-11 23:18:02,2022-07-12,False
7717,Male,1996-06-21,Inactive,Georgetown,NT,,CA,2025-07-04 19:22:58,2025-10-18,False
7932,Other,1945-02-03,Active,Bristol,SK,,CA,2017-08-19 07:07:06,2025-09-23,True
8018,Prefer Not To Say,1941-02-15,Active,Springfield,WY,49229,US,2025-05-06 19:27:13,2025-05-14,True
8463,Male,2003-05-10,Active,Bristol,SK,,CA,2017-10-14 21:30:47,2025-04-05,True
8764,Other,1969-06-30,Active,Franklin,CT,59136,US,2023-09-03 15:55:26,2025-01-26,True
8790,Female,2002-02-11,Active,Scottsdale,AZ,83141,US,2022-09-13 01:33:57,2025-04-07,True
8994,Male,1979-06-02,Active,Franklin,MD,58688,US,2020-09-28 14:26:13,2025-01-08,True
9287,Female,1957-08-30,Active,Franklin,IN,65509,US,2024-03-11 03:56:19,2025-10-07,True
9478,Other,2006-06-10,Inactive,Warren,MI,59699,US,2020-09-26 05:40:03,2023-05-26,False
9794,Male,1988-09-11,Inactive,Bristol,TN,44261,US,2019-08-25 00:02:31,2023-12-17,False
9853,Male,1985-09-06,Active,Spokane,WA,94031,US,2018-07-31 10:03:15,2025-01-20,True
221,Male,1979-03-31,Active,Fairview,ME,23005,US,2020-11-12 10:07:59,2025-09-26,True
281,Male,1958-11-10,Active,Clinton,WI,25775,US,2017-04-22 12:37:52,2025-10-22,True
394,Other,2001-08-15,Active,Georgetown,WI,90382,US,2019-10-09 05:54:11,2025-10-25,True
415,Prefer Not To Say,2008-09-06,Active,Aurora,CO,46535,US,2024-05-06 05:00:03,2025-09-25,True
806,Male,1987-03-19,Closed,Fairview,MS,63528,US,2019-02-09 03:50:46,2023-11-01,False
1069,Male,1962-08-25,Active,Fairview,SK,,CA,2018-06-12 09:25:57,2025-09-29,True
1602,Male,1959-02-28,Active,Aurora,IL,12175,US,2022-04-01 06:16:38,2025-09-29,True
1627,Female,1966-03-17,Inactive,Clinton,OK,19253,US,2020-06-08 00:29:46,2024-08-27,False
1897,Male,1997-10-06,Blocked,Springfield,WV,12249,US,2021-08-20 13:51:14,2024-01-29,False
2122,Male,1992-07-01,Blocked,Fairview,WY,34996,US,2024-03-23 04:10:27,2025-04-15,False
2415,Male,1959-09-19,Active,Springfield,SK,,CA,2015-02-15 03:49:14,2025-10-02,True
2511,Male,1946-10-27,Inactive,Bristol,NJ,97523,US,2025-12-19 17:35:02,2025-12-24,False
2569,Female,1945-08-09,Inactive,Bristol,IN,35168,US,2019-04-24 16:23:18,2019-07-19,False
3024,Male,1944-07-24,Blocked,Springfield,MA,91372,US,2025-05-02 01:13:10,2025-05-16,False
3162,Female,1996-07-03,Active,Chester,MN,45733,US,2022-08-20 05:13:26,2025-05-06,True
3425,Male,1960-03-28,Blocked,Philadelphia,PA,91542,US,2018-03-02 03:12:31,2023-08-02,False
3456,Male,1948-11-06,Active,Chester,NL,,CA,2018-08-18 00:12:07,2025-06-20,True
3501,Male,2000-12-27,Active,Hamilton,ON,,CA,2018-01-01 15:03:50,2025-04-16,True
3806,Female,1999-04-02,Active,Clinton,WI,14313,US,2017-09-08 03:53:01,2025-02-26,True
4569,Male,1953-07-31,Active,Madison,VT,64445,US,2019-04-19 13:41:41,2025-02-06,True
4581,Male,2012-03-18,Active,Georgetown,OR,26550,US,2025-09-09 06:59:05,2025-11-06,True
4608,Male,2005-02-16,Active,Durham,NC,39107,US,2020-02-06 03:01:46,2025-03-26,True
4818,Male,1963-03-10,Active,Bristol,NM,54896,US,2018-04-28 05:47:08,2025-06-30,True
4839,Male,1977-11-09,Inactive,Bristol,LA,83021,US,2016-02-04 20:30:16,2023-12-13,False
5659,Other,2005-03-01,Active,Grand Rapids,MI,61278,US,2019-02-21 00:40:58,2025-04-25,True
5882,Male,1997-12-03,Active,Chester,NJ,82331,US,2015-02-26 01:19:00,2025-12-10,True
6045,Male,1994-01-27,Inactive,Riverside,SC,36295,US,2023-08-24 00:16:19,2024-10-03,False
6051,Female,1960-09-11,Active,Augusta,GA,75467,US,2022-07-25 23:02:40,2025-03-13,True
6433,Other,1984-08-05,Inactive,Clinton,NL,,CA,2025-01-12 06:33:35,2025-11-07,False
6643,Male,1993-08-30,Inactive,Franklin,OR,95455,US,2025-08-06 09:59:21,2025-10-12,False
6703,Male,2001-07-24,Active,Tampa,FL,60156,US,2022-03-04 06:10:16,2025-12-19,True
6966,Male,1973-07-05,Blocked,Chester,MB,,CA,2020-05-04 21:50:23,2023-02-05,False
7078,Female,1996-12-01,Closed,Tucson,AZ,31117,US,2023-05-09 10:50:05,2025-04-24,False
7581,Male,1999-04-15,Blocked,Rochester,NY,98000,US,2023-09-26 17:53:27,2024-04-26,False
8101,Female,1967-05-03,Active,Riverside,NB,,CA,2023-07-16 12:23:42,2025-03-04,True
8535,Female,1948-10-07,Closed,Bristol,ID,27113,US,2023-11-04 22:00:23,2024-08-31,False
8651,Male,1941-06-25,Active,Franklin,UT,26524,US,2017-07-22 11:37:16,2025-04-20,True
8910,Female,1987-05-20,Active,Clinton,KS,87192,US,2022-12-01 08:13:43,2025-01-01,True
8972,Male,1999-10-26,Active,Cleveland,OH,30060,US,2019-12-16 10:12:22,2025-04-15,True
9223,Male,1945-05-24,Active,Franklin,KS,83792,US,2021-11-06 16:37:01,2025-06-18,True
9304,Female,1978-08-31,Active,Chester,NM,97652,US,2022-11-29 15:41:52,2025-07-03,True
9565,Male,1943-05-04,Closed,Riverside,NE,92052,US,2022-05-25 00:52:45,2024-01-12,False
9665,Male,2002-04-08,Active,Fairview,AK,24116,US,2018-06-28 03:08:22,2025-07-21,True
9914,Male,1992-11-11,Closed,Philadelphia,PA,81116,US,2022-11-23 00:37:11,2024-06-29,False
7206,Female,2006-04-11,Inactive,San Jose,CA,94220,US,2025-09-27 16:23:30,2025-12-01,False
209,Female,1947-04-09,Inactive,Riverside,RI,59528,US,2016-08-10 02:27:15,2021-09-16,False
253,Female,1942-11-06,Inactive,Madison,MD,70149,US,2015-03-02 23:53:34,2021-12-13,False
557,Male,1996-03-17,Inactive,Salem,NT,,CA,2018-04-26 11:12:43,2025-03-17,False
641,Male,1963-06-01,Active,Springfield,WV,66736,US,2024-06-10 23:45:20,2025-07-16,True
778,Female,1942-12-25,Active,Madison,AK,82345,US,2023-08-16 19:19:31,2025-11-20,True
834,Male,1950-09-21,Active,Georgetown,MS,39651,US,2023-06-12 19:05:36,2025-04-12,True
942,Female,1988-12-01,Inactive,Georgetown,AR,82672,US,2021-10-31 22:54:40,2024-08-13,False
990,Prefer Not To Say,1985-09-29,Blocked,Bristol,ME,23787,US,2021-03-13 00:04:43,2024-06-04,False
1236,Female,1960-07-07,Closed,Georgetown,CT,73021,US,2023-11-27 18:56:50,2024-01-16,False
1705,Male,1979-07-21,Active,Madison,UT,53026,US,2023-06-01 20:05:13,2025-02-20,True
1891,Male,1972-08-22,Active,Joliet,IL,28278,US,2018-03-20 09:58:57,2025-09-20,True
2766,Female,1981-11-27,Active,Clinton,RI,60988,US,2023-10-25 09:25:27,2025-08-15,True
2869,Prefer Not To Say,1980-09-01,Active,Georgetown,MN,19699,US,2025-05-23 15:15:22,2025-11-14,True
3009,Other,1946-05-08,Inactive,Montreal,QC,,CA,2017-01-28 22:40:12,2022-09-20,False
3019,Male,1979-06-02,Active,Chester,WV,61569,US,2015-07-03 19:44:28,2025-06-05,True
3339,Female,1952-10-24,Blocked,Chester,DE,72284,US,2019-03-08 01:32:13,2023-10-26,False
3485,Female,1965-06-19,Inactive,Clinton,RI,91575,US,2015-08-13 14:19:49,2023-11-26,False
3853,Female,1941-08-11,Active,Franklin,DE,,US,2022-05-24 19:08:36,2025-03-02,True
3933,Prefer Not To Say,1954-06-16,Active,Fort Worth,TX,32657,US,2025-07-24 04:47:56,2025-12-23,True
4602,Female,1956-06-13,Inactive,Springfield,WI,56706,US,2015-07-21 04:57:59,2015-09-22,False
4752,Prefer Not To Say,1953-08-03,Active,Boston,MA,38965,US,2017-02-15 17:27:35,2025-02-12,True
4967,Other,1972-09-13,Active,Red Deer,AB,,CA,2017-02-13 17:43:12,2025-09-29,True
5199,Female,1970-08-02,Active,Victoria,BC,,CA,2025-04-28 03:49:29,2025-06-28,True
5214,Male,1976-12-01,Blocked,Clinton,NH,84156,US,2016-08-10 12:27:29,2022-10-22,False
5665,Female,1953-08-24,Closed,Los Angeles,CA,12738,US,2018-05-09 20:16:58,2022-05-10,False
5695,Male,2001-01-20,Active,Bellevue,WA,35596,US,2019-07-06 16:11:01,2025-12-05,True
5860,Male,1941-02-12,Active,Clinton,SD,30792,US,2021-11-14 05:56:52,2025-08-06,True
5869,Male,2006-05-12,Active,Riverside,VA,23072,US,2023-01-26 19:59:37,2025-01-19,True
6192,Female,1974-09-09,Active,Madison,IA,59652,US,2025-10-01 16:08:56,2025-11-04,True
6696,Male,1985-12-02,Active,Charlotte,NC,76995,US,2017-04-14 11:10:17,2025-02-18,True
6911,Female,1967-11-26,Active,Phoenix,AZ,38469,US,2024-03-07 23:24:29,2025-11-22,True
7027,Female,1946-03-15,Active,Georgetown,NE,17228,US,2021-03-12 10:21:54,2025-09-08,True
7718,Female,1959-05-25,Active,Franklin,MS,98724,US,2016-02-13 08:38:16,2025-04-25,True
7830,Male,1971-01-15,Active,Riverside,NH,59881,US,2024-04-10 05:49:54,2025-03-22,True
7844,Male,1983-07-05,Active,Riverside,CT,32736,US,2018-12-08 18:57:07,2025-06-01,True
7919,Female,1966-03-18,Active,Bristol,SK,,CA,2025-10-20 20:26:09,2025-11-09,True
8023,Other,1971-11-23,Blocked,Georgetown,ID,62017,US,2021-05-30 02:42:01,2025-01-23,False
8292,Female,1953-12-14,Active,Springfield,SC,42331,US,2019-01-24 16:24:56,2024-12-28,True
8593,Female,2010-02-20,Inactive,Springfield,VA,73199,US,2025-01-23 13:13:34,2025-07-02,False
8635,Male,2000-03-17,Active,Chester,RI,86164,US,2023-12-13 06:55:38,2025-12-07,True
8751,Female,1968-07-17,Active,Bristol,NL,,CA,2022-10-31 01:33:31,2025-08-20,True
8828,Female,1949-01-16,Active,Albany,NY,84938,US,2021-01-22 05:11:13,2025-01-27,True
9207,Prefer Not To Say,1976-12-29,Active,Riverside,SC,79853,US,2019-01-20 12:05:29,2025-03-31,True
9662,Female,1964-07-27,Inactive,Springfield,NM,18168,US,2017-03-05 21:03:50,2022-05-21,False
9674,Prefer Not To Say,1985-12-15,Active,Vancouver,WA,69863,US,2016-08-16 09:06:08,2025-06-20,True
9723,Male,1984-04-27,Active,Burnaby,BC,,CA,2015-04-10 22:13:56,2025-11-20,True
21,Male,1971-05-31,Inactive,Bristol,VA,80912,US,2021-12-27 22:25:41,2022-06-10,False
285,Prefer Not To Say,1984-10-05,Active,Riverside,NJ,25765,US,2023-08-29 17:29:42,2025-11-06,True
443,Male,1995-09-18,Inactive,Franklin,WV,10279,US,2021-08-30 19:17:36,2025-07-15,False
457,Female,1962-09-03,Active,Springfield,OR,79614,US,2023-10-30 18:05:00,2025-08-20,True
613,Male,1986-10-16,Active,Bristol,IA,45232,US,2020-10-07 10:27:34,2025-07-26,True
827,Male,1976-09-25,Active,Clinton,RI,96377,US,2023-11-13 07:13:16,2025-05-30,True
1031,Male,2008-01-31,Closed,Bristol,OK,14945,US,2023-03-06 06:15:46,2024-03-15,False
1115,Other,1948-07-15,Active,Bristol,ID,31343,US,2025-03-19 05:23:31,2025-03-23,True
1313,Male,1957-03-26,Active,Bristol,IA,40219,US,2023-08-10 14:17:20,2025-01-23,True
1564,Other,1957-09-18,Active,Madison,MD,49257,US,2016-07-01 08:13:46,2025-07-29,True
1814,Male,1944-05-29,Inactive,Bristol,LA,91073,US,2017-01-01 03:39:07,2018-09-15,False
1846,Female,2003-06-15,Active,Fort Collins,CO,25201,US,2019-10-02 12:34:19,2025-02-06,True
2019,Male,1995-12-04,Active,Bellevue,WA,89208,US,2025-10-31 22:25:05,2025-11-20,True
2835,Female,1955-07-13,Active,Warren,MI,76121,US,2015-03-03 11:19:20,2025-11-28,True
2872,Female,1989-01-08,Closed,Colorado Springs,CO,49349,US,2019-12-25 14:43:39,2021-09-17,False
2887,Female,2004-08-22,Active,Chester,MS,66045,US,2018-06-21 01:35:59,2025-07-10,True
2939,Male,2003-02-10,Inactive,Georgetown,MT,93214,US,2017-10-16 21:10:16,2020-02-11,False
3178,Male,1956-12-08,Active,Springfield,MN,63558,US,2019-12-02 07:08:57,2025-09-17,True
3273,Female,1972-07-18,Active,Madison,YT,,CA,2020-01-14 01:21:51,2025-10-23,True
3300,Female,1978-10-05,Inactive,Georgetown,MO,23238,US,2017-12-05 23:22:05,2019-03-24,False
3318,Male,1974-04-12,Active,Charlotte,NC,55985,US,2025-01-06 20:58:25,2025-11-27,True
3436,Male,1948-02-23,Closed,Madison,TN,94346,US,2023-06-25 00:00:33,2023-10-25,False
3985,Female,1984-04-27,Active,Franklin,NM,30579,US,2021-04-05 09:13:57,2025-05-19,True
4208,Female,2002-03-28,Active,Salem,VA,64271,US,2023-03-05 15:13:25,2025-10-04,True
4312,Male,1980-04-08,Active,Bristol,UT,86228,US,2018-12-04 12:25:37,2025-11-17,True
4338,Male,1987-02-04,Active,Bristol,PE,,CA,2015-04-01 18:05:51,2025-06-04,True
4699,Female,1982-03-04,Active,Chester,RI,46302,US,2015-06-29 17:39:41,2025-05-31,True
5158,Female,1970-01-17,Active,Springfield,VT,69501,US,2022-01-25 20:36:14,2025-09-12,True
5180,Female,1988-08-06,Active,Madison,IA,49350,US,2022-06-16 19:04:22,2025-01-21,True
5512,Male,1965-03-20,Active,Salem,TN,54952,US,2017-11-01 21:41:24,2025-08-07,True
5605,Male,1992-11-25,Blocked,Bristol,PE,,CA,2023-10-22 17:06:55,2023-12-19,False
5648,Male,2001-09-26,Active,Riverside,AK,99389,US,2025-01-25 08:39:16,2025-04-16,True
5888,Male,1944-04-18,Active,Denver,CO,22538,US,2024-02-01 00:14:08,2024-12-30,True
5972,Female,1948-01-05,Active,Fairview,PE,,CA,2018-06-12 02:05:33,2025-03-17,True
6171,Male,1969-03-22,Active,Chester,NM,81995,US,2020-11-20 05:24:20,2025-06-30,True
6243,Female,1948-11-23,Active,Tucson,AZ,71313,US,2025-07-20 03:43:52,2025-09-23,True
6267,Female,1968-05-05,Active,Fairview,RI,77901,US,2019-05-02 11:36:53,2025-01-22,True
6437,Female,1960-01-20,Inactive,Grand Rapids,MI,29491,US,2018-09-04 00:11:36,2022-07-30,False
6518,Male,1957-02-27,Active,Erie,PA,12174,US,2025-07-08 04:11:34,2025-07-12,True
6702,Male,2005-10-06,Active,Greensboro,NC,84636,US,2020-06-29 13:18:22,2024-12-28,True
7258,Female,1973-09-02,Inactive,Philadelphia,PA,12157,US,2021-05-21 23:52:38,2025-08-22,False
7673,Other,1978-02-10,Active,Salem,NL,,CA,2023-09-04 10:07:42,2025-07-13,True
7962,Female,2000-05-03,Active,Springfield,NM,24908,US,2024-11-08 03:04:11,2025-02-13,True
8037,Male,1958-08-13,Closed,Naperville,IL,78151,US,2021-10-14 10:06:17,2024-12-04,False
8045,Prefer Not To Say,1981-10-16,Active,Franklin,NL,,CA,2016-05-01 06:21:48,2025-05-23,True
8090,Male,1990-07-06,Active,Sterling Heights,MI,11975,US,2015-09-03 14:48:20,2025-03-12,True
8110,Male,1961-09-22,Active,Chester,YT,,CA,2024-05-14 05:04:06,2025-03-12,True
8192,Female,1981-12-15,Active,Georgetown,UT,44561,US,2021-08-20 11:51:01,2025-04-25,True
8496,Male,1942-07-02,Inactive,Clinton,PE,,CA,2019-05-04 17:11:38,2020-02-22,False
8505,Prefer Not To Say,1979-09-20,Active,Boulder,CO,80630,US,2017-09-18 12:10:11,2025-12-05,True
8591,Female,1968-01-17,Inactive,Mesa,AZ,39074,US,2020-12-16 05:53:44,2024-02-21,False
8685,Female,1956-09-06,Inactive,Franklin,CT,41191,US,2016-05-05 20:17:55,2016-09-02,False
9060,Male,1979-07-16,Active,Riverside,AR,70493,US,2025-01-05 23:43:18,2025-02-13,True
9124,Male,1985-12-07,Closed,Bristol,MS,19016,US,2025-09-17 17:49:08,2025-10-06,False
9499,Male,1988-11-14,Closed,Aurora,IL,54155,US,2019-04-25 23:52:19,2022-11-02,False
9526,Female,1949-12-15,Active,Reading,PA,21157,US,2018-07-19 03:47:01,2025-01-15,True
9660,Female,1991-01-13,Active,Fairview,RI,39004,US,2022-04-07 17:35:44,2025-01-20,True
9688,Male,1991-01-06,Closed,Bristol,IA,36807,US,2025-11-07 11:48:57,2025-11-08,False
9802,Male,1995-03-23,Active,Victoria,BC,,CA,2018-07-15 03:44:53,2025-12-12,True
107,Male,1985-10-02,Active,Springfield,MO,25985,US,2019-03-02 14:44:50,2025-12-09,True
1229,Male,1957-10-18,Active,Madison,VT,85739,US,2016-07-28 20:55:32,2025-05-26,True
2692,Male,1977-01-03,Active,Franklin,ID,11206,US,2019-12-22 19:24:39,2025-07-30,True
2982,Male,1961-12-05,Active,Salem,VA,57465,US,2020-05-31 13:30:30,2025-05-13,True
3175,Male,2002-12-31,Inactive,Fairview,UT,94566,US,2019-02-19 20:23:39,2021-09-21,False
3268,Male,1960-05-10,Active,Georgetown,CT,93194,US,2023-02-23 15:37:28,2025-03-26,True
3739,Male,1994-08-25,Active,Madison,SD,25823,US,2023-08-15 18:38:30,2025-08-27,True
4196,Male,1981-07-03,Active,Chester,NT,,CA,2022-03-14 03:07:48,2025-03-22,True
4343,Female,1978-10-03,Active,Georgetown,AK,77491,US,2024-07-04 11:11:57,2025-05-08,True
4503,Other,1950-08-21,Active,Georgetown,MD,97194,US,2025-09-24 11:06:13,2025-10-02,True
4638,Male,1946-11-08,Active,Bristol,VA,50557,US,2024-12-21 04:22:52,2025-09-14,True
5091,Female,1953-01-30,Active,Bristol,LA,19976,US,2015-07-10 11:26:18,2025-11-26,True
5147,Male,1975-11-09,Active,Fairview,VA,51799,US,2023-09-11 01:58:37,2025-02-21,True
5253,Female,1969-10-16,Inactive,Springfield,AR,91814,US,2019-03-27 09:41:00,2024-12-26,False
5260,Male,1979-09-01,Active,Springfield,MD,47432,US,2019-05-21 01:29:08,2025-10-25,True
5416,Female,1973-09-04,Active,Georgetown,AR,14062,US,2021-03-28 17:14:23,2025-05-04,True
5576,Female,1987-06-19,Closed,Bristol,RI,26232,US,2025-03-16 16:02:03,2025-08-06,False
6066,Female,1972-07-08,Closed,Springfield,KS,50523,US,2017-07-30 07:31:50,2018-09-18,False
6090,Female,1962-06-24,Active,Atlanta,GA,73435,US,2020-02-18 05:49:22,2025-07-05,True
6122,Female,2000-12-25,Active,Georgetown,SC,49604,US,2021-02-20 16:05:19,2025-01-29,True
6137,Female,1978-05-09,Active,Georgetown,ME,33465,US,2022-02-17 14:40:59,2025-09-24,True
6505,Male,1960-01-06,Active,Seattle,WA,40598,US,2016-05-06 00:26:40,2025-07-02,True
6598,Female,1967-11-01,Closed,Fairview,IN,28320,US,2018-03-22 17:38:15,2024-03-29,False
6612,Female,1943-06-07,Inactive,Boston,MA,22507,US,2019-09-28 10:43:30,2022-03-21,False
6668,Prefer Not To Say,1996-12-05,Active,Riverside,OR,89387,US,2018-10-05 19:01:45,2025-04-01,True
7670,Prefer Not To Say,1953-06-20,Closed,Salem,AK,57984,US,2019-06-14 06:10:33,2021-01-06,False
8667,Male,1980-01-07,Active,Riverside,HI,55583,US,2022-10-09 03:37:13,2024-12-31,True
186,Female,1979-06-05,Closed,Springfield,MS,18825,US,2016-05-09 07:13:06,2020-05-08,False
699,Male,1982-08-12,Inactive,Fairview,ME,60750,US,2015-05-19 00:44:26,2017-04-25,False
732,Male,1958-07-30,Inactive,Springfield,NE,86839,US,2016-10-04 15:29:00,2018-02-01,False
933,Other,1942-08-28,Active,Fort Worth,TX,16579,US,2019-12-20 12:45:55,2025-10-02,True
1280,Female,1974-07-21,Inactive,Georgetown,NJ,58000,US,2018-09-02 16:42:19,2020-05-30,False
1463,Male,1949-08-29,Active,Madison,WV,52253,US,2020-03-04 15:47:16,2025-12-22,True
1780,Female,1973-09-26,Inactive,Madison,MO,83949,US,2022-07-02 03:49:42,2025-08-09,False
1937,Male,1961-03-20,Active,Akron,OH,82815,US,2024-09-11 20:28:29,2025-02-04,True
2388,Female,1954-05-20,Inactive,Chester,NM,88603,US,2015-05-12 00:00:37,2025-07-30,False
2448,Male,1975-02-15,Active,Georgetown,NJ,11083,US,2021-02-20 01:50:29,2025-04-24,True
2449,Male,1971-03-17,Inactive,Riverside,MD,78283,US,2022-04-19 13:57:12,2022-11-01,False
2784,Prefer Not To Say,1994-10-20,Inactive,Clinton,MN,46830,US,2017-09-12 17:51:10,2018-05-01,False
2910,Male,1945-02-20,Active,Springfield,WV,44970,US,2023-09-29 04:37:13,2025-02-11,True
2963,Male,1994-07-01,Active,Boston,MA,26983,US,2016-10-29 01:59:11,2025-05-01,True
3025,Male,1954-02-23,Active,Franklin,YT,,CA,2024-06-20 09:04:15,2025-06-18,True
3639,Male,2007-02-20,Active,Springfield,IA,43642,US,2021-09-22 13:23:17,2025-04-27,True
3743,Male,1984-10-06,Active,Riverside,WV,23767,US,2025-02-24 09:26:47,2025-08-24,True
3983,Female,1949-05-02,Inactive,Ottawa,ON,,CA,2024-08-20 21:54:22,2024-09-10,False
4116,Other,1992-07-08,Active,Georgetown,KY,54543,US,2020-08-28 03:49:04,2025-02-04,True
4344,Female,1978-09-06,Active,Chester,ME,31389,US,2020-04-09 10:56:40,2025-05-29,True
4346,Male,1954-03-25,Active,Franklin,WI,75590,US,2018-10-26 10:50:10,2025-10-04,True
4590,Female,1991-12-26,Active,Franklin,MB,,CA,2023-08-13 17:13:14,2025-12-11,True
4684,Prefer Not To Say,1955-12-23,Active,Bristol,YT,,CA,2022-01-17 12:45:28,2025-11-27,True
4858,Female,1946-06-11,Blocked,Bristol,MN,45411,US,2022-03-13 23:09:47,2023-09-19,False
4995,Male,2007-04-08,Active,Madison,ID,24022,US,2022-08-14 15:19:28,2025-07-10,True
5278,Female,1960-11-03,Active,Clinton,AK,93810,US,2021-06-09 17:24:02,2025-08-11,True
5502,Male,1962-05-05,Closed,Riverside,IN,35562,US,2017-07-05 07:35:55,2023-11-10,False
5803,Male,1942-10-09,Active,Riverside,IA,10971,US,2025-12-14 22:47:18,2025-12-22,True
6121,Female,2000-10-26,Active,Chester,MN,85993,US,2025-08-23 13:08:14,2025-10-22,True
6183,Female,1957-08-14,Active,Riverside,MT,29421,US,2021-05-31 05:19:28,2025-04-17,True
6233,Female,1966-05-16,Closed,Georgetown,NH,40912,US,2015-03-29 14:03:06,2022-06-22,False
6289,Male,1981-05-02,Closed,Clinton,OR,11182,US,2019-10-28 13:06:57,2021-08-04,False
6638,Male,1957-08-13,Active,Georgetown,MB,,CA,2024-04-04 22:47:53,2025-02-24,True
6954,Female,1967-08-23,Closed,Salem,VA,68351,US,2019-02-23 12:26:01,2019-05-25,False
7199,Female,1948-09-17,Inactive,Akron,OH,24449,US,2024-03-13 16:11:58,2025-09-05,False
7701,Male,1978-07-04,Active,Salem,NH,24712,US,2020-12-11 22:18:28,2025-06-12,True
7778,Female,1997-10-22,Active,Madison,MT,15834,US,2017-11-06 00:33:47,2025-04-27,True
7806,Male,1966-04-29,Closed,Clinton,NU,,CA,2024-01-24 05:21:03,2025-04-05,False
8061,Female,1987-04-25,Active,Athens,GA,92517,US,2025-04-11 11:27:47,2025-08-08,True
8189,Male,1964-10-01,Active,Salem,NB,,CA,2020-03-24 08:50:37,2025-07-23,True
8338,Male,1973-01-08,Inactive,Bristol,MS,59414,US,2019-01-21 23:19:35,2020-04-28,False
8348,Female,1945-02-09,Active,San Francisco,CA,31231,US,2024-10-15 01:53:40,2025-12-15,True
8417,Male,1954-12-11,Inactive,Seattle,WA,95932,US,2020-11-09 00:55:04,2022-04-30,False
8498,Prefer Not To Say,2004-10-15,Active,Bristol,IN,59539,US,2025-08-09 08:31:33,2025-11-25,True
8615,Male,1954-08-16,Active,Warren,MI,13295,US,2015-10-02 00:55:14,2025-04-25,True
8674,Female,1971-11-08,Blocked,Winston-Salem,NC,50225,US,2017-09-02 11:49:01,2024-03-28,False
9054,Female,1970-08-08,Inactive,Fairview,LA,27762,US,2018-12-27 12:12:08,2021-04-14,False
9257,Female,1957-06-27,Active,Riverside,NU,,CA,2018-12-04 10:11:18,2025-03-07,True
9344,Male,1986-04-22,Closed,Georgetown,OR,41735,US,2015-06-26 05:30:24,2023-05-10,False
9475,Male,1959-08-22,Inactive,Chester,TN,41566,US,2016-10-07 12:59:31,2021-02-09,False
9485,Female,1984-03-23,Active,Erie,PA,63049,US,2016-06-05 19:29:00,2025-05-03,True
28,Male,1971-07-12,Inactive,Tacoma,WA,84395,US,2018-12-08 00:11:55,2020-07-16,False
126,Female,1975-04-10,Inactive,Riverside,AL,94985,US,2019-11-18 17:13:42,2021-10-29,False
204,Male,2002-06-11,Active,Riverside,LA,44541,US,2018-01-31 01:43:53,2025-07-02,True
354,Male,1953-09-25,Active,Franklin,VA,58268,US,2022-10-24 12:39:43,2025-07-27,True
446,Prefer Not To Say,1986-03-07,Active,Franklin,SK,,CA,2022-10-16 03:22:37,2025-05-24,True
708,Other,1960-07-27,Inactive,Springfield,UT,26746,US,2022-08-07 06:05:44,2024-09-07,False
869,Male,1941-04-04,Inactive,Clinton,NL,,CA,2016-03-15 08:33:44,2017-05-31,False
906,Female,1989-06-15,Active,Georgetown,IA,87012,US,2020-07-11 11:02:00,2025-04-14,True
1201,Male,1968-01-01,Active,Scottsdale,AZ,77590,US,2019-05-12 07:05:09,2025-03-29,True
1253,Male,2003-04-18,Inactive,Sparks,NV,92031,US,2019-07-08 05:21:17,2021-07-08,False
1259,Male,1981-10-26,Active,Seattle,WA,18341,US,2018-09-04 13:07:55,2025-05-09,True
1270,Male,1969-10-01,Active,Chester,OR,76502,US,2017-03-07 15:37:38,2025-01-18,True
1364,Male,1991-02-19,Active,Springfield,WV,84419,US,2023-06-27 12:46:02,2025-05-20,True
1547,Male,1987-04-21,Closed,Warren,MI,29906,US,2024-11-08 22:27:45,2025-07-03,False
1766,Female,1978-01-21,Active,Toledo,OH,80552,US,2024-04-01 18:44:06,2025-04-26,True
1885,Female,1995-12-21,Closed,Bellevue,WA,96888,US,2020-11-19 02:04:33,2023-01-22,False
2074,Female,2006-01-29,Active,Fairview,SK,,CA,2025-10-23 13:04:28,2025-11-14,True
2138,Female,1962-08-08,Active,Cleveland,OH,95089,US,2019-04-08 02:26:53,2025-12-04,True
2225,Female,2006-08-09,Closed,Clinton,ID,81427,US,2022-07-23 04:48:39,2024-12-07,False
2562,Male,1978-04-16,Inactive,Georgetown,NH,68665,US,2020-08-25 23:33:39,2023-07-06,False
3267,Female,1985-02-13,Inactive,Chester,MS,63906,US,2019-02-22 21:05:06,2021-03-09,False
3361,Male,1951-08-11,Active,Rochester,NY,94935,US,2016-05-18 16:09:39,2024-12-24,True
3404,Female,1943-03-08,Active,Clinton,WY,32820,US,2019-02-18 21:01:55,2025-05-08,True
3608,Female,1985-04-18,Active,Riverside,MN,77132,US,2020-11-17 11:08:39,2024-12-31,True
4290,Male,1974-04-03,Active,Boston,MA,58080,US,2025-01-02 23:24:52,2025-10-16,True
4542,Female,1958-07-17,Active,Scottsdale,AZ,66720,US,2025-12-24 08:40:46,2025-12-25,True
4733,Male,1998-01-03,Closed,Syracuse,NY,38210,US,2019-01-02 17:16:39,2020-01-20,False
4736,Female,1942-05-25,Active,Spokane,WA,93216,US,2015-04-28 07:51:37,2025-11-19,True
5090,Prefer Not To Say,1950-08-26,Active,Riverside,SC,64155,US,2022-12-05 07:42:31,2025-06-09,True
5408,Female,1986-02-21,Blocked,Franklin,AR,87389,US,2017-11-29 16:29:22,2022-10-24,False
5755,Female,1996-07-07,Blocked,Clinton,OR,84671,US,2018-06-30 04:53:58,2024-04-23,False
6149,Female,1946-06-23,Inactive,Riverside,SK,,CA,2015-04-16 03:26:18,2020-10-05,False
6662,Female,1964-07-29,Blocked,Franklin,MO,91228,US,2017-08-06 06:30:17,2024-11-04,False
7042,Female,1960-01-25,Active,Georgetown,KS,59931,US,2021-04-02 22:54:15,2025-04-20,True
7202,Male,1966-08-31,Active,Georgetown,MB,,CA,2019-09-16 22:10:58,2025-09-22,True
7467,Male,1997-01-09,Active,Clinton,MN,15070,US,2015-09-21 06:53:39,2025-11-04,True
7656,Female,1992-04-13,Active,Georgetown,NE,77533,US,2025-09-16 08:27:59,2025-12-10,True
7684,Female,1958-06-04,Active,Bristol,OR,66613,US,2022-12-29 01:35:22,2025-07-27,True
7722,Male,1951-07-31,Active,Atlanta,GA,98821,US,2021-03-12 15:57:00,2025-09-22,True
7914,Male,1986-04-23,Active,Riverside,KY,35895,US,2024-12-25 23:14:48,2025-02-16,True
8183,Female,1966-02-03,Closed,Fairview,NB,,CA,2015-12-26 08:22:24,2018-08-14,False
8668,Female,1972-08-22,Active,Hamilton,ON,,CA,2022-12-04 09:29:21,2025-06-16,True
8792,Male,1999-03-28,Blocked,Vancouver,BC,,CA,2018-02-06 14:05:29,2021-03-24,False
8922,Male,1966-02-25,Active,Bristol,MT,65253,US,2023-09-01 11:09:48,2025-08-16,True
9199,Male,1990-11-29,Active,Bristol,NM,91540,US,2019-11-23 14:34:00,2025-11-26,True
9614,Female,1964-09-17,Blocked,Fairview,MT,87625,US,2022-12-01 07:29:47,2025-01-21,False
9797,Female,1970-09-05,Active,Jacksonville,FL,70501,US,2015-03-05 18:14:50,2025-10-08,True
9923,Male,1942-11-05,Inactive,Bristol,ID,32714,US,2020-03-30 14:19:36,2024-12-14,False
9929,Prefer Not To Say,1967-08-01,Active,Salem,MS,95993,US,2021-09-04 14:28:34,2025-10-15,True
9950,Female,1973-09-29,Active,Riverside,RI,63689,US,2020-06-05 08:57:50,2025-12-18,True
17,Male,1968-04-19,Blocked,Madison,NH,87139,US,2015-12-15 07:07:35,2024-07-11,False
257,Male,1960-06-16,Active,Clinton,DE,83419,US,2016-01-10 19:09:09,2025-10-02,True
486,Male,1998-11-30,Inactive,Salem,RI,51032,US,2017-08-02 03:08:53,2020-08-09,False
907,Male,1955-12-19,Blocked,Clinton,IA,25331,US,2016-12-14 12:03:43,2023-04-24,False
924,Male,1991-10-31,Inactive,Salem,NU,,CA,2018-09-13 19:01:19,2021-05-24,False
1323,Male,1943-10-12,Closed,Fairview,TN,50949,US,2017-11-01 02:16:42,2020-01-03,False
1387,Male,1992-08-17,Active,Springfield,LA,37853,US,2023-01-05 02:14:19,2024-12-30,True
1734,Female,1945-08-19,Inactive,Longueuil,QC,,CA,2019-04-15 04:55:09,2020-07-12,False
1822,Male,1984-06-30,Active,Macon,GA,99235,US,2016-07-04 02:39:38,2025-04-01,True
2022,Female,1982-11-28,Active,Chester,SC,19529,US,2016-10-04 23:15:57,2025-12-13,True
2192,Female,2006-02-19,Active,Clinton,IN,62710,US,2020-02-20 14:20:30,2025-04-10,True
2507,Other,1973-12-12,Active,Georgetown,NM,65129,US,2024-09-05 17:17:29,2025-07-13,True
3577,Male,1989-11-10,Blocked,Madison,NE,28450,US,2016-01-08 06:12:58,2022-11-04,False
3678,Male,1958-06-24,Active,Clinton,WV,35539,US,2017-07-15 22:08:12,2025-04-18,True
3782,Male,2004-10-11,Active,Chester,NT,,CA,2025-05-12 13:47:28,2025-08-01,True
3834,Male,1945-11-01,Active,Salem,NS,,CA,2025-04-20 14:30:02,2025-08-27,True
3888,Male,1954-02-22,Active,Clinton,IA,19862,US,2019-05-18 18:00:45,2025-07-27,True
4292,Male,1998-10-29,Inactive,Salem,WV,27431,US,2023-07-01 23:21:08,2023-07-05,False
4603,Male,1998-03-09,Active,Franklin,SC,44189,US,2017-10-14 02:36:47,2025-03-18,True
4681,Female,1948-03-01,Active,Franklin,MB,,CA,2022-05-30 11:41:22,2025-08-24,True
4769,Female,1949-06-24,Active,Madison,NM,32904,US,2019-05-04 00:40:24,2025-03-12,True
4826,Male,1998-10-17,Active,Dallas,TX,16880,US,2021-12-21 14:14:15,2025-04-16,True
5013,Female,1980-12-03,Blocked,Chester,ME,78912,US,2020-05-23 16:20:48,2020-09-03,False
5128,Male,1982-11-07,Active,Longueuil,QC,,CA,2021-11-08 09:44:08,2025-05-12,True
5360,Male,1942-08-28,Active,Springfield,ID,24370,US,2024-10-07 23:52:54,2025-07-25,True
5642,Prefer Not To Say,1951-08-05,Active,Grand Rapids,MI,53631,US,2015-11-29 10:27:34,2025-10-04,True
5650,Female,1992-12-09,Active,Springfield,SK,,CA,2021-04-14 18:42:14,2025-02-11,True
5875,Female,1954-01-23,Active,Clinton,ME,11578,US,2025-10-15 22:27:50,2025-12-16,True
6071,Male,2006-05-11,Active,Dallas,TX,86676,US,2024-10-06 12:49:40,2025-07-16,True
6231,Male,1998-07-30,Active,Georgetown,DE,59961,US,2017-03-31 14:16:35,2025-02-16,True
6402,Other,1944-01-04,Active,Medicine Hat,AB,,CA,2016-12-29 00:21:58,2025-01-09,True
6513,Male,1995-09-28,Active,Syracuse,NY,43258,US,2022-08-05 10:54:19,2025-03-20,True
6658,Other,1976-05-14,Active,Fairview,NB,,CA,2017-01-09 12:00:35,2025-03-21,True
6718,Female,1997-06-15,Active,Reno,NV,35338,US,2021-11-06 04:48:09,2025-09-30,True
6887,Prefer Not To Say,1993-03-03,Inactive,Clinton,SC,67582,US,2018-08-10 06:35:07,2021-05-02,False
7073,Female,1959-05-29,Active,Madison,SC,64487,US,2019-01-20 17:13:47,2025-05-15,True
7191,Female,1958-11-11,Active,Riverside,VT,56384,US,2019-03-03 21:34:51,2025-12-22,True
7207,Male,1966-12-19,Inactive,Fairview,IN,13534,US,2015-03-05 17:48:18,2022-05-10,False
7496,Female,1959-11-27,Active,Franklin,NJ,44355,US,2023-01-18 17:14:41,2025-03-19,True
7804,Female,1980-12-13,Active,Lowell,MA,92339,US,2020-04-28 07:47:38,2025-02-28,True
8365,Prefer Not To Say,1964-01-13,Active,Fort Worth,TX,55781,US,2019-09-02 03:46:54,2025-12-07,True
8457,Female,1969-11-18,Active,Tampa,FL,18253,US,2017-06-08 21:23:50,2025-05-31,True
8766,Female,1952-03-10,Active,Franklin,MO,12662,US,2016-09-24 15:02:26,2025-06-15,True
9611,Male,1948-11-20,Inactive,Cleveland,OH,66732,US,2015-10-25 21:40:49,2018-05-15,False
9863,Female,1996-06-04,Active,Clinton,MT,47716,US,2015-05-17 17:05:41,2025-05-30,True
520,Male,1964-02-13,Active,Springfield,KY,10535,US,2025-01-06 12:06:08,2025-11-03,True
794,Male,1957-05-02,Active,Tucson,AZ,14040,US,2018-10-26 12:24:01,2025-12-22,True
1020,Male,1977-02-19,Active,Bristol,OK,26973,US,2017-12-06 03:38:39,2025-06-08,True
1055,Female,1943-05-05,Active,Clinton,ND,92034,US,2025-01-26 23:03:03,2025-02-27,True
1492,Male,1943-12-20,Active,Georgetown,IA,79438,US,2016-02-23 06:50:32,2025-02-14,True
2106,Male,1959-10-07,Active,Macon,GA,97979,US,2017-07-20 17:16:14,2024-12-28,True
2567,Male,1983-02-22,Active,Madison,YT,,CA,2016-06-07 08:34:49,2025-05-17,True
2694,Female,1989-10-06,Active,Georgetown,KS,96090,US,2024-07-01 02:18:49,2025-07-14,True
2989,Female,1997-07-07,Closed,Springfield,NM,77939,US,2015-06-05 19:20:29,2016-07-29,False
3041,Female,1977-08-31,Blocked,Orlando,FL,25024,US,2021-01-22 09:16:29,2021-11-24,False
3111,Male,1972-11-12,Active,Tucson,AZ,73457,US,2021-01-27 06:08:17,2025-04-27,True
3643,Female,1985-02-15,Active,Fairview,AR,,US,2018-12-12 09:04:14,2025-01-04,True
4306,Female,1996-03-26,Active,Springfield,VT,61013,US,2023-05-27 09:31:52,2025-08-20,True
4355,Female,1970-02-01,Active,Detroit,MI,86373,US,2018-04-11 03:35:17,2025-06-07,True
4474,Other,1950-03-29,Active,Riverside,KY,90559,US,2020-05-03 11:36:23,2025-03-24,True
4555,Female,1992-06-14,Inactive,Springfield,LA,26119,US,2024-10-31 07:52:50,2025-08-17,False
4622,Female,1953-10-28,Closed,Georgetown,AR,66303,US,2020-08-23 04:53:13,2024-10-30,False
4746,Other,1981-07-15,Active,Georgetown,SC,55076,US,2020-08-29 01:52:29,2025-09-27,True
4757,Female,2003-04-22,Active,Longueuil,QC,,CA,2024-10-27 10:35:43,2025-04-23,True
4915,Female,1950-09-19,Active,Boulder,CO,48359,US,2022-10-16 05:48:36,2025-04-07,True
4921,Male,1994-05-19,Active,Georgetown,PE,,CA,2020-12-09 02:18:17,2025-09-26,True
5309,Male,1961-09-18,Active,Chandler,AZ,67456,US,2024-10-03 21:09:46,2025-07-30,True
5342,Male,1972-06-16,Inactive,Tacoma,WA,19318,US,2015-04-02 02:48:56,2019-01-07,False
5581,Female,2004-11-22,Active,Worcester,MA,53790,US,2020-02-07 18:15:35,2025-01-26,True
5608,Prefer Not To Say,1999-05-25,Active,Durham,NC,93693,US,2015-08-20 23:01:42,2025-06-23,True
5794,Male,1983-10-15,Inactive,Bristol,NM,43828,US,2023-04-16 20:46:39,2025-03-05,False
5829,Male,1973-09-16,Active,Salem,NE,44991,US,2025-12-24 10:43:57,2025-12-26,True
5902,Male,2005-05-19,Active,Chandler,AZ,14960,US,2020-05-06 16:12:32,2024-12-25,True
6019,Male,2006-01-19,Active,Madison,MS,57348,US,2019-07-20 14:05:08,2025-06-27,True
6164,Female,2002-12-23,Active,Salem,MD,10808,US,2019-06-25 00:52:30,2025-03-06,True
6236,Female,1961-12-22,Active,Riverside,AR,55944,US,2024-05-14 19:42:06,2025-02-14,True
6586,Male,1953-11-06,Closed,Franklin,DE,94355,US,2025-09-27 20:02:14,2025-10-26,False
6596,Female,1986-09-09,Active,Joliet,IL,40399,US,2020-02-01 15:56:34,2025-11-23,True
7381,Male,1997-12-25,Inactive,Georgetown,NJ,99630,US,2018-04-18 00:49:38,2025-05-13,False
7405,Female,1974-05-31,Closed,Lethbridge,AB,,CA,2017-04-19 02:52:55,2019-02-03,False
7864,Male,1970-11-05,Inactive,Chester,MB,,CA,2016-12-17 04:11:15,2025-01-26,False
8077,Male,1963-06-17,Active,Georgetown,IN,68425,US,2017-08-05 00:14:31,2025-09-03,True
8217,Male,1941-08-31,Active,Franklin,AR,50398,US,2022-02-13 22:46:58,2025-02-04,True
8453,Male,1953-12-16,Active,Riverside,NU,,CA,2024-10-20 03:01:22,2025-11-07,True
9141,Male,1972-08-03,Blocked,Buffalo,NY,31838,US,2025-05-25 04:04:48,2025-09-06,False
9445,Female,1994-10-03,Active,Rockford,IL,81570,US,2018-07-29 04:26:59,2025-09-11,True
9677,Female,1981-05-10,Active,Bristol,AK,99610,US,2015-06-02 14:15:35,2025-03-13,True
9761,Other,1947-06-07,Active,Bristol,NJ,48909,US,2021-10-19 06:27:22,2025-03-30,True
260,Male,1956-03-25,Active,Madison,MO,,US,2023-11-05 00:13:40,2025-06-16,True
337,Female,1959-02-19,Blocked,Springfield,YT,,CA,2017-05-14 04:21:43,2024-10-02,False
345,Female,1978-02-16,Active,Bristol,LA,61196,US,2016-03-28 09:09:18,2025-08-03,True
526,Male,2003-10-27,Closed,Toronto,ON,,CA,2016-11-02 12:25:11,2023-06-17,False
541,Female,1992-11-14,Active,Sacramento,CA,22606,US,2015-04-18 13:50:06,2025-06-07,True
649,Female,1997-06-22,Active,Madison,WY,73689,US,2016-11-10 16:56:58,2025-12-19,True
772,Male,1974-04-21,Active,Riverside,WV,13396,US,2021-07-14 10:21:06,2025-09-15,True
1304,Female,1988-08-29,Active,Chester,TN,85015,US,2017-04-06 05:32:25,2025-12-06,True
1561,Female,2005-12-02,Closed,Springfield,OK,95071,US,2021-11-26 22:44:14,2024-02-16,False
1786,Female,1960-09-10,Active,Bristol,SD,97409,US,2025-08-01 02:30:40,2025-12-18,True
2480,Male,1968-05-08,Active,Durham,NC,64766,US,2023-03-24 13:56:25,2025-07-24,True
2621,Male,1971-08-08,Active,Franklin,KY,73562,US,2017-07-14 06:27:21,2025-03-21,True
2831,Female,1946-09-17,Active,Madison,MN,15085,US,2016-07-29 06:00:17,2025-05-03,True
2919,Male,1975-01-18,Closed,Madison,OK,91607,US,2018-08-05 16:49:03,2020-08-18,False
2984,Female,1990-09-28,Active,Colorado Springs,CO,78338,US,2015-02-15 13:07:17,2025-01-04,True
3002,Other,1966-01-23,Active,Georgetown,WI,44492,US,2021-02-27 20:31:09,2025-07-11,True
3671,Male,1965-01-07,Active,Chester,NT,,CA,2019-06-20 22:22:01,2025-02-22,True
4273,Female,1990-08-08,Active,Montreal,QC,,CA,2020-03-20 22:20:05,2025-06-08,True
5387,Male,1989-04-18,Inactive,Clinton,NH,64305,US,2024-02-02 12:31:00,2024-08-01,False
5789,Male,1958-11-29,Active,Springfield,LA,74015,US,2022-01-19 02:11:59,2025-04-22,True
5883,Female,1943-09-09,Inactive,San Antonio,TX,31849,US,2021-08-01 16:31:34,2025-02-22,False
6193,Male,1993-08-26,Active,Madison,HI,46451,US,2025-09-14 06:28:05,2025-11-07,True
6262,Prefer Not To Say,1955-08-07,Active,Orlando,FL,88006,US,2016-09-20 09:08:54,2025-01-10,True
6728,Female,1947-01-06,Active,Franklin,WI,73262,US,2024-09-08 03:50:34,2025-10-27,True
6902,Female,1962-11-02,Closed,San Jose,CA,90611,US,2025-02-08 06:35:48,2025-05-06,False
6905,Male,1968-10-29,Active,Salem,NJ,73796,US,2018-05-19 02:07:17,2025-11-08,True
7096,Female,1970-09-18,Inactive,Salem,WY,22551,US,2017-12-12 09:16:31,2021-03-25,False
7404,Female,1983-04-29,Active,Albany,NY,62472,US,2020-10-08 06:14:17,2025-01-01,True
7425,Male,1959-06-27,Active,Georgetown,WY,71188,US,2023-02-16 03:05:07,2025-08-28,True
7660,Male,1963-06-01,Inactive,Georgetown,ND,30633,US,2019-12-04 14:28:44,2024-08-10,False
7736,Other,1967-09-05,Active,Riverside,CT,48262,US,2017-03-06 17:33:50,2025-03-01,True
7993,Other,1975-12-01,Active,Chester,NJ,96740,US,2022-02-21 15:29:04,2025-04-14,True
8031,Male,1959-03-17,Active,Madison,VT,21362,US,2021-12-08 15:36:05,2025-03-16,True
8161,Male,1968-05-08,Active,Riverside,SK,,CA,2016-04-15 18:50:28,2025-02-11,True
8395,Female,1994-03-13,Active,Springfield,DE,17179,US,2016-02-27 08:20:52,2025-02-07,True
8470,Male,1977-01-15,Inactive,Georgetown,KY,69257,US,2016-01-25 06:16:23,2019-02-04,False
8592,Female,1988-07-20,Active,Longueuil,QC,,CA,2024-10-03 20:13:41,2025-02-20,True
8692,Female,1948-09-23,Closed,Bristol,ME,84776,US,2019-10-09 21:04:26,2020-04-13,False
8895,Prefer Not To Say,1982-08-03,Closed,Bristol,MD,66807,US,2021-02-16 10:37:21,2023-06-25,False
9016,Male,1952-07-15,Active,Springfield,CT,69283,US,2019-01-02 18:15:55,2025-10-18,True
9750,Male,1970-10-20,Closed,Madison,HI,30157,US,2019-05-31 19:43:55,2023-07-19,False
9815,Female,1984-02-05,Blocked,Franklin,HI,13050,US,2021-07-08 11:48:19,2022-03-18,False
308,Female,1985-05-08,Active,Montreal,QC,,CA,2018-11-10 23:03:39,2025-05-19,True
539,Male,2001-02-24,Inactive,Franklin,VT,60285,US,2020-04-23 20:57:55,2023-01-12,False
558,Male,1997-10-17,Active,Chester,TN,58186,US,2019-10-18 06:21:15,2025-10-16,True
695,Female,1985-04-04,Active,Riverside,SC,85511,US,2017-02-02 04:33:54,2025-07-11,True
725,Male,1944-02-18,Active,Reading,PA,60063,US,2020-05-23 09:45:57,2025-11-12,True
967,Male,1992-05-29,Active,Bristol,NU,,CA,2015-06-05 02:00:08,2025-06-01,True
1030,Prefer Not To Say,1969-09-06,Active,Jacksonville,FL,17170,US,2024-05-20 15:04:58,2025-11-03,True
1711,Female,2003-12-23,Inactive,Madison,NS,,CA,2022-04-22 12:04:47,2025-11-01,False
1795,Female,1998-10-26,Active,Clinton,OR,88349,US,2016-09-30 22:35:26,2025-03-26,True
1910,Female,1979-01-26,Inactive,Bristol,RI,92647,US,2015-09-29 03:31:18,2022-09-25,False
1990,Male,2003-01-28,Active,Fairview,AK,55219,US,2024-10-29 05:53:38,2025-06-18,True
2128,Male,1954-02-15,Active,Georgetown,MB,,CA,2019-10-09 10:48:58,2025-09-03,True
2264,Male,1952-06-02,Active,Fairview,ID,76134,US,2021-03-09 16:06:57,2025-01-28,True
2413,Male,2003-12-08,Inactive,San Antonio,TX,80172,US,2025-06-09 10:42:02,2025-11-07,False
2712,Female,1983-03-16,Active,Springfield,MS,73221,US,2021-01-22 05:36:04,2025-12-24,True
2958,Other,1987-07-07,Active,Aurora,IL,88965,US,2024-09-13 10:15:02,2025-02-14,True
3242,Prefer Not To Say,1952-10-20,Active,Franklin,ID,41842,US,2020-05-30 14:35:36,2025-04-10,True
4075,Female,1951-09-09,Active,Clinton,NU,,CA,2024-05-15 12:19:08,2025-08-07,True
4102,Male,1984-09-13,Active,Sacramento,CA,73575,US,2015-11-17 02:18:19,2025-07-20,True
4790,Male,1994-03-12,Closed,Seattle,WA,98156,US,2021-06-17 08:45:50,2022-07-02,False
4816,Other,1998-12-31,Active,Colorado Springs,CO,22987,US,2025-01-01 14:50:20,2025-11-16,True
4846,Male,1975-10-23,Active,Scottsdale,AZ,18606,US,2022-11-26 10:28:01,2025-04-02,True
4903,Female,1960-06-14,Active,Salem,ID,52724,US,2023-06-30 17:23:12,2025-08-15,True
5075,Male,1971-10-18,Active,Madison,NT,,CA,2016-04-22 01:26:38,2025-02-10,True
5080,Male,1991-01-26,Inactive,Las Vegas,NV,27805,US,2020-10-21 09:10:55,2025-09-15,False
5135,Other,1968-02-05,Active,Denver,CO,97782,US,2017-04-18 10:36:11,2025-09-15,True
5353,Other,2002-07-19,Blocked,Riverside,SC,58674,US,2017-06-12 02:19:03,2024-11-20,False
5684,Prefer Not To Say,2007-10-07,Closed,Salem,MO,79002,US,2025-03-14 11:50:41,2025-10-16,False
5814,Male,1978-01-17,Active,Salem,AL,63754,US,2023-10-21 08:45:33,2025-01-02,True
5868,Male,1944-07-07,Active,Riverside,MO,51821,US,2022-05-04 16:44:52,2025-01-28,True
6002,Female,1963-10-17,Active,Madison,WI,40771,US,2017-10-01 13:53:23,2025-05-24,True
6271,Male,2002-02-07,Inactive,Fairview,SD,47552,US,2021-10-10 02:51:49,2025-07-04,False
6275,Male,1945-02-08,Active,Scottsdale,AZ,24126,US,2025-05-11 13:43:09,2025-10-31,True
6462,Male,1994-01-30,Active,Chester,MO,47840,US,2020-05-31 02:16:27,2025-11-23,True
6716,Female,1979-01-29,Active,Bristol,NS,,CA,2024-05-05 02:45:47,2025-07-26,True
7021,Male,1961-08-03,Active,Franklin,OK,97698,US,2016-09-06 20:32:31,2024-12-25,True
7332,Male,1977-05-27,Blocked,Chester,HI,97692,US,2016-05-27 17:02:53,2017-11-30,False
7535,Male,1988-07-27,Active,Riverside,OR,72866,US,2020-06-18 12:01:30,2025-11-25,True
7896,Female,1972-08-06,Active,Chester,WI,69390,US,2017-08-16 23:06:29,2025-06-11,True
7987,Male,1971-07-30,Active,Aurora,CO,94578,US,2019-02-10 06:41:21,2025-03-19,True
8409,Prefer Not To Say,1995-12-23,Active,Madison,MT,54304,US,2024-06-02 06:56:30,2025-11-20,True
8471,Female,1948-01-27,Closed,Burnaby,BC,,CA,2021-10-10 22:24:11,2022-11-13,False
8622,Female,1995-07-03,Active,Bristol,MN,73598,US,2016-06-10 06:20:58,2025-08-27,True
9466,Female,1954-02-03,Active,San Diego,CA,56401,US,2018-05-21 04:11:31,2025-12-23,True
9507,Female,1958-09-16,Active,Riverside,SK,,CA,2015-11-30 03:25:25,2025-01-23,True
9618,Female,1948-12-28,Active,Aurora,CO,32949,US,2015-05-03 09:12:52,2025-07-10,True
9719,Prefer Not To Say,1994-07-01,Inactive,Chester,NM,56089,US,2025-12-02 08:38:03,2025-12-08,False
9859,Female,1984-04-05,Active,Springfield,SK,,CA,2023-08-14 20:00:47,2025-05-03,True
75,Female,1984-08-08,Active,Springfield,NS,,CA,2021-06-01 19:30:02,2025-09-28,True
167,Female,1950-06-25,Active,Salem,ND,87101,US,2018-09-04 16:37:12,2025-06-24,True
487,Female,1996-11-08,Closed,Franklin,MT,65515,US,2023-12-08 03:37:08,2024-06-10,False
674,Prefer Not To Say,1978-11-05,Closed,Springfield,VT,94768,US,2025-12-11 18:35:03,2025-12-16,False
748,Female,1964-11-09,Active,Georgetown,MT,70342,US,2023-10-30 10:20:37,2025-06-11,True
819,Male,1999-07-28,Inactive,Riverside,HI,92808,US,2025-07-30 09:13:17,2025-10-12,False
833,Male,1947-09-26,Closed,Salem,WI,85986,US,2020-09-23 04:23:25,2024-02-18,False
944,Female,1996-11-15,Active,Lethbridge,AB,,CA,2023-05-15 22:07:56,2025-03-29,True
1324,Prefer Not To Say,1976-10-16,Blocked,Bristol,MB,,CA,2016-04-12 14:17:03,2018-11-04,False
1465,Male,1988-03-31,Active,Georgetown,AK,38860,US,2015-12-15 22:50:28,2025-05-03,True
1925,Female,1947-09-27,Inactive,Clinton,VT,66151,US,2018-07-07 17:44:22,2020-11-20,False
1993,Female,1971-02-20,Active,Worcester,MA,33801,US,2025-09-24 16:32:30,2025-11-25,True
2052,Male,1948-05-03,Closed,Salem,AL,73516,US,2023-03-25 10:59:49,2023-07-29,False
2193,Male,1997-09-03,Active,Franklin,UT,33697,US,2021-02-20 14:09:13,2025-12-14,True
2495,Male,1960-12-08,Active,Houston,TX,79325,US,2023-08-18 14:03:58,2025-01-14,True
2671,Female,1952-08-20,Active,Georgetown,NM,59939,US,2017-02-27 13:45:38,2025-06-15,True
3469,Female,1944-06-13,Active,Chester,ID,29068,US,2021-04-28 17:08:36,2025-10-01,True
3498,Male,1971-11-23,Blocked,Riverside,PE,,CA,2022-10-05 23:57:51,2023-03-27,False
3543,Male,1995-02-08,Active,Lowell,MA,23547,US,2020-06-09 10:07:34,2025-09-17,True
3915,Other,1975-09-10,Inactive,Franklin,TN,47529,US,2017-12-17 18:44:53,2018-09-05,False
4165,Male,1965-12-24,Active,Salem,NU,,CA,2022-02-09 03:18:47,2025-08-25,True
5012,Female,1976-02-25,Active,Bristol,NE,30641,US,2015-08-07 14:47:59,2025-04-19,True
5109,Female,2005-12-19,Inactive,Springfield,NE,30631,US,2022-07-03 01:15:40,2025-10-08,False
5702,Male,1978-11-12,Active,Riverside,MO,32357,US,2023-01-31 18:25:42,2025-03-11,True
5706,Male,1985-10-23,Active,Bristol,MN,65703,US,2019-08-14 23:13:20,2025-03-24,True
6419,Female,2003-07-20,Closed,Chester,MD,41014,US,2022-12-05 22:57:47,2024-08-08,False
6453,Male,1991-07-04,Active,Clinton,OR,16555,US,2017-07-03 20:16:58,2025-03-26,True
7185,Female,1943-07-28,Inactive,Victoria,BC,,CA,2015-07-31 06:09:29,2024-01-10,False
7291,Female,1992-11-07,Active,Springfield,DE,99537,US,2021-08-17 11:13:51,2025-03-11,True
7310,Female,1984-11-29,Active,Riverside,NH,29084,US,2023-05-06 09:05:28,2025-01-06,True
7775,Male,1982-01-01,Active,Franklin,NS,,CA,2020-03-18 16:33:00,2025-03-20,True
7831,Male,1951-02-20,Active,Madison,MS,65489,US,2021-10-07 07:54:20,2025-06-26,True
8160,Male,1992-05-26,Blocked,Sparks,NV,37845,US,2015-12-01 17:29:56,2018-08-16,False
8258,Female,1957-12-22,Active,Las Vegas,NV,79136,US,2021-01-20 13:25:03,2025-02-14,True
9498,Male,2008-04-09,Active,Georgetown,WY,82314,US,2023-10-13 15:00:22,2025-03-27,True
9508,Male,2002-02-23,Active,Georgetown,MS,63363,US,2019-07-27 23:40:42,2025-09-15,True
9515,Female,1968-12-01,Active,Riverside,NH,71524,US,2024-04-15 00:06:06,2025-08-25,True
9524,Female,1981-02-26,Active,Vancouver,WA,20690,US,2023-04-09 07:32:15,2025-03-06,True
9698,Male,1972-01-21,Active,Georgetown,NH,84389,US,2019-01-31 23:52:39,2025-06-20,True
5,Male,1992-04-08,Active,Salem,AR,54473,US,2021-06-18 15:15:50,2025-04-27,True
114,Female,1999-07-22,Active,Naperville,IL,55157,US,2021-05-29 06:35:39,2025-03-31,True
304,Female,1949-09-30,Active,Bristol,AK,98049,US,2023-06-23 01:08:56,2025-06-12,True
643,Female,1963-06-03,Active,Bristol,VT,51164,US,2024-03-22 23:56:22,2025-12-15,True
690,Female,1941-11-25,Active,Franklin,NS,,CA,2023-04-06 22:11:37,2025-09-14,True
797,Female,1975-02-13,Active,San Antonio,TX,62363,US,2019-05-19 00:18:20,2025-05-25,True
903,Male,1946-06-15,Active,Franklin,MT,90626,US,2020-12-08 09:02:04,2025-07-13,True
1011,Female,1976-04-07,Active,Detroit,MI,23644,US,2025-09-08 14:22:21,2025-11-22,True
1195,Female,1982-10-20,Active,Cincinnati,OH,36804,US,2024-12-29 15:58:23,2025-05-24,True
1571,Female,2000-05-19,Blocked,Chester,OK,12810,US,2023-05-10 12:59:19,2023-09-14,False
2103,Female,1955-06-21,Active,Clinton,MN,80951,US,2021-10-03 20:47:44,2025-06-15,True
2275,Female,1986-05-05,Active,Georgetown,AK,86726,US,2025-07-13 10:37:45,2025-12-23,True
2412,Male,1960-06-12,Inactive,Madison,MD,30081,US,2023-12-29 18:08:43,2024-01-31,False
2472,Female,1949-08-02,Active,Salem,RI,18108,US,2015-05-08 23:05:48,2025-08-11,True
2693,Female,1959-11-28,Active,Fairview,KY,67416,US,2024-02-20 05:16:24,2025-03-09,True
2765,Male,1999-08-06,Active,Chester,KS,20683,US,2019-03-01 06:07:24,2025-02-21,True
2788,Female,1981-06-17,Active,Salem,WV,93043,US,2019-08-25 19:11:51,2025-10-31,True
2848,Male,1946-01-25,Closed,Clinton,ID,71631,US,2019-10-23 09:15:51,2020-06-25,False
2970,Female,2002-11-06,Active,Franklin,SD,31687,US,2017-05-21 05:35:46,2025-08-23,True
2991,Male,1963-01-17,Closed,Franklin,NU,,CA,2021-04-30 07:06:11,2021-08-14,False
3155,Prefer Not To Say,1979-01-14,Inactive,Clinton,NH,78399,US,2023-02-25 05:41:29,2023-12-23,False
3502,Female,1984-12-07,Closed,Vancouver,BC,,CA,2020-03-11 23:32:28,2023-08-13,False
3829,Male,1989-02-05,Active,Clinton,NB,,CA,2023-07-10 22:28:34,2025-01-18,True
3925,Female,1996-11-01,Active,Miami,FL,49714,US,2023-02-12 01:06:25,2025-03-13,True
4061,Male,1941-12-04,Active,San Jose,CA,11161,US,2022-06-10 17:22:00,2025-03-13,True
4123,Female,1946-10-22,Active,Franklin,NE,81609,US,2017-04-22 22:47:25,2025-05-15,True
4128,Female,1975-02-24,Active,Clinton,RI,78668,US,2023-12-12 18:28:06,2025-08-14,True
4213,Male,1973-09-14,Closed,Chester,WV,12199,US,2024-02-05 23:15:04,2024-05-18,False
4687,Male,1973-10-26,Active,Bristol,ND,91859,US,2024-02-23 11:47:02,2025-07-15,True
5220,Male,1996-03-30,Active,Georgetown,WV,65969,US,2016-01-10 23:14:14,2025-04-13,True
5317,Male,2001-08-18,Active,Detroit,MI,80250,US,2019-11-04 16:27:14,2025-09-03,True
5385,Female,1942-07-15,Active,Buffalo,NY,32678,US,2015-01-24 00:55:56,2025-08-09,True
6049,Male,1954-10-24,Active,Madison,SK,,CA,2015-02-26 16:08:21,2025-07-18,True
6230,Female,2004-02-27,Active,Springfield,KS,91903,US,2020-02-27 09:30:34,2025-11-25,True
6447,Male,1965-05-28,Active,Fairview,LA,92607,US,2015-07-30 04:30:22,2025-07-15,True
6448,Prefer Not To Say,1998-07-06,Active,Sterling Heights,MI,13022,US,2022-03-25 00:44:45,2025-03-24,True
6659,Male,1953-11-03,Inactive,Vancouver,BC,,CA,2023-02-05 15:38:54,2023-12-03,False
6926,Male,1961-10-04,Active,Madison,MS,70905,US,2024-01-11 16:43:34,2025-09-12,True
7284,Male,1999-08-26,Inactive,Madison,KS,58957,US,2019-02-16 07:22:14,2024-02-24,False
7296,Female,1950-01-06,Active,Madison,NB,,CA,2020-04-01 13:56:04,2025-05-15,True
7304,Male,1980-11-28,Active,Springfield,AL,82099,US,2021-03-10 22:28:59,2025-01-27,True
7333,Prefer Not To Say,1951-10-31,Active,Salem,IA,30764,US,2018-11-23 16:44:50,2025-06-05,True
7904,Male,1986-09-14,Active,Madison,UT,39900,US,2015-07-12 19:19:31,2025-06-25,True
8244,Female,1966-12-24,Closed,Springfield,MA,96624,US,2022-09-12 08:40:48,2022-12-15,False
8265,Male,2007-02-20,Active,Franklin,OK,38938,US,2025-09-08 22:00:04,2025-12-07,True
8305,Male,1961-04-09,Inactive,Clinton,WY,15615,US,2024-10-21 23:02:23,2024-11-14,False
8393,Female,1946-11-29,Active,Springfield,MO,73364,US,2019-05-23 15:09:14,2025-04-02,True
8954,Male,1961-12-17,Active,Henderson,NV,68035,US,2019-08-11 00:43:04,2025-08-29,True
8978,Female,1999-03-05,Active,Surrey,BC,,CA,2025-10-18 01:55:49,2025-12-20,True
9057,Female,1965-02-24,Blocked,Springfield,HI,91619,US,2016-01-28 06:48:05,2020-06-26,False
9081,Female,1982-02-16,Active,Georgetown,NE,98434,US,2022-04-04 20:42:43,2025-06-20,True
9156,Prefer Not To Say,1973-08-23,Blocked,Madison,ND,41294,US,2015-07-31 06:21:46,2020-05-24,False
9472,Male,1989-10-01,Closed,Salem,NJ,19561,US,2023-12-05 18:05:20,2025-01-21,False
9633,Male,1968-03-17,Active,Raleigh,NC,68948,US,2018-01-13 01:02:07,2024-12-30,True
9649,Female,2003-12-23,Active,Columbus,OH,48837,US,2018-08-02 22:22:38,2025-10-17,True
9854,Male,1963-01-20,Active,Seattle,WA,60614,US,2023-12-17 05:20:26,2025-05-01,True
134,Male,2003-02-03,Closed,Clinton,OK,35153,US,2016-07-03 19:11:45,2022-02-10,False
141,Female,1977-01-26,Active,Houston,TX,77081,US,2021-12-04 07:28:22,2025-11-07,True
190,Other,1960-02-10,Active,Victoria,BC,,CA,2017-01-30 06:03:47,2025-09-22,True
245,Female,1943-11-01,Closed,Chester,WY,86216,US,2016-10-18 11:02:18,2018-06-25,False
463,Male,1962-04-02,Active,Buffalo,NY,27899,US,2019-05-21 13:46:08,2025-11-20,True
485,Female,1972-04-21,Active,Richmond,BC,,CA,2025-09-25 06:15:13,2025-12-02,True
780,Male,1982-08-23,Inactive,Springfield,ME,53332,US,2019-02-13 19:05:57,2024-06-10,False
995,Male,2002-08-18,Closed,Chandler,AZ,34318,US,2017-06-13 02:50:12,2020-07-13,False
1355,Male,1991-11-27,Active,Bristol,OR,25825,US,2017-06-17 11:22:07,2025-05-25,True
1562,Female,1994-05-20,Active,Clinton,AK,66599,US,2017-08-11 21:46:04,2025-01-16,True
1921,Female,2000-09-04,Active,Clinton,SC,87199,US,2018-12-12 17:15:07,2025-09-12,True
1934,Male,2005-12-18,Active,Seattle,WA,53658,US,2019-08-16 18:40:28,2025-07-22,True
2139,Female,1992-08-30,Closed,Bristol,ME,53000,US,2025-06-07 15:06:45,2025-10-06,False
2238,Female,1944-12-26,Active,Franklin,NL,,CA,2015-05-26 03:30:40,2025-03-07,True
2304,Female,1945-10-08,Inactive,Georgetown,AL,59491,US,2021-10-11 03:55:43,2024-10-27,False
2496,Male,1945-08-19,Inactive,Fairview,VT,15422,US,2017-04-11 19:00:30,2024-06-17,False
2883,Prefer Not To Say,1980-03-12,Active,Clinton,AK,22447,US,2024-04-02 17:32:52,2025-10-06,True
2884,Female,2001-10-28,Active,Madison,WY,89148,US,2025-01-23 12:42:53,2025-05-16,True
3014,Female,1965-12-04,Active,Madison,IA,88819,US,2022-10-07 05:40:53,2025-08-10,True
3166,Male,1942-04-23,Active,Clinton,HI,90844,US,2019-11-15 18:40:02,2025-03-28,True
3486,Female,1941-05-19,Closed,Tacoma,WA,17224,US,2024-05-19 14:01:08,2024-12-24,False
3798,Prefer Not To Say,1991-03-31,Active,Detroit,MI,92282,US,2024-09-01 00:23:47,2025-07-21,True
4205,Male,1997-10-25,Active,Clinton,AL,19946,US,2025-01-10 17:36:54,2025-09-05,True
4210,Other,1975-05-10,Active,Springfield,MA,59646,US,2023-01-17 01:26:15,2025-11-05,True
4257,Other,2002-09-27,Closed,Salem,UT,31876,US,2020-12-25 06:47:06,2020-12-26,False
5227,Female,1978-08-01,Active,Tacoma,WA,55931,US,2023-02-12 16:00:07,2025-04-15,True
5529,Female,1958-11-08,Inactive,Georgetown,KY,90946,US,2018-05-10 23:25:36,2022-08-08,False
5550,Female,1983-12-20,Closed,Tacoma,WA,45597,US,2024-08-17 03:41:11,2025-03-25,False
5897,Female,1947-04-24,Active,Springfield,SC,48420,US,2024-10-03 10:59:21,2025-08-02,True
6212,Male,1967-10-13,Inactive,Gatineau,QC,,CA,2025-01-02 05:59:27,2025-08-02,False
6614,Male,1947-07-02,Closed,Quebec City,QC,,CA,2017-08-05 19:20:54,2019-10-05,False
7031,Prefer Not To Say,1946-06-22,Active,Riverside,PE,,CA,2019-02-14 04:02:45,2025-12-12,True
7038,Male,1960-08-07,Inactive,Georgetown,OR,38189,US,2020-08-24 06:37:37,2024-09-13,False
7089,Male,1952-02-04,Active,Georgetown,HI,47290,US,2024-04-17 01:56:24,2025-06-03,True
7156,Male,1941-03-01,Inactive,Fairview,VA,28836,US,2018-04-11 23:19:42,2019-05-13,False
7626,Female,1979-03-31,Active,Madison,MO,63329,US,2021-02-09 10:32:32,2025-04-28,True
8371,Female,1994-01-21,Active,Worcester,MA,99122,US,2025-02-21 03:39:40,2025-04-08,True
8514,Prefer Not To Say,1989-03-05,Active,Reading,PA,88872,US,2023-06-08 23:08:22,2025-06-20,True
8531,Female,1983-12-26,Active,Bristol,VT,96744,US,2023-08-04 23:47:12,2025-02-20,True
8959,Male,1983-10-30,Inactive,Tucson,AZ,24209,US,2018-02-16 00:33:32,2021-08-04,False
9242,Male,1947-01-08,Active,Columbus,OH,93887,US,2018-08-27 12:33:31,2025-11-29,True
9261,Other,1977-09-22,Active,Madison,AR,78292,US,2016-02-04 07:58:52,2025-07-16,True
9337,Female,1997-08-21,Blocked,Salem,NJ,75819,US,2017-02-15 16:07:27,2024-09-25,False
9459,Male,1966-08-03,Active,Atlanta,GA,76622,US,2018-07-21 14:30:08,2025-02-15,True
9615,Male,1970-11-23,Active,Springfield,MO,83511,US,2018-05-28 05:43:01,2025-02-11,True
9623,Female,1955-08-27,Inactive,Madison,HI,57393,US,2023-06-18 22:00:28,2025-11-25,False
9836,Male,1964-02-17,Closed,Springfield,SC,27873,US,2023-11-18 11:56:49,2025-04-07,False
54,Female,1961-04-20,Active,Reno,NV,84167,US,2018-05-13 21:52:54,2025-11-14,True
105,Other,1949-01-27,Active,Bristol,WI,49270,US,2019-12-15 09:23:26,2025-08-13,True
124,Female,1951-03-03,Active,Toledo,OH,62535,US,2018-12-10 15:29:54,2025-09-29,True
318,Male,1957-12-08,Inactive,Salem,WI,49696,US,2023-01-12 00:57:50,2025-11-10,False
380,Female,1994-02-05,Active,Erie,PA,12239,US,2017-03-04 22:54:23,2025-06-29,True
740,Female,1987-05-09,Inactive,Chester,KS,23759,US,2019-01-10 14:48:52,2024-06-21,False
884,Female,1973-01-19,Active,Madison,ND,75383,US,2025-08-29 04:34:54,2025-10-29,True
1022,Male,1962-05-14,Active,Clinton,WY,41425,US,2018-06-08 18:10:45,2025-06-09,True
1319,Other,1959-01-30,Active,Chester,OR,57886,US,2017-03-18 18:11:12,2025-01-15,True
1358,Prefer Not To Say,1961-02-04,Active,Riverside,CT,83155,US,2024-03-18 07:27:26,2025-01-19,True
1366,Male,1968-07-11,Active,Clinton,NH,85365,US,2022-02-12 18:13:01,2025-02-11,True
1643,Male,1962-07-24,Blocked,Salem,MD,18170,US,2018-07-30 16:40:16,2022-10-08,False
2008,Female,1959-03-25,Closed,Clinton,DE,78252,US,2024-03-17 15:42:18,2024-04-27,False
2025,Male,1997-04-18,Inactive,Fairview,ME,75850,US,2019-09-09 06:06:30,2024-04-01,False
2068,Male,1989-10-23,Closed,Franklin,NJ,35513,US,2023-01-13 19:33:23,2023-04-08,False
2216,Male,1967-10-08,Active,Fairview,WI,35238,US,2024-05-18 15:07:07,2025-10-12,True
2236,Other,1943-12-24,Active,Savannah,GA,84020,US,2022-10-17 18:39:51,2025-12-03,True
2335,Male,1941-03-23,Active,Bristol,ME,,US,2021-04-18 16:44:13,2025-02-26,True
2371,Male,1974-06-19,Inactive,Riverside,OR,63645,US,2023-09-16 19:01:52,2023-10-13,False
2681,Male,2003-01-01,Active,Fairview,RI,60477,US,2025-05-29 16:05:09,2025-07-28,True
2895,Male,1968-03-25,Active,Columbus,OH,83933,US,2022-09-11 07:17:54,2025-09-24,True
3324,Female,2006-06-21,Closed,Springfield,SK,,CA,2020-11-12 04:04:51,2022-03-31,False
3326,Male,1969-03-07,Active,Madison,VT,63214,US,2022-12-30 14:03:37,2025-10-15,True
3435,Male,2009-02-23,Active,Riverside,RI,35098,US,2025-03-25 18:44:53,2025-08-27,True
3477,Male,1974-11-01,Active,Bristol,SD,30320,US,2021-11-08 06:06:21,2025-02-27,True
3519,Female,1991-07-12,Active,Warren,MI,39277,US,2020-08-30 22:30:24,2025-04-17,True
3719,Male,1966-09-19,Active,Fairview,IN,44463,US,2020-02-20 02:23:27,2025-04-28,True
3870,Male,1974-08-09,Closed,Riverside,WV,87407,US,2022-09-23 03:24:46,2022-12-05,False
4134,Female,1960-03-31,Active,Madison,NM,44932,US,2015-11-02 20:57:30,2025-08-06,True
4233,Male,1963-03-12,Active,Franklin,WV,85262,US,2015-07-12 07:29:35,2025-01-21,True
4459,Female,1978-11-05,Active,Macon,GA,14005,US,2016-06-01 05:23:53,2025-07-10,True
5279,Other,1955-03-08,Active,Georgetown,NB,,CA,2023-08-13 13:39:04,2025-11-13,True
5567,Other,1971-10-05,Active,Springfield,IN,21722,US,2024-06-28 02:13:25,2025-07-21,True
5577,Male,1970-01-27,Active,Madison,MD,35134,US,2025-03-03 07:25:10,2025-12-10,True
5729,Female,1983-02-14,Inactive,Chester,RI,70783,US,2020-08-14 12:18:53,2022-04-29,False
6159,Male,1953-03-13,Inactive,Reading,PA,40551,US,2020-12-18 07:41:08,2021-10-15,False
6856,Male,2006-10-10,Active,Franklin,AR,24966,US,2020-11-12 12:56:33,2025-12-03,True
6950,Female,1982-08-12,Closed,Chester,MD,25597,US,2023-10-02 04:30:04,2024-09-07,False
7036,Other,1971-05-19,Active,Madison,AR,27316,US,2015-04-15 01:05:07,2025-02-26,True
7442,Female,1990-09-12,Active,Warren,MI,13849,US,2022-07-30 05:07:16,2024-12-27,True
7469,Female,1950-04-26,Active,Seattle,WA,46039,US,2017-11-03 17:36:05,2025-02-25,True
7540,Male,1999-09-25,Active,Clinton,MT,86207,US,2017-08-05 10:13:10,2025-09-13,True
7761,Female,1959-07-20,Closed,Riverside,RI,55696,US,2018-09-12 08:23:41,2021-01-07,False
8180,Prefer Not To Say,1947-05-22,Inactive,Madison,LA,90302,US,2022-05-11 17:03:45,2024-06-28,False
8411,Male,1995-07-12,Active,Franklin,ND,89857,US,2015-01-12 03:47:24,2025-06-06,True
8424,Male,1974-08-14,Active,Chester,NH,10078,US,2020-11-22 21:45:27,2025-09-26,True
8499,Male,1990-05-22,Active,Rockford,IL,73021,US,2025-06-29 07:28:48,2025-10-17,True
8586,Male,1954-10-30,Inactive,Sparks,NV,35603,US,2024-01-04 23:44:47,2024-03-10,False
8632,Female,1994-08-19,Active,Fairview,VT,19299,US,2022-07-24 02:54:14,2025-10-26,True
8925,Other,1973-02-08,Blocked,Clinton,MN,43123,US,2017-10-03 05:07:15,2017-10-20,False
8927,Male,1955-10-22,Inactive,Chester,DE,84068,US,2024-12-11 15:26:19,2025-03-11,False
9468,Male,1942-02-15,Closed,Riverside,HI,60347,US,2017-07-17 23:59:44,2018-09-16,False
9696,Male,1994-09-12,Active,Fairview,ME,66069,US,2019-02-01 04:29:21,2025-05-18,True
9792,Prefer Not To Say,1952-03-21,Active,Bristol,VA,46039,US,2025-03-02 00:52:13,2025-04-23,True
341,Female,1990-07-11,Active,Madison,SK,,CA,2023-02-21 10:07:39,2025-12-09,True
453,Male,1986-06-09,Active,Riverside,ID,68349,US,2020-12-31 05:51:58,2025-03-14,True
554,Male,1946-07-21,Active,Salem,ND,39669,US,2017-09-06 06:14:42,2025-10-13,True
1526,Male,1965-10-31,Blocked,Fairview,AR,96651,US,2019-08-08 15:59:30,2024-04-19,False
1560,Male,2007-11-05,Active,Salem,UT,13976,US,2023-05-17 21:00:42,2025-08-30,True
1867,Prefer Not To Say,1963-07-27,Active,Denver,CO,68314,US,2021-09-27 04:34:25,2025-08-03,True
1880,Male,1986-01-19,Closed,Naperville,IL,97473,US,2023-08-18 08:37:43,2025-05-28,False
2014,Male,1983-01-27,Active,San Jose,CA,67975,US,2023-03-08 22:25:17,2025-02-06,True
2085,Male,2006-07-08,Active,Franklin,MO,24635,US,2022-05-22 16:33:45,2025-12-02,True
2243,Male,1941-10-24,Inactive,Georgetown,DE,58558,US,2025-09-14 17:43:21,2025-11-07,False
2419,Male,1989-10-03,Active,Salem,KS,36688,US,2023-12-10 02:12:55,2025-12-06,True
2446,Female,1964-10-30,Active,Syracuse,NY,42441,US,2025-01-15 08:06:58,2025-08-25,True
2468,Male,1970-09-15,Active,Franklin,SK,,CA,2018-09-30 01:37:42,2025-07-07,True
2705,Male,1981-12-07,Inactive,Georgetown,AK,79184,US,2019-03-07 06:58:34,2021-08-05,False
2756,Female,1994-12-18,Active,Toledo,OH,37973,US,2024-09-04 10:35:06,2025-01-07,True
2907,Male,1998-05-30,Active,Georgetown,MT,83656,US,2017-06-07 05:22:24,2025-06-03,True
3046,Female,1967-04-06,Active,Austin,TX,77401,US,2015-06-08 02:02:31,2025-09-09,True
3060,Male,2007-09-18,Active,Springfield,SD,75761,US,2023-01-31 02:13:32,2025-10-03,True
3061,Male,1962-07-08,Active,Bristol,ID,27711,US,2019-08-09 09:11:41,2025-09-03,True
3373,Female,2006-04-08,Active,Fairview,RI,76688,US,2019-11-09 16:14:07,2025-04-05,True
3515,Male,1998-07-03,Active,Clinton,CT,84818,US,2024-11-19 12:21:20,2025-01-06,True
3542,Male,1987-02-10,Active,Madison,VA,17853,US,2023-07-30 17:46:18,2025-07-25,True
3633,Other,1946-05-23,Active,Sacramento,CA,23922,US,2021-03-04 04:24:31,2025-12-07,True
3731,Male,1974-07-24,Active,Clinton,KY,38312,US,2015-04-13 22:04:12,2025-01-25,True
4299,Male,1992-08-16,Active,Franklin,LA,72548,US,2015-08-05 01:26:47,2025-07-30,True
4476,Male,1967-06-21,Active,Madison,LA,72385,US,2017-11-03 19:06:54,2025-03-17,True
4810,Male,1960-03-18,Active,Mississauga,ON,,CA,2016-09-19 19:15:39,2025-01-08,True
4904,Male,1984-04-20,Active,Chester,NS,,CA,2025-03-22 08:11:19,2025-12-10,True
5156,Female,1997-10-16,Active,Albany,NY,65415,US,2020-05-02 05:27:44,2025-06-12,True
5219,Male,1951-11-29,Active,Salem,NL,,CA,2017-04-01 01:24:44,2025-01-28,True
5444,Male,1984-10-01,Active,Toledo,OH,87925,US,2015-11-18 03:03:57,2025-11-09,True
5573,Female,1966-08-18,Active,Austin,TX,43906,US,2017-05-07 19:24:30,2025-01-31,True
5758,Male,1970-09-04,Closed,Chester,SK,,CA,2020-11-18 04:21:49,2024-12-07,False
5956,Male,1957-09-17,Inactive,Georgetown,KY,62699,US,2016-12-10 20:05:54,2023-06-19,False
6080,Male,1968-04-28,Active,Georgetown,AK,94193,US,2016-04-09 11:44:43,2025-05-21,True
6140,Male,1945-08-06,Inactive,Clinton,NU,,CA,2018-05-08 03:11:25,2025-04-02,False
6456,Male,1968-08-08,Inactive,Pittsburgh,PA,58939,US,2016-01-30 07:36:51,2018-04-12,False
6526,Female,2001-10-16,Active,Bristol,WV,33788,US,2020-09-24 12:30:56,2025-05-25,True
6587,Female,1999-11-30,Active,Cincinnati,OH,17758,US,2025-04-28 14:28:21,2025-05-31,True
6903,Female,1948-03-04,Closed,Georgetown,AR,28022,US,2025-04-11 18:51:27,2025-10-20,False
7075,Female,2001-11-16,Active,Chester,KY,48968,US,2019-12-31 00:08:24,2025-09-12,True
7180,Male,1942-08-08,Inactive,Ottawa,ON,,CA,2024-10-18 04:32:59,2025-12-17,False
7335,Prefer Not To Say,1991-11-10,Active,Riverside,VA,43459,US,2018-10-08 02:30:54,2025-10-11,True
7380,Prefer Not To Say,1949-02-06,Active,Chester,CT,17600,US,2024-07-20 00:36:27,2025-03-11,True
7398,Female,1948-06-19,Inactive,Clinton,IN,17677,US,2024-02-04 16:42:08,2024-10-12,False
7612,Female,1989-02-09,Active,Clinton,MN,86128,US,2021-03-17 18:34:54,2025-04-20,True
7693,Prefer Not To Say,1993-05-29,Blocked,Buffalo,NY,21050,US,2024-10-23 03:31:33,2025-05-11,False
7871,Female,1962-04-28,Active,Toronto,ON,,CA,2015-09-26 19:42:15,2025-08-17,True
7905,Female,1963-02-26,Active,Riverside,YT,,CA,2018-07-29 10:45:30,2025-09-29,True
8740,Male,2004-11-23,Active,Georgetown,MB,,CA,2024-11-19 00:52:27,2025-05-11,True
9118,Male,1970-02-04,Active,Madison,UT,17776,US,2018-08-29 02:05:38,2025-06-26,True
9237,Male,1985-09-20,Active,Salem,MD,54087,US,2015-01-29 08:14:02,2025-04-13,True
9368,Prefer Not To Say,1970-02-12,Blocked,Madison,PE,,CA,2016-08-15 15:30:06,2022-04-13,False
9948,Male,1994-07-11,Active,Georgetown,NJ,26939,US,2016-02-02 11:04:53,2025-01-25,True
346,Male,1968-11-14,Inactive,Bristol,MB,,CA,2023-05-16 12:01:04,2024-12-16,False
360,Male,2005-12-24,Active,Bristol,AK,43455,US,2020-05-12 01:06:42,2025-06-18,True
477,Male,2002-04-13,Blocked,Atlanta,GA,52186,US,2019-04-09 02:27:39,2020-08-05,False
686,Male,2001-04-03,Closed,Bristol,NJ,13802,US,2025-05-26 08:47:42,2025-09-14,False
1531,Male,1997-11-06,Active,Worcester,MA,71988,US,2022-07-13 11:55:02,2025-09-03,True
1823,Female,2012-03-14,Active,Atlanta,GA,21066,US,2025-05-21 02:22:13,2025-07-07,True
1902,Male,1968-10-20,Active,Macon,GA,22070,US,2017-02-23 08:39:46,2025-05-30,True
2116,Female,1994-05-14,Active,Springfield,AR,66112,US,2018-06-05 07:17:39,2025-06-10,True
2218,Prefer Not To Say,1960-07-01,Active,Fairview,IA,12080,US,2023-05-13 19:41:53,2025-10-04,True
2254,Male,1996-09-18,Active,Salem,VT,50702,US,2019-09-25 22:23:13,2025-09-24,True
2277,Prefer Not To Say,1962-04-10,Active,Cincinnati,OH,41085,US,2020-06-22 06:58:30,2025-11-20,True
2487,Female,2002-01-07,Closed,Salem,MB,,CA,2024-03-27 20:16:54,2024-06-10,False
2603,Female,1980-04-05,Active,Springfield,ND,78146,US,2022-08-16 10:54:10,2025-12-08,True
2631,Female,1983-12-07,Active,Henderson,NV,11752,US,2019-05-03 02:20:56,2025-06-15,True
2915,Female,1986-01-25,Blocked,Savannah,GA,29165,US,2017-01-01 02:33:41,2021-03-31,False
2962,Female,1957-09-21,Active,Bristol,YT,,CA,2019-07-08 11:08:28,2025-06-04,True
3081,Prefer Not To Say,1952-11-02,Active,Riverside,UT,45095,US,2015-01-11 18:40:24,2025-04-16,True
3321,Prefer Not To Say,2005-02-14,Active,Bristol,WY,95487,US,2021-06-27 01:21:46,2025-04-23,True
3536,Female,1997-07-06,Active,Clinton,RI,30481,US,2023-06-28 13:28:04,2025-06-10,True
3558,Female,1979-09-20,Inactive,Madison,TN,37726,US,2018-03-31 13:52:30,2025-10-10,False
3597,Female,1966-01-02,Active,Chicago,IL,93846,US,2025-11-03 15:51:24,2025-11-11,True
3842,Male,1954-02-26,Active,Springfield,HI,84054,US,2024-04-01 09:20:25,2025-10-05,True
4725,Female,1986-06-28,Closed,Springfield,MD,16495,US,2016-02-18 15:49:37,2016-08-17,False
4788,Male,1995-11-28,Active,Franklin,DE,94665,US,2018-05-30 01:10:40,2025-12-19,True
4807,Prefer Not To Say,1951-09-17,Inactive,Riverside,AL,84819,US,2018-11-06 13:40:59,2022-06-16,False
4808,Male,2005-05-30,Active,Georgetown,NJ,98199,US,2022-05-24 13:20:12,2025-03-13,True
5026,Female,1951-09-12,Active,Chester,NH,47647,US,2024-05-08 11:06:53,2025-08-25,True
5307,Male,1987-02-05,Closed,Springfield,MB,,CA,2016-04-11 02:09:34,2018-05-31,False
5538,Male,2004-11-29,Active,Riverside,ND,28374,US,2018-07-12 17:07:33,2025-07-30,True
5609,Male,1993-08-31,Active,Chester,NJ,13386,US,2017-07-29 00:07:59,2025-10-02,True
5666,Male,1972-07-27,Active,Georgetown,IN,45912,US,2015-07-13 10:36:03,2025-06-24,True
5717,Female,1970-08-11,Active,Franklin,KY,90087,US,2017-02-04 21:28:42,2025-01-11,True
5784,Female,1953-10-29,Active,Clinton,MO,24374,US,2019-12-25 22:11:26,2025-12-16,True
5804,Female,1992-07-24,Active,Springfield,AK,23002,US,2022-12-25 17:13:35,2025-05-21,True
6483,Female,1981-09-17,Active,Springfield,VT,49163,US,2020-07-01 04:45:57,2025-01-30,True
6560,Female,1966-04-29,Active,Reading,PA,56902,US,2021-05-25 10:38:54,2024-12-27,True
6670,Male,1952-05-17,Active,Madison,MO,95274,US,2017-04-23 22:28:38,2025-09-12,True
6869,Female,1994-08-21,Active,Springfield,NM,84820,US,2021-07-14 17:04:16,2025-01-03,True
6933,Female,1963-08-07,Active,Chester,NS,,CA,2023-06-06 05:01:25,2025-08-11,True
7017,Male,2001-01-02,Active,Fairview,YT,,CA,2019-09-20 05:22:41,2025-03-01,True
7080,Male,1970-08-02,Closed,Franklin,MT,76196,US,2025-06-28 12:07:39,2025-07-09,False
7290,Prefer Not To Say,1999-04-28,Active,Springfield,RI,15427,US,2015-05-17 07:24:34,2025-11-09,True
7301,Male,1945-09-21,Active,Fort Collins,CO,24811,US,2021-09-12 05:26:36,2025-11-22,True
7579,Male,1949-04-22,Inactive,Chester,LA,75615,US,2017-04-20 12:27:58,2017-06-12,False
7584,Female,1992-08-29,Active,Clinton,MS,25177,US,2018-01-15 12:39:16,2025-07-20,True
7789,Female,1974-02-14,Inactive,Salem,SC,53038,US,2023-02-10 11:19:31,2025-04-20,False
7927,Male,1967-12-20,Inactive,Riverside,NT,,CA,2022-11-21 23:54:49,2024-11-16,False
8012,Female,1965-10-04,Active,Springfield,IA,43768,US,2018-05-14 01:47:28,2025-11-13,True
8028,Male,1951-01-12,Active,Fairview,VA,49660,US,2019-09-25 20:06:57,2025-10-22,True
8079,Female,1957-11-18,Active,Springfield,ND,27787,US,2018-12-12 17:11:21,2025-05-31,True
8133,Male,1998-01-25,Active,Franklin,WI,24959,US,2024-02-04 20:44:34,2025-07-30,True
8253,Male,1946-12-10,Active,Aurora,CO,76991,US,2025-09-16 12:39:00,2025-11-25,True
8896,Female,1954-05-24,Active,Chicago,IL,85809,US,2021-05-06 03:03:12,2025-07-12,True
8980,Female,1943-11-04,Closed,Madison,ID,50983,US,2015-02-07 22:15:28,2020-04-24,False
9013,Female,1963-05-17,Active,Madison,MT,21352,US,2016-06-24 11:21:47,2025-04-26,True
9078,Male,1991-09-13,Active,Ann Arbor,MI,17585,US,2017-05-13 05:44:35,2025-02-19,True
9172,Female,1956-06-30,Active,Madison,DE,48329,US,2020-12-16 23:51:03,2025-08-15,True
9739,Female,1982-12-19,Closed,Madison,DE,57682,US,2024-12-19 04:07:47,2025-03-25,False
7476,Female,2002-07-08,Closed,Fairview,AK,27818,US,2025-04-08 14:49:23,2025-09-03,False
46,Male,1944-04-19,Blocked,Chester,TN,78723,US,2024-05-18 12:50:31,2024-11-25,False
90,Female,1959-06-26,Active,San Jose,CA,39837,US,2021-01-11 22:56:47,2025-05-17,True
305,Female,1996-10-30,Inactive,Bristol,KY,66747,US,2024-12-28 18:26:10,2025-07-03,False
606,Male,1973-12-01,Closed,London,ON,,CA,2015-11-09 16:43:12,2015-12-14,False
640,Other,1982-11-30,Inactive,Riverside,AL,78380,US,2017-09-17 03:45:07,2022-11-14,False
813,Female,1948-12-16,Active,Riverside,WV,62545,US,2017-06-21 03:06:27,2025-04-29,True
855,Female,1953-06-25,Closed,Franklin,IA,46511,US,2016-03-29 14:55:25,2022-05-19,False
931,Female,1984-04-02,Active,Clinton,WV,11275,US,2019-01-03 21:47:56,2025-08-01,True
1322,Male,1990-02-16,Active,Springfield,SC,60462,US,2016-04-10 17:36:08,2025-09-02,True
1569,Male,1951-11-04,Active,Mesa,AZ,63549,US,2019-05-25 06:34:26,2025-11-17,True
1613,Female,1966-01-15,Active,San Diego,CA,96554,US,2015-12-31 20:15:58,2025-10-13,True
1966,Female,1952-06-26,Active,Clinton,VT,15965,US,2025-01-12 17:04:21,2025-02-20,True
2120,Male,1969-12-08,Closed,Reading,PA,43615,US,2022-03-02 20:58:52,2024-03-06,False
2206,Male,1993-01-21,Active,Chester,WI,81590,US,2017-05-21 21:04:52,2025-09-23,True
2404,Male,1974-01-31,Active,Dallas,TX,24072,US,2016-01-30 22:29:30,2025-06-26,True
2541,Male,1962-02-22,Active,Chester,MT,35690,US,2021-11-04 13:53:12,2025-01-09,True
2860,Female,1988-07-16,Active,Vancouver,BC,,CA,2018-12-18 17:42:29,2025-01-04,True
3563,Female,1992-10-16,Active,Victoria,BC,,CA,2016-10-10 22:57:25,2025-03-01,True
3728,Prefer Not To Say,1944-01-19,Inactive,Madison,MD,63901,US,2018-01-10 19:15:54,2019-05-09,False
3789,Prefer Not To Say,1970-01-21,Inactive,Springfield,CT,96660,US,2018-07-24 19:11:17,2019-05-26,False
3953,Female,2004-12-12,Active,Springfield,NT,,CA,2025-03-05 18:58:20,2025-05-19,True
4554,Male,1986-03-29,Active,Fairview,AR,20762,US,2018-12-27 22:13:47,2025-05-07,True
4822,Male,1955-11-19,Active,Bristol,WY,99976,US,2021-08-02 03:25:39,2025-01-14,True
4833,Female,2002-03-24,Inactive,Bristol,OR,92610,US,2023-04-21 11:34:17,2024-08-16,False
5450,Female,1965-01-20,Inactive,Madison,ME,,US,2019-09-07 21:54:00,2020-10-10,False
5644,Male,1967-07-07,Active,Salem,OR,73962,US,2025-05-15 13:29:19,2025-06-19,True
5925,Male,1949-08-01,Inactive,Georgetown,NH,64279,US,2021-10-24 16:08:16,2024-09-12,False
6089,Male,1945-09-02,Active,San Diego,CA,12133,US,2022-01-02 14:30:57,2025-03-22,True
6341,Male,1971-04-28,Active,Tucson,AZ,44510,US,2015-05-31 05:47:15,2025-12-16,True
6507,Female,1968-12-01,Active,Georgetown,SC,23477,US,2015-09-01 02:02:40,2025-11-01,True
6535,Male,1953-01-08,Closed,Clinton,OR,20267,US,2023-08-19 08:35:38,2025-02-13,False
6666,Male,1952-12-21,Active,Franklin,WV,70383,US,2016-09-28 08:29:52,2025-10-04,True
6682,Male,1982-08-23,Active,Fairview,NH,72067,US,2017-08-29 07:56:35,2025-11-18,True
7112,Male,1962-05-17,Active,Buffalo,NY,53574,US,2018-11-06 15:38:44,2025-02-13,True
7223,Male,1990-12-30,Active,Riverside,NH,63820,US,2016-07-23 19:44:51,2025-05-04,True
7353,Female,1961-10-14,Inactive,Fairview,LA,18516,US,2018-07-29 16:50:19,2022-11-29,False
7782,Female,1966-06-19,Active,Cambridge,MA,36425,US,2015-01-08 12:00:46,2025-04-29,True
8165,Female,1997-10-13,Active,Bristol,AR,34391,US,2022-07-09 01:35:44,2025-07-25,True
8190,Female,1968-04-22,Inactive,Springfield,YT,,CA,2017-02-21 15:07:58,2022-02-19,False
8404,Female,1950-11-03,Closed,Springfield,DE,24575,US,2023-10-25 12:57:58,2024-11-01,False
8831,Male,1998-07-16,Active,Madison,IN,11146,US,2025-11-28 01:14:19,2025-12-08,True
8868,Male,1997-07-26,Closed,Georgetown,SD,38843,US,2017-11-02 03:07:07,2019-12-08,False
9403,Female,1961-04-06,Inactive,Bristol,NM,34324,US,2025-07-22 20:07:45,2025-11-20,False
9444,Other,1976-11-24,Inactive,Athens,GA,92785,US,2019-10-17 06:01:33,2024-05-26,False
9545,Female,2007-12-02,Inactive,Springfield,NU,,CA,2024-10-26 03:11:34,2025-09-19,False
9671,Female,1951-12-16,Active,Buffalo,NY,47642,US,2024-04-10 15:20:36,2025-02-01,True
9855,Female,1986-06-22,Blocked,Madison,AR,72047,US,2016-06-07 11:32:47,2021-10-03,False
9982,Male,1974-05-03,Active,Fairview,NU,,CA,2018-04-04 23:25:19,2025-04-11,True
497,Male,1977-02-14,Active,Winston-Salem,NC,20497,US,2023-07-23 05:36:59,2025-01-12,True
636,Prefer Not To Say,2002-11-01,Active,Chester,WV,54858,US,2022-01-19 06:25:34,2024-12-28,True
830,Male,1978-09-22,Active,Franklin,NM,55203,US,2025-10-03 09:35:15,2025-11-23,True
848,Female,2007-05-04,Closed,Chester,VT,92829,US,2021-12-16 14:05:24,2022-07-30,False
928,Female,1990-05-06,Closed,Springfield,NS,,CA,2018-01-07 11:21:46,2021-10-18,False
1034,Male,1994-05-21,Active,Dallas,TX,44702,US,2016-10-01 05:18:15,2025-12-13,True
1057,Female,1995-10-18,Inactive,Bristol,ND,18228,US,2022-06-02 22:54:00,2022-10-20,False
1342,Male,1972-07-18,Active,Calgary,AB,,CA,2015-06-22 00:27:40,2025-01-03,True
1436,Other,1959-01-22,Active,Clinton,WV,39279,US,2019-09-29 19:58:11,2025-04-12,True
1504,Female,1986-10-31,Inactive,Riverside,AR,79881,US,2018-01-12 06:04:00,2022-12-11,False
1630,Female,1968-05-10,Active,Savannah,GA,17348,US,2016-04-14 21:36:46,2025-12-18,True
1912,Female,1958-08-17,Active,Houston,TX,94572,US,2020-09-05 02:54:09,2025-03-09,True
2007,Female,2008-11-07,Active,Burnaby,BC,,CA,2024-11-10 04:56:21,2025-07-21,True
2071,Male,1953-08-19,Active,Colorado Springs,CO,17535,US,2015-10-25 05:03:18,2025-12-18,True
2178,Female,1968-01-14,Inactive,Georgetown,WI,55432,US,2020-08-17 14:06:12,2022-05-11,False
2201,Male,1982-07-16,Inactive,Bristol,MS,67063,US,2019-01-04 02:18:52,2023-07-17,False
2313,Male,1958-08-01,Active,Riverside,AK,45386,US,2023-10-16 08:42:09,2025-06-23,True
2506,Prefer Not To Say,1997-12-29,Inactive,Georgetown,LA,92184,US,2019-11-17 14:11:31,2020-05-04,False
2622,Female,1954-02-19,Active,Fairview,SC,68628,US,2020-02-20 16:18:35,2025-10-26,True
2707,Male,1990-01-21,Active,Madison,CT,92089,US,2023-03-06 10:07:32,2025-08-16,True
2923,Female,1946-01-23,Active,Salem,WY,91936,US,2023-04-16 18:53:25,2025-09-17,True
3306,Male,2002-02-18,Blocked,Riverside,LA,61502,US,2023-12-13 01:01:21,2024-07-28,False
3360,Male,1988-11-05,Closed,Salem,KY,82204,US,2021-05-08 04:07:52,2022-08-28,False
3455,Female,1985-04-20,Active,Savannah,GA,43025,US,2020-12-26 03:35:34,2025-10-02,True
3540,Female,1979-01-22,Blocked,London,ON,,CA,2019-09-23 14:02:22,2025-07-03,False
3582,Male,2001-09-22,Active,Georgetown,DE,42302,US,2015-01-26 17:04:08,2025-07-09,True
3754,Male,1996-03-30,Active,Georgetown,NB,,CA,2017-05-01 06:14:51,2025-10-09,True
4532,Male,1978-10-07,Active,Franklin,VA,83069,US,2021-10-04 03:02:24,2025-03-11,True
4918,Male,1957-10-19,Inactive,Chester,KY,87464,US,2020-07-12 04:40:17,2024-09-09,False
5288,Female,1994-11-22,Active,Durham,NC,31772,US,2020-01-09 18:31:35,2025-07-27,True
5414,Other,1950-12-12,Active,Bristol,NB,,CA,2022-03-20 14:06:27,2025-09-11,True
5527,Male,1970-08-05,Inactive,Madison,VT,89754,US,2025-01-11 17:04:39,2025-09-13,False
5546,Female,1999-03-26,Active,Philadelphia,PA,92579,US,2021-11-29 16:45:24,2025-04-12,True
5723,Female,1994-12-29,Active,Chester,SK,,CA,2025-02-19 04:06:26,2025-10-18,True
5807,Female,2003-06-25,Active,Salem,ME,89015,US,2025-01-17 13:26:57,2025-12-25,True
5872,Male,1961-07-05,Active,Fairview,MN,61068,US,2025-08-06 22:54:04,2025-12-10,True
5964,Female,1991-08-28,Active,Tacoma,WA,20489,US,2019-10-30 19:11:11,2025-02-14,True
5971,Male,1951-07-06,Active,Madison,SD,99110,US,2024-04-14 00:13:35,2025-08-21,True
5986,Female,1974-06-17,Inactive,Madison,MT,93202,US,2020-12-05 09:41:41,2022-07-25,False
6072,Female,2000-07-07,Active,Riverside,KS,75944,US,2016-08-31 23:43:15,2025-09-25,True
6675,Male,2002-10-27,Inactive,Franklin,HI,56089,US,2019-09-10 19:24:52,2020-09-04,False
6975,Female,1999-10-15,Inactive,Akron,OH,35070,US,2018-01-31 00:03:21,2025-02-10,False
7003,Female,1994-08-31,Inactive,Clinton,NL,,CA,2021-08-20 14:35:22,2022-09-24,False
7171,Male,1973-10-19,Active,Chester,ID,42890,US,2025-10-31 00:22:45,2025-11-12,True
7181,Female,1949-10-14,Closed,Franklin,KS,75414,US,2015-08-27 23:13:05,2019-12-09,False
8027,Male,1975-12-12,Active,Clinton,MS,14610,US,2021-08-04 16:33:37,2025-12-09,True
8612,Female,1996-12-19,Active,Tucson,AZ,24522,US,2023-11-17 19:37:55,2025-04-19,True
9006,Female,1952-05-05,Active,Springfield,IN,55175,US,2024-03-22 07:54:27,2025-04-11,True
9122,Male,1992-05-02,Active,Springfield,VA,68175,US,2018-04-12 04:16:57,2025-01-07,True
9332,Male,1958-11-23,Active,Madison,SD,67691,US,2015-12-05 18:48:37,2025-09-10,True
9497,Female,1963-06-28,Active,Franklin,MO,68249,US,2015-07-13 01:10:00,2025-01-28,True
9735,Female,1994-01-01,Closed,Richmond,BC,,CA,2025-06-14 20:23:20,2025-09-03,False
531,Female,1942-12-25,Active,Fairview,HI,97734,US,2015-09-29 13:13:08,2025-02-14,True
540,Male,1974-04-24,Blocked,Fairview,MB,,CA,2016-10-14 09:56:28,2025-07-03,False
600,Male,1968-01-12,Active,Riverside,AK,12848,US,2020-10-07 02:40:26,2025-08-19,True
958,Female,1945-07-30,Active,Bristol,WI,17392,US,2016-08-06 03:51:01,2025-12-14,True
1178,Female,1954-07-08,Active,Riverside,MT,50219,US,2019-06-20 00:52:26,2025-04-05,True
1828,Male,1996-05-01,Active,Madison,ME,40156,US,2023-01-31 06:25:20,2025-04-27,True
2057,Male,1992-12-10,Active,Fairview,TN,78953,US,2017-07-22 23:20:16,2025-03-07,True
2151,Female,1958-11-23,Active,Bristol,DE,50579,US,2022-01-13 15:55:07,2025-12-01,True
2375,Other,1976-12-08,Inactive,Reno,NV,56062,US,2022-06-06 06:00:39,2024-10-16,False
2573,Female,1954-03-19,Active,Denver,CO,89857,US,2025-11-09 17:08:49,2025-12-22,True
2951,Female,1948-06-14,Active,Georgetown,SD,35536,US,2025-07-02 19:35:58,2025-11-07,True
2980,Male,1987-02-15,Active,Allentown,PA,41720,US,2017-07-10 18:10:20,2025-04-08,True
3161,Female,1997-04-22,Inactive,Bristol,CT,26300,US,2021-12-10 02:20:50,2025-10-20,False
3497,Prefer Not To Say,1944-08-17,Inactive,Springfield,VT,82904,US,2023-06-30 00:04:08,2023-11-16,False
3711,Male,1970-01-31,Active,Salem,MD,92941,US,2020-12-07 04:32:19,2025-07-03,True
3947,Male,1988-10-09,Active,Clinton,ND,90690,US,2018-11-20 21:21:19,2025-07-02,True
3982,Female,1976-03-14,Active,Madison,SC,20156,US,2016-01-03 06:35:46,2025-08-14,True
4011,Male,1978-05-11,Inactive,Georgetown,NE,25076,US,2024-04-23 20:04:46,2025-09-17,False
4115,Female,1985-04-09,Active,Riverside,OK,83580,US,2016-04-29 16:55:39,2025-06-05,True
4139,Male,1947-06-11,Active,Richmond,BC,,CA,2015-12-28 22:38:29,2025-07-21,True
4388,Male,1998-04-04,Active,Cambridge,MA,74908,US,2022-02-19 03:58:09,2025-03-20,True
4561,Prefer Not To Say,1974-04-11,Inactive,Riverside,WY,50382,US,2016-07-02 00:02:02,2023-07-19,False
5101,Female,2003-04-10,Active,Riverside,IN,12682,US,2019-06-02 20:58:42,2025-01-15,True
5105,Female,1996-04-27,Active,Aurora,CO,55974,US,2019-04-23 18:26:44,2025-06-28,True
5242,Male,2003-04-02,Active,Joliet,IL,36451,US,2021-09-28 13:29:58,2025-02-16,True
5298,Other,1996-05-03,Active,Fairview,ME,33965,US,2015-10-06 14:21:11,2025-10-19,True
6288,Male,1967-12-04,Active,Tampa,FL,10046,US,2024-02-22 19:53:11,2025-09-12,True
6700,Female,1981-09-22,Inactive,Charlotte,NC,26153,US,2016-06-22 04:16:19,2025-10-24,False
8064,Female,1990-01-10,Active,Bristol,OK,71732,US,2022-09-13 02:27:55,2025-04-27,True
8108,Female,1977-08-15,Active,Vancouver,WA,13279,US,2019-07-14 17:52:34,2025-07-19,True
8261,Male,1986-07-12,Active,Colorado Springs,CO,34424,US,2022-04-08 11:45:55,2025-10-04,True
8440,Male,1973-04-28,Inactive,Clinton,VA,48016,US,2022-06-08 17:33:38,2023-10-04,False
8822,Female,1960-12-12,Blocked,Madison,AK,26114,US,2024-06-02 00:37:11,2025-09-27,False
8862,Female,1994-03-30,Active,Clinton,NE,24515,US,2016-10-30 22:55:47,2025-10-08,True
9549,Male,1998-04-12,Blocked,Clinton,MN,50313,US,2016-07-13 16:56:28,2025-09-23,False
9626,Female,1947-06-30,Inactive,Georgetown,SK,,CA,2019-07-14 15:06:32,2020-11-17,False
9767,Female,1952-06-23,Blocked,Aurora,CO,24897,US,2019-03-08 02:29:46,2023-10-15,False
9856,Male,1961-06-20,Active,Riverside,AL,92980,US,2024-09-27 21:22:36,2025-12-21,True
30,Female,1980-03-21,Closed,Naperville,IL,56019,US,2024-06-21 03:15:27,2025-04-18,False
70,Female,2010-11-20,Active,Dallas,TX,44934,US,2024-08-30 01:51:30,2025-03-28,True
119,Male,1981-01-27,Inactive,Toronto,ON,,CA,2018-03-28 20:11:07,2019-09-18,False
211,Female,1961-03-01,Active,Riverside,NB,,CA,2015-04-09 07:27:24,2025-10-10,True
225,Male,1968-12-29,Inactive,Salem,RI,66270,US,2016-11-09 06:46:31,2021-09-19,False
364,Female,1977-12-04,Closed,Jacksonville,FL,63955,US,2022-01-12 04:03:46,2024-02-05,False
434,Female,1999-06-16,Closed,Riverside,ME,71055,US,2018-07-09 22:45:57,2020-02-06,False
522,Male,1941-09-14,Active,Bristol,MN,56145,US,2016-02-10 13:20:22,2025-07-15,True
767,Female,1973-07-02,Active,Riverside,AK,69011,US,2022-10-11 22:25:57,2025-03-05,True
854,Female,1947-02-10,Active,North Las Vegas,NV,22358,US,2022-03-15 00:43:29,2025-09-28,True
978,Female,1946-04-20,Active,Springfield,MT,87835,US,2016-02-05 16:06:48,2025-01-29,True
1208,Male,1946-06-30,Active,Cambridge,MA,49292,US,2025-06-19 22:44:43,2025-09-27,True
1837,Other,1994-12-19,Active,Chester,MS,46994,US,2020-03-06 22:00:07,2025-01-23,True
2044,Female,1996-02-07,Blocked,Riverside,UT,39318,US,2015-01-13 18:01:29,2016-04-25,False
3241,Female,1967-06-24,Closed,Bristol,IA,56923,US,2019-07-15 00:20:07,2023-10-27,False
3247,Male,1954-05-02,Active,Philadelphia,PA,75162,US,2016-06-11 01:34:34,2025-05-31,True
3320,Female,1970-08-25,Active,Sacramento,CA,68297,US,2021-07-13 22:29:53,2025-07-23,True
3741,Female,2001-09-13,Inactive,Bristol,YT,,CA,2016-12-07 19:24:25,2017-04-23,False
4121,Female,2004-04-27,Closed,Franklin,SC,22564,US,2024-08-19 04:03:20,2025-05-17,False
4881,Female,1987-09-16,Active,Clinton,TN,11230,US,2017-05-02 04:02:30,2025-03-13,True
4882,Male,1947-11-30,Inactive,Gatineau,QC,,CA,2021-03-06 17:24:07,2022-06-23,False
4911,Female,1978-07-23,Active,Madison,WY,97502,US,2015-03-17 22:53:22,2024-12-28,True
5005,Male,1959-02-14,Closed,Chandler,AZ,78077,US,2022-04-22 05:35:07,2024-02-19,False
5047,Male,1978-02-12,Active,Fairview,CT,92903,US,2018-11-29 23:10:40,2025-11-30,True
5399,Prefer Not To Say,1990-01-12,Closed,Los Angeles,CA,30574,US,2025-04-07 19:45:07,2025-08-04,False
5591,Male,1994-09-09,Active,Chester,ID,60628,US,2024-03-29 23:07:07,2025-03-18,True
5628,Male,1973-10-25,Active,Bristol,WV,86012,US,2017-09-15 22:04:42,2025-09-27,True
5656,Female,1985-10-10,Active,Franklin,ME,24941,US,2016-05-18 20:41:04,2025-12-09,True
5942,Male,1966-10-06,Inactive,Augusta,GA,35019,US,2021-06-29 21:13:31,2024-07-24,False
6105,Male,1950-04-04,Active,Scottsdale,AZ,70904,US,2018-09-28 11:51:08,2025-09-12,True
6232,Male,1985-12-19,Closed,Madison,MO,93105,US,2024-05-03 03:29:27,2024-11-26,False
6294,Prefer Not To Say,1987-12-01,Active,Clinton,NH,49545,US,2015-07-18 21:43:27,2025-02-13,True
6353,Other,1989-08-22,Active,Chester,SD,48503,US,2017-08-12 07:29:47,2025-11-06,True
6397,Prefer Not To Say,1953-03-20,Active,Clinton,NU,,CA,2021-05-23 01:35:13,2025-01-20,True
6937,Male,1947-04-29,Active,Salem,VA,58109,US,2019-04-17 07:56:12,2025-11-17,True
6946,Female,1975-08-01,Active,Henderson,NV,47449,US,2023-12-20 22:38:57,2025-01-30,True
6986,Male,1965-06-23,Active,Madison,OR,77512,US,2023-07-02 13:26:25,2025-10-15,True
7220,Male,2002-09-11,Active,Salem,NJ,98001,US,2018-01-28 00:10:27,2025-11-03,True
7241,Other,1948-01-19,Active,Salem,TN,11907,US,2021-08-03 07:13:45,2025-08-22,True
7328,Female,1945-01-18,Inactive,Bristol,SC,82214,US,2020-06-04 03:55:00,2024-06-30,False
7507,Female,1973-01-30,Active,Madison,AR,34738,US,2021-12-31 12:32:38,2025-07-24,True
7708,Female,1941-06-28,Closed,Chester,MT,20310,US,2017-10-10 08:28:57,2018-08-30,False
7931,Male,1960-05-25,Active,Athens,GA,21591,US,2025-06-23 17:33:16,2025-10-26,True
7947,Male,1987-02-03,Active,Augusta,GA,18301,US,2018-07-12 19:33:39,2025-10-12,True
8007,Other,1948-07-21,Active,Madison,ME,20479,US,2023-11-16 21:06:25,2025-09-30,True
8114,Male,2007-09-04,Active,Los Angeles,CA,60505,US,2022-05-03 22:15:32,2025-08-23,True
8567,Female,1979-12-09,Active,Bellevue,WA,39597,US,2022-05-29 01:28:33,2025-07-18,True
8660,Other,1994-02-07,Active,Henderson,NV,69317,US,2025-11-09 08:18:02,2025-12-21,True
8876,Male,1964-05-11,Active,Bristol,SC,22966,US,2021-11-09 21:09:32,2025-05-14,True
9015,Male,1956-01-19,Active,Bristol,VA,13520,US,2024-07-12 00:00:19,2025-08-20,True
9159,Female,1985-10-19,Active,Chester,NM,73233,US,2024-01-08 22:06:44,2025-04-07,True
9202,Male,1953-03-08,Active,Springfield,IA,27618,US,2020-07-22 07:30:51,2024-12-27,True
9338,Female,1966-03-11,Active,Athens,GA,58780,US,2016-04-11 16:02:23,2025-04-06,True
9422,Female,1987-05-29,Active,Cincinnati,OH,40233,US,2025-02-27 15:25:27,2025-05-18,True
9476,Male,1993-09-23,Inactive,Bristol,SK,,CA,2023-02-27 14:34:39,2025-09-20,False
9954,Male,1945-06-09,Active,Springfield,NE,14081,US,2017-12-29 15:40:05,2025-07-08,True
217,Male,1979-09-12,Active,Fort Collins,CO,22335,US,2015-06-13 22:49:43,2025-06-10,True
392,Female,1946-08-04,Active,Salem,AR,73636,US,2017-07-19 19:34:48,2025-03-16,True
471,Other,1985-09-11,Inactive,Salem,MD,16029,US,2023-04-01 13:27:48,2024-02-27,False
498,Female,1942-10-08,Active,Fairview,KY,79533,US,2016-04-07 09:22:49,2025-03-11,True
1117,Female,1959-07-20,Closed,Salem,NL,,CA,2019-04-26 10:14:22,2023-07-05,False
1363,Male,1982-01-13,Active,Georgetown,UT,31372,US,2017-07-14 10:31:06,2025-02-01,True
1783,Male,1985-01-06,Active,Riverside,MD,59357,US,2024-10-18 23:35:53,2025-12-16,True
1976,Male,2008-12-27,Active,Fairview,SC,81436,US,2025-07-07 17:35:17,2025-09-25,True
2024,Male,2000-11-05,Active,Springfield,HI,78784,US,2024-06-12 03:23:18,2025-07-27,True
2075,Other,2005-07-19,Blocked,Lethbridge,AB,,CA,2022-05-12 05:47:11,2022-12-16,False
3295,Female,1944-01-01,Active,Clinton,OR,75947,US,2020-02-12 21:50:12,2025-05-27,True
3356,Male,1958-09-30,Active,Chester,AK,83276,US,2023-10-03 18:37:22,2025-11-07,True
3369,Female,1971-05-07,Active,Riverside,MO,13782,US,2018-02-24 18:39:08,2025-02-03,True
3442,Male,1966-12-16,Active,Montreal,QC,,CA,2020-02-07 09:19:14,2025-08-15,True
3652,Female,2000-04-20,Active,Clinton,OR,28832,US,2016-10-01 09:27:34,2025-04-22,True
3785,Female,1982-06-02,Blocked,Longueuil,QC,,CA,2019-01-19 13:21:19,2022-08-10,False
3949,Female,2003-01-20,Active,Columbus,OH,35737,US,2022-04-22 23:00:44,2025-12-23,True
4637,Female,1961-03-01,Active,Madison,AR,24438,US,2021-12-31 06:44:44,2025-12-14,True
4834,Female,2001-03-10,Active,Victoria,BC,,CA,2019-09-29 03:22:38,2025-04-01,True
5817,Female,1958-02-14,Active,Bristol,ND,39526,US,2024-01-27 07:15:41,2025-12-14,True
5999,Male,1971-10-10,Blocked,Chester,MT,76979,US,2020-07-10 01:51:58,2022-02-21,False
6228,Female,1946-06-12,Active,Rockford,IL,13094,US,2020-09-26 21:38:45,2025-04-07,True
6639,Female,1990-02-22,Active,Madison,MT,89069,US,2019-03-08 10:07:48,2025-12-17,True
6743,Female,1946-09-01,Active,Springfield,AL,32378,US,2022-10-08 20:22:17,2025-09-23,True
7110,Other,1962-02-15,Active,Franklin,SD,13261,US,2019-02-15 05:19:06,2025-03-10,True
7127,Male,2002-11-19,Inactive,Salem,MB,,CA,2023-07-06 14:18:33,2024-09-01,False
7225,Female,1966-07-22,Active,Salem,IA,79282,US,2022-11-16 13:45:49,2025-02-05,True
7340,Female,1969-06-25,Inactive,Clinton,VA,87367,US,2015-08-19 19:40:42,2021-09-23,False
7513,Other,2003-12-01,Active,Salem,VT,21434,US,2018-06-30 11:09:38,2025-12-14,True
7798,Female,1973-02-10,Closed,Springfield,WI,49274,US,2022-07-22 08:10:47,2022-09-09,False
8156,Female,1990-11-30,Active,Springfield,SK,,CA,2024-03-28 19:41:07,2025-03-26,True
8163,Female,1941-07-16,Active,Fairview,NU,,CA,2020-01-31 07:49:09,2025-10-21,True
8565,Female,1977-09-04,Active,Franklin,IN,31390,US,2020-08-06 02:17:17,2025-03-08,True
8709,Prefer Not To Say,1969-05-29,Active,Bristol,AL,28851,US,2016-02-24 05:13:59,2025-08-08,True
8866,Male,1980-05-13,Inactive,Madison,NE,62971,US,2020-01-06 03:42:49,2023-05-14,False
8875,Prefer Not To Say,1974-06-30,Inactive,Akron,OH,95855,US,2020-03-23 03:18:57,2021-03-22,False
8926,Female,2003-09-24,Active,Clinton,NB,,CA,2018-10-15 11:09:07,2025-11-23,True
9286,Male,2003-03-13,Active,Springfield,SC,30081,US,2023-08-15 22:48:25,2025-12-05,True
9715,Female,1990-10-08,Active,Bristol,ND,42788,US,2020-08-19 13:04:47,2024-12-28,True
9985,Male,1944-02-08,Closed,San Jose,CA,71668,US,2018-04-01 01:36:19,2022-05-02,False
334,Female,1993-05-01,Active,Sacramento,CA,89451,US,2015-12-04 01:39:00,2025-09-17,True
376,Male,1960-07-13,Inactive,Salem,SK,,CA,2025-05-20 18:41:37,2025-07-06,False
505,Male,2004-09-07,Active,Franklin,NT,,CA,2024-12-14 04:03:33,2025-09-22,True
723,Male,1977-09-05,Active,Clinton,NT,,CA,2018-11-09 14:33:49,2025-02-13,True
940,Male,1971-09-29,Inactive,Sacramento,CA,95056,US,2023-06-21 12:51:08,2023-08-23,False
1105,Other,1987-02-15,Blocked,Fairview,DE,16311,US,2017-02-04 17:40:59,2021-08-30,False
1486,Male,1983-12-31,Active,Salem,MS,31875,US,2016-01-19 11:39:41,2025-11-11,True
1655,Male,1974-03-10,Active,Madison,NT,,CA,2019-04-21 13:12:01,2025-02-25,True
1764,Female,1977-01-12,Active,Franklin,ND,88020,US,2021-06-20 09:56:02,2025-02-14,True
1845,Female,1963-11-07,Active,Georgetown,NS,,CA,2020-05-30 01:28:08,2025-08-02,True
2221,Other,1988-10-09,Active,Franklin,WV,62932,US,2020-06-11 20:47:03,2025-04-02,True
2270,Female,1984-09-20,Closed,Georgetown,OK,20055,US,2023-02-23 18:06:39,2023-07-17,False
2697,Male,1997-05-01,Active,Chester,ID,37040,US,2024-10-27 11:41:22,2025-12-05,True
3033,Female,1986-05-16,Active,Fairview,MN,98743,US,2018-08-09 02:41:03,2025-03-14,True
3100,Female,1948-06-09,Active,Chester,ND,65718,US,2023-06-06 03:29:47,2025-11-06,True
3269,Female,2001-11-13,Blocked,Riverside,MO,81035,US,2023-02-12 13:13:24,2023-08-26,False
3411,Male,1959-11-01,Blocked,Springfield,WY,94734,US,2015-08-11 00:48:31,2022-09-06,False
3591,Male,1994-07-27,Active,Fairview,HI,25000,US,2021-09-07 02:26:59,2025-11-20,True
4311,Female,1946-03-27,Active,Reading,PA,52151,US,2015-10-10 21:04:14,2025-10-21,True
4867,Female,1946-08-28,Inactive,Salem,YT,,CA,2021-02-25 16:18:15,2022-02-12,False
4871,Female,1949-07-01,Active,Los Angeles,CA,48599,US,2024-11-08 23:28:47,2025-11-03,True
5030,Female,1982-06-12,Inactive,Miami,FL,69883,US,2023-01-19 14:12:51,2024-05-27,False
5318,Female,1982-11-08,Active,Madison,IN,98556,US,2022-02-19 19:30:34,2025-08-24,True
5547,Prefer Not To Say,1966-10-09,Active,Franklin,OK,40481,US,2020-09-16 03:12:30,2025-01-24,True
5884,Female,1961-09-24,Inactive,Franklin,AL,83564,US,2016-10-11 00:01:11,2023-06-22,False
7087,Male,1954-07-11,Active,Laval,QC,,CA,2020-06-12 05:40:08,2025-03-09,True
7088,Male,1977-08-07,Inactive,Franklin,NB,,CA,2016-05-27 16:13:55,2025-06-09,False
7169,Prefer Not To Say,1950-07-15,Blocked,Chester,VT,29648,US,2022-09-14 17:20:16,2025-02-19,False
8675,Male,2006-01-02,Blocked,Springfield,MA,56650,US,2023-12-16 14:06:06,2024-05-20,False
8840,Male,1995-03-25,Active,Fairview,ND,82999,US,2015-01-09 22:28:56,2025-10-31,True
9155,Male,1959-04-02,Active,Las Vegas,NV,57641,US,2025-08-10 18:39:28,2025-10-30,True
9180,Male,1957-04-08,Active,Sterling Heights,MI,97709,US,2022-10-11 20:37:59,2025-04-28,True
9801,Female,1990-02-05,Active,Ann Arbor,MI,42485,US,2017-01-09 00:44:28,2025-07-02,True
9869,Other,2000-12-08,Inactive,Bristol,AL,22870,US,2019-07-11 05:06:39,2023-03-19,False
504,Female,1982-09-01,Active,Clinton,RI,22536,US,2022-12-18 15:28:39,2025-09-21,True
599,Female,1986-05-12,Active,Salem,SD,85429,US,2019-09-27 00:43:06,2025-06-11,True
634,Female,1973-07-17,Blocked,Springfield,NM,12540,US,2023-12-10 13:11:36,2024-04-04,False
648,Male,1998-10-19,Active,Cambridge,MA,17298,US,2019-08-18 10:17:26,2025-06-09,True
1239,Female,1971-01-15,Blocked,Riverside,OR,87711,US,2018-10-09 15:16:51,2019-10-02,False
1412,Male,1951-02-28,Closed,Riverside,TN,33173,US,2018-05-09 11:01:42,2019-03-20,False
1923,Prefer Not To Say,1999-09-28,Active,Denver,CO,91585,US,2018-08-28 22:07:20,2025-11-08,True
2294,Male,1993-03-28,Inactive,North Las Vegas,NV,31605,US,2020-06-04 03:26:11,2023-05-25,False
2471,Female,1947-06-19,Active,Franklin,AR,66653,US,2023-05-26 09:22:12,2025-03-25,True
2881,Male,1948-03-01,Active,Riverside,AL,72805,US,2017-04-25 18:39:07,2025-11-25,True
3067,Other,1950-11-02,Active,New York,NY,74191,US,2023-07-08 08:07:02,2025-08-16,True
3214,Male,1970-03-07,Active,Fairview,NS,,CA,2016-05-19 02:48:37,2025-06-30,True
3458,Female,1952-11-13,Active,Madison,NE,35109,US,2021-06-20 11:45:59,2025-02-06,True
3516,Female,1967-08-16,Active,Franklin,NH,71176,US,2015-07-21 07:58:36,2025-10-02,True
3724,Male,1957-01-18,Active,Clinton,NU,,CA,2020-10-09 15:24:32,2025-09-15,True
3780,Male,1975-11-27,Active,Salem,NU,,CA,2023-06-18 22:36:40,2025-05-06,True
4385,Male,1972-10-09,Active,Burnaby,BC,,CA,2022-04-28 02:28:25,2025-06-08,True
5241,Female,1992-10-05,Inactive,Clinton,VA,58757,US,2024-11-16 23:38:13,2025-10-17,False
5801,Male,1962-04-03,Inactive,Fairview,PE,,CA,2022-09-08 23:56:52,2024-10-13,False
5834,Male,1968-01-11,Active,San Diego,CA,63353,US,2021-07-19 12:27:47,2025-12-12,True
6101,Male,1956-02-22,Active,Spokane,WA,31924,US,2024-03-02 02:07:26,2025-04-10,True
6141,Female,1959-08-13,Closed,Clinton,MO,64902,US,2025-01-28 09:43:11,2025-10-16,False
6221,Female,1994-06-30,Inactive,Springfield,CT,52021,US,2023-05-23 10:18:48,2024-04-08,False
6730,Female,1989-09-17,Active,Quebec City,QC,,CA,2015-01-25 04:19:46,2025-02-09,True
6925,Female,1954-05-13,Inactive,San Diego,CA,45505,US,2021-06-01 05:56:16,2025-06-07,False
7046,Female,1952-10-25,Active,Chester,NJ,64035,US,2018-07-04 17:26:52,2025-03-24,True
7492,Female,2002-08-05,Active,Salem,VA,69500,US,2018-11-25 17:06:50,2025-06-15,True
7858,Female,1999-10-03,Active,Bristol,NB,,CA,2016-09-24 11:52:59,2025-08-29,True
7860,Male,1952-06-07,Active,Madison,NS,,CA,2015-05-28 20:51:06,2025-01-09,True
8116,Prefer Not To Say,1996-10-22,Inactive,Athens,GA,26526,US,2015-02-19 18:10:19,2018-02-28,False
8767,Male,1997-04-03,Active,Rockford,IL,95482,US,2025-05-16 09:13:00,2025-07-10,True
9116,Female,1951-06-22,Active,Springfield,MS,38549,US,2024-02-20 13:52:32,2025-09-18,True
9181,Female,2004-12-22,Active,Franklin,WY,81158,US,2021-03-06 13:06:24,2025-10-29,True
9387,Male,1950-03-19,Inactive,Georgetown,UT,78324,US,2020-03-05 12:16:08,2021-03-22,False
9643,Male,1956-10-07,Active,Franklin,MN,24379,US,2019-03-12 22:23:29,2025-10-19,True
9917,Male,1977-09-05,Blocked,Fairview,ID,40653,US,2019-09-19 15:14:36,2022-01-18,False
111,Male,1992-03-06,Active,Greensboro,NC,96184,US,2022-01-05 05:35:47,2025-03-14,True
135,Female,2001-10-06,Active,Henderson,NV,38333,US,2025-01-27 10:14:49,2025-10-29,True
152,Female,1973-08-24,Closed,Madison,ND,75070,US,2022-07-14 21:56:05,2023-08-25,False
500,Male,1978-03-28,Active,Franklin,PE,,CA,2021-03-03 05:41:55,2025-07-26,True
706,Male,1960-07-07,Active,Riverside,IN,14632,US,2017-11-22 04:09:34,2025-06-27,True
839,Female,1968-05-24,Closed,Salem,NE,20069,US,2021-04-20 08:37:49,2022-12-18,False
1183,Female,1996-08-22,Active,Laval,QC,,CA,2015-08-29 03:49:03,2025-09-24,True
2064,Prefer Not To Say,1943-12-16,Active,Salem,ID,21903,US,2024-03-24 01:32:06,2025-11-19,True
2083,Female,1980-07-24,Inactive,Sparks,NV,45563,US,2023-03-15 20:33:32,2023-07-26,False
2234,Male,2008-05-20,Inactive,Bristol,NH,41779,US,2025-01-10 20:13:48,2025-02-05,False
2382,Male,1961-07-31,Active,Sparks,NV,93724,US,2017-01-14 15:10:11,2025-08-23,True
2608,Female,1968-05-14,Inactive,Fairview,PE,,CA,2016-10-05 10:46:58,2017-06-25,False
2823,Male,1969-08-03,Closed,Clinton,MN,74962,US,2019-03-10 23:40:10,2021-05-14,False
3445,Male,1994-07-14,Active,Bristol,TN,53576,US,2023-12-17 03:38:47,2025-07-20,True
3876,Male,1983-07-16,Active,Bristol,KY,46950,US,2019-09-12 22:56:09,2025-11-28,True
3988,Female,1962-07-10,Closed,Franklin,MN,38368,US,2019-03-06 15:01:16,2021-03-29,False
4105,Female,1949-10-12,Active,Salem,NH,41659,US,2020-01-13 01:07:32,2025-08-30,True
4253,Female,1963-12-22,Active,Springfield,HI,49166,US,2017-01-09 06:17:00,2025-07-21,True
4456,Female,1982-01-31,Active,Toledo,OH,19146,US,2020-11-28 21:54:31,2025-09-26,True
4723,Prefer Not To Say,1946-01-13,Active,Fairview,VA,31462,US,2025-11-01 08:16:23,2025-12-23,True
4766,Male,1963-08-22,Active,Durham,NC,14573,US,2023-10-25 23:44:08,2025-04-29,True
5071,Prefer Not To Say,1995-02-11,Active,Fairview,AR,72736,US,2021-04-09 02:40:36,2025-03-26,True
5328,Prefer Not To Say,1958-11-29,Inactive,Henderson,NV,57431,US,2024-02-23 18:08:52,2025-03-24,False
5467,Male,1961-03-30,Active,Clinton,HI,80091,US,2023-01-22 01:08:58,2025-11-18,True
5584,Female,1979-07-09,Active,Fairview,AK,23259,US,2025-12-21 12:49:13,2025-12-25,True
5653,Female,1948-01-31,Active,Greensboro,NC,83454,US,2017-07-09 04:24:09,2025-10-22,True
5708,Female,1961-08-23,Active,Madison,NE,14825,US,2015-08-21 10:50:18,2025-06-12,True
5768,Male,1998-10-26,Active,Franklin,RI,65375,US,2024-09-10 12:12:44,2025-03-09,True
6516,Female,1980-04-25,Inactive,Riverside,UT,44654,US,2023-05-20 06:04:55,2024-04-21,False
6613,Male,1994-07-20,Closed,Tacoma,WA,31390,US,2018-02-17 12:15:51,2018-10-16,False
6774,Prefer Not To Say,2000-07-26,Blocked,Franklin,DE,12714,US,2024-04-16 20:59:39,2025-04-10,False
6968,Male,1967-05-04,Active,Worcester,MA,19353,US,2016-04-05 05:21:06,2025-06-01,True
7059,Female,1968-11-04,Active,Fort Worth,TX,68150,US,2022-01-24 14:15:51,2025-11-22,True
7062,Female,1994-06-09,Active,Bristol,YT,,CA,2020-04-24 23:10:50,2025-05-15,True
7204,Male,1942-08-21,Active,San Francisco,CA,93234,US,2021-07-17 10:40:21,2025-02-04,True
7253,Male,1961-04-26,Active,Georgetown,ME,90502,US,2025-06-28 08:27:06,2025-10-24,True
7365,Female,1999-06-03,Inactive,San Antonio,TX,90246,US,2017-02-21 16:40:43,2022-10-28,False
7478,Other,1963-05-08,Active,Madison,AL,30468,US,2020-04-17 11:31:08,2025-12-05,True
7494,Female,1987-05-04,Active,Riverside,NT,,CA,2019-05-15 17:39:16,2025-04-28,True
7695,Other,1942-01-02,Active,Madison,ME,72467,US,2020-09-09 20:02:47,2025-11-22,True
7829,Male,1959-06-27,Active,Fairview,MB,,CA,2021-10-29 12:03:56,2025-11-10,True
7973,Female,2002-06-11,Active,Tacoma,WA,67328,US,2019-05-21 17:16:01,2025-09-11,True
8006,Other,1991-02-12,Inactive,Chester,AR,77337,US,2021-08-28 23:24:39,2021-12-07,False
8310,Male,1960-06-02,Active,Salem,AK,98377,US,2025-12-13 15:58:54,2025-12-19,True
8758,Female,1960-02-20,Active,Riverside,MN,45764,US,2025-08-04 10:52:04,2025-11-22,True
8885,Prefer Not To Say,1974-08-03,Active,Clinton,VA,73877,US,2018-09-29 20:27:50,2025-04-17,True
8911,Female,1988-09-12,Inactive,Springfield,MA,24905,US,2023-08-19 00:39:32,2023-09-16,False
9130,Male,1951-01-16,Closed,Chester,MT,51618,US,2018-12-09 17:02:46,2022-10-04,False
9213,Prefer Not To Say,1979-08-14,Active,Georgetown,WV,34134,US,2018-10-11 19:04:17,2025-04-25,True
9812,Male,1948-08-24,Active,Fairview,RI,75427,US,2016-06-22 04:15:31,2025-02-25,True
84,Male,2001-11-10,Active,Salem,UT,29484,US,2020-11-19 23:36:46,2025-03-11,True
1092,Male,1993-11-16,Active,Clinton,MT,63567,US,2022-02-02 01:37:18,2025-11-09,True
1395,Male,1942-05-16,Inactive,Chester,MD,24937,US,2024-08-23 06:42:07,2025-07-22,False
1554,Female,1974-09-20,Inactive,Bristol,ID,22900,US,2016-06-23 10:46:36,2023-02-18,False
1757,Prefer Not To Say,1944-05-29,Active,Salem,NL,,CA,2017-07-28 05:26:49,2025-02-07,True
1915,Other,1970-11-02,Active,Boston,MA,66472,US,2018-12-25 13:33:42,2025-10-16,True
2157,Prefer Not To Say,1942-09-25,Active,Chandler,AZ,31238,US,2019-02-22 21:07:33,2025-12-25,True
2214,Other,1964-08-02,Inactive,Rockford,IL,60539,US,2015-07-31 13:45:47,2015-12-09,False
2288,Prefer Not To Say,1947-02-08,Inactive,Franklin,RI,44382,US,2017-11-20 09:27:53,2020-11-17,False
2557,Female,2002-11-11,Blocked,Calgary,AB,,CA,2019-11-12 06:11:48,2020-02-07,False
2600,Female,1947-06-09,Active,Chester,HI,47941,US,2022-05-30 03:18:38,2025-10-20,True
2718,Female,1998-09-16,Active,Franklin,WV,90067,US,2018-07-29 12:44:46,2024-12-30,True
2999,Female,1960-03-04,Active,Madison,MO,72106,US,2015-08-20 20:37:01,2025-04-04,True
3118,Male,1982-07-23,Active,Franklin,UT,38194,US,2022-12-19 09:55:34,2025-05-27,True
3168,Male,1970-09-22,Active,Springfield,KS,70320,US,2019-07-01 10:39:49,2025-08-09,True
3438,Female,1967-04-15,Active,Salem,KS,83441,US,2017-08-21 21:10:06,2025-11-14,True
3446,Female,1973-04-25,Inactive,Riverside,ND,99850,US,2023-07-31 04:27:51,2024-10-12,False
3698,Male,1959-01-07,Closed,Chester,MB,,CA,2025-10-11 02:50:46,2025-11-24,False
3846,Male,1954-10-15,Blocked,Fairview,NH,50401,US,2017-09-07 10:12:20,2024-10-11,False
4270,Male,1998-09-21,Inactive,Franklin,NE,57176,US,2021-11-25 04:21:38,2021-12-15,False
4334,Female,1975-12-28,Blocked,Chester,ID,96457,US,2021-11-24 08:34:28,2025-02-19,False
4440,Other,1953-06-03,Inactive,Madison,HI,49349,US,2023-05-30 01:59:00,2025-06-05,False
4540,Female,2004-04-19,Inactive,Georgetown,NU,,CA,2020-01-24 17:52:57,2021-03-10,False
4630,Female,1971-10-17,Inactive,Chester,YT,,CA,2017-01-17 19:10:55,2025-07-05,False
4649,Male,1943-12-20,Blocked,Sacramento,CA,37020,US,2021-11-06 21:15:36,2022-09-17,False
4958,Female,2005-04-21,Active,Bristol,IA,45784,US,2021-04-19 00:30:05,2025-03-22,True
5089,Female,1978-05-07,Inactive,Bristol,NB,,CA,2019-10-09 00:25:26,2023-08-24,False
5282,Male,1961-02-17,Active,Vancouver,WA,80466,US,2023-10-25 13:36:25,2025-07-05,True
6069,Female,1943-02-19,Closed,Calgary,AB,,CA,2022-08-09 07:37:17,2024-05-09,False
6200,Female,1984-08-17,Active,Franklin,MS,64216,US,2023-07-21 05:22:24,2025-12-13,True
6755,Female,1983-03-29,Blocked,Longueuil,QC,,CA,2023-09-16 11:24:38,2025-08-19,False
6934,Female,2003-06-05,Blocked,Clinton,ND,35386,US,2023-07-12 15:50:13,2024-01-14,False
7064,Female,1951-08-31,Active,Springfield,WV,63136,US,2017-04-22 16:00:20,2024-12-31,True
7132,Other,1949-11-17,Active,Allentown,PA,43418,US,2025-11-16 18:13:10,2025-12-03,True
7307,Female,1992-10-27,Active,Joliet,IL,96331,US,2021-02-25 05:50:59,2025-07-25,True
7532,Male,2003-03-12,Active,Georgetown,MT,87741,US,2025-11-21 18:52:59,2025-11-29,True
7644,Male,2003-09-28,Active,Orlando,FL,79169,US,2022-03-20 16:09:25,2025-07-06,True
7790,Male,1970-12-21,Active,Franklin,CT,92994,US,2017-05-26 11:30:22,2025-08-23,True
7929,Female,1968-06-14,Closed,Georgetown,MN,38315,US,2021-05-11 12:59:04,2024-09-30,False
8222,Male,1957-05-02,Active,Riverside,SD,72582,US,2020-12-22 13:45:41,2025-10-07,True
8224,Male,1986-04-30,Active,Tacoma,WA,52751,US,2018-12-03 19:00:02,2025-01-30,True
8857,Male,1979-08-17,Active,Chester,RI,51790,US,2022-10-28 22:11:04,2025-01-02,True
8967,Male,1952-04-23,Closed,Bristol,VT,67803,US,2016-02-19 14:50:52,2018-12-30,False
9115,Male,1960-05-11,Active,San Antonio,TX,65741,US,2025-08-14 04:49:45,2025-10-05,True
9430,Female,2010-09-05,Active,Augusta,GA,29908,US,2024-05-23 04:16:37,2025-11-22,True
9528,Male,1943-08-06,Active,Chester,MT,30622,US,2016-11-07 23:56:51,2025-04-14,True
9813,Male,1946-03-04,Blocked,Tampa,FL,21908,US,2020-06-21 16:05:23,2021-08-01,False
9819,Male,1970-11-10,Active,Bristol,MO,98504,US,2015-06-28 06:23:37,2025-12-24,True
9823,Female,1968-03-24,Active,Springfield,KY,79824,US,2017-12-24 14:54:37,2025-09-17,True
67,Prefer Not To Say,1974-10-18,Active,Hamilton,ON,,CA,2024-07-09 23:46:19,2025-11-02,True
244,Male,1986-07-02,Active,Springfield,VA,88719,US,2024-08-25 14:37:20,2025-12-04,True
317,Female,1997-02-12,Active,London,ON,,CA,2016-08-17 19:21:34,2025-02-05,True
577,Male,1954-06-28,Active,Franklin,ID,39761,US,2018-10-24 20:00:04,2025-01-30,True
663,Male,1945-04-25,Active,Madison,SD,35885,US,2015-02-22 06:26:00,2025-05-07,True
715,Female,1992-12-05,Active,Fort Worth,TX,39178,US,2016-04-19 06:58:25,2025-02-08,True
886,Male,1992-07-17,Active,Chester,MB,,CA,2019-07-31 07:12:30,2025-03-04,True
1248,Male,1979-03-11,Active,Franklin,SD,75090,US,2016-02-27 08:55:48,2025-11-06,True
1346,Male,1948-11-22,Inactive,Madison,MB,,CA,2025-10-02 17:23:37,2025-10-10,False
1381,Female,1960-04-23,Active,Chester,CT,25984,US,2019-07-13 15:41:54,2025-08-11,True
1451,Prefer Not To Say,1949-10-27,Inactive,Richmond,BC,,CA,2016-02-25 13:08:22,2022-08-01,False
1624,Male,1985-05-27,Active,Bristol,ND,76913,US,2020-12-26 18:54:01,2025-06-25,True
1963,Prefer Not To Say,1948-06-06,Inactive,Albany,NY,16702,US,2019-11-11 21:12:39,2022-02-14,False
2012,Male,1961-05-09,Active,Franklin,HI,63298,US,2015-11-27 13:55:28,2025-10-18,True
2135,Male,1990-09-18,Active,Montreal,QC,,CA,2017-05-24 03:11:12,2025-12-08,True
2374,Male,1988-03-21,Active,Fairview,NH,67052,US,2015-03-27 18:34:30,2025-05-27,True
2679,Female,1968-09-21,Active,Tucson,AZ,26551,US,2018-12-09 18:45:21,2025-02-24,True
2821,Female,1987-04-16,Active,Tucson,AZ,19302,US,2017-12-11 16:31:07,2025-08-16,True
2900,Female,1968-12-19,Active,Bristol,TN,30530,US,2017-05-07 21:48:53,2025-04-30,True
2932,Male,1999-11-11,Active,Macon,GA,42134,US,2022-02-07 15:50:14,2025-04-29,True
3073,Prefer Not To Say,1947-07-29,Active,Riverside,NU,,CA,2016-03-16 11:16:43,2025-02-23,True
3133,Male,1960-01-18,Closed,Bristol,OR,24963,US,2024-05-08 03:39:11,2025-05-21,False
3222,Male,1955-09-02,Active,Chester,AR,78238,US,2024-12-09 15:58:45,2025-11-26,True
3322,Female,1983-10-02,Closed,Georgetown,HI,66016,US,2023-09-01 21:16:45,2025-01-29,False
3424,Female,1990-09-05,Active,Franklin,KY,18586,US,2020-09-27 01:58:02,2025-05-03,True
3444,Male,1952-11-08,Active,Salem,AK,46369,US,2016-01-17 08:37:48,2025-07-08,True
3520,Male,1960-12-11,Inactive,Georgetown,VT,47554,US,2025-02-18 21:21:26,2025-07-10,False
3564,Male,1976-09-12,Active,Toledo,OH,28836,US,2020-10-12 03:01:26,2025-08-26,True
3871,Male,1965-02-20,Inactive,Riverside,AL,91048,US,2019-01-05 16:31:00,2019-06-08,False
4016,Male,1984-05-14,Closed,Bristol,KS,74676,US,2016-10-22 22:55:16,2022-01-23,False
4095,Female,1994-08-15,Active,Longueuil,QC,,CA,2021-10-10 03:48:28,2025-11-01,True
4320,Female,1984-09-04,Blocked,Madison,ND,72346,US,2015-11-23 06:59:58,2020-07-22,False
4383,Prefer Not To Say,1943-01-10,Active,Detroit,MI,37659,US,2016-05-28 05:41:30,2025-01-20,True
4527,Male,1970-02-18,Inactive,Springfield,KY,47524,US,2023-12-21 03:34:24,2024-05-15,False
4544,Female,2000-03-11,Active,Springfield,WV,30057,US,2024-02-21 12:32:15,2025-03-29,True
4856,Female,1944-02-13,Active,Columbus,OH,62261,US,2015-06-14 17:48:02,2025-06-27,True
4905,Female,1987-04-19,Active,Salem,AR,70828,US,2016-05-21 09:47:53,2025-01-11,True
4959,Male,1998-12-06,Active,Fairview,SK,,CA,2024-05-29 10:16:07,2025-12-11,True
5908,Female,1990-05-18,Active,Syracuse,NY,89135,US,2015-04-03 10:50:18,2025-03-04,True
6005,Male,1947-09-10,Inactive,Richmond,BC,,CA,2018-11-01 21:36:12,2020-08-24,False
6112,Female,1969-04-20,Inactive,Clinton,NM,18835,US,2015-11-06 12:20:33,2016-03-03,False
6145,Female,1986-05-14,Active,Clinton,RI,62949,US,2020-11-19 08:57:54,2025-03-18,True
6398,Male,1948-04-09,Inactive,Franklin,VT,61032,US,2017-02-07 16:02:37,2022-04-23,False
6451,Female,1970-04-25,Active,Fairview,MS,72607,US,2025-07-30 14:45:28,2025-08-03,True
6504,Male,1969-07-14,Active,Clinton,HI,32392,US,2025-02-12 05:34:59,2025-03-06,True
6544,Male,1964-03-29,Active,Springfield,MA,39262,US,2021-07-29 09:56:51,2025-07-29,True
6649,Male,1996-05-20,Inactive,Jacksonville,FL,14923,US,2016-11-02 09:44:33,2018-05-06,False
6796,Female,1948-04-29,Inactive,Clinton,NT,,CA,2015-03-02 07:25:26,2017-08-12,False
6943,Male,1954-02-08,Active,Cambridge,MA,68112,US,2024-08-23 00:34:23,2025-02-05,True
7386,Male,1966-11-04,Active,Springfield,NS,,CA,2022-01-06 13:24:06,2025-06-14,True
7773,Male,1978-02-16,Inactive,Bristol,NJ,83278,US,2019-04-22 14:28:53,2025-01-05,False
8024,Male,1968-10-23,Active,Riverside,SC,83478,US,2015-10-15 21:19:48,2025-02-01,True
8670,Female,1967-11-23,Active,Salem,AL,85176,US,2018-10-19 12:54:00,2025-01-15,True
8741,Male,1997-07-14,Inactive,Springfield,NU,,CA,2018-02-21 11:34:59,2025-09-05,False
9474,Other,1960-04-22,Active,Cincinnati,OH,94345,US,2020-05-24 04:21:34,2025-01-12,True
9573,Female,1973-08-05,Active,Franklin,SC,54376,US,2018-02-15 19:43:16,2025-08-09,True
9659,Other,1959-12-17,Active,Savannah,GA,55384,US,2017-01-30 01:16:00,2025-01-02,True
169,Female,1948-09-05,Active,Fairview,VA,68226,US,2017-02-27 19:34:36,2025-11-28,True
1220,Other,1972-01-12,Active,Madison,NE,91225,US,2019-01-31 09:20:05,2025-09-22,True
1330,Prefer Not To Say,1959-06-15,Closed,Sparks,NV,65685,US,2025-02-03 20:48:19,2025-05-17,False
1417,Female,1958-02-02,Active,Madison,NL,,CA,2017-06-11 08:22:43,2025-05-11,True
1604,Male,1979-11-19,Inactive,Madison,RI,11846,US,2023-10-18 00:10:28,2024-06-15,False
2062,Male,1998-04-08,Closed,Riverside,KY,67399,US,2015-10-27 09:03:39,2022-05-08,False
2137,Male,1991-06-23,Inactive,Clinton,NE,87131,US,2016-05-13 20:47:24,2016-11-02,False
2356,Female,1983-09-12,Active,Allentown,PA,87273,US,2017-03-14 12:04:00,2025-11-15,True
2386,Male,1982-11-19,Active,Springfield,NL,,CA,2023-08-05 07:22:18,2025-08-02,True
2524,Male,1976-11-16,Active,Vancouver,WA,24590,US,2022-08-16 04:50:18,2025-08-30,True
3538,Female,1985-10-09,Inactive,Salem,VA,73758,US,2021-08-24 12:09:25,2023-04-09,False
3969,Male,1983-05-07,Inactive,Fairview,AR,30572,US,2021-10-04 17:31:19,2024-03-28,False
4449,Male,1972-09-20,Active,Los Angeles,CA,94242,US,2024-12-23 07:46:41,2025-02-05,True
5001,Female,1944-12-05,Blocked,Salem,DE,65718,US,2020-08-29 01:03:23,2025-11-11,False
5203,Female,1945-12-14,Inactive,Franklin,ND,80887,US,2024-01-12 05:17:56,2025-11-01,False
5349,Male,1963-08-06,Inactive,Vancouver,WA,70810,US,2019-04-22 18:56:58,2024-12-08,False
5425,Male,1987-05-30,Active,Georgetown,MT,81012,US,2025-01-16 08:58:09,2025-08-25,True
5597,Male,1946-01-22,Active,Akron,OH,11769,US,2022-08-01 01:50:28,2025-11-04,True
5865,Female,1956-05-13,Active,Jacksonville,FL,74845,US,2018-02-12 09:09:59,2025-11-27,True
5995,Male,1964-08-10,Closed,Tampa,FL,87471,US,2018-01-08 01:25:37,2024-02-25,False
6195,Female,1995-10-23,Closed,Clinton,NE,93569,US,2025-02-03 17:59:18,2025-03-19,False
6306,Male,1979-10-08,Active,Chester,LA,55782,US,2018-05-01 23:19:31,2025-10-23,True
6543,Female,1953-10-24,Inactive,Reno,NV,85515,US,2015-07-19 14:47:15,2019-09-06,False
6665,Female,1963-12-13,Active,Georgetown,NJ,58093,US,2016-12-20 04:51:05,2025-07-25,True
6817,Prefer Not To Say,2002-06-17,Active,Salem,WY,53282,US,2020-11-14 21:29:05,2025-06-07,True
6964,Male,2007-05-14,Active,Georgetown,WV,98714,US,2025-04-01 04:52:50,2025-11-15,True
7148,Female,1952-09-15,Inactive,Fairview,MS,69889,US,2016-11-14 04:28:30,2023-10-21,False
7289,Female,1951-10-17,Active,Fairview,IA,25444,US,2019-09-30 07:31:51,2025-06-08,True
7327,Female,1969-07-19,Active,Bristol,MO,72279,US,2016-09-11 01:34:40,2025-05-15,True
8206,Male,1964-03-12,Inactive,Georgetown,OK,89876,US,2016-10-10 18:36:39,2018-02-20,False
8227,Male,1944-05-14,Inactive,Georgetown,MT,92778,US,2020-03-26 22:46:36,2022-09-11,False
8238,Male,1951-03-20,Closed,Atlanta,GA,30661,US,2019-11-02 12:10:18,2024-08-31,False
8339,Female,1942-10-01,Active,Riverside,WV,81275,US,2021-08-08 19:00:06,2025-03-08,True
8596,Male,1971-05-07,Active,Fairview,NM,78859,US,2019-11-13 20:15:16,2025-03-17,True
9266,Female,1960-09-16,Active,Chester,NB,,CA,2022-07-26 09:24:35,2025-08-01,True
9290,Female,1954-02-12,Active,Georgetown,MN,49590,US,2020-12-27 22:54:02,2025-11-12,True
9420,Female,2000-11-11,Closed,Madison,NL,,CA,2025-11-27 18:42:51,2025-12-18,False
9534,Female,1986-03-02,Closed,Longueuil,QC,,CA,2023-10-01 15:07:14,2024-12-17,False
9752,Female,2005-04-30,Active,Columbus,OH,96539,US,2021-08-08 10:01:37,2025-04-25,True
9874,Female,1973-09-19,Active,Bristol,IN,93248,US,2025-06-17 01:15:14,2025-08-21,True
327,Female,1943-01-01,Active,Franklin,NU,,CA,2019-05-12 18:22:23,2025-06-12,True
524,Male,1965-04-16,Active,Clinton,SD,85109,US,2020-11-27 00:19:20,2025-12-03,True
542,Female,1949-08-07,Inactive,Clinton,NT,,CA,2018-01-26 17:39:27,2023-06-24,False
564,Male,1950-11-19,Active,Madison,AR,41718,US,2020-04-30 11:50:57,2025-03-29,True
683,Male,1988-03-24,Closed,Fairview,HI,80830,US,2023-07-15 09:11:34,2024-12-09,False
1036,Male,1954-01-03,Closed,Montreal,QC,,CA,2020-06-10 21:01:49,2023-09-13,False
1087,Female,1973-10-12,Closed,Riverside,YT,,CA,2024-08-25 01:49:26,2024-12-14,False
1140,Female,1968-12-22,Active,Madison,NB,,CA,2024-06-30 03:02:55,2025-01-08,True
1575,Female,1942-12-05,Active,Springfield,VA,85938,US,2025-10-11 12:29:45,2025-12-15,True
1779,Prefer Not To Say,1996-04-18,Active,Bristol,WY,86091,US,2021-01-28 16:20:21,2025-10-03,True
1995,Female,1942-08-05,Blocked,Chester,WV,28658,US,2016-04-22 11:38:07,2022-10-02,False
2088,Female,1972-02-11,Active,Salem,UT,77203,US,2022-09-14 01:01:47,2025-09-24,True
2125,Female,1958-05-22,Active,Fairview,NB,,CA,2016-10-12 03:17:07,2025-03-18,True
2547,Male,1952-10-11,Active,Surrey,BC,,CA,2020-11-27 11:45:14,2025-10-01,True
3151,Male,2006-07-01,Inactive,Georgetown,VA,87362,US,2025-12-16 12:24:01,2025-12-21,False
3183,Male,2009-10-13,Active,Fairview,NJ,41056,US,2024-07-13 07:38:33,2025-05-27,True
3412,Male,1995-01-11,Active,Chester,WY,44206,US,2022-03-09 19:57:56,2025-06-08,True
3422,Male,1985-05-08,Active,Vancouver,WA,83146,US,2022-11-07 02:53:07,2025-08-28,True
3555,Male,1961-04-20,Active,Detroit,MI,94623,US,2019-01-06 20:47:15,2025-12-08,True
3746,Male,1987-04-19,Inactive,Clinton,WY,92476,US,2024-06-20 19:41:46,2024-09-06,False
3790,Other,1988-07-28,Inactive,Madison,VT,45726,US,2025-04-17 18:45:50,2025-10-30,False
3819,Female,1992-07-17,Closed,Bristol,UT,94559,US,2020-11-24 09:29:19,2024-10-06,False
3897,Female,1972-05-20,Active,Durham,NC,71242,US,2017-01-16 08:16:47,2025-02-12,True
4779,Male,1985-04-25,Inactive,Fort Collins,CO,71402,US,2019-09-12 19:05:29,2022-08-06,False
4899,Female,1992-08-22,Active,Fort Collins,CO,62551,US,2016-10-26 03:11:54,2025-02-27,True
5025,Male,1945-04-15,Active,San Francisco,CA,71706,US,2020-05-03 06:49:56,2025-06-29,True
5171,Female,2001-01-15,Active,Victoria,BC,,CA,2025-05-28 00:54:38,2025-11-21,True
5480,Male,1946-04-01,Active,Franklin,MD,63610,US,2015-10-21 07:46:27,2025-09-29,True
5749,Female,1954-08-15,Inactive,Clinton,NB,,CA,2020-11-07 00:01:37,2023-06-17,False
6130,Female,1989-02-04,Inactive,Georgetown,TN,48299,US,2015-12-22 15:25:52,2017-10-07,False
6279,Female,1973-01-09,Inactive,Springfield,ID,33692,US,2016-10-27 18:12:49,2020-01-11,False
6382,Male,1944-10-01,Active,Fairview,RI,47885,US,2020-07-05 14:49:29,2025-06-28,True
6439,Other,1941-06-07,Active,Rochester,NY,63003,US,2021-01-12 22:30:36,2025-11-08,True
6558,Female,1990-08-20,Inactive,Springfield,MB,,CA,2017-12-01 23:42:50,2025-01-20,False
6777,Female,1996-02-25,Active,Tucson,AZ,95883,US,2023-11-10 16:59:39,2025-12-11,True
6863,Male,1972-12-21,Active,Franklin,OR,43091,US,2021-09-21 16:21:59,2025-07-16,True
6884,Male,1961-04-06,Active,Clinton,KS,51163,US,2015-11-03 18:23:25,2025-05-20,True
7361,Other,1980-01-10,Active,Scottsdale,AZ,96200,US,2021-03-30 11:20:11,2025-08-02,True
7396,Female,1972-02-01,Active,Fairview,KY,22931,US,2016-02-16 01:09:35,2025-12-10,True
7767,Male,1947-12-24,Active,Bristol,VA,26532,US,2025-04-02 11:24:55,2025-10-17,True
7916,Male,1959-01-24,Active,Fairview,IA,19303,US,2024-07-09 11:49:20,2025-09-12,True
7925,Male,1961-05-14,Active,Madison,MT,45086,US,2024-02-22 08:44:27,2025-11-22,True
8117,Male,1944-10-15,Closed,Riverside,NH,71299,US,2020-04-16 23:27:43,2023-07-05,False
8209,Female,1979-05-03,Active,Atlanta,GA,94302,US,2019-12-12 00:11:51,2025-03-05,True
8362,Prefer Not To Say,1985-11-02,Active,Riverside,NB,,CA,2018-04-07 00:21:08,2025-11-18,True
8629,Prefer Not To Say,1970-10-27,Active,Chester,MS,63742,US,2025-11-08 02:05:35,2025-11-13,True
8734,Other,1950-12-21,Active,Chester,ND,42072,US,2023-04-09 01:12:23,2025-09-11,True
8760,Female,1971-10-16,Blocked,Riverside,HI,97849,US,2015-03-06 09:25:26,2020-02-06,False
8900,Male,1982-08-30,Inactive,Bristol,MO,90648,US,2022-09-27 16:01:27,2025-08-17,False
9148,Male,1992-07-19,Active,Georgetown,NB,,CA,2017-06-28 16:00:36,2025-03-27,True
9236,Male,1945-11-08,Active,Georgetown,SC,84826,US,2016-08-16 14:45:05,2025-09-05,True
9484,Other,1954-03-04,Active,Georgetown,LA,41464,US,2022-12-06 13:39:12,2025-03-14,True
9726,Female,1957-10-08,Active,Vancouver,WA,67697,US,2024-06-20 22:13:13,2025-08-18,True
9807,Male,1995-11-16,Closed,Franklin,OR,93396,US,2023-04-23 18:56:53,2024-03-03,False
9825,Prefer Not To Say,1987-04-12,Active,Bristol,WV,75259,US,2024-04-08 01:39:25,2025-09-20,True
9901,Male,1976-05-22,Active,Bristol,AL,86473,US,2023-10-16 13:03:30,2025-08-27,True
121,Female,2007-08-30,Blocked,Georgetown,AK,59183,US,2020-12-18 16:19:36,2025-01-11,False
390,Prefer Not To Say,2008-12-04,Active,Georgetown,KY,82914,US,2025-12-24 07:22:42,2025-12-25,True
515,Male,1974-09-19,Active,Chester,TN,93522,US,2025-11-11 08:46:47,2025-12-01,True
567,Other,1991-03-29,Inactive,Greensboro,NC,36805,US,2015-06-27 02:43:21,2021-07-14,False
722,Male,1989-04-30,Active,Fairview,NM,81302,US,2025-05-21 15:32:14,2025-10-19,True
864,Male,1974-11-12,Closed,Athens,GA,85452,US,2025-09-12 01:02:18,2025-09-27,False
1003,Male,1957-03-15,Blocked,Bristol,AL,77001,US,2018-11-05 20:45:52,2023-09-01,False
1006,Male,1972-07-15,Active,Chester,ID,41752,US,2015-11-22 17:32:32,2025-06-28,True
1143,Female,1993-08-13,Blocked,Madison,ID,23631,US,2022-12-31 11:15:59,2023-05-15,False
1147,Female,1984-03-20,Closed,Reno,NV,24838,US,2025-10-14 02:03:03,2025-10-23,False
1292,Male,1993-01-27,Active,Georgetown,IN,93777,US,2024-06-16 12:37:46,2025-09-12,True
1320,Male,1945-03-02,Inactive,Reno,NV,27136,US,2015-04-28 02:58:28,2021-09-13,False
1371,Female,2006-12-15,Active,Victoria,BC,,CA,2021-11-29 15:16:49,2025-02-04,True
1444,Female,1962-10-20,Inactive,Bristol,ME,39985,US,2022-09-07 05:13:04,2023-09-10,False
1503,Other,1948-02-26,Blocked,Fairview,SC,79914,US,2019-01-24 09:30:52,2025-08-04,False
2039,Male,1992-07-30,Active,Madison,KS,16777,US,2023-08-05 21:37:34,2025-11-01,True
2252,Female,1955-08-15,Blocked,Riverside,SC,37972,US,2016-04-27 09:23:15,2017-07-07,False
2901,Male,1977-07-21,Active,Fairview,HI,56063,US,2022-01-31 14:51:58,2025-05-02,True
3125,Prefer Not To Say,1972-07-14,Inactive,Franklin,SD,81308,US,2018-05-20 21:56:30,2020-06-03,False
3999,Female,1973-10-08,Active,Salem,IN,15570,US,2015-08-20 12:17:31,2025-06-26,True
4067,Female,1963-07-06,Blocked,Madison,KY,69672,US,2020-06-26 11:10:20,2020-12-28,False
4117,Female,1968-10-22,Closed,Fairview,MT,49403,US,2019-02-05 06:16:41,2022-06-16,False
4924,Female,1960-05-28,Active,Franklin,LA,10938,US,2022-03-03 12:22:46,2025-04-08,True
5138,Male,1986-08-18,Active,Chester,MT,17258,US,2024-02-10 01:15:50,2025-03-23,True
5305,Male,1965-08-31,Active,Riverside,NL,,CA,2021-10-16 12:22:51,2025-05-30,True
5991,Female,1973-03-11,Blocked,Fairview,MB,,CA,2019-03-18 03:27:31,2025-06-09,False
6074,Female,1997-12-11,Active,Fairview,WV,67162,US,2025-10-22 13:37:27,2025-12-24,True
6111,Male,1993-05-09,Active,Sparks,NV,98973,US,2022-04-03 03:15:18,2025-06-13,True
6503,Other,1953-07-06,Active,Durham,NC,12674,US,2019-12-11 07:19:33,2025-12-10,True
6793,Male,1993-05-04,Active,Reading,PA,35008,US,2019-11-01 19:39:44,2025-11-08,True
7015,Male,1953-09-29,Active,Athens,GA,90007,US,2017-01-09 22:17:20,2025-04-07,True
7052,Male,1978-04-14,Active,Georgetown,MD,74194,US,2023-09-23 01:57:49,2025-06-26,True
7146,Female,1947-06-04,Active,Madison,NE,36120,US,2025-02-25 02:52:19,2025-08-18,True
7589,Female,1980-11-02,Closed,Riverside,ME,36217,US,2022-04-05 00:57:30,2024-08-14,False
7666,Female,1948-09-24,Active,Georgetown,VT,51840,US,2020-12-27 08:24:56,2025-01-07,True
7709,Other,1968-06-27,Closed,Edmonton,AB,,CA,2015-11-06 03:45:00,2015-12-28,False
8353,Female,1979-04-17,Active,Fairview,ND,72825,US,2019-06-20 10:37:45,2025-08-30,True
8590,Male,2001-11-14,Active,New York,NY,31461,US,2025-08-06 01:22:19,2025-08-23,True
8781,Female,1957-12-12,Closed,Fairview,NB,,CA,2015-10-14 14:52:19,2016-09-13,False
8891,Male,1973-06-06,Active,Clinton,NE,20660,US,2022-04-03 04:47:18,2025-11-16,True
8935,Female,1958-07-07,Inactive,Madison,NE,64275,US,2015-04-16 04:20:10,2021-08-23,False
9098,Male,2010-05-19,Active,Georgetown,TN,98381,US,2024-06-07 07:13:28,2025-03-13,True
9432,Male,2001-05-17,Inactive,Bristol,MD,22649,US,2016-10-28 00:11:28,2020-03-23,False
9746,Male,1974-10-03,Active,Riverside,MD,10716,US,2019-10-31 10:19:24,2025-06-30,True
9990,Male,1999-08-31,Active,Reno,NV,56978,US,2019-05-18 23:36:36,2025-02-02,True
279,Female,1985-03-07,Active,Chicago,IL,99647,US,2018-03-03 18:21:40,2025-11-21,True
460,Male,1965-12-31,Active,Bristol,DE,44849,US,2025-07-11 19:32:29,2025-10-17,True
824,Male,1976-04-12,Active,Chester,CT,13059,US,2015-03-12 15:20:54,2025-11-13,True
1045,Male,1961-01-20,Active,Fort Collins,CO,94270,US,2022-02-05 11:05:45,2025-01-03,True
1539,Female,2002-12-11,Inactive,Riverside,RI,63649,US,2024-06-05 03:10:28,2025-09-15,False
1760,Male,1969-06-13,Closed,Salem,NH,77674,US,2016-08-15 09:08:27,2023-05-16,False
2045,Female,1943-05-21,Active,Clinton,MN,80792,US,2017-03-24 17:31:20,2025-09-10,True
2050,Male,1961-08-10,Closed,Madison,SD,88924,US,2015-03-21 22:47:04,2015-04-08,False
2255,Male,1993-04-03,Active,Madison,HI,18972,US,2024-05-26 10:56:18,2025-12-10,True
2421,Male,1975-10-17,Active,Springfield,NM,27232,US,2025-02-05 17:53:19,2025-10-06,True
2550,Male,1945-02-28,Active,Franklin,NS,,CA,2020-01-08 09:57:02,2025-05-22,True
2644,Female,1992-09-03,Active,Philadelphia,PA,88903,US,2024-12-27 00:25:49,2025-05-11,True
2701,Female,1968-06-11,Closed,Raleigh,NC,49940,US,2024-04-22 17:09:44,2024-08-08,False
2714,Male,1993-06-08,Active,Durham,NC,54310,US,2021-12-03 20:54:09,2025-02-06,True
2851,Other,1944-07-02,Active,Chester,VA,33861,US,2020-12-18 16:41:44,2025-09-27,True
2889,Female,1975-02-21,Active,Reno,NV,52651,US,2022-08-06 00:42:21,2025-05-30,True
2890,Male,1995-06-28,Active,Lowell,MA,80758,US,2020-10-07 17:13:20,2025-10-02,True
3130,Male,1987-11-01,Active,Fairview,ID,79785,US,2023-07-19 11:37:28,2025-01-19,True
3359,Male,1951-05-15,Active,Madison,NB,,CA,2018-02-15 03:38:39,2025-10-04,True
3572,Male,1944-11-24,Closed,Sparks,NV,24859,US,2020-06-05 22:53:29,2022-05-12,False
3648,Male,1941-10-20,Active,Franklin,RI,90757,US,2016-03-05 04:23:48,2025-07-25,True
3730,Other,1962-02-23,Active,Chester,WV,64963,US,2023-09-10 07:34:12,2025-09-18,True
3825,Female,1979-08-12,Active,Bristol,SC,36738,US,2022-12-04 06:05:50,2025-08-02,True
4033,Female,1954-07-25,Active,Bristol,HI,24691,US,2024-10-18 05:05:20,2025-04-28,True
4154,Male,1973-10-21,Inactive,Salem,AK,90489,US,2024-08-23 07:35:48,2025-05-26,False
4221,Female,1951-12-04,Active,Phoenix,AZ,32652,US,2025-09-13 20:27:18,2025-11-23,True
4606,Male,1996-12-22,Blocked,Chester,NE,31593,US,2023-02-24 23:29:15,2024-10-30,False
4692,Male,2008-04-26,Active,Salem,AL,25759,US,2024-12-29 06:15:21,2025-06-29,True
4762,Male,2000-03-01,Active,Chester,MS,58289,US,2021-04-16 06:41:58,2025-01-26,True
4876,Female,1995-09-15,Closed,Fairview,OR,55927,US,2018-10-05 10:34:32,2019-11-17,False
5087,Male,1944-11-30,Active,Chester,ND,95541,US,2021-11-09 12:56:43,2025-12-16,True
5183,Male,2008-11-23,Active,Bristol,YT,,CA,2025-02-05 16:28:12,2025-08-30,True
5268,Female,1983-03-02,Active,Springfield,NU,,CA,2015-12-27 18:04:52,2025-04-27,True
5588,Female,1962-09-09,Active,Augusta,GA,39134,US,2022-03-30 03:53:16,2025-03-10,True
5731,Male,1968-04-06,Inactive,Rochester,NY,83243,US,2024-07-28 15:51:18,2024-11-08,False
5795,Male,1990-11-07,Active,Riverside,MO,78170,US,2022-10-16 07:03:10,2025-12-18,True
5856,Male,1951-11-02,Active,Durham,NC,43231,US,2020-08-24 07:30:29,2025-01-06,True
6211,Female,1993-01-19,Active,Franklin,DE,66215,US,2017-08-27 02:09:09,2025-05-01,True
6265,Male,1949-10-18,Active,Clinton,KY,79017,US,2016-06-14 15:37:49,2025-08-02,True
6422,Prefer Not To Say,1941-12-21,Active,Fairview,LA,20432,US,2016-08-17 14:06:34,2025-05-16,True
6548,Male,1951-05-20,Closed,Hamilton,ON,,CA,2016-12-30 11:58:17,2017-01-16,False
6809,Female,1948-07-14,Active,Vancouver,WA,92641,US,2022-11-13 07:34:03,2025-11-01,True
7104,Female,1943-11-09,Closed,Bristol,WY,68826,US,2021-06-16 16:50:57,2025-01-09,False
7288,Female,1996-01-29,Active,Erie,PA,68880,US,2015-11-28 12:11:06,2025-10-16,True
7337,Female,1961-11-15,Active,Sparks,NV,16212,US,2019-02-01 09:09:03,2025-10-25,True
7355,Male,1954-01-09,Inactive,Colorado Springs,CO,97141,US,2020-05-12 05:59:19,2022-09-17,False
8130,Female,1999-10-26,Active,Fort Lauderdale,FL,20530,US,2022-04-04 03:34:04,2025-06-04,True
8380,Female,1995-03-25,Active,Springfield,MB,,CA,2015-08-19 13:38:09,2025-01-26,True
8388,Female,1978-01-24,Active,Salem,PE,,CA,2025-12-09 13:57:59,2025-12-10,True
8443,Female,1995-08-12,Active,Georgetown,MD,10144,US,2019-04-10 17:33:48,2025-09-24,True
8495,Female,2006-10-18,Active,Franklin,OR,45117,US,2021-05-05 07:48:06,2025-11-16,True
8928,Female,1986-06-18,Active,Savannah,GA,44644,US,2015-06-12 17:02:38,2024-12-28,True
8973,Male,1958-08-03,Active,Riverside,VA,58379,US,2015-08-28 02:41:35,2025-11-15,True
9255,Male,1989-07-16,Inactive,Toledo,OH,10067,US,2024-02-27 04:11:19,2024-12-27,False
9762,Male,1941-06-14,Inactive,Clinton,MO,84517,US,2017-04-06 22:06:22,2025-07-30,False
9893,Male,2004-04-26,Active,Springfield,AR,13982,US,2025-10-18 22:41:42,2025-10-29,True
9969,Female,1994-08-20,Active,Salem,ND,82771,US,2023-12-05 04:46:23,2025-04-29,True
291,Male,2000-07-15,Active,Bristol,IA,15344,US,2019-07-16 08:09:45,2025-07-04,True
323,Male,1971-09-04,Inactive,San Diego,CA,92460,US,2018-05-28 17:38:20,2021-11-11,False
398,Female,1980-07-24,Inactive,Cincinnati,OH,18645,US,2020-04-26 16:18:32,2021-01-26,False
545,Female,1991-06-11,Active,Fairview,SC,15184,US,2024-04-25 13:54:26,2025-10-26,True
576,Prefer Not To Say,1943-09-02,Active,Salem,MN,55995,US,2025-05-13 02:58:45,2025-10-11,True
625,Other,1962-11-30,Active,Bristol,ME,73295,US,2017-03-23 07:20:17,2025-11-24,True
637,Male,1990-05-10,Blocked,Fairview,LA,94861,US,2023-02-12 23:22:08,2024-06-14,False
1013,Male,1947-07-24,Inactive,Fairview,NS,,CA,2015-02-21 14:48:00,2025-08-21,False
1059,Male,1965-01-20,Active,Fairview,AK,34786,US,2020-10-26 21:36:22,2025-05-04,True
1298,Other,1981-01-18,Active,Bristol,NB,,CA,2021-04-24 22:47:13,2025-04-14,True
1343,Male,1986-07-31,Active,Bristol,ND,94150,US,2022-05-20 00:13:58,2025-07-31,True
1519,Male,1972-11-11,Active,Georgetown,SK,,CA,2024-10-07 13:00:38,2025-02-24,True
1810,Female,1946-09-15,Inactive,Bristol,MS,37659,US,2015-05-25 18:40:54,2025-04-30,False
2203,Male,1968-10-26,Active,Buffalo,NY,14352,US,2019-02-28 14:46:06,2025-04-14,True
2210,Male,1988-08-20,Active,San Diego,CA,57679,US,2022-12-14 12:37:02,2025-01-06,True
2283,Female,1979-07-25,Active,Springfield,WI,25552,US,2016-09-05 08:17:42,2025-03-30,True
3093,Female,1955-11-29,Inactive,Bristol,MD,23885,US,2025-10-31 07:08:05,2025-12-21,False
3249,Male,2001-11-25,Inactive,Boulder,CO,38200,US,2021-05-23 03:19:49,2025-04-03,False
3262,Female,1961-05-26,Inactive,Toledo,OH,51033,US,2015-09-23 11:04:17,2016-01-17,False
3307,Female,1953-04-22,Closed,Mississauga,ON,,CA,2017-03-30 04:24:35,2020-11-10,False
3410,Female,1950-06-17,Active,Chester,UT,76287,US,2015-06-18 02:49:37,2025-04-13,True
3414,Prefer Not To Say,1986-11-07,Inactive,Clinton,MT,51371,US,2024-08-21 21:01:12,2024-09-13,False
3492,Prefer Not To Say,1983-01-20,Active,Fairview,MS,12255,US,2015-04-08 02:12:42,2025-03-30,True
3562,Female,1968-12-29,Active,Springfield,MS,89272,US,2016-09-20 15:48:12,2025-06-20,True
3654,Female,1992-11-10,Active,Chicago,IL,83474,US,2016-11-08 23:50:24,2025-01-30,True
4127,Male,1979-02-14,Active,Riverside,IA,81372,US,2015-01-21 19:23:06,2025-11-16,True
4367,Female,1943-11-11,Active,Bristol,UT,21489,US,2024-03-05 14:13:35,2025-08-12,True
4448,Male,1958-01-17,Inactive,Madison,CT,72881,US,2017-12-23 04:52:27,2020-07-10,False
4511,Male,1977-05-28,Active,Hamilton,ON,,CA,2018-06-12 02:32:20,2025-01-28,True
4990,Female,1949-08-20,Active,Georgetown,IA,52578,US,2024-03-04 23:32:42,2025-12-05,True
4994,Male,1960-02-14,Active,Riverside,OK,90879,US,2016-07-29 22:37:00,2025-07-20,True
5067,Female,1954-11-02,Active,Riverside,NE,13428,US,2024-03-16 06:30:55,2025-09-04,True
5104,Female,1974-11-20,Active,Allentown,PA,14527,US,2025-07-12 15:49:24,2025-10-11,True
5312,Female,1979-07-30,Active,Lowell,MA,47828,US,2017-09-09 18:27:41,2025-07-30,True
5510,Female,1974-08-03,Active,Franklin,MD,77716,US,2022-09-01 11:39:58,2025-03-08,True
5592,Male,1954-06-12,Blocked,Fairview,DE,86680,US,2025-12-08 03:21:26,2025-12-20,False
5711,Male,1944-06-03,Active,Madison,IN,40655,US,2017-09-11 09:23:22,2024-12-25,True
5726,Male,1941-07-14,Inactive,Springfield,NT,,CA,2019-07-17 03:54:59,2021-11-30,False
6769,Male,1990-04-24,Active,Raleigh,NC,18041,US,2018-10-18 16:19:51,2025-10-16,True
6832,Female,1968-12-10,Inactive,Fairview,CT,43630,US,2016-02-09 18:45:06,2022-01-12,False
7221,Female,1955-07-17,Active,Georgetown,KY,70842,US,2017-05-03 09:24:16,2025-09-04,True
7276,Prefer Not To Say,1990-12-29,Closed,Salem,NT,,CA,2018-12-16 20:23:51,2022-07-02,False
7319,Male,1980-06-29,Active,Chester,SD,32937,US,2025-01-15 19:05:30,2025-01-16,True
7423,Male,1977-11-11,Active,Springfield,NT,,CA,2020-04-22 16:32:38,2025-03-13,True
7544,Female,1961-12-25,Active,Madison,NL,,CA,2021-09-26 05:14:13,2025-08-20,True
7849,Female,1949-07-04,Active,Surrey,BC,,CA,2024-01-19 17:34:02,2025-10-08,True
7908,Female,1957-12-31,Active,London,ON,,CA,2015-01-10 06:22:58,2025-07-09,True
8103,Male,1981-07-15,Active,Riverside,AK,66354,US,2022-08-21 04:28:28,2025-06-05,True
8139,Other,1998-01-09,Inactive,Fort Worth,TX,51239,US,2018-06-04 01:04:44,2023-07-18,False
8221,Female,1963-06-15,Inactive,Clinton,SD,14528,US,2024-02-03 20:41:44,2024-05-29,False
8277,Male,1983-12-27,Active,Franklin,VA,95141,US,2019-11-19 23:23:06,2025-08-09,True
8466,Male,1998-08-09,Active,Springfield,SC,51197,US,2024-04-05 02:10:16,2025-02-17,True
8775,Male,1960-09-18,Active,Fairview,KS,76755,US,2022-04-20 09:50:59,2025-07-19,True
9090,Female,1980-06-09,Active,Clinton,AR,43844,US,2025-02-23 12:42:48,2025-09-04,True
9140,Male,1972-04-25,Active,Madison,NJ,93023,US,2018-10-19 21:39:21,2025-06-03,True
9738,Female,1956-03-25,Active,Chester,ME,37612,US,2019-04-16 12:59:12,2025-01-15,True
9894,Female,2002-07-08,Active,Clinton,NT,,CA,2025-01-06 12:26:52,2025-11-14,True
10000,Female,2005-04-18,Blocked,Bristol,KS,72544,US,2024-03-26 23:54:53,2024-05-26,False
140,Male,1991-07-03,Active,Georgetown,NJ,30454,US,2022-12-06 01:42:20,2025-07-01,True
191,Other,1995-04-06,Active,Georgetown,AR,53287,US,2019-10-26 10:23:43,2025-07-02,True
639,Other,1967-09-02,Active,Tampa,FL,31992,US,2016-05-28 09:30:37,2025-05-24,True
1108,Male,2009-05-28,Active,Franklin,ID,16620,US,2022-12-12 04:31:32,2025-04-20,True
1154,Female,1970-04-13,Active,Reno,NV,50350,US,2017-12-15 19:59:35,2025-11-21,True
1193,Male,1978-08-05,Active,Riverside,SC,84859,US,2016-02-21 15:29:51,2025-01-18,True
1243,Male,1976-08-13,Inactive,Salem,AL,71419,US,2016-04-17 04:13:46,2023-01-13,False
1584,Male,1993-12-24,Active,Madison,SC,79272,US,2018-02-02 08:29:40,2025-09-22,True
1834,Male,1978-10-26,Closed,Madison,WI,46780,US,2018-06-09 12:57:08,2022-06-02,False
2380,Male,1971-03-15,Active,Salem,NH,59689,US,2019-11-07 15:35:55,2025-02-09,True
2392,Female,1992-10-06,Active,Salem,MD,87710,US,2019-10-21 06:04:00,2025-10-29,True
3379,Female,1965-09-13,Active,Las Vegas,NV,65552,US,2023-02-28 00:49:21,2025-09-21,True
3426,Female,2002-06-22,Closed,Springfield,NH,59490,US,2023-04-11 13:14:39,2023-10-04,False
3482,Male,2003-02-20,Active,Chester,SD,89434,US,2022-09-03 11:30:29,2025-04-01,True
3636,Female,1989-05-29,Active,Albany,NY,89008,US,2021-11-07 08:42:09,2025-01-08,True
3890,Other,1999-03-21,Active,San Antonio,TX,35443,US,2019-04-18 03:55:51,2025-11-30,True
3908,Other,1997-02-04,Inactive,Georgetown,VT,49854,US,2020-11-27 13:32:02,2025-05-22,False
4175,Female,1950-03-22,Active,Bristol,UT,24307,US,2022-05-06 00:25:24,2025-08-24,True
4613,Male,1983-05-15,Active,Winston-Salem,NC,41322,US,2020-09-01 13:53:21,2025-05-22,True
4973,Male,1963-07-16,Active,Clinton,CT,46090,US,2022-02-22 02:13:32,2025-09-01,True
5218,Male,1941-03-11,Active,Clinton,WV,99141,US,2022-05-14 15:43:20,2025-02-09,True
5393,Female,1990-02-05,Closed,Salem,MS,78171,US,2017-02-06 05:41:32,2017-12-03,False
5503,Male,1989-11-19,Active,Springfield,TN,54207,US,2023-08-03 19:18:48,2025-11-26,True
5667,Male,1978-09-04,Active,Chester,AK,72956,US,2017-05-27 21:09:10,2024-12-28,True
5859,Female,1968-03-26,Active,Charlotte,NC,13990,US,2025-05-13 12:46:42,2025-10-10,True
6032,Male,1990-02-14,Inactive,Fort Collins,CO,22887,US,2022-04-05 10:43:48,2023-11-07,False
6443,Male,1970-04-26,Inactive,Salem,NU,,CA,2017-03-04 02:15:23,2017-07-16,False
6790,Female,1991-04-11,Closed,Bristol,OK,13158,US,2015-10-16 03:42:41,2023-04-24,False
6813,Male,1965-03-31,Active,Madison,WV,51261,US,2018-01-08 13:58:14,2025-01-25,True
7043,Female,1963-11-11,Active,Chester,KS,66050,US,2021-05-24 20:41:40,2025-04-14,True
7249,Female,1955-10-04,Inactive,Clinton,OK,49570,US,2022-08-02 05:10:03,2023-12-24,False
7560,Female,2000-07-23,Active,Salem,TN,69800,US,2016-11-10 18:32:08,2025-07-16,True
7601,Female,1951-11-19,Active,Madison,SC,86050,US,2019-12-24 19:45:23,2025-11-06,True
7674,Male,1955-11-26,Active,Bristol,CT,15222,US,2025-10-02 15:07:47,2025-11-30,True
7731,Female,1973-05-07,Active,Bristol,ID,64713,US,2021-04-15 18:41:10,2025-03-20,True
7907,Male,1996-11-05,Inactive,Fairview,TN,94365,US,2015-05-29 02:54:41,2025-10-24,False
8342,Male,1985-01-27,Closed,Salem,AK,36968,US,2024-07-19 23:52:50,2025-08-07,False
8607,Male,1966-04-29,Inactive,Springfield,ND,70417,US,2018-01-13 22:37:46,2019-06-03,False
8661,Male,1976-11-08,Active,Franklin,MO,30665,US,2021-10-30 09:18:53,2025-07-31,True
9086,Female,1983-05-07,Active,Salem,LA,36912,US,2024-03-12 08:07:48,2025-07-27,True
9816,Female,1948-11-21,Active,Ottawa,ON,,CA,2025-03-15 05:19:03,2025-04-24,True
9840,Female,1978-01-16,Active,Vancouver,BC,,CA,2019-06-01 20:33:33,2025-06-04,True
9904,Male,1984-09-12,Active,San Diego,CA,38986,US,2021-06-04 03:45:52,2025-02-14,True
9983,Female,1946-11-12,Active,Lowell,MA,94490,US,2022-02-26 23:15:57,2025-07-01,True
4089,Other,2009-11-10,Inactive,Boston,MA,77299,US,2024-09-21 17:32:41,2024-12-15,False
48,Female,1948-01-18,Active,New York,NY,76895,US,2025-04-15 18:07:03,2025-05-27,True
150,Female,1978-12-10,Active,Georgetown,IN,75107,US,2021-05-15 16:57:26,2025-08-10,True
183,Male,1963-03-09,Active,Fairview,MT,32954,US,2020-11-23 10:58:36,2025-04-18,True
240,Female,1974-11-19,Active,Riverside,IA,87151,US,2022-10-19 04:27:44,2025-05-20,True
387,Female,2000-05-20,Closed,Riverside,WI,69151,US,2020-09-12 00:52:52,2021-02-03,False
458,Female,2008-06-09,Closed,Riverside,DE,59785,US,2023-11-04 02:23:40,2024-08-28,False
730,Male,1949-01-19,Blocked,Longueuil,QC,,CA,2020-06-11 08:38:04,2023-09-21,False
796,Male,1956-06-21,Active,Riverside,HI,51162,US,2015-12-03 20:10:08,2025-09-12,True
805,Male,1944-08-01,Inactive,Warren,MI,62754,US,2015-02-28 01:37:02,2025-03-31,False
1181,Male,1987-02-23,Active,Richmond,BC,,CA,2015-11-21 02:13:00,2025-12-22,True
1348,Male,1987-02-03,Closed,Aurora,IL,44752,US,2015-01-09 16:31:58,2016-04-07,False
1706,Male,1979-08-09,Active,Franklin,MO,56326,US,2023-03-30 21:55:00,2025-07-01,True
2532,Other,2006-07-28,Active,Riverside,HI,99806,US,2024-05-18 15:01:16,2025-10-07,True
2801,Male,2000-01-29,Inactive,Georgetown,WV,96511,US,2016-02-14 04:02:54,2022-01-29,False
2814,Male,1944-09-29,Active,Madison,SD,86012,US,2015-11-28 22:25:42,2025-10-08,True
2861,Other,1949-03-11,Active,Miami,FL,25481,US,2016-07-16 22:06:55,2025-05-09,True
3334,Male,1968-10-17,Active,Joliet,IL,70485,US,2020-07-02 20:01:03,2025-09-22,True
3487,Female,2005-06-24,Active,Madison,NM,68549,US,2021-02-03 16:15:43,2025-06-18,True
3715,Male,2002-05-23,Active,Chester,WY,87111,US,2021-05-20 20:13:11,2025-06-10,True
4068,Female,1976-12-23,Inactive,Pittsburgh,PA,20173,US,2018-05-25 09:27:55,2022-10-20,False
4071,Female,2002-04-21,Inactive,Chester,NJ,78460,US,2017-05-08 01:34:26,2022-12-08,False
4282,Male,1989-01-28,Active,Miami,FL,92279,US,2023-04-02 09:19:30,2025-11-12,True
4457,Male,1945-12-31,Inactive,Bristol,NE,36572,US,2015-01-13 04:45:29,2022-11-16,False
4458,Female,1999-03-18,Blocked,Fairview,MD,20433,US,2022-04-10 06:21:29,2025-04-17,False
4923,Female,1959-12-11,Active,Burnaby,BC,,CA,2017-06-08 03:02:07,2024-12-25,True
5208,Male,1980-06-20,Active,Franklin,AK,47660,US,2020-07-22 18:11:15,2025-05-30,True
5357,Female,1960-09-18,Inactive,Bristol,NJ,25544,US,2017-11-13 06:46:10,2018-06-30,False
5404,Male,1968-12-10,Active,Madison,SD,32657,US,2022-12-26 21:30:01,2025-11-03,True
5843,Female,1997-09-07,Inactive,Clinton,TN,86047,US,2017-09-06 19:54:44,2020-08-15,False
6190,Prefer Not To Say,1992-11-10,Active,Clinton,AR,91718,US,2016-10-28 15:10:25,2025-02-11,True
6557,Prefer Not To Say,1961-02-09,Active,Spokane,WA,83031,US,2024-02-28 02:12:42,2025-08-17,True
6627,Female,1984-11-20,Inactive,Salem,HI,85529,US,2021-02-28 18:59:39,2023-07-11,False
6674,Male,1981-03-16,Blocked,Ottawa,ON,,CA,2017-06-14 15:49:58,2020-04-19,False
7071,Female,1973-03-10,Active,Georgetown,MO,50932,US,2015-02-09 11:06:21,2025-08-09,True
7102,Male,1972-05-03,Active,Aurora,CO,34758,US,2023-07-03 11:37:10,2025-02-21,True
7213,Male,1942-04-28,Active,Buffalo,NY,36092,US,2019-06-16 16:15:39,2025-05-19,True
7411,Male,1972-09-17,Active,Chester,DE,97131,US,2021-03-30 17:37:13,2025-09-13,True
7436,Male,1972-06-02,Blocked,Bristol,AL,47135,US,2016-11-14 01:17:47,2017-09-01,False
7484,Female,1950-09-09,Active,Clinton,AL,86943,US,2018-08-21 17:02:19,2025-11-28,True
7720,Female,1963-07-23,Active,Chicago,IL,36158,US,2023-12-30 03:51:55,2025-05-23,True
7938,Female,1947-01-22,Inactive,Greensboro,NC,32290,US,2016-08-08 04:36:25,2021-01-19,False
8155,Female,1982-03-02,Active,Fairview,VA,73473,US,2025-05-10 05:49:21,2025-11-29,True
8285,Female,1952-09-10,Active,San Diego,CA,71544,US,2021-08-04 05:33:13,2025-08-08,True
8360,Female,1973-05-15,Active,Riverside,IN,20236,US,2017-03-26 00:16:41,2025-02-11,True
8543,Female,1990-06-21,Active,Riverside,SK,,CA,2025-10-01 07:49:01,2025-11-01,True
8702,Male,1941-01-23,Inactive,Dallas,TX,21298,US,2024-10-05 13:42:10,2025-02-27,False
9088,Female,1963-09-20,Inactive,Georgetown,LA,91014,US,2022-03-28 06:38:00,2025-01-06,False
9110,Male,1949-10-22,Active,Clinton,CT,82498,US,2015-01-10 09:55:40,2025-01-11,True
9200,Female,1972-11-01,Active,Chester,NU,,CA,2024-02-11 11:52:52,2025-11-29,True
9619,Male,2006-03-02,Active,Riverside,MN,92115,US,2021-03-24 16:00:33,2024-12-31,True
9728,Female,1970-09-25,Active,Franklin,RI,73029,US,2024-06-29 22:51:12,2025-11-11,True
206,Female,1958-03-28,Active,Franklin,AK,88532,US,2019-09-09 17:45:16,2025-03-14,True
264,Male,1975-07-01,Active,Riverside,NJ,55388,US,2022-05-02 05:27:09,2025-08-01,True
658,Female,1995-09-20,Active,Grand Rapids,MI,79947,US,2021-08-17 02:26:54,2025-05-02,True
859,Female,1963-10-28,Active,Medicine Hat,AB,,CA,2021-12-12 19:31:53,2025-07-23,True
883,Male,1953-03-10,Active,Georgetown,MS,83134,US,2023-04-27 19:04:33,2025-08-11,True
1254,Female,1994-06-08,Active,Franklin,VT,96379,US,2020-08-16 01:08:35,2025-07-22,True
1268,Male,1967-11-10,Active,San Diego,CA,93154,US,2015-02-23 19:44:37,2025-12-06,True
1898,Other,1972-07-31,Active,Chester,KS,19215,US,2025-08-30 22:36:03,2025-12-16,True
1927,Male,1947-04-05,Active,Lowell,MA,42794,US,2020-01-30 13:19:10,2025-07-26,True
1971,Male,1948-11-13,Active,Springfield,IN,24959,US,2022-06-08 20:30:49,2025-12-07,True
2276,Male,1995-12-06,Active,Springfield,MN,90374,US,2025-12-06 16:46:38,2025-12-25,True
2410,Female,1964-06-21,Blocked,Clinton,ID,44591,US,2024-10-03 16:35:06,2025-11-11,False
2636,Male,1995-07-08,Active,Fairview,NS,,CA,2022-10-23 05:54:00,2025-04-01,True
2637,Male,2000-10-08,Active,Bristol,AL,27092,US,2022-01-16 18:52:27,2025-02-06,True
2652,Female,1950-01-24,Inactive,Fairview,SD,90291,US,2016-12-08 19:35:46,2021-12-01,False
3030,Male,1958-11-28,Inactive,Salem,YT,,CA,2021-06-09 10:10:15,2022-01-12,False
3200,Female,1970-05-10,Inactive,Clinton,HI,73327,US,2024-07-19 05:36:46,2025-07-03,False
3255,Female,1992-09-02,Active,Riverside,MD,83023,US,2023-11-09 11:01:28,2024-12-27,True
3366,Female,1944-12-03,Active,Madison,VT,19856,US,2017-08-28 16:30:42,2025-10-20,True
3535,Female,1970-03-30,Active,Madison,NJ,28956,US,2025-06-23 17:23:46,2025-08-21,True
4013,Male,2000-06-24,Active,Georgetown,NB,,CA,2019-03-18 06:32:19,2025-04-22,True
4238,Male,1967-06-04,Inactive,Sacramento,CA,41163,US,2018-05-17 11:22:24,2024-06-15,False
4531,Male,1965-01-28,Blocked,Riverside,MT,44803,US,2018-04-27 04:44:54,2025-01-16,False
4626,Male,1943-08-19,Active,Madison,IA,98782,US,2022-02-08 16:16:47,2025-09-21,True
4667,Male,1950-12-05,Active,Springfield,MO,42896,US,2023-08-12 19:54:10,2025-05-12,True
4897,Male,1953-09-25,Inactive,Rochester,NY,49461,US,2022-01-14 00:51:39,2023-01-06,False
5064,Male,1969-08-11,Inactive,Tacoma,WA,73571,US,2018-12-09 09:41:56,2020-09-19,False
5110,Male,2002-05-21,Active,Montreal,QC,,CA,2021-11-24 03:12:38,2025-05-27,True
5800,Female,1970-04-22,Active,Sterling Heights,MI,48473,US,2021-02-04 20:27:05,2025-09-27,True
5997,Female,1943-09-01,Inactive,Springfield,ME,86889,US,2017-07-26 13:38:08,2023-03-07,False
6172,Male,1950-08-30,Active,Salem,MB,,CA,2017-12-09 11:51:38,2025-10-31,True
6329,Male,1984-01-06,Active,Salem,LA,53046,US,2024-02-03 03:23:59,2025-12-17,True
7451,Other,1985-11-16,Active,Chester,AR,60534,US,2025-09-28 01:46:55,2025-12-21,True
7621,Male,2003-02-19,Active,Bristol,WY,34431,US,2016-06-15 03:08:22,2025-01-01,True
7729,Male,2001-01-18,Active,Chester,OR,96689,US,2022-08-28 11:06:02,2025-02-28,True
7950,Female,2010-03-12,Closed,Madison,MS,27112,US,2024-02-06 21:53:19,2025-01-22,False
8398,Female,1946-03-28,Active,Franklin,ME,51635,US,2021-01-16 07:11:25,2025-07-13,True
8480,Male,1959-07-16,Active,Red Deer,AB,,CA,2019-08-24 11:53:43,2025-09-12,True
8754,Female,1948-12-27,Active,Bristol,VT,21915,US,2018-01-24 09:56:26,2025-12-23,True
9184,Male,1946-10-08,Active,Atlanta,GA,60360,US,2017-01-16 20:12:48,2025-04-22,True
9253,Female,1945-11-25,Inactive,Mesa,AZ,13264,US,2019-05-30 11:27:06,2019-12-11,False
9291,Male,1991-09-21,Active,Tucson,AZ,11989,US,2023-05-31 18:19:23,2025-03-30,True
9436,Male,1958-07-20,Active,Georgetown,MN,36350,US,2015-04-06 21:08:24,2025-02-21,True
9631,Male,1989-06-10,Active,Pittsburgh,PA,62964,US,2025-07-04 03:36:03,2025-07-04,True
9661,Male,1987-05-12,Active,Georgetown,PE,,CA,2018-02-24 04:45:50,2025-11-22,True
146,Male,1965-12-04,Blocked,Philadelphia,PA,79315,US,2025-08-22 18:22:22,2025-09-12,False
288,Male,1966-03-06,Active,Buffalo,NY,87474,US,2024-06-12 23:46:17,2025-08-19,True
343,Male,1950-05-11,Closed,Medicine Hat,AB,,CA,2022-01-27 00:30:13,2022-10-13,False
480,Male,1952-01-12,Blocked,Franklin,WY,67973,US,2019-01-21 12:51:16,2024-06-12,False
630,Female,1942-10-17,Closed,Riverside,DE,24090,US,2024-08-09 10:54:18,2024-11-01,False
724,Female,1983-05-12,Active,Akron,OH,74899,US,2016-10-12 00:16:28,2025-06-04,True
1300,Male,2002-01-13,Closed,Phoenix,AZ,91904,US,2021-04-19 19:50:33,2021-09-19,False
1494,Female,1994-09-10,Closed,Madison,WI,81404,US,2022-08-07 20:02:11,2024-02-22,False
1607,Other,1964-04-03,Active,Fairview,MT,50643,US,2021-02-28 17:05:14,2025-03-03,True
1622,Other,1991-04-15,Inactive,Franklin,MD,51280,US,2021-06-11 16:05:45,2025-08-17,False
1922,Other,1970-06-03,Active,Phoenix,AZ,85074,US,2016-06-30 10:32:03,2025-11-28,True
2223,Male,1979-01-13,Active,Salem,NM,86679,US,2022-09-26 16:43:41,2025-02-27,True
2440,Male,1993-03-14,Active,Springfield,NH,94327,US,2023-11-07 08:04:37,2025-10-29,True
2812,Female,1998-05-29,Active,Chester,IA,51109,US,2023-12-18 20:09:05,2025-11-10,True
3085,Other,1948-04-10,Active,Madison,NJ,45672,US,2022-04-01 20:05:42,2025-11-21,True
3117,Female,1986-06-07,Active,Clinton,LA,90899,US,2017-10-02 11:15:04,2025-11-22,True
3697,Female,2008-08-15,Active,Chester,LA,97117,US,2021-09-20 12:37:17,2025-06-25,True
3799,Male,1960-03-21,Active,Madison,AR,29878,US,2024-04-05 03:59:52,2025-01-07,True
4133,Female,1960-05-12,Active,Chester,IA,64284,US,2019-06-04 12:53:27,2025-01-25,True
4262,Female,1990-06-16,Active,Salem,SD,79491,US,2021-03-24 13:18:33,2025-02-13,True
4280,Male,1954-11-27,Active,Salem,WV,18700,US,2017-07-21 09:24:24,2025-09-30,True
4294,Male,1984-02-08,Active,Georgetown,OR,16658,US,2018-02-15 12:02:32,2025-03-22,True
4514,Female,1947-03-31,Blocked,Jacksonville,FL,22611,US,2017-06-17 17:29:47,2018-11-03,False
4533,Male,1972-07-03,Active,Springfield,OK,38419,US,2016-10-28 23:54:22,2025-02-25,True
5276,Other,1996-07-08,Active,Reno,NV,77061,US,2025-11-05 21:43:11,2025-11-19,True
5339,Male,2005-04-08,Blocked,Madison,WI,86307,US,2023-01-13 22:48:57,2023-05-20,False
5830,Female,1961-06-28,Active,Salem,AL,56005,US,2021-01-17 05:35:26,2025-09-27,True
6199,Male,1962-05-04,Active,Raleigh,NC,21063,US,2017-12-28 20:27:36,2025-02-20,True
6360,Prefer Not To Say,1958-05-12,Inactive,Springfield,NH,12060,US,2023-03-06 05:34:50,2025-07-18,False
7044,Female,1977-02-22,Inactive,Cincinnati,OH,45899,US,2022-02-07 11:11:55,2022-04-13,False
7565,Male,1987-10-31,Inactive,Clinton,ME,50096,US,2020-09-13 17:05:08,2025-12-03,False
7566,Male,1986-10-04,Active,Chester,HI,71837,US,2015-07-13 10:58:14,2025-06-10,True
7703,Female,2000-08-31,Closed,Bristol,ME,54688,US,2018-10-14 03:11:07,2021-12-05,False
7982,Female,1995-02-10,Active,Fairview,CT,13007,US,2024-04-24 14:31:46,2025-03-19,True
8019,Male,2002-07-24,Active,Seattle,WA,81224,US,2020-12-30 17:13:32,2025-11-16,True
8060,Other,1943-04-04,Active,Springfield,ME,11832,US,2018-08-11 01:31:26,2025-07-14,True
8191,Male,1969-04-27,Closed,Bristol,VT,12294,US,2020-03-01 17:09:22,2022-06-22,False
8855,Male,2002-07-21,Closed,Clinton,YT,,CA,2022-06-23 04:25:30,2024-02-10,False
9150,Female,2001-07-28,Inactive,Clinton,DE,35094,US,2017-06-21 14:34:51,2022-11-23,False
156,Male,1970-11-26,Active,Springfield,OK,86085,US,2025-06-10 07:30:58,2025-09-26,True
232,Male,1972-08-22,Active,Spokane,WA,66629,US,2022-05-28 00:03:16,2025-10-15,True
427,Male,1946-01-05,Active,Worcester,MA,11776,US,2018-01-17 12:43:50,2025-04-17,True
465,Male,1993-10-07,Active,Georgetown,TN,51393,US,2018-01-10 02:09:46,2025-01-19,True
570,Male,1978-08-20,Blocked,Clinton,IN,51765,US,2015-02-06 00:32:02,2016-08-10,False
994,Male,1976-04-25,Inactive,Erie,PA,87120,US,2023-10-22 00:24:35,2024-05-04,False
1306,Male,1985-07-13,Active,Georgetown,UT,87879,US,2025-09-11 21:43:36,2025-09-27,True
1872,Other,2003-05-02,Inactive,Franklin,DE,38481,US,2023-06-23 01:29:40,2024-09-09,False
2054,Female,1988-11-13,Active,Reno,NV,96983,US,2021-12-14 09:53:01,2025-02-27,True
2084,Other,1997-07-06,Inactive,Franklin,MS,63945,US,2025-10-15 06:31:59,2025-10-30,False
2500,Other,1967-01-20,Active,Riverside,NS,,CA,2020-04-30 14:24:17,2025-06-01,True
2763,Male,1993-07-08,Active,Georgetown,MO,23497,US,2015-11-26 04:37:10,2025-03-24,True
2832,Female,1963-03-17,Active,Quebec City,QC,,CA,2015-05-01 12:24:36,2025-08-03,True
2903,Male,2000-09-11,Active,Salem,VA,76914,US,2023-12-04 04:32:34,2025-04-17,True
3547,Male,1989-01-19,Inactive,Cincinnati,OH,99749,US,2018-01-07 16:26:43,2024-08-02,False
3710,Male,1997-11-28,Active,Syracuse,NY,46395,US,2022-04-11 16:05:14,2025-07-21,True
4249,Female,1968-10-18,Active,Denver,CO,35305,US,2017-09-17 03:43:07,2025-10-12,True
4432,Male,1978-11-29,Active,Riverside,VT,39640,US,2024-10-01 05:36:03,2025-05-17,True
4526,Male,1984-09-22,Closed,Burnaby,BC,,CA,2015-10-02 12:02:25,2021-11-10,False
4605,Male,1962-03-26,Blocked,Georgetown,HI,73990,US,2021-12-24 12:51:20,2022-09-09,False
4742,Female,2000-04-26,Active,Albany,NY,35510,US,2015-04-17 12:20:57,2025-09-19,True
4891,Other,1949-11-28,Inactive,Riverside,NU,,CA,2025-07-25 10:36:24,2025-11-22,False
4917,Female,1992-07-06,Active,Houston,TX,20580,US,2021-03-27 02:37:48,2025-01-31,True
5018,Male,1992-07-27,Active,Chester,AR,81480,US,2025-09-07 01:37:25,2025-09-28,True
5459,Male,2000-07-06,Active,Georgetown,NM,53697,US,2022-03-20 16:11:20,2025-07-28,True
5663,Male,1942-12-13,Inactive,Clinton,ME,48760,US,2024-06-14 22:15:21,2024-08-13,False
5759,Male,1987-03-30,Active,Salem,AR,99148,US,2017-10-07 04:58:24,2025-06-26,True
5980,Male,1975-05-21,Active,Atlanta,GA,37298,US,2015-11-29 05:33:46,2025-06-28,True
6058,Female,1960-06-18,Active,Clinton,MB,,CA,2017-08-26 01:34:13,2025-01-14,True
6485,Male,1958-06-20,Active,Salem,LA,40106,US,2018-02-28 14:22:05,2025-02-24,True
6678,Female,1952-03-05,Active,Salem,RI,13793,US,2019-02-14 17:02:56,2025-03-16,True
6720,Male,1979-01-02,Blocked,Bristol,VA,48563,US,2021-10-25 18:00:50,2024-04-26,False
6746,Other,1945-09-08,Active,Salem,SD,31820,US,2016-05-03 11:31:43,2025-03-06,True
6874,Male,1957-02-25,Blocked,Laval,QC,,CA,2021-02-14 12:09:46,2023-10-08,False
7607,Male,1941-09-07,Active,Chester,VA,97490,US,2019-02-11 06:41:05,2025-10-21,True
7942,Male,1983-08-16,Active,Franklin,SC,19521,US,2018-08-17 16:54:49,2025-02-17,True
8084,Female,1957-08-16,Active,Clinton,YT,,CA,2024-11-30 06:18:55,2025-07-23,True
8127,Female,1949-05-21,Active,Salem,MT,95016,US,2021-03-15 12:05:40,2025-03-28,True
8446,Male,1941-03-02,Closed,Clinton,KS,48920,US,2016-05-08 06:06:15,2018-01-01,False
8628,Female,1978-08-07,Active,Clinton,UT,14875,US,2022-04-26 13:39:33,2025-01-03,True
9560,Male,1990-02-14,Active,Franklin,ND,68259,US,2021-10-31 12:42:27,2025-10-08,True
9585,Female,1995-02-16,Active,Columbus,OH,78161,US,2017-07-31 03:14:26,2025-04-04,True
9612,Female,1956-12-22,Blocked,Salem,MT,68365,US,2021-11-06 20:19:16,2024-05-11,False
9716,Male,1989-03-08,Active,Vancouver,WA,63130,US,2024-05-05 12:13:06,2025-01-10,True
6020,Male,1969-08-09,Active,Clinton,ME,56898,US,2023-01-25 09:00:05,2025-02-09,True
164,Female,1986-03-17,Active,Macon,GA,89205,US,2015-05-11 02:21:27,2025-10-27,True
173,Male,1980-12-03,Active,Springfield,MS,46799,US,2015-02-08 07:47:01,2025-08-04,True
321,Male,1991-01-14,Active,Joliet,IL,96489,US,2022-11-15 13:04:04,2025-11-10,True
431,Prefer Not To Say,1998-01-03,Active,Franklin,ND,70643,US,2021-05-05 20:22:08,2025-03-09,True
787,Male,1985-01-12,Closed,Clinton,ND,89680,US,2020-05-26 08:11:13,2023-11-26,False
1080,Female,1998-07-24,Closed,San Francisco,CA,14336,US,2020-04-13 21:55:33,2022-10-23,False
1121,Female,1988-01-29,Inactive,Bristol,VA,13664,US,2025-01-03 18:17:02,2025-02-08,False
1382,Female,2004-09-20,Active,Madison,MT,31637,US,2022-02-27 16:23:35,2025-11-06,True
1611,Female,1977-12-27,Inactive,Vancouver,WA,63994,US,2019-10-30 14:33:54,2021-06-08,False
1696,Female,1998-10-19,Active,Columbus,OH,11215,US,2019-06-24 15:01:49,2025-07-03,True
1883,Female,1988-02-03,Blocked,Dallas,TX,64763,US,2017-07-21 14:50:52,2020-03-24,False
1989,Male,1971-06-30,Active,Sparks,NV,85262,US,2019-06-19 21:41:55,2025-02-25,True
2029,Female,1946-09-19,Active,Madison,OR,54172,US,2018-02-15 22:42:55,2025-01-09,True
2180,Prefer Not To Say,1971-07-22,Closed,Sacramento,CA,72616,US,2022-12-16 12:11:20,2025-04-22,False
2295,Female,1968-09-09,Closed,San Jose,CA,25242,US,2021-12-12 01:55:41,2022-03-15,False
2428,Female,1944-09-07,Closed,Franklin,NJ,66560,US,2023-02-01 04:23:05,2023-05-14,False
2455,Prefer Not To Say,1981-08-11,Active,North Las Vegas,NV,31901,US,2020-04-12 20:30:22,2025-05-06,True
2535,Male,1983-09-08,Active,Salem,IN,16907,US,2020-05-17 13:48:03,2025-10-10,True
2761,Male,1971-09-04,Closed,Franklin,CT,29708,US,2024-02-07 18:02:23,2024-07-13,False
3197,Female,1978-08-23,Active,Riverside,MO,75055,US,2019-11-20 07:13:03,2025-11-22,True
3843,Male,1992-11-17,Inactive,Seattle,WA,46356,US,2023-02-06 14:29:08,2023-09-22,False
4113,Male,1989-12-23,Active,Salem,MO,31067,US,2015-06-22 03:40:55,2025-05-30,True
4587,Female,1944-01-02,Active,Athens,GA,13246,US,2023-02-01 21:10:22,2025-10-02,True
4854,Other,1985-09-19,Closed,Riverside,OR,83094,US,2019-10-26 10:07:53,2022-09-04,False
4883,Male,1961-08-26,Active,Clinton,VA,45070,US,2018-10-24 05:02:02,2025-04-11,True
4996,Male,1996-04-18,Inactive,Springfield,MA,51303,US,2021-07-11 15:28:00,2022-01-03,False
5022,Female,1971-01-06,Active,Madison,ND,77474,US,2017-04-07 00:05:01,2025-02-24,True
5247,Male,1976-09-08,Active,Franklin,UT,62980,US,2023-01-22 16:56:59,2025-02-07,True
5635,Prefer Not To Say,1955-10-24,Active,Riverside,NT,,CA,2018-02-24 04:16:33,2025-11-03,True
5774,Female,1952-04-30,Active,Salem,AK,53975,US,2024-09-30 07:52:43,2025-12-09,True
5998,Male,1947-11-19,Active,Scottsdale,AZ,50849,US,2025-12-04 20:55:00,2025-12-22,True
6180,Female,1998-09-04,Blocked,Detroit,MI,47662,US,2022-05-15 01:54:41,2024-02-23,False
6273,Male,1967-02-15,Blocked,Madison,WI,27630,US,2022-12-03 21:49:05,2023-03-10,False
6366,Prefer Not To Say,2005-12-26,Active,Clinton,NE,21529,US,2020-08-05 03:52:03,2025-10-30,True
6577,Female,1980-07-01,Active,Madison,NJ,41240,US,2017-01-02 02:39:20,2025-12-05,True
6579,Male,1974-05-11,Inactive,Springfield,NE,53538,US,2020-04-27 22:00:40,2020-06-10,False
7609,Female,1998-04-30,Active,Riverside,MD,40206,US,2018-07-05 03:40:12,2025-04-13,True
7774,Female,1965-12-12,Active,Toledo,OH,10936,US,2015-10-25 00:24:49,2025-10-07,True
7812,Male,1972-03-25,Inactive,Franklin,WY,26291,US,2018-04-22 11:38:38,2020-08-11,False
7863,Female,1990-03-06,Active,Erie,PA,65027,US,2016-04-13 20:36:31,2025-09-01,True
7997,Male,1967-10-18,Active,Salem,KS,28280,US,2016-12-06 17:06:13,2025-08-16,True
8013,Male,1958-06-10,Active,Fairview,OK,57443,US,2024-01-18 00:42:30,2025-12-14,True
8099,Male,1987-08-22,Active,Bristol,OK,97422,US,2019-05-15 14:29:05,2025-06-28,True
8304,Female,1951-09-12,Active,Clinton,WI,96422,US,2021-06-01 11:43:25,2025-01-29,True
8311,Female,1961-01-15,Active,San Francisco,CA,94098,US,2021-02-27 15:30:15,2025-07-06,True
8367,Female,1960-01-17,Active,Riverside,RI,29983,US,2016-07-30 11:35:25,2025-01-10,True
8396,Female,1971-07-14,Active,Riverside,WV,57755,US,2021-12-19 05:47:22,2025-11-14,True
8464,Prefer Not To Say,1981-07-24,Inactive,Clinton,NU,,CA,2017-03-06 11:26:57,2017-05-20,False
8706,Other,1974-03-07,Active,Fairview,AL,81149,US,2019-11-20 06:31:45,2025-01-17,True
9049,Female,1993-08-25,Active,Boulder,CO,10091,US,2022-09-06 01:52:41,2025-06-26,True
9206,Male,1981-05-12,Active,Springfield,TN,74655,US,2023-05-25 08:23:21,2025-12-08,True
9252,Female,1950-02-08,Active,Georgetown,MO,35750,US,2024-01-04 20:41:16,2025-08-09,True
9606,Male,1979-11-24,Active,Georgetown,OK,66511,US,2021-08-01 21:29:10,2025-02-15,True
9692,Prefer Not To Say,1988-11-19,Active,Madison,MS,19212,US,2015-02-26 02:47:18,2025-06-12,True
9736,Female,2003-06-25,Active,Austin,TX,94911,US,2017-05-17 05:03:14,2025-05-23,True
9782,Female,2000-12-14,Active,Seattle,WA,36290,US,2022-05-03 19:03:28,2025-03-11,True
9793,Male,1982-03-12,Active,Springfield,IN,84554,US,2020-09-14 16:13:56,2025-08-27,True
153,Female,1951-03-05,Active,Springfield,WV,98027,US,2018-07-20 17:27:30,2025-01-10,True
882,Female,1984-05-07,Active,Springfield,VA,72154,US,2025-05-04 20:56:10,2025-06-13,True
1265,Female,1956-11-05,Active,Salem,MS,72685,US,2025-08-12 02:10:57,2025-09-12,True
1570,Female,1991-03-21,Active,Springfield,ND,77869,US,2022-03-28 11:26:32,2025-04-29,True
1865,Female,2005-06-06,Active,Chester,MS,27052,US,2022-04-11 12:15:09,2025-01-02,True
1895,Male,2005-03-07,Active,Franklin,IA,47913,US,2025-08-06 09:40:13,2025-09-12,True
2219,Female,1976-04-07,Active,Bristol,MO,23851,US,2025-02-03 14:12:50,2025-05-02,True
2360,Prefer Not To Say,1967-01-06,Inactive,Clinton,OR,87265,US,2019-12-14 05:14:54,2021-10-20,False
2643,Female,1974-02-06,Closed,Riverside,NE,78982,US,2017-04-20 08:31:07,2022-05-06,False
2725,Female,1945-03-03,Active,Chester,CT,23682,US,2021-01-05 04:42:12,2025-08-16,True
2952,Female,1955-04-04,Inactive,Riverside,TN,11448,US,2019-04-07 15:01:49,2024-08-28,False
3058,Female,1984-03-24,Active,Vancouver,WA,96315,US,2017-06-11 04:45:41,2025-05-13,True
3114,Male,1951-10-01,Inactive,Bristol,PE,,CA,2021-11-07 14:27:38,2023-04-06,False
3713,Male,1943-08-17,Active,Reno,NV,82603,US,2020-05-08 14:11:33,2025-12-22,True
3740,Male,1970-05-01,Active,Orlando,FL,88091,US,2016-06-25 22:54:11,2025-01-24,True
3801,Other,1944-03-19,Closed,Clinton,KY,47709,US,2025-10-09 12:59:37,2025-10-29,False
3803,Male,1974-02-19,Active,San Diego,CA,68389,US,2017-01-22 15:35:59,2025-03-29,True
3866,Female,1994-01-24,Active,Salem,SD,10561,US,2024-09-29 06:43:36,2025-02-28,True
4266,Male,1957-12-05,Active,Rockford,IL,10743,US,2023-05-29 07:15:59,2025-08-26,True
4577,Male,1994-04-07,Active,Madison,MO,42877,US,2021-03-29 20:34:56,2025-05-08,True
4712,Female,1976-09-30,Inactive,Ann Arbor,MI,,US,2015-05-23 15:20:48,2020-05-01,False
4728,Male,1946-03-02,Active,Riverside,RI,36898,US,2024-05-22 22:13:16,2025-09-07,True
4815,Female,2002-02-23,Active,Madison,NL,,CA,2018-01-06 11:57:05,2025-10-26,True
4847,Male,1954-10-06,Blocked,Scottsdale,AZ,78641,US,2021-10-23 13:34:47,2024-06-25,False
5003,Male,2006-12-23,Blocked,Raleigh,NC,80421,US,2023-11-16 21:50:56,2024-05-26,False
5170,Female,1990-05-07,Active,Clinton,WV,42390,US,2015-02-27 19:26:05,2025-01-28,True
5434,Female,1980-02-20,Active,Dallas,TX,82323,US,2025-12-23 20:24:32,2025-12-24,True
5453,Female,1988-10-23,Blocked,Chester,DE,50473,US,2018-04-07 02:01:06,2020-10-24,False
5457,Female,1970-07-27,Blocked,Bristol,UT,81214,US,2016-01-15 06:12:01,2016-11-13,False
5517,Male,1981-06-29,Active,Georgetown,VA,46910,US,2019-09-30 10:47:47,2025-02-01,True
5938,Female,2003-04-17,Closed,Allentown,PA,48916,US,2023-08-31 16:22:05,2025-03-18,False
6532,Male,2004-01-17,Closed,Chester,KY,39407,US,2017-11-26 14:33:49,2019-06-28,False
6786,Other,1946-07-03,Blocked,Riverside,NS,,CA,2016-02-15 20:01:30,2021-08-30,False
6940,Male,1970-10-08,Active,Madison,RI,68367,US,2023-12-31 22:43:20,2025-04-07,True
7234,Female,1949-10-22,Inactive,Boston,MA,91047,US,2021-07-23 16:59:27,2025-01-22,False
7430,Prefer Not To Say,1942-09-03,Active,Franklin,VT,24922,US,2019-02-17 02:09:49,2025-04-23,True
7640,Female,1980-08-21,Blocked,Quebec City,QC,,CA,2021-02-13 00:21:05,2022-10-13,False
7842,Female,1992-03-12,Active,Chester,KS,20301,US,2024-02-07 07:04:48,2025-11-05,True
7945,Female,1975-05-20,Active,Chester,NH,66638,US,2017-07-09 15:33:54,2025-05-12,True
8701,Male,2008-05-27,Active,Franklin,NB,,CA,2022-11-03 23:16:54,2025-10-08,True
8705,Male,1976-05-14,Blocked,Riverside,DE,96799,US,2023-01-24 03:17:30,2025-08-02,False
8991,Female,1961-02-28,Closed,Seattle,WA,49860,US,2017-08-19 11:10:21,2023-06-13,False
9024,Male,1990-10-14,Active,Riverside,ID,63912,US,2020-04-07 02:49:11,2025-01-03,True
9095,Female,1980-09-24,Inactive,Springfield,NU,,CA,2016-02-09 10:16:59,2018-07-15,False
9276,Female,1972-03-29,Inactive,Erie,PA,44309,US,2025-06-12 15:07:51,2025-10-05,False
9328,Male,1982-01-20,Active,Medicine Hat,AB,,CA,2021-07-21 15:43:15,2025-09-09,True
9487,Male,1951-10-27,Active,Burnaby,BC,,CA,2025-05-31 19:38:02,2025-07-18,True
9592,Female,1995-12-10,Closed,Georgetown,ID,42283,US,2017-07-04 19:45:01,2021-03-06,False
578,Male,1985-04-06,Inactive,Raleigh,NC,97327,US,2023-11-06 06:23:41,2024-09-12,False
885,Other,1968-11-23,Active,Bristol,NE,87927,US,2024-03-07 11:48:01,2025-01-12,True
887,Female,1955-09-27,Active,Cincinnati,OH,86100,US,2021-09-03 02:17:22,2025-02-27,True
1442,Female,1977-05-20,Active,Cambridge,MA,50644,US,2017-01-24 03:54:15,2025-08-12,True
1478,Male,1947-08-26,Active,Burnaby,BC,,CA,2016-10-15 02:44:10,2025-07-24,True
1481,Male,1961-11-18,Active,Salem,VT,42158,US,2023-02-19 08:25:28,2025-12-02,True
1785,Male,1995-07-31,Closed,Akron,OH,54879,US,2023-12-22 11:40:23,2024-10-29,False
1861,Male,1990-04-07,Active,Buffalo,NY,50605,US,2021-11-09 03:13:45,2025-02-19,True
2114,Female,1948-05-05,Active,Richmond,BC,,CA,2019-11-24 08:46:48,2025-04-12,True
2561,Male,1995-03-02,Active,Bristol,IA,52095,US,2015-10-27 23:45:14,2025-10-02,True
2572,Other,1997-01-18,Inactive,Atlanta,GA,24301,US,2023-01-11 12:41:30,2024-05-23,False
2993,Female,1986-07-02,Blocked,Georgetown,MS,54598,US,2020-05-05 17:16:44,2024-10-27,False
3015,Male,1974-05-14,Active,Salem,WI,85280,US,2025-03-17 07:45:22,2025-08-16,True
3237,Other,1945-11-26,Inactive,Chester,AK,21158,US,2025-07-17 21:27:36,2025-09-29,False
3358,Female,1948-03-19,Active,London,ON,,CA,2020-03-13 02:12:12,2025-12-12,True
3530,Other,1991-09-27,Active,Winston-Salem,NC,17981,US,2017-03-27 05:13:45,2025-03-03,True
3864,Male,1945-02-25,Active,Reno,NV,51856,US,2016-12-12 03:22:06,2025-06-24,True
3882,Male,1989-03-27,Active,Georgetown,UT,40876,US,2020-04-08 13:00:03,2025-07-07,True
4218,Female,1942-10-28,Active,Madison,KY,63204,US,2021-12-12 20:34:58,2025-04-05,True
4265,Female,1991-01-15,Inactive,San Diego,CA,25085,US,2017-08-28 04:34:05,2020-08-27,False
4271,Female,2005-10-27,Inactive,Riverside,RI,73103,US,2023-05-15 20:19:46,2024-02-09,False
4624,Male,1987-04-19,Active,Salem,NB,,CA,2025-09-09 14:39:04,2025-09-15,True
4648,Female,1988-03-11,Active,Georgetown,ID,13520,US,2022-01-26 06:57:11,2025-09-22,True
4718,Male,1943-02-13,Active,Georgetown,NE,38600,US,2023-09-12 19:24:21,2025-07-15,True
4977,Female,1961-01-30,Active,Albany,NY,78737,US,2023-04-16 12:18:28,2025-08-09,True
5017,Male,1981-04-12,Active,Clinton,TN,58645,US,2016-02-17 06:36:34,2025-05-17,True
5500,Male,1941-11-17,Inactive,Riverside,TN,80669,US,2024-11-11 20:37:18,2025-10-17,False
5932,Female,1962-12-28,Closed,Georgetown,MT,65163,US,2024-04-07 10:07:19,2025-03-10,False
6060,Other,2004-07-08,Active,Madison,MS,67997,US,2022-08-04 14:23:34,2025-01-16,True
6097,Male,1969-07-01,Active,Rochester,NY,52653,US,2017-07-21 07:46:33,2025-11-25,True
6710,Female,1962-01-04,Active,Bristol,TN,76997,US,2020-11-15 20:52:50,2025-08-25,True
7092,Male,1972-05-07,Active,Madison,AK,51181,US,2025-08-13 07:15:13,2025-11-23,True
7196,Male,1943-02-28,Active,Franklin,NE,90580,US,2017-12-16 09:53:37,2025-01-12,True
7219,Male,1978-01-08,Active,Syracuse,NY,84277,US,2020-09-19 11:09:02,2025-04-02,True
7334,Male,1977-09-25,Active,Toledo,OH,92250,US,2024-08-04 09:23:56,2025-02-17,True
7454,Male,1981-03-04,Inactive,Fairview,ID,67592,US,2018-12-16 23:56:39,2025-05-20,False
7506,Male,1999-03-13,Active,Salem,SD,12461,US,2024-01-14 09:36:55,2025-04-19,True
7630,Female,1982-08-12,Active,Georgetown,ND,45173,US,2021-12-29 00:16:08,2025-03-25,True
7738,Female,1948-01-12,Active,Erie,PA,96987,US,2017-02-13 22:50:15,2025-09-14,True
7816,Male,1955-03-15,Active,Toledo,OH,59223,US,2017-10-14 01:38:01,2025-08-22,True
7994,Male,1964-01-04,Active,Riverside,MN,96367,US,2022-12-24 09:25:14,2025-09-14,True
8172,Male,2006-07-07,Active,Miami,FL,19774,US,2021-02-26 08:36:26,2025-02-27,True
8588,Female,1956-01-09,Active,Columbus,OH,37115,US,2022-06-02 00:58:11,2025-09-09,True
8684,Male,1967-10-09,Active,Richmond,BC,,CA,2015-12-14 09:14:13,2025-09-20,True
8796,Female,1974-04-07,Blocked,Franklin,MO,94296,US,2025-02-28 14:29:39,2025-11-26,False
8921,Female,1959-10-12,Closed,Clinton,NH,85175,US,2025-05-23 11:22:05,2025-08-07,False
8968,Female,1952-08-21,Active,Allentown,PA,91974,US,2023-09-22 16:09:33,2025-10-15,True
9042,Female,1945-11-30,Active,Chester,HI,37371,US,2024-06-19 19:00:02,2025-04-28,True
9134,Female,2003-09-01,Closed,Chester,OK,96726,US,2019-09-18 05:38:59,2021-10-12,False
9681,Female,2004-01-24,Inactive,Springfield,NS,,CA,2023-05-22 06:07:28,2024-06-30,False
137,Male,1995-12-28,Inactive,Georgetown,UT,16758,US,2021-01-30 18:50:13,2025-07-02,False
822,Female,1961-05-22,Closed,Franklin,ME,58749,US,2022-03-01 04:07:59,2023-02-17,False
1054,Male,1957-04-04,Active,Raleigh,NC,44658,US,2025-11-25 08:30:17,2025-12-22,True
1060,Other,1991-10-19,Active,Madison,MT,50988,US,2018-09-26 02:28:05,2025-02-18,True
1227,Male,1952-08-22,Active,Springfield,ID,72119,US,2019-10-26 03:22:11,2025-04-04,True
1328,Female,1944-07-08,Blocked,Springfield,ID,75148,US,2016-08-21 12:37:48,2017-01-12,False
1332,Female,2005-11-10,Active,Tampa,FL,10696,US,2022-04-09 22:42:28,2025-01-12,True
1615,Female,1966-11-11,Active,Springfield,NH,94279,US,2018-07-11 19:25:00,2025-02-09,True
1657,Female,1956-02-13,Blocked,Chester,NM,40748,US,2024-08-02 16:31:54,2025-06-27,False
1991,Female,1947-08-26,Active,Franklin,WY,33236,US,2016-07-22 16:02:28,2025-01-18,True
2117,Female,1951-09-14,Active,Salem,HI,28975,US,2022-08-04 08:56:01,2025-04-25,True
2333,Other,1992-07-26,Active,Scottsdale,AZ,41093,US,2022-09-07 20:07:37,2025-04-12,True
2617,Male,1941-11-10,Active,Ottawa,ON,,CA,2024-04-05 20:00:56,2025-07-23,True
2983,Male,2008-01-15,Active,Georgetown,MS,91807,US,2024-03-07 02:44:35,2025-06-26,True
3059,Female,1964-09-27,Inactive,Cambridge,MA,77962,US,2024-02-29 21:11:15,2025-10-20,False
3631,Female,1960-05-21,Closed,Salem,OR,85468,US,2016-08-03 14:32:37,2017-10-01,False
3980,Female,1985-04-17,Active,Springfield,RI,50421,US,2019-11-07 00:34:55,2025-07-22,True
4058,Female,1968-05-08,Active,Clinton,NT,,CA,2015-12-29 12:37:23,2025-04-16,True
4274,Female,1945-08-17,Active,Chester,NJ,47994,US,2016-04-18 00:53:11,2025-07-20,True
4490,Female,1948-11-18,Active,Georgetown,AR,48234,US,2021-03-24 07:01:00,2025-06-10,True
4686,Female,1967-05-20,Inactive,Bristol,VT,73298,US,2021-09-24 06:06:22,2025-08-04,False
4898,Female,1958-06-18,Active,Fairview,OR,29450,US,2021-01-10 21:26:22,2025-04-09,True
5154,Female,1952-09-21,Inactive,Clinton,MT,68055,US,2022-08-05 13:18:02,2023-06-28,False
5178,Male,1983-04-02,Inactive,Salem,NH,48769,US,2022-04-27 22:52:36,2025-10-13,False
5603,Male,2008-10-10,Active,Miami,FL,79965,US,2022-07-19 03:58:49,2025-01-01,True
5944,Male,2002-02-15,Active,Clinton,WI,12207,US,2018-04-09 05:48:33,2025-02-05,True
6347,Female,1962-09-22,Active,Springfield,DE,26478,US,2015-11-01 09:15:09,2025-07-15,True
6356,Female,1945-03-06,Closed,Worcester,MA,44550,US,2022-05-31 05:02:19,2024-03-24,False
7497,Male,1988-04-20,Inactive,Bristol,SC,96857,US,2021-12-01 19:39:07,2025-04-17,False
7875,Female,1955-11-26,Active,Fairview,OR,74194,US,2019-10-30 13:15:44,2024-12-29,True
8248,Female,1958-04-01,Blocked,Clinton,MN,58420,US,2020-09-03 21:17:10,2023-08-27,False
8283,Male,2012-02-06,Active,Lethbridge,AB,,CA,2025-10-29 04:23:02,2025-10-29,True
8527,Female,1984-05-03,Active,Seattle,WA,39979,US,2019-03-26 08:19:57,2025-10-10,True
8858,Male,1982-08-29,Active,Georgetown,AK,97399,US,2018-06-18 06:22:22,2025-02-26,True
8923,Female,1964-10-15,Blocked,Cincinnati,OH,37738,US,2021-09-12 14:51:51,2021-12-14,False
9345,Female,1974-07-15,Active,Seattle,WA,11761,US,2017-04-18 18:13:50,2025-05-30,True
9371,Male,1983-06-02,Active,Lowell,MA,90092,US,2020-07-09 15:10:40,2025-02-22,True
9426,Male,1967-12-06,Active,Springfield,CT,80482,US,2015-01-30 07:39:09,2025-09-16,True
9630,Male,1968-07-07,Active,Miami,FL,14280,US,2018-01-09 19:13:05,2025-11-21,True
9640,Female,2004-01-07,Active,Colorado Springs,CO,88005,US,2019-12-23 07:53:47,2025-07-22,True
9645,Male,1996-02-23,Active,Georgetown,ID,72069,US,2024-03-25 00:17:41,2025-08-05,True
9847,Female,1960-05-31,Inactive,Hamilton,ON,,CA,2016-04-14 06:30:21,2020-02-03,False
9951,Male,1951-09-09,Active,Sterling Heights,MI,33391,US,2016-08-27 13:23:43,2025-03-16,True
71,Female,1941-02-06,Active,Franklin,AK,86888,US,2018-09-20 19:12:51,2025-10-20,True
219,Male,1971-10-05,Active,Georgetown,AR,66375,US,2021-10-11 15:13:44,2025-04-25,True
571,Female,1955-01-06,Inactive,Franklin,PE,,CA,2015-04-04 06:05:31,2023-01-09,False
697,Male,2010-11-30,Inactive,Springfield,MA,54297,US,2024-07-21 15:28:05,2025-04-20,False
779,Female,1962-10-08,Inactive,Bristol,SC,96149,US,2016-10-05 10:29:49,2017-04-16,False
1122,Male,1997-07-14,Active,New York,NY,12710,US,2022-07-30 22:50:25,2025-06-13,True
1421,Female,1953-08-14,Inactive,Bristol,LA,40263,US,2020-03-27 13:44:14,2023-04-07,False
1530,Male,1984-09-20,Blocked,Springfield,LA,13589,US,2020-09-12 06:08:40,2023-07-11,False
1719,Male,2003-06-27,Active,Chester,VT,54962,US,2017-01-01 22:53:06,2025-07-14,True
1943,Male,1991-05-10,Active,Salem,NL,,CA,2018-02-04 03:49:54,2025-05-04,True
2080,Male,1996-07-12,Active,Springfield,SD,10312,US,2019-04-27 20:12:04,2025-05-13,True
2450,Female,1964-11-14,Active,Quebec City,QC,,CA,2022-03-10 14:55:36,2025-11-21,True
2719,Female,1963-01-29,Active,Salem,NB,,CA,2016-12-17 14:39:37,2025-08-15,True
2871,Female,1971-08-13,Inactive,Georgetown,NM,80276,US,2025-12-19 05:58:19,2025-12-25,False
3084,Male,1981-04-04,Active,Springfield,CT,62809,US,2021-05-13 02:26:08,2025-01-22,True
3127,Other,1970-02-15,Active,Clinton,IN,,US,2023-07-22 22:15:52,2025-08-02,True
3154,Male,1993-05-24,Active,Springfield,OK,14075,US,2023-07-04 06:58:23,2025-11-17,True
3226,Female,1952-12-05,Inactive,Riverside,RI,55660,US,2025-01-15 19:41:58,2025-07-07,False
3350,Prefer Not To Say,1943-09-10,Active,Springfield,SD,52448,US,2021-04-24 05:35:19,2025-01-10,True
4337,Female,1978-03-28,Active,Clinton,ND,29864,US,2017-06-05 10:50:54,2025-06-11,True
4786,Male,1961-06-29,Active,Fairview,VA,66302,US,2021-08-16 22:32:34,2025-06-15,True
5225,Male,1983-07-10,Closed,Madison,IN,21567,US,2016-07-20 02:21:00,2023-07-07,False
5418,Male,1998-11-29,Active,Chester,TN,54628,US,2018-03-09 04:49:56,2025-05-23,True
5540,Male,1952-09-14,Closed,Franklin,ND,67391,US,2017-06-17 21:01:31,2021-12-05,False
5632,Female,1978-09-12,Active,Fairview,VT,70524,US,2023-06-03 03:33:33,2025-10-17,True
5911,Male,1953-10-21,Active,Riverside,NH,61943,US,2015-11-09 15:10:02,2025-10-20,True
5952,Male,1989-12-17,Inactive,Clinton,RI,66829,US,2020-01-15 07:14:31,2021-04-19,False
6147,Male,1966-03-06,Blocked,Aurora,CO,25537,US,2015-04-04 10:50:32,2018-02-07,False
6334,Other,1964-03-30,Active,Vancouver,BC,,CA,2020-05-20 13:54:10,2025-06-30,True
6599,Female,1962-06-02,Active,Clinton,SK,,CA,2025-01-03 23:45:41,2025-09-25,True
6835,Male,1996-03-26,Active,Franklin,TN,76118,US,2020-06-28 23:49:57,2025-08-18,True
7243,Male,1963-05-17,Active,Madison,RI,92842,US,2017-11-05 06:22:35,2025-09-20,True
7300,Other,1999-03-15,Active,Chicago,IL,20345,US,2019-05-02 09:26:22,2025-03-14,True
7367,Female,1988-05-13,Blocked,Springfield,LA,99953,US,2017-05-11 03:53:38,2018-10-09,False
7413,Male,1986-10-15,Active,Springfield,KS,77282,US,2019-05-31 10:30:10,2025-09-12,True
7418,Male,1960-10-09,Active,Madison,AL,46525,US,2023-06-16 00:34:17,2025-09-01,True
7472,Female,1945-11-19,Active,Bristol,MT,67758,US,2016-01-22 09:05:47,2025-10-11,True
7602,Female,1959-05-21,Closed,Hamilton,ON,,CA,2017-01-11 16:56:15,2022-03-31,False
7865,Female,1962-08-07,Active,Akron,OH,83116,US,2017-08-18 16:49:26,2025-12-14,True
8092,Female,1951-05-18,Active,Red Deer,AB,,CA,2024-05-15 15:54:46,2025-02-10,True
8307,Female,1979-10-26,Active,Franklin,MS,48532,US,2015-10-05 11:52:58,2025-08-10,True
8461,Male,1981-04-24,Active,Houston,TX,95016,US,2024-03-24 20:32:48,2025-04-21,True
8537,Male,1941-10-16,Active,Houston,TX,49143,US,2020-08-23 20:05:42,2025-08-05,True
8546,Other,2010-03-20,Active,Madison,MD,37675,US,2024-03-01 16:35:14,2025-07-26,True
8559,Male,1968-12-22,Active,Franklin,NB,,CA,2024-10-24 01:53:46,2025-02-26,True
8631,Male,1983-03-31,Inactive,Fairview,WI,49743,US,2019-05-18 16:04:08,2019-11-12,False
8849,Male,1964-09-20,Active,Madison,MS,78816,US,2019-01-08 10:29:25,2025-11-11,True
8995,Male,1949-10-29,Active,Salem,WY,32537,US,2019-06-04 06:54:48,2025-08-26,True
9112,Female,1974-06-29,Active,Seattle,WA,55762,US,2017-07-21 14:33:31,2025-11-04,True
9133,Male,1961-10-13,Active,Chester,SC,40123,US,2025-04-14 03:35:43,2025-06-14,True
9277,Male,1999-02-16,Active,Chester,MD,22702,US,2020-03-01 16:49:48,2025-07-10,True
9314,Female,1998-10-01,Active,Bristol,VT,11548,US,2018-01-24 03:05:21,2025-08-31,True
9381,Male,1967-05-06,Active,Chester,WI,54425,US,2018-01-01 06:30:43,2025-09-09,True
9437,Female,1978-08-27,Active,Warren,MI,13057,US,2018-06-05 01:48:28,2025-07-02,True
9418,Male,1950-02-24,Inactive,Fairview,MD,15490,US,2019-03-08 17:15:04,2022-08-29,False
50,Male,2009-09-18,Closed,Springfield,RI,68515,US,2023-05-04 01:51:42,2024-07-06,False
181,Female,1948-09-28,Active,Austin,TX,54541,US,2018-07-06 06:27:49,2025-01-01,True
248,Male,1991-08-26,Active,Fairview,LA,90671,US,2020-10-21 16:37:32,2025-05-21,True
419,Female,1988-09-25,Inactive,Tacoma,WA,58469,US,2017-08-24 07:15:16,2019-11-30,False
448,Female,1962-10-19,Active,Franklin,RI,96885,US,2018-03-29 14:33:40,2025-07-02,True
935,Other,2001-10-19,Active,Aurora,CO,42709,US,2025-01-19 08:00:00,2025-05-26,True
1266,Female,1967-03-16,Active,Fairview,SC,38318,US,2020-05-26 19:25:42,2025-05-25,True
1973,Male,1943-07-01,Blocked,Chester,NL,,CA,2015-03-26 10:13:11,2019-03-26,False
2059,Female,1953-04-12,Active,Chester,WY,19021,US,2016-11-04 20:09:34,2025-08-23,True
2134,Female,1960-10-19,Active,Madison,WI,65507,US,2015-12-18 02:04:00,2025-09-19,True
2189,Male,1978-04-23,Active,Salem,NU,,CA,2016-01-04 04:11:00,2025-05-21,True
2228,Male,1956-12-12,Active,Boulder,CO,37377,US,2024-11-12 02:26:30,2025-09-16,True
2332,Male,1944-10-20,Active,Jacksonville,FL,51546,US,2023-08-10 14:59:17,2025-08-25,True
2503,Female,2006-09-02,Active,Springfield,OK,73768,US,2021-07-29 01:03:52,2025-02-21,True
2509,Male,1954-06-22,Active,Springfield,NS,,CA,2017-06-26 09:04:40,2025-11-21,True
2768,Male,2000-07-27,Active,Fairview,AL,16156,US,2015-08-08 08:07:41,2025-01-26,True
2791,Female,1947-10-14,Active,Franklin,WI,45138,US,2021-05-08 22:45:13,2025-07-17,True
2842,Female,1990-12-02,Active,Franklin,WI,60233,US,2025-06-01 20:44:20,2025-08-03,True
2870,Male,1997-06-30,Active,Madison,MN,84629,US,2022-03-05 20:04:00,2025-04-26,True
2888,Male,1981-10-29,Active,Chester,DE,54232,US,2015-02-25 05:16:23,2025-03-25,True
2943,Male,1975-06-14,Active,Georgetown,YT,,CA,2022-11-06 23:08:44,2025-08-06,True
3413,Female,1976-09-03,Blocked,Madison,NH,13342,US,2022-12-20 12:27:45,2024-12-22,False
3494,Male,1947-01-27,Active,Springfield,MA,18040,US,2017-03-04 06:46:40,2025-03-07,True
3989,Male,1967-07-24,Active,Springfield,WV,20882,US,2017-07-10 16:29:52,2025-06-30,True
4053,Male,1962-07-14,Active,Raleigh,NC,97163,US,2019-11-13 13:16:42,2025-10-22,True
4145,Male,1997-01-01,Active,Fairview,PE,,CA,2020-09-13 05:32:14,2025-08-26,True
4152,Male,1988-06-01,Active,Bristol,MB,,CA,2017-11-09 03:54:04,2025-05-05,True
4157,Female,1997-04-08,Active,Atlanta,GA,24804,US,2022-04-30 05:48:34,2025-09-07,True
4823,Female,1945-04-23,Active,Franklin,AL,10641,US,2025-03-10 02:58:43,2025-06-07,True
4870,Female,1959-07-06,Inactive,Winston-Salem,NC,51754,US,2016-06-09 12:36:37,2017-12-02,False
5249,Other,1943-04-18,Active,Fairview,MN,12995,US,2024-05-15 21:37:32,2025-11-13,True
5534,Male,1952-10-24,Active,Chester,KS,85933,US,2025-04-27 14:13:47,2025-10-21,True
5545,Male,2002-10-17,Inactive,Bristol,IA,20506,US,2018-04-13 22:08:05,2019-08-22,False
5738,Male,1958-03-30,Blocked,Fairview,NM,74677,US,2019-05-07 21:40:54,2019-08-20,False
5950,Female,1968-09-04,Closed,Georgetown,YT,,CA,2017-02-17 23:05:38,2023-04-14,False
6127,Female,2002-11-18,Active,Fairview,ME,19971,US,2017-11-16 02:22:26,2025-04-22,True
6371,Female,1948-07-13,Inactive,Clinton,ND,18830,US,2022-12-22 21:56:14,2023-07-07,False
6719,Male,1950-08-23,Inactive,Mississauga,ON,,CA,2018-10-07 05:38:22,2023-01-20,False
7435,Other,1989-01-02,Active,San Diego,CA,51365,US,2022-07-07 12:10:46,2025-04-25,True
7456,Female,1991-02-17,Active,Fairview,RI,36779,US,2021-09-15 20:14:44,2025-08-31,True
7737,Female,1966-08-04,Active,Salem,NM,89812,US,2020-04-07 23:53:05,2025-04-25,True
7949,Female,1966-08-12,Inactive,Vancouver,WA,12835,US,2019-03-14 19:21:44,2023-06-30,False
8147,Male,1947-03-05,Active,Bristol,IN,25408,US,2024-12-30 09:39:38,2025-06-03,True
8152,Female,1967-08-24,Active,Savannah,GA,74943,US,2018-02-11 06:49:52,2025-02-10,True
8316,Female,2002-09-10,Active,Fairview,ME,23135,US,2017-07-03 03:55:45,2025-08-04,True
8426,Male,1980-01-25,Active,Warren,MI,47282,US,2016-04-24 06:44:39,2025-06-10,True
8821,Prefer Not To Say,2004-05-24,Closed,Macon,GA,31258,US,2017-08-25 07:49:43,2018-02-02,False
9221,Female,1965-12-10,Inactive,Salem,UT,84308,US,2023-06-17 02:34:18,2025-09-30,False
9821,Female,1947-04-08,Active,Clinton,NS,,CA,2021-04-13 10:40:47,2025-11-18,True
63,Female,1955-10-06,Active,Reno,NV,28327,US,2019-12-08 11:46:13,2025-02-07,True
64,Prefer Not To Say,1993-09-25,Inactive,Savannah,GA,20957,US,2015-10-04 00:16:13,2016-03-15,False
128,Male,1947-12-08,Active,Clinton,VT,73559,US,2024-07-19 08:16:08,2025-02-12,True
148,Female,1950-09-25,Active,Savannah,GA,91522,US,2016-05-15 08:31:31,2025-08-29,True
205,Female,1973-08-28,Active,Henderson,NV,43064,US,2018-02-23 11:45:26,2025-08-20,True
286,Female,1988-11-14,Active,Salem,SC,36502,US,2019-01-25 17:14:44,2025-03-28,True
371,Male,1973-11-09,Inactive,Fairview,MD,25725,US,2015-04-16 20:31:33,2018-03-28,False
592,Female,1970-11-27,Active,Athens,GA,46497,US,2020-08-24 07:21:44,2025-05-23,True
672,Male,1971-04-16,Active,Clinton,AR,86548,US,2022-08-03 00:25:06,2025-05-04,True
675,Male,1958-08-12,Active,Salem,NT,,CA,2024-09-15 15:04:41,2025-04-05,True
846,Male,1978-07-05,Blocked,Dallas,TX,59545,US,2015-02-23 12:28:31,2021-02-02,False
890,Female,1970-04-12,Closed,Springfield,SK,,CA,2025-06-06 10:00:50,2025-06-21,False
1051,Male,1955-05-13,Closed,Raleigh,NC,50689,US,2016-04-01 13:31:25,2016-04-20,False
1094,Female,1964-09-10,Inactive,Springfield,MA,25912,US,2021-01-13 13:15:50,2025-07-13,False
1787,Male,1955-01-18,Active,Fairview,NM,73231,US,2017-05-23 18:55:40,2025-08-27,True
1952,Female,1963-05-14,Closed,Salem,SD,93826,US,2023-10-14 23:15:06,2025-04-15,False
2023,Female,1951-11-24,Active,Tampa,FL,93001,US,2016-09-25 14:04:38,2025-03-28,True
2076,Male,1951-09-17,Active,North Las Vegas,NV,37932,US,2025-04-02 05:27:42,2025-04-06,True
2110,Female,1968-07-22,Closed,Fairview,ID,29501,US,2023-01-09 16:00:20,2024-05-20,False
2445,Female,1976-09-23,Inactive,Salem,MD,65772,US,2018-05-11 14:24:59,2025-10-14,False
2797,Male,1981-06-07,Blocked,Riverside,VA,97377,US,2022-09-07 12:21:09,2022-09-22,False
3110,Female,1954-03-30,Inactive,Georgetown,OK,17194,US,2018-08-10 17:11:20,2024-01-19,False
3119,Male,1977-01-01,Blocked,Tacoma,WA,46906,US,2017-09-18 12:40:29,2017-11-05,False
3145,Male,1984-01-26,Closed,Salem,HI,56639,US,2015-03-26 19:20:31,2015-06-24,False
3314,Female,1981-11-02,Inactive,Vancouver,WA,85378,US,2024-03-21 17:28:51,2024-10-07,False
3337,Female,1985-04-11,Active,Franklin,AL,95681,US,2023-07-12 11:34:56,2025-06-24,True
3419,Male,1987-08-20,Active,Clinton,HI,29407,US,2020-09-04 10:03:19,2025-10-12,True
3434,Male,1971-07-15,Inactive,Salem,YT,,CA,2020-12-28 07:14:45,2021-08-18,False
3813,Male,1974-06-26,Active,Franklin,OK,11254,US,2015-12-26 21:30:18,2025-10-30,True
4026,Female,2003-01-28,Active,Salem,IN,20170,US,2018-01-09 20:56:48,2025-04-20,True
4073,Male,1953-12-10,Active,Springfield,KS,61167,US,2023-12-08 01:19:50,2025-07-21,True
4122,Male,1978-12-05,Inactive,Bristol,MN,10588,US,2022-08-31 00:35:29,2025-05-07,False
4131,Male,1980-08-20,Active,Fairview,MN,48151,US,2022-04-03 00:17:03,2025-11-24,True
4309,Female,2007-02-05,Active,Franklin,NE,51071,US,2024-08-14 17:38:15,2025-02-11,True
4493,Male,1973-09-18,Closed,Syracuse,NY,20989,US,2024-08-16 13:34:44,2025-06-10,False
4497,Female,1950-12-19,Active,Clinton,MD,60740,US,2021-07-25 13:58:09,2025-08-24,True
5230,Female,1984-09-23,Active,Franklin,NT,,CA,2016-03-20 17:12:23,2025-06-08,True
5341,Male,1943-11-07,Active,Aurora,IL,39998,US,2025-01-29 07:37:24,2025-06-10,True
5405,Male,1954-06-08,Active,Madison,ME,15875,US,2023-05-26 20:17:29,2025-02-21,True
5639,Prefer Not To Say,1993-02-21,Active,Franklin,SC,86424,US,2017-05-26 02:20:54,2025-05-18,True
5740,Female,1980-12-22,Closed,Madison,DE,99931,US,2025-03-25 18:38:54,2025-04-09,False
5919,Female,1995-04-28,Active,Bristol,WI,36571,US,2015-03-10 20:08:15,2025-09-01,True
6304,Male,1995-08-23,Active,Lowell,MA,51698,US,2023-02-27 03:06:28,2025-02-14,True
6538,Female,1978-04-06,Active,Allentown,PA,19617,US,2019-01-05 08:56:18,2025-10-27,True
6580,Female,1954-08-31,Active,Surrey,BC,,CA,2016-01-21 20:37:37,2025-04-15,True
6904,Female,1994-05-19,Closed,Clinton,NJ,72892,US,2025-08-05 07:44:11,2025-10-07,False
6941,Female,1981-08-20,Active,Madison,NL,,CA,2023-08-04 03:07:15,2025-09-13,True
7724,Male,1964-03-22,Active,Madison,MN,21472,US,2016-10-06 01:28:38,2025-02-25,True
7797,Female,2003-09-03,Active,Gatineau,QC,,CA,2024-09-04 12:36:29,2025-09-22,True
8247,Male,1956-06-01,Active,Fairview,NE,83211,US,2017-03-28 20:21:37,2025-05-10,True
8286,Female,1969-11-22,Active,Springfield,HI,54514,US,2020-09-18 14:13:53,2025-06-23,True
8319,Male,1952-06-14,Active,Madison,RI,68925,US,2022-02-26 10:45:17,2025-11-09,True
8323,Female,1959-12-05,Active,Springfield,MO,25219,US,2020-05-02 05:48:37,2025-11-18,True
8534,Other,1990-05-16,Active,Richmond,BC,,CA,2015-12-21 12:32:48,2025-01-05,True
9226,Male,1949-11-12,Active,Denver,CO,72635,US,2020-01-21 19:53:19,2025-09-15,True
9359,Female,2002-05-24,Active,Fort Collins,CO,52204,US,2021-06-26 18:29:38,2025-12-23,True
9401,Male,1970-07-02,Blocked,San Francisco,CA,31267,US,2024-01-27 18:39:40,2024-08-22,False
9834,Male,1963-11-04,Inactive,Clinton,MT,22927,US,2024-09-19 16:37:11,2025-09-20,False
82,Female,1950-06-14,Inactive,Springfield,HI,81845,US,2020-09-26 23:39:07,2022-04-28,False
85,Female,1995-03-31,Active,Bristol,RI,96136,US,2025-10-20 19:40:19,2025-10-21,True
408,Female,1997-08-13,Active,Aurora,CO,62044,US,2025-11-13 09:25:58,2025-12-17,True
416,Male,1971-12-10,Closed,Riverside,RI,64488,US,2023-01-08 19:14:59,2025-05-06,False
454,Male,1984-01-28,Active,Madison,MO,77449,US,2017-07-22 18:01:34,2025-08-28,True
793,Prefer Not To Say,1965-04-19,Active,Fairview,SK,,CA,2019-12-09 00:18:02,2025-04-21,True
1019,Male,1999-11-15,Active,Colorado Springs,CO,85625,US,2016-03-23 01:41:06,2025-07-28,True
1112,Male,1969-08-02,Active,Fort Collins,CO,83151,US,2016-10-17 10:08:45,2025-04-08,True
1258,Female,1983-01-04,Closed,Springfield,ME,52797,US,2024-06-04 07:14:14,2024-11-21,False
1367,Male,1960-07-01,Closed,Fairview,OK,77701,US,2021-01-31 15:30:12,2024-02-27,False
1838,Male,1964-10-21,Active,Springfield,ND,81721,US,2022-01-07 04:33:25,2025-05-28,True
1924,Male,1950-01-07,Active,Clinton,IA,93712,US,2016-08-13 18:43:57,2025-12-21,True
2414,Other,1979-02-17,Active,Franklin,NM,59267,US,2017-02-21 04:57:45,2025-08-19,True
2859,Female,1943-10-04,Closed,Quebec City,QC,,CA,2020-07-02 04:50:06,2020-11-15,False
2948,Male,2004-10-31,Blocked,Springfield,NJ,99309,US,2025-01-21 03:16:29,2025-05-10,False
2956,Male,1951-11-07,Active,Salem,SC,25734,US,2015-04-26 01:07:47,2025-05-14,True
3147,Female,1985-09-22,Active,Fairview,AK,25611,US,2020-09-16 08:56:44,2025-03-27,True
3327,Male,1960-06-20,Active,Columbus,OH,99322,US,2024-02-22 17:04:46,2025-03-16,True
3496,Male,1968-04-11,Active,Calgary,AB,,CA,2015-06-25 19:30:09,2025-04-05,True
4601,Female,1962-03-29,Active,Franklin,IN,60063,US,2019-03-24 05:57:27,2025-03-18,True
4697,Prefer Not To Say,1965-10-26,Inactive,Franklin,IN,31837,US,2025-12-05 01:50:59,2025-12-12,False
4964,Female,2001-08-24,Active,Fort Worth,TX,20784,US,2018-12-05 18:38:26,2024-12-26,True
4993,Male,2008-10-20,Closed,Fairview,KS,19948,US,2023-08-05 08:58:39,2024-09-22,False
5058,Male,1977-03-02,Active,Fairview,AL,77422,US,2021-01-11 20:17:19,2025-04-28,True
5096,Male,2001-02-28,Active,Dallas,TX,16625,US,2024-03-03 09:56:23,2025-03-08,True
5340,Female,2008-05-20,Active,Salem,NM,94000,US,2023-12-20 15:07:31,2025-08-03,True
5379,Female,1973-08-04,Active,Chester,OR,26710,US,2020-05-21 21:41:36,2025-05-30,True
6126,Female,1989-10-03,Closed,Clinton,HI,82265,US,2015-05-07 15:12:50,2019-02-13,False
6742,Male,1979-03-25,Active,Philadelphia,PA,38897,US,2023-09-14 12:35:12,2025-02-21,True
7000,Male,1975-08-16,Active,Franklin,KS,35905,US,2020-12-14 19:20:56,2025-09-21,True
7011,Male,1995-12-22,Active,Spokane,WA,49619,US,2020-01-23 21:52:13,2025-03-06,True
7068,Female,1975-11-25,Closed,Colorado Springs,CO,90173,US,2018-01-16 04:03:27,2023-06-25,False
7091,Female,1942-08-28,Active,Boston,MA,38540,US,2018-10-24 15:28:34,2025-01-20,True
7097,Female,1963-11-22,Active,Salem,KY,50789,US,2015-11-29 11:26:24,2025-12-14,True
7302,Prefer Not To Say,1949-08-09,Blocked,Aurora,IL,68498,US,2025-08-03 02:40:30,2025-11-25,False
7459,Male,1987-07-23,Active,Bristol,IN,79278,US,2020-05-29 09:18:31,2025-10-25,True
7667,Female,1969-05-31,Active,Springfield,KS,36437,US,2020-01-29 05:24:41,2025-10-27,True
7912,Male,1946-09-06,Active,Chester,OR,92976,US,2020-10-14 08:39:08,2025-10-08,True
7983,Female,1980-07-05,Active,Bristol,CT,74053,US,2020-05-12 23:50:02,2025-03-13,True
8299,Female,2004-12-31,Active,Springfield,SC,15707,US,2022-03-09 12:59:01,2025-09-02,True
8859,Other,1968-08-24,Inactive,Fairview,SD,82499,US,2019-03-14 05:52:17,2020-05-01,False
9829,Female,1982-12-03,Active,Georgetown,NU,,CA,2015-03-06 11:07:43,2025-12-11,True
8561,Prefer Not To Say,2005-07-06,Inactive,Franklin,WI,33652,US,2023-01-21 15:44:17,2024-12-21,False
29,Female,1976-07-01,Active,Winston-Salem,NC,97562,US,2021-09-20 01:00:13,2025-07-23,True
115,Male,2003-07-12,Active,Clinton,NT,,CA,2023-06-13 08:03:29,2025-01-23,True
339,Male,2006-08-15,Active,Madison,WI,50565,US,2022-07-04 05:42:18,2025-01-15,True
430,Male,1984-08-31,Active,Franklin,AL,65163,US,2024-01-21 12:17:18,2025-03-12,True
516,Female,1955-10-01,Active,Clinton,NM,99471,US,2015-04-15 19:23:27,2025-04-19,True
644,Male,1980-02-20,Inactive,Salem,MN,88072,US,2025-07-15 02:20:02,2025-09-27,False
656,Other,1976-04-23,Active,Fairview,IA,41108,US,2018-05-23 12:13:52,2025-02-25,True
845,Male,1977-08-05,Active,Madison,MN,83300,US,2017-09-05 05:44:48,2025-03-09,True
852,Female,1968-06-29,Active,Greensboro,NC,79081,US,2015-10-24 09:48:00,2025-03-27,True
913,Male,1973-05-11,Inactive,Springfield,KY,83860,US,2016-10-01 11:53:15,2017-08-11,False
1333,Male,1967-09-10,Active,Springfield,AK,67499,US,2015-08-27 09:09:17,2025-10-30,True
1440,Male,1970-06-15,Active,Bristol,TN,44347,US,2018-03-09 16:22:12,2025-03-07,True
1557,Female,2004-01-06,Active,Springfield,ND,74537,US,2022-04-11 16:48:27,2025-10-16,True
1763,Female,1979-04-30,Active,Georgetown,WI,76969,US,2024-06-23 22:04:44,2025-11-27,True
2955,Female,1976-03-15,Active,Joliet,IL,57120,US,2025-03-21 22:24:27,2025-10-15,True
3211,Male,1995-10-13,Active,Buffalo,NY,74216,US,2020-10-14 21:13:59,2024-12-26,True
4107,Male,1992-06-14,Inactive,Salem,AR,17925,US,2016-06-10 11:51:35,2023-05-20,False
4377,Other,1996-04-15,Active,Colorado Springs,CO,67342,US,2024-07-22 00:10:22,2025-02-07,True
4619,Male,1980-02-17,Blocked,Riverside,NE,13609,US,2025-05-05 07:02:14,2025-06-12,False
4940,Male,1993-10-13,Active,Bristol,MN,92217,US,2023-03-28 06:48:28,2025-08-29,True
5038,Female,1947-02-27,Active,Georgetown,NL,,CA,2023-10-18 17:56:46,2025-11-13,True
5136,Female,1962-11-08,Blocked,Laval,QC,,CA,2024-05-16 03:24:35,2024-11-17,False
5334,Male,1993-09-20,Closed,Georgetown,LA,82445,US,2021-04-14 00:24:02,2022-04-13,False
5356,Female,1982-11-02,Active,Gatineau,QC,,CA,2019-10-09 16:12:02,2025-03-25,True
5590,Female,1947-05-15,Active,Clinton,MB,,CA,2018-02-16 05:26:11,2025-07-30,True
5620,Female,1942-06-12,Active,Bellevue,WA,62885,US,2019-05-28 08:10:36,2025-01-26,True
6815,Male,1960-04-30,Active,Springfield,YT,,CA,2021-08-27 02:03:04,2025-05-10,True
7402,Prefer Not To Say,1979-06-13,Active,Georgetown,RI,89058,US,2018-02-01 03:41:44,2025-02-19,True
7785,Male,1990-04-06,Inactive,Houston,TX,30646,US,2025-03-07 05:37:22,2025-07-08,False
8329,Male,1973-09-07,Active,Franklin,NT,,CA,2021-12-12 12:38:21,2025-12-01,True
8663,Female,1952-11-16,Active,Franklin,WI,13630,US,2015-03-14 02:29:34,2025-08-14,True
8769,Female,1963-09-02,Closed,Franklin,KS,51552,US,2016-04-30 07:27:38,2019-12-08,False
9787,Female,1984-08-09,Inactive,Vancouver,WA,85133,US,2020-06-25 12:53:38,2021-09-22,False
9921,Male,2003-02-09,Active,Salem,AR,86079,US,2025-06-25 22:53:33,2025-09-19,True
24,Other,1998-01-16,Active,Georgetown,NJ,97881,US,2024-03-28 14:58:44,2025-07-24,True
296,Other,1954-12-20,Active,Joliet,IL,15451,US,2021-11-16 10:29:59,2025-01-22,True
808,Male,1955-01-08,Closed,Fairview,UT,93071,US,2018-06-26 09:25:27,2022-11-18,False
867,Female,1990-05-25,Closed,Salem,IA,68141,US,2022-06-19 00:23:35,2022-11-04,False
937,Male,1942-12-06,Active,Madison,LA,21981,US,2025-08-15 02:36:31,2025-10-01,True
1042,Female,1979-06-26,Active,Madison,CT,17722,US,2022-07-24 18:08:20,2025-08-30,True
1145,Female,1982-07-13,Inactive,Springfield,NM,97275,US,2016-01-31 21:56:29,2017-06-18,False
1149,Female,1948-12-13,Active,San Jose,CA,15951,US,2025-01-27 01:28:25,2025-05-13,True
1799,Female,1952-10-01,Active,Madison,WY,86656,US,2016-02-15 14:05:48,2025-02-18,True
1854,Male,1961-10-14,Active,Madison,PE,,CA,2019-09-17 00:58:10,2025-03-17,True
1869,Female,1960-02-05,Inactive,Georgetown,CT,27499,US,2023-04-22 06:20:30,2023-06-09,False
1899,Male,1947-02-02,Inactive,Raleigh,NC,33720,US,2024-05-23 16:43:49,2024-06-02,False
2418,Male,1982-02-14,Active,Edmonton,AB,,CA,2015-09-05 03:16:46,2025-10-29,True
2478,Male,1983-01-13,Active,Madison,WY,77766,US,2019-05-04 04:19:31,2025-10-09,True
2908,Female,1974-02-19,Active,Riverside,MD,35911,US,2023-11-13 21:45:07,2025-02-13,True
2981,Female,1950-05-06,Inactive,Orlando,FL,26193,US,2018-01-19 02:48:14,2025-04-04,False
3026,Male,1954-09-28,Active,Chester,VA,84026,US,2017-06-13 18:40:44,2025-02-05,True
3217,Male,1979-09-07,Blocked,Riverside,PE,,CA,2025-09-05 13:24:41,2025-12-09,False
3450,Male,1966-03-27,Active,Springfield,SD,55013,US,2020-07-04 19:00:36,2025-06-26,True
3679,Female,1997-11-04,Closed,Salem,AL,92836,US,2017-05-14 11:57:15,2017-10-11,False
3998,Male,2010-11-22,Active,Cincinnati,OH,87675,US,2024-06-07 03:53:40,2025-01-17,True
4005,Female,1971-06-24,Active,Fairview,SK,,CA,2024-02-11 16:35:06,2024-12-27,True
4578,Male,2000-01-01,Inactive,Bristol,DE,78764,US,2023-10-03 09:29:09,2024-10-30,False
5000,Male,2002-11-25,Active,Salem,AK,77076,US,2024-08-05 08:11:48,2025-12-23,True
5115,Female,1982-08-14,Active,Chester,CT,13110,US,2024-08-18 18:47:58,2025-01-18,True
5553,Female,1997-05-14,Active,Springfield,YT,,CA,2016-02-15 08:56:06,2025-08-28,True
5898,Female,1945-02-06,Active,Worcester,MA,68388,US,2022-02-24 22:58:25,2025-07-09,True
5928,Male,1943-08-14,Active,Joliet,IL,62788,US,2025-09-05 15:01:07,2025-10-20,True
6053,Male,1984-06-02,Active,Bristol,NE,76507,US,2019-03-11 21:10:42,2025-09-02,True
6136,Female,1951-05-01,Closed,Bristol,ME,35806,US,2015-03-11 10:00:50,2022-01-30,False
6157,Male,1997-12-25,Active,Madison,MN,74868,US,2024-05-28 19:12:52,2025-12-22,True
6198,Prefer Not To Say,1943-11-28,Active,Madison,SK,,CA,2021-01-08 03:36:12,2025-05-25,True
6693,Female,1994-12-30,Blocked,Bristol,NM,32699,US,2019-09-06 02:57:28,2020-12-17,False
7125,Female,1968-02-21,Blocked,Chester,HI,37927,US,2017-07-08 12:01:29,2019-04-01,False
7129,Female,1958-10-25,Active,Jacksonville,FL,54225,US,2022-06-04 23:35:28,2025-09-19,True
7150,Male,2004-06-05,Inactive,Fairview,AL,81270,US,2022-01-03 15:49:57,2025-10-06,False
7569,Male,2002-08-12,Active,Riverside,MT,93450,US,2025-01-12 19:58:15,2025-08-08,True
7641,Male,1988-10-19,Inactive,Fairview,UT,39628,US,2017-05-05 11:50:40,2017-10-30,False
7776,Female,1964-11-06,Inactive,Franklin,NS,,CA,2017-03-05 20:29:59,2022-03-11,False
8473,Male,2006-11-15,Active,Quebec City,QC,,CA,2023-03-31 11:24:52,2025-10-18,True
8638,Male,1976-08-08,Inactive,Fairview,WV,55955,US,2019-10-19 18:16:28,2021-02-06,False
8652,Male,1975-06-12,Closed,Franklin,TN,20511,US,2020-06-26 08:11:20,2022-01-19,False
8728,Male,1983-07-27,Active,Salem,AL,80209,US,2015-12-08 08:41:41,2025-06-01,True
9241,Female,1991-04-13,Blocked,Georgetown,OR,23799,US,2021-10-14 23:40:00,2025-08-16,False
9503,Male,1954-04-30,Active,Chester,ID,75827,US,2019-02-18 00:39:15,2025-10-25,True
9658,Female,1941-07-02,Inactive,Scottsdale,AZ,62291,US,2024-01-24 05:44:14,2024-06-06,False
9798,Female,2002-09-22,Active,Bristol,DE,51767,US,2023-02-13 00:33:58,2025-07-15,True
9996,Other,1979-12-09,Blocked,Franklin,SK,,CA,2018-06-25 14:35:48,2023-04-13,False
424,Male,1976-02-05,Active,Dallas,TX,40753,US,2016-12-21 23:01:38,2025-01-29,True
518,Prefer Not To Say,1957-07-29,Active,Madison,NT,,CA,2023-09-04 13:40:46,2025-10-08,True
677,Female,2004-02-20,Closed,Fairview,SC,72045,US,2024-10-13 19:11:02,2024-11-23,False
760,Female,2006-04-04,Inactive,Salem,MS,89221,US,2024-10-25 08:32:28,2025-03-19,False
925,Female,2002-05-01,Inactive,Clinton,YT,,CA,2018-10-11 02:42:34,2021-05-01,False
955,Male,1971-10-04,Active,Augusta,GA,47594,US,2022-03-19 11:30:36,2025-03-07,True
982,Female,1970-09-22,Active,Fairview,PE,,CA,2025-01-30 01:35:16,2025-06-27,True
1438,Female,1974-12-09,Closed,San Diego,CA,70232,US,2025-03-28 21:49:53,2025-04-09,False
1668,Male,1950-05-13,Active,Franklin,HI,56526,US,2018-10-01 08:40:05,2025-08-04,True
1798,Prefer Not To Say,1999-10-17,Active,Clinton,IN,88812,US,2015-04-05 05:50:45,2025-11-10,True
2199,Male,1982-12-03,Active,Springfield,NS,,CA,2022-04-25 19:44:19,2025-08-26,True
2369,Female,1958-01-22,Active,Rochester,NY,67361,US,2015-07-22 08:33:08,2025-11-21,True
2615,Female,1944-12-12,Closed,Durham,NC,67493,US,2017-08-28 10:48:32,2018-07-30,False
3694,Female,1998-01-14,Active,Riverside,NB,,CA,2022-12-10 10:17:16,2025-08-29,True
3725,Male,1951-02-10,Active,Madison,SD,16685,US,2021-01-21 20:23:15,2025-07-23,True
3796,Male,1952-05-28,Active,Bristol,UT,61536,US,2020-05-09 22:12:16,2025-10-10,True
4086,Male,2005-09-23,Inactive,Franklin,NH,88357,US,2022-08-30 12:13:35,2024-03-01,False
4207,Female,1992-11-24,Active,Bristol,NB,,CA,2021-02-28 17:48:12,2025-09-06,True
4255,Female,1953-01-04,Inactive,Austin,TX,71960,US,2024-07-22 18:44:41,2024-09-23,False
4373,Female,1978-01-30,Active,Salem,NE,22622,US,2023-02-26 16:14:22,2025-02-24,True
4671,Female,1990-04-30,Active,Chester,NM,28394,US,2023-11-24 15:49:58,2025-11-26,True
5454,Female,1943-12-21,Blocked,Georgetown,NL,,CA,2019-05-22 09:08:55,2021-07-04,False
5704,Male,1997-11-13,Inactive,Salem,KS,96533,US,2017-10-11 15:02:59,2025-09-06,False
5792,Male,2004-05-12,Active,Franklin,AK,48193,US,2022-03-15 22:28:22,2025-07-26,True
5857,Female,1980-11-15,Inactive,Chester,IN,46405,US,2015-07-08 00:44:07,2022-01-19,False
6027,Male,1941-01-18,Inactive,Chester,IA,57148,US,2015-07-04 17:59:23,2018-01-15,False
6037,Prefer Not To Say,1983-07-29,Inactive,Salem,IN,40112,US,2025-11-11 20:58:55,2025-12-04,False
6065,Other,1966-05-22,Active,Bristol,NJ,55621,US,2024-09-09 23:16:18,2025-04-07,True
6073,Female,1971-10-12,Active,Worcester,MA,34258,US,2018-06-30 16:00:43,2025-08-17,True
6482,Male,1957-08-25,Active,Cleveland,OH,78276,US,2015-12-17 11:07:32,2025-09-20,True
6511,Other,1944-05-08,Active,New York,NY,73147,US,2017-06-28 11:44:44,2025-07-11,True
6677,Female,1981-01-25,Active,San Francisco,CA,49600,US,2018-02-01 05:21:51,2025-01-25,True
6751,Female,1941-08-26,Active,Fort Collins,CO,11375,US,2018-08-27 06:33:35,2025-01-21,True
7487,Other,1945-06-03,Closed,Springfield,TN,78265,US,2023-12-01 16:18:35,2024-11-10,False
8055,Male,1961-11-26,Inactive,Naperville,IL,85253,US,2019-07-29 01:34:40,2021-11-05,False
8293,Male,1969-08-18,Active,Salem,WI,59151,US,2020-09-01 00:20:24,2025-10-31,True
8854,Male,1942-12-30,Inactive,Tampa,FL,45485,US,2024-05-25 19:04:05,2025-09-01,False
8956,Female,2011-09-01,Closed,Henderson,NV,32741,US,2025-02-06 14:33:11,2025-07-06,False
9082,Other,1977-05-22,Closed,Buffalo,NY,61643,US,2022-10-26 17:48:54,2023-12-25,False
9222,Female,2001-04-05,Inactive,Fairview,SC,45743,US,2022-02-15 10:05:38,2023-02-13,False
9340,Prefer Not To Say,1955-02-03,Active,Greensboro,NC,52276,US,2021-06-10 00:29:42,2025-05-07,True
9374,Other,1952-11-07,Active,Riverside,UT,36704,US,2020-12-13 11:34:36,2025-08-02,True
9707,Other,1963-09-30,Closed,Austin,TX,73845,US,2021-04-03 23:37:53,2023-08-06,False
9866,Female,1945-09-26,Closed,Bristol,NL,,CA,2015-06-04 15:25:01,2018-08-14,False
9930,Female,1972-09-16,Active,Madison,YT,,CA,2023-10-24 14:05:11,2025-05-20,True
9943,Male,1950-11-05,Active,Riverside,OK,69479,US,2015-04-16 06:36:32,2025-04-11,True
9994,Male,1974-02-24,Active,Cincinnati,OH,95558,US,2020-08-07 08:51:05,2025-01-27,True
297,Male,1980-01-29,Active,Tucson,AZ,21689,US,2019-03-25 02:31:01,2025-04-17,True
476,Female,1996-04-06,Active,Springfield,IA,68642,US,2020-04-09 04:08:57,2025-09-13,True
605,Female,1943-12-07,Active,Springfield,MB,,CA,2018-06-16 15:19:28,2025-08-22,True
614,Male,1965-11-03,Inactive,Georgetown,NH,25768,US,2015-12-23 21:04:45,2023-02-10,False
962,Male,1943-02-21,Inactive,Chester,MB,,CA,2024-09-08 13:53:06,2025-11-11,False
1040,Female,1995-05-29,Active,Bristol,AR,32223,US,2022-03-07 09:08:06,2025-10-29,True
1182,Male,1958-08-10,Active,Riverside,LA,52769,US,2020-06-30 00:57:47,2025-07-14,True
1505,Male,1998-09-23,Closed,Athens,GA,99489,US,2015-08-17 21:21:27,2019-09-07,False
1728,Male,1980-08-28,Active,Buffalo,NY,82375,US,2023-03-25 07:36:47,2025-03-05,True
1878,Male,1947-09-28,Active,Salem,ME,85609,US,2019-07-23 02:31:00,2025-10-11,True
2241,Male,1989-03-10,Active,Tucson,AZ,25916,US,2024-06-02 14:33:29,2025-07-10,True
2393,Male,1947-07-30,Closed,Clinton,NL,,CA,2015-07-12 16:23:20,2019-07-23,False
2738,Female,1985-04-13,Active,Mississauga,ON,,CA,2018-09-27 15:54:38,2025-10-14,True
2778,Female,1953-04-18,Active,Dallas,TX,93915,US,2018-06-22 13:42:32,2025-03-10,True
3165,Female,1984-05-24,Active,Naperville,IL,52841,US,2016-05-30 01:43:13,2025-05-19,True
3333,Female,1981-12-01,Inactive,Madison,WV,79496,US,2018-05-28 18:46:14,2018-08-29,False
3348,Female,1965-09-21,Active,Springfield,ID,40016,US,2015-10-27 16:23:50,2025-10-09,True
3750,Male,1991-09-21,Inactive,Bristol,SD,61825,US,2024-09-04 22:34:29,2025-11-18,False
4151,Female,2001-11-13,Active,Franklin,NS,,CA,2024-08-13 16:28:37,2025-05-21,True
4360,Male,2001-03-16,Closed,Riverside,UT,23032,US,2019-09-08 03:22:20,2020-12-02,False
4416,Female,1985-02-22,Active,Riverside,NL,,CA,2017-11-19 05:05:30,2025-11-03,True
4485,Male,2001-09-28,Active,Bristol,NH,93720,US,2015-09-18 03:37:19,2025-09-17,True
5023,Male,1948-05-31,Inactive,Pittsburgh,PA,59647,US,2016-07-03 23:39:32,2021-01-07,False
5145,Female,1987-07-03,Active,Fairview,AL,91968,US,2016-07-05 19:54:57,2025-11-30,True
6030,Female,1999-03-23,Active,Riverside,MS,35277,US,2022-07-26 04:50:16,2025-02-07,True
6432,Female,1942-08-13,Inactive,San Diego,CA,28035,US,2021-02-03 16:18:42,2023-06-26,False
6820,Female,1943-04-10,Active,Madison,WI,78018,US,2021-01-29 16:06:53,2025-10-20,True
6840,Female,1965-05-17,Active,Georgetown,WY,91847,US,2018-12-21 02:11:05,2025-07-22,True
7549,Female,1949-08-09,Active,Georgetown,OK,65887,US,2021-05-09 18:15:31,2025-07-06,True
7807,Female,1966-04-15,Closed,Riverside,NL,,CA,2017-06-18 09:08:57,2021-01-16,False
8044,Male,1983-03-18,Active,Boston,MA,18830,US,2023-07-10 15:38:12,2025-07-15,True
8048,Female,1966-01-27,Active,Franklin,NM,50284,US,2020-03-16 04:37:10,2025-07-16,True
8243,Female,1993-06-26,Active,Franklin,IA,47839,US,2022-09-26 00:53:55,2025-09-26,True
8282,Female,1942-11-28,Active,Springfield,NH,21230,US,2021-02-25 12:02:32,2025-02-18,True
8584,Female,1962-07-22,Active,Boston,MA,30633,US,2018-04-21 18:00:43,2025-05-30,True
8611,Male,1970-10-03,Active,Bristol,KS,80449,US,2015-07-22 14:01:02,2025-11-02,True
8735,Female,1999-12-06,Active,Quebec City,QC,,CA,2019-09-22 18:27:54,2025-11-07,True
9362,Male,1973-01-26,Inactive,Springfield,HI,71778,US,2025-05-30 20:27:39,2025-11-05,False
9431,Male,1988-05-23,Active,Clinton,NH,63655,US,2019-07-09 23:32:13,2025-04-16,True
9500,Male,1960-10-22,Closed,Bristol,NH,57110,US,2017-12-03 06:13:26,2019-07-11,False
9514,Male,1999-09-12,Active,Salem,UT,63106,US,2018-06-27 12:55:26,2025-12-16,True
9818,Female,1985-08-30,Active,Georgetown,AK,41744,US,2025-07-01 06:15:10,2025-09-22,True
176,Male,1952-06-29,Inactive,Fairview,MD,54944,US,2018-06-30 18:27:32,2025-10-21,False
319,Female,1974-09-04,Active,Chester,NT,,CA,2017-05-03 09:27:39,2025-02-27,True
1029,Female,1958-06-02,Active,Chester,MS,67910,US,2022-06-09 02:08:26,2025-12-14,True
1267,Female,1995-08-15,Active,Dallas,TX,34202,US,2021-12-03 15:10:08,2025-07-05,True
1361,Male,1968-07-27,Active,Madison,PE,,CA,2023-10-10 18:00:36,2025-11-09,True
1717,Male,1956-11-19,Active,Bristol,LA,39259,US,2018-02-13 03:55:35,2025-09-07,True
1946,Female,1981-06-09,Inactive,Clinton,NE,61489,US,2025-05-02 17:25:10,2025-05-19,False
2154,Female,1955-11-29,Active,Springfield,AR,37473,US,2017-07-07 03:01:51,2025-11-10,True
2460,Female,1982-08-29,Inactive,Reno,NV,32046,US,2019-10-01 10:49:45,2022-01-27,False
2825,Male,1978-04-15,Active,Clinton,NS,,CA,2021-03-14 00:50:00,2025-07-22,True
3218,Male,1971-01-05,Inactive,Toledo,OH,95736,US,2024-10-15 20:50:26,2024-11-25,False
3416,Male,1994-05-23,Inactive,Clinton,NM,87083,US,2020-11-06 00:50:12,2023-02-06,False
3462,Female,1971-09-25,Closed,Salem,KY,71345,US,2024-01-16 07:10:21,2024-11-11,False
3484,Other,1980-11-12,Active,Aurora,CO,47326,US,2020-09-29 14:16:24,2025-05-22,True
3658,Female,1967-04-10,Active,Franklin,OK,47622,US,2021-08-16 19:31:55,2025-03-11,True
3961,Female,2002-06-07,Active,Chester,MO,81016,US,2015-06-28 01:08:41,2025-10-26,True
4070,Female,1961-02-04,Inactive,Aurora,IL,13542,US,2018-01-15 21:52:39,2023-05-24,False
4209,Male,2002-05-09,Blocked,Madison,ID,49598,US,2022-08-14 05:13:46,2025-10-03,False
4562,Male,1979-10-06,Active,Chicago,IL,18060,US,2025-01-30 23:30:17,2025-09-02,True
4665,Male,1995-05-17,Active,Franklin,OR,49575,US,2023-01-07 02:56:31,2025-10-23,True
4675,Female,1997-01-13,Active,Aurora,CO,35477,US,2017-04-16 02:11:03,2025-11-23,True
4943,Male,1943-12-07,Active,San Francisco,CA,31402,US,2024-07-16 00:10:05,2025-08-21,True
5079,Female,1990-04-09,Active,Sparks,NV,64016,US,2016-06-11 05:25:27,2025-08-06,True
5200,Male,1951-09-15,Active,Franklin,MN,88738,US,2020-03-11 18:07:01,2025-04-14,True
5629,Male,2000-03-01,Active,Salem,NL,,CA,2018-11-19 19:52:59,2025-02-18,True
5847,Female,1997-09-06,Closed,Salem,DE,13047,US,2022-12-16 20:30:39,2023-08-07,False
5961,Male,1942-09-19,Active,Salem,MB,,CA,2022-12-09 13:43:54,2025-01-18,True
6104,Male,1972-03-06,Active,Longueuil,QC,,CA,2024-05-06 07:32:57,2025-10-20,True
6194,Prefer Not To Say,1979-02-18,Inactive,Springfield,NM,90011,US,2015-06-05 01:11:09,2022-12-04,False
6270,Male,1997-05-14,Blocked,Salem,MS,94542,US,2024-09-18 10:08:50,2025-04-05,False
6636,Female,1991-04-10,Closed,Chester,NM,14231,US,2023-09-10 19:27:41,2025-01-25,False
6660,Female,1981-10-27,Active,Salem,NM,21573,US,2018-01-12 11:05:31,2025-10-16,True
6888,Male,1974-04-24,Blocked,Chester,ND,67407,US,2016-09-06 07:24:17,2022-12-12,False
7109,Female,1979-05-31,Active,Salem,NB,,CA,2019-12-02 23:07:16,2025-04-22,True
7173,Male,1983-04-28,Active,Salem,SC,13895,US,2021-07-31 12:48:28,2025-08-22,True
7216,Female,1962-10-17,Active,Calgary,AB,,CA,2020-01-19 20:47:55,2025-04-10,True
7306,Male,1962-01-18,Active,Salem,NE,33411,US,2019-12-09 15:02:57,2025-10-01,True
7344,Male,1985-08-25,Active,Bristol,IN,10624,US,2016-01-19 08:20:31,2025-06-26,True
7432,Female,1982-02-06,Blocked,Seattle,WA,51329,US,2025-12-22 23:08:44,2025-12-25,False
7465,Other,1978-08-25,Inactive,Clinton,LA,96655,US,2020-04-23 09:53:16,2020-10-01,False
7525,Female,1947-12-30,Inactive,Madison,MD,99345,US,2022-01-13 16:07:12,2022-03-22,False
7552,Male,1998-09-10,Active,Bristol,CT,94178,US,2020-07-02 11:45:23,2025-10-03,True
7582,Female,1948-03-30,Closed,Fairview,OR,58258,US,2018-11-26 21:19:12,2019-08-08,False
7585,Other,1944-03-01,Active,Greensboro,NC,42539,US,2018-11-23 06:25:53,2025-01-05,True
7606,Female,2005-07-06,Active,Chester,AK,46729,US,2021-06-19 14:35:15,2025-09-08,True
7956,Female,1971-04-01,Inactive,Clinton,MN,11945,US,2019-09-27 05:24:29,2020-06-30,False
8100,Male,2000-08-05,Closed,Franklin,NE,98406,US,2015-04-10 06:54:31,2019-06-01,False
8134,Male,1953-05-06,Active,Rockford,IL,53219,US,2018-07-18 15:43:18,2025-03-16,True
8385,Female,1941-04-26,Active,Springfield,CT,28922,US,2024-02-25 01:52:59,2025-03-24,True
9766,Female,1992-05-13,Active,Fairview,UT,77355,US,2019-09-19 08:23:44,2025-08-06,True
9952,Female,1968-11-04,Active,Chester,IN,21180,US,2017-06-14 20:36:48,2025-08-26,True
163,Female,1960-10-01,Active,Franklin,NM,91506,US,2021-08-04 21:21:58,2025-02-20,True
338,Male,1944-09-04,Active,Madison,WY,88675,US,2017-06-27 14:15:25,2025-12-24,True
1085,Male,1987-04-01,Active,Charlotte,NC,87270,US,2015-12-17 19:53:22,2025-02-15,True
1102,Female,2006-11-20,Active,Georgetown,MB,,CA,2023-04-14 09:04:48,2025-07-26,True
1288,Female,1999-06-02,Closed,Franklin,AK,33848,US,2022-04-16 23:57:12,2023-03-22,False
1397,Male,1960-09-08,Closed,Springfield,KY,57975,US,2025-12-21 11:32:07,2025-12-23,False
1849,Female,2003-06-18,Active,Boston,MA,59779,US,2021-04-30 20:05:12,2025-11-06,True
2574,Male,1964-01-18,Inactive,Georgetown,LA,33245,US,2016-04-10 22:32:25,2022-11-15,False
3131,Male,1973-09-29,Active,Springfield,KY,60282,US,2022-09-20 14:38:37,2025-09-15,True
3190,Female,1996-01-20,Inactive,Chester,VA,83934,US,2019-04-27 18:26:31,2023-04-15,False
3243,Female,1984-12-14,Active,Colorado Springs,CO,32823,US,2019-07-16 21:08:07,2025-08-22,True
3343,Female,1975-06-02,Active,Madison,MN,23126,US,2025-10-24 09:59:51,2025-11-13,True
3574,Other,1961-10-18,Inactive,Clinton,MN,30633,US,2017-12-02 04:55:18,2022-01-08,False
3665,Female,1967-01-20,Inactive,Springfield,SK,,CA,2017-07-16 17:58:57,2023-09-29,False
4464,Female,1956-11-02,Active,Clinton,AR,72630,US,2017-08-06 01:27:22,2025-07-28,True
4568,Male,1977-09-29,Active,Clinton,NH,61039,US,2019-10-07 05:45:12,2025-05-11,True
4716,Prefer Not To Say,1985-10-07,Active,Cambridge,MA,13123,US,2019-08-15 02:03:23,2025-05-13,True
4809,Female,1975-04-27,Active,Madison,AL,75719,US,2020-07-21 15:36:43,2025-06-21,True
4844,Male,1980-03-29,Active,Warren,MI,20315,US,2021-03-14 05:29:04,2025-09-18,True
4954,Male,1988-01-26,Active,Bristol,ID,81541,US,2017-05-11 11:10:18,2025-04-11,True
5074,Female,1947-09-09,Inactive,Springfield,AK,12466,US,2016-04-12 22:49:01,2018-12-10,False
5440,Female,1996-06-16,Active,Clinton,OR,81200,US,2019-10-16 14:53:29,2025-10-15,True
5819,Male,1993-03-22,Active,Bristol,OK,55455,US,2017-03-05 15:59:12,2025-03-29,True
5841,Other,1955-05-23,Active,Franklin,OK,63091,US,2022-10-14 23:38:27,2025-09-22,True
5845,Prefer Not To Say,1995-03-19,Closed,Chester,KS,39323,US,2016-10-28 02:23:52,2017-12-30,False
5920,Other,1987-06-12,Inactive,Bristol,ME,15795,US,2025-09-21 17:06:43,2025-12-09,False
5982,Male,1990-05-24,Closed,Georgetown,NB,,CA,2015-10-07 11:38:58,2021-03-17,False
6057,Female,1988-09-30,Active,Clinton,UT,55609,US,2018-03-24 00:56:43,2025-08-20,True
6096,Male,1974-05-04,Active,Bristol,NL,,CA,2021-07-28 10:01:42,2025-09-24,True
6257,Male,1961-10-08,Active,Georgetown,HI,41915,US,2016-07-18 04:57:42,2025-01-13,True
6310,Male,1953-04-12,Active,Ann Arbor,MI,14206,US,2016-08-17 07:15:12,2025-02-27,True
6413,Male,1954-09-17,Active,Riverside,CT,68262,US,2016-02-03 01:51:34,2025-03-16,True
6477,Female,1955-05-21,Active,Fairview,SK,,CA,2020-09-11 11:04:42,2025-12-02,True
6647,Female,1962-05-18,Active,Philadelphia,PA,81916,US,2020-10-02 03:24:17,2025-11-26,True
6805,Male,1963-02-13,Active,Salem,TN,24443,US,2025-12-02 13:09:11,2025-12-20,True
7427,Female,2005-11-26,Blocked,Springfield,SK,,CA,2024-10-23 06:13:02,2024-12-13,False
7741,Female,1977-10-11,Closed,Riverside,NS,,CA,2024-02-07 09:23:10,2025-03-27,False
8164,Female,1995-07-23,Inactive,Salem,NH,79148,US,2020-06-08 01:53:55,2025-01-21,False
8218,Female,1971-04-15,Closed,Salem,KS,96603,US,2015-02-26 05:52:52,2019-12-18,False
8256,Female,1997-10-26,Inactive,Fairview,ME,98941,US,2022-03-28 15:33:33,2024-01-28,False
8647,Other,1964-11-08,Active,Clinton,NE,61704,US,2022-03-13 09:27:41,2025-02-10,True
8666,Male,1964-03-21,Closed,Bristol,IA,54771,US,2020-01-06 08:15:00,2023-01-04,False
9208,Male,1994-07-29,Active,Ottawa,ON,,CA,2017-04-05 23:22:14,2025-05-11,True
9905,Male,1987-05-15,Blocked,Fairview,CT,13265,US,2015-07-31 06:58:07,2022-10-25,False
73,Male,2006-07-12,Active,Bristol,RI,36171,US,2025-07-29 08:42:18,2025-10-09,True
172,Female,1955-07-10,Active,Georgetown,NS,,CA,2023-04-16 17:36:04,2025-07-24,True
251,Female,1986-07-27,Active,Mesa,AZ,68672,US,2017-05-31 13:03:35,2025-07-12,True
579,Female,1999-12-21,Active,Chester,ID,45276,US,2024-04-19 20:16:19,2025-08-23,True
791,Female,1959-02-02,Closed,Madison,NU,,CA,2024-08-16 18:57:18,2024-10-10,False
1225,Male,1971-07-31,Inactive,Springfield,SC,46375,US,2017-10-26 03:18:21,2019-05-07,False
1383,Male,2001-01-02,Active,Salem,VT,16917,US,2015-06-04 03:10:51,2025-02-01,True
1672,Female,1987-07-27,Active,Bristol,VT,43274,US,2019-01-05 13:16:09,2025-02-09,True
2170,Female,1974-08-02,Active,Madison,NT,,CA,2020-11-26 00:36:27,2025-02-12,True
2279,Male,1979-07-19,Active,Atlanta,GA,48220,US,2016-09-20 07:51:33,2025-08-24,True
2497,Female,1987-05-02,Active,Franklin,IA,84762,US,2017-06-01 00:09:46,2025-02-01,True
2736,Female,1974-01-10,Active,Madison,NJ,29503,US,2016-07-17 18:09:02,2025-11-10,True
2772,Female,1995-08-22,Active,Bristol,KY,34847,US,2020-03-30 03:44:10,2025-12-02,True
2815,Female,1989-03-12,Active,Raleigh,NC,69006,US,2024-12-25 19:35:01,2025-06-14,True
2820,Prefer Not To Say,1996-06-19,Blocked,Orlando,FL,50331,US,2023-07-26 20:46:33,2024-08-07,False
3074,Female,1976-12-09,Inactive,Springfield,NJ,30804,US,2016-07-08 11:04:42,2019-05-28,False
3443,Female,1980-06-05,Active,Mississauga,ON,,CA,2022-08-11 15:27:19,2025-08-27,True
3539,Female,1997-02-27,Active,Madison,SK,,CA,2024-04-30 00:25:47,2025-04-14,True
3668,Female,1999-02-12,Active,Franklin,NT,,CA,2018-11-24 17:11:02,2025-08-07,True
4124,Female,1975-07-22,Active,Clinton,MO,67910,US,2016-10-11 12:12:12,2025-10-28,True
4501,Male,1975-11-28,Active,Riverside,WI,76909,US,2022-08-01 08:03:49,2025-07-26,True
4536,Male,1955-04-18,Active,Madison,PE,,CA,2016-03-03 11:19:36,2025-05-17,True
4660,Female,1953-02-15,Inactive,Riverside,VA,19247,US,2019-05-18 19:41:53,2019-09-25,False
4701,Male,2007-02-21,Active,Georgetown,NH,43780,US,2025-11-29 20:38:05,2025-12-01,True
5011,Other,1958-08-09,Active,Franklin,AL,62893,US,2015-01-18 22:25:41,2025-01-09,True
5196,Female,1964-02-01,Active,North Las Vegas,NV,82359,US,2017-10-06 13:28:09,2025-12-23,True
5306,Female,2000-02-08,Active,Clinton,MB,,CA,2023-04-04 17:52:57,2025-05-11,True
5429,Male,1965-12-18,Active,Pittsburgh,PA,37034,US,2020-10-05 07:52:30,2025-02-09,True
5471,Other,1970-09-06,Active,Mississauga,ON,,CA,2015-07-04 17:30:35,2025-01-15,True
5560,Female,1983-11-12,Active,Fort Lauderdale,FL,11250,US,2015-08-12 06:44:34,2025-06-23,True
5682,Male,1946-11-09,Active,Riverside,ME,39751,US,2024-07-16 15:43:29,2025-04-15,True
5744,Female,1958-01-05,Active,Chester,SD,71582,US,2025-01-29 12:07:27,2025-11-09,True
6083,Male,1960-06-19,Active,Chester,LA,46273,US,2017-08-26 20:21:32,2025-03-17,True
6461,Male,1958-01-11,Inactive,Red Deer,AB,,CA,2016-07-27 11:11:21,2024-08-18,False
7079,Prefer Not To Say,1976-09-20,Blocked,Madison,VA,78737,US,2020-09-08 02:42:00,2021-12-16,False
7163,Male,1979-01-08,Inactive,Seattle,WA,46754,US,2025-05-14 10:14:43,2025-05-26,False
7527,Female,1957-08-06,Active,Dallas,TX,70021,US,2018-12-04 20:59:59,2025-01-13,True
7568,Male,1988-08-19,Inactive,Georgetown,NU,,CA,2017-12-03 19:09:25,2019-03-08,False
7837,Male,1963-09-25,Closed,North Las Vegas,NV,13144,US,2023-02-26 05:54:42,2023-03-14,False
7862,Male,2007-12-11,Active,Franklin,NU,,CA,2023-01-15 08:52:24,2025-09-28,True
8204,Male,1977-07-21,Inactive,Madison,OK,40753,US,2017-03-31 04:41:29,2025-07-07,False
8332,Female,1967-04-06,Active,Springfield,MA,98194,US,2017-04-09 04:14:57,2025-10-15,True
8833,Male,1991-05-02,Active,Allentown,PA,82823,US,2025-04-25 19:03:05,2025-05-08,True
8905,Prefer Not To Say,1970-12-17,Active,Bristol,IN,70453,US,2023-07-06 07:02:34,2025-06-20,True
9051,Prefer Not To Say,1974-05-31,Closed,Franklin,YT,,CA,2024-11-19 04:19:04,2025-04-16,False
9233,Female,1947-01-20,Active,Cincinnati,OH,69125,US,2019-12-25 06:50:23,2025-02-24,True
9302,Male,1943-09-19,Active,Fairview,ND,36325,US,2019-02-03 08:57:37,2025-05-26,True
9309,Female,1945-02-15,Active,Clinton,MB,,CA,2019-11-11 20:41:37,2025-02-19,True
9325,Male,1946-07-11,Active,Charlotte,NC,78436,US,2024-01-27 10:24:04,2025-11-28,True
9709,Other,1973-03-27,Blocked,Riverside,SC,51466,US,2019-10-01 11:02:26,2023-09-15,False
9777,Female,1947-03-07,Active,Salem,NJ,17892,US,2016-07-05 18:41:37,2025-06-02,True
9980,Prefer Not To Say,2002-11-10,Active,San Antonio,TX,36043,US,2022-01-03 23:21:13,2024-12-29,True
252,Female,1989-01-29,Active,Riverside,ND,75732,US,2017-03-23 05:53:34,2025-06-06,True
705,Female,1957-09-19,Inactive,Georgetown,NL,,CA,2019-11-27 05:25:39,2022-06-08,False
851,Male,1976-05-25,Active,Bristol,ME,46868,US,2025-11-06 04:32:49,2025-12-24,True
943,Other,1959-11-10,Active,Franklin,IA,11723,US,2025-02-15 17:32:49,2025-12-25,True
1082,Male,1965-08-22,Active,Clinton,MT,33061,US,2019-06-15 21:17:49,2025-07-12,True
1168,Male,1983-08-21,Active,Montreal,QC,,CA,2016-03-11 10:41:02,2025-08-10,True
1375,Female,1975-10-01,Active,Madison,VT,53337,US,2017-10-23 04:04:49,2025-09-05,True
1537,Prefer Not To Say,2004-09-11,Blocked,Chicago,IL,81315,US,2020-04-07 19:04:40,2022-04-25,False
1595,Male,2000-06-05,Active,Fairview,NH,76929,US,2022-07-20 18:37:05,2025-10-09,True
1726,Female,1967-01-31,Active,Franklin,NT,,CA,2016-03-06 14:32:37,2025-10-04,True
1737,Male,1946-03-12,Active,Fairview,VA,10047,US,2025-04-05 14:18:59,2025-04-12,True
1862,Female,1970-12-31,Inactive,Chester,DE,71156,US,2016-07-30 09:31:04,2023-01-13,False
1863,Male,1981-05-01,Active,Franklin,MD,76633,US,2025-02-21 19:29:41,2025-08-18,True
2273,Male,1971-12-01,Active,Greensboro,NC,82096,US,2021-07-21 06:07:39,2025-07-31,True
2706,Male,1957-12-18,Active,Philadelphia,PA,69994,US,2022-02-08 08:21:58,2025-04-08,True
2731,Female,1982-09-09,Active,Bristol,VT,47348,US,2019-02-21 19:59:19,2025-11-06,True
2757,Male,1990-01-19,Blocked,Bristol,IA,78441,US,2024-10-02 22:32:34,2025-03-17,False
3065,Male,1941-07-05,Active,Franklin,NH,31836,US,2017-10-01 20:37:51,2025-01-10,True
3180,Female,1955-05-21,Active,Georgetown,OR,45147,US,2023-03-06 02:56:03,2025-12-04,True
3560,Male,1974-05-17,Active,Salem,NE,36546,US,2023-10-25 00:44:43,2025-06-05,True
3850,Male,1963-01-16,Active,Franklin,NT,,CA,2015-02-08 20:12:11,2025-11-13,True
4028,Male,2004-11-08,Closed,Bristol,WY,97950,US,2018-09-07 16:11:45,2023-10-09,False
4099,Male,2005-10-14,Active,Franklin,SD,68158,US,2021-06-24 01:07:30,2025-05-23,True
4189,Other,1964-05-13,Active,Madison,TN,64841,US,2016-02-17 21:41:32,2025-01-10,True
4369,Female,1974-01-12,Active,Salem,MN,46546,US,2018-12-18 09:40:48,2025-09-30,True
4370,Prefer Not To Say,1954-07-06,Active,Bristol,NE,96692,US,2022-02-18 09:10:04,2025-11-30,True
4955,Male,1961-08-04,Active,Macon,GA,14261,US,2018-06-18 22:39:08,2025-11-15,True
5031,Female,1943-03-22,Inactive,Madison,SC,63270,US,2025-02-01 05:13:52,2025-09-22,False
5235,Female,2008-01-27,Active,Salem,SC,19673,US,2022-07-12 05:56:25,2025-08-04,True
5266,Female,1955-06-15,Active,Springfield,MT,70544,US,2025-06-12 08:13:32,2025-09-23,True
6210,Female,1952-05-25,Active,Sterling Heights,MI,87171,US,2017-10-19 06:28:16,2025-08-31,True
6681,Male,1960-04-11,Closed,Henderson,NV,24800,US,2016-01-21 02:50:01,2022-04-20,False
6859,Male,1948-09-05,Active,Franklin,NJ,35366,US,2016-02-08 09:42:46,2025-07-07,True
7121,Other,1991-08-23,Active,San Jose,CA,13684,US,2016-10-29 07:27:11,2025-12-09,True
7625,Male,1981-01-05,Active,Philadelphia,PA,97532,US,2015-03-16 09:56:28,2025-08-26,True
7723,Male,1983-04-04,Closed,Franklin,RI,24144,US,2018-08-08 16:20:29,2020-05-04,False
8076,Female,1957-08-17,Active,Burnaby,BC,,CA,2018-11-12 15:11:48,2024-12-31,True
8494,Female,1950-11-16,Inactive,Riverside,NS,,CA,2017-06-05 11:26:26,2021-10-12,False
8548,Female,2003-11-06,Active,Chester,NH,85201,US,2025-10-26 02:37:16,2025-11-24,True
8698,Male,1957-09-08,Active,Springfield,AL,14404,US,2016-09-25 11:29:55,2025-05-13,True
8998,Male,1968-10-15,Active,Pittsburgh,PA,19802,US,2015-11-18 23:58:17,2025-02-22,True
9447,Female,1982-07-31,Blocked,Calgary,AB,,CA,2019-08-19 08:09:58,2023-10-01,False
9489,Other,1997-12-30,Closed,Spokane,WA,61769,US,2015-06-28 13:01:12,2019-09-06,False
9713,Female,1962-11-14,Active,Madison,WV,87667,US,2020-04-27 15:34:06,2025-05-05,True
9926,Prefer Not To Say,1970-04-03,Inactive,Riverside,MT,79268,US,2016-01-02 17:22:42,2024-08-12,False
330,Male,1982-10-10,Active,Georgetown,AR,70960,US,2019-03-02 06:29:08,2025-05-26,True
610,Male,1967-12-29,Inactive,North Las Vegas,NV,44024,US,2024-12-09 15:16:28,2025-07-02,False
743,Male,2010-08-22,Inactive,Clinton,DE,46215,US,2024-01-22 15:09:43,2025-05-31,False
971,Other,1954-10-13,Active,Springfield,ND,68663,US,2015-02-19 17:56:42,2025-09-11,True
1133,Female,1970-03-24,Inactive,Durham,NC,20293,US,2024-09-21 05:09:38,2025-08-24,False
1207,Female,1962-02-15,Active,Cleveland,OH,44545,US,2021-06-16 22:22:24,2025-11-30,True
1357,Female,1979-06-11,Blocked,Salem,NB,,CA,2022-01-12 20:21:28,2022-12-15,False
1374,Male,1999-09-06,Blocked,Warren,MI,59033,US,2017-05-28 05:17:30,2018-01-03,False
1391,Female,1991-02-02,Active,Clinton,KS,42055,US,2018-02-26 08:59:28,2025-06-17,True
1652,Male,2003-02-12,Active,Riverside,SK,,CA,2024-09-16 04:47:17,2025-02-17,True
1812,Male,1952-03-12,Active,Clinton,CT,29135,US,2015-11-12 22:05:03,2025-06-20,True
2000,Female,2003-03-16,Active,Franklin,SD,43783,US,2025-11-25 03:00:28,2025-11-26,True
2093,Male,1969-05-06,Active,Salem,NE,73806,US,2021-08-21 12:35:46,2025-07-16,True
2100,Female,2002-12-19,Active,Bristol,ND,68586,US,2019-05-13 05:42:41,2025-04-05,True
2398,Male,1997-11-11,Inactive,Clinton,NH,84509,US,2015-07-17 20:29:43,2023-05-27,False
2422,Male,1977-12-01,Active,Georgetown,WI,67005,US,2020-04-25 18:25:31,2025-02-08,True
2470,Other,1956-06-13,Active,Springfield,NE,91495,US,2016-07-26 22:36:03,2025-02-19,True
2616,Female,1971-06-03,Active,Springfield,MB,,CA,2024-07-23 23:58:34,2025-03-25,True
2760,Female,1944-12-25,Inactive,Georgetown,ME,31222,US,2017-11-30 15:18:29,2019-03-24,False
2798,Female,1956-09-14,Closed,Clinton,SC,31190,US,2019-03-20 20:00:14,2021-11-28,False
2811,Prefer Not To Say,1966-12-04,Active,Allentown,PA,54163,US,2015-12-17 06:46:08,2025-05-13,True
3055,Female,1990-06-02,Active,Georgetown,YT,,CA,2024-01-03 07:27:29,2025-04-20,True
3198,Female,1987-12-23,Active,Riverside,OK,37757,US,2015-02-07 21:49:15,2025-04-28,True
3675,Female,2003-10-31,Inactive,Augusta,GA,46987,US,2020-10-05 00:30:56,2025-04-25,False
4137,Male,1941-06-19,Active,Fairview,NH,31966,US,2015-04-22 14:01:08,2025-05-23,True
4400,Female,1943-04-01,Blocked,Chester,IA,57645,US,2016-08-29 19:24:38,2018-07-02,False
4424,Female,1997-10-25,Active,Salem,RI,96144,US,2023-08-21 09:33:20,2025-01-03,True
4642,Female,1955-07-07,Inactive,Clinton,LA,98641,US,2017-05-25 05:37:21,2019-11-27,False
4745,Male,1981-06-11,Active,Chester,AR,77683,US,2018-12-03 05:59:12,2025-07-14,True
5084,Female,1992-04-24,Active,Madison,RI,58954,US,2023-07-18 02:39:26,2025-04-02,True
5329,Female,1987-07-19,Active,Phoenix,AZ,93419,US,2025-07-15 19:44:17,2025-09-22,True
5435,Male,2012-05-22,Active,Detroit,MI,71852,US,2025-07-16 06:22:58,2025-11-07,True
5696,Male,1976-01-19,Active,Clinton,ID,26314,US,2024-08-15 02:55:35,2025-12-04,True
5775,Other,1988-05-19,Active,Greensboro,NC,71068,US,2019-03-26 00:38:42,2025-03-26,True
5953,Male,1953-05-23,Inactive,Georgetown,PE,,CA,2020-07-19 23:16:07,2025-04-12,False
6134,Female,1955-03-31,Inactive,Franklin,AR,36239,US,2025-11-03 02:17:38,2025-12-08,False
6370,Female,2000-02-26,Closed,Fairview,AK,95404,US,2017-11-18 12:36:09,2020-05-27,False
6417,Male,2001-06-09,Active,Clinton,HI,13928,US,2015-07-27 14:38:11,2025-12-22,True
6423,Male,1943-08-22,Active,Franklin,NM,12525,US,2019-03-19 20:15:34,2025-01-13,True
6523,Male,1994-02-21,Active,Madison,NH,74549,US,2021-06-03 20:07:40,2025-05-31,True
6758,Female,1974-09-17,Active,Salem,KY,53206,US,2025-12-20 21:11:52,2025-12-24,True
6821,Male,1958-01-08,Blocked,Bristol,NE,93274,US,2021-03-02 03:28:53,2022-10-07,False
7168,Male,1947-06-27,Active,Clinton,MT,78689,US,2022-08-26 17:41:01,2025-06-28,True
7563,Female,1971-07-14,Active,Scottsdale,AZ,40393,US,2025-05-27 21:12:49,2025-08-30,True
7595,Male,1986-07-11,Active,Fairview,AR,94339,US,2017-11-02 01:49:59,2025-08-03,True
7787,Female,1963-03-18,Active,Franklin,SK,,CA,2023-03-25 18:54:31,2025-07-13,True
7995,Male,1983-07-13,Active,Georgetown,IA,70149,US,2021-11-29 02:50:07,2025-01-01,True
8038,Female,1991-02-17,Active,Salem,AR,92762,US,2018-01-12 00:35:33,2025-06-20,True
8295,Male,1972-03-09,Active,Franklin,CT,58985,US,2018-06-05 07:26:47,2025-07-15,True
8539,Female,1962-03-03,Blocked,Lowell,MA,80889,US,2018-02-18 03:46:29,2021-01-11,False
8569,Male,1997-05-16,Active,Georgetown,NT,,CA,2024-11-18 04:12:12,2025-05-20,True
9038,Male,1965-06-11,Active,Fairview,RI,41941,US,2017-05-24 01:39:30,2025-03-31,True
9097,Male,1993-11-30,Active,Bellevue,WA,53202,US,2021-07-19 14:33:38,2025-08-27,True
9348,Female,1980-09-16,Active,Bristol,OR,15089,US,2017-03-02 08:31:34,2025-03-23,True
9358,Female,1989-03-18,Inactive,Buffalo,NY,60104,US,2016-08-24 04:47:02,2017-09-22,False
9971,Female,1963-06-11,Active,Gatineau,QC,,CA,2019-12-27 02:01:12,2025-07-02,True
109,Female,1984-07-30,Active,Riverside,MB,,CA,2022-12-04 14:35:18,2025-03-23,True
125,Female,2004-11-27,Active,Georgetown,MO,74788,US,2024-05-02 15:07:37,2025-02-23,True
283,Male,1997-02-20,Active,Medicine Hat,AB,,CA,2019-03-09 08:39:20,2025-12-10,True
801,Male,1977-08-24,Active,Springfield,LA,40804,US,2017-06-08 20:50:15,2025-02-20,True
1135,Female,1945-04-12,Active,Madison,ID,11835,US,2019-09-20 16:39:26,2025-06-18,True
1199,Male,1941-07-20,Active,Bellevue,WA,43294,US,2025-07-20 05:10:51,2025-08-29,True
1256,Male,1964-04-12,Active,Dallas,TX,97878,US,2016-07-20 08:04:57,2025-06-07,True
1829,Female,1946-06-25,Active,Clinton,IN,17743,US,2015-11-01 23:01:57,2025-09-01,True
2020,Male,1998-07-04,Closed,Tucson,AZ,17058,US,2016-03-27 00:23:23,2022-04-23,False
2262,Other,1960-03-27,Active,Franklin,MT,69135,US,2024-12-15 00:26:58,2025-03-08,True
3021,Female,2001-02-06,Closed,Madison,WY,58497,US,2025-07-23 16:16:30,2025-11-03,False
3656,Male,1973-04-18,Active,Salem,KS,71096,US,2015-09-28 06:00:09,2025-11-07,True
3693,Other,2007-05-01,Closed,Rochester,NY,64685,US,2021-12-19 21:33:37,2024-11-09,False
3734,Male,1976-11-24,Inactive,Springfield,NT,,CA,2022-04-29 01:21:29,2025-02-06,False
3779,Prefer Not To Say,1949-12-07,Closed,Boston,MA,28702,US,2019-11-07 01:37:58,2024-05-31,False
4062,Female,1954-02-10,Active,Fairview,MD,75328,US,2023-03-31 19:51:22,2025-12-08,True
4140,Female,1943-09-09,Closed,Georgetown,CT,89048,US,2024-09-29 10:46:39,2025-01-13,False
4283,Other,1953-08-11,Inactive,Clinton,CT,34905,US,2020-02-21 04:20:07,2021-02-19,False
4463,Female,1967-08-01,Active,Edmonton,AB,,CA,2017-04-20 12:43:35,2025-08-18,True
4609,Male,1999-07-25,Active,Edmonton,AB,,CA,2021-10-05 08:48:26,2025-01-29,True
4861,Male,1973-11-02,Active,Madison,NL,,CA,2025-06-02 14:30:08,2025-10-24,True
5020,Male,1958-04-05,Closed,Fairview,IA,29303,US,2022-03-22 09:10:43,2022-08-07,False
5099,Other,1975-09-01,Active,Bristol,MT,96972,US,2024-06-26 12:14:04,2025-05-21,True
5107,Male,1986-11-06,Active,Springfield,ND,37179,US,2016-01-25 23:58:25,2025-01-01,True
5333,Female,1987-11-01,Inactive,Chester,HI,86588,US,2025-04-07 15:48:44,2025-09-19,False
6899,Male,2009-07-06,Active,Bristol,SC,29313,US,2022-10-23 18:42:34,2025-10-23,True
7403,Female,1995-06-30,Active,Clinton,VA,16776,US,2024-10-14 17:44:21,2025-05-16,True
7730,Female,1985-05-13,Active,Franklin,NM,81371,US,2016-10-13 16:24:43,2025-09-10,True
8202,Male,1952-11-25,Active,Riverside,TN,32685,US,2017-10-11 23:54:21,2025-02-19,True
8330,Male,1947-12-04,Blocked,Vancouver,BC,,CA,2025-10-30 03:45:24,2025-10-30,False
8807,Female,2007-04-12,Active,Georgetown,NH,72940,US,2022-11-29 17:59:42,2025-07-25,True
9295,Male,1954-04-23,Closed,Salem,VT,26668,US,2025-09-05 13:27:56,2025-11-23,False
9367,Male,1951-01-20,Active,Fort Collins,CO,54162,US,2022-05-13 00:33:52,2024-12-30,True
9435,Male,1978-10-08,Active,Georgetown,NL,,CA,2015-01-28 13:28:28,2025-07-28,True
9669,Female,1944-05-17,Active,Springfield,SK,,CA,2019-10-24 22:14:26,2025-06-04,True
9760,Male,1998-02-17,Active,Lowell,MA,55926,US,2016-06-28 16:01:52,2025-02-26,True
9961,Female,1980-01-04,Active,Bristol,WY,10994,US,2015-05-31 16:26:07,2025-12-23,True
367,Other,1954-03-09,Active,Austin,TX,11944,US,2024-08-23 00:23:48,2025-12-23,True
472,Female,1965-03-23,Active,Franklin,MD,26456,US,2023-11-11 19:18:30,2025-04-29,True
604,Female,1999-06-08,Active,Franklin,LA,40496,US,2024-08-17 12:35:56,2025-10-11,True
766,Male,1953-08-23,Inactive,Fairview,HI,17804,US,2020-10-22 10:38:51,2025-12-21,False
892,Male,1950-08-14,Inactive,Bristol,NB,,CA,2018-07-24 12:35:15,2024-10-05,False
952,Male,1976-03-24,Active,Madison,ND,62446,US,2018-12-27 21:37:55,2025-07-13,True
2173,Other,1955-11-19,Active,Salem,NT,,CA,2025-07-24 10:46:11,2025-12-01,True
2177,Male,1954-12-19,Closed,Bristol,SD,90083,US,2019-10-11 08:03:16,2020-01-03,False
2666,Female,1981-01-24,Active,Georgetown,WY,96497,US,2018-09-01 01:43:43,2025-11-08,True
2767,Other,2004-10-24,Active,Chester,AR,27089,US,2021-06-27 23:35:31,2025-11-23,True
2921,Male,1985-05-05,Closed,Franklin,OR,29202,US,2018-10-13 04:55:14,2021-12-18,False
3124,Male,1979-11-12,Active,Franklin,WY,47843,US,2017-07-27 13:06:29,2025-09-21,True
3301,Male,1982-05-18,Active,Clinton,WI,53371,US,2024-08-06 09:52:03,2024-12-29,True
3354,Female,1951-04-17,Active,Savannah,GA,24560,US,2019-08-06 21:48:55,2025-08-22,True
3685,Male,1944-08-21,Active,Springfield,LA,28182,US,2024-03-23 07:20:06,2025-09-27,True
3948,Female,1960-10-11,Active,Chester,HI,69334,US,2019-01-30 13:06:05,2025-08-02,True
4081,Female,1983-09-08,Active,Columbus,OH,78508,US,2021-05-31 04:54:56,2025-02-23,True
4313,Female,1958-05-20,Inactive,Tucson,AZ,28530,US,2019-08-30 07:04:43,2021-05-26,False
4316,Female,1957-04-11,Active,Detroit,MI,64103,US,2015-12-02 12:44:59,2025-07-01,True
4356,Male,1955-10-04,Active,Ann Arbor,MI,68508,US,2020-07-24 10:20:23,2025-11-18,True
5238,Male,1967-08-05,Inactive,Bristol,WY,67240,US,2023-09-12 05:31:45,2023-10-10,False
5681,Female,2000-03-30,Active,Fort Collins,CO,11275,US,2015-09-13 02:15:51,2025-10-21,True
5848,Female,1979-03-12,Active,Fairview,VT,47403,US,2021-07-29 15:02:53,2025-03-11,True
5939,Male,1958-04-30,Blocked,Clinton,MT,55421,US,2024-12-14 23:53:44,2025-07-28,False
5940,Female,1963-05-10,Active,Reno,NV,25627,US,2019-07-28 22:55:24,2025-07-29,True
6079,Male,1981-09-07,Active,Pittsburgh,PA,84438,US,2017-10-30 07:37:53,2025-03-15,True
6248,Female,1952-07-20,Active,Chandler,AZ,70869,US,2022-01-28 03:00:56,2025-10-17,True
6778,Female,1988-09-21,Closed,Riverside,MT,34252,US,2024-09-23 08:32:12,2024-11-06,False
6945,Male,1994-12-19,Inactive,Fairview,NE,30319,US,2015-06-30 11:32:51,2016-12-08,False
6947,Male,1965-04-19,Closed,Clinton,MN,63275,US,2018-04-12 22:38:54,2018-09-30,False
7286,Female,1963-09-13,Active,Clinton,AL,55343,US,2021-10-03 23:11:56,2025-06-07,True
7643,Female,2003-10-12,Active,Clinton,NL,,CA,2025-01-23 12:50:34,2025-11-11,True
7777,Female,2010-03-18,Active,Clinton,AL,63082,US,2024-09-18 15:24:50,2025-04-03,True
8445,Male,1977-07-11,Inactive,Chester,CT,30249,US,2018-08-30 03:19:28,2020-12-02,False
8452,Male,1953-01-23,Active,Sacramento,CA,81630,US,2021-10-24 01:31:55,2025-04-05,True
8720,Female,1957-05-31,Inactive,Madison,ID,64936,US,2017-03-24 20:42:11,2025-09-28,False
9293,Female,1948-10-13,Inactive,Georgetown,KS,34320,US,2024-12-19 04:18:50,2025-06-07,False
9495,Male,1976-08-14,Active,Salem,MN,47438,US,2019-02-14 13:16:02,2025-01-22,True
9769,Female,1942-04-20,Closed,Fairview,TN,13989,US,2022-04-26 15:34:54,2022-12-04,False
157,Male,1952-02-18,Inactive,Fort Worth,TX,37839,US,2018-12-02 02:13:55,2022-02-07,False
568,Male,1989-11-16,Active,Bristol,NM,71491,US,2020-03-28 06:58:00,2025-03-26,True
1171,Female,1957-12-31,Active,Hamilton,ON,,CA,2018-09-20 16:19:13,2025-08-16,True
1345,Male,1993-05-28,Closed,Denver,CO,35469,US,2025-06-30 05:39:23,2025-07-02,False
1893,Male,1955-04-30,Active,San Jose,CA,63757,US,2020-05-23 02:04:02,2025-01-21,True
2186,Male,1973-09-06,Active,Clinton,DE,23473,US,2020-01-19 23:44:01,2025-08-11,True
2391,Female,1993-12-29,Active,Madison,NJ,18849,US,2018-02-10 03:52:56,2025-05-11,True
2773,Male,1981-01-09,Active,Fairview,KY,25160,US,2025-08-23 21:17:00,2025-12-21,True
2792,Female,1998-03-01,Blocked,Ann Arbor,MI,27292,US,2024-06-12 21:15:55,2024-06-21,False
3057,Male,1993-04-17,Active,Los Angeles,CA,68202,US,2025-07-24 21:15:48,2025-11-13,True
3291,Male,1989-11-28,Active,Riverside,ND,44653,US,2015-11-26 16:55:56,2025-10-25,True
3302,Female,1994-03-18,Active,Riverside,SD,25801,US,2016-11-04 05:11:04,2025-06-22,True
3304,Female,1972-04-01,Active,Madison,VT,18810,US,2025-12-03 11:35:55,2025-12-11,True
3471,Male,1951-06-19,Active,Fairview,HI,16571,US,2023-05-31 21:56:41,2025-09-05,True
3514,Male,1980-07-07,Active,Detroit,MI,42519,US,2015-06-07 04:24:00,2025-02-10,True
3552,Male,1967-06-03,Active,Madison,WY,58920,US,2023-05-24 16:36:01,2025-03-13,True
3642,Male,1962-03-21,Active,Salem,SD,55333,US,2025-03-14 00:00:35,2025-10-12,True
3681,Male,1982-06-25,Closed,Salem,MN,37378,US,2019-01-08 07:32:03,2022-11-04,False
4080,Female,1964-12-18,Inactive,Georgetown,VT,34597,US,2015-03-28 05:06:21,2022-03-23,False
4103,Female,1953-08-03,Active,Riverside,TN,78092,US,2016-04-14 14:48:23,2025-11-04,True
4375,Male,2004-07-21,Active,Clinton,MO,34355,US,2019-01-06 21:50:40,2025-10-29,True
4643,Female,2009-05-26,Active,Clinton,TN,86597,US,2025-10-24 06:08:23,2025-12-06,True
4912,Female,1989-10-04,Active,Toledo,OH,31788,US,2019-01-18 21:42:10,2025-08-07,True
4938,Female,1943-08-24,Active,Salem,IA,25214,US,2023-09-30 12:55:37,2025-02-01,True
4951,Female,2001-03-24,Active,Clinton,NH,53509,US,2024-12-05 06:40:41,2025-12-02,True
5037,Female,1982-12-18,Active,Springfield,MD,13629,US,2018-06-17 00:45:47,2025-04-27,True
5601,Other,1967-01-14,Active,Riverside,SK,,CA,2022-07-09 04:20:51,2025-04-15,True
5836,Female,1998-07-03,Active,Springfield,KY,18630,US,2025-07-18 13:44:33,2025-10-09,True
6484,Male,1999-11-14,Active,Los Angeles,CA,54684,US,2024-06-17 05:16:15,2025-05-29,True
6901,Female,1955-07-30,Blocked,Franklin,MO,47123,US,2019-08-29 19:20:54,2022-05-18,False
6996,Male,2000-01-06,Blocked,Franklin,ID,31406,US,2021-12-21 09:24:38,2023-11-14,False
7028,Male,1960-04-27,Inactive,Salem,RI,90613,US,2025-11-05 17:53:01,2025-11-30,False
7298,Female,1946-11-24,Active,Salem,IN,11518,US,2022-05-09 09:50:39,2025-06-21,True
7471,Male,1944-09-09,Inactive,Chester,OR,83781,US,2023-05-13 04:20:23,2024-10-08,False
8162,Male,1964-06-27,Active,Fort Collins,CO,48364,US,2022-06-22 17:57:55,2025-08-25,True
8620,Female,1963-06-17,Active,Allentown,PA,22770,US,2018-10-29 01:48:33,2025-08-29,True
8724,Female,1949-11-22,Active,Georgetown,IN,94953,US,2022-12-14 14:50:19,2025-05-20,True
8794,Male,1997-01-25,Inactive,Madison,ID,15631,US,2017-08-08 05:24:23,2019-07-31,False
8805,Female,1962-07-22,Active,Springfield,RI,99591,US,2025-09-06 23:55:49,2025-10-03,True
8848,Prefer Not To Say,1960-11-02,Active,Fairview,CT,52897,US,2019-07-06 02:09:49,2025-08-18,True
8949,Female,1992-02-26,Active,Riverside,NS,,CA,2019-09-06 03:43:26,2025-03-28,True
9504,Male,1994-10-19,Closed,Madison,MB,,CA,2020-06-23 14:34:11,2023-05-23,False
9536,Other,1972-05-11,Inactive,Franklin,KY,34859,US,2022-11-28 02:03:29,2025-01-09,False
9732,Female,1983-08-17,Active,Salem,HI,15428,US,2017-12-12 11:04:48,2025-09-24,True
7620,Female,2007-04-10,Active,Clinton,SK,,CA,2025-07-15 03:01:11,2025-12-10,True
9239,Male,1962-02-03,Active,Fort Collins,CO,18596,US,2021-04-26 10:49:54,2025-08-05,True
1083,Male,1973-09-12,Active,Joliet,IL,77009,US,2024-06-05 16:57:52,2025-04-03,True
1113,Male,1941-03-05,Active,Bristol,PE,,CA,2023-01-14 06:54:33,2025-01-12,True
1471,Female,1983-05-20,Closed,Salem,MO,10490,US,2016-07-30 10:35:19,2017-02-14,False
1543,Male,1974-11-19,Active,Raleigh,NC,10856,US,2022-04-20 03:07:54,2025-08-12,True
1666,Female,1953-03-29,Closed,Georgetown,NT,,CA,2016-09-13 15:27:54,2016-12-05,False
1769,Male,1955-01-30,Active,Riverside,MB,,CA,2025-12-22 01:17:54,2025-12-24,True
1871,Male,1983-09-14,Inactive,Franklin,IN,21932,US,2023-05-06 00:10:16,2025-02-08,False
1886,Male,1977-04-29,Active,Fairview,SD,44615,US,2025-01-01 13:15:48,2025-10-15,True
2015,Female,1983-08-22,Closed,Bristol,WI,94084,US,2015-02-11 22:14:02,2021-04-30,False
2240,Female,1989-10-20,Active,Fairview,OK,97239,US,2025-10-09 22:48:29,2025-10-13,True
2316,Female,1946-04-10,Closed,Clinton,NS,,CA,2022-03-19 14:04:59,2023-06-22,False
2353,Male,1958-01-07,Active,Fairview,YT,,CA,2024-11-07 14:57:25,2025-12-10,True
2526,Female,1945-07-14,Closed,Fairview,WI,49064,US,2024-01-09 08:47:08,2024-12-31,False
2628,Male,1993-10-22,Inactive,Augusta,GA,72933,US,2019-07-15 00:18:45,2023-07-15,False
2629,Female,1951-08-26,Inactive,Riverside,WI,84543,US,2023-12-11 20:37:30,2025-03-19,False
2730,Male,1967-07-26,Active,Riverside,MB,,CA,2022-06-06 06:13:15,2025-02-05,True
3593,Male,1978-10-02,Active,Rockford,IL,34396,US,2025-04-27 15:17:50,2025-11-03,True
3772,Female,1965-07-27,Closed,Boston,MA,21118,US,2024-06-24 05:53:35,2025-02-03,False
3831,Female,1955-12-21,Active,Clinton,OK,94905,US,2025-07-18 16:13:08,2025-12-06,True
4126,Prefer Not To Say,1966-08-09,Closed,Fort Lauderdale,FL,47794,US,2017-04-05 09:48:14,2019-03-26,False
4190,Male,1980-06-14,Active,Ottawa,ON,,CA,2015-03-29 12:59:19,2025-07-13,True
4284,Female,2004-07-14,Active,Boston,MA,34602,US,2025-11-22 18:35:05,2025-12-25,True
4585,Female,1977-12-12,Closed,Salem,DE,98744,US,2022-03-23 09:07:19,2025-01-29,False
5198,Female,1984-06-06,Active,Madison,NS,,CA,2020-01-25 05:34:39,2025-05-03,True
5289,Female,1949-02-15,Active,Springfield,SC,80401,US,2017-10-18 01:17:52,2025-07-29,True
5479,Male,1971-08-21,Active,Springfield,LA,24383,US,2016-02-17 23:54:42,2025-04-24,True
5514,Female,1991-06-16,Active,Madison,RI,99308,US,2022-01-01 23:13:19,2025-05-13,True
5559,Female,1950-11-05,Active,Lowell,MA,76044,US,2019-01-26 22:42:44,2025-09-08,True
5614,Female,1994-07-16,Closed,Riverside,TN,32870,US,2015-05-12 20:37:50,2021-09-25,False
5827,Female,1949-07-21,Closed,Clinton,NH,57337,US,2024-05-14 01:47:37,2024-05-19,False
6376,Female,1983-11-26,Active,Bristol,NM,71982,US,2022-11-17 05:44:31,2025-06-27,True
6486,Female,1991-02-22,Closed,Riverside,AK,66334,US,2015-07-29 19:07:54,2019-02-20,False
6545,Female,1975-07-23,Active,Georgetown,MD,84347,US,2024-10-12 05:50:59,2025-04-20,True
6841,Male,1957-06-01,Inactive,Savannah,GA,34794,US,2015-04-23 01:39:02,2016-05-30,False
7226,Male,1973-10-10,Active,Franklin,CT,62233,US,2016-08-31 21:32:44,2025-06-26,True
7248,Female,1953-01-08,Active,San Diego,CA,75791,US,2025-01-31 12:08:07,2025-12-02,True
7780,Male,1973-08-02,Blocked,Springfield,IN,49255,US,2024-06-30 09:50:13,2024-11-25,False
7878,Female,1949-08-23,Active,Madison,MD,57023,US,2020-09-24 06:57:17,2025-09-18,True
8143,Female,1978-06-11,Active,Riverside,ID,75465,US,2017-02-22 00:53:41,2025-07-26,True
8882,Male,1993-06-05,Active,Fairview,UT,97157,US,2016-11-02 13:56:48,2025-10-05,True
9108,Prefer Not To Say,1964-06-09,Active,Cambridge,MA,57619,US,2016-05-09 20:12:43,2025-07-17,True
9246,Female,1992-05-09,Active,Chester,NH,29597,US,2020-04-20 00:44:51,2025-06-10,True
9708,Female,1977-09-05,Active,Clinton,NT,,CA,2016-10-14 15:33:04,2025-08-16,True
9883,Prefer Not To Say,1946-12-06,Active,Springfield,MO,54898,US,2017-06-18 15:48:34,2025-04-26,True
47,Female,1979-05-30,Active,Bellevue,WA,11498,US,2020-10-11 10:05:25,2025-01-16,True
102,Male,1957-03-06,Active,Franklin,AL,65249,US,2021-05-29 04:36:43,2025-08-29,True
142,Female,1959-09-06,Active,Franklin,WI,36117,US,2018-05-27 15:55:33,2025-07-06,True
177,Female,1996-04-24,Active,Quebec City,QC,,CA,2018-05-12 13:21:10,2025-11-02,True
410,Male,2009-04-02,Active,Clinton,WI,58994,US,2023-11-02 02:04:34,2025-07-24,True
456,Male,1942-01-22,Closed,Georgetown,MS,29373,US,2024-12-14 00:47:50,2025-10-03,False
657,Female,1964-03-06,Active,Rockford,IL,49708,US,2023-11-01 08:49:47,2025-02-09,True
945,Female,1960-12-09,Blocked,Fairview,SK,,CA,2025-01-08 13:24:37,2025-06-04,False
1041,Other,1991-11-22,Active,Fort Collins,CO,32828,US,2018-12-09 03:17:46,2025-10-18,True
1162,Male,1987-06-27,Active,Austin,TX,55195,US,2018-01-11 00:46:39,2025-11-09,True
1730,Female,1990-12-06,Inactive,Worcester,MA,89180,US,2020-09-27 01:19:36,2024-06-01,False
2042,Male,1967-07-09,Active,Mississauga,ON,,CA,2020-10-14 03:35:56,2025-06-17,True
2126,Female,1946-07-16,Active,Fairview,SK,,CA,2017-10-27 05:06:30,2025-10-07,True
2361,Female,1989-06-15,Active,Atlanta,GA,91156,US,2015-09-03 16:22:01,2025-04-29,True
2504,Male,1998-02-21,Active,Franklin,KY,59545,US,2018-10-19 16:37:31,2025-07-24,True
2512,Female,1973-09-11,Active,Franklin,UT,59552,US,2022-09-18 13:20:43,2025-06-21,True
2625,Male,1955-06-02,Inactive,Bristol,LA,94986,US,2021-02-16 19:31:30,2023-10-11,False
3047,Male,1941-01-26,Active,Riverside,ID,91629,US,2016-06-14 14:45:43,2025-07-27,True
3581,Male,1993-10-15,Inactive,Salem,NT,,CA,2016-05-10 09:30:20,2019-06-29,False
3965,Female,1954-05-24,Blocked,Grand Rapids,MI,77847,US,2017-05-22 07:08:04,2023-05-23,False
4091,Male,1967-03-03,Active,Chester,TN,31651,US,2021-08-11 07:29:05,2025-07-17,True
4186,Other,1995-04-09,Active,Quebec City,QC,,CA,2019-01-20 13:17:05,2025-01-16,True
4354,Female,1973-04-05,Active,Clinton,HI,68668,US,2022-01-07 09:29:24,2025-08-29,True
4753,Female,1968-10-26,Active,Springfield,WY,93086,US,2019-09-22 19:26:50,2025-03-30,True
4759,Male,1978-07-14,Active,Franklin,CT,54647,US,2021-11-09 04:19:08,2025-12-08,True
5189,Female,1942-05-23,Active,Salem,AL,51900,US,2022-03-07 08:19:02,2025-02-05,True
5286,Female,1941-11-25,Active,Jacksonville,FL,77418,US,2016-05-27 14:27:12,2025-04-24,True
5445,Female,1966-02-20,Active,Georgetown,KS,38686,US,2018-10-17 23:01:05,2025-01-11,True
5582,Male,1988-07-30,Active,Georgetown,OK,54566,US,2016-11-09 17:41:02,2025-02-16,True
5593,Male,1949-08-19,Inactive,Franklin,MD,43911,US,2018-01-09 12:52:42,2022-05-26,False
6287,Male,2001-07-27,Active,Franklin,MN,30150,US,2024-01-05 23:17:39,2025-08-24,True
6354,Female,1971-05-04,Inactive,Quebec City,QC,,CA,2019-04-21 05:22:12,2019-06-01,False
7166,Male,1993-03-30,Active,Fairview,KY,28671,US,2019-06-05 11:09:15,2025-12-15,True
7257,Other,1960-11-12,Blocked,Macon,GA,78294,US,2021-09-06 18:59:07,2023-08-23,False
7385,Female,1972-06-11,Active,Madison,MN,89332,US,2024-10-30 09:36:09,2025-07-03,True
7421,Male,1970-08-17,Active,Bristol,ME,82217,US,2025-01-30 00:36:03,2025-09-07,True
7747,Male,1983-11-22,Inactive,Springfield,ME,97254,US,2015-03-14 01:31:41,2024-03-23,False
8034,Other,2012-08-02,Blocked,Rochester,NY,33044,US,2025-12-10 08:10:40,2025-12-23,False
8401,Male,2000-04-07,Closed,Georgetown,ND,96770,US,2025-02-04 07:24:26,2025-08-27,False
8402,Female,1993-12-31,Active,Fairview,NS,,CA,2019-11-24 12:22:24,2025-08-02,True
8933,Male,1945-01-29,Closed,Georgetown,KS,33675,US,2015-10-10 01:01:39,2019-06-24,False
8936,Female,1972-08-22,Active,Rockford,IL,67634,US,2018-03-31 01:59:01,2025-06-20,True
9267,Male,2000-11-21,Closed,Chester,AL,46470,US,2015-10-01 09:45:17,2023-08-25,False
9330,Other,1968-02-11,Active,Boston,MA,28543,US,2025-10-11 12:23:10,2025-12-23,True
9599,Male,1974-02-04,Closed,Clinton,MS,56153,US,2022-02-13 10:33:51,2025-02-28,False
9890,Male,1973-12-06,Active,Aurora,IL,26738,US,2015-02-26 08:24:37,2025-02-23,True
9913,Male,1991-06-27,Inactive,Franklin,WI,72322,US,2021-05-19 14:10:02,2022-06-01,False
9976,Male,1959-12-29,Active,Georgetown,MO,26398,US,2024-12-19 03:46:54,2025-01-01,True
16,Male,1963-08-05,Active,Bristol,WV,46241,US,2017-08-02 03:46:12,2025-07-16,True
61,Female,1989-05-17,Active,Franklin,MB,,CA,2016-11-20 10:45:18,2025-07-30,True
112,Female,1965-10-18,Closed,Salem,OR,84588,US,2025-04-22 17:32:35,2025-09-16,False
247,Male,1992-09-18,Active,Chandler,AZ,13136,US,2020-07-17 20:56:49,2025-09-15,True
299,Female,2012-01-08,Active,Chester,ME,47544,US,2025-09-11 02:11:34,2025-11-13,True
310,Prefer Not To Say,1961-07-30,Inactive,Franklin,NT,,CA,2022-12-10 18:39:15,2024-05-04,False
509,Prefer Not To Say,1944-09-20,Active,Riverside,MO,22615,US,2025-12-24 21:45:07,2025-12-26,True
646,Male,1972-08-04,Active,Fairview,RI,92419,US,2019-09-17 09:01:29,2025-04-04,True
735,Male,1976-05-24,Closed,Fairview,OR,72198,US,2024-09-07 13:47:02,2025-01-11,False
1327,Female,1947-01-22,Inactive,Medicine Hat,AB,,CA,2015-02-05 08:10:54,2017-06-25,False
1377,Male,1989-01-12,Blocked,Macon,GA,57960,US,2018-09-13 03:46:27,2024-11-14,False
1441,Other,1952-03-27,Active,Salem,MT,39925,US,2021-08-19 23:38:20,2025-10-19,True
1469,Male,1989-02-27,Blocked,Bristol,VA,52895,US,2015-03-28 00:46:29,2025-09-04,False
1489,Female,1958-04-03,Active,Springfield,WV,79237,US,2021-12-22 13:49:23,2025-02-24,True
1768,Female,1990-05-04,Active,Macon,GA,80350,US,2021-11-05 10:00:51,2025-03-05,True
1926,Male,2009-11-29,Active,Bristol,HI,70036,US,2025-03-28 06:17:20,2025-06-08,True
2049,Male,1955-02-01,Active,Bristol,MO,66258,US,2018-11-24 00:54:22,2025-04-14,True
2217,Male,1950-02-20,Active,Joliet,IL,86374,US,2019-10-16 10:34:26,2025-08-09,True
2978,Other,1956-04-13,Active,North Las Vegas,NV,87019,US,2024-10-04 20:12:51,2025-02-26,True
3042,Male,2002-07-27,Active,Bristol,NJ,70308,US,2021-01-26 10:15:05,2025-08-19,True
3115,Female,1945-01-11,Closed,Edmonton,AB,,CA,2021-02-18 15:25:48,2024-12-26,False
3196,Female,1976-09-13,Active,Clinton,ND,71391,US,2021-04-29 03:10:13,2025-03-09,True
3383,Male,2006-08-25,Inactive,Riverside,ND,63889,US,2025-11-07 11:59:28,2025-11-19,False
3630,Male,1942-06-17,Active,Reading,PA,53838,US,2017-01-20 10:33:00,2025-02-16,True
3868,Male,2008-07-16,Inactive,Madison,MS,68613,US,2024-07-10 23:03:17,2025-04-11,False
3991,Female,1955-12-01,Active,Salem,NJ,31190,US,2021-05-07 00:09:52,2025-03-29,True
4596,Male,1984-02-22,Active,Fairview,AL,52820,US,2024-04-13 06:18:35,2025-07-23,True
4635,Female,1982-09-10,Active,Bristol,HI,29225,US,2017-02-03 20:17:55,2025-11-14,True
4668,Male,2004-04-16,Inactive,Fairview,AL,84549,US,2021-03-26 10:11:32,2023-02-23,False
5010,Female,1944-06-04,Active,Albany,NY,21648,US,2017-08-19 00:13:49,2025-06-06,True
5262,Other,1952-08-15,Inactive,Franklin,WI,14512,US,2016-03-05 17:14:35,2025-12-15,False
5520,Male,1954-10-27,Active,Riverside,PE,,CA,2024-01-15 15:46:06,2025-11-25,True
5761,Prefer Not To Say,2005-06-07,Active,Dallas,TX,58291,US,2023-06-02 05:08:58,2025-07-22,True
5808,Female,2010-10-02,Active,Chester,CT,86656,US,2025-10-04 12:20:28,2025-11-02,True
5948,Male,1972-01-15,Blocked,Raleigh,NC,43240,US,2023-12-13 01:02:10,2025-01-19,False
7235,Female,1957-06-21,Active,San Francisco,CA,17724,US,2015-01-21 05:48:02,2025-07-03,True
7511,Male,1953-03-25,Inactive,Riverside,ME,98325,US,2017-07-15 00:26:04,2017-11-20,False
7662,Female,2003-06-17,Active,Madison,AR,34136,US,2023-02-11 16:32:38,2025-03-18,True
7672,Female,1999-07-15,Active,Clinton,KY,43926,US,2024-05-25 15:40:24,2025-03-04,True
7702,Male,1988-04-23,Active,Chester,NU,,CA,2015-01-17 10:41:55,2025-07-13,True
7772,Male,1998-11-25,Active,Fairview,WI,82794,US,2015-01-30 05:21:55,2025-03-07,True
7815,Female,1942-07-17,Active,Fairview,KS,17793,US,2023-10-08 05:56:34,2025-12-22,True
7996,Other,1981-01-26,Closed,Franklin,NU,,CA,2017-08-29 21:54:19,2023-07-03,False
8021,Female,1972-02-17,Inactive,Riverside,IA,42352,US,2015-08-14 09:00:48,2024-09-21,False
8485,Female,1979-10-17,Active,Madison,MN,26042,US,2016-03-13 01:56:34,2025-11-19,True
8523,Female,1951-02-12,Inactive,Riverside,SD,95257,US,2019-12-17 19:06:51,2020-10-26,False
8658,Prefer Not To Say,1949-03-15,Active,Allentown,PA,72822,US,2021-05-11 16:48:22,2025-09-14,True
9045,Female,1972-10-23,Active,Madison,IN,74149,US,2018-08-25 02:53:32,2025-07-06,True
9132,Male,1971-04-08,Active,Georgetown,ID,59194,US,2018-04-28 12:08:17,2025-08-13,True
9188,Male,1953-08-24,Active,Georgetown,SK,,CA,2018-09-03 11:43:52,2025-03-02,True
9308,Male,1964-01-26,Active,Georgetown,MB,,CA,2015-04-09 04:37:04,2025-06-27,True
9461,Female,1974-05-16,Active,Springfield,SC,89614,US,2023-05-25 00:56:31,2025-01-03,True
9584,Male,1968-08-02,Inactive,Austin,TX,81166,US,2016-01-03 11:30:44,2019-12-12,False
9710,Male,1999-04-29,Active,Springfield,NS,,CA,2018-02-28 05:24:07,2025-06-14,True
9740,Female,1942-01-30,Closed,Bristol,WY,57572,US,2019-03-10 13:10:21,2023-08-08,False
9770,Female,1954-06-19,Active,Las Vegas,NV,52458,US,2023-03-12 23:22:24,2025-03-04,True
117,Male,1965-04-01,Inactive,Springfield,WY,89682,US,2025-08-28 13:14:47,2025-11-21,False
298,Male,1960-04-13,Inactive,Springfield,SC,15928,US,2016-02-09 14:11:57,2018-08-05,False
432,Male,2000-01-07,Active,Chester,WY,86367,US,2022-11-05 17:10:09,2025-09-01,True
843,Male,1961-11-01,Closed,Scottsdale,AZ,89217,US,2022-01-27 09:46:31,2023-08-29,False
1359,Female,1965-08-09,Active,Salem,CT,97505,US,2018-08-23 16:09:39,2025-07-13,True
1396,Other,1951-07-24,Active,Fairview,PE,,CA,2022-03-02 16:54:01,2025-08-12,True
1410,Prefer Not To Say,2005-02-21,Active,Franklin,DE,67821,US,2018-07-14 01:33:23,2025-03-15,True
1609,Female,1947-03-29,Active,Franklin,WY,66206,US,2019-08-14 18:34:44,2025-12-02,True
2086,Female,1966-06-30,Active,Georgetown,NH,27741,US,2019-01-03 15:08:37,2025-02-11,True
2417,Male,1983-10-26,Closed,Hamilton,ON,,CA,2015-11-07 23:32:51,2018-05-01,False
2459,Male,1982-04-12,Active,Springfield,VA,11828,US,2017-06-18 00:56:30,2025-01-16,True
2864,Male,1948-07-21,Active,Riverside,UT,19679,US,2023-12-12 15:27:01,2025-10-11,True
3087,Male,1945-12-11,Closed,Warren,MI,86417,US,2017-10-26 13:14:47,2023-08-29,False
3091,Male,1973-07-04,Active,Chester,NH,30400,US,2017-08-06 05:43:14,2025-08-27,True
3141,Female,1956-01-27,Active,Chester,NM,95448,US,2017-04-14 18:17:21,2025-03-11,True
3736,Female,1998-08-15,Active,Springfield,NU,,CA,2017-01-22 09:03:23,2025-06-02,True
4479,Female,1974-10-23,Active,Chester,UT,38122,US,2016-06-01 07:07:50,2025-07-16,True
4724,Male,1990-08-04,Inactive,Springfield,NM,24203,US,2023-09-14 09:15:46,2025-11-13,False
5059,Other,1959-06-04,Active,Madison,MD,63444,US,2024-08-05 20:33:42,2025-07-30,True
5237,Female,1947-05-20,Active,Austin,TX,29836,US,2015-03-18 04:03:54,2025-06-12,True
6338,Female,1999-12-05,Active,Raleigh,NC,11766,US,2024-02-11 23:28:35,2025-07-14,True
6712,Male,1988-10-01,Active,Salem,MO,81923,US,2019-01-28 12:54:20,2025-08-26,True
6915,Female,1982-09-20,Inactive,Erie,PA,46678,US,2018-03-29 07:57:53,2025-06-28,False
7018,Female,1947-09-25,Inactive,Clinton,MS,59659,US,2024-09-30 19:38:41,2025-11-10,False
7019,Male,1990-01-22,Active,Springfield,NU,,CA,2016-04-27 04:21:02,2024-12-25,True
7317,Male,1977-12-31,Active,Fairview,AK,62060,US,2019-12-16 15:17:56,2025-08-28,True
7840,Female,2003-08-30,Active,Georgetown,UT,69658,US,2016-11-28 05:59:05,2025-06-10,True
7946,Female,1959-12-26,Inactive,Salem,VT,23380,US,2023-12-27 20:53:00,2024-02-06,False
8184,Female,1960-08-12,Active,Fairview,NH,35174,US,2024-12-22 12:53:16,2025-12-05,True
8814,Male,2010-03-30,Active,Montreal,QC,,CA,2025-10-14 17:50:08,2025-11-23,True
9799,Male,1997-08-21,Active,Clinton,AL,99796,US,2017-10-09 13:42:53,2025-10-30,True
9909,Female,1994-07-24,Active,Salem,NE,75124,US,2019-08-19 07:19:10,2025-10-20,True
99,Male,1987-04-26,Inactive,Springfield,ND,18993,US,2022-10-31 07:39:10,2023-01-12,False
154,Female,1941-04-25,Inactive,Cambridge,MA,72700,US,2019-06-30 06:40:19,2023-01-06,False
508,Prefer Not To Say,2011-10-11,Active,Salem,OK,99717,US,2025-10-06 17:09:11,2025-12-15,True
523,Male,1954-11-06,Active,Toledo,OH,12226,US,2016-12-18 08:55:19,2025-08-13,True
881,Male,1961-01-16,Inactive,Springfield,DE,57015,US,2021-07-04 01:37:20,2021-11-11,False
1049,Female,1976-10-21,Inactive,Salem,MB,,CA,2023-01-17 02:27:41,2023-11-02,False
1404,Female,1995-11-02,Active,Franklin,CT,92855,US,2018-01-04 10:48:25,2025-04-08,True
1594,Female,1979-09-09,Closed,Salem,SK,,CA,2020-08-19 08:08:55,2023-01-05,False
1690,Male,1988-03-21,Active,Madison,VA,14265,US,2019-12-23 20:25:05,2025-01-02,True
1693,Prefer Not To Say,2000-09-01,Active,Boulder,CO,96391,US,2020-09-25 23:59:24,2025-06-20,True
1859,Male,1947-07-29,Active,London,ON,,CA,2022-10-08 14:32:36,2025-11-06,True
1868,Male,2006-12-16,Active,Chester,OR,78557,US,2023-09-23 10:43:45,2025-01-27,True
2081,Prefer Not To Say,1945-08-29,Active,Akron,OH,55729,US,2025-07-17 03:42:22,2025-10-07,True
2432,Male,1986-05-09,Inactive,Chester,ND,18231,US,2019-10-28 06:36:15,2020-11-01,False
2464,Male,1944-06-03,Inactive,Boulder,CO,33695,US,2022-02-25 07:10:31,2023-06-08,False
2732,Male,1964-11-07,Active,Madison,AR,40712,US,2021-03-07 23:57:30,2025-04-10,True
2917,Female,1943-08-23,Active,Madison,NS,,CA,2019-04-20 01:04:41,2025-06-14,True
3022,Male,1947-09-26,Active,Las Vegas,NV,74076,US,2015-12-16 15:34:43,2025-09-26,True
3152,Female,1968-02-07,Active,Riverside,NE,58525,US,2015-02-04 01:13:51,2025-02-15,True
3709,Male,2009-12-17,Inactive,Chester,MT,15956,US,2023-04-29 21:28:23,2025-10-27,False
3788,Female,1977-08-22,Active,Salem,TN,28650,US,2016-05-31 13:16:13,2025-02-24,True
4421,Female,1991-06-27,Active,Franklin,ND,56520,US,2019-02-07 17:49:47,2025-10-01,True
4651,Other,1972-04-25,Active,Salem,NT,,CA,2016-03-24 00:39:41,2025-08-02,True
4750,Female,2001-08-21,Active,Spokane,WA,75822,US,2018-09-15 04:08:53,2025-06-15,True
4952,Female,1987-02-15,Blocked,Salem,SD,37155,US,2020-06-01 00:46:54,2022-10-30,False
4965,Female,1995-01-09,Active,New York,NY,15653,US,2022-05-27 15:50:44,2025-12-21,True
5021,Male,1997-05-20,Active,Fairview,NB,,CA,2016-04-17 09:22:00,2025-03-27,True
5082,Male,1977-07-04,Active,Fairview,WV,78837,US,2022-09-10 08:49:27,2025-11-21,True
5182,Female,1997-05-05,Blocked,Clinton,AL,57394,US,2017-02-15 01:54:53,2019-01-29,False
5226,Female,1976-07-26,Active,Bristol,WV,15224,US,2022-11-01 04:42:05,2025-03-05,True
5700,Female,1978-11-12,Inactive,Salem,MD,62229,US,2018-07-28 10:49:55,2024-05-08,False
5766,Male,1963-09-25,Closed,Franklin,NL,,CA,2024-02-01 18:56:24,2024-04-24,False
5892,Female,1942-06-08,Active,Tucson,AZ,17982,US,2022-05-31 16:05:51,2025-06-30,True
6501,Female,1945-09-10,Inactive,Georgetown,HI,67853,US,2021-07-22 15:25:46,2023-07-06,False
6597,Female,1992-11-06,Active,Franklin,YT,,CA,2023-02-10 08:22:54,2025-11-17,True
6913,Male,1941-06-17,Closed,Georgetown,KS,30854,US,2024-11-06 11:22:56,2025-06-12,False
6924,Male,2008-11-04,Active,Victoria,BC,,CA,2023-05-19 07:54:21,2025-03-24,True
7032,Female,2001-02-22,Inactive,Chester,NH,93578,US,2025-09-05 09:53:50,2025-11-23,False
7157,Female,1990-06-25,Active,North Las Vegas,NV,33176,US,2022-05-14 20:35:20,2025-02-08,True
7362,Female,1998-02-17,Active,Chester,WI,30107,US,2019-12-20 00:03:12,2024-12-24,True
7499,Prefer Not To Say,1941-06-22,Active,Durham,NC,84787,US,2025-02-24 22:01:50,2025-05-27,True
7555,Female,1981-09-25,Active,Chester,OK,71199,US,2020-01-18 08:43:19,2025-07-04,True
7580,Female,1969-11-06,Active,Franklin,MN,94045,US,2019-11-17 17:42:25,2025-06-19,True
7910,Male,1982-06-24,Active,Clinton,NU,,CA,2019-09-29 23:32:55,2025-06-14,True
8071,Prefer Not To Say,1958-03-15,Active,Salem,ND,15452,US,2020-07-12 13:10:38,2025-06-28,True
8842,Female,1998-02-28,Blocked,Bristol,VA,62062,US,2019-10-22 02:13:25,2020-08-21,False
9147,Female,1982-09-24,Active,Clinton,NB,,CA,2019-06-05 08:41:50,2025-02-18,True
9254,Female,1999-08-25,Closed,Georgetown,NH,75482,US,2016-05-19 20:51:20,2022-02-04,False
9357,Male,2003-03-13,Active,Fairview,LA,49852,US,2021-06-29 05:59:53,2025-09-06,True
9944,Male,1979-02-21,Active,Spokane,WA,19644,US,2023-01-04 14:53:25,2025-02-27,True
355,Female,1943-02-16,Active,London,ON,,CA,2022-07-01 02:30:24,2025-07-20,True
902,Female,1963-02-12,Active,Springfield,MT,28500,US,2017-12-01 02:55:20,2025-03-03,True
1023,Female,1957-10-28,Active,Bristol,DE,92094,US,2020-03-16 19:49:58,2025-04-09,True
1191,Female,1957-08-28,Inactive,Riverside,SC,56860,US,2021-09-14 13:45:59,2025-07-10,False
1506,Female,1943-04-11,Active,Riverside,DE,80187,US,2024-11-09 09:43:17,2025-02-17,True
1633,Female,1942-01-30,Active,Bristol,MN,29432,US,2021-10-20 00:15:45,2025-07-08,True
1656,Female,2002-05-08,Active,Henderson,NV,57297,US,2021-03-17 19:50:10,2025-01-04,True
1731,Other,1948-02-02,Active,Riverside,AL,84720,US,2025-02-20 18:28:49,2025-08-20,True
2166,Male,1964-10-15,Active,Franklin,NM,47601,US,2022-09-08 02:49:07,2025-07-16,True
2169,Male,1950-10-22,Inactive,Mesa,AZ,46890,US,2025-02-20 02:20:57,2025-04-26,False
2443,Female,1976-12-22,Active,Franklin,NE,20441,US,2023-12-29 14:15:41,2025-03-22,True
2684,Male,1941-12-27,Active,Fairview,MO,39040,US,2017-05-06 05:42:43,2025-05-19,True
2892,Female,1972-01-28,Blocked,Riverside,VT,47546,US,2017-05-06 13:36:51,2020-08-14,False
3205,Male,1955-09-18,Active,Chandler,AZ,46196,US,2015-09-11 21:04:26,2025-07-23,True
3270,Male,1964-02-14,Active,Montreal,QC,,CA,2016-12-01 13:35:30,2025-03-08,True
3587,Male,1984-04-30,Active,Riverside,SD,68437,US,2025-11-13 20:45:37,2025-11-26,True
4317,Female,1969-07-27,Active,Riverside,NU,,CA,2024-08-09 07:45:45,2025-02-26,True
4357,Male,1948-01-24,Active,Syracuse,NY,79455,US,2025-06-24 22:55:22,2025-11-07,True
4361,Female,1986-09-06,Active,Franklin,TN,85214,US,2019-05-18 23:57:26,2025-05-22,True
5077,Prefer Not To Say,1975-04-26,Closed,Clinton,WY,15997,US,2016-07-07 02:50:43,2022-06-13,False
5144,Female,1966-08-26,Active,Bristol,MS,13094,US,2023-09-14 02:34:06,2025-08-28,True
5326,Female,1976-02-28,Active,Joliet,IL,40248,US,2024-02-22 16:03:39,2025-01-24,True
5487,Female,1964-02-24,Active,Riverside,PE,,CA,2022-08-17 10:24:37,2025-05-13,True
5544,Female,1970-08-17,Active,Athens,GA,31280,US,2025-02-12 06:46:28,2025-07-25,True
5853,Female,1980-11-09,Active,New York,NY,85565,US,2023-02-11 09:21:57,2025-11-18,True
5913,Male,1987-11-17,Active,Tacoma,WA,64602,US,2022-09-20 03:04:33,2025-10-10,True
5989,Male,2001-10-21,Inactive,Clinton,DE,83054,US,2015-02-03 12:12:14,2020-02-05,False
6009,Male,1985-05-10,Active,Springfield,WV,32989,US,2021-01-26 23:16:16,2025-06-28,True
6350,Female,1993-11-23,Active,Riverside,MT,65032,US,2021-09-02 10:38:07,2025-10-03,True
6661,Male,2000-05-19,Active,Riverside,MN,28183,US,2020-10-30 14:01:12,2025-08-09,True
7070,Male,1985-07-01,Active,Madison,CT,23944,US,2017-07-21 17:29:55,2025-10-10,True
7120,Male,1956-04-01,Inactive,Clinton,NS,,CA,2019-11-28 04:15:42,2022-08-17,False
7346,Female,1987-04-15,Active,Victoria,BC,,CA,2020-12-13 12:29:15,2025-12-20,True
7368,Male,1967-07-23,Active,Salem,ND,21554,US,2020-04-14 20:29:42,2025-10-08,True
7854,Male,1989-02-27,Inactive,Georgetown,MO,26411,US,2024-07-23 21:32:34,2024-11-21,False
7966,Female,1997-10-13,Active,Clinton,VA,23395,US,2023-06-05 20:28:40,2025-10-25,True
8150,Female,1951-02-19,Closed,Denver,CO,40120,US,2019-10-24 02:59:32,2021-03-26,False
8492,Female,1991-05-11,Closed,Salem,RI,97411,US,2024-02-01 03:38:45,2024-03-02,False
8888,Male,2003-07-14,Closed,Salem,NM,79019,US,2021-12-21 11:04:52,2023-02-25,False
9007,Female,1941-05-27,Active,Chester,RI,72058,US,2022-02-22 01:51:55,2025-09-20,True
9162,Female,1977-01-16,Closed,Georgetown,NJ,37677,US,2018-07-10 06:48:28,2020-05-11,False
9264,Prefer Not To Say,1947-03-19,Active,Boulder,CO,75591,US,2018-08-07 20:49:46,2025-05-01,True
5790,Male,1954-08-06,Active,Madison,NJ,11629,US,2018-08-31 15:42:39,2025-12-04,True
171,Male,1962-01-04,Active,Savannah,GA,80836,US,2025-03-31 00:17:35,2025-11-03,True
233,Female,1978-05-22,Active,Greensboro,NC,71391,US,2021-03-20 06:19:19,2025-11-11,True
328,Female,2005-12-03,Active,Springfield,HI,71481,US,2020-12-01 04:34:59,2025-09-20,True
876,Female,1981-12-19,Inactive,Riverside,MB,,CA,2017-10-30 11:28:43,2021-08-18,False
1093,Female,1982-08-07,Active,Clinton,NE,65172,US,2024-11-21 14:26:15,2025-04-07,True
1293,Female,1951-04-05,Active,Riverside,OR,86410,US,2018-11-05 07:46:36,2025-03-16,True
1479,Female,1977-02-03,Closed,Franklin,MD,94698,US,2015-06-23 08:04:58,2023-09-03,False
1597,Male,1963-03-24,Closed,Bristol,MD,89112,US,2021-05-22 09:01:34,2021-11-13,False
1642,Male,1990-04-04,Active,Bristol,MS,92657,US,2018-01-24 23:32:29,2025-08-15,True
1778,Female,1969-06-21,Active,Springfield,TN,30021,US,2023-05-13 00:17:19,2025-01-02,True
2314,Male,1966-07-27,Inactive,Grand Rapids,MI,91489,US,2016-05-27 02:19:24,2021-12-17,False
2477,Male,2004-06-29,Inactive,Tucson,AZ,75809,US,2018-09-27 18:10:52,2020-08-27,False
2493,Female,1970-07-22,Active,Chester,AL,75752,US,2024-05-04 20:59:14,2025-04-01,True
2627,Other,1952-03-01,Active,Franklin,WV,89175,US,2018-09-16 13:28:15,2025-02-11,True
2734,Prefer Not To Say,1992-01-24,Active,Salem,KY,30422,US,2023-01-17 01:22:09,2025-02-25,True
2969,Male,1944-04-01,Blocked,Springfield,HI,21242,US,2025-12-23 04:20:38,2025-12-23,False
2987,Male,1962-08-31,Closed,Madison,WI,53633,US,2024-03-26 04:13:49,2025-07-13,False
3148,Female,1945-07-14,Inactive,Georgetown,ND,27322,US,2022-11-28 20:11:53,2025-06-08,False
3758,Male,1979-07-07,Closed,Hamilton,ON,,CA,2023-02-28 20:47:43,2025-04-21,False
3944,Male,2001-07-11,Active,Bristol,NT,,CA,2015-05-07 21:16:34,2025-01-19,True
3974,Male,1985-09-04,Active,Riverside,HI,27932,US,2023-12-16 00:10:53,2025-08-04,True
3978,Female,1997-07-15,Active,Rockford,IL,83543,US,2015-10-09 19:04:32,2025-01-06,True
4119,Female,1979-05-03,Active,Chester,WY,96004,US,2015-08-11 23:49:33,2025-02-18,True
4197,Male,1975-04-04,Active,Madison,OK,64260,US,2019-05-12 12:23:25,2024-12-24,True
5100,Male,1997-03-08,Closed,Bellevue,WA,79919,US,2023-01-16 06:17:02,2023-01-25,False
5716,Female,1992-01-23,Active,Fort Collins,CO,91826,US,2020-06-25 17:30:20,2025-08-26,True
5770,Male,1956-11-14,Active,Salem,SK,,CA,2025-05-17 17:04:55,2025-05-31,True
6114,Female,1992-12-29,Active,Madison,VT,92114,US,2020-04-14 18:04:51,2025-06-12,True
6606,Male,1942-09-26,Closed,Clinton,MT,62982,US,2024-03-06 15:35:59,2024-07-09,False
6804,Male,1954-09-06,Active,Durham,NC,73785,US,2020-11-13 22:26:33,2025-11-01,True
6897,Male,1944-09-12,Blocked,Springfield,MD,66362,US,2016-04-25 13:11:30,2019-04-25,False
7053,Female,1979-03-10,Active,Madison,CT,44479,US,2016-11-21 03:12:47,2025-08-29,True
7054,Male,1978-04-04,Closed,Riverside,SD,80591,US,2023-01-03 07:11:54,2023-01-08,False
7558,Female,1980-03-13,Active,Phoenix,AZ,41279,US,2025-09-01 14:51:47,2025-12-15,True
7652,Male,1957-12-20,Active,Bristol,MN,45692,US,2024-01-27 00:44:23,2025-05-12,True
7793,Male,1997-12-19,Active,Rochester,NY,98571,US,2015-08-18 14:57:23,2025-07-09,True
8032,Male,1970-09-01,Active,Salem,MO,47669,US,2016-12-31 12:22:48,2025-09-19,True
8091,Female,1986-04-10,Inactive,Georgetown,DE,11474,US,2015-03-05 11:50:31,2024-03-20,False
8175,Female,1992-10-19,Closed,Riverside,MD,12710,US,2023-07-14 13:15:16,2023-08-26,False
8220,Male,1953-06-01,Inactive,San Antonio,TX,82853,US,2022-10-15 22:40:11,2023-05-02,False
8262,Female,1956-11-02,Blocked,Salem,AK,89346,US,2021-04-17 01:09:19,2025-02-07,False
8301,Male,1943-09-25,Blocked,Clinton,NM,52528,US,2016-10-16 12:11:48,2017-07-30,False
8359,Male,1970-05-28,Active,Franklin,DE,86358,US,2020-05-20 11:16:06,2025-09-20,True
9014,Male,1957-03-18,Inactive,Georgetown,LA,40344,US,2015-11-06 21:33:44,2022-01-11,False
9028,Female,1958-07-19,Active,Riverside,IN,42134,US,2019-01-22 01:32:34,2025-04-03,True
9079,Female,1959-06-06,Active,Phoenix,AZ,54880,US,2018-02-02 12:43:11,2025-01-22,True
9209,Female,1967-01-07,Active,Franklin,PE,,CA,2016-12-20 12:53:11,2025-11-11,True
9369,Male,1999-11-16,Active,Madison,OR,43407,US,2021-12-22 18:47:35,2025-07-11,True
9851,Female,1951-02-08,Active,Franklin,SC,77918,US,2023-05-28 03:48:49,2025-03-17,True
83,Female,1982-09-10,Closed,Springfield,WI,11267,US,2015-07-25 03:52:11,2016-01-02,False
197,Male,1989-04-06,Closed,Clinton,WI,96321,US,2017-01-27 12:52:44,2017-04-18,False
838,Female,1989-08-25,Active,Albany,NY,45159,US,2021-10-08 02:32:22,2025-10-05,True
861,Female,1990-09-03,Active,Fairview,UT,18386,US,2025-11-12 04:53:49,2025-11-17,True
1294,Female,1948-11-15,Active,Georgetown,SD,44020,US,2021-03-29 18:07:02,2025-12-10,True
1369,Female,2001-09-22,Closed,Albany,NY,10406,US,2025-05-16 12:59:55,2025-06-08,False
1577,Prefer Not To Say,1996-10-11,Active,Springfield,AL,45224,US,2025-02-08 21:45:34,2025-12-22,True
1729,Female,1953-08-11,Active,Franklin,WV,66266,US,2015-12-22 17:11:28,2025-12-14,True
1840,Male,1962-04-14,Inactive,Athens,GA,82245,US,2021-01-31 02:10:18,2021-04-13,False
2161,Female,1961-07-21,Active,Chester,AR,23336,US,2021-02-22 11:06:24,2025-05-17,True
2642,Female,1955-03-03,Active,Worcester,MA,67945,US,2021-04-04 10:18:01,2025-05-16,True
2703,Female,1958-07-23,Active,Miami,FL,75751,US,2024-03-20 20:02:56,2025-06-14,True
2709,Male,1944-09-28,Active,Bristol,KS,92163,US,2021-04-22 17:43:05,2025-07-21,True
2753,Male,1951-08-17,Active,Akron,OH,56248,US,2025-12-18 11:18:38,2025-12-19,True
3072,Female,1952-05-02,Inactive,Fairview,CT,62916,US,2025-10-13 00:49:10,2025-10-23,False
3506,Female,1965-08-08,Active,Salem,OK,45428,US,2016-06-01 14:59:02,2025-09-08,True
3550,Female,1941-11-11,Active,Bristol,NL,,CA,2018-12-21 12:23:37,2025-05-26,True
3849,Male,1986-07-13,Active,Riverside,IA,53780,US,2024-05-07 10:39:00,2025-03-12,True
3996,Prefer Not To Say,1948-07-15,Active,Fairview,NB,,CA,2021-04-22 01:22:51,2025-10-01,True
4522,Male,1971-09-22,Inactive,Salem,MN,96026,US,2017-09-27 14:04:04,2021-03-02,False
4588,Male,1959-05-09,Active,Franklin,MS,13026,US,2018-11-17 21:44:37,2025-09-27,True
5040,Male,1967-07-29,Active,Bristol,MO,86520,US,2020-06-19 11:29:00,2025-04-16,True
5113,Male,1950-08-31,Active,Joliet,IL,81405,US,2021-02-23 15:30:42,2025-01-26,True
5273,Female,1977-04-23,Inactive,Franklin,SK,,CA,2024-12-01 15:50:54,2024-12-31,False
5346,Female,1990-10-01,Active,Springfield,NE,39566,US,2015-06-26 18:56:50,2025-03-01,True
5367,Male,1981-10-19,Active,Fairview,ND,10552,US,2022-06-11 18:44:56,2025-05-30,True
5851,Male,1991-04-03,Inactive,Riverside,KS,17987,US,2016-08-20 04:02:59,2016-12-12,False
5896,Male,2001-06-10,Inactive,Riverside,TN,39124,US,2016-02-19 22:02:40,2022-09-04,False
6223,Male,1959-01-15,Closed,Raleigh,NC,68980,US,2020-06-08 20:08:41,2022-05-23,False
6788,Male,1951-12-20,Active,Fairview,NS,,CA,2022-07-15 05:35:43,2025-10-08,True
6992,Female,1971-01-30,Active,Clinton,OR,23731,US,2023-08-02 19:22:22,2025-03-14,True
7259,Female,1978-11-04,Active,Georgetown,NS,,CA,2022-07-04 00:23:01,2024-12-29,True
7528,Male,1961-09-06,Active,Bristol,AK,27478,US,2021-07-27 14:55:03,2025-01-19,True
7583,Female,2002-05-02,Active,Clinton,IN,16031,US,2017-12-22 19:37:21,2025-05-14,True
7727,Male,1972-10-18,Blocked,Springfield,AK,45990,US,2025-04-13 23:53:02,2025-10-26,False
7909,Male,2008-06-17,Active,Fairview,AR,51916,US,2021-06-27 17:23:31,2025-07-05,True
8207,Female,1978-08-22,Inactive,Bristol,LA,63430,US,2025-05-12 18:24:20,2025-12-14,False
8321,Male,1954-07-27,Active,Riverside,WV,18720,US,2023-07-05 06:03:03,2025-05-12,True
8521,Male,1991-10-09,Active,Fort Worth,TX,94580,US,2020-01-16 09:12:15,2025-11-10,True
8696,Female,1993-03-12,Active,Hamilton,ON,,CA,2023-07-27 16:14:32,2025-06-05,True
8786,Male,1986-12-26,Active,Spokane,WA,41432,US,2015-07-01 22:32:07,2025-11-30,True
8815,Male,1949-06-04,Active,Clinton,HI,39443,US,2020-05-28 12:09:19,2025-11-11,True
9365,Female,2003-10-12,Active,Georgetown,NH,45900,US,2019-06-04 16:36:56,2025-04-21,True
9443,Female,1996-02-17,Active,Boulder,CO,16099,US,2018-02-03 18:57:31,2025-05-28,True
9502,Female,2007-06-18,Closed,Clinton,NJ,39564,US,2021-06-05 06:05:55,2025-01-14,False
9805,Female,1974-09-14,Blocked,Salem,WV,48408,US,2021-05-09 19:39:35,2025-09-18,False
161,Male,1973-05-27,Blocked,Clinton,TN,67119,US,2022-09-29 21:44:43,2024-12-16,False
267,Female,1958-03-26,Active,Madison,ID,75740,US,2021-05-27 08:19:39,2025-04-06,True
274,Female,1988-01-23,Blocked,Chester,LA,80091,US,2025-01-26 07:47:12,2025-08-01,False
461,Male,1972-04-27,Active,Madison,WI,18688,US,2017-12-19 05:02:59,2025-08-12,True
563,Other,2003-01-23,Active,Chester,AK,58558,US,2022-02-09 19:25:31,2025-02-01,True
645,Male,1989-02-04,Active,Fort Worth,TX,60044,US,2023-03-25 11:05:33,2025-01-08,True
765,Male,1956-12-30,Closed,Clinton,NH,97347,US,2025-10-13 03:53:14,2025-11-04,False
927,Female,2006-11-10,Blocked,Bristol,MN,71350,US,2022-03-26 23:37:41,2024-07-25,False
1155,Male,1974-10-14,Active,Bristol,NB,,CA,2019-11-08 01:54:53,2025-06-23,True
1316,Male,1965-07-21,Active,Bellevue,WA,86256,US,2017-09-29 18:26:42,2025-11-30,True
1380,Female,1976-12-26,Active,Buffalo,NY,86524,US,2021-04-15 04:36:16,2025-04-04,True
1482,Female,1956-05-03,Active,Bristol,NM,13132,US,2024-03-14 09:03:44,2025-12-20,True
1640,Other,1983-12-27,Blocked,Salem,AR,44928,US,2016-04-03 18:25:42,2021-10-25,False
1887,Male,1985-02-23,Active,Fairview,HI,21617,US,2020-04-07 11:56:49,2025-10-24,True
1936,Male,1947-12-22,Inactive,Clinton,NM,88229,US,2016-06-09 10:47:57,2025-07-18,False
2683,Female,1989-09-23,Active,Madison,TN,75992,US,2016-02-29 04:03:37,2025-07-12,True
3045,Female,1941-03-18,Active,Sacramento,CA,12667,US,2019-05-30 23:58:31,2025-04-30,True
3104,Female,1986-08-13,Blocked,Bristol,SK,,CA,2019-06-22 00:40:25,2025-02-26,False
3244,Female,1986-07-23,Active,Syracuse,NY,53899,US,2018-07-26 21:19:06,2025-12-23,True
3353,Female,1996-07-27,Closed,Franklin,ME,11938,US,2017-05-18 04:56:50,2019-06-09,False
3378,Female,1952-09-26,Active,Madison,VT,71578,US,2018-06-05 03:13:36,2025-06-17,True
3686,Female,1993-09-23,Inactive,Sparks,NV,20761,US,2022-06-05 00:08:15,2024-07-16,False
3791,Other,1946-10-20,Active,Georgetown,MO,68083,US,2021-02-25 05:11:49,2025-10-17,True
4029,Female,1960-06-21,Active,Chester,ND,44224,US,2025-10-21 08:43:27,2025-11-20,True
4118,Male,1948-06-09,Inactive,Warren,MI,91790,US,2025-11-16 19:44:07,2025-11-26,False
4219,Male,1998-08-15,Active,Chester,AK,26573,US,2017-09-17 10:43:24,2025-12-14,True
4223,Female,2006-08-24,Active,Reno,NV,10318,US,2023-09-23 22:21:47,2025-04-18,True
4559,Female,1948-10-26,Active,Cambridge,MA,27568,US,2016-05-04 18:44:05,2025-04-03,True
4657,Male,1956-12-26,Active,Reading,PA,85774,US,2016-03-06 05:15:06,2025-12-04,True
4831,Female,1948-12-21,Active,Madison,KS,85866,US,2018-09-28 19:24:50,2025-10-08,True
4864,Male,1967-05-11,Closed,Franklin,NS,,CA,2018-06-21 23:58:49,2022-05-12,False
4888,Male,1971-05-23,Inactive,Chester,WI,13598,US,2024-07-25 07:34:15,2024-09-12,False
5015,Female,1993-11-07,Active,Springfield,AR,21363,US,2017-08-12 16:19:30,2025-11-18,True
5320,Female,1947-03-19,Active,Salem,NM,79647,US,2016-02-27 05:39:10,2025-07-02,True
5469,Male,1955-05-26,Inactive,Madison,MB,,CA,2015-09-03 17:39:09,2017-04-25,False
5586,Male,1956-03-09,Active,Salem,MS,58503,US,2022-05-23 01:50:29,2025-11-12,True
5802,Male,1999-02-19,Active,San Jose,CA,19100,US,2016-03-27 07:15:01,2025-02-24,True
5877,Male,1993-03-09,Active,Pittsburgh,PA,77496,US,2024-10-02 13:27:32,2025-07-31,True
6393,Female,1976-11-06,Active,Chester,ID,48977,US,2017-07-01 17:50:36,2025-04-21,True
6571,Male,1959-02-21,Active,New York,NY,70651,US,2019-12-13 23:50:21,2025-10-30,True
6608,Female,1994-07-19,Closed,Atlanta,GA,58760,US,2022-02-05 09:25:52,2024-11-04,False
6672,Male,1987-05-10,Active,Salem,MO,94242,US,2019-10-27 06:52:19,2025-04-02,True
6882,Female,1982-03-10,Active,Chester,NE,21658,US,2024-03-07 02:10:13,2025-01-12,True
6890,Other,1954-08-14,Active,Bristol,CT,99202,US,2018-12-02 23:43:14,2025-02-19,True
6896,Other,1967-08-14,Active,Fort Lauderdale,FL,41815,US,2021-07-17 23:15:13,2025-02-22,True
7115,Male,1995-07-26,Active,Chester,NS,,CA,2019-11-08 02:30:58,2025-11-18,True
7155,Female,1986-02-13,Active,Madison,ME,73728,US,2019-10-12 02:01:43,2025-09-07,True
7321,Other,1995-03-19,Inactive,Clinton,MO,39664,US,2019-02-27 11:41:19,2021-05-13,False
7635,Female,1975-10-09,Active,Tacoma,WA,76208,US,2022-01-23 01:19:47,2025-04-06,True
8255,Male,1998-03-27,Active,Franklin,DE,20433,US,2021-05-26 16:00:14,2025-10-31,True
8490,Male,1952-12-05,Active,Grand Rapids,MI,40325,US,2020-01-06 12:47:05,2025-10-09,True
8504,Female,2008-09-18,Active,Franklin,NT,,CA,2024-02-28 02:41:55,2025-05-21,True
8870,Male,2005-06-04,Active,Salem,NT,,CA,2018-09-10 23:12:40,2025-02-20,True
9019,Female,2003-07-07,Closed,Cincinnati,OH,57668,US,2021-10-05 06:38:30,2022-05-16,False
229,Female,1983-10-07,Active,Salem,AR,65389,US,2022-06-04 16:28:22,2025-08-11,True
556,Male,1971-08-03,Active,Augusta,GA,10061,US,2019-03-23 22:45:43,2025-08-04,True
954,Male,1953-01-19,Inactive,North Las Vegas,NV,94351,US,2021-10-06 15:29:45,2023-05-01,False
981,Male,1941-07-31,Blocked,Salem,NH,34441,US,2019-12-06 09:07:31,2020-08-04,False
1109,Female,1953-09-16,Active,Riverside,LA,75347,US,2022-07-01 10:39:37,2025-12-16,True
1139,Male,1959-09-13,Active,New York,NY,39946,US,2018-06-25 21:24:23,2025-11-28,True
1161,Male,1979-10-18,Closed,Salem,TN,43019,US,2017-08-28 09:35:16,2017-09-21,False
1742,Male,2006-07-14,Active,Chester,NS,,CA,2022-06-14 01:08:37,2025-03-23,True
1948,Female,1969-04-20,Active,Springfield,ID,81914,US,2024-06-08 14:04:29,2025-02-13,True
1967,Male,1948-07-02,Blocked,Jacksonville,FL,69281,US,2020-11-11 23:28:35,2023-04-03,False
2401,Male,2004-06-22,Inactive,Madison,AR,56508,US,2020-12-22 10:33:42,2024-06-09,False
2618,Male,1987-04-24,Active,Burnaby,BC,,CA,2024-12-02 07:22:08,2025-12-20,True
2754,Female,1998-01-27,Active,Georgetown,CT,67441,US,2025-08-21 02:49:04,2025-10-23,True
2924,Prefer Not To Say,1944-03-11,Active,Clinton,CT,94406,US,2021-03-29 15:43:23,2025-01-06,True
2974,Female,1997-05-06,Active,Fairview,SD,72851,US,2018-07-31 10:51:25,2025-08-18,True
3096,Female,1996-04-28,Closed,Franklin,AR,29588,US,2017-01-02 21:53:49,2022-06-06,False
3134,Female,1941-10-26,Active,Salem,IN,12304,US,2017-10-18 04:57:08,2025-02-25,True
3193,Female,1944-12-13,Active,Springfield,SK,,CA,2021-04-20 18:09:54,2025-01-06,True
3934,Male,1958-11-08,Active,Franklin,RI,36551,US,2015-05-27 17:40:10,2025-08-26,True
4329,Female,1997-04-30,Active,Franklin,NL,,CA,2020-12-13 06:07:57,2025-02-10,True
4721,Male,1975-06-08,Active,Bristol,NB,,CA,2021-04-27 10:43:52,2025-07-16,True
4773,Female,1942-02-17,Active,Fairview,WV,16879,US,2025-09-28 19:20:19,2025-10-17,True
4782,Male,1948-05-14,Closed,Detroit,MI,96271,US,2022-06-06 07:02:35,2024-01-11,False
4804,Female,1986-08-18,Closed,Franklin,WV,12521,US,2016-03-13 05:42:32,2019-09-05,False
5114,Male,1956-03-12,Blocked,Springfield,MB,,CA,2023-05-24 09:00:07,2025-05-31,False
5181,Female,1960-05-12,Active,Madison,NL,,CA,2024-05-03 22:05:17,2025-10-14,True
5337,Male,2000-02-29,Inactive,Cincinnati,OH,19135,US,2018-09-07 04:29:34,2023-02-01,False
5384,Male,1944-06-30,Active,Clinton,NL,,CA,2021-05-09 22:49:57,2025-12-10,True
5491,Other,1981-02-10,Active,Georgetown,SD,89663,US,2021-05-25 05:51:36,2025-10-03,True
5537,Male,2001-12-19,Active,Bristol,NE,88311,US,2016-01-07 05:04:48,2025-09-05,True
5556,Male,1994-07-14,Active,Naperville,IL,93372,US,2015-02-06 22:05:53,2025-05-15,True
6154,Male,2001-04-19,Closed,Chester,KS,14830,US,2025-09-25 07:29:32,2025-10-30,False
6227,Male,1952-03-12,Active,Franklin,MT,64443,US,2017-08-01 00:52:37,2025-07-23,True
6667,Other,1990-09-25,Active,Bristol,UT,59299,US,2015-06-07 17:59:04,2025-03-05,True
6958,Male,1968-05-10,Inactive,Salem,VA,58778,US,2018-09-11 21:28:10,2021-05-18,False
6960,Male,2009-02-08,Inactive,Franklin,NJ,89565,US,2025-02-13 23:46:31,2025-05-04,False
7282,Prefer Not To Say,1952-01-11,Active,Clinton,DE,26369,US,2017-03-20 21:05:10,2025-09-29,True
7324,Female,1982-02-01,Active,Franklin,WI,61858,US,2025-08-23 08:10:06,2025-12-22,True
7502,Female,1967-03-12,Inactive,Bristol,KS,20044,US,2025-07-22 18:48:38,2025-10-27,False
7587,Female,1945-06-28,Closed,Macon,GA,58524,US,2016-08-23 17:34:36,2023-09-09,False
7749,Prefer Not To Say,1971-07-20,Active,Salem,OR,51772,US,2025-01-15 06:50:54,2025-04-19,True
7866,Male,1996-10-29,Active,Fairview,NM,68204,US,2023-02-26 00:54:34,2025-10-12,True
8215,Male,1947-10-08,Closed,Salem,WY,50993,US,2018-11-09 06:03:43,2020-06-12,False
8574,Female,1965-08-02,Inactive,Georgetown,SC,46895,US,2016-02-04 14:26:41,2016-10-20,False
8776,Female,1970-07-28,Blocked,Georgetown,SD,84580,US,2017-07-17 16:29:11,2018-09-22,False
8832,Male,1963-12-25,Active,Tampa,FL,24799,US,2016-03-12 01:11:25,2025-04-21,True
8836,Male,2003-09-14,Active,Chester,AK,52481,US,2019-03-10 16:15:37,2025-04-09,True
8912,Male,1980-07-21,Active,Chester,MN,66594,US,2018-04-01 18:48:34,2025-08-30,True
9163,Male,1975-10-01,Active,Houston,TX,68415,US,2018-02-22 00:30:21,2025-07-03,True
9826,Male,1980-06-28,Inactive,Franklin,HI,17291,US,2018-10-08 16:43:39,2024-07-28,False
9911,Female,1976-09-06,Inactive,Bristol,DE,59313,US,2019-11-28 09:01:05,2025-11-10,False
294,Male,1993-09-09,Active,Franklin,WI,33755,US,2018-07-12 00:39:03,2024-12-25,True
365,Female,1955-10-11,Active,Salem,MN,25894,US,2022-08-09 03:05:38,2025-10-02,True
412,Male,1944-08-12,Inactive,Chester,NE,43197,US,2022-03-19 13:53:43,2022-06-23,False
536,Male,1980-02-08,Active,Philadelphia,PA,52542,US,2019-10-07 03:32:12,2025-11-29,True
716,Male,1950-02-20,Closed,Madison,YT,,CA,2021-09-24 13:05:09,2025-01-16,False
751,Male,1994-06-14,Active,Atlanta,GA,47148,US,2023-06-04 04:57:56,2025-10-14,True
1379,Male,1967-07-20,Active,Fairview,MN,56786,US,2023-03-12 14:25:52,2025-11-28,True
1501,Female,1942-09-06,Active,Madison,TN,82977,US,2023-09-11 21:42:01,2025-09-23,True
3066,Male,1977-09-14,Inactive,Madison,IA,89323,US,2018-05-20 22:10:21,2022-11-13,False
3071,Male,1976-06-10,Inactive,Bristol,TN,33974,US,2024-04-30 15:59:45,2025-09-23,False
3260,Female,1950-04-27,Blocked,Edmonton,AB,,CA,2017-10-09 09:18:29,2018-07-19,False
3756,Female,1990-10-13,Inactive,Fairview,SD,87794,US,2016-11-27 08:31:52,2020-09-29,False
3769,Female,1987-07-31,Active,Franklin,MB,,CA,2015-02-13 17:11:18,2024-12-31,True
3852,Prefer Not To Say,1949-06-18,Active,Sterling Heights,MI,11411,US,2017-04-12 21:21:44,2025-05-22,True
3855,Female,1982-10-03,Active,Seattle,WA,90631,US,2022-07-30 12:11:58,2025-01-31,True
4032,Male,1961-08-27,Active,Bristol,SC,41664,US,2024-02-29 10:06:30,2025-03-03,True
5111,Male,1976-08-24,Inactive,Chester,NT,,CA,2020-06-06 07:15:29,2025-11-23,False
5167,Female,1982-05-15,Active,Chester,MS,33503,US,2017-04-09 10:50:14,2025-07-27,True
5386,Female,2002-06-04,Blocked,Riverside,TN,79916,US,2018-09-03 19:11:00,2020-09-27,False
5554,Male,1959-03-30,Inactive,Madison,IN,42353,US,2024-07-07 20:09:56,2024-12-09,False
6324,Other,2000-07-30,Active,Georgetown,PE,,CA,2022-01-28 00:08:43,2025-03-15,True
7012,Female,1942-03-04,Active,Riverside,NJ,76133,US,2024-10-31 22:05:52,2025-10-31,True
7323,Male,1986-02-18,Blocked,Salem,VA,67257,US,2019-12-27 22:48:42,2020-10-16,False
7758,Male,1988-05-10,Active,Chester,KS,26629,US,2021-05-31 11:45:01,2025-07-01,True
8432,Female,1973-01-27,Active,Springfield,YT,,CA,2019-09-25 10:19:42,2025-11-24,True
8545,Male,1948-08-07,Active,Bristol,PE,,CA,2016-09-03 16:40:34,2025-09-05,True
8711,Female,1952-01-25,Closed,Bristol,WV,10633,US,2017-08-21 14:45:03,2023-02-05,False
9030,Male,1987-02-06,Closed,Macon,GA,62562,US,2025-12-03 01:44:47,2025-12-04,False
9187,Female,1991-03-07,Active,Macon,GA,61659,US,2021-01-10 17:35:10,2025-06-13,True
9289,Male,1953-11-12,Closed,Springfield,HI,62715,US,2018-10-28 16:53:10,2022-11-10,False
9399,Prefer Not To Say,1994-08-19,Active,Clinton,NB,,CA,2019-06-18 09:52:33,2025-03-13,True
9621,Female,1995-11-17,Active,Rochester,NY,33145,US,2020-07-07 11:39:02,2025-11-12,True
9673,Male,1993-02-11,Active,Fairview,HI,47376,US,2021-03-18 01:08:25,2025-06-20,True
9897,Female,1972-08-18,Closed,Madison,MT,51502,US,2022-05-21 15:38:32,2022-07-24,False
203,Male,1957-05-20,Active,Georgetown,NE,14142,US,2021-01-06 08:06:28,2025-01-22,True
517,Male,1996-11-02,Active,Surrey,BC,,CA,2025-06-18 22:10:14,2025-06-24,True
693,Male,1972-02-24,Inactive,Toronto,ON,,CA,2023-06-04 22:09:22,2025-05-29,False
733,Female,1971-01-28,Inactive,Riverside,SK,,CA,2020-10-23 14:41:47,2022-12-26,False
785,Other,1990-12-29,Closed,Madison,NE,54056,US,2021-06-05 11:09:43,2022-10-16,False
1260,Male,1941-11-29,Inactive,Springfield,UT,35686,US,2021-04-13 06:14:19,2021-12-16,False
1356,Female,1979-11-07,Closed,Fairview,RI,49299,US,2025-06-28 19:25:19,2025-10-01,False
1435,Female,1977-03-23,Inactive,Franklin,MO,58306,US,2021-05-11 09:54:05,2022-11-03,False
1681,Female,1981-03-16,Active,Sacramento,CA,76457,US,2017-12-02 14:27:10,2025-11-08,True
1855,Male,1942-09-15,Active,Springfield,WI,32302,US,2022-02-09 23:28:56,2025-06-22,True
1905,Male,1984-09-22,Inactive,Chester,RI,62341,US,2018-07-08 15:18:26,2024-01-06,False
2077,Male,1955-10-26,Active,Franklin,LA,59016,US,2023-05-18 10:22:38,2025-07-16,True
2918,Female,2004-12-28,Blocked,Henderson,NV,61621,US,2019-03-02 12:35:36,2022-09-25,False
3208,Female,1974-05-15,Active,Madison,WY,39165,US,2019-05-30 13:36:24,2025-11-09,True
3265,Male,1980-08-22,Active,Madison,WY,76210,US,2021-09-10 09:59:25,2025-03-18,True
3428,Female,1972-08-31,Active,Georgetown,ND,73967,US,2017-09-05 21:58:59,2025-01-15,True
3480,Male,1999-12-04,Active,Bristol,KS,20168,US,2024-01-04 06:31:29,2025-11-25,True
3640,Female,1957-11-26,Active,Athens,GA,97702,US,2015-07-29 09:24:11,2025-09-29,True
3669,Male,2007-05-03,Active,Georgetown,SC,50845,US,2025-12-24 11:10:15,2025-12-26,True
3823,Female,1963-09-06,Active,Henderson,NV,87024,US,2025-03-01 04:09:26,2025-06-11,True
3958,Female,1942-08-14,Active,Fairview,IA,80186,US,2015-05-02 00:48:59,2025-12-17,True
4036,Male,1998-10-22,Closed,Clinton,NT,,CA,2015-08-10 16:40:11,2016-02-14,False
4215,Prefer Not To Say,1973-04-07,Active,Phoenix,AZ,49955,US,2023-04-17 21:47:20,2025-03-16,True
4307,Female,1989-02-25,Active,Aurora,CO,95675,US,2022-06-01 16:47:35,2025-01-19,True
4324,Female,1964-01-25,Active,Savannah,GA,14489,US,2015-09-15 13:13:15,2025-02-26,True
4483,Female,1988-01-22,Inactive,Springfield,KS,50007,US,2015-03-12 00:33:42,2021-02-25,False
4513,Male,1987-05-12,Active,Orlando,FL,44807,US,2021-12-31 17:06:03,2025-11-27,True
4703,Male,1984-08-14,Active,Joliet,IL,15242,US,2018-03-15 06:11:23,2025-12-24,True
4909,Male,2004-06-12,Active,Salem,HI,51169,US,2021-03-02 12:12:37,2025-04-19,True
5151,Female,1997-01-05,Active,Pittsburgh,PA,51460,US,2020-10-26 09:24:50,2025-01-08,True
5209,Male,1985-05-07,Active,Springfield,DE,56125,US,2016-12-27 15:16:26,2025-04-27,True
5316,Male,1963-09-15,Active,Bristol,WV,74513,US,2016-05-31 06:28:06,2025-05-31,True
5618,Female,1998-07-28,Active,Augusta,GA,74752,US,2020-03-30 10:30:44,2025-06-05,True
6550,Female,1987-03-19,Active,Bristol,WY,62178,US,2017-05-08 08:08:40,2025-12-19,True
6559,Male,1992-10-27,Inactive,Reading,PA,68386,US,2023-02-18 11:30:53,2024-09-22,False
6886,Male,1972-01-12,Active,Richmond,BC,,CA,2024-07-12 12:44:46,2025-04-25,True
7001,Male,2006-09-29,Active,Georgetown,LA,66003,US,2025-06-04 04:57:01,2025-06-19,True
7578,Female,1968-05-07,Blocked,Springfield,MD,29269,US,2022-07-20 01:12:29,2023-03-14,False
7700,Male,1948-08-05,Active,Riverside,LA,20350,US,2016-07-24 11:58:18,2025-02-14,True
7867,Male,1966-09-25,Closed,Bristol,ND,69857,US,2020-09-20 05:48:31,2021-11-14,False
8759,Female,1956-04-30,Active,Los Angeles,CA,48332,US,2020-09-14 08:44:44,2025-02-10,True
9161,Male,1960-07-18,Active,Clinton,MN,20104,US,2015-12-31 04:58:36,2025-03-20,True
9224,Male,1982-12-23,Active,Franklin,WY,12770,US,2016-06-25 08:29:58,2025-07-24,True
9564,Male,1983-07-16,Active,Clinton,NJ,29099,US,2023-12-04 04:24:10,2025-08-28,True
9775,Female,1962-04-20,Active,Fairview,SC,96172,US,2025-02-13 23:25:02,2025-09-10,True
9947,Prefer Not To Say,1950-09-07,Active,Greensboro,NC,34747,US,2023-03-07 10:10:57,2025-12-05,True
159,Female,1968-11-10,Active,Reno,NV,90460,US,2025-02-18 21:38:08,2025-06-25,True
223,Female,1952-05-16,Active,Fairview,AK,81260,US,2020-08-27 03:40:36,2025-06-08,True
591,Male,1947-05-31,Closed,Lethbridge,AB,,CA,2015-12-30 18:53:57,2018-05-14,False
682,Male,1955-07-27,Active,Bristol,OK,80724,US,2018-03-10 09:29:55,2025-06-27,True
976,Male,1951-02-03,Active,San Diego,CA,23172,US,2025-09-15 12:45:11,2025-11-01,True
1283,Female,1995-05-22,Active,Victoria,BC,,CA,2024-10-15 12:56:06,2025-11-11,True
2285,Female,1952-10-27,Active,Georgetown,SK,,CA,2018-03-25 00:52:28,2025-02-25,True
2348,Male,1986-10-22,Active,Warren,MI,78616,US,2023-06-15 09:19:04,2025-12-20,True
2571,Female,1954-08-12,Active,Fairview,NM,89128,US,2020-01-02 14:58:25,2025-06-22,True
2675,Other,1983-05-05,Active,Chester,WI,56730,US,2023-12-31 02:22:01,2025-10-15,True
2931,Male,1970-02-08,Inactive,Madison,NU,,CA,2019-09-24 04:19:05,2020-03-20,False
2942,Female,1948-08-24,Active,London,ON,,CA,2022-04-22 11:39:30,2025-05-26,True
3079,Female,1977-12-02,Closed,Salem,ME,67020,US,2016-02-27 11:53:41,2020-08-22,False
3106,Female,1956-06-27,Active,Salem,KY,14400,US,2019-07-03 11:24:58,2025-08-04,True
3221,Other,1991-07-15,Closed,Chester,KY,99255,US,2021-12-07 12:58:13,2023-05-25,False
3431,Female,1961-09-15,Active,Vancouver,BC,,CA,2022-07-28 09:43:32,2025-10-06,True
3616,Female,1962-01-02,Active,Atlanta,GA,59149,US,2015-12-24 00:43:58,2025-03-21,True
3912,Female,1950-12-12,Closed,Richmond,BC,,CA,2022-01-07 01:07:55,2024-01-07,False
3967,Male,1998-12-09,Blocked,Springfield,MT,71132,US,2023-07-28 09:04:49,2025-12-14,False
4042,Other,1963-07-15,Active,Joliet,IL,82171,US,2025-08-11 00:11:13,2025-11-13,True
4104,Female,1944-06-19,Closed,Clinton,MD,16440,US,2017-01-14 12:50:16,2023-02-20,False
4515,Female,1945-08-24,Inactive,Bristol,ME,20446,US,2020-08-11 09:05:56,2022-06-16,False
4901,Prefer Not To Say,1984-06-04,Inactive,Riverside,UT,21158,US,2020-08-05 08:34:37,2022-02-14,False
5116,Prefer Not To Say,1968-06-12,Active,Franklin,WI,21022,US,2018-08-16 03:14:56,2025-12-19,True
5773,Male,1979-01-18,Active,Madison,MD,24975,US,2018-04-05 12:00:21,2025-10-23,True
5889,Male,1998-06-29,Inactive,Chester,KY,32893,US,2023-01-10 22:23:07,2023-08-01,False
5957,Female,2001-09-24,Active,Cincinnati,OH,24378,US,2015-07-26 04:46:30,2025-11-01,True
6204,Female,1982-06-29,Active,Bristol,LA,21609,US,2015-02-03 03:22:37,2025-05-03,True
6488,Male,1952-10-29,Active,Georgetown,NB,,CA,2019-12-26 13:21:18,2025-09-25,True
6489,Male,2006-08-01,Active,Riverside,MS,16653,US,2019-12-21 22:19:20,2025-09-20,True
6572,Female,1942-10-23,Inactive,Fairview,CT,55022,US,2019-11-03 00:49:30,2024-06-15,False
6574,Female,1985-05-17,Active,Madison,KS,98012,US,2018-05-29 19:10:23,2025-12-19,True
6653,Prefer Not To Say,1977-10-13,Active,Fairview,AR,57957,US,2024-12-07 11:35:15,2025-02-21,True
6850,Female,1995-12-11,Active,Chester,VT,98155,US,2015-02-09 15:18:13,2025-11-07,True
7065,Male,1984-10-04,Active,Clinton,OK,92304,US,2022-05-01 19:06:22,2025-02-14,True
7360,Female,1974-08-24,Active,Franklin,NU,,CA,2017-11-20 21:47:52,2025-04-19,True
8309,Female,1988-02-14,Active,Chester,WV,21752,US,2018-07-10 18:39:30,2025-07-03,True
8506,Male,2004-03-03,Active,Springfield,SD,23881,US,2023-06-11 09:57:26,2024-12-30,True
8657,Male,1983-02-13,Active,Cleveland,OH,65409,US,2020-02-19 02:56:47,2025-11-24,True
8915,Female,1989-08-19,Active,Chester,PE,,CA,2018-01-28 11:57:41,2025-03-13,True
8971,Male,1953-08-12,Blocked,Franklin,NB,,CA,2016-06-07 19:21:20,2017-10-15,False
9032,Male,1977-07-31,Active,Bristol,NU,,CA,2015-12-18 03:34:53,2025-07-18,True
9053,Female,1999-05-14,Active,Franklin,RI,56409,US,2019-10-18 14:23:10,2025-04-30,True
9588,Male,1991-04-05,Active,Dallas,TX,57348,US,2015-10-10 19:18:13,2025-01-21,True
9791,Female,1948-08-10,Active,Greensboro,NC,73702,US,2023-08-15 11:34:52,2025-03-25,True
78,Male,1971-03-18,Active,Clinton,ND,17441,US,2018-02-06 20:20:55,2025-08-06,True
88,Male,2003-06-29,Inactive,Madison,AL,36619,US,2019-09-16 22:42:03,2023-12-27,False
147,Male,1952-02-17,Active,Clinton,NH,82602,US,2020-03-23 03:33:08,2025-04-15,True
475,Female,1990-10-23,Active,Springfield,SC,76496,US,2019-08-27 01:49:47,2025-11-01,True
583,Male,1974-05-01,Active,Madison,TN,42601,US,2019-12-14 12:29:11,2025-02-18,True
752,Female,1978-10-22,Active,Tacoma,WA,24776,US,2020-02-15 04:57:03,2025-01-13,True
1099,Female,2000-03-11,Active,Clinton,MT,87572,US,2015-09-19 02:38:41,2025-01-10,True
1163,Female,1995-03-29,Active,Fairview,DE,90566,US,2015-05-09 14:59:01,2025-07-19,True
1439,Other,1947-05-30,Active,Houston,TX,79834,US,2025-10-22 17:15:13,2025-12-23,True
1670,Male,1972-03-09,Active,Franklin,MT,56956,US,2024-05-04 11:42:49,2025-05-13,True
1831,Male,1984-01-30,Active,Salem,TN,25460,US,2019-02-26 13:18:40,2025-08-21,True
1839,Female,1998-04-23,Inactive,Houston,TX,95511,US,2021-04-22 08:50:46,2022-05-12,False
1983,Male,1964-09-24,Active,Orlando,FL,77344,US,2020-03-17 22:44:23,2025-12-15,True
2053,Male,1989-04-22,Blocked,Georgetown,LA,29793,US,2021-05-02 01:32:02,2022-10-09,False
2350,Female,1950-04-21,Active,Fairview,ID,22068,US,2021-12-02 17:58:57,2025-01-08,True
2518,Male,1984-01-27,Inactive,Chester,ME,36413,US,2020-10-17 22:17:53,2022-07-30,False
2537,Male,1972-03-26,Active,Springfield,HI,28614,US,2025-06-10 13:01:36,2025-11-08,True
2639,Male,1999-04-21,Active,Clinton,MB,,CA,2022-12-31 19:11:22,2025-11-15,True
2699,Female,1944-07-30,Active,Toronto,ON,,CA,2019-07-17 01:54:33,2025-04-25,True
3499,Female,1949-06-12,Active,Georgetown,VT,75849,US,2023-05-03 12:46:43,2025-09-24,True
3691,Male,1959-01-10,Active,Georgetown,MB,,CA,2019-06-02 14:48:55,2025-09-11,True
3800,Other,1995-04-11,Active,Aurora,IL,15678,US,2024-12-26 05:36:29,2025-03-08,True
3833,Male,2001-09-13,Blocked,Seattle,WA,10970,US,2022-04-14 06:08:57,2023-04-26,False
3901,Female,1976-11-11,Active,Clinton,AR,54760,US,2024-01-09 17:51:01,2025-03-22,True
3921,Female,1999-05-01,Active,Clinton,LA,69850,US,2015-03-04 23:46:36,2025-02-06,True
4129,Female,1989-04-17,Closed,Madison,DE,77401,US,2016-08-19 20:20:43,2017-06-17,False
4195,Female,1989-07-08,Active,Madison,SK,,CA,2019-11-05 02:53:57,2025-12-23,True
4413,Female,1967-11-26,Active,Worcester,MA,78211,US,2021-04-22 21:05:30,2025-04-23,True
5363,Female,1973-02-21,Inactive,Springfield,MA,65218,US,2015-04-10 08:28:31,2022-09-07,False
5712,Male,1951-04-27,Active,Madison,TN,54030,US,2024-08-28 00:20:35,2025-06-14,True
5867,Female,1977-09-16,Inactive,Chester,TN,84356,US,2024-04-25 07:19:20,2024-10-30,False
5937,Female,1943-08-18,Active,Tucson,AZ,42120,US,2018-03-28 03:15:11,2025-11-12,True
6158,Male,1976-05-09,Closed,Franklin,IA,13273,US,2021-11-20 21:37:36,2023-09-05,False
6246,Other,1965-10-23,Active,Clinton,SK,,CA,2021-10-29 12:20:23,2025-05-30,True
6952,Male,1961-08-02,Active,Aurora,CO,49336,US,2024-08-28 20:32:19,2025-07-06,True
7218,Male,1986-06-28,Active,Richmond,BC,,CA,2022-07-06 19:54:47,2025-06-03,True
7841,Female,1992-07-08,Active,Salem,WI,47809,US,2019-08-07 23:03:26,2025-04-02,True
7986,Male,1985-12-04,Active,Salem,OR,42141,US,2025-01-01 03:14:25,2025-02-11,True
8343,Male,1976-12-19,Active,Clinton,KS,20725,US,2017-09-14 17:09:15,2025-06-13,True
8429,Male,1979-12-06,Active,Bristol,NJ,88556,US,2020-11-09 18:51:02,2025-09-01,True
8449,Male,2009-06-21,Active,Bristol,ND,74582,US,2023-03-28 11:48:03,2025-06-08,True
8906,Female,1977-09-11,Blocked,Greensboro,NC,99862,US,2015-08-11 11:48:57,2016-12-27,False
9265,Female,1987-05-17,Inactive,Fairview,NB,,CA,2024-09-24 09:33:23,2025-12-21,False
9281,Female,1953-07-07,Active,Georgetown,WY,98079,US,2024-10-28 07:41:50,2025-04-05,True
9331,Male,1959-01-26,Active,Hamilton,ON,,CA,2024-07-08 22:08:56,2025-01-15,True
9492,Male,1960-08-02,Closed,Riverside,MO,81560,US,2021-06-25 12:09:48,2023-10-28,False
9587,Other,1968-11-23,Inactive,Franklin,NJ,71356,US,2023-08-28 05:02:02,2025-02-11,False
9868,Female,1960-04-15,Closed,Tampa,FL,40460,US,2021-01-11 18:41:57,2023-12-25,False
11,Male,2001-10-21,Inactive,Chester,IN,72021,US,2023-05-23 05:39:36,2024-03-26,False
56,Male,1946-09-19,Active,Georgetown,MT,91289,US,2016-11-15 13:17:26,2025-07-25,True
309,Female,1942-07-06,Active,North Las Vegas,NV,30948,US,2019-05-22 15:09:17,2025-07-05,True
481,Female,1995-03-16,Inactive,Fairview,NT,,CA,2016-05-28 06:57:33,2021-03-30,False
922,Male,2003-07-29,Inactive,Georgetown,NS,,CA,2024-08-18 17:49:05,2025-10-15,False
1685,Female,1944-12-18,Active,Madison,SC,64906,US,2020-03-15 06:32:23,2025-11-22,True
1700,Male,1956-04-26,Active,Franklin,ND,66102,US,2016-09-30 07:41:46,2025-08-07,True
1866,Male,2001-03-09,Inactive,Austin,TX,71640,US,2018-10-05 13:49:44,2024-12-16,False
1932,Male,1971-12-10,Active,Georgetown,TN,75359,US,2020-06-06 16:33:17,2025-11-11,True
2540,Male,1987-03-01,Active,Clinton,MN,60643,US,2020-10-07 11:17:16,2025-10-09,True
2728,Male,1985-12-03,Active,Jacksonville,FL,63270,US,2015-10-22 19:27:55,2025-09-10,True
2755,Female,2001-01-17,Closed,Bristol,WI,77078,US,2017-03-31 10:23:34,2021-12-29,False
2873,Male,1993-11-21,Closed,Madison,NS,,CA,2020-02-11 21:48:49,2022-03-23,False
2988,Male,1996-02-28,Active,Riverside,NJ,50760,US,2018-03-16 10:24:33,2025-05-12,True
3406,Female,1981-06-29,Active,Hamilton,ON,,CA,2019-06-20 14:25:27,2025-09-16,True
3602,Female,1992-01-05,Active,Rockford,IL,27890,US,2018-06-19 16:40:07,2025-12-16,True
3755,Male,2000-10-08,Active,Bristol,AR,41603,US,2018-01-25 22:58:22,2025-10-05,True
3818,Female,1951-09-05,Active,Fairview,WI,39779,US,2024-09-21 19:54:18,2025-03-27,True
4237,Female,1975-05-27,Inactive,Salem,MS,22332,US,2017-11-06 03:08:48,2019-07-16,False
4393,Male,1946-08-28,Active,Madison,OR,92237,US,2018-09-07 23:57:28,2025-07-05,True
4575,Female,2003-02-06,Active,Bristol,VT,97282,US,2025-08-08 15:38:41,2025-12-09,True
4739,Female,1971-03-26,Active,Bristol,OR,25010,US,2022-10-24 00:45:58,2025-01-31,True
4860,Male,1983-10-22,Active,Bristol,OR,73710,US,2025-04-26 21:32:46,2025-08-21,True
4962,Male,1960-02-09,Active,Chester,CT,16159,US,2016-05-17 15:59:44,2025-07-19,True
5051,Male,1979-01-15,Inactive,Franklin,AL,39172,US,2022-10-04 02:22:26,2025-01-14,False
5066,Female,1965-10-20,Active,Bristol,SC,57671,US,2018-09-02 14:59:54,2025-05-12,True
5139,Male,2002-04-19,Active,Madison,MT,85759,US,2017-09-09 00:11:44,2025-02-09,True
5229,Other,1955-08-11,Inactive,Madison,ND,99310,US,2020-01-04 10:26:28,2025-05-11,False
5451,Male,1956-11-02,Closed,Madison,NS,,CA,2025-07-27 09:34:17,2025-08-09,False
5673,Female,1990-07-30,Active,Georgetown,ID,94695,US,2022-06-06 05:27:23,2025-08-13,True
6189,Female,1993-09-03,Active,Bristol,ND,83696,US,2020-06-11 12:33:34,2025-03-28,True
6385,Prefer Not To Say,2001-07-03,Active,Springfield,RI,64723,US,2022-09-10 19:41:06,2025-04-05,True
6562,Male,1972-03-19,Inactive,Houston,TX,38548,US,2021-06-11 23:48:31,2022-11-22,False
6568,Male,1998-01-08,Inactive,Bristol,ME,16803,US,2024-05-05 07:06:45,2025-03-10,False
6860,Female,1956-04-26,Active,Springfield,IA,22589,US,2020-08-29 09:05:16,2025-05-13,True
7142,Prefer Not To Say,1972-09-28,Active,Springfield,AR,44244,US,2019-11-11 20:55:30,2025-07-05,True
7850,Female,2008-08-06,Closed,Bristol,MB,,CA,2021-08-15 18:29:48,2021-12-23,False
7891,Male,2009-12-04,Closed,Franklin,VT,78064,US,2023-11-06 06:23:37,2025-04-25,False
8294,Male,1975-06-08,Closed,Rochester,NY,30913,US,2017-01-05 00:53:06,2024-01-21,False
8381,Male,1982-09-04,Active,Salem,WV,83647,US,2020-05-20 02:16:49,2025-08-03,True
8777,Female,1996-03-29,Blocked,Madison,OR,33288,US,2024-03-06 07:31:28,2025-09-19,False
8820,Male,1952-02-08,Closed,Bristol,NJ,16623,US,2017-05-11 20:53:37,2018-08-10,False
8863,Male,1980-12-21,Active,Springfield,MA,94226,US,2019-01-16 14:58:12,2025-02-07,True
9065,Male,1993-10-29,Active,Lethbridge,AB,,CA,2015-10-26 06:18:55,2025-10-08,True
9100,Female,1958-09-19,Active,Riverside,KS,50666,US,2015-05-13 07:37:55,2025-03-13,True
9153,Female,1994-12-19,Closed,Clinton,ND,93505,US,2025-02-03 21:56:20,2025-08-28,False
9686,Male,1965-11-27,Active,Salem,NB,,CA,2017-09-10 16:29:26,2025-08-24,True
9861,Male,1971-11-19,Active,Clinton,AK,64175,US,2016-01-03 17:19:32,2025-01-13,True
262,Female,1962-01-22,Active,Franklin,OR,27025,US,2023-07-23 16:06:26,2025-05-21,True
474,Male,1949-11-11,Inactive,Fairview,MD,79191,US,2024-02-27 03:02:11,2024-05-30,False
800,Female,1956-02-14,Active,Springfield,RI,21856,US,2021-08-21 06:25:51,2025-01-08,True
1064,Female,1994-06-10,Inactive,Miami,FL,58315,US,2023-04-01 03:38:24,2025-08-10,False
1066,Female,2002-09-10,Active,Chester,MO,15615,US,2015-12-24 19:55:43,2025-06-24,True
1420,Male,1967-02-03,Active,Aurora,CO,84085,US,2016-07-04 00:47:44,2025-11-10,True
1466,Other,1955-12-22,Active,Georgetown,LA,33392,US,2015-12-24 04:16:40,2025-09-15,True
1535,Female,1985-06-11,Active,Springfield,NJ,98579,US,2020-10-06 10:32:30,2025-04-11,True
1600,Female,1957-11-20,Active,Bristol,IA,79417,US,2025-10-22 13:01:02,2025-11-21,True
2040,Male,2010-11-22,Closed,Lowell,MA,24761,US,2025-06-05 16:57:39,2025-07-31,False
2578,Female,2005-01-31,Active,Raleigh,NC,40962,US,2018-06-17 16:13:42,2025-02-07,True
2588,Female,1946-06-12,Active,Bristol,MO,45233,US,2018-02-22 06:53:31,2025-03-17,True
2667,Male,1966-06-06,Active,Salem,SD,43461,US,2022-12-03 08:19:41,2025-02-05,True
2853,Female,1963-05-21,Active,Madison,NU,,CA,2021-02-21 23:49:16,2025-10-25,True
2953,Male,1985-01-07,Active,Clinton,NS,,CA,2018-11-15 01:39:30,2025-05-07,True
3099,Male,2006-06-25,Active,Akron,OH,22141,US,2025-03-17 11:59:53,2025-08-23,True
3317,Male,2008-04-03,Active,Georgetown,VT,16317,US,2024-03-23 12:50:21,2025-04-27,True
3649,Male,1977-07-13,Active,Riverside,CT,43573,US,2016-05-28 15:38:20,2025-02-18,True
3662,Male,1975-01-20,Active,Dallas,TX,26726,US,2022-05-18 21:49:42,2025-02-13,True
4293,Female,1987-11-12,Active,Riverside,NE,72229,US,2016-08-16 21:59:38,2025-05-03,True
4322,Male,1993-03-22,Active,Riverside,WY,70953,US,2022-07-10 21:49:29,2025-03-24,True
4467,Male,1945-01-07,Active,Fairview,VA,90756,US,2018-07-17 04:50:33,2025-06-23,True
4528,Female,1988-08-21,Active,Spokane,WA,33399,US,2023-07-30 01:24:32,2025-08-26,True
4548,Male,2002-07-24,Active,Chester,ID,64903,US,2021-06-29 02:06:51,2025-06-26,True
5161,Other,1989-01-16,Active,Madison,WY,43306,US,2019-12-21 14:22:01,2025-07-08,True
5163,Male,1973-12-06,Active,Riverside,KS,15488,US,2018-10-09 06:07:08,2025-02-07,True
5179,Female,1972-02-24,Active,Springfield,NH,87828,US,2021-05-25 00:03:53,2025-02-17,True
5239,Female,1956-02-24,Active,Clinton,ND,44734,US,2015-12-18 22:58:33,2025-05-03,True
5277,Other,2001-07-03,Blocked,Laval,QC,,CA,2015-06-17 10:55:12,2025-02-04,False
5958,Female,1968-11-15,Active,Aurora,CO,53152,US,2020-02-13 05:35:06,2025-01-14,True
6362,Female,1986-07-21,Active,Bristol,OR,63134,US,2021-06-02 17:01:47,2025-01-21,True
6468,Female,1944-05-01,Active,Chester,NJ,99732,US,2018-05-01 21:16:09,2025-06-18,True
6497,Male,1977-09-18,Blocked,Bristol,MN,27171,US,2025-03-21 23:28:18,2025-08-06,False
6498,Male,1976-06-30,Blocked,Madison,SD,40286,US,2015-04-14 12:51:11,2015-08-31,False
7117,Male,1955-05-25,Active,Clinton,AK,67615,US,2018-07-12 00:02:09,2025-12-16,True
7130,Male,1996-11-09,Inactive,Boston,MA,92264,US,2024-01-25 07:35:25,2025-09-13,False
7377,Male,1995-12-28,Active,Madison,MN,43714,US,2016-07-01 00:49:30,2025-08-31,True
7382,Male,2000-07-17,Active,Sterling Heights,MI,19974,US,2019-08-03 14:43:58,2025-04-20,True
7510,Female,1985-10-28,Active,Salem,NU,,CA,2017-01-24 13:47:46,2025-07-17,True
7763,Female,1965-01-06,Active,Georgetown,MT,52169,US,2019-02-27 20:52:19,2025-01-08,True
8236,Other,1980-02-21,Blocked,Franklin,ID,42836,US,2023-07-17 04:26:59,2025-10-29,False
8335,Male,1943-06-24,Active,Aurora,IL,67194,US,2019-11-03 20:56:25,2025-03-10,True
8410,Male,1961-06-30,Inactive,Franklin,ND,30703,US,2021-05-26 04:00:05,2023-09-14,False
8529,Female,1980-08-05,Active,Bristol,KY,22085,US,2020-08-08 18:44:33,2025-04-29,True
8562,Male,2001-07-10,Inactive,Franklin,AL,60319,US,2015-02-28 20:09:29,2018-06-02,False
8625,Female,1958-06-17,Active,Tacoma,WA,16837,US,2020-04-30 06:55:21,2025-09-17,True
8634,Male,1967-03-10,Active,Fairview,MS,77975,US,2020-02-04 05:21:55,2025-02-06,True
8941,Female,1978-09-25,Active,Rockford,IL,62239,US,2022-10-28 10:33:48,2025-06-22,True
9143,Male,1945-03-13,Active,Fairview,ID,18442,US,2017-09-14 23:03:37,2025-03-24,True
9372,Male,1991-05-03,Inactive,Akron,OH,34530,US,2019-11-19 19:36:58,2021-07-16,False
9438,Male,1972-04-16,Closed,Riverside,NT,,CA,2021-07-04 02:14:00,2023-01-09,False
9749,Female,1973-11-08,Active,Springfield,ME,61019,US,2018-12-15 09:20:42,2025-12-03,True
1,Male,1953-07-23,Active,Clinton,NE,68878,US,2023-04-05 03:43:47,2025-03-20,True
158,Male,2000-03-17,Active,Fairview,NS,,CA,2020-05-19 14:40:17,2025-02-24,True
333,Female,1954-10-15,Active,Georgetown,WY,17458,US,2025-05-21 03:44:34,2025-08-17,True
738,Female,1957-08-11,Active,Fort Collins,CO,74546,US,2020-10-06 01:39:00,2025-09-19,True
795,Female,1966-06-29,Inactive,Bristol,VT,67234,US,2017-03-17 12:35:28,2018-02-18,False
1000,Male,1963-05-01,Active,Fairview,ND,42706,US,2024-02-29 08:36:41,2025-07-05,True
1095,Male,1973-05-27,Active,Salem,NJ,59854,US,2020-07-18 08:02:19,2025-12-13,True
1950,Female,1986-06-27,Active,Madison,NE,36123,US,2021-05-29 06:11:58,2025-12-04,True
2323,Male,1989-07-29,Active,Bristol,NM,89392,US,2019-09-06 19:38:05,2025-02-20,True
2475,Female,1983-01-02,Active,Franklin,NH,33914,US,2021-11-16 03:21:56,2025-08-18,True
2837,Female,1996-12-02,Closed,Dallas,TX,80154,US,2018-06-06 16:34:49,2022-07-05,False
2906,Female,1963-12-17,Blocked,Fairview,ME,84851,US,2018-12-18 19:38:33,2024-11-26,False
2930,Female,1975-12-26,Active,Riverside,NM,15851,US,2019-04-05 06:08:01,2025-09-29,True
2947,Female,1960-10-31,Active,Riverside,AR,31129,US,2016-06-12 17:22:46,2025-07-27,True
3005,Male,1988-09-25,Active,Georgetown,OR,43979,US,2019-11-24 00:16:52,2025-10-17,True
3053,Male,1947-03-26,Active,Naperville,IL,22267,US,2022-09-17 08:10:34,2024-12-30,True
3518,Male,1993-12-11,Active,Tampa,FL,31089,US,2024-02-26 08:02:14,2025-05-25,True
3677,Male,1993-02-07,Active,Montreal,QC,,CA,2018-03-07 20:08:57,2025-12-17,True
3812,Female,2000-04-11,Active,Tampa,FL,42511,US,2024-03-24 07:02:03,2025-03-11,True
3911,Male,1947-09-20,Blocked,Bristol,WI,27180,US,2025-08-10 19:07:54,2025-11-26,False
3945,Female,1945-12-27,Active,Madison,RI,46139,US,2020-07-07 10:03:30,2025-01-10,True
3977,Male,1974-04-03,Closed,Springfield,MA,58428,US,2022-04-02 14:44:37,2023-03-22,False
4025,Male,1976-03-14,Active,Houston,TX,72385,US,2017-09-27 04:43:02,2025-10-02,True
4114,Female,1963-08-10,Active,Madison,OK,80416,US,2019-10-21 08:01:28,2025-03-25,True
4167,Female,1981-10-10,Active,Springfield,IA,17593,US,2018-07-22 08:44:09,2025-02-28,True
4304,Male,1975-09-17,Active,Bristol,YT,,CA,2017-09-01 20:03:57,2025-09-10,True
4709,Female,1945-06-11,Active,Salem,NE,32347,US,2017-05-12 20:25:06,2025-09-07,True
4926,Female,1969-12-14,Active,Atlanta,GA,13185,US,2019-04-07 02:38:35,2025-12-16,True
4978,Female,1976-02-25,Active,Ann Arbor,MI,45257,US,2016-10-31 08:30:11,2025-09-07,True
5412,Male,2000-01-10,Active,Clinton,AR,44174,US,2018-10-05 00:04:26,2025-09-28,True
5564,Male,1951-10-08,Active,Henderson,NV,91959,US,2018-08-05 12:30:03,2025-10-13,True
5701,Male,1968-09-24,Inactive,Springfield,WV,23771,US,2016-10-10 01:37:48,2025-02-16,False
5739,Female,1960-09-12,Closed,Bristol,SD,96460,US,2016-11-10 16:31:46,2018-01-03,False
5988,Male,1952-04-28,Inactive,Springfield,WI,36789,US,2024-10-01 21:18:46,2025-04-11,False
6059,Prefer Not To Say,1946-06-18,Active,Riverside,MT,22117,US,2018-05-17 06:03:02,2025-08-08,True
6177,Male,1970-01-26,Active,Georgetown,OK,15333,US,2018-12-19 18:55:49,2025-07-21,True
6242,Male,1998-03-21,Active,Madison,OR,71888,US,2017-06-14 05:37:36,2025-10-11,True
6272,Female,1968-03-28,Active,Tacoma,WA,40766,US,2025-05-09 19:55:27,2025-06-10,True
6595,Female,1993-09-27,Inactive,Salem,YT,,CA,2016-04-30 05:12:42,2018-02-19,False
6605,Male,1946-03-14,Inactive,Madison,MO,71002,US,2016-02-02 11:30:06,2016-11-18,False
6715,Male,1965-10-15,Inactive,Erie,PA,11058,US,2019-06-13 21:08:06,2019-10-25,False
6879,Female,1993-07-20,Active,Clinton,RI,34219,US,2022-03-22 22:18:28,2025-08-23,True
7143,Male,1960-10-21,Active,Bristol,MN,38222,US,2018-08-10 20:35:54,2025-10-27,True
7170,Prefer Not To Say,1949-12-03,Active,Clinton,CT,73669,US,2020-01-07 01:29:11,2025-06-30,True
7172,Female,1991-06-29,Active,Riverside,UT,92529,US,2025-09-14 21:42:37,2025-11-05,True
7370,Female,1999-09-29,Active,Chester,MB,,CA,2017-01-07 10:55:55,2025-07-03,True
7687,Prefer Not To Say,1954-08-29,Inactive,Fairview,RI,50803,US,2016-01-24 02:54:08,2023-06-25,False
7792,Other,1972-11-14,Closed,Macon,GA,44003,US,2025-02-18 01:56:35,2025-07-14,False
7882,Male,1956-01-06,Inactive,Springfield,PE,,CA,2025-01-21 18:10:16,2025-10-14,False
8481,Female,1953-04-27,Active,Chester,NM,30446,US,2019-02-17 10:09:50,2025-02-14,True
8795,Female,1981-12-07,Active,Madison,IA,50889,US,2016-06-29 16:13:21,2025-02-28,True
9113,Female,2005-12-08,Closed,Chester,WV,70143,US,2020-05-20 05:45:28,2024-06-24,False
9288,Female,1975-06-15,Active,Reno,NV,18696,US,2016-06-11 15:01:30,2025-10-26,True
9310,Female,1990-02-20,Active,Riverside,CT,55481,US,2025-09-21 18:31:23,2025-11-08,True
9441,Male,1960-09-20,Closed,Salem,MO,51736,US,2023-04-04 10:30:32,2023-11-05,False
9494,Female,1966-12-08,Inactive,Salem,MO,56740,US,2018-01-30 08:53:45,2019-03-28,False
9583,Female,1945-03-20,Active,Chester,MT,87982,US,2017-12-30 19:07:45,2025-04-22,True
514,Female,1967-08-17,Active,Riverside,AL,67831,US,2020-01-13 20:09:48,2025-05-24,True
860,Male,1985-08-14,Active,Sacramento,CA,85520,US,2025-11-02 10:27:39,2025-11-14,True
1148,Other,1953-10-13,Active,Chester,RI,13285,US,2017-10-18 10:02:31,2025-02-03,True
1179,Female,2004-02-24,Active,Chester,IA,91962,US,2025-10-11 07:18:47,2025-10-25,True
1223,Male,1962-06-25,Active,Bristol,AL,91286,US,2023-07-03 17:07:32,2025-09-08,True
1305,Male,1962-03-25,Inactive,Madison,WY,41484,US,2018-11-06 00:54:55,2023-09-01,False
1591,Female,1987-10-04,Active,Georgetown,KY,47772,US,2015-08-10 13:20:30,2025-10-12,True
2082,Female,1951-09-05,Active,Salem,NJ,41410,US,2023-04-16 09:02:10,2025-12-03,True
2351,Male,1960-09-04,Inactive,Madison,AR,29924,US,2015-11-21 07:04:07,2018-02-05,False
2438,Female,1966-10-28,Active,Savannah,GA,70091,US,2018-09-22 01:37:08,2025-12-01,True
2611,Male,1956-08-04,Active,Springfield,SC,30741,US,2020-03-16 04:23:30,2025-01-04,True
3029,Female,1948-03-21,Closed,Medicine Hat,AB,,CA,2015-01-05 20:54:13,2016-02-26,False
3121,Male,1951-10-26,Blocked,Madison,UT,22953,US,2025-09-12 11:37:26,2025-12-21,False
3185,Male,1947-12-18,Active,Fairview,MD,70844,US,2025-02-11 08:12:04,2025-12-06,True
3191,Other,1999-02-24,Active,Springfield,SC,45712,US,2017-08-04 11:03:26,2025-01-13,True
3207,Male,1964-03-12,Active,Salem,DE,77060,US,2017-05-18 09:20:00,2025-04-27,True
3342,Female,2010-03-05,Active,Scottsdale,AZ,11064,US,2024-07-17 22:42:39,2025-06-16,True
3352,Female,1973-03-29,Active,Reading,PA,33172,US,2025-01-18 12:27:38,2025-11-13,True
3493,Female,1988-11-02,Active,Chester,WV,73241,US,2015-10-15 17:20:07,2025-08-20,True
3603,Other,1988-07-31,Active,Salem,MO,24820,US,2020-04-16 10:55:18,2025-01-16,True
3629,Male,1965-04-23,Inactive,Toronto,ON,,CA,2020-09-23 07:33:25,2022-09-18,False
3650,Male,1989-11-24,Active,Denver,CO,61070,US,2023-10-12 04:24:02,2025-07-21,True
4018,Female,1952-09-28,Closed,Georgetown,RI,23030,US,2016-11-15 20:45:08,2017-11-15,False
4136,Female,2001-02-06,Active,Springfield,MA,37937,US,2019-01-03 08:02:39,2025-10-02,True
4407,Female,1949-08-07,Active,Georgetown,WY,27562,US,2017-09-22 06:34:03,2025-06-01,True
4508,Female,1980-07-22,Active,Salem,MN,95417,US,2024-07-06 10:10:25,2025-08-17,True
4529,Male,1973-11-30,Active,Madison,ID,94360,US,2025-03-04 09:29:13,2025-04-14,True
4567,Male,1945-09-12,Closed,Boston,MA,49343,US,2018-08-27 00:08:52,2021-03-14,False
4805,Male,1955-03-31,Active,Toledo,OH,55166,US,2020-02-07 20:38:32,2025-01-30,True
4902,Female,1957-10-06,Active,Salem,AK,55643,US,2015-03-20 12:43:03,2025-08-21,True
4992,Prefer Not To Say,1989-09-21,Active,Mesa,AZ,97077,US,2025-07-25 08:03:02,2025-11-03,True
5036,Female,1945-09-17,Inactive,Tacoma,WA,61350,US,2020-07-09 13:05:16,2022-01-09,False
5081,Male,1944-03-12,Active,Tacoma,WA,13817,US,2019-02-16 14:02:45,2025-10-02,True
5511,Male,2007-07-26,Inactive,Clinton,NH,16895,US,2023-07-25 19:51:07,2024-09-16,False
5548,Female,1963-08-11,Inactive,Clinton,MN,90423,US,2023-10-18 04:57:13,2025-04-01,False
5652,Female,1943-12-17,Active,Clinton,AK,64053,US,2015-04-11 04:26:03,2025-02-21,True
5693,Male,1951-11-17,Active,Salem,KY,40375,US,2022-08-16 23:46:02,2025-06-03,True
5769,Female,1952-09-29,Active,Riverside,YT,,CA,2019-06-28 20:11:33,2025-10-29,True
5821,Male,1991-06-13,Active,Clinton,MT,35288,US,2024-03-06 04:52:47,2025-04-22,True
6357,Male,2003-01-14,Blocked,Chandler,AZ,85967,US,2023-06-09 15:48:45,2024-11-09,False
6379,Female,1957-02-03,Active,Clinton,TN,91321,US,2020-05-18 05:06:40,2025-06-21,True
6414,Female,1943-03-24,Active,Bristol,NB,,CA,2020-10-15 02:49:27,2025-08-09,True
6593,Female,1989-06-10,Active,Lowell,MA,69901,US,2015-09-20 18:25:22,2025-11-06,True
6766,Other,1967-11-20,Active,Chester,AK,85627,US,2021-11-14 14:48:34,2025-04-18,True
6847,Other,1983-07-11,Active,Chester,PE,,CA,2015-11-23 14:38:36,2025-01-04,True
7067,Male,1966-11-07,Active,Chester,DE,79113,US,2016-11-07 18:20:35,2025-12-20,True
7305,Male,1956-01-04,Inactive,Bristol,NL,,CA,2017-12-20 02:31:54,2019-10-19,False
7710,Male,1961-12-27,Active,Salem,VT,73020,US,2024-12-09 00:17:44,2025-01-22,True
7813,Male,1955-01-25,Active,Fairview,VT,24477,US,2018-03-21 13:21:29,2025-08-30,True
8542,Male,1973-06-04,Blocked,Albany,NY,60148,US,2018-05-01 20:26:59,2019-07-21,False
8704,Male,2003-03-13,Active,Georgetown,KS,15868,US,2025-09-10 08:42:17,2025-11-01,True
8743,Female,1985-05-23,Active,Salem,WI,73805,US,2020-06-07 15:37:10,2025-07-26,True
8847,Male,1969-03-11,Active,Ottawa,ON,,CA,2023-11-29 07:14:33,2025-08-26,True
8873,Female,1961-04-24,Active,Bristol,WV,29326,US,2017-06-27 20:17:55,2025-11-16,True
8963,Female,1977-03-24,Active,Madison,ME,35560,US,2018-12-23 23:24:31,2025-05-23,True
9204,Male,1997-01-11,Active,Clinton,TN,87524,US,2021-07-26 14:19:07,2025-03-25,True
9324,Female,1955-03-04,Blocked,Bristol,RI,41327,US,2018-11-05 03:01:31,2021-03-30,False
9706,Male,1997-01-28,Active,Fairview,MS,71609,US,2025-07-21 05:13:40,2025-08-12,True
129,Male,1963-12-13,Active,Salem,AL,22805,US,2022-05-04 18:25:29,2025-01-14,True
603,Male,1993-07-07,Active,Georgetown,CT,75848,US,2023-06-14 21:23:52,2025-05-23,True
629,Male,1964-04-06,Active,Erie,PA,98646,US,2016-04-17 17:29:48,2025-06-02,True
1167,Male,1971-09-08,Active,Chester,NT,,CA,2022-09-24 07:59:48,2025-07-04,True
1263,Female,2003-11-16,Inactive,Madison,NH,17985,US,2019-12-13 13:01:22,2022-01-24,False
1558,Male,1968-12-11,Active,Bristol,MD,63204,US,2023-02-23 00:42:38,2025-05-25,True
2033,Male,1972-10-28,Active,Cambridge,MA,82329,US,2025-05-06 16:40:46,2025-12-07,True
2047,Male,1976-06-01,Active,Durham,NC,38201,US,2024-01-16 15:47:51,2025-10-18,True
2251,Male,1967-12-03,Active,Bristol,AK,67740,US,2018-08-22 10:29:16,2025-01-01,True
2591,Female,1974-02-26,Active,Riverside,OK,24325,US,2015-04-12 12:51:06,2025-04-09,True
2691,Female,1990-06-05,Blocked,Riverside,ID,15593,US,2015-08-09 04:41:17,2023-10-30,False
2748,Female,1962-04-19,Closed,Bristol,RI,22806,US,2016-07-04 17:01:47,2022-05-14,False
2822,Female,1994-06-16,Active,Franklin,WV,25564,US,2018-07-13 05:20:27,2025-02-10,True
2941,Male,1980-01-03,Active,Chester,NE,71493,US,2017-10-19 14:42:42,2025-07-16,True
3287,Female,1957-06-20,Active,Bristol,SC,45404,US,2019-03-12 16:02:41,2025-11-02,True
4182,Female,1978-03-26,Active,Macon,GA,81388,US,2020-04-13 15:31:20,2025-02-27,True
4250,Female,2001-01-02,Active,Salem,CT,25677,US,2021-06-07 13:09:08,2025-11-26,True
4593,Female,2008-09-22,Active,Georgetown,SD,93054,US,2024-02-27 01:39:10,2025-12-05,True
4997,Male,1968-02-03,Blocked,Clinton,PE,,CA,2019-10-02 07:52:13,2022-03-25,False
5046,Female,1944-12-01,Active,Detroit,MI,94331,US,2023-05-22 21:56:20,2025-02-01,True
5162,Female,1966-12-12,Closed,Hamilton,ON,,CA,2015-10-18 11:04:26,2021-10-09,False
5335,Female,1985-07-30,Active,Clinton,ME,30890,US,2016-12-08 06:32:27,2025-09-21,True
5359,Male,1983-04-20,Inactive,Madison,NT,,CA,2015-06-27 17:10:55,2025-08-11,False
5415,Male,1953-10-21,Inactive,Springfield,IN,96884,US,2022-02-23 16:51:39,2023-08-29,False
5549,Male,2010-09-12,Active,Clinton,MS,46908,US,2025-07-10 06:30:17,2025-09-28,True
5654,Male,1963-04-18,Inactive,Springfield,WV,79428,US,2022-06-12 23:46:08,2023-09-21,False
5963,Female,1965-12-11,Active,San Francisco,CA,63748,US,2022-09-19 12:28:50,2025-12-24,True
6011,Male,2011-10-19,Active,Fairview,NM,10952,US,2025-10-08 00:10:52,2025-12-07,True
6209,Male,1971-12-19,Closed,Clinton,AR,55720,US,2019-08-02 07:03:52,2019-10-27,False
6404,Female,1965-10-07,Closed,Franklin,OR,15112,US,2020-08-17 20:25:18,2021-12-02,False
6534,Male,1979-06-01,Closed,Burnaby,BC,,CA,2015-04-23 22:45:42,2020-06-06,False
6555,Male,1944-05-31,Active,Salem,YT,,CA,2020-11-02 09:06:04,2025-09-25,True
6875,Female,1974-10-17,Active,Clinton,RI,41659,US,2016-06-24 11:34:02,2025-11-19,True
6997,Female,1956-11-13,Active,Clinton,OK,87379,US,2023-12-08 16:18:08,2025-11-04,True
7255,Female,1991-01-28,Active,Madison,KS,49322,US,2016-08-11 04:18:59,2025-10-14,True
7263,Male,1989-04-04,Active,Riverside,AR,66206,US,2016-07-25 12:53:44,2025-08-18,True
7349,Male,1944-01-15,Active,Franklin,IN,60523,US,2020-05-31 23:28:02,2025-09-22,True
7791,Male,1960-03-02,Active,Gatineau,QC,,CA,2015-02-27 07:24:37,2025-09-27,True
8122,Female,1949-08-20,Active,Franklin,SC,59940,US,2023-12-14 03:17:59,2025-10-05,True
8345,Female,1944-05-24,Active,Chandler,AZ,58473,US,2020-03-09 14:16:56,2025-01-24,True
8585,Other,1999-06-21,Inactive,Springfield,WY,85161,US,2025-08-13 20:06:01,2025-11-16,False
9120,Male,1999-09-02,Blocked,Riverside,NU,,CA,2015-02-19 00:05:26,2015-09-30,False
9154,Male,1959-12-17,Active,Denver,CO,79423,US,2015-08-07 09:39:47,2025-10-27,True
9190,Female,1988-02-23,Active,Fairview,SC,60471,US,2018-12-21 06:44:16,2025-10-07,True
9229,Male,1977-06-29,Active,Springfield,AL,94993,US,2016-06-04 21:15:25,2025-04-23,True
9605,Female,1994-04-19,Active,Madison,OR,16468,US,2018-10-16 00:41:50,2025-12-07,True
9755,Male,1945-10-14,Active,Scottsdale,AZ,89984,US,2024-10-11 05:38:09,2025-06-18,True
9830,Female,2002-12-19,Active,Calgary,AB,,CA,2018-01-06 13:42:57,2025-03-08,True
9887,Male,1989-12-15,Active,Madison,KY,81795,US,2020-04-29 14:32:21,2025-08-13,True
9933,Female,1964-06-06,Active,Chester,VA,41342,US,2023-01-13 20:57:23,2025-02-19,True
69,Prefer Not To Say,1980-10-27,Active,Madison,ID,46681,US,2024-01-28 04:05:57,2025-07-08,True
254,Male,1961-11-11,Closed,Colorado Springs,CO,62847,US,2020-01-06 11:30:36,2020-08-17,False
312,Male,1990-05-24,Blocked,Lowell,MA,84518,US,2015-04-15 20:27:41,2018-12-02,False
437,Other,1957-11-15,Active,Hamilton,ON,,CA,2020-01-23 18:49:04,2025-09-20,True
948,Male,1978-04-10,Active,Franklin,ND,94202,US,2018-05-04 01:20:59,2025-01-31,True
1025,Other,1979-03-02,Active,Longueuil,QC,,CA,2015-07-27 19:23:51,2025-04-27,True
1072,Female,2001-10-09,Active,Dallas,TX,66023,US,2015-04-24 11:21:42,2025-02-12,True
1106,Female,1993-05-06,Active,Franklin,ND,75186,US,2021-12-11 04:56:08,2025-05-27,True
1470,Female,1961-12-18,Active,Riverside,NU,,CA,2017-02-11 08:58:44,2025-02-13,True
1761,Female,1974-11-12,Inactive,Franklin,MB,,CA,2015-02-26 21:53:45,2022-02-13,False
1801,Female,1943-09-19,Inactive,Salem,UT,23740,US,2025-05-17 14:15:48,2025-06-10,False
1858,Male,1944-06-29,Active,Riverside,NH,10347,US,2016-02-24 16:43:54,2025-10-23,True
2220,Male,1992-06-12,Active,Madison,ME,67976,US,2024-07-08 20:56:00,2025-05-03,True
2328,Female,2000-09-25,Inactive,Salem,HI,50381,US,2023-03-31 09:55:18,2025-07-05,False
2403,Male,1946-09-14,Active,Fairview,CT,58598,US,2020-11-04 20:57:03,2025-10-12,True
2407,Male,1966-09-12,Active,Albany,NY,80835,US,2017-11-30 12:28:39,2025-06-22,True
2456,Female,2005-05-22,Inactive,Fairview,CT,19632,US,2023-11-24 21:24:46,2025-08-18,False
2758,Female,2006-01-20,Active,Edmonton,AB,,CA,2020-01-03 08:26:13,2025-06-02,True
2957,Female,1994-11-24,Closed,Madison,OK,29826,US,2023-11-11 02:13:29,2024-04-16,False
3170,Prefer Not To Say,1967-07-24,Active,Springfield,OK,48722,US,2021-10-01 21:03:40,2025-03-25,True
3370,Male,1993-06-22,Active,Madison,AL,90167,US,2020-12-20 21:23:33,2025-02-07,True
4163,Female,1988-07-11,Active,Riverside,NU,,CA,2025-09-29 05:50:09,2025-10-27,True
4168,Female,1963-01-29,Active,Bristol,VT,72257,US,2021-02-10 05:23:00,2025-01-09,True
4433,Female,2002-05-07,Active,Bristol,HI,57423,US,2025-04-26 03:32:19,2025-05-13,True
4519,Prefer Not To Say,1969-08-04,Active,Spokane,WA,87645,US,2023-11-28 19:55:23,2025-02-19,True
4957,Female,1991-11-02,Closed,Macon,GA,27127,US,2024-09-10 15:00:28,2024-09-27,False
5164,Female,1970-09-19,Active,Chester,CT,40711,US,2022-03-28 01:04:47,2025-11-25,True
5212,Female,1993-09-27,Active,Edmonton,AB,,CA,2016-10-07 22:42:18,2025-07-06,True
5263,Female,1964-05-06,Active,Bristol,UT,71356,US,2024-03-20 03:22:24,2025-07-22,True
5689,Female,1997-05-04,Active,Salem,NB,,CA,2017-11-01 04:24:34,2025-11-21,True
5894,Male,1984-04-19,Active,Salem,KY,54978,US,2015-09-18 23:01:30,2025-03-09,True
6064,Female,1958-01-11,Closed,Clinton,AR,67250,US,2024-04-29 20:10:25,2024-10-27,False
6109,Female,1969-08-14,Inactive,Riverside,MT,67496,US,2018-09-13 15:02:12,2024-04-19,False
6115,Male,2001-09-01,Active,Bristol,KY,25290,US,2021-02-19 18:55:03,2025-03-29,True
6253,Female,1995-05-20,Closed,Fairview,MS,68250,US,2020-09-23 08:41:49,2022-10-18,False
6374,Prefer Not To Say,2007-07-29,Active,Spokane,WA,22510,US,2021-01-22 17:44:37,2025-03-08,True
6622,Female,1992-02-18,Active,Dallas,TX,30472,US,2025-05-12 09:05:57,2025-07-29,True
6646,Male,1991-06-27,Active,Springfield,RI,34499,US,2019-04-19 03:49:59,2025-07-18,True
6800,Male,1983-07-25,Active,Fairview,KS,65654,US,2023-12-11 07:09:49,2025-03-29,True
6885,Other,1952-07-26,Active,Riverside,AL,83611,US,2023-07-11 04:05:45,2025-07-08,True
6944,Female,1950-06-05,Active,Charlotte,NC,44801,US,2020-06-20 14:34:09,2025-07-26,True
6977,Male,1977-02-14,Active,Salem,NE,45042,US,2018-10-03 23:36:43,2025-04-29,True
6981,Female,1971-12-29,Inactive,Fairview,NH,49343,US,2016-03-18 01:09:12,2020-03-15,False
7072,Female,1968-05-17,Active,Savannah,GA,95499,US,2017-01-17 10:09:50,2025-02-16,True
7576,Male,2002-05-26,Closed,Burnaby,BC,,CA,2025-03-02 21:52:04,2025-05-11,False
7599,Other,2007-01-16,Inactive,Franklin,WI,43478,US,2023-09-26 02:48:13,2025-07-16,False
7658,Female,1960-06-30,Active,Georgetown,MT,12355,US,2019-07-10 15:02:29,2025-06-14,True
8869,Male,1986-11-06,Inactive,Madison,MT,76074,US,2025-03-04 06:15:25,2025-09-18,False
9114,Male,1955-07-12,Active,Austin,TX,43448,US,2015-11-27 00:28:20,2025-09-01,True
9177,Male,2010-07-06,Inactive,Madison,WV,42127,US,2024-12-10 04:29:08,2025-11-26,False
9457,Female,1966-08-06,Closed,Sterling Heights,MI,42267,US,2020-08-28 12:04:23,2020-11-18,False
9486,Female,1956-05-21,Active,Fairview,ME,99140,US,2017-09-13 08:18:44,2025-06-06,True
9871,Female,1964-11-23,Active,Riverside,HI,22576,US,2020-11-10 17:51:25,2025-11-25,True
36,Male,2000-12-27,Active,Springfield,NM,93318,US,2015-12-17 16:23:04,2025-03-31,True
182,Male,1966-07-03,Closed,Bristol,NE,19012,US,2017-04-23 07:18:42,2023-03-10,False
324,Male,1971-04-23,Inactive,Grand Rapids,MI,43387,US,2017-01-19 20:51:31,2021-04-04,False
426,Other,1964-03-18,Inactive,Toronto,ON,,CA,2023-09-28 12:30:12,2024-08-26,False
451,Male,1988-12-24,Blocked,Springfield,RI,10435,US,2017-07-11 10:00:31,2018-06-11,False
582,Female,1943-08-14,Active,Clinton,AK,91063,US,2020-10-05 08:33:07,2025-04-08,True
1219,Male,1975-01-30,Active,Durham,NC,25567,US,2016-11-02 17:42:31,2025-11-25,True
1460,Female,1967-11-24,Active,Salem,IN,11351,US,2021-07-19 19:07:17,2025-01-13,True
1585,Female,1964-03-27,Blocked,Riverside,NL,,CA,2025-05-25 20:17:21,2025-11-01,False
1725,Female,1951-11-06,Inactive,Springfield,ME,13171,US,2022-02-03 22:35:49,2024-10-04,False
1752,Female,2003-05-13,Active,Madison,NM,33807,US,2018-11-25 20:26:36,2025-04-09,True
2454,Other,2010-03-01,Active,Riverside,ND,77107,US,2024-12-19 23:58:19,2025-04-16,True
3286,Female,1955-05-02,Active,Greensboro,NC,69811,US,2023-11-07 09:29:49,2025-04-01,True
3624,Male,2000-11-01,Active,Springfield,MN,94996,US,2021-04-22 00:25:04,2025-10-14,True
3666,Male,1975-05-24,Active,Salem,OK,97083,US,2025-03-13 07:52:10,2025-06-21,True
3696,Male,2001-08-11,Active,Bristol,MO,89765,US,2019-04-09 16:33:06,2025-12-10,True
3745,Other,1971-01-20,Closed,Salem,NU,,CA,2019-07-04 21:39:35,2022-07-14,False
3768,Male,1953-10-10,Active,Georgetown,AK,87091,US,2025-06-02 19:57:58,2025-11-21,True
3887,Male,1951-04-16,Active,Fairview,WY,21008,US,2016-06-16 10:04:07,2025-06-12,True
4229,Male,1959-05-15,Active,Bristol,HI,71120,US,2023-08-26 09:12:33,2025-01-01,True
4269,Female,1942-03-31,Active,Riverside,SC,50198,US,2020-04-07 23:45:41,2025-12-05,True
4281,Female,1974-03-16,Active,Chicago,IL,57193,US,2017-04-03 05:06:53,2024-12-26,True
5166,Male,1962-08-04,Active,Springfield,ND,15051,US,2025-10-08 05:08:32,2025-11-05,True
5169,Male,1957-03-18,Active,Springfield,ND,29012,US,2018-01-14 18:46:35,2025-10-28,True
5234,Male,1954-06-26,Active,Georgetown,AK,39197,US,2025-06-11 07:52:51,2025-11-08,True
5522,Male,1993-07-09,Active,Madison,WI,49237,US,2019-09-21 10:10:27,2025-06-10,True
5825,Female,1989-07-28,Active,Georgetown,PE,,CA,2024-09-08 09:57:52,2025-04-27,True
5990,Male,2006-04-13,Active,Riverside,KS,14808,US,2019-10-03 08:49:39,2025-06-15,True
6094,Male,1984-05-27,Closed,Clinton,MD,29163,US,2021-07-29 19:47:06,2023-04-02,False
6179,Female,1948-03-14,Active,Aurora,IL,83859,US,2020-03-22 08:55:11,2025-10-01,True
6302,Other,1948-08-14,Active,Riverside,MN,60519,US,2017-04-06 16:18:20,2025-08-12,True
6307,Female,1988-03-27,Inactive,Chester,KS,78682,US,2015-09-18 17:15:42,2018-04-14,False
6652,Female,1981-09-03,Active,Miami,FL,12678,US,2024-09-14 07:41:06,2025-07-11,True
6767,Male,1976-04-02,Closed,Spokane,WA,70815,US,2020-04-26 21:33:04,2023-03-08,False
6872,Male,1953-05-20,Inactive,Los Angeles,CA,16252,US,2024-11-19 00:28:13,2025-10-24,False
6883,Prefer Not To Say,1998-01-19,Closed,Cambridge,MA,85242,US,2022-03-29 12:43:08,2022-07-27,False
6989,Male,1961-10-02,Active,Franklin,VA,36999,US,2024-12-25 17:45:40,2025-01-11,True
7530,Female,1946-05-05,Inactive,Bristol,AK,52849,US,2019-10-04 21:02:47,2021-04-01,False
7548,Male,1956-12-03,Inactive,Chester,WI,89827,US,2023-03-10 07:43:42,2025-08-17,False
7633,Female,2003-11-13,Blocked,Salem,KY,84913,US,2023-11-29 07:04:18,2024-10-31,False
7953,Female,1956-03-25,Active,Salem,OR,83442,US,2016-02-01 21:49:08,2025-12-09,True
8223,Male,2005-11-28,Active,Naperville,IL,89094,US,2023-06-09 12:42:43,2025-07-21,True
8252,Male,1997-10-14,Active,Riverside,WI,10879,US,2018-04-19 23:17:53,2025-01-01,True
8355,Male,1971-12-21,Active,Springfield,CT,77374,US,2015-01-18 06:53:00,2025-01-10,True
8375,Female,1977-02-19,Active,Madison,IN,11185,US,2023-08-29 00:16:46,2025-05-03,True
8412,Female,2001-09-11,Active,Fort Lauderdale,FL,98971,US,2016-04-15 21:20:52,2025-03-24,True
8672,Male,1961-12-16,Inactive,Fort Lauderdale,FL,55658,US,2023-09-13 02:19:52,2024-07-10,False
8808,Female,1972-11-05,Inactive,Denver,CO,92893,US,2018-12-12 05:05:57,2021-08-10,False
9089,Male,1950-04-24,Active,Georgetown,RI,41508,US,2020-04-09 02:48:14,2025-08-08,True
9210,Female,1988-09-28,Active,Toronto,ON,,CA,2021-04-18 01:15:11,2025-10-16,True
9975,Male,1948-01-10,Blocked,Georgetown,MO,92510,US,2021-06-12 08:29:26,2025-04-10,False
26,Male,1993-07-22,Active,Salem,IN,69186,US,2021-02-24 22:20:24,2025-02-23,True
110,Female,1969-12-06,Active,Syracuse,NY,91785,US,2016-03-28 03:33:42,2025-11-20,True
165,Female,1978-02-16,Active,Cambridge,MA,31538,US,2025-04-18 13:57:29,2025-04-26,True
704,Female,2004-04-17,Active,Salem,UT,74449,US,2025-11-06 13:48:51,2025-11-17,True
1103,Male,1978-07-01,Inactive,Franklin,AL,86133,US,2016-08-05 14:21:00,2025-07-21,False
1194,Male,1975-05-02,Active,Chester,ID,37802,US,2022-08-16 07:02:58,2025-06-17,True
1553,Male,1979-04-23,Inactive,Riverside,MD,86241,US,2021-11-29 20:58:47,2022-04-18,False
1759,Female,1974-12-02,Active,Bristol,VA,80040,US,2020-05-24 00:11:20,2024-12-27,True
1815,Female,1976-06-15,Active,Clinton,MS,65615,US,2023-10-17 13:39:18,2025-04-19,True
2072,Male,1981-10-29,Active,New York,NY,67751,US,2016-03-05 17:43:15,2025-08-02,True
2545,Male,1980-06-11,Active,Madison,LA,87363,US,2020-12-24 13:17:03,2025-02-17,True
2634,Male,1960-01-22,Active,Chester,MB,,CA,2025-02-26 10:47:42,2025-09-14,True
2885,Male,1943-03-31,Active,Chester,NJ,46656,US,2022-02-03 21:43:16,2025-03-29,True
3156,Female,1989-02-05,Closed,Mississauga,ON,,CA,2025-09-27 01:41:01,2025-11-16,False
3527,Prefer Not To Say,1956-01-26,Inactive,Riverside,IA,86387,US,2024-09-11 18:30:54,2025-04-02,False
3586,Other,1964-05-15,Blocked,Boulder,CO,47738,US,2023-01-16 19:27:57,2024-02-04,False
3720,Male,2002-06-24,Blocked,Chester,NL,,CA,2015-12-13 23:08:22,2018-04-25,False
3886,Male,1961-08-03,Active,Springfield,ME,72760,US,2022-09-26 14:50:14,2025-08-17,True
3986,Female,1999-06-07,Inactive,Georgetown,SD,53210,US,2021-12-30 11:06:08,2023-01-29,False
4381,Female,1998-09-04,Active,Bellevue,WA,23366,US,2020-01-28 02:55:03,2025-07-01,True
4737,Prefer Not To Say,1955-01-28,Active,Clinton,HI,23127,US,2021-05-30 08:23:38,2025-02-12,True
4879,Male,1999-06-02,Active,Spokane,WA,28357,US,2024-06-12 03:04:18,2025-05-18,True
4885,Male,1965-03-01,Active,Georgetown,MD,41535,US,2020-12-07 00:00:56,2025-12-19,True
4982,Male,1947-12-11,Active,Laval,QC,,CA,2015-06-20 08:30:16,2025-08-20,True
5598,Female,1969-09-27,Active,Albany,NY,84045,US,2021-03-21 23:35:50,2025-09-14,True
6220,Female,1978-08-14,Active,San Antonio,TX,80023,US,2025-12-14 20:16:19,2025-12-20,True
6291,Other,1999-06-10,Closed,Boston,MA,55841,US,2024-04-01 12:26:12,2025-08-13,False
6564,Female,1976-07-26,Closed,Tacoma,WA,79719,US,2018-04-18 12:03:55,2022-04-08,False
6988,Male,1969-08-14,Inactive,Bristol,MN,39061,US,2020-06-02 10:26:04,2022-02-28,False
7252,Female,1988-07-13,Active,Madison,CT,45904,US,2025-11-26 00:51:57,2025-12-05,True
7460,Female,1942-02-19,Active,Fairview,UT,36694,US,2024-07-30 19:26:18,2025-09-03,True
7520,Female,1948-07-30,Active,Chester,RI,11507,US,2024-01-19 13:37:19,2025-10-08,True
7682,Prefer Not To Say,1994-03-06,Inactive,Fairview,ME,65145,US,2019-12-17 21:30:08,2022-04-27,False
7989,Male,1946-03-07,Active,Scottsdale,AZ,77168,US,2016-08-29 13:41:36,2025-07-08,True
8008,Female,1953-09-02,Inactive,Salem,MT,39164,US,2021-06-08 15:29:08,2022-09-02,False
8058,Female,1976-05-08,Active,San Jose,CA,14839,US,2020-10-08 18:47:39,2025-11-06,True
8431,Male,1978-09-13,Active,Albany,NY,34304,US,2021-05-13 07:36:47,2025-08-07,True
8486,Male,1985-04-29,Inactive,Rockford,IL,64752,US,2025-11-26 19:02:28,2025-12-07,False
8568,Male,1985-03-08,Active,Georgetown,OR,27590,US,2022-01-12 00:49:05,2025-03-21,True
9230,Female,2004-11-15,Active,Laval,QC,,CA,2022-03-03 18:45:57,2025-09-14,True
9312,Male,1992-06-18,Active,Chester,MD,78946,US,2021-03-26 21:30:53,2025-10-30,True
9315,Female,1974-03-19,Inactive,Lowell,MA,19589,US,2018-08-25 08:45:05,2021-07-13,False
9800,Female,1962-10-28,Active,Joliet,IL,99765,US,2017-08-09 22:53:48,2025-11-03,True
9920,Male,1941-12-29,Closed,Madison,TN,23633,US,2015-11-15 00:31:36,2018-08-26,False
9955,Female,1989-01-26,Inactive,Springfield,AK,48230,US,2021-08-21 23:18:17,2024-10-21,False
116,Male,2001-11-12,Active,Clinton,UT,28102,US,2021-11-13 20:43:14,2025-05-26,True
133,Female,1946-09-13,Inactive,Springfield,IN,87736,US,2024-01-09 06:27:21,2025-12-03,False
507,Male,1995-04-27,Closed,Salem,SC,97697,US,2024-02-16 02:35:50,2025-02-12,False
996,Prefer Not To Say,1962-03-23,Active,Clinton,NM,71330,US,2019-06-23 15:29:30,2025-06-14,True
2529,Male,1945-08-11,Active,Riverside,OR,49037,US,2024-06-09 13:31:38,2025-07-01,True
2601,Male,1991-04-17,Active,Syracuse,NY,76565,US,2025-11-01 18:22:21,2025-12-11,True
2817,Prefer Not To Say,1990-08-29,Inactive,Madison,NM,69673,US,2021-10-13 19:34:45,2024-06-02,False
3251,Female,1975-11-09,Active,Fort Worth,TX,15337,US,2017-10-24 02:28:28,2025-01-03,True
3281,Male,2003-01-30,Inactive,Ottawa,ON,,CA,2020-10-16 18:09:11,2025-03-04,False
3889,Prefer Not To Say,1966-04-20,Inactive,Buffalo,NY,56007,US,2021-03-21 21:30:33,2025-09-03,False
4125,Female,1946-07-19,Blocked,Salem,VA,45236,US,2019-08-22 13:17:18,2024-07-29,False
4364,Male,1964-02-18,Active,Salem,NJ,76727,US,2022-02-20 14:12:55,2025-03-06,True
4425,Female,1951-09-01,Inactive,Fairview,CT,82926,US,2024-05-16 04:00:28,2024-10-20,False
4434,Male,1954-05-29,Active,Clinton,KS,65868,US,2017-07-06 22:42:27,2025-11-18,True
5024,Female,1983-07-30,Closed,Durham,NC,78443,US,2020-05-31 15:04:08,2020-09-10,False
5072,Female,1972-01-27,Inactive,Victoria,BC,,CA,2017-01-17 19:04:31,2025-05-30,False
5259,Female,1990-10-31,Blocked,Fairview,IA,22146,US,2024-08-30 01:48:16,2025-09-21,False
5315,Other,1962-05-08,Active,Bristol,MN,53363,US,2019-04-15 14:08:17,2025-01-08,True
5777,Female,1962-04-04,Active,Georgetown,ND,63614,US,2015-11-10 17:58:05,2025-02-18,True
5880,Male,2000-10-20,Active,Clinton,KY,38215,US,2019-04-20 23:21:34,2025-02-11,True
5984,Male,1944-10-16,Active,Fairview,IN,90631,US,2018-03-10 08:43:41,2025-10-14,True
6308,Male,1943-01-18,Active,Franklin,SC,81886,US,2016-09-28 03:16:13,2025-02-13,True
6440,Female,1982-11-19,Active,Bellevue,WA,76478,US,2015-06-17 03:58:06,2025-05-31,True
6537,Female,1980-12-30,Inactive,Bristol,NB,,CA,2021-10-14 13:43:42,2024-12-04,False
6640,Male,1986-05-20,Active,Clinton,IA,92975,US,2024-02-03 05:24:16,2025-04-26,True
6851,Female,1948-05-08,Active,Franklin,MS,80382,US,2016-01-17 18:22:41,2025-01-06,True
6971,Male,2006-02-01,Blocked,Fairview,SD,68561,US,2022-08-23 23:36:51,2023-10-30,False
7138,Male,2002-05-08,Active,Fairview,ID,73476,US,2020-11-22 12:05:23,2025-03-18,True
7859,Female,1968-05-14,Active,Albany,NY,62603,US,2020-01-08 01:55:12,2025-04-13,True
8575,Prefer Not To Say,1975-09-04,Blocked,Cambridge,MA,37425,US,2018-02-11 19:07:02,2022-06-06,False
8604,Female,1943-03-26,Inactive,Scottsdale,AZ,80746,US,2018-12-10 02:20:05,2021-05-30,False
8975,Prefer Not To Say,1996-05-06,Active,Bristol,SC,14871,US,2022-09-24 11:42:37,2025-10-15,True
9072,Male,1959-08-14,Closed,Madison,NM,53739,US,2015-05-28 21:01:41,2016-05-08,False
9530,Female,1948-03-31,Active,Fairview,VA,63361,US,2015-12-17 18:14:25,2024-12-29,True
9785,Female,2001-10-23,Active,Columbus,OH,40767,US,2016-03-17 15:13:00,2025-03-27,True
9400,Female,1991-02-19,Closed,Georgetown,ID,71953,US,2018-08-06 15:56:52,2023-03-15,False
669,Male,1960-08-09,Active,Naperville,IL,96191,US,2018-06-09 21:02:31,2025-01-04,True
770,Male,1980-03-26,Active,Clinton,ID,82817,US,2023-05-10 21:34:37,2025-01-16,True
874,Female,2008-03-07,Active,Salem,AK,27032,US,2025-07-16 01:10:57,2025-11-20,True
1232,Male,1983-09-25,Active,Boulder,CO,81672,US,2017-04-20 07:25:41,2025-06-08,True
1314,Male,1956-12-05,Active,Madison,KS,16052,US,2019-07-12 11:44:20,2025-04-14,True
1398,Other,1992-11-17,Blocked,Salem,SD,38246,US,2016-03-29 05:38:32,2023-08-11,False
1688,Male,1974-12-25,Active,Salem,WI,42087,US,2015-05-02 01:28:25,2025-03-08,True
1819,Male,1982-05-26,Active,Franklin,ND,58075,US,2016-07-20 02:57:42,2025-09-07,True
1980,Male,1970-05-28,Closed,Franklin,SC,59706,US,2018-01-10 09:24:57,2020-10-17,False
2510,Female,1986-03-20,Inactive,Riverside,AK,84867,US,2023-02-24 05:59:49,2024-10-14,False
2783,Female,2005-11-24,Active,Fort Worth,TX,70018,US,2025-04-18 06:37:07,2025-11-10,True
3056,Prefer Not To Say,1953-06-21,Active,Bristol,SC,24683,US,2025-08-05 22:06:19,2025-10-03,True
3086,Female,1951-08-14,Active,Franklin,IA,18116,US,2025-05-24 10:59:56,2025-07-23,True
3123,Female,1982-12-25,Active,Fairview,NM,76233,US,2019-05-12 04:26:23,2025-01-03,True
3240,Female,1986-06-14,Active,Cleveland,OH,17583,US,2018-03-21 08:27:36,2025-06-05,True
3617,Female,1954-05-23,Active,Fort Worth,TX,92301,US,2021-03-29 14:00:05,2025-11-02,True
4363,Female,2002-03-17,Active,Madison,NE,28379,US,2025-10-28 05:24:11,2025-10-31,True
4500,Male,1997-03-01,Active,Fairview,ID,19158,US,2024-06-26 05:27:39,2025-03-12,True
4620,Male,1959-09-10,Active,Tampa,FL,91723,US,2021-08-17 21:44:02,2025-01-08,True
4720,Other,1959-01-06,Active,Chester,WI,47308,US,2018-09-13 11:27:25,2025-08-13,True
4775,Female,1984-09-03,Closed,Fairview,SK,,CA,2016-01-05 07:54:28,2022-11-22,False
4950,Male,2007-07-21,Inactive,Fairview,AL,26041,US,2020-09-08 15:25:20,2022-07-28,False
5043,Female,1945-12-17,Inactive,Georgetown,VA,98510,US,2025-08-10 06:34:10,2025-11-17,False
5119,Male,1973-08-26,Active,Clinton,RI,93267,US,2015-03-10 02:04:06,2025-02-21,True
5184,Other,1968-06-13,Active,Franklin,LA,80641,US,2022-12-16 00:41:06,2025-08-10,True
5195,Male,2001-10-20,Active,Clinton,MD,67753,US,2018-04-13 14:33:43,2025-02-14,True
5489,Female,1973-06-23,Active,Riverside,NH,87473,US,2016-09-06 14:00:26,2025-06-29,True
5675,Female,1982-12-26,Active,Springfield,UT,84589,US,2020-12-26 10:44:26,2025-03-27,True
6033,Male,1946-11-29,Active,Fairview,KY,10037,US,2019-02-19 03:32:23,2025-08-15,True
6116,Male,1959-05-24,Active,Rockford,IL,66594,US,2020-11-25 19:34:37,2025-03-17,True
6298,Female,2001-11-23,Active,Chester,PE,,CA,2021-12-11 02:13:38,2025-07-01,True
6424,Female,1961-03-07,Active,Riverside,MN,83148,US,2018-07-31 18:55:08,2025-03-20,True
6877,Male,1949-06-26,Active,Georgetown,VA,23676,US,2023-04-05 18:13:36,2025-09-02,True
6969,Male,1976-11-12,Active,Bristol,NL,,CA,2021-03-27 00:50:46,2025-07-05,True
7197,Male,1970-01-29,Active,Salem,NL,,CA,2020-01-17 13:52:25,2025-10-07,True
7557,Male,1962-10-25,Active,Salem,MN,57287,US,2018-12-16 04:45:43,2025-10-17,True
7743,Male,1947-01-09,Active,Victoria,BC,,CA,2025-02-19 09:12:50,2025-09-27,True
8070,Female,1978-03-12,Active,Franklin,HI,39324,US,2017-01-28 15:15:43,2025-10-30,True
8447,Female,1943-08-31,Inactive,Savannah,GA,45114,US,2020-01-24 13:48:58,2021-02-19,False
9037,Male,1982-04-07,Active,Victoria,BC,,CA,2020-06-20 17:42:38,2025-06-12,True
9360,Female,1962-12-12,Active,Chester,RI,15844,US,2017-09-12 16:49:03,2025-12-21,True
9572,Female,1976-03-25,Active,Chester,VA,67618,US,2020-08-15 02:58:25,2025-01-23,True
9747,Female,1980-06-13,Active,Riverside,OK,83134,US,2023-08-07 06:07:58,2025-03-21,True
58,Male,1967-07-18,Active,Springfield,MD,25084,US,2019-08-31 02:07:53,2025-10-13,True
123,Prefer Not To Say,1959-07-29,Active,Springfield,UT,23884,US,2021-01-31 11:35:20,2025-08-08,True
184,Other,1990-08-20,Active,Salem,NJ,55043,US,2016-05-11 11:04:48,2025-11-02,True
239,Male,2000-07-20,Blocked,Sacramento,CA,88400,US,2025-03-25 01:15:31,2025-05-01,False
438,Female,1981-10-21,Active,Aurora,IL,10197,US,2017-01-14 05:01:23,2025-07-29,True
546,Female,1959-06-20,Closed,Franklin,AK,49774,US,2025-04-29 17:24:03,2025-05-20,False
898,Male,1951-04-25,Inactive,Salem,RI,52632,US,2024-05-14 07:59:46,2025-09-01,False
986,Female,1981-08-06,Active,Madison,RI,39306,US,2025-02-14 06:04:41,2025-11-04,True
1187,Prefer Not To Say,1955-03-06,Active,Chester,VT,57581,US,2024-09-09 06:04:57,2025-02-08,True
1445,Female,1947-12-05,Closed,Salem,SD,74954,US,2022-05-24 13:33:46,2023-08-24,False
2257,Male,1945-04-09,Active,North Las Vegas,NV,51071,US,2015-04-30 20:11:07,2025-12-22,True
2484,Male,1981-11-26,Active,Sacramento,CA,36884,US,2015-12-15 01:54:58,2025-01-01,True
2514,Female,1989-10-17,Inactive,Salem,KS,67899,US,2025-01-12 07:14:30,2025-11-14,False
2940,Male,1969-11-05,Active,Georgetown,LA,31065,US,2025-08-13 11:41:31,2025-09-20,True
3271,Male,1970-04-11,Active,Riverside,NJ,87838,US,2024-03-14 12:16:58,2025-03-28,True
3521,Female,1957-09-04,Blocked,Franklin,NU,,CA,2020-03-06 11:22:06,2020-08-09,False
3628,Male,1953-08-23,Active,Mississauga,ON,,CA,2016-08-10 08:41:55,2025-09-28,True
3968,Prefer Not To Say,1945-12-20,Active,Georgetown,CT,45975,US,2015-11-07 11:25:27,2025-12-17,True
4331,Female,1941-11-20,Active,Riverside,OK,46707,US,2017-09-08 05:16:45,2025-01-20,True
4591,Female,1994-12-12,Active,Seattle,WA,60160,US,2015-02-03 08:18:21,2025-03-11,True
4599,Female,1965-03-05,Active,Riverside,WV,70168,US,2017-03-24 12:56:02,2025-05-10,True
4654,Female,1960-07-20,Active,Madison,NS,,CA,2017-05-28 22:30:18,2025-06-06,True
4704,Female,1992-10-30,Active,Calgary,AB,,CA,2020-09-17 16:47:30,2025-03-01,True
4889,Male,1983-08-14,Active,Augusta,GA,41383,US,2023-10-05 10:02:29,2025-11-30,True
5297,Male,1941-04-29,Inactive,Fairview,IA,72893,US,2019-04-14 13:22:03,2024-09-20,False
5569,Male,2003-04-13,Active,Salem,MO,29571,US,2024-02-02 12:11:38,2025-07-20,True
5678,Male,1967-11-13,Active,Sterling Heights,MI,76646,US,2017-04-27 14:04:49,2025-07-10,True
5969,Prefer Not To Say,1953-11-02,Inactive,Hamilton,ON,,CA,2015-03-15 14:01:01,2022-04-18,False
5975,Female,1981-07-14,Blocked,Dallas,TX,85208,US,2023-08-16 12:24:27,2025-04-23,False
6255,Male,1983-01-20,Active,Quebec City,QC,,CA,2019-07-01 19:45:41,2025-09-17,True
6478,Female,1959-04-08,Closed,Fairview,WY,53470,US,2025-10-05 04:42:16,2025-10-13,False
6565,Male,2011-03-02,Active,Salem,NB,,CA,2025-06-17 11:53:40,2025-07-03,True
6799,Female,2002-09-01,Active,Bristol,TN,67713,US,2018-11-27 17:20:43,2025-02-23,True
6806,Female,1941-06-18,Active,Riverside,WV,25776,US,2021-06-03 13:27:21,2025-01-04,True
7047,Female,1953-11-15,Active,Sacramento,CA,91739,US,2025-07-12 03:36:59,2025-08-04,True
7050,Female,1954-06-04,Active,Georgetown,IA,37624,US,2022-03-12 20:56:39,2025-12-02,True
7081,Male,1962-05-30,Closed,Fairview,SD,40852,US,2020-08-09 17:29:30,2022-12-08,False
7618,Male,1943-05-24,Inactive,Franklin,IN,39727,US,2025-08-17 10:50:57,2025-10-08,False
7959,Other,2001-10-10,Active,Fort Worth,TX,80544,US,2018-06-16 14:40:15,2025-11-02,True
7964,Female,1988-04-18,Active,Chester,RI,82810,US,2019-06-10 10:56:54,2025-04-30,True
8001,Male,2007-12-13,Active,Grand Rapids,MI,14898,US,2024-05-12 15:35:16,2025-10-18,True
8036,Male,1967-03-19,Active,Mesa,AZ,77085,US,2017-07-16 13:35:50,2025-11-23,True
8121,Prefer Not To Say,2000-05-29,Closed,Riverside,OK,98662,US,2021-07-23 12:58:22,2024-05-17,False
8157,Male,1998-02-11,Blocked,Clinton,MD,96702,US,2015-01-18 07:08:06,2019-05-10,False
8201,Prefer Not To Say,1957-12-14,Inactive,Riverside,SD,59438,US,2020-10-26 03:21:34,2022-10-12,False
8269,Female,1952-04-18,Active,Phoenix,AZ,24919,US,2025-05-29 12:07:33,2025-11-26,True
8337,Male,1948-02-26,Active,Chester,AL,98739,US,2021-07-13 14:54:34,2025-11-13,True
8846,Male,1982-03-23,Inactive,Fairview,OK,42490,US,2015-03-04 07:08:30,2024-02-28,False
9111,Female,1958-08-04,Active,Chester,NL,,CA,2020-10-24 12:57:28,2025-09-25,True
9145,Female,1943-10-25,Active,Bristol,NS,,CA,2015-07-21 19:07:31,2025-06-19,True
9405,Male,1973-08-26,Active,Springfield,SD,41880,US,2023-06-06 03:58:00,2025-07-26,True
174,Female,1964-05-01,Inactive,Lethbridge,AB,,CA,2025-06-20 18:54:14,2025-11-01,False
275,Female,1945-08-15,Active,Surrey,BC,,CA,2018-07-30 20:04:12,2025-04-24,True
734,Male,1972-05-21,Active,Fairview,NE,59777,US,2018-02-19 17:55:02,2025-04-23,True
773,Male,1988-04-04,Active,Bristol,HI,51572,US,2024-02-25 19:41:46,2025-03-09,True
934,Male,1949-04-05,Active,Springfield,IA,34233,US,2024-02-11 07:30:03,2025-01-03,True
998,Female,1999-04-14,Active,Springfield,NT,,CA,2016-10-30 17:30:17,2025-11-27,True
1071,Male,1999-03-01,Inactive,Riverside,KS,48143,US,2017-09-26 23:16:09,2018-02-08,False
1130,Female,1971-01-24,Closed,New York,NY,26123,US,2024-08-26 21:11:55,2025-07-20,False
1290,Female,1969-04-28,Active,Franklin,MD,77128,US,2021-07-09 09:55:56,2025-10-07,True
1403,Male,1954-03-06,Active,Franklin,CT,64369,US,2024-09-09 09:27:06,2025-06-29,True
1536,Male,1984-05-20,Active,Georgetown,SC,98604,US,2020-11-25 04:11:12,2025-01-31,True
1586,Female,1964-02-27,Active,Bristol,KY,16661,US,2021-06-03 18:14:40,2024-12-28,True
1593,Female,1946-06-09,Active,Fairview,WY,69511,US,2025-02-13 09:45:56,2025-07-16,True
2048,Male,1945-11-12,Active,Fort Collins,CO,89022,US,2022-10-28 15:39:43,2025-07-10,True
2505,Female,1974-11-15,Active,Bristol,TN,58368,US,2024-07-12 20:05:16,2025-11-15,True
2517,Female,1977-11-09,Inactive,Worcester,MA,49904,US,2024-04-05 17:18:10,2025-10-05,False
2902,Female,2000-10-21,Closed,Edmonton,AB,,CA,2016-05-07 03:44:02,2021-04-01,False
3008,Male,1948-08-31,Active,Chester,NS,,CA,2019-08-23 22:53:34,2025-07-14,True
3289,Female,1967-09-15,Active,Bristol,OK,80066,US,2020-11-16 02:44:03,2025-10-06,True
3781,Male,1973-09-18,Inactive,Salem,WI,11170,US,2024-05-03 19:09:06,2024-06-14,False
3951,Female,1983-10-03,Active,Jacksonville,FL,47384,US,2016-11-15 16:46:19,2025-11-07,True
4256,Female,1962-01-07,Active,Fairview,LA,22590,US,2020-05-04 01:00:12,2025-10-26,True
4380,Male,2003-01-15,Closed,Georgetown,VA,16010,US,2017-08-26 13:35:17,2020-12-08,False
4680,Prefer Not To Say,1944-08-30,Inactive,Riverside,CT,10396,US,2019-06-04 23:06:15,2021-03-29,False
5197,Male,1963-12-13,Blocked,Las Vegas,NV,96917,US,2024-11-29 06:15:14,2024-11-29,False
5406,Male,1966-02-12,Active,Bristol,NJ,17638,US,2016-06-20 16:36:06,2025-09-05,True
5973,Female,1992-11-29,Active,Madison,MS,56219,US,2017-08-19 22:11:06,2025-01-16,True
6460,Male,2003-12-11,Inactive,Franklin,MT,89044,US,2017-08-25 19:57:00,2020-09-11,False
6795,Female,1947-12-19,Active,Fairview,NS,,CA,2025-05-23 00:27:33,2025-07-26,True
7457,Female,1958-01-31,Active,Salem,MD,37956,US,2024-04-30 02:11:35,2025-05-31,True
8824,Female,1962-03-01,Active,Madison,OR,64890,US,2016-08-02 07:35:16,2025-11-20,True
8874,Female,1987-06-06,Active,Tacoma,WA,79364,US,2020-02-01 10:03:27,2025-07-06,True
9157,Male,1989-07-28,Inactive,Springfield,SK,,CA,2024-02-26 18:54:21,2025-10-05,False
9300,Female,1963-08-22,Active,Springfield,LA,71376,US,2017-01-03 08:05:20,2025-09-11,True
9446,Male,1951-02-13,Active,Burnaby,BC,,CA,2019-04-28 16:13:12,2025-06-21,True
9450,Male,1970-02-16,Closed,Syracuse,NY,13061,US,2015-12-10 05:45:34,2022-02-06,False
9596,Other,1942-01-03,Active,Franklin,NJ,75786,US,2024-10-15 09:05:49,2025-03-26,True
9632,Female,1998-08-10,Active,Savannah,GA,53503,US,2025-06-16 14:30:56,2025-09-19,True
9857,Female,1993-01-18,Closed,Georgetown,MN,21280,US,2021-03-11 09:01:47,2021-05-20,False
9941,Female,1966-08-07,Blocked,Georgetown,WI,53465,US,2024-06-21 08:44:00,2024-09-27,False
407,Male,1991-12-14,Active,Bristol,LA,25147,US,2020-11-07 14:26:37,2025-03-16,True
467,Female,1989-07-07,Closed,Clinton,HI,74443,US,2018-01-06 16:27:17,2023-01-19,False
721,Male,1985-02-04,Active,Franklin,NS,,CA,2024-03-18 21:18:02,2025-10-06,True
784,Male,1986-11-20,Active,Mississauga,ON,,CA,2025-05-12 04:24:19,2025-08-07,True
900,Male,2000-08-09,Active,Salem,NH,67536,US,2017-01-25 21:39:13,2025-04-19,True
1214,Female,1957-11-24,Inactive,Clinton,NU,,CA,2016-07-17 16:05:35,2017-07-17,False
1250,Female,1966-05-03,Active,Riverside,MD,51214,US,2022-07-24 00:19:44,2025-04-24,True
1393,Male,1979-04-07,Inactive,Chester,IN,85674,US,2019-07-13 14:12:06,2021-12-05,False
1432,Male,1973-08-17,Active,Madison,NM,41941,US,2019-06-27 08:21:39,2025-03-31,True
1649,Male,1955-09-07,Active,Springfield,AL,90993,US,2017-11-27 00:06:31,2025-09-02,True
1689,Male,1959-10-21,Active,Chester,SC,58240,US,2017-03-25 10:00:34,2025-01-23,True
1716,Female,1953-06-24,Active,Fairview,ID,12700,US,2022-03-16 21:28:46,2025-09-09,True
1988,Male,2006-07-23,Active,Riverside,SD,59285,US,2021-07-26 13:37:54,2025-04-23,True
2021,Female,1998-06-14,Inactive,Dallas,TX,45728,US,2019-01-22 21:40:20,2025-04-21,False
2127,Male,1970-05-06,Active,Salem,NE,20322,US,2023-05-27 00:41:30,2025-12-01,True
2322,Male,1947-02-09,Active,Riverside,IN,64787,US,2018-10-17 02:35:42,2025-11-22,True
2564,Male,1995-10-15,Active,Macon,GA,77427,US,2018-04-04 04:36:32,2025-02-09,True
2905,Female,1989-12-06,Closed,Lethbridge,AB,,CA,2022-11-10 15:48:19,2025-01-24,False
3159,Female,1966-11-02,Closed,Franklin,DE,50032,US,2018-12-12 01:09:29,2019-03-21,False
3285,Female,1994-06-01,Active,Red Deer,AB,,CA,2017-05-07 15:32:07,2025-10-27,True
4021,Female,1991-09-30,Inactive,Buffalo,NY,33992,US,2023-12-24 22:36:16,2024-09-29,False
4120,Male,1947-03-08,Closed,Riverside,RI,47271,US,2022-08-29 22:30:11,2022-11-28,False
4707,Female,1986-12-28,Inactive,Madison,KY,58928,US,2019-08-04 01:00:59,2023-06-19,False
5210,Male,1977-07-04,Active,Tacoma,WA,77764,US,2025-12-18 03:53:53,2025-12-21,True
5783,Male,1953-07-27,Active,Chester,KS,32600,US,2024-10-06 03:33:56,2025-11-01,True
5791,Female,1981-05-24,Active,Georgetown,WV,31655,US,2025-01-15 22:57:14,2025-05-19,True
5820,Female,1962-10-18,Inactive,Georgetown,ND,86649,US,2025-12-17 17:54:52,2025-12-19,False
5895,Female,1997-05-09,Active,Riverside,UT,25120,US,2021-05-19 07:08:41,2025-09-02,True
6197,Female,1977-06-06,Active,Georgetown,NU,,CA,2016-11-18 05:19:30,2025-04-24,True
6547,Female,1995-09-27,Closed,Clinton,SD,63521,US,2018-10-31 19:08:04,2021-10-14,False
6551,Female,2002-01-07,Blocked,Bellevue,WA,11726,US,2017-11-20 22:45:59,2024-02-19,False
6962,Female,1996-09-22,Blocked,Medicine Hat,AB,,CA,2022-01-24 03:36:09,2024-09-24,False
6982,Male,1967-10-10,Closed,Bristol,IA,87997,US,2019-11-13 19:08:08,2024-04-17,False
7161,Male,1955-08-19,Active,Springfield,SC,13737,US,2016-05-31 17:03:39,2025-04-24,True
7182,Female,2004-03-24,Active,Bellevue,WA,73872,US,2025-09-21 04:03:30,2025-10-30,True
7965,Male,1972-05-31,Active,Springfield,AR,99509,US,2024-09-04 11:27:41,2025-09-22,True
8047,Other,1952-09-19,Active,Joliet,IL,10176,US,2022-05-22 14:17:32,2025-05-09,True
8234,Female,1961-03-21,Active,Clinton,HI,57166,US,2023-09-22 09:07:01,2025-03-05,True
8369,Female,2000-10-25,Active,Vancouver,BC,,CA,2022-07-27 18:39:57,2025-02-22,True
8477,Male,1981-12-03,Active,Seattle,WA,86839,US,2023-05-01 19:05:17,2025-10-07,True
8528,Female,1974-10-12,Active,Chester,CT,78772,US,2022-12-16 13:51:21,2025-03-16,True
8747,Female,1945-02-04,Active,Bristol,VT,19935,US,2018-08-30 22:06:43,2025-02-12,True
8851,Male,1999-10-27,Active,Rochester,NY,53837,US,2022-01-13 00:26:09,2025-09-20,True
8946,Male,1957-07-15,Active,Madison,KY,34793,US,2018-04-07 00:01:30,2025-03-24,True
8960,Other,1950-11-28,Closed,Springfield,MO,30171,US,2017-04-05 20:19:52,2017-11-25,False
9231,Male,1991-08-19,Closed,Franklin,MO,81996,US,2019-01-21 00:57:43,2024-02-12,False
9232,Female,1966-08-27,Inactive,Franklin,VT,99076,US,2024-04-20 16:58:52,2025-07-29,False
9272,Prefer Not To Say,1987-11-30,Inactive,Chester,NT,,CA,2015-04-05 12:12:30,2023-12-23,False
9327,Female,1990-11-19,Closed,Denver,CO,66146,US,2019-07-05 17:17:36,2023-02-24,False
9390,Female,1996-12-13,Active,Fairview,AK,74154,US,2022-07-20 18:49:52,2025-10-07,True
9582,Male,1982-03-06,Closed,Bristol,WY,55230,US,2023-01-01 23:54:31,2023-09-08,False
139,Female,1943-01-28,Active,Allentown,PA,95951,US,2018-04-15 13:43:34,2025-10-19,True
478,Female,1942-06-05,Blocked,Fairview,IA,53253,US,2018-07-19 07:02:09,2019-09-05,False
632,Female,1961-08-27,Active,Franklin,MN,34999,US,2017-10-30 08:24:01,2025-06-03,True
1400,Male,1946-03-28,Active,Bristol,ND,13676,US,2015-02-12 07:56:18,2025-11-08,True
1500,Male,1949-08-04,Active,Georgetown,DE,90242,US,2019-07-18 09:37:17,2025-05-26,True
1715,Female,1981-09-19,Inactive,Quebec City,QC,,CA,2018-07-23 20:34:47,2020-11-25,False
1748,Female,1942-09-27,Active,Phoenix,AZ,33552,US,2018-06-11 03:28:39,2025-02-05,True
1805,Male,1947-05-06,Active,Madison,NM,91381,US,2017-04-16 04:56:52,2025-01-27,True
1970,Female,1950-04-06,Inactive,Fairview,ME,81486,US,2016-07-31 03:21:30,2022-07-15,False
1986,Female,1973-07-03,Active,Springfield,AR,24312,US,2016-01-31 09:22:53,2025-11-25,True
2145,Female,1977-12-10,Inactive,Madison,AK,34716,US,2025-08-06 11:15:18,2025-08-16,False
2282,Male,1980-04-09,Inactive,Springfield,ND,39195,US,2016-06-09 23:21:15,2022-06-26,False
2934,Female,1946-06-13,Active,Franklin,NS,,CA,2021-04-02 05:05:54,2025-06-29,True
2967,Female,1985-04-18,Closed,Riverside,RI,54579,US,2023-05-13 06:16:27,2024-09-17,False
3105,Female,1979-06-28,Active,San Francisco,CA,31482,US,2024-05-10 01:24:08,2025-03-20,True
3294,Male,1973-11-02,Inactive,Chicago,IL,25663,US,2015-01-09 19:05:03,2015-03-26,False
3463,Male,1968-02-02,Inactive,Madison,HI,55174,US,2019-08-26 14:20:07,2025-11-13,False
3737,Male,1951-10-01,Active,Fairview,VA,15647,US,2020-08-13 04:54:03,2025-10-21,True
3891,Female,1946-03-13,Active,Vancouver,WA,72179,US,2023-07-04 14:17:33,2025-04-12,True
4002,Female,2001-09-21,Active,Philadelphia,PA,60647,US,2019-11-09 22:33:11,2025-10-27,True
4049,Female,1998-03-31,Active,Clinton,KS,87754,US,2019-03-01 02:29:37,2025-05-25,True
4366,Female,1947-09-07,Active,Springfield,RI,73572,US,2025-01-15 13:14:14,2025-05-25,True
4462,Male,1945-05-27,Active,Chester,MT,64019,US,2019-08-12 17:52:38,2025-11-06,True
4530,Female,1952-09-01,Closed,Riverside,OR,99088,US,2020-04-02 00:56:24,2020-12-12,False
4747,Male,1947-08-26,Active,Bristol,WY,54247,US,2016-10-21 21:34:28,2025-11-02,True
4806,Male,1952-04-09,Active,Franklin,DE,38379,US,2018-04-12 22:41:27,2025-11-19,True
5402,Male,1952-07-20,Active,Riverside,HI,61640,US,2017-07-03 11:04:48,2025-06-09,True
5638,Other,1968-10-24,Inactive,Madison,CT,95845,US,2015-03-26 22:51:16,2020-11-09,False
5762,Female,1994-12-01,Closed,Bristol,NL,,CA,2019-11-01 05:56:59,2021-01-03,False
6328,Male,1950-12-30,Active,San Antonio,TX,49411,US,2017-07-20 14:59:21,2025-08-07,True
6406,Female,1994-02-26,Active,Worcester,MA,43816,US,2021-05-12 18:32:18,2025-07-29,True
6726,Female,1941-06-15,Active,Seattle,WA,46869,US,2019-11-15 01:18:16,2025-03-27,True
7025,Female,1964-05-17,Inactive,Durham,NC,44924,US,2024-04-24 07:51:47,2024-12-08,False
7273,Male,1985-08-31,Inactive,Riverside,MO,21856,US,2022-03-17 01:20:36,2024-07-24,False
8141,Male,1948-05-29,Active,Clinton,SD,27930,US,2017-05-17 10:33:11,2025-01-22,True
8146,Female,1950-12-19,Active,Madison,OR,92756,US,2017-01-25 20:23:21,2025-10-09,True
8327,Male,2007-08-14,Inactive,Bristol,SD,52994,US,2024-01-30 22:49:21,2025-07-24,False
8357,Female,1987-03-19,Active,Riverside,OK,36075,US,2019-05-29 09:16:00,2025-03-27,True
9262,Female,1972-12-22,Active,Bristol,MT,88955,US,2024-04-06 00:32:02,2025-09-27,True
9373,Prefer Not To Say,1980-12-25,Inactive,Riverside,ID,31267,US,2022-09-06 04:10:31,2024-10-29,False
9554,Female,1992-08-02,Active,Madison,AK,86283,US,2018-03-16 05:45:18,2025-02-27,True
9648,Male,1952-12-01,Active,Fairview,SK,,CA,2017-09-04 18:48:26,2025-08-11,True
9682,Male,1993-08-03,Inactive,Augusta,GA,94064,US,2025-03-09 19:57:49,2025-12-06,False
9783,Male,1983-04-16,Active,Georgetown,NE,26847,US,2016-08-11 18:08:54,2025-07-04,True
66,Male,2005-08-29,Active,Madison,YT,,CA,2022-03-28 08:52:04,2025-03-07,True
87,Male,1969-03-15,Inactive,Franklin,MB,,CA,2022-12-25 23:59:35,2024-03-15,False
212,Female,1976-01-31,Active,North Las Vegas,NV,64256,US,2020-01-04 23:50:50,2025-04-25,True
534,Female,1960-11-03,Closed,Clinton,HI,42153,US,2024-12-28 13:31:22,2025-01-05,False
552,Male,1975-11-23,Active,Riverside,OK,49169,US,2018-09-20 13:29:15,2025-08-28,True
904,Male,2007-05-02,Active,Chester,ND,79422,US,2024-09-16 05:25:50,2025-12-04,True
1221,Male,1999-06-27,Blocked,Bristol,NM,76489,US,2015-01-06 02:36:05,2019-08-25,False
1284,Female,1947-01-25,Inactive,Riverside,VA,14216,US,2021-10-12 09:45:28,2022-04-02,False
1317,Male,2000-10-08,Inactive,Franklin,NE,89894,US,2023-07-23 18:10:37,2024-03-19,False
1661,Male,1972-11-14,Inactive,Franklin,CT,20589,US,2022-12-16 09:14:12,2025-09-23,False
2174,Other,1965-11-15,Closed,Cambridge,MA,55023,US,2025-06-03 16:49:05,2025-08-05,False
2181,Male,2001-04-09,Inactive,Salem,MT,75849,US,2018-05-18 23:37:40,2025-02-20,False
2197,Male,1979-05-13,Closed,Chester,NL,,CA,2015-04-21 11:13:44,2022-10-29,False
2205,Female,1999-10-08,Active,Fairview,KS,23595,US,2025-06-24 07:33:23,2025-06-26,True
2309,Prefer Not To Say,2000-08-27,Inactive,Orlando,FL,14514,US,2020-07-09 07:16:12,2025-11-14,False
2409,Male,2000-11-18,Closed,Salem,IA,82441,US,2023-04-15 06:14:59,2023-10-13,False
2554,Female,1993-10-21,Active,Salem,HI,95225,US,2015-12-24 18:33:16,2025-06-13,True
2747,Male,1952-04-22,Active,Seattle,WA,61602,US,2015-02-07 18:41:39,2025-07-25,True
2782,Female,1950-10-03,Closed,Salem,IA,56347,US,2018-04-24 08:43:42,2024-03-28,False
3128,Female,1971-05-09,Active,Clinton,MB,,CA,2015-03-13 03:09:44,2025-05-14,True
3478,Male,1979-02-10,Blocked,Aurora,IL,25219,US,2022-05-18 09:31:59,2024-03-03,False
3778,Female,1985-07-02,Active,Franklin,LA,81167,US,2020-06-15 21:09:56,2025-05-10,True
4015,Male,1963-08-26,Active,Salem,AL,13201,US,2025-12-06 17:41:56,2025-12-17,True
4349,Male,1976-02-22,Active,Fairview,WV,22023,US,2020-05-25 16:14:14,2025-01-27,True
4546,Male,1951-12-23,Active,Georgetown,MS,36733,US,2019-06-04 20:17:21,2025-05-25,True
4633,Male,1997-08-30,Inactive,Chester,IA,73303,US,2023-02-04 01:47:00,2025-06-02,False
5019,Female,1956-05-19,Closed,Riverside,SC,14892,US,2025-12-07 15:26:11,2025-12-10,False
5049,Female,1982-05-29,Closed,Clinton,NE,64102,US,2023-04-26 14:17:41,2025-04-05,False
5213,Female,1963-03-02,Inactive,Charlotte,NC,78233,US,2018-01-06 09:56:51,2020-04-05,False
5376,Female,1978-07-19,Active,Medicine Hat,AB,,CA,2017-10-04 08:45:34,2025-02-12,True
5424,Female,1970-04-19,Closed,Riverside,SD,47957,US,2021-08-25 10:54:05,2022-01-06,False
5709,Female,1956-02-07,Inactive,Franklin,NM,99960,US,2020-11-13 11:54:40,2023-06-14,False
5909,Female,1959-12-17,Active,Pittsburgh,PA,83378,US,2016-09-05 16:01:18,2025-07-12,True
6077,Female,2000-08-30,Active,Bristol,AL,94816,US,2023-08-03 18:37:19,2025-05-17,True
6512,Male,2009-05-01,Inactive,Franklin,VT,60870,US,2024-02-16 05:39:53,2024-03-23,False
6625,Male,1957-03-30,Closed,Athens,GA,21916,US,2023-04-19 01:51:08,2023-11-27,False
6698,Male,1980-07-10,Active,Georgetown,IA,70329,US,2024-01-03 21:34:05,2025-10-20,True
6713,Female,1986-07-05,Active,Springfield,NL,,CA,2017-07-31 07:36:17,2025-07-18,True
6938,Other,1956-11-25,Inactive,Fort Worth,TX,69764,US,2023-01-15 13:16:05,2024-05-07,False
7262,Male,1942-09-11,Active,Riverside,RI,14767,US,2016-12-11 16:22:09,2025-05-21,True
7475,Male,1942-07-05,Active,Fort Collins,CO,52202,US,2015-08-03 17:04:42,2025-02-19,True
7486,Female,1995-12-17,Active,Franklin,NS,,CA,2025-05-14 22:13:30,2025-06-22,True
7564,Female,1962-10-08,Closed,Madison,MS,28951,US,2017-06-03 16:01:23,2018-11-15,False
7629,Male,1987-03-17,Closed,Denver,CO,27662,US,2019-11-07 13:21:36,2021-02-13,False
7779,Female,1981-04-23,Active,Bristol,IA,31310,US,2023-01-22 22:59:45,2025-11-26,True
7937,Female,1958-07-19,Active,Reno,NV,42166,US,2015-05-14 15:02:06,2025-03-27,True
8095,Prefer Not To Say,1988-04-05,Inactive,Bristol,AR,25095,US,2019-02-08 09:37:02,2020-06-09,False
8237,Prefer Not To Say,1984-12-12,Active,Georgetown,WY,58977,US,2023-03-10 15:15:30,2025-08-22,True
8479,Female,1948-01-24,Inactive,Georgetown,NE,73952,US,2021-06-30 06:58:51,2025-04-08,False
8549,Male,1993-07-01,Active,Tacoma,WA,44132,US,2020-07-02 01:18:16,2025-09-28,True
8699,Female,1996-05-27,Active,Akron,OH,95899,US,2025-12-18 00:22:39,2025-12-18,True
9406,Female,2003-12-30,Active,Akron,OH,72868,US,2017-11-24 20:53:01,2025-02-24,True
9449,Male,1946-11-28,Active,Edmonton,AB,,CA,2025-04-26 06:49:49,2025-06-08,True
9532,Female,1965-04-21,Active,Georgetown,SD,28428,US,2017-02-12 17:07:03,2025-03-05,True
9642,Female,1998-11-08,Active,New York,NY,81782,US,2017-02-02 13:25:56,2025-09-08,True
9910,Female,1997-01-27,Active,Chester,IN,63938,US,2022-07-06 20:31:17,2025-01-04,True
9978,Male,1973-02-22,Active,Houston,TX,64548,US,2017-04-03 03:43:03,2025-12-16,True
40,Female,1993-10-09,Inactive,Aurora,CO,35729,US,2017-01-15 04:27:32,2017-08-29,False
175,Male,1974-11-24,Active,Salem,MO,22560,US,2018-07-07 22:04:50,2025-10-21,True
306,Other,2000-10-22,Closed,San Francisco,CA,84961,US,2025-03-30 10:55:32,2025-04-28,False
372,Female,1951-12-27,Active,Georgetown,WY,62716,US,2022-10-22 18:33:30,2025-03-12,True
386,Female,1957-06-17,Inactive,Henderson,NV,13448,US,2017-05-13 23:44:32,2024-11-16,False
525,Male,1942-08-13,Active,Burnaby,BC,,CA,2020-04-03 06:54:19,2025-10-07,True
893,Prefer Not To Say,2009-06-27,Active,Bristol,MN,41917,US,2025-05-15 03:27:28,2025-11-13,True
1009,Female,1988-11-11,Active,Georgetown,WI,68964,US,2023-01-28 01:46:06,2025-01-23,True
1173,Female,2004-05-16,Blocked,Tampa,FL,36712,US,2017-07-14 19:27:43,2020-04-21,False
1190,Male,1999-12-03,Active,Springfield,RI,90044,US,2021-05-12 21:53:01,2025-11-01,True
1548,Female,2011-06-22,Active,Salem,AR,94617,US,2025-03-20 20:16:46,2025-11-15,True
1625,Female,1941-01-20,Active,San Jose,CA,80275,US,2023-12-31 03:26:17,2025-01-08,True
1713,Male,1942-08-28,Active,Fort Lauderdale,FL,38180,US,2018-04-01 16:37:55,2025-11-24,True
1813,Prefer Not To Say,1994-05-11,Active,Bristol,ND,13610,US,2017-12-23 18:06:11,2025-12-23,True
1873,Female,1994-01-02,Active,Springfield,OK,60003,US,2022-03-13 07:13:20,2024-12-30,True
1900,Male,1956-03-26,Active,Bristol,NH,35760,US,2025-12-16 08:39:40,2025-12-21,True
2027,Male,1978-10-28,Active,Fairview,NT,,CA,2015-12-24 11:29:18,2025-09-02,True
2073,Male,1997-07-10,Active,Franklin,SD,49417,US,2015-02-21 23:54:14,2025-09-29,True
2090,Female,1973-01-27,Closed,Springfield,IN,98786,US,2020-06-05 08:43:48,2023-09-19,False
2184,Other,1975-03-04,Active,Chandler,AZ,19141,US,2016-01-28 06:29:05,2025-06-05,True
2638,Male,1963-01-22,Active,Surrey,BC,,CA,2018-03-25 09:09:49,2025-06-10,True
3010,Male,1963-05-30,Active,Raleigh,NC,87432,US,2024-08-02 12:25:47,2025-06-15,True
3080,Female,2009-10-10,Active,Springfield,SC,76114,US,2024-05-25 23:24:58,2025-07-06,True
3137,Prefer Not To Say,1959-12-04,Inactive,Durham,NC,73176,US,2015-08-03 21:04:36,2023-05-27,False
3461,Male,1984-06-09,Active,Clinton,CT,87764,US,2025-04-11 06:03:54,2025-12-18,True
3680,Female,1992-12-19,Active,Fairview,OR,43371,US,2016-07-21 11:01:01,2025-10-07,True
3816,Male,1979-11-16,Active,Salem,SD,37460,US,2021-05-21 04:40:30,2025-02-15,True
3865,Female,2005-06-29,Active,Salem,VT,92161,US,2020-02-16 20:47:18,2025-11-05,True
4043,Male,2007-09-04,Active,Fairview,HI,96831,US,2025-07-11 01:29:25,2025-10-05,True
4188,Female,1998-11-04,Inactive,Chester,ID,89284,US,2022-04-07 17:47:47,2022-11-10,False
4206,Female,1970-12-11,Inactive,Fairview,OR,30882,US,2015-06-07 07:55:38,2016-01-11,False
4268,Female,1985-07-18,Active,Franklin,DE,33282,US,2015-11-27 04:50:31,2025-01-26,True
4672,Female,1996-09-11,Active,Fairview,VA,50628,US,2018-12-18 04:58:56,2025-08-18,True
4825,Male,1977-02-10,Closed,Greensboro,NC,54165,US,2023-03-04 13:38:21,2025-04-08,False
6185,Male,1985-12-31,Inactive,Georgetown,AL,76382,US,2017-09-19 12:46:19,2025-06-10,False
6203,Female,1963-08-31,Active,Clinton,SD,81691,US,2020-09-28 15:15:35,2025-11-23,True
6346,Male,1960-04-01,Active,Bristol,WY,51888,US,2022-08-14 19:52:29,2025-09-29,True
6590,Female,1972-08-15,Active,Aurora,IL,77053,US,2025-06-12 04:22:37,2025-08-06,True
6641,Female,1984-06-21,Active,Reading,PA,14990,US,2019-01-09 21:57:31,2025-05-12,True
6834,Male,1980-05-04,Active,Montreal,QC,,CA,2022-04-01 16:19:11,2025-03-08,True
6995,Prefer Not To Say,1950-05-10,Closed,Laval,QC,,CA,2022-05-04 07:43:15,2024-06-14,False
7320,Female,1986-01-17,Blocked,Cambridge,MA,22111,US,2022-05-07 19:45:32,2024-02-24,False
7491,Male,1995-08-17,Inactive,Chester,NT,,CA,2024-07-30 13:10:14,2025-07-16,False
7570,Female,1995-09-27,Inactive,Franklin,VA,40679,US,2019-09-26 06:40:04,2025-06-28,False
7648,Female,2010-06-20,Closed,Vancouver,WA,84680,US,2024-08-08 11:08:08,2025-02-26,False
7677,Female,1942-07-19,Active,Riverside,ID,16148,US,2025-04-21 08:14:21,2025-10-15,True
7728,Male,2001-05-14,Active,Fairview,WV,65111,US,2015-10-13 08:00:35,2025-07-09,True
8439,Female,1952-09-05,Inactive,Riverside,NH,83112,US,2019-11-02 21:44:48,2025-09-11,False
8489,Male,2002-11-21,Closed,Albany,NY,67284,US,2018-09-07 17:03:00,2022-01-02,False
8589,Male,1965-04-04,Inactive,Clinton,NB,,CA,2023-01-16 15:43:59,2025-10-21,False
8819,Male,1975-04-02,Active,Franklin,KS,24639,US,2021-03-16 00:51:04,2024-12-27,True
8916,Male,1988-03-13,Active,Victoria,BC,,CA,2022-09-25 00:05:07,2025-05-03,True
9011,Female,1995-05-21,Active,Riverside,WY,96677,US,2015-06-20 01:37:58,2025-04-19,True
9733,Female,1971-12-31,Active,Georgetown,NJ,20047,US,2015-07-25 16:13:18,2025-09-08,True
9742,Male,1964-10-15,Inactive,Riverside,TN,73133,US,2023-07-10 09:44:15,2025-08-15,False
9768,Female,2009-02-20,Active,Georgetown,NH,26182,US,2023-06-12 02:39:41,2025-04-25,True
9860,Male,1987-10-17,Active,Houston,TX,63727,US,2022-03-05 21:13:33,2025-05-01,True
326,Female,1981-01-24,Active,Salem,NU,,CA,2017-05-24 07:06:54,2025-11-13,True
348,Female,2008-01-02,Inactive,Clinton,NU,,CA,2024-07-09 07:02:30,2025-04-19,False
490,Male,1990-11-14,Active,Franklin,NU,,CA,2016-10-13 05:11:55,2025-06-28,True
832,Male,1944-11-20,Inactive,Bristol,ID,55260,US,2022-07-19 07:06:26,2023-02-04,False
844,Female,1993-05-03,Active,Fairview,SC,14764,US,2022-05-11 01:12:48,2025-06-27,True
1091,Male,1953-09-03,Active,Georgetown,NU,,CA,2024-07-30 01:17:05,2025-03-16,True
1238,Male,1970-01-31,Inactive,Franklin,MN,86929,US,2024-07-14 13:11:53,2025-10-28,False
1257,Male,1943-07-17,Active,Clinton,NH,14173,US,2023-01-05 01:55:16,2025-04-04,True
1289,Prefer Not To Say,1961-04-28,Closed,Phoenix,AZ,26419,US,2022-08-08 17:30:40,2023-03-12,False
1623,Female,1948-08-17,Active,Bristol,NS,,CA,2023-12-01 08:32:09,2025-10-09,True
1659,Male,1950-12-09,Active,Fairview,NS,,CA,2025-10-04 11:55:40,2025-10-29,True
1842,Prefer Not To Say,1943-11-29,Active,Houston,TX,18770,US,2019-03-21 16:46:56,2025-08-07,True
2299,Female,1959-10-18,Active,London,ON,,CA,2018-01-05 19:11:13,2025-12-23,True
2339,Prefer Not To Say,1946-12-04,Active,Chester,NT,,CA,2020-07-15 14:34:04,2025-04-25,True
2594,Male,1959-12-23,Inactive,Chester,AL,52450,US,2019-12-10 22:01:34,2024-06-26,False
2635,Female,1943-05-03,Inactive,Houston,TX,49590,US,2016-01-24 08:24:09,2016-10-20,False
3050,Male,1986-04-04,Active,Chester,AR,83531,US,2017-11-23 07:30:54,2025-04-29,True
3225,Prefer Not To Say,1968-02-11,Active,Mesa,AZ,20979,US,2017-02-04 04:05:05,2025-11-13,True
3230,Female,1971-04-29,Active,Bristol,VT,60412,US,2025-01-27 18:54:02,2025-03-27,True
3332,Female,1996-01-04,Active,Franklin,AL,79016,US,2018-03-06 13:06:43,2025-01-25,True
4098,Male,1955-07-29,Inactive,Bellevue,WA,49175,US,2016-07-11 03:15:20,2021-08-06,False
4404,Female,2004-04-18,Closed,Franklin,MS,83876,US,2024-06-15 06:21:27,2024-10-20,False
4454,Female,1989-02-20,Active,Springfield,MA,81655,US,2022-05-02 11:36:02,2025-06-30,True
4798,Female,1976-08-02,Closed,Chester,YT,,CA,2024-06-18 12:49:02,2024-10-23,False
4852,Female,1976-10-06,Closed,Chandler,AZ,93003,US,2021-06-23 19:55:03,2023-12-07,False
5065,Female,1948-08-18,Active,Joliet,IL,91925,US,2017-06-11 12:43:49,2025-12-05,True
5123,Male,1966-01-23,Active,Franklin,NS,,CA,2023-03-06 14:25:22,2025-04-14,True
5311,Female,1952-01-12,Active,Riverside,NT,,CA,2017-03-03 10:37:18,2025-06-15,True
5495,Male,1946-07-09,Blocked,Riverside,NH,28357,US,2017-06-23 20:17:24,2023-07-03,False
5531,Female,1945-03-07,Active,Clinton,RI,51311,US,2016-10-19 00:20:19,2025-09-20,True
5623,Female,2008-01-10,Active,Riverside,ME,75966,US,2023-01-07 19:47:13,2025-08-10,True
6144,Male,1997-01-08,Active,Salem,NH,72424,US,2023-04-04 22:37:39,2025-07-24,True
6208,Female,1977-05-15,Closed,Durham,NC,40289,US,2024-04-18 21:15:59,2025-08-08,False
6717,Female,2002-03-18,Active,Madison,NL,,CA,2023-06-04 22:50:03,2025-06-04,True
7490,Male,1971-04-05,Inactive,Naperville,IL,52621,US,2024-11-10 18:23:08,2025-09-21,False
7771,Male,1989-04-23,Inactive,Franklin,AR,15990,US,2020-02-06 11:20:06,2023-06-22,False
8405,Female,2009-01-08,Inactive,Clinton,LA,12004,US,2025-12-06 06:42:16,2025-12-13,False
8883,Other,1996-04-26,Active,Bristol,AL,76225,US,2018-01-19 12:28:26,2025-06-24,True
9395,Male,1957-02-18,Active,Tampa,FL,31978,US,2015-10-22 12:10:09,2025-07-12,True
9501,Female,1985-07-03,Active,Albany,NY,80248,US,2016-09-22 22:21:50,2025-09-09,True
9867,Prefer Not To Say,1948-11-03,Closed,Las Vegas,NV,27319,US,2017-09-05 04:44:44,2020-02-25,False
9872,Female,1966-05-01,Active,Clinton,MT,34328,US,2020-06-03 11:58:28,2025-10-04,True
9964,Female,1998-12-17,Active,Riverside,VA,17167,US,2018-09-02 14:00:44,2025-02-10,True
15,Female,1985-01-06,Active,Bellevue,WA,45179,US,2016-03-08 13:23:40,2025-05-04,True
144,Male,1949-07-08,Active,Albany,NY,54605,US,2021-09-18 05:34:20,2025-07-17,True
459,Male,1974-07-13,Active,Madison,SD,98661,US,2025-10-20 03:02:12,2025-12-24,True
618,Female,1974-08-26,Active,Cleveland,OH,78159,US,2019-02-25 02:09:36,2025-01-13,True
835,Male,1944-03-17,Active,Orlando,FL,54766,US,2017-06-08 23:10:30,2025-09-11,True
1224,Female,2003-08-31,Inactive,Bristol,NH,21804,US,2025-12-13 20:01:49,2025-12-18,False
1473,Prefer Not To Say,1967-05-24,Inactive,Raleigh,NC,67172,US,2022-12-15 08:53:31,2023-08-18,False
1704,Female,1958-10-11,Active,Fairview,MO,37712,US,2025-06-02 04:08:01,2025-09-11,True
1733,Female,1995-07-27,Active,Madison,NL,,CA,2015-05-06 03:24:51,2025-02-01,True
1836,Male,1968-09-12,Active,Springfield,NT,,CA,2015-01-01 00:39:02,2025-08-30,True
2009,Male,1952-05-22,Blocked,Jacksonville,FL,98796,US,2021-09-13 07:09:27,2024-04-10,False
2439,Female,1973-10-05,Active,Erie,PA,15771,US,2025-01-23 06:51:55,2025-06-04,True
2474,Male,1954-07-14,Inactive,Springfield,MS,83639,US,2024-09-06 02:46:13,2025-08-19,False
2724,Prefer Not To Say,1983-10-31,Active,Salem,TN,89242,US,2022-08-02 16:17:46,2025-04-12,True
2828,Female,1975-06-30,Active,Jacksonville,FL,71103,US,2016-03-21 16:51:10,2025-12-13,True
3219,Male,2005-02-06,Active,Henderson,NV,83312,US,2018-03-12 12:04:43,2025-06-20,True
3293,Female,1972-02-12,Active,Salem,OR,41608,US,2017-04-07 21:52:09,2025-06-23,True
3415,Female,1992-09-28,Active,Los Angeles,CA,32845,US,2021-07-19 10:42:33,2025-06-26,True
3548,Male,1954-04-21,Active,Springfield,LA,61258,US,2025-01-21 15:50:40,2025-05-28,True
3580,Male,2001-07-13,Active,San Antonio,TX,54358,US,2020-02-08 01:43:48,2025-05-28,True
3705,Other,1951-11-11,Inactive,Las Vegas,NV,86019,US,2019-06-29 06:21:14,2022-01-05,False
3783,Female,1979-10-09,Closed,Bristol,SC,51360,US,2025-05-12 17:41:06,2025-08-24,False
4059,Female,1952-01-18,Inactive,Georgetown,VA,33755,US,2019-07-14 19:13:51,2025-06-09,False
4093,Female,1999-05-02,Inactive,Georgetown,IA,16949,US,2017-06-27 07:39:49,2018-05-26,False
4930,Female,1983-11-05,Active,Salem,OR,69399,US,2020-02-14 23:37:24,2025-11-17,True
5493,Female,1977-08-13,Closed,Quebec City,QC,,CA,2019-01-09 04:52:26,2019-11-28,False
5906,Male,1962-10-10,Closed,Madison,AR,12443,US,2017-12-12 23:29:36,2022-05-03,False
6003,Male,1986-06-27,Active,Greensboro,NC,80625,US,2016-07-01 02:16:56,2025-02-03,True
6175,Male,1983-06-01,Active,Bristol,VA,39125,US,2018-10-15 05:55:25,2025-05-30,True
6464,Male,1961-06-27,Active,Springfield,ME,90480,US,2022-04-24 10:43:20,2025-11-07,True
6853,Male,1975-11-19,Inactive,Clinton,IA,19262,US,2018-07-10 01:00:12,2024-06-23,False
6948,Female,1971-12-10,Active,Riverside,MO,87771,US,2025-12-22 20:32:13,2025-12-25,True
6953,Male,1953-10-09,Active,Madison,NT,,CA,2019-01-23 14:07:35,2025-02-13,True
7508,Male,1977-10-05,Active,Sterling Heights,MI,93692,US,2019-03-04 00:21:29,2025-07-19,True
7559,Male,1995-04-10,Active,Georgetown,NE,28917,US,2022-07-02 06:12:56,2025-08-28,True
7890,Male,1988-12-22,Inactive,Madison,SD,39186,US,2021-10-05 21:21:42,2024-03-21,False
8389,Prefer Not To Say,1942-01-31,Active,Pittsburgh,PA,65641,US,2015-12-09 18:18:51,2025-09-28,True
8745,Female,1963-07-26,Active,Riverside,MO,94463,US,2017-04-06 20:31:40,2025-11-24,True
8892,Female,1966-05-30,Active,Clinton,MS,67274,US,2025-09-30 01:40:28,2025-10-26,True
9258,Female,1955-08-11,Active,Madison,LA,67442,US,2025-09-15 06:07:31,2025-11-18,True
9724,Female,1988-11-06,Active,Bristol,NH,13235,US,2016-10-27 04:48:29,2025-04-05,True
9970,Male,2006-11-10,Inactive,Riverside,IN,48944,US,2020-12-25 02:35:22,2025-11-13,False
74,Male,1956-01-14,Inactive,Quebec City,QC,,CA,2025-11-25 06:51:12,2025-11-29,False
521,Male,1988-04-05,Active,San Francisco,CA,43478,US,2016-08-01 04:13:28,2025-03-31,True
717,Other,1974-04-15,Closed,Orlando,FL,99069,US,2025-07-30 02:27:20,2025-09-30,False
1004,Female,1953-06-21,Active,Riverside,CT,91819,US,2022-07-06 08:03:48,2025-07-01,True
1308,Prefer Not To Say,2001-03-27,Active,Salem,HI,50736,US,2020-12-13 18:31:23,2025-01-29,True
1455,Female,1986-08-01,Closed,Georgetown,OK,94211,US,2024-11-15 16:46:08,2025-05-10,False
1517,Male,1991-07-13,Closed,Fairview,AL,18680,US,2015-11-11 18:31:56,2023-04-29,False
1552,Female,1997-07-05,Active,Salem,NJ,11432,US,2018-01-11 14:27:13,2025-09-16,True
1718,Male,1989-02-28,Active,Montreal,QC,,CA,2025-08-10 13:30:15,2025-09-11,True
1721,Male,1946-09-23,Active,Riverside,MO,70425,US,2017-02-25 14:54:21,2025-06-04,True
1949,Other,1992-09-28,Active,Salem,NJ,80923,US,2022-11-21 17:20:04,2025-02-16,True
1957,Male,1951-05-13,Closed,Bristol,AK,99017,US,2018-01-29 17:55:40,2023-12-16,False
2091,Female,1948-09-21,Closed,Bristol,UT,41747,US,2020-09-19 17:35:58,2023-04-13,False
2235,Female,1987-05-11,Active,Madison,MT,10907,US,2015-06-30 20:11:38,2025-03-01,True
3319,Male,1975-12-22,Active,Clinton,CT,73567,US,2018-08-29 17:38:50,2025-07-07,True
3452,Female,1991-09-14,Active,Bristol,SC,99481,US,2017-05-15 06:18:56,2025-02-26,True
3598,Male,1974-04-09,Closed,Chester,UT,96566,US,2025-08-17 19:15:39,2025-11-04,False
3810,Female,1977-02-22,Active,Springfield,MA,19332,US,2023-03-17 01:47:18,2025-08-01,True
4027,Prefer Not To Say,1993-10-21,Active,Detroit,MI,30236,US,2018-09-17 21:38:36,2025-07-23,True
4063,Male,1995-11-09,Active,Salem,HI,93059,US,2022-02-22 05:24:59,2025-04-29,True
4078,Female,1997-05-06,Active,Seattle,WA,39829,US,2015-02-11 09:54:23,2025-02-28,True
4874,Female,1948-06-15,Active,Syracuse,NY,21486,US,2019-01-02 20:37:23,2025-09-24,True
5313,Female,1959-09-15,Closed,Bellevue,WA,64249,US,2019-07-26 03:26:07,2022-05-16,False
5458,Prefer Not To Say,1963-01-19,Active,Georgetown,AR,14362,US,2018-12-13 02:58:17,2025-01-04,True
5521,Male,1992-09-24,Active,Macon,GA,28736,US,2018-08-29 05:30:56,2025-11-03,True
5604,Male,1956-09-22,Closed,Bristol,NS,,CA,2025-10-23 19:50:51,2025-11-02,False
5636,Female,1962-01-14,Active,Clinton,TN,35758,US,2017-07-18 11:58:40,2024-12-24,True
6031,Male,1988-05-24,Active,Franklin,NJ,35674,US,2017-06-04 20:07:49,2025-02-28,True
6466,Other,1987-05-04,Closed,New York,NY,64959,US,2024-02-29 15:08:44,2024-11-16,False
6594,Female,1956-06-28,Active,Salem,AL,51527,US,2017-01-13 11:09:39,2025-03-13,True
6732,Male,1964-03-12,Closed,Rochester,NY,77188,US,2019-02-17 01:08:16,2021-09-17,False
6741,Female,1970-01-21,Active,Salem,MS,50124,US,2020-08-02 13:48:33,2025-02-25,True
6985,Female,1996-05-18,Active,Vancouver,WA,44422,US,2023-01-21 17:07:23,2025-12-24,True
7041,Prefer Not To Say,1974-10-30,Closed,Chester,AK,46169,US,2022-06-05 19:36:05,2024-06-18,False
7093,Female,1980-07-06,Active,Toledo,OH,23753,US,2023-09-09 11:48:34,2025-01-13,True
7136,Other,1985-04-25,Inactive,London,ON,,CA,2017-02-10 20:56:37,2017-10-11,False
7536,Female,1958-04-05,Closed,Franklin,OR,39140,US,2017-05-28 11:39:47,2020-08-20,False
7551,Male,1952-02-26,Active,Chester,RI,27285,US,2015-08-29 16:47:26,2025-07-05,True
7623,Male,1979-06-17,Active,Madison,HI,53847,US,2025-04-05 01:23:19,2025-08-09,True
7639,Female,1965-06-30,Active,Longueuil,QC,,CA,2022-10-08 11:06:45,2025-08-23,True
7651,Female,1944-09-22,Active,Riverside,PE,,CA,2017-12-15 04:30:48,2025-12-11,True
7726,Female,1971-11-28,Active,Springfield,RI,31740,US,2024-08-05 10:36:28,2025-08-08,True
7825,Male,2003-08-28,Active,Georgetown,SD,35170,US,2021-01-31 12:14:56,2025-11-22,True
8074,Male,1958-11-19,Closed,Chester,HI,11793,US,2022-02-19 12:40:44,2024-04-23,False
8510,Female,1983-03-24,Closed,Madison,VA,43889,US,2016-05-25 03:14:54,2018-09-19,False
8784,Male,1988-04-18,Active,Bristol,KS,27394,US,2019-04-16 17:54:19,2025-11-24,True
9185,Female,1962-08-05,Active,Riverside,PE,,CA,2016-01-29 15:20:01,2025-12-06,True
9513,Female,1958-07-10,Active,Chester,SC,83963,US,2016-06-05 15:04:50,2025-04-26,True
9544,Male,1956-10-03,Active,Bristol,VT,83756,US,2017-03-09 23:50:44,2025-11-16,True
9984,Female,1951-08-26,Closed,Albany,NY,58084,US,2016-07-01 19:32:47,2019-03-09,False
106,Female,2003-04-18,Inactive,Fairview,NJ,69345,US,2023-12-18 08:18:41,2025-06-14,False
422,Male,1969-08-07,Closed,Springfield,HI,79341,US,2016-10-02 06:23:52,2024-02-17,False
659,Female,2003-04-29,Active,Clinton,MO,71336,US,2016-12-09 20:58:24,2025-01-02,True
764,Female,1951-03-27,Closed,Charlotte,NC,23204,US,2017-05-27 04:48:54,2023-12-23,False
2006,Female,1976-03-15,Active,Madison,KY,39957,US,2018-09-13 13:32:46,2025-06-19,True
2544,Female,2006-05-12,Inactive,Georgetown,PE,,CA,2025-05-04 06:25:37,2025-07-23,False
2866,Female,1956-12-07,Inactive,Franklin,HI,24272,US,2016-05-27 19:02:27,2016-08-12,False
3195,Female,1982-12-05,Active,Franklin,NM,64647,US,2017-03-18 20:54:54,2025-07-08,True
3236,Male,1955-01-04,Inactive,Bristol,WV,18671,US,2022-08-28 23:02:00,2022-09-24,False
3388,Female,1985-07-13,Active,Madison,IA,57530,US,2016-09-29 01:21:30,2025-01-28,True
3749,Male,1971-02-24,Active,Georgetown,LA,31488,US,2022-07-12 16:14:27,2025-08-27,True
3753,Female,1978-11-18,Active,Dallas,TX,87853,US,2021-07-17 19:37:33,2025-07-10,True
3885,Female,1980-02-20,Inactive,Sacramento,CA,32619,US,2021-06-09 18:42:31,2023-12-26,False
3893,Female,1948-06-11,Active,Springfield,NS,,CA,2020-08-15 15:20:24,2025-11-20,True
4144,Male,1998-06-03,Active,Riverside,MS,95856,US,2018-04-01 11:10:33,2025-03-08,True
4824,Male,1944-09-07,Active,Springfield,ME,73895,US,2023-03-02 16:03:57,2025-09-17,True
4829,Female,1979-08-23,Active,Chester,YT,,CA,2022-08-19 07:00:32,2025-04-23,True
4975,Female,1945-10-12,Active,Rochester,NY,12678,US,2022-11-14 11:25:13,2025-05-24,True
5130,Female,1946-05-23,Active,Tacoma,WA,11208,US,2017-10-20 01:32:55,2025-10-12,True
5152,Female,1975-09-14,Active,Laval,QC,,CA,2019-06-21 12:30:36,2025-04-24,True
5185,Female,1999-02-23,Inactive,Clinton,ND,86963,US,2024-09-17 14:38:28,2024-10-04,False
5264,Male,2001-08-18,Active,Springfield,NH,55204,US,2018-01-20 21:53:13,2025-03-30,True
5332,Male,1967-03-18,Active,Tampa,FL,41690,US,2023-11-19 03:59:10,2025-10-20,True
5528,Female,1956-02-16,Active,Franklin,ID,69496,US,2025-10-11 08:22:12,2025-10-29,True
5941,Male,1962-05-29,Blocked,Bristol,RI,24636,US,2025-08-11 23:28:41,2025-11-17,False
6278,Female,1946-09-08,Closed,Chester,ND,92280,US,2017-12-20 17:47:35,2024-04-16,False
6297,Male,1998-10-09,Active,Toronto,ON,,CA,2021-12-16 03:18:42,2025-04-06,True
6591,Male,1987-03-09,Active,Toronto,ON,,CA,2022-07-17 04:55:03,2025-01-14,True
6819,Female,1988-07-03,Active,Dallas,TX,43178,US,2022-10-26 07:10:47,2025-09-30,True
7137,Female,2004-12-22,Inactive,Georgetown,MT,26578,US,2025-10-31 17:05:51,2025-12-19,False
7518,Male,1963-04-13,Active,Tacoma,WA,62378,US,2018-04-02 01:40:26,2025-04-21,True
8203,Female,1945-10-29,Active,Bristol,NH,99672,US,2025-03-22 01:32:48,2025-07-23,True
8346,Female,1995-11-30,Active,Bristol,IN,82230,US,2023-09-15 07:28:03,2024-12-29,True
8797,Male,1960-02-06,Inactive,Madison,RI,66747,US,2015-11-20 17:17:56,2020-09-01,False
8987,Male,2000-02-20,Active,Fort Lauderdale,FL,16386,US,2017-09-24 09:02:59,2025-04-23,True
9096,Female,1995-07-10,Closed,Fairview,MS,11292,US,2020-02-17 16:09:26,2022-02-07,False
9490,Male,2000-07-28,Active,Springfield,AR,24668,US,2023-05-15 16:15:08,2025-11-29,True
9690,Female,1970-11-19,Active,Durham,NC,81899,US,2024-10-19 23:47:12,2025-03-07,True
9694,Male,1948-01-19,Closed,Georgetown,WV,75098,US,2015-05-07 18:25:41,2018-12-06,False
9882,Male,2004-01-31,Active,Toronto,ON,,CA,2022-11-03 22:20:58,2025-04-01,True
93,Female,1997-04-04,Active,Franklin,NU,,CA,2015-11-10 23:04:57,2025-12-16,True
357,Female,1994-08-13,Active,Fairview,AL,99144,US,2020-11-15 00:15:44,2025-06-14,True
550,Male,1990-10-06,Active,Cambridge,MA,29086,US,2018-01-02 14:38:51,2025-10-26,True
1070,Female,1986-09-12,Closed,Worcester,MA,28052,US,2023-05-21 23:56:05,2024-06-07,False
1126,Prefer Not To Say,1997-05-19,Inactive,Georgetown,NE,83853,US,2018-01-31 20:03:12,2018-06-04,False
1180,Female,1976-01-12,Active,Detroit,MI,49923,US,2019-11-28 17:52:10,2025-08-22,True
1198,Female,1980-03-20,Closed,Salem,SC,70701,US,2024-05-25 13:51:03,2025-06-30,False
1211,Female,1961-04-18,Active,Springfield,MT,55350,US,2016-10-20 12:47:17,2025-07-13,True
1291,Male,1959-01-04,Active,Augusta,GA,16909,US,2020-10-04 07:16:59,2025-06-20,True
1424,Male,1988-11-15,Active,Madison,SK,,CA,2021-05-24 23:09:14,2025-07-23,True
1616,Male,1976-10-19,Active,Bristol,WI,50556,US,2018-01-21 21:24:40,2025-01-19,True
1940,Female,1958-06-07,Closed,Riverside,OK,37546,US,2024-02-16 14:36:55,2024-03-07,False
1969,Male,1970-11-20,Active,Ann Arbor,MI,23383,US,2020-10-23 18:08:04,2025-02-15,True
2711,Male,2009-09-08,Active,Georgetown,MN,99730,US,2025-08-21 23:11:26,2025-10-07,True
2793,Female,1971-09-03,Active,Chandler,AZ,38364,US,2021-06-08 21:40:19,2025-10-18,True
3257,Male,2001-06-17,Active,Madison,VT,40496,US,2018-11-18 07:06:50,2025-05-22,True
3274,Female,2004-05-10,Active,Seattle,WA,27108,US,2022-07-20 04:31:17,2025-03-13,True
3607,Female,1970-04-22,Inactive,Clinton,RI,81759,US,2024-05-26 12:01:08,2025-04-08,False
3821,Female,2003-05-20,Inactive,Chester,MN,99892,US,2025-09-22 07:59:35,2025-09-29,False
4436,Female,1961-06-20,Active,Bristol,AR,64573,US,2021-06-03 12:31:45,2025-08-01,True
4541,Male,1966-02-18,Active,Riverside,DE,25385,US,2015-02-06 02:25:08,2025-07-20,True
4650,Male,1993-01-02,Inactive,Madison,KY,38783,US,2017-03-05 20:49:11,2021-09-08,False
4814,Male,1979-06-26,Active,Madison,OR,75114,US,2016-03-11 12:12:26,2025-06-04,True
5285,Female,1977-01-13,Active,Calgary,AB,,CA,2023-01-10 18:17:31,2025-12-19,True
5358,Male,1941-12-17,Active,Aurora,CO,52317,US,2018-02-28 17:45:51,2025-10-09,True
5413,Female,1995-09-10,Active,Seattle,WA,57839,US,2021-06-27 12:45:30,2025-01-04,True
5433,Female,1953-09-03,Active,Chester,DE,32547,US,2016-07-30 01:15:02,2025-12-02,True
5764,Male,2001-11-16,Inactive,Bristol,ID,37084,US,2020-11-13 12:46:50,2021-10-22,False
5893,Male,1979-03-17,Inactive,Madison,ND,80523,US,2021-05-17 07:16:24,2025-08-04,False
6585,Female,1987-11-06,Inactive,Salem,IA,97543,US,2025-12-11 04:43:23,2025-12-21,False
6894,Female,1956-09-30,Closed,Madison,AR,17526,US,2015-04-25 05:19:40,2016-09-28,False
6963,Prefer Not To Say,1976-09-25,Blocked,Franklin,MN,54089,US,2021-06-09 03:22:22,2025-05-06,False
7108,Female,1959-05-04,Active,Salem,LA,72216,US,2018-04-24 00:55:43,2025-04-02,True
7295,Male,1942-07-28,Active,Dallas,TX,82201,US,2025-07-23 06:43:05,2025-10-25,True
8123,Female,1979-06-01,Active,Ottawa,ON,,CA,2015-08-24 13:26:14,2025-06-04,True
8491,Female,1951-05-06,Active,Clinton,MD,59783,US,2018-04-02 05:14:58,2025-09-20,True
8580,Female,1969-06-22,Active,Cambridge,MA,77606,US,2023-02-20 21:16:43,2025-01-09,True
8977,Male,1942-03-09,Active,Erie,PA,61487,US,2024-04-03 18:00:36,2025-04-19,True
9074,Male,1942-03-12,Active,Riverside,AL,37815,US,2021-10-25 05:12:49,2025-05-30,True
9203,Prefer Not To Say,1971-01-30,Active,Fairview,MO,70517,US,2017-10-29 12:03:54,2025-12-02,True
9248,Female,1943-01-11,Active,Franklin,OR,69675,US,2025-10-18 08:18:52,2025-11-30,True
9323,Male,1955-07-05,Active,Las Vegas,NV,44647,US,2019-06-28 20:44:57,2025-07-23,True
9383,Male,1988-11-18,Active,Georgetown,MD,32814,US,2025-11-06 00:24:08,2025-12-13,True
9462,Male,1959-11-18,Active,Bristol,TN,55638,US,2019-03-07 15:45:10,2025-11-15,True
9927,Female,1960-01-11,Closed,Madison,LA,16190,US,2015-07-02 15:46:07,2021-06-10,False
53,Female,1956-03-23,Inactive,Franklin,VA,11198,US,2016-07-27 23:34:31,2018-08-20,False
492,Male,1967-12-04,Active,Bristol,MS,65079,US,2016-07-16 06:45:06,2025-06-08,True
709,Male,1996-04-09,Active,Bristol,UT,48660,US,2015-12-31 23:00:14,2025-03-30,True
889,Male,1969-12-22,Active,Salem,AR,54070,US,2023-03-07 18:04:36,2025-09-02,True
953,Male,1978-10-07,Active,Rochester,NY,20424,US,2025-03-08 08:15:19,2025-07-22,True
1177,Male,1958-06-27,Active,Franklin,AL,94014,US,2015-01-20 02:44:14,2025-09-10,True
1200,Female,1987-01-22,Active,Henderson,NV,72152,US,2022-03-11 00:33:17,2025-06-08,True
1809,Female,1977-07-10,Closed,Spokane,WA,86693,US,2022-06-14 14:27:43,2023-08-27,False
1860,Female,1994-04-18,Inactive,Colorado Springs,CO,81548,US,2024-04-19 03:45:20,2024-08-18,False
2363,Female,2005-09-05,Active,Jacksonville,FL,73496,US,2021-07-02 21:44:07,2025-09-11,True
2494,Other,1990-02-02,Active,Madison,NE,58790,US,2024-12-02 02:54:00,2025-02-19,True
2536,Female,1972-10-12,Active,Clinton,NJ,28557,US,2024-12-19 00:13:56,2025-11-12,True
2661,Female,1972-07-22,Active,Aurora,CO,76351,US,2018-04-21 16:33:39,2025-09-28,True
2676,Male,1955-09-18,Closed,Philadelphia,PA,30989,US,2024-04-11 13:55:23,2025-08-19,False
2752,Female,1977-10-14,Active,Chester,NM,22982,US,2021-08-27 13:34:52,2025-02-27,True
3338,Female,1963-12-04,Active,Clinton,IN,16374,US,2019-11-15 22:56:06,2025-09-30,True
3368,Male,1963-01-10,Inactive,Madison,SD,30474,US,2024-06-13 04:49:48,2025-05-30,False
3389,Prefer Not To Say,1988-12-25,Active,Chester,DE,41324,US,2017-04-03 17:07:17,2025-09-07,True
3505,Male,1946-08-20,Active,Rockford,IL,55973,US,2016-03-14 16:51:56,2025-08-09,True
3767,Female,1951-04-17,Active,Madison,RI,78722,US,2017-07-03 07:09:06,2025-09-16,True
3937,Female,1986-05-31,Active,Franklin,ME,92007,US,2018-03-24 14:08:39,2025-02-24,True
4023,Male,1984-06-20,Active,Salem,VA,35610,US,2023-03-11 16:40:40,2025-07-09,True
4162,Male,1966-10-15,Active,Fairview,SC,37515,US,2016-08-08 06:43:11,2025-11-12,True
4444,Prefer Not To Say,1954-10-16,Active,Toledo,OH,31311,US,2021-07-22 10:15:32,2025-10-12,True
4516,Female,1974-11-21,Closed,Franklin,UT,12010,US,2017-02-07 12:21:33,2018-10-06,False
4971,Female,1988-06-08,Active,Chester,DE,10088,US,2017-03-02 18:57:58,2025-12-17,True
5122,Male,1954-07-28,Active,Quebec City,QC,,CA,2016-01-16 08:58:20,2025-03-06,True
5541,Female,1977-07-05,Inactive,Bristol,MO,91787,US,2021-04-30 09:11:26,2023-12-19,False
5634,Male,2003-07-16,Active,Springfield,AR,38965,US,2019-03-23 09:58:17,2025-08-21,True
5707,Female,1978-01-10,Active,Riverside,NU,,CA,2025-10-26 02:02:55,2025-11-19,True
5710,Other,1951-03-29,Inactive,Greensboro,NC,64058,US,2024-05-11 21:06:21,2025-06-14,False
5965,Male,1993-09-13,Active,Riverside,MD,92515,US,2019-10-07 06:30:21,2025-08-14,True
6110,Male,1951-10-08,Closed,Naperville,IL,44191,US,2025-09-17 03:44:24,2025-09-22,False
6554,Female,1977-09-27,Active,San Francisco,CA,13906,US,2019-07-26 03:38:46,2025-11-04,True
6824,Male,1975-03-21,Active,Pittsburgh,PA,34230,US,2018-04-24 02:57:19,2025-12-18,True
6865,Female,2004-08-15,Active,Clinton,MD,73611,US,2025-04-28 21:52:08,2025-06-17,True
6876,Female,1956-07-25,Active,Sterling Heights,MI,55114,US,2017-02-19 19:35:26,2025-08-05,True
7322,Male,1969-04-20,Active,Ottawa,ON,,CA,2020-04-21 16:41:34,2025-08-18,True
7438,Male,1952-04-28,Active,Mesa,AZ,12269,US,2023-11-28 18:55:47,2025-04-18,True
7744,Male,1991-11-09,Inactive,Albany,NY,51870,US,2021-01-25 11:02:34,2024-06-26,False
7838,Male,1967-08-25,Blocked,Salem,NM,60831,US,2016-05-01 08:54:55,2024-05-14,False
8488,Female,1967-12-06,Active,Chester,OK,54768,US,2025-08-09 15:02:54,2025-11-27,True
8687,Male,1991-11-18,Blocked,Franklin,MS,51791,US,2017-06-27 20:13:41,2020-01-21,False
8721,Prefer Not To Say,1978-11-13,Inactive,Franklin,KS,56873,US,2019-11-20 10:24:41,2022-09-08,False
8839,Female,1955-08-05,Inactive,Boston,MA,72137,US,2018-03-21 17:07:25,2021-07-03,False
8894,Female,1967-04-30,Inactive,Georgetown,AR,20726,US,2021-03-19 15:41:49,2024-02-29,False
8924,Female,1964-02-23,Active,Franklin,NB,,CA,2021-08-07 09:34:12,2025-04-30,True
8948,Female,2006-04-25,Active,Philadelphia,PA,78901,US,2024-10-22 02:37:50,2025-05-23,True
9029,Male,1973-06-11,Active,Georgetown,LA,53353,US,2015-09-25 16:05:43,2025-11-10,True
9129,Female,2003-11-10,Active,Akron,OH,17884,US,2025-07-10 23:46:18,2025-11-03,True
9409,Male,1942-02-20,Active,Chester,VT,77143,US,2022-10-05 13:20:11,2025-11-20,True
9464,Female,1973-05-02,Active,Clinton,ID,79117,US,2021-05-31 13:32:13,2025-10-02,True
9764,Female,1989-03-27,Active,Clinton,MS,65783,US,2017-02-12 07:52:14,2025-11-03,True
9846,Male,1946-02-08,Closed,Sparks,NV,73827,US,2022-10-10 22:44:41,2023-10-17,False
9906,Female,1955-08-23,Active,Philadelphia,PA,98873,US,2023-07-17 20:19:33,2025-10-11,True
9907,Male,2002-12-30,Active,Bristol,NS,,CA,2018-12-08 16:09:33,2025-10-25,True
359,Male,1960-02-19,Active,Franklin,OK,91419,US,2016-02-14 05:49:13,2025-08-16,True
491,Female,1988-06-27,Active,Georgetown,ND,11353,US,2016-08-11 14:31:42,2025-12-06,True
964,Female,1970-11-29,Active,Cambridge,MA,68468,US,2021-08-15 11:01:07,2025-09-16,True
1318,Female,1981-08-31,Active,Macon,GA,94629,US,2019-01-19 11:00:16,2025-12-21,True
1457,Female,1941-05-30,Active,Raleigh,NC,68474,US,2024-12-19 17:59:26,2025-11-23,True
1982,Other,1979-04-05,Blocked,Fairview,WV,13577,US,2015-06-15 10:42:55,2015-08-28,False
2246,Male,1976-08-13,Active,Georgetown,SC,59600,US,2016-09-30 02:23:37,2025-01-24,True
2291,Prefer Not To Say,1944-07-26,Active,Chester,IA,95669,US,2015-06-28 22:21:07,2025-10-29,True
2794,Male,1949-08-22,Active,Clinton,MN,12955,US,2022-03-15 08:44:12,2025-09-28,True
2959,Male,1995-08-15,Blocked,Franklin,NL,,CA,2023-04-24 14:28:29,2024-10-30,False
3003,Female,1986-05-10,Closed,Chester,IA,10426,US,2023-07-22 12:52:49,2024-12-04,False
3049,Male,1962-01-11,Active,Georgetown,OK,43151,US,2024-08-10 20:01:27,2025-04-01,True
3234,Female,1995-08-20,Active,Bristol,TN,84745,US,2015-01-07 09:06:07,2025-11-20,True
3288,Female,1963-04-13,Active,Riverside,MB,,CA,2021-07-25 07:47:09,2025-09-28,True
3385,Female,1953-10-25,Active,Reno,NV,33861,US,2016-08-14 17:25:18,2025-04-21,True
3559,Female,1973-01-16,Active,Georgetown,KY,84389,US,2020-12-02 00:30:45,2025-03-21,True
3760,Male,1943-12-20,Active,Durham,NC,24320,US,2021-04-14 20:10:42,2025-08-23,True
3771,Prefer Not To Say,1949-09-29,Blocked,Sterling Heights,MI,34387,US,2022-09-25 21:50:18,2024-07-09,False
3828,Male,1950-08-15,Active,Houston,TX,32678,US,2022-05-02 18:54:31,2025-06-22,True
3997,Female,2001-01-17,Inactive,Sterling Heights,MI,77873,US,2016-06-02 08:36:12,2024-02-02,False
4087,Prefer Not To Say,1989-06-28,Closed,Chester,SC,97951,US,2021-12-15 03:01:28,2022-03-06,False
4676,Female,1943-10-17,Active,Salem,NH,20438,US,2016-06-21 14:41:18,2025-11-15,True
4700,Female,1997-11-02,Active,Salem,NH,19869,US,2017-01-03 07:14:43,2025-07-26,True
4999,Female,1975-05-07,Active,Clinton,MT,32178,US,2024-04-14 14:31:01,2025-02-02,True
5194,Female,1977-10-03,Active,Madison,NE,57923,US,2021-05-28 22:35:45,2025-11-01,True
5594,Male,2002-11-02,Active,Chester,VA,24006,US,2021-10-16 07:55:08,2025-10-15,True
5838,Male,2003-09-09,Inactive,Clinton,WY,92826,US,2019-08-23 11:17:33,2022-06-16,False
5903,Male,1958-05-02,Active,Boston,MA,54885,US,2019-09-13 03:18:01,2025-11-25,True
5974,Female,1948-08-12,Closed,Georgetown,CT,17180,US,2019-05-20 23:49:49,2019-08-24,False
6016,Female,1978-07-21,Active,Springfield,AK,93929,US,2018-03-23 09:56:49,2025-05-20,True
6399,Male,2004-06-25,Active,Fairview,SC,94762,US,2017-07-21 15:49:26,2025-08-15,True
6671,Female,1943-11-20,Inactive,Riverside,ME,50588,US,2017-01-15 18:48:49,2021-06-10,False
6814,Male,1970-11-21,Inactive,San Jose,CA,97324,US,2017-02-11 21:41:34,2017-09-03,False
7057,Female,1999-07-19,Active,Georgetown,RI,48008,US,2024-11-26 04:55:18,2025-04-06,True
7066,Female,1984-07-19,Inactive,Greensboro,NC,94231,US,2020-08-31 17:53:36,2024-01-16,False
7260,Female,1980-12-15,Inactive,Akron,OH,27506,US,2017-05-02 15:15:41,2020-03-24,False
7278,Male,1978-03-28,Active,Georgetown,WV,96172,US,2024-07-16 11:35:44,2025-04-29,True
7331,Male,1964-10-29,Closed,Franklin,OR,40448,US,2021-11-13 17:57:42,2024-04-26,False
7567,Female,1961-03-24,Active,Boston,MA,25347,US,2018-07-31 17:17:32,2025-07-03,True
7604,Female,1987-10-24,Active,Akron,OH,57917,US,2018-08-17 01:42:11,2025-08-17,True
7637,Female,1961-09-30,Inactive,Franklin,OR,65431,US,2018-04-14 03:56:01,2019-08-10,False
7803,Male,1998-09-06,Active,Springfield,VA,71412,US,2017-11-02 18:12:39,2025-03-16,True
8166,Female,1990-01-23,Active,Madison,NM,99612,US,2021-10-25 11:52:28,2025-11-22,True
8450,Male,1955-08-26,Inactive,Madison,NH,77731,US,2016-05-04 12:57:19,2022-02-01,False
8458,Female,1979-05-26,Active,Clinton,CT,51086,US,2016-02-01 19:40:22,2025-05-04,True
8503,Female,1944-10-13,Active,San Diego,CA,47167,US,2018-01-20 19:12:26,2025-01-17,True
8694,Prefer Not To Say,1962-01-30,Active,Denver,CO,25446,US,2020-09-18 00:20:34,2025-05-09,True
8934,Female,1957-03-15,Active,Springfield,NM,59909,US,2018-04-28 18:15:11,2025-12-24,True
8937,Prefer Not To Say,1973-09-14,Active,Vancouver,WA,47740,US,2020-06-29 06:12:12,2025-03-28,True
9240,Female,1967-11-14,Active,Madison,ND,19036,US,2015-11-02 17:47:14,2025-10-09,True
9789,Female,1951-09-20,Active,Savannah,GA,88125,US,2015-09-07 16:21:30,2025-02-11,True
100,Female,1978-01-15,Active,Clinton,MN,85197,US,2025-09-18 11:33:34,2025-12-24,True
366,Prefer Not To Say,2002-03-25,Active,Raleigh,NC,34464,US,2018-01-09 03:25:30,2025-03-26,True
696,Female,1950-12-28,Active,Madison,CT,60686,US,2023-05-28 08:16:51,2025-11-14,True
817,Male,1995-12-25,Closed,Cincinnati,OH,44939,US,2017-09-21 18:32:25,2022-06-23,False
1951,Female,1944-03-03,Active,Franklin,CT,44174,US,2021-05-14 17:35:49,2025-12-24,True
2056,Female,1947-10-23,Inactive,Rochester,NY,99665,US,2020-05-08 16:31:33,2022-11-23,False
2310,Male,1972-12-24,Inactive,Salem,DE,75600,US,2024-12-11 17:25:08,2025-05-05,False
3039,Female,2007-09-10,Closed,Mississauga,ON,,CA,2020-11-16 07:45:20,2024-04-14,False
3107,Female,1984-06-26,Blocked,Fairview,NE,63863,US,2022-04-08 17:46:06,2023-11-28,False
3517,Male,1956-03-20,Closed,Salem,NL,,CA,2023-03-08 18:59:00,2023-11-27,False
3917,Female,1975-09-20,Active,Chester,OK,29655,US,2022-06-28 21:35:56,2025-11-18,True
4401,Female,1954-06-19,Active,Vancouver,BC,,CA,2023-02-10 01:09:09,2025-10-02,True
4408,Prefer Not To Say,1998-03-02,Closed,Franklin,KS,81952,US,2020-08-31 04:07:24,2021-05-01,False
4414,Prefer Not To Say,1943-08-07,Active,Vancouver,BC,,CA,2022-10-28 09:43:00,2025-08-27,True
5004,Male,1954-11-19,Active,Tucson,AZ,50501,US,2020-12-03 12:53:03,2025-02-08,True
5323,Male,1986-02-10,Active,Tampa,FL,65812,US,2016-09-07 22:17:08,2025-05-14,True
5568,Prefer Not To Say,1975-12-30,Inactive,Buffalo,NY,34975,US,2019-11-26 18:33:56,2025-10-31,False
5683,Female,1983-08-27,Active,Bristol,NL,,CA,2019-09-08 08:32:06,2024-12-24,True
5871,Male,1985-04-04,Inactive,Boulder,CO,10958,US,2019-04-11 06:12:25,2022-08-25,False
6325,Female,1997-06-19,Inactive,Grand Rapids,MI,17968,US,2023-07-06 13:25:38,2024-02-25,False
6836,Male,2003-05-11,Active,Springfield,MA,96800,US,2019-02-22 19:25:54,2025-01-11,True
6842,Male,1998-08-11,Active,Charlotte,NC,65877,US,2019-05-11 12:24:33,2025-06-23,True
7514,Female,1962-09-26,Active,Lethbridge,AB,,CA,2015-10-25 20:59:32,2025-05-04,True
7725,Male,1962-11-14,Active,Riverside,MB,,CA,2021-08-18 11:49:31,2025-12-22,True
7783,Prefer Not To Say,1988-04-21,Active,Chester,NL,,CA,2022-07-19 01:30:18,2025-01-25,True
8043,Male,1973-08-08,Active,Los Angeles,CA,28802,US,2023-07-15 19:09:47,2025-05-12,True
8081,Other,1965-05-21,Active,Bristol,ND,23715,US,2016-05-30 17:51:39,2025-11-25,True
8083,Female,1973-03-14,Active,New York,NY,16225,US,2024-03-03 06:26:52,2025-08-16,True
8159,Female,1996-09-23,Active,Austin,TX,72210,US,2018-12-26 14:40:32,2025-03-27,True
8284,Female,1997-12-30,Closed,Franklin,KY,50885,US,2016-08-29 11:46:26,2016-11-13,False
8435,Male,2003-11-14,Blocked,Springfield,NM,64947,US,2020-09-11 06:15:16,2022-07-13,False
8753,Other,1987-02-18,Inactive,Clinton,NS,,CA,2018-09-10 22:58:38,2024-06-05,False
8890,Male,1979-03-10,Active,Bristol,KS,96211,US,2018-02-19 17:15:32,2024-12-26,True
8909,Female,1979-03-09,Active,Franklin,IA,10687,US,2021-12-31 02:19:40,2025-05-04,True
9164,Female,1967-03-27,Active,Franklin,MO,94844,US,2023-08-05 06:05:48,2025-10-07,True
9434,Male,1994-01-21,Closed,Clinton,AR,98476,US,2018-12-25 12:38:32,2021-08-05,False
9523,Male,1984-01-10,Active,Riverside,AK,70333,US,2020-07-24 07:30:17,2025-04-15,True
9850,Male,1990-12-23,Closed,Clinton,NU,,CA,2019-10-01 05:02:38,2022-05-30,False
9998,Female,1963-03-31,Active,Boulder,CO,94073,US,2025-01-05 00:10:42,2025-03-27,True
179,Male,1952-05-20,Active,Bristol,MS,78012,US,2024-07-19 16:37:56,2025-04-18,True
428,Male,2001-03-12,Active,Salem,HI,30748,US,2016-01-10 18:46:24,2025-02-25,True
1014,Male,1999-06-05,Active,Riverside,TN,91393,US,2017-10-17 21:30:47,2025-12-10,True
1164,Male,1999-04-07,Active,Georgetown,YT,,CA,2019-04-30 01:21:37,2025-11-30,True
1674,Male,1967-06-15,Active,Atlanta,GA,51108,US,2021-01-04 17:29:32,2025-10-20,True
2097,Male,1943-09-15,Active,Colorado Springs,CO,80269,US,2021-10-09 13:49:40,2025-04-08,True
2204,Male,1948-03-31,Closed,Chicago,IL,31295,US,2016-11-15 02:48:02,2019-05-24,False
2533,Male,1982-11-24,Active,Salem,IA,88435,US,2025-05-23 20:11:33,2025-10-12,True
2612,Male,1958-11-01,Inactive,Los Angeles,CA,40588,US,2017-04-24 13:30:39,2024-11-03,False
2946,Prefer Not To Say,1992-08-24,Active,Fairview,NU,,CA,2017-01-04 13:33:17,2025-04-26,True
3261,Female,1971-12-22,Inactive,Georgetown,HI,86645,US,2019-12-11 01:13:44,2021-09-02,False
3556,Female,1961-04-26,Active,Salem,UT,67826,US,2017-11-30 14:53:47,2025-01-13,True
3735,Female,2009-07-14,Active,Riverside,AR,79103,US,2022-12-14 10:46:04,2024-12-27,True
4192,Male,1952-07-08,Active,Georgetown,MO,97605,US,2019-05-11 17:54:41,2025-09-07,True
4264,Male,2000-04-08,Active,Scottsdale,AZ,65026,US,2022-08-27 21:17:53,2025-12-13,True
4471,Prefer Not To Say,1990-07-30,Active,Georgetown,CT,83379,US,2015-05-12 00:39:02,2025-11-20,True
4743,Female,1962-05-06,Active,Bristol,PE,,CA,2018-10-05 05:32:46,2025-08-03,True
4758,Female,1975-03-13,Active,Salem,SD,15636,US,2015-01-11 14:15:03,2025-09-06,True
4827,Male,1958-04-22,Active,Madison,VT,37288,US,2021-02-18 20:16:59,2024-12-28,True
5048,Male,1955-02-21,Active,Madison,MN,69412,US,2015-05-29 22:19:27,2025-01-09,True
5125,Female,1961-10-13,Active,Clinton,PE,,CA,2018-04-02 13:11:01,2025-04-28,True
5417,Male,1983-01-12,Inactive,Salem,NM,16629,US,2015-07-06 11:24:27,2017-01-23,False
5558,Prefer Not To Say,1955-12-30,Active,Riverside,MO,63752,US,2024-11-03 10:23:28,2025-04-23,True
5890,Male,1972-04-22,Closed,Chester,HI,11795,US,2024-06-10 04:33:22,2024-07-10,False
5900,Male,1995-06-02,Active,Springfield,MT,85536,US,2018-04-22 06:01:17,2025-03-14,True
6241,Male,1983-12-12,Active,Chester,KY,61133,US,2019-12-29 01:44:04,2025-07-19,True
6435,Female,1976-08-13,Active,Winston-Salem,NC,83161,US,2017-09-22 04:47:06,2025-06-20,True
6603,Male,2000-05-31,Active,Madison,VT,92475,US,2016-11-04 16:14:50,2025-12-23,True
6830,Female,1971-02-04,Active,Joliet,IL,14152,US,2024-04-21 16:57:11,2025-10-09,True
6959,Male,1964-11-11,Active,Fairview,DE,58727,US,2018-04-19 22:40:09,2025-03-25,True
6980,Male,1999-06-07,Active,Fairview,WY,55273,US,2017-08-30 04:37:19,2025-05-07,True
7285,Female,2002-01-14,Inactive,Bristol,NM,33607,US,2023-07-04 15:42:50,2025-10-01,False
7531,Male,1985-04-30,Active,Madison,NJ,98552,US,2021-01-23 14:00:43,2025-12-25,True
7873,Female,1958-12-09,Active,Red Deer,AB,,CA,2018-03-16 21:50:26,2025-08-08,True
8374,Female,2002-01-12,Active,Fairview,OR,31545,US,2020-11-02 15:27:48,2025-06-01,True
8782,Female,1950-02-16,Active,Madison,LA,97683,US,2024-08-12 21:55:24,2025-09-30,True
9160,Female,2010-10-18,Active,Grand Rapids,MI,44746,US,2025-09-25 11:20:56,2025-11-05,True
9379,Female,1973-10-20,Active,Riverside,NH,64249,US,2020-03-22 22:14:25,2025-07-14,True
9521,Male,1993-07-28,Active,Bristol,NE,28761,US,2024-10-23 01:42:39,2025-05-04,True
9931,Male,1982-09-28,Closed,Riverside,NB,,CA,2018-06-02 16:59:50,2020-01-10,False
243,Prefer Not To Say,1962-05-31,Active,Fairview,TN,11617,US,2016-06-24 00:17:51,2025-01-09,True
268,Female,1989-08-13,Active,Salem,KY,14229,US,2019-05-13 15:59:35,2025-12-19,True
417,Female,1978-09-13,Active,Salem,IA,30050,US,2020-06-17 00:32:03,2025-06-20,True
810,Male,1955-05-23,Inactive,Salem,NB,,CA,2025-06-07 00:04:24,2025-08-01,False
815,Male,1955-03-08,Active,Los Angeles,CA,98396,US,2015-09-16 06:16:01,2025-05-20,True
1388,Female,1963-12-19,Active,Reno,NV,14897,US,2016-01-09 00:34:03,2025-04-14,True
1414,Female,1978-10-04,Closed,Franklin,MS,29901,US,2020-04-06 22:44:39,2020-07-26,False
1502,Male,1965-09-10,Closed,Toronto,ON,,CA,2017-01-03 04:52:33,2020-04-14,False
1775,Female,1955-06-23,Inactive,Chester,NU,,CA,2017-11-10 18:00:46,2024-08-13,False
2570,Female,1983-12-11,Active,Fairview,NH,61993,US,2015-08-30 18:50:23,2025-05-07,True
2613,Other,1948-03-12,Closed,Springfield,NT,,CA,2018-01-11 19:13:35,2018-03-03,False
2808,Female,2006-05-17,Active,Surrey,BC,,CA,2023-03-10 01:12:40,2025-04-16,True
2810,Male,1952-09-17,Active,Madison,VT,88285,US,2025-01-01 21:07:30,2025-06-23,True
2949,Male,1966-06-23,Active,Madison,CT,94492,US,2022-05-20 13:06:10,2025-07-05,True
3372,Male,1958-08-02,Inactive,Georgetown,LA,12456,US,2021-05-07 11:06:21,2025-01-30,False
3622,Male,1957-12-23,Blocked,Fairview,UT,44337,US,2025-11-24 02:33:27,2025-12-04,False
3646,Female,1991-05-03,Active,Georgetown,IA,82726,US,2019-08-05 01:00:21,2025-08-15,True
3916,Female,1970-11-30,Active,Chester,OK,55443,US,2021-03-20 00:07:15,2025-09-10,True
4173,Prefer Not To Say,1962-11-03,Active,Georgetown,CT,71099,US,2019-01-24 01:58:41,2025-02-08,True
4518,Female,1974-03-28,Active,Salem,WY,40124,US,2016-06-02 13:51:01,2025-05-15,True
5014,Female,1967-11-06,Active,Springfield,AR,70627,US,2023-03-28 00:27:18,2025-04-02,True
5033,Male,1961-10-30,Active,Dallas,TX,55977,US,2016-01-14 19:09:39,2025-09-25,True
5468,Male,1982-03-08,Active,Jacksonville,FL,13181,US,2017-06-03 11:45:01,2025-04-08,True
5499,Male,1949-03-05,Active,Henderson,NV,88351,US,2023-10-08 22:26:39,2025-07-02,True
5543,Female,1957-08-12,Active,North Las Vegas,NV,66902,US,2022-01-04 02:38:34,2025-05-27,True
5572,Male,2001-06-12,Inactive,Springfield,SD,89591,US,2022-10-12 14:06:33,2024-02-14,False
5578,Male,1992-02-03,Active,Franklin,YT,,CA,2024-11-20 06:39:49,2025-08-27,True
5637,Male,1997-06-10,Inactive,Chester,DE,49244,US,2020-10-08 07:22:29,2025-09-15,False
5724,Prefer Not To Say,1994-03-24,Active,Franklin,SC,74375,US,2021-10-23 17:43:49,2025-07-02,True
6434,Other,1995-02-26,Active,Franklin,WV,84164,US,2022-02-03 00:13:49,2025-11-09,True
6480,Male,1965-09-07,Active,Franklin,UT,16227,US,2024-05-06 14:00:18,2025-09-19,True
6705,Female,1987-05-16,Closed,Ann Arbor,MI,35222,US,2016-06-29 20:55:04,2017-10-31,False
6735,Male,1955-09-28,Active,Augusta,GA,73244,US,2023-02-02 09:43:15,2025-03-27,True
6918,Male,1993-07-05,Active,Aurora,CO,55380,US,2018-06-27 05:16:13,2025-06-08,True
6939,Male,1976-01-04,Active,Toledo,OH,95832,US,2025-12-02 10:21:00,2025-12-07,True
7060,Male,1951-12-20,Inactive,Georgetown,RI,66187,US,2019-05-09 04:09:22,2023-06-02,False
7101,Male,2002-12-11,Active,Bristol,OK,10470,US,2023-04-05 03:58:53,2025-04-28,True
7224,Female,1991-02-25,Inactive,Salem,VT,89447,US,2023-03-27 01:48:26,2023-04-21,False
7357,Male,1993-11-02,Closed,Madison,HI,35803,US,2023-07-14 08:54:56,2024-03-12,False
7515,Male,1988-08-05,Active,Springfield,NH,27598,US,2015-01-20 22:45:09,2025-06-02,True
7913,Male,2003-12-04,Active,Bristol,SD,70558,US,2019-05-31 03:59:26,2025-01-22,True
8025,Male,1997-03-11,Active,Madison,VA,69583,US,2023-01-27 14:56:07,2025-02-02,True
8040,Prefer Not To Say,1972-02-17,Inactive,Fairview,VT,89912,US,2018-07-31 22:12:53,2022-07-07,False
8254,Female,1973-05-24,Active,Fairview,NM,52669,US,2024-12-11 17:47:58,2025-12-06,True
8621,Female,1972-08-14,Active,Buffalo,NY,93030,US,2019-04-02 04:25:12,2025-05-08,True
8804,Female,1993-06-25,Active,Pittsburgh,PA,76219,US,2022-07-18 04:17:51,2025-10-11,True
8834,Male,1950-08-01,Closed,Springfield,HI,22818,US,2016-06-30 14:18:18,2017-09-08,False
9094,Female,1951-03-30,Blocked,Georgetown,VT,58144,US,2016-01-08 18:52:18,2022-06-19,False
9305,Male,2000-06-26,Active,Buffalo,NY,62733,US,2024-06-07 09:18:26,2025-05-23,True
9676,Female,1972-07-28,Active,Edmonton,AB,,CA,2022-03-17 02:07:54,2025-06-01,True
984,Female,1959-08-20,Inactive,Franklin,MO,63600,US,2021-03-12 20:19:15,2021-11-06,False
987,Other,1960-07-22,Blocked,Orlando,FL,87263,US,2023-07-27 13:53:12,2023-10-15,False
1399,Male,1998-01-13,Active,Hamilton,ON,,CA,2024-07-02 15:17:50,2025-03-15,True
1532,Other,1963-08-27,Active,Atlanta,GA,34425,US,2018-01-25 23:39:36,2025-06-30,True
1687,Male,1945-07-28,Active,Colorado Springs,CO,20989,US,2023-10-31 03:48:07,2024-12-28,True
1750,Female,1971-06-13,Inactive,Franklin,YT,,CA,2023-12-19 00:09:19,2025-06-17,False
1767,Prefer Not To Say,1956-06-26,Active,Boulder,CO,76934,US,2020-12-26 01:35:22,2025-07-02,True
2305,Male,1950-10-13,Active,Reno,NV,57585,US,2024-02-25 16:46:02,2025-09-19,True
2317,Male,1999-10-14,Closed,Toronto,ON,,CA,2018-03-28 23:36:49,2022-05-01,False
2352,Female,1965-01-27,Closed,Grand Rapids,MI,58833,US,2016-09-09 11:45:56,2017-11-20,False
2390,Male,1987-06-15,Closed,Georgetown,MO,85191,US,2017-08-18 22:51:43,2023-11-15,False
2641,Male,1954-03-04,Active,Chester,KS,24767,US,2020-10-11 17:29:56,2025-06-27,True
3149,Female,1947-04-08,Blocked,Salem,NS,,CA,2015-01-06 13:33:50,2025-10-07,False
4094,Female,1956-08-04,Closed,Franklin,OR,97217,US,2021-12-15 06:14:02,2023-06-01,False
4507,Prefer Not To Say,1978-10-08,Closed,Franklin,NE,71841,US,2024-05-31 21:04:14,2024-12-13,False
4616,Male,1971-07-20,Closed,Georgetown,DE,26817,US,2017-07-01 12:45:27,2022-08-09,False
4632,Female,2001-05-13,Closed,Philadelphia,PA,90227,US,2024-06-03 18:26:39,2024-11-25,False
4987,Other,1966-01-01,Active,Salem,AR,28545,US,2015-07-04 03:39:47,2025-02-23,True
5270,Male,2005-12-16,Closed,Springfield,WY,46983,US,2020-04-23 22:19:19,2023-05-05,False
5532,Male,1996-03-02,Closed,Clinton,WY,73791,US,2017-06-21 05:02:34,2018-12-26,False
5713,Female,1995-08-16,Active,Chester,WV,79698,US,2024-02-15 03:09:54,2025-09-02,True
5798,Prefer Not To Say,1952-10-17,Inactive,Fort Lauderdale,FL,85983,US,2018-04-20 22:42:30,2021-04-16,False
5870,Female,1957-03-07,Inactive,Fairview,OR,28299,US,2021-05-10 22:16:23,2022-08-08,False
5947,Other,1992-12-22,Active,Clinton,AK,88004,US,2015-05-12 18:03:02,2025-06-09,True
6358,Female,1982-01-29,Active,Bristol,WV,15108,US,2018-04-30 12:53:09,2025-04-25,True
6761,Male,1962-01-21,Closed,Warren,MI,91866,US,2021-10-17 14:09:35,2024-09-25,False
6983,Female,1958-03-16,Active,Cleveland,OH,50448,US,2020-01-10 18:47:17,2025-07-23,True
7254,Female,1982-01-30,Active,Clinton,MS,90625,US,2020-12-09 22:15:13,2025-06-17,True
7449,Male,1963-01-11,Closed,Clinton,MT,15906,US,2023-03-24 20:11:33,2024-05-31,False
7885,Female,1991-06-15,Active,Savannah,GA,27237,US,2023-06-30 07:08:51,2025-05-07,True
8093,Male,1960-08-22,Active,Springfield,ID,38693,US,2015-10-16 20:34:45,2025-03-19,True
8118,Female,1998-01-20,Active,Los Angeles,CA,69048,US,2023-12-02 18:40:22,2025-06-15,True
8225,Other,1945-03-26,Inactive,Riverside,TN,57755,US,2017-08-17 00:59:03,2021-03-20,False
8861,Male,1974-03-13,Active,San Diego,CA,44004,US,2023-03-11 10:28:32,2025-08-19,True
8997,Male,1967-04-08,Inactive,Riverside,SK,,CA,2024-01-06 13:53:57,2025-05-26,False
9136,Male,2007-03-11,Active,Springfield,NH,58099,US,2020-10-25 04:32:43,2025-12-20,True
9151,Male,1952-05-21,Active,Joliet,IL,25687,US,2023-11-21 14:01:35,2025-10-22,True
9463,Female,1993-12-24,Inactive,Riverside,AR,88029,US,2020-07-06 01:38:31,2022-06-22,False
9922,Male,1967-01-17,Blocked,Aurora,CO,54284,US,2021-05-11 22:27:29,2025-11-21,False
145,Male,1961-05-14,Inactive,Las Vegas,NV,35736,US,2018-06-13 04:13:08,2019-04-30,False
493,Male,1971-02-12,Active,Jacksonville,FL,83323,US,2023-12-05 06:32:52,2025-06-09,True
560,Male,1983-02-20,Inactive,Franklin,NE,51274,US,2025-12-17 13:16:33,2025-12-25,False
946,Female,1944-11-18,Inactive,Chester,AR,78925,US,2023-04-12 05:29:20,2024-08-13,False
979,Female,1987-04-06,Inactive,Bristol,OK,20529,US,2022-01-13 09:12:46,2025-06-04,False
1249,Other,1950-01-14,Active,New York,NY,44115,US,2025-07-10 11:49:38,2025-12-19,True
1472,Male,1951-05-12,Inactive,Bristol,NB,,CA,2021-07-09 00:11:17,2022-03-13,False
1522,Female,1953-08-25,Active,Colorado Springs,CO,18370,US,2022-12-30 23:33:48,2024-12-25,True
1803,Male,1960-01-04,Inactive,Georgetown,CT,27022,US,2017-05-18 13:00:26,2025-12-23,False
2185,Female,1941-07-16,Blocked,Los Angeles,CA,15241,US,2016-04-27 01:16:28,2020-05-29,False
2397,Female,1974-10-04,Active,Fairview,WY,69921,US,2015-09-28 11:23:40,2025-06-14,True
2560,Female,1953-03-29,Active,Franklin,NU,,CA,2015-08-22 12:05:28,2025-07-13,True
2857,Female,1980-04-02,Inactive,Fairview,VA,12866,US,2024-07-21 06:04:09,2025-07-18,False
3381,Male,1979-09-20,Active,Salem,IN,47746,US,2020-04-07 00:49:22,2025-12-19,True
3910,Male,1961-01-29,Active,Bristol,MS,73016,US,2020-07-26 01:46:56,2025-03-24,True
4220,Prefer Not To Say,1980-04-18,Active,San Jose,CA,67591,US,2022-04-29 08:29:59,2025-09-28,True
5504,Male,1971-08-30,Closed,Riverside,VA,19439,US,2024-02-24 08:17:44,2024-07-11,False
5542,Male,2001-07-21,Active,Surrey,BC,,CA,2019-12-04 05:25:25,2025-03-22,True
5760,Male,1971-10-19,Active,Georgetown,DE,93959,US,2022-12-22 23:04:03,2025-09-05,True
5833,Male,1962-03-17,Blocked,Bristol,PE,,CA,2018-09-29 11:05:39,2024-02-22,False
6264,Female,1957-06-01,Active,Allentown,PA,83806,US,2017-06-22 16:14:41,2025-04-07,True
6472,Female,1961-02-18,Active,Riverside,RI,70913,US,2018-05-16 00:10:19,2025-09-05,True
6655,Male,1950-12-24,Closed,Bristol,MT,69755,US,2022-06-06 18:13:11,2022-07-04,False
7049,Male,1959-03-25,Active,Clinton,TN,76245,US,2024-12-25 01:38:19,2025-02-17,True
7279,Female,1951-01-02,Active,Rochester,NY,90775,US,2019-09-20 18:54:23,2025-10-05,True
7352,Female,1994-06-07,Active,Franklin,HI,61101,US,2025-02-10 17:50:26,2025-08-08,True
7740,Male,1985-08-19,Inactive,Bristol,IA,22398,US,2020-02-17 23:02:10,2024-06-19,False
7915,Female,1979-12-08,Active,Bristol,LA,52519,US,2018-09-10 01:06:01,2025-09-28,True
7970,Prefer Not To Say,1965-05-10,Active,Clinton,OR,80093,US,2015-04-30 03:53:57,2025-08-22,True
8394,Male,1969-04-10,Inactive,Denver,CO,35607,US,2018-05-10 11:11:08,2023-12-05,False
8659,Female,1977-10-16,Closed,Franklin,VA,57768,US,2016-02-22 22:52:32,2022-04-26,False
8992,Female,1993-02-18,Active,Riverside,MS,73114,US,2023-03-21 14:56:17,2025-07-02,True
9135,Prefer Not To Say,1974-12-12,Active,Bristol,AR,63193,US,2025-01-26 12:25:28,2025-11-10,True
9351,Other,1946-07-30,Active,Madison,ID,75945,US,2018-03-29 15:07:04,2025-03-14,True
9378,Female,1983-11-21,Active,Riverside,VT,55992,US,2020-08-12 21:33:09,2025-08-09,True
9601,Female,1955-03-03,Inactive,Chester,NE,47703,US,2015-12-20 00:22:10,2021-11-19,False
9672,Female,1964-03-18,Inactive,Springfield,ME,11437,US,2020-10-01 00:06:06,2024-01-09,False
9695,Female,1965-11-21,Active,Fairview,NH,41619,US,2021-08-26 05:52:20,2025-01-30,True
9781,Male,2008-07-19,Active,Bristol,CT,96759,US,2022-10-04 12:42:59,2025-01-23,True
60,Female,1948-06-15,Active,Riverside,OR,45112,US,2021-05-04 00:50:48,2025-09-03,True
198,Female,1995-06-04,Active,Madison,MN,26841,US,2021-01-13 16:13:44,2025-11-05,True
400,Female,1950-04-19,Active,Chester,ID,77460,US,2016-09-10 03:41:42,2025-03-18,True
455,Female,1981-07-30,Active,Clinton,LA,65765,US,2025-01-29 02:29:00,2025-07-09,True
702,Male,2001-03-12,Inactive,Springfield,AL,71440,US,2020-10-15 17:54:41,2025-01-30,False
842,Male,1955-06-21,Active,Chester,YT,,CA,2018-09-15 06:06:08,2025-02-26,True
908,Male,2004-09-18,Active,Salem,NM,41277,US,2017-11-01 00:53:53,2025-07-07,True
936,Female,1985-05-24,Inactive,Madison,MT,17457,US,2020-06-08 19:27:26,2020-09-18,False
974,Male,1951-03-17,Active,Clinton,NE,13185,US,2020-01-09 00:19:11,2024-12-29,True
1255,Female,1989-06-22,Active,Tampa,FL,65303,US,2023-08-22 04:15:43,2025-04-04,True
1618,Male,1963-01-21,Active,Winston-Salem,NC,15872,US,2023-09-13 21:22:21,2025-10-12,True
1776,Male,1978-03-16,Active,Georgetown,ND,76683,US,2024-08-13 07:47:55,2025-04-15,True
1821,Female,1985-05-09,Closed,Bristol,NM,97301,US,2018-12-17 00:09:32,2024-02-03,False
2272,Female,1961-01-19,Active,New York,NY,84567,US,2022-04-29 05:40:21,2025-10-25,True
2425,Male,2007-07-03,Active,Columbus,OH,19798,US,2025-03-24 10:20:21,2025-09-24,True
2441,Female,1948-07-09,Active,Fairview,NH,39741,US,2016-03-21 18:36:18,2025-04-19,True
2626,Female,2002-11-05,Active,Madison,ID,44106,US,2022-04-03 00:39:52,2025-11-05,True
2770,Male,1973-02-13,Closed,Fairview,PE,,CA,2021-02-06 08:56:23,2021-12-06,False
2966,Female,1990-05-31,Active,Riverside,KS,24927,US,2022-05-13 04:55:00,2025-08-11,True
3316,Female,1995-05-04,Active,Tucson,AZ,58859,US,2024-01-09 08:09:54,2025-01-08,True
4097,Female,1969-02-22,Active,Fort Lauderdale,FL,43339,US,2022-03-05 18:01:46,2025-04-07,True
4300,Female,2000-09-11,Active,Riverside,RI,17772,US,2015-11-22 14:21:53,2025-02-27,True
4801,Male,1963-10-01,Active,Vancouver,WA,24233,US,2024-06-04 23:11:59,2025-12-19,True
5053,Male,1968-01-28,Inactive,Bristol,NM,40349,US,2017-02-16 14:18:45,2025-07-21,False
5589,Male,2005-01-31,Active,Springfield,NH,30988,US,2024-11-04 01:48:50,2025-07-07,True
5813,Male,1949-12-24,Closed,Bristol,DE,80974,US,2019-02-11 11:42:13,2019-09-08,False
6048,Male,1988-05-06,Active,Cincinnati,OH,47140,US,2015-12-27 04:07:46,2025-10-09,True
6508,Female,1948-06-30,Active,Salem,IA,74726,US,2017-07-31 11:32:18,2024-12-31,True
6522,Male,1990-04-23,Active,Durham,NC,92694,US,2016-10-06 09:35:52,2025-07-23,True
6573,Other,1975-06-25,Inactive,Madison,OK,75483,US,2020-10-28 20:41:04,2025-06-06,False
6687,Female,1999-08-10,Inactive,Chester,CT,56563,US,2019-11-18 12:05:44,2022-06-14,False
7056,Male,1961-04-07,Active,Franklin,OR,45859,US,2021-10-28 02:47:16,2025-09-03,True
7061,Female,1987-12-09,Active,Spokane,WA,55123,US,2024-06-08 08:33:27,2025-01-30,True
7134,Male,1955-05-07,Active,Salem,ME,17193,US,2023-02-07 04:53:13,2025-07-08,True
7309,Other,1952-03-12,Active,Riverside,NJ,67459,US,2022-06-20 23:20:00,2025-06-26,True
7600,Other,1946-07-04,Active,Madison,OK,16291,US,2025-11-02 20:39:16,2025-12-07,True
7951,Female,1951-03-20,Active,Longueuil,QC,,CA,2015-11-16 18:34:24,2025-03-23,True
8046,Female,1997-09-03,Active,Riverside,WI,72436,US,2020-08-07 15:11:39,2025-10-06,True
8106,Male,1995-11-07,Active,Franklin,NJ,21461,US,2022-05-20 18:01:37,2025-10-22,True
8210,Female,1954-07-22,Inactive,Bristol,OK,99495,US,2020-12-22 05:24:49,2024-10-14,False
8801,Other,1946-08-07,Active,Chester,CT,79133,US,2016-09-14 18:00:33,2025-08-08,True
8988,Male,1992-08-05,Active,Franklin,AK,80342,US,2018-08-16 23:34:48,2025-09-29,True
9005,Male,2005-05-05,Blocked,Bristol,TN,47026,US,2018-06-04 06:11:02,2022-03-11,False
9026,Male,1976-08-16,Inactive,Chester,KS,34914,US,2022-04-26 23:18:40,2024-05-01,False
9071,Female,1996-01-11,Active,Miami,FL,48148,US,2025-06-25 18:55:51,2025-06-29,True
9273,Female,1947-01-18,Active,Fairview,ME,15612,US,2015-09-27 14:11:35,2025-08-01,True
9307,Female,1962-08-24,Active,Joliet,IL,48083,US,2020-04-12 23:59:25,2025-04-08,True
9363,Male,1944-11-14,Active,San Diego,CA,67609,US,2017-04-25 04:27:00,2025-12-08,True
9520,Female,2002-06-21,Active,Akron,OH,61492,US,2021-12-02 12:38:34,2025-04-01,True
187,Other,1980-11-06,Active,Chester,IN,17087,US,2023-04-16 10:08:17,2025-07-16,True
236,Female,1972-08-09,Active,Fairview,ID,76450,US,2022-05-10 23:36:21,2025-05-04,True
249,Female,1944-08-09,Active,Madison,NJ,24367,US,2025-10-06 17:34:51,2025-11-30,True
325,Male,1996-07-05,Active,Springfield,SC,31023,US,2021-10-08 18:48:17,2025-03-18,True
389,Male,1991-05-10,Active,Madison,IA,80073,US,2018-10-16 03:24:09,2025-10-04,True
566,Male,1987-10-23,Active,San Jose,CA,55583,US,2017-04-07 21:12:10,2025-05-27,True
685,Male,2004-05-08,Active,Springfield,KY,29974,US,2023-11-22 15:13:03,2025-10-22,True
989,Female,2003-05-18,Active,Fairview,SD,39267,US,2016-09-15 07:37:05,2025-05-25,True
1005,Male,1955-11-01,Active,Springfield,KS,54861,US,2023-09-29 23:48:13,2025-10-31,True
1015,Male,1967-03-02,Inactive,Henderson,NV,81767,US,2016-01-11 12:08:59,2024-07-07,False
1100,Other,1969-09-29,Active,Georgetown,OK,53411,US,2024-03-12 06:48:18,2025-03-24,True
1213,Female,1963-07-02,Active,Georgetown,WY,79298,US,2025-02-09 10:42:17,2025-02-25,True
1301,Male,1986-07-07,Active,Franklin,OR,41435,US,2022-07-08 20:12:05,2025-11-27,True
1985,Prefer Not To Say,1977-08-03,Blocked,Colorado Springs,CO,33963,US,2016-09-12 07:03:11,2025-06-19,False
2593,Male,1986-10-15,Blocked,Madison,MS,50981,US,2017-06-17 19:19:10,2022-12-26,False
2624,Female,1953-10-27,Active,Fairview,ME,72367,US,2024-09-16 04:11:46,2025-07-25,True
2678,Male,1982-12-23,Inactive,Fairview,NS,,CA,2018-01-05 13:52:41,2019-10-28,False
2680,Female,1966-10-19,Blocked,Boston,MA,42015,US,2022-01-02 17:17:42,2023-05-15,False
3194,Male,2004-08-06,Active,Madison,MS,99952,US,2025-06-26 17:44:05,2025-10-27,True
3512,Female,1996-05-09,Active,Clinton,VA,55037,US,2021-06-27 03:57:05,2025-02-10,True
3667,Male,1979-11-03,Active,Springfield,SC,89466,US,2017-10-15 00:18:03,2025-07-02,True
4076,Male,1966-01-16,Active,Riverside,UT,45059,US,2016-08-21 23:36:23,2025-11-11,True
4176,Male,1963-05-19,Active,Franklin,ND,84197,US,2016-11-06 00:46:58,2025-03-25,True
4240,Male,1941-12-20,Closed,Salem,VT,37010,US,2016-03-17 22:30:47,2023-01-21,False
4319,Other,1964-06-30,Active,Fairview,NM,66870,US,2018-10-29 20:54:54,2025-05-15,True
4486,Male,1967-02-05,Active,Victoria,BC,,CA,2019-11-19 13:44:36,2025-02-16,True
5165,Male,1965-09-24,Active,Springfield,VA,27326,US,2017-03-05 05:49:09,2025-11-08,True
5918,Prefer Not To Say,1975-12-17,Active,Savannah,GA,90475,US,2022-05-05 05:45:47,2025-04-28,True
6035,Male,1992-03-26,Active,Chester,VA,47426,US,2015-10-05 06:08:08,2025-08-06,True
6631,Male,1961-10-21,Closed,Quebec City,QC,,CA,2015-06-18 01:35:55,2019-03-28,False
6861,Female,1995-03-02,Inactive,Salem,RI,19698,US,2023-05-15 14:47:43,2025-04-13,False
7122,Male,1956-04-10,Active,Franklin,ID,72223,US,2025-10-22 21:46:46,2025-10-25,True
7313,Female,1994-11-21,Active,Fort Worth,TX,56741,US,2016-08-22 17:50:43,2025-06-16,True
7416,Female,1956-11-28,Active,Lethbridge,AB,,CA,2021-03-18 01:16:10,2025-10-07,True
7574,Female,1976-07-26,Active,Riverside,HI,80414,US,2016-04-16 10:22:34,2025-12-02,True
7845,Male,1967-09-17,Inactive,Bristol,AR,73332,US,2021-08-16 09:28:34,2022-10-14,False
7961,Female,1995-02-10,Active,Riverside,LA,82266,US,2015-09-10 17:09:43,2025-06-17,True
8089,Female,1960-12-03,Active,Orlando,FL,75423,US,2017-05-05 07:11:59,2025-07-15,True
8419,Male,1951-10-12,Inactive,Fairview,WI,28223,US,2023-06-04 13:54:14,2024-08-28,False
8478,Male,1979-08-07,Active,Salem,NT,,CA,2023-07-16 23:43:07,2025-11-04,True
8886,Male,2007-05-18,Active,Franklin,NE,30218,US,2024-08-21 18:35:53,2025-07-08,True
8901,Female,1981-05-01,Active,Bristol,NE,69966,US,2019-11-09 02:09:48,2025-10-19,True
9059,Prefer Not To Say,1955-09-02,Active,Springfield,OK,94127,US,2021-06-27 06:39:17,2025-05-11,True
9117,Male,2006-02-01,Active,Reading,PA,72594,US,2024-09-20 01:09:14,2025-04-14,True
9419,Female,1943-04-18,Active,Salem,NB,,CA,2017-06-18 16:44:34,2025-02-07,True
9519,Female,2004-01-02,Active,Salem,WY,93189,US,2017-05-01 10:29:17,2025-09-08,True
9542,Prefer Not To Say,1981-07-11,Active,Fairview,IA,80043,US,2025-10-23 18:59:41,2025-12-12,True
7452,Male,2000-08-09,Active,Chester,AK,80055,US,2019-11-21 14:57:47,2025-01-20,True
235,Female,1996-01-05,Active,Bristol,NM,48015,US,2022-08-22 14:54:42,2025-02-12,True
574,Male,1959-03-27,Active,Springfield,MN,23611,US,2021-10-12 14:39:32,2025-07-29,True
897,Female,1961-10-24,Active,Fort Collins,CO,53642,US,2022-04-24 07:05:48,2025-07-05,True
1212,Male,1986-05-21,Active,Georgetown,NM,75884,US,2019-11-12 19:52:24,2025-12-20,True
1582,Female,1955-05-20,Active,Bristol,RI,31271,US,2025-01-08 17:39:34,2025-11-16,True
2163,Female,1958-10-03,Active,Ottawa,ON,,CA,2024-09-17 08:31:52,2025-08-11,True
2230,Other,1994-04-08,Inactive,Bristol,VA,24208,US,2015-08-10 12:20:37,2018-03-07,False
2247,Female,1987-12-29,Active,Salem,NB,,CA,2017-11-16 14:35:12,2025-07-02,True
2298,Male,1981-05-26,Closed,Madison,LA,76299,US,2023-07-20 15:44:05,2024-01-04,False
2466,Female,2004-05-26,Closed,Madison,MO,80558,US,2022-12-29 10:40:58,2023-07-17,False
2715,Male,1963-07-26,Active,Augusta,GA,84181,US,2020-05-19 13:33:19,2025-10-11,True
2938,Female,2007-05-02,Active,Greensboro,NC,84016,US,2021-06-15 18:14:50,2025-01-10,True
3013,Female,1986-01-27,Active,Fairview,RI,14574,US,2017-11-16 18:57:08,2025-03-23,True
3016,Male,2000-06-29,Closed,Buffalo,NY,27936,US,2024-05-30 04:37:15,2024-09-02,False
4460,Female,1945-07-26,Active,Salem,SK,,CA,2020-12-04 12:03:14,2025-11-30,True
4502,Female,1983-04-27,Inactive,Bristol,TN,86934,US,2024-08-02 21:37:01,2025-09-15,False
4678,Prefer Not To Say,1961-02-10,Inactive,Fairview,NB,,CA,2023-10-26 06:50:49,2025-05-30,False
5175,Male,1962-05-03,Active,Henderson,NV,80065,US,2025-06-21 09:58:15,2025-07-16,True
5539,Male,1990-07-19,Active,Chester,AR,94501,US,2015-11-29 07:19:53,2025-10-28,True
5691,Female,1961-01-24,Inactive,Tucson,AZ,48087,US,2016-03-18 22:02:59,2020-09-17,False
5835,Male,1979-03-24,Active,Fairview,NJ,40699,US,2024-05-01 09:50:41,2025-10-26,True
6133,Female,1967-04-17,Closed,Franklin,WV,97446,US,2024-07-20 11:58:53,2025-01-27,False
6628,Female,2012-04-24,Closed,Franklin,ME,59968,US,2025-08-09 01:46:03,2025-09-28,False
6843,Male,2006-08-27,Active,Fort Collins,CO,14595,US,2020-09-30 19:21:43,2025-06-29,True
6893,Female,1964-10-26,Active,Bristol,NS,,CA,2024-02-28 14:09:44,2025-05-01,True
6928,Female,1973-05-10,Blocked,Franklin,WY,72097,US,2021-08-20 10:26:59,2024-09-04,False
7008,Male,1941-11-12,Closed,Madison,SD,68047,US,2018-01-19 05:25:03,2021-08-01,False
7023,Other,1992-08-03,Inactive,Sacramento,CA,18391,US,2025-02-20 06:05:07,2025-08-20,False
7412,Male,1980-10-28,Active,Madison,MD,54924,US,2022-08-07 17:24:50,2025-07-07,True
7433,Male,1963-03-03,Active,Chester,KY,84557,US,2016-12-10 02:16:25,2025-02-08,True
7719,Other,1992-05-29,Active,Bristol,RI,92469,US,2017-10-24 16:43:11,2025-11-21,True
8017,Prefer Not To Say,2010-02-02,Active,Fairview,OR,79958,US,2024-04-02 17:31:33,2025-01-10,True
8624,Male,1958-06-18,Inactive,San Antonio,TX,30138,US,2025-03-08 23:23:50,2025-06-14,False
8703,Female,1983-05-24,Inactive,Salem,NT,,CA,2022-07-24 17:13:20,2024-08-05,False
8738,Male,1969-02-03,Active,Fairview,SD,75943,US,2020-07-29 15:44:16,2025-08-25,True
8970,Male,1969-08-30,Active,Pittsburgh,PA,54854,US,2025-08-07 01:38:06,2025-12-12,True
9093,Male,1972-01-08,Active,Chester,VT,81153,US,2015-01-06 01:05:20,2025-08-07,True
9219,Male,1968-05-04,Active,Salem,MS,27886,US,2022-02-13 06:03:53,2025-10-02,True
9311,Prefer Not To Say,1948-12-08,Active,Madison,NE,22595,US,2021-08-11 13:35:26,2025-08-04,True
9635,Other,1960-01-17,Active,Fairview,DE,30588,US,2020-11-24 03:06:41,2025-03-10,True
9639,Female,1968-04-16,Inactive,Madison,PE,,CA,2021-10-30 09:26:24,2022-10-04,False
3,Male,1978-11-30,Active,Seattle,WA,99353,US,2021-09-08 02:24:24,2025-02-22,True
8,Female,1947-07-20,Closed,Fairview,MD,95717,US,2015-02-08 14:39:36,2016-03-23,False
234,Male,1977-03-10,Blocked,Georgetown,VT,17977,US,2022-07-07 00:29:51,2025-06-01,False
316,Male,1946-11-20,Inactive,Madison,SK,,CA,2019-06-17 21:24:01,2019-11-17,False
385,Female,1990-07-26,Active,Fairview,SC,75776,US,2015-10-06 22:36:48,2025-01-01,True
444,Female,1959-08-05,Active,Riverside,WV,76277,US,2024-11-21 16:39:57,2025-06-11,True
652,Female,1958-10-18,Active,Springfield,LA,39161,US,2016-03-04 08:51:51,2025-06-26,True
654,Male,1945-09-17,Inactive,Madison,ND,96978,US,2015-05-30 08:39:01,2017-04-26,False
692,Female,2004-11-15,Closed,Mesa,AZ,13954,US,2025-08-31 02:58:30,2025-09-10,False
713,Female,1941-07-01,Active,Bristol,LA,66401,US,2020-11-04 17:02:13,2025-07-09,True
820,Male,1985-12-30,Active,Fairview,NS,,CA,2019-12-17 05:16:28,2025-09-11,True
1683,Male,1995-06-26,Blocked,Franklin,WI,90364,US,2016-08-18 17:03:24,2019-04-30,False
1747,Other,1993-05-22,Active,Chester,NE,36100,US,2015-08-13 01:56:55,2025-05-03,True
1881,Female,1986-04-14,Active,Fairview,DE,61282,US,2016-10-21 02:29:16,2025-07-31,True
2131,Other,1957-09-24,Active,Chester,AL,97073,US,2017-05-29 12:18:40,2025-07-06,True
2293,Male,1958-10-23,Active,Fort Worth,TX,78604,US,2021-06-19 13:26:34,2025-04-23,True
2307,Male,1954-07-04,Inactive,Bristol,MN,94755,US,2019-12-30 15:09:23,2023-02-12,False
2437,Male,1950-07-31,Inactive,Georgetown,SD,48714,US,2017-02-07 11:23:49,2025-09-01,False
2542,Male,1982-02-18,Active,Bristol,KY,85662,US,2021-04-28 05:18:58,2025-11-05,True
2552,Female,1951-12-13,Active,Springfield,VA,35415,US,2025-02-24 17:56:23,2025-05-25,True
2746,Male,1949-03-31,Active,Salem,VA,93193,US,2024-06-12 07:23:24,2025-06-16,True
3153,Female,1967-01-29,Closed,Reno,NV,36631,US,2018-08-20 23:41:10,2024-01-13,False
3246,Male,1955-04-12,Closed,Springfield,WI,15023,US,2016-02-03 19:12:07,2017-06-08,False
3588,Female,1990-03-30,Active,Georgetown,WI,87040,US,2023-03-10 18:53:59,2025-01-02,True
3637,Prefer Not To Say,1965-01-27,Active,Fairview,NE,43655,US,2017-11-20 10:02:34,2025-07-05,True
3716,Male,1963-06-04,Active,Naperville,IL,41150,US,2020-12-16 20:15:19,2025-06-15,True
3805,Male,1995-11-28,Inactive,Quebec City,QC,,CA,2020-04-20 14:46:27,2020-05-20,False
3873,Female,1975-08-10,Active,Boston,MA,98124,US,2018-01-31 15:53:39,2025-09-21,True
4056,Male,1956-01-09,Closed,Tucson,AZ,66418,US,2023-12-31 01:49:06,2025-03-16,False
4142,Female,1976-01-01,Active,Chester,AR,73590,US,2022-10-17 09:11:05,2025-01-02,True
4350,Female,1962-08-08,Active,Detroit,MI,50029,US,2021-06-06 16:37:57,2025-02-26,True
4504,Male,2010-01-29,Active,Chester,NJ,84869,US,2025-05-03 22:17:14,2025-09-05,True
4865,Other,1941-06-02,Active,Clinton,RI,11971,US,2020-10-15 09:59:04,2025-03-02,True
4969,Female,1976-04-12,Active,Salem,NL,,CA,2017-01-17 20:16:00,2025-01-31,True
5828,Female,1993-12-04,Active,Bristol,YT,,CA,2021-07-27 11:00:04,2025-07-02,True
6162,Male,1954-11-10,Active,Riverside,NJ,53533,US,2022-03-27 08:20:34,2025-10-24,True
6327,Male,1998-07-02,Closed,Georgetown,MS,66325,US,2015-05-11 00:24:49,2022-12-15,False
6403,Female,2000-05-05,Inactive,Seattle,WA,42964,US,2015-07-09 07:33:52,2024-10-02,False
6645,Female,1979-07-18,Active,Madison,VT,82777,US,2017-01-06 07:48:18,2025-11-07,True
6684,Female,1970-12-03,Blocked,Salem,OR,17201,US,2022-03-01 20:25:14,2024-01-10,False
6740,Prefer Not To Say,1950-01-26,Active,Riverside,KS,59517,US,2024-02-22 01:34:21,2025-04-24,True
6812,Male,1967-04-15,Active,Las Vegas,NV,55705,US,2017-01-30 09:54:29,2025-01-10,True
6955,Male,1988-09-23,Active,Bristol,YT,,CA,2022-09-11 07:43:33,2025-08-01,True
7232,Female,1989-08-19,Active,Georgetown,MD,42726,US,2015-02-22 19:29:33,2025-09-19,True
7238,Male,1943-03-28,Active,Madison,WY,66919,US,2024-04-07 03:37:02,2025-07-07,True
7272,Male,1945-11-17,Active,San Francisco,CA,57924,US,2021-10-24 22:55:27,2025-07-12,True
7598,Female,1996-06-24,Inactive,Riverside,UT,75225,US,2022-07-03 13:54:37,2024-07-16,False
7748,Female,1944-01-31,Active,Clinton,DE,73771,US,2021-04-16 00:09:29,2025-11-17,True
8000,Male,1973-05-31,Active,Springfield,SD,34592,US,2025-02-05 17:36:18,2025-09-08,True
8138,Female,1949-10-29,Active,Los Angeles,CA,78716,US,2015-12-30 00:05:28,2025-01-02,True
9469,Female,1986-07-12,Active,Fairview,NT,,CA,2015-12-06 16:40:13,2025-07-31,True
9510,Female,1963-11-04,Active,Franklin,TN,28791,US,2020-05-22 04:54:16,2025-01-01,True
9651,Male,1965-03-01,Active,Madison,MS,44288,US,2021-06-12 21:15:23,2025-11-02,True
449,Female,1941-02-04,Closed,Joliet,IL,80957,US,2017-05-21 01:43:22,2021-10-05,False
589,Female,1989-05-13,Active,Clinton,RI,62633,US,2025-12-15 18:24:37,2025-12-17,True
593,Male,1990-10-26,Active,Fairview,WY,16047,US,2017-10-27 10:14:06,2025-07-17,True
626,Male,1987-05-07,Active,Madison,MT,90577,US,2019-06-05 17:03:42,2025-07-24,True
980,Male,1973-08-20,Active,Franklin,KY,68861,US,2021-07-05 11:22:00,2025-03-13,True
1373,Female,1997-02-10,Inactive,Fort Worth,TX,32684,US,2020-12-15 02:22:56,2025-03-11,False
1509,Male,2005-02-13,Active,Salem,NT,,CA,2021-07-04 12:16:57,2025-06-26,True
1583,Male,1959-08-17,Active,Franklin,SD,50625,US,2021-02-23 17:05:32,2025-04-18,True
2107,Female,2000-10-12,Active,Georgetown,AL,31501,US,2018-01-02 15:07:13,2025-06-02,True
2222,Female,1999-09-28,Closed,Sacramento,CA,21711,US,2018-05-30 23:05:54,2023-01-25,False
2744,Female,1996-10-12,Active,Los Angeles,CA,40660,US,2021-06-06 10:12:39,2025-03-10,True
2750,Male,1971-05-07,Inactive,Sparks,NV,55512,US,2019-01-04 00:40:01,2021-04-28,False
3192,Female,1956-06-15,Active,Madison,CT,94241,US,2022-07-15 17:50:05,2025-11-02,True
3245,Male,1984-11-26,Active,Georgetown,KY,76604,US,2019-09-17 05:37:55,2025-10-10,True
3331,Female,1999-03-13,Active,Franklin,ME,84164,US,2022-03-13 16:10:13,2025-05-01,True
3507,Prefer Not To Say,1967-01-07,Blocked,Cleveland,OH,29042,US,2019-03-11 06:46:50,2020-10-25,False
3551,Female,1969-01-21,Inactive,Fairview,WY,57727,US,2015-05-26 09:33:31,2021-01-06,False
4297,Female,1980-06-16,Active,Franklin,MO,65204,US,2025-09-27 19:06:20,2025-12-09,True
4461,Female,1994-09-04,Active,Bristol,MS,12876,US,2017-07-26 19:16:42,2025-11-22,True
4470,Male,2001-08-04,Inactive,Franklin,AL,55203,US,2017-08-13 13:17:17,2018-10-22,False
4653,Male,1997-03-25,Inactive,Fairview,AR,59983,US,2024-05-31 12:34:28,2024-10-04,False
5132,Male,1960-01-27,Active,Madison,VT,89851,US,2021-09-03 04:07:11,2025-08-23,True
5730,Female,1955-10-27,Closed,Fort Worth,TX,21600,US,2021-03-01 16:50:39,2024-07-25,False
5782,Male,1969-03-05,Active,Bristol,PE,,CA,2021-09-22 14:51:16,2025-09-09,True
5796,Male,1981-05-02,Active,Bristol,MO,65234,US,2018-12-22 22:58:05,2024-12-30,True
5826,Female,1986-03-22,Active,Fairview,KS,33206,US,2018-01-10 16:13:29,2025-08-01,True
5904,Female,1965-08-09,Active,Springfield,WV,93536,US,2023-06-24 12:32:33,2025-06-15,True
6143,Male,1955-06-28,Closed,Franklin,NJ,82924,US,2018-02-14 18:30:46,2024-03-14,False
6167,Male,1957-05-26,Active,Bristol,SK,,CA,2018-12-14 16:35:04,2025-01-16,True
6281,Male,1999-09-10,Active,Bellevue,WA,83546,US,2021-02-17 09:19:36,2025-09-26,True
6283,Male,1978-07-27,Active,Fairview,AK,78899,US,2023-03-26 23:27:03,2025-03-10,True
6394,Female,1982-10-15,Inactive,Georgetown,MB,,CA,2023-04-06 19:49:10,2025-05-18,False
6442,Female,1997-06-30,Active,Bristol,WY,57186,US,2017-07-18 01:44:24,2024-12-28,True
6619,Male,1986-07-03,Active,Bristol,OR,85890,US,2024-12-20 14:08:25,2025-02-14,True
6881,Female,1969-07-27,Active,Clinton,ME,32696,US,2022-04-16 00:56:15,2025-10-22,True
6976,Female,1999-11-25,Active,Atlanta,GA,93258,US,2025-01-24 11:46:23,2025-09-23,True
8107,Female,1963-05-25,Closed,Philadelphia,PA,62797,US,2022-08-30 16:33:30,2024-04-04,False
8474,Female,1980-04-05,Active,Madison,OK,52918,US,2016-10-13 22:23:12,2025-08-31,True
8613,Male,2006-06-13,Active,Chester,LA,84980,US,2024-12-01 15:20:58,2025-02-13,True
8683,Male,1992-11-09,Closed,Albany,NY,99527,US,2017-01-29 17:40:47,2018-07-31,False
8929,Female,1971-09-30,Active,Madison,AR,99279,US,2018-02-18 15:18:45,2025-09-07,True
9428,Female,1994-05-01,Active,Chester,ME,10328,US,2019-07-24 04:18:35,2025-12-21,True
9455,Male,1971-07-29,Inactive,Boulder,CO,39168,US,2015-10-27 04:41:51,2019-07-26,False
9753,Female,1981-06-20,Active,Riverside,IN,94598,US,2015-09-28 09:02:26,2025-07-13,True
9912,Male,1957-02-04,Active,Franklin,NU,,CA,2024-11-20 09:16:29,2025-05-30,True
9932,Male,1952-01-19,Closed,Madison,SC,97003,US,2025-05-04 23:14:31,2025-09-29,False
7,Prefer Not To Say,1946-07-05,Active,Riverside,ID,87992,US,2023-05-22 10:03:03,2025-03-01,True
162,Male,2005-01-05,Active,Reading,PA,98954,US,2022-11-05 13:54:31,2025-03-04,True
227,Male,1985-05-05,Active,Cambridge,MA,39667,US,2021-11-13 01:25:19,2025-01-02,True
263,Female,1949-08-20,Inactive,Sparks,NV,61622,US,2019-05-07 04:20:48,2020-11-03,False
302,Male,1977-06-12,Active,Rockford,IL,57633,US,2019-09-21 13:29:46,2025-05-08,True
315,Male,1955-05-08,Active,Springfield,MD,25738,US,2016-02-03 01:23:13,2025-01-28,True
374,Male,1985-01-20,Active,Franklin,WV,58343,US,2016-08-13 15:54:44,2025-09-03,True
555,Male,1977-06-22,Active,Georgetown,WY,10994,US,2019-04-16 19:13:30,2025-12-23,True
561,Female,2004-01-13,Active,Franklin,AL,29312,US,2017-04-08 19:28:37,2025-09-06,True
742,Female,1946-08-08,Active,Georgetown,ID,47207,US,2020-09-10 22:08:42,2025-10-08,True
891,Male,1990-09-15,Blocked,Springfield,OK,57784,US,2016-01-06 22:56:37,2024-11-01,False
1215,Female,1974-11-25,Closed,Cleveland,OH,37047,US,2015-11-06 16:46:58,2019-04-30,False
1231,Female,1983-03-23,Active,Dallas,TX,81037,US,2017-01-05 06:17:00,2025-07-05,True
1282,Female,1969-10-23,Inactive,Chester,OR,36138,US,2020-11-30 03:58:17,2024-09-01,False
1617,Male,2005-01-20,Active,Salem,AR,43735,US,2019-01-18 00:15:02,2025-09-08,True
2005,Other,2007-08-16,Active,Fairview,NE,48687,US,2021-04-29 05:41:08,2025-05-23,True
2140,Female,1948-06-01,Active,Chester,IN,13792,US,2015-10-10 15:38:11,2025-01-30,True
2306,Male,1996-05-16,Active,Raleigh,NC,74960,US,2019-01-21 00:18:05,2025-03-12,True
2325,Other,1943-07-30,Closed,Chester,NE,48000,US,2024-05-10 22:36:03,2024-08-02,False
2584,Male,1946-11-22,Inactive,Fairview,DE,41233,US,2016-06-24 13:47:17,2019-02-06,False
2914,Male,1988-04-28,Active,Buffalo,NY,76530,US,2019-04-24 14:43:51,2025-10-27,True
3440,Male,1993-10-17,Active,Chester,NB,,CA,2016-09-05 17:50:32,2025-09-28,True
3491,Male,1991-10-28,Active,Riverside,AK,71525,US,2016-12-26 13:36:58,2025-01-21,True
3655,Female,1956-09-20,Active,Madison,AR,68087,US,2025-04-26 14:38:08,2025-06-05,True
4072,Female,1971-08-03,Active,San Antonio,TX,27763,US,2020-07-03 02:01:27,2025-12-17,True
4092,Female,1984-10-30,Inactive,Sterling Heights,MI,36483,US,2017-05-24 23:41:57,2018-10-07,False
4096,Male,1985-05-01,Inactive,Detroit,MI,64984,US,2019-02-15 10:25:14,2020-03-08,False
4217,Female,1988-02-19,Active,Bristol,HI,81162,US,2015-09-27 23:47:11,2025-02-14,True
4674,Female,1984-09-07,Active,Ottawa,ON,,CA,2024-05-30 11:33:10,2025-01-29,True
4698,Male,1952-01-07,Inactive,Georgetown,WV,79574,US,2015-11-28 17:45:27,2020-06-16,False
4713,Other,1969-02-23,Active,Longueuil,QC,,CA,2021-10-24 08:08:16,2025-05-23,True
4802,Female,1956-08-16,Active,Franklin,MT,77603,US,2022-03-27 17:47:19,2025-10-27,True
5265,Female,1999-04-14,Active,Salem,WY,46723,US,2016-07-20 03:59:56,2025-02-26,True
5350,Other,1988-07-30,Active,Salem,PE,,CA,2018-12-05 09:20:53,2025-10-03,True
5595,Female,1946-08-05,Active,Clinton,LA,47228,US,2016-04-22 12:01:21,2025-05-31,True
5677,Female,1959-09-28,Active,Riverside,LA,92904,US,2022-11-11 07:30:06,2025-02-24,True
5846,Male,1985-01-04,Active,Clinton,OR,54809,US,2025-01-07 00:31:22,2025-11-03,True
6018,Male,1967-03-12,Inactive,Springfield,PE,,CA,2015-11-03 09:03:05,2018-08-24,False
6063,Female,1972-06-15,Active,Springfield,MO,43867,US,2023-04-12 19:02:07,2025-09-07,True
6120,Male,1959-03-30,Active,Riverside,PE,,CA,2025-10-18 20:13:58,2025-11-08,True
6303,Male,2001-01-01,Active,Springfield,AL,46340,US,2016-01-03 17:43:20,2025-11-20,True
6536,Female,1996-10-16,Active,Chester,CT,87007,US,2016-05-15 11:49:23,2025-12-15,True
6637,Female,1983-08-30,Active,Georgetown,NB,,CA,2022-03-20 21:12:33,2025-02-15,True
6914,Male,1984-11-11,Active,Tampa,FL,99614,US,2018-02-18 04:45:33,2025-07-28,True
7280,Female,1952-07-24,Inactive,Clinton,MN,97624,US,2023-03-24 07:57:04,2024-07-29,False
7356,Other,1998-09-08,Active,Phoenix,AZ,68227,US,2015-11-25 11:41:50,2025-11-23,True
7399,Prefer Not To Say,1988-12-24,Active,Springfield,YT,,CA,2023-07-09 01:19:14,2025-12-01,True
7495,Male,2006-03-04,Active,Madison,VA,80368,US,2023-07-02 21:02:13,2025-09-11,True
7991,Female,1980-04-10,Inactive,Vancouver,BC,,CA,2020-04-19 23:29:16,2022-12-03,False
8267,Male,2000-04-26,Active,Fairview,UT,25894,US,2019-04-15 13:32:55,2025-08-25,True
8676,Male,1998-01-15,Active,Franklin,MS,90740,US,2022-11-17 21:47:06,2025-07-18,True
9105,Female,1955-09-15,Active,Los Angeles,CA,28006,US,2015-04-16 11:33:10,2025-11-12,True
9183,Other,1982-01-20,Active,Charlotte,NC,27853,US,2020-03-20 22:27:27,2025-07-26,True
9425,Male,1941-11-26,Inactive,Riverside,MT,87910,US,2016-12-08 03:39:55,2021-05-13,False
9496,Male,1994-02-21,Active,Franklin,VT,45000,US,2017-02-07 09:48:21,2025-10-24,True
14,Male,1964-05-18,Active,Clinton,MN,95215,US,2019-04-02 10:13:29,2025-07-10,True
59,Male,1956-07-08,Blocked,Franklin,DE,58929,US,2024-02-16 21:45:51,2024-12-17,False
1739,Male,1998-11-30,Active,Springfield,DE,85978,US,2024-06-17 19:23:39,2025-11-30,True
1788,Female,1946-06-14,Inactive,Fairview,AL,24814,US,2025-05-17 15:38:15,2025-11-11,False
1817,Male,1988-12-06,Active,Chicago,IL,66551,US,2023-05-17 23:53:46,2025-03-02,True
1904,Female,1988-06-17,Active,Albany,NY,31891,US,2025-02-11 14:44:31,2025-07-01,True
2043,Male,1985-05-10,Active,Salem,OR,42785,US,2015-02-22 14:40:33,2025-10-13,True
2171,Other,1994-11-15,Active,Georgetown,OR,62684,US,2017-07-04 08:52:45,2025-10-23,True
2215,Male,1944-09-06,Active,Fairview,VA,15077,US,2020-04-17 18:02:11,2025-02-13,True
2649,Male,1961-08-24,Active,Chester,UT,62635,US,2025-11-17 00:39:42,2025-12-18,True
2886,Male,1975-10-06,Closed,Fairview,LA,75145,US,2024-07-25 01:06:56,2024-11-12,False
2985,Female,1993-12-23,Active,Chester,RI,86631,US,2024-08-09 04:58:07,2025-09-13,True
3051,Male,1948-09-23,Active,Aurora,CO,81863,US,2025-03-11 17:40:16,2025-06-26,True
3098,Female,1944-08-28,Inactive,Fairview,KS,59890,US,2017-04-17 13:03:16,2025-03-01,False
3172,Male,2002-11-13,Active,Georgetown,OK,67561,US,2021-05-27 14:29:28,2025-01-24,True
3174,Male,1949-03-02,Active,Bristol,NJ,64156,US,2015-03-15 14:00:57,2025-03-05,True
3382,Female,2001-04-13,Active,North Las Vegas,NV,19899,US,2024-12-08 03:39:31,2025-11-21,True
3467,Female,1954-10-26,Active,Fairview,MB,,CA,2018-10-23 01:29:46,2025-04-12,True
3875,Male,1959-02-27,Active,Salem,SC,58232,US,2025-10-20 15:59:24,2025-12-06,True
4180,Female,1962-10-04,Active,San Antonio,TX,34303,US,2023-02-17 02:12:59,2025-10-30,True
4227,Female,1984-05-17,Active,Springfield,TN,97581,US,2015-03-04 20:07:21,2025-09-05,True
4328,Female,1981-04-23,Active,Hamilton,ON,,CA,2021-01-20 10:57:04,2025-04-04,True
4694,Female,1952-10-27,Blocked,Bristol,AL,25977,US,2023-11-11 21:10:54,2025-06-09,False
4777,Female,1950-01-20,Active,Tacoma,WA,17442,US,2015-12-17 23:33:07,2025-10-17,True
5093,Male,1951-10-11,Active,Mesa,AZ,25367,US,2016-01-15 22:28:26,2025-11-23,True
5430,Female,1965-07-17,Closed,Akron,OH,68820,US,2018-10-09 14:56:17,2022-07-18,False
5557,Female,1955-12-07,Active,Madison,MS,13914,US,2019-12-05 15:22:30,2025-06-09,True
5767,Female,1942-03-24,Closed,Boulder,CO,95176,US,2019-03-18 01:15:20,2019-08-24,False
6043,Female,1941-04-10,Active,Philadelphia,PA,97004,US,2025-12-14 09:17:52,2025-12-24,True
6098,Male,1953-12-06,Active,Springfield,NE,64258,US,2024-04-14 23:10:24,2025-05-13,True
6182,Female,1977-02-15,Active,Tampa,FL,99536,US,2020-11-02 07:12:52,2025-12-16,True
6581,Male,1941-06-01,Closed,Chester,LA,48885,US,2017-08-04 07:33:40,2020-05-19,False
6648,Female,1943-03-20,Active,Sparks,NV,68809,US,2015-09-15 17:24:20,2025-02-21,True
6794,Female,1965-02-01,Active,Fairview,NJ,22999,US,2024-11-06 10:09:57,2025-10-19,True
7116,Male,1950-12-09,Closed,Fairview,KY,76298,US,2024-06-24 00:39:09,2025-08-10,False
7369,Female,1951-03-26,Active,Springfield,DE,57525,US,2020-07-15 23:17:27,2025-04-18,True
7482,Other,1990-08-05,Active,Madison,WI,34365,US,2025-11-17 16:19:38,2025-12-01,True
7590,Female,1942-10-17,Closed,Franklin,MO,28210,US,2015-12-05 22:04:20,2017-05-11,False
7646,Female,1996-08-28,Active,Akron,OH,14341,US,2017-08-29 03:23:36,2025-11-25,True
7694,Female,1961-08-17,Active,Bristol,OK,63941,US,2023-07-15 23:36:49,2025-11-01,True
7786,Male,1968-03-20,Active,Bristol,MD,56240,US,2025-11-26 15:51:41,2025-11-30,True
7853,Male,1979-07-26,Active,Medicine Hat,AB,,CA,2015-11-06 05:25:17,2025-12-17,True
8174,Female,1959-12-09,Blocked,Chester,KS,13354,US,2015-01-09 05:22:38,2025-02-22,False
8344,Female,1953-05-30,Inactive,Tucson,AZ,67240,US,2024-11-07 05:31:04,2025-08-06,False
8448,Male,2003-05-30,Inactive,Springfield,UT,48307,US,2025-10-03 21:41:43,2025-10-13,False
8552,Female,1970-10-05,Active,Bristol,HI,91053,US,2019-06-06 17:33:58,2025-12-07,True
9018,Female,1961-09-06,Active,Rockford,IL,63998,US,2015-01-26 21:47:18,2025-07-24,True
9109,Female,1983-01-29,Active,Scottsdale,AZ,53697,US,2016-02-23 22:31:18,2025-05-13,True
9580,Male,1973-11-24,Blocked,Springfield,IA,17852,US,2020-12-28 02:17:35,2025-04-17,False
9644,Female,2000-03-13,Active,Clinton,RI,49902,US,2015-12-15 15:47:28,2025-05-01,True
9774,Male,1953-09-01,Active,Salem,KS,49641,US,2017-08-09 13:45:44,2025-01-19,True
9915,Male,1998-09-18,Active,Riverside,ID,70903,US,2020-01-11 23:32:31,2025-03-29,True
9938,Female,1967-09-15,Closed,Salem,SK,,CA,2022-10-30 21:55:53,2023-08-14,False
19,Male,2000-06-25,Inactive,Springfield,NE,34586,US,2025-08-07 12:52:48,2025-08-17,False
22,Other,1998-05-12,Closed,Madison,OR,48696,US,2025-10-15 13:44:16,2025-11-13,False
442,Female,1977-01-29,Closed,San Francisco,CA,33989,US,2018-02-28 12:47:19,2019-06-30,False
573,Other,1980-10-29,Inactive,Orlando,FL,98392,US,2019-09-05 13:05:15,2024-05-12,False
896,Female,1992-08-28,Active,Reading,PA,25165,US,2019-03-23 03:47:28,2025-11-28,True
905,Male,2001-09-07,Active,Columbus,OH,17527,US,2017-10-16 17:43:54,2025-07-27,True
1131,Female,1985-06-28,Active,Chester,VT,99241,US,2024-12-07 17:30:04,2025-05-04,True
1174,Male,1941-09-14,Active,Raleigh,NC,89978,US,2017-03-28 05:21:24,2025-03-05,True
1335,Female,1972-03-17,Closed,Fort Lauderdale,FL,13451,US,2025-04-09 12:39:12,2025-09-18,False
1498,Female,1991-12-14,Inactive,Naperville,IL,48941,US,2020-12-09 10:17:58,2022-11-17,False
1827,Male,1954-07-20,Active,Fairview,AK,22035,US,2021-03-18 10:36:42,2025-01-02,True
2063,Prefer Not To Say,1989-03-05,Active,Salem,UT,22363,US,2022-05-15 03:00:07,2025-08-22,True
2121,Other,1975-03-29,Inactive,Dallas,TX,51522,US,2025-11-25 07:50:01,2025-12-09,False
2357,Male,1966-03-30,Active,Salem,SC,70444,US,2019-04-26 03:47:04,2025-12-14,True
2442,Female,1986-12-25,Active,Bristol,NH,69439,US,2019-12-31 07:20:52,2025-03-23,True
2839,Male,2003-11-05,Active,Madison,NB,,CA,2017-10-20 21:20:00,2025-07-24,True
2964,Male,1994-05-01,Blocked,Fairview,MO,79768,US,2021-07-30 15:54:08,2024-11-30,False
2992,Male,1969-07-22,Active,Boston,MA,42245,US,2022-11-17 02:44:51,2025-06-08,True
3032,Female,1947-07-23,Active,Riverside,TN,15806,US,2018-05-24 06:52:28,2025-12-14,True
3187,Female,1953-04-06,Active,Salem,NL,,CA,2015-07-15 14:30:08,2025-03-05,True
3872,Female,1950-05-26,Active,Spokane,WA,43030,US,2019-02-20 23:00:12,2025-07-06,True
3946,Male,1972-08-22,Blocked,Bristol,IN,64837,US,2015-01-16 08:39:01,2023-12-11,False
3995,Male,2010-03-02,Active,Franklin,SD,72306,US,2024-05-23 20:47:55,2025-03-09,True
4045,Female,2002-09-15,Active,Chester,OK,55685,US,2025-06-27 12:07:03,2025-08-24,True
4580,Male,1962-09-27,Inactive,Bristol,CT,73120,US,2016-12-22 00:32:59,2018-05-31,False
4761,Male,1994-04-24,Active,Rochester,NY,97124,US,2025-10-20 16:21:18,2025-12-21,True
4937,Female,1972-03-21,Active,Madison,OR,47324,US,2015-05-01 19:59:17,2025-01-07,True
5078,Male,1945-03-19,Inactive,Salem,ID,76404,US,2024-08-14 04:24:04,2025-05-23,False
5496,Other,1943-02-08,Inactive,Madison,DE,98917,US,2025-07-14 08:54:01,2025-09-03,False
5518,Prefer Not To Say,1994-01-25,Active,Riverside,SK,,CA,2016-04-30 20:09:20,2025-06-12,True
5526,Male,1955-03-08,Active,Clinton,UT,68627,US,2019-11-07 21:14:46,2025-07-08,True
5799,Other,1993-05-17,Active,Riverside,NS,,CA,2019-01-12 04:19:49,2025-05-11,True
5983,Female,1995-09-03,Active,Franklin,NS,,CA,2019-07-27 04:52:26,2025-04-09,True
6259,Female,1970-11-21,Active,Bristol,NM,73320,US,2022-10-24 14:22:31,2025-12-07,True
6408,Male,1966-05-22,Active,Bristol,CT,15807,US,2015-06-14 20:34:20,2025-11-16,True
7159,Male,1958-11-05,Active,Erie,PA,13999,US,2021-01-07 19:54:33,2025-07-03,True
7823,Female,1958-08-26,Active,Clinton,KS,37301,US,2015-03-18 20:09:00,2025-03-12,True
8186,Male,2000-05-30,Inactive,Chester,NE,45453,US,2025-08-10 18:13:53,2025-10-22,False
8199,Male,1957-12-30,Active,Georgetown,VT,45987,US,2021-03-08 13:01:41,2025-01-16,True
8827,Male,1951-01-15,Active,Springfield,ND,28409,US,2016-12-25 15:38:52,2025-10-06,True
9091,Male,1970-07-10,Inactive,Riverside,MS,29865,US,2020-06-29 18:50:14,2024-09-18,False
9178,Female,1950-05-21,Active,Fairview,AR,47028,US,2019-08-27 03:05:51,2025-07-27,True
9250,Male,1977-04-19,Active,Franklin,WV,73013,US,2019-09-09 13:24:10,2025-11-19,True
9934,Male,1943-03-28,Inactive,Riverside,AK,29735,US,2024-08-05 02:32:51,2025-04-05,False
10,Other,1964-06-22,Active,Salem,VA,10221,US,2017-01-01 18:16:02,2025-10-31,True
278,Male,1994-03-27,Active,Bristol,MS,47255,US,2020-04-08 01:49:42,2025-06-09,True
1016,Male,1946-07-14,Active,Madison,VT,22333,US,2022-10-07 16:31:28,2025-02-13,True
1204,Other,1942-11-25,Inactive,Quebec City,QC,,CA,2022-06-08 13:28:57,2022-10-06,False
1546,Male,1989-06-16,Active,Fairview,PE,,CA,2016-03-27 01:04:42,2025-04-01,True
1765,Female,1969-06-24,Closed,Riverside,NS,,CA,2017-05-02 10:52:16,2018-06-24,False
2055,Female,1980-12-18,Active,Salem,OR,71821,US,2017-09-01 15:42:45,2025-09-09,True
2579,Female,2005-03-11,Active,Chester,NM,93122,US,2024-08-31 21:46:56,2025-03-02,True
2739,Male,1982-03-02,Active,Bristol,OR,74759,US,2017-06-21 09:05:00,2025-02-21,True
3035,Male,1953-05-26,Active,Bristol,VA,38558,US,2015-05-17 18:15:35,2025-08-07,True
3037,Male,1986-11-15,Active,Burnaby,BC,,CA,2023-10-16 21:46:31,2025-05-22,True
3052,Male,1942-05-23,Active,Cleveland,OH,18392,US,2022-05-17 23:51:46,2025-04-30,True
3276,Male,1963-01-16,Active,Sparks,NV,66847,US,2017-01-04 22:57:59,2025-12-05,True
3280,Male,1950-03-30,Blocked,Chester,NU,,CA,2022-07-10 07:02:51,2022-09-30,False
3752,Male,1948-01-24,Inactive,Savannah,GA,32775,US,2025-04-13 12:25:02,2025-10-16,False
3926,Male,1941-05-28,Active,Fairview,VT,34117,US,2024-12-21 20:48:06,2025-03-19,True
3987,Female,1984-03-20,Active,Madison,TN,74665,US,2018-08-21 11:06:20,2025-11-10,True
4308,Female,1991-12-05,Active,Georgetown,NS,,CA,2023-03-22 23:11:11,2025-01-24,True
4582,Male,1982-11-20,Active,Georgetown,AK,86863,US,2022-10-24 09:55:30,2025-07-24,True
4685,Male,1999-09-09,Active,Franklin,DE,52425,US,2018-03-11 15:13:03,2025-09-08,True
4734,Female,2002-01-08,Blocked,Riverside,NH,99149,US,2023-09-14 23:21:40,2023-11-24,False
4979,Male,1993-02-04,Blocked,Montreal,QC,,CA,2023-11-12 05:42:22,2025-02-09,False
4981,Male,1995-04-23,Active,Madison,RI,15463,US,2024-10-05 05:48:44,2025-01-01,True
5281,Male,1965-09-24,Active,Springfield,MT,81463,US,2017-12-07 15:50:11,2025-08-19,True
5291,Male,1970-12-25,Active,Salem,MD,41204,US,2018-11-04 04:03:20,2025-10-26,True
5470,Female,1963-09-06,Inactive,Las Vegas,NV,60977,US,2015-11-25 04:56:01,2023-09-20,False
5649,Female,2001-06-28,Active,Cambridge,MA,53051,US,2017-07-06 16:57:00,2025-01-08,True
5776,Male,1947-06-26,Active,Clinton,WV,76479,US,2017-09-02 14:01:00,2025-01-15,True
5921,Male,1985-06-30,Active,Salem,NT,,CA,2019-06-02 18:05:39,2025-02-24,True
5979,Male,1972-01-18,Inactive,Fairview,MT,99536,US,2021-02-11 07:38:01,2025-09-08,False
6336,Prefer Not To Say,1968-12-13,Blocked,Fort Worth,TX,54517,US,2022-10-05 03:51:31,2023-12-07,False
6745,Male,1945-03-05,Closed,Bristol,AL,37692,US,2016-07-04 13:57:36,2018-11-15,False
6932,Female,2004-02-13,Active,Clinton,WY,68677,US,2020-02-27 12:27:34,2025-05-11,True
7186,Prefer Not To Say,1993-04-19,Active,Rockford,IL,,US,2021-12-10 02:37:19,2025-03-14,True
7617,Female,2007-02-20,Active,Fairview,NE,57940,US,2025-11-18 22:35:51,2025-12-03,True
7751,Female,1956-01-15,Active,Georgetown,KY,43526,US,2024-12-21 05:41:01,2025-08-14,True
8020,Female,1955-12-27,Inactive,Toledo,OH,40041,US,2022-06-02 13:42:20,2024-06-14,False
8547,Female,2002-12-27,Active,Fairview,LA,78708,US,2018-07-11 23:02:47,2025-10-12,True
8554,Female,1990-08-26,Active,Salem,SC,86537,US,2024-08-26 14:56:23,2025-04-03,True
8690,Female,1978-04-25,Active,Bristol,OR,26199,US,2018-01-03 03:39:43,2024-12-31,True
8917,Male,1981-08-31,Active,Riverside,VT,18389,US,2021-03-09 05:14:17,2025-10-18,True
9073,Female,1941-10-14,Inactive,Boston,MA,34183,US,2023-02-01 21:29:18,2023-03-16,False
9256,Prefer Not To Say,1983-03-02,Blocked,Sterling Heights,MI,39646,US,2015-04-04 02:27:03,2015-10-18,False
9483,Female,1947-01-07,Active,Madison,SD,79076,US,2021-08-17 06:16:05,2025-03-31,True
9547,Male,1971-10-01,Active,Reno,NV,38580,US,2023-04-30 16:18:46,2025-11-12,True
9595,Male,1978-06-04,Closed,Georgetown,SC,38914,US,2025-12-09 08:38:49,2025-12-10,False
9638,Female,1972-03-11,Active,Georgetown,UT,61876,US,2017-08-06 19:27:53,2025-09-24,True
9772,Female,1969-03-19,Active,Winston-Salem,NC,17610,US,2019-01-19 17:14:50,2025-06-25,True
388,Male,1951-08-14,Active,Georgetown,IA,59464,US,2017-11-25 02:50:37,2025-05-22,True
588,Female,1993-06-28,Blocked,Bristol,ND,47551,US,2018-12-22 12:06:08,2023-06-25,False
609,Male,2000-06-08,Active,Madison,NJ,83250,US,2023-12-20 20:40:59,2025-02-04,True
774,Male,1978-12-16,Active,Edmonton,AB,,CA,2015-09-14 13:40:35,2025-04-29,True
920,Male,1967-06-27,Active,Clinton,IN,21876,US,2016-02-15 10:56:54,2025-08-26,True
1136,Female,1970-11-13,Active,Worcester,MA,26533,US,2015-01-12 03:54:33,2025-11-17,True
1230,Male,1966-02-04,Active,San Antonio,TX,92406,US,2020-11-04 22:13:17,2025-08-30,True
1273,Male,1985-11-23,Active,Fort Collins,CO,83495,US,2021-11-05 14:58:44,2025-11-10,True
1409,Female,1946-08-21,Active,Chester,MS,13427,US,2017-06-23 07:28:37,2025-12-16,True
1874,Male,1958-04-29,Active,Clinton,MT,29708,US,2022-08-15 17:01:09,2025-07-05,True
2207,Male,1986-01-13,Active,Clinton,MD,18414,US,2023-07-30 12:35:13,2025-07-16,True
2920,Male,1988-11-16,Closed,Springfield,NB,,CA,2016-10-21 17:56:23,2024-01-21,False
3113,Female,1974-01-07,Inactive,Fairview,MT,12852,US,2022-03-17 17:01:34,2022-07-20,False
3210,Female,1991-03-21,Inactive,Durham,NC,11476,US,2024-07-29 03:54:00,2025-05-24,False
3299,Male,1965-07-25,Inactive,Franklin,KS,91979,US,2015-12-29 00:31:43,2019-08-30,False
3315,Male,1988-08-16,Active,Georgetown,WI,70590,US,2022-09-09 10:02:03,2025-11-28,True
4111,Male,2009-03-29,Active,Bellevue,WA,41241,US,2024-04-29 13:55:49,2025-11-26,True
4248,Male,1984-01-28,Active,Fairview,CT,11094,US,2015-12-11 06:56:49,2025-09-15,True
4842,Male,1977-02-17,Active,Fairview,NJ,33785,US,2024-10-27 01:42:39,2025-08-29,True
5172,Female,1975-03-28,Active,Chester,DE,37888,US,2024-10-30 22:20:00,2025-04-19,True
5261,Male,1974-10-27,Inactive,Franklin,IN,25148,US,2016-04-18 01:26:10,2019-12-24,False
5525,Male,1979-08-13,Active,Bristol,CT,92367,US,2018-11-30 22:01:18,2025-12-16,True
5748,Male,1987-01-10,Active,Salem,ND,49850,US,2017-08-07 04:50:41,2025-10-29,True
5949,Male,1959-12-02,Blocked,Chester,TN,13234,US,2020-06-13 20:07:02,2023-07-06,False
6008,Female,1976-07-10,Inactive,Bristol,UT,94814,US,2015-04-05 03:36:58,2021-04-23,False
6207,Female,1944-05-19,Active,Fairview,MN,97649,US,2020-05-22 14:36:07,2025-03-31,True
6396,Male,1991-03-14,Inactive,Springfield,ME,78409,US,2019-05-19 21:35:20,2019-12-14,False
6630,Female,1964-12-03,Inactive,Franklin,MT,90404,US,2024-09-23 23:32:35,2024-12-27,False
6935,Female,1997-06-29,Active,Columbus,OH,30423,US,2025-01-20 22:38:28,2025-10-08,True
6972,Female,1996-03-10,Active,Cleveland,OH,79992,US,2022-09-01 18:28:49,2025-02-21,True
7153,Other,1975-07-25,Active,Clinton,WV,51113,US,2021-12-26 22:15:06,2025-05-29,True
7588,Female,1945-02-02,Inactive,Springfield,TN,22715,US,2023-03-07 00:51:50,2023-06-01,False
7628,Female,1973-04-17,Active,Vancouver,WA,53839,US,2018-01-05 20:36:44,2025-02-23,True
7887,Female,1969-03-22,Closed,Calgary,AB,,CA,2016-08-26 20:16:58,2017-08-22,False
8571,Other,1946-03-28,Active,Springfield,MN,73087,US,2020-02-24 11:36:16,2025-12-18,True
8601,Male,1993-03-15,Active,Chester,VT,29962,US,2023-10-09 06:41:54,2025-05-23,True
8783,Male,1997-06-30,Active,Franklin,NM,82866,US,2018-11-29 16:47:54,2025-07-09,True
9021,Male,1974-04-15,Active,Georgetown,NE,68935,US,2022-10-08 02:56:08,2025-01-27,True
9103,Female,1986-07-06,Closed,Chester,NB,,CA,2016-09-21 13:47:38,2018-03-25,False
9191,Male,1991-06-02,Active,Boston,MA,39601,US,2019-01-18 12:51:00,2025-08-23,True
9456,Male,1975-09-20,Active,Madison,SD,41573,US,2022-06-07 07:21:01,2025-11-10,True
96,Male,1984-04-02,Active,Philadelphia,PA,40122,US,2016-11-29 07:53:26,2025-02-20,True
118,Female,1985-12-15,Active,Worcester,MA,26193,US,2016-04-08 05:49:37,2025-01-02,True
530,Prefer Not To Say,1947-11-21,Active,Burnaby,BC,,CA,2018-06-29 02:19:56,2025-04-21,True
607,Male,1995-08-11,Active,Salem,NL,,CA,2024-10-29 11:36:29,2025-08-23,True
1058,Female,1963-11-29,Active,Riverside,NE,62908,US,2025-07-09 21:11:31,2025-11-13,True
1281,Female,1960-12-28,Inactive,Clinton,WI,18911,US,2022-06-14 10:29:56,2025-04-01,False
1679,Female,1967-11-09,Active,Toledo,OH,87871,US,2020-10-08 16:12:21,2025-06-07,True
1789,Male,2000-12-02,Active,Madison,CT,46435,US,2023-11-17 01:50:19,2025-03-04,True
2444,Female,1973-05-08,Active,Riverside,NT,,CA,2023-06-03 19:41:48,2025-07-25,True
2674,Female,1990-06-02,Inactive,Chester,MT,15845,US,2018-11-22 06:30:44,2019-04-28,False
2781,Female,1959-02-19,Active,Georgetown,AL,34177,US,2019-03-22 14:22:15,2025-05-04,True
2840,Female,1993-12-26,Active,Macon,GA,52037,US,2017-06-28 13:19:32,2025-05-03,True
3220,Female,2004-09-13,Active,Chester,PE,,CA,2023-02-26 00:27:38,2025-11-12,True
3787,Female,1996-07-13,Closed,Macon,GA,83003,US,2015-06-24 03:05:24,2023-01-06,False
3802,Female,1947-05-03,Active,Salem,MO,84140,US,2022-06-13 12:13:28,2025-04-09,True
3863,Female,1995-01-14,Closed,Sacramento,CA,71493,US,2018-04-20 08:59:42,2023-08-23,False
3898,Female,1973-07-21,Closed,Salem,IA,64733,US,2015-11-18 10:58:03,2021-01-23,False
3963,Male,1998-02-22,Active,Houston,TX,18814,US,2015-02-06 15:17:51,2025-03-23,True
4047,Female,1949-03-19,Active,Fairview,HI,82916,US,2016-03-11 02:35:38,2025-10-08,True
4571,Male,1973-05-19,Active,Springfield,AL,54330,US,2018-12-28 18:32:45,2025-03-19,True
4727,Prefer Not To Say,1958-12-10,Inactive,Salem,NS,,CA,2024-07-17 12:24:31,2025-06-13,False
5112,Prefer Not To Say,1951-11-08,Active,Franklin,MT,99667,US,2018-07-27 03:07:32,2025-05-16,True
5750,Female,1999-02-07,Inactive,Bristol,SK,,CA,2019-10-26 23:42:39,2023-08-02,False
6006,Male,2005-12-25,Active,Madison,KY,32293,US,2019-05-12 04:58:11,2025-08-01,True
6124,Male,1941-10-11,Active,Bristol,ME,86209,US,2021-12-22 19:03:09,2025-04-27,True
6405,Female,1969-02-18,Blocked,Clinton,MN,85162,US,2015-01-27 17:04:58,2023-07-01,False
6651,Male,2004-05-24,Active,Riverside,NH,27973,US,2019-08-07 18:20:56,2025-02-24,True
6711,Male,1992-02-17,Active,Franklin,YT,,CA,2018-07-07 03:00:52,2025-04-18,True
6780,Female,1979-12-28,Active,Chester,VA,72872,US,2021-01-14 23:47:23,2025-01-08,True
7329,Female,1970-12-16,Active,Georgetown,IN,91472,US,2017-04-13 10:52:47,2025-07-28,True
7930,Female,1972-12-15,Inactive,Franklin,UT,17059,US,2020-04-17 11:35:02,2020-09-02,False
7954,Female,1992-06-30,Active,Salem,TN,76635,US,2025-06-11 13:43:28,2025-10-19,True
7971,Male,1947-06-02,Inactive,Franklin,RI,70110,US,2021-09-10 06:24:03,2023-02-05,False
8002,Male,1985-02-03,Active,Madison,KY,69373,US,2016-06-26 04:08:52,2025-09-09,True
8088,Male,1963-09-28,Active,Madison,VA,45182,US,2015-08-15 15:48:57,2025-01-28,True
8128,Male,1957-10-03,Active,Fairview,DE,95861,US,2021-03-27 04:56:28,2025-06-06,True
8322,Female,1941-03-16,Inactive,Riverside,SC,48009,US,2023-05-31 18:32:32,2025-03-28,False
8361,Female,1974-04-15,Active,Bristol,WV,71178,US,2021-04-11 14:42:51,2025-08-13,True
8372,Male,1966-07-27,Closed,Athens,GA,51298,US,2017-01-12 11:47:54,2022-08-09,False
8406,Male,1941-12-11,Active,Boulder,CO,39367,US,2021-02-15 14:07:26,2025-11-28,True
8540,Male,1989-07-01,Inactive,Georgetown,MS,56524,US,2017-11-17 08:15:00,2021-03-07,False
8715,Female,1945-02-09,Active,Clinton,TN,95406,US,2024-01-19 17:03:35,2025-04-23,True
8726,Other,2010-04-02,Active,Reading,PA,47994,US,2025-06-06 09:38:41,2025-12-18,True
8843,Male,1970-12-17,Active,Columbus,OH,28253,US,2019-02-08 15:22:12,2025-08-13,True
9189,Male,2012-02-22,Active,Springfield,AK,78727,US,2025-08-01 01:02:12,2025-10-08,True
9263,Female,1992-01-30,Active,Spokane,WA,76716,US,2016-07-24 01:17:52,2025-01-08,True
9423,Female,1983-01-07,Active,Vancouver,BC,,CA,2019-07-15 03:05:49,2025-10-10,True
9748,Male,1984-10-06,Active,Fairview,LA,90619,US,2015-03-05 15:05:33,2025-05-14,True
280,Female,1954-09-24,Inactive,Cincinnati,OH,19078,US,2017-02-12 04:13:19,2019-02-25,False
445,Male,2006-08-18,Active,Springfield,WI,63223,US,2022-02-16 11:57:11,2025-05-03,True
745,Other,1993-09-28,Active,Madison,ND,47136,US,2015-06-24 05:58:00,2025-01-19,True
1176,Prefer Not To Say,1958-08-25,Active,Calgary,AB,,CA,2025-06-04 22:50:47,2025-07-14,True
1192,Female,1965-11-04,Active,Riverside,WI,50719,US,2024-05-18 19:52:42,2025-03-25,True
1205,Female,1949-12-20,Active,Tucson,AZ,74340,US,2024-01-21 00:51:36,2025-12-17,True
1508,Male,1976-02-11,Active,Joliet,IL,40549,US,2021-02-17 03:39:26,2025-06-11,True
1520,Female,1997-11-02,Active,Salem,OR,92062,US,2021-01-07 15:44:17,2025-11-05,True
1545,Female,1984-10-13,Active,Riverside,IA,80013,US,2015-12-08 15:28:06,2025-07-15,True
1574,Female,2008-07-30,Active,Clinton,HI,87165,US,2025-05-16 23:55:26,2025-12-20,True
1749,Male,1989-11-02,Active,Bristol,NH,32604,US,2015-11-15 12:12:18,2025-04-12,True
2167,Male,1951-01-17,Active,Fairview,NE,67920,US,2022-01-04 05:38:35,2025-10-05,True
2342,Female,1981-11-07,Closed,San Francisco,CA,46681,US,2022-11-27 19:49:09,2024-12-07,False
2346,Female,2003-03-03,Active,Salem,ID,53486,US,2024-12-08 11:29:25,2025-12-06,True
2396,Other,2007-05-10,Active,Bristol,SC,18680,US,2023-01-16 07:58:49,2025-05-10,True
2658,Prefer Not To Say,1987-03-20,Active,Fairview,PE,,CA,2015-02-27 04:06:20,2025-03-18,True
2745,Female,1993-07-10,Blocked,Reading,PA,88449,US,2016-02-03 22:09:04,2023-08-25,False
2819,Female,1988-06-04,Active,Bristol,RI,47502,US,2024-10-27 15:47:49,2025-02-06,True
3036,Female,1968-11-19,Active,Madison,SD,55345,US,2015-04-02 16:50:29,2025-01-11,True
3391,Male,1994-09-21,Inactive,Tucson,AZ,19433,US,2020-02-24 09:07:12,2024-09-08,False
3569,Male,1953-08-19,Closed,Clinton,NH,78767,US,2016-12-30 15:56:03,2017-03-27,False
3634,Other,1948-09-25,Inactive,Chester,LA,25017,US,2017-03-10 22:06:33,2020-10-30,False
3672,Male,2001-11-09,Active,Bristol,AR,29208,US,2023-04-10 04:02:00,2025-01-01,True
3676,Female,1957-07-09,Inactive,Chester,VA,52073,US,2018-10-30 02:10:26,2025-06-07,False
3830,Female,1968-12-13,Active,Franklin,NH,75903,US,2016-04-29 22:21:55,2025-12-07,True
4037,Female,1983-06-27,Active,Salem,OK,69151,US,2019-09-19 23:45:22,2025-04-06,True
4415,Male,1958-01-25,Inactive,Franklin,KS,30812,US,2021-09-19 13:44:22,2024-11-01,False
4480,Male,1990-04-27,Active,Georgetown,MS,29667,US,2023-06-27 03:49:38,2025-10-18,True
4702,Female,1955-10-01,Active,Springfield,MT,23519,US,2023-10-04 12:02:46,2025-10-17,True
4895,Female,1976-03-30,Blocked,Georgetown,RI,44154,US,2021-05-25 11:04:20,2023-10-06,False
4966,Male,1956-06-25,Active,Fairview,WY,90752,US,2024-08-03 18:59:48,2025-10-29,True
5042,Male,1999-03-02,Active,Madison,NH,92952,US,2015-11-15 16:11:31,2025-03-06,True
5157,Female,2004-04-08,Active,Chester,MO,22243,US,2025-03-22 01:02:10,2025-08-23,True
5207,Male,1952-08-07,Active,Riverside,PE,,CA,2020-06-22 15:44:28,2025-11-14,True
5488,Female,1946-10-24,Active,Bristol,KS,45537,US,2016-09-03 14:09:54,2025-04-21,True
5733,Other,1960-06-28,Active,Aurora,IL,77311,US,2022-04-16 12:38:19,2025-11-20,True
6022,Male,1963-12-15,Inactive,Fairview,WY,42388,US,2020-09-26 12:52:17,2024-10-02,False
6206,Male,1954-12-28,Active,Augusta,GA,67433,US,2019-05-22 12:06:30,2025-10-21,True
6266,Female,1966-07-31,Active,Riverside,MD,83323,US,2023-10-26 08:49:11,2025-11-29,True
6323,Male,1958-12-18,Active,Bristol,NJ,33782,US,2017-05-20 23:28:45,2025-05-27,True
6373,Other,1956-07-20,Active,Greensboro,NC,23269,US,2019-08-25 20:56:15,2025-10-25,True
6400,Male,1981-06-04,Closed,Riverside,AL,24417,US,2017-05-23 17:19:15,2020-05-02,False
7354,Male,1954-11-11,Blocked,Mississauga,ON,,CA,2023-06-15 07:56:58,2023-10-01,False
7358,Male,1963-06-07,Active,Madison,SC,60556,US,2023-10-27 06:06:14,2025-10-16,True
7445,Female,1978-04-04,Active,Franklin,IA,55360,US,2024-03-26 20:59:42,2025-12-07,True
7745,Male,1947-04-08,Closed,Georgetown,NT,,CA,2020-04-28 08:52:00,2020-09-03,False
7754,Female,1948-08-04,Active,Bristol,UT,98628,US,2017-10-05 06:55:09,2025-09-25,True
8078,Female,1993-05-08,Active,Springfield,UT,18757,US,2022-12-30 15:57:34,2025-03-08,True
8153,Prefer Not To Say,1992-10-11,Active,Chester,MN,45574,US,2019-01-31 20:02:56,2025-04-12,True
8413,Female,1957-01-10,Active,Sacramento,CA,43185,US,2021-03-09 20:18:17,2025-09-13,True
8467,Female,1968-07-26,Closed,Springfield,NS,,CA,2021-01-30 01:18:19,2023-08-07,False
8550,Female,1941-05-29,Active,Chester,NM,17311,US,2019-09-29 18:56:16,2025-11-23,True
8553,Female,1994-01-03,Blocked,Franklin,VA,69570,US,2015-03-21 03:28:03,2020-05-02,False
9271,Female,1975-08-18,Closed,Salem,RI,82460,US,2015-06-06 16:51:18,2022-05-12,False
9628,Male,1996-09-28,Active,Springfield,WV,55982,US,2020-08-26 10:13:30,2025-05-05,True
151,Female,1989-06-25,Active,Bristol,WV,45118,US,2018-07-07 06:26:25,2025-08-19,True
870,Male,1943-04-19,Active,Sparks,NV,87371,US,2018-10-24 01:35:53,2025-10-29,True
959,Female,1966-10-14,Closed,San Diego,CA,31432,US,2022-07-29 12:49:11,2023-01-29,False
1334,Male,1995-12-29,Blocked,Georgetown,NJ,62650,US,2024-09-19 17:29:28,2025-07-28,False
1378,Prefer Not To Say,2006-09-18,Closed,Riverside,NJ,38818,US,2022-12-04 05:43:24,2024-06-29,False
1781,Female,1979-08-22,Active,Salem,DE,80188,US,2024-12-16 05:59:27,2025-09-01,True
2142,Other,1964-03-05,Active,Franklin,IN,10784,US,2025-09-28 16:26:39,2025-12-01,True
3913,Male,1962-04-19,Active,Madison,NJ,10850,US,2024-06-05 05:34:45,2025-11-06,True
3959,Other,1952-07-22,Active,Georgetown,KY,41363,US,2022-04-02 19:01:34,2025-01-17,True
4014,Female,1996-09-08,Active,Bristol,NT,,CA,2018-03-12 18:11:11,2025-02-18,True
4948,Male,1966-08-05,Active,Georgetown,NT,,CA,2024-11-08 04:18:13,2025-09-25,True
5284,Female,1983-08-06,Active,Springfield,ND,51139,US,2023-09-09 11:08:46,2025-04-04,True
5670,Female,1964-01-12,Active,Georgetown,PE,,CA,2023-01-24 13:16:07,2025-10-06,True
5809,Female,1964-08-07,Closed,Allentown,PA,56839,US,2018-07-30 08:17:45,2021-04-01,False
6153,Male,1946-04-28,Active,Boston,MA,41268,US,2023-07-15 12:54:05,2025-10-26,True
6234,Female,1959-05-11,Active,Bristol,TN,51406,US,2015-09-26 10:13:08,2025-05-06,True
6284,Female,1997-10-10,Active,Chester,WY,65007,US,2019-07-21 00:59:13,2025-07-06,True
6471,Female,1991-04-30,Inactive,Dallas,TX,91145,US,2022-02-01 13:16:48,2024-04-23,False
6791,Female,1997-10-26,Active,Ottawa,ON,,CA,2020-05-26 01:26:34,2025-11-29,True
7424,Prefer Not To Say,1967-02-17,Active,Bristol,HI,13526,US,2018-04-18 19:19:31,2025-04-11,True
7675,Female,1943-05-17,Active,North Las Vegas,NV,83402,US,2017-06-22 01:32:31,2025-09-28,True
8011,Other,1965-04-20,Active,Georgetown,TN,70693,US,2019-07-03 11:40:05,2025-12-01,True
8195,Male,2002-02-26,Active,Bristol,NE,58869,US,2023-07-07 22:27:19,2025-08-04,True
8226,Female,1958-03-29,Active,Riverside,SK,,CA,2015-05-14 04:03:41,2025-10-25,True
8291,Male,1954-05-22,Active,Georgetown,WI,45056,US,2019-01-18 20:22:10,2025-09-11,True
8442,Male,1949-02-03,Active,Aurora,CO,54768,US,2017-01-27 16:52:25,2025-02-15,True
8594,Male,2007-05-28,Active,Springfield,NM,98590,US,2022-07-11 08:53:54,2025-06-03,True
8772,Female,1976-07-13,Active,Madison,WV,15330,US,2025-10-16 22:58:29,2025-11-28,True
8990,Male,1996-01-03,Closed,Springfield,NL,,CA,2021-05-29 16:03:19,2022-10-17,False
9481,Female,1943-03-26,Active,Riverside,LA,87648,US,2018-12-13 07:13:54,2025-05-05,True
9531,Female,1959-12-13,Active,Bristol,SC,66275,US,2018-10-29 07:42:51,2025-11-05,True
9729,Female,1977-07-06,Active,Chicago,IL,64068,US,2016-07-05 12:36:25,2025-11-09,True
9737,Female,1959-10-12,Active,Clinton,NU,,CA,2016-09-27 22:29:04,2025-08-18,True
189,Female,1995-05-10,Active,Ottawa,ON,,CA,2020-02-09 21:09:16,2025-08-21,True
216,Prefer Not To Say,1976-10-04,Inactive,Toronto,ON,,CA,2020-08-10 06:20:48,2022-10-20,False
425,Male,1944-02-27,Active,Joliet,IL,15056,US,2020-04-07 12:05:58,2025-11-30,True
739,Female,1941-04-30,Active,Longueuil,QC,,CA,2025-12-21 07:01:28,2025-12-24,True
1067,Male,1987-09-26,Active,Salem,KS,19825,US,2020-02-23 17:04:51,2025-09-20,True
1098,Female,1951-09-11,Active,Riverside,NU,,CA,2025-10-28 15:43:30,2025-11-08,True
1107,Female,1958-07-04,Active,Chester,NM,75275,US,2021-04-22 11:59:40,2025-01-21,True
1321,Male,1943-05-28,Closed,Chester,SC,38874,US,2021-06-21 08:06:05,2022-07-14,False
1516,Male,1996-10-03,Active,Riverside,TN,26783,US,2016-09-05 17:53:16,2025-10-13,True
1673,Male,1964-11-04,Closed,Macon,GA,25916,US,2023-07-05 11:14:01,2023-08-07,False
1979,Other,1944-05-10,Inactive,Syracuse,NY,25692,US,2016-08-10 14:21:47,2022-03-01,False
2198,Male,1970-10-01,Active,Buffalo,NY,22459,US,2016-07-28 22:46:51,2025-07-11,True
2385,Female,1965-01-11,Active,Madison,MN,32682,US,2020-09-11 11:25:07,2025-10-05,True
2592,Prefer Not To Say,2006-07-19,Active,Riverside,HI,62241,US,2024-05-28 12:19:11,2025-05-13,True
2596,Male,1983-12-30,Active,Fairview,NE,68320,US,2018-07-27 19:32:32,2025-06-01,True
2704,Prefer Not To Say,1968-03-05,Closed,Riverside,DE,54643,US,2023-06-19 23:38:31,2024-11-14,False
2737,Male,1979-04-19,Inactive,Madison,MS,77736,US,2024-11-08 21:04:52,2025-03-07,False
2824,Female,1956-06-26,Active,Madison,IA,57384,US,2021-04-06 16:27:59,2025-11-25,True
2875,Female,1974-05-24,Closed,Riverside,IA,37597,US,2024-10-31 03:04:32,2025-06-20,False
3038,Prefer Not To Say,1997-07-31,Active,Bristol,AK,51907,US,2024-04-15 10:12:40,2025-12-02,True
3140,Female,1971-04-29,Active,Fairview,TN,15092,US,2019-06-25 22:59:41,2025-03-19,True
3231,Female,1952-01-25,Active,Riverside,ND,35879,US,2017-08-12 18:47:26,2025-06-15,True
3305,Female,1957-02-01,Closed,Riverside,DE,13652,US,2020-02-29 03:19:25,2022-07-25,False
3952,Female,1987-11-15,Active,Springfield,SK,,CA,2020-10-15 06:02:29,2025-07-16,True
3970,Female,1962-08-02,Active,Fairview,OR,50424,US,2019-04-30 12:08:19,2025-02-20,True
4008,Prefer Not To Say,1966-06-27,Active,Madison,YT,,CA,2022-11-23 17:05:15,2025-10-21,True
4481,Male,1985-09-05,Active,Tucson,AZ,80027,US,2022-09-28 05:47:15,2025-03-30,True
4520,Male,1963-04-24,Inactive,Worcester,MA,81303,US,2024-07-27 03:51:53,2025-01-23,False
4714,Female,2004-09-11,Active,Bellevue,WA,97569,US,2025-09-08 03:38:17,2025-09-11,True
4900,Female,1979-08-14,Active,Bristol,UT,91789,US,2020-08-31 13:52:56,2025-01-13,True
4941,Female,2006-01-24,Active,Fairview,WV,94942,US,2025-05-27 07:19:41,2025-08-14,True
5394,Male,1999-10-23,Active,Georgetown,MO,90625,US,2024-02-21 14:48:18,2024-12-26,True
5583,Other,1998-09-21,Active,Georgetown,UT,79044,US,2020-02-03 11:45:12,2025-03-08,True
5742,Female,1983-03-12,Blocked,Madison,AK,16266,US,2024-05-17 03:13:31,2025-09-07,False
5943,Female,1948-05-31,Active,San Jose,CA,23345,US,2023-06-25 12:28:01,2025-10-19,True
6229,Female,2004-11-07,Active,Savannah,GA,97014,US,2024-04-27 23:35:00,2025-03-01,True
6514,Male,1990-03-06,Active,Burnaby,BC,,CA,2021-12-07 04:45:27,2025-01-15,True
6868,Male,1978-07-14,Active,Dallas,TX,61031,US,2020-04-19 08:31:21,2025-08-16,True
6871,Female,2001-09-02,Active,Tucson,AZ,18346,US,2024-04-18 19:06:09,2025-12-12,True
7343,Female,1953-11-14,Inactive,Franklin,HI,35598,US,2022-01-03 16:02:09,2025-09-22,False
7715,Prefer Not To Say,1989-07-12,Closed,Warren,MI,25560,US,2016-04-09 19:11:08,2021-12-31,False
8140,Female,1992-03-21,Active,Joliet,IL,88743,US,2023-02-13 03:26:03,2025-05-11,True
8423,Male,1981-10-23,Inactive,Springfield,NM,95386,US,2017-12-06 13:44:55,2018-08-31,False
8484,Female,1977-02-17,Active,Bristol,NE,18592,US,2018-07-27 05:44:42,2025-08-06,True
8551,Male,1997-04-08,Active,Georgetown,WI,13541,US,2015-07-05 12:12:31,2025-02-05,True
8598,Male,1984-07-23,Closed,Madison,HI,46670,US,2017-04-23 06:11:57,2019-07-19,False
8765,Male,1984-02-18,Closed,Franklin,MD,12752,US,2015-06-06 04:26:55,2017-12-28,False
8907,Male,1954-05-05,Inactive,Madison,UT,99603,US,2015-04-21 13:24:29,2025-03-03,False
8931,Male,1957-06-07,Closed,Pittsburgh,PA,83004,US,2024-10-29 08:58:15,2025-04-10,False
9002,Male,1981-09-30,Active,Clinton,MS,70210,US,2016-11-27 14:50:50,2025-08-14,True
9035,Female,1962-09-09,Active,Bristol,MO,67580,US,2025-11-24 07:33:09,2025-12-22,True
9335,Male,1948-02-24,Active,Springfield,VT,11175,US,2022-01-25 08:31:38,2025-07-31,True
9505,Other,1991-11-09,Active,Chester,AR,36834,US,2024-08-31 20:39:50,2025-06-14,True
9589,Female,1993-10-06,Active,Fairview,VT,21100,US,2019-08-22 04:35:56,2025-08-05,True
9727,Prefer Not To Say,1959-08-19,Inactive,Sterling Heights,MI,71711,US,2019-05-28 21:33:26,2025-03-18,False
9949,Female,1945-06-12,Inactive,Salem,ID,39674,US,2025-06-22 14:18:34,2025-08-13,False
13,Female,1969-09-21,Active,Fairview,WY,12560,US,2025-01-05 17:05:08,2025-10-09,True
45,Prefer Not To Say,1961-03-19,Active,Georgetown,MT,29198,US,2025-07-23 09:49:18,2025-11-02,True
55,Male,1979-10-13,Active,Georgetown,MO,57277,US,2017-01-30 21:37:42,2025-06-14,True
215,Female,1999-08-06,Active,Franklin,ME,80984,US,2022-03-14 12:52:24,2025-10-01,True
258,Female,1999-07-17,Active,Bristol,NB,,CA,2018-11-27 05:01:55,2025-06-20,True
336,Male,2000-02-07,Blocked,Madison,HI,64499,US,2025-11-02 12:50:45,2025-11-23,False
429,Male,1960-05-20,Closed,Salem,TN,98467,US,2015-10-31 05:27:31,2021-04-03,False
529,Female,1977-01-31,Active,Clinton,IA,46031,US,2019-05-09 22:48:54,2025-02-23,True
619,Female,1979-10-15,Active,Lethbridge,AB,,CA,2021-01-08 15:42:31,2025-11-03,True
985,Female,2000-05-23,Active,Sparks,NV,28728,US,2017-05-30 14:15:34,2025-12-01,True
1446,Female,1993-03-14,Active,Chester,DE,65780,US,2017-12-27 07:54:34,2025-12-02,True
1518,Male,1955-07-28,Blocked,Springfield,ME,69993,US,2019-11-20 21:26:49,2024-12-07,False
1791,Male,1984-09-09,Inactive,Houston,TX,29151,US,2016-04-02 02:17:24,2021-06-17,False
1919,Prefer Not To Say,1970-02-17,Inactive,Bristol,WV,85352,US,2018-03-03 06:05:28,2018-10-18,False
2202,Male,1987-02-13,Active,Georgetown,MT,23371,US,2019-07-20 08:11:31,2025-11-21,True
2211,Male,1949-05-12,Active,Springfield,WY,19945,US,2018-08-25 17:37:38,2025-04-03,True
2330,Female,1980-05-01,Active,Franklin,RI,35853,US,2024-02-02 03:54:56,2025-09-06,True
2590,Male,1987-01-11,Active,Rochester,NY,48605,US,2024-02-04 14:13:45,2025-06-27,True
2687,Male,1956-06-14,Active,Fort Lauderdale,FL,74046,US,2017-03-24 16:20:07,2025-08-19,True
3027,Male,1980-02-18,Blocked,Franklin,OK,40894,US,2023-05-06 11:50:46,2024-10-14,False
3609,Other,1991-04-11,Active,Springfield,MN,58537,US,2019-02-13 09:36:58,2025-05-01,True
3661,Male,1986-08-25,Inactive,Chester,NL,,CA,2022-05-20 22:57:26,2022-07-02,False
3712,Female,1976-05-23,Active,Joliet,IL,93922,US,2020-03-14 06:37:02,2025-01-29,True
3854,Female,1963-05-02,Active,Bristol,KS,65516,US,2021-03-24 10:42:39,2024-12-29,True
3984,Male,1998-09-23,Active,Salem,NE,90115,US,2020-01-16 19:49:21,2025-06-02,True
4272,Female,1949-04-19,Active,Madison,NM,86664,US,2024-06-09 03:28:16,2025-01-17,True
4352,Male,1942-11-29,Closed,Madison,OK,59586,US,2015-03-24 15:48:09,2021-06-27,False
4666,Other,1979-04-10,Active,Seattle,WA,46637,US,2015-02-23 08:02:35,2025-08-20,True
5148,Female,1984-09-16,Active,Austin,TX,94811,US,2025-05-01 02:49:33,2025-07-13,True
5287,Prefer Not To Say,2003-05-31,Active,Clinton,AL,27148,US,2022-12-03 01:35:18,2025-11-20,True
5437,Male,1989-10-21,Active,Sacramento,CA,45105,US,2020-10-25 14:42:32,2025-10-26,True
5606,Female,1994-07-24,Closed,Clinton,UT,19612,US,2022-09-15 08:43:51,2023-11-18,False
5824,Male,2004-04-22,Blocked,Springfield,MA,74760,US,2017-10-09 16:15:36,2018-06-24,False
5994,Female,1989-09-27,Active,Riverside,MO,73046,US,2025-01-03 10:28:58,2025-07-20,True
6151,Female,1996-02-09,Blocked,Akron,OH,18538,US,2019-04-04 16:09:09,2022-05-10,False
6426,Male,1975-12-31,Active,Clinton,PE,,CA,2018-11-16 14:24:45,2025-11-26,True
6452,Female,2001-02-13,Active,Fort Lauderdale,FL,53475,US,2025-03-08 18:40:07,2025-03-27,True
6609,Male,1973-11-25,Active,Las Vegas,NV,84061,US,2018-07-15 00:11:14,2025-04-19,True
7975,Female,1994-08-03,Active,Fairview,NM,26780,US,2020-10-02 22:20:26,2025-10-25,True
8030,Male,1947-07-14,Closed,Springfield,NE,71048,US,2016-10-20 06:10:46,2017-11-16,False
8085,Female,1957-03-18,Active,Pittsburgh,PA,72481,US,2024-06-10 01:49:15,2025-09-10,True
8600,Male,2001-12-05,Blocked,Clinton,NL,,CA,2023-05-16 12:10:03,2023-09-06,False
8872,Male,1988-11-22,Inactive,Ottawa,ON,,CA,2021-12-06 03:30:19,2023-10-10,False
9169,Male,1947-06-25,Blocked,Charlotte,NC,72401,US,2019-02-17 19:26:21,2019-04-01,False
9218,Male,2006-01-04,Inactive,Cleveland,OH,87943,US,2024-05-18 10:58:06,2025-02-02,False
9629,Male,1942-02-17,Inactive,Allentown,PA,99454,US,2025-03-24 17:10:19,2025-06-01,False
9646,Male,1951-08-14,Active,Springfield,KS,31184,US,2018-12-17 05:05:43,2025-02-23,True
7605,Male,1987-10-18,Active,Chester,NB,,CA,2019-12-04 08:08:13,2025-11-23,True
27,Female,1991-06-07,Active,Madison,PE,,CA,2018-09-12 21:07:26,2025-06-27,True
104,Female,1964-08-02,Closed,Franklin,ND,13744,US,2021-12-06 04:05:41,2024-02-12,False
224,Male,1969-03-04,Active,Chester,HI,43357,US,2022-02-08 14:51:10,2025-09-23,True
666,Female,1972-09-03,Active,Fairview,NH,81860,US,2021-04-27 13:28:20,2025-05-12,True
688,Female,1967-07-31,Closed,Clinton,TN,92469,US,2018-12-18 15:21:36,2022-10-24,False
929,Female,1998-02-12,Active,Fairview,NM,62180,US,2017-02-06 14:27:43,2025-07-21,True
993,Male,1954-05-11,Active,Madison,SD,25177,US,2021-03-24 02:00:43,2025-01-17,True
1188,Male,1953-05-09,Inactive,Fairview,MN,92324,US,2018-11-14 14:26:05,2022-10-15,False
1310,Female,1966-11-15,Inactive,Springfield,MN,77473,US,2017-08-17 01:21:13,2021-01-01,False
1603,Male,2007-08-12,Blocked,Spokane,WA,55959,US,2023-02-05 20:46:35,2023-03-05,False
1939,Female,1965-12-24,Inactive,Cambridge,MA,18711,US,2015-10-25 12:23:25,2021-02-19,False
2297,Male,1979-02-08,Active,Sterling Heights,MI,53520,US,2019-06-03 01:13:14,2025-08-19,True
2973,Prefer Not To Say,1992-10-26,Active,Naperville,IL,92348,US,2025-09-26 14:50:22,2025-11-17,True
3020,Female,2004-08-30,Active,Fairview,WI,61995,US,2025-07-01 03:55:06,2025-12-16,True
3150,Female,1952-12-20,Active,Richmond,BC,,CA,2024-05-06 11:16:52,2025-11-21,True
3228,Male,1974-11-11,Active,Springfield,AL,34385,US,2025-10-30 04:33:33,2025-11-12,True
3232,Male,1983-02-23,Inactive,Tucson,AZ,53158,US,2017-05-27 20:00:37,2025-06-29,False
3377,Male,1993-04-13,Inactive,Clinton,DE,48093,US,2022-03-07 13:29:07,2022-12-31,False
3528,Female,1984-07-21,Active,Salem,MT,67037,US,2022-12-30 02:21:06,2025-12-19,True
3744,Female,1980-04-27,Active,Madison,NH,29102,US,2025-01-22 06:19:04,2025-09-26,True
4576,Female,1973-12-29,Active,Fairview,WY,88514,US,2019-04-27 00:57:32,2025-12-24,True
4751,Male,1989-09-06,Active,Fairview,VT,54626,US,2016-10-23 06:38:44,2025-01-29,True
4800,Female,1949-05-15,Closed,Atlanta,GA,63211,US,2016-03-11 15:02:01,2017-05-02,False
4828,Male,1957-03-14,Active,Fort Worth,TX,60179,US,2019-01-19 15:40:47,2025-02-22,True
4914,Female,1963-12-11,Active,Fairview,OR,69109,US,2019-05-21 15:03:36,2025-01-18,True
5436,Female,1993-02-11,Active,Riverside,KS,80535,US,2015-05-03 09:23:57,2025-07-24,True
6176,Female,1946-01-29,Active,Fairview,AK,56921,US,2018-10-17 12:36:38,2025-07-05,True
6215,Female,2003-07-24,Active,Madison,IA,95991,US,2021-02-24 13:18:08,2025-03-10,True
6317,Female,1973-08-16,Active,Cleveland,OH,12901,US,2024-07-04 17:46:34,2025-06-24,True
6467,Female,1941-02-23,Blocked,Madison,RI,49935,US,2018-11-15 12:17:23,2023-12-16,False
6616,Female,2002-06-20,Active,Riverside,YT,,CA,2020-06-07 19:36:14,2025-12-19,True
7244,Female,1960-01-26,Active,Georgetown,NT,,CA,2020-03-10 14:05:23,2025-09-09,True
7765,Male,1956-09-20,Active,Madison,AR,97889,US,2025-12-02 22:23:22,2025-12-11,True
7902,Female,2000-01-28,Blocked,Riverside,SD,55613,US,2019-02-20 00:16:47,2024-10-08,False
8518,Male,1979-11-03,Active,Longueuil,QC,,CA,2022-09-26 18:06:31,2025-12-10,True
8556,Female,1997-01-22,Active,Bristol,NE,51888,US,2021-02-25 18:59:22,2025-06-03,True
8865,Other,1968-04-29,Inactive,Chester,IN,47910,US,2015-07-05 01:42:47,2023-07-15,False
8918,Female,1948-10-10,Active,Fairview,KY,82227,US,2019-11-29 17:26:05,2025-10-25,True
9654,Female,1980-01-06,Blocked,Madison,VA,47223,US,2018-09-29 08:05:57,2021-10-27,False
9862,Female,1954-12-05,Active,Chicago,IL,78695,US,2017-12-08 19:09:48,2025-03-06,True
9878,Male,1949-02-04,Active,Fairview,MN,18774,US,2024-09-02 12:02:15,2025-01-20,True
9899,Female,2009-03-04,Inactive,Georgetown,AK,22607,US,2025-12-13 14:20:35,2025-12-21,False
9902,Male,1946-08-02,Active,Madison,NE,27883,US,2015-08-08 14:46:54,2025-09-04,True
528,Male,1986-05-24,Blocked,Riverside,MT,29783,US,2017-12-15 17:32:28,2022-07-26,False
720,Female,1945-01-25,Blocked,Salem,MB,,CA,2016-01-28 12:54:18,2021-08-18,False
866,Female,1946-11-04,Active,Salem,VA,60315,US,2017-08-31 08:01:44,2025-02-08,True
1217,Male,1971-05-08,Active,Franklin,NB,,CA,2020-01-13 01:28:15,2025-01-28,True
1454,Female,1944-03-26,Active,Franklin,NE,89895,US,2016-05-07 18:03:24,2025-10-06,True
1645,Female,1958-09-05,Active,Quebec City,QC,,CA,2020-03-29 01:43:07,2025-02-21,True
1870,Female,1943-04-17,Active,Riverside,WI,25089,US,2024-07-04 15:25:06,2025-01-10,True
2430,Other,2001-12-18,Active,Victoria,BC,,CA,2021-02-17 20:01:11,2025-12-13,True
2515,Female,2003-07-09,Active,Springfield,YT,,CA,2017-12-01 18:24:38,2025-09-05,True
3402,Male,1950-01-18,Active,Springfield,PE,,CA,2016-12-23 17:30:14,2025-12-14,True
3659,Male,1982-02-28,Active,Salem,SD,33810,US,2018-02-16 14:28:58,2025-01-28,True
3670,Male,1950-03-01,Blocked,Phoenix,AZ,72450,US,2023-09-12 13:06:52,2023-11-13,False
4138,Female,1999-05-25,Active,Phoenix,AZ,93260,US,2016-02-22 07:43:17,2025-07-29,True
4258,Female,1959-07-28,Blocked,Fairview,AL,52327,US,2017-10-10 02:54:33,2019-12-22,False
4437,Female,1969-03-26,Active,San Jose,CA,78636,US,2017-02-19 13:17:50,2025-08-19,True
4974,Male,2008-08-06,Blocked,Franklin,TN,39622,US,2025-02-03 21:17:39,2025-12-03,False
5679,Female,1992-11-24,Active,Georgetown,VT,15089,US,2023-02-04 01:41:08,2025-10-12,True
5780,Male,1943-07-28,Inactive,Cambridge,MA,37050,US,2024-12-27 15:23:11,2025-09-18,False
6187,Prefer Not To Say,1998-06-21,Blocked,Clinton,AL,97556,US,2022-08-12 16:28:09,2023-10-10,False
6218,Male,1988-07-19,Active,Clinton,NS,,CA,2020-10-13 05:38:27,2025-01-02,True
6709,Female,1952-02-01,Inactive,Fairview,NB,,CA,2018-04-23 14:29:21,2018-04-28,False
6889,Female,1978-07-31,Active,Grand Rapids,MI,21274,US,2021-06-05 15:05:42,2025-09-30,True
7613,Female,1944-02-04,Active,Surrey,BC,,CA,2023-05-12 03:40:14,2025-10-06,True
8098,Female,1968-04-17,Inactive,Salem,MD,22094,US,2021-06-29 05:26:08,2025-11-17,False
8351,Female,1966-06-03,Active,Franklin,MD,32112,US,2016-02-29 07:21:00,2025-09-10,True
8366,Male,1982-10-17,Active,Franklin,DE,45806,US,2024-09-03 23:34:55,2025-12-13,True
8762,Male,1951-03-29,Active,Vancouver,WA,47115,US,2019-03-14 00:55:48,2025-07-30,True
8778,Female,1941-07-03,Active,Clinton,VA,26106,US,2020-03-19 09:42:00,2025-09-16,True
9076,Female,1973-07-18,Closed,Clinton,MD,60242,US,2017-06-19 20:00:55,2017-12-31,False
9102,Prefer Not To Say,1995-12-07,Inactive,Madison,LA,34515,US,2022-01-11 06:19:04,2025-06-30,False
9165,Male,1997-11-29,Active,Springfield,MO,63883,US,2016-02-17 18:47:25,2025-10-30,True
9448,Male,1977-08-24,Active,Springfield,MO,63987,US,2025-06-07 09:49:58,2025-09-29,True
9602,Female,2007-10-26,Active,Clinton,NE,43919,US,2024-05-16 12:31:32,2025-03-14,True
9757,Male,1974-05-12,Active,Durham,NC,96581,US,2015-01-11 17:49:45,2025-11-16,True
62,Female,1946-09-21,Inactive,Springfield,YT,,CA,2023-12-04 17:25:13,2025-02-15,False
101,Male,1945-11-24,Inactive,Chester,DE,70302,US,2020-11-23 13:30:34,2021-01-29,False
185,Male,1976-02-08,Active,Chester,SD,94018,US,2016-11-20 02:42:48,2025-12-19,True
201,Female,1990-10-03,Active,Chester,UT,26343,US,2025-06-04 15:51:55,2025-12-23,True
512,Prefer Not To Say,1962-04-29,Active,Fairview,DE,95100,US,2022-03-02 00:09:23,2025-10-16,True
562,Male,1949-06-09,Active,Bristol,MT,11540,US,2018-04-13 14:35:43,2025-10-12,True
585,Female,1995-04-13,Active,Charlotte,NC,15852,US,2023-10-04 23:50:13,2025-08-08,True
781,Female,1945-10-09,Active,Clinton,MS,83470,US,2023-10-17 01:23:55,2025-10-20,True
1588,Male,1983-03-30,Active,Laval,QC,,CA,2016-10-17 08:08:29,2025-06-30,True
1740,Male,1984-07-05,Inactive,Clinton,SD,83407,US,2022-02-23 23:59:23,2024-05-14,False
2665,Female,1985-07-14,Active,Chester,MN,15324,US,2023-10-16 20:50:54,2025-03-17,True
2809,Male,1943-10-19,Active,Bristol,MT,43042,US,2024-01-23 14:13:02,2025-08-07,True
3390,Male,1978-11-18,Active,Clinton,ID,98708,US,2025-06-25 16:14:55,2025-12-10,True
3418,Female,1941-05-14,Active,Phoenix,AZ,89965,US,2021-09-14 16:35:17,2024-12-27,True
3531,Prefer Not To Say,1974-08-24,Active,Riverside,AK,87442,US,2025-03-19 00:41:06,2025-07-30,True
3742,Male,1976-04-02,Closed,Fairview,UT,41378,US,2025-09-09 06:41:06,2025-10-21,False
3804,Female,1971-12-08,Closed,Calgary,AB,,CA,2021-12-16 00:11:38,2022-02-26,False
3827,Male,1971-11-01,Blocked,Madison,OK,46218,US,2016-12-21 22:53:54,2025-10-02,False
4147,Female,1961-05-06,Active,Clinton,ID,73612,US,2024-01-16 01:29:33,2025-01-06,True
4333,Female,1977-03-23,Active,Detroit,MI,55433,US,2022-11-20 07:16:16,2025-04-15,True
4574,Female,1951-03-08,Active,Clinton,IN,94294,US,2017-04-01 02:38:12,2025-05-17,True
4706,Female,1957-01-02,Closed,Austin,TX,37315,US,2020-03-07 13:15:56,2020-10-22,False
4754,Female,1987-08-07,Active,Franklin,OK,15417,US,2025-07-05 23:36:26,2025-07-21,True
4835,Male,1962-04-26,Active,Madison,TN,12917,US,2023-12-09 16:09:55,2025-06-06,True
5251,Male,1953-05-08,Inactive,Franklin,KY,76104,US,2025-02-25 16:46:17,2025-09-12,False
5293,Female,1977-09-12,Inactive,Red Deer,AB,,CA,2025-09-12 16:17:29,2025-12-03,False
5375,Male,1966-01-10,Active,Clinton,UT,62880,US,2022-10-17 04:43:47,2025-06-19,True
5509,Male,1941-05-12,Active,Chester,NL,,CA,2016-03-09 22:48:54,2025-03-29,True
6102,Female,1960-09-23,Active,New York,NY,56162,US,2021-04-26 03:53:18,2025-03-04,True
6173,Male,1941-10-15,Active,Cambridge,MA,32253,US,2015-06-08 23:33:24,2025-08-30,True
6222,Male,1958-03-29,Active,Georgetown,WV,99610,US,2022-10-26 20:31:21,2025-06-06,True
6479,Male,1972-05-17,Active,Georgetown,CT,66923,US,2024-09-24 06:02:13,2025-09-23,True
6978,Male,1995-04-10,Inactive,Madison,VA,62184,US,2017-07-07 17:18:48,2025-04-03,False
7397,Male,1971-10-12,Active,Springfield,MD,46060,US,2018-02-21 06:48:34,2025-11-09,True
7746,Female,1994-08-06,Active,Lethbridge,AB,,CA,2021-07-01 03:49:40,2025-10-09,True
7808,Female,1999-11-30,Active,Clinton,DE,73353,US,2023-07-28 17:53:41,2025-01-26,True
8273,Male,1973-12-15,Inactive,Georgetown,RI,70650,US,2017-07-15 02:36:56,2019-05-29,False
8500,Female,1950-10-26,Active,Springfield,MA,47351,US,2015-02-18 03:29:17,2025-10-13,True
8640,Prefer Not To Say,1950-09-20,Active,Bristol,KS,68052,US,2023-07-27 03:02:36,2025-11-10,True
8669,Other,1978-02-04,Active,Boston,MA,58525,US,2020-07-15 03:01:20,2025-03-25,True
8708,Male,1942-12-29,Active,Bristol,SD,57848,US,2018-08-09 07:36:50,2025-11-06,True
8761,Male,1994-05-19,Closed,Springfield,NB,,CA,2018-10-08 23:40:08,2023-10-02,False
8811,Male,1946-05-12,Active,Riverside,NM,85460,US,2015-12-13 12:06:42,2025-06-25,True
8985,Female,1956-01-17,Active,Riverside,WI,77301,US,2024-09-08 10:33:06,2025-04-27,True
9022,Female,2000-03-08,Active,Madison,IA,13660,US,2021-08-21 03:15:32,2025-03-31,True
9062,Male,2003-03-07,Active,Clinton,MO,50476,US,2021-02-16 02:00:52,2025-12-21,True
9121,Male,1986-02-01,Active,Fairview,RI,24378,US,2025-04-03 17:53:53,2025-07-16,True
9144,Male,1991-12-20,Active,Chester,MD,34404,US,2017-11-13 23:46:44,2025-02-28,True
9196,Female,1996-08-06,Active,Georgetown,MB,,CA,2024-12-07 06:58:13,2025-07-23,True
9493,Female,1976-12-20,Inactive,Springfield,LA,14703,US,2017-06-30 05:12:53,2019-09-08,False
9577,Female,1950-08-13,Closed,Riverside,UT,58970,US,2018-06-26 03:09:16,2024-02-18,False
329,Female,2008-04-07,Active,Madison,MO,58971,US,2023-07-12 08:33:59,2025-05-30,True
414,Male,1952-03-17,Closed,Boulder,CO,51018,US,2020-11-09 18:58:31,2024-11-28,False
462,Female,1954-08-03,Inactive,Clinton,VT,32595,US,2023-05-08 12:16:55,2025-12-19,False
479,Female,1953-04-25,Closed,Springfield,SD,98007,US,2021-02-14 02:57:28,2023-11-20,False
731,Female,1997-06-15,Active,Springfield,ID,86550,US,2023-12-24 21:38:36,2025-11-10,True
798,Male,1987-08-21,Active,Springfield,VT,64284,US,2020-07-20 16:08:37,2025-03-15,True
804,Female,2001-06-13,Active,Salem,IN,45002,US,2017-02-04 05:02:53,2024-12-28,True
947,Female,2002-07-19,Active,Victoria,BC,,CA,2017-06-27 16:41:41,2025-11-21,True
1078,Prefer Not To Say,1992-06-10,Closed,Fairview,MT,60891,US,2018-11-03 12:46:53,2021-01-10,False
1165,Female,1956-08-03,Closed,Chester,NB,,CA,2019-10-20 01:02:26,2020-07-06,False
1196,Female,2008-04-23,Active,Fairview,TN,97612,US,2023-10-06 17:23:25,2025-07-25,True
1816,Female,1997-10-02,Closed,Riverside,MN,51832,US,2017-01-17 19:08:58,2022-12-07,False
1833,Male,1946-05-23,Active,Madison,SC,63686,US,2017-10-10 04:35:39,2025-10-09,True
2303,Male,1996-04-29,Closed,Quebec City,QC,,CA,2025-10-20 01:58:29,2025-10-29,False
2345,Male,1965-08-26,Blocked,Fairview,NM,52545,US,2024-11-02 00:51:01,2025-04-24,False
2743,Male,1966-09-07,Active,Chester,YT,,CA,2023-03-23 15:22:58,2025-01-04,True
2896,Female,1987-03-18,Active,Springfield,KS,91308,US,2021-03-29 17:31:24,2025-08-23,True
3615,Male,1952-01-21,Active,New York,NY,39769,US,2022-01-30 05:55:42,2025-05-15,True
3707,Male,1990-12-10,Inactive,Springfield,KY,75934,US,2023-12-02 12:43:46,2025-01-12,False
3766,Male,1986-03-15,Active,Clinton,KY,36243,US,2020-12-19 04:20:52,2025-05-09,True
3900,Prefer Not To Say,1970-05-16,Active,Chester,KS,55416,US,2023-10-15 20:44:52,2025-11-10,True
3904,Female,1953-04-02,Active,Salem,NE,90665,US,2020-07-27 17:21:40,2025-05-11,True
3993,Female,1946-12-18,Active,Toledo,OH,20629,US,2020-02-16 09:09:24,2025-06-27,True
4007,Male,1955-03-15,Active,Salem,MD,97271,US,2023-01-03 15:49:35,2025-07-06,True
4663,Female,1950-12-30,Active,Riverside,LA,23972,US,2022-03-16 23:02:50,2025-10-01,True
4797,Prefer Not To Say,1948-03-08,Active,Franklin,NL,,CA,2023-03-09 14:42:10,2025-12-23,True
4906,Female,1955-03-26,Active,Franklin,NH,87404,US,2025-01-06 16:35:57,2025-10-13,True
5381,Other,1977-11-03,Active,Macon,GA,94633,US,2016-08-15 21:32:37,2025-01-04,True
5407,Prefer Not To Say,1949-11-18,Blocked,Riverside,NS,,CA,2021-12-16 06:18:56,2021-12-23,False
6342,Male,1972-12-02,Active,Springfield,NJ,28841,US,2020-05-25 10:59:06,2025-02-19,True
6365,Male,1983-07-22,Closed,Riverside,RI,55913,US,2015-09-20 02:50:00,2022-02-13,False
6539,Male,1979-05-31,Active,Riverside,UT,64052,US,2017-12-14 17:49:04,2025-05-03,True
6919,Male,1974-06-26,Active,Spokane,WA,86209,US,2020-08-30 02:57:07,2025-10-25,True
7162,Male,1966-04-02,Active,Georgetown,KY,97459,US,2024-08-21 23:00:24,2025-04-15,True
7406,Female,1966-06-30,Inactive,Salem,YT,,CA,2020-02-18 20:34:10,2023-02-16,False
7981,Male,1957-02-08,Inactive,Springfield,WI,66277,US,2020-09-10 05:00:30,2023-03-07,False
8029,Female,1966-01-25,Active,Riverside,WI,94108,US,2021-09-20 15:43:36,2025-07-15,True
8041,Female,1987-06-22,Active,Bristol,MO,26155,US,2022-04-16 02:32:25,2025-06-17,True
8178,Male,1956-10-16,Active,Fairview,TN,20748,US,2016-09-15 02:38:26,2025-08-12,True
8198,Female,1977-08-29,Active,Franklin,HI,65584,US,2024-07-02 21:07:02,2025-07-05,True
8271,Female,1948-01-09,Inactive,Riverside,ID,11658,US,2018-06-13 05:32:03,2025-04-01,False
8719,Female,1943-02-21,Active,Franklin,MT,47189,US,2023-05-19 01:18:04,2025-02-09,True
8853,Male,2004-08-16,Active,Riverside,NS,,CA,2017-11-28 17:46:50,2025-09-17,True
9043,Female,1982-08-10,Active,Chester,NJ,39587,US,2019-12-04 20:24:55,2025-02-18,True
9158,Female,1999-05-21,Inactive,Madison,MS,31206,US,2018-12-23 12:03:27,2025-06-07,False
9285,Male,1987-01-29,Active,Georgetown,MD,60817,US,2023-02-18 07:01:02,2025-05-11,True
9355,Female,1970-04-30,Blocked,Fort Collins,CO,26473,US,2018-01-07 05:20:49,2025-03-03,False
9417,Female,1995-06-20,Inactive,Georgetown,KS,76037,US,2020-08-12 15:16:35,2025-06-21,False
9578,Male,1999-02-18,Active,Springfield,IA,49151,US,2023-12-21 14:45:10,2025-09-22,True
9634,Male,1957-05-20,Active,Fairview,OR,40699,US,2020-01-03 17:43:14,2025-11-11,True
9888,Female,1978-05-12,Active,Madison,CT,43731,US,2023-12-08 14:09:52,2025-10-05,True
9939,Female,1985-04-16,Inactive,Houston,TX,13085,US,2016-07-14 08:32:01,2017-08-14,False
12,Female,1962-12-05,Active,Fairview,OK,51588,US,2016-08-27 20:44:00,2025-11-01,True
122,Male,1959-03-04,Active,Chester,CT,98698,US,2025-03-30 02:28:32,2025-12-12,True
289,Female,1957-04-03,Active,Georgetown,AR,70057,US,2015-04-09 20:21:06,2025-07-29,True
379,Male,1949-01-17,Inactive,Clinton,NH,35945,US,2016-04-19 03:24:25,2017-06-21,False
611,Male,1978-06-04,Inactive,Allentown,PA,97216,US,2022-04-04 04:56:59,2023-01-11,False
651,Male,1948-01-31,Active,Madison,CT,11272,US,2018-02-24 02:12:48,2025-11-19,True
847,Male,1944-05-13,Inactive,Bristol,ID,51948,US,2022-04-12 11:03:42,2024-08-07,False
888,Female,1997-09-19,Active,Clinton,LA,67486,US,2021-11-12 17:16:16,2025-08-12,True
969,Male,1980-07-29,Inactive,Salem,IN,12551,US,2023-05-24 05:36:12,2025-10-29,False
988,Female,1962-01-08,Active,Chester,VT,80114,US,2025-05-20 23:30:41,2025-11-22,True
1626,Female,1947-01-21,Active,Springfield,SD,11499,US,2018-12-16 05:43:20,2025-12-09,True
2553,Male,1992-05-12,Active,Fairview,NS,,CA,2025-08-28 18:29:50,2025-12-08,True
2735,Female,1999-05-24,Active,Springfield,NU,,CA,2024-09-08 02:45:36,2025-12-23,True
2897,Other,1957-04-01,Active,Georgetown,VT,38604,US,2018-11-02 06:56:10,2025-01-28,True
2976,Male,1948-04-21,Active,Savannah,GA,94169,US,2019-03-12 18:34:51,2025-05-15,True
3158,Male,1989-11-20,Closed,Surrey,BC,,CA,2024-02-15 06:24:37,2024-11-15,False
3495,Female,2003-01-07,Active,Riverside,VA,63510,US,2016-02-04 09:34:51,2025-09-16,True
3687,Prefer Not To Say,1978-08-23,Active,Georgetown,MS,47014,US,2025-05-15 07:08:01,2025-10-18,True
3972,Male,2003-09-02,Active,Bristol,HI,96460,US,2023-10-27 06:24:45,2025-10-28,True
4198,Male,1948-06-10,Active,Franklin,MB,,CA,2023-07-22 05:39:59,2025-02-02,True
4245,Female,1963-02-18,Active,Salem,YT,,CA,2019-05-08 09:36:11,2025-04-24,True
4644,Male,1995-11-15,Inactive,Salem,WY,82521,US,2016-04-14 00:18:47,2024-03-07,False
5092,Prefer Not To Say,1994-01-19,Closed,Augusta,GA,72878,US,2020-06-13 11:23:58,2022-05-13,False
5245,Female,1956-09-01,Blocked,Salem,HI,82356,US,2024-11-26 00:01:19,2025-08-14,False
5398,Female,1998-10-09,Closed,Salem,IA,45372,US,2020-11-03 09:05:06,2022-11-19,False
5630,Male,2004-12-23,Inactive,San Antonio,TX,37140,US,2024-09-08 21:48:35,2024-12-16,False
5641,Female,1974-05-17,Active,Springfield,NJ,17482,US,2023-01-13 01:02:36,2025-03-31,True
5978,Male,1987-01-05,Closed,Franklin,MD,37470,US,2023-10-18 02:15:21,2024-01-20,False
6474,Male,1997-09-16,Active,Salem,OK,37558,US,2016-04-16 09:38:48,2025-04-10,True
6502,Male,1970-09-11,Blocked,Georgetown,RI,42943,US,2022-04-05 02:50:37,2024-07-02,False
6600,Male,1942-04-14,Closed,Reno,NV,11702,US,2020-05-11 03:58:00,2021-07-10,False
6690,Male,1942-12-28,Active,Springfield,MN,36171,US,2019-09-01 05:31:56,2025-03-13,True
6727,Male,1956-04-29,Blocked,Riverside,NE,71811,US,2017-12-24 21:41:55,2023-08-30,False
6757,Female,2007-08-11,Closed,Springfield,LA,59387,US,2024-10-23 13:09:43,2025-02-23,False
6764,Female,1977-08-29,Active,Riverside,MB,,CA,2023-02-15 13:17:59,2025-06-21,True
7123,Male,1967-12-18,Active,Clinton,MO,43042,US,2025-02-25 03:51:28,2025-08-16,True
7240,Male,1967-01-21,Inactive,Sparks,NV,91298,US,2015-10-13 20:01:19,2018-06-02,False
7392,Female,1965-11-21,Inactive,Chester,NT,,CA,2023-06-03 04:55:34,2025-10-26,False
7801,Female,1946-09-14,Active,Chester,UT,58353,US,2015-07-20 00:37:46,2025-03-28,True
8270,Female,1965-09-08,Closed,Clinton,LA,18803,US,2016-02-26 01:35:41,2020-09-09,False
8275,Male,1970-04-04,Active,Salem,ID,22664,US,2017-10-28 23:44:35,2025-09-01,True
8317,Prefer Not To Say,1957-03-19,Active,Chester,OK,19078,US,2023-01-31 04:35:08,2025-09-04,True
8538,Male,2004-01-26,Active,Riverside,AK,22928,US,2025-02-15 04:29:32,2025-05-29,True
8643,Female,2010-01-15,Active,Franklin,NT,,CA,2023-06-20 06:50:04,2025-07-17,True
8678,Female,1995-05-17,Active,Fort Worth,TX,87495,US,2023-09-07 22:52:25,2025-10-27,True
8682,Prefer Not To Say,1986-07-31,Active,Springfield,LA,16282,US,2020-11-21 18:55:31,2025-11-28,True
8899,Male,1975-01-15,Active,Victoria,BC,,CA,2019-04-06 19:04:54,2025-07-24,True
9167,Male,1971-02-26,Active,Springfield,VA,30583,US,2024-08-15 18:30:56,2025-06-17,True
9282,Female,1979-02-19,Active,Bristol,NB,,CA,2021-11-03 06:23:46,2025-10-18,True
9518,Female,1988-03-07,Closed,Springfield,TN,38847,US,2021-06-09 05:19:44,2023-10-14,False
9918,Male,1952-02-15,Active,Fairview,PE,,CA,2024-11-01 15:55:10,2025-08-27,True
753,Male,2003-12-01,Active,Franklin,LA,61897,US,2020-06-28 02:55:55,2025-05-24,True
768,Female,1962-03-13,Active,Franklin,NT,,CA,2018-04-02 05:34:16,2025-12-19,True
814,Male,1986-04-10,Active,Raleigh,NC,52196,US,2017-10-23 13:28:39,2025-04-17,True
1646,Prefer Not To Say,1943-06-19,Active,Madison,MO,43852,US,2019-11-29 07:21:57,2025-08-04,True
1691,Female,2002-12-30,Closed,Erie,PA,44961,US,2023-05-26 20:24:37,2023-07-20,False
1903,Male,1957-03-25,Active,Chester,SD,69034,US,2016-11-12 17:14:49,2025-05-11,True
1935,Female,1982-07-03,Closed,Bristol,WV,44300,US,2023-06-27 12:10:55,2023-09-21,False
3328,Female,2007-05-02,Active,Riverside,MT,13454,US,2022-05-21 22:02:36,2025-06-03,True
3748,Female,1954-09-09,Active,Clinton,RI,75481,US,2022-01-16 22:00:03,2025-06-29,True
3814,Female,1977-09-11,Active,Riverside,KY,22341,US,2015-11-27 00:33:20,2025-06-23,True
3862,Prefer Not To Say,1975-02-03,Active,New York,NY,12298,US,2022-08-28 16:33:49,2025-05-30,True
4040,Prefer Not To Say,1957-08-06,Active,Franklin,MS,18076,US,2020-10-01 02:51:10,2025-08-21,True
4278,Male,1963-08-23,Blocked,Bristol,ND,75807,US,2021-11-03 05:24:18,2022-04-23,False
4362,Female,1970-09-22,Inactive,Springfield,MO,52363,US,2015-05-28 13:25:26,2022-02-04,False
4365,Female,1979-03-24,Active,Franklin,KY,97902,US,2021-03-10 17:32:30,2025-12-17,True
4738,Female,1976-05-22,Inactive,Springfield,UT,42236,US,2016-09-20 05:45:57,2025-05-12,False
4944,Male,1993-02-02,Active,Riverside,UT,53894,US,2023-10-08 20:53:09,2025-10-18,True
5073,Male,1995-04-20,Inactive,Chester,VA,44053,US,2023-11-12 13:42:17,2023-11-29,False
5159,Male,1964-05-09,Active,Clinton,OK,66250,US,2024-02-18 05:31:17,2025-12-16,True
5236,Female,2005-10-09,Active,Franklin,MS,76481,US,2019-09-07 01:09:07,2025-06-09,True
5392,Male,1958-05-26,Active,Fort Collins,CO,65358,US,2017-10-25 12:33:40,2025-05-31,True
5917,Female,1980-07-20,Active,Madison,MN,23825,US,2016-09-14 13:09:40,2025-08-18,True
6332,Female,1986-06-17,Active,Springfield,YT,,CA,2023-08-03 22:51:59,2025-01-02,True
6450,Male,1959-11-18,Active,Chester,UT,87506,US,2015-04-17 04:19:05,2025-08-18,True
6626,Prefer Not To Say,1990-12-14,Active,Georgetown,IN,56884,US,2015-02-02 15:49:34,2025-09-19,True
6664,Female,2001-02-09,Active,Sterling Heights,MI,66087,US,2023-03-16 10:15:31,2025-12-19,True
7040,Male,1993-08-26,Blocked,Vancouver,BC,,CA,2019-08-09 15:15:46,2024-03-11,False
7222,Male,1989-01-25,Active,Madison,RI,59714,US,2015-02-07 23:10:48,2025-03-15,True
7444,Female,1993-08-27,Active,Georgetown,SC,96232,US,2018-03-22 16:55:03,2025-06-02,True
7631,Female,1954-02-07,Active,Salem,LA,53315,US,2022-06-26 06:49:44,2025-09-19,True
7886,Male,1945-09-04,Active,Burnaby,BC,,CA,2018-08-02 07:23:01,2025-07-29,True
8483,Male,1968-04-28,Inactive,Vancouver,BC,,CA,2020-12-05 21:57:46,2024-02-12,False
9031,Female,1983-10-07,Active,Bristol,NM,60239,US,2024-06-19 12:58:37,2025-08-23,True
9590,Prefer Not To Say,1942-03-26,Active,Mesa,AZ,25882,US,2024-02-29 17:08:21,2025-08-16,True
9898,Female,1983-10-01,Active,Fairview,IA,46352,US,2020-11-04 18:15:55,2025-12-07,True
436,Female,1984-10-14,Active,Springfield,YT,,CA,2016-11-29 07:01:13,2025-08-09,True
527,Other,1956-05-27,Active,Madison,OK,71081,US,2017-07-22 15:43:52,2025-03-06,True
580,Female,1962-09-21,Closed,Riverside,OK,50848,US,2021-04-21 00:04:26,2022-01-28,False
1146,Female,1968-04-25,Inactive,Hamilton,ON,,CA,2021-09-27 20:32:31,2025-08-25,False
1160,Male,1969-03-21,Active,Rochester,NY,63389,US,2022-10-22 21:43:31,2025-07-22,True
1251,Female,1962-04-06,Active,Bristol,ND,49426,US,2019-06-15 02:41:45,2025-10-27,True
1311,Male,1956-01-03,Active,Georgetown,MN,82042,US,2017-03-27 16:14:48,2025-10-06,True
1384,Male,1976-05-15,Closed,Bristol,MB,,CA,2023-05-10 03:45:59,2024-09-24,False
1386,Female,1943-07-30,Active,Fairview,NB,,CA,2018-02-21 16:57:45,2025-03-08,True
1551,Prefer Not To Say,2008-02-02,Inactive,Franklin,OK,90285,US,2025-04-12 23:42:15,2025-08-11,False
2150,Female,1941-03-13,Closed,Riverside,MO,98782,US,2017-09-22 02:31:42,2019-05-27,False
2268,Female,2005-09-16,Active,Georgetown,HI,97599,US,2019-04-01 22:16:29,2025-01-07,True
2368,Female,1958-02-07,Inactive,Georgetown,ME,18836,US,2023-09-11 06:33:49,2025-07-28,False
2534,Male,1962-11-26,Active,Riverside,OK,35335,US,2019-08-02 09:36:24,2025-05-03,True
2619,Prefer Not To Say,1968-07-07,Active,Albany,NY,39111,US,2018-01-19 23:46:31,2025-03-24,True
2936,Other,1942-05-25,Inactive,San Diego,CA,70749,US,2023-07-23 22:05:08,2024-02-02,False
3129,Male,1996-09-10,Active,Bristol,OK,94135,US,2020-01-07 20:18:11,2025-08-11,True
3393,Female,1981-07-31,Active,Tacoma,WA,27555,US,2019-05-01 20:15:42,2025-06-23,True
3566,Female,1984-09-28,Inactive,Fairview,NH,68545,US,2021-06-11 05:35:28,2021-07-21,False
3822,Female,1943-01-24,Active,Riverside,NE,26687,US,2016-07-23 10:17:43,2025-11-04,True
3841,Male,1996-03-13,Active,Rochester,NY,62609,US,2024-07-05 21:50:45,2025-06-02,True
4629,Female,1949-06-23,Active,Clinton,KY,25912,US,2023-12-16 05:30:20,2025-09-29,True
4669,Female,1962-06-30,Active,Georgetown,NM,63772,US,2016-08-20 09:25:35,2025-10-26,True
4838,Female,1971-11-11,Active,Salem,IN,71106,US,2025-11-15 10:29:01,2025-11-28,True
5176,Male,1987-12-19,Active,Madison,IN,53814,US,2017-08-24 17:00:15,2025-04-29,True
5585,Female,1965-02-01,Inactive,Fairview,ME,88589,US,2025-05-19 17:26:44,2025-08-10,False
5633,Other,1942-11-07,Active,Bellevue,WA,80698,US,2024-07-22 07:58:24,2025-01-17,True
5743,Male,1978-04-14,Active,Bristol,OR,62264,US,2023-01-12 20:37:50,2025-10-13,True
5866,Male,1950-04-09,Active,Erie,PA,93489,US,2023-02-22 21:51:53,2025-08-28,True
5955,Female,1959-06-29,Active,Madison,NM,93738,US,2017-05-28 14:46:38,2025-07-22,True
6238,Male,1943-09-01,Active,Sterling Heights,MI,24835,US,2021-09-02 12:21:53,2025-12-13,True
6496,Male,1966-12-19,Active,Las Vegas,NV,50194,US,2021-08-30 05:46:25,2025-03-07,True
6528,Male,1988-07-16,Active,Bristol,SK,,CA,2023-10-18 08:33:49,2025-11-26,True
6542,Male,1995-12-08,Active,San Diego,CA,65575,US,2025-02-02 06:26:57,2025-04-25,True
6807,Other,1983-09-18,Active,Georgetown,KY,58081,US,2022-01-01 13:15:01,2024-12-29,True
6828,Female,1973-10-11,Blocked,Tacoma,WA,12776,US,2018-02-27 07:17:33,2019-08-28,False
6857,Female,1995-01-27,Closed,Clinton,OK,32994,US,2025-04-13 19:25:53,2025-09-27,False
7347,Female,1965-12-15,Closed,Syracuse,NY,68402,US,2019-02-17 19:35:43,2019-07-03,False
7603,Male,1949-08-12,Active,Georgetown,MT,56700,US,2023-02-16 22:03:23,2025-05-27,True
7690,Female,1963-07-08,Inactive,Salem,VA,60891,US,2025-02-22 12:56:45,2025-10-31,False
7705,Female,1998-01-15,Active,Salem,NS,,CA,2017-09-13 02:59:21,2025-06-23,True
7713,Female,1962-06-25,Closed,Vancouver,WA,57829,US,2021-10-24 10:38:03,2025-01-16,False
8208,Female,1960-08-16,Active,Franklin,RI,19787,US,2015-08-02 23:20:09,2025-02-27,True
8320,Male,1986-03-02,Closed,Fairview,OK,54642,US,2025-08-04 17:42:43,2025-10-14,False
8418,Male,1993-06-19,Inactive,Clinton,NL,,CA,2017-02-22 03:34:56,2020-04-22,False
8602,Male,1975-09-03,Active,Franklin,NM,46246,US,2021-04-28 14:57:30,2025-11-18,True
8606,Other,1958-06-28,Active,Springfield,ME,42710,US,2018-03-30 18:42:11,2025-07-19,True
8654,Male,1954-09-21,Closed,Fairview,NE,16692,US,2019-04-20 14:34:21,2022-08-04,False
9171,Male,1945-10-08,Active,Bristol,AL,35228,US,2021-04-21 21:12:58,2025-02-22,True
9292,Male,1967-08-01,Closed,Chester,ME,44014,US,2019-06-03 05:39:24,2021-10-21,False
9561,Prefer Not To Say,1974-09-13,Active,Springfield,WV,48908,US,2019-04-29 17:52:14,2025-02-02,True
9650,Male,1997-08-15,Active,Madison,MN,11053,US,2022-11-06 08:06:44,2025-05-04,True
9903,Male,1948-11-06,Closed,Lowell,MA,77393,US,2022-04-20 12:41:41,2023-03-20,False
9908,Male,1999-03-18,Blocked,San Antonio,TX,49100,US,2015-07-18 16:42:21,2018-10-03,False
241,Male,1990-07-05,Active,Clinton,ND,49968,US,2018-04-13 20:15:33,2025-08-11,True
322,Female,1978-02-19,Active,Clinton,RI,26688,US,2024-06-01 20:23:14,2025-08-13,True
395,Female,2004-10-27,Closed,Red Deer,AB,,CA,2023-05-11 17:08:12,2023-07-31,False
483,Male,2010-11-19,Active,Franklin,NH,83819,US,2023-12-26 10:43:00,2025-12-08,True
949,Female,1951-10-03,Active,Clinton,NH,15114,US,2024-06-05 15:42:21,2025-06-09,True
1096,Female,1941-06-07,Active,Georgetown,MS,26586,US,2017-01-04 18:44:22,2025-12-02,True
1137,Other,1962-07-05,Active,Franklin,ND,52007,US,2018-08-28 04:45:50,2025-04-19,True
1428,Male,2009-03-29,Active,Fort Worth,TX,21639,US,2022-09-14 19:52:54,2025-03-03,True
1743,Female,1975-03-30,Inactive,Madison,IA,87395,US,2020-01-17 08:03:32,2024-09-13,False
1913,Other,1960-09-05,Inactive,San Antonio,TX,21360,US,2015-04-08 21:11:59,2021-07-17,False
2102,Female,1991-03-20,Active,Riverside,LA,60604,US,2015-07-17 06:34:13,2025-07-29,True
2365,Female,2002-06-16,Active,Phoenix,AZ,72832,US,2015-07-20 16:17:45,2025-01-03,True
2944,Male,1969-01-11,Active,San Antonio,TX,61261,US,2021-03-27 17:04:23,2025-06-09,True
3102,Female,1976-10-11,Active,Colorado Springs,CO,72715,US,2015-01-29 17:34:05,2025-06-04,True
3235,Male,1993-12-23,Inactive,Franklin,CT,10469,US,2016-03-02 06:44:44,2023-03-25,False
3279,Male,1997-10-02,Active,Clinton,WV,89393,US,2022-07-04 16:15:39,2025-01-27,True
3310,Female,1967-02-20,Active,Clinton,NE,20451,US,2019-06-15 06:32:16,2025-01-14,True
3554,Female,1992-08-16,Inactive,Salem,PE,,CA,2025-05-17 02:50:40,2025-06-13,False
3575,Female,1963-12-11,Active,Austin,TX,49752,US,2017-07-26 07:05:25,2025-02-11,True
3721,Male,2005-01-12,Active,Macon,GA,59623,US,2024-12-21 12:01:22,2025-07-18,True
3777,Prefer Not To Say,1980-06-28,Closed,Hamilton,ON,,CA,2023-01-11 11:24:26,2023-06-11,False
3883,Male,1964-11-02,Blocked,Cincinnati,OH,98619,US,2015-07-19 14:07:54,2018-06-04,False
4239,Female,2003-01-31,Inactive,Riverside,CT,77171,US,2025-02-09 04:52:17,2025-11-23,False
4305,Female,1995-12-11,Blocked,Gatineau,QC,,CA,2018-02-26 12:06:25,2024-10-05,False
4347,Prefer Not To Say,1945-12-03,Active,Madison,VA,42702,US,2024-04-10 04:47:43,2025-01-20,True
4447,Male,1973-09-02,Inactive,Raleigh,NC,19644,US,2018-07-09 16:45:53,2023-09-26,False
5382,Male,1991-07-18,Active,Georgetown,NU,,CA,2023-02-28 11:50:11,2025-11-14,True
5462,Female,1943-04-28,Closed,Madison,NM,39095,US,2018-05-30 03:01:08,2020-02-26,False
5852,Female,1948-03-23,Active,Fairview,NH,36575,US,2020-07-02 15:18:54,2025-04-11,True
5976,Female,1979-01-14,Active,Franklin,VA,17954,US,2024-01-04 22:59:54,2025-05-19,True
6044,Female,1988-02-01,Inactive,Madison,DE,48280,US,2016-10-31 04:22:41,2021-04-14,False
6181,Other,1951-07-18,Active,Pittsburgh,PA,78827,US,2018-06-02 21:24:41,2025-10-05,True
6359,Male,1953-01-25,Active,Bristol,SC,94684,US,2019-01-16 13:50:49,2025-09-22,True
6377,Female,1998-01-07,Inactive,Georgetown,NJ,62557,US,2018-06-22 17:47:56,2019-06-25,False
6388,Male,1975-06-17,Active,Clinton,NM,64545,US,2019-07-19 19:56:08,2025-04-24,True
6506,Female,1945-04-19,Active,Riverside,UT,59547,US,2023-10-18 02:47:39,2025-03-06,True
6706,Female,1951-12-17,Active,San Antonio,TX,76430,US,2025-10-03 08:23:09,2025-12-10,True
6825,Female,1961-07-16,Active,Madison,NB,,CA,2015-02-06 06:42:58,2025-01-15,True
7029,Female,1954-05-04,Inactive,Madison,LA,19406,US,2015-12-10 20:54:03,2023-12-23,False
7311,Male,1958-04-14,Active,Chandler,AZ,97742,US,2019-06-05 15:33:03,2024-12-24,True
7391,Male,2001-12-21,Active,Georgetown,SK,,CA,2020-09-12 12:38:18,2025-01-03,True
7521,Female,1958-10-31,Inactive,Ottawa,ON,,CA,2020-05-28 02:16:10,2020-11-01,False
7550,Female,1958-04-13,Active,Madison,SC,12089,US,2018-03-13 22:10:48,2025-09-07,True
7911,Female,1975-11-06,Active,Chester,NJ,23380,US,2019-09-24 03:34:08,2025-11-05,True
7948,Male,1953-02-26,Blocked,Red Deer,AB,,CA,2019-09-17 16:33:11,2020-10-19,False
7976,Female,1992-02-29,Inactive,Clinton,NL,,CA,2015-06-10 03:52:16,2018-07-16,False
8067,Male,1948-06-25,Active,Chicago,IL,70206,US,2023-04-19 10:57:42,2025-06-19,True
8686,Male,1978-04-02,Active,Chester,MT,96669,US,2018-09-17 17:55:32,2025-02-08,True
8774,Male,1950-08-18,Active,Chandler,AZ,61472,US,2025-09-03 08:27:38,2025-09-24,True
8785,Female,1945-06-05,Active,Georgetown,PE,,CA,2016-11-01 09:45:46,2025-02-13,True
8889,Female,1982-10-24,Inactive,Boston,MA,29550,US,2017-12-09 23:44:02,2018-04-23,False
9055,Male,1943-07-14,Active,Riverside,DE,25916,US,2023-08-06 02:25:20,2025-11-13,True
9197,Male,1997-05-14,Inactive,Fairview,AR,21707,US,2018-06-28 00:35:47,2021-03-08,False
9228,Female,1955-12-18,Active,Riverside,NE,85153,US,2020-12-12 05:34:41,2025-02-24,True
9529,Female,1966-08-17,Closed,Columbus,OH,99390,US,2016-08-16 07:50:25,2019-10-24,False
9594,Female,1999-03-24,Active,Riverside,NM,56914,US,2016-01-29 05:07:07,2025-01-18,True
9784,Female,1969-10-16,Active,San Jose,CA,97668,US,2018-06-11 05:51:00,2025-12-08,True
9891,Female,1989-01-15,Active,Franklin,TN,39794,US,2020-12-31 07:24:51,2025-10-18,True
466,Female,2001-07-19,Closed,Boulder,CO,24357,US,2019-09-22 04:13:29,2021-11-06,False
565,Male,1950-04-16,Active,Houston,TX,63057,US,2025-05-05 12:33:59,2025-10-05,True
776,Female,1989-05-10,Active,Ann Arbor,MI,35258,US,2021-03-25 21:01:31,2025-03-04,True
803,Female,1952-06-25,Active,Victoria,BC,,CA,2021-10-23 08:11:29,2024-12-27,True
1118,Female,1947-03-29,Closed,Georgetown,UT,46694,US,2016-03-20 13:02:07,2020-02-14,False
1299,Female,1948-04-16,Active,Springfield,OK,12526,US,2017-07-14 19:09:34,2025-10-18,True
1407,Male,1979-10-05,Active,Springfield,YT,,CA,2024-10-07 15:08:14,2025-02-28,True
1411,Other,1960-08-31,Active,Salem,NB,,CA,2016-07-03 21:20:35,2025-11-09,True
1464,Male,1972-03-04,Active,Franklin,HI,12850,US,2024-04-22 15:53:35,2025-05-31,True
1774,Male,1989-11-25,Active,Springfield,RI,78710,US,2023-04-15 11:42:35,2025-02-23,True
2136,Male,1975-01-28,Active,Madison,RI,61596,US,2018-05-02 00:09:12,2025-12-17,True
2280,Male,1958-07-31,Closed,Columbus,OH,84306,US,2016-10-16 14:58:17,2019-10-06,False
2334,Female,1955-01-02,Inactive,Chester,AK,79243,US,2023-02-05 05:04:34,2023-07-15,False
2358,Female,1951-01-18,Blocked,Riverside,WI,22344,US,2018-12-22 19:37:32,2019-05-15,False
2605,Male,1967-02-08,Blocked,Bristol,MN,40111,US,2024-09-27 09:37:40,2025-12-23,False
3017,Female,1999-03-22,Active,Charlotte,NC,81777,US,2021-02-03 18:29:39,2025-04-16,True
3417,Female,1989-08-09,Active,Riverside,MS,20217,US,2022-04-21 12:27:31,2024-12-31,True
3759,Female,1978-09-20,Active,Grand Rapids,MI,97785,US,2019-01-29 20:12:51,2025-12-19,True
3762,Female,1967-11-28,Active,Springfield,CT,91352,US,2016-08-24 19:18:16,2025-11-09,True
3880,Female,1942-03-03,Active,Georgetown,AR,30250,US,2018-03-27 10:00:05,2025-03-06,True
4216,Male,1949-06-16,Active,Bristol,HI,80485,US,2020-06-04 00:41:58,2025-07-25,True
4682,Female,1981-07-13,Inactive,Madison,KY,84154,US,2022-09-05 03:36:38,2025-12-10,False
4765,Other,1944-12-13,Closed,Franklin,NL,,CA,2021-10-24 19:59:40,2025-02-22,False
5061,Female,1956-02-28,Active,Fairview,WI,68516,US,2023-03-08 16:35:23,2025-09-12,True
5124,Male,2005-11-13,Active,Akron,OH,40995,US,2020-04-08 10:08:30,2025-11-05,True
5380,Female,1954-01-26,Active,Bristol,KY,,US,2024-03-16 07:46:43,2025-03-03,True
5460,Male,1991-03-21,Active,Georgetown,VA,62395,US,2023-09-18 12:19:31,2025-09-03,True
5486,Male,1948-05-08,Active,Clinton,MS,85154,US,2015-11-28 08:48:52,2025-01-26,True
6107,Male,1967-04-16,Active,Salem,NE,39086,US,2025-09-15 00:33:04,2025-11-29,True
6247,Female,1957-07-15,Active,Bellevue,WA,88140,US,2019-02-18 23:24:59,2025-02-18,True
6420,Female,2003-09-27,Active,Springfield,ME,99898,US,2023-01-20 19:52:30,2025-07-29,True
6438,Female,1950-02-27,Active,Vancouver,BC,,CA,2020-02-21 23:50:51,2025-05-03,True
6592,Female,1951-12-17,Active,Franklin,NH,75023,US,2017-10-10 08:40:30,2025-05-24,True
6979,Male,1962-07-12,Active,Salem,KY,45102,US,2019-12-07 04:43:41,2025-06-20,True
7083,Female,1956-12-18,Active,Boston,MA,71669,US,2024-09-15 18:54:44,2025-07-28,True
7100,Female,2009-03-15,Active,Riverside,NB,,CA,2022-08-08 03:41:53,2024-12-26,True
7193,Female,1946-03-25,Active,Madison,WY,55494,US,2015-11-27 17:44:46,2025-01-20,True
7940,Other,1995-07-01,Active,Fairview,MN,40484,US,2019-02-27 13:34:11,2025-05-12,True
7955,Male,1987-12-07,Closed,Tucson,AZ,57998,US,2018-10-29 07:57:15,2019-06-26,False
7974,Female,1983-05-31,Active,Springfield,WV,73425,US,2023-05-05 12:18:16,2025-10-01,True
8005,Other,1971-04-22,Active,Savannah,GA,42535,US,2021-07-07 12:19:11,2025-12-22,True
8219,Female,1988-01-15,Inactive,Madison,TN,20174,US,2020-08-24 16:37:38,2022-02-20,False
8364,Female,1945-05-19,Active,Fairview,MD,76004,US,2018-06-18 07:28:59,2025-09-13,True
8679,Other,1955-01-26,Active,Chester,MS,11788,US,2022-01-21 21:31:37,2025-04-07,True
9106,Female,1993-11-17,Active,Augusta,GA,90571,US,2021-01-29 07:19:26,2025-08-15,True
9553,Male,1958-06-02,Active,Salem,CT,69759,US,2022-12-21 05:59:27,2025-09-02,True
9616,Female,1964-08-20,Inactive,Springfield,WI,91248,US,2020-09-04 03:35:48,2025-09-09,False
9720,Female,1952-03-27,Active,Fairview,NM,17602,US,2015-05-01 12:17:43,2025-10-11,True
42,Female,1949-02-12,Active,Georgetown,KY,62855,US,2025-08-07 12:32:29,2025-10-24,True
65,Male,1951-08-19,Inactive,Franklin,MS,43438,US,2023-08-26 00:21:51,2024-11-07,False
501,Male,1949-02-11,Active,Franklin,AL,48488,US,2025-07-12 04:14:29,2025-09-22,True
511,Other,1942-04-05,Active,Clinton,MT,15443,US,2016-07-18 23:24:04,2025-03-27,True
586,Female,1990-05-26,Active,Fort Collins,CO,42182,US,2023-04-20 06:43:46,2025-11-16,True
684,Male,1971-05-11,Active,Denver,CO,63306,US,2017-02-01 15:09:33,2025-05-03,True
1032,Male,2008-06-06,Active,Clinton,NS,,CA,2022-03-20 23:15:21,2025-07-31,True
1077,Male,1945-09-23,Inactive,Savannah,GA,38315,US,2019-02-11 11:21:50,2020-12-07,False
1086,Male,1949-09-06,Active,San Antonio,TX,54335,US,2019-05-27 19:55:37,2025-09-20,True
1405,Female,1996-04-25,Active,Madison,TN,46327,US,2015-10-03 01:32:04,2025-03-21,True
2096,Female,2000-02-12,Closed,Franklin,SK,,CA,2019-07-13 13:16:11,2021-12-01,False
3311,Male,1993-06-10,Active,Augusta,GA,46533,US,2020-08-03 11:45:17,2025-08-20,True
3397,Male,1975-05-11,Active,Georgetown,KS,50372,US,2022-07-08 12:24:12,2025-06-19,True
4082,Male,1984-10-22,Active,Madison,NJ,81764,US,2019-12-08 17:18:40,2025-11-25,True
4191,Male,1976-07-29,Active,Bristol,ME,10475,US,2020-03-14 11:03:41,2025-08-23,True
4853,Female,1980-02-13,Inactive,Chester,TN,49695,US,2019-01-05 02:30:06,2020-08-15,False
5027,Male,1959-12-03,Closed,Bristol,VT,68297,US,2015-09-21 23:06:48,2020-11-18,False
5338,Male,1993-08-14,Inactive,Detroit,MI,78599,US,2015-01-04 13:49:31,2019-04-24,False
5443,Male,1961-07-29,Active,Mesa,AZ,97064,US,2017-12-16 09:06:58,2025-01-29,True
5498,Female,1962-02-14,Active,Grand Rapids,MI,28578,US,2025-05-25 22:22:57,2025-07-04,True
5645,Female,1952-04-24,Blocked,Springfield,IN,39637,US,2020-01-26 02:39:54,2025-04-27,False
5697,Female,1981-11-29,Blocked,Riverside,ID,47760,US,2023-04-02 07:10:11,2023-10-28,False
6368,Female,1969-11-03,Active,Surrey,BC,,CA,2017-05-22 10:11:38,2025-08-23,True
6395,Male,1960-07-05,Active,Bristol,ID,75554,US,2019-11-12 17:20:49,2025-03-13,True
6481,Male,1987-08-10,Blocked,Riverside,KS,18431,US,2023-05-02 06:15:49,2024-10-31,False
6776,Male,1992-02-11,Closed,Durham,NC,61930,US,2019-12-27 07:46:14,2022-12-09,False
7342,Female,1942-11-21,Closed,Bristol,UT,46581,US,2024-04-29 03:11:40,2025-05-12,False
7383,Female,1976-12-31,Active,Clinton,DE,66905,US,2018-01-30 18:40:33,2025-03-29,True
7820,Male,1988-11-14,Active,Franklin,NL,,CA,2015-05-26 12:04:45,2025-05-03,True
7977,Female,1976-03-15,Active,Cambridge,MA,32870,US,2022-03-09 18:07:34,2025-01-05,True
8131,Male,2004-11-02,Active,Springfield,WV,58601,US,2023-03-24 13:43:49,2025-06-15,True
8176,Male,1969-10-03,Inactive,Georgetown,MN,51942,US,2018-12-28 06:47:29,2021-02-08,False
8245,Female,1996-04-19,Inactive,Bristol,NU,,CA,2020-03-29 22:49:17,2021-06-11,False
8501,Female,1963-06-26,Active,Fairview,YT,,CA,2015-07-07 11:12:06,2025-01-26,True
8770,Female,1985-06-24,Active,Madison,KS,79901,US,2016-01-31 04:32:33,2025-10-01,True
8864,Male,1954-08-06,Active,Clinton,KS,67265,US,2019-03-22 19:21:19,2025-09-14,True
8898,Female,1963-08-01,Active,Scottsdale,AZ,70664,US,2022-11-03 16:53:25,2025-02-15,True
9591,Male,1982-05-19,Active,Riverside,SD,33284,US,2016-11-20 20:43:34,2025-05-11,True
9876,Male,1959-11-30,Active,Clinton,SD,24820,US,2025-09-17 01:50:35,2025-11-09,True
193,Prefer Not To Say,1953-03-21,Inactive,Salem,SK,,CA,2025-05-07 17:40:46,2025-09-09,False
342,Female,1961-10-23,Active,Salem,CT,15339,US,2015-07-21 08:19:53,2025-03-19,True
440,Female,1977-11-13,Active,Madison,SC,97042,US,2017-06-13 01:09:37,2025-07-15,True
506,Female,1961-04-17,Closed,Aurora,IL,70243,US,2019-09-13 02:48:36,2023-12-21,False
1272,Female,1950-03-09,Active,Chester,VT,37602,US,2019-09-27 23:48:49,2025-08-05,True
1658,Male,1990-08-04,Active,Chicago,IL,27537,US,2017-02-10 20:39:41,2025-12-06,True
1994,Female,1960-12-27,Active,Scottsdale,AZ,30527,US,2017-12-02 22:16:25,2025-04-14,True
2115,Female,1973-12-10,Active,Chester,ND,29853,US,2015-07-13 22:49:44,2025-06-23,True
2259,Female,1944-11-02,Active,Fairview,WI,89196,US,2021-09-26 22:22:29,2025-03-29,True
2408,Female,2000-05-21,Active,Columbus,OH,89686,US,2021-03-18 13:13:33,2025-05-14,True
2668,Male,2006-04-12,Active,Clinton,CT,35498,US,2025-10-27 20:28:35,2025-12-20,True
2806,Female,1983-04-09,Active,Bristol,MB,,CA,2018-10-30 07:55:06,2025-05-01,True
3092,Male,1955-05-03,Active,Bristol,DE,18414,US,2016-04-23 21:31:19,2025-04-03,True
4158,Male,1969-05-12,Active,Chester,KY,41134,US,2019-09-07 01:01:47,2025-07-24,True
4379,Female,2006-03-24,Active,Rochester,NY,13352,US,2023-05-31 13:16:16,2025-12-10,True
4791,Female,2007-06-14,Active,Madison,KY,41343,US,2025-01-19 19:13:21,2025-04-06,True
4939,Female,1969-02-20,Active,Franklin,MN,64905,US,2025-08-15 07:00:04,2025-11-27,True
5045,Female,1969-09-22,Closed,Fairview,SC,76037,US,2024-07-07 06:19:59,2025-05-11,False
5647,Female,2001-04-11,Closed,Springfield,LA,78110,US,2019-09-29 05:43:52,2022-10-24,False
5686,Female,1953-11-06,Closed,Springfield,MD,67991,US,2025-03-14 06:51:08,2025-06-17,False
5722,Female,1978-01-05,Active,Clinton,UT,19680,US,2017-10-12 18:34:28,2025-02-02,True
5831,Female,1950-05-18,Active,Madison,IN,10653,US,2018-07-28 22:47:59,2025-10-14,True
6046,Male,1964-04-22,Inactive,Springfield,WV,16879,US,2021-10-14 15:07:07,2024-10-29,False
6363,Male,1982-07-08,Inactive,Salem,KS,94758,US,2022-09-09 19:24:22,2025-01-27,False
6607,Male,1973-03-22,Active,Chester,AL,62890,US,2025-12-11 08:39:04,2025-12-13,True
6756,Male,1998-09-04,Active,Bristol,MD,59648,US,2015-08-29 13:38:36,2025-10-24,True
6845,Male,1970-07-30,Active,Salem,NE,85876,US,2018-03-12 05:52:47,2025-05-01,True
7082,Female,1943-12-23,Active,Franklin,PE,,CA,2018-10-11 02:13:57,2025-12-08,True
7194,Male,1956-10-03,Closed,Riverside,MD,52738,US,2021-06-25 03:22:10,2024-01-16,False
7366,Prefer Not To Say,1986-10-11,Active,Phoenix,AZ,56775,US,2022-04-20 04:01:35,2024-12-25,True
7372,Female,1953-02-24,Active,Fairview,WY,10615,US,2021-12-07 08:36:39,2025-07-03,True
7663,Female,1953-06-09,Active,Clinton,NM,,US,2021-12-19 05:54:09,2025-07-09,True
7770,Female,1988-04-28,Inactive,Lethbridge,AB,,CA,2015-12-06 13:26:55,2019-06-24,False
7805,Male,1980-08-21,Closed,Tucson,AZ,56619,US,2016-06-02 14:03:53,2021-01-04,False
7918,Male,1980-02-26,Active,Clinton,ID,51940,US,2022-01-15 02:25:54,2025-08-04,True
8508,Female,1976-03-13,Active,Springfield,NM,47720,US,2015-11-28 22:06:40,2025-03-21,True
8645,Male,1966-04-24,Inactive,Los Angeles,CA,60589,US,2022-06-17 09:49:52,2023-07-04,False
9004,Female,1968-01-20,Inactive,Seattle,WA,82436,US,2024-03-19 02:12:11,2025-09-29,False
9119,Male,1988-01-10,Active,Riverside,MT,76740,US,2019-05-09 10:40:16,2025-09-11,True
9566,Male,1982-11-01,Active,Durham,NC,89675,US,2022-01-09 10:28:37,2025-12-05,True
9574,Female,1986-01-16,Blocked,Fairview,SD,79768,US,2025-02-17 08:15:55,2025-06-17,False
9936,Female,1959-09-09,Closed,Franklin,LA,23336,US,2024-07-05 02:20:39,2025-04-11,False
180,Female,1982-10-12,Active,Aurora,CO,75767,US,2020-09-29 19:21:27,2025-05-09,True
710,Female,1976-01-28,Closed,Fairview,CT,26232,US,2022-05-14 14:13:46,2023-05-29,False
858,Male,1947-01-21,Blocked,Clinton,SC,11497,US,2017-10-14 10:15:31,2022-02-08,False
1065,Male,1997-09-16,Active,Georgetown,AK,38893,US,2024-06-21 06:41:17,2025-02-16,True
1246,Female,1977-10-11,Active,Joliet,IL,43875,US,2017-01-28 11:42:53,2025-02-21,True
1524,Male,1969-07-14,Active,Bristol,NS,,CA,2019-02-14 08:58:34,2025-07-03,True
1538,Male,1994-01-03,Closed,Georgetown,VT,19436,US,2018-04-17 22:29:04,2024-04-14,False
1605,Male,1991-05-09,Active,Springfield,AR,47921,US,2018-04-10 09:11:46,2025-09-30,True
1619,Female,1998-07-23,Active,Augusta,GA,99583,US,2017-06-19 21:24:58,2025-08-16,True
1741,Prefer Not To Say,1981-12-15,Active,Springfield,LA,92836,US,2022-07-04 18:12:56,2025-04-08,True
1875,Male,1949-02-22,Closed,Raleigh,NC,24700,US,2019-10-11 22:41:31,2021-04-20,False
1958,Male,1978-02-21,Closed,Salem,MO,66823,US,2018-09-24 23:01:34,2024-05-07,False
1965,Male,1950-07-08,Active,Clinton,LA,37640,US,2019-12-17 07:48:28,2025-11-17,True
2051,Male,1962-10-19,Active,Philadelphia,PA,28536,US,2016-09-25 21:32:48,2025-06-05,True
2411,Male,1965-07-29,Inactive,Bristol,MN,99592,US,2017-11-23 14:42:15,2018-09-27,False
2972,Male,1950-06-11,Active,Georgetown,IA,73066,US,2019-01-21 17:56:01,2025-07-07,True
3169,Male,2001-12-24,Inactive,Grand Rapids,MI,33179,US,2021-05-14 15:57:41,2022-10-02,False
3355,Male,1943-09-12,Blocked,Madison,AK,78596,US,2016-04-05 10:08:06,2022-01-05,False
4241,Male,1995-05-30,Active,Toledo,OH,75666,US,2023-12-01 09:30:50,2025-09-07,True
4614,Female,1992-12-23,Active,Raleigh,NC,52819,US,2018-08-11 17:38:37,2025-01-15,True
5008,Female,1963-12-25,Active,Madison,UT,19369,US,2022-11-07 01:43:56,2025-12-18,True
5240,Male,1948-08-12,Active,Tucson,AZ,88170,US,2016-02-07 21:01:19,2025-11-01,True
5271,Other,1988-06-20,Active,Georgetown,NJ,16776,US,2020-10-24 18:28:18,2025-08-05,True
5420,Male,1987-06-02,Inactive,Bristol,SK,,CA,2015-04-14 16:36:28,2023-11-23,False
5599,Female,1941-03-20,Active,Akron,OH,86173,US,2025-12-17 18:01:40,2025-12-24,True
6084,Prefer Not To Say,1969-07-28,Closed,Springfield,HI,61146,US,2018-09-07 22:59:23,2021-01-04,False
6117,Other,1960-01-22,Active,Salem,WV,51230,US,2015-12-30 10:01:39,2025-01-21,True
6217,Female,1951-12-09,Active,Joliet,IL,99096,US,2015-09-28 16:50:50,2025-01-02,True
6529,Male,1996-05-02,Active,Boulder,CO,11179,US,2020-03-09 13:04:49,2025-03-06,True
6878,Female,1985-03-29,Inactive,Bristol,KY,86729,US,2019-05-17 02:43:51,2024-05-05,False
7268,Female,2001-02-25,Active,North Las Vegas,NV,16478,US,2018-03-28 06:46:16,2025-07-27,True
7297,Female,1977-10-25,Active,Springfield,ND,91674,US,2025-10-13 16:44:49,2025-12-13,True
7999,Female,1952-12-01,Active,Springfield,VA,86271,US,2017-11-25 02:51:56,2025-07-19,True
8205,Male,1998-08-07,Active,Vancouver,WA,52297,US,2017-10-11 16:18:51,2025-11-09,True
8308,Male,2006-10-25,Closed,Bristol,NT,,CA,2024-04-21 02:04:55,2025-07-08,False
8386,Male,1977-06-25,Active,Franklin,DE,76763,US,2019-04-21 11:23:47,2025-02-25,True
8444,Male,1998-04-30,Active,Riverside,UT,71234,US,2016-08-05 12:33:19,2025-08-03,True
8493,Male,1958-08-06,Closed,San Diego,CA,63902,US,2016-12-30 21:09:37,2021-06-01,False
8609,Female,1966-02-15,Active,Georgetown,UT,32124,US,2024-10-14 02:29:17,2025-02-11,True
8712,Female,1975-06-04,Active,Buffalo,NY,45208,US,2020-09-15 17:07:37,2025-07-19,True
8773,Female,1994-03-01,Inactive,Miami,FL,31435,US,2022-07-31 13:30:53,2025-11-26,False
8962,Prefer Not To Say,1962-04-18,Inactive,Greensboro,NC,27179,US,2015-10-18 13:38:36,2025-11-06,False
9220,Female,1994-03-18,Active,Chester,IA,33361,US,2025-07-03 15:32:22,2025-08-07,True
9235,Prefer Not To Say,1946-05-19,Active,Austin,TX,69007,US,2024-07-18 03:59:45,2025-04-18,True
9473,Female,2004-11-21,Active,Georgetown,NJ,48166,US,2021-07-10 12:51:47,2025-06-25,True
9810,Female,2000-03-21,Active,Detroit,MI,80548,US,2024-09-25 15:36:50,2025-01-10,True
9842,Female,2001-02-21,Closed,Springfield,AR,69750,US,2023-10-16 13:37:46,2025-05-19,False
8356,Female,2001-01-18,Closed,Scottsdale,AZ,95022,US,2019-11-04 05:04:16,2020-10-29,False
447,Female,1953-04-14,Inactive,Riverside,MD,67392,US,2021-06-30 19:01:28,2023-01-01,False
612,Prefer Not To Say,1947-08-17,Active,Salem,WV,72158,US,2021-08-10 22:48:07,2025-08-15,True
875,Female,1983-04-08,Closed,Franklin,OK,61679,US,2020-05-28 20:40:08,2024-08-13,False
926,Male,1989-04-22,Active,Fairview,DE,34867,US,2020-02-05 03:27:08,2025-03-24,True
1028,Female,1954-12-20,Active,London,ON,,CA,2019-12-02 03:16:14,2025-01-08,True
1394,Male,1975-07-18,Active,Madison,LA,27129,US,2018-02-23 17:05:13,2025-08-25,True
1677,Male,1997-07-15,Inactive,Clinton,SD,90392,US,2020-08-25 23:10:42,2020-11-22,False
2026,Male,1949-04-24,Active,Syracuse,NY,81602,US,2019-09-07 22:13:13,2025-08-07,True
2296,Female,1944-09-02,Active,Madison,MT,97085,US,2017-06-18 02:24:12,2025-12-12,True
2302,Female,1989-01-16,Active,Raleigh,NC,53287,US,2020-12-22 07:10:22,2025-07-13,True
2311,Female,2009-03-17,Active,Chester,AK,83546,US,2025-04-27 12:01:51,2025-07-10,True
2318,Female,2004-02-07,Closed,Medicine Hat,AB,,CA,2019-07-13 15:49:57,2021-02-02,False
2362,Other,2004-01-28,Active,Grand Rapids,MI,64851,US,2023-01-17 02:20:52,2025-02-19,True
3252,Female,1998-06-18,Active,Riverside,NB,,CA,2021-03-08 19:25:36,2025-01-22,True
3683,Prefer Not To Say,1978-07-23,Active,Madison,MO,52126,US,2018-07-18 00:09:49,2025-08-14,True
4039,Male,1978-01-01,Active,Cambridge,MA,82158,US,2020-09-26 22:56:44,2025-03-26,True
4146,Female,1999-04-26,Active,Springfield,CT,30968,US,2019-12-28 20:13:06,2025-03-10,True
4595,Female,1960-07-09,Inactive,Atlanta,GA,38889,US,2016-08-11 10:26:01,2021-05-28,False
4719,Male,1995-09-05,Active,Cincinnati,OH,78099,US,2018-01-02 13:57:05,2025-09-15,True
4749,Male,1972-11-26,Active,Franklin,HI,32210,US,2015-07-13 18:11:45,2025-06-07,True
5142,Female,1964-09-28,Active,Reno,NV,62141,US,2018-04-03 00:51:25,2025-08-01,True
5267,Other,2006-09-08,Active,Grand Rapids,MI,31541,US,2023-08-16 14:06:45,2025-02-03,True
5806,Male,1987-07-12,Active,Riverside,CT,64697,US,2025-04-19 09:42:13,2025-06-22,True
5839,Female,1977-03-15,Active,Bristol,MS,99178,US,2015-11-29 22:18:09,2025-08-30,True
5954,Female,1950-11-15,Blocked,Riverside,NJ,63266,US,2022-03-01 10:22:13,2022-09-12,False
6092,Male,1970-11-02,Blocked,Franklin,HI,55187,US,2025-04-21 03:14:23,2025-10-12,False
6240,Prefer Not To Say,1956-01-28,Inactive,Springfield,MN,89672,US,2023-10-03 11:00:30,2024-06-18,False
6391,Male,1991-08-02,Closed,Georgetown,NB,,CA,2021-12-20 18:17:24,2024-01-16,False
6431,Male,1982-06-10,Active,Bristol,CT,24937,US,2023-10-02 09:12:38,2025-03-16,True
6634,Male,1944-10-28,Inactive,Grand Rapids,MI,95111,US,2022-01-10 07:31:38,2024-09-09,False
6846,Male,2000-12-05,Active,Springfield,MD,82582,US,2018-02-13 17:56:55,2025-05-17,True
6956,Male,1949-10-20,Inactive,Bristol,MD,48463,US,2022-07-19 21:19:45,2025-01-10,False
6998,Female,1966-04-18,Inactive,Franklin,UT,92632,US,2023-04-22 14:36:37,2024-01-09,False
7135,Other,1978-07-06,Blocked,Clinton,RI,18561,US,2018-06-08 04:25:51,2022-09-05,False
7167,Male,1988-08-30,Inactive,Salem,MT,16402,US,2020-06-28 06:20:06,2025-02-27,False
7350,Male,2009-10-19,Active,Georgetown,SK,,CA,2024-06-18 09:40:49,2025-06-01,True
7373,Female,1990-11-18,Active,Chester,MN,32116,US,2023-12-30 08:03:12,2025-07-09,True
7512,Male,1950-02-16,Active,Riverside,MS,48714,US,2020-09-21 08:24:18,2025-12-11,True
7824,Female,1984-07-12,Active,Bristol,SD,40437,US,2025-06-16 05:42:51,2025-07-19,True
7894,Female,1951-06-29,Active,Akron,OH,30509,US,2025-02-27 20:57:39,2025-07-17,True
7928,Female,2001-05-12,Active,Springfield,OR,54218,US,2024-11-14 18:03:42,2025-11-28,True
7984,Male,1998-01-12,Closed,Riverside,VA,58990,US,2017-11-02 03:52:09,2019-03-17,False
8197,Female,1990-02-21,Active,Riverside,WY,43516,US,2015-12-15 13:20:30,2025-03-03,True
8200,Male,1995-12-08,Active,Franklin,NE,90864,US,2025-11-14 09:49:15,2025-12-17,True
8232,Female,1955-11-08,Closed,Houston,TX,11169,US,2024-12-03 01:18:23,2025-03-11,False
8257,Male,1974-05-06,Active,Riverside,UT,81743,US,2015-06-09 19:42:48,2025-02-10,True
8280,Male,1943-11-23,Active,Georgetown,RI,93256,US,2022-03-14 06:09:27,2025-03-04,True
8349,Male,1959-04-13,Active,Chester,SD,60796,US,2025-08-11 18:06:19,2025-09-02,True
9058,Prefer Not To Say,2002-09-20,Active,Chicago,IL,11694,US,2018-06-29 04:01:59,2025-05-07,True
9131,Male,1992-09-09,Active,Mississauga,ON,,CA,2021-06-04 02:01:01,2025-04-20,True
9283,Male,1951-05-26,Active,Georgetown,KY,65962,US,2020-09-18 04:48:16,2024-12-25,True
9533,Female,1950-04-02,Active,Franklin,WY,47294,US,2020-07-30 13:48:11,2025-11-07,True
9741,Male,1977-03-15,Inactive,Reno,NV,28692,US,2015-08-13 07:07:50,2020-12-24,False
31,Female,1946-01-29,Inactive,Springfield,OK,68947,US,2018-12-12 16:04:19,2024-02-16,False
277,Other,1968-04-11,Active,Jacksonville,FL,45940,US,2019-02-27 04:19:21,2025-06-27,True
662,Female,1967-07-02,Blocked,Clinton,WI,92474,US,2016-07-18 17:30:16,2025-11-07,False
749,Male,1961-02-12,Active,Fairview,VA,75628,US,2018-07-20 17:20:03,2025-03-21,True
873,Male,1966-02-03,Active,Georgetown,ID,97071,US,2024-06-04 04:43:40,2025-04-26,True
921,Male,2003-03-11,Active,Fairview,OR,13155,US,2019-07-12 04:19:27,2025-03-13,True
1210,Prefer Not To Say,1948-09-08,Active,Springfield,MA,93015,US,2018-03-14 01:08:25,2025-02-26,True
1241,Male,1994-08-13,Active,Madison,ID,45108,US,2019-01-07 06:30:43,2025-02-03,True
1269,Male,1989-07-07,Active,Salem,HI,18576,US,2023-03-31 01:22:34,2025-08-17,True
1368,Prefer Not To Say,1996-10-23,Active,Buffalo,NY,58171,US,2020-10-17 19:33:16,2025-04-25,True
1513,Male,1962-03-05,Active,Springfield,MD,71628,US,2025-12-20 21:46:09,2025-12-21,True
1529,Male,1953-08-30,Active,Georgetown,MB,,CA,2017-07-11 00:42:50,2025-04-27,True
1820,Male,1953-05-10,Inactive,Georgetown,NJ,67079,US,2017-10-25 18:42:17,2018-07-30,False
2087,Male,2005-05-15,Blocked,Clinton,ND,33700,US,2022-10-17 23:46:15,2024-04-14,False
2489,Male,1954-07-11,Active,Edmonton,AB,,CA,2023-10-30 04:29:40,2025-11-21,True
2647,Male,1975-03-19,Active,Riverside,VT,33163,US,2021-07-17 14:13:54,2025-04-27,True
2954,Female,1959-04-21,Inactive,Bristol,SD,95080,US,2023-09-05 03:01:03,2025-08-11,False
3387,Female,1954-01-06,Inactive,Fairview,OR,81170,US,2024-11-29 03:54:07,2025-03-27,False
3470,Female,1992-03-26,Inactive,Salem,SC,29056,US,2018-12-24 18:03:02,2020-03-18,False
3623,Male,1993-01-12,Inactive,Clinton,YT,,CA,2025-05-19 08:26:08,2025-10-05,False
3894,Female,1944-03-22,Blocked,Salem,HI,32641,US,2025-02-16 04:01:33,2025-07-18,False
4109,Male,1998-10-25,Active,Riverside,IA,88769,US,2023-01-13 05:29:06,2025-05-30,True
4405,Male,1942-07-27,Closed,Mesa,AZ,39410,US,2022-02-02 05:30:27,2023-11-24,False
4928,Prefer Not To Say,2009-05-27,Active,Akron,OH,25408,US,2024-04-19 17:55:06,2025-11-17,True
5369,Male,1943-09-25,Active,Buffalo,NY,61436,US,2024-09-23 00:10:16,2025-10-02,True
5400,Prefer Not To Say,1942-12-04,Active,Fairview,TN,25250,US,2019-09-26 05:09:20,2025-12-22,True
5561,Female,1981-05-27,Active,Chester,WV,57786,US,2015-03-12 14:23:48,2025-10-21,True
5797,Female,2001-12-10,Active,Franklin,NE,82681,US,2021-07-29 08:40:19,2025-02-21,True
6029,Male,1941-12-08,Active,Bristol,KS,68910,US,2022-10-26 21:03:00,2025-10-25,True
6050,Male,1989-07-10,Active,Chester,WY,77765,US,2016-10-31 12:32:16,2025-06-02,True
6487,Female,1986-02-07,Inactive,Fairview,MT,74993,US,2020-03-15 10:25:40,2020-11-18,False
6490,Male,1976-12-30,Active,Madison,NJ,79416,US,2025-03-13 22:42:40,2025-08-01,True
6567,Female,1979-07-02,Active,Salem,MN,72122,US,2021-09-02 14:53:40,2025-10-18,True
6855,Male,2007-10-18,Active,Fairview,OK,91000,US,2025-08-03 18:04:19,2025-08-21,True
7147,Male,1990-05-08,Active,Franklin,PE,,CA,2023-04-25 14:13:49,2025-03-10,True
8235,Female,1992-02-02,Active,Chester,UT,33944,US,2015-12-28 22:38:37,2025-02-15,True
8603,Male,1979-03-28,Active,Riverside,OR,10859,US,2018-08-18 00:58:01,2025-11-22,True
8714,Other,1969-03-19,Active,Burnaby,BC,,CA,2021-05-03 10:34:50,2025-11-08,True
8930,Female,1972-01-06,Inactive,Franklin,NE,90392,US,2015-08-25 08:35:59,2024-12-01,False
9056,Male,1973-09-02,Closed,Salem,CT,63520,US,2022-01-16 15:56:49,2023-02-05,False
9895,Female,1986-10-27,Inactive,Bristol,WY,68138,US,2019-02-09 19:30:08,2020-05-26,False
39,Female,1966-01-16,Active,Clinton,NH,90199,US,2017-10-19 03:01:47,2025-09-20,True
369,Female,1985-06-09,Inactive,New York,NY,94319,US,2021-11-05 17:31:24,2024-11-18,False
404,Other,1982-05-25,Closed,Chester,CT,98208,US,2019-01-19 10:32:20,2024-06-30,False
807,Female,1947-04-30,Active,Fairview,AK,36255,US,2018-03-12 04:59:27,2025-07-20,True
1007,Male,1970-06-26,Active,Madison,NJ,37283,US,2015-08-07 18:35:55,2025-12-09,True
1233,Prefer Not To Say,1976-12-28,Active,Bristol,MT,87214,US,2021-11-16 17:05:38,2025-03-26,True
1244,Male,1986-02-04,Active,Bristol,HI,33219,US,2018-09-28 12:49:40,2025-05-30,True
1480,Male,1948-12-13,Active,Worcester,MA,26667,US,2019-04-18 17:02:34,2025-12-03,True
1579,Female,1986-02-02,Active,Fairview,WY,77720,US,2015-02-12 21:43:33,2025-10-04,True
1641,Female,1957-06-01,Blocked,Fairview,NE,74433,US,2015-12-29 02:09:24,2022-01-13,False
2118,Female,1975-04-01,Active,Clinton,AL,13105,US,2020-12-02 11:44:12,2025-12-04,True
2147,Female,1961-08-14,Inactive,Riverside,MS,46669,US,2017-02-18 09:13:50,2020-03-10,False
2159,Female,1956-02-02,Blocked,Fort Lauderdale,FL,80696,US,2019-12-09 15:21:33,2025-08-23,False
2577,Male,1990-11-27,Inactive,Franklin,UT,91424,US,2022-04-24 03:11:59,2024-08-30,False
2904,Female,1973-04-07,Active,Salem,IN,41816,US,2020-06-05 06:53:55,2025-01-07,True
3398,Female,1967-12-11,Active,Riverside,AR,61229,US,2018-03-22 17:16:13,2025-11-26,True
3423,Female,1970-09-25,Inactive,Madison,YT,,CA,2016-11-20 06:40:15,2018-11-21,False
3472,Prefer Not To Say,1970-09-28,Active,Sterling Heights,MI,74061,US,2016-08-21 16:41:32,2025-10-19,True
3619,Male,2005-10-20,Closed,Madison,AK,50307,US,2021-02-16 11:17:31,2022-06-20,False
3703,Female,1946-06-18,Active,Rockford,IL,67785,US,2019-09-05 23:01:25,2025-08-18,True
3704,Male,1974-10-12,Active,Riverside,VA,79293,US,2018-03-29 20:16:37,2025-10-11,True
3795,Female,2002-12-13,Active,Springfield,RI,14677,US,2022-05-02 21:06:29,2025-10-01,True
3874,Male,1969-07-15,Active,Clinton,CT,27328,US,2020-08-24 22:52:26,2025-10-25,True
3976,Male,1964-08-24,Active,Riverside,NS,,CA,2021-11-12 07:38:47,2025-08-27,True
4263,Male,1982-01-29,Inactive,Riverside,DE,92388,US,2024-10-04 23:58:53,2025-05-16,False
4332,Female,1990-09-03,Active,Madison,ND,69937,US,2019-12-15 16:22:50,2025-06-20,True
4855,Female,1953-02-08,Active,Springfield,NE,47034,US,2018-02-02 21:59:46,2025-11-21,True
5352,Male,2001-05-28,Active,Chester,NH,35393,US,2025-11-08 06:45:51,2025-11-23,True
5596,Female,1979-05-11,Inactive,Madison,MD,72582,US,2020-03-28 20:20:52,2022-05-30,False
5612,Male,1992-07-03,Inactive,Salem,UT,68804,US,2020-02-23 09:18:04,2023-05-17,False
5676,Male,1970-11-02,Active,Salem,RI,16307,US,2023-12-29 06:58:32,2025-02-23,True
5881,Female,2006-05-06,Active,Riverside,WV,33519,US,2022-10-09 21:50:33,2024-12-26,True
6139,Female,1980-01-25,Active,Georgetown,MD,65560,US,2024-05-17 12:41:50,2025-10-09,True
6305,Female,1944-11-26,Active,Madison,YT,,CA,2025-03-24 20:49:19,2025-07-14,True
6321,Female,1958-02-23,Blocked,Fairview,WY,81959,US,2019-09-12 22:26:46,2021-08-29,False
6421,Other,1980-08-21,Active,Chandler,AZ,51574,US,2025-09-23 00:49:55,2025-12-03,True
6510,Other,1997-04-14,Inactive,Franklin,SC,16430,US,2020-01-29 09:36:35,2025-03-19,False
7174,Male,1975-05-03,Active,Orlando,FL,49819,US,2020-04-12 21:14:44,2025-01-16,True
7269,Male,1978-04-07,Active,Ann Arbor,MI,21386,US,2015-12-21 08:52:48,2025-06-02,True
7455,Prefer Not To Say,1993-10-01,Active,Springfield,AK,13840,US,2023-10-01 22:15:32,2025-11-30,True
7524,Female,1977-09-27,Blocked,Franklin,IA,47321,US,2019-12-06 19:28:12,2022-02-06,False
7935,Male,1976-06-14,Inactive,Riverside,ND,42002,US,2025-03-18 01:35:21,2025-09-27,False
8599,Male,1952-03-25,Closed,Springfield,VA,18726,US,2017-12-27 20:36:38,2023-10-08,False
8723,Male,1953-11-16,Closed,Fairview,LA,58320,US,2017-08-31 01:05:40,2021-01-28,False
8752,Male,1963-04-30,Closed,Salem,HI,25270,US,2025-10-19 16:26:49,2025-10-26,False
8812,Female,1974-11-12,Active,Allentown,PA,95831,US,2015-10-30 17:32:27,2025-03-20,True
9137,Female,1963-05-03,Inactive,Fairview,NJ,79589,US,2021-05-09 12:09:29,2025-10-01,False
9299,Male,1963-07-29,Active,Spokane,WA,13780,US,2024-04-15 19:24:44,2025-03-18,True
9668,Male,1941-06-19,Active,Seattle,WA,82749,US,2017-02-28 03:50:24,2025-07-09,True
9717,Female,1960-07-07,Active,Springfield,DE,23322,US,2017-10-13 21:21:37,2025-10-15,True
9832,Female,1974-02-23,Closed,Springfield,IN,75331,US,2022-07-10 18:28:37,2024-06-12,False
9858,Male,1949-04-20,Active,North Las Vegas,NV,54021,US,2023-02-13 10:57:37,2025-10-31,True
9896,Male,1961-07-31,Active,Calgary,AB,,CA,2018-07-30 11:51:30,2025-06-25,True
68,Male,2004-04-05,Inactive,Bristol,MT,82869,US,2025-01-24 19:02:13,2025-07-10,False
826,Female,1970-06-11,Inactive,Springfield,PE,,CA,2024-11-02 05:13:50,2025-09-17,False
1981,Male,1967-05-15,Inactive,Springfield,NL,,CA,2015-08-30 06:13:42,2023-10-02,False
1987,Male,1945-09-20,Inactive,Bristol,SC,59029,US,2016-05-17 15:54:56,2023-02-14,False
2160,Male,1951-11-17,Inactive,Georgetown,KS,39365,US,2025-03-03 00:30:21,2025-11-03,False
2300,Female,1972-12-28,Active,Georgetown,LA,92079,US,2016-06-29 08:04:24,2025-11-15,True
3063,Male,2001-04-02,Active,Clinton,WY,86290,US,2018-09-12 23:52:39,2025-05-16,True
3069,Female,1981-01-05,Active,Madison,WI,60238,US,2021-09-08 06:09:30,2025-02-07,True
3078,Male,1992-08-15,Active,San Antonio,TX,66587,US,2022-09-22 05:31:39,2024-12-30,True
3212,Male,1987-01-14,Active,Bristol,NS,,CA,2025-09-05 23:01:56,2025-11-20,True
3308,Male,1955-10-28,Active,Madison,LA,50124,US,2017-01-28 22:41:54,2025-11-01,True
3347,Male,1981-03-28,Inactive,Springfield,SK,,CA,2018-11-02 04:13:31,2023-07-11,False
3351,Male,1973-12-12,Active,Madison,SC,21600,US,2017-08-08 03:57:43,2025-11-17,True
3600,Female,1966-08-31,Active,Reno,NV,39253,US,2017-04-21 22:07:29,2025-10-27,True
3625,Male,1953-11-18,Inactive,Salem,MS,29869,US,2019-02-23 00:50:46,2024-11-08,False
3815,Male,1949-02-10,Closed,Bristol,WY,60379,US,2022-11-02 04:33:09,2023-11-02,False
3851,Female,2001-04-09,Inactive,Ann Arbor,MI,82623,US,2020-11-07 12:40:28,2024-10-03,False
3971,Other,1977-01-21,Active,Clinton,ND,96633,US,2015-11-03 16:05:52,2025-11-09,True
4244,Male,1957-02-13,Blocked,Georgetown,NL,,CA,2023-10-04 06:42:53,2025-10-14,False
4291,Female,1961-01-21,Active,Salem,KS,77954,US,2025-01-17 19:14:18,2025-06-11,True
4673,Male,1999-02-02,Inactive,Aurora,CO,99144,US,2021-05-13 17:39:16,2022-09-10,False
4778,Female,1986-10-08,Active,Hamilton,ON,,CA,2015-12-07 19:23:12,2025-04-03,True
4866,Female,1977-04-14,Active,Franklin,NE,72074,US,2025-05-29 09:08:01,2025-09-18,True
5232,Female,1955-04-22,Closed,Georgetown,AL,85603,US,2023-10-23 04:59:46,2024-09-13,False
5725,Male,1971-04-03,Active,Riverside,NT,,CA,2018-09-04 22:48:34,2025-05-03,True
5873,Male,2004-01-26,Closed,Fairview,LA,31734,US,2021-01-29 16:01:55,2022-06-09,False
5981,Male,1996-07-22,Closed,Madison,NH,66451,US,2024-04-12 05:49:29,2024-10-01,False
6378,Female,1983-08-29,Active,Franklin,DE,24467,US,2018-09-19 03:55:06,2025-10-31,True
6499,Other,1942-04-06,Active,Las Vegas,NV,51395,US,2015-09-07 05:02:05,2025-02-15,True
7697,Male,1948-12-18,Active,Georgetown,NB,,CA,2017-11-28 08:39:20,2025-01-10,True
7714,Female,1952-02-13,Active,Riverside,VT,45203,US,2017-09-19 16:21:26,2025-05-06,True
7958,Female,1996-04-21,Active,Clinton,PE,,CA,2024-12-16 07:59:38,2025-05-22,True
8384,Male,1986-02-09,Closed,Georgetown,AL,69469,US,2018-05-04 03:41:26,2019-12-14,False
8680,Female,1958-09-13,Active,Toledo,OH,63654,US,2022-04-25 04:20:46,2025-10-30,True
8996,Male,1999-05-06,Inactive,Salem,VT,53325,US,2019-04-19 00:13:18,2022-03-22,False
9711,Male,1946-10-16,Inactive,Vancouver,WA,54584,US,2020-12-16 12:18:00,2022-10-12,False
9779,Female,2000-11-10,Active,Riverside,ND,29358,US,2016-02-16 22:47:31,2025-09-20,True
9925,Female,2004-05-22,Active,Georgetown,NJ,69921,US,2023-03-22 03:08:12,2025-06-11,True
9956,Female,1963-12-26,Active,Salem,NU,,CA,2019-12-13 17:38:19,2025-06-26,True
9981,Female,1991-12-02,Blocked,Joliet,IL,81632,US,2018-04-27 21:11:42,2025-03-30,False
86,Male,1971-05-11,Blocked,Raleigh,NC,75382,US,2016-03-17 13:02:59,2023-04-24,False
95,Male,1966-03-26,Active,Salem,HI,12942,US,2017-05-16 04:11:10,2025-06-22,True
272,Male,1964-08-03,Active,Bristol,NJ,42077,US,2023-07-02 18:48:50,2025-10-29,True
391,Female,1961-05-11,Closed,Bristol,OK,50844,US,2024-06-01 10:39:11,2024-12-20,False
660,Female,1992-04-15,Active,Sacramento,CA,98527,US,2017-03-12 19:53:22,2025-04-19,True
840,Female,2009-07-31,Inactive,Salem,IA,14500,US,2024-08-12 18:48:12,2025-02-24,False
895,Male,1955-10-27,Active,Fairview,TN,92663,US,2018-05-31 11:20:49,2025-04-08,True
923,Male,1963-11-27,Active,Fairview,OK,89300,US,2024-07-10 11:16:39,2025-05-02,True
1185,Male,1949-07-04,Active,Bristol,OR,79799,US,2017-06-01 03:45:05,2025-01-02,True
1511,Male,2003-11-08,Active,Bristol,NH,64291,US,2024-10-24 14:01:43,2025-09-25,True
1824,Female,1945-12-01,Blocked,Raleigh,NC,90840,US,2017-01-15 05:31:16,2023-12-27,False
2179,Female,1993-04-18,Active,Springfield,MD,87530,US,2025-10-03 22:55:03,2025-11-12,True
2713,Male,1946-05-12,Active,Winston-Salem,NC,99505,US,2015-09-14 05:53:00,2025-10-09,True
3283,Female,2009-12-09,Active,Vancouver,WA,80015,US,2023-10-09 11:18:01,2025-05-31,True
3614,Female,1976-05-26,Active,Franklin,ND,25362,US,2021-04-15 12:44:56,2025-06-07,True
4378,Male,1989-05-26,Active,Springfield,HI,89513,US,2018-05-06 10:35:33,2025-07-31,True
4570,Female,1957-12-26,Inactive,Georgetown,WI,54027,US,2019-08-18 18:18:59,2023-05-13,False
4652,Female,1973-01-10,Closed,Jacksonville,FL,25219,US,2021-10-06 08:03:48,2024-12-05,False
4989,Female,1995-03-05,Blocked,Macon,GA,12573,US,2019-04-30 10:58:16,2025-08-13,False
5007,Male,1947-05-03,Active,Springfield,NU,,CA,2020-01-29 04:09:37,2025-05-13,True
5063,Male,2002-11-04,Active,Franklin,WY,95512,US,2021-09-20 15:03:48,2025-07-30,True
5294,Female,1986-05-18,Active,Ann Arbor,MI,26161,US,2019-12-15 20:33:42,2025-01-01,True
5622,Male,1950-12-03,Inactive,Springfield,MB,,CA,2019-02-04 10:07:22,2023-01-02,False
5816,Female,1968-01-06,Active,Madison,ID,90175,US,2018-03-23 05:15:08,2025-01-05,True
6014,Female,1957-02-07,Inactive,Fairview,SD,95404,US,2023-02-26 05:10:27,2023-05-02,False
6123,Female,1998-08-17,Inactive,Fairview,OR,47866,US,2017-12-12 02:06:13,2020-02-01,False
6380,Female,1969-01-11,Closed,Raleigh,NC,48117,US,2021-07-15 03:41:08,2022-09-29,False
6656,Female,1999-05-05,Active,Franklin,ND,62253,US,2019-02-25 21:27:14,2025-09-08,True
6873,Male,1978-12-17,Active,Salem,MT,11013,US,2015-12-25 00:04:09,2025-02-27,True
7086,Female,1956-01-24,Active,Austin,TX,33059,US,2020-05-01 16:08:29,2025-07-24,True
7175,Female,1976-03-28,Active,Springfield,NU,,CA,2019-04-25 13:00:25,2025-11-09,True
7429,Other,1987-03-25,Active,Quebec City,QC,,CA,2016-01-15 11:26:21,2025-12-12,True
7516,Male,1974-11-05,Active,Austin,TX,93817,US,2023-03-02 19:17:36,2025-09-04,True
7572,Female,1987-06-30,Active,Dallas,TX,57358,US,2022-10-16 22:40:02,2025-09-19,True
7906,Male,1961-12-06,Active,Chester,WY,35126,US,2025-06-02 12:35:00,2025-08-21,True
8182,Male,2010-04-23,Active,Madison,KS,29222,US,2024-05-14 08:58:19,2025-05-27,True
8425,Prefer Not To Say,1948-04-28,Inactive,Rockford,IL,53505,US,2024-12-06 17:57:00,2025-01-29,False
9234,Female,1955-01-19,Active,Salem,VT,77756,US,2019-02-23 21:04:03,2025-09-24,True
9244,Male,1995-05-22,Active,Franklin,UT,14966,US,2022-11-30 13:06:27,2025-02-17,True
9321,Female,1996-11-27,Inactive,Macon,GA,12382,US,2018-09-17 19:10:33,2023-02-13,False
9881,Male,1996-10-02,Active,Lethbridge,AB,,CA,2025-02-01 21:51:20,2025-05-15,True
9945,Male,1974-07-02,Active,Ann Arbor,MI,86994,US,2024-03-29 20:47:20,2025-09-17,True
423,Other,1954-09-21,Active,Georgetown,ID,70701,US,2024-02-15 14:59:34,2025-11-22,True
581,Male,1985-07-12,Active,Pittsburgh,PA,52490,US,2017-07-04 16:12:35,2025-01-13,True
1124,Male,1961-06-02,Closed,Franklin,SC,11880,US,2016-04-17 21:29:40,2019-11-21,False
1141,Female,1949-12-01,Active,Riverside,MN,12719,US,2018-04-12 19:05:29,2025-02-20,True
1153,Male,1946-10-03,Active,Franklin,ND,19076,US,2024-01-22 04:33:54,2025-04-20,True
1302,Male,1960-01-09,Active,Mesa,AZ,89807,US,2015-07-13 12:22:06,2025-10-27,True
1956,Female,1953-08-23,Active,Springfield,MT,40569,US,2021-07-04 02:37:28,2025-08-10,True
2854,Female,2004-12-25,Active,Georgetown,ND,20799,US,2023-11-15 03:55:34,2025-12-17,True
3011,Female,1959-04-05,Active,Bellevue,WA,26983,US,2023-03-21 11:11:23,2025-02-07,True
3088,Female,1950-07-20,Active,Clinton,MS,97325,US,2025-07-30 08:51:45,2025-11-03,True
3673,Female,1999-08-04,Active,Georgetown,UT,18586,US,2025-08-10 22:21:59,2025-09-24,True
4001,Male,1955-11-18,Inactive,Miami,FL,13461,US,2025-11-18 22:15:14,2025-11-22,False
4348,Male,1966-03-13,Active,Clinton,NS,,CA,2017-08-08 10:37:49,2025-05-10,True
4394,Female,1982-08-31,Active,Macon,GA,87898,US,2015-02-13 03:55:16,2025-04-16,True
4711,Prefer Not To Say,1947-06-25,Active,Edmonton,AB,,CA,2019-01-11 08:01:36,2025-05-02,True
5126,Female,1959-06-12,Inactive,Riverside,NJ,27332,US,2015-07-15 20:50:40,2021-03-08,False
5191,Female,2007-06-22,Closed,Sacramento,CA,66719,US,2025-10-28 16:39:51,2025-11-20,False
5377,Female,1996-08-15,Inactive,Clinton,MD,33274,US,2017-02-12 07:49:07,2024-02-03,False
5617,Other,1948-05-14,Active,Salem,UT,28060,US,2017-05-07 11:35:05,2025-08-06,True
5719,Male,1981-07-25,Inactive,Salem,TN,53889,US,2025-02-17 13:28:39,2025-05-17,False
5899,Female,1953-12-14,Active,Phoenix,AZ,54495,US,2020-05-26 09:24:47,2025-07-29,True
6086,Male,1998-09-17,Active,Bristol,IA,78259,US,2015-03-20 06:47:10,2025-06-17,True
6293,Female,1963-07-24,Active,Georgetown,AL,99655,US,2020-10-25 12:20:27,2025-04-28,True
6322,Female,1955-05-12,Active,Laval,QC,,CA,2016-10-02 19:36:56,2025-05-17,True
6410,Prefer Not To Say,1992-03-28,Inactive,Riverside,AK,45769,US,2025-12-01 16:28:37,2025-12-14,False
6747,Female,1974-09-08,Active,Franklin,WI,18665,US,2018-12-03 10:53:03,2025-04-01,True
6990,Other,1969-01-05,Active,Bellevue,WA,82727,US,2018-03-07 19:23:38,2025-07-05,True
7318,Male,1999-09-28,Inactive,Franklin,IN,92979,US,2022-07-16 15:41:51,2025-12-17,False
7336,Female,2001-11-08,Active,Springfield,TN,94344,US,2025-06-16 10:05:13,2025-08-19,True
7463,Prefer Not To Say,1971-10-13,Blocked,Raleigh,NC,77251,US,2020-10-16 14:35:49,2023-09-17,False
7562,Female,1950-09-14,Active,Springfield,NT,,CA,2022-04-30 18:11:53,2025-05-17,True
8566,Female,1967-09-03,Active,Springfield,NU,,CA,2023-04-23 08:56:32,2025-06-04,True
9667,Male,1946-04-21,Active,Clinton,IN,39715,US,2018-08-29 10:33:03,2025-04-14,True
9679,Female,1992-07-09,Active,Springfield,MN,70628,US,2015-07-20 02:26:28,2025-09-18,True
9987,Other,2001-08-23,Active,Austin,TX,31142,US,2015-01-14 00:30:28,2025-07-20,True
405,Female,1974-06-28,Active,Calgary,AB,,CA,2020-06-14 01:20:27,2025-04-10,True
544,Male,1983-10-07,Closed,Chester,OR,44773,US,2025-04-16 21:26:53,2025-08-18,False
878,Male,1943-02-15,Inactive,Madison,CT,86374,US,2023-11-06 00:06:47,2024-07-24,False
911,Prefer Not To Say,1973-02-15,Active,Ottawa,ON,,CA,2025-09-16 13:16:00,2025-12-21,True
1467,Prefer Not To Say,1944-10-07,Active,Denver,CO,46157,US,2017-03-10 18:03:37,2025-04-21,True
1484,Female,1953-11-25,Active,Winston-Salem,NC,39865,US,2018-03-29 23:58:55,2025-01-22,True
1555,Male,1993-06-17,Active,Georgetown,MN,15298,US,2021-05-19 15:38:35,2025-07-22,True
1882,Male,1965-02-18,Active,Las Vegas,NV,50259,US,2019-07-12 02:45:08,2025-01-13,True
1942,Other,1978-02-04,Closed,Longueuil,QC,,CA,2024-09-20 04:26:08,2025-03-25,False
2152,Female,1978-10-15,Closed,Salem,SD,52685,US,2020-10-20 23:36:39,2021-02-25,False
2320,Male,1946-05-12,Active,Madison,AR,95296,US,2019-11-24 05:45:05,2025-02-02,True
2384,Female,1975-06-24,Active,Chester,KS,10901,US,2020-08-10 23:09:07,2025-02-03,True
2727,Female,2001-06-05,Active,Grand Rapids,MI,21004,US,2015-12-12 13:56:59,2025-03-04,True
2844,Male,1975-01-30,Inactive,Fairview,NH,93046,US,2018-12-14 03:33:33,2020-11-14,False
2880,Female,1976-05-11,Active,Reading,PA,65194,US,2016-08-03 13:10:16,2025-12-20,True
3248,Female,1961-07-27,Active,Bellevue,WA,38564,US,2020-05-26 09:40:36,2025-07-03,True
3376,Prefer Not To Say,1995-09-03,Active,Madison,HI,65888,US,2021-11-05 19:46:37,2025-03-25,True
3589,Female,1953-12-15,Active,Chester,YT,,CA,2021-04-24 21:04:00,2025-08-18,True
3943,Male,1961-05-19,Closed,Bristol,NE,33587,US,2018-10-01 10:53:53,2023-06-12,False
4203,Male,1988-04-20,Inactive,Franklin,NS,,CA,2023-12-18 14:34:48,2025-01-03,False
4323,Male,1989-06-22,Active,Springfield,NT,,CA,2017-11-17 08:47:07,2025-11-03,True
4335,Male,1994-09-08,Active,Bristol,AR,82248,US,2017-02-05 20:54:31,2025-09-29,True
4403,Female,1944-08-16,Active,Chester,MS,71351,US,2016-07-12 18:28:26,2025-02-18,True
4894,Female,1989-12-17,Active,Georgetown,SD,46962,US,2024-05-13 22:20:21,2025-05-01,True
5336,Female,1946-08-21,Active,Madison,SD,21526,US,2017-10-25 04:03:47,2025-05-19,True
5423,Male,1988-08-31,Active,Springfield,ID,58828,US,2018-07-03 03:46:20,2025-02-28,True
5788,Female,1993-06-21,Blocked,Clinton,KS,66566,US,2023-05-20 14:33:21,2023-07-01,False
5993,Male,2005-08-06,Blocked,Georgetown,KY,81323,US,2023-08-23 22:42:29,2024-01-04,False
6129,Male,1974-08-14,Closed,Chester,MN,57528,US,2020-08-04 00:35:54,2021-06-30,False
6624,Male,1961-06-14,Inactive,Bristol,WV,66659,US,2024-06-14 13:00:54,2025-03-10,False
7058,Male,1958-02-07,Active,Albany,NY,47426,US,2023-04-27 07:29:07,2025-06-13,True
7095,Male,1986-10-06,Closed,Pittsburgh,PA,82453,US,2019-12-27 06:51:00,2023-10-15,False
7188,Male,1957-11-01,Active,Riverside,MN,49029,US,2020-10-09 22:34:14,2025-03-29,True
7315,Male,1976-04-16,Active,Fairview,MO,48663,US,2024-01-13 18:31:02,2025-06-30,True
7586,Male,1962-03-01,Active,Bristol,ME,79927,US,2022-10-21 21:02:27,2025-03-09,True
7671,Male,1983-10-18,Active,Franklin,HI,53949,US,2021-01-27 12:04:04,2025-01-15,True
7900,Female,1947-01-10,Inactive,Salem,WY,17885,US,2021-05-30 12:42:06,2021-11-13,False
8082,Female,1981-10-16,Active,Chester,MS,93156,US,2023-06-19 00:14:46,2025-03-12,True
8595,Female,1993-02-20,Active,Madison,MS,61698,US,2018-04-08 10:12:52,2025-02-04,True
9402,Female,1952-11-25,Active,Clinton,AL,75378,US,2021-12-16 11:46:22,2025-09-11,True
9722,Male,2003-02-25,Active,Fairview,OK,54548,US,2020-07-24 07:14:28,2025-02-22,True
7847,Prefer Not To Say,1954-05-12,Active,Victoria,BC,,CA,2015-04-27 13:20:22,2025-07-10,True
44,Female,1988-01-27,Active,Fairview,WY,71814,US,2022-01-20 23:39:49,2025-06-14,True
411,Male,1962-09-19,Inactive,Allentown,PA,39494,US,2020-05-15 16:17:44,2021-10-11,False
510,Female,1965-07-01,Active,Riverside,WI,47915,US,2019-01-28 22:17:18,2025-04-24,True
698,Other,1949-12-02,Inactive,Pittsburgh,PA,43900,US,2022-04-23 23:49:28,2023-06-23,False
1277,Other,1949-12-13,Active,Georgetown,MN,66813,US,2024-01-09 00:02:18,2025-05-30,True
1736,Female,1981-05-07,Active,Buffalo,NY,11503,US,2019-04-24 02:14:17,2025-09-22,True
1945,Male,2012-10-03,Active,Sacramento,CA,79238,US,2025-10-29 04:29:44,2025-12-16,True
2281,Female,1952-09-06,Inactive,Georgetown,UT,90227,US,2015-06-01 01:22:21,2015-09-08,False
2379,Male,1961-10-14,Closed,Georgetown,VT,79609,US,2022-10-24 00:06:25,2023-04-21,False
2686,Male,1957-12-20,Active,Salem,AK,37981,US,2024-02-16 18:09:58,2025-07-21,True
2717,Male,1990-01-24,Active,Clinton,ME,43198,US,2025-03-03 23:16:11,2025-12-14,True
2790,Male,1964-03-07,Closed,Franklin,ND,80201,US,2020-03-11 13:13:45,2021-11-14,False
2912,Female,2002-08-31,Active,Atlanta,GA,58982,US,2019-05-22 21:37:15,2025-12-25,True
3408,Male,1978-11-24,Active,North Las Vegas,NV,77147,US,2022-07-16 04:32:33,2025-07-31,True
3473,Male,1961-08-21,Active,Madison,OK,98514,US,2016-03-21 01:01:34,2025-06-30,True
3611,Male,1982-07-31,Active,Springfield,MB,,CA,2019-08-04 23:55:22,2025-04-18,True
3689,Female,1959-04-07,Active,San Diego,CA,97527,US,2019-12-12 14:58:05,2025-10-05,True
3861,Male,1947-03-09,Active,Clinton,NB,,CA,2015-03-01 23:22:40,2025-02-09,True
4051,Male,1970-06-19,Active,Chester,AK,25934,US,2020-03-23 18:05:39,2025-01-09,True
4052,Male,1951-09-08,Inactive,Vancouver,BC,,CA,2022-01-03 01:32:11,2025-05-08,False
4359,Female,1986-04-21,Inactive,Fort Worth,TX,26626,US,2020-12-20 06:55:54,2023-11-01,False
4372,Female,1997-09-04,Active,Salem,WI,93588,US,2020-12-29 08:15:11,2025-08-25,True
4395,Female,1972-11-22,Active,Buffalo,NY,63448,US,2017-05-06 13:09:51,2025-03-27,True
4396,Female,1946-01-11,Blocked,Montreal,QC,,CA,2017-06-27 23:11:06,2021-12-20,False
4423,Male,1981-05-29,Active,Georgetown,MS,43520,US,2021-07-19 17:52:07,2025-10-01,True
4534,Female,1977-05-26,Active,Chester,DE,50145,US,2021-12-13 05:57:39,2025-10-04,True
4600,Female,1972-09-12,Active,Cambridge,MA,25990,US,2021-01-17 13:55:01,2025-03-10,True
4892,Other,1998-09-04,Active,Springfield,MS,97038,US,2025-03-16 23:17:41,2025-08-20,True
5062,Male,1945-08-12,Active,Bristol,NT,,CA,2015-10-22 18:43:54,2025-10-09,True
5441,Female,1982-12-18,Inactive,Clinton,SC,21901,US,2025-03-17 16:16:32,2025-04-22,False
6463,Male,2004-12-30,Active,Fairview,WI,10365,US,2024-03-20 12:07:42,2025-11-08,True
6546,Male,1973-04-21,Active,Springfield,VT,39560,US,2020-12-15 14:43:11,2025-01-02,True
7004,Other,1970-08-03,Active,Bristol,OK,91379,US,2016-07-15 08:27:54,2024-12-29,True
7401,Female,1994-05-14,Inactive,Fairview,MN,33361,US,2016-02-25 14:25:04,2021-03-11,False
7407,Female,1991-07-04,Active,Chester,NE,98872,US,2023-02-17 19:02:35,2025-07-31,True
7750,Male,1969-10-05,Active,Clinton,AR,91464,US,2017-06-30 09:35:26,2025-11-30,True
7817,Male,1975-12-04,Active,Allentown,PA,45966,US,2018-06-19 14:58:28,2025-06-18,True
7848,Female,1983-08-08,Active,Allentown,PA,20195,US,2018-11-06 22:07:30,2025-06-14,True
7923,Female,2004-10-08,Active,Chester,WV,85361,US,2023-04-22 11:18:24,2025-07-26,True
8513,Male,1950-03-01,Active,Chester,ME,53656,US,2022-03-06 20:47:45,2025-12-01,True
8519,Male,1996-04-27,Active,Detroit,MI,73371,US,2024-10-19 03:02:46,2025-12-12,True
8576,Female,2003-06-06,Active,Franklin,NE,66170,US,2019-11-27 08:33:30,2025-03-08,True
8700,Prefer Not To Say,1975-11-02,Active,Clinton,NM,43981,US,2021-05-18 02:32:05,2025-03-14,True
8748,Female,1961-08-22,Active,Madison,MT,30532,US,2022-08-15 14:03:17,2025-08-22,True
8951,Male,2007-12-02,Active,Georgetown,MN,12170,US,2021-06-03 05:45:24,2025-01-18,True
9249,Male,1949-12-06,Inactive,Franklin,YT,,CA,2022-03-25 11:44:54,2023-05-13,False
9620,Female,1953-01-01,Active,Springfield,MT,72847,US,2020-05-27 00:01:49,2025-08-19,True
9653,Female,1995-06-22,Active,Salem,IN,97620,US,2016-08-25 00:59:59,2025-03-30,True
9837,Male,1990-05-28,Active,Detroit,MI,16736,US,2023-03-11 08:26:01,2025-09-24,True
9974,Male,1968-03-04,Blocked,Fairview,MT,98009,US,2018-05-31 03:16:30,2019-11-16,False
92,Male,1945-12-02,Inactive,Fairview,ME,19149,US,2024-07-19 17:29:41,2024-10-02,False
143,Male,1998-11-20,Active,Georgetown,DE,77177,US,2017-09-29 00:07:48,2025-08-05,True
363,Male,1976-10-21,Active,Bristol,HI,39325,US,2021-01-26 04:15:37,2025-07-18,True
661,Female,1976-09-27,Active,Ottawa,ON,,CA,2025-09-21 07:02:47,2025-10-21,True
703,Female,2006-05-09,Inactive,Fort Worth,TX,27510,US,2019-07-24 04:34:27,2023-08-09,False
821,Other,1979-03-28,Active,Riverside,MB,,CA,2019-09-20 23:47:37,2025-06-09,True
880,Female,1967-01-16,Inactive,Franklin,NS,,CA,2023-08-12 07:23:24,2024-10-19,False
1307,Female,1991-06-04,Active,Fairview,KS,70841,US,2023-02-18 23:14:49,2025-10-30,True
1499,Male,2003-09-23,Active,Riverside,WY,91260,US,2023-01-05 04:26:41,2025-09-27,True
2003,Male,1958-03-10,Active,Bristol,RI,99498,US,2023-01-06 11:15:02,2025-11-19,True
2431,Female,1991-08-11,Active,Chester,WI,90864,US,2021-12-31 13:44:18,2025-02-02,True
2543,Male,2009-10-19,Inactive,Madison,NH,27012,US,2025-09-01 20:31:13,2025-10-19,False
2796,Male,1955-09-03,Active,Chester,NS,,CA,2024-12-04 23:09:56,2025-06-21,True
2990,Male,1991-01-18,Blocked,Fairview,MB,,CA,2022-06-21 22:50:14,2023-12-06,False
3040,Male,1955-09-30,Active,Madison,CT,30470,US,2015-10-15 05:22:57,2025-08-17,True
3181,Female,1955-10-02,Active,Pittsburgh,PA,83152,US,2017-07-30 09:42:11,2025-05-21,True
3303,Female,1949-02-06,Closed,Georgetown,HI,88948,US,2025-09-14 22:25:29,2025-10-28,False
3824,Male,1991-04-29,Closed,Salem,PE,,CA,2015-06-18 12:27:45,2022-12-16,False
4108,Other,1942-05-20,Blocked,Chester,OK,93983,US,2015-04-09 05:25:37,2022-01-11,False
4327,Male,1951-05-19,Active,Chester,NT,,CA,2017-02-01 13:43:47,2025-04-30,True
4398,Male,1942-07-01,Active,Winston-Salem,NC,49795,US,2018-11-24 09:47:06,2025-03-10,True
4539,Female,1962-04-28,Inactive,Georgetown,VT,14645,US,2025-07-11 17:08:36,2025-09-18,False
4821,Prefer Not To Say,1973-07-01,Inactive,Georgetown,SC,44116,US,2017-10-15 04:02:04,2024-02-13,False
4961,Male,1952-10-01,Inactive,Georgetown,ID,53521,US,2020-11-30 23:12:47,2024-02-02,False
5308,Female,1954-01-07,Closed,San Francisco,CA,91235,US,2023-05-25 23:08:07,2024-03-27,False
5368,Male,1968-03-20,Inactive,Franklin,SC,26445,US,2018-10-04 02:39:54,2019-07-20,False
5473,Female,1954-06-10,Inactive,Fairview,MN,38678,US,2023-05-08 00:46:32,2024-07-10,False
5602,Male,1980-04-08,Inactive,Bristol,HI,70778,US,2023-12-17 00:57:54,2024-12-08,False
5690,Female,2000-10-14,Active,Chester,NT,,CA,2024-10-30 07:56:02,2025-09-27,True
6095,Female,1943-09-23,Inactive,Clinton,MO,14242,US,2016-11-23 15:10:30,2023-02-11,False
6132,Female,2003-03-20,Active,San Diego,CA,43844,US,2022-03-15 17:26:17,2025-05-13,True
6155,Female,2008-04-08,Active,Las Vegas,NV,10738,US,2025-02-24 11:17:34,2025-07-02,True
6951,Male,1948-11-23,Active,Warren,MI,61992,US,2025-02-15 10:07:42,2025-06-09,True
7434,Female,1994-01-04,Active,Franklin,NS,,CA,2015-11-14 20:08:36,2025-07-16,True
7509,Male,1953-06-11,Active,Franklin,AR,17546,US,2024-10-28 10:11:48,2025-07-03,True
7547,Other,1979-07-28,Active,Mesa,AZ,20486,US,2024-11-12 16:00:41,2025-04-10,True
7868,Male,1956-08-10,Closed,Georgetown,HI,23127,US,2025-07-10 22:41:47,2025-11-20,False
8022,Male,1941-06-14,Active,Riverside,PE,,CA,2020-04-23 23:50:21,2025-08-29,True
8169,Female,1961-03-20,Closed,Georgetown,NU,,CA,2024-03-15 07:38:08,2024-12-07,False
8194,Female,1971-11-01,Active,San Jose,CA,56373,US,2021-12-04 02:43:12,2025-03-04,True
8246,Male,2000-05-09,Active,Reno,NV,99003,US,2024-03-12 10:08:52,2025-11-28,True
8456,Male,1965-10-13,Active,Madison,OR,60341,US,2017-01-01 08:33:48,2025-11-01,True
8476,Male,1998-07-15,Inactive,Franklin,OK,84891,US,2019-02-01 04:34:01,2024-12-17,False
8789,Female,1960-08-30,Inactive,Georgetown,AK,85531,US,2024-02-03 12:31:22,2024-05-18,False
8852,Male,2001-09-29,Active,Fairview,MN,22382,US,2016-09-09 09:02:51,2025-12-22,True
8953,Female,1980-05-23,Active,Salem,IA,31635,US,2020-02-07 12:38:06,2025-09-11,True
9040,Male,1996-01-27,Closed,Fairview,NT,,CA,2018-01-04 05:21:08,2019-08-12,False
9354,Male,1963-09-03,Active,Clinton,SD,61814,US,2024-09-11 02:37:40,2025-04-28,True
9509,Female,2001-07-13,Closed,Chester,ND,14599,US,2022-09-14 11:01:45,2023-04-19,False
9820,Female,1957-09-12,Inactive,Bristol,SC,35331,US,2024-03-11 01:51:37,2024-04-26,False
271,Female,1962-09-28,Inactive,Bristol,NB,,CA,2023-12-08 05:29:32,2025-09-24,False
320,Female,1945-05-30,Active,Bristol,NM,42642,US,2017-11-03 18:07:44,2025-04-05,True
469,Male,1998-10-24,Active,Franklin,AL,61259,US,2023-02-01 00:51:08,2024-12-28,True
617,Male,1967-11-09,Inactive,Riverside,HI,56847,US,2021-12-31 18:04:06,2025-05-12,False
777,Male,1987-05-20,Closed,Georgetown,NS,,CA,2018-07-10 13:57:29,2018-08-13,False
836,Female,2000-08-31,Active,Salem,MO,39954,US,2024-10-22 02:45:06,2025-11-06,True
956,Male,1990-09-16,Inactive,Franklin,MT,60440,US,2020-08-31 18:13:49,2023-04-10,False
1385,Male,1966-01-07,Closed,Madison,OR,32668,US,2015-04-12 14:41:35,2016-02-23,False
1493,Female,1989-03-05,Active,Athens,GA,97149,US,2024-05-03 16:59:36,2025-09-14,True
1792,Male,1961-07-21,Active,Dallas,TX,89296,US,2022-12-24 06:07:12,2025-10-05,True
1826,Male,1948-08-25,Closed,Riverside,YT,,CA,2020-10-28 03:10:38,2021-05-19,False
1841,Male,1961-12-22,Active,Chester,RI,66774,US,2017-05-22 09:45:55,2025-02-24,True
1856,Male,2002-12-23,Active,Bristol,NH,85761,US,2016-11-30 03:38:39,2025-11-24,True
1918,Female,1962-07-10,Active,Fairview,MB,,CA,2025-09-16 10:42:21,2025-10-07,True
2144,Male,1951-07-21,Active,Toledo,OH,99735,US,2015-07-20 12:07:36,2025-09-30,True
2183,Male,1951-08-10,Inactive,Bristol,MS,52236,US,2017-08-07 18:51:12,2023-05-09,False
2196,Male,2001-04-25,Active,Riverside,ME,17164,US,2016-09-27 14:47:24,2025-02-12,True
2232,Male,2008-02-12,Blocked,Bristol,NM,73397,US,2021-04-25 03:23:42,2023-05-29,False
2233,Male,1984-11-17,Inactive,Clinton,IA,38444,US,2018-11-23 12:33:52,2021-06-05,False
2284,Female,2002-04-06,Active,Franklin,NT,,CA,2022-02-23 22:24:31,2025-10-19,True
2458,Female,1999-12-29,Active,Riverside,RI,44245,US,2016-04-02 10:08:33,2025-09-11,True
2633,Male,1963-04-10,Active,Clinton,NU,,CA,2019-05-15 09:21:20,2025-12-20,True
2645,Male,1961-07-17,Active,Boulder,CO,48974,US,2017-08-29 09:04:34,2025-03-11,True
2813,Female,1961-10-08,Active,Chester,OK,76320,US,2016-01-03 12:08:43,2025-08-04,True
2849,Female,1960-05-08,Active,Franklin,UT,61957,US,2025-09-10 15:47:30,2025-10-06,True
3313,Female,1982-07-03,Active,Riverside,AL,60841,US,2018-04-02 13:08:54,2025-10-23,True
3329,Male,1986-08-22,Active,Chandler,AZ,81619,US,2025-06-16 07:35:54,2025-07-18,True
3344,Female,1943-08-30,Active,Riverside,ME,80010,US,2019-08-09 00:15:45,2025-02-26,True
3857,Male,1972-08-09,Active,Rochester,NY,55187,US,2024-01-28 12:31:09,2025-07-11,True
4384,Female,1960-05-11,Inactive,Riverside,ND,22404,US,2019-01-28 01:52:53,2023-12-04,False
4409,Female,1946-05-08,Active,Reno,NV,96342,US,2015-01-12 17:42:41,2025-07-09,True
4661,Male,1955-11-15,Active,Springfield,DE,80042,US,2021-05-06 23:23:15,2025-02-20,True
4970,Female,1955-01-06,Active,Bristol,YT,,CA,2019-09-27 03:15:49,2025-05-29,True
4988,Male,2005-10-27,Inactive,Chester,HI,40551,US,2025-12-01 20:44:27,2025-12-18,False
5032,Female,1964-01-20,Active,Madison,SC,12185,US,2024-04-11 14:50:10,2025-12-05,True
5452,Female,1955-11-26,Active,Clinton,KS,60302,US,2017-07-05 15:46:58,2025-05-02,True
5523,Male,2005-05-17,Active,Franklin,NJ,82693,US,2019-03-21 12:28:43,2025-04-17,True
5945,Female,1941-08-03,Active,Salem,WY,28246,US,2022-01-25 18:06:46,2025-11-26,True
6081,Male,1977-12-03,Inactive,Fairview,IA,18498,US,2021-06-01 09:03:46,2022-07-11,False
6339,Other,1994-04-24,Active,Springfield,NE,92985,US,2022-11-22 15:54:36,2025-09-24,True
6416,Female,1991-11-14,Active,Fairview,MD,18678,US,2024-08-23 18:02:32,2025-11-07,True
6663,Female,1988-12-30,Active,Franklin,MS,25482,US,2017-05-17 04:08:42,2025-08-02,True
6733,Male,1978-09-15,Active,Franklin,MD,99001,US,2017-04-21 21:59:05,2025-11-23,True
6750,Male,1967-11-01,Active,Clinton,MN,29533,US,2019-07-05 02:07:20,2025-03-11,True
6803,Female,1956-06-01,Active,Riverside,AK,73034,US,2016-11-02 12:15:07,2025-04-05,True
6811,Male,1957-09-22,Active,Bristol,NE,12558,US,2018-11-23 01:51:41,2025-03-28,True
7099,Male,1943-07-14,Active,Los Angeles,CA,66782,US,2023-06-01 15:49:05,2025-02-06,True
7556,Male,1948-06-07,Inactive,Mesa,AZ,95038,US,2019-09-01 13:28:13,2023-12-11,False
7591,Female,1941-09-25,Active,Bristol,MD,64247,US,2024-05-09 21:49:24,2025-08-28,True
7843,Female,1968-08-25,Active,Madison,AL,96024,US,2015-12-10 01:49:23,2025-02-14,True
7979,Male,1958-11-27,Active,Erie,PA,43795,US,2020-07-04 22:56:14,2025-11-17,True
8137,Male,2011-02-24,Inactive,Fairview,MT,28616,US,2024-09-17 02:24:40,2025-02-04,False
8511,Other,1950-07-29,Inactive,Victoria,BC,,CA,2022-10-16 19:38:27,2024-06-16,False
8664,Male,1959-08-31,Active,Springfield,MS,33347,US,2017-01-07 13:11:20,2025-11-13,True
8732,Male,1948-08-30,Inactive,Riverside,OR,68835,US,2021-09-22 11:02:56,2025-02-06,False
9294,Other,1947-10-10,Active,Medicine Hat,AB,,CA,2019-05-26 04:28:31,2025-11-13,True
9384,Male,1998-08-03,Active,Springfield,LA,43585,US,2021-07-03 23:05:04,2025-02-11,True
9454,Female,1953-03-20,Closed,Chester,VT,39063,US,2015-08-12 23:10:51,2017-02-25,False
9843,Male,1966-02-04,Active,Boston,MA,72429,US,2017-07-19 02:05:33,2025-12-23,True
49,Female,1947-03-26,Active,Chester,UT,27431,US,2025-06-21 15:02:18,2025-09-11,True
160,Male,1992-01-15,Active,Lowell,MA,69637,US,2024-02-12 08:22:16,2025-02-28,True
220,Male,1985-11-05,Active,Clinton,IN,65073,US,2024-09-10 10:07:50,2025-01-13,True
909,Male,1966-11-02,Active,Rochester,NY,31392,US,2015-11-29 21:19:37,2025-12-03,True
1050,Male,1968-04-13,Inactive,Georgetown,NH,39192,US,2017-11-10 07:46:45,2020-05-18,False
1309,Male,1986-12-06,Active,Springfield,RI,39792,US,2024-04-21 04:44:24,2025-04-04,True
1315,Female,1988-03-11,Active,Bristol,DE,95096,US,2021-01-15 19:52:41,2025-10-06,True
1423,Female,1977-06-18,Active,Bristol,SK,,CA,2023-01-13 13:58:42,2025-06-09,True
1507,Female,1956-04-26,Active,Fairview,RI,24188,US,2018-11-12 18:51:45,2025-12-11,True
1678,Male,1975-06-26,Active,Madison,RI,35167,US,2024-12-30 20:32:49,2025-10-03,True
1771,Male,1970-07-30,Active,Laval,QC,,CA,2023-08-22 02:29:49,2025-11-30,True
1825,Male,1974-10-31,Active,Georgetown,NJ,15888,US,2024-08-21 00:27:12,2025-07-01,True
2111,Male,1980-01-08,Active,Riverside,HI,38742,US,2021-02-18 04:43:24,2025-03-19,True
2488,Male,1953-11-28,Active,Orlando,FL,26914,US,2015-01-08 03:27:01,2025-11-01,True
2827,Male,1947-12-07,Inactive,Fairview,MN,90297,US,2018-10-13 12:23:17,2019-03-09,False
2879,Prefer Not To Say,1949-04-15,Blocked,Edmonton,AB,,CA,2023-10-18 17:29:20,2025-05-31,False
2986,Male,1950-05-30,Active,Madison,HI,74588,US,2021-11-01 23:48:52,2025-12-24,True
3189,Female,2005-05-14,Active,Durham,NC,17059,US,2023-04-23 14:38:48,2025-05-31,True
3364,Other,1949-11-03,Inactive,Riverside,MT,84827,US,2025-08-02 22:21:51,2025-08-20,False
3990,Female,1968-11-18,Inactive,Salem,PE,,CA,2025-05-10 13:53:53,2025-07-08,False
4510,Male,1946-02-22,Inactive,Raleigh,NC,22615,US,2017-02-26 02:56:16,2024-09-20,False
4794,Male,1955-05-08,Active,Chester,AK,17173,US,2020-03-26 19:07:55,2025-05-25,True
4887,Male,1975-12-14,Active,Longueuil,QC,,CA,2017-05-08 14:12:28,2025-12-05,True
5421,Female,1971-02-06,Active,Burnaby,BC,,CA,2023-03-03 04:48:36,2025-11-11,True
5912,Male,1974-03-11,Active,Fairview,NM,21786,US,2018-12-03 14:39:23,2025-06-24,True
6352,Male,1981-05-03,Inactive,Salem,TN,58743,US,2016-05-12 05:52:25,2024-11-06,False
6520,Female,1945-09-01,Active,Riverside,IA,58165,US,2025-05-23 05:53:34,2025-09-04,True
7055,Male,1972-03-03,Active,Georgetown,PE,,CA,2016-06-27 01:58:04,2025-06-24,True
7124,Female,1989-07-31,Inactive,Georgetown,HI,55368,US,2017-05-08 11:50:00,2020-03-16,False
7256,Female,1970-07-09,Active,Clinton,NL,,CA,2023-09-23 09:32:34,2025-08-08,True
7422,Female,1990-11-16,Closed,Georgetown,DE,98801,US,2019-03-11 21:45:17,2021-10-04,False
7504,Male,1977-12-31,Active,Reno,NV,62124,US,2018-11-06 22:43:54,2025-03-24,True
7638,Male,1976-09-18,Active,Fairview,IN,29353,US,2019-11-17 23:39:57,2025-05-23,True
7664,Male,1995-01-10,Active,Chester,MD,51001,US,2020-02-23 21:37:51,2025-05-15,True
8407,Male,2007-12-06,Active,Fairview,NS,,CA,2024-06-03 00:24:43,2025-01-08,True
8597,Male,1998-01-26,Active,Las Vegas,NV,95852,US,2015-10-03 10:56:53,2025-10-08,True
8755,Male,1964-05-14,Active,Franklin,KY,53710,US,2023-02-10 03:26:02,2025-08-26,True
9279,Female,2004-01-29,Inactive,Los Angeles,CA,53706,US,2025-05-07 12:42:01,2025-11-13,False
9352,Male,1943-11-27,Closed,Madison,AK,37750,US,2021-01-08 08:47:22,2023-09-18,False
9353,Female,1955-02-08,Inactive,Chester,OK,67828,US,2022-12-22 18:00:41,2024-03-29,False
9491,Male,1989-01-01,Active,Bristol,NB,,CA,2024-10-26 16:00:58,2025-10-06,True
9795,Female,1959-08-15,Active,Chester,OK,33826,US,2024-04-12 05:41:24,2025-07-19,True
9873,Female,1948-07-22,Inactive,Salem,VA,73391,US,2015-06-07 12:41:30,2018-11-05,False
2,Female,1998-01-26,Active,Chester,LA,38785,US,2024-05-09 11:10:23,2025-06-26,True
284,Female,1992-04-15,Inactive,Austin,TX,53073,US,2017-03-14 04:14:32,2018-08-27,False
551,Female,1943-01-24,Closed,Fairview,OK,25126,US,2019-04-29 07:48:22,2022-02-12,False
1127,Other,1988-06-09,Active,Springfield,NS,,CA,2016-03-18 20:24:53,2025-10-08,True
1430,Female,1990-06-25,Active,Franklin,AL,62869,US,2024-06-02 13:52:07,2025-03-05,True
2095,Male,1973-08-12,Active,Henderson,NV,59429,US,2019-10-22 10:25:52,2025-07-09,True
2249,Female,1953-11-25,Inactive,Springfield,HI,94989,US,2018-04-20 06:58:27,2023-09-26,False
2321,Female,1953-03-17,Active,Chester,NS,,CA,2022-06-22 06:28:45,2025-03-22,True
2620,Male,1983-06-01,Inactive,Franklin,ME,58110,US,2018-05-26 04:12:50,2019-12-14,False
2858,Male,2006-01-23,Closed,Bristol,NB,,CA,2024-11-21 07:26:12,2025-06-28,False
3116,Male,1972-06-09,Active,Vancouver,BC,,CA,2015-05-11 12:36:29,2025-11-17,True
3223,Male,2005-08-21,Active,Bellevue,WA,82764,US,2025-12-23 04:46:53,2025-12-24,True
3275,Male,1973-10-12,Closed,Franklin,ND,48502,US,2019-01-12 03:05:47,2020-10-03,False
3468,Male,1987-10-01,Closed,Fairview,KS,49628,US,2021-07-09 23:26:48,2021-08-01,False
3583,Female,1948-04-14,Closed,Chester,IN,60254,US,2019-11-29 04:10:02,2021-04-11,False
3931,Female,1955-06-14,Inactive,Bristol,AK,79143,US,2016-09-11 08:00:07,2023-10-23,False
4090,Female,1995-03-04,Active,Salem,MN,98501,US,2015-07-04 15:38:26,2025-11-01,True
4232,Female,1942-05-25,Closed,Pittsburgh,PA,15101,US,2021-01-29 03:23:59,2024-02-26,False
4277,Prefer Not To Say,1945-06-22,Active,Salem,MT,47014,US,2018-01-09 20:45:48,2025-11-20,True
4932,Female,1973-01-19,Active,Salem,DE,13429,US,2019-10-10 16:40:38,2025-10-09,True
5118,Male,1988-08-08,Active,Sparks,NV,47410,US,2024-10-30 08:34:13,2024-12-28,True
5302,Male,1996-09-21,Active,Bristol,HI,13139,US,2025-11-30 03:36:14,2025-12-18,True
5551,Male,1960-11-19,Closed,Franklin,MD,58371,US,2016-07-08 17:25:40,2023-04-01,False
5715,Male,1998-09-27,Closed,Bristol,IA,78635,US,2021-02-19 03:31:08,2022-03-31,False
5735,Male,1990-10-07,Closed,Clinton,NJ,50261,US,2025-09-25 08:50:12,2025-11-02,False
5737,Male,1958-07-19,Active,Akron,OH,24773,US,2018-02-22 18:53:55,2025-04-08,True
5878,Prefer Not To Say,1989-11-09,Active,Naperville,IL,23780,US,2019-02-26 22:13:40,2025-05-08,True
6041,Female,1959-08-10,Inactive,Longueuil,QC,,CA,2023-05-07 12:38:53,2023-11-05,False
6318,Prefer Not To Say,1970-03-29,Active,Colorado Springs,CO,71319,US,2020-03-07 07:06:35,2025-06-14,True
6632,Male,1963-09-25,Active,Madison,DE,90312,US,2021-05-26 07:27:26,2025-09-19,True
7461,Prefer Not To Say,1978-09-04,Active,Madison,NH,67799,US,2016-08-05 18:33:47,2025-06-28,True
8056,Female,1956-05-29,Blocked,San Francisco,CA,94008,US,2015-02-06 09:40:59,2025-06-04,False
8151,Male,1968-12-27,Active,Madison,SD,60122,US,2024-02-14 11:29:22,2025-04-10,True
8729,Male,1987-04-04,Active,Chester,OR,17327,US,2019-02-06 02:31:24,2025-02-25,True
8787,Male,1987-12-06,Inactive,Clinton,LA,13778,US,2025-06-06 09:57:29,2025-09-20,False
8982,Male,2007-02-03,Active,Bristol,IN,93938,US,2025-08-14 16:41:22,2025-12-05,True
9238,Male,1998-05-15,Closed,Bristol,MO,24044,US,2022-08-09 22:39:48,2023-07-23,False
9396,Female,2001-08-14,Closed,Durham,NC,72859,US,2020-10-19 14:38:50,2021-03-12,False
9552,Male,2001-02-08,Active,Clinton,NL,,CA,2016-08-20 19:10:43,2025-10-04,True
9796,Male,1998-02-02,Active,Clinton,MN,25497,US,2023-08-23 06:18:23,2025-03-13,True
9892,Female,2003-03-24,Active,Clinton,MS,92712,US,2023-03-04 21:18:20,2025-06-08,True
72,Prefer Not To Say,1948-12-31,Active,Salem,HI,74629,US,2024-03-19 22:42:40,2025-07-07,True
473,Male,1942-08-01,Active,Athens,GA,42647,US,2025-11-16 12:42:44,2025-12-07,True
680,Other,1995-09-29,Active,Surrey,BC,,CA,2016-07-31 02:54:48,2025-08-02,True
868,Female,1964-12-26,Active,Georgetown,NB,,CA,2018-03-30 02:08:49,2025-09-18,True
1017,Female,1993-05-28,Closed,Riverside,NB,,CA,2024-07-07 10:06:26,2025-06-16,False
1024,Female,1943-01-22,Active,Franklin,SC,53276,US,2018-12-27 14:51:01,2025-11-14,True
1245,Female,1970-12-21,Active,Chester,TN,48918,US,2023-12-20 00:05:08,2025-01-23,True
1344,Female,1944-06-30,Active,Bristol,KY,82173,US,2021-02-02 12:55:04,2025-01-08,True
1653,Female,2001-01-29,Inactive,Denver,CO,94863,US,2015-11-20 10:52:01,2022-09-04,False
1686,Female,1998-12-12,Active,Franklin,ME,36413,US,2025-05-19 18:36:10,2025-09-19,True
1694,Male,1991-08-10,Inactive,Salem,WV,14758,US,2017-07-31 08:59:30,2020-06-30,False
1997,Prefer Not To Say,1954-12-25,Active,Madison,NE,46163,US,2023-09-01 11:36:32,2025-04-29,True
1998,Other,1987-04-03,Active,Philadelphia,PA,20998,US,2024-05-23 12:05:41,2025-10-07,True
2119,Male,1982-09-08,Active,Boulder,CO,82180,US,2018-11-30 14:30:56,2025-06-07,True
3259,Female,1953-01-19,Active,Clinton,KY,72824,US,2023-04-08 01:41:03,2025-06-10,True
3524,Male,1985-01-15,Active,Madison,WY,47428,US,2024-02-18 20:18:52,2025-06-07,True
3774,Female,1958-07-28,Blocked,Clinton,MO,66695,US,2016-02-21 16:22:45,2022-08-05,False
3792,Male,1976-09-08,Active,Reading,PA,89438,US,2019-08-17 09:52:00,2025-06-15,True
3835,Female,1968-04-03,Active,Bristol,WV,16040,US,2021-12-24 07:25:34,2025-06-06,True
3848,Female,1978-11-06,Inactive,Chester,NS,,CA,2020-01-13 01:45:37,2023-10-26,False
3929,Female,1999-06-29,Active,Salem,LA,99829,US,2024-11-10 19:20:45,2025-07-30,True
3962,Male,1957-02-11,Inactive,Quebec City,QC,,CA,2021-09-06 10:01:01,2024-05-31,False
3979,Male,1976-09-08,Active,Buffalo,NY,46123,US,2018-06-23 13:57:43,2025-11-03,True
4064,Female,1965-10-22,Active,Longueuil,QC,,CA,2024-07-11 09:25:59,2025-05-18,True
4276,Male,2006-08-03,Blocked,Clinton,KS,51898,US,2024-03-10 01:48:49,2024-08-30,False
4563,Male,1995-06-20,Inactive,Longueuil,QC,,CA,2018-03-14 03:43:05,2024-05-11,False
4615,Male,1998-09-29,Inactive,Riverside,AK,55390,US,2016-03-15 13:10:26,2018-10-06,False
4813,Female,1948-09-09,Active,Riverside,NE,61258,US,2025-06-05 04:44:31,2025-06-29,True
5432,Male,1995-02-18,Active,Chester,NE,52481,US,2018-04-20 09:00:52,2025-02-08,True
5627,Male,1982-11-20,Active,Franklin,RI,69545,US,2024-12-29 13:59:33,2025-03-07,True
5934,Prefer Not To Say,1958-10-02,Active,Red Deer,AB,,CA,2018-03-10 15:37:48,2025-01-09,True
5970,Other,1963-12-31,Active,Springfield,IA,47974,US,2018-01-28 08:43:59,2025-06-24,True
6001,Female,2011-10-06,Inactive,Franklin,MO,52357,US,2024-12-11 23:02:55,2025-08-07,False
6296,Prefer Not To Say,2004-05-14,Active,Springfield,VT,39288,US,2019-01-23 23:41:57,2025-10-11,True
6299,Female,1981-08-01,Active,Albany,NY,90285,US,2018-06-08 13:06:44,2025-07-02,True
6331,Other,1984-08-31,Active,Montreal,QC,,CA,2015-07-12 21:00:39,2025-12-02,True
6549,Female,1952-12-10,Active,Tucson,AZ,85652,US,2019-03-04 02:54:03,2025-11-23,True
6723,Male,1959-06-25,Active,Madison,NL,,CA,2016-11-25 21:58:05,2025-09-13,True
7048,Female,1970-02-18,Active,Lowell,MA,23126,US,2023-11-26 03:54:25,2025-04-23,True
7187,Female,1988-12-30,Active,Las Vegas,NV,41455,US,2025-01-07 17:14:03,2025-04-21,True
7410,Male,1952-08-16,Active,Scottsdale,AZ,43848,US,2015-01-20 03:47:23,2025-03-28,True
7468,Other,1998-09-29,Inactive,Georgetown,UT,60022,US,2019-04-02 03:10:53,2021-02-02,False
7622,Female,1965-02-10,Active,Reno,NV,19823,US,2015-11-06 07:42:56,2024-12-25,True
7669,Male,1983-04-27,Active,Georgetown,MD,14926,US,2015-10-10 19:51:38,2025-02-27,True
7846,Male,1976-04-21,Blocked,Chandler,AZ,82678,US,2019-10-01 18:13:24,2020-06-26,False
7917,Male,1995-02-14,Active,Bellevue,WA,76896,US,2025-08-30 13:18:06,2025-10-03,True
7957,Male,1948-02-13,Inactive,Toledo,OH,83895,US,2022-02-09 06:32:25,2023-03-28,False
7972,Male,1973-05-25,Inactive,Scottsdale,AZ,84317,US,2020-08-01 00:44:56,2023-10-06,False
8274,Female,1971-12-09,Active,Clinton,KY,91523,US,2023-06-22 02:58:41,2025-01-04,True
8278,Male,1950-03-25,Inactive,Sacramento,CA,38485,US,2015-07-02 13:01:03,2016-06-10,False
9380,Male,1996-08-23,Active,Riverside,NH,77249,US,2023-09-02 05:08:19,2025-03-16,True
127,Male,2001-01-12,Active,Chester,NJ,71503,US,2015-11-16 21:40:34,2025-03-04,True
261,Male,1960-08-14,Inactive,Georgetown,CT,11035,US,2020-03-30 08:02:59,2021-07-16,False
726,Male,1952-10-11,Closed,Clinton,NB,,CA,2016-04-18 11:36:37,2018-01-07,False
862,Male,1991-10-09,Active,Madison,WV,14746,US,2019-07-11 15:01:31,2025-10-23,True
1209,Female,1989-09-06,Closed,Georgetown,MT,70531,US,2022-09-26 07:14:30,2023-12-07,False
1237,Male,1981-03-07,Active,Calgary,AB,,CA,2016-12-11 13:21:21,2025-04-10,True
1336,Female,1942-10-04,Active,Denver,CO,62318,US,2018-06-29 11:34:51,2025-03-11,True
1459,Male,1952-03-19,Inactive,Bristol,ID,51895,US,2021-10-25 16:31:34,2022-06-14,False
1664,Male,1993-08-16,Active,Surrey,BC,,CA,2019-07-06 07:04:26,2025-06-25,True
1702,Male,1982-07-16,Active,Chicago,IL,16852,US,2024-02-24 02:33:47,2025-05-14,True
1961,Female,1992-02-10,Closed,Riverside,MS,53850,US,2019-02-28 16:24:57,2019-07-03,False
2548,Female,1956-05-23,Blocked,Reading,PA,73240,US,2017-12-18 21:19:46,2019-09-30,False
2759,Female,1970-07-05,Active,Clinton,NU,,CA,2024-11-05 11:32:30,2025-06-01,True
2893,Female,1970-12-07,Active,Franklin,CT,66866,US,2023-02-16 04:15:52,2025-07-31,True
3028,Male,1958-03-15,Inactive,Franklin,NM,81951,US,2024-11-27 09:37:21,2025-02-06,False
3083,Male,1967-06-16,Inactive,Salem,NJ,16278,US,2016-05-03 22:25:52,2021-02-16,False
3136,Female,1998-02-17,Active,Salem,AR,14676,US,2020-07-09 17:37:29,2025-12-17,True
3163,Female,1959-07-05,Inactive,Bristol,MT,13343,US,2021-11-04 05:56:41,2023-10-26,False
3475,Male,2003-04-08,Active,Buffalo,NY,90384,US,2025-12-06 00:52:47,2025-12-12,True
3545,Male,1998-07-18,Active,Springfield,CT,29301,US,2020-01-15 04:45:24,2025-11-07,True
3663,Female,1969-04-20,Blocked,Salem,NH,21465,US,2024-12-27 18:49:28,2025-12-01,False
3708,Female,1956-03-13,Active,Franklin,IA,97154,US,2016-11-08 07:18:40,2025-02-09,True
3856,Female,1994-01-09,Closed,Joliet,IL,82748,US,2017-07-31 09:32:58,2020-06-16,False
3914,Other,1982-02-15,Active,Chester,LA,67472,US,2016-07-22 08:30:00,2025-07-17,True
4035,Female,1968-12-12,Active,Tampa,FL,73973,US,2023-11-22 23:53:48,2025-04-19,True
4084,Prefer Not To Say,1975-11-30,Active,San Jose,CA,93596,US,2023-08-10 19:01:45,2025-02-05,True
4204,Other,1943-12-25,Inactive,Chester,ND,72540,US,2025-05-10 05:07:19,2025-07-23,False
4487,Male,1945-10-22,Active,Bristol,VA,80107,US,2019-04-15 13:14:47,2025-07-10,True
4523,Male,1976-05-21,Active,Franklin,DE,69329,US,2015-01-10 22:41:01,2025-02-27,True
5613,Female,1941-07-28,Active,Salem,NL,,CA,2021-10-31 21:08:18,2025-05-18,True
6012,Male,1986-01-24,Active,Bristol,SD,61486,US,2016-06-04 04:19:54,2025-04-25,True
6239,Male,1945-05-15,Inactive,Tacoma,WA,12959,US,2017-04-29 07:24:58,2017-11-05,False
6772,Female,1981-01-09,Active,Georgetown,AL,39406,US,2025-07-13 18:07:54,2025-10-16,True
6973,Female,1962-05-02,Active,Clinton,ME,84229,US,2024-07-04 13:50:10,2025-06-12,True
7034,Female,1964-06-06,Active,Franklin,MN,30703,US,2024-02-08 17:23:35,2025-02-17,True
7133,Female,1996-07-08,Inactive,Springfield,SD,85564,US,2017-12-23 05:56:14,2024-12-27,False
7209,Female,1961-01-24,Active,Madison,RI,90232,US,2023-11-08 11:43:20,2025-09-30,True
7242,Male,1955-03-20,Active,Bristol,AL,87617,US,2020-01-06 10:43:53,2025-11-14,True
7293,Prefer Not To Say,1999-06-06,Active,Franklin,HI,84821,US,2024-07-04 14:53:54,2025-01-05,True
7553,Male,1944-02-04,Active,Chester,NL,,CA,2020-07-22 18:31:11,2025-03-02,True
8196,Male,1973-02-21,Active,Chester,MT,36451,US,2019-04-19 23:52:11,2024-12-27,True
8938,Male,1964-04-08,Active,Austin,TX,43417,US,2020-07-02 18:08:35,2025-11-22,True
8984,Female,1989-02-10,Active,Franklin,KY,19511,US,2021-01-12 12:38:25,2025-06-22,True
9366,Male,2008-09-28,Closed,Franklin,DE,49404,US,2023-01-15 05:26:27,2024-04-26,False
9962,Female,1991-06-01,Blocked,Calgary,AB,,CA,2019-05-02 08:13:43,2025-06-20,False
41,Female,1980-06-23,Inactive,Salem,NS,,CA,2019-08-30 15:29:13,2023-06-24,False
377,Male,1988-04-26,Closed,Ottawa,ON,,CA,2025-03-19 15:46:07,2025-05-13,False
488,Male,1950-01-16,Inactive,Madison,NS,,CA,2021-07-11 20:06:19,2022-11-10,False
494,Male,1969-11-11,Inactive,Madison,CT,39114,US,2023-10-01 18:38:01,2023-11-04,False
601,Female,2007-04-26,Active,Madison,NH,46692,US,2023-01-18 07:06:34,2025-11-19,True
755,Male,1995-04-30,Active,Philadelphia,PA,59600,US,2019-12-26 11:02:22,2025-02-18,True
950,Female,1971-10-22,Active,Franklin,NJ,27730,US,2022-01-29 04:20:57,2025-07-03,True
1128,Female,1958-10-10,Active,Riverside,NM,46217,US,2025-06-23 05:55:25,2025-09-02,True
1415,Female,2000-08-07,Active,Chester,MS,83538,US,2023-03-19 16:40:07,2025-03-20,True
1461,Male,2005-12-16,Active,Philadelphia,PA,28847,US,2020-04-19 05:58:10,2025-06-15,True
1580,Male,1977-02-26,Active,Mississauga,ON,,CA,2021-11-09 16:30:17,2025-10-14,True
1628,Male,1953-07-01,Active,Riverside,OR,99610,US,2025-12-06 20:29:40,2025-12-16,True
1680,Female,2001-08-16,Active,Hamilton,ON,,CA,2022-07-31 04:07:49,2025-05-02,True
1920,Female,1941-09-13,Inactive,Salem,WY,43124,US,2018-01-08 01:16:54,2024-04-30,False
1996,Male,1988-10-10,Inactive,Salem,LA,39031,US,2025-12-21 22:53:18,2025-12-23,False
2098,Female,1996-11-05,Active,Chester,NH,40835,US,2023-07-15 03:07:56,2025-08-22,True
2258,Male,2001-03-15,Active,Fairview,NU,,CA,2021-10-03 16:20:40,2025-06-07,True
2486,Female,1960-08-03,Inactive,Dallas,TX,43773,US,2023-08-31 11:49:13,2023-11-24,False
2698,Female,1974-09-18,Active,Riverside,OK,49588,US,2016-05-28 19:09:30,2025-10-14,True
3384,Male,1982-07-05,Active,Franklin,NE,27675,US,2016-10-02 02:36:31,2025-12-19,True
4069,Female,1957-11-29,Active,Salem,ND,32839,US,2018-09-18 18:50:32,2025-01-01,True
4074,Male,1990-03-02,Inactive,Mesa,AZ,94234,US,2019-03-18 01:11:19,2020-10-15,False
4235,Female,1992-03-13,Inactive,Laval,QC,,CA,2025-09-11 16:14:44,2025-09-15,False
4428,Female,1944-11-10,Active,Columbus,OH,11215,US,2018-04-23 19:41:55,2025-06-24,True
4820,Male,1965-05-15,Closed,Chester,RI,95594,US,2020-01-19 14:11:03,2022-07-20,False
5108,Male,1965-07-18,Active,Bristol,NT,,CA,2023-01-19 16:51:26,2025-06-01,True
5168,Male,1947-02-12,Active,Orlando,FL,70843,US,2022-03-30 05:06:19,2025-08-31,True
5274,Female,1949-10-25,Active,Georgetown,AK,35880,US,2018-07-07 20:53:26,2025-11-10,True
5685,Female,1986-12-30,Active,Chester,DE,75795,US,2019-12-15 16:58:53,2025-01-22,True
6330,Female,1980-09-05,Inactive,Springfield,KY,97827,US,2018-03-22 00:17:13,2021-09-23,False
7394,Male,1986-09-06,Inactive,Franklin,VT,90395,US,2015-01-19 13:52:13,2015-01-23,False
7517,Male,1995-06-21,Active,Riverside,OK,38671,US,2022-12-14 10:57:33,2025-06-12,True
7571,Female,1983-06-14,Blocked,Fairview,CT,70925,US,2022-11-15 06:59:53,2025-11-09,False
7766,Female,1995-11-09,Closed,Salem,MT,90551,US,2020-02-26 04:16:28,2021-04-14,False
7944,Female,2002-10-28,Active,Lowell,MA,48322,US,2020-06-07 01:04:13,2025-09-07,True
7963,Female,1966-03-20,Active,Salem,MT,54754,US,2023-08-17 22:14:02,2025-06-11,True
8052,Female,1967-10-06,Active,Franklin,NU,,CA,2015-12-25 02:14:12,2025-01-03,True
8472,Male,1998-05-14,Active,Georgetown,MN,27776,US,2015-11-21 02:26:07,2025-11-20,True
8475,Male,1964-12-27,Blocked,Salem,RI,69832,US,2019-04-13 17:27:52,2020-08-21,False
8636,Male,1975-12-11,Active,Detroit,MI,66242,US,2020-01-18 01:10:18,2025-09-15,True
8838,Female,1986-12-31,Active,Madison,ID,17712,US,2020-11-18 18:42:42,2025-02-26,True
8958,Male,1986-09-20,Active,Bristol,NL,,CA,2025-01-29 00:46:37,2025-07-24,True
9063,Male,1941-03-18,Active,Chester,KY,69673,US,2024-02-10 03:34:40,2025-07-03,True
9482,Female,1981-01-23,Active,Bristol,NB,,CA,2019-07-23 12:56:15,2025-09-15,True
9663,Male,1957-08-13,Active,Erie,PA,26207,US,2016-09-06 21:05:50,2025-02-03,True
9833,Female,1946-07-11,Active,Akron,OH,99415,US,2021-01-28 10:58:11,2025-12-12,True
292,Male,1976-11-21,Blocked,Reno,NV,,US,2022-01-13 18:56:57,2024-03-16,False
335,Male,1968-10-15,Closed,Georgetown,WY,51936,US,2022-06-21 10:13:15,2025-01-20,False
413,Male,1979-01-13,Inactive,Bristol,MB,,CA,2018-06-30 05:25:02,2021-01-30,False
503,Male,1993-03-16,Active,Salem,AL,64650,US,2018-06-25 18:52:31,2025-01-18,True
543,Female,1950-11-23,Inactive,Grand Rapids,MI,88653,US,2017-01-13 20:26:44,2021-05-02,False
638,Prefer Not To Say,1971-01-10,Closed,Erie,PA,30768,US,2024-04-24 14:19:44,2025-07-07,False
802,Male,1943-03-14,Inactive,Bristol,IA,67169,US,2025-03-05 19:00:29,2025-11-07,False
1061,Male,1973-03-04,Active,Clinton,LA,53221,US,2024-07-09 18:48:54,2025-05-10,True
1123,Male,1996-02-11,Closed,Chester,NS,,CA,2018-06-02 02:05:50,2023-03-11,False
1262,Male,1945-03-17,Active,Riverside,HI,55068,US,2020-11-22 15:08:21,2025-04-12,True
1351,Female,1943-01-22,Inactive,Bristol,VA,69866,US,2023-04-26 18:00:00,2025-05-25,False
1483,Male,1984-03-18,Active,Clinton,UT,33622,US,2016-12-06 04:10:57,2025-05-22,True
1852,Other,1944-09-15,Active,Madison,OK,35881,US,2020-10-26 06:32:39,2025-10-13,True
1909,Female,1945-09-26,Closed,San Jose,CA,45639,US,2023-04-19 06:34:27,2023-06-22,False
1916,Male,1946-01-12,Active,Clinton,YT,,CA,2018-07-21 17:31:13,2025-07-18,True
2377,Female,1953-06-17,Inactive,Buffalo,NY,76265,US,2015-02-28 12:54:23,2022-05-08,False
2394,Male,2003-02-03,Active,Rockford,IL,35874,US,2016-07-01 17:05:54,2025-06-10,True
2610,Male,1958-04-13,Closed,Athens,GA,83127,US,2022-10-11 20:00:08,2025-01-27,False
2845,Male,1962-05-14,Active,Springfield,HI,43045,US,2019-12-15 16:39:01,2025-08-16,True
3233,Male,1997-04-09,Active,Naperville,IL,91850,US,2017-09-13 09:59:22,2025-02-10,True
3508,Female,1955-05-14,Active,Chester,NM,16324,US,2017-06-30 11:53:29,2025-12-11,True
3826,Male,2006-12-28,Active,Houston,TX,44529,US,2025-05-19 01:35:13,2025-11-06,True
3840,Male,1987-01-30,Active,Riverside,OR,29599,US,2016-08-04 02:59:03,2025-06-07,True
4397,Male,1984-01-30,Blocked,Detroit,MI,41277,US,2020-02-28 14:11:51,2021-10-14,False
4553,Female,1994-10-20,Active,Orlando,FL,99752,US,2019-01-27 09:43:23,2025-03-24,True
5188,Male,1945-10-24,Active,Clinton,IN,84572,US,2023-01-11 16:26:39,2025-05-13,True
5192,Male,1974-08-04,Closed,Charlotte,NC,67228,US,2024-05-26 13:05:14,2025-07-02,False
5785,Female,1941-09-29,Active,Bristol,KY,62572,US,2022-08-01 16:53:16,2025-02-14,True
5967,Female,1968-06-29,Inactive,Riverside,NL,,CA,2023-10-25 23:02:28,2023-12-28,False
6213,Female,1979-11-04,Active,Salem,OR,62629,US,2021-09-19 10:17:59,2025-09-27,True
6679,Male,1988-12-27,Inactive,Franklin,NS,,CA,2018-03-13 04:30:32,2020-08-10,False
6833,Female,1980-06-11,Active,Franklin,MO,39243,US,2019-07-05 08:40:46,2025-08-11,True
6912,Female,1947-12-30,Closed,Springfield,NU,,CA,2021-02-23 03:00:53,2021-05-24,False
7030,Female,1975-09-09,Active,Clinton,UT,34406,US,2022-01-21 06:52:40,2025-02-23,True
7616,Female,1977-10-13,Active,Ann Arbor,MI,63840,US,2024-09-08 23:47:12,2025-02-19,True
7645,Male,1960-11-24,Inactive,Bristol,KY,67587,US,2024-11-20 10:24:01,2025-10-17,False
7752,Female,1958-11-24,Active,Tucson,AZ,98539,US,2025-05-24 06:25:41,2025-07-18,True
7851,Male,1969-03-25,Active,Bristol,VT,57662,US,2015-11-23 23:53:06,2025-07-26,True
8249,Female,1963-08-17,Active,Mesa,AZ,98609,US,2020-01-22 19:37:26,2025-06-11,True
8502,Male,1945-01-15,Active,Riverside,VT,11022,US,2025-05-26 01:31:23,2025-11-25,True
8578,Female,1950-03-18,Active,Clinton,ID,65337,US,2023-11-25 06:38:27,2025-03-05,True
8626,Male,1957-05-07,Closed,Clinton,NJ,41714,US,2023-10-05 13:22:30,2023-12-23,False
8707,Female,2001-12-25,Active,Bristol,AR,85089,US,2015-06-11 12:16:15,2025-03-07,True
8884,Male,1997-12-05,Active,Salem,TN,92399,US,2015-06-11 23:55:55,2025-01-06,True
8919,Female,1960-02-09,Inactive,Clinton,AR,70827,US,2021-01-02 14:41:17,2022-11-02,False
9047,Male,1959-01-13,Active,Chester,OR,30987,US,2024-04-04 08:31:40,2025-06-28,True
9104,Female,1944-05-10,Active,Joliet,IL,80785,US,2015-02-02 13:22:12,2025-08-11,True
9346,Male,1974-07-11,Closed,Franklin,MD,65407,US,2022-05-31 05:58:55,2022-08-27,False
9453,Male,1968-06-15,Inactive,Allentown,PA,54359,US,2017-05-21 18:23:54,2020-01-12,False
9539,Female,1992-06-30,Inactive,Quebec City,QC,,CA,2020-09-07 00:31:27,2021-12-04,False
9617,Male,2008-03-03,Active,Fairview,IA,68532,US,2021-08-10 04:35:35,2024-12-26,True
628,Male,2004-06-04,Closed,New York,NY,73692,US,2022-10-28 18:37:00,2023-06-11,False
635,Male,1953-05-17,Active,Riverside,WY,56597,US,2022-05-21 22:04:03,2025-08-10,True
671,Prefer Not To Say,2006-09-30,Active,Ottawa,ON,,CA,2019-11-24 13:20:01,2025-05-15,True
741,Female,2005-12-23,Inactive,Riverside,MO,98500,US,2019-11-09 10:57:21,2020-04-25,False
823,Female,2003-08-14,Active,Chester,TN,37390,US,2021-07-04 06:57:48,2025-04-19,True
1568,Male,1944-08-17,Closed,Chester,OR,82381,US,2020-04-07 14:29:12,2023-11-20,False
1660,Male,1970-02-25,Active,Franklin,ID,57498,US,2024-02-25 13:01:00,2025-02-03,True
1724,Male,1944-04-11,Active,Chester,WI,33183,US,2025-04-01 17:22:26,2025-07-28,True
1818,Female,1987-04-28,Active,Phoenix,AZ,92109,US,2018-06-23 16:09:57,2024-12-25,True
1848,Male,1961-05-09,Closed,Reading,PA,27315,US,2025-03-21 17:40:42,2025-09-27,False
1960,Male,1996-03-12,Active,Columbus,OH,62884,US,2016-04-17 14:24:13,2025-02-17,True
1972,Male,2001-08-14,Active,Chester,ID,30481,US,2021-04-10 16:00:28,2025-07-22,True
1974,Male,1941-09-06,Active,Clinton,NH,83585,US,2020-01-09 03:06:03,2025-10-05,True
2155,Male,2005-09-07,Active,Henderson,NV,87515,US,2019-08-01 19:09:37,2025-09-19,True
2349,Male,1982-10-27,Active,Salem,MT,97980,US,2015-06-01 14:48:57,2025-01-03,True
2522,Male,1966-07-21,Inactive,Chester,ME,39324,US,2017-08-21 00:55:01,2021-03-05,False
2708,Male,1945-04-21,Active,Spokane,WA,41861,US,2018-01-17 13:17:27,2025-08-01,True
3173,Female,1963-06-20,Active,Bristol,PE,,CA,2024-12-26 03:12:04,2025-10-12,True
3201,Male,1979-07-26,Blocked,Clinton,MS,94692,US,2025-07-29 22:56:54,2025-09-14,False
3204,Prefer Not To Say,1961-11-10,Active,Salem,OK,82038,US,2025-03-27 08:53:15,2025-10-21,True
3239,Male,1995-11-23,Inactive,Columbus,OH,70235,US,2022-10-19 21:26:41,2024-10-17,False
3362,Female,1942-07-03,Inactive,Akron,OH,43175,US,2015-04-05 17:25:47,2016-10-31,False
3449,Female,1983-10-16,Active,Georgetown,WY,28678,US,2019-07-11 12:50:33,2025-08-19,True
3529,Male,1949-01-28,Active,Mesa,AZ,69380,US,2019-02-07 16:32:10,2025-02-01,True
3764,Male,1945-09-09,Inactive,Georgetown,IN,30719,US,2022-05-04 13:37:52,2023-11-28,False
3924,Female,1992-08-01,Active,Fairview,CT,47607,US,2022-07-30 21:25:54,2025-09-06,True
4004,Female,1993-06-23,Closed,Quebec City,QC,,CA,2024-08-02 07:02:42,2025-06-29,False
4038,Male,1956-11-06,Active,Salem,AL,75496,US,2020-04-24 13:30:09,2025-11-15,True
4181,Female,2008-01-23,Inactive,Bristol,SC,52657,US,2024-10-30 21:51:40,2025-06-22,False
4353,Male,1946-06-28,Active,Springfield,RI,92340,US,2023-01-03 09:55:21,2025-04-25,True
4484,Female,1955-06-03,Blocked,Chester,DE,46406,US,2017-11-06 06:23:21,2017-12-17,False
4771,Female,1999-09-23,Active,San Jose,CA,30339,US,2015-11-01 13:12:42,2025-01-12,True
5133,Male,1996-03-13,Active,Franklin,ND,15703,US,2022-04-24 15:42:23,2025-10-11,True
5174,Female,1945-10-06,Inactive,Cincinnati,OH,78416,US,2018-02-16 09:32:07,2024-02-23,False
5442,Female,1946-12-06,Inactive,Fairview,NJ,87282,US,2017-09-11 12:33:48,2025-05-24,False
6047,Female,1972-08-25,Inactive,Georgetown,NJ,12168,US,2018-07-31 18:03:38,2024-03-06,False
6068,Male,1950-10-08,Active,Fairview,SD,48287,US,2017-04-24 07:24:49,2025-09-05,True
6686,Female,1945-03-04,Active,Madison,NM,52914,US,2018-08-29 17:45:03,2025-10-15,True
7596,Prefer Not To Say,1989-10-30,Active,San Antonio,TX,53417,US,2019-07-28 00:04:09,2025-03-27,True
7716,Female,1957-04-17,Active,Fairview,ME,96467,US,2023-08-30 13:42:44,2025-05-15,True
7753,Female,1944-03-28,Active,Georgetown,AK,91593,US,2025-01-16 03:46:09,2025-03-12,True
7764,Female,1987-05-22,Active,Riverside,WI,82363,US,2017-05-13 08:28:24,2025-01-01,True
8149,Female,1979-08-21,Active,Madison,MN,55825,US,2020-05-24 22:19:26,2025-09-09,True
8303,Other,1982-01-08,Active,Raleigh,NC,87644,US,2025-02-24 20:34:05,2025-11-05,True
8469,Female,1989-11-18,Active,Springfield,AR,82237,US,2019-06-21 22:09:15,2025-03-06,True
8572,Male,1966-12-11,Active,Allentown,PA,43312,US,2024-05-16 06:15:56,2025-01-07,True
8689,Female,1999-12-13,Active,Warren,MI,50193,US,2018-01-16 08:23:51,2025-01-09,True
8887,Female,1943-08-29,Active,Salem,LA,11051,US,2017-09-12 04:25:16,2025-08-12,True
9023,Male,1972-11-20,Inactive,Georgetown,OR,72259,US,2021-03-24 08:21:23,2022-05-19,False
9316,Male,2006-05-02,Blocked,Bristol,DE,91641,US,2022-04-21 04:48:28,2024-08-25,False
9350,Female,2005-04-27,Active,Clinton,NL,,CA,2022-12-23 06:58:35,2025-03-08,True
9506,Female,1962-05-20,Active,Rochester,NY,80212,US,2025-11-07 01:33:10,2025-11-17,True
9731,Female,1977-03-25,Active,Athens,GA,20826,US,2021-10-05 11:45:26,2025-09-08,True
9849,Male,1961-01-02,Active,Clinton,UT,21802,US,2025-10-09 06:20:07,2025-11-16,True
9880,Female,1971-11-26,Active,Cambridge,MA,48382,US,2024-10-30 23:52:08,2025-10-05,True
358,Female,1993-08-30,Active,Madison,WV,27046,US,2016-07-24 13:12:10,2025-10-05,True
747,Female,1990-11-17,Active,Franklin,KS,44903,US,2025-07-12 18:51:24,2025-10-18,True
894,Male,1951-09-15,Active,Phoenix,AZ,15430,US,2019-10-20 21:52:07,2025-11-11,True
1026,Female,1969-05-23,Active,Franklin,YT,,CA,2023-10-04 18:30:56,2025-07-02,True
1104,Male,2003-03-19,Closed,Fairview,AK,81143,US,2016-09-11 02:35:05,2022-04-06,False
1184,Female,1962-10-12,Blocked,London,ON,,CA,2018-10-10 13:14:51,2019-09-10,False
1491,Female,1952-06-20,Active,Ottawa,ON,,CA,2025-12-11 14:58:23,2025-12-25,True
1699,Female,1993-07-24,Active,Fairview,OK,30403,US,2021-07-30 10:41:42,2025-08-03,True
2237,Male,1975-05-12,Active,Warren,MI,17229,US,2019-04-24 17:37:50,2025-06-03,True
2271,Female,2000-04-24,Active,Grand Rapids,MI,37874,US,2018-11-21 15:12:48,2025-07-19,True
2476,Female,1960-08-04,Active,Columbus,OH,30933,US,2021-01-19 21:51:14,2025-08-09,True
2740,Male,1942-12-21,Active,Cleveland,OH,17764,US,2025-04-11 20:06:41,2025-08-03,True
2836,Female,1962-09-29,Active,Lowell,MA,76544,US,2015-12-27 06:43:10,2025-11-18,True
2961,Male,2000-01-31,Closed,Greensboro,NC,53799,US,2019-01-17 01:11:49,2022-02-05,False
3367,Female,1980-04-22,Active,Bristol,MB,,CA,2018-06-22 09:33:04,2025-05-30,True
3807,Male,1950-04-23,Closed,Red Deer,AB,,CA,2019-10-07 18:47:41,2022-04-09,False
3860,Male,1992-08-13,Active,Fort Collins,CO,53293,US,2021-07-01 14:38:38,2025-10-24,True
4314,Male,1968-10-16,Active,Riverside,KY,62215,US,2017-12-02 01:15:19,2025-12-03,True
4640,Male,1998-02-21,Active,Georgetown,NM,59149,US,2020-12-15 01:28:07,2025-02-15,True
4919,Male,1981-04-26,Active,Madison,CT,45768,US,2021-09-02 02:34:24,2025-07-14,True
4956,Female,1954-09-03,Active,Georgetown,VT,59969,US,2022-08-03 01:49:21,2025-02-05,True
5141,Male,2003-06-30,Active,Salem,SK,,CA,2018-10-08 21:38:32,2025-07-31,True
5842,Male,1954-02-15,Active,Lethbridge,AB,,CA,2018-11-02 20:16:16,2025-05-14,True
5960,Other,1994-09-23,Inactive,Madison,MO,71960,US,2020-03-27 13:31:05,2023-08-25,False
6219,Female,1973-01-12,Active,Riverside,VT,81843,US,2018-03-14 18:49:54,2025-10-13,True
6274,Female,1965-08-09,Active,Red Deer,AB,,CA,2018-08-17 16:32:07,2025-11-25,True
6782,Female,1979-04-04,Active,Chester,SD,45511,US,2023-01-19 03:54:18,2025-03-25,True
6920,Male,2006-06-25,Inactive,Franklin,KS,55580,US,2022-08-20 00:36:03,2023-09-20,False
7501,Male,1994-08-26,Active,Georgetown,HI,11464,US,2017-07-11 11:29:37,2025-07-24,True
7665,Female,1974-11-15,Inactive,Clinton,ID,23115,US,2019-02-07 13:43:37,2023-05-01,False
7903,Male,1945-12-27,Closed,Aurora,IL,36087,US,2015-07-18 10:59:24,2016-12-24,False
8124,Male,1950-11-21,Active,Austin,TX,48777,US,2018-04-09 17:08:35,2025-02-28,True
8526,Male,1961-07-14,Active,Fairview,ND,15810,US,2017-02-05 15:36:47,2025-06-09,True
8618,Female,1994-05-13,Active,Georgetown,ID,64702,US,2025-02-13 11:18:23,2025-09-16,True
9046,Male,1987-01-29,Active,Georgetown,RI,85733,US,2025-05-18 16:02:38,2025-09-29,True
9319,Female,1949-05-23,Active,Chester,NH,52926,US,2015-06-16 11:06:36,2025-03-06,True
9320,Male,1972-09-02,Active,Cleveland,OH,85529,US,2022-07-22 14:08:07,2025-01-02,True
9392,Male,1994-09-15,Active,Springfield,SC,31322,US,2015-11-08 13:38:50,2025-05-04,True
9559,Female,1963-11-22,Active,Fairview,MS,59059,US,2023-01-16 19:08:48,2025-05-09,True
9942,Male,1943-02-12,Closed,Ann Arbor,MI,30885,US,2016-01-21 04:28:01,2023-10-01,False
9963,Male,1951-05-21,Active,Vancouver,WA,15090,US,2020-11-12 10:24:48,2025-10-28,True
9965,Female,1959-07-26,Active,Springfield,MT,24920,US,2016-03-05 01:46:15,2025-02-09,True
746,Female,1985-06-10,Inactive,Madison,HI,60878,US,2021-09-20 13:26:15,2024-03-14,False
1278,Female,1992-06-24,Blocked,Clinton,ND,83602,US,2024-05-14 01:29:00,2025-06-07,False
1287,Male,1952-01-25,Active,Joliet,IL,23479,US,2022-12-27 18:02:25,2025-05-14,True
1425,Male,1954-08-03,Closed,Franklin,ID,45268,US,2015-02-18 15:08:05,2018-09-12,False
1578,Other,1941-11-21,Active,Georgetown,MB,,CA,2019-01-19 18:15:59,2025-07-08,True
1596,Male,1943-04-19,Blocked,Fairview,NB,,CA,2017-09-19 19:55:46,2019-08-29,False
1806,Female,1966-07-26,Closed,Miami,FL,19647,US,2022-11-26 20:25:05,2025-01-22,False
1896,Female,1969-04-05,Active,Chester,AR,19094,US,2021-07-04 14:38:33,2025-07-19,True
1955,Male,1998-08-20,Active,Seattle,WA,88716,US,2017-12-29 21:28:21,2025-03-24,True
2067,Male,1961-12-05,Active,Sparks,NV,72924,US,2023-01-28 20:53:51,2025-12-21,True
2175,Male,1957-01-12,Active,San Jose,CA,98699,US,2019-10-06 09:58:34,2025-03-08,True
2399,Female,1945-04-14,Active,San Francisco,CA,57386,US,2015-12-02 06:12:40,2025-06-30,True
2868,Male,1966-05-30,Closed,Springfield,AR,76716,US,2020-02-03 18:50:23,2023-09-11,False
2922,Male,2003-03-07,Active,Fairview,LA,36383,US,2024-03-12 22:39:03,2025-02-07,True
3522,Female,1985-05-06,Blocked,Fairview,NU,,CA,2020-02-27 03:07:44,2022-04-29,False
3579,Male,1969-12-30,Active,Springfield,OR,74669,US,2024-02-02 15:05:31,2025-10-06,True
3770,Female,1952-01-25,Active,Chandler,AZ,66107,US,2024-07-10 03:07:46,2025-07-28,True
3838,Female,1948-10-12,Active,Springfield,MA,89397,US,2020-04-19 11:25:32,2025-12-09,True
3950,Male,1986-01-04,Active,Fort Worth,TX,91671,US,2016-01-24 20:38:22,2024-12-26,True
4046,Male,2002-12-05,Blocked,Chester,WI,19672,US,2021-08-26 08:13:50,2025-04-02,False
4224,Female,1977-05-24,Active,Springfield,NU,,CA,2025-09-03 15:54:50,2025-09-30,True
4598,Female,1991-12-16,Active,Bristol,MS,84029,US,2015-03-14 00:13:38,2025-07-06,True
4639,Female,1982-10-15,Active,Georgetown,VT,37185,US,2019-10-30 08:03:37,2025-03-09,True
4764,Male,1978-01-24,Active,Seattle,WA,61775,US,2021-07-08 19:21:37,2025-01-19,True
5102,Male,1968-06-10,Active,Chester,SC,84045,US,2017-06-15 15:55:26,2025-05-10,True
5233,Female,1990-05-29,Active,Fairview,MN,98742,US,2015-11-04 22:12:00,2025-02-01,True
5325,Male,1944-03-08,Inactive,Ann Arbor,MI,82926,US,2023-02-15 22:39:05,2023-03-27,False
5351,Male,1945-06-11,Active,Springfield,AL,49669,US,2016-04-15 06:36:34,2025-02-24,True
5929,Male,1942-07-01,Active,Las Vegas,NV,86039,US,2020-05-23 17:33:17,2025-08-16,True
6367,Female,1987-01-21,Active,Franklin,KS,94742,US,2016-08-02 21:01:21,2025-06-13,True
6708,Female,2003-05-27,Active,Chester,KS,85135,US,2022-12-07 04:15:37,2025-12-23,True
6736,Male,2004-08-07,Blocked,Raleigh,NC,87747,US,2021-01-08 14:46:02,2022-04-04,False
6744,Female,1961-06-11,Inactive,Franklin,WI,65139,US,2016-09-24 08:29:50,2025-01-17,False
7111,Male,1947-07-09,Closed,Vancouver,WA,29652,US,2018-06-12 07:18:23,2022-09-18,False
7545,Male,1965-12-18,Active,Fairview,NJ,41595,US,2017-12-11 13:52:47,2025-05-18,True
7642,Female,1953-03-25,Active,Bristol,TN,57441,US,2019-08-15 23:27:04,2025-09-27,True
7759,Female,1996-09-20,Blocked,Salem,RI,75583,US,2019-11-12 12:32:17,2024-05-15,False
7856,Female,1950-12-13,Active,Bristol,NT,,CA,2016-06-02 14:59:26,2025-07-23,True
7921,Male,1953-08-07,Active,Victoria,BC,,CA,2022-05-08 15:05:58,2025-04-15,True
8173,Male,1968-06-09,Active,Philadelphia,PA,24780,US,2017-11-30 04:07:31,2025-10-30,True
8259,Female,1969-01-25,Active,Colorado Springs,CO,65110,US,2020-06-22 01:18:54,2025-07-03,True
8368,Male,1958-03-02,Active,Erie,PA,90099,US,2020-01-13 21:47:35,2025-01-21,True
8399,Male,1946-06-24,Inactive,Chester,AR,45148,US,2024-11-03 14:14:54,2025-03-25,False
8731,Male,1944-10-14,Active,Springfield,WY,49001,US,2021-08-13 23:11:07,2025-02-10,True
9192,Female,1977-09-26,Active,Athens,GA,89928,US,2023-04-09 23:04:10,2025-08-04,True
9570,Male,1976-10-23,Closed,Salem,MO,89876,US,2018-08-16 10:12:46,2021-08-04,False
9597,Male,1951-06-27,Inactive,Rockford,IL,54847,US,2015-07-05 05:42:30,2018-03-28,False
9691,Male,1999-11-13,Active,Madison,NM,47151,US,2024-05-10 10:33:17,2025-06-25,True
9845,Female,1948-02-15,Inactive,Clinton,CT,82788,US,2021-09-28 02:23:02,2023-09-25,False
9885,Other,1951-11-14,Active,Riverside,AL,58355,US,2019-12-14 12:35:18,2025-08-01,True
9992,Male,1984-02-04,Active,Franklin,SC,88483,US,2023-08-24 23:17:48,2025-09-04,True
130,Male,1946-08-21,Active,Riverside,SC,67878,US,2019-04-17 12:21:03,2025-08-14,True
266,Male,1951-01-22,Active,Clinton,SC,78623,US,2019-01-03 23:02:34,2025-06-06,True
353,Female,1962-08-10,Active,Salem,DE,43136,US,2019-08-08 19:54:39,2025-03-15,True
382,Male,1974-05-30,Inactive,Charlotte,NC,15076,US,2018-03-13 13:53:11,2020-12-15,False
548,Female,1965-10-17,Active,Sterling Heights,MI,69168,US,2020-11-02 16:58:58,2025-06-25,True
681,Male,1946-10-13,Active,Reno,NV,63362,US,2022-10-31 18:13:16,2025-06-16,True
901,Female,1968-03-03,Active,Madison,MT,80851,US,2015-06-18 06:35:43,2025-03-26,True
1053,Female,1972-03-05,Active,Chester,NB,,CA,2018-01-24 02:32:13,2025-09-13,True
1337,Male,1972-06-05,Active,Joliet,IL,21366,US,2024-12-18 13:55:42,2025-02-27,True
1614,Female,2000-01-11,Active,Riverside,TN,46049,US,2023-07-18 04:45:34,2025-09-19,True
1632,Female,2005-06-04,Active,Clinton,ID,33183,US,2024-01-09 00:31:47,2025-07-26,True
1671,Male,1999-01-24,Active,Clinton,AK,72359,US,2024-03-02 17:20:03,2025-06-16,True
2248,Male,1965-11-20,Active,Riverside,PE,,CA,2015-07-08 23:53:40,2025-10-16,True
3618,Female,1983-11-10,Closed,Allentown,PA,86271,US,2019-08-10 10:45:15,2022-01-13,False
3682,Female,2003-08-09,Active,Los Angeles,CA,14630,US,2020-12-21 13:43:31,2025-10-03,True
3892,Male,1949-04-13,Active,Clinton,NE,73991,US,2019-11-10 06:48:00,2025-08-01,True
4298,Female,2005-10-30,Active,Fairview,ND,73840,US,2023-06-19 04:36:52,2025-02-07,True
4339,Prefer Not To Say,1969-09-06,Active,Chester,IA,65454,US,2017-06-03 23:07:25,2025-12-06,True
4505,Male,1963-03-20,Active,Springfield,HI,60349,US,2015-06-14 00:50:14,2025-08-01,True
4780,Male,1996-12-01,Active,Chester,NM,24896,US,2025-04-10 18:29:35,2025-05-23,True
4925,Other,1976-09-13,Inactive,Chester,MB,,CA,2022-11-11 19:05:10,2023-02-14,False
4935,Female,1947-06-07,Active,Riverside,TN,33474,US,2018-03-26 17:52:18,2025-02-27,True
4960,Male,1942-04-20,Active,Clinton,NJ,53132,US,2016-08-09 08:44:44,2025-08-23,True
5275,Male,2006-07-20,Inactive,Atlanta,GA,54838,US,2025-02-08 02:43:26,2025-03-05,False
5299,Other,2002-07-29,Active,Franklin,VT,43896,US,2024-10-18 13:27:53,2025-06-25,True
5661,Male,1986-09-21,Active,Chester,SC,24796,US,2024-01-31 17:53:23,2025-07-03,True
5786,Male,2002-03-21,Active,Grand Rapids,MI,48520,US,2024-11-16 05:34:32,2025-10-25,True
6196,Female,1972-04-30,Active,Clinton,CT,82819,US,2016-05-29 23:26:59,2025-07-29,True
6446,Male,1998-09-07,Closed,Salem,HI,59169,US,2024-10-29 07:03:04,2025-07-19,False
6907,Male,1974-12-11,Active,Fairview,HI,91035,US,2023-09-14 17:56:15,2025-04-20,True
6931,Male,1960-10-17,Inactive,Georgetown,NE,90370,US,2024-02-10 07:13:46,2025-10-13,False
7203,Male,1978-03-17,Active,Clinton,AK,71026,US,2024-09-04 18:36:19,2025-05-11,True
7215,Male,1998-04-15,Inactive,Franklin,ND,95922,US,2019-01-22 17:28:47,2020-11-11,False
7299,Male,2005-06-14,Active,Riverside,KS,19357,US,2021-11-23 11:40:33,2025-04-30,True
7614,Male,1975-09-18,Active,Sacramento,CA,12694,US,2018-07-19 05:20:05,2025-09-06,True
7880,Male,1980-07-23,Closed,Clinton,AR,23280,US,2021-11-05 15:18:00,2023-05-20,False
7952,Male,1973-05-18,Active,Springfield,SK,,CA,2021-02-03 12:08:55,2025-03-04,True
8144,Female,1941-08-14,Active,Riverside,NS,,CA,2023-01-10 05:33:11,2025-11-19,True
8171,Female,1982-03-28,Active,Salem,NU,,CA,2019-01-15 06:57:28,2025-07-24,True
8231,Male,1985-10-26,Inactive,Colorado Springs,CO,18404,US,2020-03-03 19:55:07,2022-06-18,False
8430,Female,1944-04-23,Inactive,Fairview,SC,30285,US,2024-01-09 05:49:01,2024-06-25,False
8573,Female,1977-11-13,Active,Allentown,PA,11808,US,2024-03-29 23:12:01,2025-06-19,True
8627,Male,1964-03-18,Active,Clinton,SC,64643,US,2015-05-10 03:51:43,2025-10-07,True
9000,Female,1994-11-20,Active,Salem,WY,95561,US,2020-11-14 11:18:28,2025-01-20,True
9537,Male,1981-08-27,Active,Allentown,PA,52280,US,2023-12-26 00:18:03,2025-08-06,True
9610,Male,1983-10-06,Inactive,Cambridge,MA,14203,US,2016-06-03 02:30:33,2016-07-26,False
9778,Female,1996-09-04,Active,Clinton,NU,,CA,2021-06-01 03:52:33,2025-07-25,True
9831,Male,1980-03-06,Inactive,Bristol,MT,24330,US,2021-01-18 03:46:07,2021-09-26,False
194,Female,2004-06-04,Inactive,Clinton,VA,39500,US,2023-11-07 15:40:53,2024-06-15,False
301,Male,1992-04-23,Blocked,Bristol,MN,72800,US,2022-03-26 12:18:43,2025-09-08,False
331,Female,1987-02-24,Inactive,Augusta,GA,35733,US,2015-05-29 21:49:35,2023-07-31,False
396,Male,1956-09-21,Active,Georgetown,MD,47382,US,2018-06-22 04:07:42,2025-03-15,True
788,Male,1961-12-08,Active,Franklin,WY,99700,US,2020-03-28 14:54:53,2025-08-30,True
1296,Male,1992-06-23,Active,Chester,NH,89081,US,2021-11-03 08:32:15,2025-04-07,True
1639,Other,1944-01-19,Closed,Charlotte,NC,58972,US,2018-05-13 00:18:45,2023-12-06,False
1782,Male,1949-06-02,Closed,Franklin,TN,60444,US,2025-02-27 05:16:14,2025-04-07,False
1793,Female,1946-02-03,Blocked,Cleveland,OH,97872,US,2020-04-19 21:37:54,2024-01-05,False
1797,Female,1980-08-18,Active,Bristol,MD,24595,US,2025-05-17 00:55:00,2025-10-14,True
2172,Male,1951-03-14,Active,Springfield,NL,,CA,2025-02-23 18:16:43,2025-11-01,True
2429,Female,1968-09-19,Closed,Fairview,MD,89891,US,2020-01-02 14:57:15,2020-09-23,False
3595,Male,1966-11-21,Active,Chester,SK,,CA,2015-05-08 02:58:09,2025-03-23,True
3881,Male,1997-11-12,Active,Calgary,AB,,CA,2020-04-27 07:27:18,2025-05-20,True
4259,Male,1955-04-30,Active,Savannah,GA,48193,US,2020-08-16 19:21:16,2025-02-14,True
4275,Female,1971-02-04,Active,Springfield,OR,28739,US,2016-08-13 12:50:28,2025-06-15,True
4302,Female,1987-09-06,Inactive,Georgetown,MD,97206,US,2022-08-18 12:05:15,2024-03-02,False
4558,Female,1961-06-01,Active,Salem,OR,10284,US,2018-10-04 14:38:31,2025-01-31,True
4679,Male,1996-11-24,Active,Clinton,RI,71174,US,2025-04-23 17:39:37,2025-07-12,True
4998,Female,1957-01-23,Inactive,Madison,MS,29132,US,2016-03-14 15:14:43,2025-06-28,False
5106,Male,1959-03-25,Active,Franklin,DE,33500,US,2017-12-21 04:27:55,2025-09-29,True
5190,Female,1999-02-23,Active,Riverside,WY,59110,US,2022-06-11 11:41:02,2025-11-04,True
5447,Female,1967-09-15,Blocked,Clinton,PE,,CA,2022-09-04 23:01:49,2025-07-07,False
5475,Male,1974-02-08,Active,Fairview,NT,,CA,2022-08-29 00:45:35,2025-07-06,True
6256,Female,1970-05-16,Active,Tacoma,WA,18595,US,2025-10-08 02:22:35,2025-10-10,True
6390,Female,1952-04-06,Inactive,Franklin,YT,,CA,2025-03-20 00:14:39,2025-05-18,False
6584,Male,1968-06-16,Inactive,Fairview,TN,73203,US,2021-03-12 18:25:18,2025-01-08,False
6588,Other,1942-08-08,Closed,Philadelphia,PA,30608,US,2020-09-04 13:18:38,2021-01-02,False
6724,Female,1983-07-26,Active,Fairview,NJ,89072,US,2024-10-31 07:34:37,2025-10-05,True
6781,Male,1967-02-03,Inactive,Clinton,LA,33028,US,2020-05-29 11:45:23,2023-03-29,False
6923,Male,1990-06-11,Active,Fairview,WY,23841,US,2021-01-06 01:34:12,2025-04-07,True
7051,Female,1998-11-14,Active,Riverside,NE,51670,US,2024-08-18 00:22:54,2025-01-01,True
7106,Male,2007-02-17,Active,Chester,HI,78252,US,2021-06-23 18:46:57,2025-10-09,True
7661,Male,1965-01-12,Inactive,Springfield,SC,89880,US,2018-02-06 19:09:46,2023-10-30,False
8069,Male,1945-07-06,Active,Salem,HI,37175,US,2018-08-19 01:12:12,2025-03-28,True
8229,Male,1968-07-20,Blocked,Joliet,IL,11841,US,2019-07-26 14:19:15,2021-11-30,False
8420,Female,1981-01-29,Active,Clinton,AL,66188,US,2022-07-28 15:47:21,2025-06-27,True
8932,Male,1998-04-28,Active,Chester,AL,69927,US,2019-11-04 09:59:48,2025-08-05,True
9751,Female,1964-02-25,Active,Fairview,WY,78587,US,2015-10-14 15:51:03,2025-07-05,True
9814,Male,1950-12-11,Inactive,Riverside,RI,99633,US,2025-07-11 13:59:18,2025-07-18,False
287,Female,1950-03-31,Active,Springfield,LA,60004,US,2023-08-27 20:38:30,2025-08-29,True
362,Female,1941-04-25,Closed,Cleveland,OH,66904,US,2025-01-23 11:26:56,2025-03-24,False
1068,Male,1995-12-17,Closed,Springfield,VA,88500,US,2017-02-20 21:08:07,2020-11-17,False
1274,Prefer Not To Say,1982-09-01,Active,Springfield,UT,25148,US,2024-09-10 12:47:25,2025-10-27,True
1312,Male,1958-01-03,Active,Riverside,KY,94752,US,2023-12-06 23:15:30,2025-11-25,True
1431,Female,1983-07-18,Active,Clinton,KS,45470,US,2025-12-11 01:21:42,2025-12-13,True
1751,Female,1976-11-17,Active,Lethbridge,AB,,CA,2025-05-27 09:14:07,2025-07-17,True
1808,Male,1968-05-17,Inactive,Riverside,MD,87874,US,2024-10-28 03:29:45,2025-10-23,False
2491,Female,2009-07-17,Active,Franklin,KY,33319,US,2023-10-20 01:22:17,2025-08-18,True
2521,Female,1972-01-28,Active,Bristol,KY,82198,US,2020-06-05 05:15:49,2025-07-20,True
2630,Female,1947-12-13,Active,Clinton,NE,16266,US,2020-04-16 00:30:54,2025-05-30,True
2726,Male,1995-01-23,Active,Grand Rapids,MI,90777,US,2020-06-13 15:20:49,2025-02-19,True
2779,Female,1985-10-07,Active,Fairview,OR,48242,US,2021-12-24 18:01:45,2024-12-26,True
3345,Female,1977-12-23,Closed,Riverside,YT,,CA,2016-12-30 22:23:51,2022-01-08,False
3374,Male,1987-06-24,Closed,Clinton,MB,,CA,2017-09-20 00:39:17,2022-12-01,False
4132,Male,1965-05-10,Closed,Lowell,MA,87016,US,2015-11-09 00:03:49,2022-07-25,False
4148,Male,2007-10-09,Active,Fairview,RI,34377,US,2021-11-21 06:14:01,2025-02-12,True
4246,Female,2008-12-30,Inactive,Springfield,NJ,81129,US,2023-03-10 14:07:03,2023-10-05,False
4252,Female,1996-10-26,Active,Longueuil,QC,,CA,2022-01-28 21:43:56,2025-04-06,True
4340,Female,1969-02-27,Active,San Antonio,TX,59815,US,2017-12-19 23:46:31,2025-02-22,True
4426,Male,1974-02-24,Active,Bristol,WI,26627,US,2018-08-19 21:50:10,2025-02-17,True
4631,Other,1961-02-03,Inactive,Chester,VT,57463,US,2022-10-03 08:19:17,2023-02-07,False
4659,Male,2003-07-10,Active,Springfield,MO,77843,US,2021-10-11 13:27:45,2025-03-25,True
4670,Female,1968-11-14,Active,Bristol,OK,21596,US,2023-03-07 20:31:35,2025-10-04,True
4811,Male,1973-12-09,Active,Franklin,NE,42476,US,2025-11-24 22:04:18,2025-12-19,True
4878,Male,1981-11-21,Inactive,Rochester,NY,57648,US,2022-06-23 20:16:44,2023-01-31,False
5874,Female,1949-02-25,Active,Henderson,NV,51451,US,2019-04-12 16:33:52,2025-11-13,True
5935,Female,1959-01-05,Active,Fairview,AK,69887,US,2020-06-06 15:22:09,2025-08-31,True
6160,Female,1964-10-09,Closed,Clinton,KS,62559,US,2019-07-15 04:57:36,2020-09-04,False
6161,Female,1998-10-15,Active,Chester,KY,34042,US,2021-03-06 04:14:15,2025-07-01,True
6254,Male,2006-08-10,Active,Bristol,SD,67545,US,2025-10-11 08:08:53,2025-11-30,True
6316,Female,1963-04-10,Active,Franklin,NE,47570,US,2018-08-07 06:51:40,2025-02-19,True
6449,Male,1941-09-24,Inactive,Worcester,MA,87796,US,2015-04-10 12:37:35,2024-04-22,False
6492,Female,1990-01-15,Active,Riverside,MT,13689,US,2018-06-16 14:33:18,2025-10-26,True
6530,Male,1966-11-20,Inactive,Springfield,AK,69972,US,2015-12-17 07:01:18,2023-10-21,False
6792,Male,1947-03-02,Active,Madison,MB,,CA,2016-07-20 01:14:19,2025-10-30,True
7488,Female,2007-09-04,Inactive,Springfield,NM,38737,US,2022-04-25 17:21:17,2023-11-25,False
7526,Male,1994-07-22,Closed,Riverside,NH,75967,US,2020-01-23 05:46:19,2021-12-08,False
7892,Female,1991-09-22,Active,Salem,NE,80660,US,2023-06-10 22:17:32,2025-08-23,True
7924,Male,1958-08-12,Active,San Francisco,CA,92758,US,2024-11-25 10:50:06,2025-11-17,True
8390,Female,1985-06-20,Blocked,Albany,NY,20741,US,2024-01-02 17:16:30,2024-03-21,False
8750,Female,1962-01-28,Inactive,Madison,MD,68302,US,2015-05-25 18:29:40,2025-03-10,False
9745,Male,2005-05-25,Active,Tucson,AZ,82916,US,2023-04-12 11:02:09,2025-06-24,True
202,Male,1992-01-27,Active,Riverside,MN,10675,US,2019-06-01 06:59:19,2025-01-29,True
313,Male,1998-08-15,Active,Clinton,AR,72743,US,2023-11-09 12:44:09,2025-03-19,True
559,Male,2002-04-25,Inactive,Springfield,LA,60834,US,2020-11-16 13:21:36,2021-04-12,False
615,Other,1945-07-05,Active,Madison,ID,28950,US,2021-05-06 06:22:47,2025-04-10,True
647,Male,1983-03-07,Inactive,Franklin,UT,11653,US,2022-11-21 15:30:50,2024-03-30,False
694,Prefer Not To Say,1982-06-02,Active,Clinton,ID,49091,US,2015-08-31 00:31:06,2025-01-10,True
714,Female,1944-11-04,Closed,Boston,MA,13396,US,2023-11-01 09:07:20,2025-04-18,False
754,Female,1945-10-15,Active,Franklin,TN,22568,US,2015-01-12 18:52:34,2025-08-02,True
789,Other,1981-01-02,Active,Las Vegas,NV,89299,US,2023-11-09 19:01:12,2025-10-01,True
977,Male,1975-06-25,Active,Franklin,MT,99347,US,2017-07-11 21:33:23,2025-04-23,True
1261,Male,1993-05-15,Inactive,Madison,AK,66212,US,2016-06-29 15:33:02,2023-06-21,False
1362,Male,2003-08-20,Closed,Orlando,FL,15521,US,2020-04-19 04:11:39,2020-06-11,False
1401,Other,2006-04-14,Active,Fairview,NB,,CA,2021-05-05 01:07:23,2025-03-17,True
1413,Male,1971-04-27,Active,Georgetown,NL,,CA,2021-10-30 08:47:00,2025-09-18,True
1476,Male,1984-12-26,Inactive,Georgetown,MT,47993,US,2021-07-11 00:53:12,2025-09-04,False
1637,Male,1961-02-22,Active,Vancouver,WA,22955,US,2017-03-10 14:02:57,2025-01-23,True
1663,Female,1987-12-26,Active,Springfield,AR,51972,US,2025-04-25 18:27:12,2025-06-12,True
2031,Male,1976-10-10,Active,Springfield,PE,,CA,2015-07-05 15:42:12,2025-01-30,True
3075,Female,1983-08-03,Active,Clinton,NS,,CA,2024-03-17 09:08:27,2025-11-28,True
3142,Female,1977-11-11,Active,Atlanta,GA,83793,US,2023-05-24 09:01:55,2025-03-24,True
3699,Female,1995-12-05,Active,Salem,NE,37864,US,2024-09-28 04:57:06,2025-11-28,True
3817,Male,1974-11-07,Active,Salem,OR,70621,US,2022-01-19 06:04:58,2025-08-31,True
3956,Other,1957-09-19,Inactive,Aurora,IL,91397,US,2018-09-09 12:34:01,2022-11-08,False
4031,Female,1944-10-07,Closed,Rockford,IL,72343,US,2015-09-09 10:56:30,2022-11-29,False
4452,Female,1970-12-09,Blocked,Franklin,KY,21088,US,2021-10-13 17:55:20,2025-08-19,False
4677,Female,1967-03-04,Active,Franklin,KS,69894,US,2023-03-27 12:21:21,2025-02-17,True
4768,Female,1983-05-03,Active,Riverside,HI,48889,US,2020-03-25 18:25:39,2025-06-26,True
4830,Female,1989-11-05,Active,Worcester,MA,85340,US,2018-05-01 04:05:10,2025-06-24,True
4896,Male,1958-11-15,Inactive,Salem,NE,41947,US,2023-01-18 16:06:51,2023-05-12,False
5272,Male,1945-03-27,Active,Bristol,SC,75182,US,2024-04-22 23:43:32,2025-04-25,True
5304,Other,1956-03-03,Active,Riverside,LA,63148,US,2021-05-04 18:39:56,2025-06-24,True
5419,Male,1966-12-11,Inactive,Springfield,CT,51569,US,2016-04-18 05:57:47,2019-06-09,False
5915,Female,1976-08-02,Active,Madison,SC,20601,US,2023-03-08 21:52:58,2025-02-22,True
6000,Female,2008-09-25,Active,Salem,NE,76880,US,2023-07-25 12:30:32,2025-05-14,True
6119,Male,1953-09-02,Active,Tampa,FL,81769,US,2017-07-07 12:55:06,2025-11-25,True
6576,Female,2000-10-02,Closed,Georgetown,WV,53887,US,2020-07-08 09:03:51,2023-05-24,False
6789,Female,1989-03-25,Active,Colorado Springs,CO,46799,US,2015-04-25 13:40:32,2025-03-22,True
7251,Female,1945-02-16,Active,Riverside,SD,67258,US,2021-12-09 01:28:43,2025-02-19,True
7308,Male,1978-01-11,Active,Chicago,IL,50622,US,2018-05-14 23:08:08,2025-07-24,True
7417,Female,1942-11-22,Closed,Chester,KY,16424,US,2019-09-29 18:01:05,2022-08-13,False
7627,Male,1967-01-29,Active,Fairview,IN,45150,US,2023-01-21 17:05:43,2025-04-04,True
8619,Male,1972-11-03,Active,Clinton,MD,67862,US,2022-04-21 23:06:29,2025-10-31,True
8940,Male,1946-08-13,Active,Riverside,MN,68254,US,2020-05-14 01:03:58,2025-01-29,True
9404,Male,1986-12-16,Active,Orlando,FL,87162,US,2021-01-18 10:41:11,2025-11-02,True
9407,Female,1982-02-28,Active,Georgetown,AR,28448,US,2016-10-15 14:21:15,2025-04-09,True
89,Female,1969-07-22,Active,Fairview,WI,79533,US,2020-11-22 07:11:33,2025-11-20,True
136,Female,1998-04-11,Active,Henderson,NV,42483,US,2025-09-07 19:57:10,2025-10-13,True
282,Male,1979-12-28,Active,Franklin,AL,77976,US,2025-08-10 20:19:14,2025-12-04,True
347,Female,1971-03-13,Active,Bristol,NB,,CA,2019-01-01 15:48:15,2025-03-28,True
1001,Female,1970-07-13,Active,Fairview,ID,57710,US,2019-11-21 19:19:57,2025-10-06,True
1175,Male,1998-07-05,Active,Franklin,HI,77507,US,2018-11-04 06:54:52,2024-12-26,True
1350,Female,1992-12-15,Blocked,Chester,VA,87869,US,2015-12-21 09:45:14,2023-02-12,False
1353,Female,1971-06-05,Active,Chester,NM,20445,US,2017-10-24 15:55:31,2025-04-14,True
1462,Male,1997-07-21,Inactive,Georgetown,CT,86731,US,2021-09-22 20:15:07,2024-10-13,False
1606,Male,1970-04-01,Blocked,Bristol,IA,42189,US,2019-01-03 12:38:13,2019-12-13,False
1857,Male,2004-09-28,Active,Fairview,ND,56577,US,2018-05-08 04:35:12,2025-02-26,True
1894,Prefer Not To Say,1948-09-04,Closed,Riverside,KS,53148,US,2024-06-01 15:57:05,2025-04-01,False
2013,Male,1981-07-15,Active,Salem,WV,66480,US,2018-11-30 21:15:33,2025-07-28,True
2089,Male,1994-09-22,Active,Cleveland,OH,17229,US,2021-06-21 10:33:45,2025-04-04,True
2105,Female,2009-03-28,Active,Chester,LA,79991,US,2022-04-15 04:37:02,2025-11-05,True
2308,Male,1955-01-07,Active,Clinton,CT,86291,US,2021-12-12 02:44:46,2025-02-07,True
2327,Female,1997-12-19,Active,Riverside,LA,46028,US,2020-10-26 13:44:10,2025-01-05,True
2587,Female,1964-01-15,Active,Madison,VA,78233,US,2024-02-06 20:41:18,2025-05-06,True
3490,Female,1992-06-20,Active,Medicine Hat,AB,,CA,2016-04-27 12:13:34,2025-12-17,True
3896,Female,1966-02-08,Blocked,Clinton,WI,40029,US,2021-09-19 07:29:55,2022-05-21,False
4194,Female,1962-10-20,Active,Clinton,RI,51307,US,2019-12-26 23:38:14,2025-01-17,True
4326,Female,1996-01-06,Inactive,Madison,NJ,86682,US,2023-05-08 09:36:42,2023-06-16,False
4358,Male,1989-11-05,Active,Cincinnati,OH,84952,US,2021-07-27 00:31:06,2025-05-23,True
4625,Female,1947-09-14,Active,Bristol,DE,21826,US,2022-03-24 05:46:54,2025-02-24,True
4647,Male,1973-11-01,Inactive,Chester,WV,31189,US,2021-07-22 10:03:25,2021-09-15,False
5300,Male,2003-01-16,Inactive,Fairview,ND,89921,US,2025-09-29 21:08:21,2025-11-06,False
5664,Male,1975-10-01,Active,Mesa,AZ,83993,US,2018-11-27 19:00:54,2025-01-17,True
5736,Other,1973-05-23,Active,Sparks,NV,51214,US,2019-08-02 18:09:08,2025-07-22,True
6372,Female,1977-11-01,Active,Georgetown,AL,75533,US,2016-11-17 22:03:26,2025-11-24,True
7045,Female,1996-08-26,Closed,Salem,VA,99180,US,2016-07-13 13:27:34,2017-10-17,False
7230,Prefer Not To Say,2004-08-03,Active,Columbus,OH,91360,US,2017-10-31 13:34:03,2025-01-06,True
8026,Female,1987-02-25,Active,Franklin,VT,59483,US,2019-12-30 07:30:06,2024-12-30,True
8136,Female,1965-09-30,Active,Joliet,IL,98624,US,2025-03-29 18:27:12,2025-06-21,True
8433,Female,2005-11-14,Active,Clinton,ID,92383,US,2021-01-21 19:02:41,2025-08-20,True
8897,Male,1977-05-08,Inactive,Madison,CT,70753,US,2021-09-12 10:11:24,2023-04-02,False
8913,Male,1978-01-13,Active,Orlando,FL,83907,US,2025-08-26 18:30:30,2025-11-12,True
9025,Female,2008-06-25,Inactive,Salem,NL,,CA,2025-04-14 08:35:01,2025-07-20,False
9385,Male,1955-05-05,Active,Naperville,IL,93639,US,2024-10-10 11:45:04,2025-12-19,True
9465,Female,1972-07-10,Closed,Chester,OR,55772,US,2016-06-25 11:45:27,2022-11-12,False
9704,Male,1946-08-06,Active,Clinton,NH,99887,US,2015-01-06 02:11:01,2025-09-09,True
9776,Female,1951-04-11,Active,Madison,AK,69771,US,2024-04-05 06:35:47,2025-11-03,True
9780,Female,1952-02-26,Active,Springfield,NH,57260,US,2025-06-01 18:57:00,2025-12-03,True
1138,Male,1957-11-21,Inactive,Madison,VA,80627,US,2017-04-06 09:25:00,2025-04-07,False
1370,Other,1954-07-03,Active,Clinton,IA,75098,US,2020-07-06 10:47:13,2025-11-09,True
1389,Female,1976-08-25,Active,Vancouver,BC,,CA,2015-10-18 09:17:52,2025-01-03,True
1977,Male,1962-06-05,Active,Athens,GA,45667,US,2019-12-28 05:47:35,2025-08-24,True
2028,Male,1942-08-15,Inactive,Raleigh,NC,94134,US,2023-06-10 23:59:05,2023-12-06,False
2771,Male,1945-08-26,Active,Chandler,AZ,88241,US,2024-02-16 20:29:44,2025-06-30,True
2833,Male,1980-02-10,Inactive,Chester,MD,63445,US,2023-02-14 14:37:30,2023-06-03,False
2937,Female,1979-08-23,Active,Charlotte,NC,33830,US,2018-05-31 07:21:35,2025-03-15,True
2968,Male,1971-04-02,Active,Bristol,MT,55702,US,2020-01-01 04:39:38,2025-01-26,True
3298,Male,1980-07-16,Active,Springfield,WV,81019,US,2017-05-13 04:44:48,2025-05-28,True
3309,Male,1949-05-20,Active,Fairview,SD,71002,US,2016-01-04 07:16:11,2025-05-21,True
3429,Other,1973-02-20,Active,Clinton,ND,73276,US,2017-11-01 13:07:13,2025-07-19,True
3729,Male,1957-12-23,Inactive,Springfield,IA,10670,US,2023-09-01 10:44:32,2025-11-01,False
3773,Female,1958-05-06,Active,Georgetown,MD,26242,US,2022-07-06 06:25:14,2025-07-17,True
3941,Male,1989-10-19,Active,Grand Rapids,MI,26283,US,2024-05-09 11:27:54,2025-01-16,True
4376,Female,1945-11-21,Active,Georgetown,VA,63121,US,2019-06-01 22:39:03,2025-02-22,True
5098,Male,1968-10-14,Active,New York,NY,53874,US,2021-11-10 08:10:17,2025-05-18,True
5153,Female,1993-06-11,Active,San Jose,CA,30425,US,2016-08-08 12:45:01,2025-11-04,True
5248,Other,1997-08-03,Active,Bellevue,WA,90863,US,2025-09-23 00:56:52,2025-10-24,True
5301,Male,1948-07-23,Active,Chester,VT,13150,US,2021-02-27 04:51:25,2025-04-04,True
5364,Male,1973-07-30,Blocked,Riverside,MN,25728,US,2015-04-10 05:05:38,2017-10-31,False
5849,Male,1989-05-14,Active,Chester,AR,97304,US,2022-10-20 16:03:59,2025-11-26,True
5858,Male,1982-08-11,Active,Chester,OK,82612,US,2021-11-25 13:57:32,2025-10-22,True
6010,Female,1966-12-13,Inactive,Riverside,MS,31005,US,2018-06-16 17:52:34,2025-11-01,False
6361,Male,1955-01-13,Closed,Salem,NT,,CA,2017-07-03 14:20:42,2019-05-01,False
6375,Female,1950-04-21,Active,Riverside,AK,57146,US,2022-08-13 15:52:13,2025-10-01,True
6524,Female,2004-07-07,Active,Madison,WY,29151,US,2018-03-12 17:50:44,2025-01-17,True
6692,Male,1963-07-30,Active,Clinton,AR,66670,US,2023-04-28 05:01:32,2025-06-29,True
6849,Male,1950-02-06,Active,Springfield,UT,19161,US,2016-04-18 17:24:05,2025-05-08,True
6900,Female,1996-05-22,Active,Aurora,CO,14468,US,2018-10-20 18:41:06,2025-06-18,True
6921,Other,1956-03-13,Active,Georgetown,MN,24606,US,2021-04-29 11:04:27,2025-06-27,True
7271,Other,1963-06-10,Active,Fairview,IN,76164,US,2017-03-18 08:23:32,2025-10-02,True
7655,Female,2006-03-15,Active,Springfield,MO,24663,US,2020-12-09 06:28:31,2025-02-09,True
7920,Female,2004-06-02,Active,Springfield,LA,81417,US,2020-10-23 23:32:22,2025-12-20,True
7926,Female,1980-11-11,Active,Riverside,IN,22178,US,2015-11-10 06:32:21,2025-06-30,True
8053,Female,1995-04-23,Inactive,Riverside,OK,28645,US,2021-12-01 14:19:19,2025-10-06,False
8158,Female,1951-04-08,Active,Surrey,BC,,CA,2016-05-25 09:06:54,2025-10-17,True
8517,Female,1969-01-11,Active,Grand Rapids,MI,28382,US,2016-01-25 10:01:41,2025-09-24,True
8577,Female,1980-06-12,Active,Madison,SD,56306,US,2023-01-11 02:34:54,2025-10-25,True
8673,Male,2005-08-15,Inactive,Franklin,ID,92583,US,2019-09-02 19:07:59,2024-03-09,False
8810,Female,2002-04-07,Active,Madison,CT,66363,US,2025-07-23 18:21:42,2025-11-06,True
9101,Female,1953-02-08,Active,Springfield,ND,38267,US,2021-09-28 00:43:18,2025-09-19,True
9149,Female,1981-06-07,Inactive,Philadelphia,PA,94348,US,2018-01-01 11:21:05,2025-04-13,False
9270,Female,1947-05-27,Closed,Georgetown,SK,,CA,2023-05-17 06:29:44,2024-02-16,False
9278,Male,1987-08-07,Active,Springfield,AK,71097,US,2017-08-24 04:52:15,2025-10-16,True
9689,Prefer Not To Say,1987-08-27,Active,Springfield,NM,32282,US,2020-10-18 15:56:10,2025-06-05,True
9988,Female,1975-09-15,Active,Reno,NV,83210,US,2020-01-13 08:20:38,2025-01-22,True
403,Female,1991-10-18,Active,Salem,NJ,13063,US,2016-04-29 15:33:43,2025-01-21,True
464,Female,1953-10-29,Inactive,New York,NY,84642,US,2017-01-30 03:01:51,2019-12-05,False
790,Male,1941-06-24,Active,Chester,ID,66262,US,2021-08-04 10:36:48,2025-11-05,True
965,Male,1994-09-23,Inactive,Riverside,SK,,CA,2017-12-08 01:49:22,2025-08-02,False
991,Female,1943-04-25,Active,Salem,VT,87812,US,2022-11-21 13:48:12,2025-02-16,True
1485,Other,2007-01-02,Active,Athens,GA,83682,US,2023-06-28 09:17:46,2025-07-21,True
1581,Female,1944-08-08,Blocked,Riverside,MN,65171,US,2018-05-20 18:06:58,2022-06-01,False
1608,Female,2008-08-01,Active,Cincinnati,OH,29473,US,2022-08-16 17:56:18,2025-12-19,True
1650,Male,1948-03-05,Closed,Bristol,NE,25559,US,2024-12-18 06:02:02,2025-06-14,False
1864,Female,2004-07-19,Inactive,Madison,CT,83827,US,2020-06-23 21:22:42,2022-03-23,False
2041,Male,1975-04-04,Inactive,Chester,RI,37169,US,2017-03-14 03:11:50,2024-09-11,False
2389,Male,1954-03-18,Closed,Chester,NH,46209,US,2023-04-04 00:37:36,2025-02-11,False
2657,Male,1943-02-16,Active,Fairview,NJ,24350,US,2023-08-22 10:47:21,2024-12-30,True
2749,Female,1984-02-08,Closed,Clinton,KS,65850,US,2016-09-17 19:14:51,2023-03-03,False
2891,Female,1986-04-15,Active,Salem,VT,34972,US,2025-08-15 07:08:32,2025-09-16,True
2965,Male,1991-05-05,Active,Fairview,RI,55482,US,2019-11-04 17:27:56,2025-12-20,True
2971,Male,1954-04-04,Active,Springfield,MB,,CA,2015-08-22 08:37:51,2025-02-02,True
2996,Female,1985-12-22,Active,Fairview,AR,93642,US,2023-01-22 01:48:17,2025-04-06,True
3089,Male,1984-05-28,Active,Chester,NE,23647,US,2025-08-10 09:18:45,2025-10-24,True
3325,Male,1994-04-06,Closed,Athens,GA,38442,US,2020-01-06 10:27:53,2023-02-04,False
3437,Male,1984-07-23,Active,Hamilton,ON,,CA,2019-06-21 09:09:20,2025-07-05,True
3439,Female,1990-03-07,Active,Salem,NB,,CA,2022-06-02 11:36:08,2025-11-29,True
3620,Male,2007-07-02,Active,Springfield,RI,52744,US,2025-12-07 05:43:02,2025-12-20,True
3621,Female,2008-06-25,Active,Springfield,NB,,CA,2021-11-18 05:43:10,2025-01-24,True
3684,Male,1994-11-13,Inactive,Fort Lauderdale,FL,16889,US,2020-09-17 11:03:32,2022-02-18,False
3738,Female,1990-12-19,Active,Riverside,TN,59099,US,2020-04-28 09:40:55,2025-08-14,True
3747,Other,1967-03-12,Active,Fairview,WY,31870,US,2020-07-30 20:30:12,2025-09-17,True
3858,Female,1993-09-16,Active,Madison,PE,,CA,2016-02-19 07:53:02,2025-09-06,True
4374,Female,1963-11-27,Active,Bristol,OR,28501,US,2015-09-07 18:13:27,2025-01-02,True
4477,Female,1998-09-06,Active,Seattle,WA,42755,US,2025-10-21 04:00:33,2025-11-05,True
4592,Female,1978-03-02,Active,Clinton,CT,81525,US,2024-12-01 06:55:22,2025-06-29,True
4612,Male,1943-01-29,Closed,Chester,IA,55969,US,2020-01-08 06:04:19,2022-01-13,False
4841,Female,2010-09-11,Active,Colorado Springs,CO,35400,US,2025-07-29 22:52:15,2025-10-08,True
4947,Female,1995-02-07,Active,Riverside,MT,73609,US,2023-12-01 12:52:36,2025-03-23,True
5120,Female,1972-08-02,Active,Franklin,IA,88491,US,2025-05-02 19:43:59,2025-05-05,True
5205,Female,2003-05-17,Active,Henderson,NV,48439,US,2018-09-30 06:28:16,2025-08-14,True
5463,Male,1962-03-27,Active,Salem,ME,76307,US,2021-06-23 06:07:02,2025-08-30,True
5508,Male,1997-11-25,Active,Franklin,VA,85563,US,2020-09-16 22:43:02,2025-05-01,True
5555,Other,2001-12-17,Inactive,Salem,WI,63718,US,2024-05-21 05:23:56,2024-05-31,False
5718,Male,2006-07-25,Active,Franklin,TN,20745,US,2025-10-30 05:30:59,2025-11-25,True
6034,Prefer Not To Say,1968-03-03,Active,Salem,SD,61170,US,2021-02-11 22:06:09,2025-03-22,True
6252,Male,1950-02-25,Active,Grand Rapids,MI,75074,US,2017-03-21 02:03:42,2025-09-30,True
6333,Male,1994-05-09,Active,Georgetown,AR,45511,US,2017-06-23 14:15:59,2025-08-24,True
6340,Female,1949-03-12,Blocked,Springfield,SC,28391,US,2023-12-28 02:41:46,2024-11-23,False
6387,Male,1979-01-08,Active,Tucson,AZ,39423,US,2018-12-08 05:03:18,2025-07-16,True
6866,Male,1952-08-10,Active,Akron,OH,38393,US,2016-12-02 14:16:30,2025-03-26,True
6993,Male,1985-11-04,Active,Springfield,WY,45275,US,2022-04-09 03:28:27,2025-02-12,True
7077,Female,2000-04-05,Inactive,Salem,RI,69882,US,2015-04-12 19:35:42,2019-11-27,False
7378,Female,1994-02-26,Active,Georgetown,PE,,CA,2022-07-27 03:01:50,2024-12-25,True
7443,Male,1962-07-26,Active,Springfield,AL,11905,US,2025-07-19 00:15:11,2025-08-05,True
7799,Female,1946-01-16,Inactive,Riverside,WV,94028,US,2019-08-23 09:52:55,2020-03-17,False
8376,Female,1992-02-19,Active,Springfield,NJ,71557,US,2021-12-20 16:09:17,2025-07-13,True
8428,Male,1990-05-06,Active,Salem,SK,,CA,2023-05-04 22:22:42,2025-05-26,True
8727,Male,1968-02-06,Active,Fairview,SK,,CA,2023-11-26 01:40:30,2025-05-07,True
9166,Female,1976-08-19,Active,Franklin,OR,34118,US,2025-09-17 10:27:42,2025-09-28,True
9376,Female,1971-08-05,Active,Chester,ME,58030,US,2023-02-18 18:03:46,2025-08-11,True
222,Other,1966-06-26,Inactive,Savannah,GA,78021,US,2018-01-01 21:16:19,2022-08-27,False
397,Male,1975-02-01,Blocked,Clinton,MO,15466,US,2022-09-07 05:52:04,2025-05-06,False
1081,Male,2000-02-18,Active,Los Angeles,CA,29505,US,2021-08-05 18:30:03,2025-10-18,True
1339,Male,1996-02-22,Blocked,Georgetown,ME,95510,US,2019-10-17 19:50:55,2023-03-19,False
1365,Male,1969-10-21,Active,Georgetown,OK,61954,US,2025-01-22 22:42:41,2025-09-24,True
1635,Male,2009-01-04,Active,San Jose,CA,21072,US,2025-09-18 12:39:33,2025-11-26,True
2108,Female,1947-01-21,Active,Salem,MD,63184,US,2018-08-08 19:42:05,2025-10-19,True
2402,Female,1955-05-24,Active,Fairview,NB,,CA,2024-05-30 01:27:29,2025-04-23,True
2427,Prefer Not To Say,1973-10-08,Active,Georgetown,UT,48787,US,2021-03-28 00:51:41,2025-03-03,True
2527,Female,1988-12-12,Closed,Chester,IN,16869,US,2016-12-08 13:14:35,2018-03-20,False
2663,Male,1968-07-10,Active,Franklin,NH,16543,US,2024-08-13 16:08:58,2025-11-10,True
2670,Female,1961-10-25,Active,Athens,GA,53571,US,2017-07-20 09:08:30,2025-11-17,True
3336,Male,1973-07-20,Blocked,Detroit,MI,44752,US,2021-01-02 00:52:25,2023-04-15,False
3459,Female,1964-06-15,Active,Bristol,KY,40309,US,2020-08-28 20:48:18,2025-02-10,True
3592,Female,1967-08-24,Active,Fairview,WV,65252,US,2023-08-23 12:39:36,2025-09-22,True
4193,Male,1941-05-04,Active,Chester,AL,66397,US,2018-02-10 19:50:25,2025-04-24,True
4478,Male,1993-10-27,Active,Franklin,TN,66022,US,2017-11-21 22:31:13,2025-04-05,True
4731,Female,1963-02-09,Active,Fairview,HI,96557,US,2020-03-11 17:22:19,2025-01-21,True
4837,Female,1994-10-14,Closed,Lethbridge,AB,,CA,2016-05-23 19:55:37,2020-03-26,False
4949,Female,1966-08-04,Closed,Madison,ID,81728,US,2020-11-09 03:34:55,2020-12-24,False
5009,Female,1954-03-28,Active,Fairview,AK,26261,US,2021-12-25 16:51:20,2025-11-20,True
5127,Male,1984-08-19,Active,Detroit,MI,38108,US,2023-08-18 21:00:52,2025-06-16,True
5296,Male,1946-09-14,Active,Clinton,NU,,CA,2025-12-25 12:01:11,2025-12-27,True
5310,Female,2005-09-11,Active,Chester,WY,30554,US,2021-12-30 04:40:36,2025-06-10,True
5397,Female,1956-07-06,Active,Macon,GA,13438,US,2022-09-01 12:15:36,2025-08-05,True
5446,Other,1974-12-24,Active,Georgetown,SD,96375,US,2015-08-01 03:29:53,2025-03-30,True
5781,Male,1977-03-05,Active,Clinton,WY,35518,US,2023-11-04 12:11:15,2025-04-23,True
5793,Female,1958-07-07,Active,Vancouver,BC,,CA,2022-01-06 16:41:49,2025-08-29,True
6028,Male,1987-10-25,Active,Vancouver,BC,,CA,2024-05-26 11:40:42,2025-11-02,True
6276,Male,1953-05-09,Closed,Salem,SD,14106,US,2018-09-01 03:29:58,2024-07-02,False
6444,Male,1949-03-13,Closed,Fairview,IN,60734,US,2016-05-02 06:42:06,2023-11-11,False
6823,Female,1991-04-21,Active,Phoenix,AZ,57244,US,2019-06-26 22:58:15,2025-08-26,True
7074,Male,1952-08-09,Blocked,Chester,KS,14247,US,2016-01-03 01:48:38,2018-10-05,False
7237,Female,1954-11-30,Active,Las Vegas,NV,58387,US,2020-09-17 04:21:14,2025-06-03,True
7594,Male,1947-12-14,Active,Georgetown,SK,,CA,2022-12-02 04:16:15,2025-09-03,True
7733,Male,1964-02-29,Active,Madison,KY,26867,US,2025-01-30 13:50:05,2025-07-06,True
8120,Male,1990-04-17,Active,Clinton,NU,,CA,2020-05-12 09:29:31,2025-04-26,True
8340,Male,1994-07-29,Blocked,Greensboro,NC,26579,US,2016-01-13 09:45:02,2023-06-06,False
8733,Female,1998-11-12,Active,London,ON,,CA,2021-06-12 21:06:24,2024-12-26,True
9083,Female,1951-09-04,Closed,Fairview,OR,66132,US,2023-12-27 14:43:27,2024-02-17,False
9274,Other,1970-05-01,Active,Clinton,VA,10208,US,2023-03-11 12:04:51,2025-11-08,True
9297,Male,2002-06-11,Active,Red Deer,AB,,CA,2020-11-29 22:40:05,2025-03-05,True
9598,Female,1944-07-17,Closed,Madison,IA,50594,US,2017-04-11 14:25:25,2018-01-17,False
9928,Male,2000-03-04,Active,Springfield,SK,,CA,2024-01-14 01:26:24,2025-07-13,True
1111,Female,1993-07-25,Active,Bristol,ME,42860,US,2025-06-07 18:16:22,2025-10-17,True
1203,Female,1980-01-14,Active,Tampa,FL,37005,US,2025-10-01 15:15:03,2025-11-10,True
1474,Female,1986-05-25,Active,Fairview,TN,44205,US,2019-11-10 19:50:28,2025-10-14,True
1707,Female,1989-02-06,Inactive,Reno,NV,38255,US,2019-02-01 23:48:04,2019-12-23,False
2079,Male,1975-11-10,Closed,Fairview,OK,25885,US,2015-10-21 03:06:28,2017-09-09,False
2092,Other,1990-09-27,Active,Colorado Springs,CO,31366,US,2020-08-02 01:22:27,2025-04-20,True
2420,Male,1988-05-26,Active,Fairview,WY,78811,US,2018-04-16 14:38:38,2025-11-07,True
2433,Female,2001-12-27,Active,Springfield,SK,,CA,2025-02-04 10:06:27,2025-05-05,True
2695,Other,1960-09-14,Active,Scottsdale,AZ,43995,US,2016-07-25 03:48:20,2025-04-24,True
2702,Male,1978-12-16,Active,Madison,SD,82762,US,2017-01-25 20:18:18,2025-06-02,True
3001,Female,1981-11-17,Active,Montreal,QC,,CA,2023-07-03 05:49:17,2024-12-27,True
3258,Female,1967-10-20,Inactive,Los Angeles,CA,80158,US,2015-10-24 03:17:10,2024-07-25,False
3510,Female,1947-06-23,Active,Fairview,WV,23660,US,2017-10-03 15:40:39,2025-01-28,True
3596,Male,1951-05-10,Active,Clinton,AL,57585,US,2018-04-07 09:43:10,2025-08-13,True
3811,Male,1964-09-12,Active,Springfield,NS,,CA,2017-05-29 20:32:50,2025-12-13,True
3922,Female,1990-10-29,Active,Bristol,OR,13638,US,2021-12-22 19:38:58,2025-02-02,True
4288,Female,1947-02-02,Active,Longueuil,QC,,CA,2022-08-27 04:24:08,2025-01-28,True
4330,Female,1950-06-08,Active,Salem,OK,81120,US,2017-08-27 16:44:42,2025-12-15,True
4611,Female,2000-12-07,Active,Springfield,NB,,CA,2015-03-04 22:58:49,2025-02-10,True
4693,Prefer Not To Say,1993-08-11,Closed,Vancouver,WA,77263,US,2020-12-29 20:46:12,2024-06-19,False
5160,Male,2004-02-19,Active,San Antonio,TX,65525,US,2019-01-17 09:37:47,2025-05-22,True
5243,Male,1953-05-29,Active,Riverside,SC,14142,US,2023-09-18 21:46:16,2025-03-24,True
5321,Male,1997-08-11,Closed,Chester,WY,72022,US,2021-12-27 01:02:05,2025-01-21,False
5324,Female,1964-09-19,Closed,Springfield,NE,51732,US,2017-10-31 06:33:29,2022-10-15,False
5395,Male,1993-04-09,Active,Fort Collins,CO,93437,US,2019-11-11 23:29:13,2025-08-30,True
6142,Male,1959-11-28,Active,Vancouver,BC,,CA,2025-09-25 07:29:50,2025-12-01,True
6163,Male,1956-12-31,Blocked,Georgetown,NU,,CA,2020-09-03 23:03:00,2025-02-10,False
6623,Male,1989-04-14,Inactive,Chester,MT,14140,US,2023-06-04 06:35:31,2025-02-14,False
6854,Male,1952-06-15,Active,Riverside,NT,,CA,2016-08-23 14:12:16,2025-06-09,True
6864,Female,1994-04-19,Active,Philadelphia,PA,44617,US,2018-07-22 23:41:58,2025-01-25,True
6891,Female,1976-07-13,Inactive,Fairview,AL,38966,US,2021-07-01 04:20:06,2021-08-08,False
6967,Male,1945-02-02,Active,Franklin,AL,75057,US,2015-12-19 14:14:34,2025-01-13,True
7007,Female,1982-01-26,Active,Madison,CT,49878,US,2017-12-16 18:21:00,2025-05-25,True
7139,Male,1978-10-22,Active,Bristol,MD,28055,US,2015-12-14 20:12:50,2025-07-06,True
7341,Female,1998-08-14,Blocked,Salem,WY,57888,US,2022-04-17 10:34:23,2023-08-31,False
8331,Male,1978-11-01,Active,Clinton,NB,,CA,2016-05-11 10:45:39,2025-03-25,True
8497,Prefer Not To Say,1975-03-26,Active,Springfield,OK,89034,US,2024-02-04 01:12:00,2025-12-05,True
8563,Female,1974-06-07,Inactive,Chester,SK,,CA,2019-10-14 15:50:08,2019-12-07,False
8791,Female,1960-01-03,Active,Chester,HI,52534,US,2019-09-02 20:14:32,2025-11-02,True
8867,Female,1957-10-10,Active,Clinton,LA,73686,US,2018-04-07 02:25:40,2025-01-26,True
8878,Male,1963-07-04,Active,Fort Collins,CO,75495,US,2023-12-18 22:35:08,2025-10-23,True
9215,Female,1978-10-23,Active,Clinton,NJ,12917,US,2025-09-23 04:09:14,2025-10-23,True
9284,Male,1999-01-27,Active,Franklin,WV,34019,US,2016-09-02 04:21:58,2025-01-07,True
9382,Male,1957-01-29,Active,Bristol,NJ,38961,US,2019-01-19 17:47:07,2025-02-19,True
9771,Female,1946-02-19,Active,Reading,PA,13558,US,2023-02-20 00:44:41,2025-10-16,True
452,Male,1973-11-20,Active,Bristol,OR,36140,US,2022-02-28 06:22:49,2025-10-13,True
970,Female,2001-08-27,Active,Riverside,WV,33047,US,2019-09-23 06:47:31,2025-11-09,True
1156,Male,2001-06-26,Active,Georgetown,KY,31296,US,2016-07-01 07:31:28,2025-09-18,True
1758,Male,1943-04-07,Active,Chester,WI,84433,US,2022-08-27 00:20:58,2025-12-12,True
2265,Female,1957-05-12,Active,Sterling Heights,MI,15453,US,2015-05-08 05:22:13,2025-07-08,True
2426,Female,1942-06-01,Active,Erie,PA,30544,US,2016-12-29 11:21:41,2025-12-05,True
2855,Male,1977-05-19,Active,Franklin,AL,23641,US,2015-01-09 03:13:27,2025-07-21,True
3164,Male,1975-05-26,Active,Tampa,FL,40747,US,2020-01-17 17:43:34,2025-02-08,True
3365,Male,1991-10-18,Active,Georgetown,AL,43350,US,2017-04-08 08:08:58,2025-12-25,True
3430,Male,1952-04-06,Active,Clinton,DE,74865,US,2015-02-26 09:46:46,2025-05-02,True
3500,Male,1964-09-24,Active,Phoenix,AZ,39469,US,2016-11-01 19:22:17,2025-03-02,True
3544,Male,1975-02-19,Active,Madison,KS,73336,US,2023-05-18 21:22:40,2025-01-25,True
3692,Male,1950-05-25,Active,Riverside,ME,43962,US,2018-01-11 20:33:24,2025-01-04,True
3907,Male,1952-01-22,Active,Madison,MO,28099,US,2015-04-05 10:41:07,2025-02-17,True
4143,Female,1971-07-19,Active,Fairview,NJ,32330,US,2017-10-12 19:31:55,2025-10-25,True
4177,Female,1979-04-20,Active,Fairview,WV,25225,US,2020-08-01 12:12:40,2025-04-07,True
4392,Male,1979-07-23,Closed,Ottawa,ON,,CA,2017-12-17 07:53:02,2018-02-14,False
4427,Female,1954-07-13,Active,Clinton,MS,75685,US,2024-01-07 22:20:50,2025-02-16,True
5146,Male,1995-01-11,Blocked,Springfield,HI,23380,US,2015-04-29 13:51:07,2025-02-28,False
5223,Female,1955-11-05,Blocked,Franklin,MB,,CA,2024-01-14 08:47:22,2025-02-12,False
5492,Female,1980-04-11,Inactive,Pittsburgh,PA,20518,US,2022-01-15 14:15:58,2022-08-17,False
5772,Male,1992-08-14,Active,Chester,AL,55343,US,2018-02-07 20:25:15,2025-02-28,True
6013,Female,2002-02-10,Active,Franklin,AK,20009,US,2017-08-18 11:39:03,2025-12-13,True
6038,Female,1985-04-24,Active,Chester,WY,49460,US,2020-10-10 14:47:48,2025-02-05,True
6131,Male,2010-02-10,Closed,Macon,GA,53842,US,2025-02-18 18:45:06,2025-10-10,False
6364,Other,1965-08-30,Active,Madison,ID,58916,US,2020-01-25 05:06:59,2025-02-07,True
6517,Male,1962-03-09,Active,Athens,GA,42873,US,2024-10-03 02:56:33,2025-06-17,True
6927,Female,1982-03-11,Inactive,Salem,OR,28960,US,2016-08-21 01:19:34,2023-12-14,False
7519,Female,1958-01-21,Active,Springfield,NB,,CA,2016-09-27 13:44:41,2025-01-10,True
7546,Female,1961-11-25,Active,Clinton,KY,83318,US,2019-06-15 10:18:32,2025-03-27,True
7611,Female,1974-02-05,Active,Riverside,RI,95663,US,2021-02-03 04:55:01,2025-01-31,True
7647,Male,1997-10-06,Inactive,Boston,MA,24334,US,2019-01-27 03:00:59,2024-04-19,False
7760,Female,1964-06-24,Active,Salem,WY,51750,US,2025-06-18 12:14:55,2025-09-29,True
7876,Female,1990-05-09,Active,Ann Arbor,MI,83452,US,2023-04-19 15:54:17,2025-08-19,True
8086,Female,1988-10-20,Active,Springfield,TN,93861,US,2019-09-21 20:21:37,2025-09-25,True
8168,Other,1951-08-04,Active,Georgetown,IA,50488,US,2016-10-31 20:31:07,2025-03-22,True
8297,Male,1944-04-27,Blocked,Franklin,SC,86641,US,2021-02-28 03:52:25,2024-12-18,False
8649,Female,1987-04-16,Inactive,Franklin,VA,82470,US,2024-11-03 15:41:12,2025-03-03,False
9186,Male,1945-09-30,Active,Naperville,IL,15482,US,2024-06-18 12:22:46,2025-07-19,True
9388,Female,1986-04-26,Active,Salem,NL,,CA,2019-09-24 18:44:46,2025-04-22,True
9479,Female,1998-03-21,Active,Spokane,WA,34820,US,2024-09-30 23:01:04,2025-10-21,True
9699,Female,1953-05-13,Active,Bristol,MT,57993,US,2015-11-13 04:32:18,2025-08-25,True
9884,Female,1999-02-20,Active,San Antonio,TX,44997,US,2021-12-09 21:13:59,2025-08-02,True
1063,Female,1991-03-05,Active,Riverside,AK,36288,US,2023-06-08 01:46:40,2025-06-09,True
1089,Female,1946-10-29,Closed,Clinton,NB,,CA,2025-01-09 12:14:59,2025-04-19,False
1166,Male,1948-03-29,Active,Franklin,KY,19659,US,2023-03-31 00:05:10,2025-10-20,True
1202,Female,1970-10-26,Inactive,Bristol,AK,41708,US,2016-11-07 07:31:00,2016-11-13,False
1285,Male,1959-05-17,Inactive,Riverside,WY,19324,US,2025-11-19 02:28:08,2025-11-25,False
1331,Male,2000-03-25,Active,Fairview,IA,26960,US,2021-09-09 00:44:33,2025-04-27,True
2099,Male,1949-07-22,Active,Salem,AK,59287,US,2018-06-04 22:08:10,2025-05-10,True
2195,Prefer Not To Say,1945-09-05,Active,Madison,NM,85312,US,2024-03-27 14:52:36,2024-12-28,True
2331,Female,1979-12-29,Active,Chester,TN,81257,US,2021-05-16 05:10:43,2025-08-11,True
2479,Male,1986-10-02,Closed,Sparks,NV,34184,US,2025-07-08 16:19:19,2025-09-14,False
2530,Male,1952-02-18,Active,Madison,NH,98970,US,2018-12-11 00:24:32,2025-02-18,True
3312,Female,2005-02-28,Active,Bristol,TN,84918,US,2025-03-02 13:56:24,2025-07-17,True
4382,Prefer Not To Say,1963-07-11,Active,Bellevue,WA,79214,US,2018-06-03 13:56:51,2025-03-24,True
4418,Female,1971-04-03,Active,Bristol,DE,30003,US,2016-07-01 08:57:45,2025-09-07,True
4618,Male,2003-02-20,Inactive,Fairview,NM,77012,US,2021-05-25 09:39:39,2024-03-04,False
4696,Male,1998-02-23,Active,Fairview,UT,97943,US,2019-05-05 13:09:13,2025-08-07,True
4880,Female,1994-12-20,Active,Madison,ME,81266,US,2016-09-23 00:56:12,2025-07-12,True
5258,Male,1953-12-28,Inactive,Salem,NE,98670,US,2019-08-03 08:13:24,2025-07-21,False
5410,Male,1978-03-15,Active,Mississauga,ON,,CA,2019-04-16 07:42:06,2025-11-06,True
5640,Female,1948-08-09,Active,Salem,NT,,CA,2022-09-07 04:22:36,2025-12-09,True
5754,Female,1943-05-09,Active,Chicago,IL,85574,US,2018-01-12 01:04:13,2025-06-27,True
5886,Female,1963-12-31,Active,Bristol,KY,77791,US,2019-01-25 06:48:45,2025-04-07,True
5922,Female,1973-12-22,Active,San Antonio,TX,85660,US,2020-09-16 06:02:26,2025-05-27,True
5985,Female,1993-01-24,Inactive,Clinton,MT,73098,US,2018-04-13 10:33:34,2020-12-26,False
6235,Male,1959-07-23,Active,Fairview,NM,35522,US,2024-06-19 17:00:21,2025-05-04,True
6429,Male,1972-06-29,Active,Bristol,MS,75011,US,2018-10-12 05:33:22,2025-11-05,True
6798,Male,1985-10-18,Active,Durham,NC,22946,US,2017-05-03 20:59:19,2025-12-14,True
7201,Female,1956-06-05,Closed,Quebec City,QC,,CA,2018-12-26 02:09:29,2023-07-27,False
7339,Female,1950-08-25,Active,Fairview,ID,70505,US,2015-04-26 22:35:32,2025-02-18,True
7447,Female,1986-04-02,Active,Chester,OR,79261,US,2023-07-15 14:30:07,2025-06-03,True
7698,Other,1964-02-13,Closed,Fort Lauderdale,FL,65841,US,2020-11-22 13:48:21,2024-04-20,False
7827,Female,1957-09-04,Active,Fairview,MN,36361,US,2018-05-25 00:37:57,2025-10-31,True
7879,Male,1981-02-01,Active,Fairview,NU,,CA,2023-04-01 10:18:46,2025-10-02,True
8003,Male,1983-10-31,Closed,Seattle,WA,47420,US,2020-08-28 21:57:03,2024-03-09,False
8068,Male,1948-02-28,Active,Chester,YT,,CA,2025-04-15 13:41:20,2025-09-10,True
8250,Other,1969-06-27,Blocked,Fairview,SC,39683,US,2022-11-22 11:22:29,2024-05-22,False
8725,Female,1977-04-12,Blocked,Chester,NH,75716,US,2024-06-23 14:11:03,2025-05-24,False
8749,Male,1988-06-23,Closed,Franklin,AR,48429,US,2022-05-16 16:51:07,2023-12-01,False
8893,Male,1990-09-21,Active,Bristol,VA,97983,US,2023-09-18 22:01:37,2025-06-21,True
8902,Male,1985-03-03,Active,Georgetown,PE,,CA,2018-01-19 12:03:00,2025-08-22,True
9394,Other,1977-03-17,Active,Salem,AL,13908,US,2021-09-26 09:13:31,2025-09-18,True
9467,Male,1990-03-02,Active,Riverside,CT,83966,US,2022-08-04 09:24:55,2025-08-27,True
9839,Female,1977-09-27,Active,Worcester,MA,88745,US,2024-02-21 21:13:58,2025-06-27,True
533,Female,2009-07-05,Active,Fort Lauderdale,FL,26433,US,2024-03-07 08:42:30,2025-06-11,True
667,Other,1950-10-27,Active,Salem,NJ,99228,US,2024-11-06 11:42:59,2025-09-30,True
899,Male,1948-10-13,Active,Madison,MN,27370,US,2021-03-31 06:09:52,2025-05-19,True
1038,Female,1982-02-19,Inactive,Austin,TX,92038,US,2024-06-20 21:00:47,2024-12-14,False
1206,Female,1999-03-27,Active,Clinton,VA,55284,US,2022-01-03 10:37:45,2025-02-10,True
1297,Prefer Not To Say,1980-05-14,Active,Lowell,MA,81368,US,2024-11-09 20:50:18,2025-10-19,True
1434,Prefer Not To Say,1991-08-12,Closed,Franklin,NT,,CA,2023-07-06 05:22:06,2023-12-21,False
1665,Male,1954-05-18,Inactive,Chester,SC,31250,US,2016-06-14 12:38:19,2017-10-09,False
1732,Male,1997-10-28,Active,Bristol,NB,,CA,2023-06-04 17:58:01,2025-09-16,True
2070,Female,1941-05-17,Active,Georgetown,ID,11623,US,2020-07-12 15:41:33,2024-12-30,True
2162,Female,1978-06-05,Active,London,ON,,CA,2016-02-23 21:15:35,2025-12-23,True
2164,Male,1964-01-29,Active,Riverside,KY,95172,US,2025-09-12 03:45:51,2025-09-20,True
2589,Female,1960-10-09,Active,Cleveland,OH,70805,US,2021-09-29 15:10:51,2025-07-16,True
2729,Female,1959-04-03,Closed,Springfield,YT,,CA,2025-11-05 15:38:05,2025-11-16,False
2838,Female,2000-03-05,Active,Fairview,IA,28507,US,2022-09-23 21:59:10,2025-08-03,True
3077,Female,1975-04-04,Active,Salem,NH,88767,US,2018-06-07 23:29:31,2025-06-23,True
3216,Female,1988-08-01,Active,Philadelphia,PA,91661,US,2016-02-17 19:02:15,2025-03-22,True
3256,Female,2004-12-27,Closed,Salem,AK,15641,US,2019-07-03 06:01:45,2024-01-13,False
3292,Male,1963-09-08,Inactive,Madison,OK,28945,US,2016-06-06 23:15:50,2023-04-03,False
3483,Prefer Not To Say,1946-08-12,Active,Bristol,PE,,CA,2017-07-09 07:46:02,2025-09-25,True
3553,Female,1977-11-03,Inactive,Augusta,GA,14279,US,2023-08-28 14:19:08,2023-10-13,False
3638,Female,1976-11-23,Closed,Chester,MN,11744,US,2018-04-06 22:56:13,2023-07-27,False
3809,Female,1986-01-28,Active,Springfield,TN,88936,US,2015-11-02 14:17:48,2025-08-22,True
4391,Prefer Not To Say,1954-10-09,Active,Salem,UT,60438,US,2021-12-25 07:33:10,2025-01-19,True
4482,Female,2001-02-09,Active,Salem,MB,,CA,2021-07-28 01:57:43,2025-09-02,True
4953,Male,1968-12-16,Closed,Franklin,AR,43512,US,2020-03-03 23:18:28,2021-02-15,False
5438,Female,1989-10-09,Active,Hamilton,ON,,CA,2019-01-28 20:23:04,2025-05-28,True
5476,Prefer Not To Say,1945-12-23,Inactive,Franklin,WV,21688,US,2020-01-14 07:52:32,2021-12-31,False
5587,Male,1999-02-21,Blocked,Chandler,AZ,99189,US,2025-07-04 13:23:01,2025-11-13,False
5812,Female,1976-04-14,Closed,Franklin,NE,38064,US,2021-03-14 13:17:48,2023-04-13,False
5840,Male,1976-08-17,Inactive,Riverside,ND,79634,US,2021-02-14 06:20:18,2023-09-29,False
6004,Female,1955-01-15,Active,Denver,CO,59684,US,2021-01-28 18:23:04,2025-05-03,True
6042,Other,1962-02-03,Active,Bristol,AR,25692,US,2024-04-22 11:03:36,2025-03-17,True
6087,Female,1959-11-03,Active,Chester,MD,52584,US,2025-11-25 03:00:02,2025-12-05,True
6315,Female,1999-09-22,Active,Clinton,DE,24669,US,2024-01-23 04:36:07,2025-02-15,True
6669,Female,1948-01-02,Active,Clinton,OK,35567,US,2015-11-21 19:14:03,2025-09-08,True
6694,Prefer Not To Say,1980-01-30,Active,Pittsburgh,PA,83513,US,2023-08-23 15:38:17,2025-02-19,True
6695,Male,1954-11-22,Active,Franklin,NS,,CA,2017-12-07 20:43:05,2025-04-14,True
6714,Male,1971-09-29,Inactive,Georgetown,NH,35559,US,2016-04-30 18:14:15,2021-08-14,False
6749,Male,1989-11-11,Active,Georgetown,NH,27525,US,2015-05-17 20:46:11,2025-11-19,True
7190,Male,1994-10-28,Active,Fairview,MN,97836,US,2018-11-30 16:55:27,2025-05-28,True
7245,Male,1944-05-25,Active,Miami,FL,41207,US,2023-04-16 00:51:49,2025-11-25,True
7270,Female,1970-07-02,Active,Bristol,KS,83318,US,2016-11-24 23:08:36,2025-08-18,True
7371,Female,1953-12-03,Active,Madison,KY,45460,US,2016-06-12 11:03:04,2025-11-04,True
7554,Male,1953-03-12,Active,Surrey,BC,,CA,2022-01-07 17:07:21,2025-02-27,True
7696,Male,1980-06-02,Active,Bristol,VT,87781,US,2017-09-13 01:04:35,2025-09-09,True
7811,Male,1966-02-01,Active,Aurora,IL,95486,US,2023-12-15 20:28:53,2025-11-01,True
8421,Female,1997-10-19,Active,Fairview,DE,20146,US,2015-07-24 09:24:43,2025-11-18,True
8516,Other,1990-07-11,Active,Franklin,IN,29308,US,2023-12-16 16:31:22,2025-05-14,True
8570,Male,1979-06-19,Active,Salem,MD,47778,US,2019-11-05 20:29:57,2025-07-28,True
9003,Male,1958-02-03,Active,Bristol,SD,97093,US,2018-10-28 11:27:31,2025-04-21,True
9087,Female,1980-03-20,Closed,Madison,NH,51581,US,2018-05-23 22:59:20,2020-05-29,False
9268,Male,1955-03-05,Active,Springfield,HI,25150,US,2021-05-29 15:21:04,2025-04-12,True
9280,Male,1946-02-15,Active,Springfield,ID,86480,US,2018-03-04 12:22:10,2025-10-05,True
9342,Male,2000-04-07,Active,Reading,PA,48897,US,2019-11-25 19:42:28,2025-09-01,True
9393,Male,1966-01-05,Inactive,Springfield,MA,93870,US,2023-05-02 04:51:40,2024-07-06,False
9460,Female,1945-09-27,Active,Fairview,AK,16854,US,2018-11-16 23:55:33,2025-09-06,True
9548,Female,1953-11-12,Active,Riverside,MT,66595,US,2020-10-25 04:00:48,2025-09-26,True
9551,Female,1989-08-13,Active,Riverside,AR,62772,US,2015-07-24 21:03:16,2025-02-11,True
9756,Male,1994-08-03,Active,Bristol,SC,70535,US,2022-12-08 23:40:47,2025-09-15,True
103,Female,1975-03-24,Active,Riverside,MT,20369,US,2021-11-18 09:29:40,2025-10-11,True
226,Female,1960-05-06,Active,Clinton,RI,79109,US,2022-05-14 11:23:09,2025-07-17,True
470,Male,1991-04-13,Active,Riverside,NT,,CA,2025-08-28 04:35:44,2025-11-12,True
569,Male,1976-10-24,Active,Madison,HI,28141,US,2019-07-08 14:26:18,2025-12-05,True
608,Female,1977-07-14,Active,Madison,RI,54727,US,2023-04-25 22:27:15,2025-07-22,True
707,Male,1997-12-22,Active,Riverside,MS,72589,US,2023-08-04 02:08:23,2025-01-28,True
812,Female,1944-01-07,Active,Clinton,ID,31984,US,2024-06-18 08:03:02,2025-02-08,True
871,Male,1964-05-04,Active,Syracuse,NY,92800,US,2023-05-10 13:23:26,2025-01-08,True
1021,Male,1970-11-03,Active,Chicago,IL,69546,US,2025-05-28 06:29:34,2025-11-15,True
1073,Male,1944-08-19,Active,Springfield,NM,46956,US,2019-12-20 03:58:06,2025-02-12,True
1228,Other,1944-02-01,Active,Clinton,AL,73067,US,2017-08-08 05:53:10,2025-07-24,True
1286,Female,1967-07-23,Active,Chester,MN,46309,US,2024-11-03 10:57:59,2025-08-28,True
1525,Female,1949-05-28,Active,Georgetown,ME,69843,US,2019-01-22 11:50:57,2025-07-08,True
1709,Male,2007-03-04,Active,Toronto,ON,,CA,2020-11-21 00:46:58,2025-04-08,True
1938,Female,1992-01-15,Inactive,Madison,NM,37637,US,2018-07-02 16:13:48,2018-10-31,False
2016,Male,1964-01-05,Active,Fairview,SC,18936,US,2019-06-05 00:03:08,2025-07-16,True
2191,Female,2000-05-30,Active,Salem,KS,70473,US,2019-01-26 07:42:32,2025-03-14,True
2267,Female,1949-09-14,Active,Fairview,SK,,CA,2022-10-26 13:18:51,2025-05-15,True
2278,Female,1961-03-19,Active,Franklin,SD,53575,US,2024-10-05 10:32:13,2025-07-29,True
2324,Female,1973-10-10,Active,Bristol,NU,,CA,2022-11-05 04:31:28,2025-01-21,True
2463,Female,1958-10-18,Active,Springfield,MT,41194,US,2024-08-16 07:47:46,2025-02-18,True
2669,Male,1947-05-17,Closed,Georgetown,DE,21237,US,2024-01-12 02:51:27,2024-02-22,False
2775,Female,1999-12-01,Active,Cambridge,MA,83399,US,2016-03-07 13:32:41,2025-04-14,True
2818,Female,1986-11-10,Active,Georgetown,IN,41554,US,2022-04-13 12:04:16,2025-10-03,True
2830,Male,1954-05-13,Active,Scottsdale,AZ,92194,US,2018-09-21 17:07:12,2025-01-30,True
2847,Female,1977-01-25,Active,Clinton,RI,75139,US,2015-02-20 09:38:00,2025-01-31,True
3213,Female,1964-06-13,Active,Riverside,WY,78142,US,2021-11-20 19:47:38,2025-12-08,True
3568,Male,1996-09-30,Active,Georgetown,RI,37498,US,2015-05-25 04:46:51,2025-10-20,True
3688,Male,1995-06-15,Inactive,Chester,MN,47610,US,2015-02-27 15:01:26,2019-10-01,False
3702,Male,1995-05-21,Blocked,Atlanta,GA,45492,US,2018-09-07 06:32:53,2024-02-19,False
3879,Male,1995-01-18,Closed,Madison,PE,,CA,2021-12-20 17:07:16,2022-10-22,False
3884,Male,1973-08-14,Active,North Las Vegas,NV,89398,US,2024-09-11 09:25:24,2025-04-09,True
4012,Female,1979-05-26,Active,Madison,SC,73407,US,2021-05-11 20:25:44,2025-01-04,True
4060,Female,1981-04-24,Closed,San Francisco,CA,91782,US,2019-10-11 03:47:44,2020-08-01,False
4491,Female,1975-11-10,Active,Springfield,UT,17980,US,2019-01-02 04:20:45,2025-07-23,True
5035,Female,1985-03-06,Active,Springfield,SD,51454,US,2016-07-21 00:37:06,2025-02-26,True
5705,Female,1964-04-02,Active,Chester,NT,,CA,2023-12-24 01:06:08,2025-11-08,True
5779,Prefer Not To Say,1981-05-19,Inactive,Quebec City,QC,,CA,2020-11-24 14:34:03,2021-08-01,False
5861,Female,1993-06-15,Closed,Georgetown,TN,51995,US,2023-03-30 04:52:43,2024-03-07,False
6337,Female,1989-12-15,Active,Fairview,MN,86065,US,2022-10-20 09:41:39,2025-10-09,True
6348,Female,1952-08-18,Blocked,Georgetown,YT,,CA,2017-12-21 10:43:44,2025-11-15,False
6427,Male,1961-04-07,Inactive,Fairview,ME,48069,US,2021-10-04 10:00:24,2021-10-25,False
6617,Male,1992-02-14,Closed,Madison,OK,30060,US,2019-06-01 06:53:53,2022-02-24,False
6898,Other,1952-05-11,Inactive,Fort Collins,CO,99697,US,2025-07-19 07:19:18,2025-08-30,False
7345,Male,2005-02-16,Closed,Franklin,NU,,CA,2025-06-09 22:35:05,2025-10-13,False
7734,Female,1992-10-07,Active,Aurora,IL,95803,US,2018-01-10 03:04:03,2025-04-26,True
7762,Male,1997-05-01,Active,Georgetown,ME,63793,US,2016-02-08 03:42:30,2025-03-10,True
7988,Male,1994-05-19,Active,Chester,NM,98412,US,2024-02-07 01:16:35,2025-04-14,True
8185,Male,1988-10-08,Blocked,Fairview,VA,33716,US,2023-07-22 16:54:02,2024-02-04,False
8520,Male,1993-08-14,Blocked,Clinton,WI,72366,US,2021-06-20 18:42:53,2022-03-25,False
8713,Male,1944-11-25,Inactive,Fairview,NM,97155,US,2021-10-04 19:32:22,2023-01-06,False
8879,Female,1941-04-09,Active,Madison,KS,25879,US,2022-05-02 18:38:14,2025-04-26,True
8966,Other,1965-09-27,Active,Georgetown,NS,,CA,2022-12-06 17:04:39,2025-03-26,True
9247,Male,1988-02-13,Active,Bristol,ND,19879,US,2016-07-28 14:53:01,2025-04-10,True
9579,Prefer Not To Say,1970-08-31,Closed,Calgary,AB,,CA,2017-11-10 11:36:55,2020-07-26,False
9655,Male,1954-07-17,Active,Riverside,ME,94381,US,2022-12-09 05:59:16,2025-03-17,True
9684,Female,2000-12-09,Active,Clinton,TN,69669,US,2015-03-25 23:44:14,2025-02-04,True
9721,Female,1962-10-29,Active,Riverside,MO,76820,US,2018-04-07 13:34:06,2025-07-19,True
9806,Female,1977-06-28,Active,Clinton,NJ,55158,US,2018-01-08 04:53:08,2025-09-19,True
9919,Female,1982-04-03,Inactive,Miami,FL,96385,US,2024-10-14 12:45:03,2025-03-18,False
9960,Female,1983-03-04,Inactive,Franklin,NE,73875,US,2015-08-30 15:58:26,2016-08-03,False
295,Female,1959-01-14,Active,Springfield,ND,10610,US,2017-07-17 11:41:40,2025-11-13,True
537,Male,1977-07-06,Active,Chicago,IL,62985,US,2022-03-15 17:41:53,2025-12-23,True
622,Female,1974-01-21,Active,Georgetown,NB,,CA,2024-11-10 21:50:22,2024-12-30,True
687,Male,1961-04-05,Closed,Salem,WI,28845,US,2024-08-21 07:36:32,2024-09-05,False
939,Female,1961-11-26,Active,Joliet,IL,70799,US,2018-05-11 18:55:07,2025-08-15,True
963,Male,1992-07-18,Active,Riverside,NE,29492,US,2022-03-05 21:30:28,2025-02-17,True
1090,Female,1991-08-28,Inactive,Georgetown,MD,42611,US,2022-06-11 20:32:05,2024-11-02,False
1376,Female,1955-05-08,Active,Riverside,OR,39643,US,2015-03-19 14:48:39,2025-06-05,True
1559,Female,1986-07-11,Active,Clinton,ND,57491,US,2016-01-27 10:49:18,2025-04-26,True
1698,Female,1999-01-26,Active,Georgetown,DE,53044,US,2021-06-03 22:14:26,2025-11-05,True
1908,Male,1963-06-09,Active,Franklin,VT,99859,US,2022-12-30 12:34:22,2025-03-20,True
2187,Male,1962-07-28,Active,Fairview,ME,64136,US,2025-10-25 09:34:48,2025-12-02,True
2253,Male,1959-10-19,Active,Georgetown,IN,53216,US,2019-03-29 20:11:28,2025-08-08,True
2315,Male,2005-08-03,Blocked,Fairview,OR,93624,US,2021-05-15 12:12:45,2024-05-05,False
2354,Female,1985-10-08,Active,Clinton,VA,61699,US,2015-09-05 12:58:04,2025-02-15,True
2659,Male,2000-05-04,Inactive,Tacoma,WA,68859,US,2018-02-02 23:34:25,2020-03-01,False
2862,Male,1971-11-06,Inactive,Georgetown,MO,54648,US,2022-01-04 07:48:55,2024-04-23,False
2927,Prefer Not To Say,1990-11-20,Active,Clinton,NM,56847,US,2015-06-02 21:31:29,2025-10-19,True
3068,Other,1982-12-13,Active,Georgetown,MB,,CA,2019-07-22 12:28:16,2025-11-29,True
3394,Female,2000-06-28,Active,Georgetown,ND,23491,US,2025-01-25 10:58:38,2025-05-17,True
3401,Female,1979-02-10,Active,Chester,ND,74641,US,2015-10-03 17:37:48,2025-11-13,True
3936,Other,1986-02-01,Inactive,Chester,ME,32276,US,2018-09-10 00:02:24,2021-09-20,False
4088,Female,1996-05-03,Blocked,Greensboro,NC,62056,US,2021-09-21 16:52:01,2021-12-27,False
4110,Female,1986-06-06,Inactive,Salem,MO,56079,US,2016-04-19 06:44:55,2017-11-25,False
4325,Male,1994-05-23,Active,Madison,WV,53330,US,2024-04-15 14:31:46,2025-09-08,True
4429,Male,1973-07-01,Active,Springfield,LA,63510,US,2015-09-20 09:30:45,2025-04-26,True
4849,Female,1968-09-19,Active,Georgetown,WV,91640,US,2015-10-09 04:20:48,2025-10-10,True
5055,Female,1993-12-11,Active,Joliet,IL,19011,US,2015-08-19 22:40:14,2025-12-05,True
5086,Other,1993-11-20,Active,Vancouver,BC,,CA,2021-09-09 15:32:45,2025-11-15,True
5571,Male,1960-02-13,Active,Fairview,PE,,CA,2023-08-05 22:01:18,2025-09-16,True
5876,Male,2008-08-12,Active,Chester,WV,10051,US,2022-10-22 06:20:49,2025-10-04,True
6054,Female,1941-09-04,Active,Springfield,TN,20020,US,2023-02-19 08:53:41,2025-02-24,True
6128,Female,1955-10-29,Inactive,Clinton,WV,41639,US,2024-02-06 17:23:16,2024-12-11,False
6251,Male,1952-03-06,Active,Bristol,ME,20606,US,2023-04-15 22:09:10,2025-06-06,True
6575,Male,1943-03-13,Active,Chicago,IL,49997,US,2020-01-09 12:03:05,2025-03-22,True
6775,Male,1943-06-01,Inactive,Clinton,OK,95307,US,2016-05-06 08:20:50,2022-08-09,False
7033,Male,1970-02-28,Active,Springfield,RI,46601,US,2025-03-30 15:32:12,2025-05-12,True
7211,Male,2000-02-01,Active,Bristol,MD,95157,US,2022-11-09 04:23:25,2025-11-25,True
7236,Female,1960-06-22,Active,Salem,MN,23015,US,2023-09-08 08:52:46,2025-08-10,True
7283,Female,2004-02-25,Inactive,Riverside,AR,70954,US,2021-11-09 17:19:56,2023-11-09,False
7685,Male,1962-07-26,Active,Durham,NC,35092,US,2020-04-01 04:29:33,2025-07-23,True
7769,Female,1954-01-16,Active,Bristol,WY,96188,US,2018-10-13 17:09:55,2025-11-25,True
7968,Male,1974-06-12,Active,Scottsdale,AZ,75039,US,2017-03-17 10:46:31,2025-08-28,True
8066,Female,2007-08-04,Active,Seattle,WA,21731,US,2025-09-01 11:12:49,2025-12-09,True
8465,Female,1985-06-25,Active,Scottsdale,AZ,58200,US,2021-06-26 14:17:33,2025-07-31,True
8793,Male,1994-07-02,Active,Riverside,LA,10564,US,2018-09-04 15:31:18,2025-06-22,True
9333,Male,1950-12-29,Active,Springfield,NE,68928,US,2021-03-23 12:27:42,2025-05-12,True
9568,Prefer Not To Say,2001-10-11,Closed,Springfield,MA,73717,US,2019-02-23 15:44:08,2022-07-28,False
9725,Male,1946-08-18,Closed,San Jose,CA,52385,US,2018-12-14 08:44:23,2020-06-22,False
9822,Other,1994-12-20,Active,Gatineau,QC,,CA,2022-06-06 02:31:54,2025-10-25,True
9935,Female,1965-12-15,Active,Riverside,NU,,CA,2022-08-15 10:51:50,2025-06-04,True
98,Male,1963-10-22,Active,Franklin,NH,23143,US,2018-06-10 18:22:49,2024-12-29,True
108,Male,1973-05-17,Active,Bristol,PE,,CA,2024-12-14 01:55:42,2025-09-04,True
484,Male,1985-04-17,Inactive,North Las Vegas,NV,69318,US,2017-01-08 17:55:05,2018-10-26,False
1416,Other,2005-10-12,Active,Franklin,NL,,CA,2023-01-18 08:32:17,2025-12-11,True
2129,Male,1986-05-05,Active,Georgetown,WY,65176,US,2022-11-22 04:08:33,2025-10-10,True
2132,Other,1997-09-07,Inactive,Aurora,CO,23961,US,2025-07-13 18:23:34,2025-11-11,False
2208,Female,1984-03-13,Blocked,Bristol,NE,54340,US,2019-05-31 05:21:36,2023-12-25,False
2525,Female,1949-12-15,Closed,Chester,AL,98241,US,2019-04-23 01:16:44,2022-11-24,False
2539,Female,1977-09-22,Closed,Riverside,DE,24949,US,2021-09-08 00:14:50,2024-04-06,False
2551,Male,1954-10-12,Active,Chester,IN,11713,US,2017-03-15 11:19:34,2025-12-05,True
2558,Female,1984-03-14,Closed,Chester,MD,35482,US,2024-10-22 06:02:12,2024-12-19,False
2852,Female,1966-03-24,Active,Georgetown,KS,67550,US,2017-07-19 00:01:09,2025-02-08,True
3144,Female,1979-03-03,Active,Riverside,NE,49690,US,2018-11-14 00:44:22,2025-10-16,True
3561,Male,1976-08-21,Blocked,Springfield,TN,47259,US,2016-07-23 12:01:01,2025-07-02,False
3641,Female,1952-02-15,Active,Medicine Hat,AB,,CA,2025-09-20 13:10:03,2025-12-09,True
3845,Male,2010-08-15,Inactive,Franklin,NT,,CA,2025-11-08 23:51:54,2025-11-11,False
4441,Male,1983-03-01,Inactive,Madison,WV,63545,US,2017-07-16 05:01:41,2018-10-25,False
4498,Female,1972-08-27,Active,Reading,PA,39205,US,2021-04-16 10:55:04,2025-09-26,True
4741,Male,1966-04-06,Inactive,Springfield,NJ,75415,US,2017-01-05 17:29:13,2020-11-01,False
5427,Male,1961-05-06,Inactive,Macon,GA,49398,US,2019-09-11 16:14:57,2020-05-25,False
5668,Male,2007-04-02,Active,Clinton,NJ,77936,US,2021-03-23 02:02:11,2025-06-22,True
5757,Male,1969-06-17,Active,Clinton,NL,,CA,2025-11-13 15:44:33,2025-12-20,True
5844,Female,1965-09-19,Inactive,Clinton,SK,,CA,2015-07-12 16:29:17,2018-06-24,False
6311,Male,1955-01-11,Blocked,Clinton,ME,76239,US,2024-10-04 07:47:16,2025-08-29,False
6418,Female,1968-10-30,Active,Chester,MO,71063,US,2025-07-17 01:55:42,2025-08-11,True
6797,Female,1971-04-30,Inactive,Burnaby,BC,,CA,2024-01-27 21:44:01,2024-02-21,False
6974,Male,1954-01-10,Closed,Clinton,SD,32100,US,2025-11-05 19:53:13,2025-11-09,False
7026,Male,1979-12-02,Inactive,Chester,ME,80405,US,2023-05-16 09:31:41,2023-12-28,False
7261,Male,2001-01-20,Active,Salem,WI,18233,US,2021-06-06 06:17:53,2025-11-02,True
7274,Male,1994-01-19,Active,Riverside,WV,64481,US,2023-07-22 07:54:07,2025-06-15,True
7439,Male,2004-09-24,Active,Madison,CT,85065,US,2019-02-26 00:20:22,2025-03-12,True
7768,Prefer Not To Say,2000-02-28,Active,Columbus,OH,63600,US,2024-06-08 16:03:51,2025-07-06,True
7883,Female,2002-05-01,Active,Denver,CO,62851,US,2016-04-28 04:36:06,2025-03-31,True
8109,Prefer Not To Say,1946-09-05,Active,Vancouver,WA,45070,US,2017-01-10 03:59:52,2024-12-25,True
8112,Male,1992-03-18,Active,Chester,WY,88348,US,2023-07-03 07:20:57,2025-12-14,True
8268,Male,1981-11-04,Inactive,Springfield,LA,80717,US,2024-07-16 22:28:48,2024-09-28,False
8279,Other,2000-05-12,Active,Raleigh,NC,91612,US,2015-03-04 22:39:13,2025-02-26,True
8387,Male,1962-07-01,Closed,Georgetown,SC,16314,US,2021-11-25 16:15:48,2024-02-16,False
8451,Male,1986-06-10,Active,Riverside,LA,44366,US,2023-11-30 12:56:16,2025-09-29,True
8903,Female,1966-08-25,Active,Clinton,AR,37549,US,2021-05-08 03:21:03,2025-01-17,True
9069,Female,1983-12-07,Active,Clinton,SD,58053,US,2016-01-26 08:13:14,2025-07-09,True
9170,Male,1999-09-29,Active,Springfield,TN,23835,US,2025-05-06 07:38:52,2025-10-17,True
9193,Female,1978-05-31,Active,Bristol,OK,18502,US,2017-10-26 10:29:53,2025-10-20,True
9334,Female,1947-03-20,Active,Clinton,IA,29376,US,2020-08-19 00:44:05,2025-10-20,True
9389,Female,1953-02-26,Active,Riverside,NM,48712,US,2016-03-09 02:04:18,2025-08-28,True
9824,Male,1968-11-23,Inactive,Bristol,MO,32597,US,2017-09-09 23:50:34,2019-11-21,False
9827,Male,1946-10-27,Active,Hamilton,ON,,CA,2018-12-25 07:46:14,2025-12-21,True
18,Male,1977-02-24,Inactive,Fairview,OR,12719,US,2025-07-28 08:32:34,2025-12-01,False
370,Male,1995-11-21,Active,Riverside,PE,,CA,2018-04-19 05:40:15,2025-02-03,True
825,Male,1978-06-25,Active,San Francisco,CA,32352,US,2025-05-01 21:59:23,2025-06-10,True
841,Female,1980-10-09,Active,Springfield,SD,55548,US,2016-11-02 00:12:41,2025-05-11,True
850,Male,1946-05-24,Inactive,Cleveland,OH,37643,US,2020-11-18 13:11:54,2023-11-29,False
1088,Female,1941-06-12,Active,Franklin,LA,33737,US,2023-04-11 08:12:56,2025-01-10,True
1610,Male,1967-02-12,Inactive,Springfield,SD,13063,US,2020-08-03 23:43:00,2022-12-16,False
1654,Male,2001-07-04,Closed,Salem,NB,,CA,2025-01-12 14:54:47,2025-04-23,False
1844,Male,1963-07-13,Closed,Salem,AR,27862,US,2015-02-07 04:44:25,2017-10-02,False
2213,Female,1950-07-21,Active,Franklin,AK,74171,US,2018-09-23 01:54:51,2025-09-17,True
2436,Male,1987-12-23,Active,Georgetown,KS,81334,US,2025-05-12 21:54:37,2025-09-30,True
2975,Female,1997-05-23,Active,Quebec City,QC,,CA,2016-08-12 06:48:16,2025-12-20,True
3018,Female,1984-09-30,Active,Chester,VT,23946,US,2018-04-29 18:56:25,2025-07-07,True
3095,Female,1942-03-16,Active,Georgetown,CT,41134,US,2019-11-10 05:00:40,2025-06-12,True
3899,Female,1987-01-19,Closed,Madison,WV,80855,US,2021-03-08 19:25:08,2022-03-26,False
3939,Other,1959-05-19,Inactive,Madison,WI,86740,US,2023-01-15 18:01:11,2024-03-05,False
4242,Female,1948-03-23,Active,Georgetown,DE,96684,US,2021-04-28 03:07:38,2025-11-27,True
4267,Female,1957-10-10,Inactive,Franklin,ID,52138,US,2019-06-10 22:24:18,2025-08-12,False
4521,Male,1971-03-02,Blocked,Athens,GA,67819,US,2024-06-21 07:36:59,2025-05-11,False
4729,Male,1954-12-23,Active,Macon,GA,44093,US,2017-12-23 22:19:49,2025-07-06,True
4933,Male,1956-10-22,Closed,Durham,NC,89591,US,2024-02-06 19:12:05,2025-06-29,False
5202,Male,1959-11-17,Active,Naperville,IL,36385,US,2025-11-27 14:16:39,2025-12-06,True
5216,Female,1991-01-24,Active,Fairview,RI,22589,US,2024-09-18 00:11:13,2025-08-19,True
5319,Female,1967-06-26,Closed,Salem,IN,59702,US,2022-10-25 10:34:25,2025-01-25,False
5372,Male,2001-02-27,Active,Franklin,NS,,CA,2023-01-03 07:15:27,2025-07-16,True
5388,Female,1960-07-15,Inactive,Georgetown,SD,19475,US,2021-07-09 00:07:04,2023-04-02,False
5456,Male,1949-05-15,Inactive,Salem,MD,69945,US,2024-01-09 20:14:02,2025-04-06,False
5962,Male,1946-04-08,Active,Franklin,CT,42935,US,2020-03-25 05:46:24,2025-01-13,True
6093,Male,1979-12-04,Active,Franklin,NU,,CA,2025-11-06 03:48:26,2025-11-10,True
7363,Female,1961-02-09,Active,Bristol,YT,,CA,2018-02-09 23:33:43,2025-07-12,True
7420,Female,1977-04-26,Active,Springfield,NH,51411,US,2016-03-27 00:31:09,2025-10-26,True
7978,Male,1944-03-23,Active,Bristol,LA,69234,US,2015-12-28 08:31:50,2025-03-15,True
8167,Female,1982-08-18,Active,Georgetown,AK,68004,US,2019-12-20 03:39:53,2025-08-04,True
8408,Male,1947-06-17,Active,Madison,CT,32419,US,2016-05-22 01:16:30,2025-03-01,True
8533,Male,1975-05-22,Active,Fairview,TN,26222,US,2016-04-15 06:09:44,2025-02-14,True
8999,Female,1975-07-26,Active,Bristol,WY,26358,US,2023-01-10 06:47:41,2025-06-10,True
9001,Female,1981-03-18,Closed,Miami,FL,80859,US,2023-11-19 14:19:37,2025-01-26,False
9375,Female,1950-06-24,Active,Madison,AL,40367,US,2018-02-10 06:09:39,2025-07-12,True
9664,Male,2006-05-23,Active,Chester,TN,79747,US,2021-08-08 22:07:02,2025-03-27,True
97,Male,2009-05-12,Blocked,Madison,NT,,CA,2025-07-31 03:27:08,2025-10-04,False
188,Prefer Not To Say,2011-02-18,Active,Madison,YT,,CA,2025-06-21 02:23:25,2025-09-19,True
199,Female,1986-12-03,Active,Aurora,CO,53714,US,2021-10-13 05:26:52,2025-10-07,True
352,Male,1980-01-14,Active,Aurora,CO,77618,US,2020-03-29 00:02:38,2025-11-29,True
420,Male,1974-03-25,Active,Springfield,MA,85460,US,2015-04-01 17:44:58,2025-12-21,True
918,Male,1957-04-23,Blocked,Madison,OR,37158,US,2017-07-23 05:58:02,2023-10-24,False
919,Female,1952-02-07,Blocked,Springfield,AL,52057,US,2016-01-28 07:50:13,2021-01-25,False
1234,Male,1965-05-26,Active,Madison,NB,,CA,2018-12-20 22:22:45,2025-03-28,True
1329,Female,1970-04-17,Inactive,Bristol,AL,23407,US,2018-05-18 20:17:19,2025-08-20,False
2261,Other,1978-10-27,Inactive,Los Angeles,CA,12704,US,2016-02-28 06:35:52,2021-02-11,False
2387,Male,1965-10-26,Active,Riverside,PE,,CA,2020-02-04 20:38:39,2025-11-30,True
2516,Female,1983-12-24,Active,Franklin,NJ,16773,US,2024-01-19 21:41:04,2025-11-26,True
2720,Male,2007-09-06,Inactive,Riverside,NL,,CA,2023-10-04 20:03:50,2025-07-04,False
2804,Female,1987-06-13,Inactive,Longueuil,QC,,CA,2015-08-12 17:49:06,2024-07-04,False
3457,Male,1954-08-21,Active,Madison,UT,26927,US,2023-07-07 11:36:23,2025-04-10,True
3733,Female,1948-09-08,Active,Springfield,AK,40349,US,2018-01-01 09:26:01,2025-09-24,True
3919,Female,1941-08-05,Active,Chester,NH,32813,US,2019-06-25 14:30:17,2025-03-18,True
4617,Male,1941-06-20,Active,Aurora,IL,84807,US,2024-01-27 21:10:29,2025-06-21,True
6091,Male,1974-12-21,Active,Springfield,SD,66343,US,2018-06-14 19:10:28,2025-02-19,True
6285,Female,1969-11-13,Active,Riverside,VA,23927,US,2019-03-11 19:58:39,2025-08-23,True
6704,Male,1964-10-23,Active,Orlando,FL,22573,US,2023-07-19 06:59:32,2025-09-01,True
6837,Female,1984-10-05,Inactive,Buffalo,NY,56727,US,2017-04-05 10:11:01,2022-05-08,False
7464,Other,1946-04-29,Active,Clinton,TN,56238,US,2023-11-10 12:31:13,2025-04-17,True
7636,Male,1992-10-17,Closed,Madison,NJ,83210,US,2021-07-02 08:45:49,2024-03-12,False
7828,Male,1984-03-11,Inactive,Madison,NU,,CA,2017-05-16 18:10:19,2019-04-07,False
7855,Female,1973-04-10,Active,San Francisco,CA,30364,US,2015-04-06 06:25:27,2025-09-18,True
8010,Female,1984-12-07,Active,Riverside,NE,26675,US,2020-02-01 00:55:18,2025-12-21,True
8187,Prefer Not To Say,2000-04-17,Blocked,Joliet,IL,82349,US,2024-08-09 21:42:07,2025-03-31,False
8272,Female,1970-08-06,Blocked,Georgetown,IA,50680,US,2015-07-11 04:04:50,2025-10-26,False
8352,Male,1983-10-18,Inactive,Bristol,NS,,CA,2017-08-16 02:09:32,2018-12-18,False
8422,Female,1979-10-16,Active,Chester,CT,99900,US,2021-02-08 23:08:05,2025-06-09,True
8693,Female,1970-07-31,Active,San Jose,CA,35303,US,2016-04-20 09:11:21,2025-05-25,True
8965,Male,1966-08-05,Active,Chester,TN,83453,US,2019-05-03 02:16:17,2025-12-09,True
9336,Male,1948-03-24,Active,Springfield,MO,93075,US,2024-03-18 20:39:14,2025-10-04,True
9433,Male,1996-07-11,Active,Riverside,SD,73132,US,2022-01-22 07:27:23,2025-01-02,True
9718,Female,2002-08-19,Active,Salem,NL,,CA,2017-12-01 14:11:50,2025-09-20,True
1039,Female,2009-10-19,Inactive,Chester,NE,42434,US,2023-12-15 15:04:22,2024-05-16,False
1573,Female,1980-03-15,Active,Erie,PA,59341,US,2021-07-26 05:15:50,2025-10-14,True
1892,Female,1961-06-26,Active,Bristol,NE,12385,US,2020-07-28 20:34:10,2025-10-24,True
2519,Male,1967-10-29,Active,Quebec City,QC,,CA,2019-05-14 15:16:35,2025-03-30,True
2604,Male,1975-04-11,Closed,Richmond,BC,,CA,2018-09-05 22:47:56,2022-08-08,False
2834,Female,1946-10-14,Active,Buffalo,NY,80865,US,2019-03-29 14:20:37,2025-12-05,True
3199,Female,1966-10-12,Active,Medicine Hat,AB,,CA,2025-04-18 01:01:40,2025-06-19,True
3253,Male,2008-01-28,Blocked,Bristol,HI,40183,US,2025-07-29 05:00:14,2025-12-24,False
3464,Male,1990-09-05,Active,Bristol,DE,77825,US,2017-07-11 09:06:33,2025-11-14,True
3489,Female,1956-01-07,Active,Quebec City,QC,,CA,2015-09-26 11:50:23,2025-06-23,True
3533,Male,1965-01-16,Active,Madison,CT,14046,US,2020-12-31 13:26:34,2025-11-10,True
3975,Female,1946-12-22,Active,Georgetown,UT,79948,US,2023-01-06 04:48:41,2025-10-24,True
4135,Female,1961-12-15,Active,Clinton,DE,20271,US,2016-04-08 17:25:32,2025-01-23,True
4212,Prefer Not To Say,1992-01-11,Blocked,Chester,VA,76573,US,2025-05-21 17:17:42,2025-12-01,False
4453,Female,1957-06-14,Active,Fairview,WY,69756,US,2016-05-20 21:43:06,2025-06-19,True
4991,Male,1974-05-02,Inactive,Riverside,WI,86403,US,2024-07-27 17:10:24,2025-06-03,False
5224,Female,1958-10-16,Active,Fort Lauderdale,FL,51124,US,2022-05-08 17:57:39,2025-09-10,True
5365,Other,1948-09-23,Active,Fairview,IN,55297,US,2019-01-27 05:43:39,2025-11-11,True
5483,Female,1954-09-01,Active,Salem,NH,10623,US,2016-04-26 19:02:05,2025-04-24,True
6170,Male,2004-09-05,Active,Albany,NY,88608,US,2024-11-22 15:09:38,2025-08-06,True
6301,Male,1990-07-26,Active,Springfield,MA,40821,US,2020-07-17 18:37:53,2025-01-06,True
6345,Female,1968-04-06,Inactive,Chester,KS,20932,US,2019-05-31 12:13:33,2024-12-06,False
6436,Male,1983-01-17,Active,Franklin,LA,80066,US,2024-04-12 08:34:29,2025-02-15,True
6731,Male,1994-04-10,Inactive,Fairview,NM,79307,US,2018-12-05 04:28:31,2024-10-21,False
7016,Male,2001-05-28,Active,Gatineau,QC,,CA,2025-01-01 06:30:03,2025-02-24,True
7145,Female,1948-08-12,Active,Fairview,SD,47449,US,2022-05-25 08:16:09,2025-12-25,True
7969,Female,1965-01-01,Closed,Georgetown,ND,71369,US,2017-12-14 05:28:53,2020-10-07,False
8263,Male,1996-08-03,Active,Riverside,ID,49554,US,2015-12-24 11:26:11,2025-02-24,True
8300,Female,1986-06-27,Active,Madison,NJ,88615,US,2021-05-07 14:05:07,2025-04-17,True
8313,Other,1982-02-18,Active,Springfield,NU,,CA,2020-10-03 04:09:45,2025-09-25,True
8400,Female,1971-05-31,Active,Riverside,SD,81984,US,2022-06-05 22:34:52,2025-09-28,True
8459,Female,2006-07-04,Active,Springfield,AL,48043,US,2023-07-05 06:28:58,2025-02-10,True
8460,Male,1951-10-08,Active,Madison,SC,66684,US,2017-09-18 01:02:00,2025-10-11,True
9084,Male,1947-11-30,Active,North Las Vegas,NV,40778,US,2021-09-23 07:58:01,2025-10-01,True
9657,Female,1952-03-16,Active,Riverside,LA,35150,US,2025-02-05 08:34:28,2025-11-15,True
1648,Female,1987-02-15,Pending,Springfield,ID,61319,US,2016-03-17 20:33:00,1900-01-01,False
1695,Male,1945-09-02,Pending,,,,,2023-08-02 02:17:04,1900-01-01,False
4184,Other,1965-02-20,Pending,Madison,NJ,32803,US,2016-01-14 06:51:03,1900-01-01,False
3034,Other,1947-02-24,Pending,Chester,ND,59744,US,2018-11-20 05:32:54,1900-01-01,False
7608,Male,1980-02-03,Pending,Bristol,LA,13207,US,2023-08-12 03:10:48,1900-01-01,False
4321,Male,1953-02-24,Pending,Franklin,UT,90485,US,2015-02-25 04:19:21,1900-01-01,False
1189,Male,2002-12-08,Pending,,,,,2015-12-18 02:45:15,1900-01-01,False
2405,Female,1947-02-24,Pending,Grand Rapids,MI,56190,US,2017-07-17 23:47:56,1900-01-01,False
4153,Male,1994-10-11,Pending,Colorado Springs,CO,99335,US,2024-10-09 13:11:50,1900-01-01,False
8142,Female,1986-12-14,Pending,Aurora,IL,35707,US,2025-04-16 11:57:27,1900-01-01,False
7376,Male,1964-05-20,Pending,,,,,2015-07-24 17:11:10,1900-01-01,False
402,Male,1978-11-27,Pending,Madison,MS,21343,US,2018-01-05 02:04:00,1900-01-01,False
5923,Male,1993-12-30,Pending,,,,,2020-09-19 12:51:21,1900-01-01,False
6826,Female,1969-11-04,Pending,Clinton,MT,19092,US,2020-07-21 02:59:06,1900-01-01,False
9442,Male,1999-04-29,Pending,,,,,2022-08-14 23:30:36,1900-01-01,False
489,Male,1998-02-23,Pending,Cleveland,OH,52026,US,2020-08-24 11:47:33,1900-01-01,False
8105,Male,2003-11-23,Pending,Springfield,IA,37745,US,2024-06-22 00:27:55,1900-01-01,False
8125,Male,2003-03-28,Pending,Springfield,VT,92543,US,2019-06-02 04:09:51,1900-01-01,False
4942,Male,1954-12-27,Pending,Georgetown,ND,83034,US,2018-11-29 09:59:50,1900-01-01,False
6650,Male,1994-01-22,Pending,Bristol,AL,82553,US,2015-07-16 07:33:11,1900-01-01,False
1636,Male,1984-03-20,Pending,Columbus,OH,38267,US,2025-01-03 10:55:38,1900-01-01,False
2231,Prefer Not To Say,1987-08-17,Pending,Warren,MI,99865,US,2019-05-21 23:09:53,1900-01-01,False
2786,Female,1993-06-28,Pending,,,,,2017-06-25 14:00:44,1900-01-01,False
1002,Female,1979-07-28,Pending,Chester,WI,46758,US,2023-05-21 02:08:52,1900-01-01,False
5396,Female,1965-11-20,Pending,Fairview,WV,65214,US,2019-04-29 08:39:00,1900-01-01,False
7650,Female,1949-09-03,Pending,Georgetown,ME,24233,US,2022-01-28 10:28:49,1900-01-01,False
8555,Male,2005-12-16,Pending,Seattle,WA,17163,US,2019-05-25 00:24:21,1900-01-01,False
8880,Other,1969-11-26,Pending,Fairview,NS,,CA,2017-11-01 08:26:27,1900-01-01,False
1549,Male,1988-08-29,Pending,Georgetown,TN,89429,US,2020-02-22 05:56:42,1900-01-01,False
4279,Female,1981-04-13,Pending,Tampa,FL,87514,US,2023-04-20 16:05:33,1900-01-01,False
6525,Female,1980-01-19,Pending,,,,,2015-11-19 11:26:10,1900-01-01,False
9412,Female,1981-07-28,Pending,Sterling Heights,MI,22290,US,2015-11-23 10:04:09,1900-01-01,False
7699,Male,1962-11-25,Pending,,,,,2018-06-27 10:34:27,1900-01-01,False
8324,Male,1992-06-01,Pending,Charlotte,NC,95331,US,2019-09-29 14:25:40,1900-01-01,False
1125,Male,1980-03-30,Pending,Fairview,SK,,CA,2016-12-16 18:24:02,1900-01-01,False
1888,Female,2001-09-06,Pending,Georgetown,SD,70396,US,2016-11-14 07:20:58,1900-01-01,False
399,Female,2002-12-30,Pending,Riverside,NM,45945,US,2022-09-13 01:19:20,1900-01-01,False
6984,Male,1950-11-13,Pending,,,,,2018-04-09 14:15:57,1900-01-01,False
1452,Female,1970-11-26,Pending,Clinton,ME,59113,US,2022-06-03 17:57:46,1900-01-01,False
4705,Female,1998-07-13,Pending,,,,,2018-07-19 09:29:49,1900-01-01,False
1953,Other,1950-06-22,Pending,San Diego,CA,16259,US,2020-07-08 17:33:54,1900-01-01,False
8051,Male,2003-11-28,Pending,Franklin,AK,40386,US,2023-01-07 19:31:20,1900-01-01,False
8242,Female,1985-07-12,Pending,Georgetown,YT,,CA,2015-02-12 21:37:20,1900-01-01,False
3776,Female,1951-04-10,Pending,Franklin,WV,86580,US,2015-12-28 18:19:16,1900-01-01,False
8436,Male,1946-04-09,Pending,Georgetown,MD,68426,US,2018-10-25 03:58:31,1900-01-01,False
5515,Male,1951-06-20,Blocked,Fairview,HI,49079,US,2019-12-01 23:17:51,2022-10-05,False
2424,Male,1942-08-27,Pending,Fairview,TN,13262,US,2019-10-25 21:03:29,1900-01-01,False
4041,Female,1971-11-11,Pending,,,,,2015-10-22 14:20:46,1900-01-01,False
8582,Female,1990-05-19,Pending,Chester,ID,88268,US,2017-04-13 22:30:26,1900-01-01,False
170,Male,1974-09-23,Pending,,,,,2025-07-23 03:03:12,1900-01-01,False
6787,Male,1950-08-31,Pending,Franklin,AR,91464,US,2024-02-25 00:40:35,1900-01-01,False
9050,Other,1986-01-18,Pending,,,,,2025-03-09 20:16:28,1900-01-01,False
1477,Male,1973-02-05,Pending,,,,,2024-08-19 13:23:34,1900-01-01,False
3263,Male,2000-11-05,Pending,Georgetown,HI,14660,US,2025-09-09 19:23:32,1900-01-01,False
5524,Other,1994-06-11,Pending,Aurora,IL,95388,US,2024-02-24 15:48:10,1900-01-01,False
6521,Female,2004-05-24,Pending,,,,,2022-03-11 07:38:08,1900-01-01,False
7810,Female,1988-11-16,Pending,Madison,NM,21297,US,2018-09-06 16:35:44,1900-01-01,False
8080,Prefer Not To Say,1965-05-21,Pending,,,,,2022-07-16 13:42:25,1900-01-01,False
5699,Other,2003-05-29,Pending,Clinton,DE,48999,US,2023-06-22 04:57:06,1900-01-01,False
6039,Female,1976-11-04,Pending,Bristol,NH,24419,US,2015-10-08 23:26:41,1900-01-01,False
6,Female,1946-04-20,Pending,,,,,2016-11-05 12:00:24,1900-01-01,False
2112,Female,1972-04-08,Pending,Clinton,ND,43960,US,2020-05-10 13:06:01,1900-01-01,False
5501,Male,1952-09-15,Pending,Salem,HI,92138,US,2015-05-30 00:43:41,1900-01-01,False
9066,Male,1989-01-09,Pending,Raleigh,NC,37046,US,2015-01-18 02:32:47,1900-01-01,False
2465,Male,2010-07-19,Pending,Laval,QC,,CA,2025-02-23 22:34:29,1900-01-01,False
3820,Male,1947-01-08,Pending,Fairview,AL,90039,US,2021-10-13 19:50:44,1900-01-01,False
5465,Female,1942-08-25,Pending,,,,,2018-09-23 15:26:42,1900-01-01,False
5187,Male,1988-08-22,Pending,Georgetown,VA,81521,US,2017-08-28 12:55:50,1900-01-01,False
6268,Other,1992-11-25,Pending,Clinton,DE,41229,US,2017-07-30 08:18:15,1900-01-01,False
5140,Male,2004-06-17,Pending,Scottsdale,AZ,36956,US,2022-08-02 08:52:46,1900-01-01,False
4695,Male,1959-02-04,Pending,,,,,2022-05-11 04:48:26,1900-01-01,False
6078,Male,1975-05-24,Pending,Vancouver,WA,55204,US,2015-01-07 02:30:34,1900-01-01,False
7960,Male,1986-09-17,Pending,,,,,2023-12-26 08:30:08,1900-01-01,False
8541,Female,1971-03-20,Pending,Franklin,NE,97364,US,2017-03-14 04:38:05,1900-01-01,False
792,Female,1981-10-25,Pending,,,,,2020-04-20 01:04:10,1900-01-01,False
1542,Male,1950-02-18,Pending,Madison,IA,58899,US,2016-11-22 22:59:32,1900-01-01,False
8315,Male,1991-03-20,Pending,,,,,2024-03-27 10:50:23,1900-01-01,False
9260,Female,1949-05-25,Pending,Fairview,WY,37064,US,2022-11-18 05:47:26,1900-01-01,False
932,Female,1992-02-14,Pending,,,,,2024-05-01 08:55:38,1900-01-01,False
3867,Male,2001-05-30,Pending,,,,,2016-04-09 09:17:45,1900-01-01,False
2916,Female,1986-07-18,Pending,Fairview,WY,77313,US,2022-07-04 10:04:13,1900-01-01,False
1447,Prefer Not To Say,1963-08-29,Pending,Georgetown,NE,48231,US,2017-01-12 15:02:37,1900-01-01,False
6148,Female,1942-01-01,Pending,Bristol,NL,,CA,2018-05-18 13:51:33,1900-01-01,False
2069,Female,1967-03-22,Pending,Fairview,NE,96868,US,2024-11-09 09:57:04,1900-01-01,False
8334,Female,1955-11-13,Pending,,,,,2025-05-27 15:46:24,1900-01-01,False
9543,Female,1946-04-16,Pending,Springfield,MO,30695,US,2018-05-06 09:35:01,1900-01-01,False
3942,Male,1946-06-15,Pending,,,,,2017-05-04 12:05:19,1900-01-01,False
6701,Male,1986-12-30,Pending,Bristol,MN,60967,US,2021-01-19 23:15:40,1900-01-01,False
9993,Female,1987-02-09,Pending,Bristol,NL,,CA,2015-04-30 05:52:51,1900-01-01,False
2710,Male,1999-07-13,Pending,,,,,2021-09-29 13:48:52,1900-01-01,False
6384,Male,1956-08-29,Pending,,,,,2023-08-19 00:22:40,1900-01-01,False
1338,Female,1997-05-30,Pending,,,,,2020-04-13 07:01:28,1900-01-01,False
2165,Female,1971-12-07,Pending,,,,,2021-05-16 09:16:23,1900-01-01,False
4439,Female,1946-03-19,Pending,,,,,2018-04-13 15:09:43,1900-01-01,False
8216,Male,1978-10-06,Pending,Georgetown,NM,17938,US,2023-02-13 06:32:06,1900-01-01,False
757,Male,1989-04-21,Pending,,,,,2024-11-16 20:20:27,1900-01-01,False
1043,Female,1996-11-24,Pending,,,,,2016-09-06 11:16:40,1900-01-01,False
3371,Female,1954-08-09,Pending,Madison,YT,,CA,2025-06-03 20:23:41,1900-01-01,False
3523,Male,1980-07-08,Pending,,,,,2021-06-07 09:08:50,1900-01-01,False
6618,Female,2003-02-06,Pending,,,,,2024-07-11 02:41:44,1900-01-01,False
8177,Female,1956-11-27,Pending,Tampa,FL,21603,US,2015-05-28 02:18:45,1900-01-01,False
9790,Female,1989-10-09,Pending,Springfield,DE,80110,US,2024-04-03 23:06:13,1900-01-01,False
2046,Male,1963-12-14,Pending,,,,,2024-01-17 12:04:18,1900-01-01,False
7474,Female,1973-08-21,Pending,,,,,2018-09-09 11:27:19,1900-01-01,False
8803,Female,1948-07-29,Pending,Madison,TN,60071,US,2023-08-06 00:51:40,1900-01-01,False
8148,Male,1992-10-31,Pending,,,,,2021-03-13 05:44:21,1900-01-01,False
8641,Male,1986-10-11,Pending,,,,,2025-09-15 07:09:54,1900-01-01,False
1044,Female,1980-04-10,Pending,San Francisco,CA,84124,US,2025-01-10 08:35:04,1900-01-01,False
1722,Male,1953-07-26,Pending,Fairview,WV,91856,US,2016-09-01 16:55:39,1900-01-01,False
2789,Male,1979-08-14,Pending,Franklin,VA,31967,US,2016-09-20 12:38:54,1900-01-01,False
5687,Female,1984-08-04,Pending,Columbus,OH,34225,US,2021-02-27 10:10:50,1900-01-01,False
5924,Male,1951-09-22,Pending,Bristol,AK,35059,US,2015-10-07 19:18:03,1900-01-01,False
7408,Female,1957-04-19,Pending,Madison,NB,,CA,2023-08-23 01:34:43,1900-01-01,False
8522,Female,1970-12-25,Pending,Fort Collins,CO,90864,US,2019-06-25 14:47:10,1900-01-01,False
2130,Female,1984-07-22,Pending,Madison,DE,32920,US,2024-11-21 14:20:53,1900-01-01,False
7264,Female,1994-10-08,Pending,Clinton,NH,68145,US,2022-07-21 08:09:45,1900-01-01,False
8188,Female,1941-05-24,Pending,Georgetown,WV,77854,US,2015-05-10 14:46:38,1900-01-01,False
7022,Female,1948-10-02,Pending,Springfield,MN,82343,US,2025-03-18 07:01:56,1900-01-01,False
8823,Female,1986-10-25,Pending,,,,,2018-11-11 16:06:41,1900-01-01,False
727,Male,1972-09-24,Pending,Franklin,VA,31240,US,2019-07-06 00:00:43,1900-01-01,False
7266,Female,1996-04-08,Pending,Salem,LA,55017,US,2024-12-13 20:55:23,1900-01-01,False
8325,Male,1987-12-27,Pending,Madison,HI,69115,US,2023-07-14 10:19:45,1900-01-01,False
8468,Male,1942-05-24,Pending,,,,,2025-11-02 19:49:28,1900-01-01,False
8063,Male,1944-08-05,Pending,,,,,2017-09-25 01:28:52,1900-01-01,False
8414,Male,1954-10-19,Pending,Franklin,WY,50284,US,2022-02-19 02:04:30,1900-01-01,False
2104,Male,1963-12-08,Pending,Salem,OK,87147,US,2024-10-13 14:36:50,1900-01-01,False
4623,Prefer Not To Say,1945-02-12,Pending,Erie,PA,86915,US,2018-04-02 00:47:53,1900-01-01,False
4641,Female,1973-04-17,Pending,,,,,2016-01-13 17:26:48,1900-01-01,False
9744,Male,1981-11-01,Pending,Madison,NM,64843,US,2021-10-22 05:05:10,1900-01-01,False
9804,Female,1958-09-15,Inactive,Durham,NC,15794,US,2017-12-10 00:29:29,2020-01-03,False
3109,Male,1999-09-22,Pending,Sacramento,CA,37486,US,2022-06-14 21:04:22,1900-01-01,False
6082,Male,1959-01-31,Pending,Springfield,VT,19774,US,2017-09-10 11:30:19,1900-01-01,False
7359,Prefer Not To Say,1977-10-01,Pending,,,,,2017-01-03 16:39:17,1900-01-01,False
1684,Female,1953-08-28,Pending,Franklin,ID,17812,US,2025-03-23 22:17:18,1900-01-01,False
4030,Female,1967-12-14,Pending,,,,,2022-08-11 12:11:58,1900-01-01,False
4873,Male,1946-01-28,Pending,Fairview,MD,46976,US,2022-10-08 20:40:27,1900-01-01,False
5481,Male,1995-12-26,Pending,Chester,NL,,CA,2016-02-11 19:07:54,1900-01-01,False
7151,Female,2003-04-11,Pending,Chester,PE,,CA,2019-07-07 04:44:19,1900-01-01,False
7312,Female,1996-02-16,Pending,Aurora,CO,91291,US,2016-01-18 08:37:52,1900-01-01,False
1418,Female,1956-12-26,Pending,Austin,TX,47840,US,2024-12-17 18:50:51,1900-01-01,False
9788,Female,2000-09-24,Pending,Los Angeles,CA,18547,US,2025-01-10 04:39:18,1900-01-01,False
5292,Male,1980-10-28,Pending,,,,,2015-12-01 17:57:48,1900-01-01,False
6748,Male,1978-05-20,Pending,,,,,2025-06-06 18:47:36,1900-01-01,False
8976,Male,1947-07-13,Pending,Madison,LA,14184,US,2017-09-23 02:41:32,1900-01-01,False
736,Male,1999-10-30,Pending,Detroit,MI,55080,US,2019-03-01 08:45:30,1900-01-01,False
4170,Female,2002-05-19,Pending,Madison,ND,73959,US,2022-02-20 21:46:31,1900-01-01,False
9670,Prefer Not To Say,2003-02-06,Pending,,,,,2021-02-20 08:03:40,1900-01-01,False
9875,Male,1973-12-19,Pending,Columbus,OH,26540,US,2022-11-30 16:15:21,1900-01-01,False
9940,Female,1965-03-12,Pending,Tacoma,WA,12317,US,2018-08-13 09:48:50,1900-01-01,False
1402,Other,1975-06-09,Pending,Springfield,NT,,CA,2019-04-19 14:00:42,1900-01-01,False
2513,Female,1976-12-05,Pending,Georgetown,NS,,CA,2024-07-01 08:01:29,1900-01-01,False
7522,Male,1958-10-04,Pending,Fort Worth,TX,96114,US,2017-07-21 12:22:55,1900-01-01,False
8370,Female,1943-01-08,Pending,,,,,2019-09-17 06:13:41,1900-01-01,False
8942,Female,1967-04-28,Pending,,,,,2019-12-06 20:15:59,1900-01-01,False
8993,Male,1974-03-14,Pending,Bristol,ME,19211,US,2016-06-22 23:37:03,1900-01-01,False
6125,Female,1992-06-16,Pending,Madison,NE,87741,US,2024-03-14 14:00:33,1900-01-01,False
6152,Other,1941-08-17,Pending,,,,,2017-01-24 07:10:38,1900-01-01,False
6412,Female,1958-08-12,Pending,Clinton,WI,93584,US,2020-03-02 02:57:49,1900-01-01,False
7821,Male,1954-02-10,Pending,Springfield,NJ,13766,US,2021-12-29 10:41:08,1900-01-01,False
4552,Female,1946-07-14,Pending,Georgetown,KS,55869,US,2015-05-22 14:30:53,1900-01-01,False
1340,Male,1997-04-20,Active,Georgetown,MO,86457,US,2017-07-17 05:50:30,2025-06-01,True
2580,Female,1979-04-30,Pending,Madison,SK,,CA,2022-05-09 13:04:23,1900-01-01,False
6578,Male,1972-09-01,Pending,,,,,2019-12-27 19:03:49,1900-01-01,False
9563,Male,1974-12-10,Pending,Fairview,NT,,CA,2021-07-25 03:10:40,1900-01-01,False
433,Female,2004-06-19,Pending,Springfield,NM,82794,US,2024-02-16 12:12:21,1900-01-01,False
763,Female,1998-10-14,Pending,Riverside,OR,63338,US,2018-12-14 13:11:56,1900-01-01,False
7140,Male,1950-01-31,Pending,Riverside,MN,58945,US,2020-02-04 17:27:08,1900-01-01,False
4469,Male,1968-04-02,Pending,,,,,2016-11-03 07:26:05,1900-01-01,False
5409,Female,1946-10-19,Pending,,,,,2015-10-16 16:35:14,1900-01-01,False
6930,Male,1999-07-02,Pending,Madison,MT,47863,US,2025-03-26 09:49:29,1900-01-01,False
2777,Male,1978-10-13,Pending,Reading,PA,23239,US,2018-08-23 10:53:20,1900-01-01,False
3076,Male,1986-10-01,Pending,,,,,2025-07-28 03:37:05,1900-01-01,False
4472,Female,1952-03-28,Pending,Clinton,VT,24161,US,2015-09-05 08:43:49,1900-01-01,False
3644,Male,1954-09-12,Pending,Springfield,KS,94089,US,2016-12-14 03:51:34,1900-01-01,False
5206,Female,1962-06-12,Pending,Riverside,ND,77372,US,2021-11-26 13:51:23,1900-01-01,False
7364,Male,1961-12-07,Pending,Bristol,NH,51001,US,2015-07-08 04:45:13,1900-01-01,False
8558,Other,1943-12-19,Pending,Chester,HI,15424,US,2021-01-21 03:54:05,1900-01-01,False
3479,Male,1993-12-04,Pending,Surrey,BC,,CA,2017-09-24 06:15:11,1900-01-01,False
421,Male,1978-04-24,Pending,Springfield,VA,69350,US,2024-02-27 03:19:49,1900-01-01,False
4645,Male,1966-09-04,Pending,Allentown,PA,87878,US,2017-07-17 03:52:41,1900-01-01,False
4922,Female,1977-01-17,Pending,,,,,2015-01-02 22:26:49,1900-01-01,False
8296,Male,2005-11-09,Pending,Salem,AL,30103,US,2025-08-25 06:03:00,1900-01-01,False
4836,Male,2007-11-29,Pending,,,,,2022-11-25 10:26:49,1900-01-01,False
8800,Male,1943-11-01,Pending,Clinton,MS,15979,US,2018-04-02 02:09:40,1900-01-01,False
5389,Female,1983-04-24,Pending,Salem,SK,,CA,2015-07-17 09:05:28,1900-01-01,False
3717,Female,1949-11-02,Pending,,,,,2023-07-20 19:37:30,1900-01-01,False
6023,Male,1976-05-10,Inactive,Salem,IA,24658,US,2017-01-28 07:02:22,2025-03-29,False
6415,Other,1988-11-15,Pending,,,,,2016-10-21 07:51:17,1900-01-01,False
3757,Male,2001-02-18,Pending,Clinton,MT,78329,US,2016-10-28 14:05:03,1900-01-01,False
5822,Female,1953-09-26,Pending,Clinton,VT,73579,US,2021-10-30 00:36:55,1900-01-01,False
7505,Female,2001-01-04,Pending,Clinton,NU,,CA,2024-09-13 07:51:16,1900-01-01,False
2689,Male,1972-08-21,Pending,Worcester,MA,76992,US,2016-07-24 17:58:10,1900-01-01,False
3775,Female,1981-02-12,Pending,,,,,2025-02-12 05:09:49,1900-01-01,False
3266,Female,1999-01-05,Pending,,,,,2024-03-30 17:37:15,1900-01-01,False
7002,Male,1946-02-22,Pending,Clinton,KY,53302,US,2021-12-27 22:04:22,1900-01-01,False
9070,Male,1948-08-28,Pending,,,,,2023-10-25 21:10:59,1900-01-01,False
5966,Female,1941-01-26,Pending,,,,,2025-04-21 02:30:43,1900-01-01,False
4079,Other,1976-01-14,Pending,Salem,MT,13189,US,2023-03-08 09:32:33,1900-01-01,False
3188,Female,1968-07-23,Pending,Franklin,MN,52148,US,2021-06-08 03:38:53,1900-01-01,False
4083,Male,1981-08-29,Pending,Clinton,NT,,CA,2025-11-19 02:19:18,1900-01-01,False
6673,Female,2004-01-22,Pending,,,,,2024-07-31 14:00:03,1900-01-01,False
3626,Male,1978-09-01,Pending,Franklin,LA,55804,US,2017-05-14 04:46:38,1900-01-01,False
6892,Male,1979-08-03,Pending,Georgetown,VT,59736,US,2016-09-20 20:29:40,1900-01-01,False
7035,Male,1995-01-04,Pending,,,,,2024-01-25 13:57:51,1900-01-01,False
8981,Male,1963-03-23,Pending,,,,,2018-01-21 13:47:30,1900-01-01,False
7228,Male,1974-06-14,Pending,,,,,2016-07-04 04:39:20,1900-01-01,False
553,Male,1988-09-21,Pending,Clinton,MB,,CA,2018-03-01 21:11:15,1900-01-01,False
4931,Female,1947-08-28,Pending,Springfield,MB,,CA,2020-08-08 19:26:27,1900-01-01,False
7437,Female,1953-02-12,Pending,Salem,IN,44592,US,2022-02-08 11:32:54,1900-01-01,False
7839,Female,1941-02-20,Pending,,,,,2019-07-04 03:35:06,1900-01-01,False
9600,Prefer Not To Say,1972-09-08,Pending,Springfield,SD,76283,US,2015-01-15 08:22:51,1900-01-01,False
1392,Male,1971-07-30,Pending,,,,,2023-08-09 16:31:39,1900-01-01,False
3203,Other,1970-02-11,Pending,Bristol,KS,96097,US,2024-05-25 23:42:54,1900-01-01,False
8213,Prefer Not To Say,1998-11-14,Pending,Georgetown,MN,41185,US,2024-06-29 16:06:22,1900-01-01,False
6729,Female,1989-09-12,Pending,Springfield,MN,55043,US,2022-02-22 10:23:19,1900-01-01,False
4634,Male,1998-12-25,Pending,Clinton,NE,25065,US,2024-11-15 23:34:42,1900-01-01,False
5753,Female,1993-05-24,Pending,Scottsdale,AZ,86228,US,2024-02-28 02:25:09,1900-01-01,False
1756,Male,1994-11-05,Pending,Springfield,MT,51511,US,2015-02-28 08:12:44,1900-01-01,False
2156,Male,1991-06-26,Pending,,,,,2019-03-12 14:04:01,1900-01-01,False
4934,Male,1992-04-14,Pending,Madison,VA,41324,US,2021-10-22 09:54:55,1900-01-01,False
5103,Prefer Not To Say,1970-07-14,Pending,Salem,MB,,CA,2019-01-27 21:24:50,1900-01-01,False
6808,Female,1989-05-05,Pending,,,,,2015-11-26 20:37:06,1900-01-01,False
6999,Male,1976-08-29,Pending,,,,,2018-11-24 04:05:49,1900-01-01,False
7473,Male,1965-04-19,Pending,Clinton,AR,51880,US,2021-09-07 23:45:50,1900-01-01,False
3722,Female,1943-10-23,Pending,Bristol,WV,76227,US,2020-09-26 18:14:18,1900-01-01,False
4869,Prefer Not To Say,1957-07-08,Pending,,,,,2017-11-08 02:59:12,1900-01-01,False
6683,Female,1985-09-20,Pending,Franklin,MN,26552,US,2016-07-27 10:32:03,1900-01-01,False
5703,Male,1948-04-16,Pending,,,,,2017-05-04 19:29:22,1900-01-01,False
9027,Male,1963-08-15,Pending,Franklin,AL,42647,US,2025-12-16 00:49:36,1900-01-01,False
2376,Other,1943-01-11,Pending,Franklin,CT,60535,US,2025-07-03 07:33:37,1900-01-01,False
2607,Female,1979-09-02,Pending,Cleveland,OH,18902,US,2015-09-28 00:44:10,1900-01-01,False
4251,Male,1970-10-11,Pending,,,,,2025-08-05 12:57:36,1900-01-01,False
9977,Male,1978-01-16,Pending,Riverside,MO,17121,US,2024-08-30 07:16:04,1900-01-01,False
7742,Male,2005-05-17,Pending,,,,,2019-07-06 05:38:26,1900-01-01,False
3784,Male,1943-01-14,Active,Ann Arbor,MI,12845,US,2024-10-07 16:22:11,2025-08-11,True
2263,Prefer Not To Say,1972-12-23,Pending,Springfield,NE,51194,US,2019-05-20 03:16:10,1900-01-01,False
4435,Prefer Not To Say,1987-10-03,Pending,Madison,WI,39870,US,2017-08-09 11:47:57,1900-01-01,False
5513,Male,1960-01-31,Pending,Salem,NJ,50694,US,2024-03-15 20:54:44,1900-01-01,False
7592,Female,1946-06-10,Pending,,,,,2019-02-08 22:15:07,1900-01-01,False
7857,Male,1995-06-15,Pending,Chester,HI,39206,US,2022-04-19 04:26:28,1900-01-01,False
9044,Male,1973-04-24,Pending,Spokane,WA,15004,US,2018-03-03 14:25:38,1900-01-01,False
7898,Male,1967-10-11,Pending,,,,,2023-07-09 00:49:51,1900-01-01,False
4920,Female,1970-10-29,Pending,Fairview,MT,99008,US,2017-01-18 07:49:02,1900-01-01,False
3920,Female,1978-08-01,Pending,Madison,OK,73725,US,2017-03-09 09:12:49,1900-01-01,False
6552,Female,1960-06-01,Pending,,,,,2019-01-25 11:01:40,1900-01-01,False
8639,Prefer Not To Say,1946-08-23,Pending,Springfield,NH,56031,US,2024-06-20 22:50:19,1900-01-01,False
2742,Male,1982-02-03,Pending,,,,,2017-10-20 10:55:16,1900-01-01,False
4101,Female,1984-12-10,Pending,,,,,2018-04-07 03:37:48,1900-01-01,False
1275,Male,2002-04-12,Pending,Rochester,NY,19372,US,2017-10-21 08:38:31,1900-01-01,False
1426,Female,1973-11-23,Pending,,,,,2015-06-11 14:40:37,1900-01-01,False
2434,Male,1983-02-25,Pending,,,,,2020-04-29 04:31:45,1900-01-01,False
3272,Female,1942-10-23,Pending,,,,,2021-10-04 04:11:52,1900-01-01,False
4406,Female,1982-09-20,Pending,,,,,2022-07-11 19:05:25,1900-01-01,False
9959,Male,1985-11-27,Pending,Chester,MT,58104,US,2021-02-25 19:36:19,1900-01-01,False
1497,Male,1983-10-14,Pending,,,,,2024-06-07 06:30:02,1900-01-01,False
4564,Male,1990-05-08,Pending,,,,,2023-11-10 20:50:57,1900-01-01,False
5056,Female,2001-07-23,Pending,Worcester,MA,91746,US,2023-12-24 13:36:31,1900-01-01,False
7229,Male,1960-08-15,Pending,,,,,2020-02-11 11:01:34,1900-01-01,False
7277,Male,1946-01-29,Pending,,,,,2016-08-26 10:53:40,1900-01-01,False
7597,Other,1975-07-12,Pending,Fairview,VT,48384,US,2024-09-01 01:34:32,1900-01-01,False
8544,Prefer Not To Say,1974-10-08,Pending,,,,,2022-09-13 22:35:00,1900-01-01,False
729,Male,2002-11-19,Pending,,,,,2020-04-16 10:36:31,1900-01-01,False
5002,Prefer Not To Say,1963-09-03,Pending,Salem,KY,19450,US,2019-02-10 08:50:19,1900-01-01,False
8009,Male,1989-01-16,Pending,,,,,2022-01-07 12:19:07,1900-01-01,False
4776,Female,1999-02-15,Pending,Chester,NJ,47206,US,2017-06-04 10:21:33,1900-01-01,False
1620,Other,1989-01-22,Pending,Bristol,WY,75051,US,2019-12-25 04:02:26,1900-01-01,False
6381,Male,1966-09-05,Pending,Georgetown,WI,59561,US,2023-07-12 08:13:06,1900-01-01,False
6457,Female,1969-07-22,Pending,,,,,2023-12-18 11:32:05,1900-01-01,False
2508,Male,1986-09-21,Active,Madison,NT,,CA,2018-10-20 03:59:25,2025-11-26,True
2209,Male,2005-09-23,Pending,Franklin,OK,17801,US,2020-11-15 15:57:15,1900-01-01,False
4009,Male,1975-09-06,Pending,Miami,FL,18261,US,2015-11-18 15:07:38,1900-01-01,False
9245,Female,1997-08-30,Pending,,,,,2024-11-15 02:48:58,1900-01-01,False
7208,Female,1983-02-01,Pending,Salem,NM,64852,US,2020-04-08 01:36:54,1900-01-01,False
8665,Male,1986-09-24,Pending,Georgetown,NM,25040,US,2016-11-08 21:10:34,1900-01-01,False
9652,Male,1944-10-12,Pending,San Antonio,TX,47985,US,2019-10-25 08:53:01,1900-01-01,False
2677,Male,1963-01-25,Pending,,,,,2021-09-05 19:01:02,1900-01-01,False
7440,Female,1977-03-20,Pending,Fairview,HI,47288,US,2020-05-19 02:23:35,1900-01-01,False
7814,Male,1982-01-13,Pending,Riverside,KY,84453,US,2021-06-10 14:06:40,1900-01-01,False
8710,Female,2002-02-21,Pending,Madison,AL,24983,US,2018-03-05 09:01:44,1900-01-01,False
1589,Female,1961-11-20,Pending,Bristol,NE,62092,US,2022-09-28 22:06:55,1900-01-01,False
9008,Female,1965-03-31,Pending,,,,,2023-10-22 22:08:24,1900-01-01,False
2977,Female,1997-06-24,Pending,Chester,ID,88198,US,2016-06-26 16:08:23,1900-01-01,False
4884,Male,1975-09-15,Pending,Calgary,AB,,CA,2018-08-23 15:59:21,1900-01-01,False
8608,Male,1976-09-18,Pending,Clinton,MD,12952,US,2024-01-29 21:07:29,1900-01-01,False
6491,Female,1969-01-19,Pending,Riverside,SD,55509,US,2023-01-04 13:36:03,1900-01-01,False
441,Female,1978-06-19,Pending,Philadelphia,PA,79578,US,2021-01-03 15:25:19,1900-01-01,False
549,Male,1943-01-24,Pending,Riverside,LA,39161,US,2022-06-10 01:05:18,1900-01-01,False
6818,Female,1994-08-20,Pending,Salem,VA,40584,US,2015-04-10 14:48:30,1900-01-01,False
7176,Male,1950-01-07,Pending,,,,,2019-04-30 03:23:59,1900-01-01,False
8633,Female,1989-10-30,Pending,,,,,2024-11-30 09:06:09,1900-01-01,False
2565,Female,1974-06-22,Pending,,,,,2015-12-25 23:12:36,1900-01-01,False
3573,Prefer Not To Say,1962-03-11,Closed,Houston,TX,79228,US,2023-12-13 18:10:33,2025-07-25,False
4628,Female,1977-11-01,Active,Riverside,MD,92626,US,2024-02-25 14:14:50,2025-10-08,True
3797,Male,1963-05-25,Pending,Miami,FL,15026,US,2022-11-18 20:55:45,1900-01-01,False
849,Female,1952-01-23,Pending,Victoria,BC,,CA,2023-12-07 19:09:11,1900-01-01,False
2492,Female,1949-10-20,Pending,,,,,2022-05-14 22:01:20,1900-01-01,False
3932,Female,1978-02-02,Pending,Winston-Salem,NC,92872,US,2021-07-21 04:02:18,1900-01-01,False
1279,Male,1964-01-23,Pending,Springfield,ND,88935,US,2019-10-03 15:23:59,1900-01-01,False
9522,Male,1971-07-29,Pending,,,,,2023-06-19 09:39:03,1900-01-01,False
6007,Male,1967-01-01,Pending,Lowell,MA,33819,US,2018-10-13 18:20:56,1900-01-01,False
4473,Female,2005-07-20,Pending,,,,,2023-05-27 05:26:37,1900-01-01,False
7678,Male,1960-03-27,Pending,Clinton,ME,16626,US,2022-10-06 08:39:43,1900-01-01,False
8763,Female,1951-05-29,Pending,,,,,2017-06-24 19:41:46,1900-01-01,False
502,Male,1981-07-27,Pending,,,,,2020-08-03 07:33:23,1900-01-01,False
5150,Female,1985-05-05,Pending,Macon,GA,52801,US,2020-12-19 07:58:44,1900-01-01,False
4985,Female,1993-05-20,Active,London,ON,,CA,2017-02-05 05:56:32,2025-06-12,True
2182,Other,1989-11-10,Pending,,,,,2023-12-02 15:52:58,1900-01-01,False
6685,Female,1964-10-14,Pending,Phoenix,AZ,71547,US,2019-06-19 15:37:21,1900-01-01,False
7428,Female,1985-07-22,Pending,,,,,2025-01-30 09:56:37,1900-01-01,False
9576,Female,1967-01-24,Pending,Fairview,NT,,CA,2020-12-06 09:26:36,1900-01-01,False
2030,Female,1971-12-13,Pending,London,ON,,CA,2021-01-15 14:37:30,1900-01-01,False
2301,Male,1955-04-14,Pending,Aurora,IL,13974,US,2020-07-03 18:31:07,1900-01-01,False
8129,Male,1989-05-22,Pending,New York,NY,89577,US,2015-12-03 06:02:33,1900-01-01,False
9586,Male,2007-12-19,Pending,,,,,2022-04-14 09:14:00,1900-01-01,False
3960,Female,1947-09-03,Pending,Fairview,VT,46728,US,2017-12-06 14:47:46,1900-01-01,False
4689,Female,1980-11-09,Pending,Montreal,QC,,CA,2025-10-25 09:57:59,1900-01-01,False
4763,Male,1950-01-24,Pending,Fairview,KS,27274,US,2017-04-01 02:52:20,1900-01-01,False
210,Female,1955-09-04,Pending,,,,,2018-06-13 10:30:09,1900-01-01,False
3695,Female,1957-08-17,Pending,,,,,2023-12-28 18:45:59,1900-01-01,False
3837,Female,1991-02-13,Pending,Chester,MN,66165,US,2022-05-03 19:00:53,1900-01-01,False
5732,Female,1966-06-12,Pending,Allentown,PA,15043,US,2015-09-29 00:08:20,1900-01-01,False
9808,Male,1971-12-23,Pending,Chester,NH,49284,US,2021-01-06 14:04:27,1900-01-01,False
1437,Female,1989-04-01,Pending,,,,,2023-10-01 13:25:11,1900-01-01,False
8779,Female,1976-01-05,Pending,Springfield,IA,32373,US,2019-04-15 03:57:01,1900-01-01,False
8983,Male,1993-04-11,Pending,Clinton,LA,21846,US,2015-09-12 07:12:33,1900-01-01,False
9488,Male,1976-02-29,Pending,Salem,RI,11102,US,2024-12-25 08:21:25,1900-01-01,False
5837,Male,1967-01-12,Pending,Clinton,IN,70751,US,2023-08-04 10:07:50,1900-01-01,False
1598,Male,1990-08-02,Pending,,,,,2020-02-10 03:26:20,1900-01-01,False
1901,Female,1956-06-09,Pending,Fairview,SK,,CA,2018-02-25 04:02:03,1900-01-01,False
3399,Female,1967-03-22,Pending,Fairview,WV,84358,US,2021-06-12 09:36:25,1900-01-01,False
4451,Male,1984-11-26,Pending,,,,,2022-04-03 19:07:26,1900-01-01,False
7680,Female,1988-05-30,Pending,,,,,2024-01-01 04:39:41,1900-01-01,False
1326,Male,1954-11-23,Pending,Toledo,OH,64945,US,2020-04-20 16:27:12,1900-01-01,False
6753,Prefer Not To Say,1982-11-11,Pending,,,,,2019-02-24 10:03:32,1900-01-01,False
9864,Male,1960-11-04,Pending,Chester,NM,82200,US,2023-01-22 12:05:44,1900-01-01,False
2447,Female,1983-11-20,Pending,Riverside,OK,50509,US,2017-08-13 14:48:21,1900-01-01,False
4566,Male,1947-01-20,Pending,,,,,2018-10-10 16:10:46,1900-01-01,False
5097,Male,2004-12-12,Pending,Springfield,MO,37680,US,2020-11-06 13:21:06,1900-01-01,False
8512,Male,1973-08-24,Pending,Salem,ME,30986,US,2023-03-23 04:28:04,1900-01-01,False
8845,Female,1998-05-02,Pending,Salem,PE,,CA,2019-07-19 02:54:01,1900-01-01,False
2935,Female,1975-10-27,Blocked,Clinton,MO,25147,US,2016-05-07 03:29:51,2023-10-01,False
2066,Male,1965-11-27,Pending,Bristol,OR,16703,US,2016-07-24 03:28:27,1900-01-01,False
6760,Female,1950-02-20,Pending,,,,,2021-06-24 21:36:34,1900-01-01,False
8530,Prefer Not To Say,1976-09-30,Pending,Clinton,NE,41919,US,2019-11-04 15:39:40,1900-01-01,False
6067,Male,1978-01-10,Pending,Fairview,UT,67790,US,2020-06-16 17:40:48,1900-01-01,False
8211,Female,1996-02-14,Pending,Fort Lauderdale,FL,27253,US,2024-11-17 13:43:25,1900-01-01,False
8289,Other,1977-02-08,Pending,Albany,NY,59090,US,2015-02-26 22:03:52,1900-01-01,False
8587,Male,1972-09-01,Pending,,,,,2019-05-30 14:20:35,1900-01-01,False
9946,Male,1998-12-14,Pending,Orlando,FL,72914,US,2020-03-04 06:12:46,1900-01-01,False
3578,Male,1946-05-03,Pending,Greensboro,NC,55845,US,2025-05-04 20:37:03,1900-01-01,False
8214,Female,2006-03-08,Pending,Riverside,MB,,CA,2021-08-20 15:58:16,1900-01-01,False
8525,Other,1952-12-22,Pending,Chester,SD,50627,US,2017-11-06 01:08:30,1900-01-01,False
532,Male,1974-06-28,Pending,Erie,PA,60995,US,2015-10-10 17:22:40,1900-01-01,False
758,Prefer Not To Say,1960-10-20,Pending,,,,,2019-11-21 00:37:41,1900-01-01,False
4022,Female,1987-11-15,Pending,Red Deer,AB,,CA,2020-05-06 11:04:17,1900-01-01,False
4710,Male,2003-09-01,Pending,Grand Rapids,MI,84010,US,2020-04-04 10:07:55,1900-01-01,False
76,Male,1992-01-22,Pending,Springfield,KS,69827,US,2015-04-29 05:12:56,1900-01-01,False
6470,Male,1947-03-24,Pending,Reading,PA,18914,US,2016-09-23 00:56:43,1900-01-01,False
7711,Prefer Not To Say,1966-05-03,Pending,Bristol,IA,35885,US,2017-05-02 14:45:23,1900-01-01,False
7884,Male,1962-01-23,Pending,Fairview,NH,94780,US,2023-03-14 05:53:16,1900-01-01,False
756,Other,1954-06-06,Pending,,,,,2025-12-24 23:21:36,1900-01-01,False
1807,Male,1949-10-13,Pending,Rockford,IL,27806,US,2019-01-28 03:26:45,1900-01-01,False
3031,Other,1962-05-30,Pending,,,,,2021-10-28 08:47:04,1900-01-01,False
3966,Other,1978-06-03,Pending,Madison,MB,,CA,2024-01-18 03:55:32,1900-01-01,False
3992,Male,1970-10-12,Closed,Greensboro,NC,98939,US,2020-05-02 17:12:02,2020-10-03,False
4496,Female,1989-04-18,Pending,,,,,2024-02-05 03:03:14,1900-01-01,False
4862,Male,1993-02-01,Active,Durham,NC,47172,US,2021-04-28 04:14:06,2025-01-22,True
7128,Male,1954-12-17,Pending,,,,,2019-10-13 00:24:29,1900-01-01,False
8653,Female,2006-03-13,Pending,Chester,NL,,CA,2025-01-18 09:21:07,1900-01-01,False
8817,Male,2001-08-09,Pending,Clinton,NH,64850,US,2017-11-06 00:44:13,1900-01-01,False
7178,Male,1960-07-13,Active,Riverside,MS,49113,US,2017-05-30 11:36:52,2025-03-23,True
5129,Female,1992-12-23,Pending,Chester,ND,42131,US,2016-07-02 00:50:26,1900-01-01,False
5765,Female,1952-11-28,Pending,Clinton,MN,13415,US,2022-07-23 17:16:14,1900-01-01,False
7303,Other,1947-04-21,Pending,Franklin,NS,,CA,2023-11-27 23:03:26,1900-01-01,False
2688,Male,2005-09-28,Pending,Bristol,VT,27349,US,2020-02-12 22:28:44,1900-01-01,False
8648,Female,1988-10-23,Pending,Franklin,AL,45968,US,2021-09-01 03:34:59,1900-01-01,False
8979,Female,1955-12-18,Pending,Georgetown,AK,25381,US,2021-07-19 09:41:16,1900-01-01,False
9687,Female,1997-12-19,Pending,,,,,2015-11-07 15:55:54,1900-01-01,False
9967,Male,1959-06-29,Pending,Franklin,SK,,CA,2024-03-12 13:31:08,1900-01-01,False
4845,Female,1985-11-11,Pending,Georgetown,NH,55285,US,2020-11-28 11:46:04,1900-01-01,False
8350,Male,1984-11-07,Pending,Springfield,TN,31635,US,2023-04-07 15:23:33,1900-01-01,False
290,Female,1955-04-29,Pending,,,,,2025-10-04 05:20:01,1900-01-01,False
1941,Male,1999-11-20,Pending,Salem,HI,64497,US,2023-04-10 07:32:11,1900-01-01,False
2359,Prefer Not To Say,2000-12-04,Pending,Franklin,YT,,CA,2023-09-16 17:43:17,1900-01-01,False
5057,Female,1989-09-19,Pending,,,,,2020-03-03 05:50:06,1900-01-01,False
9968,Other,2002-06-14,Pending,,,,,2016-08-14 11:58:19,1900-01-01,False
1634,Female,1946-02-13,Pending,,,,,2017-02-12 01:50:42,1900-01-01,False
4318,Female,1982-12-11,Pending,Georgetown,ND,95301,US,2015-12-21 23:28:15,1900-01-01,False
4819,Male,1991-07-25,Pending,Riverside,WI,45792,US,2023-09-16 11:29:08,1900-01-01,False
5088,Female,1986-12-10,Pending,Springfield,SD,38294,US,2024-10-24 10:53:31,1900-01-01,False
9705,Female,1993-07-20,Pending,,,,,2022-06-27 15:53:25,1900-01-01,False
8260,Female,1962-07-04,Pending,Springfield,CT,52611,US,2025-01-14 03:20:27,1900-01-01,False
9697,Male,1973-02-02,Pending,Georgetown,TN,75624,US,2024-10-18 17:43:47,1900-01-01,False
3392,Male,1948-05-21,Pending,,,,,2024-12-31 17:18:23,1900-01-01,False
4254,Female,2003-07-07,Pending,Salem,AK,95931,US,2021-05-26 12:35:44,1900-01-01,False
6026,Male,1977-09-22,Pending,Georgetown,WI,21699,US,2015-08-04 17:43:01,1900-01-01,False
1450,Female,1989-12-01,Inactive,Macon,GA,87144,US,2022-08-10 11:04:38,2025-12-10,False
1247,Male,1969-10-09,Pending,Chester,SK,,CA,2017-07-19 05:06:25,1900-01-01,False
2581,Male,1984-03-26,Pending,San Francisco,CA,38177,US,2020-03-01 02:49:36,1900-01-01,False
7533,Male,1993-06-23,Pending,Cleveland,OH,59502,US,2017-11-05 07:50:02,1900-01-01,False
2723,Female,2003-02-06,Pending,Georgetown,NH,19725,US,2017-08-24 02:55:51,1900-01-01,False
7998,Female,1963-10-13,Pending,Boston,MA,27463,US,2025-01-03 05:40:25,1900-01-01,False
8756,Female,1978-11-10,Pending,,,,,2021-11-29 02:28:19,1900-01-01,False
3250,Female,1942-08-15,Pending,,,,,2025-11-11 07:30:02,1900-01-01,False
7784,Male,1971-07-27,Pending,Clinton,VT,72109,US,2021-01-13 00:25:15,1900-01-01,False
9675,Female,1946-01-03,Pending,,,,,2018-02-20 10:41:26,1900-01-01,False
3935,Male,1944-07-24,Active,Madison,OK,90635,US,2023-10-10 11:27:51,2025-01-15,True
2383,Other,2011-06-27,Pending,Riverside,HI,82996,US,2024-07-22 13:52:46,1900-01-01,False
5570,Female,1963-07-01,Pending,,,,,2018-04-25 23:44:58,1900-01-01,False
3323,Male,1987-02-22,Active,Fort Collins,CO,37231,US,2021-01-06 03:40:59,2025-12-06,True
368,Female,1955-03-31,Pending,Clinton,SK,,CA,2016-06-03 01:54:21,1900-01-01,False
1851,Male,1994-03-09,Active,Georgetown,NE,59926,US,2025-06-10 10:35:53,2025-11-15,True
499,Male,2010-05-02,Pending,Aurora,CO,10193,US,2024-12-13 23:42:09,1900-01-01,False
853,Prefer Not To Say,1954-04-10,Pending,,,,,2025-03-12 02:27:22,1900-01-01,False
6602,Male,1981-06-21,Active,Clinton,VT,73661,US,2017-08-03 03:42:00,2025-10-23,True
1120,Female,1966-06-19,Pending,Pittsburgh,PA,70838,US,2019-08-18 15:04:41,1900-01-01,False
1514,Male,1963-06-18,Pending,,,,,2023-09-09 05:53:10,1900-01-01,False
1954,Female,1961-01-09,Active,Clinton,CT,84283,US,2021-08-17 09:11:21,2025-03-07,True
4149,Female,1948-02-26,Pending,,,,,2016-04-21 19:34:40,1900-01-01,False
5290,Female,2001-01-22,Pending,Springfield,IN,49448,US,2019-05-03 06:20:06,1900-01-01,False
7400,Female,1982-12-02,Pending,,,,,2023-07-06 15:03:47,1900-01-01,False
3064,Male,1972-12-07,Pending,,,,,2016-05-11 00:32:00,1900-01-01,False
6290,Female,1986-10-18,Pending,Fairview,NE,28373,US,2024-07-08 02:52:55,1900-01-01,False
6570,Male,1956-01-31,Pending,,,,,2024-09-06 06:42:15,1900-01-01,False
6699,Female,1991-01-05,Pending,Madison,NJ,46411,US,2016-02-26 03:50:00,1900-01-01,False
6994,Male,1964-12-16,Pending,Springfield,NL,,CA,2017-03-18 12:11:04,1900-01-01,False
7239,Male,1953-11-17,Pending,,,,,2024-02-14 05:53:49,1900-01-01,False
6258,Male,1985-03-21,Active,Chester,MO,92141,US,2024-10-09 14:15:55,2025-04-05,True
1456,Prefer Not To Say,1950-07-25,Pending,,,,,2015-02-09 01:53:01,1900-01-01,False
1651,Female,1982-02-15,Pending,Clinton,SC,67064,US,2020-09-28 13:57:30,1900-01-01,False
6922,Female,1971-04-21,Inactive,Franklin,NH,84836,US,2016-04-14 09:23:34,2025-02-03,False
1372,Male,1955-07-13,Pending,Franklin,WV,75040,US,2022-11-25 08:53:10,1900-01-01,False
3427,Male,2010-06-20,Pending,Boulder,CO,96051,US,2023-06-21 17:17:44,1900-01-01,False
4155,Female,1969-04-24,Pending,,,,,2022-09-29 13:02:08,1900-01-01,False
4557,Male,1973-06-11,Pending,,,,,2018-01-29 15:09:18,1900-01-01,False
9139,Female,2006-06-19,Pending,,,,,2024-05-15 09:17:40,1900-01-01,False
3541,Female,1957-03-19,Pending,Bellevue,WA,62313,US,2016-10-31 02:21:36,1900-01-01,False
4443,Female,1978-09-25,Pending,,,,,2015-08-17 13:25:54,1900-01-01,False
4774,Female,1990-03-22,Pending,Springfield,IA,32512,US,2025-11-02 03:25:33,1900-01-01,False
7755,Female,1942-03-12,Pending,Chester,ND,83996,US,2015-01-15 03:04:46,1900-01-01,False
7852,Male,2002-03-21,Pending,Clinton,DE,37756,US,2025-08-22 07:09:37,1900-01-01,False
6697,Male,1963-07-31,Active,Springfield,ND,12913,US,2021-05-25 07:23:08,2025-02-15,True
917,Male,1962-07-07,Pending,,,,,2022-05-09 06:03:06,1900-01-01,False
2094,Female,2003-09-24,Pending,,,,,2019-09-18 01:14:06,1900-01-01,False
2799,Female,1980-04-15,Pending,Pittsburgh,PA,15280,US,2019-11-22 13:10:21,1900-01-01,False
3585,Male,1950-11-13,Pending,Clinton,RI,,US,2022-05-11 20:31:19,1900-01-01,False
4772,Female,1947-03-06,Pending,Springfield,DE,82887,US,2025-12-18 07:38:22,1900-01-01,False
5625,Male,1969-08-27,Pending,Allentown,PA,44347,US,2017-08-26 01:17:23,1900-01-01,False
3395,Female,1998-06-08,Pending,,,,,2022-09-17 12:35:20,1900-01-01,False
5850,Prefer Not To Say,1957-10-12,Pending,,,,,2016-04-16 11:51:58,1900-01-01,False
1218,Male,1998-04-17,Pending,Bristol,VA,30755,US,2021-02-14 09:34:47,1900-01-01,False
3209,Female,1988-11-13,Pending,,,,,2024-05-05 10:13:33,1900-01-01,False
783,Male,2000-10-04,Pending,Clinton,NH,57279,US,2020-09-13 02:37:43,1900-01-01,False
1487,Female,2003-06-16,Pending,,,,,2024-10-21 20:26:26,1900-01-01,False
3340,Female,1992-10-12,Pending,Fairview,WV,49505,US,2022-05-20 19:59:34,1900-01-01,False
5478,Female,1997-01-11,Pending,,,,,2020-06-02 17:53:48,1900-01-01,False
9593,Male,2005-02-14,Active,Franklin,ND,99695,US,2023-03-05 17:03:26,2025-03-20,True
9666,Female,1959-05-19,Pending,,,,,2015-07-12 11:02:00,1900-01-01,False
7819,Female,1983-07-20,Active,Clinton,AL,59700,US,2020-04-19 07:51:49,2025-01-21,True
5228,Other,1957-05-15,Pending,,,,,2024-01-16 08:34:31,1900-01-01,False
872,Male,1952-06-10,Pending,Chester,SK,,CA,2024-07-01 07:01:30,1900-01-01,False
2034,Female,2002-03-16,Pending,Georgetown,MT,49408,US,2025-01-02 23:16:25,1900-01-01,False
3763,Female,1977-12-04,Pending,Fairview,OR,93582,US,2016-07-20 16:24:38,1900-01-01,False
4172,Male,1979-02-09,Pending,Madison,NB,,CA,2025-11-05 21:01:29,1900-01-01,False
9953,Other,1997-07-16,Pending,Franklin,SK,,CA,2025-11-20 13:03:53,1900-01-01,False
3349,Male,1947-10-22,Pending,,,,,2019-04-17 08:54:19,1900-01-01,False
6106,Female,1963-08-06,Pending,,,,,2019-07-13 13:19:25,1900-01-01,False
7897,Female,1978-06-26,Pending,,,,,2022-01-17 03:30:20,1900-01-01,False
8441,Female,2001-01-05,Pending,,,,,2016-07-05 21:47:21,1900-01-01,False
9743,Female,1983-05-21,Pending,Salem,WI,37639,US,2019-02-01 20:02:46,1900-01-01,False
1992,Male,1985-05-18,Pending,,,,,2020-08-10 01:23:19,1900-01-01,False
2751,Male,1967-12-20,Pending,,,,,2020-10-01 15:27:55,1900-01-01,False
2995,Female,1974-12-29,Pending,Springfield,NJ,65846,US,2022-08-12 11:31:41,1900-01-01,False
4085,Male,2000-03-29,Active,Red Deer,AB,,CA,2020-08-26 15:29:09,2025-08-03,True
8065,Female,1942-06-16,Pending,Franklin,CT,92401,US,2023-10-23 09:37:15,1900-01-01,False
8287,Female,2002-02-02,Pending,,,,,2025-11-03 13:15:06,1900-01-01,False
375,Female,1982-09-09,Pending,Jacksonville,FL,30284,US,2018-08-07 08:47:23,1900-01-01,False
572,Female,2006-02-15,Pending,Salem,IN,88416,US,2021-05-03 07:20:57,1900-01-01,False
1556,Male,1941-11-25,Pending,San Francisco,CA,62884,US,2017-12-07 05:33:18,1900-01-01,False
2227,Male,1958-06-18,Pending,Chester,PE,,CA,2016-08-28 23:11:39,1900-01-01,False
3877,Male,1974-07-04,Pending,Tucson,AZ,64436,US,2017-01-01 10:22:40,1900-01-01,False
8373,Male,1982-11-09,Pending,Chester,ID,20724,US,2021-01-04 13:16:20,1900-01-01,False
3006,Prefer Not To Say,1993-09-19,Active,Spokane,WA,49553,US,2015-04-23 05:29:03,2025-10-16,True
6802,Male,2007-06-04,Pending,Madison,WI,63575,US,2021-01-20 18:38:34,1900-01-01,False
4627,Male,1951-08-08,Pending,,,,,2022-04-09 22:46:20,1900-01-01,False
1433,Female,1967-08-03,Pending,Clinton,NE,10460,US,2016-09-28 14:58:57,1900-01-01,False
4517,Male,1963-08-06,Pending,,,,,2017-11-28 04:47:25,1900-01-01,False
8688,Male,1955-02-03,Pending,Springfield,NB,,CA,2025-11-16 22:04:38,1900-01-01,False
350,Other,1952-05-31,Pending,Richmond,BC,,CA,2025-02-06 01:14:47,1900-01-01,False
1097,Female,1989-11-05,Pending,Springfield,OR,37155,US,2024-12-31 09:56:46,1900-01-01,False
2582,Female,1954-05-17,Pending,New York,NY,41269,US,2024-03-16 12:16:12,1900-01-01,False
8126,Male,1952-12-07,Pending,Springfield,AL,72513,US,2017-07-28 19:49:09,1900-01-01,False
8230,Male,1951-12-12,Pending,Boston,MA,84647,US,2025-08-26 15:25:38,1900-01-01,False
2997,Male,1998-04-11,Pending,,,,,2022-06-28 06:12:56,1900-01-01,False
5787,Male,1944-11-22,Inactive,Springfield,MA,57502,US,2022-12-07 04:09:00,2025-05-17,False
6495,Male,1973-08-17,Pending,Fairview,MO,16246,US,2017-07-08 23:55:21,1900-01-01,False
8326,Female,1999-12-17,Pending,Clinton,YT,,CA,2018-12-13 20:05:15,1900-01-01,False
5901,Male,1997-02-09,Inactive,Springfield,WV,92940,US,2021-11-27 07:32:50,2024-09-15,False
2038,Male,1994-07-01,Pending,Atlanta,GA,37831,US,2015-02-01 14:25:45,1900-01-01,False
2696,Female,1959-02-05,Pending,Franklin,MB,,CA,2015-05-13 09:15:04,1900-01-01,False
3546,Male,1962-08-11,Pending,,,,,2015-10-13 06:15:45,1900-01-01,False
3664,Male,1982-01-28,Pending,Riverside,OR,80080,US,2024-11-11 19:59:34,1900-01-01,False
6621,Male,1997-10-03,Pending,Rochester,NY,39686,US,2016-03-27 11:04:01,1900-01-01,False
9841,Male,1994-03-26,Pending,Franklin,NT,,CA,2021-05-24 20:42:05,1900-01-01,False
5951,Male,2003-02-02,Pending,Clinton,MN,80617,US,2018-04-18 04:06:08,1900-01-01,False
2406,Male,2005-01-28,Active,Bristol,MT,50469,US,2023-05-09 00:36:06,2025-09-22,True
6910,Male,1956-03-09,Active,Clinton,AR,53838,US,2017-09-03 20:33:44,2025-10-16,True
373,Prefer Not To Say,1989-08-09,Pending,Lowell,MA,47753,US,2022-02-02 10:46:37,1900-01-01,False
587,Female,1948-04-05,Pending,Salem,MS,89365,US,2021-12-23 08:51:41,1900-01-01,False
6015,Male,1964-10-12,Pending,Georgetown,OK,19503,US,2018-04-12 06:30:20,1900-01-01,False
259,Male,1958-06-17,Pending,Worcester,MA,86919,US,2022-05-07 19:47:01,1900-01-01,False
6118,Prefer Not To Say,1976-01-16,Pending,Salem,UT,14071,US,2025-02-11 00:10:49,1900-01-01,False
1762,Male,1965-06-25,Active,Chester,RI,15441,US,2017-05-07 09:46:47,2025-06-01,True
1964,Other,1967-04-30,Pending,,,,,2024-10-31 17:09:03,1900-01-01,False
6929,Male,1985-09-26,Pending,Riverside,ME,34323,US,2023-04-04 11:42:21,1900-01-01,False
4351,Female,1999-10-05,Pending,,,,,2019-10-20 07:20:43,1900-01-01,False
6936,Male,1964-04-15,Pending,,,,,2018-03-10 21:33:52,1900-01-01,False
33,Female,1952-10-18,Pending,,,,,2021-09-12 12:09:10,1900-01-01,False
597,Prefer Not To Say,1987-12-19,Pending,,,,,2024-01-19 19:23:38,1900-01-01,False
1010,Female,1955-08-06,Pending,,,,,2017-06-08 01:34:00,1900-01-01,False
1047,Male,1995-11-19,Pending,Clinton,AL,27554,US,2024-11-02 17:13:26,1900-01-01,False
5221,Female,1990-04-28,Pending,Riverside,IA,87630,US,2016-06-15 14:42:57,1900-01-01,False
9408,Other,1945-09-07,Pending,Franklin,KY,44315,US,2025-12-19 05:55:10,1900-01-01,False
2190,Female,1980-11-02,Pending,Bristol,DE,66893,US,2020-02-28 03:54:04,1900-01-01,False
5907,Male,1965-01-02,Pending,Red Deer,AB,,CA,2019-05-27 16:49:14,1900-01-01,False
6752,Male,1943-04-12,Pending,,,,,2015-09-18 12:34:14,1900-01-01,False
2481,Male,1995-03-10,Pending,Clinton,ME,10518,US,2025-03-25 22:32:22,1900-01-01,False
