campaign_id,campaign_name,campaign_type,start_date,end_date,budget,spent_amount,impressions,clicks,conversions,target_audience,campaign_status
115,Q2 Social Push 2025,Michael Chen,2024-10-31,,81163.6,74623.16,5456903,42735,549,,Completed
306,Valentine Search Push 2025,Emily Rodriguez,2026-01-25,,30568.77,0.0,0,0,0,,Planned
316,Birthday Special Campaign 2025 #316,Michael Chen,2026-01-16,,4866.59,962.19,99344,5373,177,,Cancelled
340,Back to School Banner Ads 2024,Chris Anderson,2024-12-20,,57429.01,50580.08,3907781,36918,524,,Completed
606,Valentine Banner Ads 2023,Michael Chen,2025-01-04,,55935.02,52452.44,2893767,20898,786,,Completed
639,High Intent Keywords 2023 #639,Stephanie Davis,2025-03-25,,55533.35,9627.55,626748,37436,2571,,Cancelled
695,Q2 Social Push 2025 #695,Nicole Taylor,2025-10-05,,41845.5,39041.96,6037649,165242,6433,,Completed
740,Audience Display Campaign 2025 #740,Nicole Taylor,2025-12-11,,17309.95,1467.01,150309,1360,36,,Cancelled
290,Spring Newsletter Campaign 2024,Sarah Johnson,2025-03-15,,4241.05,4153.45,787069,49712,3188,,Completed
327,Community Engagement 2023 #327,Emily Rodriguez,2025-10-19,,79651.32,79923.03,4259504,32634,618,,Completed
385,Q2 Catalog Mailing 2025,Michael Chen,2026-02-27,,37838.29,0.0,0,0,0,,Planned
397,Short Form Video 2025,Jessica Martinez,2025-08-15,,91834.92,77215.66,4873903,64106,716,,Completed
518,Influencer Partnership 2025 #518,Andrew Thompson,2024-12-20,,99231.68,10354.88,696754,8062,320,,Cancelled
622,Year End Direct Mail 2024,Andrew Thompson,2026-03-01,,8251.15,0.0,0,0,0,,Planned
849,Brand Awareness Drive 2024 #849,Jessica Martinez,2024-12-19,,69818.09,68883.79,3860488,107614,1274,,Completed
193,Weekly Deals Newsletter 2023,Michael Chen,2025-07-19,,699.62,37.79,3024,125,7,,Cancelled
440,High Intent Keywords 2025 #440,Brian Wilson,2025-10-31,,81801.56,62042.74,5402056,475685,12210,,Active
537,Q1 Search Campaign 2025,Andrew Thompson,2025-07-17,,14785.8,12157.8,919245,42680,3063,,Completed
309,Fall Newsletter Campaign 2023,David Kim,2025-01-23,,995.67,984.85,66745,2431,62,,Completed
391,Memorial Day Banner Ads 2025,David Kim,2025-08-24,,84556.48,78799.35,4755231,34928,1349,,Completed
430,,Jessica Martinez,2026-02-23,,3357.74,0.0,0,0,0,,Planned
573,Spring Social Push 2023 #573,Nicole Taylor,2026-01-05,,79099.94,0.0,0,0,0,,Planned
844,Product Category Search 2025 #844,Rachel Green,2025-11-14,,66159.88,27394.83,1415427,100486,7847,,Paused
853,Black Friday Video Push 2025,Michael Chen,2025-11-17,,50191.92,25180.97,2257019,28725,652,,Active
985,Valentine Search Push 2024 #985,Sarah Johnson,2025-04-21,,51813.87,50925.89,2933616,94504,2657,,Completed
114,Trending Topic Campaign 2023,Rachel Green,2025-06-07,,87812.28,90153.59,10204789,90708,2294,,Completed
129,Event Reminder SMS 2025,James Miller,2026-02-05,,3886.12,0.0,0,0,0,,Planned
538,Brand Awareness Drive 2025 #538,Jessica Martinez,2025-01-03,,94319.73,84666.71,10728184,170960,3411,,Completed
701,Brand Awareness Drive 2024 #701,David Kim,2025-11-24,,43414.46,14963.23,1235672,35582,779,,Active
352,Contextual Targeting 2025 #352,Stephanie Davis,2026-02-17,,21065.15,0.0,0,0,0,,Planned
603,Social Contest Campaign 2025 #603,Chris Anderson,2024-12-17,,82700.31,84273.62,4850419,130509,3105,,Completed
724,Social Contest Campaign 2025 #724,Andrew Thompson,2025-10-02,,77876.14,12850.8,1378941,22600,892,,Cancelled
791,Brand Awareness Display 2024 #791,Nicole Taylor,2025-07-22,,53243.65,48528.87,3168448,17875,680,,Completed
38,Spring Social Push 2025,Stephanie Davis,2026-01-08,,65378.43,0.0,0,0,0,,Planned
124,Trending Topic Campaign 2024 #124,Amanda Lee,2026-02-11,,42865.64,0.0,0,0,0,,Planned
176,Back to School Search Push 2024,Laura Garcia,2024-11-16,,44497.56,36715.88,3148434,203374,15841,,Completed
652,Native Advertising 2025 #652,Laura Garcia,2025-12-15,,99261.68,12675.03,1371942,4153,156,,Active
903,Social Contest Campaign 2023 #903,Emily Rodriguez,2025-09-05,,56208.4,2920.4,386741,3663,121,,Cancelled
77,Back to School Video Push 2025,Jessica Martinez,2024-12-16,,25877.73,25517.04,2148071,35470,1392,,Completed
90,Shopping Ads Campaign 2025,Nicole Taylor,2025-11-15,,78437.74,28617.84,1442080,117335,6442,,Active
149,Contextual Targeting 2024,Nicole Taylor,2025-11-10,,74214.56,45493.62,3533755,22674,805,,Active
250,Year End Search Push 2025 #250,Michael Chen,2025-06-26,,91595.0,79953.28,7827434,349776,12359,,Completed
335,Cyber Monday Search Push 2024 #335,Nicole Taylor,2026-03-04,,90524.72,0.0,0,0,0,,Planned
586,Short Form Video 2024 #586,Kevin Brown,2025-05-08,,77393.89,69028.23,5155675,94379,3929,,Completed
608,Product Showcase Social 2025 #608,Stephanie Davis,2025-11-16,,4990.0,5076.82,281310,4016,82,,Active
627,Weekly Deals Newsletter 2023 #627,Chris Anderson,2025-11-01,,8192.55,6171.34,687350,48881,3011,,Active
808,Shopping Ads Campaign 2023 #808,Amanda Lee,2025-07-26,,12190.99,11338.0,1093333,42595,1282,,Completed
295,Q1 Social Push 2023,Jessica Martinez,2025-09-05,,30107.45,4799.49,784026,4906,84,,Cancelled
354,Q3 Video Campaign 2024,Michael Chen,2026-02-25,,95377.02,0.0,0,0,0,,Planned
444,Product Category Search 2023 #444,Amanda Lee,2025-11-09,,17108.46,16317.82,982216,78025,3548,,Active
562,Spring Newsletter Campaign 2025,David Kim,2026-03-04,,5776.6,0.0,0,0,0,,Planned
644,Dynamic Search Ads 2023 #644,Laura Garcia,2024-12-02,,13311.12,12114.35,1673102,120286,7728,,Completed
660,Prime Day Social Campaign 2025 #660,Brian Wilson,2025-11-06,,38819.74,21535.22,1101428,13268,570,,Active
897,Black Friday Banner Ads 2024,Amanda Lee,2025-06-19,,24513.06,2702.12,145135,411,3,,Cancelled
933,Product Category Search 2025 #933,Stephanie Davis,2025-11-30,,85346.82,23008.5,1677086,77080,3075,,Paused
294,Testimonial Videos 2023,Stephanie Davis,2025-12-07,,4034.84,1578.04,240807,5280,185,,Active
304,Social Contest Campaign 2024 #304,Sarah Johnson,2025-06-20,,98720.81,90032.48,5023102,51222,634,,Completed
683,Q1 Video Campaign 2023,Stephanie Davis,2025-08-19,,61490.01,59563.25,11047199,119186,3671,,Completed
859,Contextual Targeting 2024 #859,Jessica Martinez,2025-08-23,,94850.43,4025.45,577766,4540,184,,Cancelled
937,Audience Display Campaign 2023 #937,Andrew Thompson,2026-01-31,,58809.47,0.0,0,0,0,,Planned
996,Dynamic Search Ads 2024 #996,Chris Anderson,2025-11-28,,57898.16,14579.07,1276732,109334,3793,,Paused
265,Product Showcase Social 2024 #265,Chris Anderson,2025-11-21,,57292.96,29062.2,2476733,37147,1202,,Active
277,Winter Social Push 2025,Rachel Green,2025-05-23,,13811.79,11364.42,669603,6651,217,,Completed
291,Testimonial Videos 2025,Jessica Martinez,2025-11-19,,37328.98,21349.73,1991054,22072,667,,Active
870,Brand Keywords Campaign 2023 #870,Chris Anderson,2025-11-09,,87928.19,66973.44,3683555,320747,22563,,Active
143,Labor Day Search Push 2023,Chris Anderson,2025-05-29,,12104.2,10413.9,607923,14003,1381,,Completed
700,Remarketing Search 2025 #700,James Miller,2025-05-31,,25931.68,22947.2,1804989,179609,10776,,Completed
474,Easter Search Push 2023 #474,Kevin Brown,2025-06-20,,11162.14,9466.88,595862,48547,2410,,Completed
551,Influencer Partnership 2023 #551,James Miller,2026-03-15,,70225.28,0.0,0,0,0,,Planned
694,Summer Video Campaign 2024,James Miller,2025-11-02,,29226.77,15672.74,2145318,16665,669,,Active
785,Black Friday Email Blast 2025,Sarah Johnson,2025-11-26,,2166.17,747.59,74390,4524,117,,Active
941,Contextual Targeting 2023 #941,Nicole Taylor,2026-01-14,,27933.52,0.0,0,0,0,,Planned
99,Dynamic Search Ads 2024,Chris Anderson,2026-01-18,,28415.06,0.0,0,0,0,,Planned
168,Cyber Monday Direct Mail 2024,David Kim,2025-12-03,,23631.37,4529.41,0,0,0,,Active
267,Black Friday Social Campaign 2025,Sarah Johnson,2024-11-05,,52905.75,47787.59,2741189,42121,1225,,Completed
284,Brand Awareness Display 2024 #284,Jessica Martinez,2025-12-03,,27361.05,4107.17,315341,2475,89,,Active
353,Trending Topic Campaign 2023 #353,Kevin Brown,2025-10-30,,22577.71,18835.49,1530746,41460,1159,,Active
429,Spring Newsletter Campaign 2024 #429,James Miller,2026-03-10,,1180.58,0.0,0,0,0,,Planned
434,Competitor Conquest 2024 #434,Kevin Brown,2025-12-06,,17798.15,4200.53,409042,16318,1550,,Active
457,Brand Awareness Display 2024 #457,Kevin Brown,2025-11-20,,97563.87,67884.36,6026470,41727,1840,,Paused
505,Competitor Conquest 2025 #505,Nicole Taylor,2026-03-14,,4774.78,0.0,0,0,0,,Planned
818,Brand Keywords Campaign 2025 #818,Jessica Martinez,2025-06-30,,11301.24,9660.4,514886,17289,1478,,Completed
895,New Arrivals Newsletter 2024 #895,Amanda Lee,2026-01-11,,4315.84,0.0,0,0,0,,Planned
970,Spring Social Push 2023 #970,Emily Rodriguez,2025-04-26,,5281.47,4228.5,629159,16625,151,,Completed
9,Customer Win-Back Email 2024,Nicole Taylor,2025-08-15,,868.03,826.62,48041,1691,126,,Completed
24,Dynamic Search Ads 2025,Stephanie Davis,2025-11-17,,63410.35,53220.26,3729067,225468,8670,,Active
344,Black Friday Search Push 2023,Kevin Brown,2025-11-14,,88532.32,54538.28,10748770,1029739,93869,,Active
462,Weekly Deals Newsletter 2023 #462,Chris Anderson,2025-11-01,,7034.0,6865.28,441253,13285,240,,Paused
534,Customer Win-Back Email 2024 #534,Andrew Thompson,2025-06-25,,3137.44,2803.94,303810,8800,530,,Completed
34,Loyalty Mailer 2024,Stephanie Davis,2025-10-07,,46171.19,47310.11,0,0,0,,Completed
64,Winter Search Campaign 2025,Michael Chen,2025-11-07,,72657.5,43799.7,4272048,310234,13350,,Active
189,Tutorial Video Ads 2025,Brian Wilson,2025-11-07,,20704.93,11740.96,1690412,24503,582,,Active
547,Memorial Day Email Blast 2024,Brian Wilson,2024-12-12,,4528.41,4192.19,322545,12629,923,,Completed
730,Competitor Conquest 2025 #730,Andrew Thompson,2025-06-20,,27347.07,26710.03,2588212,103375,7117,,Completed
860,New Arrivals Newsletter 2025 #860,Rachel Green,2025-06-18,,2445.77,2482.82,150010,10866,826,,Completed
390,Valentine Email Blast 2025,David Kim,2025-06-13,,6846.07,6448.04,423288,18950,532,,Completed
419,High Intent Keywords 2025 #419,Rachel Green,2025-07-21,,84092.9,69097.49,11456718,1056588,78588,,Completed
508,Flash Sale Alert 2025 #508,David Kim,2025-12-18,,6784.65,445.56,34220,1805,133,,Active
851,Social Proof Campaign 2023 #851,Chris Anderson,2025-08-23,,71919.5,68649.72,4617132,80110,2106,,Completed
254,Labor Day Search Push 2024,James Miller,2025-12-18,,40973.21,4503.22,445207,38038,1631,,Active
346,Product Showcase Social 2024 #346,Laura Garcia,2025-08-16,,51712.81,48929.36,5946955,108135,1561,,Completed
544,Social Contest Campaign 2023 #544,Sarah Johnson,2025-01-21,,11382.84,9279.94,610754,9110,273,,Completed
706,Product Sample Mailing 2024,Brian Wilson,2025-11-18,,30109.69,30934.14,0,0,0,,Completed
89,Q1 Newsletter Campaign 2023,Stephanie Davis,2025-06-19,,2935.45,250.03,13784,318,10,,Cancelled
528,Labor Day Video Push 2025 #528,Nicole Taylor,2025-10-16,,63350.84,61893.78,3137669,19623,734,,Completed
669,Brand Keywords Campaign 2023 #669,Laura Garcia,2025-11-08,,82289.64,58439.8,3411118,187455,10224,,Active
800,Year End Email Blast 2025 #800,Jessica Martinez,2025-11-01,,2267.58,1512.39,129698,2666,128,,Paused
909,Product Showcase Social 2024 #909,Stephanie Davis,2025-07-08,,28383.78,25221.66,3242068,53437,1830,,Completed
946,Abandoned Cart Recovery 2025 #946,Rachel Green,2024-12-27,,8819.41,9150.6,1444206,43582,594,,Completed
394,Cyber Monday Banner Ads 2024,Amanda Lee,2025-05-22,,25577.13,20864.31,2317945,17394,92,,Completed
261,Spring Display Ads 2023,Andrew Thompson,2024-12-29,,49764.06,47155.05,3032181,27056,144,,Completed
431,High Intent Keywords 2024 #431,Andrew Thompson,2025-11-14,,42099.42,14554.2,2695786,81736,7423,,Active
454,Easter Banner Ads 2024,Kevin Brown,2025-11-10,,91625.18,50774.93,3589570,23116,217,,Active
751,Product Showcase Social 2024 #751,Amanda Lee,2025-06-17,,66796.43,56715.56,3226844,50008,748,,Completed
858,Weekly Deals Newsletter 2023 #858,Jessica Martinez,2025-01-13,,8580.63,1055.8,131338,3325,152,,Cancelled
359,Brand Keywords Campaign 2023 #359,Kevin Brown,2026-03-22,,48571.95,0.0,0,0,0,,Planned
369,Social Contest Campaign 2023 #369,Sarah Johnson,2025-05-08,,6811.6,269.62,53376,286,11,,Cancelled
420,Summer Display Ads 2023,Andrew Thompson,2025-09-06,,8884.04,7993.74,595003,2614,51,,Completed
447,Community Engagement 2023 #447,Michael Chen,2025-09-30,,38403.71,37673.68,2288859,19075,729,,Completed
455,Brand Story Video 2024 #455,Stephanie Davis,2025-12-07,,93711.04,15353.93,1921385,12125,485,,Active
557,Remarketing Search 2023 #557,Emily Rodriguez,2025-08-05,,41683.12,38623.64,3918823,250948,7912,,Completed
675,Streaming TV Ads 2025 #675,Stephanie Davis,2025-06-30,,20579.27,18707.97,2075458,35289,1048,,Completed
152,High Intent Keywords 2025,Jessica Martinez,2025-12-08,,21047.18,516.54,28181,1300,93,,Cancelled
230,User Generated Content 2025 #230,Michael Chen,2025-12-14,,67596.12,6328.47,704179,7685,263,,Paused
237,Prime Day Email Blast 2024,Sarah Johnson,2024-12-23,,9045.84,1275.75,96370,4544,328,,Cancelled
377,Cyber Monday Social Campaign 2024,Laura Garcia,2025-11-22,,51820.41,16117.44,943979,6506,286,,Active
499,Valentine Email Blast 2024,James Miller,2025-04-09,,3514.84,3503.94,191191,6698,122,,Completed
850,Loyalty Rewards Email 2024 #850,David Kim,2025-11-03,,6505.82,2986.49,184959,5500,298,,Active
191,Holiday Email Blast 2023,Laura Garcia,2025-04-15,,3867.35,773.25,100892,7768,447,,Cancelled
300,Trending Topic Campaign 2024 #300,James Miller,2025-10-30,,74228.43,60442.11,3818552,67574,1893,,Active
476,Flash Sale Alert 2023 #476,Brian Wilson,2024-11-06,,6870.9,6790.43,355492,8003,153,,Completed
806,Social Contest Campaign 2023 #806,James Miller,2025-09-02,,91748.73,90080.23,16148106,472419,20559,,Completed
873,Local Search Campaign 2023 #873,Stephanie Davis,2025-10-29,,46224.15,39715.44,5419859,355798,35182,,Active
906,Prime Day Search Push 2023 #906,Andrew Thompson,2025-10-29,,79843.79,51499.74,7662351,160859,7481,,Active
950,Shopping Ads Campaign 2023 #950,Rachel Green,2025-11-02,,56346.37,55037.22,3613063,252519,7067,,Active
56,Social Proof Campaign 2024,Amanda Lee,2025-11-06,,81300.93,32414.27,4939117,60252,1758,,Paused
448,High Intent Keywords 2024 #448,Brian Wilson,2025-01-13,,44076.82,43896.85,7585340,403664,10435,,Completed
598,Brand Keywords Campaign 2024 #598,Sarah Johnson,2025-10-17,,63910.2,56949.42,3247732,222262,10603,,Completed
862,Social Contest Campaign 2023 #862,Rachel Green,2025-11-17,,90884.11,40431.37,2675690,44188,2057,,Paused
867,Easter SMS Deals 2025,Kevin Brown,2025-06-12,,9550.35,8971.03,771006,89151,5302,,Completed
389,Labor Day SMS Deals 2025,Emily Rodriguez,2025-11-17,,6145.54,1953.72,102872,10971,1035,,Active
408,Year End Email Blast 2024,Andrew Thompson,2025-02-20,,7461.99,6922.79,1310779,70301,1379,,Completed
342,Back to School Email Blast 2025,Nicole Taylor,2026-03-16,,6848.14,0.0,0,0,0,,Planned
654,Product Display Ads 2023 #654,Chris Anderson,2025-01-28,,23964.22,3095.75,508154,3801,179,,Cancelled
674,Influencer Partnership 2023 #674,Kevin Brown,2025-06-07,,45776.52,43916.71,2410788,19015,470,,Completed
727,Prime Day Search Push 2024 #727,Brian Wilson,2025-04-06,,7197.93,7344.25,591577,29186,730,,Completed
21,Product Showcase Social 2025,Stephanie Davis,2025-08-03,,63828.04,60197.22,4945154,65307,1084,,Completed
278,Easter Video Push 2024,Kevin Brown,2025-12-16,,46981.45,3877.85,500600,3556,83,,Active
363,Labor Day Video Push 2025,Rachel Green,2025-12-11,,30050.46,7084.09,386279,3432,115,,Active
404,Influencer Partnership 2024 #404,David Kim,2025-08-05,,74373.93,13641.29,1258873,7656,349,,Cancelled
75,YouTube Pre-Roll 2023,Brian Wilson,2025-12-07,,92675.5,42847.78,2747113,15375,225,,Active
161,Social Contest Campaign 2023 #161,Nicole Taylor,2025-04-18,,25078.23,23011.57,1912949,25789,627,,Completed
465,Easter Social Campaign 2024,Laura Garcia,2025-11-04,,5492.22,3204.92,371681,6754,231,,Active
509,Valentine Email Blast 2025 #509,Kevin Brown,2025-11-03,,7823.78,4555.12,434972,10163,360,,Active
602,User Generated Content 2025 #602,Laura Garcia,2025-05-31,,90246.93,74243.07,5843683,129252,4254,,Completed
723,Prime Day Search Push 2023 #723,Michael Chen,2026-02-28,,4780.54,0.0,0,0,0,,Planned
1000,New Arrivals Newsletter 2024 #1000,Kevin Brown,2026-01-22,,6401.74,0.0,0,0,0,,Planned
195,Brand Awareness Drive 2025,Emily Rodriguez,2025-12-17,,75986.0,12291.08,2445616,51328,268,,Paused
247,Back to School Social Campaign 2025 #247,Laura Garcia,2025-11-22,,11061.49,3266.19,268418,4512,23,,Active
322,Winter Video Campaign 2025,Brian Wilson,2025-12-09,,21233.37,4104.05,745855,18464,610,,Active
406,Brand Keywords Campaign 2023 #406,Nicole Taylor,2025-03-28,,85339.24,15920.25,1603879,64376,4792,,Cancelled
438,Q4 Social Push 2024 #438,David Kim,2025-06-16,,79159.23,76029.05,3977579,103173,857,,Completed
529,Programmatic Display 2025 #529,Michael Chen,2025-01-12,,72379.17,58007.11,3043493,26765,590,,Completed
691,Local Search Campaign 2024 #691,Kevin Brown,2025-09-17,,6481.04,5653.13,813510,19260,1645,,Completed
739,Remarketing Search 2023 #739,Sarah Johnson,2025-02-20,,48613.95,44315.26,4084212,249624,7974,,Completed
197,Q4 Display Ads 2024,Jessica Martinez,2025-03-20,,55105.42,47935.74,2833786,7436,107,,Completed
214,Q3 Social Push 2025,Amanda Lee,2026-02-17,,99559.29,0.0,0,0,0,,Planned
264,Prime Day Search Push 2023,Emily Rodriguez,2025-11-27,,53574.49,28335.25,4439884,155207,4894,,Active
501,Contextual Targeting 2024 #501,David Kim,2025-11-26,,90891.94,30154.44,1524449,9765,61,,Active
761,Product Category Search 2023 #761,Brian Wilson,2025-05-31,,86987.74,78973.38,7157319,226246,20214,,Completed
866,Q3 Newsletter Campaign 2024 #866,Rachel Green,2025-01-16,,5608.48,5673.51,326489,21764,516,,Completed
992,Holiday SMS Deals 2023,Emily Rodriguez,2025-11-22,,8020.39,6198.37,1060592,108422,2351,,Active
196,Q1 Catalog Mailing 2025,Brian Wilson,2026-01-12,,12129.34,2007.74,0,0,0,,Cancelled
281,Holiday Banner Ads 2023,Jessica Martinez,2026-02-17,,16740.43,0.0,0,0,0,,Planned
478,Summer Video Campaign 2023,Michael Chen,2025-06-19,,32203.78,30944.97,1677128,17617,541,,Completed
483,Product Category Search 2025 #483,Chris Anderson,2025-12-04,,65463.83,10935.66,584717,26168,709,,Active
297,Memorial Day Search Push 2025,Brian Wilson,2025-08-09,,79020.09,77545.88,4027990,220769,16138,,Completed
339,Q4 Newsletter Campaign 2025,Sarah Johnson,2025-11-28,,6141.79,4258.52,316522,15629,1223,,Active
355,Prime Day Email Blast 2025 #355,Rachel Green,2025-09-05,,1934.4,1945.52,118284,8266,274,,Completed
714,Abandoned Cart Recovery 2023 #714,Sarah Johnson,2026-02-16,,7616.75,0.0,0,0,0,,Planned
823,Social Contest Campaign 2023 #823,Kevin Brown,2025-12-17,,19880.57,1578.95,117042,1371,50,,Active
905,Product Launch Announcement 2024 #905,Michael Chen,2025-09-02,,2968.76,3056.23,382604,23935,1211,,Completed
386,Local Search Campaign 2025 #386,James Miller,2026-02-27,,38062.05,0.0,0,0,0,,Planned
681,Product Category Search 2024 #681,Laura Garcia,2026-02-21,,74579.16,0.0,0,0,0,,Planned
774,Summer Video Campaign 2025,Chris Anderson,2025-11-08,,63200.28,47498.83,4203694,100000,2854,,Active
776,Cross-Network Display 2023 #776,Kevin Brown,2025-11-03,,87292.65,91024.26,4605072,28105,583,,Completed
55,Social Contest Campaign 2023,Andrew Thompson,2025-09-02,,74857.33,10947.93,705401,21014,121,,Cancelled
103,Memorial Day Social Campaign 2023,Sarah Johnson,2026-03-03,,8502.51,0.0,0,0,0,,Planned
177,Product Showcase Social 2024,Nicole Taylor,2025-11-04,,65347.28,43183.79,4183628,44411,2040,,Active
484,Memorial Day Video Push 2025,Laura Garcia,2025-12-07,,80723.68,11725.04,905400,11388,254,,Active
583,Social Proof Campaign 2023 #583,Emily Rodriguez,2025-12-03,,61486.16,19498.1,1374684,33425,390,,Active
679,Remarketing Search 2024 #679,Emily Rodriguez,2025-11-24,,74409.43,46933.86,5096106,206499,11910,,Active
744,Labor Day Video Push 2024,Chris Anderson,2025-12-07,,72539.68,12750.52,2433862,34073,1311,,Active
838,Weekly Deals Newsletter 2024 #838,Andrew Thompson,2026-01-22,,4198.6,0.0,0,0,0,,Planned
841,Influencer Partnership 2023 #841,Emily Rodriguez,2026-02-03,,44787.06,0.0,0,0,0,,Planned
887,Flash Sale Alert 2023 #887,James Miller,2026-01-07,,6421.46,0.0,0,0,0,,Planned
993,Customer Win-Back Email 2025 #993,Jessica Martinez,2024-11-10,,3696.72,3079.7,383788,15731,1208,,Completed
147,Social Contest Campaign 2024,Sarah Johnson,2025-10-28,,72390.88,36132.6,2509267,41844,904,,Active
150,Easter Search Push 2023,Emily Rodriguez,2025-07-26,,2070.14,1682.34,176330,8538,237,,Completed
252,Shopping Ads Campaign 2025 #252,James Miller,2025-11-19,,35706.81,18746.63,3277332,302347,13235,,Active
395,Valentine Social Campaign 2024 #395,Stephanie Davis,2025-11-26,,65627.83,19328.5,2234875,19793,866,,Active
111,Retargeting Display 2024,Sarah Johnson,2025-11-24,,60529.43,25236.04,2238822,6187,169,,Active
170,Spring Search Campaign 2024,Stephanie Davis,2025-04-11,,20121.39,17868.0,954522,64181,1751,,Completed
229,Fall Search Campaign 2024,Chris Anderson,2025-11-14,,63496.04,25081.34,2000592,57860,1666,,Active
461,Remarketing Search 2025 #461,Brian Wilson,2025-11-11,,66907.44,52595.81,4903394,281604,12211,,Active
948,Brand Awareness Drive 2024 #948,Brian Wilson,2025-11-11,,22222.03,8995.51,1298662,11638,440,,Active
983,New Customer Welcome Kit 2023,David Kim,2024-11-02,,32364.98,29523.28,0,0,0,,Completed
308,Easter Search Push 2024 #308,Sarah Johnson,2025-10-30,,46202.79,18629.67,2458664,108817,5471,,Active
321,Easter Banner Ads 2023,Jessica Martinez,2025-12-17,,25928.28,6473.9,471418,3822,39,,Active
375,Easter Search Push 2025,James Miller,2025-12-06,,86355.08,24177.43,2794365,261627,17269,,Active
449,Customer Win-Back Email 2024 #449,Michael Chen,2026-03-24,,8545.96,0.0,0,0,0,,Planned
519,Fall Social Push 2023 #519,Rachel Green,2025-10-29,,14013.05,12370.8,993028,11689,457,,Active
702,Valentine Banner Ads 2025 #702,Brian Wilson,2024-12-20,,26912.89,26528.38,2953065,4000,144,,Completed
817,Q2 Social Push 2023 #817,Amanda Lee,2025-10-28,,76351.3,47039.08,3033991,21802,721,,Active
882,Weekly Deals Newsletter 2024 #882,Sarah Johnson,2024-10-25,,5260.28,4871.26,431972,32747,1247,,Completed
927,Community Engagement 2023 #927,David Kim,2025-11-25,,72898.79,32531.61,4719166,84993,3304,,Active
41,Event Reminder SMS 2024,Sarah Johnson,2025-08-20,,5139.55,4431.98,756385,61319,7123,,Completed
523,Premium Customer Package 2024,James Miller,2025-11-24,,10826.92,6180.7,0,0,0,,Active
581,Year End Video Push 2025,Brian Wilson,2025-09-02,,63399.54,58839.62,3070325,63283,3046,,Completed
615,Remarketing Search 2023 #615,Kevin Brown,2026-03-01,,98551.93,0.0,0,0,0,,Planned
713,Product Showcase Social 2024 #713,Andrew Thompson,2025-12-20,,21372.88,967.43,164165,4819,217,,Cancelled
924,Contextual Targeting 2023 #924,Amanda Lee,2025-11-29,,32473.21,11403.19,688302,1174,10,,Active
137,Remarketing Search 2024,Laura Garcia,2025-09-05,,54925.05,52670.85,4189845,402228,18804,,Completed
550,Social Proof Campaign 2023 #550,Emily Rodriguez,2026-02-21,,28661.29,0.0,0,0,0,,Planned
657,Q2 Video Campaign 2025,Laura Garcia,2025-06-11,,13628.47,499.72,37927,716,19,,Cancelled
12,Local Search Campaign 2023,Chris Anderson,2026-01-31,,21962.12,0.0,0,0,0,,Planned
165,Retargeting Display 2023,Stephanie Davis,2025-11-11,,45335.47,20701.52,2468336,5077,101,,Active
542,Q1 Search Campaign 2023,Chris Anderson,2025-12-10,,14547.0,4250.39,547164,21896,1327,,Active
555,Trending Topic Campaign 2025 #555,Andrew Thompson,2025-12-06,,59439.0,19182.43,1488066,11827,220,,Active
704,Remarketing Search 2024 #704,Andrew Thompson,2025-07-22,,77643.73,73310.49,3706395,221376,5731,,Completed
835,Social Proof Campaign 2023 #835,Emily Rodriguez,2025-11-17,,73050.54,44574.48,6069656,83492,3417,,Active
901,Customer Win-Back Email 2024 #901,James Miller,2025-11-25,,1604.37,1260.42,79118,2510,176,,Active
33,Brand Keywords Campaign 2024,Andrew Thompson,2025-05-29,,54444.8,43754.86,3953618,237105,6330,,Completed
303,Labor Day Social Campaign 2025,Kevin Brown,2025-05-04,,68638.59,58394.75,5828482,78247,3490,,Completed
452,Birthday Special Campaign 2023 #452,Laura Garcia,2025-11-26,,9414.35,1976.89,234715,3000,187,,Active
750,Competitor Conquest 2025 #750,Brian Wilson,2025-09-06,,11363.29,10201.68,800558,79858,4835,,Completed
336,Back to School Search Push 2023,Laura Garcia,2025-11-12,,21907.17,21547.63,1281168,41079,1939,,Active
366,Labor Day Video Push 2023,Andrew Thompson,2025-02-23,,11992.55,10433.98,593105,6505,95,,Completed
517,Trending Topic Campaign 2024 #517,David Kim,2025-02-20,,32384.63,33251.76,2011563,45625,285,,Completed
570,New Arrivals Newsletter 2023 #570,Kevin Brown,2025-11-22,,1957.28,648.42,67868,3181,214,,Active
628,Native Advertising 2025 #628,Kevin Brown,2025-12-13,,79381.27,8788.3,490890,3494,104,,Active
855,Customer Win-Back Email 2025 #855,Rachel Green,2025-01-17,,3159.05,3009.13,152044,6282,69,,Completed
861,Birthday Special Campaign 2025 #861,Chris Anderson,2026-01-03,,5260.48,0.0,0,0,0,,Planned
145,Q3 Search Campaign 2024,James Miller,2025-12-01,,4448.77,1402.43,176396,7099,515,,Paused
564,Brand Awareness Drive 2025 #564,Rachel Green,2025-12-17,,73863.26,5260.55,325875,2417,73,,Active
26,Anniversary Mailing 2023,James Miller,2025-11-02,,28551.35,21826.25,0,0,0,,Active
66,Streaming TV Ads 2023,Rachel Green,2026-01-23,,58214.58,0.0,0,0,0,,Planned
67,Product Showcase Social 2023,Jessica Martinez,2025-01-04,,28838.39,27078.52,1420730,37677,954,,Completed
932,Social Video Ads 2025 #932,Stephanie Davis,2026-02-09,,78424.84,0.0,0,0,0,,Planned
997,Programmatic Display 2025 #997,Stephanie Davis,2025-09-16,,16905.12,17140.98,1136748,5057,153,,Completed
40,Trending Topic Campaign 2025,Emily Rodriguez,2025-05-29,,62213.74,10678.59,851459,8080,391,,Cancelled
61,Cross-Network Display 2024,David Kim,2025-06-01,,62329.76,56677.96,5987310,8373,277,,Completed
467,Cross-Network Display 2024 #467,Andrew Thompson,2025-12-18,,27327.64,1738.39,150218,199,3,,Active
610,Summer Search Campaign 2024,Chris Anderson,2025-10-31,,94735.58,49474.82,2545873,131742,8902,,Paused
632,Fall Social Push 2025 #632,James Miller,2025-09-22,,86123.82,77922.15,8003703,131209,1382,,Completed
203,Cross-Network Display 2023,James Miller,2025-04-05,,16445.37,2462.28,143861,187,6,,Cancelled
263,Year End Social Campaign 2024,Brian Wilson,2025-10-31,,38589.63,35107.53,2715422,42654,1243,,Completed
372,Fall Search Campaign 2025 #372,Kevin Brown,2026-01-30,,17998.17,0.0,0,0,0,,Planned
582,Social Proof Campaign 2024 #582,Sarah Johnson,2025-12-04,,13329.96,2637.35,164291,4462,80,,Active
752,Memorial Day Banner Ads 2023 #752,Amanda Lee,2025-12-03,,74672.44,37199.98,2139426,8007,101,,Active
945,Product Display Ads 2024 #945,Andrew Thompson,2025-12-14,,75657.82,18095.24,2823867,15253,106,,Active
108,Q1 Social Push 2024,Rachel Green,2025-11-21,,16443.58,7051.88,374681,7670,228,,Active
126,Influencer Partnership 2024,Emily Rodriguez,2025-02-02,,64300.0,66816.41,8336070,140300,6717,,Completed
127,Q3 Newsletter Campaign 2024,David Kim,2025-11-03,,8149.27,6343.06,497503,24092,817,,Active
132,Valentine Banner Ads 2025,Nicole Taylor,2025-04-27,,56811.34,54794.8,2742470,15604,358,,Completed
169,Winter Catalog Mailing 2024,Andrew Thompson,2025-07-09,,33249.46,31277.34,0,0,0,,Completed
515,Product Launch Announcement 2024 #515,Kevin Brown,2024-12-08,,1746.38,1800.12,157315,5643,69,,Completed
699,Retargeting Display 2025 #699,James Miller,2025-07-02,,41566.88,40887.06,2561622,18210,149,,Completed
123,Social Video Ads 2025,David Kim,2026-02-27,,81363.35,0.0,0,0,0,,Planned
318,Fall Search Campaign 2025,Michael Chen,2026-03-03,,23626.7,0.0,0,0,0,,Planned
407,Loyalty Rewards Email 2024 #407,Amanda Lee,2025-01-25,,3224.48,2993.82,541393,11326,786,,Completed
495,Trending Topic Campaign 2025 #495,Amanda Lee,2025-08-08,,69736.51,67566.08,3788819,101607,2448,,Completed
587,Shopping Ads Campaign 2025 #587,Emily Rodriguez,2025-11-08,,53594.94,34516.35,5140297,281574,10863,,Active
764,Birthday Special Campaign 2025 #764,James Miller,2025-03-24,,4662.58,4674.38,253206,13217,528,,Completed
781,Q4 Social Push 2025 #781,Brian Wilson,2025-09-29,,98839.29,101333.98,6167873,80506,2010,,Completed
136,Winter Newsletter Campaign 2024,James Miller,2025-01-23,,6930.94,7085.99,394310,17339,900,,Completed
272,Spring Video Campaign 2024,James Miller,2025-11-19,,38132.32,19819.9,1022728,21888,657,,Active
609,Influencer Partnership 2023 #609,Sarah Johnson,2026-01-20,,81694.9,0.0,0,0,0,,Planned
113,Labor Day Social Campaign 2023,Brian Wilson,2024-11-03,,11869.55,12153.33,698059,19357,164,,Completed
450,Q2 Display Ads 2024,Nicole Taylor,2025-02-14,,29617.95,30948.02,2029881,5986,212,,Completed
621,Valentine Email Blast 2024 #621,Emily Rodriguez,2025-11-27,,3708.98,1225.43,62234,3920,179,,Paused
685,Loyalty Rewards Email 2025 #685,Stephanie Davis,2025-10-31,,802.14,367.97,34769,405,30,,Active
689,Product Category Search 2025 #689,Michael Chen,2025-11-04,,3047.46,1912.88,129835,7721,685,,Paused
712,Tutorial Video Ads 2024 #712,Michael Chen,2026-02-20,,11433.25,0.0,0,0,0,,Planned
717,Weekly Deals Newsletter 2024 #717,Kevin Brown,2025-04-07,,4611.61,4276.89,246405,10539,493,,Completed
733,Product Showcase Social 2024 #733,Laura Garcia,2025-04-16,,52458.16,42543.42,3420121,21049,605,,Completed
907,Labor Day Search Push 2023 #907,James Miller,2025-09-06,,46095.98,38603.11,3788919,85880,3690,,Completed
423,Q4 Video Campaign 2024,Michael Chen,2025-07-02,,11409.28,10966.6,580913,10754,207,,Completed
535,Retargeting Display 2024 #535,Nicole Taylor,2025-09-05,,96693.78,94562.11,7118281,65035,894,,Completed
593,Retargeting Display 2024 #593,Nicole Taylor,2025-11-02,,21823.53,11542.89,1092833,1604,72,,Active
920,Social Contest Campaign 2025 #920,Emily Rodriguez,2025-11-16,,48930.91,22461.83,4179044,89769,1750,,Active
86,Year End Search Push 2025,Amanda Lee,2024-12-26,,47546.45,45968.51,5924486,366385,31020,,Completed
319,Q4 Newsletter Campaign 2024 #319,Stephanie Davis,2025-01-30,,1001.89,965.01,123285,6790,236,,Completed
504,Community Engagement 2024 #504,Stephanie Davis,2026-03-23,,20674.92,0.0,0,0,0,,Planned
620,Shopping Ads Campaign 2023 #620,Michael Chen,2025-04-21,,84668.32,67740.47,3834967,185603,7973,,Completed
777,Back to School Social Campaign 2024 #777,Amanda Lee,2026-03-04,,80733.44,0.0,0,0,0,,Planned
875,Influencer Partnership 2025 #875,Andrew Thompson,2026-02-12,,80995.75,0.0,0,0,0,,Planned
972,Brand Awareness Drive 2025 #972,Chris Anderson,2025-11-14,,30277.03,12607.38,2027647,29745,800,,Active
990,Q3 Search Campaign 2025 #990,Emily Rodriguez,2025-05-29,,90391.87,92808.69,8597023,436255,30096,,Completed
87,Restock Alert SMS 2025,Chris Anderson,2025-11-21,,7235.35,3480.21,374619,50023,4065,,Active
472,Social Proof Campaign 2025 #472,James Miller,2025-12-12,,75785.59,9530.51,1206304,8993,258,,Cancelled
31,Community Engagement 2025,David Kim,2025-12-01,,28629.84,7454.99,387518,6735,128,,Active
275,Back to School Banner Ads 2023,Rachel Green,2025-07-30,,91079.94,94182.69,12526846,73517,1959,,Completed
307,Competitor Conquest 2024 #307,Jessica Martinez,2025-12-11,,66071.26,15353.19,818192,17012,413,,Active
382,Q1 Display Ads 2025,Michael Chen,2024-12-14,,8216.42,7752.9,639652,2474,37,,Completed
388,Black Friday Email Blast 2023,Kevin Brown,2025-11-09,,5150.56,1994.8,141132,10613,819,,Active
400,Year End Banner Ads 2024,Jessica Martinez,2025-09-04,,43836.32,44724.58,3099022,14986,717,,Completed
507,Easter Banner Ads 2025,Andrew Thompson,2025-12-02,,34745.35,18853.34,2855941,4592,108,,Paused
698,New Customer Welcome Kit 2024,Nicole Taylor,2025-03-21,,19314.93,1471.03,0,0,0,,Cancelled
732,Brand Awareness Drive 2024 #732,Brian Wilson,2025-02-26,,68186.81,68734.34,7504607,204869,5740,,Completed
801,Streaming TV Ads 2025 #801,Emily Rodriguez,2025-10-29,,33923.49,20526.2,1349450,12231,276,,Active
807,Community Engagement 2023 #807,Kevin Brown,2025-10-25,,95780.06,13473.05,870019,15713,718,,Cancelled
45,New Arrivals Newsletter 2023,James Miller,2025-12-04,,4609.92,930.77,143742,9264,490,,Active
315,Brand Awareness Drive 2025 #315,Jessica Martinez,2025-08-03,,61798.68,50109.61,3889671,110393,2646,,Completed
367,Prime Day Email Blast 2025 #367,Sarah Johnson,2026-01-16,,1107.83,16.92,2588,56,1,,Cancelled
797,High Intent Keywords 2025 #797,Jessica Martinez,2025-12-11,,90187.89,16371.52,1158337,44420,3236,,Active
930,Retargeting Display 2025 #930,Sarah Johnson,2025-12-13,,50315.89,5406.13,348243,2962,146,,Active
226,New Arrivals Newsletter 2025,Michael Chen,2025-07-23,,8599.1,8115.17,868026,12222,254,,Completed
396,Audience Display Campaign 2024 #396,Brian Wilson,2025-11-28,,47552.45,10175.36,1161770,2719,95,,Active
521,Easter Video Push 2025,James Miller,2025-10-06,,64766.32,57211.87,3999114,22400,216,,Completed
618,Product Demo Videos 2025 #618,Stephanie Davis,2026-03-23,,59545.23,0.0,0,0,0,,Planned
686,Fall Social Push 2023 #686,Andrew Thompson,2025-04-01,,79795.29,73175.47,9298868,61349,594,,Completed
762,Loyalty Rewards Email 2023 #762,David Kim,2025-06-07,,9697.93,1132.12,203529,11761,265,,Cancelled
792,Brand Awareness Drive 2024 #792,Stephanie Davis,2025-09-26,,95339.91,97521.77,4944682,65977,1906,,Completed
93,Spring Social Push 2024,David Kim,2025-09-04,,81613.46,81569.35,10375393,70685,1800,,Completed
216,Q2 Search Campaign 2023,Laura Garcia,2025-09-04,,79150.25,68382.75,4514044,189274,6718,,Completed
276,Native Advertising 2023,Andrew Thompson,2025-08-17,,28312.3,26491.52,2424641,4441,149,,Completed
939,Easter Video Push 2024 #939,Emily Rodriguez,2025-04-01,,49285.15,50971.11,2567955,21838,216,,Completed
11,Social Contest Campaign 2025,Jessica Martinez,2024-12-11,,78097.35,73209.85,5342596,105374,3601,,Completed
556,Competitor Conquest 2024 #556,Brian Wilson,2025-02-21,,47489.73,8737.8,474300,32329,2609,,Cancelled
574,User Generated Content 2025 #574,Laura Garcia,2025-02-01,,6301.57,6305.7,418754,3993,176,,Completed
804,Social Contest Campaign 2023 #804,Michael Chen,2025-10-07,,44608.26,41629.62,7655696,43070,1973,,Completed
884,Spring Catalog Mailing 2025,Amanda Lee,2025-05-21,,40899.37,40412.44,0,0,0,,Completed
912,Trending Topic Campaign 2025 #912,Rachel Green,2025-12-03,,21393.29,3711.31,236132,4016,51,,Paused
963,Q1 Newsletter Campaign 2023 #963,Amanda Lee,2025-10-26,,7118.53,6796.5,459070,8588,536,,Active
63,Flash Sale SMS 2023,Rachel Green,2026-02-13,,2822.09,0.0,0,0,0,,Planned
671,Programmatic Display 2024 #671,Stephanie Davis,2025-11-17,,32356.83,12952.42,1761366,5107,47,,Active
815,Flash Sale Alert 2023 #815,Nicole Taylor,2025-01-28,,9145.35,9291.59,925883,33263,1061,,Completed
15,Holiday Social Campaign 2024,Michael Chen,2025-09-29,,55690.09,45689.82,3403608,64163,846,,Completed
18,Flash Sale Alert 2025,Emily Rodriguez,2026-02-18,,8382.43,0.0,0,0,0,,Planned
166,Abandoned Cart Recovery 2024,Stephanie Davis,2025-07-17,,1827.14,1914.66,96100,5006,160,,Completed
273,Community Engagement 2024 #273,Emily Rodriguez,2025-11-09,,2026.58,1687.52,309902,8561,166,,Completed
513,Trending Topic Campaign 2024 #513,Jessica Martinez,2025-02-19,,80236.7,78391.65,6829146,177853,6831,,Completed
524,Back to School Search Push 2025,Emily Rodriguez,2025-07-23,,41905.81,43260.83,2376560,115894,11411,,Completed
592,Local Search Campaign 2025 #592,Michael Chen,2025-12-04,,81327.4,33456.57,1901022,106957,6537,,Active
978,Product Showcase Social 2025 #978,Amanda Lee,2025-05-13,,51472.72,45709.61,3348945,31986,1173,,Completed
118,Prime Day Email Blast 2023,Laura Garcia,2025-12-05,,5265.59,2925.08,270940,7850,277,,Active
604,High Intent Keywords 2023 #604,Michael Chen,2025-05-09,,23226.39,22311.87,2769886,123460,3452,,Completed
741,Contextual Targeting 2023 #741,Laura Garcia,2025-07-29,,65810.19,67274.86,6694053,54476,2396,,Completed
973,Winter Catalog Mailing 2023,Nicole Taylor,2025-04-24,,10932.85,9553.15,0,0,0,,Completed
70,New Arrivals Newsletter 2024,Emily Rodriguez,2025-03-17,,5772.81,5803.5,810339,25724,889,,Completed
240,Prime Day Email Blast 2025,Jessica Martinez,2024-12-09,,5097.54,5067.93,287507,17436,1197,,Completed
422,Anniversary Mailing 2025,Chris Anderson,2025-11-09,,42978.4,16042.67,0,0,0,,Active
566,Abandoned Cart Recovery 2025 #566,Andrew Thompson,2026-01-07,,1339.95,0.0,0,0,0,,Planned
599,Back to School Email Blast 2025 #599,Nicole Taylor,2026-01-22,,1176.38,0.0,0,0,0,,Planned
188,Memorial Day Search Push 2023,Michael Chen,2025-05-04,,22321.61,21454.95,1363311,37631,2599,,Completed
378,High Intent Keywords 2024 #378,Brian Wilson,2025-11-11,,76054.13,28890.55,5253014,256427,20839,,Active
453,Brand Awareness Drive 2023 #453,David Kim,2025-10-27,,92167.48,74762.81,5343862,69088,2250,,Completed
655,Memorial Day Video Push 2024,Amanda Lee,2025-04-07,,65112.22,55211.48,8341430,127529,3411,,Completed
789,High Intent Keywords 2023 #789,Amanda Lee,2025-08-13,,82068.91,81553.58,6664477,192861,9424,,Completed
199,Summer Social Push 2025,Kevin Brown,2025-01-13,,63754.96,53516.36,2698290,46182,1785,,Completed
516,Dynamic Search Ads 2024 #516,Nicole Taylor,2025-10-29,,7926.09,6445.17,645098,16472,444,,Paused
596,Black Friday SMS Deals 2023,Brian Wilson,2025-03-29,,5088.18,4329.99,258544,28922,2732,,Completed
814,Brand Awareness Drive 2025 #814,Laura Garcia,2025-05-06,,38104.53,36042.71,2793356,79927,637,,Completed
85,Brand Story Video 2024,Jessica Martinez,2025-12-05,,93303.71,26813.14,2147868,28585,612,,Paused
122,Back to School Video Push 2024,Amanda Lee,2024-12-16,,36890.22,29934.8,2646801,30422,928,,Completed
128,Order Update SMS 2024,Andrew Thompson,2025-06-09,,9650.52,8245.52,554994,53753,2744,,Completed
285,Remarketing Search 2023 #285,James Miller,2026-02-26,,91883.7,0.0,0,0,0,,Planned
301,Contextual Targeting 2025 #301,Amanda Lee,2025-08-02,,73953.03,68632.38,9598297,73559,3223,,Completed
326,Q1 Display Ads 2024,David Kim,2026-01-04,,73004.64,0.0,0,0,0,,Planned
445,Influencer Partnership 2025 #445,Rachel Green,2025-02-16,,6285.43,110.31,6035,134,6,,Cancelled
490,Native Advertising 2024 #490,Stephanie Davis,2026-01-12,,94700.7,0.0,0,0,0,,Planned
496,Social Video Ads 2024 #496,Brian Wilson,2025-11-23,,49242.75,30857.71,5173040,43542,1063,,Active
561,Social Proof Campaign 2025 #561,Emily Rodriguez,2025-10-24,,94888.17,89095.47,10016973,299366,3057,,Completed
658,Native Advertising 2025 #658,Stephanie Davis,2025-06-14,,13763.7,12349.51,1331508,10449,182,,Completed
715,Retargeting Display 2025 #715,Kevin Brown,2026-02-13,,89499.27,0.0,0,0,0,,Planned
773,Product Showcase Social 2023 #773,Sarah Johnson,2025-03-25,,23454.66,20250.76,1446402,9943,174,,Completed
356,Fall Video Campaign 2024,Michael Chen,2025-11-08,,99832.33,34805.34,2038468,29532,730,,Paused
558,Programmatic Display 2023 #558,Kevin Brown,2025-04-21,,73481.74,73968.75,4379832,37603,321,,Completed
697,Product Launch Announcement 2023 #697,Andrew Thompson,2025-12-06,,7010.23,1002.83,52491,2705,96,,Active
952,Product Category Search 2023 #952,Sarah Johnson,2025-10-29,,16955.0,9506.71,863827,30261,2106,,Paused
984,Product Showcase Social 2023 #984,James Miller,2025-04-12,,30508.56,26020.62,2518692,50183,2416,,Completed
255,Local Search Campaign 2023 #255,Rachel Green,2025-05-04,,61850.6,56271.47,8143453,384681,9844,,Completed
531,Social Proof Campaign 2025 #531,Michael Chen,2025-11-05,,81726.44,30639.61,1816946,40466,1068,,Active
536,High Intent Keywords 2023 #536,Emily Rodriguez,2025-01-15,,19709.1,19015.35,1010692,74881,2157,,Completed
988,Audience Display Campaign 2024 #988,Amanda Lee,2025-12-16,,4702.2,1301.8,92942,516,20,,Active
76,Product Demo Videos 2023,Amanda Lee,2026-03-06,,48171.81,0.0,0,0,0,,Planned
205,Q2 Display Ads 2023,Nicole Taylor,2026-01-15,,22210.75,0.0,0,0,0,,Planned
236,Q3 Newsletter Campaign 2025,Kevin Brown,2025-11-25,,1209.31,461.91,34123,2083,95,,Paused
614,Trending Topic Campaign 2025 #614,Emily Rodriguez,2025-11-08,,50773.4,18849.08,1703689,49764,355,,Active
775,Flash Sale Alert 2023 #775,Jessica Martinez,2025-07-31,,3509.95,601.31,119987,3883,280,,Cancelled
80,Trending Topic Campaign 2024,Kevin Brown,2025-03-22,,85162.68,73349.52,3777758,26385,693,,Completed
317,Labor Day Email Blast 2025,James Miller,2025-06-14,,3811.99,3052.42,191379,10720,497,,Completed
350,Customer Win-Back Email 2025 #350,David Kim,2026-02-24,,3729.79,0.0,0,0,0,,Planned
956,Programmatic Display 2024 #956,Emily Rodriguez,2025-11-06,,79346.1,42951.89,2327998,9462,388,,Active
91,Spring Display Ads 2025,Stephanie Davis,2025-11-13,,33115.49,12694.99,2073307,5599,155,,Paused
222,Year End Social Campaign 2025,Kevin Brown,2025-10-29,,72967.73,45646.47,2834515,67576,547,,Paused
468,High Intent Keywords 2024 #468,Nicole Taylor,2025-01-04,,71405.37,67721.73,5476174,380174,16209,,Completed
820,Brand Awareness Drive 2025 #820,Chris Anderson,2025-04-24,,84913.19,70725.59,5788075,165148,4120,,Completed
910,Customer Win-Back Email 2023 #910,Rachel Green,2025-11-14,,1239.71,441.74,25910,1101,11,,Active
981,Audience Display Campaign 2023 #981,Chris Anderson,2024-10-28,,72717.02,62605.81,5074416,34880,1550,,Completed
780,Loyalty Mailer 2023,Chris Anderson,2026-02-25,,42087.61,0.0,0,0,0,,Planned
107,Competitor Conquest 2025,Nicole Taylor,2025-11-14,,38770.98,29327.49,2844158,260652,21109,,Active
172,Streaming TV Ads 2025,Rachel Green,2025-08-21,,4995.51,5017.28,252163,2096,13,,Completed
957,Product Display Ads 2024 #957,Brian Wilson,2024-10-28,,94014.92,95399.32,5464490,10112,320,,Completed
989,Native Advertising 2024 #989,Kevin Brown,2025-11-15,,91637.05,33243.33,1940981,15326,751,,Active
17,Product Category Search 2025,Michael Chen,2026-01-13,,8298.81,0.0,0,0,0,,Planned
27,Cyber Monday Banner Ads 2023,Chris Anderson,2025-10-12,,96163.45,95442.98,11046025,54808,1474,,Completed
47,Brand Awareness Drive 2023,Rachel Green,2024-12-29,,31132.09,30580.64,2119479,44646,2170,,Completed
95,Brand Awareness Drive 2024,Emily Rodriguez,2025-10-27,,73626.94,43408.28,4097969,21725,882,,Active
253,Cyber Monday Email Blast 2023,Amanda Lee,2025-10-26,,6876.69,4898.75,510090,34775,2603,,Active
289,Audience Display Campaign 2023 #289,Stephanie Davis,2025-05-13,,88966.65,73005.91,5530232,22389,494,,Completed
347,Valentine Video Push 2024,Laura Garcia,2025-10-10,,7962.97,1180.84,86575,1220,33,,Cancelled
865,Back to School SMS Deals 2023,Jessica Martinez,2025-11-19,,8975.99,4799.82,373297,39553,1765,,Paused
938,Flash Sale Alert 2025 #938,Kevin Brown,2026-01-31,,8804.39,0.0,0,0,0,,Planned
968,Community Engagement 2024 #968,Chris Anderson,2025-11-02,,40320.55,22873.13,1381502,39424,1358,,Active
117,Loyalty Rewards Email 2023,Amanda Lee,2024-12-25,,5222.95,447.67,52957,913,42,,Cancelled
376,Q3 Video Campaign 2025,Sarah Johnson,2025-08-09,,53557.65,50403.94,6250743,93022,2510,,Completed
716,Customer Win-Back Email 2024 #716,Kevin Brown,2026-01-05,,8029.96,0.0,0,0,0,,Planned
745,Brand Awareness Display 2025 #745,Emily Rodriguez,2025-10-29,,79660.34,62372.53,3293963,6017,147,,Active
811,Retargeting Display 2025 #811,Laura Garcia,2025-08-26,,15292.24,15042.88,2937019,13556,422,,Completed
822,Prime Day Video Push 2023,Chris Anderson,2025-05-26,,82529.87,71655.91,4473237,109107,3327,,Completed
925,Q4 Video Campaign 2023,David Kim,2025-12-03,,28557.62,6380.86,443640,3003,81,,Active
244,Retargeting Display 2025,Chris Anderson,2024-10-04,,72255.09,61824.31,3627971,15843,472,,Completed
947,Trending Topic Campaign 2023 #947,Kevin Brown,2025-09-25,,95588.95,11682.58,597103,9069,54,,Cancelled
245,Memorial Day Video Push 2023,Sarah Johnson,2025-08-18,,99007.85,17778.19,1029068,15108,133,,Cancelled
371,Spring Display Ads 2024,Jessica Martinez,2025-07-29,,25386.27,26126.69,1984261,5234,178,,Completed
565,Community Engagement 2023 #565,Kevin Brown,2025-11-15,,38123.63,18364.91,1145499,17282,416,,Paused
726,Easter Social Campaign 2023,Laura Garcia,2025-08-04,,80507.83,82755.89,5392976,130965,5913,,Completed
863,Weekly Deals Newsletter 2023 #863,James Miller,2025-11-26,,6850.63,2671.08,168672,7167,264,,Paused
969,Product Demo Videos 2023 #969,Sarah Johnson,2025-08-30,,16276.78,965.15,186192,1055,51,,Cancelled
46,Product Display Ads 2024,Stephanie Davis,2025-12-15,,83532.37,11260.55,585878,3666,114,,Active
365,User Generated Content 2025 #365,Sarah Johnson,2024-11-09,,3409.4,3325.85,207174,5775,106,,Completed
526,Programmatic Display 2025 #526,David Kim,2025-07-20,,83423.62,79576.92,6982363,18577,719,,Completed
754,Social Proof Campaign 2025 #754,James Miller,2025-09-08,,71927.49,63385.39,5038780,86304,3470,,Completed
758,Back to School Banner Ads 2025,Emily Rodriguez,2025-12-11,,68248.62,8773.25,1117914,5550,55,,Active
943,Brand Awareness Drive 2023 #943,Michael Chen,2025-12-15,,42051.49,4266.45,216859,3253,106,,Active
5,Community Engagement 2024,Andrew Thompson,2025-01-09,,46217.71,6616.01,524366,15350,276,,Cancelled
28,YouTube Pre-Roll 2024,Stephanie Davis,2025-03-28,,77371.86,6795.73,687679,13776,672,,Cancelled
36,User Generated Content 2023,Brian Wilson,2025-12-10,,45796.0,10746.01,858041,24580,1134,,Active
225,Q4 Newsletter Campaign 2024,Brian Wilson,2025-10-27,,3486.19,2429.96,177951,3334,245,,Paused
881,High Intent Keywords 2024 #881,Stephanie Davis,2025-03-21,,88715.2,73419.58,8358472,792727,21298,,Completed
53,User Generated Content 2025,Kevin Brown,2025-12-15,,56263.61,11778.16,603838,3263,70,,Active
270,Winter Newsletter Campaign 2023,James Miller,2025-06-12,,6812.29,6595.83,1242838,46621,714,,Completed
403,Fall Social Push 2024,Jessica Martinez,2025-11-15,,45358.91,17694.5,984148,16360,564,,Active
540,Memorial Day Search Push 2024,Nicole Taylor,2025-11-25,,30246.36,8375.02,486313,28992,1118,,Active
567,Birthday SMS Special 2023,Jessica Martinez,2025-11-17,,4191.74,1444.32,184183,26006,603,,Paused
569,Trending Topic Campaign 2024 #569,James Miller,2025-11-29,,4581.35,2333.67,128919,3168,102,,Active
624,Competitor Conquest 2025 #624,Kevin Brown,2025-11-19,,38891.28,20329.66,1894296,61589,1360,,Paused
101,Holiday Search Push 2025,David Kim,2026-02-05,,94347.98,0.0,0,0,0,,Planned
231,Product Launch Announcement 2024,Amanda Lee,2025-12-17,,5318.95,478.23,25291,751,9,,Active
436,Product Showcase Social 2023 #436,Laura Garcia,2025-05-13,,19532.31,17929.09,1683236,8419,174,,Completed
647,Product Showcase Social 2024 #647,Kevin Brown,2025-09-13,,71458.0,69675.83,4141457,43523,1052,,Completed
693,Birthday Special Campaign 2023 #693,Emily Rodriguez,2025-11-05,,3163.64,1393.56,87898,954,59,,Active
711,Audience Display Campaign 2023 #711,Brian Wilson,2025-10-18,,63006.87,65177.12,3429728,32274,1525,,Completed
826,Product Category Search 2025 #826,Chris Anderson,2026-02-22,,8589.28,0.0,0,0,0,,Planned
110,Summer Social Push 2024,David Kim,2025-12-27,,26345.65,33.29,4313,101,4,,Cancelled
913,Social Proof Campaign 2024 #913,Stephanie Davis,2026-02-15,,92635.18,0.0,0,0,0,,Planned
19,Product Category Search 2023,Brian Wilson,2025-04-13,,55381.96,49148.67,3574237,112022,3268,,Completed
220,Flash Sale SMS 2025,Sarah Johnson,2025-12-12,,9723.61,2478.09,203064,12762,964,,Active
233,Birthday Special Campaign 2024,James Miller,2025-10-18,,7432.0,7162.8,1355591,13849,205,,Completed
487,Holiday Banner Ads 2025,Michael Chen,2025-11-13,,48289.53,22867.99,2892354,21476,711,,Paused
885,Native Advertising 2025 #885,Jessica Martinez,2025-03-18,,2418.55,2416.41,192542,1181,33,,Completed
886,Customer Win-Back Email 2024 #886,Kevin Brown,2024-10-31,,7037.24,6679.77,539635,6961,74,,Completed
60,Q4 Social Push 2024,Jessica Martinez,2025-12-07,,65052.45,16288.79,2026350,29640,902,,Active
125,Contextual Targeting 2025,Rachel Green,2026-03-23,,90794.01,0.0,0,0,0,,Planned
796,Retargeting Display 2025 #796,Nicole Taylor,2025-10-31,,77270.56,79107.53,4021498,29154,301,,Active
104,Spring Search Campaign 2023,Stephanie Davis,2025-03-27,,93225.99,96178.45,17033195,442350,40121,,Completed
738,Winter Display Ads 2025 #738,Nicole Taylor,2025-03-01,,21928.96,21639.25,1150591,9294,256,,Completed
287,Q2 Newsletter Campaign 2023,Sarah Johnson,2025-11-27,,4217.23,2966.74,199957,12726,709,,Paused
348,Holiday Email Blast 2025,Andrew Thompson,2024-11-01,,1222.74,1131.83,78768,4507,53,,Completed
368,Cyber Monday Social Campaign 2023,Michael Chen,2025-07-07,,16149.49,14755.32,1026085,15482,252,,Completed
486,Winter Social Push 2023,Brian Wilson,2026-02-27,,58731.56,0.0,0,0,0,,Planned
719,Loyalty Rewards Email 2023 #719,Rachel Green,2025-08-22,,9129.58,8828.91,823607,15876,743,,Completed
869,Postcard Campaign 2024,David Kim,2025-11-19,,43425.99,33969.81,0,0,0,,Active
998,Brand Awareness Drive 2024 #998,Kevin Brown,2025-12-15,,4773.36,381.67,34867,920,39,,Active
141,Restock Alert SMS 2024,James Miller,2025-06-13,,837.74,768.85,70027,5200,211,,Completed
213,Customer Win-Back Email 2025,Sarah Johnson,2025-02-18,,9203.26,9038.77,470789,10586,264,,Completed
481,Native Advertising 2025 #481,Emily Rodriguez,2025-08-31,,16360.4,16844.82,2216522,6528,200,,Completed
575,Short Form Video 2023 #575,Sarah Johnson,2025-04-30,,64531.47,63943.91,6168163,152288,7464,,Completed
742,Brand Keywords Campaign 2024 #742,Michael Chen,2025-11-06,,58374.62,36401.81,1857223,88932,3758,,Active
747,High Intent Keywords 2023 #747,Jessica Martinez,2026-03-03,,13747.28,0.0,0,0,0,,Planned
872,Short Form Video 2025 #872,Rachel Green,2025-10-18,,47377.75,40778.12,2910941,34245,842,,Completed
210,Audience Display Campaign 2025,Chris Anderson,2025-08-13,,59183.86,58669.25,3485735,29950,1465,,Completed
243,Valentine Search Push 2023,Nicole Taylor,2025-11-02,,12177.21,8780.76,1260752,83828,7009,,Paused
876,Holiday Video Push 2023,Sarah Johnson,2025-08-12,,81102.69,70842.41,3720659,84897,3854,,Completed
401,Year End Search Push 2024,Chris Anderson,2025-11-29,,29649.25,11205.75,1889029,67074,4286,,Active
821,Product Launch Announcement 2024 #821,Emily Rodriguez,2025-10-27,,5393.77,4010.16,348133,26762,839,,Active
926,Community Engagement 2023 #926,Andrew Thompson,2025-11-02,,72510.39,48274.71,2850423,44827,1250,,Active
494,Q4 Search Campaign 2023 #494,Rachel Green,2025-01-11,,22250.09,22635.19,1215998,77549,5404,,Completed
477,Q1 Newsletter Campaign 2025,Nicole Taylor,2025-07-16,,4349.99,4145.38,244413,6395,490,,Completed
498,Audience Display Campaign 2025 #498,Andrew Thompson,2025-11-09,,95245.67,37498.28,3981481,37685,1511,,Active
710,Abandoned Cart Recovery 2024 #710,Kevin Brown,2025-06-04,,8446.97,7615.2,519232,39422,2118,,Completed
803,Customer Win-Back Email 2025 #803,Michael Chen,2025-10-09,,3110.63,2834.3,268648,12750,858,,Completed
845,Valentine Email Blast 2023 #845,James Miller,2025-08-29,,4438.53,3637.7,415927,12356,712,,Completed
893,Local Search Campaign 2023 #893,Amanda Lee,2025-12-17,,28308.25,2438.65,169773,13760,839,,Active
65,Shopping Ads Campaign 2023,David Kim,2025-12-08,,89643.03,16520.53,2411676,219373,21350,,Active
224,Q4 Social Push 2023,Sarah Johnson,2025-01-03,,81565.06,81395.19,9411147,187456,4687,,Completed
379,Year End Email Blast 2025,Emily Rodriguez,2025-03-24,,2352.34,2247.43,170118,3704,177,,Completed
548,Product Showcase Social 2023 #548,Nicole Taylor,2025-09-10,,84738.54,85687.66,12341215,304154,4945,,Completed
617,Easter Social Campaign 2025,Sarah Johnson,2025-09-01,,89071.63,91486.04,7479098,187907,2521,,Completed
623,Product Category Search 2025 #623,Chris Anderson,2025-05-09,,97660.18,82852.19,9724674,767482,26403,,Completed
682,Summer Newsletter Campaign 2025,Jessica Martinez,2024-11-04,,9788.38,9047.8,609764,15674,1250,,Completed
201,Shopping Ads Campaign 2023 #201,Rachel Green,2025-11-25,,41520.89,14837.52,789527,65635,4931,,Paused
268,Win-Back Mailer 2023,Emily Rodriguez,2025-10-23,,35940.43,37599.04,0,0,0,,Completed
293,Trending Topic Campaign 2024 #293,Chris Anderson,2025-12-13,,83082.58,9349.83,1185910,7358,346,,Active
311,Q4 Display Ads 2025,Nicole Taylor,2025-11-29,,28433.52,11411.23,704534,5335,263,,Active
432,Spring Video Campaign 2025,Andrew Thompson,2025-06-27,,98716.5,102280.14,19670943,255773,7356,,Completed
530,Shopping Ads Campaign 2024 #530,Stephanie Davis,2025-11-26,,86299.72,38734.82,2495399,220897,6774,,Active
597,Social Proof Campaign 2023 #597,Brian Wilson,2025-08-23,,63444.99,58677.54,4582030,81086,1345,,Completed
975,Cyber Monday SMS Deals 2024,Andrew Thompson,2025-02-25,,7295.19,6743.69,648786,46919,1265,,Completed
218,Community Engagement 2025 #218,Jessica Martinez,2025-05-29,,80515.1,71169.82,5091648,65635,2014,,Completed
502,Social Proof Campaign 2025 #502,Chris Anderson,2025-11-30,,27561.65,18596.08,1099990,13318,550,,Active
506,Holiday Search Push 2023,James Miller,2026-02-19,,30840.01,0.0,0,0,0,,Planned
591,Native Advertising 2025 #591,Emily Rodriguez,2025-11-09,,28672.95,12091.7,1374960,1464,58,,Active
736,Community Engagement 2023 #736,Jessica Martinez,2026-01-26,,21861.12,0.0,0,0,0,,Planned
794,Remarketing Search 2023 #794,Nicole Taylor,2025-01-08,,86693.04,76620.99,5253481,414402,12587,,Completed
23,Programmatic Display 2024,Rachel Green,2025-03-10,,71205.04,73926.33,8864661,84978,3520,,Completed
100,Influencer Partnership 2025,Stephanie Davis,2025-08-24,,44656.26,46741.82,6994996,43186,571,,Completed
120,Prime Day Social Campaign 2024,Kevin Brown,2025-12-11,,58690.8,9856.52,683382,4175,81,,Active
133,Q2 Social Push 2023,Chris Anderson,2025-12-07,,61119.82,9853.33,600714,9523,403,,Active
160,Product Display Ads 2025,Kevin Brown,2025-11-19,,27369.81,14556.93,809856,4399,208,,Active
207,Back to School Social Campaign 2023,Laura Garcia,2025-12-10,,43357.25,5531.21,514261,10359,422,,Paused
398,Back to School Email Blast 2023,Nicole Taylor,2025-06-02,,8577.3,8184.13,608143,32989,425,,Completed
480,Retargeting Display 2023 #480,Chris Anderson,2025-05-15,,30122.9,30850.03,2018629,10086,498,,Completed
666,Competitor Conquest 2025 #666,Andrew Thompson,2024-11-23,,93534.3,91395.27,4786547,471672,42940,,Completed
68,Back to School Social Campaign 2024,Jessica Martinez,2025-08-20,,23248.6,1580.23,296158,8016,346,,Cancelled
221,Q1 Display Ads 2023,Chris Anderson,2025-01-27,,54661.61,45897.09,5894347,57499,1203,,Completed
241,Valentine Social Campaign 2023,Laura Garcia,2025-10-31,,35853.52,15730.56,789123,21188,820,,Paused
402,Fall Social Push 2025,Emily Rodriguez,2025-10-27,,69306.87,35573.83,4462467,129722,3696,,Paused
493,Community Engagement 2025 #493,Andrew Thompson,2025-02-01,,86822.57,75328.46,4204117,45238,1330,,Completed
919,Product Showcase Social 2024 #919,Michael Chen,2025-10-17,,22215.89,22867.61,1652120,35240,839,,Completed
119,Product Demo Videos 2025,Jessica Martinez,2025-10-29,,47658.77,32324.09,2146189,49950,2117,,Paused
473,Dynamic Search Ads 2024 #473,Chris Anderson,2025-07-15,,5039.04,4032.67,303501,11789,1043,,Completed
475,Back to School Email Blast 2024,David Kim,2025-10-03,,4482.15,4390.37,398893,18878,254,,Completed
491,Brand Awareness Drive 2025 #491,Sarah Johnson,2026-01-08,,66135.39,0.0,0,0,0,,Planned
552,Labor Day Banner Ads 2025,Nicole Taylor,2025-09-20,,32557.25,30472.89,5633387,43641,572,,Completed
577,Brand Awareness Drive 2025 #577,Rachel Green,2025-09-12,,70980.3,59258.09,6880712,35041,1311,,Completed
641,Customer Win-Back Email 2025 #641,Brian Wilson,2025-10-07,,7349.13,6994.89,424614,25614,1023,,Completed
778,Testimonial Videos 2025 #778,Amanda Lee,2025-03-28,,34191.63,30624.69,1975604,25648,1113,,Completed
786,Labor Day Email Blast 2024,Chris Anderson,2025-02-19,,618.8,647.91,35347,1350,62,,Completed
864,Competitor Conquest 2023 #864,Rachel Green,2025-04-09,,61299.58,5760.22,333280,16371,707,,Cancelled
364,Coupon Mailer Campaign 2023,Nicole Taylor,2025-10-29,,22774.39,22974.43,0,0,0,,Completed
549,Q3 Display Ads 2023,Sarah Johnson,2025-12-08,,12668.64,5035.42,327732,1921,50,,Paused
611,Flash Sale Alert 2023 #611,Kevin Brown,2025-05-09,,6306.88,5562.79,485156,37161,1165,,Completed
743,Shopping Ads Campaign 2024 #743,Stephanie Davis,2025-11-10,,34602.86,32433.77,2729995,93056,4999,,Paused
987,Fall SMS Blast 2025,Emily Rodriguez,2025-10-22,,6211.56,6023.47,306253,30993,3492,,Completed
62,Product Display Ads 2023,David Kim,2025-07-06,,4132.24,690.16,48526,458,13,,Cancelled
510,,Amanda Lee,2025-10-02,,3129.2,2518.32,364920,29656,3399,,Completed
852,Q2 Search Campaign 2023 #852,Sarah Johnson,2025-10-29,,6940.19,3759.68,355633,22543,1574,,Active
964,YouTube Pre-Roll 2023 #964,Stephanie Davis,2025-11-18,,82647.4,32434.51,3897187,24835,1229,,Paused
728,Abandoned Cart Recovery 2025 #728,Amanda Lee,2025-09-08,,2314.74,2120.17,388822,15919,591,,Completed
904,Social Proof Campaign 2025 #904,Rachel Green,2025-11-18,,2043.18,1290.94,143879,769,14,,Paused
383,Spring Display Ads 2025 #383,Sarah Johnson,2025-12-06,,91453.1,29003.79,3297241,14976,534,,Active
410,Community Engagement 2023 #410,Amanda Lee,2025-01-08,,55314.45,44734.35,3028819,31289,1546,,Completed
601,Birthday Special Campaign 2023 #601,James Miller,2025-05-19,,8659.34,7240.75,560244,27444,788,,Completed
787,Loyalty Rewards Email 2023 #787,Emily Rodriguez,2026-02-20,,5139.64,0.0,0,0,0,,Planned
914,Tutorial Video Ads 2024 #914,David Kim,2025-05-28,,88048.51,82629.33,5508626,31107,278,,Completed
151,Holiday Social Campaign 2025,David Kim,2025-11-28,,54412.9,31992.7,4290507,55673,1122,,Paused
283,Easter Search Push 2023 #283,Kevin Brown,2026-03-02,,25545.54,0.0,0,0,0,,Planned
298,Event Reminder SMS 2023,Chris Anderson,2025-11-04,,6579.72,5130.02,490732,43884,2536,,Active
334,Prime Day Banner Ads 2024,Brian Wilson,2025-11-15,,46319.26,34730.75,1811107,13246,481,,Paused
362,Black Friday Video Push 2023,Laura Garcia,2024-12-09,,74877.36,63950.49,7386149,99708,820,,Completed
677,Flash Sale Alert 2023 #677,Kevin Brown,2025-12-03,,6534.21,1189.94,201646,10551,684,,Paused
834,User Generated Content 2023 #834,Nicole Taylor,2025-11-25,,85815.48,52092.37,4990037,117925,1833,,Active
959,Shopping Ads Campaign 2024 #959,Brian Wilson,2025-11-04,,38158.68,24387.51,1418950,105779,4313,,Paused
967,Brand Keywords Campaign 2024 #967,Laura Garcia,2025-06-15,,47160.74,47161.33,2971190,86933,7362,,Completed
979,Influencer Partnership 2023 #979,Amanda Lee,2025-11-18,,54381.12,28368.79,4251231,51339,924,,Active
164,Winter Video Campaign 2024,Rachel Green,2025-07-11,,48489.19,7835.11,1560117,32959,1526,,Cancelled
489,Q1 Newsletter Campaign 2024,Rachel Green,2025-12-13,,5094.78,467.13,47773,2649,145,,Active
768,Holiday Email Blast 2023 #768,Sarah Johnson,2025-04-21,,930.16,760.47,147174,11300,615,,Completed
239,Spring Search Campaign 2025,Chris Anderson,2025-02-05,,90081.5,87868.61,16337708,802699,40181,,Completed
492,Q2 Newsletter Campaign 2025,Jessica Martinez,2024-11-01,,3164.34,2768.29,307359,5030,223,,Completed
539,Flash Sale Alert 2024 #539,Jessica Martinez,2025-09-24,,5809.29,5167.49,509307,24398,771,,Completed
25,Social Proof Campaign 2023,Kevin Brown,2025-11-05,,65682.58,47163.86,2780431,14696,567,,Active
109,Valentine Email Blast 2023,David Kim,2025-09-17,,8908.16,491.03,50603,1961,154,,Cancelled
146,Limited Time Offer SMS 2023,Laura Garcia,2025-11-17,,4664.29,1712.25,87027,10774,385,,Paused
156,Brand Awareness Display 2025,Nicole Taylor,2025-12-15,,87544.07,6298.26,496891,2170,44,,Active
190,Product Showcase Social 2025 #190,Laura Garcia,2025-10-30,,53438.45,28095.92,1430229,24870,845,,Active
642,Contextual Targeting 2024 #642,Brian Wilson,2025-11-06,,94987.08,39238.35,2816433,4677,26,,Paused
982,Fall Video Campaign 2023,Michael Chen,2025-11-05,,83081.09,62779.69,4656764,96752,3834,,Active
393,Q4 Display Ads 2023,Chris Anderson,2024-12-26,,22754.39,22960.95,1652024,5051,219,,Completed
427,Flash Sale Alert 2023 #427,Jessica Martinez,2025-06-19,,9438.51,8951.94,742818,32795,2605,,Completed
839,Abandoned Cart Recovery 2023 #839,Emily Rodriguez,2025-03-02,,1500.31,1216.64,91080,5708,70,,Completed
840,Retargeting Display 2025 #840,Amanda Lee,2024-12-30,,15609.22,13490.99,2169665,15399,745,,Completed
944,Flash Sale Alert 2023 #944,Sarah Johnson,2025-11-09,,3039.77,2589.39,192549,12521,995,,Active
949,Social Video Ads 2024 #949,Amanda Lee,2025-10-13,,53768.73,47518.82,2627702,17147,714,,Completed
960,Shopping Ads Campaign 2023 #960,Jessica Martinez,2025-09-23,,16070.04,15132.54,1460663,73581,6920,,Completed
198,Customer Win-Back Email 2023,Emily Rodriguez,2026-02-14,,7502.74,0.0,0,0,0,,Planned
594,Summer Social Push 2023,Sarah Johnson,2025-06-23,,42177.49,37463.87,5170410,146303,2569,,Completed
832,VIP Early Access SMS 2024 #832,Nicole Taylor,2025-01-18,,6578.81,5296.18,1033912,68876,7692,,Completed
52,Easter Email Blast 2024,Andrew Thompson,2025-01-21,,6997.21,434.16,59870,1117,78,,Cancelled
157,Birthday Special Campaign 2025,Brian Wilson,2026-03-08,,7504.93,0.0,0,0,0,,Planned
288,Q2 Search Campaign 2023 #288,Emily Rodriguez,2025-12-16,,21196.11,1585.45,178382,17312,1134,,Active
756,Q2 Newsletter Campaign 2025 #756,Emily Rodriguez,2026-02-17,,9360.87,0.0,0,0,0,,Planned
966,Shopping Ads Campaign 2025 #966,Andrew Thompson,2025-12-04,,64347.68,9469.75,575025,40001,1226,,Active
48,YouTube Pre-Roll 2025,Rachel Green,2025-11-16,,2843.02,1088.42,188303,1018,41,,Active
269,Winter Newsletter Campaign 2025,David Kim,2025-11-11,,932.06,745.89,140347,7184,306,,Active
387,Product Category Search 2025 #387,Michael Chen,2025-11-24,,71146.32,17779.8,1254425,71966,2000,,Active
413,Q3 Social Push 2024,Nicole Taylor,2026-02-05,,69104.72,0.0,0,0,0,,Planned
976,Brand Awareness Drive 2024 #976,Michael Chen,2025-11-16,,59609.31,30920.71,1589284,35279,619,,Active
980,Brand Awareness Display 2025 #980,Emily Rodriguez,2025-03-10,,50556.48,45513.67,2448774,24227,137,,Completed
58,Winter Display Ads 2024,Kevin Brown,2025-06-13,,17908.03,18272.83,2412362,13072,221,,Completed
638,Programmatic Display 2025 #638,Nicole Taylor,2025-11-03,,67915.86,56893.41,5412601,43740,1928,,Paused
828,High Intent Keywords 2025 #828,Brian Wilson,2025-08-30,,12663.73,12872.86,676697,43564,1874,,Completed
144,Product Launch Announcement 2023,James Miller,2025-06-29,,8491.22,7531.52,620203,14442,807,,Completed
186,Loyalty Rewards Email 2024,Laura Garcia,2025-09-27,,9364.41,9620.21,529747,29730,1266,,Completed
456,Prime Day SMS Deals 2025,Nicole Taylor,2026-03-14,,8438.1,0.0,0,0,0,,Planned
485,Fall Display Ads 2024,James Miller,2025-06-03,,45448.28,44524.21,4793090,19221,601,,Completed
488,Q2 Display Ads 2025,Andrew Thompson,2025-11-03,,36228.72,29453.39,3042609,10479,277,,Active
829,Social Contest Campaign 2023 #829,Emily Rodriguez,2025-04-06,,4436.94,3717.43,188408,2561,74,,Completed
159,Valentine Social Campaign 2024,Emily Rodriguez,2024-12-12,,9564.31,7895.27,509463,10262,141,,Completed
162,Tutorial Video Ads 2024,Stephanie Davis,2025-12-11,,56642.26,19141.4,1154913,6592,299,,Active
433,Product Category Search 2025 #433,Nicole Taylor,2025-02-18,,83607.68,80836.09,12097502,367736,13567,,Completed
795,Customer Win-Back Email 2024 #795,Chris Anderson,2025-02-01,,4409.97,4294.16,384746,16044,761,,Completed
175,Winter Display Ads 2025,Jessica Martinez,2024-12-01,,48408.27,49915.75,7701535,16614,430,,Completed
280,Black Friday Banner Ads 2023,James Miller,2025-11-20,,14870.65,6391.71,627839,2154,30,,Active
578,Native Advertising 2023 #578,Amanda Lee,2025-12-02,,66613.03,39991.35,2751340,20822,165,,Active
579,Social Proof Campaign 2023 #579,Emily Rodriguez,2026-02-10,,87695.89,0.0,0,0,0,,Planned
600,Influencer Partnership 2024 #600,Andrew Thompson,2025-07-19,,44329.81,36594.38,2021257,40028,307,,Completed
121,Memorial Day Social Campaign 2024,Stephanie Davis,2025-08-25,,74976.28,73218.83,4940993,99730,4589,,Completed
227,Brand Awareness Display 2024,Stephanie Davis,2025-02-11,,91063.32,87403.05,11220278,93079,1437,,Completed
286,Valentine Social Campaign 2025,Amanda Lee,2025-11-12,,94722.86,47011.87,4878791,133632,6071,,Paused
442,Year End Email Blast 2023 #442,Rachel Green,2025-11-22,,3253.96,2409.49,166547,5575,419,,Paused
634,Q2 Search Campaign 2024 #634,Amanda Lee,2025-03-18,,31260.22,4285.93,221164,15918,408,,Cancelled
721,Customer Win-Back Email 2024 #721,Jessica Martinez,2025-05-19,,2868.78,82.54,12233,330,25,,Cancelled
779,Community Engagement 2025 #779,Brian Wilson,2025-11-11,,20007.53,13728.56,1216017,18106,371,,Active
97,Product Launch Announcement 2025,Amanda Lee,2025-12-08,,7786.64,1260.54,79824,5200,292,,Active
200,Programmatic Display 2023,Rachel Green,2025-11-01,,34168.28,29723.67,2424612,6058,41,,Active
217,Prime Day Social Campaign 2025,Sarah Johnson,2025-11-18,,91652.58,35636.66,2131531,31223,457,,Active
292,Easter Email Blast 2023,Laura Garcia,2025-10-24,,3260.25,2974.9,149116,4396,131,,Completed
482,Product Launch Announcement 2024 #482,David Kim,2025-08-09,,1179.35,1071.82,92618,1087,45,,Completed
512,Programmatic Display 2025 #512,Jessica Martinez,2024-10-18,,70056.93,72353.16,4463011,26748,1009,,Completed
673,Cyber Monday Social Campaign 2025 #673,Nicole Taylor,2025-07-20,,14281.43,13585.79,1550826,37411,473,,Completed
163,Back to School Social Campaign 2025,Rachel Green,2025-11-27,,39010.31,1290.14,150883,1130,35,,Cancelled
314,Social Video Ads 2023 #314,David Kim,2025-11-07,,67048.59,50072.74,5665020,57586,2530,,Active
532,Q3 Search Campaign 2024 #532,Nicole Taylor,2025-04-18,,61228.02,63831.57,3932452,129899,9526,,Completed
645,Loyalty Rewards Email 2023 #645,Brian Wilson,2026-03-06,,1810.76,0.0,0,0,0,,Planned
769,Loyalty Rewards Email 2025 #769,Nicole Taylor,2026-02-03,,4545.97,0.0,0,0,0,,Planned
802,Prime Day Search Push 2025 #802,Brian Wilson,2025-11-11,,95203.25,54694.36,9093495,723688,48542,,Paused
908,Influencer Partnership 2023 #908,James Miller,2025-11-18,,78003.86,29808.65,2199954,29563,173,,Active
22,Community Engagement 2023,Sarah Johnson,2025-01-10,,17554.43,15574.47,2433178,19798,432,,Completed
142,Year End Video Push 2023,Jessica Martinez,2025-11-13,,80228.08,65765.75,6923619,91817,3154,,Active
373,Order Update SMS 2023,Stephanie Davis,2025-09-22,,8898.21,7210.98,415151,33269,949,,Completed
767,Restock Alert SMS 2023,Nicole Taylor,2025-11-18,,614.6,305.02,22791,2569,153,,Active
830,Brand Awareness Display 2025 #830,James Miller,2024-10-09,,64528.17,54312.46,4935321,48552,1728,,Completed
833,High Intent Keywords 2024 #833,James Miller,2025-11-02,,68714.76,31181.28,2774003,258650,17203,,Active
961,High Intent Keywords 2023 #961,Kevin Brown,2025-11-04,,10492.13,4808.09,385790,26293,1808,,Active
337,Holiday Email Blast 2024,Chris Anderson,2025-10-04,,7434.38,7314.73,440347,17428,707,,Completed
471,Easter Email Blast 2025 #471,Rachel Green,2025-11-09,,1998.32,938.07,128537,5150,97,,Paused
514,Product Launch Announcement 2025 #514,Sarah Johnson,2025-04-23,,9601.96,9110.32,1408932,52911,1338,,Completed
836,Winter Display Ads 2023 #836,Stephanie Davis,2025-03-25,,54018.73,55738.53,3710335,11830,460,,Completed
878,Product Launch Announcement 2023 #878,Jessica Martinez,2025-05-04,,4459.11,4278.88,342906,25782,608,,Completed
211,Q2 Search Campaign 2025,Kevin Brown,2025-10-27,,7508.37,4487.31,427592,37207,1747,,Paused
223,Spring Newsletter Campaign 2023,Brian Wilson,2025-02-21,,6564.6,5501.3,325094,9741,559,,Completed
414,Product Showcase Social 2024 #414,Kevin Brown,2025-11-17,,85077.2,23343.48,3424784,67266,2254,,Active
543,Loyalty Rewards Email 2025 #543,Brian Wilson,2025-10-27,,6718.28,3360.68,168445,12976,349,,Active
955,Black Friday Video Push 2023 #955,Nicole Taylor,2024-10-22,,79613.21,70426.39,4347282,68515,1657,,Completed
1,Competitor Conquest 2024,Nicole Taylor,2025-10-27,,22145.91,12490.74,1083833,90760,6646,,Active
411,Community Engagement 2025 #411,Jessica Martinez,2025-11-26,,3733.49,2244.84,437628,10274,275,,Active
479,Product Showcase Social 2024 #479,Sarah Johnson,2025-11-11,,22519.13,9532.48,517076,2763,105,,Active
705,Audience Display Campaign 2025 #705,Chris Anderson,2026-03-09,,83539.12,0.0,0,0,0,,Planned
827,Shopping Ads Campaign 2025 #827,Andrew Thompson,2024-12-27,,9983.81,8377.96,694640,64899,4499,,Completed
757,Cross-Network Display 2024 #757,James Miller,2025-06-21,,88870.1,92196.12,4665874,24600,183,,Completed
772,Product Showcase Social 2023 #772,Michael Chen,2025-11-17,,95782.55,33686.54,2802157,52627,2210,,Paused
14,Product Category Search 2024,Amanda Lee,2025-01-24,,18583.76,18959.13,1195097,64030,5564,,Completed
358,Streaming TV Ads 2023 #358,David Kim,2026-01-29,,58003.94,0.0,0,0,0,,Planned
640,Loyalty Rewards Email 2023 #640,Brian Wilson,2025-12-07,,7581.4,1236.1,83596,3973,278,,Paused
737,High Intent Keywords 2023 #737,David Kim,2025-06-23,,78663.26,64427.23,4645399,118993,10493,,Completed
759,Contextual Targeting 2025 #759,Andrew Thompson,2025-11-12,,47119.9,23190.92,1539413,9730,91,,Active
843,Q1 Search Campaign 2024 #843,Kevin Brown,2026-03-11,,59514.58,0.0,0,0,0,,Planned
871,Trending Topic Campaign 2024 #871,Jessica Martinez,2026-03-17,,75698.35,0.0,0,0,0,,Planned
880,Winter Newsletter Campaign 2024 #880,Kevin Brown,2025-11-29,,3008.66,712.81,42149,452,12,,Active
246,Q2 Video Campaign 2023,James Miller,2025-02-26,,68688.76,59801.58,3218190,50450,1010,,Completed
646,Native Advertising 2024 #646,Laura Garcia,2025-10-28,,46265.58,27486.86,1796756,13699,347,,Paused
894,Competitor Conquest 2024 #894,Brian Wilson,2025-12-18,,31293.71,4531.44,263287,13196,1116,,Paused
35,Remarketing Search 2025,Sarah Johnson,2024-11-16,,27813.17,25247.17,4866687,339382,26938,,Completed
174,Loyalty Rewards Email 2025,Brian Wilson,2024-11-02,,5246.94,4670.7,468853,33798,2540,,Completed
185,Native Advertising 2024,Jessica Martinez,2025-02-10,,41559.43,41295.78,2930019,20979,361,,Completed
274,Q4 Video Campaign 2025,Stephanie Davis,2025-02-13,,17746.7,16178.05,950040,21972,117,,Completed
392,Abandoned Cart Recovery 2025 #392,Emily Rodriguez,2025-12-17,,8973.65,803.82,65374,5058,290,,Active
553,Brand Story Video 2025 #553,Sarah Johnson,2025-12-10,,90658.71,11444.47,865647,4367,98,,Active
572,Trending Topic Campaign 2023 #572,Laura Garcia,2025-11-16,,96104.15,81872.35,5153947,37156,1750,,Active
661,Brand Keywords Campaign 2025 #661,David Kim,2025-02-18,,87562.31,90241.57,5571880,188479,9296,,Completed
13,Streaming TV Ads 2024,David Kim,2025-10-15,,3371.86,2987.93,199380,4713,103,,Completed
202,Black Friday Email Blast 2024,James Miller,2025-02-18,,6379.43,6405.46,1004257,11224,127,,Completed
238,Q2 Social Push 2024,Jessica Martinez,2025-05-31,,13567.09,12934.44,2571707,40412,1730,,Completed
242,High Intent Keywords 2024 #242,Rachel Green,2025-08-24,,83618.26,84741.78,13081237,1146865,72115,,Completed
636,Cyber Monday Banner Ads 2025,Rachel Green,2025-02-05,,89726.16,77536.54,5192728,5629,171,,Completed
194,Q3 Search Campaign 2023,James Miller,2025-02-08,,12054.36,5.1,478,37,0,,Cancelled
443,Q3 Search Campaign 2025,Nicole Taylor,2026-03-03,,11023.65,0.0,0,0,0,,Planned
813,Brand Keywords Campaign 2024 #813,Rachel Green,2024-12-25,,76593.97,61748.8,4099101,261630,24220,,Completed
889,High Intent Keywords 2024 #889,Laura Garcia,2025-06-11,,66723.62,55014.39,9412256,855166,55749,,Completed
568,Programmatic Display 2024 #568,Laura Garcia,2025-11-23,,51504.63,14655.95,2598781,18618,686,,Active
734,Easter Email Blast 2024 #734,James Miller,2026-03-22,,2484.07,0.0,0,0,0,,Planned
29,Fall Social Push 2023,Michael Chen,2025-11-14,,33599.94,24269.6,1596609,12395,303,,Paused
173,Prime Day Search Push 2024,Stephanie Davis,2025-11-20,,74139.78,44718.61,6353293,552749,26690,,Paused
258,Winter Video Campaign 2023,Chris Anderson,2025-12-03,,34307.35,17278.76,2372146,21666,510,,Active
437,Product Launch Announcement 2023 #437,Jessica Martinez,2026-01-02,,2591.89,0.0,0,0,0,,Planned
619,Programmatic Display 2023 #619,James Miller,2025-04-17,,21186.18,19705.45,1615029,9516,156,,Completed
896,Prime Day Banner Ads 2024 #896,Andrew Thompson,2025-07-23,,55161.04,10463.37,525390,4727,217,,Cancelled
360,Contextual Targeting 2025 #360,David Kim,2025-03-21,,22797.38,22262.05,1517179,11344,545,,Completed
607,Winter Newsletter Campaign 2023 #607,Michael Chen,2025-03-23,,8325.52,118.66,7845,98,7,,Cancelled
770,Influencer Partnership 2023 #770,Amanda Lee,2025-05-27,,23686.38,21679.07,1297157,28349,1287,,Completed
92,Win-Back Mailer 2024,Kevin Brown,2025-02-09,,39658.75,7885.67,0,0,0,,Cancelled
541,Trending Topic Campaign 2025 #541,Stephanie Davis,2025-11-28,,4011.78,833.55,95361,1011,8,,Active
585,Product Launch Announcement 2024 #585,James Miller,2025-08-19,,6909.32,5667.97,765113,15967,565,,Completed
667,Flash Sale Alert 2025 #667,Brian Wilson,2025-05-10,,9752.1,1277.35,243937,13786,428,,Cancelled
883,Summer Newsletter Campaign 2024 #883,Chris Anderson,2025-03-22,,3285.56,3443.44,504981,29039,1341,,Completed
900,Native Advertising 2023 #900,Sarah Johnson,2025-09-02,,75230.34,64592.5,4044574,13244,524,,Completed
417,Native Advertising 2024 #417,Emily Rodriguez,2025-10-30,,5588.14,4153.7,328923,1492,37,,Active
3,Flash Sale Alert 2023,Laura Garcia,2025-09-06,,8960.8,8484.94,754601,8918,289,,Completed
178,Contextual Targeting 2023,Emily Rodriguez,2025-10-29,,68743.3,49713.09,3943485,22065,918,,Paused
249,Local Search Campaign 2024 #249,Stephanie Davis,2025-05-21,,11761.25,10004.02,835953,31191,2679,,Completed
282,Q1 Video Campaign 2025,Kevin Brown,2024-11-13,,80512.54,71392.68,7600154,102701,542,,Completed
305,Year End Social Campaign 2023,Chris Anderson,2025-03-07,,8129.96,6639.68,612259,13671,224,,Completed
380,Birthday Special Campaign 2023 #380,Andrew Thompson,2025-07-28,,3536.87,3383.21,241440,10313,819,,Completed
659,Loyalty Rewards Email 2023 #659,Rachel Green,2025-11-08,,6113.93,2417.45,183987,2389,43,,Active
911,Brand Awareness Drive 2023 #911,Stephanie Davis,2026-01-16,,67184.98,0.0,0,0,0,,Planned
928,Local Search Campaign 2025 #928,Rachel Green,2025-11-03,,52871.74,28521.64,2388470,160370,10971,,Paused
439,Brand Awareness Display 2023 #439,James Miller,2025-11-13,,67603.43,26186.27,2881733,2986,81,,Active
633,Weekly Deals Newsletter 2024 #633,David Kim,2025-11-20,,1157.82,484.83,47165,2109,26,,Active
688,Holiday Video Push 2025,Kevin Brown,2025-02-28,,95131.46,96536.69,7703592,154166,2151,,Completed
79,Tutorial Video Ads 2023,Amanda Lee,2025-11-09,,53908.24,16972.37,896450,6364,134,,Active
94,Brand Awareness Display 2023,Sarah Johnson,2025-04-08,,80499.31,73755.04,8590268,21984,911,,Completed
171,Birthday Special Campaign 2023,Brian Wilson,2025-12-02,,2775.27,745.42,63015,3812,40,,Active
310,Native Advertising 2023 #310,Rachel Green,2025-04-24,,30376.22,29111.43,5461595,17383,628,,Completed
720,Remarketing Search 2023 #720,Nicole Taylor,2025-09-21,,68718.02,503.24,78769,3869,171,,Cancelled
816,Flash Sale Alert 2024 #816,Michael Chen,2025-05-04,,5470.67,5227.94,393553,15314,835,,Completed
921,YouTube Pre-Roll 2025 #921,Amanda Lee,2025-06-25,,19186.46,20140.5,1437126,9501,301,,Completed
212,Labor Day Search Push 2025,Rachel Green,2025-08-29,,62992.92,65319.61,11520789,603776,20820,,Completed
266,Labor Day Direct Mail 2025,Stephanie Davis,2026-03-11,,26867.93,0.0,0,0,0,,Planned
470,Holiday Search Push 2024,Stephanie Davis,2024-12-25,,73252.04,73670.66,6328498,161803,8101,,Completed
696,Remarketing Search 2025 #696,Brian Wilson,2026-01-04,,46128.83,0.0,0,0,0,,Planned
977,Audience Display Campaign 2023 #977,Michael Chen,2025-06-15,,98986.2,84758.96,15294529,77730,1115,,Completed
32,Fall Newsletter Campaign 2024,Kevin Brown,2024-11-18,,7747.35,7874.68,742263,25622,564,,Completed
84,Spring Social Push 2023,Laura Garcia,2025-11-01,,83788.53,49594.64,2604304,70949,992,,Active
648,Remarketing Search 2024 #648,David Kim,2025-11-11,,84231.48,44951.49,4319979,252930,12873,,Active
154,Holiday Video Push 2024,Kevin Brown,2025-12-08,,72872.11,11004.69,883301,12946,330,,Active
735,Brand Awareness Display 2025 #735,Andrew Thompson,2025-07-25,,44162.23,39566.85,2148170,7272,174,,Completed
888,Dynamic Search Ads 2023 #888,Michael Chen,2025-12-16,,96967.66,9687.7,524386,47475,2826,,Paused
158,Easter Email Blast 2025,Andrew Thompson,2025-10-30,,6174.27,3953.11,300236,6590,271,,Active
500,Community Engagement 2025 #500,Emily Rodriguez,2025-03-06,,97774.81,102320.63,8178625,54046,1968,,Completed
522,User Generated Content 2023 #522,Sarah Johnson,2025-11-07,,26629.3,14040.96,810603,10374,332,,Active
643,Product Category Search 2025 #643,Kevin Brown,2025-05-18,,10675.73,2008.96,139469,12172,792,,Cancelled
809,Loyalty Rewards Email 2025 #809,Jessica Martinez,2025-12-01,,8868.33,2369.99,319954,7906,440,,Active
898,Competitor Conquest 2024 #898,James Miller,2025-05-18,,16449.03,15631.96,817835,32720,1789,,Completed
179,Weekly Deals Newsletter 2025,Sarah Johnson,2025-11-25,,3502.86,963.28,64109,892,55,,Paused
232,Brand Keywords Campaign 2025,Michael Chen,2026-01-07,,86633.44,0.0,0,0,0,,Planned
262,Q3 Newsletter Campaign 2023,Andrew Thompson,2024-12-29,,907.25,90.08,10947,825,60,,Cancelled
428,Testimonial Videos 2024 #428,Rachel Green,2025-11-29,,31902.18,14648.62,1285732,10903,418,,Active
868,Brand Keywords Campaign 2024 #868,Amanda Lee,2025-11-05,,37041.31,33021.41,2731998,234582,14029,,Paused
50,Testimonial Videos 2024,Andrew Thompson,2024-11-22,,60967.5,60457.54,3270333,43525,1925,,Completed
588,Cross-Network Display 2024 #588,Kevin Brown,2025-11-27,,35146.9,11996.54,800286,1636,79,,Paused
708,Prime Day Banner Ads 2023 #708,Amanda Lee,2025-02-23,,46762.44,39863.46,5402260,28872,1180,,Completed
790,Competitor Conquest 2024 #790,Michael Chen,2025-10-26,,92125.1,46470.3,3314281,192142,4373,,Active
330,Year End Video Push 2024,Brian Wilson,2025-03-01,,70281.51,64039.92,3973880,80143,1728,,Completed
605,Birthday Special Campaign 2025 #605,Jessica Martinez,2025-11-20,,3824.69,2841.19,277359,18987,326,,Active
877,,Nicole Taylor,2024-12-29,,1624.72,1381.9,225272,26535,1192,,Completed
935,Year End Banner Ads 2023,Andrew Thompson,2025-02-10,,72338.64,72065.6,5408283,26237,1192,,Completed
965,Anniversary Mailing 2024,Sarah Johnson,2025-01-10,,13704.84,12665.59,0,0,0,,Completed
765,Spring Newsletter Campaign 2023 #765,Jessica Martinez,2025-11-06,,931.97,483.1,92142,5888,92,,Paused
72,Win-Back Mailer 2025,Andrew Thompson,2025-09-21,,34612.32,5080.41,0,0,0,,Cancelled
184,Coupon Mailer Campaign 2024,Amanda Lee,2025-11-16,,25889.73,11358.52,0,0,0,,Active
248,Valentine Video Push 2023,Kevin Brown,2024-10-22,,90459.16,81422.23,4552503,70088,1001,,Completed
527,Winter Search Campaign 2023 #527,Emily Rodriguez,2025-12-12,,62892.06,8543.75,1142377,60900,1722,,Active
612,User Generated Content 2024 #612,Stephanie Davis,2026-02-08,,37606.37,0.0,0,0,0,,Planned
676,Black Friday Video Push 2024,Jessica Martinez,2025-11-29,,28622.91,5474.06,312390,7744,248,,Paused
692,Loyalty SMS Campaign 2025,Kevin Brown,2026-01-14,,4924.55,0.0,0,0,0,,Planned
929,Audience Display Campaign 2024 #929,Nicole Taylor,2025-08-16,,48345.06,40305.31,4357706,34413,551,,Completed
4,High Intent Keywords 2023,Stephanie Davis,2025-03-06,,75255.54,60583.11,8026033,746297,36505,,Completed
16,Fall Search Campaign 2023,Nicole Taylor,2025-02-16,,25606.52,23780.0,1303554,38087,2601,,Completed
49,Brand Keywords Campaign 2023,Nicole Taylor,2025-12-18,,43906.32,3087.58,204006,13795,306,,Active
131,Q1 Search Campaign 2024,David Kim,2025-04-29,,87262.47,73902.46,6448549,405980,22311,,Completed
953,YouTube Pre-Roll 2025 #953,David Kim,2025-11-02,,93783.43,54199.03,4532022,80514,1037,,Paused
7,Local Search Campaign 2025,Michael Chen,2025-12-02,,55052.53,15568.85,1318391,77063,5200,,Active
82,Birthday SMS Special 2025,Rachel Green,2025-12-12,,1531.54,292.33,27027,1548,153,,Paused
96,Local Search Campaign 2024,Kevin Brown,2025-03-21,,63381.01,50762.89,3288214,110328,6502,,Completed
613,Labor Day Email Blast 2023,Chris Anderson,2026-02-18,,7703.43,0.0,0,0,0,,Planned
892,Flash Sale Alert 2024 #892,James Miller,2025-12-02,,2808.0,487.89,52196,2920,57,,Cancelled
994,Easter Search Push 2024 #994,Rachel Green,2025-08-27,,45974.39,41266.33,4938420,351316,24201,,Completed
999,Customer Win-Back Email 2024 #999,Kevin Brown,2025-03-25,,2090.64,2146.67,133323,7337,235,,Completed
219,Prime Day Banner Ads 2023,Michael Chen,2025-12-17,,48027.62,5288.62,348528,2712,97,,Active
421,Q4 Newsletter Campaign 2023,Michael Chen,2024-11-06,,6349.95,6297.2,538242,28665,541,,Completed
546,Customer Win-Back Email 2024 #546,James Miller,2024-12-20,,3185.78,3112.63,196291,8068,312,,Completed
798,Product Showcase Social 2023 #798,Michael Chen,2025-12-16,,26700.82,4900.02,412398,3121,115,,Paused
954,Product Showcase Social 2025 #954,David Kim,2025-07-25,,30619.35,29697.73,1964393,35409,1251,,Completed
42,Winter Display Ads 2023,Stephanie Davis,2025-11-19,,61985.34,41617.9,2996922,28120,546,,Active
459,Fall Social Push 2024 #459,Amanda Lee,2025-05-07,,60279.5,53714.75,7912860,114388,4587,,Completed
630,Loyalty SMS Campaign 2023,Jessica Martinez,2026-03-16,,1150.89,0.0,0,0,0,,Planned
650,Customer Win-Back Email 2024 #650,Sarah Johnson,2025-02-02,,5323.58,650.96,35882,2839,226,,Cancelled
805,Flash Sale Alert 2025 #805,Stephanie Davis,2025-06-05,,2516.8,2183.7,116885,2076,97,,Completed
899,Social Contest Campaign 2023 #899,Emily Rodriguez,2025-11-11,,36365.34,31844.82,3604703,52187,361,,Active
922,Abandoned Cart Recovery 2024 #922,Andrew Thompson,2025-01-28,,1077.42,1113.27,219359,5242,204,,Completed
279,Prime Day Search Push 2025,Amanda Lee,2025-11-26,,31280.54,10348.39,613471,15756,745,,Active
856,Product Showcase Social 2024 #856,Andrew Thompson,2026-01-25,,89262.67,0.0,0,0,0,,Planned
857,Community Engagement 2025 #857,James Miller,2025-10-30,,26591.8,12701.22,791204,21638,1058,,Active
155,Flash Sale Alert 2024,Emily Rodriguez,2025-10-19,,3019.86,2434.56,131809,5651,349,,Completed
416,Weekly Deals Newsletter 2023 #416,Andrew Thompson,2025-03-18,,7862.33,7877.07,927181,35014,2706,,Completed
463,Social Contest Campaign 2025 #463,Stephanie Davis,2025-11-15,,15684.83,7566.22,627788,7934,155,,Active
971,Customer Win-Back Email 2023 #971,Amanda Lee,2024-11-12,,2690.57,2534.75,436005,18492,1078,,Completed
6,Shopping Ads Campaign 2024,David Kim,2025-10-16,,42905.51,38585.91,1944970,143524,12439,,Completed
361,Brand Story Video 2023,Andrew Thompson,2025-11-25,,37885.7,15047.81,1007222,5893,173,,Active
580,Social Contest Campaign 2024 #580,Sarah Johnson,2024-12-13,,16249.6,15348.07,1061906,7899,139,,Completed
668,Community Engagement 2025 #668,Chris Anderson,2025-08-12,,4256.51,3896.62,346663,7162,113,,Completed
725,Product Showcase Social 2024 #725,Chris Anderson,2025-11-20,,31684.42,22904.53,1793415,13990,151,,Paused
782,Product Category Search 2024 #782,Sarah Johnson,2025-12-05,,88673.85,17230.08,1577966,99250,4103,,Active
799,Product Sample Mailing 2025,David Kim,2025-03-02,,38191.97,40004.53,0,0,0,,Completed
848,Audience Display Campaign 2025 #848,Chris Anderson,2025-03-24,,22126.63,22664.41,1150984,9495,297,,Completed
130,VIP Early Access SMS 2025,Jessica Martinez,2025-07-02,,545.56,439.95,23045,1730,172,,Completed
208,Black Friday Search Push 2024,Andrew Thompson,2025-12-18,,38217.5,3887.19,259631,5412,171,,Active
325,VIP Early Access SMS 2023,Brian Wilson,2025-10-02,,5526.78,5038.76,387237,54281,2298,,Completed
589,Community Engagement 2024 #589,James Miller,2025-10-12,,11879.25,79.04,4585,62,2,,Cancelled
729,Retargeting Display 2024 #729,Chris Anderson,2025-12-11,,87124.19,33964.44,2425658,21273,743,,Active
763,Programmatic Display 2024 #763,David Kim,2025-11-08,,69491.74,25249.59,4079055,23567,889,,Paused
54,Black Friday Social Campaign 2024,Brian Wilson,2025-12-08,,8978.47,2473.88,130943,2030,74,,Active
313,Influencer Partnership 2025 #313,Kevin Brown,2026-01-05,,18825.57,0.0,0,0,0,,Planned
384,Short Form Video 2023,Chris Anderson,2025-10-31,,19922.59,10091.69,577811,7765,316,,Paused
766,Cross-Network Display 2023 #766,Chris Anderson,2025-11-11,,63339.88,29967.3,2568489,10531,271,,Active
251,Birthday Special Campaign 2024 #251,Nicole Taylor,2025-12-13,,5378.61,636.95,36494,2001,60,,Active
345,Winter Search Campaign 2023,Jessica Martinez,2025-04-29,,44097.27,44584.31,8911209,480227,14336,,Completed
134,Summer Display Ads 2024,James Miller,2025-11-02,,87628.27,40732.42,4362002,22956,180,,Active
299,Social Proof Campaign 2025 #299,Rachel Green,2025-07-07,,5803.02,4786.15,483903,11263,363,,Completed
320,Summer Search Campaign 2023,Nicole Taylor,2025-12-02,,68605.36,15829.93,1027710,60673,2332,,Paused
533,Trending Topic Campaign 2025 #533,Amanda Lee,2025-10-22,,95187.1,94834.23,6036847,172197,3316,,Completed
670,Memorial Day Email Blast 2025,Laura Garcia,2024-11-29,,3326.46,2670.68,133588,10615,653,,Completed
923,Prime Day Banner Ads 2025,Stephanie Davis,2025-01-15,,49826.97,47513.39,3469637,16282,809,,Completed
934,Winter Search Campaign 2024,Emily Rodriguez,2025-05-15,,64346.61,65524.47,5190603,414057,14642,,Completed
78,Remarketing Search 2023,Kevin Brown,2025-05-27,,41672.55,36327.77,2156237,105391,5753,,Completed
206,Valentine Search Push 2024,James Miller,2024-11-11,,59024.0,49100.68,4684198,260819,16049,,Completed
458,Valentine Direct Mail 2023,James Miller,2025-12-12,,45644.61,6821.49,0,0,0,,Active
595,Audience Display Campaign 2025 #595,Andrew Thompson,2025-01-19,,96918.39,88569.24,4874501,6258,268,,Completed
709,Memorial Day Email Blast 2023,Brian Wilson,2025-04-03,,7951.91,7894.33,779801,14154,1009,,Completed
332,Remarketing Search 2024 #332,Michael Chen,2025-12-14,,18802.85,3235.68,374672,22465,1930,,Active
441,Product Demo Videos 2024 #441,Stephanie Davis,2025-09-06,,48254.81,40330.23,2343535,54937,963,,Completed
684,Abandoned Cart Recovery 2023 #684,Rachel Green,2025-08-23,,9225.42,8394.39,448402,10741,804,,Completed
942,YouTube Pre-Roll 2025 #942,Sarah Johnson,2025-03-28,,10971.19,11246.07,1247961,14539,243,,Completed
511,Cyber Monday Video Push 2024,Laura Garcia,2025-07-27,,71178.32,61386.53,5209985,29156,160,,Completed
616,Programmatic Display 2025 #616,James Miller,2025-11-07,,80323.73,36394.36,2120163,15011,448,,Active
20,Brand Story Video 2025,Brian Wilson,2025-12-10,,78226.3,11893.21,656792,15573,247,,Paused
30,Social Proof Campaign 2025,Michael Chen,2025-07-24,,9621.67,9587.3,737165,10895,96,,Completed
418,Memorial Day Banner Ads 2023,James Miller,2025-01-23,,83473.61,74916.27,8284460,80467,2806,,Completed
466,Black Friday Banner Ads 2025,Sarah Johnson,2025-12-12,,57069.18,7251.79,484514,1580,40,,Paused
563,Product Display Ads 2024 #563,Brian Wilson,2025-03-06,,85678.69,89187.35,7805219,76178,421,,Completed
680,Prime Day Video Push 2025,Emily Rodriguez,2025-09-09,,46096.03,46354.57,3859345,23073,362,,Completed
771,Remarketing Search 2023 #771,Rachel Green,2025-12-07,,16389.82,2906.26,236494,7045,393,,Active
707,Social Contest Campaign 2023 #707,James Miller,2025-12-15,,23785.81,6002.8,372052,6387,90,,Active
995,Abandoned Cart Recovery 2023 #995,Nicole Taylor,2024-10-19,,771.36,676.58,37402,1475,17,,Completed
576,New Arrivals Newsletter 2023 #576,Andrew Thompson,2025-11-13,,2297.99,865.06,104974,1126,60,,Paused
962,Weekly Deals Newsletter 2023 #962,Nicole Taylor,2025-11-21,,1994.67,664.88,40281,878,12,,Active
879,Birthday Special Campaign 2023 #879,Jessica Martinez,2024-11-11,,5560.21,5423.41,554899,23081,1623,,Completed
2,Q3 Catalog Mailing 2023,Nicole Taylor,2025-12-06,,36667.24,6726.87,0,0,0,,Paused
235,Summer Display Ads 2025,Amanda Lee,2025-03-26,,24935.76,25067.21,3414935,20362,795,,Completed
331,Summer Newsletter Campaign 2024,Brian Wilson,2025-02-03,,1134.02,934.06,74884,3477,149,,Completed
446,Q2 Video Campaign 2024,Chris Anderson,2025-08-15,,93627.73,96988.73,10568325,211388,8661,,Completed
842,High Intent Keywords 2024 #842,Rachel Green,2025-11-25,,8530.92,3115.49,231586,8032,562,,Active
891,Tutorial Video Ads 2025 #891,Emily Rodriguez,2025-12-01,,4795.14,1639.19,273023,1680,9,,Active
341,Summer Search Campaign 2025 #341,Amanda Lee,2024-12-23,,95499.88,79418.92,5232485,500413,37641,,Completed
209,Abandoned Cart Recovery 2025,Laura Garcia,2025-12-16,,3926.61,474.35,40226,2250,156,,Active
259,Product Display Ads 2023 #259,Stephanie Davis,2026-01-06,,36292.4,0.0,0,0,0,,Planned
296,Year End Banner Ads 2025,Chris Anderson,2025-11-24,,6318.37,1439.18,84547,127,3,,Active
760,Holiday Search Push 2024 #760,Brian Wilson,2025-03-29,,92427.46,82423.77,15777738,1449568,60163,,Completed
837,Year End Direct Mail 2025,James Miller,2026-01-01,,38142.86,7119.44,0,0,0,,Cancelled
918,Flash Sale SMS 2025 #918,Stephanie Davis,2025-11-25,,815.77,226.78,17193,2112,67,,Active
98,Influencer Partnership 2023,Amanda Lee,2025-10-15,,55760.1,50880.29,5686993,80899,839,,Completed
349,Cyber Monday Video Push 2025,Michael Chen,2025-11-23,,98562.24,80341.35,4884925,50042,808,,Active
370,Product Category Search 2023 #370,James Miller,2026-03-08,,38521.21,0.0,0,0,0,,Planned
625,Birthday Special Campaign 2024 #625,Rachel Green,2025-03-05,,3214.97,3354.13,347421,22994,417,,Completed
51,Q4 Search Campaign 2023,Chris Anderson,2025-08-07,,27632.31,22505.94,1145972,96395,8673,,Completed
215,Q3 Video Campaign 2023,Nicole Taylor,2025-07-16,,84284.29,69639.25,9396766,233008,9614,,Completed
637,Fall Social Push 2024 #637,Chris Anderson,2025-11-28,,53481.08,14859.09,777483,21027,118,,Paused
672,Winter Display Ads 2024 #672,James Miller,2025-10-20,,11807.81,11663.24,1153113,7136,189,,Completed
915,High Intent Keywords 2024 #915,James Miller,2025-12-18,,70479.52,11780.84,726711,69957,3011,,Active
44,Q4 Social Push 2025,Kevin Brown,2025-08-05,,18213.38,17549.37,1391054,13978,288,,Completed
57,High Intent Keywords 2024,Emily Rodriguez,2025-02-19,,22349.23,21883.65,1162061,73794,2818,,Completed
139,Social Video Ads 2023,Sarah Johnson,2025-12-09,,86018.99,10792.86,656214,8840,261,,Active
426,Q1 Social Push 2024 #426,Andrew Thompson,2025-01-19,,94485.45,1509.36,83244,2336,92,,Cancelled
662,Social Proof Campaign 2024 #662,Laura Garcia,2025-11-24,,43724.04,17990.99,2393346,30050,1071,,Active
824,Shopping Ads Campaign 2023 #824,Laura Garcia,2025-11-18,,97107.71,65721.67,4133590,365676,22483,,Active
931,Summer Catalog Mailing 2024,David Kim,2026-03-14,,22767.71,0.0,0,0,0,,Planned
338,Competitor Conquest 2025 #338,Brian Wilson,2025-11-15,,42378.26,30469.46,1725706,111502,7852,,Active
405,Cyber Monday Email Blast 2025,David Kim,2025-09-02,,4519.5,4703.89,269991,4432,140,,Completed
554,Influencer Partnership 2024 #554,Amanda Lee,2024-12-02,,47920.17,6983.46,434480,8441,341,,Cancelled
974,Contextual Targeting 2025 #974,Sarah Johnson,2025-11-03,,17354.87,13637.61,1252955,5659,254,,Paused
187,Q1 Social Push 2025,Andrew Thompson,2025-11-05,,68609.37,71427.18,3844805,44123,435,,Completed
271,Prime Day Social Campaign 2023,Sarah Johnson,2025-01-06,,91551.74,81479.73,6005766,110079,2999,,Completed
571,Social Contest Campaign 2025 #571,Michael Chen,2025-12-06,,82362.16,18360.61,2599248,50915,1609,,Paused
748,Competitor Conquest 2024 #748,Stephanie Davis,2024-10-30,,31645.96,28315.35,4030003,193472,9394,,Completed
88,Black Friday Social Campaign 2023,Jessica Martinez,2025-12-09,,59671.31,20215.0,3668279,35966,1442,,Active
135,Limited Time Offer SMS 2025,Kevin Brown,2025-06-22,,8162.29,7266.22,419741,61694,1505,,Completed
138,Loyalty SMS Campaign 2024,Brian Wilson,2025-07-12,,7547.39,7315.03,1095094,60002,5518,,Completed
116,Weekly Deals Newsletter 2024,David Kim,2025-09-10,,3706.88,3388.56,337426,14108,589,,Completed
180,Audience Display Campaign 2024,David Kim,2026-03-08,,91846.36,0.0,0,0,0,,Planned
333,Influencer Partnership 2023 #333,Amanda Lee,2026-01-29,,78608.2,0.0,0,0,0,,Planned
357,Shopping Ads Campaign 2025 #357,Amanda Lee,2025-02-27,,57632.77,56768.95,6223845,613407,17899,,Completed
74,Social Video Ads 2024,Rachel Green,2025-12-07,,40930.15,7500.69,1193172,26556,713,,Active
81,Q2 Search Campaign 2024,Nicole Taylor,2025-07-03,,5851.9,4742.74,375696,34160,2831,,Completed
424,Contextual Targeting 2025 #424,Jessica Martinez,2025-06-09,,34119.27,32456.26,4001968,24839,1120,,Completed
986,Remarketing Search 2025 #986,Brian Wilson,2025-03-08,,57464.38,48737.14,9099188,450290,12433,,Completed
69,Dynamic Search Ads 2023,Andrew Thompson,2025-01-02,,90272.42,78979.13,4891994,255962,9495,,Completed
228,Q3 Display Ads 2025,Rachel Green,2025-08-03,,92133.18,96498.73,8361736,10008,246,,Completed
656,Loyalty Rewards Email 2025 #656,James Miller,2026-03-02,,5504.04,0.0,0,0,0,,Planned
167,Easter Search Push 2024,Nicole Taylor,2025-12-09,,4886.44,1298.56,74163,6261,199,,Paused
874,Product Launch Announcement 2023 #874,Chris Anderson,2024-11-26,,9590.84,7897.65,1165923,72388,4078,,Completed
140,Flash Sale SMS 2024,Emily Rodriguez,2025-08-12,,5408.17,5518.21,287062,37396,1297,,Completed
503,Memorial Day Social Campaign 2024 #503,Michael Chen,2025-01-16,,6067.38,5213.89,422267,11728,523,,Completed
687,Year End Social Campaign 2025 #687,Sarah Johnson,2025-06-07,,58418.27,191.96,11118,77,1,,Cancelled
831,Prime Day Email Blast 2023 #831,Laura Garcia,2025-11-14,,4296.95,2699.14,248222,11453,724,,Paused
112,Cyber Monday Search Push 2024,Emily Rodriguez,2025-11-26,,6154.76,1683.98,137822,9528,776,,Active
664,Competitor Conquest 2024 #664,Michael Chen,2024-12-12,,51097.47,51783.7,4529506,347370,19301,,Completed
718,Holiday Banner Ads 2024,Jessica Martinez,2025-07-24,,51560.25,54075.54,4010476,5605,102,,Completed
73,Limited Time Offer SMS 2024,Sarah Johnson,2025-04-09,,1669.18,1566.44,104901,8134,525,,Completed
381,Year End Email Blast 2023,Michael Chen,2025-03-11,,5152.5,4251.53,230601,13357,266,,Completed
991,Social Proof Campaign 2023 #991,Michael Chen,2025-01-17,,13441.22,11253.98,832373,10913,239,,Completed
148,Postcard Campaign 2023,Michael Chen,2025-03-26,,40172.04,40636.99,0,0,0,,Completed
153,Cross-Network Display 2025,James Miller,2025-11-23,,76364.3,26247.99,1417249,12417,153,,Active
257,Abandoned Cart Recovery 2023,Laura Garcia,2025-05-19,,5160.76,5316.4,1051216,12323,562,,Completed
469,Back to School SMS Deals 2024,Michael Chen,2025-04-16,,6437.49,678.11,56922,6158,576,,Cancelled
854,Labor Day Social Campaign 2025 #854,Nicole Taylor,2025-09-12,,43927.31,43467.74,4697996,115022,2356,,Completed
412,Social Contest Campaign 2023 #412,Michael Chen,2025-12-12,,57677.99,5425.81,369875,6294,75,,Paused
451,Flash Sale Alert 2025 #451,Stephanie Davis,2025-11-16,,2388.31,1072.82,114991,4711,278,,Active
635,Brand Keywords Campaign 2023 #635,Jessica Martinez,2025-03-12,,13770.36,42.07,4880,461,39,,Cancelled
520,Spring Video Campaign 2023,David Kim,2025-12-16,,82299.2,10360.61,600983,11370,440,,Active
663,Q3 Search Campaign 2023 #663,Rachel Green,2026-03-24,,32013.83,0.0,0,0,0,,Planned
678,Memorial Day Search Push 2024 #678,Kevin Brown,2026-02-17,,22921.37,0.0,0,0,0,,Planned
746,Product Category Search 2025 #746,Brian Wilson,2026-03-01,,83514.58,0.0,0,0,0,,Planned
902,Contextual Targeting 2024 #902,Andrew Thompson,2025-12-09,,24632.55,4741.15,337609,2423,74,,Paused
10,User Generated Content 2024,David Kim,2025-11-17,,98034.84,49240.59,2698889,32327,185,,Active
102,Q4 Search Campaign 2024,Stephanie Davis,2025-04-13,,46426.81,48078.29,3061143,164784,14978,,Completed
234,Fall Newsletter Campaign 2025,Nicole Taylor,2025-12-15,,1808.2,253.21,30440,1269,29,,Active
374,Black Friday Search Push 2025,Rachel Green,2025-03-23,,75027.18,4712.62,353001,12551,262,,Cancelled
464,VIP Early Access SMS 2024,Nicole Taylor,2025-07-29,,4923.35,4065.78,233199,33834,3982,,Completed
497,New Arrivals Newsletter 2025 #497,Laura Garcia,2025-11-25,,2279.3,664.98,38327,1275,26,,Active
525,Labor Day Banner Ads 2024,Amanda Lee,2025-12-10,,83222.42,11295.57,571651,4877,118,,Paused
631,Fall Display Ads 2023,James Miller,2025-11-14,,3299.4,1168.69,153747,1049,34,,Active
651,Memorial Day Banner Ads 2024,Sarah Johnson,2025-09-14,,20057.99,17949.36,2396361,13546,462,,Completed
722,Summer Display Ads 2023 #722,David Kim,2026-01-12,,75556.59,0.0,0,0,0,,Planned
328,High Intent Keywords 2024 #328,Nicole Taylor,2025-11-29,,83460.58,19073.58,1970971,167388,9559,,Paused
329,Memorial Day Social Campaign 2025,Rachel Green,2025-01-22,,23576.48,22371.31,1196242,16762,616,,Completed
343,Cyber Monday Social Campaign 2025,Nicole Taylor,2025-11-19,,89064.61,50776.53,5177451,63508,2997,,Active
749,Labor Day Banner Ads 2023,Stephanie Davis,2026-01-20,,17759.36,2754.8,322497,759,35,,Cancelled
783,Product Category Search 2023 #783,Stephanie Davis,2025-04-05,,66077.74,66629.19,3459096,69721,4418,,Completed
788,Brand Awareness Drive 2023 #788,Andrew Thompson,2025-04-27,,3724.55,3378.3,185527,4987,203,,Completed
958,High Intent Keywords 2023 #958,James Miller,2025-11-27,,56392.09,12746.72,1126745,71115,7001,,Paused
182,Native Advertising 2025,Rachel Green,2025-11-17,,62556.1,24368.23,3503761,24279,711,,Active
204,Postcard Campaign 2025,Kevin Brown,2025-07-30,,45981.3,39502.41,0,0,0,,Completed
260,Social Contest Campaign 2023 #260,David Kim,2026-02-07,,17880.2,0.0,0,0,0,,Planned
435,Prime Day SMS Deals 2024,Emily Rodriguez,2026-02-25,,3091.48,0.0,0,0,0,,Planned
846,User Generated Content 2025 #846,Jessica Martinez,2025-05-31,,29199.68,26033.33,1726425,34447,255,,Completed
415,Product Category Search 2024 #415,Kevin Brown,2025-05-24,,45430.96,44984.98,7834853,710419,42714,,Completed
559,Valentine Social Campaign 2024 #559,Stephanie Davis,2025-10-29,,88775.67,51632.77,4748726,105020,1162,,Paused
590,Summer Newsletter Campaign 2023,Emily Rodriguez,2025-03-24,,9354.35,7512.62,430398,18434,939,,Completed
626,Winter Social Push 2024,Emily Rodriguez,2025-04-02,,23876.58,4597.93,418926,11684,272,,Cancelled
755,Memorial Day SMS Deals 2023,Stephanie Davis,2025-11-16,,1091.58,759.62,42826,5192,475,,Active
43,Audience Display Campaign 2023,Kevin Brown,2026-03-24,,51323.3,0.0,0,0,0,,Planned
83,Product Demo Videos 2024,Rachel Green,2025-12-01,,47306.03,15608.92,2812901,39967,1442,,Active
105,Cyber Monday Email Blast 2024,Chris Anderson,2025-10-29,,4841.12,3048.29,228609,11153,118,,Active
192,Q4 Search Campaign 2025,Kevin Brown,2025-01-07,,44364.34,38844.72,2461585,181412,7775,,Completed
324,Labor Day Social Campaign 2024,Rachel Green,2025-12-14,,18465.65,4874.4,334924,7723,314,,Active
584,Q4 Video Campaign 2025 #584,Nicole Taylor,2026-01-06,,65198.73,0.0,0,0,0,,Planned
690,Valentine Video Push 2025,Sarah Johnson,2025-12-13,,3026.41,648.12,32952,606,15,,Paused
312,Valentine Email Blast 2023 #312,Andrew Thompson,2025-10-04,,7048.07,367.81,55413,3415,82,,Cancelled
629,Retargeting Display 2025 #629,Rachel Green,2025-12-11,,82559.16,32495.31,2910446,24950,627,,Active
37,Q3 Social Push 2023,Michael Chen,2025-11-12,,32831.96,22259.88,1176413,17295,474,,Paused
399,Trending Topic Campaign 2024 #399,James Miller,2025-05-14,,42734.43,7259.77,1150239,6074,292,,Cancelled
545,Fall Social Push 2024 #545,Brian Wilson,2025-12-02,,18976.9,3819.62,275378,7791,229,,Active
649,Retargeting Display 2023 #649,Amanda Lee,2026-02-10,,71181.57,0.0,0,0,0,,Planned
812,Audience Display Campaign 2024 #812,Laura Garcia,2025-12-13,,70711.17,12053.86,850427,4286,185,,Active
425,Q2 Newsletter Campaign 2024,Kevin Brown,2025-09-26,,4387.33,3839.92,215994,3454,80,,Completed
703,New Arrivals Newsletter 2024 #703,Kevin Brown,2026-03-04,,6941.99,0.0,0,0,0,,Planned
784,Year End Search Push 2023,Rachel Green,2026-03-08,,17528.27,0.0,0,0,0,,Planned
847,Birthday Special Campaign 2023 #847,James Miller,2025-06-23,,628.35,623.36,67297,886,25,,Completed
302,Summer Search Campaign 2025,Emily Rodriguez,2025-08-03,,7516.81,1330.61,88088,5695,492,,Cancelled
351,Q3 Display Ads 2024,Sarah Johnson,2025-07-31,,27854.53,28447.5,3156129,25062,1189,,Completed
793,Prime Day Social Campaign 2024 #793,Laura Garcia,2025-06-20,,79383.15,67879.58,4813399,125816,2305,,Completed
825,Competitor Conquest 2024 #825,Michael Chen,2025-02-22,,24504.98,20285.28,1271472,99996,5368,,Completed
890,Flash Sale Alert 2023 #890,David Kim,2025-12-09,,2995.27,633.73,83762,4429,276,,Active
8,Short Form Video 2024,Jessica Martinez,2025-01-30,,56510.86,57290.9,3937368,97638,4738,,Completed
181,Cyber Monday Search Push 2023,Jessica Martinez,2025-08-17,,52566.45,45973.75,2509812,57139,4030,,Completed
323,Cyber Monday Search Push 2025,James Miller,2025-12-03,,81846.42,32155.56,1947211,164179,4688,,Paused
731,Order Update SMS 2025,Laura Garcia,2025-12-04,,6826.89,1462.27,76647,5936,577,,Paused
936,Flash Sale Alert 2024 #936,Nicole Taylor,2025-09-08,,6386.94,6274.32,876691,51213,1509,,Completed
39,Programmatic Display 2025,Amanda Lee,2025-11-30,,14451.94,3460.58,237371,280,8,,Active
71,Fall Display Ads 2025,Brian Wilson,2025-06-27,,27754.98,25644.63,1958569,17152,557,,Completed
460,Valentine Banner Ads 2024,Laura Garcia,2025-08-09,,20202.75,17715.05,3303552,5891,151,,Completed
560,Local Search Campaign 2025 #560,Brian Wilson,2025-04-13,,2597.63,2254.88,285402,11635,776,,Completed
653,,Sarah Johnson,2026-03-10,,6615.48,0.0,0,0,0,,Planned
819,Trending Topic Campaign 2023 #819,Laura Garcia,2025-01-02,,32009.68,31269.07,1697274,32516,1622,,Completed
951,Customer Win-Back Email 2023 #951,Andrew Thompson,2025-07-03,,4607.17,3734.97,394024,10632,113,,Completed
59,New Customer Welcome Kit 2025,Kevin Brown,2025-09-27,,36737.51,35842.02,0,0,0,,Completed
256,User Generated Content 2024 #256,Brian Wilson,2026-03-20,,57903.09,0.0,0,0,0,,Planned
409,Birthday SMS Special 2024,Jessica Martinez,2025-12-17,,6520.51,1643.66,135393,7525,670,,Active
916,Black Friday Email Blast 2023 #916,Michael Chen,2026-02-13,,9966.49,0.0,0,0,0,,Planned
106,Competitor Conquest 2023,Brian Wilson,2025-09-06,,16125.9,13596.62,1553238,128778,9624,,Completed
183,Holiday Social Campaign 2023,Nicole Taylor,2025-02-19,,39093.69,31644.65,2709576,72065,1132,,Completed
665,High Intent Keywords 2023 #665,Emily Rodriguez,2026-01-18,,25939.41,0.0,0,0,0,,Planned
753,Community Engagement 2023 #753,James Miller,2025-12-11,,65798.24,8806.4,1169543,7530,92,,Active
917,High Intent Keywords 2023 #917,Jessica Martinez,2025-12-17,,39813.15,9473.65,1771651,79892,4376,,Active
940,Memorial Day Direct Mail 2024,Emily Rodriguez,2025-12-11,,6838.29,1185.9,0,0,0,,Active
