wishlist_id,customer_id,product_id,added_date,purchased_date,removed_date
209,6410,4724,2025-12-11,,
263,8269,4777,2025-10-09,,2025-11-26
318,2012,3801,2024-12-29,,
600,3552,1258,2024-10-20,2025-03-22,
683,4672,1298,2025-10-07,,
825,6272,890,2025-06-09,2025-06-21,
898,1224,1293,2025-12-18,2025-12-25,
1021,1470,4332,2024-10-17,,
1098,5794,4284,2024-06-07,,2024-11-24
1468,8621,1948,2025-12-12,,
1543,315,3804,2025-10-17,,
1594,9466,208,2025-11-27,,
2033,1354,1584,2024-01-26,,
2300,5156,3940,2025-11-16,,2025-11-21
2525,2211,1540,2024-09-01,2024-11-01,
2570,6252,3680,2024-04-22,,
2575,5855,4976,2024-10-13,,
2620,8263,3833,2024-09-25,,
2812,1213,2832,2025-09-28,,
3001,4382,4854,2025-02-09,,
3089,5032,171,2025-04-24,,2025-07-31
3234,1662,1545,2024-08-29,,
3348,6302,3421,2024-06-29,,2025-06-13
3449,1232,4834,2025-02-02,,
3627,1152,3838,2024-09-12,,2025-08-28
4016,3348,3567,2025-10-13,,2025-11-18
4220,9532,3108,2024-09-07,,
4445,7771,3489,2024-12-08,,
4609,7287,4,2024-11-21,,2025-03-10
4756,5341,3810,2025-11-30,2025-12-12,
4778,5133,4568,2024-01-05,2024-03-15,
4803,9678,1043,2024-12-06,,
4820,3200,2858,2025-05-09,,
5103,2958,2265,2025-09-09,2025-12-11,
5434,1734,2340,2024-04-13,,
5454,5491,3394,2024-01-24,,
5477,4757,4220,2025-11-10,,
5578,9413,791,2025-07-23,2025-10-25,
5628,4822,4747,2024-04-19,,
6068,3282,633,2024-07-13,,
6113,388,1739,2025-09-17,,
6273,5059,699,2025-11-20,,
6350,2287,4144,2023-12-29,,
6598,7094,243,2024-11-29,,
6621,6670,3596,2025-04-27,,
6802,7082,2792,2024-04-18,2024-09-19,
6946,6238,2639,2025-07-04,,
7126,2234,2467,2025-06-10,,
7373,7661,2934,2024-01-05,,
7761,4226,2938,2025-02-05,2025-08-04,
7984,4906,1327,2025-01-11,2025-03-04,
8209,324,4912,2025-08-14,,
8309,6115,467,2024-04-03,,
8454,2116,3556,2025-07-30,,
8532,9699,4888,2025-07-14,,
8855,4482,428,2025-07-25,2025-11-08,
9063,2619,3796,2024-04-09,,
9137,9915,2472,2025-11-06,,2025-11-08
9187,7611,846,2025-07-16,,
9257,7790,785,2024-02-11,2024-04-21,
9465,4234,2530,2025-10-09,,
9500,4494,4211,2024-11-02,,
10081,531,4273,2024-03-26,2024-04-16,
10140,8566,4089,2024-11-15,,
10168,1292,460,2024-11-14,,
10546,900,3579,2024-06-17,,2024-08-15
10649,5402,4712,2025-09-29,2025-10-31,
10770,924,4019,2025-04-26,,
11183,3292,2611,2024-08-08,,
11524,5908,1204,2025-05-24,,2025-09-28
11718,9873,4545,2025-10-12,,
11782,4604,3520,2025-03-12,,2025-11-16
11820,740,1815,2024-10-16,,
11831,1972,1188,2024-09-18,,
11835,1268,392,2024-07-16,2024-10-01,
11836,2684,2071,2024-10-09,,
12012,7833,4202,2024-11-21,,2025-06-20
12129,7809,1008,2025-01-23,2025-02-11,
12173,7936,2975,2025-09-13,,
12228,8118,2856,2025-10-26,,2025-12-17
12273,6149,1209,2024-02-02,,
12369,6215,2980,2025-04-19,,
12565,5341,4708,2025-12-10,,2025-12-17
12817,9216,2085,2024-12-25,,2025-01-23
12909,2632,1661,2025-12-05,2025-12-24,
13158,9668,3405,2024-02-03,,
13279,5803,4707,2025-12-19,,2025-12-20
13476,4123,2515,2025-04-27,2025-05-26,
13781,3981,950,2025-12-07,,
13822,3550,68,2025-04-05,2025-05-17,
13950,173,3551,2025-05-03,,
14053,7616,1345,2025-10-29,,
14401,2297,1358,2025-12-08,2025-12-15,
14533,4504,3602,2025-07-12,,
14837,9404,609,2024-03-16,,
15011,7170,4279,2025-06-28,,
15859,2538,2384,2024-10-18,,
16015,3291,2877,2025-12-05,,
16044,6985,4046,2024-05-11,,
16353,5458,2108,2024-06-07,,
16443,7290,153,2024-10-27,,
16511,5744,3923,2025-03-19,,
16908,1126,2168,2024-03-29,2024-08-30,
17311,1227,2415,2024-05-07,,
17474,1012,3778,2025-04-04,,
17588,8778,1891,2025-10-07,,
17620,8546,996,2025-04-01,2025-06-26,
17721,5583,1154,2025-12-02,,
17878,4119,3897,2025-03-14,2025-08-26,
18091,9765,6,2025-06-02,2025-08-08,
18250,380,3676,2024-10-29,2025-03-08,
18377,1230,501,2025-06-15,2025-10-25,
18403,9370,3133,2024-11-22,,
18429,3888,2747,2024-10-18,,2025-08-11
18432,4904,1690,2025-09-04,,
19260,6469,3801,2024-07-04,,
19296,7442,146,2024-11-21,2025-01-08,
226,6490,3097,2025-05-11,,2025-09-08
526,5255,1976,2024-12-06,,
562,8349,1712,2025-11-11,,
615,3342,1171,2024-12-22,2025-06-05,
729,3741,4597,2025-09-09,,
941,2545,1106,2024-04-11,,
947,3265,3754,2024-10-19,,2024-12-31
1122,8854,2233,2025-09-16,,
1250,7550,3188,2024-06-29,,2025-05-12
1290,5864,1968,2025-09-05,,
1721,3492,4438,2025-04-12,2025-08-13,
1994,8253,2225,2025-12-23,,2025-12-24
2158,977,4803,2025-01-12,,
2176,6142,84,2025-10-14,,
2269,4231,1357,2024-07-28,,
2301,8506,3111,2025-03-20,,
2330,8357,4387,2025-12-14,2025-12-24,
2581,5142,839,2025-03-12,,
2744,2272,4265,2025-03-16,,
2917,4716,614,2024-06-09,,
3160,8572,4767,2025-09-08,2025-12-21,
3855,4123,4954,2024-05-11,2024-06-03,
3862,4303,1929,2025-12-18,2025-12-25,
4127,9074,2958,2024-05-04,,
4232,18,2976,2025-12-17,,
4637,3356,1198,2024-01-21,2024-05-26,
4936,9994,3495,2024-09-19,,2025-04-26
5009,8049,1359,2025-10-13,,2025-11-18
5251,9029,769,2024-12-25,,2025-07-09
5381,3,1890,2024-02-16,,
5870,976,2085,2025-12-19,,
5971,3441,2536,2024-10-25,,
6556,6020,4736,2024-01-30,,
6660,2896,3394,2025-06-08,,
7257,871,2840,2024-03-08,,2024-04-03
7358,1353,3551,2024-10-29,,
7777,7518,3714,2025-06-23,,
7845,9403,4116,2025-11-07,,2025-12-06
7917,3895,317,2025-07-05,,
8060,8838,1582,2025-02-06,2025-07-07,
8548,1912,821,2024-11-24,,
8769,1777,917,2024-12-01,,
9764,8943,2879,2024-12-17,2025-01-14,
10254,7765,4447,2025-12-09,,2025-12-19
10415,2768,4408,2025-10-16,,
10473,3633,1642,2025-09-04,,
10669,4748,2874,2025-01-10,,
10711,4842,4885,2025-03-17,,2025-12-07
11089,3283,3353,2024-06-23,,
11396,6603,3438,2024-10-10,,
11427,4791,2568,2025-09-14,,
11568,9583,3728,2024-12-22,,
11569,3006,1118,2024-03-06,,
11630,827,2635,2024-02-21,,
11888,3364,1859,2025-12-18,,
12028,7726,522,2025-10-23,2025-11-24,
12094,6658,461,2024-06-22,,2025-04-28
12239,4326,1352,2024-12-12,,2025-04-18
12255,2482,3593,2025-09-12,2025-10-16,
12340,3593,1297,2025-10-03,,
12608,1115,2018,2025-10-02,2025-11-27,
12631,8813,2225,2024-12-28,,2025-12-11
12851,8217,1407,2024-07-16,,
12880,1945,4314,2025-12-23,2025-12-25,
13104,6231,180,2025-06-07,,
13358,1295,739,2025-05-27,,
13540,9240,3606,2024-04-21,,
13595,5725,450,2025-06-02,,
13766,3731,4118,2025-09-13,2025-10-27,
13782,6424,4354,2024-08-01,,2025-04-25
13792,9299,2940,2025-06-28,2025-09-08,
13861,2258,1058,2024-03-27,2024-07-05,
13914,3127,102,2025-11-09,,
14062,9851,3537,2024-08-12,,
14380,8897,4209,2024-09-14,,
14528,4704,444,2025-08-23,2025-09-15,
14995,7032,1283,2025-10-05,,
14997,5685,1047,2024-07-13,2024-08-03,
15061,7552,516,2024-09-04,,
15065,6493,53,2024-09-20,,
15206,4787,4679,2025-08-18,,2025-09-24
16206,3969,1682,2024-06-27,,
16221,6991,4045,2024-12-19,,
16645,1529,1509,2025-10-21,,
16757,895,139,2024-11-28,,2025-03-08
16898,7710,863,2025-06-21,2025-08-14,
17129,7993,4042,2025-11-12,,
17405,8337,1179,2024-08-19,,
17459,1566,2358,2024-09-20,,
17574,4793,4879,2025-11-15,2025-11-26,
18092,5289,1747,2024-10-07,,
18127,9469,4755,2025-12-03,,
18404,665,1588,2024-03-22,,
18437,8554,4730,2024-11-09,,2025-01-07
18494,8348,2350,2024-11-24,,
18808,8073,388,2025-10-16,2025-12-22,
18968,8974,1118,2025-03-07,2025-05-05,
19535,38,1455,2024-05-17,,2024-06-19
19762,6747,3252,2025-03-23,2025-04-24,
19907,5153,4201,2025-02-11,2025-07-26,
19938,9674,396,2025-11-24,,
45,3740,3332,2025-02-12,,
84,230,4025,2024-01-13,2024-04-10,
590,6157,1571,2025-07-15,,
649,3008,1806,2024-01-04,2024-03-01,
672,7167,4385,2025-01-28,2025-03-24,
830,6957,2919,2025-02-01,,
831,2758,493,2024-11-26,,
929,7652,2063,2025-08-03,,
1614,7237,608,2025-01-02,2025-04-25,
1718,760,729,2024-11-19,2025-04-09,
1879,3348,723,2025-08-22,,
2371,8735,1267,2025-06-05,,2025-12-14
2821,7253,4678,2025-12-20,,
2945,5874,3276,2024-09-29,2024-11-29,
3097,6708,3133,2024-09-15,,
3252,4737,1902,2025-08-01,,
3367,9205,1177,2025-08-29,,
3981,220,1106,2025-03-24,,2025-11-06
4110,3802,1085,2024-01-19,,
4207,3088,3242,2025-12-13,,
4382,3842,669,2025-10-28,2025-12-23,
4641,5063,4308,2024-05-02,,
4876,8212,3812,2024-08-03,,
5206,982,2211,2025-02-18,,
5231,1190,1113,2024-09-21,,
5363,4270,3146,2025-06-24,,2025-07-08
5423,9693,1158,2024-12-06,,
5556,4163,4917,2025-11-25,,2025-11-30
5964,1169,547,2024-09-28,,
6278,6643,1604,2025-11-08,,
6500,439,3683,2025-10-26,,
6580,1009,1198,2025-01-19,,
6625,3632,4897,2024-09-19,,
6718,9079,2735,2025-03-09,,2025-11-30
7194,6862,2125,2025-11-26,,2025-12-19
7324,8409,272,2025-03-24,2025-08-08,
7386,3981,3723,2025-12-10,,2025-12-24
8343,1623,2149,2025-11-16,,
8438,9265,1489,2025-07-21,2025-09-07,
8523,5957,936,2025-10-30,,
8739,3067,2762,2024-11-07,,
8921,4988,4450,2025-12-02,,
8970,2161,2243,2025-01-21,,
9344,2644,1604,2025-03-19,,2025-06-26
9511,4542,520,2025-12-24,,
9652,9207,1008,2024-02-12,,
9754,7186,368,2024-04-27,,
10042,1930,4649,2024-02-14,,2024-12-17
10438,3839,285,2025-12-21,,
10663,1718,4436,2025-09-03,,2025-11-30
10795,1415,4867,2025-09-30,,2025-12-07
11042,859,1584,2025-04-09,2025-07-03,
11673,8011,3354,2024-06-22,,2025-03-09
11806,260,3865,2025-04-16,,
11885,8268,1759,2025-01-08,,
12084,5945,4066,2025-06-10,,
12153,3901,3788,2024-03-27,,
12225,426,3066,2025-11-09,,
12707,5452,1295,2025-01-26,,2025-03-20
12767,790,1712,2025-10-07,,
13077,315,750,2025-10-03,,
13122,1353,434,2024-12-29,,
13307,5022,1729,2025-06-11,,
13311,4688,1927,2024-04-11,,2024-08-30
13423,8005,1306,2025-04-15,,2025-10-17
13643,1156,4591,2024-10-08,,
13857,3019,802,2023-12-27,,
13934,2821,406,2025-02-11,,
14042,9700,725,2025-09-30,2025-12-08,
14267,2257,1577,2025-03-23,,
14278,2909,4151,2024-03-15,,
14330,8957,2235,2025-09-15,2025-11-12,
14371,8537,2223,2025-01-24,2025-06-26,
14432,1267,276,2025-05-18,2025-08-21,
14832,5668,3260,2024-12-31,,2025-02-07
15054,944,373,2025-06-23,,
15580,4768,1299,2025-01-05,,
15932,3257,1367,2024-10-03,2025-01-24,
16195,4590,4060,2024-07-15,,2025-04-17
16412,6130,633,2025-03-14,2025-04-01,
16580,9218,3675,2025-01-12,,
16731,173,3946,2025-01-21,2025-02-10,
16909,6368,4637,2025-07-13,2025-11-05,
16913,9572,1038,2024-10-27,,2025-08-12
17412,8064,1358,2024-02-10,,
17822,8252,1876,2024-07-07,2024-10-01,
18132,9884,327,2025-07-29,,
19227,4709,4407,2025-06-14,,
19532,1926,4395,2025-09-09,,
19544,7790,2715,2024-07-16,,
19789,8130,494,2024-02-09,2024-03-06,
25,521,1265,2024-12-19,,
32,6871,639,2024-09-18,,
801,9203,3896,2024-10-09,,
948,6637,1809,2025-04-20,,
1313,1344,50,2024-10-12,2024-11-12,
1370,7000,4489,2024-09-10,,2024-12-28
1394,9737,106,2024-11-29,,2025-01-03
1772,3646,4360,2024-12-20,,
1986,8281,4079,2025-09-22,,
2052,654,2647,2025-07-02,2025-11-03,
2306,3617,1069,2025-12-02,,2025-12-21
2507,6637,1947,2024-09-05,2024-12-31,
3137,7475,3593,2025-07-19,,2025-09-20
4097,3703,2699,2025-03-30,,
4399,5029,301,2025-06-19,,
5029,4074,4639,2025-01-13,,
5178,8212,4440,2024-11-11,2025-03-21,
5185,6515,2549,2025-02-18,,
5200,5834,2114,2024-09-17,,2025-02-02
5418,788,460,2024-02-18,2024-03-26,
5598,8257,723,2024-01-10,2024-05-21,
5911,3493,3599,2024-01-25,,
5916,6910,575,2025-12-14,,2025-12-18
6024,6398,1821,2025-07-04,,
6049,9247,1179,2025-11-26,2025-12-12,
6074,936,4856,2025-04-28,,
6448,6773,3323,2024-09-18,2025-01-12,
6743,2560,949,2025-12-15,,
7197,5935,431,2024-03-08,2024-05-16,
7234,2475,3506,2023-12-29,2024-04-16,
7319,6114,3892,2025-10-07,,
7752,5556,3666,2024-12-26,2025-05-21,
8715,4559,941,2024-10-12,,
8724,1193,372,2024-03-22,,
8761,178,990,2024-10-13,,
8874,440,2392,2025-03-27,,
9409,6194,2955,2023-12-26,,
9847,7625,1168,2025-09-16,,
9980,1890,1327,2025-10-15,,
10280,1870,4726,2024-12-17,,
10724,8327,1404,2024-11-19,,
10771,7115,10,2025-01-28,,
11088,7075,26,2025-10-31,,
11104,3220,4601,2025-03-05,,
11619,510,3653,2024-09-23,,
11798,1204,2860,2025-10-24,,
12029,8562,2982,2025-10-15,2025-11-07,
12403,9098,1962,2024-07-28,2024-08-25,
12504,4742,65,2024-08-08,,
12960,7255,3349,2024-05-30,,
12972,1783,1256,2024-12-22,,
13145,3071,2965,2024-12-11,,
13152,9628,1995,2024-05-14,,
13197,9501,883,2025-04-15,,2025-10-28
13353,8202,645,2025-06-29,,
13536,9429,1878,2024-05-22,,
13637,6462,2211,2025-03-23,,
14519,5442,3511,2024-05-27,,
14616,4853,396,2025-12-11,2025-12-21,
14780,7133,3029,2025-08-29,,
15167,5039,415,2024-03-03,,2024-12-06
15176,9069,1135,2025-06-07,,
15194,9877,3884,2025-01-02,,
15494,9474,1810,2024-03-11,,
15630,8494,188,2024-09-13,,
15758,9480,1715,2024-08-28,,
15858,1690,4201,2025-10-15,,
15931,9234,1750,2024-10-11,,2024-11-27
15946,5892,1294,2024-03-11,2024-04-13,
15990,9402,40,2025-04-06,,
16528,2644,3680,2025-01-12,,
16563,4624,3857,2025-10-22,,2025-12-24
16622,3848,2389,2025-09-05,,2025-10-08
16781,2681,680,2025-06-23,,
16820,4726,4807,2024-07-14,,
16849,1413,4986,2025-10-31,2025-11-16,
17322,8021,383,2024-11-08,,
17675,8417,2236,2024-01-03,2024-02-05,
18204,3265,2630,2024-08-24,,
18406,6137,1811,2024-12-13,,
18407,5789,1440,2025-01-11,,
18634,784,366,2025-07-30,,
18829,7394,2266,2024-09-04,2025-02-22,
19079,4341,3422,2025-06-21,,2025-08-31
19218,4426,1948,2025-01-28,2025-06-08,
19348,4187,1679,2024-07-16,,
19356,4191,1975,2024-07-25,2024-10-12,
19763,2590,4145,2024-03-16,,
19966,4822,3301,2024-11-23,2025-02-14,
23,8365,4757,2025-04-11,2025-08-21,
177,3811,2388,2025-04-01,,
216,8043,3571,2025-07-16,,
297,8740,3354,2025-08-03,,
303,2647,1415,2024-06-16,2024-06-27,
1006,7976,1253,2024-08-20,,
1442,5516,1280,2025-11-21,,2025-12-24
1537,246,3215,2025-11-16,,
2231,8457,1025,2025-10-18,2025-11-25,
2351,7962,538,2025-01-21,2025-03-09,
2410,328,38,2025-01-14,,
2827,6255,1091,2025-02-28,2025-08-07,
3344,850,826,2024-04-16,,
3733,4709,4492,2024-08-03,,2024-11-12
4546,7292,3886,2024-11-20,2025-01-19,
4752,4310,1198,2025-12-02,,2025-12-09
5168,7634,2197,2025-09-08,,
5263,5381,404,2024-02-16,,
5380,6193,1611,2025-09-15,2025-12-23,
5619,1665,2733,2024-06-04,2024-09-15,
5754,705,2064,2024-09-30,,
5844,6469,2656,2025-01-07,2025-04-22,
5903,9854,611,2024-10-30,,
6168,6101,3710,2025-03-04,2025-06-26,
6468,7729,2460,2025-08-27,2025-09-15,
6763,2127,4311,2025-08-15,2025-09-23,
6929,2016,4361,2025-05-05,,
7388,6949,2820,2024-11-09,,
7583,569,4579,2025-08-30,,2025-10-03
7637,3452,1648,2024-06-06,,2024-10-22
7765,5217,3363,2025-11-24,,
8231,3049,1369,2024-09-22,,
8328,8595,3737,2025-04-16,,
8531,9187,3495,2024-04-24,,
8588,4713,2688,2024-07-22,2024-12-26,
8796,1802,4592,2025-11-26,2025-12-23,
8909,3948,2486,2024-01-04,2024-06-17,
9146,3481,740,2025-09-04,,
9439,7211,2394,2025-01-02,,
9598,7117,319,2024-02-04,2024-05-16,
9657,6188,914,2024-11-09,,
9720,8299,3581,2024-02-27,,
9930,6836,2724,2024-12-07,,
10375,8870,719,2024-03-15,2024-07-21,
10805,3687,4077,2025-09-06,,
10806,5295,1187,2024-12-11,2025-04-02,
11748,5261,1088,2024-12-21,,
11796,1075,2093,2025-01-14,,2025-02-26
11813,8225,2284,2024-07-08,,
11846,334,2104,2024-10-01,,
11991,4445,2090,2025-12-10,2025-12-23,
12223,6403,4730,2025-04-05,2025-09-21,
12288,5896,1561,2024-01-23,,
12402,8439,2389,2025-04-10,,
12538,8889,2972,2024-09-02,,2025-07-26
12982,8069,608,2024-10-01,,
13146,8348,386,2025-01-11,,
13263,6251,1827,2024-07-06,,
13349,7538,302,2024-06-17,,
13452,3377,3230,2025-09-13,,
13713,2601,3535,2025-12-04,,
13890,6798,3021,2025-10-25,2025-12-10,
13894,2772,1118,2024-05-28,,
13977,3974,767,2025-04-26,,
13981,3384,36,2024-02-09,,
14679,4218,4575,2024-03-23,,2024-12-10
14695,4174,334,2025-12-24,,
14772,8278,1457,2025-07-24,2025-08-08,
14784,2385,1874,2025-05-15,,
14966,2347,3347,2024-11-28,,
15009,7725,3187,2025-09-11,,
15479,7101,4782,2025-07-08,,
15760,3660,463,2025-07-29,2025-10-18,
15970,5637,3705,2024-05-06,,
15979,2346,3821,2025-12-12,,
15986,8210,4442,2024-10-30,,
16046,2244,3670,2025-08-27,,
16313,2973,2916,2025-11-07,,
16414,9054,1245,2024-02-27,,
16490,1932,1622,2024-03-01,,
16543,4197,3617,2025-10-19,,
16703,5751,2627,2025-03-10,,2025-06-24
17067,7607,3263,2024-01-14,,
17223,4243,2715,2025-02-08,2025-07-19,
17278,9926,1524,2024-04-08,,
17298,8339,2899,2025-02-13,2025-05-17,
17300,1245,54,2025-04-06,,
17302,4792,2647,2025-11-27,,2025-11-30
17321,9403,2060,2025-08-10,,2025-10-01
17761,4579,1552,2025-04-29,,
17832,9542,878,2025-11-23,,2025-12-16
18116,3044,4515,2025-01-12,,
18221,7831,3006,2024-12-09,,
18495,5542,4034,2024-12-05,,
18871,811,3144,2025-12-12,2025-12-25,
19067,3625,2217,2025-06-13,,
19096,3755,589,2025-08-05,,
19292,9349,3521,2024-11-18,,
19650,847,688,2025-11-12,,
19741,380,4148,2025-06-14,,2025-07-15
19759,9394,2135,2025-12-02,,
399,3393,2884,2025-03-22,,2025-07-17
463,331,4675,2025-12-08,,
732,9637,1106,2024-02-09,,
745,4732,1078,2025-12-09,,
763,2202,1643,2025-05-25,2025-07-10,
967,6909,4310,2025-03-26,,
1349,9591,1135,2024-12-14,,
1761,27,2999,2024-02-09,,
1889,6615,4327,2025-04-02,2025-07-20,
2433,5042,3049,2025-06-09,,
2748,2056,3965,2024-12-16,,
2798,5112,1310,2025-01-01,,
3049,2105,1779,2025-10-12,,
3201,7402,3422,2024-02-27,,
3948,7003,1525,2025-01-01,,
3955,697,1631,2024-12-31,,
4339,5410,1054,2024-08-02,,
4686,1180,2248,2025-07-11,,
4811,8053,3279,2025-09-16,,
4899,675,3188,2025-10-15,,
5773,9433,4511,2025-04-26,,
5951,4474,758,2025-05-05,2025-07-04,
5993,7609,4672,2025-03-30,,
6114,2271,707,2025-01-11,,2025-07-01
6151,1815,3481,2024-10-02,,
6313,2456,640,2025-10-24,,
6419,6386,769,2025-03-12,,
6492,8162,665,2024-07-24,,
6708,457,2898,2024-07-07,,
6806,3814,1561,2025-09-23,2025-12-08,
7097,4519,702,2024-06-12,2024-07-26,
7109,9760,1127,2025-03-31,,
7226,4005,4019,2024-10-13,,
7270,7778,1689,2024-01-24,,
7458,4731,2884,2025-12-23,,
7580,3689,4581,2025-01-26,,
7874,2970,2814,2024-03-08,,
7969,5900,1323,2025-11-07,,
8234,2337,2593,2024-04-22,,
8254,331,3410,2023-12-27,,
8288,9186,2717,2025-04-03,,
8417,598,681,2025-03-08,2025-07-06,
8470,6630,2318,2024-12-24,,
9411,9449,3007,2025-05-21,,
9776,9849,1804,2025-11-05,,2025-12-13
10359,8853,4993,2024-06-20,,
10389,7030,702,2024-03-31,,
11214,8662,4977,2025-08-18,2025-09-20,
11286,8311,203,2025-12-15,2025-12-25,
11319,5050,3338,2025-07-15,,
11415,2055,317,2024-01-21,,
11433,3174,3097,2024-09-14,2024-11-04,
11488,6918,3125,2025-05-23,,2025-06-16
11981,7195,2175,2024-05-06,,
12031,6991,3240,2025-12-24,,
12278,7392,3443,2025-05-22,2025-07-09,
12333,9732,1774,2025-11-08,,
12377,2427,4867,2025-07-24,,
12389,5432,4634,2025-09-04,,
12528,320,4330,2024-07-30,,
12694,9370,2451,2024-01-25,,
12877,537,3387,2025-11-05,,
13096,797,1225,2025-10-23,,2025-12-21
13254,8167,4719,2024-01-29,2024-06-09,
13402,5350,196,2024-01-18,,
13510,3746,2891,2024-09-07,,
13551,5343,1800,2025-07-24,,
14004,6948,836,2025-12-23,,
14260,1442,1928,2024-04-13,,
14318,666,4524,2024-01-10,,
14450,7101,1986,2024-05-07,,
14532,5026,2499,2024-07-27,,
14764,3219,55,2024-07-02,,
14839,273,1010,2024-06-09,,
15006,7559,1332,2025-04-14,2025-09-02,
15185,4720,1387,2024-04-08,,2024-12-07
15218,8442,3915,2024-02-07,2024-05-10,
15553,5381,408,2024-01-21,,2024-12-18
15836,5940,2421,2024-08-12,,
15871,9089,1904,2024-10-07,,
15962,8255,1180,2024-03-11,,
15968,6566,2857,2025-11-08,2025-12-16,
15978,6737,3321,2024-04-13,,
16005,3161,1409,2025-01-12,,
16164,5531,3139,2025-07-14,2025-11-13,
16421,8500,2859,2024-06-25,,2025-02-15
16486,7056,1290,2025-02-03,,
16561,300,1176,2025-05-15,,2025-05-21
16649,4096,751,2024-05-25,,
16676,2244,3885,2025-10-09,,
16680,9101,4252,2024-03-12,,
16704,8013,2264,2025-06-04,,
16948,914,1317,2025-05-15,2025-05-25,
17168,9211,3574,2024-02-24,2024-04-30,
17329,7614,1461,2024-04-07,,
17460,2484,4324,2025-08-14,,
17472,6952,1267,2025-09-22,,
18470,109,272,2025-06-08,,
18486,1077,994,2025-05-23,2025-07-14,
18870,4975,3101,2025-09-04,,
19169,4889,2345,2024-12-06,,2025-08-28
19270,8274,34,2024-03-14,,2024-07-02
19347,3652,2013,2024-04-08,,2025-01-23
19490,973,34,2024-10-13,,
292,4196,1473,2024-07-17,,
410,4828,1461,2025-05-25,,2025-09-14
421,2370,3649,2024-12-15,,
488,2386,4979,2025-08-17,,
996,6544,2087,2025-08-07,2025-10-19,
1357,3317,496,2024-11-10,,
1420,1539,800,2025-11-05,,
1485,7593,3927,2024-05-10,2024-10-20,
1747,1178,4,2025-09-29,,2025-12-09
1878,5378,2849,2025-12-19,,
1953,4506,1183,2025-04-07,,2025-08-08
1987,5107,1622,2024-10-22,,2025-05-20
2004,4554,503,2024-09-03,2024-11-04,
2094,7748,1653,2025-09-05,2025-09-29,
2123,4315,2977,2025-02-21,,
2206,4468,320,2025-03-22,2025-04-01,
2216,3526,3617,2025-06-09,2025-10-02,
2390,3162,4613,2024-11-18,2024-12-11,
2517,1730,3169,2024-10-02,2024-12-21,
2841,1801,3793,2025-06-02,,2025-11-13
4056,7606,1244,2024-08-23,,
4341,8073,3126,2025-07-08,,
4735,4955,4747,2025-04-05,,
4881,1127,114,2024-09-26,,
4989,6145,2928,2024-07-22,2024-10-10,
5271,1241,4498,2025-02-24,,
5284,3904,2721,2025-01-20,,
5409,5575,4240,2024-03-31,,
5633,5244,4212,2024-08-14,,
5891,2840,2945,2025-07-23,,
5937,7963,934,2025-07-13,,
6030,9989,3427,2025-11-28,,
6048,9106,2638,2024-11-23,,
6423,2213,446,2024-01-18,,
6462,9513,488,2025-11-30,,
6558,8646,502,2024-08-25,,2025-03-24
6683,2524,614,2025-03-26,2025-05-14,
6864,4297,3887,2025-12-22,2025-12-25,
7284,8898,4767,2025-05-04,,
7289,1692,4927,2025-08-20,2025-09-15,
7525,7768,1756,2025-09-14,,
7890,600,2746,2025-09-25,,2025-10-04
7989,3701,3722,2024-03-10,2024-05-24,
8242,7725,3768,2024-04-19,2024-09-13,
8286,2555,216,2025-05-11,,
8300,7018,1231,2025-03-30,,
8371,9017,371,2025-05-24,,
8524,21,4301,2024-01-07,,
8562,3784,1720,2025-03-16,,
8713,1626,1932,2025-07-28,,
8747,3005,3892,2025-08-05,2025-09-28,
9288,7423,4973,2025-04-10,,
9629,9206,1231,2025-05-20,,
9723,7032,2418,2025-12-11,2025-12-19,
9954,8671,3021,2025-06-29,,
10038,3157,793,2024-12-12,,
10264,9824,344,2025-08-01,,
10268,8461,3032,2025-05-24,,
10694,8612,3863,2025-09-23,,
11082,8321,3160,2025-03-15,,
11469,5908,4138,2025-05-01,,
12017,1069,1677,2024-09-15,,2024-10-26
12069,3689,2562,2024-09-15,2024-09-23,
12099,6368,2590,2025-08-20,,
12242,4239,1826,2025-07-11,2025-08-12,
12269,3308,68,2024-04-01,,
12497,500,4996,2025-03-25,,
12550,6871,1238,2024-05-16,,
12684,3976,1523,2024-12-20,2025-04-09,
12690,3995,285,2024-08-09,2024-11-11,
12994,9714,467,2024-12-12,2025-04-13,
12999,4346,1140,2024-05-21,,
13310,5902,1469,2025-11-14,,
13833,296,2682,2025-06-23,2025-06-30,
14309,3372,3873,2024-10-18,,2025-08-22
14433,552,4737,2025-05-27,,
14595,6856,856,2025-01-21,,
14644,6916,4031,2025-08-28,,
14908,4177,4340,2025-10-20,2025-12-04,
14994,8094,2362,2024-04-23,2024-09-08,
15094,4098,1415,2024-05-16,,
15315,6237,3511,2024-03-22,,
15629,2193,3509,2024-10-28,,
15924,8440,3262,2024-01-14,,2024-06-01
16264,8547,2614,2025-09-22,,
16603,4138,3168,2024-06-08,,
16654,5896,3497,2024-12-12,,
17156,9539,2438,2025-07-03,,
17180,5659,57,2024-10-06,,
17205,1688,1868,2024-10-01,2024-10-24,
17720,5787,3682,2024-12-12,,2025-07-01
17758,9251,487,2024-01-19,,
17770,8624,3654,2025-05-10,,
17773,1092,4058,2024-09-14,,
17871,347,3737,2024-03-01,,
18367,2955,970,2025-04-22,,
18400,5305,4089,2025-08-02,,
18469,5042,2697,2025-11-12,,
18483,3022,186,2024-01-21,2024-05-03,
19004,4586,4761,2025-11-13,,
19631,5248,4557,2025-12-09,,
19692,53,1176,2024-10-12,,
19765,2330,3077,2025-05-07,,
19815,6192,2545,2025-12-05,2025-12-14,
19817,3979,4800,2024-11-16,,
19858,6377,1600,2024-09-06,,
19871,794,2555,2024-05-12,,2024-06-30
27,5311,3160,2024-11-24,,
461,7520,3473,2025-10-05,,
500,5840,4050,2024-06-19,,
510,7719,2052,2025-05-19,,
1013,7184,3586,2024-07-04,2024-11-06,
1137,3008,3349,2025-03-16,2025-07-16,
1509,2328,2960,2025-07-28,,
1559,3483,1195,2024-06-12,2024-08-25,
1769,5184,3085,2025-07-23,,
1966,9629,4964,2025-08-04,2025-08-28,
2635,321,3371,2024-12-20,2025-04-12,
3154,2196,4686,2025-07-30,,
3606,6132,4270,2025-08-05,,
3658,8140,4204,2025-06-26,,2025-09-14
3696,3257,1731,2024-12-07,,
3779,5560,1490,2025-08-11,,
4039,4824,2677,2025-02-04,,2025-09-25
4043,2787,3577,2025-02-26,,
4115,5203,501,2025-07-25,,
4337,7014,3945,2025-05-23,2025-09-07,
4568,9456,1049,2024-01-30,2024-07-19,
6196,5363,570,2024-10-20,2025-03-04,
6197,9799,3715,2025-03-10,2025-03-31,
6391,3464,368,2025-10-07,,
6413,5790,90,2024-03-19,,
6572,9422,1344,2025-09-11,,2025-12-17
6826,4617,2585,2024-04-22,,
6918,469,3041,2024-04-26,,2024-09-10
8464,673,3942,2024-12-22,,
8908,8038,867,2024-09-13,,2025-05-09
9133,3566,150,2025-01-25,2025-02-14,
9227,579,4834,2025-12-07,,
9908,4230,1574,2024-08-25,2025-01-24,
10069,7236,547,2024-09-16,,2025-03-19
10402,196,901,2025-02-10,,
10642,491,1395,2025-12-16,2025-12-25,
10810,8712,2087,2024-08-13,,
10925,2403,3292,2024-01-23,,
11054,7220,3635,2025-03-28,,
11055,936,4478,2025-02-23,,
11297,6634,2055,2024-11-07,,2025-06-11
11596,1354,2411,2024-08-24,,
12386,5537,1290,2025-11-01,,
12395,6431,2913,2025-01-24,,2025-02-04
13240,805,2246,2025-03-23,,
13410,3656,827,2025-10-20,,
13426,4691,504,2025-01-17,,
13464,2884,1683,2025-09-06,,
13601,1595,2956,2025-01-28,,
14263,154,1757,2024-08-10,,
14980,9928,1301,2024-07-04,2024-07-24,
15252,6196,411,2025-08-11,2025-10-13,
15427,9293,4553,2025-03-04,,
15489,4826,2628,2025-02-26,,
15618,3283,2776,2025-03-12,,
15678,8576,569,2024-04-03,,
15696,4216,2644,2024-03-10,,
15806,9823,4014,2024-04-27,,
16455,1227,2983,2024-12-25,,
16495,4021,727,2025-04-01,2025-08-01,
16595,6980,1501,2024-04-04,2024-06-25,
17226,1910,206,2024-05-21,,2024-09-20
17393,9647,860,2025-04-14,,
17406,1665,2421,2024-05-28,,
17870,6085,2269,2024-10-12,,
17988,7338,47,2024-05-21,,
18205,8846,1510,2025-02-03,,2025-04-17
18545,5857,1893,2025-08-12,,2025-11-05
18567,4731,3933,2024-08-30,2025-01-17,
18744,229,2528,2025-11-15,,
18802,1583,97,2024-06-09,,
18860,9459,3644,2025-06-16,2025-11-01,
19392,6333,3417,2025-03-16,,
152,9431,4167,2024-10-15,,
658,167,1027,2025-07-10,,
724,804,4162,2024-01-20,,
859,2176,491,2024-02-16,,
1047,2256,2958,2024-11-19,,2025-01-16
1160,7050,3751,2025-10-26,,2025-10-28
1259,9629,4457,2025-10-29,,
1506,3961,1708,2025-07-23,,2025-08-13
1654,6647,3236,2024-08-09,,
1765,9986,3331,2024-01-22,,
1866,7543,709,2025-07-04,,2025-08-13
2156,1731,275,2025-07-06,,2025-10-25
2195,7253,2383,2025-09-26,,
2337,1769,3371,2025-12-23,,
2379,7459,2155,2025-10-02,2025-12-25,
2382,1914,680,2024-03-06,,2024-07-27
2409,7161,520,2024-12-15,,
2460,2032,3289,2025-09-09,,
2915,216,4761,2025-08-11,,
2956,3192,1859,2024-01-01,,2024-03-20
3797,3308,479,2025-08-18,,
3836,2992,2825,2025-05-31,2025-07-22,
4246,3857,431,2025-02-09,2025-08-03,
4535,600,291,2025-10-07,,
4552,89,3863,2024-11-16,,2025-05-15
4761,9969,460,2024-01-26,2024-02-03,
5150,3938,512,2025-12-18,,
5227,7324,3679,2025-11-22,2025-12-18,
5490,4959,4312,2025-11-04,,
5820,219,3907,2025-03-31,2025-09-01,
6925,2093,172,2025-03-20,,
6950,3999,2280,2024-03-18,,
7018,6750,869,2024-04-06,,
7275,2946,4989,2025-07-22,,
7568,9727,3785,2025-06-21,,
7760,1752,3160,2024-02-08,,
7912,2772,4532,2024-02-03,,
7916,2783,741,2025-07-29,,
7925,8309,3120,2025-03-06,,
8208,2700,2680,2024-08-22,,
8442,6008,731,2024-09-15,,
8712,3708,2074,2025-06-04,2025-06-14,
9383,3799,3920,2025-01-02,2025-05-12,
9612,2407,2469,2025-01-02,,2025-03-06
9624,3760,2537,2023-12-30,,
9670,1108,2434,2025-08-08,2025-12-23,
10064,6595,4331,2024-06-12,2024-09-07,
10210,9912,268,2025-11-28,2025-12-25,
10316,6507,4504,2025-02-02,2025-02-09,
10441,261,3634,2025-11-17,,
10474,2530,1667,2025-06-22,,
10912,2472,3117,2024-11-18,,
11215,462,4483,2025-10-02,,
11350,464,4352,2025-03-20,,
11551,6980,2324,2024-08-11,,
11648,7735,4100,2025-07-24,2025-09-04,
11843,4520,2916,2025-01-01,,
11985,5093,115,2024-04-09,,
12066,1353,4652,2024-12-11,,
12343,684,467,2025-09-08,2025-12-22,
12375,8431,1846,2024-02-07,2024-04-19,
12428,6993,4354,2024-06-17,2024-11-06,
12573,3012,4811,2025-09-12,,
12574,9178,803,2025-04-18,2025-06-09,
12778,2574,368,2025-09-06,,
12786,7862,2972,2025-06-13,,
12815,4832,3649,2024-03-18,,
12922,7620,3053,2025-08-17,,
12929,6875,3703,2025-11-25,,
12962,2281,1019,2025-07-30,,
13112,8025,2227,2023-12-27,,
13194,7218,2357,2025-01-17,,2025-07-08
13213,6819,1855,2025-11-01,,
13664,3361,965,2024-06-12,,
14055,8816,1006,2024-04-20,,2025-03-22
14584,4899,948,2025-09-26,,
14614,260,4172,2024-10-27,,
15447,8964,1545,2025-06-18,2025-09-07,
15497,1886,4074,2025-05-31,,2025-07-15
15655,308,1988,2024-12-06,,
16180,2365,1613,2024-04-04,,
16550,4470,1288,2024-04-12,,
17170,3190,4214,2024-11-19,,
17177,3715,2522,2024-10-22,,
17236,4914,1269,2024-09-25,,
17458,8619,1615,2024-03-07,,
17596,3228,3879,2025-11-02,,
17702,5891,4611,2025-11-12,,2025-12-18
17730,2693,4015,2024-09-09,,2025-08-28
17978,6958,3086,2025-01-28,,
18023,342,831,2024-04-16,,
18142,2863,3867,2024-05-05,,
18625,5330,816,2025-10-12,,
18823,8222,2833,2024-07-05,,
19139,2899,1892,2024-11-30,2025-05-08,
19197,6014,3235,2024-04-25,,
19222,8841,4462,2025-09-29,,
19342,3535,4042,2025-08-01,2025-09-15,
19563,9105,4813,2025-04-19,,
19734,6035,1408,2025-04-12,,
19852,9620,1219,2025-03-05,2025-07-25,
19961,9293,4802,2025-02-26,,
87,4535,725,2025-04-25,,
168,4958,362,2025-02-28,,
644,8027,468,2024-09-10,,
1084,3491,4703,2025-02-17,,
1291,1926,4249,2025-10-26,,
1438,5701,2973,2025-07-23,,
1678,8133,2113,2024-12-04,2025-02-24,
2134,3040,4031,2025-08-24,2025-11-18,
2287,3174,1747,2024-12-11,,
2686,2498,3204,2025-06-08,2025-07-08,
2825,6663,3569,2025-07-10,,2025-11-21
3153,6295,4277,2024-04-01,,
3416,4210,2378,2025-03-14,2025-05-11,
3513,5198,4460,2024-11-22,,
3520,6923,2005,2025-06-05,,
3594,3970,1430,2024-06-20,,
3738,2907,1097,2025-08-19,,
4137,2067,3798,2025-09-22,,
4477,3685,565,2024-12-06,,
4591,7429,1444,2024-12-08,,
4596,3918,3119,2024-04-14,,2024-04-19
4983,8180,3230,2024-04-28,,
5094,7145,4572,2025-09-05,,
5651,5536,807,2024-03-24,2024-09-04,
5656,7119,3187,2025-04-24,,
5712,9699,2306,2024-07-25,2024-09-21,
5829,4815,2095,2024-05-15,,2024-09-22
5900,8741,2989,2024-06-06,,
5957,9969,3636,2025-09-07,,
6099,7628,947,2024-08-21,,
6287,3535,3450,2025-12-11,2025-12-22,
6424,9490,3636,2023-12-26,,
6593,1333,1697,2024-05-08,,
6751,9296,2487,2025-04-21,,2025-09-07
6788,171,212,2025-08-23,,
6957,6182,915,2024-09-12,,
6975,1332,1184,2024-11-01,2024-11-26,
7080,3917,4334,2025-10-25,2025-11-26,
7096,1277,4294,2024-08-08,2024-08-21,
7576,7012,2514,2025-12-11,,
7770,2140,714,2024-02-02,,2024-03-07
8108,2134,2141,2024-03-05,,
8383,5285,1734,2025-07-24,,2025-12-14
8413,8557,2103,2024-05-19,,2024-12-20
9179,961,3647,2025-05-15,,
9371,6979,350,2024-11-05,,2025-04-23
10083,3369,571,2024-12-25,,
10131,4505,2131,2025-10-24,,
10378,8024,376,2024-12-21,2025-04-25,
10707,1586,4045,2024-11-29,,
10836,4551,344,2024-04-06,,
10942,4886,2899,2024-02-26,2024-08-20,
10946,734,1395,2025-01-29,,
11108,7353,4735,2024-03-26,,
11376,5459,552,2024-08-18,,
11420,2512,1190,2024-08-01,2024-09-10,
11683,5633,979,2025-10-01,,2025-11-29
11764,3215,1016,2024-06-03,,
12324,2206,900,2024-09-29,2024-10-21,
12417,7028,2694,2025-11-15,,
12961,3208,1503,2024-04-03,,
13297,4662,3147,2024-12-14,,
13586,940,3873,2025-06-17,2025-12-01,
13622,7207,1967,2024-10-08,,2025-08-09
13761,113,1533,2025-02-23,2025-08-11,
13810,3614,437,2024-04-22,,
13814,4058,1874,2025-08-06,,
14422,4827,2006,2024-07-08,,
14523,4137,3770,2024-10-11,,
14653,8745,3041,2024-04-08,,
14790,3264,1309,2024-05-12,,
14847,1394,2731,2025-04-11,,
14934,7911,341,2025-11-16,,
15008,1919,4579,2024-11-02,,
15243,7179,3802,2024-08-02,2024-11-17,
15274,3994,4058,2024-03-03,,
15313,4008,4587,2024-12-17,,2025-08-07
15607,3013,96,2025-08-15,2025-09-03,
15673,9095,3411,2025-02-26,,
15764,3554,1209,2025-12-19,,2025-12-24
15868,9387,2571,2024-11-07,2025-01-08,
16142,2136,3478,2025-11-22,,
16572,5063,4752,2025-07-20,,
17271,7224,4936,2025-04-20,,2025-07-27
17409,9347,4201,2024-12-26,,
17413,9293,3114,2025-09-11,2025-12-19,
17488,4975,2310,2024-04-06,,
17525,3309,3714,2025-03-12,,
17582,3503,1993,2025-10-25,,
17857,5588,2432,2024-05-25,,
17867,3005,2049,2024-05-06,,
18078,2361,2641,2025-01-25,2025-04-24,
18441,3319,3814,2025-07-08,,2025-10-04
18520,3378,1163,2024-05-20,,2024-10-12
18671,4388,1211,2025-12-04,,
18743,3800,2859,2025-04-17,2025-04-28,
19242,5920,1228,2025-12-05,,
19473,3098,2948,2024-12-27,,
19775,2294,2573,2024-10-07,,
19876,6109,4615,2024-04-08,,
170,3276,371,2025-09-13,,
1203,7989,3061,2025-08-05,,2025-12-01
1359,6840,2389,2024-10-09,,2025-07-30
1435,5990,2919,2024-08-08,,
1657,645,2854,2025-10-31,,
1789,5365,3107,2024-07-25,,
1841,8418,2704,2024-01-16,,
2304,380,1392,2024-09-24,,
2707,6170,1211,2024-12-11,,2025-06-21
3851,8439,4877,2025-12-06,,
3933,3934,1329,2025-12-08,,
4120,675,3854,2025-10-10,2025-12-04,
4334,3210,954,2025-02-27,,2025-03-28
4395,7084,3568,2024-04-28,,
4601,9389,1636,2024-02-04,,
4615,52,4579,2025-05-06,,
5001,6499,2497,2025-07-22,,
5397,5278,3863,2024-07-08,,
5488,3293,2790,2024-06-16,2024-10-22,
5697,5775,2958,2024-05-06,,2024-11-28
5817,6639,3466,2025-07-29,,
5984,5482,2756,2025-07-17,,
6102,8038,381,2025-09-27,,
6427,6915,1609,2024-08-01,2024-11-27,
6516,2478,1933,2024-03-11,,
6688,2626,517,2025-03-25,,
6692,3646,2248,2025-06-15,,
6732,3938,407,2024-07-26,,
6869,1672,3120,2024-07-26,,
7075,6806,2474,2025-11-12,2025-12-05,
7157,3808,4970,2024-09-11,,
7788,1206,1580,2024-04-10,,
7826,6829,4660,2025-07-30,,
8009,3090,3999,2025-07-27,,
8391,2004,1558,2025-03-12,,
8574,6198,2931,2025-06-05,,2025-08-11
8614,8442,20,2024-04-25,2024-10-10,
8730,8195,2044,2025-07-06,2025-10-04,
8884,5958,829,2025-12-24,,2025-12-25
9543,4797,43,2025-11-19,,
9603,5366,4033,2024-04-23,,
9772,57,303,2024-11-23,2025-04-25,
10188,8592,3838,2025-09-08,,
10603,9026,1489,2025-05-02,,
10668,772,2764,2025-07-19,,
10714,262,1128,2024-06-16,,
10958,7425,1276,2024-08-18,,2024-08-20
11549,2353,3144,2024-11-08,2025-03-14,
12008,8948,2404,2025-12-04,,
12055,1235,202,2024-06-07,,
12424,3806,4267,2024-02-13,,
12460,2687,4810,2025-12-08,,2025-12-16
12547,956,2639,2025-01-11,,2025-04-18
12680,7369,3787,2025-06-11,,
12711,3450,2763,2025-07-07,,2025-12-03
12884,541,446,2024-05-27,,
13230,3512,3712,2025-10-03,2025-11-08,
13252,2694,2870,2025-02-10,,
13604,5709,3160,2024-09-19,,
13689,3002,942,2025-01-09,2025-01-27,
13760,5818,3504,2025-03-10,,
13805,6293,890,2025-03-16,,2025-06-16
14120,2331,4246,2025-05-18,,
14177,2275,3333,2025-12-10,,
14413,1228,2396,2025-08-25,,2025-11-24
14464,8955,185,2025-02-16,2025-07-24,
14468,5410,4600,2024-01-14,,
14718,7580,2953,2024-11-22,,2025-09-10
15042,5381,3939,2024-02-21,,2025-01-31
15412,8440,2650,2025-10-06,,2025-10-31
15501,6545,971,2025-12-10,,
15584,9884,2864,2025-04-14,,
15786,111,4063,2024-01-04,,
15822,731,2087,2024-04-21,2024-07-15,
15835,1609,164,2025-03-27,,
15967,2019,4591,2025-12-15,,
16127,9446,4919,2024-10-19,,
16541,8444,3220,2024-06-01,,
16651,491,3900,2025-01-21,,2025-02-25
16967,9712,1320,2024-07-21,2024-08-01,
17286,5864,1259,2025-05-25,,
17648,1851,1632,2025-09-26,,2025-11-14
18297,6216,4994,2024-12-10,2025-03-31,
18366,89,2742,2024-01-17,,2024-02-02
18482,9093,2468,2025-06-19,,
18574,8974,2176,2024-11-22,,
18977,5629,4414,2024-04-20,,
19500,3847,420,2024-01-17,2024-06-21,
19909,1645,566,2025-02-01,,
1008,8022,1781,2025-03-21,,2025-11-05
1123,1351,1800,2024-09-18,,
1335,4888,226,2025-02-09,2025-06-27,
1460,7223,3720,2025-07-17,2025-08-21,
1564,3752,3189,2025-07-25,,
1650,1808,665,2025-05-23,2025-06-08,
1748,1625,4117,2024-03-28,2024-06-25,
1872,4012,2998,2025-12-18,,
2140,1245,377,2025-05-17,2025-10-04,
2171,1307,4280,2024-12-14,2025-05-25,
2276,3937,3502,2024-07-14,,
2809,3882,2813,2024-02-27,,
2858,2659,160,2025-02-10,,2025-06-10
3223,5959,1022,2025-04-24,,
3661,8764,1198,2025-02-23,,
3953,1432,4776,2024-08-17,,2025-03-17
3960,2535,3892,2024-04-22,,
4215,7491,674,2024-08-26,,
4244,8096,4824,2024-05-11,,2025-04-03
4285,8309,4158,2024-08-29,,
4493,2838,2661,2025-05-30,2025-10-13,
4513,9629,534,2025-07-04,,
4946,9830,1864,2024-08-17,,
5343,2085,4542,2025-08-30,,
5537,7382,2065,2025-02-23,2025-08-03,
5630,3186,4696,2023-12-31,,
5887,8385,3859,2024-09-10,,2025-05-18
6086,4600,249,2024-08-25,,
6134,4373,3581,2025-03-05,,
6228,1249,821,2025-09-18,,
6289,3279,4771,2025-11-25,2025-12-04,
6603,9032,14,2024-11-21,2025-04-09,
6822,3843,1963,2025-02-28,,2025-07-23
6944,923,4827,2024-10-18,,2025-05-05
6973,3809,4909,2025-02-08,,
7172,3328,1406,2025-07-13,,
7191,4735,1092,2024-05-18,,
7362,9166,1303,2025-10-29,2025-12-06,
7491,2294,3695,2025-06-27,2025-08-31,
7510,9505,1133,2025-02-16,2025-06-13,
7517,1717,2517,2025-07-05,,
7715,2970,234,2024-12-03,,
7822,5326,3700,2025-12-03,,
7867,7500,4957,2025-08-14,,2025-08-30
8707,7918,3678,2023-12-29,2024-05-07,
9059,3525,1427,2025-03-30,2025-08-24,
9510,3790,4358,2025-10-10,2025-11-05,
9516,6374,4456,2024-04-05,,
9890,1968,2995,2025-09-30,2025-11-26,
10036,4545,3209,2025-10-22,,
10360,1609,1003,2024-05-13,,2025-04-05
10541,1064,3845,2025-09-08,,
10701,7551,4868,2025-04-11,2025-08-17,
10784,6659,1810,2025-02-20,,
11015,3212,2189,2025-10-22,,
11083,5469,2081,2024-01-08,,
11397,1449,3110,2025-02-13,,
11473,9345,63,2025-03-02,2025-08-14,
11776,8354,37,2024-08-14,,
11906,3823,2590,2025-07-20,,
12423,4982,2746,2024-05-16,2024-08-16,
12444,7501,4716,2024-12-07,2025-04-06,
12567,1700,296,2024-08-05,,
12886,1432,9,2025-10-17,,2025-12-03
12892,8768,904,2025-04-11,2025-08-20,
13134,6318,4681,2024-05-08,,
13185,3547,2571,2025-11-08,,
13188,9892,2178,2025-10-01,,
13208,9863,3001,2024-12-30,,
13364,37,536,2024-10-11,,
13481,1946,100,2025-06-29,,
13505,4467,2040,2024-03-20,2024-07-12,
13777,1504,3637,2025-04-15,2025-07-10,
13844,7159,2158,2025-11-27,,2025-12-05
13902,8343,1918,2025-10-04,,
13905,2029,1814,2024-11-19,2025-02-25,
14440,2427,2783,2025-10-26,,
14594,9605,1196,2024-10-31,,
14812,9555,4012,2024-09-01,2024-10-29,
15136,972,3609,2025-03-11,,
15439,2349,1706,2025-03-23,,
15642,976,3095,2025-11-28,2025-12-21,
15711,7873,1510,2024-04-10,,2024-08-27
16080,7789,1779,2024-02-25,,
16086,9161,3650,2024-09-21,2024-11-12,
16301,9054,3064,2025-04-09,2025-08-03,
16923,3729,823,2024-06-22,,2025-04-25
16961,320,4383,2024-06-07,,2025-04-01
17126,5946,2034,2025-10-04,,
17131,3554,4451,2025-08-31,2025-11-30,
17262,641,41,2025-09-09,,
17283,5539,1971,2025-03-25,,
17332,2064,1860,2025-05-17,2025-08-18,
17499,9261,3460,2024-03-30,,
17625,6243,3206,2025-10-19,,
17819,5761,4092,2024-03-24,,2024-11-12
17837,7528,3768,2024-06-17,,
18076,6501,2049,2024-03-18,,
18288,1843,3680,2025-07-11,,
18334,2616,4747,2025-06-17,,2025-09-24
18539,3808,4812,2025-05-08,,
18609,1185,807,2024-01-28,,
18796,7849,2666,2024-04-30,,
19126,2294,452,2024-05-11,,
19834,9669,2024,2025-04-03,,
19847,5131,3097,2024-06-15,,
192,2586,2243,2025-04-04,,
207,9071,2115,2025-07-06,,2025-09-12
243,4849,1107,2025-08-17,,
310,605,155,2025-11-03,,
403,26,1331,2025-09-26,,
647,5468,2049,2024-07-24,,
843,9185,725,2024-04-19,,
924,9610,625,2025-04-18,,
977,1255,2370,2024-10-05,,
1336,5716,300,2025-06-29,2025-11-13,
1396,9163,2738,2023-12-28,,2024-09-03
1970,1798,3051,2024-03-25,,
2236,830,3371,2025-11-17,,
2307,4599,146,2024-02-10,,2024-07-05
2387,771,3871,2025-01-06,,2025-03-18
2418,973,923,2025-06-22,,
2925,5262,3923,2024-10-04,,
2983,4329,3959,2025-01-16,,
2989,2385,1231,2024-09-13,,
3030,8564,2385,2024-06-24,,2025-01-12
3047,9024,3779,2024-08-02,,
3108,6262,3287,2025-11-22,,
3218,1443,2301,2025-08-09,2025-09-27,
3302,3756,3501,2024-12-29,,2025-08-18
3312,8415,205,2025-08-24,,
3398,6407,1714,2024-11-25,,2025-08-15
3545,8662,2773,2025-07-09,,
3564,3895,2943,2025-01-15,2025-05-07,
3753,4584,2618,2024-07-19,,
3837,8572,1925,2024-09-30,,
4068,3854,4984,2025-08-30,,
4077,2089,4474,2024-07-20,2024-09-05,
4160,39,2725,2025-02-26,2025-03-14,
4435,4282,3460,2024-02-08,,
4860,5403,3157,2024-02-27,,
5104,40,2076,2024-04-07,,2024-07-31
5135,6009,4447,2024-09-26,,
5230,9547,2883,2024-07-20,,2025-05-23
5256,9171,3437,2024-05-11,2024-06-12,
5899,5633,704,2025-09-10,,2025-11-24
5992,4724,2564,2024-11-19,2025-03-23,
6420,5794,1233,2025-07-31,,
6560,7930,2515,2024-07-24,,
6590,682,2776,2024-11-13,,2025-07-14
6817,9833,3590,2025-03-12,2025-05-13,
6966,3508,4864,2025-08-11,,
7426,5945,2616,2024-09-27,2025-03-09,
7553,9859,2387,2025-06-09,,
7625,3030,4147,2024-09-07,,
7827,4999,1600,2024-07-08,,2025-02-19
8887,3926,3056,2025-09-23,,
9001,1617,1684,2025-01-13,,
9274,4769,1043,2025-04-13,,
9396,8912,1960,2024-02-15,,
9462,4719,899,2025-08-23,,
9536,6344,4377,2024-09-29,,2025-05-14
9870,323,1425,2024-07-23,,
10016,7507,2315,2025-08-20,,
10105,1928,3138,2024-05-16,,
10157,7499,4007,2025-07-06,2025-10-16,
10212,6219,2851,2025-01-24,,
10423,1533,4836,2025-06-25,,
10563,6024,905,2024-10-29,,
10595,5394,276,2025-04-13,,
10758,9214,4542,2024-12-26,,
10994,3270,684,2024-01-08,,
11012,7910,3874,2025-07-03,,
11117,5165,2356,2024-06-06,,
11935,7097,495,2024-11-30,,
12081,3939,238,2024-04-09,2024-05-04,
12085,7378,4894,2025-07-05,,
12090,4173,1108,2024-11-25,,
12385,7637,1574,2024-03-04,,
12765,8954,1898,2025-03-30,,
13198,7525,599,2025-01-26,,
13202,6856,3774,2025-04-19,2025-08-14,
13294,3068,1016,2024-10-16,,
13401,6626,1561,2025-11-23,,
13500,3669,521,2025-12-24,2025-12-25,
13680,315,4176,2025-02-24,2025-06-23,
13716,4633,4707,2024-12-21,,
13887,3803,4163,2025-01-12,,2025-11-09
13896,8165,1891,2025-05-18,2025-08-25,
14458,2067,1556,2024-08-14,,
14513,2170,3758,2024-12-04,,2024-12-08
14615,5072,2548,2025-05-25,,
14761,5507,3803,2024-08-11,2024-12-07,
14903,4296,1042,2025-09-27,,
15083,1255,896,2024-11-29,,
15238,1273,3531,2024-03-17,,2024-08-10
15563,6265,3062,2025-07-19,,2025-08-28
15662,6742,2627,2025-11-25,,
15966,3088,4969,2025-10-14,,
16112,7828,701,2024-03-27,,2024-09-17
16138,4885,3476,2024-10-25,,
16167,4580,997,2025-05-13,2025-07-06,
16280,8651,1340,2024-04-23,,2025-02-24
16333,7544,309,2025-05-27,,
16408,7069,4804,2025-04-14,2025-06-06,
16538,4459,2244,2024-06-03,2024-06-21,
16612,291,4414,2024-07-17,,
16658,321,4899,2025-04-01,,
16884,439,2988,2024-05-03,,2024-09-03
17009,8394,696,2025-09-20,,2025-12-09
17498,9431,247,2024-11-23,2025-03-29,
17598,7418,4564,2025-06-17,,2025-12-04
17699,9634,1356,2024-12-31,,
17974,1349,3475,2024-06-29,,
18184,1533,3549,2025-08-17,,
18269,7779,3994,2025-10-30,,2025-11-29
18343,905,918,2024-11-16,,2025-03-21
18490,2451,3679,2024-06-14,,
18598,3093,1813,2025-11-27,,
18728,2228,2450,2025-10-25,,
19037,2622,2006,2024-06-01,2024-07-31,
19157,3435,955,2025-08-04,,
29,4367,2406,2024-07-21,,
415,4551,4248,2025-04-06,,2025-09-02
428,5074,1149,2024-04-13,2024-09-14,
493,7697,1854,2025-09-10,,
810,7833,3890,2024-05-18,,
1142,9011,42,2024-08-11,,2024-09-23
1158,5905,4321,2025-07-06,,
1240,4614,2448,2025-10-07,2025-12-14,
1503,481,4044,2025-11-10,2025-12-08,
2151,951,3264,2024-09-10,,
2391,6430,3687,2025-11-27,2025-12-05,
2438,6772,2613,2025-12-04,2025-12-25,
2513,1528,529,2024-09-01,,
2567,880,1557,2025-07-05,,
2596,6550,4957,2025-03-05,,
2778,8764,146,2024-10-19,2025-04-06,
2795,9756,3256,2024-05-01,,
3052,6529,3504,2025-01-07,2025-06-06,
3190,3902,323,2025-01-18,,
3558,4701,1445,2025-12-21,2025-12-25,
3643,8754,3408,2025-09-29,,
3645,8202,1652,2024-11-14,,
3711,3443,4604,2025-01-21,2025-06-19,
4511,2818,1276,2025-01-15,,
4894,8901,2837,2024-09-12,,
5074,4289,3135,2024-04-16,2024-09-23,
5106,5696,572,2025-02-02,,
5622,8586,2536,2024-05-06,,
5634,6127,1820,2025-02-01,,2025-05-18
5677,354,502,2024-11-29,,
5841,8851,329,2024-04-30,2024-05-28,
6031,7123,3134,2025-05-17,,
6294,4745,2864,2024-11-11,,
6547,1388,4820,2025-11-01,2025-12-23,
6616,9389,777,2024-11-10,,
6656,7308,2169,2024-02-08,,
6787,5728,4223,2025-09-17,,
6982,94,4886,2025-10-06,,
7066,5835,4828,2025-05-08,,
7888,3363,1097,2025-06-14,,
7914,6017,4742,2025-02-13,,
8284,6637,3761,2024-09-05,2025-01-26,
8402,1931,224,2024-01-16,,
8500,3895,633,2025-06-23,,
8537,7689,670,2025-12-24,,
8792,4700,4298,2025-02-15,,
8906,8278,1023,2024-11-08,,
8953,6644,469,2024-06-27,2024-09-08,
9076,2897,533,2025-10-10,,2025-11-29
9369,980,1115,2024-02-23,,
9420,6397,1840,2025-08-23,,
9917,3415,4866,2025-03-24,,
10025,2494,4580,2025-04-08,,
10101,5176,2758,2024-04-12,2024-09-16,
10152,9063,461,2025-06-04,,
10278,7797,3350,2025-10-25,2025-12-04,
10548,7139,2942,2025-01-24,2025-06-06,
10866,7119,3291,2025-07-28,,2025-11-19
11003,3330,513,2025-03-18,2025-06-11,
11287,8946,2345,2025-12-22,2025-12-25,
11374,4167,4564,2025-03-21,,
11567,8992,2397,2025-10-04,2025-11-02,
12027,8691,2333,2024-01-23,,2024-04-11
12475,825,4422,2025-11-28,,2025-12-10
12648,4687,2220,2024-03-13,,
12848,3623,145,2025-12-24,,
13062,4378,2457,2024-08-08,2024-09-27,
13284,7736,2006,2024-04-04,2024-09-21,
13326,4315,4480,2024-10-24,,
13342,1045,2829,2024-03-24,,
13440,517,4684,2025-07-29,,2025-11-22
13771,1413,4752,2024-10-15,,
13938,6493,2077,2024-01-02,,
13944,824,3960,2025-09-30,,
14239,9797,2637,2024-05-07,,
14632,7221,1232,2025-10-21,,
14734,9698,2780,2025-04-22,,
14768,1611,3262,2024-09-18,,2025-04-11
14868,5867,3935,2024-10-13,,
15203,9081,1578,2025-09-03,,
15435,4512,2439,2024-09-08,,
15555,5741,3942,2025-09-06,,
15566,12,2854,2024-05-17,,
15948,4757,4299,2025-06-26,,2025-10-28
16562,9692,595,2024-06-14,,
16609,802,1449,2025-08-04,,
16667,6287,2242,2024-06-17,,
16793,365,335,2024-10-30,2025-01-30,
17213,6730,2548,2024-08-08,2024-10-14,
17561,5246,3349,2025-09-25,2025-11-07,
18308,179,4430,2025-12-24,,
18402,5472,165,2024-07-11,2024-12-10,
18493,5671,1557,2024-07-25,,
19083,617,4615,2025-07-31,2025-08-21,
19109,8841,3809,2024-01-27,,
19330,8209,3885,2025-12-10,,2025-12-21
19477,3759,706,2025-08-09,,
19660,9318,2216,2024-04-26,,2024-12-25
19706,3290,71,2024-03-23,,
343,9237,1693,2025-02-28,,
480,2578,2889,2025-09-27,,
613,8202,1350,2025-12-19,,
1111,5519,1607,2025-09-18,2025-11-24,
1264,852,68,2024-07-28,,
1350,838,2393,2024-03-30,,
1369,6189,4725,2025-05-04,,2025-05-26
1484,999,2503,2024-01-20,,
1510,7238,2026,2025-12-22,2025-12-25,
1856,4418,1526,2024-02-01,,
2203,6013,243,2024-08-23,,
2616,3380,2357,2025-08-16,,
2663,87,4995,2025-11-08,,
2683,2215,4527,2025-07-10,,
3139,3701,4613,2024-12-04,2025-01-11,
3225,3442,4409,2025-10-19,,
3282,4846,4250,2024-10-05,2024-10-23,
3535,6029,3122,2025-11-13,,2025-12-07
3924,5304,1407,2025-07-30,,
4033,4074,1726,2024-04-25,2024-10-08,
4192,954,1294,2025-06-13,,2025-10-26
4313,119,2660,2024-02-23,,2024-03-08
4510,8912,2834,2024-12-08,,
4555,6115,2002,2024-01-07,,
4739,6002,4333,2025-02-24,2025-08-17,
4754,5988,1563,2025-07-15,,
4977,1767,3615,2025-07-17,,
5149,2348,992,2025-09-14,,
5304,2070,3953,2025-07-11,,
5438,320,4914,2024-08-11,,
5447,4969,450,2025-03-09,2025-08-07,
5474,5555,4445,2025-03-27,,
5586,5601,216,2024-09-28,2025-03-27,
5789,3769,3562,2024-06-21,,
5995,7020,2932,2024-10-21,,
6143,5627,3804,2025-11-10,,
6750,8552,1311,2024-12-07,,
7727,2687,1325,2025-11-14,,
7936,5898,4765,2025-12-15,,
8718,5332,2551,2024-12-07,,
8726,3465,4254,2024-05-15,,
8915,4486,3597,2024-02-29,,
9123,2215,1766,2025-10-31,,
9194,859,4785,2024-07-26,,
9220,9028,1197,2024-12-03,,
9361,4341,759,2025-12-09,2025-12-20,
9539,3789,3979,2024-08-01,,
9778,5968,3847,2025-11-16,,
9787,7547,3518,2025-05-14,2025-06-12,
10351,4437,546,2024-03-15,,
10484,8293,3709,2024-01-16,,2024-09-14
10539,3286,103,2024-12-18,2025-03-17,
10593,1716,371,2024-01-20,,
10999,2041,1631,2025-05-14,,
11019,8379,2917,2025-07-21,,
11096,4399,3697,2024-07-19,,
11200,4749,2593,2024-03-24,2024-06-27,
11364,7819,136,2025-11-11,,
11886,7527,4382,2024-10-18,2024-12-03,
11928,9167,1242,2025-10-04,2025-12-09,
11958,9350,4122,2024-05-31,,
12379,5567,3491,2025-10-13,,
12455,1891,2218,2025-04-19,,
12672,7551,4538,2024-10-23,,
12725,3446,2999,2024-03-31,,
13026,4059,3790,2025-03-02,,
13148,4554,1016,2024-07-14,,2025-07-05
13417,8044,3282,2025-01-21,2025-03-07,
13443,629,4728,2024-03-31,,
13485,6445,3946,2024-08-15,,
13491,586,2879,2024-10-13,,2025-04-27
13889,8276,1784,2024-04-11,,
14244,7307,3103,2025-11-27,,
14310,776,828,2024-03-23,,
14327,4956,1130,2024-10-03,,
14395,7764,3301,2024-11-08,2024-11-18,
14574,2457,132,2025-07-28,,2025-07-29
14647,2728,141,2025-01-12,,
14890,3726,1801,2024-11-15,,
15225,8453,3911,2025-07-02,,
15545,614,4528,2024-02-14,,2024-04-04
15680,2463,2871,2025-10-19,,
15881,4266,1720,2024-05-26,,2024-06-29
16366,5972,3613,2025-07-27,2025-11-22,
16817,2771,508,2025-03-07,,
17041,568,313,2024-10-14,,
17062,9686,2158,2025-03-11,,
17178,6043,1562,2025-12-18,,
17184,7600,2606,2025-11-12,,
17253,9950,3770,2024-06-22,,
17305,1991,1964,2024-05-04,,
17476,1407,2453,2025-08-16,,2025-12-19
17545,9757,1846,2024-02-26,2024-08-12,
17862,988,3044,2025-11-05,2025-12-20,
17883,2154,3741,2025-01-12,,2025-09-12
18307,6103,2286,2025-04-05,,
18322,5152,577,2025-10-30,,
18333,6003,35,2025-06-05,,
18585,5585,3469,2025-11-20,,
18588,4719,4723,2024-12-05,,
18737,9118,1445,2024-07-27,,2024-10-29
18806,6022,3631,2024-04-20,,
19275,8657,189,2024-08-09,2024-08-20,
19577,9997,2554,2025-12-23,,
19884,9418,355,2024-02-11,,
19914,1389,2338,2024-04-12,2024-09-02,
19979,5212,3403,2025-01-20,,
19994,3084,4976,2025-01-22,,2025-10-19
230,6366,132,2024-06-11,,
294,3475,4257,2025-12-09,,2025-12-13
317,7044,1971,2025-09-15,,
438,8897,1824,2025-01-11,,
446,8578,3085,2025-12-11,,2025-12-18
1297,7726,2116,2025-04-27,,2025-11-03
1305,3422,2422,2025-04-12,,
1726,4312,2712,2025-03-22,,
1919,2007,4581,2025-01-26,,
1952,6333,1687,2025-06-06,,
2246,956,831,2024-01-09,,
2285,7815,1945,2025-05-03,2025-09-18,
2569,3728,4142,2025-01-18,,
2794,7132,4101,2025-11-18,,
2928,4148,2579,2024-04-19,,
3092,8365,2189,2024-02-03,,
3100,7530,2027,2024-03-26,,
3309,3165,456,2024-12-13,,
3370,7923,699,2024-06-07,,
3375,9098,1619,2025-12-08,,
3537,1142,2680,2024-11-26,2025-05-25,
3618,3818,3081,2025-04-22,,
4332,7654,1553,2025-02-15,,
4612,8812,3328,2025-08-10,,2025-12-24
4700,9436,523,2025-02-17,,2025-06-29
4845,5567,1904,2024-08-06,,2025-07-13
4931,1772,4802,2024-02-12,2024-03-01,
5415,3936,2922,2025-10-27,,2025-11-28
5450,5135,1581,2025-09-22,,
5856,6646,1385,2024-07-02,,2024-12-02
6252,1663,2884,2025-11-09,,
6486,1460,1265,2024-12-07,,
6562,3497,539,2024-11-20,,
6564,5423,3370,2025-08-10,2025-09-17,
6694,7684,2939,2024-10-11,,
6735,1176,1372,2025-09-24,,
7413,9660,3782,2025-05-13,,
7675,3881,376,2025-04-07,,
7687,3635,3112,2025-03-25,,2025-08-12
8233,5568,651,2025-05-21,,2025-09-12
8354,8132,3283,2025-12-15,,
8375,3652,1921,2025-06-05,,
8563,6865,1069,2025-09-26,,
8742,4017,320,2025-09-27,,
8956,8720,270,2025-01-15,,
9010,2556,3865,2025-09-11,2025-09-22,
9195,386,4477,2024-04-18,,
9435,3279,1905,2024-02-22,2024-05-04,
9774,8258,2781,2024-04-12,,2024-09-27
9959,9890,3349,2025-04-24,2025-08-13,
10207,8782,1657,2025-07-05,,
10478,4821,3777,2025-03-16,,
10479,7241,3422,2025-08-18,,2025-09-07
10750,2157,4024,2024-06-13,,2024-11-23
10896,639,4564,2024-12-31,,
11208,1778,4539,2025-10-15,,
11363,7624,3000,2024-05-02,,
11386,5255,101,2025-02-24,,
11572,8083,4506,2025-01-09,,
11863,3751,3053,2025-01-01,,
12286,8024,2953,2025-02-25,2025-07-14,
12302,3199,1565,2025-09-11,,
12580,7871,4916,2025-09-23,2025-10-01,
12674,6288,2140,2024-05-18,,
12802,5412,2292,2024-01-12,,2024-06-28
12881,646,1557,2025-09-23,,
13348,4955,401,2025-07-05,,
13780,2125,4358,2024-08-04,,
13959,5989,4436,2025-08-11,2025-09-29,
13987,4615,1246,2024-12-25,2025-04-17,
14121,8759,505,2024-05-08,2024-05-30,
14133,6565,4922,2025-08-27,2025-09-24,
14234,1853,1443,2024-10-02,,
14281,6831,876,2024-12-07,,
14311,9762,4456,2025-08-17,,2025-10-04
14720,7691,757,2025-09-20,,2025-10-24
14739,4194,1709,2025-01-30,,
14866,7187,1392,2025-03-10,,
14915,7317,3765,2025-12-01,,
15433,1533,1048,2025-08-09,,
15484,8998,1097,2025-02-25,,2025-08-08
15601,9636,2644,2025-04-22,2025-07-02,
16038,1919,1788,2025-01-24,,
16099,7300,3881,2025-05-02,,
16159,1019,4647,2024-07-10,,
16177,7666,3453,2024-03-01,2024-04-16,
16337,3666,268,2025-04-16,,
16368,258,476,2024-04-28,2024-06-05,
16660,8816,4089,2025-08-18,,2025-09-22
16771,9299,3853,2025-10-13,,2025-11-05
16995,8243,3673,2024-05-25,2024-11-08,
17269,5240,1280,2025-04-20,2025-08-30,
17341,5384,3116,2024-06-26,,
17509,8283,2495,2025-12-24,,
18162,4598,2899,2024-03-29,,
18203,6086,6,2025-03-27,,
18376,910,3479,2024-05-23,,
18397,7546,4393,2025-11-29,,2025-11-30
18990,7344,4142,2025-07-31,,
19118,5038,4700,2024-08-24,,
19153,8483,2799,2024-04-11,2024-06-22,
19304,6768,220,2025-07-09,,
19402,4747,2737,2025-09-20,,
19647,9090,4511,2025-12-08,,
74,5529,3318,2024-12-07,,2025-06-28
75,6849,18,2024-05-05,,
386,425,4679,2024-01-18,,
498,3999,3086,2024-11-20,2025-01-20,
502,4447,2620,2024-12-18,2025-03-05,
662,4520,1864,2025-09-11,,
733,5669,2281,2025-09-14,,
778,7433,4238,2024-11-25,,2025-07-15
811,3752,2926,2025-09-12,,2025-12-01
849,9527,3061,2025-06-14,,2025-09-23
1276,6178,2310,2024-09-08,2024-12-15,
1508,3766,3423,2025-08-07,,
1708,5427,123,2025-11-12,,
1710,8108,1155,2025-08-08,,2025-09-21
1902,6626,4378,2025-08-07,,
1978,535,1059,2024-10-24,,
2174,436,4228,2025-10-27,,
2375,359,1656,2025-01-11,,
2670,3961,408,2024-06-16,2024-07-16,
2911,773,534,2025-11-03,,
2930,5589,2810,2025-04-03,,
2933,5711,4268,2025-02-25,,
2940,8905,2161,2024-02-15,2024-03-26,
3057,7131,4751,2025-08-20,,
3146,7966,4919,2025-04-05,,
3351,6649,1881,2024-05-20,,2024-12-31
3920,6130,3200,2024-03-01,,2024-06-24
3975,2651,4435,2024-07-18,,
4083,9419,2331,2025-06-04,,
4211,6236,4765,2025-01-25,,
4268,9784,1446,2024-12-04,,2025-04-01
4854,4221,3514,2025-12-03,,2025-12-22
4887,8095,3849,2025-05-30,,
4961,4666,4365,2025-08-05,,2025-10-04
5061,3945,887,2024-11-28,,
5109,7172,2453,2025-10-13,,
5608,9660,1827,2025-09-29,,
5648,5046,3756,2025-09-20,,
6097,3490,427,2024-08-21,,2025-02-10
6259,2100,4098,2025-01-16,2025-04-11,
6536,6287,1625,2025-01-27,,
7203,160,1025,2024-06-05,,
7340,739,2902,2025-12-23,,
7705,4118,3080,2025-12-07,,
8935,8879,3199,2025-10-27,2025-12-04,
9130,9225,2739,2024-10-04,,
9621,3131,4613,2025-10-21,,
9649,4317,1657,2025-11-09,,
10184,1134,404,2025-05-15,,
10691,1575,4601,2025-11-03,,
10715,1755,3017,2024-07-14,2024-09-15,
10951,5577,3095,2025-04-06,,
11014,9123,4557,2024-07-02,,2025-05-25
11106,1107,2885,2025-01-14,,
11125,9282,2937,2025-04-21,,
11213,877,3287,2025-03-30,,
11260,7660,685,2025-11-29,,2025-12-07
11525,359,1260,2025-09-05,,
11578,5288,3335,2025-05-05,,
11640,6599,3259,2025-12-23,2025-12-25,
11987,1788,1193,2025-09-06,,
12015,5725,3005,2025-09-05,,
12065,308,267,2025-01-12,2025-06-19,
12071,202,1275,2024-08-12,,
12253,5578,2740,2025-09-13,,
12449,7758,4384,2025-04-17,,
12603,6919,911,2024-09-23,,
12620,2473,4493,2024-10-30,,
12747,4875,706,2024-03-14,2024-06-24,
12980,578,3870,2025-03-12,,
13389,2169,3433,2025-04-16,,
13442,3200,2821,2025-11-17,2025-12-25,
13444,7517,2583,2024-07-11,,
13826,2973,3621,2025-11-27,,
13901,8093,4069,2025-12-16,,
14500,3739,2876,2024-09-04,,
14958,973,1073,2025-02-26,,2025-10-13
15216,2970,1151,2024-11-08,,
15317,5273,3253,2025-10-19,2025-12-13,
15417,9806,4223,2025-01-10,,
15684,344,1902,2024-09-12,,
15724,2907,3905,2025-03-18,2025-05-03,
15790,1059,856,2025-12-23,,
16028,5106,1199,2024-09-05,,
16189,1566,637,2024-06-27,,
16340,172,337,2025-05-29,,2025-08-13
16418,1113,821,2025-03-06,,
16424,3514,4269,2025-06-04,,
16430,217,4682,2025-11-04,,
16514,6670,4576,2024-06-19,,
17001,8572,798,2025-08-05,,
17070,2802,1804,2024-01-11,2024-03-09,
17591,7416,563,2025-07-15,,2025-10-22
17602,7361,609,2025-04-23,,
17726,6347,1328,2025-08-19,,
17779,8465,4855,2025-01-12,,
17821,1676,1796,2025-10-18,,
18156,2697,4744,2025-08-14,2025-12-05,
18222,4110,120,2025-01-31,,
18300,2181,2314,2024-06-26,2024-09-30,
19351,1186,2752,2024-09-04,,
19635,9696,3095,2024-10-31,,
19939,2148,418,2024-09-09,,2025-08-15
19951,9281,3850,2025-03-02,,
178,8794,445,2024-07-30,2024-10-30,
439,4842,2770,2025-10-01,2025-11-25,
908,5830,3483,2024-02-09,,
949,5359,1618,2024-12-10,2025-04-11,
1195,1637,1412,2024-09-28,2025-02-11,
1226,7458,116,2024-03-24,2024-04-01,
1632,93,3237,2024-06-21,,
1750,8081,2907,2025-04-22,,
1992,7249,4685,2025-02-22,,2025-04-18
2095,1329,4325,2024-07-18,,
2192,1783,97,2025-04-09,2025-08-28,
2377,5650,1702,2024-12-15,,2025-04-14
2679,5872,3202,2025-10-28,,
2899,4008,1495,2024-09-02,,
2995,8517,1795,2024-05-27,,
3259,3865,3424,2024-01-06,,
3429,1706,4753,2024-02-05,,
3532,6834,1611,2024-03-29,,
3677,2933,418,2024-04-27,,
3709,5371,4837,2023-12-27,,
3829,7064,3138,2024-12-11,,
4288,1179,1043,2025-11-26,2025-12-22,
4335,6850,3627,2025-01-08,,
4465,9749,678,2024-06-12,,2025-03-24
4561,7149,2444,2024-01-03,2024-01-28,
4597,1679,1381,2024-08-10,,
4631,3365,1209,2025-09-15,2025-11-27,
4821,9183,4428,2025-02-06,,2025-02-17
4955,6517,4038,2025-09-29,,
4962,2097,582,2025-02-20,,
5213,6769,1471,2024-11-02,,
5514,360,3438,2024-06-01,,
5526,6120,4405,2025-12-01,,
5678,1293,2561,2025-06-06,,
5776,4307,1743,2024-03-17,,
5939,4638,1700,2025-01-16,,2025-07-06
6015,6229,1577,2025-08-14,,
6062,8622,1761,2024-07-22,,
6236,4062,4230,2025-12-11,,
6658,171,2160,2025-08-22,,
6725,7841,3483,2025-06-13,,
6833,9973,2132,2024-05-04,,
7278,767,3640,2025-01-25,2025-04-20,
7406,5863,4966,2024-01-30,,2025-01-14
7524,1421,2348,2024-06-15,2024-08-27,
7808,8417,1947,2025-03-07,,
8138,6862,2381,2025-05-20,2025-07-29,
8217,94,1441,2025-10-27,2025-12-20,
8527,2340,4459,2025-02-15,2025-04-21,
8811,1738,2444,2025-07-13,2025-09-17,
9043,4685,531,2024-01-03,,
9052,2622,923,2024-01-12,,2024-06-04
9156,3559,866,2025-05-16,,
9169,9263,4888,2024-11-15,2025-04-18,
9366,3150,2612,2025-06-02,,
9416,1779,3521,2025-05-13,2025-05-29,
9418,4888,4993,2025-01-04,,
9443,7333,1604,2025-09-18,,2025-09-30
9574,6439,4224,2025-02-14,,2025-03-12
9852,6173,491,2024-12-10,,2025-09-10
10115,8154,2161,2025-04-07,,
10119,1341,4242,2025-06-02,,2025-10-16
10213,7288,813,2025-10-18,,
10292,5295,2262,2024-08-20,2024-09-05,
10456,901,4896,2025-07-11,,
10661,1234,2266,2024-04-09,,
10672,7333,4332,2025-06-27,,2025-07-02
10791,973,152,2024-10-03,,
10830,8691,3460,2024-06-28,,
10998,2514,4837,2025-01-22,2025-05-27,
11284,431,1179,2025-05-07,,
11686,6870,2219,2024-06-09,2024-10-12,
11694,1055,2947,2025-02-02,,
11866,6433,4272,2025-10-23,,
12068,7797,2208,2025-02-13,,
12076,7907,1764,2025-08-03,,
13283,3475,4152,2025-12-17,,
13288,4972,2901,2025-01-16,,
13299,3661,4369,2025-04-06,,2025-08-13
13913,1273,3669,2025-03-11,,
14113,1630,2603,2024-05-09,,
14463,3150,4813,2024-10-04,2024-10-24,
14557,9091,961,2024-02-13,,
15137,9114,262,2025-01-19,,
15478,4660,2511,2025-12-09,,
16077,2054,1427,2024-08-22,,
16419,2552,2438,2025-12-16,,
16733,3285,1196,2025-08-28,2025-09-15,
17105,4811,3610,2025-12-08,,
17173,9480,3243,2025-08-26,2025-12-25,
17280,910,4876,2024-05-17,,
17326,9663,1782,2024-05-27,,
17613,8045,1505,2024-07-05,,
17760,8090,1545,2024-02-21,,
17961,7498,3285,2025-07-25,,
18238,4992,4167,2025-12-11,,
18880,9898,1213,2025-01-27,2025-06-01,
18932,7258,2095,2024-06-06,,
18958,5773,4251,2025-03-15,,2025-05-06
19091,9976,3930,2025-05-27,,
19124,2828,2196,2024-07-21,,
19439,7188,4106,2024-03-31,2024-05-30,
19551,596,4890,2024-04-14,,2024-10-03
19564,6331,3291,2024-03-30,,
19663,7242,36,2025-11-05,,
352,9537,2489,2025-04-12,,
364,6610,4393,2024-12-20,2025-03-22,
549,6553,84,2025-12-24,,2025-12-25
699,5211,46,2025-12-15,,2025-12-17
769,438,3596,2025-02-10,,
988,7370,342,2024-11-24,,
1273,392,4552,2024-11-16,2025-05-12,
1968,5131,4405,2025-05-01,,
2366,8410,1062,2024-04-20,,
2484,7254,4808,2024-01-16,2024-03-29,
2861,6869,785,2024-10-14,2025-02-12,
3121,6297,1231,2024-08-27,2025-02-04,
3289,3707,2573,2024-05-16,,
3397,5612,4293,2024-10-09,2024-10-23,
3666,3796,555,2025-02-19,,2025-06-10
4326,3309,1797,2025-01-30,2025-05-30,
4377,4136,188,2025-07-10,,
4669,2425,3123,2025-06-10,,
5031,1170,3241,2025-03-13,,
5064,6440,4862,2025-10-25,,
6190,6620,1864,2025-07-22,,
6458,2877,3537,2025-05-16,,
6876,4181,732,2025-08-25,,2025-10-18
7106,9175,1856,2024-07-14,2024-12-03,
7154,9561,1917,2024-06-18,,
7463,8022,1094,2024-11-08,,
7498,3030,963,2024-06-09,,
7536,7873,3102,2025-09-25,,
7643,7770,1485,2025-05-30,,2025-07-20
7708,5517,1123,2024-02-04,,
8072,3389,2857,2024-02-23,,
8142,5794,177,2025-03-30,,
8256,9440,3192,2024-07-13,2024-11-25,
8485,6832,4284,2024-02-01,,2024-08-10
8585,5644,1725,2025-11-18,,
8984,1990,2668,2025-07-02,,
9216,3627,601,2024-10-12,,
9625,316,3071,2024-08-02,,2024-09-20
9644,6443,1968,2024-04-19,,2025-03-06
9708,4298,3555,2024-03-18,,
9991,5015,4318,2024-03-27,2024-08-11,
10097,8403,3770,2024-05-31,,2024-08-26
10156,9291,854,2024-07-04,,2024-09-02
10249,7361,2703,2025-12-13,2025-12-25,
10462,5367,666,2024-11-27,,
10569,3144,1087,2025-03-31,,
10605,1202,4170,2025-09-18,2025-11-04,
10725,3706,2385,2024-10-26,,
10962,5749,1068,2024-10-20,,
11026,5775,686,2025-10-05,2025-10-23,
11155,3129,1089,2024-11-07,,2025-05-25
11339,6870,2543,2025-05-19,,
11466,7612,2393,2024-09-08,,
11528,1892,4121,2024-07-25,2024-08-08,
11877,6181,1369,2025-10-04,,
12067,9950,3760,2025-03-25,,2025-03-29
12294,5073,2392,2025-07-15,,
12378,2813,2517,2024-06-03,2024-11-03,
12530,691,2151,2024-12-31,,2025-12-09
12585,1264,337,2025-05-24,2025-10-19,
12826,6462,3878,2024-07-10,2024-12-15,
13040,9190,3058,2024-01-27,,
13076,8280,756,2025-10-05,2025-11-21,
13110,5963,723,2024-11-16,,
13644,6789,3103,2024-12-06,,
13650,815,2148,2024-12-21,2025-03-12,
14076,6262,2139,2024-03-02,,2024-09-27
14111,8713,2754,2025-04-14,,
14132,8116,1187,2024-01-21,2024-03-05,
14174,6420,2383,2024-03-31,2024-09-24,
14735,8235,826,2025-05-03,,
14875,6173,4205,2025-06-06,,
15279,8988,3328,2025-04-17,,
15294,6584,4120,2024-07-15,,2025-07-15
15331,9851,3702,2025-05-07,,2025-07-15
15694,2366,988,2025-05-19,,
15699,9691,2592,2024-07-29,,
15706,9052,3669,2025-04-09,,
15814,2908,2423,2025-04-10,,2025-10-28
15863,2314,2577,2024-10-07,,
15920,8574,134,2025-12-22,2025-12-25,
15981,3437,359,2025-06-09,2025-09-08,
16145,4792,3080,2025-06-27,,
16214,2387,4051,2025-03-03,,
16398,5525,1865,2024-08-25,,
16653,2296,995,2024-07-20,2024-12-25,
16732,3734,1044,2024-09-12,2024-11-15,
16813,9018,3431,2024-09-28,,
17119,3980,3945,2025-05-10,2025-05-25,
17216,9333,2226,2024-09-07,,
17231,9584,2471,2025-10-21,,2025-12-21
17279,4369,4960,2024-10-28,,
17306,3563,2160,2025-07-26,,
17370,7981,1468,2025-10-14,,
17711,7254,2863,2024-08-15,,
17739,9948,4854,2025-05-23,,
18071,8066,4380,2025-10-30,,
18086,4478,2374,2024-12-20,,2025-05-21
18248,7304,285,2024-12-21,2025-06-19,
18295,6038,3755,2025-11-17,,
18581,2017,4714,2025-06-10,2025-07-27,
18953,5680,858,2025-12-10,2025-12-25,
19212,2334,3479,2024-11-21,,2025-05-25
19460,6907,2518,2024-07-12,,
19627,6188,2868,2025-09-11,,
19948,7607,3789,2024-02-29,,
431,4748,4234,2025-10-18,,2025-10-25
595,8072,3849,2025-03-24,,2025-07-10
633,8735,4563,2025-08-26,,
637,2942,2309,2025-06-13,,2025-08-30
692,2397,174,2024-03-06,,2024-06-19
710,1099,649,2024-10-28,2025-04-09,
741,3072,4295,2025-10-16,,
1127,3317,563,2025-01-16,,
1220,9108,2915,2025-06-01,,2025-12-09
1409,1874,345,2024-01-09,,
1487,2043,4423,2025-06-23,,
1578,1297,1423,2025-09-04,2025-09-14,
1698,5153,3359,2025-08-24,,
1705,366,875,2025-11-22,,
1785,5884,4025,2024-09-24,,2025-03-13
2147,8571,2387,2025-08-26,2025-11-22,
2187,8790,602,2024-04-06,,
2373,705,1547,2025-06-20,2025-07-31,
2475,5138,2020,2024-11-03,,
2589,9028,3562,2024-11-01,,
2690,774,2015,2024-03-24,2024-08-04,
3194,2835,1549,2025-01-15,,
3369,6210,4467,2025-12-19,,
3428,6791,4627,2025-09-22,2025-12-25,
3858,3838,3410,2024-12-19,,2025-10-31
4093,7011,3923,2025-09-03,2025-09-27,
4796,1555,738,2024-10-29,2025-02-15,
5369,1608,3568,2025-10-24,2025-11-10,
5502,101,3714,2025-01-26,2025-02-27,
5543,2262,1898,2025-04-18,,2025-05-10
5571,4095,3455,2025-06-28,2025-11-06,
5642,6968,2983,2025-03-26,,
5682,2932,4458,2024-10-14,,2025-06-12
5886,8479,2756,2025-12-19,2025-12-25,
5954,1457,3184,2025-07-19,,2025-10-13
6311,4762,345,2024-07-19,,
6394,4463,1826,2024-09-10,,2025-08-10
6715,3342,328,2025-09-24,,2025-10-28
6720,8127,588,2025-02-15,,
6733,8630,3466,2024-10-24,2025-02-02,
7387,7210,1002,2025-12-11,,
7587,4261,225,2025-05-07,,2025-05-25
7821,7245,267,2025-07-22,,2025-12-04
8099,393,4487,2024-06-07,,2025-01-22
8734,4371,2198,2025-09-29,,
8809,741,2597,2024-11-28,,
8830,1768,1938,2025-08-30,,
8841,3829,736,2025-08-16,2025-11-08,
9040,1975,997,2025-12-15,,
9057,9814,4258,2025-07-18,,2025-08-30
9098,6213,3056,2025-08-14,,
9548,7159,1938,2024-11-29,,
9551,4928,1637,2025-11-09,,
9581,8878,57,2024-01-20,,2024-04-04
9594,1930,3247,2025-04-07,,
9716,3013,1330,2024-01-01,,
9876,4584,3396,2025-07-27,2025-10-10,
9916,3030,702,2024-02-19,,
10095,7202,2720,2025-03-31,,
10172,8476,3007,2024-10-10,,
10713,8890,437,2024-12-30,2025-04-06,
10742,96,603,2024-09-23,2025-02-03,
10863,2718,4084,2025-04-04,2025-09-10,
10864,6866,4397,2024-04-23,,
10883,2534,4465,2024-12-29,,
10911,5737,3905,2025-10-23,,
11472,807,2053,2024-02-26,,2024-11-22
11566,2124,35,2025-09-04,2025-09-20,
11775,31,650,2024-05-13,2024-06-30,
11821,3480,4828,2025-11-05,2025-12-25,
11887,5734,3367,2024-02-17,,
11965,2813,518,2025-06-12,,2025-12-09
12310,3732,4458,2025-07-11,,
12518,8651,532,2024-01-19,,2024-03-16
12561,8905,1628,2024-05-02,,
12705,2808,4349,2024-01-10,,
12740,584,1570,2024-03-01,2024-06-17,
12853,1882,4,2025-03-23,2025-06-09,
13097,6592,2527,2025-04-23,2025-08-17,
13219,6292,945,2024-03-22,,
13373,7043,245,2024-04-15,,
13729,6740,804,2025-05-17,,2025-11-20
14075,5034,3140,2024-11-15,,
14078,7053,987,2025-07-07,2025-10-01,
14447,9843,1271,2024-02-19,,
14509,4812,4064,2024-05-11,,
14607,4085,4049,2024-10-28,,
14628,7251,3660,2024-01-18,,
14643,8398,4606,2024-02-26,2024-06-06,
14661,5255,3019,2024-09-11,,
14701,270,4135,2025-07-04,2025-08-08,
14796,7082,1963,2024-04-20,2024-05-16,
16168,7348,4776,2025-01-15,,
16269,7600,1590,2025-11-05,2025-12-09,
16388,9157,4969,2024-06-09,,
16527,2890,2806,2024-06-01,,
16728,8205,3754,2024-03-03,,2024-07-03
16892,9125,1428,2024-04-20,,
17075,7214,3037,2025-07-13,,
17617,2416,3852,2025-11-12,,
17621,361,4916,2025-12-11,,
17685,9419,1670,2024-07-10,,
17866,3590,1442,2024-09-12,,
18024,8811,2203,2024-05-13,2024-10-13,
18140,1303,463,2025-08-29,,2025-10-22
18181,4604,4042,2025-11-09,2025-12-17,
18328,8689,4050,2024-02-20,2024-07-21,
18579,4536,1962,2024-12-24,,
18618,8095,368,2025-03-13,,
18730,8798,668,2024-07-06,,2025-02-09
18768,9976,2564,2025-09-26,2025-12-22,
18972,8646,3181,2024-04-14,2024-08-15,
19075,8963,2862,2025-09-18,,
19407,512,4547,2024-08-13,,
19526,7717,592,2025-08-04,,
19582,5903,3691,2024-07-14,,2024-10-20
19595,5842,3800,2024-07-18,,
19619,3035,2997,2025-11-28,,
19818,4543,622,2024-06-02,,
140,2620,977,2024-05-18,,
162,1416,2721,2024-04-14,,
204,2350,1531,2025-06-15,,2025-08-12
451,4902,564,2024-04-15,2024-07-29,
1025,6320,2546,2025-12-09,,
1035,998,1438,2025-12-19,,
1114,2051,871,2025-01-13,,
1233,4471,3001,2025-05-29,,
1271,1986,3851,2024-02-27,,
1316,9166,548,2025-11-10,,
1602,929,3948,2025-10-25,,
2066,3803,3136,2024-06-08,,
2081,7749,2065,2025-06-21,,
2309,3452,2390,2024-07-08,,
2568,7899,3406,2025-01-28,,
2874,4511,646,2025-02-17,,
2888,3731,1615,2024-03-14,,
2924,9046,2007,2025-08-28,2025-09-09,
3031,5414,3249,2025-12-07,2025-12-17,
3032,4888,1499,2024-11-24,2025-02-10,
3317,2717,1649,2025-06-08,,
3432,3346,4030,2024-11-21,,
3490,9330,4233,2025-11-10,2025-12-06,
3585,5480,766,2024-06-11,,
3902,3136,4925,2025-02-10,2025-08-01,
4014,9659,2787,2025-08-09,,
4023,7418,3563,2024-01-28,,
4180,5374,1376,2024-06-04,,2024-08-30
4279,3687,96,2025-10-18,,
4553,7532,1926,2025-11-24,,
4741,6819,4254,2024-04-28,2024-08-15,
5661,4310,266,2024-01-01,2024-06-13,
5902,5054,4887,2024-07-16,,
5907,633,4725,2025-12-16,,
6050,6104,330,2025-10-03,,
6602,4835,2881,2025-02-03,,
6906,7834,415,2024-06-14,2024-09-05,
6984,4738,792,2024-02-23,2024-04-06,
7003,7322,1397,2024-05-08,,
7178,7392,1008,2025-02-02,,
7695,3414,4779,2025-11-30,,2025-12-21
7844,6181,4817,2024-03-28,2024-04-12,
7990,7094,385,2025-04-08,2025-09-26,
8219,24,2668,2024-09-01,,
8267,7660,968,2025-11-18,,
9028,1208,3467,2025-09-01,2025-11-28,
9102,541,3641,2025-07-06,,
9267,1246,2310,2025-10-14,,
9365,624,4410,2024-11-17,2025-04-14,
9537,9203,3417,2024-01-05,,
9884,1126,17,2024-02-17,2024-05-20,
10046,573,4833,2025-11-24,,
10326,6138,862,2025-03-07,,
11253,6602,4326,2024-02-20,2024-08-03,
11422,5937,2429,2025-03-15,2025-07-11,
11668,5184,4569,2025-04-03,,
11871,9613,3513,2024-11-05,,
12110,999,4617,2024-11-12,,
12140,2922,3632,2025-11-16,2025-12-19,
12262,771,3398,2025-07-30,2025-09-28,
12493,7942,4715,2025-05-22,,2025-08-06
12540,5360,2245,2025-05-01,,2025-11-27
12872,3789,563,2024-06-04,,
13267,9065,2846,2024-11-03,,
13329,7583,3205,2025-04-22,,
13553,7879,2530,2024-10-21,,
13734,4150,1675,2025-11-21,,
13942,5492,2865,2025-03-28,,
14119,9214,2297,2024-07-27,,
14171,6867,1039,2025-03-30,2025-04-12,
14503,1939,433,2024-02-07,,
14907,1917,125,2025-11-17,,
14954,8905,142,2025-07-07,,2025-12-23
14996,5879,1077,2024-07-18,2025-01-06,
15448,4701,2872,2025-12-05,,2025-12-17
15518,1212,1180,2025-01-08,2025-05-24,
15538,2793,861,2024-05-16,,
15797,5224,1919,2025-11-23,,
15813,911,1184,2025-12-02,,
16050,3457,1145,2025-03-08,,2025-10-02
16087,227,3009,2025-04-11,,
16162,578,203,2024-10-13,,
16291,868,4944,2024-04-15,2024-09-21,
16338,6074,680,2025-12-24,,
16364,5362,2142,2025-08-06,,2025-08-27
16807,8534,3523,2025-02-18,,
16937,7055,1375,2025-07-06,,
17270,8814,4101,2025-12-21,,
17749,9276,1919,2025-08-02,2025-11-09,
17969,9029,3722,2025-05-11,,
18014,6054,3474,2024-09-30,,
18121,9843,891,2024-10-17,,
18448,7435,1624,2024-03-17,,
18921,8628,650,2025-09-25,,
19028,3714,2718,2024-11-11,,
19435,810,885,2025-11-14,,2025-11-19
19541,3713,585,2024-03-10,,
19708,8407,654,2024-12-20,,
150,9272,1955,2025-07-31,,
264,3649,1041,2025-05-20,,
269,4519,557,2025-05-04,,2025-10-14
518,9660,1780,2024-08-23,,
754,8934,1307,2024-11-27,2025-01-06,
930,8458,438,2024-05-26,,
1181,6651,770,2025-05-03,,
1244,7363,1238,2024-07-13,,2025-07-02
1383,9397,2730,2024-03-03,,
1563,419,985,2025-08-04,,
1596,5474,1900,2024-05-21,2024-10-09,
1998,1226,511,2024-12-02,,
2228,8208,140,2025-11-01,2025-12-10,
2527,8877,1961,2025-08-13,,2025-11-21
2585,7220,3980,2024-11-10,2024-12-10,
2599,321,4009,2024-05-31,2024-10-29,
3034,2734,569,2024-10-07,2024-12-06,
3072,4985,3372,2024-01-29,2024-04-12,
3124,3317,2748,2025-12-09,,
3559,6579,2861,2025-03-03,2025-03-14,
3844,5107,3630,2025-09-01,,
3894,9258,2220,2025-09-19,,
3940,4011,4072,2025-10-02,2025-12-12,
4145,9822,1899,2024-10-16,,
4213,8303,2085,2025-09-04,2025-11-04,
4368,346,1953,2024-12-19,,2025-04-25
4398,7625,3860,2025-12-24,,2025-12-25
4742,7655,2869,2025-09-09,2025-10-02,
4767,4446,625,2025-09-06,,
4804,6853,2104,2024-04-26,,
4892,4442,2049,2025-01-19,,2025-10-24
5129,8112,4666,2025-10-05,,
5601,9590,1960,2025-02-07,,
5810,2373,4832,2024-09-30,,
5815,4684,738,2025-05-17,2025-08-25,
6195,1886,4767,2025-03-29,,
6251,5979,660,2024-04-26,,
6357,3172,2799,2025-08-23,,
6885,1150,2744,2025-08-15,2025-09-16,
7088,2832,2336,2024-04-14,,
7297,3313,3461,2025-09-07,,
7857,5215,1267,2025-10-20,,
8048,8274,923,2025-05-05,,
8632,3697,4031,2025-05-23,,
8727,2574,3460,2025-04-20,2025-05-13,
8789,1064,1151,2025-11-14,2025-11-23,
9119,7769,2327,2025-06-13,,2025-09-21
9397,4983,682,2024-01-10,,
9426,2305,4191,2025-11-24,,
9553,6161,1389,2025-07-31,,
9686,1185,3226,2025-05-24,2025-10-06,
9691,2523,4211,2024-06-20,2024-09-24,
9757,2569,3956,2024-03-25,,
9861,3567,4981,2025-08-14,,
10113,7775,1527,2024-12-11,,
10247,5640,4345,2024-04-30,2024-10-21,
10645,4074,654,2024-02-18,2024-05-09,
10648,2666,4697,2024-07-25,,
10716,4227,4633,2025-11-26,,
10737,8368,901,2025-11-14,,
10775,2521,2664,2024-01-09,2024-04-16,
11416,5960,258,2024-04-06,,
11722,7658,1975,2024-02-15,2024-05-30,
11856,2163,2053,2025-12-20,2025-12-25,
12292,7384,4568,2025-08-28,2025-12-11,
12321,3769,3271,2024-12-04,,
12508,4870,1203,2024-04-02,,
12677,7026,4423,2024-05-26,,
13479,4824,522,2025-06-25,,
13549,3438,3460,2024-01-11,,
13627,3713,2840,2025-05-27,2025-07-14,
13678,3308,452,2024-04-22,,
13988,1659,2684,2025-10-10,,
14016,8402,4808,2024-11-08,,
14109,5046,3109,2024-04-23,,
14198,7109,4306,2024-10-05,,
14429,6030,4199,2025-03-29,,
14451,2766,4586,2025-08-11,,
14770,9430,140,2025-09-15,2025-12-25,
15319,1441,4134,2025-12-04,2025-12-19,
15506,4178,4550,2025-08-31,,
15568,1450,1224,2025-06-15,2025-09-10,
16619,807,4346,2025-04-04,2025-09-22,
16695,8472,1977,2025-02-11,,2025-11-18
17143,832,1355,2025-12-19,,
17385,7853,2658,2025-07-12,2025-08-22,
17455,1064,1097,2024-08-05,,
17514,2092,4514,2025-01-18,2025-04-12,
17534,6190,1288,2024-09-10,2024-12-26,
17642,4857,468,2025-12-12,2025-12-23,
17716,8656,4858,2024-12-31,,
18021,9756,2330,2024-09-23,,
18175,8806,3667,2025-07-20,2025-12-21,
18605,1272,3199,2024-12-15,,
18799,3227,4372,2025-05-19,,
18987,9332,4400,2025-03-30,,
19141,5053,3883,2025-10-08,,
19716,7088,2764,2025-12-01,,
19893,5919,1982,2024-07-15,,2025-06-29
353,2619,4054,2024-08-03,,
517,5119,4852,2024-01-21,2024-02-18,
657,9784,1271,2024-11-19,,
892,1371,2673,2024-01-28,,
910,2411,217,2025-02-26,,
1115,1874,759,2025-04-12,,
1141,7632,1641,2025-08-31,,2025-12-09
1413,1149,4095,2025-09-13,,
1946,356,3735,2025-09-09,2025-09-17,
2012,955,1068,2025-03-30,,
2080,7156,404,2025-02-15,,
2087,6612,2660,2024-01-04,2024-03-21,
2210,1720,611,2024-08-27,,
2449,4466,534,2024-12-30,,
2533,6010,4199,2025-08-02,,
2631,5673,2638,2025-03-28,,
2848,8819,2370,2024-04-10,,
3038,1133,3313,2024-11-11,,
3534,7088,3983,2025-04-04,,
4118,598,4884,2024-02-29,2024-08-23,
4172,7890,1325,2024-08-14,,2024-10-12
4460,4313,2505,2024-10-08,,
4836,8481,3368,2024-07-11,,2024-07-22
5035,2425,4845,2025-09-06,,
5177,7979,1350,2024-04-17,,
5442,5656,1997,2025-04-06,2025-07-15,
5561,3563,4521,2024-10-18,,2025-02-09
5805,7150,3340,2025-08-19,,
6033,9224,4983,2025-05-18,2025-11-08,
6061,8097,811,2024-09-04,,2025-07-23
6078,1154,4330,2024-03-09,2024-07-20,
6610,6116,4126,2024-09-22,,2025-06-09
6785,8439,115,2025-08-13,2025-12-07,
6816,8959,2551,2024-11-23,,
7641,9240,2761,2024-08-18,,
7647,4757,1111,2025-12-19,,
7720,1271,1949,2025-02-08,,2025-10-06
8559,2555,967,2024-12-03,,
8577,2314,4108,2024-11-01,,
8649,749,3681,2025-03-07,,
8655,6780,1285,2024-04-13,,
8731,8128,3879,2024-12-15,,
9735,6656,3536,2025-05-11,,
9912,724,322,2025-01-03,,2025-01-22
9962,3466,831,2024-03-11,,
10080,6841,3232,2024-12-07,2025-01-05,
10238,7285,2606,2024-04-16,2024-04-26,
10384,1292,160,2024-11-21,,
10440,5748,4377,2025-06-08,,
10676,2853,2087,2025-08-22,,
11225,3171,4453,2025-02-20,2025-05-15,
11744,2475,2816,2025-10-11,,
11913,1376,4544,2024-05-25,2024-08-10,
11927,4880,2061,2024-05-06,,
12000,3743,4704,2025-08-24,,
12032,5578,2257,2025-06-02,,
12211,342,3256,2025-08-20,2025-08-31,
12396,4613,3169,2024-01-11,,
12595,3235,1275,2025-01-03,,
12745,6637,1495,2025-11-28,,
12809,9362,2921,2025-10-05,,2025-12-25
12821,5734,3275,2025-09-19,2025-10-01,
12902,2955,2464,2025-07-02,,2025-09-30
13250,6769,3597,2025-07-30,,
13524,6083,4538,2025-09-09,2025-09-22,
13893,1776,826,2024-09-19,,2025-06-24
14340,9989,1564,2025-12-14,,
14748,4341,2682,2025-06-24,,
16198,4448,4944,2025-04-09,,
16403,4924,1658,2025-08-20,,2025-10-14
16491,158,4539,2025-02-26,,
16951,8491,4709,2024-01-11,,
17036,2547,4294,2025-11-18,,
17645,2013,1760,2024-04-11,2024-07-16,
17884,6619,2712,2025-07-22,,
17923,8860,1312,2024-05-21,,
18258,157,1521,2024-07-14,,
18440,972,2389,2025-02-16,,
18645,3180,3833,2025-12-06,,
19406,1303,4176,2025-05-17,,
19512,6174,1868,2024-10-07,,
19556,48,943,2025-05-16,2025-06-27,
19685,5033,3875,2024-09-21,2025-02-18,
19819,6234,1460,2025-07-06,,
93,6465,548,2025-05-08,,
543,3790,2080,2025-10-14,,
581,2778,3032,2025-08-21,,
638,3343,2698,2025-12-14,,
889,4217,4496,2025-06-12,,2025-06-21
904,7286,4840,2025-11-09,2025-12-06,
986,4653,4872,2025-08-08,,
1042,2982,108,2024-08-18,2025-01-03,
1234,4983,4914,2025-12-16,,
1274,4366,1737,2025-08-10,,
1536,905,1347,2024-03-27,,2025-03-20
1781,2067,409,2025-03-05,,
1954,4887,4611,2024-07-08,,2024-12-27
2333,8771,731,2025-10-23,,
2720,6775,2471,2025-08-11,2025-10-06,
2868,7863,3074,2025-01-09,,
2913,6009,3088,2024-04-26,2024-09-27,
2923,2486,2877,2025-01-07,,
2996,854,249,2025-05-16,,
3117,829,3631,2024-02-02,,
3803,2521,4631,2024-02-20,,
4091,2572,174,2025-09-15,2025-12-04,
4300,7506,1337,2024-03-20,,
4725,982,4798,2025-06-13,,
4994,4464,4665,2024-12-23,2025-02-26,
5079,556,468,2025-04-21,,
5112,5233,483,2024-10-09,,
5683,6806,2445,2024-12-08,2025-04-14,
5700,3499,2742,2024-06-01,,
6028,3629,1898,2025-09-06,2025-10-28,
6292,2769,4270,2024-07-02,,
6497,2815,2586,2025-05-28,,
6597,66,3647,2024-08-30,2025-02-14,
7044,5997,852,2025-06-12,,
7049,8143,2077,2025-05-21,2025-09-29,
7473,8638,3309,2025-10-17,,
7697,5036,2442,2024-12-31,,
7711,7967,1468,2024-08-01,,
7725,3163,3397,2025-11-21,,
7773,6850,3357,2024-08-27,,
7924,2065,3363,2025-01-01,,
8083,143,3037,2024-08-23,,
8140,7482,3741,2025-11-27,,2025-12-18
8237,3317,4024,2024-08-06,,
8347,4216,4748,2024-08-18,,
8579,5046,454,2024-07-23,,
8850,749,2499,2024-03-22,2024-09-09,
9023,5631,2732,2025-09-30,2025-11-01,
9062,3997,3516,2025-10-09,,2025-12-05
9324,4903,1385,2025-03-22,2025-04-17,
9341,4306,3037,2025-03-08,2025-07-02,
9372,4365,2339,2024-02-09,2024-05-13,
9498,669,4519,2024-05-26,2024-11-14,
9749,8862,2698,2024-11-06,,
9789,1156,1270,2024-05-06,2024-05-27,
10266,1442,261,2025-07-29,,
10482,8602,1199,2025-03-04,2025-04-07,
10544,7656,2024,2025-11-11,2025-12-01,
10851,1,3522,2025-01-11,,
11163,8601,2817,2025-10-16,,
11733,3118,538,2025-09-10,,
12087,2654,3156,2025-09-12,,
12243,1481,3849,2025-09-04,,
12307,1510,303,2025-02-16,,2025-09-10
12339,8517,2990,2024-04-28,2024-08-13,
12907,8202,2939,2025-05-27,,
13144,4045,462,2025-09-16,2025-10-11,
13160,4308,567,2024-07-25,,
13407,9274,853,2024-04-28,2024-09-26,
13548,5338,3665,2024-02-10,,
13802,5757,3346,2025-12-09,,
14094,9560,446,2024-11-07,2025-03-12,
14218,9682,3687,2025-07-23,,2025-08-18
14569,9947,821,2024-12-18,2025-02-14,
14587,1948,4032,2025-04-14,,
14935,3878,2006,2025-12-04,,
15089,5563,1404,2025-03-29,2025-07-03,
15161,6791,2037,2024-03-07,,
15202,8440,3154,2024-10-17,2025-01-23,
15886,2344,1140,2024-11-21,,
15993,8668,477,2024-10-14,2024-11-15,
16273,9147,24,2024-05-05,,
16351,1457,1348,2025-03-14,,
16749,5662,2700,2024-12-29,2025-03-01,
16882,9722,1076,2024-03-12,,
16981,9748,3463,2024-04-17,,
17238,6573,1650,2024-09-26,,
17376,3628,740,2025-01-30,,
17454,696,3976,2025-10-16,2025-12-13,
17487,9174,4223,2025-09-08,,2025-09-17
17640,6810,3715,2025-11-13,,
17942,1102,3884,2024-11-27,2025-05-03,
18007,3001,4192,2024-09-05,,
18072,1678,2821,2025-08-21,,
18489,5830,1316,2024-06-07,,
18603,4394,4514,2024-08-29,,2025-01-26
18754,2024,4048,2025-05-27,,2025-11-24
18938,8909,967,2024-06-12,2024-07-09,
19149,9978,114,2024-08-30,,
19241,8055,2670,2025-06-22,,
19245,9356,4064,2025-05-23,,
19786,6906,3400,2025-10-06,,
132,6353,2968,2025-06-11,,
194,5466,4291,2024-02-26,,
382,8470,3003,2025-08-31,,
610,986,4838,2025-06-11,,
723,8491,3952,2024-05-29,2024-11-07,
905,1379,2418,2025-03-14,2025-05-07,
933,599,585,2024-02-28,,
974,3191,3131,2025-10-24,,
1592,2354,2341,2024-03-01,,
1595,148,835,2025-10-15,,
1849,6382,4356,2024-03-15,,
1859,4756,1699,2025-12-12,,
1936,873,2940,2025-08-02,,
2032,157,2072,2025-01-18,2025-02-21,
2508,5825,1219,2025-03-23,,
2514,4086,3323,2024-11-12,,
2721,1948,764,2025-01-22,,
2863,7118,4457,2024-05-23,,
2906,6970,4615,2024-07-19,,
2991,439,2680,2024-12-14,2025-03-30,
3280,7248,666,2025-04-11,2025-10-06,
3334,5274,1519,2024-11-05,2024-12-06,
3517,2608,426,2025-11-19,,2025-11-25
3716,9479,536,2025-05-06,2025-07-30,
4092,7927,2154,2025-02-23,,
5188,7053,3748,2024-07-21,,
5237,2369,3402,2024-04-17,,
5252,1761,1684,2025-06-04,,
5292,5036,3586,2025-03-25,,2025-12-25
5348,8516,1900,2025-08-11,2025-10-25,
5354,6561,530,2025-08-21,,
5778,6943,2156,2025-10-06,,
5850,6758,961,2025-12-22,,
5983,2193,404,2025-11-24,2025-12-20,
6157,5811,2764,2024-07-16,2024-12-09,
6204,2551,571,2024-06-05,,
6902,2758,3200,2024-05-04,,
6920,7209,1050,2024-06-03,,
7079,3963,1336,2025-06-30,2025-07-31,
7090,1873,1985,2024-04-22,,
7306,8298,4281,2024-09-01,2024-11-08,
7723,4159,2184,2025-04-15,2025-09-08,
7771,7295,3407,2025-09-26,2025-11-05,
8039,3471,140,2024-04-04,,
8566,824,3518,2023-12-31,2024-04-04,
8907,9225,960,2024-09-06,2025-01-14,
9020,2420,2560,2025-04-29,2025-08-23,
9032,2832,2149,2025-02-01,,
9072,8518,808,2025-04-01,,
9402,6211,1843,2024-06-10,,2024-09-22
9452,1415,2898,2025-09-04,,
9507,8730,326,2024-08-01,,
9627,2784,4217,2024-06-09,2024-06-21,
10054,6407,2199,2025-09-15,,
10138,6504,351,2025-09-24,,
10502,1034,431,2025-10-09,,
10583,4423,18,2025-10-13,,
10657,5692,1336,2024-06-06,,2024-06-23
11189,12,2549,2025-04-11,,
11516,6372,2032,2024-11-23,2025-03-31,
11690,7483,2903,2024-06-13,,
11805,9881,825,2025-06-15,,
12092,1584,2035,2024-11-19,,
12312,172,4909,2024-02-09,2024-03-06,
12325,2164,1968,2025-12-12,,
12426,8830,2896,2024-10-31,,
12718,8872,3209,2024-05-12,,
12726,925,1480,2025-11-18,,
12823,2118,4595,2025-08-15,2025-12-13,
12964,3469,3754,2024-09-07,,
13038,6519,3378,2024-03-01,,
13849,6505,497,2024-11-29,,
13897,6864,50,2025-05-08,,
13907,2771,4343,2025-05-17,,
13958,1451,3108,2024-12-17,,
14273,4459,4088,2024-11-02,2024-11-11,
14621,7410,1437,2024-05-28,,
14749,1132,3752,2024-09-22,,
15328,9293,4695,2025-10-06,2025-11-01,
15419,6283,1117,2024-01-22,,2025-01-02
15991,4614,3690,2025-07-15,,
15999,255,2874,2024-03-14,,
16000,3817,3276,2025-02-22,,
16382,801,4649,2024-05-30,2024-06-27,
16569,1006,2384,2025-06-06,,
16818,2306,3295,2025-06-12,2025-07-11,
16907,4728,4470,2025-02-13,,
16987,1007,4922,2025-04-05,2025-08-25,
17517,8234,1737,2025-02-19,,
17539,2103,2489,2025-01-11,2025-04-18,
17912,7496,945,2025-11-06,,
17913,718,51,2024-12-23,2025-01-04,
17980,5789,3640,2025-10-27,,
18259,3446,4048,2024-08-31,2024-09-13,
18430,4727,4377,2025-10-10,,2025-11-13
18449,9002,3229,2025-02-12,,
18644,8085,3815,2025-07-07,,2025-09-11
18727,1264,1163,2024-11-01,,
18903,2111,4633,2025-10-18,,2025-11-19
19274,1192,507,2025-09-25,,
19420,6431,1348,2024-10-26,,
19600,4058,1503,2025-10-06,,
154,973,319,2025-03-18,,
372,5872,952,2025-11-22,,
379,4760,4132,2024-12-23,,2025-05-23
473,9458,4898,2024-01-11,,
704,2264,2137,2024-03-08,,2024-12-23
989,43,1242,2025-04-01,,2025-04-14
1071,124,3726,2025-07-30,,
1196,661,4132,2025-10-30,,2025-12-06
1368,258,3294,2024-04-04,,
1815,6938,785,2024-10-12,2024-12-09,
1943,7014,1455,2024-03-25,,
2153,9880,3327,2024-11-29,,
2691,2809,4716,2025-10-27,2025-11-17,
3239,3662,2260,2025-06-19,,
3686,6861,2506,2024-06-25,2024-07-11,
3751,6330,1704,2025-06-01,,
3915,3897,2764,2025-07-27,,
3945,6803,4850,2024-08-22,,2025-01-18
4146,1991,1694,2024-10-09,,
4221,2484,3055,2024-03-29,,2024-04-16
4459,9704,152,2024-09-28,2024-11-12,
4896,6193,1487,2025-09-25,2025-10-02,
5095,9461,1373,2025-10-12,,
5105,6316,2882,2024-10-08,2024-10-22,
5266,7407,1123,2025-08-21,2025-11-28,
5431,8261,1222,2024-08-25,,
5912,7655,2067,2025-12-04,,
5959,8508,3122,2024-04-06,,
6003,4748,1902,2024-11-25,,2025-07-01
6006,8264,2283,2025-04-25,,2025-07-13
6174,2946,1799,2024-09-05,,2024-12-07
6381,6844,3283,2025-12-05,,
6700,6368,1805,2024-06-03,,
6739,5135,289,2024-12-01,,
7060,1717,1755,2024-04-12,,
7740,632,3966,2025-09-26,2025-10-24,
7946,2590,2062,2024-12-20,2025-02-01,
7973,7102,2343,2024-01-18,2024-04-22,
8224,5782,320,2025-01-30,,
8232,5843,2245,2024-02-12,,
8564,3258,1237,2024-01-23,,2024-10-16
8596,5921,3287,2025-03-03,,2025-06-22
8699,5315,2840,2025-03-11,2025-05-24,
9312,4523,3762,2024-06-22,,
9408,7316,1225,2025-07-11,2025-08-23,
9454,8202,1723,2025-07-16,,2025-12-05
9470,7946,2361,2025-10-13,2025-10-22,
9635,6850,1892,2025-06-15,,
10096,14,3441,2024-12-13,,
10514,1183,3979,2025-01-29,,
10811,1263,1010,2024-10-17,2024-10-24,
10916,8130,273,2024-12-19,,
11007,9026,2769,2025-11-08,,2025-12-14
11036,8433,4415,2024-12-26,,
11134,5204,1453,2025-10-11,2025-12-13,
11191,4375,3866,2024-01-19,2024-04-03,
11444,4297,4321,2025-10-06,,2025-11-16
11771,7396,881,2024-10-04,,
11788,9556,3795,2025-11-15,,
12117,3167,4789,2024-07-04,2024-10-10,
12715,6394,2433,2024-10-29,,
13054,432,4014,2025-07-15,,
13119,8577,969,2024-02-25,,
13147,8833,4583,2025-12-11,,
13340,7092,544,2025-11-16,,
13672,4039,1694,2024-06-02,2024-09-30,
13908,9274,3647,2024-06-25,,
14549,1501,4977,2025-02-09,2025-08-06,
14709,9617,542,2024-12-08,,
15084,4868,2972,2024-06-13,,2024-09-28
15139,5878,3392,2025-04-27,,2025-10-23
15616,2071,1422,2025-06-21,,
15761,8019,966,2025-12-07,,
15940,4035,4962,2025-08-19,2025-09-08,
16059,5554,3686,2025-08-13,,
16483,6139,2530,2024-07-23,,
16922,9937,2078,2024-05-04,,
17176,2934,4333,2025-11-06,,2025-12-18
17356,9190,883,2024-07-03,2024-08-15,
17735,6770,1573,2025-06-19,,
17955,8300,1183,2025-12-06,,
17997,7279,2515,2025-10-21,,
18006,2824,4143,2025-08-31,2025-10-12,
18110,1203,3019,2025-12-15,,
18166,7816,4648,2025-01-12,,
18179,4082,1613,2025-09-03,,
18468,9017,421,2025-03-13,2025-06-01,
18514,252,1332,2025-03-02,2025-08-03,
18833,5624,1592,2024-02-15,,
19203,3285,638,2025-01-12,,
19451,8602,3322,2024-03-31,,
19599,7170,4407,2024-01-02,2024-02-13,
19784,6516,10,2025-09-22,,
19996,8058,3811,2025-04-04,,
334,6004,836,2024-04-18,,2025-03-24
419,5971,2791,2025-09-11,,
648,6740,2404,2025-05-23,,
806,7458,2186,2024-05-02,2024-10-13,
1469,1843,4856,2024-12-14,,
1605,7986,1120,2025-10-29,,2025-11-04
1676,2285,3229,2025-08-31,2025-10-26,
2427,964,2983,2024-02-12,2024-08-06,
2488,2188,492,2024-05-19,,
2637,3904,655,2025-02-24,,
2695,3746,539,2025-09-20,,
2935,8369,2722,2024-12-22,,
3134,2337,1615,2025-05-11,2025-07-19,
3174,3018,3725,2025-02-21,,
3230,7758,4349,2025-10-14,,
3266,394,3486,2025-09-14,,
3411,4675,3025,2025-02-19,,
3597,7390,954,2024-10-17,,
3647,8580,4578,2025-10-30,,
3691,5920,850,2025-11-07,,
3693,3985,3397,2025-03-18,,
3715,6134,4022,2025-11-17,,2025-12-08
3755,8189,1891,2024-12-29,2025-05-25,
3757,2432,1667,2024-08-26,,
4125,9978,4535,2024-07-05,2024-11-21,
4656,5153,856,2025-05-08,,
4972,42,2012,2025-10-16,,
5224,9575,3297,2025-07-19,,
5473,8432,1164,2024-06-21,,
5769,9377,4070,2024-09-23,,
6447,3944,1571,2025-01-23,2025-04-04,
6515,1750,4200,2025-05-03,,
6696,1546,4944,2024-09-15,2024-11-08,
6835,9172,1372,2025-08-14,,
6849,7339,3875,2024-06-17,2024-08-30,
7002,6777,1722,2025-12-23,,
7170,7255,976,2024-01-19,,
7344,7859,362,2025-12-12,,
7646,2117,624,2024-08-06,2025-01-04,
7719,4950,3466,2024-04-24,,
7872,3961,4444,2025-12-07,,
7878,728,4651,2025-12-16,,
7940,807,1444,2024-01-11,,
8828,6222,4179,2025-12-05,,
8845,7560,3661,2025-05-27,2025-08-22,
8934,5428,3972,2024-06-02,2024-09-20,
9129,6214,97,2025-05-07,,
9323,5426,4660,2025-01-12,2025-07-05,
9477,7692,4160,2024-05-26,,
9575,9264,2426,2024-02-18,,
9580,7220,3714,2025-11-26,,
9942,8146,4414,2024-05-28,,2024-09-08
9981,5036,379,2024-04-27,2024-08-22,
9996,8934,2634,2025-11-29,,
10071,9811,433,2025-04-30,,2025-12-13
10150,7997,1962,2024-12-31,,2025-04-11
10313,5153,171,2024-10-08,,2025-06-27
10516,762,1081,2025-03-11,,
10524,7083,4722,2025-09-24,,
11006,970,1052,2024-11-07,2025-01-21,
11312,6337,3340,2024-01-05,,
11354,7993,779,2025-10-21,,
11380,2624,801,2024-12-15,,
11493,321,3760,2024-12-16,,
11520,3293,2797,2025-09-16,,
11739,2085,1342,2025-10-29,,
11967,4808,3921,2024-11-14,2025-02-24,
12215,9847,3652,2024-03-11,,
12437,7137,2533,2025-11-25,,
12839,554,4574,2025-08-05,,
12976,4003,1374,2025-07-25,,
12990,5249,1087,2025-05-29,,
13466,2743,3914,2025-01-30,,
13788,6533,4769,2025-03-12,,
14285,194,3066,2024-08-30,,
14397,1081,3660,2025-05-11,,
15168,1439,584,2025-12-08,,
15320,293,2110,2024-01-23,2024-07-18,
15730,8526,4687,2024-03-05,2024-08-14,
15873,2845,3530,2025-08-17,2025-09-14,
15927,5202,3017,2025-12-03,,2025-12-24
16126,2980,2639,2025-10-11,,
16401,4685,3123,2025-03-15,,
16583,8601,2459,2025-02-10,,2025-05-08
16988,7089,650,2024-10-24,2025-04-15,
17106,1312,1689,2024-06-18,,2025-05-27
17162,2085,4620,2025-08-17,2025-09-21,
17379,4363,2346,2025-12-23,,2025-12-25
17452,5098,3528,2025-06-15,2025-09-05,
17471,1354,190,2025-11-26,,
17776,5059,26,2025-12-24,2025-12-25,
17965,3897,2983,2024-02-01,,
18630,8479,4987,2024-12-18,2024-12-29,
18926,1769,670,2025-12-24,,
19177,406,1454,2024-11-21,,
19576,2353,185,2025-04-13,,
19580,5278,4975,2025-08-09,,
19613,2368,4551,2025-07-06,2025-08-27,
19794,1742,1341,2024-12-17,,2025-04-09
19853,1805,4408,2024-03-19,,
44,6815,3008,2025-01-23,2025-06-16,
167,7514,3031,2025-05-01,2025-10-21,
210,7668,4648,2024-11-14,2025-04-24,
468,7027,1960,2024-12-30,,
550,3677,1021,2024-03-31,,2025-02-15
602,8349,3582,2025-12-17,,
612,4372,271,2025-02-17,,
654,1646,4055,2024-02-02,,
838,3684,4714,2025-06-03,2025-09-05,
972,8168,401,2024-01-14,,2024-01-29
1173,1977,3900,2025-05-02,,
1208,1079,4430,2025-12-03,2025-12-10,
1701,7226,3042,2024-01-23,2024-01-31,
1874,6095,2561,2024-08-18,,
2034,802,2644,2025-10-24,,
2111,3480,1161,2025-11-13,,
2370,8054,1230,2025-11-17,,
2759,3496,2228,2024-05-02,,
2771,8092,3549,2025-09-08,,
2813,7027,927,2025-10-30,,
3140,4395,1783,2024-07-29,,
3163,6247,3943,2024-06-10,,
3224,8998,898,2024-07-14,2025-01-02,
3485,9340,4428,2025-02-08,,
3522,6286,4869,2025-09-30,,
3639,8869,4740,2025-05-25,2025-08-30,
3676,3532,3450,2025-02-15,2025-08-12,
3840,2018,2721,2024-07-02,,
4290,8869,3550,2025-05-16,2025-09-09,
4371,4379,1157,2025-03-04,,2025-10-23
4627,6666,3717,2024-09-17,,
4806,5233,229,2024-05-01,,2024-06-13
5003,2127,3580,2025-03-29,,
5069,6164,3375,2025-01-10,,2025-12-07
5289,1133,1557,2025-03-21,,2025-09-18
5523,4724,577,2025-05-14,,
5958,2291,769,2025-03-12,2025-07-30,
5977,3567,2632,2024-06-26,,2025-04-12
5990,4070,88,2025-11-20,2025-12-11,
6012,9632,1841,2025-09-21,,2025-12-09
6377,3613,1998,2025-08-25,,
6493,7627,4960,2025-05-26,,
6645,4829,277,2024-09-05,,
6724,876,4280,2025-07-05,2025-07-18,
6764,5040,4812,2024-04-12,,
6862,8447,1116,2024-05-06,,
7291,3207,2685,2024-01-21,,
7611,5017,2147,2024-11-02,,
7922,5441,164,2025-06-06,,
8111,29,2336,2025-04-10,2025-06-11,
8169,9336,1263,2025-09-23,,
8367,4416,4016,2025-11-04,,
8401,2657,4570,2024-07-19,,
8688,302,2245,2025-10-24,,
8760,8649,796,2025-08-01,2025-10-24,
8766,9712,972,2025-06-17,,
9817,8247,1337,2024-10-08,,
10158,504,2823,2025-03-09,,
10543,1761,2909,2025-05-10,,
10597,7402,1673,2025-09-17,,
10845,9080,1128,2025-09-09,,
10884,8415,4164,2025-02-03,,
10937,8483,3353,2025-09-01,,
11034,9913,1061,2025-02-25,,
11298,6533,928,2025-01-28,,2025-02-09
11495,6168,3874,2025-02-04,,
11669,7050,2628,2025-04-15,,
11727,4176,330,2025-05-11,,
12102,1352,1676,2025-01-19,,
12248,8982,1027,2025-11-22,,
12858,8136,3441,2025-09-26,,
12951,602,273,2025-06-10,2025-08-09,
13502,6730,1156,2025-05-27,,
13667,9928,4013,2024-06-28,,
13915,9696,4776,2025-02-27,,
13920,8717,4234,2024-01-09,,
13923,9107,4063,2024-08-08,2024-08-20,
14349,4841,4105,2025-08-19,2025-09-14,
14507,6293,161,2024-04-22,,
14566,4749,3265,2025-02-27,,
14893,7613,2937,2024-05-27,,2024-06-10
14921,3748,2812,2025-01-20,,
14927,4736,2654,2025-06-25,,
15076,65,209,2024-06-10,,
15107,1890,247,2025-09-26,,
15376,707,2643,2024-08-16,,
15744,8072,4408,2025-08-23,,2025-11-18
15788,2003,2387,2024-07-23,,
16218,4231,4225,2024-01-07,2024-05-25,
16268,6815,146,2025-03-01,,
16347,5754,848,2024-01-18,,
16463,4014,2352,2025-11-22,,
16466,4563,4913,2024-04-19,,2024-05-15
16635,3904,887,2025-11-24,,
16838,4414,1903,2024-02-03,,
16911,3646,2046,2025-12-03,2025-12-19,
17328,8086,1061,2024-10-15,2025-03-23,
17601,6062,3894,2025-08-24,2025-09-29,
17650,7702,3284,2024-09-29,,
17993,6869,3428,2025-12-21,,
18096,2541,3683,2025-01-22,,
18122,7238,1919,2024-06-08,,
18659,6641,791,2025-06-13,2025-07-28,
19052,9978,2527,2024-09-19,,
19776,5909,3021,2024-08-04,,
10,7117,1312,2025-02-22,,
441,4757,2423,2025-09-18,,2025-10-06
668,66,1995,2024-12-03,,
780,7543,2040,2024-05-10,,2024-09-24
798,9699,1440,2025-08-13,,
1016,2234,4074,2025-04-27,2025-10-17,
1074,4684,718,2025-05-01,,2025-10-14
1128,107,696,2025-09-29,2025-12-03,
1177,8764,3893,2024-02-11,,2025-01-02
1277,1216,4845,2025-06-06,,
1334,2311,4823,2025-11-25,,2025-12-05
1852,285,1936,2025-08-22,,
1913,2825,381,2025-03-27,2025-06-05,
2117,1431,3308,2025-12-22,2025-12-25,
2224,6101,963,2025-01-29,,
2610,3985,2135,2024-12-24,2025-02-27,
2643,7464,1064,2024-08-28,,
2770,8563,2645,2025-04-02,,
3199,2651,4601,2024-03-28,,
3628,5668,2781,2024-06-25,,
3633,5911,1417,2025-08-27,2025-10-07,
3718,5204,3007,2024-10-27,2024-12-22,
4048,5073,982,2025-09-11,,2025-09-12
4875,6464,1758,2024-08-15,,
5036,2950,4568,2025-07-07,,
5501,294,1130,2025-10-27,,
5559,643,4503,2025-06-26,2025-08-03,
5595,1781,3407,2025-05-25,,2025-06-18
5607,7994,4098,2025-05-31,,
6164,1054,3310,2025-11-27,,
6258,3492,2687,2023-12-27,,
6389,9791,2794,2025-01-26,,
6471,4106,4906,2024-02-06,,
6561,4250,3219,2024-10-07,,
6995,2897,1669,2024-11-25,2025-03-04,
7061,2388,2435,2025-10-03,2025-12-22,
7230,1219,699,2024-03-22,,2024-10-19
7276,2299,681,2024-10-16,2025-01-17,
7313,9712,1664,2025-04-16,,
7372,7535,4368,2024-12-29,2025-03-24,
7382,5793,551,2024-12-27,2025-04-08,
7489,5761,685,2024-07-13,,2025-06-20
7987,3714,2552,2025-10-08,,
8037,9386,658,2025-12-08,,
8117,1605,376,2024-02-16,,
8304,7573,2841,2024-12-17,2025-03-31,
8560,1407,2257,2025-01-20,,
8644,7692,2508,2024-03-24,,
8651,6071,4107,2025-04-13,,
8969,2518,3835,2025-03-23,,
8993,8110,4858,2025-03-09,,2025-10-19
9038,7271,3972,2025-07-16,,2025-10-06
9261,9837,3403,2025-09-08,,
9526,7321,1312,2024-07-06,,
9682,5244,2266,2024-11-20,,
9693,4696,1677,2024-01-06,,
10118,8122,4357,2025-03-19,2025-09-04,
10220,9616,1492,2024-10-06,,2024-12-24
10273,3327,2959,2025-04-15,,
10324,3176,4300,2025-10-14,,2025-10-19
10738,8768,3625,2024-10-31,,
11004,497,966,2024-08-06,,2025-06-12
11205,9801,3113,2024-09-25,,
12208,5560,1703,2025-10-24,,
12392,7224,520,2024-08-25,2025-02-18,
12477,2781,2748,2025-07-03,,
12785,2528,1049,2024-09-13,,
12842,9409,3742,2024-01-28,,
13084,1895,2713,2025-12-22,,
13178,6632,1577,2025-03-13,,
13538,4505,113,2024-02-22,,2024-09-26
13949,960,2307,2025-06-19,2025-09-14,
14007,6896,3365,2025-01-27,,
14719,7174,4084,2024-08-15,,
14974,4596,1298,2025-03-30,,
15801,3161,4397,2024-02-05,,
16139,5859,315,2025-06-25,,2025-07-04
16308,2348,2045,2025-07-06,,
16321,9035,553,2025-11-28,,2025-12-14
16349,3394,3523,2025-10-15,2025-11-07,
16564,3686,1965,2024-12-11,2025-05-28,
17297,2865,2049,2025-07-02,,
17641,7579,1071,2024-12-23,,2025-02-22
18002,7050,4771,2025-03-05,,
18685,1757,957,2024-07-03,,
18695,2544,1088,2025-07-05,,
19344,6917,710,2025-05-03,,
19498,6099,1260,2025-11-02,2025-11-25,
19661,5371,859,2025-04-02,,
19861,6612,497,2024-06-24,,
19972,481,2923,2024-08-18,,
76,3838,690,2025-07-30,,
96,9804,3491,2025-07-03,,
125,116,1038,2025-09-01,,
384,6698,4773,2024-02-21,,
822,102,953,2024-11-14,,
1258,3000,2212,2025-04-16,,
1505,823,672,2025-03-04,2025-06-08,
1704,180,3827,2025-01-10,,
1834,6366,4802,2024-01-16,2024-04-01,
1903,6259,910,2025-06-02,,
1964,171,4949,2025-11-12,,
2043,1383,4259,2025-04-24,2025-10-09,
2221,8892,1267,2025-12-03,,
2286,8109,2287,2024-09-13,,
2335,7932,3915,2025-08-28,,
2584,9138,1561,2024-12-14,,
2814,7049,3588,2025-08-22,2025-08-31,
2876,7467,3234,2025-04-04,,
2939,9506,3435,2025-11-12,,
3122,5836,2114,2025-11-20,,
3167,7430,2765,2024-07-13,,
3170,6062,3113,2025-04-07,,2025-10-24
3296,2846,1743,2024-12-24,,
3659,9407,4249,2025-04-19,2025-07-18,
3723,7499,2552,2025-03-17,,
4114,1,3291,2024-07-19,,
4683,8620,3594,2024-07-03,,
4765,5170,4336,2024-03-27,2024-06-17,
4956,1884,545,2025-06-18,,2025-11-17
5220,9433,899,2025-06-18,2025-07-26,
5247,7915,4875,2025-10-24,,
5408,7348,2701,2023-12-30,,
5428,8413,3549,2024-06-29,,
5722,4070,1904,2025-04-29,2025-06-19,
5832,7976,2071,2025-04-11,,
5842,9172,4544,2025-10-25,,
5861,1689,3015,2024-06-17,,
6038,5156,3621,2025-02-20,,
6189,9613,2196,2025-11-01,,
6249,7993,454,2025-07-12,,
6473,9590,4918,2025-02-04,,
6551,1219,1957,2025-06-26,,2025-11-01
6709,7085,2625,2025-06-13,,2025-10-26
7114,7716,4512,2024-05-07,2024-10-26,
7353,3727,4289,2024-04-08,,
7658,4265,2028,2025-03-03,,
8166,4502,3667,2025-04-03,,
8188,1450,3097,2024-12-28,,
8214,1679,4158,2024-06-24,2024-11-23,
8459,64,2909,2025-03-23,,
8484,8274,916,2025-10-01,,
8582,3311,3576,2025-08-11,,
8613,615,2026,2025-03-18,,
8897,6252,4740,2024-08-06,,
9534,4069,2491,2025-06-29,,
9648,1759,3620,2025-11-19,2025-12-25,
9820,3397,651,2024-06-20,2024-12-12,
9943,3240,3743,2025-02-09,2025-07-02,
10043,5748,4348,2024-10-17,,
10130,3941,1382,2024-11-18,,
10159,631,2362,2025-08-10,,
10332,9095,1643,2024-05-23,2024-09-05,
10459,2671,1935,2024-03-01,,2024-12-31
10506,3615,3233,2024-06-20,,
10547,6085,2928,2024-06-25,,
10659,6899,4284,2025-06-11,,2025-07-02
10692,7241,3845,2025-03-04,,
10728,3014,4915,2025-04-04,2025-09-27,
11166,7013,3689,2025-07-22,,
11334,9,1106,2025-09-06,,
11652,8265,3175,2025-11-14,,
11999,1435,604,2024-08-06,,2024-12-16
12589,43,339,2024-04-13,2024-04-22,
12619,7472,160,2024-01-06,2024-04-28,
12697,2334,4817,2024-04-08,2024-08-03,
12873,38,3044,2024-09-29,2025-02-10,
13161,365,1071,2024-04-25,,
13241,4900,548,2025-05-23,,
13448,2638,248,2024-02-18,,
13605,65,4237,2025-06-25,,
13838,69,3369,2024-07-13,2025-01-06,
13853,4344,3297,2025-10-20,,
13939,1235,2211,2025-10-13,,
13957,6520,704,2025-08-21,,
14005,5612,3408,2024-11-11,2025-03-04,
14568,7549,4372,2024-07-06,2024-10-01,
14705,7236,4337,2025-03-18,,
14781,4331,3828,2024-03-02,2024-06-09,
15069,8667,525,2025-08-22,,
15152,9480,4197,2024-02-07,2024-03-26,
15159,2737,1069,2025-10-10,2025-11-23,
15199,3554,4614,2025-08-01,,
15257,4556,3819,2024-06-29,,
15398,2924,4832,2024-05-25,,2025-04-13
16225,7702,346,2024-04-08,,
16262,601,1490,2024-10-01,2024-10-12,
16782,7171,4643,2025-11-24,,
16910,272,3586,2025-05-09,,2025-11-23
17206,2206,1732,2024-06-03,,2024-07-21
17345,8689,366,2025-08-14,,
17833,7029,1397,2025-06-24,,
18107,6723,97,2024-05-23,,
18134,462,1903,2025-05-18,,
18405,1053,2700,2025-04-23,,
18978,6305,2231,2025-05-16,2025-10-03,
19138,1046,2139,2024-07-26,,
19235,3105,583,2025-02-22,,
19438,3713,3442,2025-10-31,,
19450,9010,971,2024-12-05,,
19462,2619,3485,2025-11-30,,
19641,8458,678,2024-11-22,,
19704,3060,4364,2025-08-20,,
267,7139,4313,2025-11-03,,
608,7885,1287,2025-04-18,2025-09-15,
749,7568,4277,2024-02-21,,
777,1442,4300,2024-09-25,,
994,6085,3189,2025-09-18,2025-11-01,
1470,6840,417,2025-09-10,,
1538,9628,3057,2025-02-25,,2025-06-26
1619,2870,1085,2025-03-05,,
1951,9263,4648,2025-11-17,2025-12-18,
2054,285,3487,2025-12-15,,
2211,5378,710,2025-12-16,,
2465,2291,3939,2024-02-26,,
2564,3054,112,2024-12-18,2025-03-29,
2739,8255,1342,2025-10-24,,2025-10-30
3070,594,3871,2025-01-23,2025-03-11,
3133,5879,2348,2025-09-06,,2025-10-31
3220,8552,1512,2025-03-03,,
3772,7389,3904,2025-11-18,,
3846,4688,615,2024-07-05,,
3907,7866,898,2024-06-29,,
4046,1996,1758,2025-12-24,,
5416,7389,1736,2025-10-19,,
5534,7767,4430,2025-06-21,2025-08-23,
5650,7747,4656,2023-12-28,2024-02-20,
6108,5169,4187,2024-04-29,2024-08-03,
6200,1586,4509,2024-02-22,,2024-08-26
6227,2850,3477,2024-12-15,,
6490,8298,4407,2025-09-13,,
6505,7009,5,2025-11-26,,
6528,9523,1744,2024-09-06,2025-01-21,
6736,707,3297,2024-09-06,,
6766,2415,2725,2025-11-17,,2025-12-23
6821,6437,4034,2024-04-25,,
6941,6426,3015,2024-12-18,2025-01-29,
7025,9180,1444,2025-12-19,,
7085,8254,1632,2025-04-03,2025-08-24,
7730,1847,3751,2025-05-27,,2025-06-29
8248,8771,534,2025-04-24,2025-08-20,
8369,7952,4960,2024-08-20,2025-01-24,
8591,4508,3947,2024-12-14,2025-01-26,
8815,3730,531,2024-09-30,2024-12-10,
8900,1313,3864,2024-11-12,,
9118,2540,4682,2025-09-16,,
9298,2517,1179,2024-10-22,,
9535,8772,180,2025-11-15,,
9609,2545,3950,2024-08-19,2024-12-27,
9753,4849,3786,2024-02-08,,
9807,4508,1061,2025-09-08,,
10114,7321,4682,2025-12-06,,
10587,9689,2641,2024-05-01,2024-08-08,
10710,8718,1923,2024-07-14,,
10786,3162,4167,2024-10-13,,2024-11-20
10794,94,4655,2025-06-20,2025-10-10,
11156,339,3184,2025-06-25,2025-08-02,
11219,1646,1182,2024-03-21,,2024-03-27
11283,3439,4286,2024-11-30,2025-05-16,
11492,721,4152,2024-04-28,,
11677,4549,4226,2024-11-19,,2025-01-05
11790,3571,2153,2025-11-10,,2025-12-21
12221,9873,3790,2025-04-28,,
12414,8524,3511,2024-08-15,2025-01-29,
12864,8949,2689,2025-10-27,2025-12-21,
12866,4975,2770,2024-06-10,,
13355,6252,3778,2024-04-26,,
13722,4308,1829,2025-05-09,,
13736,6494,252,2025-08-20,,
14012,768,1403,2024-06-17,2024-11-16,
14554,16,870,2024-06-15,,
14685,2614,698,2025-02-02,,
14952,1808,488,2025-11-28,,
14998,7790,1229,2025-09-02,,
15066,2986,136,2024-09-07,2024-12-05,
15134,3363,2319,2024-01-21,,2024-04-20
15401,8460,1238,2024-06-09,2024-08-12,
15734,1814,3223,2024-09-17,,
15770,5278,1556,2025-06-22,2025-11-04,
15785,564,628,2025-10-13,2025-10-27,
16036,3186,3515,2024-12-06,,
16377,8184,4885,2025-06-19,,
16620,5093,1956,2024-06-08,,2025-06-01
16762,9677,3719,2025-04-19,,2025-07-23
16998,5309,728,2024-11-01,,
17014,1119,1664,2025-07-17,2025-12-07,
17396,6031,1565,2025-09-13,2025-12-09,
17618,418,4472,2024-09-17,,
17659,7612,24,2025-04-08,2025-06-21,
17722,5242,3844,2024-01-28,2024-04-14,
17841,4867,3893,2025-08-31,,
17928,4008,2518,2025-10-20,,
18003,9986,838,2024-04-14,,
18186,895,1376,2025-06-05,,2025-10-29
18917,7256,4029,2025-11-16,,
845,1898,2667,2025-11-22,,
1138,9220,1965,2025-10-08,,
1213,8722,4967,2024-02-11,,
1430,5159,1959,2025-03-07,,2025-05-07
1431,5955,3758,2024-09-26,,2025-06-04
1440,2320,4420,2025-03-10,,
1758,4618,2060,2024-11-25,2025-03-07,
1840,8079,532,2024-02-09,,
2001,2926,1252,2025-09-27,,
2248,9526,3904,2024-05-03,,
2342,4982,4381,2025-04-30,2025-05-29,
2442,9980,3158,2024-03-07,,
2540,7182,4754,2025-11-10,,
2553,9949,4406,2025-08-29,,
2555,6095,1113,2025-05-26,2025-07-29,
2819,7294,3502,2025-12-20,,2025-12-23
3063,831,3107,2025-01-31,,
3356,6333,4835,2025-03-01,,2025-12-15
3511,9278,3177,2024-01-13,,
3703,8698,2246,2024-06-12,2024-09-09,
3822,9381,1293,2024-01-11,,
4106,6842,3797,2025-01-01,2025-01-16,
4203,3059,2647,2025-08-10,2025-09-01,
4516,150,2405,2024-12-31,,
4613,9909,399,2025-12-24,,
4746,8028,906,2024-08-10,2024-09-06,
4965,768,2923,2024-07-22,,
5053,2179,2092,2025-12-16,,2025-12-21
5144,2154,738,2025-11-02,,
5192,9385,4320,2025-10-13,,2025-11-28
5483,8137,1417,2025-08-11,,
5610,5826,1211,2024-09-08,,
5638,4707,2922,2025-06-09,2025-07-31,
5973,1200,373,2025-02-20,,
6047,2215,4554,2024-12-07,,
6239,1529,1404,2025-09-01,,2025-09-02
6453,8516,4484,2025-12-13,,
6546,5279,4622,2025-04-05,,
6652,1825,2084,2024-10-22,,2025-06-28
6752,5957,3452,2025-09-09,,
6790,6941,3293,2024-07-30,,2024-10-14
6926,7503,4611,2025-08-07,,
7161,7747,985,2025-06-14,,
7164,4414,2499,2025-08-31,,
7579,4501,2827,2024-05-07,2024-07-16,
7750,7911,1387,2024-11-05,,
7876,6175,4376,2024-07-16,,
7893,29,4994,2024-01-11,2024-02-21,
7926,7245,305,2025-05-13,,
8396,6899,1294,2025-08-16,2025-11-23,
8449,1055,3519,2025-11-14,2025-12-14,
8522,6844,238,2025-11-20,,2025-12-05
8547,3455,52,2024-07-07,,2025-03-31
8837,1246,1046,2024-09-25,,
9100,5677,2555,2024-05-17,,
9322,383,1411,2025-05-03,2025-10-04,
9474,7267,825,2024-10-11,,
9565,6858,4853,2025-08-26,,2025-11-09
9654,1483,396,2024-05-27,2024-08-13,
9934,6513,3529,2024-01-01,,
9941,7114,913,2024-06-28,2024-08-31,
10129,4228,952,2025-12-10,,
10195,8907,3163,2024-11-01,2025-04-15,
10293,1791,3671,2024-07-18,,2025-03-25
10508,3963,1829,2024-12-30,,2025-01-13
10960,7848,4133,2024-11-10,2025-04-21,
11403,2017,1805,2025-01-27,,
11560,5237,2960,2024-09-10,,2024-11-24
11986,5771,2112,2024-07-30,2024-10-25,
12047,3708,2978,2025-12-06,,
12523,1758,3986,2024-11-17,2025-01-29,
12593,2536,724,2025-06-19,2025-08-26,
12698,7076,3669,2024-12-06,2025-04-20,
12867,2936,4408,2024-04-26,2024-09-03,
12912,2762,4318,2025-07-25,,2025-09-17
13047,4241,3656,2024-10-10,,
13584,9779,1601,2024-04-18,,
13873,6060,1343,2025-01-23,2025-02-25,
14408,7900,3330,2025-11-22,,
14860,8989,4560,2024-07-02,2024-09-06,
14899,970,3184,2024-03-08,,
15188,8292,1731,2024-01-05,,2024-02-04
15450,7718,245,2025-02-09,,
16155,7879,3122,2025-04-21,,
16243,1265,4543,2025-12-12,,
16283,7554,1427,2023-12-31,,
16410,3616,4328,2024-03-23,2024-09-09,
16701,3617,235,2024-03-18,,
17318,1177,3263,2024-10-10,2025-02-07,
17438,8766,2819,2024-02-02,2024-06-20,
17911,8067,1179,2025-01-31,,
17914,2469,3838,2024-06-03,,
17966,9220,1185,2025-12-08,2025-12-19,
18015,3394,3618,2025-05-08,,
18178,1113,4308,2025-07-25,,
18679,355,759,2025-12-05,,2025-12-25
18790,7733,2522,2025-10-23,,
19216,3429,3134,2025-06-24,2025-08-02,
19369,1464,4115,2025-07-12,2025-09-01,
19370,8758,3058,2025-10-26,,2025-12-21
19449,7369,1613,2025-07-22,,2025-12-11
19467,8204,2646,2024-07-20,,
19973,3676,2030,2024-03-08,2024-05-15,
21,5231,880,2024-07-09,,
146,1703,1904,2025-11-19,,
171,7572,3852,2024-05-25,2024-08-19,
351,6030,4129,2024-06-16,,
357,920,2315,2025-08-19,,
475,5877,1955,2025-01-21,2025-05-12,
675,5728,1875,2025-10-02,,
870,1775,3731,2024-09-08,,2025-04-10
1417,8870,4906,2024-04-12,,
1549,1892,2533,2025-12-24,,
1572,9225,4319,2025-06-10,,
1887,7431,1619,2025-05-18,,
2466,5395,3144,2025-08-10,,
2604,1998,730,2025-09-23,,2025-10-01
2651,3730,1831,2025-07-15,2025-07-23,
2678,7978,4590,2024-12-13,,
2856,2218,3912,2024-07-19,,
3652,3723,1950,2025-02-20,,
3708,8473,2397,2025-04-05,2025-05-05,
3776,9073,3451,2024-06-01,,
4852,6884,1808,2024-03-13,,
5485,1520,4519,2025-08-26,,
5673,9745,3139,2025-06-06,,
5686,7516,482,2024-02-14,,2024-06-25
6128,6592,2523,2024-12-08,,
6246,4429,3935,2025-06-19,2025-11-22,
6329,7282,379,2024-03-09,,
6476,6284,2956,2025-08-08,2025-10-20,
6779,8966,3593,2024-09-10,2024-12-30,
7207,6921,4289,2024-08-23,,2024-12-08
7303,4344,668,2024-09-14,,2025-03-31
7331,6014,2476,2024-08-05,,
7381,7453,1457,2024-11-28,2025-04-05,
7592,5391,633,2024-07-03,2024-12-01,
7594,3866,2093,2025-04-10,,
7655,8068,1329,2025-05-18,,2025-09-12
7813,3516,3594,2024-01-06,,
8316,7375,2442,2025-10-12,,
8411,330,1788,2025-07-24,,
8647,2162,2794,2025-09-04,,
8800,2158,824,2025-11-23,,
9252,4330,258,2024-03-25,,
9684,7216,773,2024-05-14,2024-10-14,
10519,4889,2126,2024-06-16,2024-12-02,
10556,1308,1130,2025-08-19,2025-12-05,
10993,5267,2330,2024-05-14,2024-07-11,
11249,6703,3752,2025-08-17,,
11305,1758,763,2024-02-05,,2024-11-27
11406,1191,825,2024-12-18,,
11457,5710,4923,2025-12-08,2025-12-22,
11772,1981,2478,2025-05-22,2025-06-04,
12290,8897,273,2024-05-25,,2024-09-12
12432,4597,2283,2024-03-17,,
12466,3308,4722,2025-05-03,,2025-10-30
12686,4867,3848,2024-10-13,2025-03-22,
12788,9950,3225,2025-06-29,,
13036,982,4193,2025-06-02,,2025-08-09
13264,4582,2648,2024-11-09,,
13418,5922,120,2024-11-04,,
13665,7337,3976,2024-05-17,,
13804,2966,3425,2025-03-05,,
13850,7049,4867,2025-10-28,,
14164,4252,107,2025-08-25,,
14459,9372,304,2024-12-06,2025-01-12,
14536,7944,2357,2025-07-12,,
15244,9356,3134,2025-11-14,,
15377,470,511,2025-12-16,,
15404,5688,4700,2024-03-03,,
15473,9152,3675,2024-06-09,,2024-10-16
15752,1341,3338,2025-05-14,2025-07-07,
17068,1351,4312,2024-09-26,,
17622,1920,516,2025-06-23,,
17743,5830,952,2025-01-26,,2025-04-12
17828,5667,4919,2025-03-29,2025-09-06,
17919,7719,221,2024-05-15,,
17986,3649,3220,2025-10-11,,2025-10-29
18513,6824,2698,2025-11-27,,2025-12-04
18573,8416,4708,2025-09-15,2025-11-15,
18623,9668,4533,2024-01-14,,
18873,3945,3976,2025-02-10,,
19072,7287,2528,2025-10-23,,
19191,5879,985,2024-05-21,,
19321,7596,463,2024-10-17,,
19491,6661,878,2024-08-29,,
19606,2933,3636,2025-01-28,,
19633,3914,1605,2024-09-08,,2024-09-17
19659,6369,3322,2025-05-18,,
19822,5281,2223,2025-11-12,,
19887,4846,3843,2024-03-27,,
19940,2559,3702,2025-09-04,,
237,4136,483,2025-06-21,,
424,1229,2711,2025-12-22,,
847,3375,97,2024-06-07,2024-10-06,
881,563,4064,2024-11-14,,
1023,1114,1710,2025-06-20,,
1067,6972,1621,2024-05-20,,
1182,5848,1401,2024-11-30,,2025-03-13
1397,8466,1217,2025-02-12,,
1865,636,954,2024-04-09,,
1930,8742,4416,2025-03-05,,2025-07-12
2027,6198,2387,2024-09-08,2025-01-04,
2041,1668,1882,2024-12-28,,
2067,6948,3372,2025-12-23,,
2068,276,2900,2024-12-15,,2024-12-28
2121,1968,2828,2025-10-09,,
2481,4950,2204,2025-10-06,,2025-10-21
2838,2811,81,2024-12-21,,2025-09-24
2936,5489,2573,2024-05-15,,
2969,222,2728,2025-06-27,,
2990,3017,741,2024-10-07,,2025-05-22
3008,5650,3107,2025-12-16,,
3011,2978,2062,2025-11-05,,
3090,2319,30,2024-01-13,,
3155,9276,2309,2025-08-05,,
3322,2234,32,2025-06-11,,
3388,4982,1932,2024-05-21,,
3498,3416,3966,2024-02-16,,
4024,2440,4542,2024-03-03,,
4037,92,4191,2025-10-17,,
4112,4743,844,2025-04-03,2025-04-26,
4275,6686,1000,2024-08-16,2024-12-24,
4719,1705,3688,2025-06-20,,
4802,6811,1728,2025-05-02,,2025-07-16
4943,6499,4525,2024-11-14,,
5155,7114,2015,2025-08-06,,
5986,4756,4167,2025-11-11,,
6045,9853,1357,2025-02-05,2025-05-17,
6539,3866,3736,2025-01-07,,
7222,9035,3436,2025-11-29,,
7239,9972,4157,2024-06-06,,2025-04-12
7430,2778,1219,2024-10-30,2024-11-21,
7448,1243,4078,2024-03-11,,
7541,7038,4331,2024-12-29,,2025-03-29
7650,184,2268,2024-10-07,,
8176,4116,3982,2024-02-05,,
8827,3821,4034,2025-12-23,,
8942,9519,1807,2024-02-11,,2024-11-09
9139,1983,2411,2025-08-24,2025-10-08,
9155,7860,3232,2024-04-16,,
9726,5236,1066,2024-06-12,2024-07-24,
9783,2111,4381,2024-01-26,,
9832,5731,4361,2024-12-24,,
9902,7881,2503,2025-08-06,2025-11-06,
9904,2670,3502,2025-03-11,,
10040,3543,73,2025-07-15,,
10200,4887,3033,2025-12-15,2025-12-23,
10468,9584,4746,2025-02-19,,
10887,4805,4775,2024-12-12,,2025-11-10
11417,8586,448,2025-07-19,,
11510,6591,2140,2024-12-19,,
12160,6095,2850,2024-04-25,,
12175,4792,3161,2025-07-18,,
12282,1981,3641,2024-06-21,2024-11-22,
12293,895,677,2025-04-03,,
12297,2926,2568,2025-06-02,,
12522,2394,511,2025-02-19,2025-04-30,
12736,5402,1647,2025-05-09,2025-07-15,
12755,4077,2073,2025-02-11,2025-05-25,
12768,3319,4711,2025-04-08,,
12963,2666,3519,2025-04-02,,
13008,3417,382,2024-08-28,,
13304,1094,780,2024-09-10,,2025-04-17
13612,324,2064,2025-05-26,2025-06-03,
13927,1204,132,2025-08-26,,
14065,6546,830,2024-02-08,2024-07-22,
14101,8095,529,2025-12-23,2025-12-25,
14326,9510,4053,2024-03-30,,
14366,3089,4058,2025-10-08,,
14894,4492,3641,2025-11-16,,2025-12-17
15029,1311,1858,2025-10-18,2025-11-22,
15823,5117,4187,2024-02-11,2024-04-29,
16032,6077,2960,2025-06-21,,
16101,8072,4493,2024-04-20,,
16135,9230,4652,2025-05-09,,
16392,9232,2465,2025-08-17,,
16558,3288,4199,2025-12-21,,
16972,7551,1875,2025-07-23,2025-09-08,
17451,8731,4625,2025-09-20,2025-12-16,
17482,4537,4515,2025-07-21,,2025-07-24
17744,6919,4669,2024-10-06,,
18161,4134,1955,2024-01-23,2024-05-30,
18413,4660,3412,2024-03-17,,2024-12-29
18538,1025,2246,2024-01-29,,
18742,5820,1849,2025-12-19,2025-12-25,
18809,7399,1984,2025-02-13,,
19306,6712,1954,2025-07-28,,2025-11-02
19346,4417,2276,2024-05-14,,
19350,2287,2172,2024-10-29,,2024-11-24
19488,9650,2841,2025-04-22,,
376,7498,1695,2025-11-25,2025-12-06,
400,3780,1089,2024-02-12,2024-03-23,
529,2950,2140,2024-08-26,,2025-03-07
591,3508,4511,2025-04-01,,
839,3268,1799,2025-06-11,2025-10-09,
1027,877,3743,2024-10-01,,
1807,7877,4818,2025-08-11,,2025-12-02
1963,7546,1370,2024-05-03,,2024-12-12
2127,6379,2746,2024-08-10,2024-09-17,
2188,9840,2775,2024-08-09,,
2256,5929,1413,2025-04-05,,
2464,3533,230,2025-11-25,,2025-12-04
2467,1428,771,2024-01-05,,
2611,1893,4262,2025-07-16,,2025-10-19
2632,6107,2592,2025-11-11,,
2634,7856,3838,2024-09-27,,
3183,3555,4539,2024-09-26,,
3342,7776,1205,2025-10-01,2025-10-28,
3391,8860,719,2024-09-10,2024-10-17,
4225,5806,4439,2025-07-14,,
4241,9296,4042,2024-04-14,,
4712,5577,1816,2025-10-17,2025-11-15,
4914,8451,3146,2024-11-01,2025-03-31,
5197,75,4178,2025-08-08,,
5225,1228,4383,2024-04-26,,2024-05-24
5399,1227,3988,2024-11-19,,
5499,4346,3522,2024-10-21,,
5574,8830,872,2024-09-29,,2025-04-05
5782,8449,2956,2024-09-01,,2025-01-15
6398,3604,4568,2025-03-24,,2025-08-05
6416,2738,567,2025-02-25,2025-04-01,
6554,8708,832,2024-11-06,,2025-05-13
6761,7646,1611,2025-04-25,2025-05-06,
7251,7115,2275,2024-03-02,2024-07-28,
7336,600,3919,2024-08-29,2025-01-04,
7624,8228,4034,2025-08-03,2025-09-23,
7661,6090,1451,2024-04-25,,
7800,8008,2031,2024-06-21,2024-08-28,
7866,3570,2110,2024-07-13,,2025-01-11
8126,6124,4756,2025-03-01,,
8327,1464,1101,2025-07-28,2025-08-22,
8583,8732,1462,2024-06-07,,
8817,5354,1961,2024-11-18,,
8877,6784,4506,2024-10-25,2025-04-18,
9019,70,3707,2024-12-13,,
9393,2608,3479,2024-08-29,,2025-06-30
9645,7947,2627,2025-02-22,,
9859,4208,3493,2024-06-24,,2025-04-12
9989,8398,2298,2024-07-28,,
10031,7480,3959,2025-10-21,,
10053,9258,3046,2025-10-11,,
10103,460,4048,2025-08-24,,
10315,1224,4819,2025-12-16,,
10371,6989,1510,2025-05-21,2025-08-19,
10451,6632,3359,2024-04-01,,
10579,1004,3459,2025-05-30,,
10617,1791,4939,2024-08-14,2024-09-29,
10832,5115,3375,2025-12-15,,
10947,3049,3976,2025-11-26,,
11098,3738,2582,2024-08-18,,
11878,1347,1498,2025-03-23,2025-05-16,
12018,1484,967,2024-01-11,,
12124,4118,2481,2025-11-20,2025-12-06,
12260,4758,4408,2024-10-26,,
12368,4985,3055,2024-07-24,,
12576,5937,863,2024-02-08,,2024-12-05
12634,2334,4852,2025-10-25,2025-11-16,
12664,1219,1672,2025-04-19,,
12769,4905,2575,2024-08-02,,
12779,9017,3844,2024-03-18,2024-07-15,
13253,2816,526,2025-03-14,,
13269,5476,4218,2025-05-27,,
14034,1298,4855,2025-11-24,2025-12-16,
14066,8900,1778,2024-03-23,,
14265,5093,2105,2023-12-26,,
14353,5014,3006,2025-09-10,2025-12-10,
14403,5082,3583,2024-09-13,,
14859,9458,2820,2024-06-02,,
15267,7921,3604,2024-05-10,,
15476,9909,3010,2024-11-08,2024-12-21,
15500,2758,1162,2024-12-06,,
15577,8078,218,2025-06-12,,
15827,8112,574,2024-08-04,,
16151,9485,2817,2025-07-14,2025-10-16,
16212,9291,3477,2024-11-12,,2025-01-25
16488,6202,3545,2024-12-13,2025-05-13,
16856,2309,579,2024-08-05,,
16934,1203,1081,2025-11-11,2025-11-27,
17059,3311,308,2024-05-25,,
17242,6813,2304,2024-01-18,,
17387,8273,4235,2025-10-14,2025-10-27,
17480,3817,4017,2024-03-24,,
17682,4076,1577,2024-07-23,,
17691,5964,681,2025-02-04,,
17745,2941,862,2025-02-22,,
17845,4314,2730,2025-10-19,,
18065,3458,147,2025-04-15,2025-08-30,
18087,2124,1505,2024-11-11,,
18266,6025,1190,2025-04-20,,
18298,3736,3448,2025-09-23,,
18392,141,665,2025-09-27,2025-11-08,
18881,9107,4614,2024-07-08,2024-09-14,
18908,7431,3416,2025-01-22,,
19640,7732,3773,2024-03-20,,
19653,7,2871,2025-08-31,2025-11-03,
19748,2728,4017,2025-04-02,,
19873,6489,502,2024-12-26,,
19960,4723,2474,2025-12-14,,
19967,1448,1949,2024-07-29,2024-12-25,
176,9630,1544,2024-03-23,,
969,3456,4237,2025-04-09,,
1039,3382,4253,2025-07-25,,2025-09-24
1452,6644,178,2024-09-30,,2025-07-02
1577,1058,2996,2025-11-19,,
1742,9307,3694,2024-04-29,,
2098,5460,2946,2024-07-13,,
2446,8929,1176,2024-12-05,,
2776,9935,4758,2024-10-14,,
2960,5392,1269,2024-08-19,,
3103,2259,4986,2024-11-09,,
3484,8848,338,2025-05-22,,
3572,8011,1630,2024-11-30,,
3660,1664,3327,2024-07-16,,2025-02-10
3786,5688,93,2024-01-23,,
3794,893,3069,2025-08-12,,
3819,7983,4348,2024-02-02,,2024-05-31
3887,4275,2926,2024-07-28,,2024-11-04
3977,9703,4419,2025-05-25,2025-09-10,
4060,9491,3598,2025-12-23,,
4140,7046,169,2024-09-24,,
4184,1264,4533,2025-01-23,,2025-02-12
4202,6228,25,2024-05-28,,
4442,5926,3200,2024-08-02,2025-01-11,
4625,5298,915,2024-08-26,,
4813,9218,62,2024-11-06,,
5048,1422,3523,2025-05-06,,
5137,951,1990,2025-09-27,,
5203,6483,546,2025-08-26,,
5394,8597,4256,2024-05-16,,
5516,5529,3703,2024-12-02,,
5542,3903,2198,2025-04-08,2025-07-06,
5794,6207,3728,2024-07-12,2024-11-24,
5806,2124,3793,2025-10-14,,2025-12-16
5874,5060,637,2025-01-20,,
5897,2576,1314,2025-12-09,,
5898,3629,4267,2025-04-29,,2025-11-11
6149,8161,2305,2025-05-23,,2025-06-10
6374,6716,2506,2025-12-03,2025-12-12,
6376,9013,544,2025-09-25,,
6393,4402,563,2024-12-29,2025-06-08,
6912,6236,827,2024-11-15,,
7184,9745,1323,2024-02-25,,
7205,8537,4667,2025-04-13,,2025-11-17
7411,6687,2977,2025-11-30,,
8071,2029,590,2025-10-05,,
9128,7919,4601,2025-12-22,,2025-12-23
9271,8872,2457,2025-11-02,,
9276,9765,782,2024-04-22,2024-05-24,
9493,8534,1810,2024-12-11,,
9947,7817,4614,2025-04-16,,2025-08-08
9963,5819,95,2024-10-08,,2025-03-04
10091,5903,2274,2025-01-18,,
10310,1704,102,2025-11-13,,2025-11-26
10643,2759,80,2025-10-16,,
11217,1422,313,2024-05-28,2024-06-30,
11505,2914,1780,2024-08-22,,
11882,4915,3664,2024-05-28,,
12042,9961,1720,2024-07-19,,
12485,9172,3038,2025-06-18,2025-08-18,
13141,9630,3351,2025-03-15,,
13182,582,1523,2025-05-22,,
13702,1191,414,2024-02-04,,
13733,8452,4380,2025-12-18,2025-12-25,
13754,1430,1501,2025-11-30,,
13825,8459,3450,2025-11-23,,2025-12-21
13859,1095,1889,2024-10-06,,
14124,4420,3520,2025-02-23,2025-03-09,
14431,5565,2307,2024-12-06,,
14648,436,468,2025-05-11,,
14923,516,937,2024-03-04,,
14949,6371,4299,2025-01-10,,2025-08-02
15148,8108,2643,2024-07-21,,
15211,4255,3984,2025-11-19,,2025-11-30
15237,48,1824,2025-05-18,,
15246,7443,4600,2025-10-06,,
15365,6410,3386,2025-12-20,,
15373,5834,4842,2024-05-09,2024-08-13,
15688,2461,501,2025-01-08,2025-02-03,
15731,2305,3220,2024-04-23,,
15973,3914,528,2025-11-26,2025-12-05,
16179,6132,3325,2025-11-11,2025-12-24,
17121,5849,3573,2024-02-23,,
17196,1499,3346,2024-06-16,,
17367,440,2354,2024-05-10,2024-08-21,
18388,7672,4514,2024-11-16,,
18711,761,2235,2024-11-20,,2025-02-27
18739,8440,4919,2024-02-28,,
19566,6191,737,2025-04-06,,2025-07-04
19837,511,42,2024-03-12,,
43,5839,429,2025-04-13,,
872,7830,1636,2025-10-21,,
1544,1309,2990,2024-04-30,,
1620,74,3690,2025-12-21,,
1967,6254,3873,2025-10-12,2025-12-11,
2142,3880,4228,2024-02-22,2024-05-02,
2197,5928,767,2025-11-25,,
2234,1458,1233,2025-12-01,,
2546,5590,1775,2024-02-25,2024-08-15,
2885,7980,4940,2025-11-29,,
3777,7795,1121,2024-07-26,,2025-06-04
3796,7668,1129,2024-06-06,,2024-12-11
3835,5856,620,2024-01-30,,
3923,9297,876,2024-07-14,,
4272,5086,2577,2025-10-08,,
4389,2634,1396,2025-10-05,2025-12-03,
4853,8451,2485,2025-07-30,,
5013,1152,2253,2025-09-28,,
5026,8097,3788,2024-02-11,,
5089,4429,2212,2025-07-27,2025-08-28,
5724,584,2310,2025-03-12,,2025-07-28
5945,1313,4948,2024-06-20,,
5970,2476,2060,2024-01-23,2024-03-11,
6094,2391,4389,2025-10-23,,2025-11-07
6257,7915,903,2025-07-18,,
6693,4692,2403,2025-05-01,,
6767,410,276,2025-08-04,,
6851,6200,2157,2025-08-10,2025-09-09,
6983,5452,5,2024-07-17,,
7440,3081,3842,2024-02-21,,
7735,7361,891,2024-02-22,,
7830,9186,2414,2024-11-06,,
8001,7459,3065,2024-03-06,,
8139,9760,1816,2024-09-01,2024-11-17,
8167,4386,3502,2024-06-17,2024-08-06,
8768,8724,925,2025-11-14,,
9232,3954,1094,2025-05-19,,
9333,3857,1575,2024-07-28,,
9473,9516,3176,2025-09-05,,
9692,7828,1998,2024-08-07,,
9742,3893,3109,2024-02-18,,
10282,7894,3244,2025-04-15,,
10404,1646,4951,2024-08-23,,
10418,3122,693,2024-11-04,,
10449,4898,409,2025-03-07,,2025-07-06
10813,1299,231,2024-08-06,,
10968,7105,4299,2025-09-15,2025-12-12,
11247,4296,1607,2024-09-18,,
11329,5615,2756,2025-05-30,,
11430,3127,528,2025-05-14,,
11507,944,2268,2024-01-22,,
12237,7404,3050,2025-10-23,2025-12-08,
12298,3803,1004,2024-11-24,2025-01-05,
12441,5151,3778,2024-04-04,,
12822,3108,4117,2025-03-05,,
13215,5405,2480,2024-06-16,,2025-02-28
13287,3482,2123,2025-08-09,,
13441,8347,4328,2025-02-23,,
13513,8750,1856,2025-06-13,,
13663,2299,278,2025-02-08,,
14165,8115,3894,2024-10-17,,
14192,9239,3161,2025-01-04,2025-06-26,
14663,4427,2824,2025-04-08,2025-08-21,
14666,4561,3018,2025-03-08,2025-05-18,
14696,4335,3672,2025-01-10,,
15060,1815,753,2025-03-17,,
15067,8743,1729,2025-07-15,2025-11-01,
15275,6526,463,2025-06-18,2025-09-16,
15576,7782,4744,2024-02-29,,
16052,4262,1366,2025-10-12,,
16458,3191,4450,2024-08-02,,
16467,6323,2163,2025-01-24,,
16646,7584,4275,2024-03-18,2024-04-17,
17057,251,2113,2024-05-17,2024-10-08,
17141,6464,1847,2024-06-05,,
17144,3206,2393,2024-12-06,,
17240,1134,2303,2025-04-26,2025-05-30,
17342,5917,4391,2024-09-01,,
17785,5522,4288,2024-11-21,,
17999,396,2541,2025-04-11,,
18197,2639,785,2025-08-24,,2025-09-03
18240,163,7,2024-12-15,,
18393,7225,731,2025-11-20,,
18434,8352,1822,2025-04-07,2025-09-12,
18535,6792,3037,2024-05-15,,
18839,9452,1047,2025-02-21,2025-03-17,
19017,7835,2996,2024-01-16,,
19031,3429,4158,2024-03-03,,
19264,1775,4889,2024-10-05,,
19405,4039,3500,2024-05-27,,
4,9147,2861,2024-06-25,,
189,6388,2564,2024-08-06,2024-11-25,
325,3793,2538,2025-07-04,,
572,3461,315,2025-08-11,,
718,8196,2460,2025-10-31,,2025-12-24
869,4882,2420,2024-09-16,,
882,2119,710,2024-03-12,,
1005,9661,3422,2024-07-16,,2025-04-07
1108,575,4471,2024-11-16,,
1149,3416,1423,2025-05-11,2025-08-10,
1184,6917,809,2025-12-06,,
1293,41,1929,2025-01-13,2025-05-22,
1691,6922,4756,2025-08-06,,
1914,1784,4021,2024-08-12,,
2266,8481,184,2025-01-23,,
2292,2183,3532,2025-10-25,2025-11-23,
2530,8882,1477,2025-11-14,,
2624,3980,3476,2025-01-22,2025-04-27,
2652,7513,4583,2025-08-28,,
2792,2200,2240,2025-05-02,,
3080,6573,4799,2024-09-02,,
3231,9014,2228,2025-12-05,,
3588,7269,251,2025-01-16,,
3759,2245,2416,2024-02-04,,
3877,1375,3597,2025-05-29,,
4004,4771,4076,2024-11-07,,
4224,1734,4860,2024-02-07,,
4549,3361,4474,2025-06-24,,
5015,4877,1987,2025-10-04,,
5082,7337,3148,2024-10-09,,2025-09-30
5169,9533,578,2024-07-04,,
5279,437,4701,2024-10-07,,
5373,3629,3184,2025-03-13,,
5412,8120,2,2025-04-28,,
5522,4597,3508,2024-08-05,,2025-04-09
5585,2145,2009,2025-10-01,2025-12-07,
5807,8838,899,2025-01-18,2025-03-28,
6382,5469,4730,2025-09-09,,
6470,747,2853,2025-12-19,,
6591,5196,356,2024-05-13,,
6638,6306,2702,2024-12-16,,
6987,3601,3606,2025-05-15,,
7041,4169,1657,2024-09-25,,
7100,214,4830,2025-11-27,2025-12-19,
7150,6098,3829,2025-02-20,,
7305,2547,3850,2025-07-06,,2025-10-04
7328,4843,4301,2025-03-26,2025-04-25,
7421,2211,462,2024-01-24,,
7443,7931,2639,2025-08-16,2025-10-24,
7668,291,2931,2025-12-11,2025-12-18,
7781,7156,1978,2024-05-30,2024-09-17,
8086,5564,605,2025-06-23,2025-09-04,
9083,3661,3822,2024-03-23,,2024-04-30
9218,7523,1446,2025-09-29,,
9384,8199,4911,2025-12-19,,
9410,7438,3728,2025-05-17,,
9564,8953,1822,2024-04-17,,2024-06-26
9867,1399,2518,2025-03-17,,
10271,4524,1017,2025-08-28,,
10531,7089,3336,2024-07-10,,
10776,7681,2627,2025-05-20,,
10783,199,4715,2024-08-18,,
10909,7389,3387,2025-04-27,,
11022,9696,2263,2024-08-15,,
11667,1922,3165,2024-07-26,,
11685,8550,3418,2024-09-21,2025-01-29,
11874,1763,2884,2024-08-23,2024-09-26,
11937,5768,1524,2025-01-25,2025-04-04,
12114,8310,3107,2025-12-18,,
12115,3665,1465,2025-07-20,,
12566,6480,394,2024-07-31,,2024-08-19
13090,3633,4362,2024-12-13,2025-03-29,
13193,2334,998,2024-06-17,,
13216,7186,2396,2025-07-02,,
13706,2571,1271,2024-09-14,,
13763,9869,4274,2024-06-27,,
13820,4821,3681,2024-10-20,,
13985,3488,3374,2025-10-09,,2025-10-22
14518,6740,3258,2025-11-28,,2025-11-30
14560,1466,1329,2025-08-09,,
14874,7927,2115,2025-01-14,,
15178,9236,3073,2024-06-16,,
15411,3461,3912,2025-07-06,,
15670,2441,3927,2024-02-07,,
15682,4389,2341,2024-05-12,,
15794,4116,2981,2024-11-12,2025-01-14,
15960,7245,2612,2025-05-18,,
16078,1874,3216,2025-08-08,,
16552,1409,1413,2024-09-15,2025-02-17,
16611,4075,2948,2025-11-29,2025-12-11,
16840,5095,1670,2025-08-30,,2025-11-24
16875,8110,563,2024-12-18,,
16975,8149,2252,2024-05-20,,2024-12-02
17217,5680,2550,2025-12-07,,
17366,1562,1977,2024-07-08,,
17394,4479,623,2024-09-19,,
17556,9199,2135,2024-03-11,,
17690,7623,3225,2025-04-12,,
18001,1692,4027,2024-02-13,,
18042,2940,994,2025-11-20,,2025-12-17
18462,8343,3019,2025-11-11,2025-12-19,
18488,7499,2782,2025-07-16,2025-12-02,
18810,9261,674,2024-11-30,2025-03-15,
19174,7182,1461,2025-12-16,2025-12-25,
19184,8635,4842,2025-10-30,,2025-11-13
19225,3367,3569,2024-12-27,,
19367,920,194,2025-10-12,,
19846,7203,499,2024-11-16,2025-01-16,
131,810,3953,2025-06-26,,
1034,226,134,2025-12-01,,
1130,3559,280,2025-02-07,,
1329,2553,1749,2025-10-16,,
1395,9369,3413,2024-02-23,,2024-04-06
1570,6030,928,2024-07-26,,
1700,8863,2756,2024-07-18,,2025-07-08
2049,1411,393,2024-12-20,,
3198,6863,2040,2025-03-29,,
3284,8557,4041,2024-09-17,,
3570,8064,925,2024-12-11,2025-02-16,
3705,8548,3988,2025-11-06,,
3748,696,390,2025-02-03,,2025-07-07
4028,246,1877,2024-01-18,,
4434,3990,2111,2025-08-19,2025-10-24,
4760,8846,2063,2025-02-18,,
5045,508,4358,2025-12-15,,
5218,6193,2152,2025-12-02,2025-12-22,
5257,1887,4840,2024-08-31,,2025-03-14
5355,6296,3289,2025-04-26,,
5436,5372,1679,2025-02-03,,
5446,3177,814,2025-04-14,,
5672,6315,4474,2024-06-12,2024-10-24,
6039,9907,1118,2025-09-20,2025-12-08,
6369,888,4784,2025-09-23,2025-11-27,
6555,4926,2384,2024-06-15,2024-10-11,
6820,1529,284,2024-10-28,,
7065,704,1487,2025-12-01,,
7068,2290,2704,2025-09-04,,
7482,7935,153,2025-11-05,,
7485,7196,4950,2024-01-23,,2024-05-21
7683,3512,3892,2024-08-01,,
7702,6605,2370,2025-01-13,,
7943,7220,926,2024-08-27,2024-11-13,
7994,4560,1698,2024-12-12,,2025-04-28
8600,6545,4014,2025-12-17,2025-12-25,
8945,3161,1031,2025-09-01,,
9064,4062,1959,2024-05-08,,
9302,4927,2085,2025-09-26,,
9423,5577,3499,2025-08-20,,
9540,9660,4181,2025-07-19,2025-09-17,
9633,4994,4826,2024-04-14,,
9655,349,4699,2024-08-08,,
9700,2302,1464,2024-02-18,,
10401,6507,63,2025-06-23,,
10406,1902,3404,2025-08-27,,
10504,2596,4378,2025-02-06,,
10767,4312,4441,2024-01-01,2024-06-27,
10846,9235,3311,2025-07-08,,2025-08-21
10989,4075,272,2025-06-11,2025-07-30,
11212,7005,4986,2025-01-03,,
11320,8113,1995,2024-08-19,,2024-09-03
11388,1813,1705,2025-02-08,,
12492,4050,2279,2025-09-26,,
13103,77,3643,2025-08-21,,
13105,2642,3550,2025-07-06,2025-09-03,
13559,776,2575,2024-04-02,2024-08-21,
13576,2801,4343,2025-04-10,2025-09-28,
14018,6949,3533,2024-11-25,2025-05-22,
14472,2780,2306,2024-02-11,2024-05-09,
14525,7694,503,2025-03-04,,
14716,187,1079,2025-02-14,,2025-03-15
14726,5039,543,2024-02-22,,
15470,9463,2593,2025-09-19,2025-09-26,
15671,2978,2374,2025-06-10,,
15719,8793,2291,2025-04-18,,
15998,3715,393,2025-06-27,,2025-11-24
16163,5656,2124,2024-01-31,,
16272,4287,4628,2025-03-05,2025-07-21,
16555,7366,1261,2025-08-26,,
16912,4071,2387,2024-05-15,,2025-02-22
17453,4049,2825,2025-03-13,,
17527,4395,1940,2024-08-05,2024-10-21,
17627,1131,4180,2025-07-17,,2025-12-14
17893,7665,1399,2024-04-30,,2024-10-04
18418,6731,580,2025-07-03,,2025-07-12
18558,6123,2760,2024-07-16,,
18682,657,89,2024-06-30,,
18762,3538,2022,2024-05-08,,
18816,7184,3475,2025-01-04,,
19020,9928,4289,2025-02-07,,
19265,8346,99,2025-09-20,,
19486,7219,3765,2024-05-15,,
19558,2257,1651,2025-04-16,,
126,7712,1688,2025-08-23,2025-12-11,
284,9185,684,2024-05-05,,
366,2361,2313,2025-04-02,2025-06-21,
377,2882,246,2024-02-14,2024-03-29,
453,8363,360,2025-04-10,,
792,1276,4964,2024-03-23,,
885,5434,848,2025-12-24,,
1411,2534,4138,2024-03-08,2024-08-24,
1415,904,3120,2024-12-23,,
1517,1363,4718,2025-05-05,2025-06-30,
1634,9552,4007,2024-11-04,2025-04-17,
1716,291,3177,2024-06-19,2024-11-24,
1897,2489,4271,2024-05-17,,2024-09-08
2017,2738,4144,2024-08-09,,
2133,7981,145,2024-10-25,,
2356,8488,4584,2025-12-22,2025-12-25,
2894,349,2803,2024-05-27,,
2902,7593,4108,2025-08-16,2025-11-12,
3316,7565,3297,2025-04-01,,
3440,7395,1558,2024-07-08,,
3571,998,2226,2025-10-28,,
3630,1723,4469,2024-04-23,,
3832,2532,2301,2024-12-15,,
3876,7762,2698,2024-11-27,,
3997,4559,2811,2025-02-15,2025-05-23,
4694,9284,3049,2025-08-18,2025-12-13,
5092,633,3557,2025-04-28,,2025-08-12
5110,6843,4839,2025-02-10,,
5209,8143,2389,2024-10-12,2025-04-09,
5396,9689,4053,2025-07-31,,
5592,66,2808,2024-05-15,,
6081,8858,2040,2024-03-01,,2024-12-24
6642,8722,2991,2025-02-13,,
6679,4264,2635,2025-07-25,,
6704,9700,3572,2025-09-10,2025-12-07,
6921,7639,2519,2025-01-25,,
6952,3579,1118,2024-12-25,,
7015,4648,1908,2024-06-11,,
7199,8881,3547,2024-12-18,,
7365,3035,4854,2025-11-05,,
7409,2145,3577,2025-11-13,,
7569,2067,3749,2025-09-11,,2025-10-26
8013,5014,3547,2025-04-24,2025-06-25,
8032,9263,507,2025-11-22,,2025-12-20
8061,6922,1438,2024-11-14,,
8141,5251,3192,2025-04-20,,
8272,4715,4607,2025-10-09,,
8319,4747,3104,2024-08-25,,
8686,1202,4097,2025-06-04,,
8772,2949,1785,2024-03-27,,
8946,547,4331,2025-06-12,,
9472,2000,349,2025-12-15,2025-12-22,
9748,6137,4289,2025-10-26,2025-11-25,
9871,2484,4584,2025-12-18,2025-12-25,
9927,7605,4048,2024-12-01,,
9944,6162,1727,2024-10-28,,
10653,9483,190,2024-03-23,,
10719,8499,1155,2025-10-16,,
10840,5791,1614,2025-09-29,,2025-11-27
11327,759,341,2025-11-14,,2025-12-14
11707,768,4248,2024-11-08,,
11943,5915,869,2025-06-26,,
12245,8937,4427,2025-08-20,,2025-12-18
12306,607,3439,2025-02-18,,
12511,9025,4393,2025-04-21,2025-06-08,
12762,5169,3234,2025-08-20,,
12800,6851,1203,2025-08-03,,
12969,7013,3400,2025-07-19,,
12971,407,1147,2024-12-16,,
13049,7563,571,2025-11-29,,
14118,7724,857,2025-07-24,,
14379,2897,504,2024-04-08,,
14572,7719,540,2024-08-05,,
14959,3931,2712,2024-05-03,,2024-06-14
15003,9332,857,2025-10-15,,
15051,9937,3452,2025-03-04,,
15104,1522,4296,2025-09-18,,
15495,4343,2936,2024-08-06,,
15987,5538,952,2024-10-09,,
16328,1979,1080,2024-09-13,,2025-08-01
16361,1269,3850,2025-01-09,,
16425,7813,2960,2025-12-19,2025-12-25,
17017,8226,2950,2024-03-22,,
17209,3711,721,2025-07-15,,
17333,9321,1501,2024-09-25,,
17403,8550,3149,2024-09-12,2024-12-27,
17528,950,425,2025-12-21,,
17680,9047,4551,2025-07-05,,
18022,7985,1494,2025-10-03,,
18061,4859,637,2025-11-23,,
18191,5007,4033,2024-03-21,,
18341,3051,3018,2025-09-12,,2025-11-17
18359,4751,1382,2025-02-09,,
18427,4809,2203,2024-06-26,2024-11-25,
18534,5149,1319,2024-03-17,2024-08-10,
18866,4394,1523,2025-05-30,,
19065,3959,4944,2024-08-26,,
19254,6373,4109,2025-06-29,,
19466,5356,566,2025-08-14,2025-09-30,
19516,7734,430,2025-10-10,,
19933,1066,4715,2025-04-12,,2025-10-20
19959,5300,4238,2025-10-14,,
19975,5488,57,2024-07-22,,
19978,6624,4788,2024-08-05,,
273,2522,2548,2024-10-30,,
1322,3194,3888,2025-08-22,2025-12-15,
1403,7832,3797,2025-04-24,,
1428,6313,1466,2025-10-13,,
1483,6398,1997,2025-10-18,,
1609,1314,1355,2025-04-17,2025-09-20,
2303,6734,2680,2024-09-13,,2024-12-16
2959,2929,1441,2025-03-14,,
2978,3444,1466,2024-08-09,,2024-10-02
3262,1560,3242,2025-01-31,,
3311,5168,2044,2025-10-26,2025-12-16,
3343,9532,4508,2024-10-29,,
3683,4426,2213,2025-01-23,,
3827,9992,227,2024-09-07,,2025-08-20
3881,1395,2798,2025-02-09,2025-07-17,
3976,7353,2607,2024-11-03,2025-01-28,
4159,1932,4196,2025-08-28,,2025-10-13
4525,7656,4488,2025-10-18,,
4717,9553,1462,2024-02-13,,
4790,4011,884,2024-08-27,,
4967,2493,2143,2025-12-19,,
5164,3387,4251,2025-03-17,,
5757,9185,1058,2024-11-04,2024-12-16,
6027,4968,2490,2025-02-04,,2025-04-07
6261,6443,2744,2024-05-31,2024-07-16,
6288,3597,2237,2025-11-11,,
6360,4182,4054,2024-12-09,2025-04-30,
7146,96,4006,2025-01-20,2025-04-14,
7185,4092,3815,2025-08-13,,2025-10-19
7322,7787,1297,2025-11-11,,
7499,3088,3477,2025-09-15,2025-11-08,
8010,5729,4360,2025-12-13,,
8079,9820,608,2025-08-03,,2025-08-13
8098,8505,3743,2025-03-26,2025-07-11,
8203,8663,4453,2025-06-21,2025-11-11,
8330,5870,4316,2025-12-01,,2025-12-22
8836,9883,4508,2025-02-21,,
9883,123,4547,2024-01-25,,
9972,4556,256,2024-07-20,,2024-12-06
10063,1499,3084,2025-01-27,,
10072,7259,4214,2024-06-19,,
10144,1136,1904,2024-10-25,,
10183,8833,1683,2025-11-07,,
10283,8264,3324,2025-11-11,,
10333,888,2789,2024-04-07,,
10625,4882,2055,2024-10-31,,
11379,283,973,2025-01-20,2025-05-14,
11603,5200,1949,2024-05-29,2024-09-19,
11634,5350,4121,2025-03-27,2025-08-13,
11838,5863,2882,2025-02-09,2025-07-30,
12346,1090,4482,2024-02-24,,
12419,464,1665,2025-06-04,,
12438,5090,3238,2025-10-17,,
12520,4629,2496,2024-02-20,,
12557,5196,3626,2025-10-23,,
12832,5863,3385,2024-11-29,,
13099,4731,990,2024-04-19,2024-05-09,
13220,9594,2474,2024-09-28,,
13909,5908,2183,2024-04-28,,
14087,5109,3941,2025-08-11,,
14495,8759,4178,2025-01-30,,
14669,6318,4987,2024-05-04,2024-10-23,
14773,2264,585,2025-07-21,,
14805,1825,3902,2024-10-03,,
14842,75,3481,2024-11-24,,
15004,5051,1381,2025-03-03,2025-05-18,
15099,7185,6,2025-03-31,,2025-12-16
15364,3207,2998,2024-01-22,2024-07-06,
15777,5520,1739,2025-06-19,,
16105,3347,4199,2025-05-03,,
16118,8502,1650,2025-08-26,,
16440,2671,4347,2024-06-09,2024-08-01,
16750,8166,3773,2025-06-07,,
16868,8568,2095,2025-02-13,,
17705,5942,222,2024-04-09,,
17719,1607,4496,2023-12-28,,
18411,7856,2990,2024-08-08,,
18722,137,4327,2025-12-03,,
19024,3636,3382,2024-10-01,,
19204,3142,1666,2025-05-25,2025-11-03,
19624,3273,3876,2025-09-28,,2025-12-19
19810,6145,2450,2025-09-13,2025-09-20,
19950,3013,1027,2025-11-13,2025-12-13,
11,173,2201,2024-11-01,,
26,2592,4787,2024-09-28,,
182,7085,4153,2025-04-04,,2025-09-01
369,6836,1011,2025-10-10,,
693,1932,1422,2024-10-15,,
740,155,359,2025-10-29,,2025-12-21
1014,9062,1886,2025-05-25,,
1104,8758,2331,2025-08-08,2025-09-12,
1909,9281,2965,2025-11-09,,
2051,5958,3269,2025-03-18,,
2103,8210,2328,2024-12-09,,
2343,2132,3673,2025-11-08,,
3209,2335,3493,2025-11-28,,2025-12-11
3699,778,4537,2025-02-04,2025-06-11,
4053,3116,4724,2024-03-14,2024-05-29,
4088,8295,4234,2024-12-30,,
4116,3605,4515,2025-07-24,,
4135,4984,4501,2025-09-15,,
4206,4913,751,2025-12-14,2025-12-24,
4628,3979,4012,2025-04-14,,
5028,6864,1422,2024-12-08,,
5183,3354,1527,2025-11-07,2025-11-20,
5600,253,1948,2025-02-22,,
5859,8072,3990,2024-05-30,,
5913,2116,3614,2025-05-17,,
6341,1521,192,2024-09-06,,
6355,4905,4792,2024-11-21,2025-03-06,
6469,5568,532,2024-10-20,2025-04-18,
6483,7568,3142,2025-02-02,,2025-06-27
6632,9029,24,2025-01-20,,
7111,1625,1451,2025-05-17,,
7277,266,2851,2024-06-02,2024-11-01,
7772,3719,729,2025-05-26,2025-08-25,
8049,3177,2568,2025-03-13,,
8172,2155,3129,2024-02-02,,
8278,381,2623,2024-02-17,,
8290,882,4416,2025-10-25,,
8516,1976,506,2025-08-10,,
8571,4146,2891,2024-03-29,,
8704,3735,1403,2025-01-26,,
8732,929,3135,2024-09-13,,
8930,3736,2990,2025-02-28,,
8949,5471,4703,2025-05-19,2025-07-30,
9004,5038,3959,2025-07-05,,
9109,719,1928,2025-12-16,,
9993,5811,2606,2025-04-15,2025-06-24,
10022,1921,778,2024-10-08,,2024-12-12
10251,1259,2645,2024-03-01,,
10487,7278,4933,2025-10-22,2025-11-22,
10654,6177,3855,2024-08-21,,
10708,7033,4225,2025-05-23,,
10815,3467,3942,2024-01-12,,2024-04-15
11153,278,2498,2024-08-26,,2025-05-18
11912,464,4579,2025-11-25,,
12121,412,158,2025-04-19,,
12452,4888,4482,2025-08-16,,
12629,7249,3677,2024-01-21,2024-02-10,
12894,914,4399,2024-05-12,,
12920,3123,2806,2025-08-28,,2025-12-04
12979,7451,2735,2025-10-28,,
13046,2947,686,2025-07-09,,
13470,3224,1606,2025-09-02,,
13758,7150,631,2025-03-02,,
13783,5436,469,2025-10-14,,
14232,9684,3255,2024-03-29,,2024-10-26
14457,9622,1954,2024-09-02,,
14736,6549,129,2025-11-16,,
14992,1061,1025,2025-08-09,,2025-12-09
15221,8164,2770,2025-03-25,,
15582,4770,64,2025-02-10,,2025-04-18
16182,585,3786,2025-01-03,,2025-06-24
16306,9620,4370,2025-04-20,,
16616,7137,3171,2025-11-18,,
16885,1151,4884,2024-06-09,2024-08-02,
16962,2896,2142,2025-07-03,,
17450,2533,243,2025-10-19,,
17531,1462,4602,2025-07-21,,
18083,2551,2337,2025-09-05,2025-12-22,
18351,9834,3803,2025-12-21,,2025-12-22
18560,8853,605,2025-12-16,,
18684,2076,1436,2025-07-09,2025-11-29,
18836,7330,3134,2025-05-07,,
19194,4382,4535,2024-02-11,,
19376,8883,4492,2025-09-08,,2025-11-05
19403,7470,4129,2025-02-02,,2025-12-12
19539,557,3268,2024-02-09,,
19988,7275,3242,2025-11-30,,
184,1602,737,2024-03-20,2024-06-24,
837,8050,463,2025-05-18,,
1246,715,1392,2025-03-01,,
1587,5401,4126,2024-01-09,,
2250,4841,708,2025-12-12,,2025-12-14
2298,3179,4493,2025-04-18,2025-07-09,
2313,3061,1391,2025-10-28,,
2548,6379,2182,2025-06-21,,2025-11-24
2851,7611,4390,2024-09-13,,2024-11-13
3205,5958,1759,2025-06-24,2025-11-11,
3212,5600,193,2025-03-09,,2025-05-09
3265,8503,1730,2024-04-29,2024-06-02,
3514,462,4074,2025-01-19,,
3912,9107,2842,2025-05-26,,
3971,7102,2005,2025-05-03,,2025-07-04
3979,3602,883,2024-08-27,,
5157,120,3883,2025-11-22,2025-12-23,
5184,1325,1003,2025-07-29,2025-10-15,
5517,7319,2051,2025-12-03,,
5527,8975,146,2025-03-03,,2025-06-21
5562,4512,4948,2024-10-19,,
5703,5174,1561,2024-01-16,,
5802,604,2372,2025-02-16,,2025-06-22
6586,4139,1518,2024-12-29,2025-03-15,
6706,3574,2171,2024-05-22,,
6936,7218,317,2024-02-23,,
6961,3182,4069,2025-01-15,2025-04-13,
7495,894,4884,2025-02-02,,
7512,3714,4099,2025-07-30,,
7546,7251,627,2025-05-05,,2025-10-31
7572,6624,4690,2025-03-19,,2025-12-12
7631,5352,771,2025-12-06,2025-12-15,
7902,7968,2328,2025-04-09,,
7906,9293,4756,2025-02-14,,
8168,8405,3204,2025-12-16,,2025-12-24
8258,2988,476,2024-08-29,,
8694,6423,1134,2025-03-17,,
8696,9106,1739,2025-08-01,,
8729,9545,3012,2025-06-11,,
8741,8011,1464,2024-10-06,,
8765,7498,1118,2025-07-22,,2025-10-27
8910,8267,1819,2024-10-16,,2024-12-10
8994,1784,2476,2025-01-18,,
9518,6146,205,2025-03-03,2025-06-09,
10252,5553,4577,2025-04-03,,
10257,8871,1851,2025-03-26,,2025-04-10
10357,3164,1399,2024-07-17,,
10733,8349,2762,2025-11-03,,
10736,2516,2005,2024-07-26,,2025-05-12
10804,8624,2025,2025-04-19,,
10899,3328,2531,2025-03-07,,
11128,4984,2331,2024-08-07,,
11135,9294,1702,2024-02-01,,
11351,5025,852,2024-04-19,,
11437,4629,471,2024-11-22,,
11468,8621,4576,2025-02-23,,
11593,6429,819,2025-05-01,2025-08-16,
11657,6777,2171,2025-02-24,,2025-06-03
11735,5367,3527,2024-07-30,2024-09-13,
11884,9584,2564,2025-03-17,,
12056,7089,474,2025-05-11,,2025-08-23
12188,1903,1718,2024-05-17,,
12360,3077,2542,2025-07-28,2025-11-16,
12654,8858,2222,2024-08-15,,
12795,2599,357,2025-09-06,,
12939,4647,3909,2024-01-24,2024-03-06,
13567,3375,2579,2025-03-18,,
13687,4890,4546,2025-01-04,,
13831,1988,136,2025-02-12,2025-04-01,
14045,8869,1139,2025-03-21,,
14150,14,2747,2025-09-03,,2025-10-05
14520,303,13,2024-02-01,,
14626,5417,3084,2024-12-09,,
14712,7424,2471,2025-07-21,,
15172,6199,3778,2024-09-25,,
15310,68,1431,2025-12-10,,
15462,9546,154,2024-03-23,,
15541,9307,2335,2024-03-28,,
15649,9108,2639,2024-12-06,,
16023,1271,2208,2024-08-22,,
16202,8410,744,2025-05-22,2025-07-01,
16524,5836,645,2025-10-18,,2025-11-30
16615,964,1679,2025-07-14,,
16788,7272,2421,2024-08-07,,
16874,8184,2691,2025-10-12,2025-11-12,
16931,4940,4650,2025-12-23,,
17710,8746,2440,2025-08-13,,
18192,1111,2450,2025-10-29,2025-12-19,
18216,9829,3658,2025-07-04,,2025-09-27
18793,3945,3655,2025-08-14,,
19089,8992,3867,2024-07-29,,
19090,4168,2678,2025-01-03,,
19211,7300,1172,2024-01-14,2024-06-07,
19298,7942,2471,2025-03-10,2025-04-22,
19562,5541,4996,2025-01-02,,
19620,7265,3236,2025-11-01,2025-11-19,
19714,5455,2620,2024-06-30,2024-11-08,
19877,9955,4421,2025-06-19,,2025-12-06
7,9676,4437,2024-07-12,,
147,762,2612,2025-05-23,,
236,5302,2524,2025-12-03,,
345,4571,2110,2025-09-16,,
1062,3191,1705,2025-08-01,2025-10-13,
1303,236,1490,2025-10-24,2025-11-06,
1565,9751,2710,2024-04-24,,
1675,5166,4274,2025-10-31,,2025-12-22
2046,2579,3739,2025-01-24,,
2055,6395,1757,2024-02-29,,
2175,8278,4809,2024-08-16,2024-12-14,
2359,4822,2993,2024-07-09,,2025-04-23
2853,9785,1510,2025-07-18,2025-12-24,
3158,8938,1112,2024-08-09,,
3287,3123,2657,2025-08-08,,
3460,211,4682,2024-03-25,,
4182,9296,382,2024-06-16,,
4217,852,356,2024-02-08,,
4664,9383,1543,2025-12-20,,
4679,973,843,2024-09-03,,
4859,139,4146,2025-05-28,,
4898,9730,4406,2025-12-01,,
4930,6938,1615,2025-02-14,2025-04-01,
4948,9517,533,2025-03-05,,
5272,6088,1032,2025-01-28,,
5403,9144,478,2025-06-23,,
5555,1746,4330,2024-11-27,2025-05-07,
5849,6034,623,2025-08-15,2025-12-02,
5865,4596,3033,2025-10-23,,
5942,7206,1220,2025-10-28,,
5966,2433,2772,2025-07-21,,
6084,9818,3939,2025-08-02,,
6167,1076,2936,2024-08-12,2024-08-20,
6276,2370,4522,2025-05-06,2025-05-30,
6286,324,2755,2024-05-06,2024-06-29,
6582,2648,1451,2025-06-14,,
6793,8941,4827,2024-03-08,,2024-05-06
6844,5444,2736,2025-09-27,,
7108,2708,331,2024-07-21,,
7427,3880,4818,2024-05-04,,
7471,2268,3520,2024-05-22,,
7824,7087,1364,2025-07-23,,
7825,744,4230,2025-02-26,,
7880,2928,1422,2024-03-05,,
7985,5446,2047,2025-03-22,,
8027,1394,3676,2025-07-11,,
8337,978,1453,2024-10-27,2025-02-12,
9804,734,3439,2025-04-23,,
9826,7299,2786,2025-05-19,,
10296,7246,2333,2024-12-01,,
10390,8786,1706,2024-05-02,,
10413,9367,3054,2025-06-09,,
10420,289,4344,2024-10-21,,
10431,2353,262,2025-07-15,2025-08-16,
10655,2415,924,2025-04-15,,
11411,9520,4066,2024-09-08,,2024-12-15
11447,1771,130,2025-03-05,,
11762,5031,2926,2025-06-10,,
12791,8062,3978,2025-02-09,2025-03-08,
12861,4267,1576,2024-06-24,,2025-01-29
12936,2019,4381,2025-12-05,,
13093,8995,1294,2025-02-22,,
13115,650,3119,2024-04-11,,
13212,4907,2788,2024-11-01,,
13322,2984,1397,2024-10-04,2025-01-25,
13531,1709,829,2024-06-17,,
13578,3289,813,2024-05-10,,
13847,2756,4525,2024-11-26,,
13991,2553,4083,2025-12-04,2025-12-22,
14001,2551,4925,2024-12-11,,
14105,5588,3437,2025-04-03,2025-08-04,
14158,2178,2111,2024-07-29,,
14355,3878,183,2024-07-23,,
14407,8941,2837,2024-12-29,,2025-04-28
14535,7395,4132,2025-10-05,2025-10-23,
14654,5186,1840,2025-07-23,,
14982,3809,2775,2024-05-14,,
14988,7855,3419,2025-02-19,2025-03-08,
15443,9425,1282,2025-02-25,,
15564,750,3424,2024-10-18,2025-02-26,
16229,4519,2352,2024-03-30,,
16406,4658,4777,2025-11-04,,2025-11-25
16480,7501,3617,2024-07-21,,2025-01-23
16504,2815,3486,2025-05-25,2025-09-28,
16526,3077,2098,2025-06-28,2025-10-21,
16737,6538,4915,2025-11-06,,2025-11-11
16789,610,1544,2025-12-20,,
16973,1719,3098,2024-12-15,2025-05-17,
17035,1238,1659,2025-08-07,,
17486,3148,4392,2025-08-10,,
17506,1081,3926,2024-01-13,,
17696,2469,823,2025-11-24,,2025-12-10
18244,8423,234,2024-11-14,2025-04-12,
18305,6453,4360,2025-06-14,,
18864,2201,4457,2024-02-12,,
18915,9210,4855,2024-09-17,,
19032,7631,746,2025-07-25,,
19045,9768,3477,2024-04-23,,
19111,4522,1722,2025-12-12,,
19412,2406,2432,2024-02-07,2024-07-12,
19444,1572,2750,2025-06-27,,
19578,8241,713,2024-07-22,,
19707,4555,2774,2025-11-06,,2025-11-21
19821,5220,1683,2024-10-01,,
57,5147,3986,2025-05-20,,
62,4339,2117,2024-08-27,2024-09-14,
85,2132,2206,2025-11-14,,2025-12-18
149,9939,2263,2025-05-29,,2025-06-03
276,6976,1605,2025-12-21,,
356,7588,2554,2025-07-20,,
786,8997,2357,2024-04-10,2024-10-06,
804,5729,740,2024-09-28,,
1043,6585,4782,2025-12-12,,
1065,511,4742,2025-07-12,,2025-11-26
1079,351,4695,2024-07-26,,
1340,5572,1132,2025-01-08,,
1522,6706,666,2025-10-08,,
1639,9216,1265,2025-02-22,,2025-09-08
2225,5231,3629,2025-02-21,,2025-03-06
2315,1705,4643,2025-09-14,,
2779,326,3099,2025-10-03,,
2896,4190,3246,2025-09-12,,
2966,8275,4016,2024-04-23,2024-09-28,
2985,8851,1561,2025-03-16,,
3251,7520,71,2025-05-28,,
3402,1843,2043,2024-10-02,,
3458,1230,1998,2025-10-15,2025-11-29,
3729,9546,2901,2024-04-24,,
3821,3138,4748,2025-05-10,,2025-09-27
3869,8576,4786,2024-04-13,,
4038,243,3446,2024-03-24,,
4318,1595,1006,2024-02-26,,
4331,5472,2499,2025-09-18,2025-10-16,
4451,5959,1644,2024-03-30,2024-07-14,
4740,7803,3808,2024-01-12,,
5123,4052,2625,2024-04-15,,
5572,4430,2028,2024-08-11,2024-10-02,
5868,9020,1547,2024-08-29,,
6335,521,2162,2024-01-07,,
6824,372,2251,2024-08-15,,
6893,6485,4225,2025-10-20,,2025-11-09
6898,3146,2582,2024-10-11,,2025-07-11
7070,4534,2356,2025-07-03,,
7378,857,3230,2024-02-01,2024-06-26,
7484,9055,4612,2025-10-01,2025-11-29,
7516,3559,1313,2025-03-14,,
7726,116,4072,2025-01-17,,2025-03-26
7738,1484,3596,2024-10-27,,
7862,43,4411,2025-08-13,,
8070,4047,1875,2025-07-21,2025-08-04,
8105,4074,3810,2024-08-11,,
8374,8070,242,2024-04-01,,
8467,5555,2488,2025-11-19,,2025-11-20
8513,6695,2250,2025-02-08,2025-07-26,
8905,4395,3160,2025-09-10,,
8926,3183,3485,2025-11-28,2025-12-09,
9337,3056,4278,2025-10-20,,
9382,6875,4668,2025-08-04,,
9676,3152,3941,2025-07-06,,
9983,6430,4129,2025-12-15,,
10171,3893,1822,2024-10-01,,
10177,7299,506,2024-05-15,,
10306,7735,3354,2025-11-22,,
10309,883,4387,2025-01-06,,
10522,3252,676,2025-12-16,2025-12-24,
10808,725,4185,2025-11-23,,
11005,4448,4578,2024-08-18,,
11124,9643,2709,2024-10-23,2025-02-23,
11636,5375,1490,2024-02-18,,2024-10-04
11922,2620,4394,2025-02-10,,
12051,3400,3837,2025-06-19,,
12058,3597,556,2025-11-18,,
12418,8810,3142,2025-09-14,,2025-10-12
13156,9084,1376,2024-04-01,,
13165,5170,158,2025-08-10,,
13186,1025,4891,2025-02-15,,
13395,9476,4738,2025-06-27,,2025-07-13
13498,2992,4979,2024-05-28,2024-09-03,
13530,8019,4912,2024-01-17,,
13600,7714,3918,2025-03-08,,
13631,14,1985,2024-09-30,,
14072,3683,608,2024-11-09,,
14437,4304,4567,2025-11-28,2025-12-21,
14487,4715,4102,2025-03-24,2025-07-18,
14576,77,70,2025-05-08,,
14665,1129,3318,2025-06-15,2025-10-22,
15144,7521,4765,2025-12-02,2025-12-12,
15503,9236,1015,2024-08-16,,
15604,5795,1337,2024-01-05,2024-04-02,
16237,496,3500,2025-06-14,,
17104,1554,738,2024-03-30,,
17160,7377,2605,2025-02-02,2025-03-27,
17190,1005,3981,2025-04-05,,2025-06-18
17299,6917,4738,2025-04-02,2025-05-31,
17390,2963,4354,2025-04-12,,
17495,892,1454,2025-04-25,2025-07-25,
17767,392,439,2024-03-21,,
17987,6716,85,2025-01-31,2025-07-19,
18285,888,1280,2024-12-01,,
18649,4543,382,2025-03-25,2025-04-23,
18667,7021,3864,2024-11-20,2025-01-07,
18950,971,919,2025-11-02,,
18982,2399,4728,2025-07-29,,2025-11-19
19062,9473,2752,2024-09-27,,
19099,5183,1503,2025-12-22,2025-12-25,
19122,9429,3279,2025-09-20,,
19161,1791,4518,2025-06-23,,
19178,9311,3182,2024-04-29,2024-09-15,
19475,8682,3669,2024-07-10,,
19511,8970,3189,2025-09-14,,
19597,9528,3260,2024-09-22,,
19668,5599,1915,2025-12-19,,
19703,7997,3761,2024-01-16,,
19897,7260,1377,2025-08-27,,2025-10-13
245,107,1774,2025-11-07,,2025-11-08
952,5511,4578,2024-11-21,,
1003,3955,2059,2025-09-14,,
1072,6155,1883,2025-10-29,,
1378,2463,2850,2024-10-20,,
1655,6397,3500,2025-10-07,2025-12-15,
1682,827,1885,2024-01-30,,2024-10-13
1798,3978,3472,2024-10-02,,
2295,9065,3896,2025-10-21,2025-12-22,
2502,1870,1877,2025-04-10,,
2524,3624,36,2025-03-20,,
2962,3170,3303,2025-11-22,2025-12-10,
3206,2796,1726,2025-10-23,2025-11-21,
3240,4939,3564,2025-10-15,,
3288,1268,3527,2024-12-05,,
3541,7851,4978,2025-01-22,,
3883,5168,4150,2024-04-05,,
3958,4265,1875,2024-06-01,,2025-01-21
4007,5034,1557,2025-07-12,2025-09-21,
4020,3615,2141,2025-05-22,,
4390,5628,1671,2025-08-10,,
4593,2731,3952,2024-02-04,,
4788,3169,268,2024-12-09,,
4903,153,2114,2024-04-24,,
5153,1884,2355,2025-08-26,,
5375,1698,4203,2024-09-18,,
5558,3014,4504,2024-08-05,,
5604,5808,608,2025-11-14,,2025-11-24
5609,7485,2032,2024-12-10,,
5759,5272,2596,2024-11-27,2025-03-12,
5884,6709,4453,2024-09-30,,2024-12-20
6087,4373,4548,2025-01-22,,
6107,977,2222,2024-11-11,,2025-04-15
6304,1274,2100,2025-09-18,,
6804,8036,4922,2025-07-04,,
6923,8702,1104,2025-05-31,,2025-11-23
7113,7504,3689,2025-10-30,2025-11-30,
7349,3291,1242,2025-10-31,,2025-12-08
7662,5301,1489,2025-02-05,,
7684,676,815,2025-05-14,,
7909,3933,3604,2025-09-24,,
7911,6428,3526,2025-01-06,,
7920,3240,388,2025-07-31,2025-12-18,
7963,3647,4298,2025-05-10,,
8121,2998,1777,2024-10-17,,
8220,6927,865,2025-05-09,,
8702,1792,859,2024-11-17,,
8735,2031,2182,2025-08-14,,
8779,7386,1317,2025-03-02,,
8979,7980,1389,2025-06-01,,
9280,6454,3091,2024-07-20,,
9311,376,1258,2025-07-17,,
9328,1307,2335,2025-07-30,,2025-09-07
9524,4768,2340,2024-08-22,,
9794,2507,2011,2025-08-04,,
9895,4260,1679,2025-02-03,,
10023,7749,171,2025-03-23,,2025-08-01
10068,379,3216,2024-07-19,,
10141,4290,2670,2025-09-22,2025-12-17,
10380,7289,3075,2024-04-30,,
10442,3342,1844,2025-08-23,,
10446,7563,1253,2025-06-02,,
10814,9861,3795,2025-01-08,2025-04-23,
10893,320,4442,2025-05-09,,
11075,261,3110,2024-12-27,2025-04-18,
11116,728,2736,2024-12-19,,
11662,9078,4436,2024-03-20,,
11711,6019,3479,2025-12-08,,
12166,7146,4466,2025-03-12,,
12405,5157,3753,2025-04-20,,2025-10-22
12434,3254,3201,2024-08-26,,
12535,209,2028,2025-07-14,,
12770,1263,1303,2025-07-08,2025-12-02,
12959,6627,3228,2024-08-31,2025-02-15,
12989,2199,3287,2024-11-27,,2024-12-24
13125,8794,3325,2024-05-04,,
13591,5400,3365,2024-02-06,2024-04-03,
13794,8739,2710,2025-01-18,2025-02-16,
13935,5844,2183,2024-05-04,,
14048,8290,3389,2025-07-12,2025-12-13,
14137,1022,4414,2025-11-23,,
14214,7668,3753,2025-07-27,,
14400,3412,4614,2025-10-28,,2025-12-05
14787,1488,2142,2025-12-01,,
14807,6900,3073,2024-02-14,,
14856,2865,3053,2025-05-10,2025-08-25,
15340,1011,2953,2025-11-15,,
15414,2566,1777,2024-10-17,,
16037,5131,2092,2025-05-19,2025-08-29,
16174,3015,3696,2025-03-25,,2025-10-21
16365,3186,526,2025-09-24,,
16465,1705,4135,2024-08-12,2024-09-25,
16638,8640,3824,2025-02-15,,
16697,3669,228,2025-12-24,,
16739,2842,790,2025-10-05,2025-11-18,
16786,7907,373,2025-10-17,,2025-10-26
17174,4698,4265,2025-06-01,2025-06-19,
17291,3363,1689,2024-05-16,,
17374,1267,112,2025-02-02,,
17683,7782,3088,2024-12-10,,
17918,5384,3759,2025-07-03,2025-11-09,
17991,8548,631,2025-10-29,,
17994,5702,2137,2024-09-16,2025-02-08,
18027,6780,1707,2025-07-29,,2025-11-12
18805,3781,2135,2024-10-18,2025-02-16,
19400,1101,804,2024-05-12,2024-06-06,
19427,2517,3212,2024-08-17,,
19437,577,4061,2024-07-08,,
19727,1461,2747,2025-11-06,,
19865,4403,79,2025-11-08,,
114,3005,1555,2025-04-05,,
300,624,2539,2025-05-07,2025-07-02,
578,2158,3330,2024-03-30,2024-08-17,
1281,6819,675,2024-03-21,,
1476,2029,1712,2024-12-24,,
1938,6561,1747,2025-01-25,,
2145,3813,2206,2025-07-23,2025-08-27,
2218,2762,4988,2025-07-21,,
2447,2771,2294,2025-11-18,,2025-11-28
2662,9428,3647,2024-12-31,2025-02-24,
2844,810,1657,2025-12-15,,2025-12-17
2884,8999,2312,2024-10-03,,2025-05-21
3207,432,2162,2024-04-22,,
3277,952,3718,2024-02-20,,
3476,1755,4387,2025-08-21,,
3615,558,3930,2024-08-26,,
3725,7754,1196,2024-09-08,,
3886,6921,919,2024-03-25,,
5049,3630,3251,2025-06-15,,2025-09-12
5084,7381,3560,2025-03-02,2025-05-05,
5299,8480,1609,2024-11-23,,
5511,9195,4631,2025-11-10,,
5521,7093,4001,2025-07-21,,
5785,6305,3495,2025-12-07,,
5839,4657,3149,2023-12-29,,
5927,2881,512,2024-01-10,,
6103,6235,4523,2025-03-14,,
6133,6087,816,2025-11-30,,
6298,9555,4011,2024-08-25,,
6512,9768,800,2025-06-06,,
6776,4293,4352,2024-08-01,,
7254,156,1104,2025-06-29,2025-11-20,
7296,4486,2409,2025-12-05,2025-12-25,
7367,1319,4510,2024-12-19,,
7531,4162,2380,2025-06-05,,
7618,7493,2076,2024-03-14,,2024-04-21
7629,2179,2994,2025-12-16,,
7769,8424,1773,2024-04-02,,2025-02-07
8230,3022,2637,2024-08-10,,2025-04-02
8400,1352,3414,2024-06-28,2024-10-27,
8978,9647,3521,2024-07-23,,
9036,1832,243,2025-05-26,,
9503,9804,2982,2024-01-25,,2024-07-03
9515,9389,1417,2025-02-20,,
10109,7535,3331,2025-12-08,,
10239,1545,671,2025-03-21,,
10286,6202,4691,2025-10-24,,2025-12-24
10658,8221,984,2024-10-23,2025-02-15,
10764,7493,4168,2025-05-11,,
11013,66,3823,2024-06-27,2024-08-29,
11086,447,1481,2025-01-26,,2025-04-02
11154,5940,4479,2024-08-16,,
11304,6654,3420,2025-11-11,2025-11-25,
11872,2334,587,2025-06-21,,
11891,2394,1650,2024-11-04,,
11947,260,2640,2025-03-21,2025-09-06,
12291,255,3063,2025-05-14,,
12463,3418,1275,2025-04-01,,
12465,168,2884,2025-10-10,,
12856,1439,613,2025-11-16,,2025-11-20
13385,6201,4189,2025-08-09,,
13504,4964,52,2024-10-31,,
13583,2353,136,2025-06-02,2025-10-11,
13803,5410,3383,2025-01-19,,
13856,7053,3212,2024-10-12,,
14117,2588,4558,2024-11-17,2025-05-01,
14159,7423,512,2024-06-26,2024-08-08,
14298,280,2536,2025-10-30,,
15097,4892,428,2025-12-22,,
15301,9998,4979,2025-07-10,,
15394,5514,4978,2024-03-28,,2024-06-09
15444,2296,3830,2024-10-15,,
15486,4967,4627,2025-02-07,,
15510,9393,4101,2024-12-05,,
16121,2772,1497,2025-02-05,,
16387,2127,4751,2025-08-19,,
16623,4245,2453,2024-12-15,2025-05-15,
16670,1164,1368,2025-03-08,,
16801,4608,4349,2024-03-24,,
17260,8209,1788,2024-03-29,2024-05-22,
17266,8860,2855,2025-04-03,,2025-11-28
17320,3544,3158,2024-04-26,,
17479,4202,4451,2024-05-16,,
17639,4642,149,2024-05-02,2024-05-20,
18004,5583,262,2025-08-08,,
18105,679,3393,2024-11-19,,
18138,6222,4590,2025-03-17,,
18160,6637,4744,2024-03-25,2024-04-11,
18190,4270,947,2024-03-12,,
18614,7110,1736,2024-04-04,,2024-08-31
18969,329,4256,2025-11-07,,
19023,1410,2991,2024-04-11,,
19100,7468,3060,2025-08-29,,
19143,9388,4319,2024-03-20,,
19256,6074,4622,2025-12-20,2025-12-25,
19813,2821,2184,2024-08-12,,
65,5693,2787,2025-03-26,2025-08-21,
244,4718,331,2025-08-22,,
326,7340,1586,2024-01-05,2024-01-23,
460,1575,2576,2025-11-27,,
950,4668,972,2025-10-30,,
1337,5499,2283,2024-02-25,,
1459,4253,2951,2024-01-07,,
1526,2071,1732,2025-05-27,,
1610,2402,221,2025-05-16,2025-06-16,
1635,9721,925,2025-04-12,,2025-08-22
1684,9058,4375,2024-07-07,,
1738,5479,4401,2025-12-20,,
1800,351,838,2025-10-26,2025-12-20,
1851,2850,4886,2025-04-13,,
2035,4701,2556,2025-12-04,,2025-12-07
2058,5078,3833,2025-01-07,,
2217,9383,1189,2025-12-03,,2025-12-20
2404,7510,3019,2024-03-05,2024-04-27,
2407,5299,1026,2025-12-23,,2025-12-24
2412,3806,923,2025-01-10,2025-07-07,
2432,4315,3494,2024-05-17,,
2457,641,1479,2025-04-28,2025-05-15,
2859,7066,2322,2024-09-15,2024-11-04,
3054,4163,4542,2025-10-28,2025-11-11,
3161,7832,4666,2024-04-02,,
3363,8136,3276,2025-10-14,2025-11-07,
3678,9964,2112,2023-12-31,2024-06-28,
3905,8698,3325,2024-08-13,2024-09-17,
4158,4359,3232,2025-04-08,,
4262,102,1027,2025-09-30,,2025-11-03
4327,1864,4533,2025-12-19,,2025-12-23
4461,7236,1302,2024-10-26,,2025-08-18
4483,4662,1604,2024-03-23,,
4564,4735,1792,2024-05-27,,
4578,5505,3542,2024-01-16,,2024-04-07
4622,1586,953,2025-02-18,,
4865,5111,2084,2025-08-10,,
4988,351,1699,2025-10-29,2025-11-17,
5657,5194,1004,2024-01-07,,
6177,4097,2073,2025-04-12,,
6247,3099,721,2025-12-05,2025-12-18,
6277,6153,1766,2024-05-31,,
6522,5237,3629,2025-05-09,2025-06-12,
6768,4757,3033,2025-12-04,,
6810,8975,336,2024-06-27,,
7092,5903,1390,2024-06-11,,
7213,9934,4302,2024-09-26,,2025-08-02
7437,3809,1397,2025-03-14,2025-07-16,
8745,2361,3023,2024-11-08,2024-12-06,
8831,5871,2923,2024-03-31,,
8890,3643,4157,2025-07-08,,
9419,8428,2306,2024-04-01,,
9517,1095,1677,2025-03-17,,2025-05-20
10717,9191,2603,2025-12-10,2025-12-25,
10928,8427,4351,2025-08-15,,
11017,6556,3675,2024-09-15,,
11029,694,3082,2025-09-05,,
11301,8357,2220,2024-01-15,,
11366,3739,1979,2024-05-03,,
11565,2404,2335,2025-04-03,2025-06-19,
11972,9535,3435,2025-11-08,,
12082,6703,1636,2024-05-28,,
12125,4298,2978,2024-05-12,,2025-02-02
12178,4409,4404,2025-07-07,,
12559,3803,1386,2025-08-17,,2025-10-27
12673,6751,1901,2025-06-18,,
12695,4690,3953,2024-07-06,,
13037,8632,2594,2024-11-13,2024-12-10,
13101,2996,132,2025-11-09,,2025-11-23
13286,14,1231,2025-11-30,,
13399,2940,2208,2025-10-27,,
13468,1227,3857,2025-09-21,,
13509,6943,4531,2024-08-27,2025-02-09,
13526,3737,3089,2025-10-26,,2025-12-02
14551,1510,3470,2024-12-03,,
14565,1701,3503,2025-05-22,,2025-08-22
14729,8712,293,2025-06-01,,
14740,9888,2451,2025-12-19,,
14850,6499,4588,2025-06-08,2025-06-18,
15171,1519,3524,2024-12-10,,
15276,8277,4446,2024-07-04,,
15307,4877,1825,2025-08-15,,
15323,2778,2972,2025-06-09,,
15658,8712,2238,2024-09-22,,
16033,7967,3391,2024-12-12,,2025-02-19
16136,7143,3377,2025-03-17,,
16589,4554,1362,2025-01-07,,2025-04-18
16969,4002,884,2025-06-24,,
17032,5834,2585,2024-02-27,,2024-10-25
17060,1228,4772,2025-12-23,,
17107,5727,71,2024-09-23,,2025-02-27
17166,2398,3650,2024-09-14,,
17181,6716,3431,2024-12-03,2025-01-03,
17402,7874,2735,2025-12-17,,
17733,7515,3547,2025-11-25,,
17814,6455,2291,2025-09-19,2025-10-29,
17947,8476,2183,2025-01-12,,
17963,9934,2883,2025-09-26,,2025-10-05
18157,5560,1096,2024-05-18,2024-09-23,
18455,9038,4256,2025-09-01,,
18726,8791,482,2024-06-20,,
18755,7217,104,2025-09-07,2025-09-21,
18775,8398,2988,2024-12-15,,
19233,1424,902,2025-11-14,2025-11-30,
19315,7965,4043,2025-09-23,,
19363,7686,1361,2025-09-30,,
19773,4416,2242,2024-11-03,,
19787,7604,4969,2025-06-11,,2025-09-08
19845,5342,1512,2024-07-03,2024-10-23,
19925,7087,2882,2025-04-21,,
200,7970,3736,2024-03-16,,
222,9924,4424,2025-03-04,,
857,3406,4514,2024-01-12,,
991,2431,4864,2024-07-19,2024-12-30,
1132,6520,1871,2025-06-12,,
1135,5654,391,2024-05-11,,2025-04-24
1156,8257,1164,2025-11-18,2025-11-30,
1209,2791,1728,2025-12-14,,2025-12-16
1212,9622,1133,2025-10-11,,
1304,5091,3541,2024-06-19,,
1739,6647,248,2025-03-29,2025-05-13,
1766,665,4629,2024-03-28,2024-05-06,
2162,9872,2997,2025-10-30,,
2760,7250,1003,2025-02-15,,
2815,715,47,2025-01-19,,2025-05-01
3016,5363,1251,2025-06-02,,2025-10-15
3065,9174,4702,2025-07-22,,
3123,4261,1123,2025-10-21,,2025-12-17
3131,4359,2310,2025-08-25,,
3339,1038,1244,2025-07-26,,2025-11-29
3390,3853,4728,2025-02-22,,
3447,9175,1366,2025-02-08,2025-04-08,
3547,8152,3182,2025-10-17,,
3596,7844,4650,2025-03-12,,
3613,5726,139,2024-05-21,,
3617,338,4689,2025-02-05,,
4449,640,2125,2025-04-25,,
4750,452,3968,2024-05-30,,2025-03-19
4938,9603,2286,2024-12-17,,
5174,3878,521,2025-11-06,,
5307,9746,1702,2024-11-23,,
5387,4718,1063,2024-01-22,,
5405,4013,3095,2025-04-27,,
5487,1743,4610,2024-01-13,2024-07-08,
5569,2006,1014,2025-12-05,2025-12-17,
5814,8114,3893,2025-03-28,,2025-04-02
6026,3576,3873,2025-11-02,,
6514,9722,2417,2024-11-21,2024-12-22,
6727,1450,4239,2024-04-20,,
7384,4528,1673,2024-07-12,2025-01-02,
7775,2945,2351,2025-07-12,,
7981,3616,4476,2025-03-30,,
8154,9186,3505,2025-03-21,,
8308,1168,2514,2024-07-20,,
8567,3108,4250,2024-05-21,,
9006,5672,3147,2025-11-01,,2025-12-25
9079,8657,1715,2025-03-21,,
9089,304,72,2025-03-30,,
9124,3552,4510,2025-01-08,,
9161,476,4561,2024-07-18,,
9189,5578,1296,2025-06-08,,2025-12-15
9294,6610,4741,2024-12-03,,
9297,8120,1870,2024-07-10,,
9352,3465,2797,2024-10-31,2025-01-21,
9461,1142,4880,2024-08-19,,
9541,6344,1152,2025-09-28,,
9677,3358,1112,2025-11-15,,
9824,5600,4572,2025-04-13,2025-09-18,
9937,3141,3869,2025-08-13,,
10250,3514,288,2025-09-06,,
10436,7687,1417,2025-09-03,,
10743,1381,3870,2024-10-15,2024-12-20,
12436,5330,635,2025-10-04,,
12641,7546,3089,2025-09-04,,
12665,110,3683,2024-04-24,,2024-07-18
12843,9093,3146,2025-01-17,2025-06-19,
13170,9407,4812,2025-06-07,,
13191,527,4911,2025-08-31,,
13312,4961,3127,2024-07-11,,
13462,3354,4820,2024-01-22,,
13486,6666,924,2025-03-12,,
14043,6036,1747,2025-03-15,,
14196,1647,2635,2024-10-15,,
14589,4187,1908,2025-02-14,2025-05-11,
14730,1847,4381,2025-08-30,,
14925,5042,3179,2024-02-17,,2024-11-01
15329,9644,1491,2024-01-04,2024-03-28,
15768,5113,4253,2025-06-26,,
15791,9869,3975,2024-07-12,,
15866,6905,1145,2025-05-08,,
15904,9806,4306,2025-01-22,,
15955,5757,1439,2025-12-06,,2025-12-23
16309,4928,1700,2024-04-24,2024-10-04,
16530,8899,3763,2024-08-14,,
16766,527,4965,2024-01-18,,
17023,9862,1711,2024-04-13,,
17246,9909,3061,2024-05-20,,2025-04-23
17263,6503,489,2025-10-04,,2025-10-12
17292,6083,4455,2024-08-15,,
17449,9193,3660,2025-03-14,2025-07-27,
17718,287,2908,2024-10-03,2025-01-29,
17831,6206,3395,2025-11-20,,2025-12-21
18584,3157,4495,2024-09-22,2024-10-08,
19140,2686,822,2025-02-06,2025-07-13,
19199,9681,2605,2025-08-16,2025-12-11,
19278,8649,3220,2025-07-11,2025-11-12,
19803,5634,1648,2025-09-18,2025-11-18,
19842,8545,2904,2024-07-21,,
306,4635,2808,2025-05-01,,
505,9668,4450,2024-06-29,,
584,3768,1438,2025-07-11,,
826,7468,2167,2024-03-10,,
1223,8819,1842,2025-03-21,,
1299,2260,1332,2024-05-23,2024-09-22,
1432,9490,2785,2025-06-03,,
1446,7832,1036,2024-05-18,,
1604,117,662,2025-11-07,2025-11-26,
1626,3493,1847,2024-10-10,,
1627,4090,3131,2024-03-29,2024-04-08,
1641,6505,4136,2025-06-09,2025-11-09,
2232,6437,2361,2024-02-07,,
2592,1191,1824,2024-07-13,,
3321,4642,4982,2024-03-06,2024-04-21,
3360,2965,628,2025-02-16,,
3842,3587,1223,2025-11-27,,
3888,8403,3705,2025-08-23,2025-12-02,
4352,6591,2471,2025-05-17,2025-09-15,
4517,2914,1293,2024-11-01,,2025-04-14
4586,8673,3639,2024-03-18,,
4987,9227,4790,2024-08-10,2024-12-12,
5176,6659,3425,2024-07-31,,
5489,309,3222,2024-09-08,,
5597,6872,2642,2024-12-16,,
6064,6257,322,2025-11-16,,2025-11-26
6192,7828,1121,2025-09-10,,2025-11-02
6229,386,1938,2024-03-07,,
6280,5945,2221,2024-03-11,,
6985,2885,2003,2024-10-13,,2024-11-17
7136,524,3515,2025-06-12,,
7153,4218,20,2025-09-21,2025-10-01,
7449,6838,4481,2024-08-09,,
7537,2740,513,2025-04-21,,
7649,7236,2010,2024-03-10,2024-07-26,
8012,7110,4588,2025-05-25,,2025-11-30
8096,7768,796,2024-10-11,2025-02-13,
8471,6315,4073,2025-03-16,,
8666,8533,4625,2024-11-28,,
8821,4812,2262,2024-05-10,,
8932,1131,3536,2025-12-01,,
8973,7493,900,2025-05-30,2025-10-25,
9590,9172,2830,2025-07-31,,
9968,7783,2958,2025-06-10,,
10192,9118,363,2024-08-08,,
10194,2425,585,2025-07-03,,
10335,4540,838,2024-07-20,,
10626,3552,363,2024-08-01,,
10734,130,2595,2024-12-02,,2025-04-09
11328,7935,1935,2025-07-12,,
11728,2503,2303,2025-08-07,2025-12-15,
12098,5559,575,2025-12-21,,
12355,2773,1263,2025-08-30,,
12413,6646,928,2024-12-31,2025-02-12,
13003,8285,4129,2025-03-25,,
13309,8885,3535,2024-10-19,2025-01-10,
13338,5579,787,2025-10-28,,
13569,7262,286,2025-09-28,,
14501,2603,3628,2025-06-23,2025-11-10,
14670,2871,1678,2025-12-24,,
14743,7429,1990,2024-07-07,,
14782,5081,39,2024-06-20,2024-09-28,
15213,1738,820,2025-08-16,,
15278,1879,895,2025-11-28,,
15530,3144,1247,2024-11-04,,
15653,1811,637,2025-12-06,,
15679,3746,2221,2024-11-27,,
16062,3562,269,2024-10-12,,
16311,9778,1155,2024-02-04,,2024-07-07
16360,2849,2904,2025-11-24,,2025-12-13
16618,281,2850,2024-12-09,,
16621,3124,2345,2025-07-15,,
16723,61,796,2025-01-18,,
16968,5696,3742,2025-10-05,,2025-12-11
17003,5459,4906,2024-10-31,,
17046,9038,263,2024-01-28,,
17248,7175,3334,2025-05-23,,2025-11-10
17586,1706,2458,2024-08-27,,
17801,5382,65,2025-09-25,,2025-09-27
17813,6172,4277,2025-09-24,,
18596,2796,190,2025-05-15,,2025-09-14
18999,3543,4531,2024-09-18,,
19018,6878,3728,2024-11-08,,
19458,2456,2164,2025-02-17,2025-08-03,
19557,3200,2034,2025-09-03,,
19999,3509,1114,2025-05-04,,2025-11-15
13,8766,1460,2025-10-09,,
64,2814,4310,2024-02-09,,
181,1950,1617,2025-05-20,,
251,6796,1375,2024-03-22,,
302,8624,2252,2025-04-04,2025-09-18,
545,5572,4916,2025-09-18,,
1361,1559,68,2024-08-14,2024-12-26,
1398,4045,857,2025-11-13,,
1863,1625,2596,2024-03-27,,
1959,5205,982,2024-03-01,,
1977,8640,2121,2024-04-10,,2024-06-02
2050,5919,4870,2024-07-02,,
2541,1877,372,2025-07-23,2025-11-21,
2579,5063,4043,2024-10-06,2025-03-25,
3475,5507,3845,2024-02-28,,
3665,8005,2622,2025-03-24,,2025-12-12
3921,1423,3665,2025-08-20,2025-11-03,
4134,8531,3422,2024-02-18,,
4514,9937,2794,2025-03-11,,
5310,5533,4482,2024-01-09,,
5875,6410,4381,2025-12-09,,
6852,6697,1301,2024-06-30,,2025-02-13
7408,235,1291,2024-09-09,,2025-01-25
7428,6789,3176,2024-03-01,,
7526,9485,2670,2024-05-20,,
7619,5351,4669,2025-12-15,2025-12-24,
7622,6028,3568,2025-06-16,,
7948,8684,3010,2025-10-08,,
7974,7694,4294,2025-02-09,,
8125,3265,4815,2025-04-13,,
8135,3430,4952,2025-12-15,2025-12-24,
8296,2999,1400,2025-04-17,,
8612,5025,4744,2025-08-10,,2025-08-18
8670,3906,2913,2025-11-19,,
8697,5624,4241,2024-02-24,2024-05-23,
8755,220,4917,2024-09-15,,2025-06-02
8848,4702,782,2024-05-27,,
9313,1158,305,2024-12-14,,
9320,956,461,2024-11-10,,
9678,3696,4054,2025-11-20,,2025-11-22
9854,1833,4246,2024-06-21,,
9952,8498,4859,2025-11-22,,
10062,5764,2090,2025-09-30,,
10432,1830,4993,2024-06-25,2024-07-20,
10454,6028,1143,2025-11-24,,
10545,538,1291,2025-02-01,,
10823,3231,3184,2024-08-29,,
11061,3506,4734,2024-03-09,,
11068,3641,3716,2025-11-02,2025-12-21,
11296,5795,1420,2024-08-07,2024-11-05,
11302,1856,4332,2024-02-01,,
11426,2841,3125,2025-11-23,,2025-12-03
12464,7546,2297,2024-07-12,,
12701,9283,4877,2025-02-11,2025-07-21,
13070,8989,3501,2025-08-05,,
13151,3309,1649,2024-11-12,,
13261,6632,3860,2025-10-29,2025-12-07,
13458,1660,1917,2025-07-06,,
13774,8969,321,2025-04-06,,2025-11-01
13821,6139,2663,2024-09-25,,2025-05-19
14194,8741,4562,2025-09-13,,2025-11-24
14339,3509,3445,2024-09-01,,
14771,8495,1911,2024-07-06,,
14786,5253,2847,2025-02-20,,
14791,2364,5000,2024-03-22,2024-04-02,
16019,9606,222,2025-02-20,2025-04-30,
16116,6364,2886,2024-03-04,,
16442,9004,4007,2024-11-19,,
16716,4285,812,2024-03-03,2024-04-13,
16765,8217,178,2025-05-12,2025-09-25,
16883,9998,2791,2025-01-07,,
16889,7245,74,2024-01-31,,
17290,3971,4560,2024-11-07,,
17491,5172,2269,2025-11-15,,2025-12-11
17549,9079,1260,2025-12-13,,
17736,796,2762,2024-03-29,,
18095,3048,169,2024-04-14,,
18147,1939,62,2025-08-13,,2025-12-20
18540,3865,3984,2024-03-07,,
18911,6062,3519,2024-10-26,,2025-05-05
19129,4762,2077,2025-09-14,,
19687,3861,337,2025-08-08,,
12,5807,4597,2025-12-13,,2025-12-17
97,7604,4324,2024-04-21,2024-09-15,
134,9443,2175,2025-02-16,,
295,6575,1577,2025-03-24,,
513,3025,2767,2024-10-13,,2025-03-16
599,1624,4682,2025-04-25,,2025-05-13
850,3704,2251,2025-01-07,,
1237,5859,203,2025-12-11,,
1257,3694,2386,2024-03-14,,
1287,5126,2661,2024-11-19,,
1363,1887,972,2024-07-20,2024-11-22,
1426,164,956,2024-06-01,,
1597,5377,2766,2024-09-30,2024-12-19,
1776,8298,4765,2025-10-29,,
2128,6794,910,2025-12-18,,
2312,2506,1672,2024-11-30,,
2324,2348,4787,2025-05-24,,
2586,5796,1117,2025-04-27,,
2601,2865,4514,2024-12-04,,2025-10-14
2647,503,4385,2025-07-13,2025-08-16,
2657,9375,3288,2024-12-23,2025-05-07,
2769,1819,4510,2024-01-28,2024-06-24,
3141,5037,2177,2024-09-07,,
3172,3533,2856,2025-02-11,,
3373,2292,300,2025-07-25,,2025-11-17
3386,5296,3720,2025-12-24,,
3636,6377,3614,2025-02-20,2025-06-26,
3809,8019,4579,2024-08-23,2024-11-07,
4324,8283,2132,2025-12-06,2025-12-15,
4720,2181,4899,2025-08-15,,
4862,9989,4181,2025-12-17,2025-12-24,
4932,9392,1834,2025-03-02,,
5464,105,1243,2024-01-21,2024-02-24,
5725,6115,2551,2025-05-17,,
5871,646,95,2024-07-01,,
5883,5160,2660,2024-12-01,,
5905,559,1745,2024-11-05,,
5979,5781,4433,2025-07-21,,
6000,8047,4543,2025-12-24,,
6121,6280,3233,2025-01-02,2025-04-14,
6440,6298,3373,2024-05-07,,
6748,6320,4957,2024-10-31,,
6796,4950,3917,2024-03-11,,2024-06-25
6915,2984,748,2024-12-20,,
6967,7382,4614,2024-05-17,,
7105,6770,477,2025-01-05,,
7169,1164,3899,2025-04-26,,
7304,7686,1217,2024-12-23,,
7528,1417,670,2024-09-18,,
7853,800,3605,2024-04-29,2024-10-14,
7896,1202,3932,2025-06-21,2025-07-06,
8080,3979,4809,2024-07-31,,
8158,1196,310,2024-07-17,,
8221,1353,4015,2025-08-21,,2025-11-22
8307,3949,720,2024-04-19,2024-05-30,
8408,9364,851,2024-10-28,,
8645,7772,1361,2024-01-10,,2024-10-25
8901,7878,3154,2025-05-27,2025-08-25,
9238,8708,3684,2024-02-20,2024-03-10,
9336,2129,94,2025-11-19,2025-12-20,
9450,2634,2311,2025-10-17,,
9483,3878,3527,2025-10-13,,
9487,3713,3357,2025-11-17,,2025-11-26
10139,2135,1139,2024-04-17,,
10337,1112,2274,2025-04-18,,
10368,1496,1666,2025-06-19,2025-10-12,
10400,2763,2823,2025-12-18,,
10416,3568,2810,2024-08-23,2025-02-08,
10497,4508,1766,2024-11-24,,
10980,819,4005,2025-11-05,,
11580,2842,4656,2025-08-20,,
11825,1103,3270,2024-08-02,,2025-01-09
11920,2126,1782,2024-01-06,2024-06-02,
11964,485,147,2025-11-12,,
12044,7220,174,2025-12-23,2025-12-25,
12148,9826,3068,2024-02-13,2024-03-16,
12192,9365,3822,2025-05-11,,
12484,27,4582,2025-05-02,,
12542,8444,1043,2024-02-21,,
12632,8767,3217,2025-07-18,,
12728,2506,4664,2024-07-16,,
12798,8295,3478,2024-04-27,,2024-08-08
12879,611,4536,2025-07-07,,
13065,9309,1578,2024-06-26,,
13383,7695,1855,2025-02-04,,2025-11-18
13437,9961,75,2024-11-06,2024-11-14,
13633,1181,2706,2024-06-12,2024-08-31,
13983,4730,1276,2025-11-20,,2025-12-10
14233,1917,3035,2024-06-13,,
14386,3872,3496,2024-08-31,,
14637,5778,1393,2025-11-25,,
14821,9526,4833,2024-01-18,,
15193,5036,2485,2024-06-20,2024-08-05,
15248,2133,887,2024-09-12,,
15318,2600,2297,2024-08-17,2025-01-20,
15434,9720,3761,2024-01-11,2024-05-12,
15521,7787,2384,2024-08-11,,
15733,9333,35,2025-03-19,2025-08-30,
16148,1890,4796,2025-02-28,2025-07-29,
16190,2374,4233,2024-04-17,2024-07-27,
16331,3495,2680,2025-08-21,,
16671,5443,3715,2024-11-03,2024-12-07,
16693,1025,3905,2025-01-12,2025-07-06,
17024,2876,1982,2024-10-13,,
17564,8728,1042,2025-06-15,,
17566,7462,1798,2024-08-22,2024-08-30,
18054,2869,4825,2025-06-08,,
18394,1860,2837,2025-04-02,,
18426,6081,4167,2025-04-30,2025-09-03,
18525,5956,4390,2024-07-07,,
18803,1994,637,2024-07-17,2024-12-24,
18830,6689,4153,2025-07-26,,
18928,398,2751,2025-03-08,,
18951,3822,1432,2025-12-01,,
18962,4597,3257,2025-10-24,,
19095,1631,2484,2024-03-01,,2025-01-02
19228,7931,4067,2025-11-09,,
19549,4010,2825,2025-05-15,,
19568,9680,3876,2025-03-14,2025-04-24,
19589,4551,1775,2024-03-20,2024-08-01,
19608,6230,3982,2024-04-20,,
19891,2213,2001,2025-04-26,,
54,3073,3735,2025-11-11,,2025-12-07
224,4100,404,2025-04-22,,2025-05-20
471,4502,3215,2025-12-07,,
611,5475,681,2024-04-10,,2024-10-21
685,5208,4237,2024-08-16,,
1200,8605,4923,2025-04-15,,2025-11-26
1272,2684,2961,2025-08-09,,
1566,541,1465,2024-10-04,,2025-01-26
1640,3484,2495,2024-11-26,,
1688,4671,146,2025-05-22,,
1871,247,2920,2024-09-05,2024-11-02,
2053,6721,2695,2025-01-11,,2025-07-16
2101,930,1533,2025-09-20,,
2240,8733,4867,2025-11-03,2025-11-14,
2745,8977,4855,2025-12-21,,
2790,137,4291,2025-05-04,,2025-12-19
3112,6816,4463,2024-09-06,,2024-11-16
3229,3864,1794,2024-02-03,,
3374,2928,4677,2024-05-20,,
3387,7967,1962,2024-12-06,,
3524,4103,924,2024-03-04,,
3530,7964,3727,2025-10-04,,
4489,7953,4122,2025-07-11,2025-11-27,
4509,4399,999,2024-02-25,2024-06-03,
4554,4582,2283,2024-05-30,,
4710,2003,581,2024-10-29,,
4830,3888,1325,2024-08-22,,
4947,9452,818,2024-02-07,,
4952,6024,4807,2025-10-16,2025-11-06,
5146,3354,4889,2025-05-25,,
5194,6688,271,2025-07-25,,
5294,3379,2238,2024-02-03,,2025-01-26
5401,1522,3675,2024-12-11,,
5532,8793,2768,2025-07-03,,
5548,4462,570,2025-06-14,,
5702,8424,2653,2025-02-26,,2025-06-14
5936,9645,3867,2025-09-21,,2025-12-11
5997,8934,1412,2024-12-02,2025-03-19,
6090,2463,1344,2024-12-01,,
6881,9696,4508,2024-10-07,,
6986,2511,1972,2025-12-22,,2025-12-24
7173,8055,4230,2024-08-30,2024-10-31,
7281,7730,396,2025-04-26,,
7385,6611,4675,2025-01-21,2025-06-12,
7666,4925,4105,2024-05-30,,
7905,3473,3073,2024-08-12,,
8378,3938,3946,2024-11-17,,
9075,4364,2632,2024-03-21,,
9286,6146,617,2025-09-12,2025-11-04,
9340,2975,3959,2024-05-14,,
9343,4578,1973,2024-06-16,,
9424,4409,234,2025-05-10,,
9751,26,1429,2023-12-27,2024-04-06,
10512,3337,851,2025-02-05,,
10857,358,1791,2025-05-08,,
11230,6001,1821,2025-05-24,2025-09-03,
11383,5774,1311,2025-05-02,,
11586,5988,4527,2025-04-16,,2025-12-03
11740,1869,221,2025-10-31,,
11837,183,1105,2025-06-06,,
11896,1122,2756,2025-07-22,,
11983,3706,4807,2025-05-24,2025-06-17,
12034,8938,4067,2025-03-09,,
12303,5970,1177,2025-04-03,,
13000,4248,4383,2025-05-27,,
13166,5602,1658,2024-10-27,,
13295,3563,261,2025-06-22,,
13607,6267,4919,2025-03-10,2025-07-30,
13611,8450,1287,2025-01-06,,
13659,6517,3875,2025-01-16,,
13891,1692,2163,2024-03-14,,
13992,8788,762,2025-12-20,2025-12-25,
14096,8337,707,2024-09-30,2024-10-26,
15019,7407,1610,2025-07-27,2025-09-04,
15183,3817,2975,2024-07-01,2024-10-28,
15426,4524,3395,2024-10-29,2024-11-24,
15989,4861,3488,2025-11-01,,
16129,464,4327,2025-01-10,,
16216,5022,3253,2024-03-04,,
16263,4823,49,2025-07-06,,
16429,6730,4207,2025-07-30,,
16829,5397,3100,2024-03-07,,
16870,7073,4459,2025-09-28,,
17016,5043,4510,2025-08-15,,2025-08-29
17628,7720,4069,2025-06-15,,2025-06-30
17916,2070,1341,2025-10-15,,
18119,4236,647,2025-02-02,,2025-09-26
18291,585,3907,2025-04-19,,
18410,3389,2233,2025-09-21,,
18416,1775,1648,2024-01-18,2024-04-21,
18907,5642,1804,2025-09-23,,2025-11-10
18954,1690,1838,2024-11-23,2025-03-06,
19043,9939,523,2025-03-25,,
19171,912,1468,2024-03-03,,
19445,658,2956,2025-03-04,,
19464,2160,4914,2025-11-24,,
19520,8805,2720,2025-10-22,,
19855,3778,1134,2025-05-06,,2025-12-25
215,2941,4309,2024-03-01,2024-05-27,
371,6838,1310,2025-08-02,2025-11-06,
457,2635,3340,2025-10-11,2025-10-27,
511,5296,228,2025-12-24,,
720,914,2647,2025-04-01,,
861,3980,1528,2024-07-24,2024-09-07,
917,1512,3153,2025-03-03,,
1579,9322,688,2025-11-25,2025-12-03,
1816,7,3742,2025-11-05,,
1832,4277,3091,2024-02-20,,
1850,2843,1477,2024-04-10,,
1980,711,2030,2025-06-24,,
2060,1704,892,2025-12-23,,
2198,6594,4651,2024-09-05,,2025-05-02
2443,145,977,2024-02-29,2024-04-25,
2667,542,3382,2024-07-20,2024-10-10,
2934,988,1365,2025-12-03,,
2941,2397,3187,2024-11-24,,
3002,3519,1694,2025-02-15,,
3059,9692,847,2025-05-02,,
3500,1448,3721,2025-08-13,,
3506,7500,1958,2024-12-12,2025-03-29,
3830,1711,1429,2025-10-10,,
4174,82,2825,2025-03-03,,2025-12-14
4250,3515,3105,2025-03-31,,
4374,8620,1573,2025-04-06,,
4488,7946,1842,2024-12-27,,
4795,2338,1025,2024-01-02,,
4937,241,1779,2025-08-12,,
5121,3400,4808,2024-05-02,2024-05-26,
5750,6935,3148,2025-03-14,,
6315,5050,3079,2025-10-04,,
6672,7591,3840,2025-07-03,,2025-09-12
6792,5632,4992,2025-09-18,2025-10-09,
6847,8164,2563,2024-10-07,,2024-11-25
6848,2833,1867,2025-08-19,,
7039,8612,25,2025-08-10,,
7274,3205,1451,2024-11-24,2024-12-09,
7321,354,3858,2025-09-17,2025-10-15,
7480,1705,4492,2024-10-06,,
8137,1614,4598,2024-05-12,2024-07-23,
8551,4189,2334,2025-02-27,,
8611,6700,2079,2024-11-07,,2025-02-22
8748,9108,2896,2024-07-06,,
8849,6957,4896,2024-04-14,,
8943,8927,3097,2025-08-13,,
8985,2480,689,2025-11-28,,2025-12-03
9002,4069,4945,2025-05-03,,
9277,5559,2772,2024-09-04,2025-01-14,
9354,332,2910,2025-07-11,,
9756,1421,695,2024-12-08,,
10137,4560,1256,2025-09-15,2025-11-05,
10362,9123,1443,2025-09-09,,
10495,2893,1942,2025-02-14,,
10910,4401,2779,2025-07-24,2025-11-30,
10974,5244,4501,2024-08-12,,
11479,824,3596,2024-12-22,,
11554,200,4189,2025-07-11,,
11731,8794,1265,2025-11-29,,
11814,8336,2989,2024-09-18,,2024-11-07
11860,2509,656,2024-05-13,,
12352,1631,1506,2024-09-22,,2024-12-27
12472,393,3848,2024-07-06,,2024-10-20
12480,2043,1452,2025-01-09,2025-05-01,
12780,4236,1658,2024-04-30,,
12995,67,1199,2025-07-17,2025-09-11,
13187,9519,4482,2025-01-13,2025-03-23,
13453,6611,496,2024-05-30,,
14488,2074,4707,2025-11-24,,
14515,9183,405,2025-12-04,,
14625,5459,1584,2025-08-02,,
15272,5952,2331,2024-02-21,,
15286,5176,1943,2025-04-20,2025-09-18,
15540,9585,928,2024-08-03,,
15639,6509,3854,2025-10-25,2025-11-08,
15687,2753,372,2025-12-22,,2025-12-24
16024,5390,4479,2025-11-02,,
16300,3047,2203,2025-08-10,,
16521,8046,3859,2025-11-17,,2025-12-09
16596,2302,100,2025-08-15,,2025-10-14
16959,9301,4040,2025-05-30,,
17350,9660,1750,2025-05-23,,2025-12-07
17489,9035,3324,2025-12-14,,
17734,9078,3897,2024-10-09,,
18504,9724,4494,2025-12-17,,
18559,494,1999,2024-10-24,,
18665,2880,3346,2025-08-01,,
18696,1799,361,2025-07-12,2025-10-19,
18825,2267,4046,2024-05-05,2024-10-10,
18882,3450,547,2025-02-11,2025-06-06,
19054,4678,4991,2024-12-24,,2025-12-15
19334,3405,2967,2025-12-15,,
19408,3186,1714,2024-10-20,,
19543,326,4463,2025-10-24,,
19586,4608,1111,2025-02-02,2025-06-25,
19752,5517,2081,2024-06-22,,
19792,5157,3518,2025-04-09,,2025-07-24
19931,317,3042,2024-11-17,,
250,8304,3367,2024-03-07,2024-08-22,
401,1698,1705,2024-02-07,,
557,2344,1895,2024-09-11,,
564,3207,2831,2025-07-07,,
573,166,4583,2024-05-08,2024-10-19,
1000,7568,904,2024-06-25,,
1058,5133,1531,2025-08-07,,
1078,8676,3323,2025-11-17,,
1192,9399,3727,2024-01-23,,
1702,9185,4696,2025-04-20,,
1844,6579,3929,2024-03-22,,2024-06-09
2167,2594,4728,2025-10-20,,
2497,3723,1995,2025-06-03,,
2704,4984,1989,2024-02-25,,
2754,1085,1639,2025-03-13,,
2987,7161,695,2024-11-15,,
3033,2200,3645,2024-06-04,,
3421,285,3346,2024-06-07,,2024-11-25
4351,6718,2039,2023-12-29,2024-01-27,
4391,9760,2655,2024-08-26,,
4409,8922,734,2025-07-22,,
4417,3157,473,2024-09-26,2024-10-10,
4446,9222,3078,2024-04-12,,
4474,7762,3759,2025-05-13,,
4529,6572,1508,2024-04-18,,
4833,9869,2578,2024-08-19,,
5459,3874,2103,2024-07-25,2024-08-18,
5551,7186,2432,2024-08-20,,
5909,7287,4184,2025-05-24,,
6211,1499,2780,2024-02-25,,
6282,4262,1660,2025-10-03,2025-12-23,
6334,1609,2737,2024-12-21,2024-12-29,
6336,3994,1157,2025-08-03,,
6432,7783,1654,2025-03-02,,
6489,9860,3448,2025-08-30,,
6661,4741,4618,2024-02-18,,
6782,7986,74,2025-11-07,2025-11-25,
6873,5044,3259,2024-10-04,,
7424,8862,4428,2025-06-25,,
7588,3857,1211,2025-07-24,,
7757,8367,2856,2024-04-25,,
8025,9684,4752,2025-09-30,,
8311,9625,2978,2024-01-24,,
8318,969,18,2024-10-18,,2025-10-15
8895,1849,2435,2025-05-24,,2025-09-30
9041,2373,4868,2024-06-21,,2025-03-12
9140,1771,1269,2025-01-11,2025-02-19,
9159,6288,592,2024-10-22,2025-02-16,
9165,8123,518,2025-11-07,2025-12-11,
9206,4136,118,2025-03-03,,
9325,5358,2182,2025-02-04,2025-05-05,
9552,4907,4832,2025-01-17,,
9620,4910,1100,2024-08-11,,
9658,6668,3195,2025-07-24,,
9793,4354,3183,2024-08-17,,
9946,1588,1232,2025-08-06,2025-08-18,
10010,400,4286,2025-05-31,,
10260,7263,2195,2025-07-08,2025-10-25,
10411,3202,4036,2024-07-25,2025-01-16,
10481,8528,2026,2024-06-21,,
10957,6359,4207,2025-07-19,,
10965,4579,3113,2024-06-07,,
11018,2963,3582,2025-10-20,,
11032,9021,2454,2024-03-23,2024-07-20,
11223,6867,4063,2024-01-02,,2024-11-10
11431,2838,4423,2025-03-05,2025-05-20,
11498,811,3456,2025-05-19,,2025-08-14
11623,9081,5000,2025-08-19,,
11689,4841,1960,2025-11-05,2025-12-03,
11752,4959,3881,2024-06-03,2024-09-05,
12181,8517,2812,2024-11-23,2025-03-05,
12387,5042,4420,2024-11-02,,
12627,7404,1938,2024-09-30,,
12729,9508,1835,2025-07-13,2025-12-04,
13013,7696,1871,2024-01-10,,
13073,7593,1163,2025-05-13,,2025-07-05
13089,2711,1607,2025-09-26,2025-11-13,
13300,852,4889,2024-02-10,2024-04-10,
13435,7329,3572,2024-07-07,,2025-04-17
13570,1966,3958,2025-03-31,,
13634,6271,1534,2025-11-20,2025-12-05,
13769,7297,4465,2025-11-17,2025-12-12,
13785,4490,2110,2024-01-26,,2024-08-23
14027,9560,2636,2025-04-19,,
14138,3222,3058,2025-09-30,,
14161,6518,1552,2025-08-13,,
14897,8862,1431,2025-06-23,,
14937,5388,4169,2024-06-26,2024-08-01,
15014,9847,573,2024-11-15,,2025-06-21
15269,3073,2260,2025-12-20,,
15611,1252,1877,2023-12-31,,
15980,5180,1345,2025-04-15,2025-05-15,
16107,3139,2461,2024-01-03,,
16115,8494,1566,2024-01-17,,
16250,7352,703,2025-05-09,2025-10-07,
16354,268,3279,2024-02-12,2024-07-27,
16904,5798,1428,2025-06-30,,
17058,4571,1904,2024-11-08,,
17225,3068,3921,2024-07-13,,
17439,1607,1855,2025-01-01,,
17646,6211,2701,2024-05-09,,2024-08-31
17751,6397,1231,2025-12-04,,2025-12-11
17864,5522,40,2025-11-13,,
17875,6020,4910,2024-06-02,,
17948,679,542,2024-03-21,2024-04-18,
18167,6135,416,2025-03-20,,
18198,6721,3881,2025-01-26,,
18841,4760,2143,2024-08-07,,
19186,3508,2163,2024-06-25,,
19531,3968,3039,2024-06-12,,
19715,4490,3697,2024-05-18,,
19906,8798,4636,2024-09-23,,
743,2781,483,2025-02-04,,
867,1365,1572,2025-10-11,2025-11-04,
868,2738,387,2025-12-02,,2025-12-09
1068,3118,4380,2024-11-24,,
1433,6931,540,2024-06-09,,
1552,5360,2140,2025-03-07,,2025-08-19
1880,5612,1567,2025-06-15,2025-11-12,
2062,4371,1053,2025-07-24,2025-12-10,
2078,8759,4993,2024-01-01,,
2135,4238,3230,2024-01-22,,
2215,4664,2395,2024-06-13,,
2728,5500,1262,2025-08-25,,
2892,5475,4595,2025-03-19,,
3159,9435,3707,2024-01-06,,2024-10-08
3519,205,905,2024-09-17,,
3648,1738,237,2024-04-04,,
3810,440,3636,2024-01-24,,
4042,2901,1615,2025-05-31,,
4047,3244,4751,2024-09-10,,
4354,1946,375,2025-08-24,,
4559,2956,768,2024-12-07,,
4587,9952,4885,2025-07-13,,
4759,7922,495,2025-03-18,,
5260,621,1142,2024-09-03,,
5300,5590,4755,2024-08-15,,
5361,6292,2993,2024-04-25,,
5379,1569,2832,2024-12-30,,
5424,5869,1953,2025-10-30,2025-12-21,
5484,733,2898,2025-12-04,2025-12-15,
5923,4674,2785,2024-07-14,2024-11-06,
6156,5416,107,2025-01-16,,
6158,4691,803,2024-05-27,,
6333,5971,2665,2024-12-12,,2025-05-31
6422,7165,3421,2025-01-09,,
6444,1074,1581,2025-12-13,2025-12-22,
6964,8134,4513,2024-04-04,,
7686,4670,3659,2025-04-26,,2025-06-25
7692,4059,1745,2025-12-17,,
8156,571,932,2024-01-06,2024-05-22,
8184,7712,2812,2025-05-04,,
8349,5525,2399,2025-10-24,,
8398,3916,763,2025-02-12,,
8498,9311,4869,2025-01-28,,
8535,8347,3320,2025-01-26,,
8720,4467,2165,2025-08-28,,
8868,6591,774,2025-04-18,,
8872,3949,587,2024-04-14,,
9120,2999,2673,2025-08-23,,
9626,2057,4865,2024-10-12,,
9769,3808,1476,2025-09-17,,
10204,1260,96,2025-09-05,2025-10-26,
10397,6174,3730,2024-02-26,,
10554,6840,3655,2024-08-22,,
10565,8554,4936,2024-09-14,,
10606,7669,3619,2025-11-15,,2025-12-20
10807,8772,2739,2025-11-04,,2025-11-26
11867,2649,2577,2025-12-16,2025-12-24,
11909,1413,4963,2024-02-20,,
12001,5341,4782,2025-12-09,,
12835,117,1121,2025-12-22,2025-12-25,
12911,1050,3654,2024-05-25,,
12930,3630,1327,2024-09-17,,
12981,7336,3100,2025-10-16,,
13289,3544,4089,2024-05-06,,
13592,6565,1268,2025-09-02,2025-10-26,
13742,2356,989,2024-08-25,,2025-04-26
13989,8351,150,2024-06-23,,2024-09-30
14368,8234,2714,2025-05-02,,
14442,5798,1338,2025-11-16,2025-12-07,
14562,4982,2670,2024-01-15,,
14822,6451,24,2025-10-07,,2025-12-07
14931,5589,2508,2025-02-10,2025-05-25,
15007,5458,3625,2024-08-25,,
15118,1511,4264,2025-06-02,,
15771,8227,3325,2025-12-24,2025-12-25,
15839,5683,2695,2025-02-22,,2025-05-03
16042,1554,1341,2024-10-12,2025-03-08,
16274,9006,4109,2025-01-14,,
16394,6946,4665,2025-04-03,,
16437,1389,726,2025-04-26,2025-05-10,
16808,5804,1516,2024-10-24,2024-12-09,
16857,3910,1283,2024-08-07,2024-11-14,
16924,6416,783,2025-06-02,,
17125,5035,4530,2024-01-03,,
17189,3882,1839,2025-06-26,,
17365,7895,1684,2025-05-15,,2025-08-15
18101,5151,1222,2025-01-08,,
18153,1908,159,2025-01-12,,2025-05-04
18456,1135,3953,2024-10-01,2025-03-13,
18497,975,2821,2024-03-17,,
18717,2535,2647,2025-07-15,2025-10-13,
19021,5825,1059,2025-02-24,2025-04-10,
19262,1449,3484,2024-12-22,,
19382,379,3088,2025-04-27,,2025-09-19
19476,960,3555,2025-12-20,,
19537,1032,4098,2025-11-06,,
19579,1628,4809,2025-12-23,,
19825,9748,4068,2025-12-06,2025-12-15,
279,4889,1544,2025-09-23,,
875,2861,4205,2025-11-25,2025-12-22,
896,4758,3415,2024-11-03,2025-01-07,
914,9147,2832,2024-06-23,,
951,3900,3204,2025-07-21,2025-10-21,
1199,7192,2759,2025-09-12,2025-10-24,
1498,7834,3692,2025-12-12,,
1911,6543,3380,2025-06-12,2025-06-27,
2166,6292,854,2025-01-15,,
2268,9578,1779,2024-10-19,2025-02-04,
2389,4102,3396,2024-11-26,,
2835,6421,3392,2025-11-19,,2025-12-21
2970,6072,31,2024-05-31,,
3299,1248,1370,2025-12-11,,
3682,3570,4112,2025-04-08,,
3856,1168,1255,2024-11-14,2024-11-26,
3947,5406,3589,2025-12-16,,
4030,1341,443,2025-12-14,,
4109,900,4943,2024-12-09,,
4165,93,4058,2025-01-23,,
4502,287,1366,2024-12-23,2025-02-11,
4848,6113,1208,2025-05-09,,
4949,4893,2695,2025-01-31,,
5043,1752,1792,2025-03-23,,
5199,697,2492,2024-10-04,,2025-02-03
5233,5356,3960,2024-12-23,,
5336,3314,4012,2025-05-24,,
6141,4576,3475,2025-12-10,,
6175,8944,3263,2024-09-20,,
6234,567,3556,2024-09-21,,
6415,8883,4149,2025-11-15,,
6568,9349,702,2024-07-20,,2025-05-01
6684,1622,3508,2024-12-31,,2025-07-09
6910,1,1196,2024-12-02,,
7402,8571,3370,2024-02-16,,
7540,6832,771,2025-08-28,,2025-10-25
7574,4350,3995,2025-10-15,,
8116,7827,3339,2024-10-31,2024-11-12,
8359,8393,4580,2024-11-19,,
8469,163,2834,2024-01-04,,
8641,4657,4884,2024-08-30,,
9113,6909,4584,2024-01-07,2024-02-02,
9997,2537,3954,2025-10-29,2025-12-25,
10762,6247,1896,2025-02-02,,
11158,8398,2939,2024-01-19,,
11450,6869,2250,2025-04-16,,
11482,3030,594,2024-04-16,2024-10-01,
11527,2690,4671,2024-08-03,,
11830,2462,1926,2024-05-25,,
12334,4265,1220,2025-10-18,,
13169,4100,1880,2025-05-16,2025-07-08,
13391,7418,2636,2025-03-09,,2025-06-12
13439,8192,3904,2025-10-21,,
13506,7455,1219,2024-08-25,,2025-05-19
14033,1731,1804,2025-08-08,,
14135,5668,2264,2024-06-05,,
14362,1435,3284,2025-06-12,,
15169,9258,2697,2025-10-23,,
15424,4784,4382,2024-10-20,,
15468,8263,1805,2025-10-09,2025-12-22,
15840,9229,4817,2024-07-25,2025-01-10,
15941,9118,963,2025-09-29,,2025-10-19
16045,9672,501,2025-02-28,,
16171,6711,2939,2024-10-17,2025-01-06,
16254,4286,4153,2024-05-03,2024-05-11,
16378,2544,4201,2025-08-04,,
16492,4887,2772,2024-09-05,,
16546,4374,2643,2024-05-26,,
16726,8171,4146,2025-01-15,,
16966,3160,3414,2024-07-23,2024-10-19,
17169,6296,4751,2024-09-27,,2024-11-23
17251,3037,3910,2025-02-12,,
17424,9611,927,2024-10-26,,
17693,3199,2677,2025-07-28,,
17990,5994,3857,2025-08-15,,
18311,3419,3190,2025-05-21,2025-09-30,
18503,1997,2815,2024-12-28,,
18565,6362,1642,2025-11-12,2025-12-06,
18657,3193,407,2024-04-21,,
18937,1092,208,2024-05-30,,
18983,7540,4861,2025-09-10,,
19006,34,981,2025-06-09,2025-09-19,
19433,3945,2471,2024-12-08,,
19711,1614,460,2024-05-29,,
19737,7899,2416,2025-03-21,,2025-07-03
19965,1660,3248,2024-06-19,2024-11-17,
130,4968,1466,2025-06-20,,
380,9527,3123,2024-02-19,,
409,7990,4578,2024-03-27,,
425,1285,3249,2025-12-20,,
467,9274,762,2024-10-04,,
629,5380,901,2024-12-04,,
635,8385,3000,2025-08-13,,
1169,3038,379,2025-10-05,,
1319,1564,3294,2024-01-24,2024-06-06,
1393,601,1263,2024-07-27,2025-01-07,
2016,154,228,2025-04-27,2025-05-28,
2061,9079,4211,2025-05-03,,
2104,3230,2316,2025-02-28,2025-04-17,
2115,310,264,2024-11-06,,
2155,1212,1217,2025-07-18,2025-12-12,
2623,9878,1082,2025-10-02,,
2955,607,246,2025-04-23,,
3056,2673,2318,2025-02-05,,
3116,4762,2185,2024-07-30,,2025-07-08
3208,3460,3923,2025-09-05,2025-11-01,
3214,4482,3277,2025-01-20,,
3247,1774,1294,2025-09-14,2025-12-06,
3641,4975,3231,2024-09-13,2025-01-09,
3825,8162,1956,2025-12-14,2025-12-24,
3860,3354,3590,2025-04-01,,
4034,4174,198,2024-08-13,,
4076,878,2634,2025-04-21,2025-07-31,
4096,3315,2756,2025-07-30,,2025-11-10
4138,1180,2746,2025-05-12,,
4141,3756,4542,2024-12-31,,
4402,1023,3322,2024-07-30,,
4743,2783,583,2025-07-22,,
4976,8093,4467,2024-07-11,2024-09-17,
5742,4595,3254,2024-08-09,,2024-11-12
5763,9964,2359,2024-05-17,,
5791,365,3843,2025-06-20,2025-12-15,
5819,1990,3263,2025-10-07,2025-11-02,
5864,4658,4432,2025-11-19,2025-12-02,
5920,9524,2650,2025-11-29,,
5929,6285,4930,2024-01-25,,
5962,4904,1870,2025-08-19,,
6037,4925,2652,2024-09-03,2024-11-14,
6071,162,4036,2024-10-25,2025-04-03,
6080,446,4198,2025-12-06,,
6106,7235,1229,2024-07-25,,
6240,5830,851,2025-05-09,2025-10-13,
6308,8668,3170,2025-01-20,,2025-07-13
6450,790,1254,2024-09-20,,
6559,8090,2511,2025-09-06,,2025-10-15
6581,7411,1910,2025-05-20,2025-08-20,
6927,4113,1968,2025-07-07,,
6959,9100,3081,2024-04-07,,
7027,7604,1629,2025-03-26,2025-09-16,
7121,8168,3352,2024-04-07,,
7245,8300,758,2025-03-18,,
8053,3234,3598,2024-04-29,,
8112,660,4987,2025-01-06,,
8174,9644,3133,2025-08-27,,
8486,9590,2442,2024-11-04,,
8594,2738,3818,2025-03-21,2025-04-24,
9142,8311,513,2025-12-07,,2025-12-11
9385,7404,203,2025-01-11,,
9478,5379,1138,2025-11-14,,
9585,1653,4524,2024-03-08,,2024-07-21
9628,6227,3751,2025-09-21,,
9780,6423,1502,2024-03-31,,
9792,1854,4700,2025-07-20,,
9802,6387,212,2025-10-11,,
9827,9294,4284,2025-06-23,,
9842,5718,3268,2025-11-17,,
9967,7584,4594,2025-09-04,,2025-11-10
9971,2603,1984,2025-06-03,,
10374,3849,2554,2024-05-08,,
10395,1579,1684,2024-08-13,,
10594,6629,208,2025-10-21,,
10607,2253,1642,2025-05-19,2025-11-08,
10838,8562,2251,2025-02-19,,
11175,5403,925,2024-01-28,,2024-10-13
11446,6768,127,2024-02-17,,
11464,340,243,2023-12-26,,
11502,8209,4422,2023-12-27,2024-01-13,
11509,7160,3849,2025-07-05,,
11738,9682,1942,2025-08-16,,
12033,1645,2712,2025-04-24,,
12370,1628,2054,2025-12-21,2025-12-25,
12491,87,4733,2024-08-09,,
13336,8927,2889,2025-12-17,,
13593,8806,3008,2025-11-16,,
13596,9731,1605,2024-08-06,,
13620,3335,2353,2025-05-05,,
13793,1740,2031,2024-12-07,,
14019,4714,2622,2025-12-10,,
14209,4665,4500,2024-08-07,,
14370,1192,3996,2025-12-05,,
14445,7746,3085,2025-12-02,2025-12-21,
14636,8611,3466,2024-01-09,2024-03-24,
14658,2501,905,2024-10-08,2024-11-11,
14673,2367,490,2025-08-27,,
14814,1393,4425,2025-02-04,,2025-10-04
14948,3302,1362,2024-02-04,,
15053,603,2882,2024-05-21,,2024-08-28
15198,1006,4254,2024-04-15,,
15463,1635,3168,2025-10-27,,
15496,6170,1785,2025-09-09,,
15591,9361,3958,2025-04-18,,
16031,3813,850,2024-06-08,,
16296,4086,36,2024-06-04,,
16350,8745,2631,2025-07-09,,
16508,7919,176,2025-10-29,,
16516,4416,2851,2025-09-21,2025-12-07,
16542,7070,3703,2024-10-09,,
16584,7015,1883,2024-01-10,,
16738,213,50,2024-03-28,,2024-10-23
16811,5783,1164,2025-04-23,2025-10-18,
16906,227,1115,2024-05-13,,
17088,6204,232,2025-10-05,,2025-11-27
17197,5582,3637,2024-11-09,,
17199,2028,933,2024-07-04,,
17516,7782,4848,2024-01-26,,
17523,9440,4910,2025-09-08,,
18387,1211,1832,2025-06-05,,
18512,1739,3759,2025-12-17,2025-12-24,
18555,9155,1988,2025-09-13,,
18600,3166,4079,2025-09-27,,
18710,9309,1540,2024-01-01,,
18929,5704,1242,2024-02-13,,2024-03-19
19015,5621,4232,2025-06-07,,2025-08-30
19115,5733,1746,2025-08-05,,2025-10-18
19136,1343,1168,2025-05-04,,
19192,2943,2097,2023-12-30,2024-02-16,
19202,5385,1411,2024-11-30,2025-01-27,
19436,240,1901,2025-04-04,,
19528,4571,182,2024-09-03,,
19587,5022,2103,2025-07-05,2025-10-01,
19593,3591,2657,2024-08-05,2024-09-19,
19637,8487,1700,2025-08-11,,2025-09-16
19797,3784,1087,2025-01-21,,
19805,9508,1433,2024-09-26,,
430,4169,3245,2024-01-25,,
565,3030,4601,2025-11-13,,
684,503,1540,2024-09-09,,2025-04-27
846,1228,689,2025-07-17,,
1046,5751,1316,2025-04-22,,
1320,237,392,2024-08-07,2025-01-06,
1720,4286,933,2025-09-07,,2025-11-25
2021,7220,2182,2024-09-16,,
2895,7771,2416,2025-02-07,2025-03-24,
2968,8631,1331,2025-12-08,2025-12-16,
3128,5828,3990,2025-01-07,,
3151,9059,552,2024-05-30,,
3164,1746,1208,2025-10-14,,2025-11-03
3358,1493,3309,2025-04-13,,2025-12-10
3529,1255,3204,2025-08-31,,2025-12-14
3569,2775,1773,2024-06-03,2024-10-07,
3982,3847,634,2024-09-19,,
4156,1309,3852,2025-04-04,,2025-11-30
4283,2103,29,2025-06-26,2025-07-31,
4524,9934,998,2025-11-18,,
4918,6165,4021,2025-01-14,,
4957,6724,1787,2025-09-19,,2025-10-24
5241,5212,1293,2025-06-07,2025-07-13,
5627,5880,3916,2024-03-05,2024-07-01,
5640,596,2106,2024-02-03,,2024-02-29
5738,8860,2410,2024-07-01,,
5969,93,3521,2025-08-11,,2025-09-14
6203,9240,3830,2024-01-01,,
6241,8732,2883,2024-12-03,,
6279,5609,3637,2024-09-02,,
6441,1206,3981,2024-09-27,,
6640,4977,1473,2025-05-22,2025-09-15,
6827,7888,483,2025-05-24,,
6894,6637,3644,2024-06-29,,
7167,5142,1357,2025-05-21,2025-08-28,
7224,2574,837,2025-06-16,,
7570,8234,3556,2024-12-22,,2025-11-17
7665,2767,4526,2025-12-10,,
8164,9879,3354,2025-04-12,,
8204,5415,3874,2024-07-27,2025-01-09,
8397,5617,286,2024-02-04,2024-03-16,
9069,2088,1727,2025-04-21,,
9528,9904,2674,2025-02-10,,
10123,2883,4110,2025-07-03,,
10382,957,4876,2025-02-27,,
10427,951,1602,2025-08-29,,
10970,6572,4220,2024-08-21,2025-01-07,
11333,2958,4822,2024-09-25,,
11993,4051,4575,2024-11-12,2025-03-13,
11995,8055,436,2025-04-01,2025-08-04,
12229,4268,1105,2025-05-29,,
12601,2144,2636,2025-09-26,,
12617,2818,1243,2024-03-30,,2025-03-20
12733,7292,2249,2025-02-28,,
12841,6507,4283,2024-04-08,,2024-05-11
12943,8606,539,2024-02-12,,2025-01-20
12946,4330,3054,2024-05-05,,
13035,2728,2268,2024-04-29,,
13081,3282,4950,2024-03-26,2024-07-22,
13343,9052,2028,2024-11-15,2025-01-25,
13565,2135,4069,2025-10-07,,
13575,4879,3505,2025-01-13,,
14025,7507,2749,2024-07-24,2024-12-14,
14297,6515,581,2025-12-21,2025-12-25,
14338,7771,187,2024-09-03,,
14745,4562,3027,2025-12-10,,
14852,3492,24,2025-01-29,,
15022,8347,422,2025-10-22,,
15086,7591,668,2025-07-08,,
15579,353,4201,2025-07-21,,
15804,6172,1593,2025-03-02,,2025-07-20
15906,7712,1249,2025-02-19,,
16006,7051,1609,2025-05-29,,
16157,4515,1731,2025-11-16,2025-11-28,
16684,9193,4851,2024-11-23,2025-03-03,
16867,2547,1557,2024-09-06,,2025-04-05
16990,6072,3039,2025-06-15,,
17264,9590,1526,2024-06-15,,2025-02-16
17276,3555,2996,2025-04-13,,
17559,7075,329,2024-03-25,,
17747,8406,3532,2025-01-18,,
18090,6227,2597,2025-05-15,,
18230,3847,4563,2025-01-24,,
18383,7973,1531,2025-09-05,2025-12-05,
18396,1723,3805,2024-03-08,2024-03-26,
18639,2805,1021,2024-12-08,,
18779,8329,732,2025-06-10,,
19206,3254,770,2025-12-22,,
19230,6333,3725,2025-05-31,2025-11-02,
19546,2292,4543,2025-03-08,,
19565,4582,3904,2025-03-27,2025-06-24,
19696,8458,3986,2024-10-15,,2025-08-20
19723,5573,4175,2025-10-12,,
19771,1926,2411,2025-12-15,,
19916,4577,98,2025-01-16,,
19926,2431,1009,2025-03-01,,2025-10-03
214,8494,3622,2024-12-19,2025-06-13,
546,9242,3582,2025-07-12,,
698,8619,4013,2024-05-11,,
1038,1646,2243,2024-05-21,,2025-03-10
1321,8832,2590,2025-10-11,,2025-10-17
1382,3904,3664,2025-03-11,2025-03-30,
1652,9536,3673,2024-04-05,,
1813,6176,4384,2024-11-27,,
1917,1116,1225,2025-11-29,,2025-12-02
2774,3793,4688,2025-06-19,,
2836,6198,2564,2024-06-02,,
2857,967,2572,2025-09-05,,
3436,9660,1193,2024-12-28,,
3472,5418,14,2024-08-29,,
3621,1093,1929,2025-05-02,2025-07-22,
3813,9131,2152,2024-10-30,,
3897,626,3470,2024-12-30,,
3993,9870,4122,2024-05-01,,
4026,4241,1344,2025-03-22,2025-07-12,
4222,2860,4947,2025-05-03,,
4384,5717,2885,2025-10-24,2025-12-25,
4443,9972,3215,2025-11-23,,2025-11-26
4454,7878,1005,2024-04-19,,
4512,3575,1898,2025-08-13,,
4645,7609,1892,2025-10-11,,
4736,7337,4185,2025-10-10,,
4855,3636,3548,2025-10-27,,
4893,5865,3900,2024-04-08,,
5066,5371,2460,2024-01-13,,
5167,6792,4144,2024-07-12,,
5462,2164,1995,2025-12-03,,
5557,272,2209,2025-07-13,,2025-07-22
5745,731,2638,2024-12-14,,2025-04-23
5772,9947,1387,2025-06-07,,
5965,8314,1449,2025-12-09,,
6214,5309,4884,2025-08-05,,2025-12-14
6417,1100,3472,2024-07-13,,2025-01-30
6749,5237,3237,2024-08-06,,
6897,7682,1408,2024-05-07,,
6963,4150,1564,2025-10-16,,2025-12-11
7004,7012,480,2024-11-15,2025-02-20,
7300,1764,2264,2024-07-08,,
7441,9335,2869,2025-03-23,,
7785,4301,2626,2025-08-19,2025-11-14,
7820,2725,2518,2024-10-14,,
8109,9698,250,2024-01-18,2024-05-26,
8275,40,1606,2025-06-15,,
8315,7751,2872,2025-03-11,2025-07-10,
8458,8438,3194,2024-02-28,,2025-02-15
9017,9530,2560,2025-03-11,,
9053,6320,2293,2025-07-08,,
9055,4901,3873,2024-06-15,,
9101,7157,2382,2024-07-08,,
9308,8282,4341,2024-06-21,2024-08-15,
9433,6182,1958,2025-10-15,,
9674,7321,1084,2024-07-19,,
9784,6413,4312,2025-11-20,,
9828,3735,2814,2025-07-18,,
10557,5054,3953,2024-03-16,,
10712,6514,2310,2025-10-11,,
10924,5110,702,2025-03-16,,
11161,7129,3347,2025-09-29,,
11274,1794,53,2025-09-20,,
11471,9425,1169,2024-05-12,,
11615,4480,3194,2024-01-05,,
11808,1375,1063,2025-04-20,,
11970,4601,2953,2025-06-18,2025-11-03,
12157,8097,4596,2025-09-23,2025-12-01,
12195,3556,1358,2024-04-03,2024-05-09,
12784,6445,660,2024-12-17,,
12932,1968,2575,2025-12-02,,
13114,3333,3330,2024-01-02,,
13465,8859,3706,2025-03-09,,
13866,1687,3735,2024-08-20,,2025-05-31
13967,473,3126,2025-12-05,,
14014,1887,2801,2025-12-12,,
14227,2891,4413,2025-11-24,,2025-12-08
15124,1272,3803,2024-09-18,,2024-11-25
15143,3341,2061,2025-06-26,,2025-10-05
15383,4190,2432,2025-03-18,,
15567,5820,389,2025-12-18,,
15656,1065,2096,2025-10-01,2025-12-24,
15825,2343,3254,2024-10-31,,2025-07-03
15877,9314,722,2025-11-27,,
15893,9679,4679,2024-02-24,,
16017,7904,968,2025-10-15,,
16165,4425,3817,2024-11-27,,2025-04-18
16496,459,2171,2025-12-21,2025-12-25,
16560,8408,4189,2024-04-10,,
16772,7411,1115,2024-07-04,,
17000,4592,4080,2025-01-09,2025-03-21,
17090,3725,491,2024-08-27,2024-10-11,
17533,3854,2408,2024-11-08,2025-01-13,
17610,4032,4507,2024-10-29,2025-01-02,
17951,465,2828,2025-09-03,,
18381,5508,3396,2024-03-23,,
18533,2419,4862,2025-09-19,,
18740,3873,2998,2025-09-22,2025-12-04,
19029,7380,4999,2024-11-14,,2025-05-17
19146,2929,4216,2025-11-10,,
19219,7853,3422,2025-06-04,,2025-10-27
19416,6071,729,2024-12-15,,
19538,9803,2342,2025-09-14,2025-10-17,
19638,6339,2287,2024-10-16,,
19782,2721,4423,2024-04-27,,
143,2523,2873,2025-08-15,2025-11-14,
213,7904,2925,2024-03-01,,
257,7836,881,2024-12-24,,2025-05-28
901,5238,2343,2025-07-27,,
1139,8640,1286,2025-10-18,,
1474,2240,3245,2025-10-12,,
1948,2126,3268,2024-03-12,,
2000,7421,111,2025-02-01,,
2113,2219,4405,2025-03-04,,
2132,9107,514,2025-10-27,,
2160,5668,4766,2025-01-16,,2025-09-18
2257,9154,3940,2025-12-16,2025-12-23,
2310,2210,2058,2025-07-04,,
2716,7198,4793,2024-03-01,,2024-08-09
2943,4535,1548,2024-07-13,,2025-02-19
3184,8457,421,2024-07-26,,
3424,2411,4201,2025-09-07,,
3891,1662,2366,2024-09-12,,2025-03-13
4155,3210,633,2024-08-09,,
4302,938,766,2025-06-24,,
4323,2338,3163,2024-11-04,2025-02-26,
4364,5231,711,2025-05-23,,
4420,5227,4199,2025-09-13,2025-11-28,
4545,5152,4121,2024-10-11,2024-11-25,
4620,3994,3230,2025-01-15,,
4697,7301,234,2024-10-09,,2025-02-05
5057,3189,4955,2024-03-02,,
5154,4907,4115,2025-01-11,,
5316,1865,2336,2024-05-30,,
5335,1325,4230,2025-01-16,2025-01-24,
5364,7416,1475,2024-09-02,,
5407,5668,875,2025-09-13,2025-12-17,
5588,2354,3765,2025-09-08,,
5890,7885,1640,2025-03-14,,
6322,6511,315,2025-06-24,,2025-10-07
6358,1659,3221,2025-10-07,2025-11-14,
6971,8902,2318,2025-04-14,,
7518,5015,372,2024-12-13,,
7999,899,2437,2025-11-18,,
8067,8158,135,2025-09-30,2025-11-11,
8381,6848,2217,2025-12-06,2025-12-23,
8482,2675,941,2024-07-04,,
8784,2021,3027,2024-01-07,,
8902,1812,4670,2024-03-10,,2024-06-14
9338,3890,4333,2024-11-02,2025-03-01,
9600,5416,2384,2024-11-19,,
9668,1319,2474,2025-04-01,,
9709,3472,1057,2024-12-25,2025-03-12,
9973,622,914,2025-09-16,,
10852,7321,347,2025-05-14,2025-11-08,
11037,7159,3000,2025-08-19,,
11107,5282,3257,2024-10-20,2024-11-13,
11222,2160,2058,2025-07-15,,
11224,262,2119,2025-07-19,,
11365,1611,3109,2024-02-26,,
11387,9391,2810,2025-12-10,2025-12-20,
11559,1836,4859,2025-12-16,,
11654,6001,28,2025-12-19,,2025-12-23
11833,6374,2481,2025-02-28,,
12021,3703,3792,2024-01-13,,
12086,7770,2550,2024-08-29,,
12212,9239,3883,2025-02-11,2025-06-21,
12216,9649,1525,2025-03-31,,
12447,4481,1698,2024-05-11,2024-06-06,
12506,6820,1231,2025-04-03,,
13064,2161,4570,2024-10-17,,2025-05-15
13227,9031,2374,2025-05-24,,
13642,7997,3260,2024-02-11,,
13731,494,1255,2024-01-28,,
13830,9144,4100,2025-05-22,,
13945,8070,1052,2025-12-17,2025-12-25,
13954,1346,4202,2025-11-08,,
14226,49,286,2025-11-02,,
14230,8739,3237,2024-09-17,,
14799,2299,1976,2024-12-02,,
14989,7443,4384,2025-10-01,,
15698,6990,973,2024-03-05,,
15751,9444,87,2025-05-25,,2025-09-19
15841,5585,4843,2025-07-10,,
15925,9639,202,2025-08-14,2025-12-12,
16319,2678,1013,2024-10-21,,2025-02-19
16477,6750,4252,2024-06-29,2024-08-30,
16629,5133,2744,2025-07-03,,
16736,6622,3125,2025-05-26,2025-06-12,
17349,2082,686,2024-04-29,,2024-07-11
17557,8801,4990,2024-09-25,,
17784,9631,323,2025-10-19,,
17899,7947,3192,2025-09-24,2025-12-22,
17937,7127,4548,2024-07-11,,
18323,7923,473,2024-02-16,,
18566,4371,2983,2025-10-21,,
18777,471,3648,2024-02-02,,
18807,120,577,2025-11-04,,
18818,4628,2093,2024-10-10,,
19364,1203,3999,2025-10-09,,
19461,936,4280,2025-06-18,,
19487,2341,1044,2025-08-06,,2025-11-18
19548,5017,4050,2025-05-20,,
19651,6756,903,2024-06-06,,
19768,760,4337,2025-04-04,2025-06-23,
19795,3078,2360,2025-03-21,,
19872,2423,1731,2025-02-20,2025-06-12,
156,8286,4593,2024-09-11,,
186,8443,350,2025-05-23,,2025-06-27
287,7545,2882,2025-06-10,,2025-10-08
416,7776,1527,2025-09-21,,
536,9907,1735,2024-04-01,,2024-11-06
800,1098,2187,2025-11-13,,
931,2708,1834,2024-11-24,,
1095,7945,4062,2025-02-04,,2025-06-26
1294,6877,1793,2025-08-20,,2025-09-12
1306,7489,3112,2024-01-06,2024-06-04,
1490,8332,1857,2024-01-26,,
1687,3969,3108,2025-07-23,,
2076,530,2335,2025-08-25,,
2344,1137,3129,2024-10-24,,
2422,1559,1232,2024-01-18,2024-04-02,
2583,8869,1605,2025-05-19,,
2608,9310,355,2025-10-24,2025-12-12,
2918,2896,1591,2025-08-26,,2025-11-24
3127,9528,2928,2025-09-07,,
3285,5539,2394,2024-01-12,,
3430,1805,448,2024-08-23,,
3727,7336,436,2025-07-28,,
3784,6000,401,2024-01-23,,
4099,459,586,2025-11-16,2025-12-11,
4187,1432,1821,2024-11-05,,2025-11-03
4496,3752,2918,2025-08-14,,2025-10-10
4605,3826,1835,2025-11-12,,
4659,3215,2615,2025-07-08,,
4913,2945,4678,2025-05-06,,
5278,9114,57,2025-06-21,,
5340,8228,4562,2025-03-12,,2025-11-01
5344,7985,3080,2025-04-29,,
6056,5323,3036,2024-03-19,2024-06-24,
6628,1261,2182,2025-02-06,,
7301,9887,4304,2024-05-10,,
7422,1493,1854,2025-01-29,,2025-10-01
7846,7274,2211,2024-01-15,,
7879,5601,4393,2025-01-19,2025-03-05,
8152,5653,652,2024-07-24,,2025-03-07
8196,7970,575,2025-06-20,,2025-07-11
8212,514,1607,2024-02-08,2024-04-21,
8306,6315,822,2025-08-10,,
8648,7087,1826,2025-01-07,,
8996,9973,1070,2024-11-04,2025-03-02,
9242,7695,3665,2025-03-13,2025-05-02,
9434,5128,2528,2024-12-04,,2025-02-21
9522,7684,92,2025-02-20,,
9588,5595,1261,2024-03-17,2024-05-02,
9651,4150,583,2025-08-26,,
9770,9152,729,2025-06-03,,2025-08-05
9974,894,4681,2023-12-30,,
10108,2117,579,2024-02-17,,2024-10-10
10975,3337,4645,2025-11-23,,
11044,7220,3611,2024-05-24,,2024-12-27
11324,8515,3909,2025-09-28,,2025-12-11
11563,8847,1061,2024-07-26,2024-10-31,
12074,4768,3161,2025-06-22,2025-09-22,
12799,7147,3204,2025-07-29,,
12829,6207,1204,2024-04-24,,
12925,7214,4388,2024-04-04,,
13648,5055,3831,2025-07-17,,
14046,3278,1530,2025-05-17,2025-08-19,
14256,5189,2181,2025-02-28,,
15117,1532,2298,2024-07-30,,
15129,8459,3112,2024-10-21,,
15173,2597,410,2024-04-14,,
15280,8097,2521,2025-03-26,,
15645,410,4184,2025-11-04,,2025-11-20
15728,7301,4273,2024-04-29,2024-08-08,
15800,8734,2324,2024-08-30,,
16071,2973,3899,2025-10-10,,2025-12-07
16120,4826,4586,2025-04-02,2025-04-29,
16125,1317,2598,2025-07-30,,2025-12-18
17040,8903,2437,2025-03-18,,
17140,6884,1335,2024-03-17,,
17237,9573,4271,2025-10-02,2025-10-25,
17603,4661,4177,2024-05-05,,
17787,6875,1224,2024-01-30,,
18008,7334,3890,2025-02-15,,2025-07-12
18336,5032,2462,2024-09-27,,
18691,2850,850,2024-03-14,,2024-08-27
18753,66,3335,2025-07-08,,2025-09-30
18975,9196,432,2025-09-23,,
19243,5960,2524,2025-02-26,,2025-05-25
19249,5167,3645,2025-01-28,,
19395,8549,4678,2025-05-23,,
19502,9904,2074,2024-05-31,,
19751,225,4457,2025-04-04,,
19785,1618,4678,2024-04-13,,
19864,8751,3780,2024-03-28,2024-06-29,
127,1365,1417,2025-06-18,2025-12-03,
313,4615,4472,2024-12-30,,
417,6479,4458,2025-11-14,2025-11-23,
650,5832,1313,2024-12-22,,
768,5000,1464,2024-08-27,,
935,8686,1267,2025-11-23,2025-12-02,
960,1927,1509,2025-08-30,,
1269,4259,4730,2024-09-09,,2024-12-24
1301,1185,3914,2024-12-07,,
1344,4659,162,2025-10-28,,
1348,2293,2903,2025-08-16,,
1985,9339,3666,2025-04-23,,2025-12-06
2199,9239,4148,2025-02-13,2025-04-21,
2258,1810,2253,2025-03-03,,
2557,179,3933,2024-08-03,2024-09-12,
2571,2929,3871,2025-04-01,,
2622,9128,4062,2024-06-05,,
2767,8090,452,2025-02-12,,
3023,4671,637,2025-03-10,,
3721,5648,187,2025-11-25,2025-12-06,
3745,5037,1449,2025-10-30,,
4452,8785,2823,2025-12-07,,
4748,6407,2688,2024-12-05,,
5406,3060,1303,2024-06-27,,
5579,7818,4288,2024-11-23,2025-03-08,
5666,8500,2036,2025-02-01,,
5798,6181,4118,2025-11-28,,
6008,5750,1489,2025-07-01,2025-09-20,
6342,2658,2347,2025-04-16,2025-09-16,
6371,7430,2946,2024-09-20,2025-03-13,
6919,2438,518,2025-10-18,,
6970,8413,3895,2024-12-15,2025-01-11,
7269,221,3742,2024-12-18,,
7271,9762,4019,2024-06-29,,2025-01-18
7589,1271,1089,2025-04-18,,
7678,390,3748,2025-12-24,2025-12-25,
7949,7809,3362,2025-12-22,2025-12-25,
8554,7963,2528,2025-04-27,2025-05-19,
8703,2206,4408,2025-03-19,,2025-08-24
9047,8928,253,2024-01-14,,2024-08-07
9095,4290,1212,2025-08-05,,
9106,9686,2590,2024-04-02,,2024-07-20
9425,8261,3639,2024-05-18,,
9650,2924,2894,2025-03-24,,
9950,2941,2272,2023-12-28,,
9966,4905,4968,2025-10-14,,
10279,3215,3564,2025-05-30,,
10303,2241,1934,2024-10-19,,
10523,651,1140,2025-05-05,,
10616,5857,4756,2025-06-07,2025-09-01,
10644,7270,3348,2024-10-09,,
10709,6584,1877,2024-09-20,,
11574,2739,2065,2024-10-26,2024-11-30,
11642,6594,1943,2024-10-02,2025-03-14,
11852,4535,4790,2025-12-01,,
11875,2336,508,2024-08-06,,
11903,248,4988,2024-03-18,,2024-11-17
11945,2885,4013,2024-06-10,,2024-07-21
11975,4329,407,2025-09-02,2025-10-02,
12203,8864,4584,2024-05-26,,2025-05-20
12328,4219,3140,2024-10-10,,
12422,3733,4314,2024-03-03,,
12537,3423,108,2025-11-04,,
12628,3238,3694,2024-07-19,,
12908,1977,2776,2024-07-11,,
13071,4732,4348,2025-06-14,,2025-06-29
13129,989,2951,2024-06-26,,
13143,4231,3627,2025-08-01,,
13408,7808,188,2025-07-01,,
13450,1635,3803,2025-10-09,2025-12-10,
13480,5145,4501,2025-03-08,,
13550,139,4,2025-01-30,2025-02-08,
13953,4983,4761,2025-08-13,,2025-11-08
14024,7885,2378,2024-08-17,,
14140,7939,4895,2024-01-13,,2024-08-09
14205,2678,635,2025-11-03,2025-12-23,
14268,4545,2478,2025-08-23,,2025-09-02
14430,255,4323,2025-05-17,,2025-10-20
14502,7267,3893,2025-02-15,,
14529,270,3565,2024-12-29,,2025-09-16
14546,3766,2664,2025-10-31,,
14767,8355,2358,2023-12-27,2024-05-15,
15732,8394,1204,2025-02-09,,
15755,5965,1850,2024-03-02,,
16614,3456,2674,2025-07-29,,2025-12-20
16746,9814,1017,2025-08-22,,
17207,1628,1737,2025-12-14,2025-12-23,
17775,7365,3350,2024-11-06,,
17811,9406,3614,2025-09-01,2025-10-04,
17971,8595,2150,2024-05-30,,
18239,4371,3589,2025-09-14,,
18473,1291,1155,2025-11-20,2025-12-21,
18484,4066,3297,2024-08-12,,
18529,4786,2333,2024-04-13,,
19064,539,3348,2025-06-16,,
19442,7131,1223,2024-08-31,,
19808,359,3485,2025-06-04,,
72,8919,2476,2025-10-01,2025-11-19,
88,1052,1403,2025-10-24,,
106,8751,4787,2024-03-27,2024-09-03,
833,4698,2604,2024-07-11,2024-08-18,
856,4991,362,2025-06-30,,2025-08-14
1045,4906,346,2025-07-08,,
1070,4142,3236,2025-03-02,,
1176,2678,3002,2024-04-21,2024-07-09,
1224,8241,3219,2024-02-28,,
1456,6471,2588,2025-03-09,,
1630,9297,4523,2025-11-25,,2025-12-20
1646,8851,3620,2025-04-21,,
1693,693,2869,2024-05-06,,
1709,6343,3983,2025-12-09,2025-12-23,
1745,8728,2756,2024-10-09,,
1763,4292,80,2024-03-23,,
1885,8305,2688,2025-04-18,,
2194,5976,1725,2024-06-19,,
2388,1523,1999,2024-02-11,,
2424,3418,399,2025-02-22,,
2672,6887,4953,2024-01-05,,
2731,8740,2491,2024-12-23,,
2920,6240,3518,2024-05-26,,
3245,9234,2716,2024-04-13,,
3600,9452,3940,2025-10-26,2025-11-21,
3634,9411,1957,2025-07-23,,
3925,5438,2480,2024-08-09,,
4264,5728,2850,2025-12-13,2025-12-25,
4475,7454,1889,2024-12-10,,
4667,6483,2561,2025-01-27,2025-04-17,
4877,3527,4388,2025-09-29,2025-12-21,
5320,9302,1024,2025-05-08,,
5719,3124,2601,2025-12-24,,
5882,7965,1300,2025-02-15,,
6057,2561,58,2025-08-08,,
6542,9393,1220,2025-04-26,,
6663,1849,4475,2025-10-28,,2025-12-07
6738,5670,2286,2024-01-09,,
6860,3394,1610,2025-04-11,,
7013,2981,4536,2024-04-15,2024-06-06,
7435,2636,3154,2024-02-25,2024-03-04,
7939,4061,1598,2025-01-10,,
8043,9544,2419,2024-11-15,2024-12-26,
8114,646,3523,2025-04-11,,
8496,1460,2352,2024-03-07,2024-07-24,
8599,8787,3815,2025-11-25,,2025-12-23
8847,9246,1629,2025-09-02,,
9249,4361,3785,2025-02-28,,
10076,9321,2885,2024-11-06,,2025-01-16
10203,159,635,2025-03-16,,
10599,8170,3523,2024-07-27,,
10666,1396,1344,2025-07-07,,
10679,7894,245,2025-03-30,,2025-09-01
10833,9041,1434,2024-04-28,2024-07-18,
10995,3712,4608,2024-09-13,,
11111,3017,3677,2024-09-10,2024-10-01,
11314,6811,577,2025-05-26,,
11504,503,2601,2024-07-27,,
11621,4571,1892,2024-10-06,,
11883,2700,3167,2025-04-23,,
11984,6812,1281,2025-02-06,2025-04-12,
12391,8206,1031,2024-07-06,,
12549,5673,2239,2025-10-03,2025-11-07,
12553,6864,3838,2025-04-09,2025-04-21,
12578,3299,3690,2024-11-28,2025-03-22,
12659,8299,2954,2025-08-29,2025-09-18,
12719,2772,3865,2025-06-17,,
12846,5007,4489,2024-12-18,2025-05-11,
13235,2923,3262,2025-05-26,,
13354,7886,1552,2024-12-30,,
13520,8349,4191,2025-11-19,,
14435,3979,4502,2024-08-09,,
15247,6071,4971,2025-07-14,2025-12-21,
15265,8815,2347,2024-06-19,,
15407,3471,2969,2024-01-26,,
15524,6142,1232,2025-10-04,2025-11-03,
15578,4918,1535,2025-01-24,,
16275,760,176,2025-07-05,,
16379,8252,2724,2025-08-18,2025-11-09,
16390,7593,2229,2024-01-04,2024-01-25,
16481,3013,3815,2024-02-19,,
16688,4409,1203,2024-05-26,,
16832,7011,722,2025-03-26,,
16844,4180,1403,2025-09-09,2025-11-05,
17241,4814,278,2025-10-13,,
17807,912,3320,2024-11-22,,
17868,5807,4763,2025-03-17,,
18419,9906,1089,2025-01-02,,2025-10-29
18528,8337,1981,2024-08-02,,
18971,6430,2097,2025-12-10,2025-12-20,
19207,6413,3840,2025-07-12,2025-09-26,
19338,2909,3,2024-12-17,,
19509,173,2639,2023-12-31,,
19992,8532,821,2025-01-14,2025-03-29,
31,9092,3852,2025-07-10,2025-12-10,
155,5800,3642,2024-01-27,2024-03-29,
159,900,2732,2024-10-23,,
285,7544,129,2025-06-04,,
322,5039,3550,2025-07-23,,
365,7198,1609,2025-04-20,,
524,3647,951,2025-01-20,2025-07-07,
641,5943,2910,2025-02-01,,
1011,6647,3711,2025-11-22,,
1033,3415,1273,2024-10-25,,
1418,3873,3084,2024-09-21,2025-01-07,
1471,4044,3181,2024-07-10,,2025-01-30
2129,8076,456,2025-02-04,,
2735,4501,3885,2025-06-26,,
2864,2550,860,2024-06-15,,
3377,1399,1678,2024-07-11,,
3608,9617,4821,2024-01-24,2024-05-16,
4041,7186,589,2024-09-23,,
4362,6718,427,2025-12-21,,
4817,2259,4839,2024-01-05,,
4840,4228,240,2025-08-26,,
4919,1195,3458,2025-09-21,,2025-11-22
5480,6827,773,2025-08-18,,
5519,7251,3138,2025-07-16,,
5573,3069,950,2024-01-24,,2024-08-11
5735,9080,3440,2024-12-15,,
5786,2250,3263,2025-08-24,,
5837,313,450,2025-11-04,2025-12-25,
5956,9449,3447,2025-05-09,,2025-07-15
6135,9431,336,2025-08-17,,2025-12-03
6150,801,1937,2025-01-15,,2025-04-05
6573,6033,3538,2024-12-29,,
6891,4797,4549,2024-05-26,2024-10-05,
7055,8556,2677,2024-02-15,2024-05-03,
7086,2313,3513,2023-12-30,,
7502,8227,2919,2025-01-10,,
7710,1747,3615,2025-08-26,,
8041,748,4864,2024-04-07,,
8246,6869,4487,2024-04-29,,
8269,4490,1026,2024-05-16,,
8505,7803,220,2025-05-15,,
8603,9038,191,2025-10-17,,
8852,7863,755,2024-08-04,,
9082,4823,1433,2025-05-10,,
9134,3,1231,2024-10-01,,
9231,8764,3216,2024-03-05,,
9362,6309,1884,2023-12-30,,
9381,9679,1952,2024-04-01,,2024-12-30
9619,5959,4661,2025-06-17,,
9739,8720,2559,2025-06-16,,
10092,5446,3358,2024-08-04,,
10560,8208,333,2025-12-01,,
11131,6624,3978,2025-07-26,,
11950,5065,4249,2025-03-10,,
12009,175,2384,2024-03-25,,
12394,4533,3329,2025-02-14,,
12704,130,3292,2025-01-24,,
12933,7148,448,2024-10-28,,2025-02-24
13120,5293,2528,2025-11-16,,
13164,6251,3140,2025-09-15,2025-11-10,
13334,149,1934,2024-08-01,,
13405,2493,710,2025-05-26,2025-11-17,
13420,6820,4414,2025-09-19,,
13573,941,2922,2025-09-11,,
13811,9840,1111,2025-11-29,,
13936,6474,4042,2025-01-27,,
14047,2396,78,2024-01-19,2024-07-14,
14294,1067,1727,2025-10-22,,
14374,7908,4729,2025-05-23,,
14467,9104,2680,2025-08-09,,2025-11-07
14723,4882,4202,2025-07-21,,2025-10-16
14742,5381,918,2025-09-28,2025-12-01,
14763,5806,761,2025-04-23,,
15010,1882,4949,2025-10-13,2025-10-20,
15106,5352,2337,2025-11-24,,2025-12-11
15215,6560,3088,2024-05-28,2024-11-12,
15326,3982,240,2025-07-07,,2025-09-24
15701,5080,3491,2025-08-18,,2025-12-21
15759,2647,163,2025-02-05,,
15997,9826,2633,2025-10-09,,
16487,9816,952,2025-04-21,,
16523,4171,1590,2025-10-28,,
16570,1230,2586,2025-10-06,,
16636,3377,4233,2025-09-09,2025-10-13,
16687,52,2574,2025-10-29,,
16841,2686,2414,2024-08-17,,
16920,215,4769,2024-08-28,,
16933,9145,2440,2024-09-19,,2025-02-25
16954,8396,1658,2025-02-02,,2025-03-17
17145,6814,261,2024-05-23,2024-08-19,
17677,4066,909,2024-03-26,,
17684,8742,1762,2025-04-02,,
17692,1285,4936,2025-12-19,,
17944,450,345,2025-09-05,,
18471,4947,4036,2025-07-01,2025-12-24,
18817,277,881,2025-10-22,,2025-12-03
18906,5825,4234,2025-10-12,,
19008,2183,498,2024-09-24,,
19061,5122,1370,2025-06-03,,
19246,216,3526,2025-08-02,,2025-10-07
19596,6744,2489,2025-08-12,2025-11-16,
19681,8717,589,2024-03-09,,
592,8955,2169,2024-06-03,,2024-10-31
659,9137,3186,2024-02-19,2024-06-09,
679,4164,1390,2025-09-03,,
884,8091,2185,2024-06-17,,
973,4419,2934,2025-09-02,,2025-10-21
1113,5775,3470,2024-05-05,2024-05-12,
1216,7043,4336,2024-02-27,,
1480,195,867,2025-05-13,,
1876,516,3714,2024-10-12,,
2823,5014,2440,2024-07-03,2024-10-12,
3053,4688,1999,2024-04-24,,
3169,4268,911,2025-04-14,,
3197,5210,4244,2025-12-20,,
3426,2869,3334,2025-06-24,,
3468,8883,2857,2024-03-17,,
4049,3886,20,2024-03-12,,
4149,5578,1394,2025-07-03,,
4630,2384,928,2024-10-17,,
4782,1354,379,2025-06-30,,
4926,5483,2183,2025-05-11,2025-10-26,
5217,4905,370,2024-02-18,,
5468,9290,1000,2025-05-18,,
5593,32,1622,2024-11-05,,
5662,6544,1157,2024-12-06,2025-04-06,
5796,2334,2331,2025-10-15,,
6268,6981,846,2024-12-10,,2025-01-26
6443,4534,4581,2025-02-18,,
6464,8164,2599,2025-03-13,,
6526,2084,4586,2025-11-21,,2025-12-19
6913,5661,938,2025-06-25,,2025-10-29
7354,7543,790,2025-10-07,,2025-12-11
7423,8881,4184,2025-09-01,2025-10-12,
7597,2019,1545,2025-12-12,,
7605,8285,4105,2024-04-06,2024-09-16,
7654,6575,402,2025-06-29,2025-11-22,
7938,6305,3828,2025-05-18,,
8026,8578,4333,2024-01-10,,
8129,1854,4541,2024-03-05,,
8150,6848,2426,2025-11-26,,
8250,6212,2264,2025-09-20,2025-09-28,
8386,4581,3045,2025-09-13,,
8530,8850,708,2025-05-01,,2025-05-23
8568,4,2997,2025-11-04,2025-12-24,
8776,1192,3114,2024-07-16,,
8922,4384,654,2025-10-11,,2025-12-10
9013,3665,493,2024-05-11,,
9084,2023,3571,2024-11-30,,
9356,7407,2549,2025-03-03,,
9558,2200,710,2024-07-06,,
9892,7515,2194,2024-10-09,2024-10-18,
10294,9593,2473,2025-03-06,,
10570,5600,4271,2025-05-22,2025-08-16,
10997,2759,3746,2025-07-08,,
11132,1148,1296,2025-06-21,,
11262,6395,4359,2025-05-09,,
11330,2943,2624,2025-06-25,,
11452,9148,822,2024-05-24,,
11463,2694,4107,2025-10-16,,
11601,9929,2305,2025-07-01,,
12077,3244,4400,2025-10-25,,2025-12-08
12120,3176,4009,2025-01-30,,
12123,4486,4592,2025-05-26,,
12137,2923,3563,2024-07-13,,
12878,7253,4801,2025-12-13,2025-12-24,
13002,5578,1637,2025-03-03,,
13106,7117,1696,2025-03-22,,
13986,762,4524,2024-09-25,,
14134,1744,3257,2025-02-02,2025-05-28,
14341,7963,2551,2025-07-20,,2025-12-06
14345,2395,1784,2024-04-02,,
14436,8829,4108,2024-09-17,2024-10-03,
14911,8698,2116,2025-11-25,,
15222,3335,4201,2025-06-19,,2025-09-25
15597,5612,1436,2025-04-22,,
15700,6441,4490,2025-06-23,2025-10-24,
15882,5705,1655,2024-07-30,,
16249,9015,4320,2025-08-14,,
16266,527,2150,2025-10-07,2025-11-21,
16304,1308,2161,2024-12-11,,
16768,3611,3686,2025-11-14,2025-12-13,
17021,1342,2475,2025-05-06,2025-06-01,
17042,2849,4988,2025-10-26,2025-11-06,
17050,600,3257,2025-02-03,2025-06-30,
17055,2451,1461,2025-12-09,2025-12-25,
17656,3008,4682,2024-02-17,,2024-03-30
17661,5157,1723,2025-06-10,,2025-10-08
17665,2459,1511,2024-06-13,,
17964,8685,3108,2024-09-14,,
18048,29,4787,2025-06-17,,
18152,2323,79,2024-07-20,2024-09-06,
18380,6335,1172,2025-04-03,2025-09-23,
18643,3694,4897,2024-04-02,2024-08-13,
18899,1820,1605,2024-01-26,,
19366,6022,3270,2024-10-26,,
19754,9456,4633,2024-10-27,2025-03-09,
19918,8362,2082,2025-03-02,,
82,4127,3377,2025-09-06,2025-12-05,
387,9747,297,2025-04-19,,
491,6103,36,2025-09-06,,
534,4236,4558,2024-11-11,,
601,2914,2755,2024-05-12,2024-10-22,
1050,7318,4302,2025-03-11,,
1155,113,934,2025-03-17,2025-07-15,
1245,1882,101,2024-01-24,,
1379,845,1050,2024-11-12,,2025-10-04
1507,2862,3009,2025-01-01,,2025-06-19
1629,5676,328,2024-10-29,,
1846,7528,4869,2025-02-11,,2025-09-28
1947,8970,4153,2025-11-11,,
2097,2119,3353,2025-03-30,,2025-09-28
2283,5668,4731,2025-10-25,2025-12-10,
2444,575,4250,2024-06-01,,
2668,4715,4173,2025-03-22,,2025-09-21
3283,636,4387,2025-02-26,2025-03-31,
3439,6879,4728,2025-10-01,,
4154,529,2490,2024-09-21,,
4310,2412,2764,2025-05-01,,
4428,5829,3068,2025-12-24,2025-12-25,
4624,7037,4330,2025-05-15,,
4655,7423,1993,2024-11-12,2025-04-01,
4996,5624,4064,2025-11-08,,
5020,6522,4016,2025-11-04,,
5249,9611,3281,2025-09-17,2025-10-06,
5390,1933,4235,2025-10-22,2025-11-04,
5504,8949,4406,2025-09-13,,
6400,690,872,2024-05-29,,2025-03-13
6545,2064,725,2025-09-23,,
6624,7663,2617,2025-12-14,,
6762,1712,1861,2024-02-08,,
6808,7225,2802,2025-08-05,,
6839,3271,1926,2024-12-26,,
7555,5690,478,2025-05-26,2025-07-11,
7736,1932,776,2025-12-13,2025-12-21,
7835,8877,1827,2025-12-11,,
7997,2730,1257,2025-12-08,,
8501,9696,2004,2025-03-30,2025-06-25,
8795,3740,2341,2024-06-19,2024-09-27,
9012,6555,491,2025-02-15,,
9046,6079,4173,2024-04-22,,
9665,4384,1906,2024-09-01,,
9951,5983,1704,2025-10-11,,
10037,4660,3198,2025-03-31,2025-04-15,
10622,149,728,2024-01-05,,
10835,6322,4633,2024-08-03,2024-10-27,
11097,6870,929,2025-11-03,,
11178,1996,1592,2025-12-24,,
11499,9314,3443,2025-11-17,,
11577,8195,1623,2025-09-18,,
11974,250,4322,2025-12-13,,
12200,4356,1423,2025-05-22,2025-08-03,
12347,4288,1474,2024-09-17,,
12558,6396,4276,2024-09-28,2024-10-29,
12744,5695,962,2024-03-19,,2024-09-21
12756,538,2435,2025-10-13,,
12818,8945,2206,2025-08-27,2025-12-25,
12974,8123,1971,2024-02-29,,
13425,3672,3730,2025-03-21,,
13710,4759,1418,2025-05-25,,
13779,7607,762,2025-08-09,2025-08-30,
13943,6333,105,2025-03-28,,
14167,6691,23,2024-05-08,,
14750,5358,1678,2024-08-02,,
14774,6119,696,2025-05-07,2025-07-22,
15300,7635,3032,2024-07-14,,2024-08-13
15327,5012,4552,2024-09-21,,2024-10-08
15465,3504,3923,2024-07-17,2025-01-02,
15475,2292,249,2024-03-22,,
15622,8357,3720,2025-03-10,,2025-08-23
16144,7213,2571,2025-06-02,,2025-11-13
16242,7889,4185,2025-07-22,,
16598,9947,4255,2024-12-31,,
17185,318,872,2025-03-06,2025-05-21,
17229,5507,3018,2025-10-09,,
17335,486,1547,2025-08-31,,
17384,6687,2748,2025-08-01,,
17508,5508,1844,2025-10-09,2025-11-01,
17587,1908,1242,2025-01-21,,
17754,7330,841,2024-10-19,2025-02-17,
18017,1820,1683,2025-05-20,2025-09-22,
18325,9703,6,2025-04-11,,
18478,6501,1663,2024-08-13,,
18532,6077,4797,2024-06-27,,
18575,5137,1023,2025-05-24,,
18851,4681,2528,2025-04-12,,
19074,2388,1143,2025-10-29,,
19510,3218,3398,2025-03-03,,2025-10-10
19517,5160,1587,2025-05-11,,2025-07-15
19545,3400,1711,2025-07-15,,
19896,7375,1871,2025-04-23,,
19941,1121,4255,2025-11-29,2025-12-12,
35,3662,194,2025-06-12,,
283,1094,3943,2024-03-20,,
402,5593,3144,2024-07-26,,2025-03-15
405,4158,3634,2025-06-17,,2025-07-11
527,9150,2937,2024-02-10,,
695,557,4173,2025-11-19,2025-11-27,
713,5929,3314,2025-07-15,,
771,1094,4785,2024-06-11,,
1310,5714,3781,2024-04-09,2024-04-19,
1345,3974,24,2024-06-07,,
1905,4738,1205,2025-02-04,,
2688,3187,3425,2024-09-08,,
3260,8338,2658,2024-05-25,2024-09-10,
3396,1990,4124,2024-12-01,,
3497,4091,3559,2024-12-13,,
3509,9674,4847,2024-08-09,,
3579,2452,4771,2025-07-03,2025-07-29,
3818,4156,1114,2025-05-10,2025-07-30,
3964,766,3238,2024-03-14,2024-07-23,
4107,958,4872,2024-02-11,2024-04-04,
4175,3199,180,2025-10-06,2025-11-18,
4458,5200,3062,2024-01-12,,
5305,557,210,2024-03-16,,
5500,5921,1903,2024-01-05,,
5681,7402,1977,2025-08-06,,
6018,1159,3784,2024-05-12,2024-10-18,
6104,6044,3257,2025-01-15,,
6343,1920,3309,2025-02-17,,2025-09-21
6399,4670,1282,2025-06-17,,
6976,1428,2912,2024-04-18,,
7320,9002,1370,2024-11-01,,
7335,2308,1870,2024-01-01,,2024-05-25
8229,4886,452,2025-07-02,,2025-11-22
8415,6430,1917,2025-11-25,2025-12-16,
8491,4454,273,2024-09-28,,
8502,5220,2915,2024-02-06,2024-07-01,
8543,7027,1070,2024-03-25,2024-08-08,
8816,2371,1435,2025-06-16,,2025-10-24
9210,7654,2835,2025-01-30,2025-04-27,
9687,5916,1599,2024-09-20,,
9786,8852,161,2025-03-04,,
10393,673,4537,2025-02-02,,
11008,3470,1449,2025-03-11,,
11272,5215,4070,2025-03-02,,
11399,3676,3305,2025-05-29,2025-11-01,
11522,6887,2617,2025-05-16,,2025-09-03
11557,155,307,2024-09-19,,
11732,2216,3947,2025-10-08,,2025-12-11
12003,5170,4069,2024-10-20,,2025-09-22
12091,5681,4681,2024-09-29,,
12241,8625,1320,2025-03-17,2025-08-03,
12299,2401,3951,2025-10-30,,
12372,4069,3430,2024-12-08,,
12390,58,4160,2025-04-20,,
12618,4137,1732,2025-08-18,2025-12-08,
12792,5903,234,2025-08-03,,2025-09-19
13429,1405,156,2025-02-15,,
13454,5031,1568,2025-11-10,,
13635,1409,2536,2025-01-28,,
13653,5631,3649,2025-09-15,,
13750,4757,1703,2025-11-15,,
13796,8869,838,2025-04-18,,
13799,7858,3598,2025-07-11,,
14460,6976,4103,2025-06-20,,
14873,658,4772,2024-08-28,,
15452,195,3749,2025-11-23,,2025-12-01
15554,4965,957,2025-05-12,,
15912,5562,1449,2024-12-08,,2025-01-24
16557,4073,2572,2024-12-14,,2025-04-27
17019,7245,2402,2025-10-12,2025-10-26,
17195,7337,3362,2024-09-17,,
17273,6077,4083,2024-10-25,,
17606,63,3548,2025-07-01,2025-08-12,
17678,9293,646,2025-08-04,,2025-12-14
18020,8163,888,2025-02-12,,
18391,1274,4713,2024-10-17,,2025-04-12
18508,4682,649,2024-06-22,,
18658,8640,1066,2024-11-05,,
18834,135,3724,2025-09-17,,2025-12-22
19005,3716,2772,2025-08-12,,
19084,390,2974,2025-12-24,,2025-12-25
19236,4440,1784,2025-04-16,,
19357,1535,3441,2025-08-10,,
19922,9225,2603,2024-12-22,,
68,7980,4274,2024-01-07,,
432,2189,4006,2025-07-07,,2025-11-26
554,2809,2145,2024-09-22,,
555,781,2047,2024-04-14,,2024-09-03
1144,8780,1989,2025-10-24,,
1197,3369,3590,2025-05-05,2025-10-22,
1312,3643,4620,2024-04-14,,
1338,5208,2275,2024-10-10,,
1504,4465,3110,2024-09-26,,2025-07-29
1529,9059,1374,2025-10-27,,
1861,5880,4695,2025-03-04,,
2005,9125,2554,2024-04-06,,
2416,7762,2042,2025-12-08,,
2666,1408,4805,2025-12-03,,
2883,854,3604,2025-05-17,,
3466,1797,1337,2025-11-19,2025-12-19,
3702,9716,1744,2024-06-19,,2024-11-04
3736,2322,767,2025-11-01,,
4012,7926,2973,2025-09-21,,
4651,9730,3661,2024-09-05,,
4749,5864,1387,2024-11-24,2024-12-17,
4981,1015,4061,2024-06-23,,
5058,8799,300,2025-06-30,2025-09-17,
5204,2480,1351,2025-01-21,,
5881,6156,4117,2025-12-01,,2025-12-22
5991,8904,385,2024-01-04,2024-06-04,
6131,7967,2827,2025-12-16,2025-12-24,
6183,5379,4899,2025-09-06,,2025-11-22
6730,8621,3807,2024-07-31,,
6945,6228,3000,2025-03-18,2025-08-19,
7233,2634,3043,2025-05-10,,2025-12-01
7500,1694,4691,2024-01-07,,
7566,9806,2868,2025-02-15,,
7731,4162,254,2025-08-13,2025-11-16,
7891,9179,1776,2025-08-17,,2025-09-14
8058,9247,4792,2024-11-11,,
8089,7861,1873,2025-12-04,,
8123,2332,1017,2025-03-26,,
8180,9119,4118,2025-03-21,,2025-04-02
8356,200,1579,2025-05-09,2025-09-26,
8436,5937,3895,2025-08-30,,
8456,7042,2158,2024-09-14,,
8515,1672,3528,2024-10-10,,
8805,1448,1274,2025-03-11,2025-04-16,
8961,90,3067,2024-10-26,,
9108,3723,4750,2025-10-30,2025-12-19,
9733,4122,1961,2024-09-22,2024-11-22,
9960,3791,444,2025-10-03,,2025-10-10
10463,8745,2525,2024-11-10,,2025-09-11
10501,2441,3611,2025-06-15,,
10829,3169,2357,2025-01-16,,
11181,8852,1794,2024-05-31,,2025-01-22
11259,1663,2883,2025-11-12,,
11474,5116,875,2024-08-08,,
11511,3930,32,2025-12-17,,
11664,1836,28,2025-01-12,,
11767,6641,160,2024-11-03,,
12103,13,1729,2025-02-07,,
12183,684,3666,2024-10-10,,
12199,9015,3099,2025-02-05,,
12295,705,1463,2024-01-07,,2024-09-19
12952,5971,2400,2025-10-06,,
13033,2116,1346,2024-09-13,,2025-09-07
13246,916,1892,2025-08-04,,2025-12-15
13260,7828,544,2024-04-23,,
13277,4427,2422,2025-03-20,,
13306,7925,1495,2025-07-21,,
13363,3299,4609,2023-12-29,,
13449,2895,1062,2024-12-28,,
13484,6508,765,2024-02-12,2024-04-21,
13579,3747,362,2024-02-08,,
13588,8988,3031,2024-02-18,,2024-11-16
13691,7702,375,2024-06-12,,
13739,8889,434,2024-12-10,,
13829,1649,82,2024-11-01,,2025-08-10
14006,3092,1480,2025-02-17,2025-06-02,
14276,6610,4347,2025-03-12,,
14307,4224,2638,2025-10-12,,2025-11-11
14336,8773,4796,2025-08-03,,
14414,7888,1194,2025-08-05,,
14516,789,3494,2024-10-09,,
14660,7630,1575,2025-07-17,,2025-11-25
14744,656,1066,2025-07-16,,
15026,6367,684,2025-06-12,2025-09-21,
15288,176,318,2024-12-06,,
15441,4194,3515,2025-07-14,,
15454,610,1625,2025-05-27,2025-10-26,
15488,6333,27,2024-11-10,,
15774,6418,1757,2025-11-08,,
15842,286,3449,2025-01-14,,
16439,4826,3348,2024-03-17,,
17314,8887,2765,2024-01-23,,
17426,9512,3721,2025-06-20,,
17594,5704,2313,2024-02-14,2024-07-20,
17660,1301,2389,2024-08-26,,2025-01-09
17869,5023,3805,2024-01-13,,
18067,6030,538,2024-11-17,2025-01-03,
18177,2483,2279,2025-04-18,2025-07-01,
18674,1274,2098,2025-04-08,,
19097,7724,975,2025-11-10,,
19232,1795,4735,2025-07-14,,
19310,7382,3540,2025-02-19,,
19470,8560,1359,2025-04-26,,
89,5200,4951,2025-11-08,2025-12-20,
583,709,315,2025-03-16,,2025-12-07
1041,497,637,2025-05-05,2025-08-10,
1288,9765,947,2025-09-09,,
1342,680,3683,2024-08-02,,
1429,9220,3308,2025-11-11,2025-11-29,
1451,4194,3946,2025-01-06,,
1680,179,2164,2025-09-14,2025-11-19,
1825,801,1933,2024-10-20,,2025-05-03
1933,6813,1771,2024-08-31,,2024-09-14
2109,8628,2921,2025-12-21,2025-12-25,
2157,1544,814,2024-09-15,,
2181,5445,1609,2025-07-01,,
2279,2735,2655,2025-11-15,,
2535,7606,1886,2025-05-05,,
2699,8926,2220,2024-07-29,,
2820,2759,3061,2025-10-17,,
3076,5301,2831,2024-05-30,,
3210,3170,1100,2024-06-18,2024-08-18,
3385,8277,335,2025-07-26,,
3407,2078,4784,2024-12-09,,
3445,1553,1620,2023-12-27,,2023-12-31
3868,119,4406,2024-07-25,,
4057,1431,363,2025-12-21,2025-12-25,
4157,9086,4293,2024-05-06,,
4195,1706,2642,2025-06-13,2025-10-14,
4413,1796,648,2025-11-08,,
4580,2404,1003,2024-02-05,2024-03-01,
4711,5895,3720,2025-04-08,,
4780,1860,4071,2024-08-29,,2025-07-03
5170,6222,3318,2024-10-03,2025-01-20,
5190,7202,3259,2025-06-04,,
5275,8128,375,2024-08-10,,2025-06-12
5400,6374,1394,2024-09-15,,2024-12-11
5713,8046,3035,2024-03-06,,
6250,6657,1359,2024-04-19,,
6405,1451,468,2025-04-07,2025-04-21,
6601,6891,2409,2025-03-18,,
6647,9584,2964,2024-11-24,2025-01-09,
6653,460,3110,2025-10-18,2025-12-21,
6698,663,402,2025-03-29,,
6773,5698,3450,2025-07-27,,
6845,2845,1080,2025-06-06,2025-06-23,
6875,5144,2201,2024-07-07,,
7012,6264,1473,2024-12-07,,
7237,2309,4477,2024-12-16,,
7439,2291,2709,2025-05-18,,2025-09-21
7834,1250,3869,2025-01-12,2025-01-22,
7887,993,2365,2025-03-06,,
8263,8379,246,2024-07-29,2024-09-25,
8744,2446,3098,2025-07-04,,
8891,9460,4192,2025-08-05,2025-09-22,
9729,3828,4070,2025-01-30,2025-07-22,
9929,7567,3230,2025-09-29,,
10190,6341,4262,2025-06-24,2025-10-22,
10779,5262,4687,2024-09-02,,
10889,1734,592,2024-10-06,,
11067,1194,1631,2025-01-27,2025-02-20,
11441,1065,4029,2025-02-04,2025-05-01,
11521,5673,216,2025-04-04,,
11579,4713,3673,2024-10-06,,
11960,6009,4554,2025-03-06,,
12004,123,2417,2024-03-14,2024-07-12,
12075,9668,1949,2025-06-23,,
12134,2055,3875,2025-01-03,,
12451,5931,2117,2025-07-15,,
12588,1570,1732,2025-10-15,,2025-12-02
12806,9679,1850,2025-07-05,,
12870,1796,3466,2024-04-25,,
12923,6926,1997,2025-02-19,,
13029,9501,2269,2024-01-27,,2024-04-19
13107,5725,4161,2024-02-19,,2024-08-27
13262,5816,3400,2024-05-02,,
13337,648,3163,2025-08-11,2025-11-18,
13415,111,2876,2025-05-21,2025-06-23,
13516,8413,4397,2025-05-18,,
13704,3532,2490,2025-02-16,,
13762,9821,4938,2024-02-27,,
13868,589,231,2025-12-24,2025-12-25,
14049,5405,1111,2025-09-30,,2025-10-09
14067,4966,3650,2025-09-03,,2025-09-13
14071,6359,2488,2025-03-16,,
14410,9533,27,2023-12-30,,
14427,9806,2931,2025-01-02,,
14497,2671,3586,2025-03-16,2025-04-18,
14531,3038,2742,2025-01-05,,
14591,6622,672,2025-10-21,2025-12-21,
14841,6103,2466,2025-02-17,,
14913,73,1675,2025-10-30,,
15005,5987,1285,2024-10-24,,
15023,4133,3264,2025-04-30,,2025-08-10
15057,8524,4909,2024-10-17,,
15059,5317,2527,2024-04-25,,
15190,1559,3620,2025-04-29,,2025-06-02
15634,2716,2974,2024-01-02,,
15669,4981,164,2025-11-18,,
15784,4965,1143,2024-02-14,,2024-07-21
15953,8444,3032,2025-08-05,2025-09-09,
15959,4442,4975,2025-08-14,,
16457,1709,2218,2024-12-03,,2025-09-28
17039,4592,1768,2025-04-12,,
17186,7888,647,2025-01-14,,
17194,7994,4581,2025-08-13,,
17256,561,218,2025-04-12,,2025-11-26
17386,5848,3065,2024-08-01,,
17766,9684,492,2024-06-29,,
17981,1563,2212,2024-12-30,,
18202,5661,4350,2024-03-09,,
18247,4413,4844,2025-02-03,2025-02-28,
18272,1965,4983,2024-12-06,,
18312,6074,2714,2025-11-14,2025-12-17,
18965,9315,4788,2024-05-12,,
19047,2167,2452,2024-01-19,,
19325,398,3018,2024-12-09,2025-06-03,
19372,2017,1091,2025-08-05,,
19695,1986,2815,2025-10-28,2025-12-21,
19774,2779,4204,2025-03-30,,
20000,5646,4697,2025-12-10,,
604,4680,856,2025-08-28,,
730,6958,45,2024-07-06,2024-10-11,
842,6301,3492,2024-11-21,,
862,2113,4887,2025-10-24,,
1007,5669,771,2024-05-22,,
1248,2778,3867,2024-10-20,2024-12-23,
1262,9073,412,2025-08-24,,
1600,8919,2489,2024-11-18,,
2028,6824,4765,2024-10-12,,
2040,7153,376,2024-11-07,2024-12-02,
2064,2933,494,2025-11-24,2025-12-25,
2184,9784,816,2025-02-27,,
2773,3171,979,2025-02-08,2025-03-31,
2786,4054,404,2024-08-06,,
3235,9433,2682,2025-08-15,2025-08-25,
3319,9179,3942,2023-12-30,,
3328,9541,1610,2025-07-18,,2025-11-30
3852,921,4906,2024-03-23,,
3863,7896,1090,2025-09-27,,
3943,7026,1685,2025-01-09,,2025-05-16
4291,9771,1163,2025-03-03,,2025-07-06
4365,4200,3852,2024-07-06,,
4827,7540,2828,2025-10-09,,
5117,8646,1394,2025-06-15,2025-11-14,
5158,2294,1797,2024-02-26,,
5658,5390,4971,2025-08-22,,
5895,3607,567,2024-12-26,2025-01-12,
5967,6249,4071,2025-03-15,,
6170,4653,3525,2025-07-05,2025-09-08,
6260,7112,2834,2025-11-07,,
6283,4123,2439,2025-09-30,,
6506,7218,596,2024-08-25,,
6685,3321,4365,2025-03-17,,
6979,394,3871,2025-04-26,,
7028,5646,2368,2025-12-08,,
7364,1056,2720,2025-05-14,,
7806,4230,3638,2024-06-21,,2024-08-15
8521,1196,37,2024-08-29,2024-09-27,
8555,3873,80,2024-04-23,,
8725,6607,2310,2025-12-23,,
8749,6630,2723,2025-03-01,,
8983,5338,4810,2024-06-26,,
9088,4344,998,2024-12-20,,
9150,7676,2251,2024-06-17,2024-07-11,
9222,5161,1832,2024-08-15,,
9389,9797,4462,2024-03-10,2024-08-27,
9449,5603,837,2024-11-26,2025-04-08,
9502,8124,3793,2024-06-03,,
9547,5748,2737,2024-12-10,,
9579,6239,4987,2025-01-24,,
10039,8026,1031,2024-07-23,2024-08-14,
10162,490,1791,2025-11-09,2025-12-21,
10488,1252,897,2025-01-21,,
10558,6867,2684,2024-08-21,,
11196,6754,269,2024-02-20,,
11570,9495,3474,2025-03-03,,
11692,4542,4666,2025-12-24,,
11978,2489,3276,2025-12-06,,
12512,9246,1150,2025-07-06,,2025-09-21
12646,857,970,2025-06-08,,
13184,6065,3390,2025-02-19,2025-03-20,
13508,4835,3148,2024-04-25,,
13529,5834,1394,2025-11-04,2025-12-02,
13562,4789,2481,2024-01-13,,
13770,8395,2553,2025-08-20,,
13998,1466,4293,2025-12-02,,2025-12-21
14017,6783,917,2025-10-20,,
14059,961,1656,2024-05-27,,2025-03-12
14176,896,3137,2024-02-13,,
14253,2398,2549,2024-09-09,,2024-10-09
14863,9181,2041,2025-04-28,,
15043,3726,1053,2024-11-16,2025-01-16,
15646,175,3547,2024-06-06,,
15648,3587,3684,2025-12-01,,2025-12-25
16075,325,3662,2025-05-05,2025-09-23,
16505,9861,4883,2025-08-03,2025-09-04,
16763,2202,2621,2024-02-22,,
16891,4865,1005,2024-05-02,,2025-03-04
17056,1690,1039,2024-06-06,2024-11-09,
17435,6476,1624,2024-05-06,,
17546,5865,3195,2024-07-04,,
17643,3727,4431,2025-05-20,,
17670,5384,3670,2024-12-30,,
17689,394,688,2025-01-14,,
17765,5213,696,2025-09-11,,
18170,1001,492,2025-08-01,,
18219,5964,2237,2025-10-28,2025-12-07,
18324,2531,124,2025-10-25,,
19011,6360,3744,2025-11-11,2025-12-11,
19164,9286,2864,2025-06-23,,
19329,1694,5,2025-03-18,,
19377,5031,2832,2025-06-22,,
19424,237,1927,2025-09-11,,
19643,223,1690,2024-07-19,,
19750,3806,1647,2024-12-08,,
19838,8867,3155,2024-07-25,,
307,8276,156,2024-01-22,2024-07-06,
879,9411,2348,2025-11-05,,
1172,4382,1046,2024-03-29,,
1399,8333,1412,2025-11-16,,
1723,3291,4651,2025-06-05,,2025-06-25
1869,6085,2138,2025-06-23,,
2361,8095,3281,2024-07-22,,2025-02-15
2655,7639,870,2025-07-22,,2025-10-04
2698,7574,3858,2024-10-05,2024-12-12,
3083,5595,1637,2024-08-11,,
3255,9748,1684,2025-11-29,2025-12-15,
3352,8620,2432,2025-07-19,,
3592,3441,947,2025-07-04,,
3622,7024,584,2025-05-06,,2025-12-15
3866,2145,534,2025-11-02,,
3870,9453,542,2024-03-22,,2025-02-27
4064,9178,4068,2025-05-30,,
4090,7129,2483,2025-05-10,2025-05-25,
4128,7767,1133,2025-04-04,,
4422,8412,4541,2025-07-03,2025-10-29,
4527,5568,1172,2024-05-31,2024-08-14,
4842,2503,858,2024-06-27,,
4941,8245,2279,2025-07-06,,
5090,1507,1855,2025-01-22,,
5245,7747,4173,2025-12-01,,
5366,6351,1938,2024-08-01,,
5696,9804,3905,2025-04-13,,
5733,5071,3208,2025-09-04,2025-11-30,
5960,2909,2212,2024-01-06,2024-02-07,
6100,5695,1835,2024-09-28,,
6281,66,2653,2025-12-12,,
6375,7083,2085,2025-12-15,,
6474,3467,3078,2025-09-05,2025-09-21,
6609,9209,4847,2024-11-08,,
7472,4398,1058,2024-10-20,,
7996,3489,1258,2025-04-14,,2025-07-30
8054,5581,2809,2025-01-07,,
8474,317,4791,2024-06-26,2024-11-07,
8604,8506,1767,2025-03-02,,
9007,9680,170,2025-11-02,2025-11-24,
9403,8186,4985,2025-08-29,,
9471,6324,192,2025-08-01,,
9812,2445,155,2025-11-06,,
9862,6477,4896,2025-12-12,,
10143,276,1503,2024-01-18,2024-02-07,
10161,1750,1010,2024-11-13,,2025-04-08
10166,2568,735,2024-06-14,2024-07-17,
10325,6171,610,2025-10-04,,
10872,7729,3175,2024-07-19,,
10875,5621,4334,2024-08-05,,
11085,6876,1525,2024-04-10,2024-06-12,
11345,1779,959,2024-02-12,2024-03-19,
11624,8589,2668,2025-11-14,,
11758,291,1782,2025-11-04,,
11795,9459,3347,2025-09-28,,
11800,1032,2844,2024-01-21,,
11865,7267,4848,2024-09-22,,
11921,7658,2834,2025-06-07,,2025-09-28
11968,6286,3094,2025-06-18,,
12132,8394,282,2025-01-14,,
12411,8961,3853,2024-03-15,,
12529,3331,2643,2025-05-15,,
12626,1586,1965,2024-02-23,2024-04-24,
12801,5294,1145,2025-07-08,,
12927,3222,1390,2025-12-03,,
13055,1030,4116,2024-08-28,,
13324,1376,2578,2025-02-06,,
13624,4882,3460,2025-02-06,,
14168,4176,4778,2024-01-06,,2024-02-05
14517,7065,1145,2025-03-21,,
14652,9358,2520,2025-10-26,,
15088,1584,1700,2024-08-18,,
15277,682,4697,2024-05-30,,
15287,4377,3733,2025-08-18,,2025-09-27
15296,731,2768,2025-01-15,2025-03-28,
15316,4736,4126,2024-10-22,,
15457,1413,39,2025-11-05,,
15619,6396,2705,2024-05-18,,2024-09-18
15779,7675,3256,2025-07-02,,
15817,7334,330,2024-12-12,,
15824,8024,3976,2024-01-08,,2024-04-04
16977,7600,1696,2025-11-24,,
17245,2505,4090,2025-09-06,,
17351,3403,4422,2025-10-26,,
17410,8635,1354,2025-10-28,2025-12-21,
17427,241,3789,2025-09-06,,
17687,2450,4146,2025-05-01,,2025-08-26
17802,330,820,2025-03-01,,2025-11-02
17817,4176,532,2025-04-20,,
17860,5772,923,2024-10-22,,
17962,2826,3824,2024-08-10,,
18214,5867,1233,2024-09-05,,
18293,380,1043,2024-11-29,2025-05-05,
18316,3697,11,2025-10-31,,
18507,6958,2522,2025-11-17,,
18701,8591,2079,2025-02-16,,
18746,4313,3725,2024-10-31,,
18843,4065,31,2025-06-20,,2025-07-25
18976,7642,2513,2025-05-29,2025-10-16,
19101,7472,3169,2025-09-12,2025-11-07,
19183,9596,1821,2025-06-08,2025-09-09,
19669,1301,3686,2024-10-24,2025-04-06,
19928,5630,1969,2025-08-19,,
233,1859,2836,2024-06-25,,
561,6837,243,2024-12-24,2025-06-12,
680,9258,376,2025-10-10,2025-10-31,
688,1175,2435,2024-04-30,,2025-02-17
816,5628,2935,2024-07-17,,2024-09-13
954,3264,2410,2025-08-12,,
987,8162,2910,2024-04-12,,
1621,3918,318,2024-01-11,2024-06-26,
1660,3508,3947,2024-02-03,,
1809,9639,1280,2025-12-20,,
1901,3834,4824,2025-12-08,2025-12-21,
2288,8300,1435,2025-11-16,,
2600,5531,1656,2025-11-08,,
2638,9353,4317,2024-09-22,,
2765,2697,4043,2025-04-02,,
2908,7977,2452,2023-12-29,,2024-05-24
3096,4809,1570,2024-08-24,2024-09-04,
3156,7733,3949,2025-02-12,,
3410,4253,1667,2024-11-22,,2025-11-15
3482,4449,2267,2025-04-04,2025-05-26,
3587,569,4698,2025-06-01,,
4072,8042,3395,2025-07-11,,
4201,7109,2121,2024-05-22,,2025-03-11
4274,493,3703,2024-02-19,,
4441,6298,2335,2024-08-07,,
4457,5967,3936,2024-03-24,,
4539,3419,2431,2025-08-22,,
4757,923,4553,2025-10-27,,
5051,2471,462,2024-09-29,,
5207,4045,912,2025-09-22,2025-11-13,
5371,1230,3451,2024-11-10,2024-12-17,
5465,2544,3389,2025-08-31,,
5529,4650,2022,2024-05-31,,
5720,4387,2968,2024-12-28,,
6076,5437,3336,2025-05-04,2025-08-03,
6118,3277,4357,2025-06-20,2025-11-25,
6291,898,3367,2024-08-20,,
6510,9862,391,2025-01-21,,
6854,1733,2181,2025-12-18,,2025-12-22
6968,2126,4201,2025-04-12,2025-06-24,
7034,6648,3598,2025-01-09,,
7112,5748,4970,2025-04-22,,
7535,4188,3827,2024-04-22,,
7690,8311,789,2025-09-19,,
7762,1869,2367,2024-03-19,,
7903,4462,601,2024-11-30,,
7942,9054,3902,2025-04-28,,
8036,117,2495,2025-11-23,,
8387,9527,2977,2025-01-24,,
8617,6940,1791,2024-09-01,,
8634,6465,778,2025-06-15,,
8656,1891,2889,2025-08-22,,
9026,4427,1420,2024-11-12,,
9923,1056,2594,2024-01-14,,
10175,1609,991,2024-10-13,,
10235,8144,4242,2024-11-27,,
11119,6626,193,2025-07-20,,
11235,2431,2985,2024-03-08,,2024-09-04
11285,6312,258,2024-11-02,,2025-06-14
11438,7294,1640,2025-12-20,,
11671,8052,3827,2024-07-23,,
12362,3009,332,2025-05-21,,
13273,2831,4943,2024-07-09,,
13375,4049,2114,2024-10-23,,
13384,685,227,2025-08-22,,
13431,5047,4821,2024-02-23,,2024-04-21
13625,6042,2085,2024-09-27,,
13855,8225,4455,2023-12-29,2024-04-02,
13863,9145,4805,2025-05-24,,
13963,8013,4526,2025-02-04,2025-04-12,
14090,4269,2382,2024-11-26,,
14216,5428,2447,2024-10-11,2025-02-17,
14322,2674,4104,2024-02-09,,
14494,4167,575,2025-06-24,,
14610,3516,64,2024-03-01,,
15147,722,3875,2025-06-18,,2025-08-28
15345,1451,515,2024-05-14,2024-09-22,
15614,7465,1356,2024-06-04,,2024-07-22
15735,8969,363,2025-08-03,,
16009,8362,1945,2025-08-30,2025-10-09,
16431,6088,4076,2025-07-31,,
17204,7499,3295,2025-06-22,,
17313,1138,2841,2024-03-05,,
17434,4230,3739,2024-04-01,,
17859,2522,3070,2025-11-17,,
17996,7180,580,2025-11-03,2025-12-09,
18104,3369,714,2025-06-03,,
18109,3648,3638,2025-04-20,2025-09-22,
18364,5456,2284,2025-12-07,2025-12-23,
18642,5744,2329,2025-08-11,2025-09-06,
18774,6427,885,2024-01-07,,
19150,4735,1265,2025-06-16,,
19388,4424,2626,2024-02-25,2024-03-21,
19639,4311,4268,2025-08-12,,
22,4759,1400,2025-05-22,,
464,6408,1713,2025-10-30,,2025-11-19
494,3330,3594,2025-04-01,,
563,23,4625,2024-01-05,,2024-07-02
926,8905,3151,2025-04-19,,2025-10-08
957,9210,3514,2024-05-30,,
1018,5352,1350,2025-12-04,2025-12-20,
1064,6530,2856,2024-01-18,,
1423,1027,3283,2024-06-23,,
1662,3377,2858,2024-06-09,,2025-04-26
2397,8836,1747,2025-05-06,2025-05-31,
2528,644,2244,2025-11-16,,2025-11-28
2998,1665,674,2025-08-05,,
3327,8445,1296,2024-03-14,2024-07-22,
3434,3329,2238,2025-07-07,,
3689,2712,759,2024-07-22,,
3730,2454,201,2025-05-12,2025-10-23,
3937,5325,1506,2024-11-23,2025-02-06,
4144,3647,36,2024-08-11,2024-08-29,
4253,352,2987,2024-12-20,,
4495,6626,1244,2024-10-27,,2025-01-18
4548,7272,2810,2024-02-02,,2024-04-07
4673,991,1806,2024-07-19,,
4991,5115,2017,2025-01-03,,
5433,2945,3458,2025-03-11,,
5577,2261,3776,2025-07-06,2025-09-16,
5846,4885,4939,2025-06-22,,
6224,6568,2642,2025-09-08,,2025-10-10
6689,2965,4023,2025-09-18,,2025-11-18
6691,99,4524,2025-02-27,,2025-11-11
6965,2574,3277,2025-05-13,2025-07-16,
7010,3499,4,2024-08-02,,
7176,6344,2391,2024-08-25,2024-09-09,
7236,7515,1976,2024-03-06,,2025-03-05
7873,4192,4850,2024-07-23,,2024-10-11
8038,1473,4146,2024-08-04,,
8146,341,654,2024-08-19,2024-11-18,
8244,5723,4252,2025-12-14,,
8321,7665,1092,2025-04-14,,
8650,3696,4338,2025-09-13,,
8692,615,2916,2024-08-11,2024-10-24,
8775,1670,1188,2024-11-24,2025-02-22,
8941,4359,1302,2025-04-16,,
9669,8017,174,2024-10-08,,
9680,1091,1161,2025-04-05,,
9699,5577,357,2025-06-16,2025-11-26,
9986,3370,2674,2025-12-08,,
10148,4715,4897,2025-08-20,,
10217,309,2861,2025-04-28,2025-05-17,
10269,2681,189,2025-08-09,,
10428,7269,4570,2025-07-16,,2025-09-03
10437,1548,2033,2025-07-11,,
10489,7782,1821,2025-09-16,,2025-10-16
10675,390,2746,2025-12-24,,
10898,5142,1613,2025-06-17,,
11050,6859,4545,2024-10-06,2024-10-14,
11268,3086,71,2025-12-02,,
11620,4135,284,2025-08-26,,
11659,5198,2942,2025-11-12,,
11681,709,2554,2025-10-11,,
11684,1706,112,2024-06-13,,2025-04-10
11721,4420,1106,2025-09-15,,
11746,3535,3265,2025-08-24,,
11770,9658,2978,2025-03-09,,2025-12-10
12401,3354,2092,2024-12-01,,
12471,221,1223,2024-05-31,,
12494,9766,409,2024-04-04,,
12611,5422,2526,2024-03-29,,2024-06-06
12957,9058,1296,2025-04-04,2025-06-30,
13140,1932,4268,2024-04-13,2024-07-05,
13379,3996,3854,2025-03-16,,
13382,6390,3537,2025-12-08,,
13748,1664,4588,2025-01-25,,
13817,7832,55,2024-03-13,,
13840,3259,1588,2024-12-02,2025-01-19,
13951,7232,1978,2024-05-23,2024-07-25,
14147,5578,1275,2025-09-26,2025-12-20,
14154,3369,2155,2025-05-15,,
14229,8407,2944,2025-11-13,,
14248,2647,185,2024-11-15,,
14570,9157,1903,2025-07-23,,
14818,4821,3511,2024-03-28,,2024-11-01
15353,7337,4043,2025-06-17,,
15531,6642,4162,2025-01-16,2025-03-07,
15546,904,3253,2025-12-05,,
15850,2515,534,2025-12-02,,2025-12-07
15900,8693,3714,2024-05-22,,
15916,8912,3002,2025-02-12,,
15945,5060,1185,2025-03-06,,
15947,8429,871,2024-05-11,,
16043,4832,2658,2024-09-11,,
16058,859,2018,2025-11-25,2025-12-21,
16102,6258,3967,2025-07-25,,
16158,8341,708,2024-01-08,,2024-09-11
16315,3057,4976,2025-08-05,,
16332,4778,1219,2024-11-02,,2025-02-23
16839,2478,1409,2024-10-19,,
16939,8195,4242,2025-08-09,,
16960,6706,4470,2025-10-06,,
17142,468,3294,2025-11-14,2025-12-08,
17258,6508,1731,2025-08-05,,
17285,2889,2000,2024-06-28,,
17437,5872,3234,2025-12-04,,
17816,2992,4892,2025-07-18,,
17906,2341,146,2024-03-24,,
18723,8932,4499,2025-10-04,,
18765,1185,281,2025-02-04,,2025-08-06
18766,4677,3191,2024-06-27,2024-07-22,
18856,8579,3446,2025-01-23,2025-06-24,
19051,4830,2876,2025-11-03,,
19094,2538,4880,2024-12-30,,
19257,2945,3203,2024-08-08,,
19335,8811,2131,2025-10-04,,
19397,3530,3568,2025-04-03,2025-06-03,
19616,6350,3039,2024-09-25,2025-02-08,
19964,6202,4993,2024-04-10,,
17,5664,86,2025-02-28,,
249,7862,299,2025-08-18,,2025-11-02
690,4165,3618,2024-02-10,2024-07-19,
961,3625,3004,2025-07-26,,2025-08-21
1190,29,2145,2024-10-22,,
1266,3117,1044,2025-07-15,,
1327,5052,1558,2024-03-20,2024-05-15,
1351,2882,2878,2025-11-07,,2025-12-21
1581,5368,995,2025-07-25,2025-10-18,
1666,7832,1379,2025-04-02,,2025-06-27
1737,6871,1830,2025-04-10,2025-05-05,
1774,9671,3600,2025-01-19,,2025-07-25
2074,8560,617,2024-11-20,,
2106,1134,248,2025-05-20,2025-06-11,
2539,7901,2252,2024-11-10,,
2547,4302,1478,2025-11-19,,
2757,34,3259,2025-02-01,,
2839,7268,3590,2024-03-13,,
3026,2118,949,2024-07-08,,
3279,6309,202,2024-05-26,,
3431,7371,2132,2024-04-18,,
3804,1766,686,2025-08-18,,2025-09-29
4379,9410,2108,2024-03-21,2024-08-17,
4851,2585,2141,2025-03-18,2025-06-28,
4907,73,592,2025-09-05,,
4908,7255,1838,2025-08-15,,
4916,3042,2487,2024-01-07,,
5295,7462,4763,2024-12-30,,2025-11-30
5560,671,3336,2025-07-17,2025-08-21,
5624,9458,767,2025-11-06,,
5653,108,4071,2025-04-17,,
6171,3499,1351,2025-03-08,,
6390,7199,3568,2024-09-20,,2025-02-19
6412,4988,909,2025-12-03,,2025-12-06
6552,2697,1286,2024-11-29,,
6836,9939,1462,2025-09-11,,
6892,1315,613,2024-10-29,,
6908,5440,1090,2024-07-05,,
7056,1776,4027,2025-07-24,,
7393,2524,4516,2024-03-07,,
7398,1467,1985,2025-06-13,,
7401,1555,3773,2024-08-20,2025-01-08,
7469,5517,3295,2025-11-11,,
7886,3811,1157,2025-05-21,,
8115,3855,1816,2024-07-19,,
8493,8751,3247,2025-01-05,,
8606,9630,1132,2024-02-11,,2025-01-12
9035,3219,4306,2025-02-28,,
9091,8968,2325,2025-05-05,2025-06-09,
9258,618,3129,2025-07-25,,
9279,8517,827,2024-11-20,,
9414,7510,4453,2025-01-19,2025-03-03,
9741,1535,2003,2025-01-02,2025-02-26,
9856,3030,3169,2024-05-10,2024-09-17,
9914,3562,2735,2025-05-13,,
10125,8089,2991,2025-08-15,,
10334,4571,2102,2024-09-07,,
10961,3047,828,2025-02-04,,
11335,4923,3073,2024-11-20,2025-03-04,
11658,6964,4105,2025-05-13,2025-07-23,
11818,7665,1718,2024-09-17,2025-01-13,
12089,5095,1310,2025-05-04,2025-07-20,
12279,3291,3705,2024-10-08,2025-02-13,
12388,3123,3500,2024-02-06,2024-03-14,
12446,1485,1387,2024-04-29,,
12649,3231,1806,2024-12-09,,2025-07-17
12699,5772,1768,2025-05-05,,2025-05-30
12803,6443,3765,2025-05-10,,2025-11-20
12953,2333,2371,2024-04-20,,
13313,3045,4826,2025-05-14,,
13537,3488,1164,2024-03-23,,
13726,4272,2186,2025-06-25,2025-08-22,
14013,2498,4001,2025-03-11,,2025-09-08
14184,8815,118,2025-05-14,,2025-12-24
14266,2455,4118,2024-05-20,,
14417,5918,307,2024-11-28,2025-03-27,
14475,423,4501,2025-05-26,,
14605,6870,3144,2025-04-10,,2025-08-17
14766,2484,3245,2024-04-28,,
14968,4673,2008,2025-06-26,,2025-09-06
15079,9572,3416,2025-06-30,,
15196,3342,3990,2024-10-28,,
16123,599,95,2024-06-24,,
16639,6561,2221,2024-04-08,,
16955,8932,263,2025-02-08,,
17198,1224,1034,2025-12-21,,
17343,636,3620,2024-01-31,2024-07-23,
17740,4035,1649,2024-09-19,2024-12-05,
17926,8462,2640,2025-11-10,2025-11-17,
18299,6747,2622,2024-10-11,,
18304,6271,2586,2025-11-22,,2025-12-22
18556,9031,1089,2025-04-20,,
19071,8327,1056,2024-10-06,,
19240,5269,3424,2024-11-27,,2025-02-06
19375,3067,1748,2025-08-04,,2025-10-01
19519,1166,1834,2025-01-16,,
19615,3128,3477,2025-10-15,2025-12-18,
19679,4427,3415,2025-10-21,,
19829,910,3094,2024-10-07,2024-11-15,
48,1333,2458,2024-11-20,,
589,4596,3561,2024-07-10,,2025-01-19
735,5836,1011,2025-10-02,,
758,4485,904,2025-11-21,2025-12-21,
1012,1983,3812,2025-03-26,,
1611,8276,4406,2025-11-19,,
1787,5869,2992,2024-08-25,,
1870,4519,1795,2025-04-26,2025-10-04,
1918,7056,1484,2024-04-01,,
1920,5006,1117,2024-04-28,,
1996,1575,4416,2025-10-23,,
2339,3484,630,2025-04-21,,2025-10-23
2445,9151,786,2025-01-05,,
2459,5251,1117,2025-07-21,,
2572,4539,4327,2025-08-20,,
2752,2144,4849,2024-06-19,2024-11-04,
3003,9249,4281,2025-06-04,,
3014,8594,3682,2025-10-29,,
3086,5795,2738,2024-05-05,,
3243,7443,3963,2025-07-27,,
3492,3530,852,2024-05-28,,
3974,270,163,2024-11-22,2025-04-08,
4462,3435,3678,2025-12-02,2025-12-23,
4537,9358,1848,2025-03-05,2025-05-02,
4540,3918,2815,2025-07-30,2025-08-22,
4703,2831,2146,2025-06-17,,
4789,7732,4869,2025-06-24,,
4831,2522,3349,2025-03-17,,
5133,190,53,2024-10-05,,
5198,138,3271,2025-12-19,2025-12-25,
5265,5420,3781,2024-12-29,,
5469,447,4784,2024-10-08,2025-02-03,
5553,596,2185,2025-11-28,,
5674,7091,4459,2024-07-28,2025-01-18,
5795,4160,2343,2024-03-06,,
5811,1529,3730,2025-08-07,,
5831,2026,4627,2024-06-11,,
5869,7172,4155,2025-10-18,,2025-12-02
5877,3363,2918,2024-06-23,2024-10-06,
6418,5994,3037,2025-07-15,2025-09-26,
6425,7333,3195,2025-09-05,,
6550,9987,4226,2025-02-19,,2025-07-24
6734,7692,1059,2024-04-29,,
6759,9378,3161,2024-07-30,,
6786,8257,256,2024-09-09,,
6865,3291,865,2024-02-17,,
7125,6184,1967,2024-08-08,,
7183,9947,3144,2024-11-18,2025-04-13,
7616,5065,3086,2025-03-23,2025-06-14,
7648,8406,1121,2025-09-27,2025-10-19,
8107,2824,2606,2025-10-03,,
8279,3161,667,2025-03-09,,
8536,3483,195,2024-12-13,,
8668,8894,2574,2024-11-04,,
8912,6573,3038,2024-06-27,,
9126,6149,4290,2024-11-09,,
9306,4943,4264,2025-12-23,2025-12-25,
9332,8882,2101,2025-08-26,,
9438,5560,2030,2025-05-29,2025-08-28,
9837,9407,3919,2024-07-12,,
9913,5555,88,2024-09-10,,
9964,681,1093,2025-09-30,,2025-12-22
10044,567,764,2025-11-14,,
10057,1672,1510,2024-08-11,,
10198,1515,4782,2025-12-16,,
10542,3724,4676,2024-06-27,,
10620,5627,3404,2025-10-06,,
10891,396,2244,2024-01-26,,
10967,7137,64,2025-11-06,,
11047,2900,2768,2024-08-20,,
11949,9115,1107,2025-09-19,,
12142,2636,1774,2024-09-03,2025-02-01,
12154,4164,2683,2025-12-24,,
12265,2679,2665,2025-06-29,,
12371,5619,4603,2025-11-20,,
12605,3265,3146,2024-12-04,,
12639,2064,337,2025-11-04,,
12722,568,1602,2025-06-26,,
13574,861,4824,2025-12-07,,
13623,8469,3262,2024-02-23,,
14021,4342,4240,2024-06-22,,
14038,8380,4085,2025-08-05,2025-09-18,
14479,9950,4660,2025-09-15,,
14606,7797,3506,2025-08-26,,
14646,103,1150,2024-09-11,,
15226,4419,819,2025-07-13,,
15271,5289,3763,2024-02-02,,
15372,18,1203,2025-10-04,,
16199,8139,79,2025-11-09,,
16208,7021,4467,2024-05-23,,
16314,2003,2642,2025-01-04,2025-03-17,
16833,5512,4301,2024-10-17,2025-03-10,
16845,9958,1008,2025-04-19,2025-06-13,
17053,652,4671,2024-10-17,,
17215,5075,3869,2024-01-05,,
17430,1704,909,2025-10-18,,
17520,5712,3542,2025-11-25,2025-12-08,
17717,4540,2786,2024-09-04,,
17847,9988,4393,2024-06-12,,
17936,7388,3106,2024-02-13,,2024-11-12
18097,8671,2813,2025-02-16,,
18150,547,4056,2024-12-25,2025-03-15,
18249,9742,4434,2025-02-26,2025-08-12,
18289,9786,3965,2025-10-13,,
18386,7453,171,2024-11-08,,2025-03-25
18997,8504,1190,2025-09-21,,
19110,8025,1230,2025-07-21,,
19302,1969,3753,2024-11-17,,
19373,115,3336,2024-11-29,,
19738,541,1577,2025-10-23,,2025-11-11
19836,5720,3041,2025-02-12,,2025-04-18
19912,6565,4225,2025-09-23,,
319,1652,2539,2025-05-19,,
411,9636,1011,2024-02-02,,
676,2693,304,2025-08-16,,
739,9952,2541,2024-04-17,,
992,9546,2488,2025-09-10,,
1502,3100,4573,2025-05-16,2025-09-19,
1593,842,336,2024-02-19,,
1797,8801,133,2025-11-22,2025-12-04,
2047,5417,2680,2024-04-11,,2024-11-27
2265,4092,160,2024-11-20,,2025-05-14
2796,1943,4620,2024-09-25,2024-10-04,
3147,8299,3028,2024-01-19,,2024-06-23
3180,2950,2327,2024-04-10,,2024-11-28
3217,4651,2961,2024-02-18,,2024-04-11
3444,330,159,2024-05-28,,
3465,7843,2938,2024-04-23,2024-06-28,
3477,8226,1385,2024-10-16,,
3865,1746,2450,2024-06-21,,
4017,3140,2206,2025-07-31,2025-11-17,
4634,3671,1887,2024-06-29,,
4737,6326,8,2024-06-01,,
5131,6108,529,2024-12-17,,2025-03-06
5143,7067,2740,2025-01-20,,2025-01-28
5467,4419,198,2025-07-20,,
5491,4193,4754,2025-06-08,,
5544,8133,2559,2025-08-07,2025-10-21,
5783,3292,1604,2025-02-28,2025-05-30,
5894,4994,3569,2024-07-08,,
6439,7928,1797,2025-08-21,,
6467,7517,2354,2024-01-13,2024-03-18,
6585,900,291,2024-04-08,,
6641,4470,3222,2024-01-20,,
6783,5480,1134,2025-04-03,,
7156,6368,2089,2025-04-18,2025-06-23,
7614,5555,1232,2024-06-18,,
7698,6695,29,2025-04-23,2025-06-22,
7864,3630,42,2025-05-20,,2025-05-22
8235,6091,346,2024-09-23,,2025-06-01
8660,3077,2575,2024-05-29,,
9185,531,2389,2024-07-31,,
9744,3224,840,2025-11-29,2025-12-16,
9765,3185,4578,2025-06-27,,
9877,4375,2662,2025-01-19,,
9987,8557,1079,2025-06-11,,
10521,8033,2243,2024-06-13,,
11090,1271,1401,2025-12-16,,
11194,1062,2596,2024-08-10,,
11584,949,215,2024-12-18,,
11768,8667,2515,2024-05-26,,
11829,6159,4429,2024-02-14,,
12189,9203,4512,2025-05-17,,
12201,460,687,2025-09-12,,
12280,6797,3136,2024-11-22,,
12536,7420,3601,2025-03-25,,
12750,747,3485,2025-11-18,,
12764,3542,637,2024-09-21,,
12887,1681,791,2025-10-29,,
12935,4230,2633,2025-01-26,2025-04-26,
12955,6555,1864,2025-07-10,2025-12-04,
13174,5567,902,2025-05-14,,2025-07-15
13492,3123,362,2025-03-01,2025-04-13,
13786,5063,3221,2024-09-29,,
13875,2250,198,2024-03-23,2024-08-23,
14041,6433,2840,2025-02-15,,2025-04-09
14085,7352,4517,2025-11-03,2025-11-23,
14188,593,824,2025-12-10,2025-12-25,
14282,8012,342,2024-06-17,,
14344,3755,1558,2025-12-23,,
14359,6980,821,2024-03-22,2024-06-25,
14406,9152,4928,2024-09-12,,
14540,8566,2210,2025-01-03,,2025-03-15
14759,3729,2906,2025-05-14,,
14762,5498,4295,2025-07-25,,
15031,3736,3751,2024-02-05,,
15078,4369,2736,2024-01-26,,2025-01-15
15363,5115,2019,2025-11-21,,
15712,6710,4221,2024-06-22,2024-08-22,
15965,4078,4384,2024-05-19,,2024-08-26
16081,9415,3270,2025-09-06,,
16228,2205,3499,2025-08-07,,
16307,8568,2669,2024-12-18,,
16381,5759,4,2025-03-15,,2025-10-03
16503,7010,3775,2025-12-21,,
16571,3518,2260,2025-06-09,,
16585,8995,4905,2025-10-20,,
16903,2277,806,2024-12-28,2025-06-22,
17337,7493,1883,2025-08-12,,
17623,63,1767,2025-10-16,,
17644,7875,3518,2025-01-18,2025-05-13,
17854,9605,807,2024-04-05,,2024-05-08
18040,7826,4793,2025-10-22,2025-12-20,
18791,7660,2185,2025-07-06,,
19014,5641,1422,2024-12-26,,
19060,6964,3445,2025-07-14,,
19173,3300,1224,2024-07-14,,
19324,3525,586,2025-10-01,2025-12-22,
19530,3895,3964,2025-05-08,,
19902,937,3926,2025-10-08,,
104,5213,1636,2025-11-09,2025-11-30,
481,8656,3969,2024-02-18,,
667,4188,771,2025-09-11,2025-11-04,
750,8638,439,2025-02-09,2025-06-01,
983,2507,4951,2025-02-15,2025-06-10,
1109,8120,4791,2024-08-01,,2025-02-08
1263,3255,4203,2025-09-08,,
1454,9869,3095,2024-03-26,2024-08-11,
1588,9623,4766,2025-03-17,,
1957,4052,2218,2025-11-03,,
2138,7226,1133,2025-07-16,2025-12-13,
2189,1849,1988,2024-04-02,2024-09-10,
2680,4180,4465,2024-08-04,,2025-02-11
2734,922,2194,2024-09-23,,2025-03-06
2740,4066,1844,2024-09-01,,
2910,9425,4849,2024-03-05,,
3020,5215,2726,2024-08-27,,
3304,1034,197,2024-11-05,2025-02-03,
3337,5952,4692,2024-11-03,2025-01-13,
3664,1701,390,2024-06-16,,
3879,200,3244,2025-07-07,2025-10-07,
3918,599,1329,2024-12-02,,
3987,1923,2314,2024-01-17,,
4193,212,3193,2024-07-11,2024-09-01,
4194,2420,196,2024-09-13,,
4245,8410,4530,2025-06-24,,2025-11-29
4301,603,2415,2024-05-17,,
4397,5363,2487,2024-10-18,2024-12-13,
5037,8042,875,2025-05-08,,
5076,3359,1203,2024-07-29,,
5243,5856,3078,2025-09-18,,
5290,1292,794,2025-06-14,,
5879,6452,4346,2025-10-29,,
6016,9150,1731,2025-03-20,,
6085,9045,2393,2025-05-30,,
6583,6377,3407,2024-01-09,,2024-10-06
6595,4756,3014,2025-12-08,,
6960,6109,4071,2024-11-24,2025-03-01,
7020,6490,2969,2025-10-31,2025-12-03,
7218,2097,2219,2025-09-11,,2025-09-21
7380,706,2051,2024-01-13,,
7425,7493,732,2025-01-06,2025-05-03,
7551,8501,1121,2024-12-15,,
7931,7615,4340,2024-04-27,,
8186,314,687,2024-07-13,,2025-01-29
8200,3190,1434,2025-08-25,2025-09-28,
8282,4044,2382,2025-04-06,,
8302,7293,1602,2025-08-16,,
8406,8043,3487,2024-12-09,,
8447,5775,334,2025-08-04,2025-10-19,
9030,7674,2938,2025-11-08,2025-11-28,
9253,5310,4219,2025-01-24,,
9760,1119,1142,2025-09-04,,2025-11-27
9816,7059,1344,2025-04-14,,2025-07-18
9869,7519,3837,2024-08-20,2024-10-29,
10029,4445,2116,2025-04-08,2025-04-29,
10591,1637,1344,2025-06-16,,2025-11-12
10667,5360,233,2025-02-24,2025-04-29,
10678,4294,2530,2025-05-07,,
10685,9197,995,2025-02-14,,
10894,5248,1688,2025-12-19,,2025-12-23
10983,6610,4944,2024-02-28,,
11237,5064,1985,2024-04-20,,2024-05-23
11625,8421,3815,2024-05-30,2024-09-24,
11626,2328,3617,2025-12-08,,
11660,4506,1604,2025-10-20,,2025-12-25
11849,6369,2321,2024-11-08,,
12182,6309,2100,2025-03-29,,
12244,3439,2770,2025-11-03,,
12258,9623,1312,2025-12-19,,
12429,460,1567,2025-09-01,,
12651,5445,2230,2024-08-09,,
12731,2377,1355,2025-05-20,2025-06-10,
12816,8011,4993,2025-10-05,,
13075,6513,1735,2024-10-07,,
13483,4090,3339,2025-11-29,,
14348,9428,2134,2025-08-12,,2025-11-26
14638,7197,775,2023-12-30,,
14754,7538,3635,2025-06-19,,
14755,2477,2893,2024-04-11,,
14886,5778,3174,2024-11-24,,2025-09-13
15359,5590,1018,2024-01-13,2024-03-11,
15446,9195,1535,2025-01-26,,
15787,419,1220,2025-10-08,2025-11-15,
15815,7685,4265,2025-01-22,,
15988,5736,3906,2024-11-24,,2024-12-14
16089,2333,3383,2024-04-16,2024-07-13,
16132,5382,2089,2025-08-10,,
16133,5021,85,2025-06-22,2025-12-07,
16400,6758,975,2025-12-22,,
16806,9556,389,2025-12-22,,
16827,3940,1961,2025-03-28,,
16936,3739,4839,2025-03-03,,
16952,4578,1644,2025-11-10,,2025-11-26
17101,4412,4928,2024-02-01,,2024-04-28
17116,776,585,2025-04-16,,
17312,2439,3661,2025-04-17,,
17381,8456,3993,2024-06-26,2024-08-20,
17521,778,2241,2025-02-04,,
17548,9978,924,2024-10-13,,
17681,1034,328,2025-06-27,,
17876,9211,2576,2024-10-10,,
17888,9340,3385,2024-02-07,,
18013,6173,3501,2025-08-16,2025-11-02,
18172,5054,4561,2025-01-23,,
18199,8778,4278,2025-07-25,,
18226,4762,1465,2025-10-19,,
18255,3963,924,2025-07-02,,
18310,3101,3438,2025-07-21,2025-10-26,
18421,49,1615,2025-09-05,,
18509,9632,3105,2025-09-02,,
18647,2169,1493,2025-05-20,,
18715,4535,4211,2024-08-25,2025-01-27,
18868,7356,313,2025-05-27,,
18931,7514,3703,2024-08-07,,
19282,339,253,2025-01-13,,
19588,6022,2288,2024-05-27,,
19766,6376,1725,2024-12-02,,
19971,258,2490,2025-11-01,,2025-12-03
559,276,4264,2024-03-11,,
726,524,2613,2025-12-16,,
871,6848,4386,2025-12-18,,
944,1079,3055,2025-11-03,,2025-12-02
1215,2762,2885,2025-08-14,2025-12-18,
1278,5875,3757,2025-11-22,,
1295,9854,298,2023-12-31,,
1598,3170,4333,2024-05-09,,2024-09-13
1674,9154,2283,2024-06-03,,
1818,4264,4109,2025-03-27,,
1820,3278,4202,2025-09-26,,2025-10-31
2008,8223,210,2025-09-02,,2025-11-27
2169,5848,2956,2024-12-24,,
2536,4891,3065,2025-08-19,,
2702,5879,1179,2024-11-23,,
2736,2042,2178,2025-10-04,,
2777,11,3648,2025-12-03,2025-12-18,
2871,7175,2195,2025-09-21,2025-12-19,
3088,9,346,2025-04-10,,2025-08-05
3533,4264,927,2025-09-30,,
3609,3283,3196,2025-11-08,,2025-12-18
4208,99,2395,2025-02-12,2025-06-05,
4282,2456,4218,2024-11-05,,
4387,9089,801,2025-11-12,2025-11-23,
4467,7776,1287,2024-06-10,,2024-12-06
4520,7710,1702,2025-10-31,,
4689,3168,4142,2024-02-12,,
4945,2293,4328,2024-05-08,,2024-10-25
5011,9585,271,2025-05-28,,
5060,6839,1179,2025-09-20,,
5151,238,2075,2024-12-21,,
5346,3780,4147,2025-02-05,2025-04-18,
5432,9099,3037,2025-05-24,,
5563,380,3619,2025-08-09,,
5636,721,2562,2025-06-11,2025-08-17,
5758,8913,230,2025-10-11,,2025-10-28
5793,4115,2897,2024-03-13,,
5854,1069,4386,2024-06-23,,
6867,7684,3929,2024-01-28,,
6877,8147,640,2025-03-29,,2025-05-20
7444,2554,3144,2025-03-27,2025-05-24,
7565,4638,829,2025-09-15,2025-11-03,
7741,901,4085,2024-07-14,,
8062,9428,3863,2024-03-30,,
8658,9818,3074,2025-11-28,2025-12-13,
8750,7209,1459,2024-04-05,,
8818,6754,2521,2025-10-03,,
8898,8838,2622,2024-07-30,,
9061,8043,913,2024-06-09,,2024-06-20
9143,3033,844,2025-11-27,,
9208,1212,1252,2024-11-01,,
9293,9814,479,2025-09-04,,2025-09-24
9529,1243,3357,2024-07-10,,2025-02-17
9863,6855,246,2025-11-28,,
9885,3207,3608,2024-06-21,,2024-09-06
10013,6170,2596,2024-11-30,,
10403,5757,623,2025-11-18,,
10513,9649,365,2024-05-15,,
10638,4754,3895,2025-07-23,,2025-10-08
10680,3947,3029,2024-10-07,,
10780,2810,1049,2025-01-22,,2025-12-25
11220,8597,3636,2024-12-31,,
11705,4857,3500,2025-07-17,2025-12-13,
12170,2446,3619,2025-11-21,,2025-12-10
12327,8649,163,2025-10-05,,
12534,8668,4423,2023-12-30,,
12703,4207,1262,2024-06-26,2024-10-26,
12763,4299,3537,2024-08-23,2024-12-14,
12903,3475,4480,2025-12-08,,
13116,2974,2405,2025-10-23,2025-11-21,
13463,836,2297,2025-10-06,,
13521,744,1716,2025-12-09,,
13921,3267,1477,2025-03-30,,
13976,9261,1417,2025-11-16,,
14068,225,945,2025-12-17,2025-12-24,
14100,1748,4474,2024-10-25,,
14333,7493,4827,2025-07-21,,
14524,1631,4900,2024-02-01,,
14930,2647,4410,2025-03-13,,
14933,5309,1242,2025-12-13,,
15175,5627,505,2025-07-27,,
15332,8727,4416,2024-05-13,,2025-01-29
15543,7665,4229,2025-09-21,,
15602,2973,2469,2025-10-04,,
16800,7936,2219,2025-12-13,,2025-12-21
17027,1630,75,2025-03-18,,
17257,7949,3578,2025-02-17,,
17324,6134,1856,2025-11-24,,2025-12-21
17456,7108,1447,2025-04-07,,
17771,6707,511,2024-09-03,,2024-09-14
17907,4583,394,2024-02-20,2024-07-02,
18348,3589,739,2024-12-14,,
18357,2261,4082,2024-05-24,2024-11-14,
18656,1746,3607,2025-08-10,,
18688,3351,462,2025-04-06,,
18760,6165,1081,2024-03-23,,2025-01-04
19119,6924,2398,2024-09-05,,
19261,3985,4071,2025-03-05,,2025-08-28
19592,1361,1228,2024-10-12,,
320,3650,2327,2024-06-14,,
355,3476,4894,2024-01-31,,
361,5660,87,2024-09-03,2024-10-31,
1562,3030,1811,2024-06-14,,
1617,2369,1135,2025-06-14,2025-11-22,
2223,4861,3248,2025-11-12,,
2242,5653,2178,2024-11-05,,
2369,4006,4939,2024-04-02,,
2789,3244,4922,2025-06-25,,
3060,2412,2867,2025-02-22,2025-06-06,
3349,5660,2608,2024-04-01,,
3486,983,2278,2024-10-02,,
3574,4904,3170,2025-12-11,,
4343,4812,2131,2024-12-26,,
4396,7009,1810,2025-12-24,,
4600,7425,3197,2024-12-17,,
4632,6792,4611,2024-08-19,,
4640,6708,278,2025-07-09,2025-08-05,
4906,1204,1348,2024-05-07,2024-05-25,
5044,8704,1660,2025-09-15,,
5308,6377,1731,2024-02-28,,
5688,9923,342,2024-12-25,,
5751,2642,2908,2024-11-10,2025-03-30,
6184,2406,1707,2023-12-29,,
6310,669,4126,2025-06-27,,2025-12-21
6697,1467,604,2024-05-29,,
6840,4902,3653,2025-07-22,,2025-12-05
6901,6763,800,2025-01-20,,
7238,6523,4115,2024-07-28,,
7343,7380,4818,2025-08-26,2025-09-08,
8260,8283,295,2025-11-29,,
8336,8977,2680,2025-06-04,2025-06-16,
8373,6730,1355,2025-11-04,2025-12-14,
8422,2763,279,2025-11-03,,
8432,6749,347,2025-06-03,,
8443,5527,752,2025-07-12,,
8517,349,2380,2024-06-09,2024-11-18,
8602,6429,1344,2024-11-14,,
8705,5258,1622,2023-12-31,,
8758,8001,1660,2024-10-30,2025-01-30,
8790,6031,254,2024-10-29,2025-03-07,
8951,7387,810,2024-09-29,2025-02-25,
9174,742,4246,2024-05-09,,
9178,4239,2714,2025-10-28,,2025-11-15
9499,4877,162,2025-10-14,,
9752,9818,1696,2025-11-01,,2025-11-28
9995,9455,640,2024-12-25,,
10019,9676,1683,2025-03-18,,
10167,1852,3460,2024-11-26,2025-02-05,
10197,2484,384,2024-08-26,,
10588,6305,4853,2025-11-21,,
10697,6855,2691,2025-11-10,,
11470,5239,4205,2024-11-30,,
11475,8766,17,2024-02-13,,
11500,3704,4754,2024-07-04,,
11682,5211,3966,2025-07-28,2025-09-16,
11761,8693,2963,2024-11-19,2025-04-24,
12473,7015,1924,2025-08-16,,
12481,4543,2851,2024-11-07,,
12482,8799,1721,2025-08-19,,
12517,7888,1052,2024-04-02,2024-06-05,
12723,7248,2738,2025-12-14,,
12838,9493,3768,2025-12-09,,
12938,2563,177,2025-02-09,,
13167,72,1676,2024-09-08,,
13173,7009,4435,2025-11-23,,2025-12-18
13271,7716,1743,2025-05-07,,2025-09-14
13367,5367,3151,2025-07-20,2025-12-19,
13714,9584,2286,2024-06-02,2024-08-27,
13744,1900,4762,2025-12-21,2025-12-25,
14215,1959,1375,2025-12-06,,
15063,4680,4339,2025-08-18,2025-09-11,
15197,9199,4068,2024-09-15,,
15303,7573,3472,2024-03-01,2024-08-11,
16217,8146,1902,2024-09-16,2024-11-30,
16393,4159,2506,2024-05-07,2024-08-01,
16590,8689,2495,2024-03-03,2024-07-27,
16702,6921,508,2024-09-25,,2025-08-16
16858,2589,1299,2025-08-07,,2025-08-14
16916,4378,2765,2025-02-06,,
17114,7381,3806,2024-11-06,,2025-09-28
17560,7017,4867,2025-11-26,,
17669,6427,4823,2024-07-12,2024-11-19,
17697,4148,72,2025-05-02,,
17780,4489,3410,2025-02-17,,
17830,7535,1791,2025-03-13,,
17945,7569,1060,2025-03-24,2025-08-28,
18031,7808,1652,2025-06-18,2025-09-28,
18263,1175,4754,2024-06-02,2024-07-21,
18756,2683,1453,2025-05-14,,
18930,5365,4419,2025-10-30,,2025-11-15
19309,2861,1978,2025-10-26,2025-12-05,
19336,2485,2685,2024-02-07,,
19515,9950,938,2025-09-20,2025-10-29,
19812,4261,3980,2025-11-04,,
19848,4290,884,2025-04-04,,
160,52,4351,2025-11-13,2025-12-09,
523,4707,2423,2024-08-14,,
574,7479,2744,2025-06-15,,
596,6440,2320,2024-05-16,,
652,9766,668,2024-01-07,,
700,8024,119,2025-10-23,,
873,9845,638,2025-11-03,2025-12-10,
1239,3724,3056,2024-03-30,2024-09-16,
1298,7935,53,2025-09-08,,
1478,6997,850,2025-07-29,,
1501,536,2792,2025-04-03,,
1810,70,4867,2024-12-02,,2025-07-13
1937,7621,2316,2025-10-15,2025-12-08,
2102,4728,4005,2025-07-25,,
2139,3337,2061,2025-05-14,,2025-12-01
2201,7799,4464,2024-10-13,2025-04-10,
2358,9632,1870,2025-12-11,2025-12-19,
2394,859,2167,2025-11-26,,
2431,2847,1373,2024-08-06,2024-10-09,
2504,9376,1269,2025-12-19,,
2628,7881,1355,2025-10-18,,
2799,3127,4249,2025-04-28,,
2854,2445,4020,2024-02-29,2024-03-24,
3024,7121,4766,2024-09-25,,
3330,3559,3889,2025-02-14,,
3487,273,3370,2025-10-09,,
3740,6766,1486,2024-04-26,,
3744,4520,1994,2025-10-23,,2025-11-05
4499,883,2919,2024-04-26,,
4826,5500,1497,2025-01-08,2025-03-04,
5530,8524,4167,2025-12-07,,
6011,2223,517,2024-02-17,,
6148,4003,717,2024-01-26,,
6411,2596,2796,2024-06-06,,2024-07-25
6482,8852,4535,2024-02-13,,
6565,1541,3248,2025-09-17,,
6639,794,2160,2024-06-28,2024-08-12,
6812,8751,4306,2024-01-12,2024-02-28,
6874,9415,1711,2025-08-13,,
6974,5179,2022,2024-08-08,,
6994,5064,2550,2024-10-04,,
7032,3257,2600,2024-11-05,2025-03-17,
7479,3202,45,2024-12-01,,
7559,1272,4036,2024-05-21,,
7836,3954,2220,2024-05-11,,2024-11-24
8059,8650,3247,2024-12-04,2025-02-24,
8372,6483,2859,2025-04-25,,
8461,1420,4678,2024-04-21,,
8690,8093,852,2024-02-02,2024-06-26,
8865,2505,1402,2025-04-22,,
9051,9330,1035,2025-11-11,2025-12-07,
9301,2054,2310,2024-10-12,2024-12-27,
9364,7646,4756,2024-11-16,,
9717,4807,1614,2024-08-10,,
9919,2904,3425,2025-08-19,,
9928,4424,2706,2024-11-30,,
10107,4540,226,2024-11-06,,
10430,4491,3053,2024-05-23,,
10610,810,2955,2025-09-06,,
10632,440,4984,2024-07-29,2024-10-15,
10704,3465,3312,2025-03-05,,2025-04-01
11059,8322,422,2025-06-25,,
11269,9035,4202,2025-12-12,,
11313,2462,447,2024-08-01,,
11951,5955,387,2025-12-13,,
11977,9886,3013,2025-07-27,,
12433,1022,2778,2024-06-07,,
12622,595,2154,2024-05-10,,
12906,5158,2912,2025-05-18,,2025-06-25
12915,5328,3786,2025-05-05,,
13228,3667,4669,2025-02-02,2025-04-08,
13331,3193,1226,2024-01-02,2024-06-27,
13438,4637,4639,2024-05-15,,2025-03-09
13656,9000,3147,2025-10-07,,
13660,964,463,2024-02-13,2024-06-08,
13885,3699,164,2025-08-20,,
13971,7722,3437,2024-02-26,,
14050,9771,394,2025-03-06,,
14073,5207,2293,2025-10-16,2025-11-23,
14738,7458,2172,2024-08-20,2025-01-18,
14836,7517,1962,2024-11-09,,
14862,7527,1437,2024-02-13,,2024-07-29
15242,1712,1779,2025-03-30,,2025-05-29
15628,4241,2606,2025-03-06,,
15637,6197,1614,2024-12-15,,2025-08-17
15703,3617,4829,2024-01-07,,2024-06-16
15826,1132,4611,2025-04-19,,2025-07-14
15885,7190,804,2024-11-17,2024-12-25,
16008,1876,4308,2025-09-09,,
16011,1937,797,2025-04-04,2025-05-01,
16677,2666,783,2024-05-06,2024-06-14,
16705,842,4337,2025-04-20,2025-06-29,
16745,4045,1543,2025-06-30,,
17097,4481,3945,2025-08-20,2025-11-11,
17122,6664,3612,2024-10-04,,
17277,9680,378,2025-11-22,,
17372,845,1633,2025-09-21,,
17538,814,4962,2025-07-04,,
17551,1079,221,2025-07-18,,
17589,3902,2333,2024-09-02,2024-09-18,
17792,905,4270,2025-03-24,2025-09-06,
18501,4256,2342,2024-05-24,,
18570,7642,2445,2025-12-01,,
18787,1229,2219,2024-02-27,,
18872,1240,3241,2025-03-27,,2025-08-29
19682,6202,3676,2025-11-16,,
115,5333,2960,2025-11-24,,
153,6322,1492,2025-01-03,2025-01-20,
256,9668,1520,2024-12-08,2025-03-04,
539,6482,4494,2025-09-24,,
552,3603,675,2024-08-29,,
828,530,4347,2024-04-08,,
981,1590,88,2024-02-08,,2024-06-16
1388,37,1458,2024-11-15,,
1390,4556,3587,2025-11-17,,
1492,3267,946,2024-12-04,2025-04-27,
1515,639,2248,2024-04-02,,
1636,6997,4867,2024-08-08,,2025-04-07
1868,1151,2821,2024-10-02,,
2048,8886,4726,2025-06-28,,
2280,8664,604,2024-03-03,2024-03-12,
2284,4871,409,2025-09-27,,
2406,6435,4965,2024-11-20,,
2482,5553,2788,2025-02-03,2025-03-21,
2797,3621,3378,2025-01-30,,
3006,6679,2015,2024-05-09,2024-08-31,
3150,5942,1881,2025-02-09,,
3192,6958,3530,2024-07-22,2024-11-15,
3213,1170,719,2025-11-08,,
3437,7875,1232,2025-09-09,,
3478,9062,2415,2024-11-09,,
3555,9956,4098,2024-03-14,,
3651,3319,4142,2024-10-28,2025-04-19,
3706,5471,2420,2025-03-14,,
3746,8329,4931,2024-08-30,2024-11-10,
3848,3114,665,2025-12-11,,2025-12-15
4856,4490,1225,2025-03-24,,
4882,7384,1110,2025-06-10,2025-09-05,
5047,5987,2380,2025-07-30,,
5591,8277,1676,2024-03-06,,
6338,220,2419,2025-05-22,,
6543,8584,500,2024-01-26,,
6592,183,2185,2024-11-24,,
7265,4198,763,2025-09-24,,2025-12-15
7294,9089,1541,2025-09-27,,2025-11-25
7733,9728,4949,2024-11-26,,
8051,6824,3140,2024-07-24,,
8076,60,1559,2025-03-24,2025-07-03,
8082,7637,4600,2025-11-29,2025-12-23,
8223,4181,3601,2025-09-12,2025-11-30,
8392,7032,3805,2025-09-24,,
9229,8500,25,2025-03-04,,2025-03-29
9822,6939,567,2025-12-04,,
9897,7231,1826,2024-10-06,,
10111,574,4607,2024-03-14,2024-06-08,
10358,9511,4177,2024-12-28,,
10510,6284,4089,2025-06-30,,
10660,2569,2965,2024-02-14,,
10880,8477,3165,2024-06-27,,
10907,7690,2153,2025-05-17,2025-07-14,
11043,2911,1443,2025-11-22,2025-12-24,
11341,512,3593,2025-02-21,,
11817,2576,3966,2024-07-30,,
11842,89,3779,2025-12-23,,
12131,5662,1071,2024-05-27,,
12349,8574,3359,2025-08-05,,
12638,7927,3547,2025-07-07,,
12647,9466,4382,2024-03-27,,
12984,3123,4478,2024-06-15,2024-07-27,
13019,6254,4678,2025-11-22,2025-12-12,
13025,157,1892,2025-12-08,,
13249,4363,1753,2025-11-18,,
13291,5737,840,2024-11-21,,
13378,8319,4070,2023-12-29,,
13823,5032,3798,2025-11-03,,
13877,2440,2235,2025-11-17,,2025-12-16
13881,1475,1848,2024-08-19,,
14003,3581,3050,2024-07-31,,2025-07-20
14204,1717,3506,2025-06-11,,
14217,5474,928,2025-07-09,,
14224,7819,4673,2025-09-07,,
14259,618,142,2024-11-27,,2025-05-13
14269,9104,4315,2025-12-04,,
14383,6715,1811,2024-06-25,,
14411,4560,2051,2024-10-15,2025-02-25,
14602,7114,1333,2025-01-26,,
14776,6249,3008,2025-11-01,2025-11-09,
14881,828,1147,2025-06-29,,
15030,3431,283,2024-04-10,,
15342,7270,1921,2024-12-07,,
15380,5957,3642,2025-06-02,,
15612,3169,1089,2024-04-06,,
15884,6627,4743,2024-11-04,2025-01-04,
16380,4614,942,2024-08-07,,
16386,1859,585,2024-08-13,,
16679,7112,3991,2025-06-19,,
16696,1074,1689,2024-02-19,2024-03-09,
17037,7340,686,2025-12-03,2025-12-16,
17086,1181,2531,2025-05-10,2025-08-22,
17289,8106,3563,2024-09-28,,
17301,7705,3459,2025-05-04,,
17448,6587,2581,2025-07-19,,
17554,7191,2093,2024-10-29,2025-01-01,
17983,4590,884,2025-09-14,2025-11-29,
18271,2043,2893,2024-09-25,,2025-05-12
18390,9014,2740,2025-04-14,,
18435,790,763,2024-05-10,,
18521,3871,4041,2025-08-11,,
18941,1109,1959,2025-12-22,,
18970,5973,4702,2024-03-16,,
19463,3861,4115,2024-07-13,2024-10-27,
19655,8445,4224,2024-07-11,2024-09-21,
19671,309,1995,2024-11-21,,
19957,7130,4377,2024-10-02,2024-12-25,
9,9237,2073,2024-08-18,,
711,2490,2528,2025-09-16,,
752,5093,1963,2025-01-29,,
759,1363,174,2024-06-10,,
953,5038,1379,2025-06-18,,
1227,3461,3021,2025-10-14,,
1255,3937,4254,2024-11-14,,
1644,9023,1465,2024-05-06,2024-08-08,
1762,2108,3717,2025-11-19,2025-12-16,
1972,45,4892,2025-09-10,2025-12-08,
2573,5069,214,2025-01-01,2025-05-14,
2763,2774,246,2025-01-28,2025-02-15,
2807,2277,4201,2024-12-22,,
3157,4870,2366,2024-04-03,,2024-07-24
3340,9201,334,2025-10-04,,
3792,7870,889,2024-06-26,,
3823,3531,1910,2025-11-20,,
3954,6249,1464,2024-04-10,,
3968,8912,1951,2024-11-19,,
4227,1838,3966,2025-06-06,,
4476,8205,716,2024-08-15,,2025-05-12
4706,1220,3619,2024-06-22,,
4797,1712,968,2024-09-16,2024-12-08,
5033,7843,1739,2024-02-27,,
5286,5055,2810,2024-10-26,,
5451,5914,2375,2024-05-22,,
5568,6879,2738,2024-09-21,,
5809,4261,2788,2025-07-26,,
5860,4681,1658,2025-09-29,,
5928,9631,4244,2025-12-18,,
6209,6829,3899,2024-09-11,,
6438,6236,3421,2025-12-08,,
6459,4815,3774,2025-11-10,2025-12-04,
6504,6833,4567,2024-11-28,,
6579,3033,414,2025-02-13,,2025-06-04
6871,7660,3515,2024-05-28,,
6924,9486,763,2025-04-15,,
7038,8904,4667,2024-11-08,2025-01-17,
7163,184,4068,2025-08-18,2025-12-24,
7198,4275,1850,2024-12-16,,
7539,144,2084,2025-02-19,,
7557,448,263,2024-01-14,,
7610,6938,4788,2024-04-28,2024-10-11,
7621,3878,1624,2025-01-13,,
7795,7799,3197,2024-03-07,,
7954,6068,3759,2025-05-16,2025-09-22,
8361,3648,2921,2024-01-04,,
8403,9886,2601,2024-11-27,,
8799,7282,4933,2025-03-02,,
9176,9655,410,2025-07-25,,
9245,3048,3523,2024-04-29,,
9429,9474,3551,2024-01-20,,2025-01-01
9646,7134,534,2025-03-28,,
9806,1776,717,2025-08-11,,2025-11-27
10032,1485,243,2025-07-27,,2025-10-06
10341,3172,3068,2025-10-07,2025-12-18,
10590,6199,1669,2024-06-14,,
11288,1661,2612,2025-03-05,2025-06-21,
11347,8096,4571,2025-01-27,,
11553,1473,871,2024-06-27,,
11914,1587,2808,2025-06-12,,
12054,7656,794,2025-12-02,,2025-12-25
12078,5675,1912,2024-11-12,2025-03-15,
12104,1171,2040,2024-05-31,,
12662,3533,3738,2024-08-12,,
12753,5782,3714,2024-05-12,2024-08-09,
12773,6185,4321,2025-10-05,,
12783,1870,4950,2025-06-26,,
12819,1224,473,2025-12-14,,
13015,1512,152,2024-08-12,,
13403,3974,660,2025-05-12,,
13547,9127,4155,2025-11-29,,
13599,3552,3844,2025-04-08,,
13636,8141,711,2024-06-23,,
13686,6979,1070,2024-04-03,,
13764,2006,750,2025-09-04,,
13879,1276,1541,2024-02-06,,2024-09-29
14032,9672,1913,2024-06-11,,
14222,2442,548,2024-11-06,2024-11-27,
14634,3492,558,2025-09-22,,
14879,5380,4963,2024-03-27,,
14945,3559,1908,2024-06-25,2024-09-14,
15158,7389,149,2024-08-09,2025-01-21,
15586,2654,825,2025-05-31,2025-08-05,
15905,7655,2686,2025-09-06,,
16494,8963,4633,2024-05-26,,
16752,6326,357,2025-12-21,2025-12-25,
16860,393,4578,2025-03-12,,
17632,2398,4602,2025-07-26,,2025-10-12
17727,4788,1468,2024-08-13,,
18066,6667,2728,2025-05-03,,
18254,7114,253,2025-11-25,,2025-12-21
18804,6640,3977,2025-03-24,,
18897,5472,3127,2024-06-23,2024-08-22,
19155,1138,1149,2025-03-30,,
19195,1253,1935,2024-02-03,,
19328,647,4893,2025-03-28,,
19381,3059,1639,2025-02-19,,
19465,6388,2104,2024-06-25,,2025-06-07
19905,7720,998,2025-01-13,,2025-04-14
205,1226,3668,2024-07-31,,
258,4778,3504,2025-07-10,2025-11-13,
535,1281,4868,2024-01-02,,2024-03-08
586,4476,416,2024-10-16,,
671,1440,880,2025-08-19,,
744,4324,2102,2025-07-27,,
812,3831,415,2025-11-01,2025-11-21,
915,2061,1683,2025-11-14,,
1010,7860,4011,2025-07-02,2025-09-11,
1575,6411,1086,2024-02-09,2024-05-31,
1826,5010,1991,2025-08-22,2025-09-21,
2029,1655,3185,2025-04-14,,
2241,2737,1256,2025-02-02,,
2247,5585,1693,2025-05-27,,
2251,1281,4845,2025-06-05,,
2396,3445,142,2024-02-20,,
2649,4428,4338,2024-01-09,,
2878,2590,701,2024-04-23,,
3552,3534,3185,2025-04-18,,
3719,5387,416,2024-05-13,,
3771,520,2589,2025-08-11,,
3939,6960,3432,2025-03-24,,
4151,9794,4873,2025-03-27,2025-06-16,
4239,2895,643,2024-07-06,,
4316,8551,3109,2025-03-24,,
4349,9217,4924,2024-12-23,,
4424,7038,3857,2025-01-20,,
4724,2065,2502,2024-09-27,,
4800,7651,1479,2025-07-29,,
4839,6246,3236,2024-01-18,,2024-10-18
4973,3542,4498,2025-06-08,,2025-11-12
5072,1223,4612,2024-05-28,,2024-06-24
5302,9414,3494,2025-09-11,,
5333,9377,4750,2025-06-20,,2025-10-30
5435,3652,1229,2024-07-04,2024-12-04,
5641,2841,4778,2024-07-20,,
5652,3165,984,2024-03-20,2024-04-25,
5708,2516,910,2025-10-03,,
5980,5726,2315,2024-07-04,2024-12-31,
6032,3551,233,2024-12-27,,
6437,5130,2699,2024-05-26,2024-09-19,
6457,4243,1418,2025-05-30,,2025-07-08
6675,6487,4528,2024-11-01,2024-11-08,
6815,9564,4807,2024-06-15,,
7084,8220,2295,2024-02-27,,
7267,9960,1153,2024-01-28,,
7346,2716,3387,2024-12-12,2025-05-02,
7976,915,719,2024-04-29,2024-06-01,
8044,7325,3582,2025-03-18,2025-04-30,
8148,8772,687,2025-10-26,2025-12-02,
8499,2985,180,2025-05-10,,2025-12-10
8589,6945,4747,2025-09-03,,
8593,9345,2057,2024-03-13,2024-07-21,
8695,6337,693,2025-05-24,,
8875,7442,656,2025-05-05,,2025-06-09
9166,715,318,2025-06-07,,
9386,908,4414,2025-09-03,,
9399,9774,4607,2025-04-17,2025-08-21,
9479,4329,3630,2024-07-31,2025-01-18,
9521,214,3408,2025-11-30,2025-12-24,
9573,5369,2150,2025-01-29,,2025-11-04
9698,6111,1832,2025-02-02,2025-03-10,
9706,3850,2022,2024-09-09,,2025-03-14
9955,4273,4657,2024-11-21,2024-12-20,
10073,3632,3981,2025-01-18,,
10641,8802,2618,2024-12-21,,2025-11-13
10699,5626,1565,2024-11-27,,
11413,3312,4269,2025-11-14,,
11613,251,902,2024-08-06,,
12111,3117,1924,2024-10-27,,
12119,5842,2111,2025-02-26,,
12190,339,3403,2024-09-13,,2025-03-09
12194,6257,4860,2024-03-21,,
12882,7904,4133,2024-01-16,,
13199,5675,4857,2025-02-15,,
13388,7667,844,2024-06-20,2024-08-22,
13475,6453,2754,2025-07-17,,
13638,5486,2221,2023-12-31,,2024-08-08
14129,3520,3493,2025-10-05,,
14252,1464,3824,2024-08-22,,
14279,183,329,2024-06-18,,
14335,3691,3174,2024-08-01,,
14441,276,4016,2024-08-15,,
14489,3845,4568,2025-11-23,,
14708,5213,947,2025-04-30,2025-05-11,
14942,1187,407,2025-07-11,,2025-11-25
15074,3836,3820,2024-03-29,2024-05-07,
15174,6001,3957,2025-10-19,2025-11-30,
15254,3438,3140,2024-01-27,2024-07-24,
15336,8523,3502,2024-05-06,2024-05-15,
15410,8361,423,2024-08-28,,
15549,6282,4845,2025-12-08,,
15632,5680,3492,2025-12-11,2025-12-24,
16073,5649,4572,2025-11-28,,2025-12-19
16117,972,3235,2025-05-11,,
16209,8299,1684,2025-06-19,,
16468,1626,3028,2025-06-27,,
16534,8032,1809,2025-07-17,,2025-08-01
16566,3534,1458,2024-10-18,,
16853,4205,3474,2025-05-24,,
17417,6850,3168,2024-12-25,,
18034,6249,2461,2025-03-16,,
18171,3567,3062,2025-01-29,,
18365,2561,375,2025-06-04,,
18650,4862,2286,2025-10-09,,
19040,3259,1357,2024-02-15,,
19162,8754,2149,2025-03-08,,2025-08-06
19163,1370,2924,2024-05-20,2024-09-17,
19657,5241,2021,2025-09-16,2025-10-12,
121,1715,989,2025-06-08,,
312,8120,3391,2024-02-29,,
459,8901,277,2025-05-17,,
598,5679,3523,2024-09-15,,
626,5168,430,2024-08-12,,
1528,4227,1147,2024-07-01,,
1717,6012,2822,2025-04-23,,2025-05-31
1802,9552,2723,2023-12-28,,
1931,3192,4384,2025-07-16,,
2332,4766,2780,2024-11-12,2025-01-04,
2824,1299,4257,2025-06-10,,
2905,6261,2227,2025-07-13,2025-08-02,
2953,9681,2562,2024-06-28,,2024-11-05
3035,7179,611,2024-11-08,,2024-12-08
3039,5980,2371,2024-12-28,2025-06-26,
3236,5112,3925,2025-06-17,,
3389,5375,4492,2024-11-08,,
3791,2894,4050,2025-04-19,2025-07-07,
3815,385,3488,2024-07-19,2024-09-24,
4018,745,714,2024-05-22,2024-08-20,
4212,8316,4635,2025-09-09,,
4298,3082,1309,2024-03-17,2024-08-24,
4557,974,270,2025-07-28,2025-11-07,
4695,9861,2387,2025-11-09,,
5518,2290,1755,2024-12-28,,
5838,6661,78,2024-05-05,,
5999,2595,1711,2025-05-18,,2025-08-16
6043,2028,4106,2024-04-25,,
6387,3128,792,2024-10-19,,
6442,9986,4245,2024-04-05,,
6856,2021,943,2025-03-21,,
6993,5854,3450,2025-06-28,,
7074,2766,2675,2025-07-04,2025-08-12,
7259,2519,4423,2024-05-11,,
7290,537,4361,2024-02-20,,
7370,7025,3368,2025-08-05,,
7544,7324,1886,2025-08-27,,
7581,4654,3435,2024-04-23,,
7786,7268,403,2024-11-09,,
8202,2532,1616,2024-09-04,,
8573,9140,2759,2024-12-07,,
8833,6080,2660,2024-04-09,,
9092,9320,4580,2024-06-27,2024-12-07,
9115,7412,3547,2024-08-08,,
9394,164,1452,2025-01-11,,2025-08-13
9464,3310,3579,2024-02-08,,2024-08-27
9554,4286,414,2024-06-07,2024-09-14,
9570,6607,4242,2025-12-24,,
9587,491,789,2024-12-09,2025-04-12,
9599,9462,331,2025-11-24,,
9835,7696,622,2025-12-12,,2025-12-15
9903,1652,3188,2024-11-25,,
10041,908,4318,2025-02-15,2025-04-05,
10232,1778,1835,2025-04-02,,
10256,1707,4137,2025-09-22,,
10580,5050,1399,2024-01-27,2024-05-30,
11273,2078,4944,2025-04-23,,
11348,9961,424,2024-12-02,,2025-05-16
11644,1376,994,2024-01-29,2024-05-18,
11807,7894,3649,2025-11-27,2025-12-11,
11841,4261,4593,2025-06-25,2025-09-25,
11869,7471,1417,2025-11-03,,2025-12-01
12161,1193,1692,2024-03-11,,
12496,3046,3690,2025-04-30,,
12575,8235,136,2024-04-09,2024-09-06,
12623,4923,4697,2025-08-10,,
12849,9469,1223,2024-03-22,,2025-01-13
13290,5673,1156,2024-11-21,,
13345,8500,1921,2025-12-18,,
13564,5722,3811,2025-06-27,,
13721,2207,3068,2025-07-23,2025-09-07,
14000,878,1313,2025-02-25,,
14173,482,1987,2025-05-26,,
14249,9828,4982,2024-11-16,,2025-11-05
14257,6317,2606,2024-08-31,,
14288,7631,564,2025-07-28,,
14453,9552,985,2024-07-17,,
15035,3477,757,2025-09-15,,2025-10-18
15082,5723,1324,2025-09-28,,
15217,2395,2853,2024-01-28,,
15297,2887,422,2025-04-12,,
15469,7439,1081,2025-03-12,,
15480,1748,1937,2024-10-05,,
15756,1725,425,2025-10-27,,2025-11-18
15889,8927,1551,2025-02-04,,
16775,3782,4409,2025-08-14,,
17102,1313,1497,2025-02-10,,
17363,8141,1098,2024-06-18,,
17404,4455,6,2025-01-31,,
17738,1997,330,2024-01-28,,2024-12-14
17958,9605,3581,2024-06-22,,
18056,151,4850,2025-06-22,2025-07-02,
18100,8432,696,2024-07-20,,2025-04-12
18131,141,4557,2025-07-10,2025-10-13,
18223,938,4611,2024-12-20,,
18335,8001,3519,2025-06-04,2025-09-11,
18518,5415,914,2024-11-27,2025-01-12,
19523,9417,2132,2024-02-27,,
19603,6215,2242,2024-01-25,,
19730,2485,987,2025-08-12,,
19735,8114,1792,2025-06-23,,
19824,9041,171,2025-08-08,,2025-10-06
19833,9507,2740,2025-10-12,,
195,7261,2229,2025-08-04,,
499,913,1972,2025-11-26,,2025-12-17
664,2830,2052,2025-09-19,2025-09-30,
852,1979,776,2025-09-23,,
864,9297,1404,2024-01-13,2024-01-21,
993,4225,1777,2025-04-18,,
1207,2468,3139,2024-06-13,,
1550,3373,2632,2025-02-17,2025-06-04,
1928,6829,3097,2025-06-23,,
2126,9523,1670,2024-11-24,,
2348,9182,497,2025-05-31,,
2381,7019,2027,2025-09-23,,2025-12-21
2483,4742,2842,2024-11-27,,2025-10-26
2511,1039,3681,2024-11-18,,
2532,2590,2997,2025-11-23,2025-12-20,
2751,5564,1191,2024-06-02,2024-07-27,
2872,8645,202,2024-05-07,,
3050,5142,1169,2023-12-27,,
3195,1310,3960,2025-11-30,2025-12-21,
3560,2137,2864,2025-01-04,,2025-08-07
3586,9240,3801,2024-11-17,,
3671,585,3346,2024-10-19,,
3726,8617,3541,2025-09-12,,
3747,9893,271,2025-11-24,2025-12-06,
3831,3291,2055,2024-06-29,,
4022,1997,1689,2024-03-21,,
4317,8717,179,2025-09-26,,
4408,5269,3874,2025-02-22,,
4579,6526,1605,2025-04-19,,
4753,5623,4681,2025-03-30,,
4835,7695,3932,2025-05-29,,
5027,47,3933,2025-05-15,2025-09-06,
5088,7209,2557,2024-05-06,2024-06-09,
5478,3639,4056,2025-01-03,,
5941,7236,2165,2024-11-16,2025-01-24,
6046,877,4101,2025-12-15,,
6054,9828,386,2024-12-04,2025-05-16,
6082,4700,2603,2024-04-16,,
6548,5064,2622,2025-08-01,,
6746,622,2527,2025-10-16,,
6791,6411,2013,2024-02-11,,2024-12-31
7660,9899,1447,2025-12-16,2025-12-23,
7791,2333,1139,2025-05-31,,2025-08-22
8056,6210,1240,2024-06-16,,
8173,5542,3991,2024-01-31,2024-07-07,
8179,6945,64,2025-02-19,,
8252,9394,4438,2025-04-25,,
8507,1484,2253,2024-01-08,,2024-10-28
8541,2785,603,2025-12-08,,
8572,1719,2459,2025-05-05,,
8685,2636,1695,2025-10-04,,
8762,8677,3533,2025-09-25,2025-11-22,
8889,6859,1497,2024-10-31,2025-04-14,
8962,3746,3309,2025-12-12,,
9184,7736,1683,2024-12-21,,
9463,556,4000,2024-04-26,,
9611,5233,446,2024-11-26,,
9636,9464,1683,2024-07-26,,
9761,2249,2266,2025-12-11,,
9763,9706,4755,2025-08-08,2025-09-18,
9788,2426,2617,2024-01-02,,2024-10-01
9819,8241,1676,2025-08-15,,
10122,6004,2617,2024-06-02,,
10381,1449,4526,2025-04-07,,
10412,8860,3684,2025-08-08,,
10533,3865,1211,2024-08-19,,
10636,6878,314,2024-12-16,,
10727,5157,2656,2025-08-31,,
11192,6514,972,2025-04-03,,
11530,2781,2299,2024-05-18,,
11661,7820,555,2025-03-22,,
11736,3624,3973,2025-10-10,2025-12-19,
11760,1379,4031,2025-07-17,,
11763,4449,4662,2025-12-17,,2025-12-24
11784,2895,1700,2024-06-23,2024-10-13,
11810,1464,2103,2024-08-31,,
12257,5898,3638,2025-10-09,,
12261,7290,1643,2024-01-12,,
12348,3278,1965,2024-04-16,,
12516,4425,3844,2024-11-20,2025-01-21,
12739,2502,4927,2024-05-30,,2025-05-14
12787,5171,566,2025-10-25,,
13117,1065,189,2025-10-30,,2025-11-19
13268,6641,1426,2024-11-23,,
13572,5164,893,2024-10-31,,
13617,7198,1969,2025-07-21,,
13918,7622,1840,2024-10-07,2025-01-14,
14037,3786,677,2024-05-26,,
14542,5106,1847,2024-12-25,,
14543,6640,2703,2025-12-24,2025-12-25,
14769,4580,1652,2025-05-03,,2025-08-21
14804,2926,4558,2024-09-12,2024-11-07,
14827,3768,2992,2025-12-21,,
14840,4653,1552,2024-09-16,,
15020,9960,2178,2025-08-25,,
15298,2952,1132,2025-06-05,,
15438,8116,2506,2025-11-01,2025-12-23,
15515,4584,2366,2024-12-31,2025-03-22,
16222,7580,381,2024-02-28,2024-04-24,
16258,1305,2993,2025-03-07,,2025-12-20
16428,6144,3313,2025-02-19,2025-07-28,
16472,1768,1958,2025-03-16,,
16518,535,2535,2024-08-10,2024-08-22,
16814,462,1689,2025-05-09,,
17440,297,3171,2024-06-21,2024-12-11,
17894,7618,1288,2025-12-21,,2025-12-22
17901,3652,871,2025-12-03,,
18016,4618,3804,2025-11-22,,
18389,1317,1947,2024-12-01,,2025-10-10
18447,1041,3311,2025-08-21,,
18491,6135,1043,2024-10-18,2025-01-11,
18500,9642,4390,2024-12-01,,
18826,3841,1107,2025-05-08,,
18973,6893,2406,2025-01-22,,
19087,589,2200,2025-12-22,,
19244,8167,3571,2025-05-07,,
19504,6168,3917,2024-02-26,,
482,1223,1081,2025-06-14,2025-10-22,
530,6672,1074,2024-10-26,,
756,1938,1046,2024-11-14,2025-03-03,
978,5831,1079,2024-10-05,,
1494,6403,3479,2024-08-29,2024-10-20,
1743,4366,146,2025-05-11,,
2419,6687,820,2024-10-06,,2025-02-03
3384,6514,1350,2025-02-18,,
3700,3880,1762,2025-02-08,,
3871,8596,1008,2025-02-28,,
3938,8678,145,2024-09-28,,
3967,6234,2924,2025-07-20,,
4252,2195,792,2025-09-24,,
4289,6051,3974,2024-01-19,,
5606,6510,1901,2024-10-24,,
5760,6261,1926,2025-09-08,2025-11-13,
5761,7834,4176,2024-01-07,2024-04-22,
5843,6969,3655,2025-08-02,,
5949,2143,2845,2025-01-14,,
6042,4912,693,2024-08-20,,
6169,5304,1836,2024-02-11,,
6262,9531,658,2024-09-15,,
6317,8672,2665,2025-08-21,,2025-10-31
6519,147,3386,2025-04-30,,
6859,6794,300,2025-08-04,,
6956,1483,2499,2024-04-26,,
6969,996,746,2024-12-07,2025-02-15,
7120,9287,1488,2024-08-31,,
7152,8110,174,2025-06-15,,
7189,682,2367,2025-12-09,,2025-12-22
7342,3637,394,2024-08-06,,
7432,2121,4203,2025-12-05,,
7706,963,4345,2024-06-15,2024-09-22,
7745,9948,3962,2024-07-20,2025-01-02,
7968,2256,1182,2025-09-01,,
8394,1913,97,2024-12-11,2025-05-20,
8665,1917,4358,2024-11-29,,
9110,7800,3137,2024-02-05,,
9207,4737,4989,2025-02-26,,
9370,7621,903,2024-11-11,,
9520,1948,3564,2025-03-23,,
9525,4421,523,2025-06-29,,
9643,403,4851,2025-08-03,,2025-12-21
9702,432,3996,2024-09-28,,
9855,8898,3393,2024-12-24,,
9949,7319,1059,2025-11-26,,
10308,8345,2816,2024-05-24,,
10475,6114,3025,2024-08-26,2024-09-19,
10536,2845,4676,2025-01-21,,
10760,619,4950,2025-10-08,,
10817,9810,3404,2025-12-23,,
10981,3795,568,2025-09-29,,
11136,4587,4907,2024-12-29,,
11142,964,3909,2025-11-09,,
11180,6329,1346,2024-12-31,,
11400,9631,3411,2025-11-28,,2025-12-11
11423,342,4012,2024-05-23,,
11781,5751,3806,2024-10-26,,2025-09-16
11809,5598,4763,2025-08-05,,2025-11-26
11815,3457,4364,2024-12-10,,2025-01-28
11938,5878,275,2025-08-25,,
12020,3723,954,2025-12-06,,
12106,7830,518,2024-11-05,,2025-09-18
12149,3685,4316,2024-10-12,,
12503,5620,713,2025-02-17,,
12713,4421,4352,2025-01-26,,
12900,1845,124,2024-04-13,,
13109,1528,1483,2025-11-09,,
13351,4914,2907,2025-04-30,2025-05-10,
13460,648,3024,2025-07-26,,
13618,3450,389,2025-04-25,,
13883,7,2483,2024-09-18,,2024-11-08
14036,124,530,2025-10-01,2025-12-23,
14182,8877,812,2025-07-11,,
14208,9679,760,2024-09-14,,
14757,3704,672,2025-09-21,,
14926,685,3083,2025-10-25,2025-12-22,
14960,9218,4876,2024-12-11,2025-05-28,
15032,6989,1795,2025-11-18,,2025-12-23
15102,9556,2724,2025-12-09,,
15149,8913,3778,2025-12-07,,
15295,113,3009,2024-04-25,,
15306,4968,832,2024-08-07,,
15335,5032,52,2025-01-13,2025-04-07,
15397,279,4977,2024-02-12,,
15507,5803,1113,2025-12-24,,
15514,8662,1653,2024-09-02,,
15561,7882,1933,2025-08-22,,
15888,4935,3830,2024-07-15,,2025-03-12
15985,4769,1754,2024-10-20,,2025-07-27
16330,164,2789,2024-07-03,,
16715,4556,3606,2025-08-29,,
16761,9752,1133,2025-04-15,,
16799,490,176,2024-09-10,,
17377,6834,3603,2024-05-18,,
17470,5445,2625,2024-01-22,,
17478,1163,1814,2024-03-08,2024-05-04,
17536,3741,3466,2024-03-07,2024-07-04,
17715,4739,1340,2025-12-15,,
17731,39,4424,2025-09-06,,
17764,9702,1776,2025-06-17,,2025-12-24
17949,5171,3412,2025-12-03,,2025-12-14
18115,5294,1828,2025-07-28,,
18264,641,404,2025-02-18,,
18678,3223,1688,2025-12-24,,
18821,4578,405,2024-08-04,,
18888,2495,1439,2025-02-26,2025-04-23,
19670,8434,3084,2025-07-29,2025-08-18,
19953,2822,4187,2024-12-20,,2025-02-14
80,3592,3225,2025-01-01,2025-02-14,
136,2198,2427,2025-03-02,,
138,7681,87,2024-08-31,2024-11-28,
252,1761,3742,2024-05-28,,2024-10-17
418,9933,17,2025-03-23,,
795,6836,3451,2025-11-21,,2025-12-01
1092,6496,3825,2024-04-13,,2024-05-08
1819,5588,2745,2024-11-01,2025-03-14,
2086,7389,2598,2024-07-18,,
2537,8951,1889,2024-06-23,,
3085,3703,2928,2025-02-17,,
3393,3764,1384,2025-04-11,,
3427,1680,2796,2025-09-22,2025-10-24,
3549,8476,2697,2024-03-14,,
3611,7360,4692,2024-08-22,,
4171,2460,4398,2024-10-12,,
4240,8168,1171,2025-05-09,,
4330,2763,3328,2025-12-01,,
4407,5068,2414,2025-05-27,,2025-12-13
4718,6823,65,2025-08-26,,
4901,5070,2106,2024-07-15,,
5386,4221,2772,2025-11-07,2025-12-18,
5426,314,188,2024-11-14,2025-01-04,
5692,3661,4564,2024-02-11,,
5744,7349,1458,2024-11-29,,
5988,36,3563,2024-02-11,,
6123,7614,2334,2023-12-31,,
6248,5675,4512,2024-03-10,2024-04-20,
6272,3778,3546,2024-12-30,,
6316,5051,2573,2025-07-12,,
6569,3183,63,2025-12-02,2025-12-10,
7011,2717,3441,2025-12-14,,2025-12-15
7115,5548,3317,2024-12-25,,
7212,7966,523,2025-07-16,,
7913,2542,2849,2025-11-17,2025-12-18,
7986,4826,1753,2025-01-17,,
8310,1428,2350,2025-06-01,,
8379,216,246,2025-07-22,2025-10-24,
8586,3439,4462,2025-12-23,,
8622,3258,97,2025-02-28,2025-04-08,
8679,8149,1009,2024-02-18,2024-03-25,
8999,5109,985,2025-09-19,,
9878,7483,2480,2025-02-14,,
9969,2282,452,2025-09-01,2025-11-05,
9979,6127,2067,2025-05-20,,
10443,2238,682,2025-08-04,,2025-08-20
10802,1286,1776,2025-03-09,2025-04-28,
11038,6312,4,2024-06-21,2024-06-30,
11360,4939,595,2025-08-19,,2025-08-30
11899,9218,3054,2024-10-31,,
11904,8572,2064,2025-02-22,,
11908,2652,2815,2024-06-08,,
11948,9006,4268,2024-10-19,2025-03-21,
12445,1177,4722,2024-10-31,,
13181,9166,3216,2025-12-22,,
13204,7363,722,2024-12-22,,
13234,3754,3710,2024-10-04,,
13406,7161,2536,2025-10-23,,
13489,5329,2056,2025-07-21,,2025-07-30
13685,6742,1190,2025-11-27,,2025-12-12
13749,4596,2085,2024-10-13,2025-03-29,
14236,7675,3617,2024-01-22,2024-02-11,
14402,4545,4998,2025-10-29,,
14714,7738,4275,2024-07-20,2025-01-03,
14722,596,1548,2024-07-10,,2024-08-08
14906,9111,2705,2025-03-02,,
14951,7920,3009,2024-01-21,2024-04-30,
15013,3550,3439,2025-09-16,,
15064,5957,1006,2025-10-06,2025-10-28,
15072,2103,3673,2024-01-09,2024-02-17,
15184,5375,2460,2024-08-02,2024-08-22,
15481,9883,543,2025-08-07,,
15757,4712,1979,2024-03-20,,
15907,6353,2648,2024-09-15,,
16479,9520,4701,2025-06-01,,2025-10-16
16525,3228,243,2025-11-09,,2025-11-18
16587,8670,2279,2024-02-18,2024-03-09,
16663,9886,4201,2025-08-10,,
16720,3051,4656,2025-10-04,2025-12-15,
16760,2151,1026,2025-07-14,,
17183,7368,2919,2024-07-20,,
17485,5609,446,2025-05-25,2025-10-07,
17938,7503,536,2025-04-02,,2025-08-26
18361,284,3810,2024-09-19,2025-02-03,
18457,2551,2129,2025-02-13,2025-05-29,
18499,7388,1846,2024-11-01,,
18548,8116,4323,2024-10-19,,2024-11-01
18583,9955,768,2024-06-07,,2024-10-25
18782,6398,4838,2024-02-21,2024-07-10,
19039,3144,1182,2024-10-25,,
19384,5064,2948,2024-09-14,,
19425,3760,1328,2024-01-06,,2024-12-23
19434,444,4233,2025-06-17,2025-11-12,
19980,9640,2813,2024-10-27,2025-01-18,
55,4064,2331,2025-11-17,,
858,2979,3010,2025-12-18,,2025-12-22
865,5063,3951,2024-06-25,,
979,2716,1264,2024-12-10,,
1112,8134,3490,2024-10-03,,
1145,6219,4606,2024-08-06,2024-11-03,
1167,9795,1819,2024-05-04,2024-06-28,
1214,6247,2904,2025-03-23,,
1267,3455,2112,2024-09-11,,
1353,9053,213,2025-05-07,2025-07-17,
1486,7050,3558,2024-03-01,,
2477,4382,1064,2025-10-11,,
2496,2587,1298,2025-05-01,,
2506,8267,4396,2024-09-08,2025-03-02,
2729,2061,1965,2025-06-07,,
3037,6119,2763,2025-01-27,,
3249,8497,2149,2025-10-21,2025-12-17,
3293,3907,203,2024-11-01,,
3308,4745,3820,2024-10-11,,
3320,4696,2783,2024-09-26,,
3543,497,4084,2025-02-03,,
4058,165,4866,2025-07-11,,
4101,6188,3397,2024-12-11,2025-02-27,
4248,9165,671,2025-09-01,2025-12-06,
4602,9581,973,2025-09-29,2025-10-25,
4647,1265,2119,2025-09-29,,
4897,1492,2967,2025-04-05,,2025-04-20
5351,4751,4214,2024-01-07,,
6021,3259,1904,2025-11-20,,
6614,9244,3669,2024-03-06,,
7242,2480,4445,2024-04-26,2024-08-13,
7246,5173,32,2024-09-21,2025-01-29,
7252,9180,1764,2024-12-20,2025-01-06,
7333,3514,3548,2024-12-17,,
7627,9043,2585,2025-05-03,,2025-06-11
7634,1926,4796,2025-11-25,,
7779,8767,4808,2025-07-27,,
8225,4029,4358,2025-12-22,2025-12-25,
8348,4025,589,2025-08-05,,2025-10-03
8409,563,3230,2025-12-17,,
8427,8271,1530,2025-04-20,,2025-11-27
8643,5358,3748,2025-09-14,,2025-12-14
8700,8323,3587,2025-04-03,,2025-08-15
8862,6373,2571,2024-06-06,,
9037,8754,3075,2024-10-29,,
9221,9459,794,2024-10-01,,
9405,1850,2843,2024-01-01,,
9447,8642,548,2025-06-22,,2025-12-19
9666,6873,1657,2023-12-28,2024-02-24,
9721,9058,3580,2024-03-14,,
10160,3923,4573,2025-12-06,,
10179,8580,72,2025-12-01,,
10385,9669,2284,2024-11-05,2025-01-22,
10584,1866,4911,2025-11-15,,
10827,7555,3789,2025-06-30,,
11448,7472,3130,2025-09-25,,
11460,8234,2670,2024-10-25,2024-11-08,
12096,6207,4778,2025-10-04,,2025-11-06
12143,2690,3593,2025-03-06,,
12309,8199,1768,2024-08-28,2024-11-29,
12335,2021,3080,2024-01-20,,
12364,4604,2865,2025-11-09,,2025-12-09
12459,6664,2873,2024-09-10,,
13333,6775,1145,2025-07-01,2025-10-13,
13557,9114,3403,2025-11-14,2025-11-21,
13776,8444,1433,2024-03-19,2024-04-26,
14490,2881,3709,2024-11-22,,
14985,2202,822,2024-08-13,,2025-01-19
15096,6640,2948,2024-09-02,,2024-11-13
15166,3329,788,2025-11-24,,2025-11-28
15231,6134,2446,2025-11-07,,
15390,155,788,2024-08-26,,
15513,1971,4501,2025-04-12,,
15610,889,540,2025-02-05,,
15709,2381,1980,2024-10-04,,
15903,6469,1766,2025-04-25,,2025-09-08
16020,5866,1389,2024-04-26,,2024-10-30
16290,4456,3064,2025-07-24,2025-09-08,
16444,2750,4590,2024-03-14,2024-07-15,
16473,5568,3866,2024-11-16,2025-01-14,
16634,70,4158,2025-02-13,2025-07-18,
17175,6201,205,2025-11-23,,
17179,2952,2530,2024-02-20,,
17466,8860,1030,2024-05-12,,
17633,2011,2313,2025-06-12,,
17700,9173,4186,2024-02-04,,
17781,9635,3686,2025-10-22,,
17895,1229,3284,2024-03-04,2024-06-05,
17934,5314,2495,2025-08-09,,
18243,4307,1774,2024-12-31,,
18294,6907,2084,2024-04-07,2024-07-11,
18382,4201,1145,2025-01-25,,2025-07-16
18593,994,1273,2024-01-26,,
18734,8429,872,2024-10-17,,
18769,9882,4400,2024-08-16,,
18900,4666,1006,2024-02-18,,
18945,8041,1226,2024-07-09,,
18952,1913,4950,2024-08-06,,
19160,411,4157,2024-12-12,,
19508,9452,2666,2025-05-20,2025-08-31,
151,5716,3828,2024-04-23,2024-09-29,
486,952,2661,2025-01-05,,
632,5653,1479,2024-08-18,,
1168,471,3616,2025-04-23,,
1204,7523,1230,2024-10-11,,
1260,8012,2442,2024-08-10,2024-09-09,
1296,7435,1653,2024-07-30,,
1603,8176,1017,2025-11-17,,
1670,9895,3617,2025-05-02,,
1722,6132,864,2024-12-17,2025-03-19,
2263,7174,1447,2025-06-16,,
2346,631,488,2024-06-26,2024-08-18,
2411,7203,3550,2025-01-10,,
2509,753,224,2025-09-19,,
2701,1499,3382,2024-03-20,,
2801,2732,3323,2025-10-19,,
3099,169,3075,2025-12-22,,
3226,5553,668,2024-12-03,,
3758,9811,4861,2025-04-01,,
3850,8912,3648,2025-08-09,,
4069,2262,661,2025-10-21,,
4271,7001,1467,2025-07-02,2025-11-17,
4547,9456,4948,2024-05-14,,2025-04-27
4582,837,777,2024-10-29,,
4642,3974,2802,2025-01-08,2025-04-19,
4872,8313,1685,2024-01-22,,
5096,1270,4957,2024-02-10,2024-08-04,
5140,344,2705,2023-12-27,,
5368,589,138,2025-12-17,,
5596,5986,4817,2024-06-04,,
5699,7895,1056,2025-03-24,2025-09-01,
5888,9717,4690,2025-03-24,,2025-08-07
5944,2606,4316,2024-12-20,,
6402,7157,1306,2024-09-08,,
6615,3925,4382,2025-02-11,,
7021,1977,1651,2024-01-07,,
7168,2870,4541,2024-11-06,,
7351,3482,3466,2023-12-29,,
7394,6115,894,2024-01-10,,2024-12-28
7877,2085,2429,2024-06-04,,
7881,3288,553,2025-08-01,,
8042,9467,914,2025-12-17,2025-12-24,
8092,4626,2526,2025-07-27,2025-10-21,
8218,3539,2267,2025-01-18,,
8303,2125,483,2025-08-17,2025-09-11,
8948,31,3786,2024-02-15,,
8992,2952,2614,2024-08-02,,2024-12-01
9073,7184,3313,2024-10-26,,
9563,2026,2943,2025-03-27,,
9696,6159,2644,2025-12-24,,2025-12-25
10011,6824,3671,2024-12-09,,
10079,3692,3722,2024-08-23,,2024-12-02
10128,3365,120,2025-05-07,,2025-10-23
10145,5528,1143,2025-10-13,2025-11-02,
10270,5330,3730,2025-10-04,,2025-12-25
10299,2716,1205,2025-10-05,,
10383,8565,1775,2024-02-01,,2024-10-24
10391,7585,1425,2024-08-13,2024-08-23,
10450,4091,493,2025-04-05,2025-09-16,
10505,3315,2055,2025-04-03,,
10525,2816,2299,2024-07-19,,
10582,5483,3589,2024-11-14,2024-12-30,
10860,8026,1083,2024-04-04,,
11629,1944,692,2025-01-29,,2025-05-11
11969,7387,565,2025-10-19,2025-11-20,
12046,3390,4529,2025-10-13,,
12196,5671,2479,2024-09-27,,
12363,7168,4456,2024-10-29,,
12869,504,147,2024-11-13,2025-01-27,
13316,8445,1253,2025-04-05,2025-05-08,
13455,6087,1976,2025-12-14,2025-12-24,
13495,5380,4509,2024-12-16,,
13632,3672,1700,2025-12-01,,
13676,2630,4874,2025-05-01,,
14008,3380,1991,2024-09-11,,
14136,2603,3458,2025-07-04,,
14142,8059,4032,2024-06-08,,2024-09-19
14211,4691,232,2024-09-06,2024-10-20,
14385,7980,3279,2024-05-01,,
14390,5920,1996,2025-09-24,2025-11-27,
14558,1286,2959,2024-11-11,,2025-09-24
14777,176,641,2024-06-20,2024-10-27,
15081,4368,539,2024-04-09,,
15091,238,4340,2024-12-09,,
15349,5556,1727,2024-03-01,,2024-03-12
15361,9824,1225,2024-08-25,2024-11-30,
15643,7304,2097,2024-01-25,,
15934,71,915,2025-01-26,,2025-09-26
16030,1149,2296,2025-04-05,,
16176,6261,296,2025-03-22,,
16363,4383,2104,2023-12-29,,2024-01-14
16376,9010,2582,2025-10-25,2025-11-06,
16787,9719,1020,2025-12-20,,
16843,4224,3091,2025-09-06,,
16850,3762,4690,2025-08-15,,
16863,3697,4416,2024-02-12,,2024-09-17
16897,7182,4624,2025-12-12,,
16917,951,1033,2025-08-22,,
17357,9564,928,2025-05-28,,
17429,5806,193,2025-05-23,,
17597,5360,4134,2024-12-20,,2025-06-04
17704,1025,4808,2025-03-10,,
18070,6819,37,2024-04-20,,
18220,4868,2674,2025-03-15,2025-07-01,
18578,723,3109,2024-06-27,,
18668,8950,1399,2025-09-30,,
18707,5328,748,2024-07-14,,2024-09-17
18942,1652,4545,2025-07-11,,
19125,4666,2980,2025-11-08,,
19137,6881,1815,2025-09-15,,
19804,2591,620,2025-04-07,,
19851,5984,3075,2024-01-04,2024-06-30,
406,6707,3235,2024-07-19,,2024-07-31
587,6555,4967,2025-01-08,,2025-07-29
742,4284,2373,2025-11-30,,
860,7915,4310,2023-12-26,2024-04-06,
880,1548,2944,2025-10-19,,
921,607,665,2024-12-16,2025-04-06,
1380,9643,113,2024-04-16,2024-07-12,
1623,8887,2860,2025-12-19,,
2063,163,2914,2024-11-17,,
2180,3088,3924,2025-12-17,,
2380,9733,1048,2024-11-10,,
2578,2818,1265,2025-06-10,,
2598,8670,3514,2025-03-02,2025-05-04,
2741,84,1565,2024-03-22,,
2747,6582,1003,2025-04-08,2025-09-29,
2949,1855,2165,2024-02-10,,2024-07-31
3021,7612,3805,2025-09-06,,
3036,9937,2330,2024-10-26,,2025-07-24
3182,8561,904,2025-01-27,,2025-04-02
3457,3878,1264,2025-03-08,,2025-03-26
3878,3834,1376,2025-05-16,,2025-08-12
3922,4908,900,2025-03-17,,2025-11-11
4507,3313,2744,2024-04-30,,
4515,7397,3551,2025-10-24,,2025-12-08
4611,68,2407,2025-01-25,2025-03-31,
4837,6258,251,2025-03-02,2025-07-27,
5221,2727,1077,2024-07-14,,
5325,2560,2977,2025-04-06,,2025-04-22
5545,3467,2763,2025-10-28,,
5549,8406,1143,2024-07-27,,
5567,2813,3668,2025-08-01,2025-12-25,
5675,527,1161,2024-01-19,,2024-11-11
5741,1201,4972,2025-11-19,,
5799,7333,3386,2024-12-02,,
6010,4783,710,2024-09-06,,
6710,961,2808,2025-09-04,2025-11-12,
6755,5828,321,2024-01-11,,
7149,1160,833,2025-08-13,,
7429,3789,2675,2024-04-08,,
7608,6577,1277,2025-06-18,2025-07-19,
7642,8319,794,2025-08-01,,
7659,1232,2998,2024-01-25,,2024-10-11
7823,8890,711,2025-09-22,,
7921,2538,722,2024-12-28,,
8346,3840,4849,2024-10-20,,2024-12-24
9236,6305,2020,2025-08-31,,
9864,4204,4279,2025-08-26,,
9874,707,3989,2025-01-06,,
10001,5208,112,2025-09-13,,
10127,7082,4533,2024-07-11,,
10301,4407,3570,2024-01-29,2024-02-10,
10346,5479,2651,2025-09-16,,
10585,9948,3054,2025-05-12,,
10812,9028,882,2024-12-01,,
11011,1857,4085,2024-03-27,2024-07-21,
11179,1638,4965,2025-10-02,2025-11-03,
11239,111,4306,2024-10-21,2025-04-07,
11303,1046,3557,2025-07-17,,
11506,4647,1963,2024-08-11,,
11518,3602,997,2025-11-17,2025-11-29,
11757,7377,1061,2024-07-28,,2025-07-26
11919,5177,1617,2025-11-28,2025-12-11,
12168,4726,4694,2024-02-06,,2024-03-01
12220,1574,4038,2025-09-09,,
12415,5598,1357,2024-01-04,,
12487,4917,1242,2024-01-30,,
12653,5073,3009,2025-07-31,,
12954,962,2633,2025-09-03,,
13424,488,3422,2025-10-06,,
13701,3219,732,2025-12-07,2025-12-20,
13961,7886,810,2025-11-14,,
14404,7207,3848,2025-12-15,2025-12-22,
14482,3672,4862,2024-04-16,,
14599,7241,4422,2024-06-02,,
14649,6363,1176,2025-10-03,,
14732,3297,3055,2025-06-25,,
14746,529,3126,2025-05-11,,
14846,666,758,2024-06-18,,
15370,8508,2671,2024-12-07,,2025-12-01
16014,6337,3299,2025-04-25,,
16335,7906,2395,2025-11-20,,
16753,969,4577,2025-06-19,,2025-12-20
16865,6822,2192,2024-07-22,,
17089,258,3294,2024-05-23,,
17233,3538,141,2024-01-02,,
17483,6788,4504,2024-06-26,,2025-02-12
17707,2687,1952,2025-03-10,,
17880,2219,1206,2025-05-09,,
18044,7062,4413,2025-09-02,2025-09-21,
18045,3609,4401,2025-06-23,,
18428,5568,2005,2025-06-24,2025-10-29,
18564,8529,1756,2024-06-03,,
18747,6623,2783,2025-06-26,,2025-07-06
19086,8918,437,2025-02-15,,
19273,4614,3874,2025-06-17,,2025-08-23
19332,432,4339,2024-03-31,2024-07-17,
19365,2809,2738,2024-07-14,,
19393,9527,2465,2025-08-07,,
19471,5189,3676,2024-11-12,,
19772,9699,97,2025-12-04,,2025-12-19
19788,2908,583,2024-07-28,2024-10-02,
19862,4219,2067,2024-10-10,,
3,5306,2450,2024-03-08,,
15,3491,955,2024-04-25,,
49,3876,3988,2024-11-26,2025-01-07,
187,5719,2983,2025-07-14,2025-09-17,
271,49,1877,2025-12-09,2025-12-20,
328,5777,4301,2024-11-19,,
805,7143,3759,2025-01-11,,
936,1610,51,2025-10-17,,2025-11-21
1105,7601,3981,2025-02-09,,
1453,1316,4266,2025-09-23,,
1465,9024,3074,2024-09-20,,
1496,3164,4978,2025-04-02,,
1631,6215,106,2025-10-21,,
1791,8537,40,2025-02-02,2025-07-05,
2090,1910,1870,2024-04-15,,
2296,143,1462,2024-12-09,,
2510,4891,232,2025-08-13,2025-09-29,
2640,3534,800,2025-06-17,,
2692,4673,3506,2025-10-26,,
2697,5731,2975,2025-12-21,,
2726,6252,3419,2025-01-31,,
2766,9109,2393,2025-06-24,,
2926,6210,1408,2025-06-17,,
2971,5036,1794,2024-12-28,2025-02-15,
3126,8328,4730,2025-02-01,2025-05-02,
3272,8415,4340,2025-02-07,,
3291,8361,1070,2024-06-19,,
3583,4792,98,2025-09-01,2025-11-01,
3712,9398,1409,2025-07-23,,
3845,751,2212,2025-08-14,,
4584,2365,2869,2024-05-13,,
4666,7751,4587,2025-07-12,,
4745,7179,1111,2025-04-08,,2025-07-08
5191,3367,2663,2024-12-09,,
5376,541,1285,2024-08-23,,2024-09-24
5391,8194,4842,2024-06-28,2024-12-02,
5615,9244,532,2025-01-17,,
5645,5810,3682,2024-06-09,,
5679,8589,1078,2025-09-22,2025-11-28,
5834,3736,3193,2025-10-06,2025-11-17,
5840,2695,293,2025-03-02,,2025-05-19
5948,7,828,2024-12-02,2025-03-17,
6712,4650,4964,2024-06-21,2024-09-14,
6801,2035,3840,2025-01-25,,
7315,9490,454,2025-10-18,,
7503,7972,1015,2025-07-08,,
7644,9302,3822,2024-04-24,,
8097,6537,2151,2024-01-14,2024-06-22,
8763,5368,1365,2024-01-27,,
8839,7018,2301,2025-12-22,,
8873,2943,1535,2024-06-28,,
9114,3537,3076,2025-10-30,,
9164,2078,3280,2025-05-23,,
9224,2244,712,2024-09-03,,
9318,5007,4075,2025-07-21,,
9442,9702,1058,2025-04-05,,2025-12-01
10033,7289,4730,2024-02-25,,
10209,2854,1528,2024-11-27,,
10873,873,2067,2025-12-11,,2025-12-20
10877,8974,3636,2024-08-25,,
11025,1396,2188,2025-08-25,2025-10-18,
11193,4492,1104,2024-03-29,2024-07-24,
11270,9023,2129,2024-03-27,2024-05-24,
11484,5414,1778,2024-05-27,,
11635,7358,4750,2024-04-29,,
11742,379,2653,2024-03-15,2024-08-08,
12217,151,1359,2025-07-18,,
12373,9891,4259,2024-11-15,,
12443,5435,3148,2025-10-13,,2025-11-13
13280,6887,1551,2025-03-07,,2025-12-15
13724,2938,2734,2025-11-07,,
13899,2515,830,2025-07-31,2025-10-28,
13960,475,1853,2024-04-14,2024-05-26,
14465,3643,3720,2025-12-24,,
14505,3054,448,2024-08-20,,
14700,8866,698,2025-10-05,,
14896,1968,3370,2025-09-01,,
14943,6823,953,2025-10-17,,
15077,7077,3775,2025-09-21,,2025-10-05
15105,5335,3946,2025-02-24,2025-05-29,
15368,1172,3122,2025-04-26,,
15689,1768,1024,2024-03-08,,
15874,4040,1050,2025-03-08,,
15983,6402,3659,2024-09-08,,
16074,3609,1340,2024-05-31,,
16286,7612,3331,2024-01-21,,
16359,2914,1455,2024-03-07,2024-07-09,
16626,8753,731,2025-07-16,,
17420,6071,539,2025-01-08,,
17500,3497,1239,2025-02-21,,
17577,3901,3939,2025-04-05,,
17995,2623,293,2024-12-25,,
18257,6735,2556,2025-11-18,,
18284,3907,530,2024-10-14,,
18352,3183,1100,2025-07-01,2025-08-02,
18472,6629,822,2024-09-15,,2025-02-01
18587,4361,3791,2024-07-20,,2025-03-08
18886,3954,927,2025-09-20,,
18891,4748,1187,2025-01-09,,2025-05-25
18904,4145,3982,2024-11-15,,
18955,7177,2952,2024-06-13,,
19098,7591,1946,2024-11-14,,
19268,8001,251,2024-12-08,2025-05-11,
19313,5317,3460,2025-02-22,,2025-09-16
19680,1317,3329,2024-10-10,,
19911,2744,628,2025-09-28,,
41,2414,2820,2025-04-07,,
851,5014,657,2024-09-28,,2025-09-09
927,5900,3884,2025-01-27,2025-05-23,
980,9812,4417,2025-10-09,2025-10-17,
1554,3006,4611,2024-06-16,,
1689,6550,4073,2024-04-06,,
2875,9886,1787,2024-04-13,,
2986,8273,2087,2025-04-30,2025-09-05,
3058,6227,645,2024-08-06,,
3294,7773,445,2025-04-22,,
3305,3226,2726,2025-10-07,,2025-11-15
3442,3058,4319,2025-05-16,,
3462,668,443,2024-04-24,,
3578,8319,3163,2024-08-12,,2024-10-26
3904,7241,3823,2025-01-13,,
4015,9902,2336,2025-08-12,,
4189,5168,3683,2024-06-14,,
4259,8782,982,2025-11-23,2025-12-15,
4450,3065,4363,2025-02-16,,2025-03-19
4470,2599,4265,2025-11-16,,2025-12-22
4563,4001,3358,2025-11-27,,
4974,1649,4033,2025-11-01,,
5056,437,2051,2024-12-15,2025-02-05,
5078,7793,208,2025-10-13,,
5637,1737,3024,2025-11-15,,
5826,1217,3468,2025-07-24,,
6222,4210,4737,2025-08-04,2025-08-25,
6686,5034,2544,2025-04-19,2025-07-31,
6800,6675,4545,2024-03-01,,2024-11-03
7143,608,864,2024-03-19,2024-09-05,
7227,5348,549,2025-05-30,,
7374,543,4410,2024-02-29,2024-07-05,
7521,105,4404,2024-07-30,2024-10-22,
7900,5521,3796,2025-01-15,,
8119,8697,4021,2025-10-30,,2025-11-06
8479,9530,2360,2024-02-24,,
8654,5840,2381,2025-12-07,2025-12-22,
8819,5333,58,2025-09-29,,2025-11-22
8938,8264,3555,2024-09-24,,
9292,7198,2266,2024-05-20,,
9448,7543,4365,2025-08-30,2025-10-13,
9481,2456,277,2025-01-30,2025-04-05,
9632,1235,4713,2025-05-24,,2025-11-18
10517,7642,229,2025-02-06,,
10564,5433,4132,2024-09-10,,
10633,6577,3948,2024-04-21,,
10741,2714,1068,2024-05-30,2024-07-31,
10751,4885,2615,2024-11-11,2025-03-06,
10931,2458,4081,2024-08-18,,2024-11-04
10972,2162,510,2025-12-03,,
11078,330,4270,2025-03-04,2025-06-30,
11290,4572,4859,2025-12-07,,2025-12-19
11412,8578,2167,2025-07-06,,
11449,3729,3194,2024-11-03,2024-12-28,
12037,1293,323,2025-04-21,,
12613,1058,2006,2025-11-03,,2025-12-01
12642,1391,4506,2025-06-20,2025-11-20,
12997,4253,1633,2025-06-05,,
13100,2718,1965,2024-10-15,,2025-03-08
13560,3939,1126,2025-09-02,2025-11-07,
13585,2398,2244,2024-01-31,,
14170,8565,4877,2025-05-13,,
14526,9575,4852,2024-12-29,,
14914,195,1186,2024-12-27,,
15223,9098,599,2025-09-21,,
15387,1890,3940,2024-03-02,,2025-01-30
15654,1093,2459,2025-02-23,,
15675,9734,4140,2025-07-17,,2025-12-08
15913,9799,572,2025-03-22,2025-05-06,
16255,5685,4423,2024-02-20,,
16396,1474,702,2024-09-27,,
16434,2259,2478,2024-10-16,,2025-04-20
16644,4039,167,2025-04-01,,
16682,1971,3973,2024-08-16,2025-01-22,
16708,6387,4421,2025-11-04,,
17296,9729,4247,2025-04-26,,
17732,4834,718,2024-08-29,,
17737,5820,2374,2025-12-23,2025-12-25,
17897,3249,4242,2025-04-21,,
17917,1449,1082,2024-09-20,,
18637,4504,1574,2025-09-27,,
18842,3864,1076,2024-08-23,,
19016,6034,2031,2025-10-05,,
19128,4293,2003,2024-12-15,,
19469,1226,1594,2024-02-09,,
58,9766,4105,2024-12-16,,2025-11-14
133,6622,2942,2025-07-13,2025-08-10,
219,7918,947,2025-07-31,2025-10-13,
232,4898,3053,2025-08-11,2025-12-24,
503,9281,403,2024-12-10,,
783,4647,3883,2024-10-11,2024-12-06,
916,8271,4945,2024-07-22,2024-10-26,
975,6849,1259,2025-05-20,,
1116,4418,3007,2025-05-09,,
1191,2877,3100,2025-05-21,2025-07-30,
1333,7301,1010,2024-01-12,,2024-08-30
1366,6310,4536,2024-01-07,2024-05-30,
1696,5043,972,2025-11-24,,
1792,4503,603,2025-10-31,,
2261,1219,4102,2024-09-22,,
2661,2173,2937,2025-07-26,,
2715,9227,296,2025-03-27,2025-06-19,
2843,8225,1453,2025-03-14,2025-06-20,
3104,8850,4425,2025-03-10,2025-06-30,
3313,3186,52,2025-10-20,,
4032,9966,4018,2025-04-03,2025-08-08,
4558,4924,1526,2024-08-09,,
5111,2985,1473,2025-08-30,,
5347,1382,1484,2025-09-06,2025-09-26,
5370,9733,3987,2024-10-27,,
5684,7656,1340,2025-10-03,,
5925,3760,723,2025-08-31,,2025-09-15
5933,4908,2540,2024-12-16,2025-02-16,
6073,868,1811,2025-08-03,,2025-11-27
6210,7769,2120,2025-10-25,,
6386,6529,3274,2025-06-12,2025-09-02,
6527,6096,203,2025-08-26,,2025-10-01
6850,5126,2551,2025-08-29,2025-09-07,
6962,4090,3094,2025-10-01,,
7022,6944,4750,2025-12-03,2025-12-13,
7029,8862,553,2024-10-04,,
7087,3242,235,2023-12-27,,
7318,8746,1149,2025-02-09,,
7868,8951,3449,2024-06-07,,
8113,1721,1209,2025-08-05,,
8257,9165,3899,2024-11-11,,2025-03-29
8468,8745,4326,2024-08-24,,2024-09-01
8737,3608,1546,2025-07-11,,
8955,2828,1642,2025-08-26,,
9104,2629,3658,2025-01-29,,
9149,9562,1273,2024-10-26,,
9263,1421,1256,2024-10-05,,
9803,5829,4350,2025-12-24,,2025-12-25
10014,6024,95,2025-10-31,,2025-11-22
10018,2259,334,2025-06-03,,
10291,1077,144,2024-04-07,,
10347,5350,3423,2024-06-28,2024-12-18,
10785,4265,2496,2025-03-25,,
10850,5785,2239,2025-08-02,2025-12-23,
11130,5193,1314,2024-09-29,,
11229,1610,4383,2024-09-11,,
11248,4340,3807,2025-02-02,,
11394,854,4566,2024-10-28,,
11508,2242,2826,2025-05-04,,
11531,6890,4070,2024-04-04,,
11710,5127,672,2024-02-06,2024-06-13,
11804,5237,256,2025-03-23,,
11959,4076,1745,2024-08-16,,
12344,6001,4909,2024-12-15,,
12541,3600,4898,2025-10-20,,
12714,6044,706,2024-07-11,2024-12-01,
12735,3484,4163,2024-02-28,2024-04-17,
13016,5889,1244,2025-06-07,2025-06-16,
13668,1136,145,2025-06-24,,
13845,2909,3805,2024-05-17,2024-09-27,
13870,2063,4650,2024-05-26,,2024-06-09
14373,7351,4791,2025-11-03,,
14498,9106,1124,2024-08-18,,2024-08-19
14843,5079,3632,2025-04-14,2025-04-23,
14979,9015,4131,2025-10-22,2025-11-21,
15025,6939,123,2025-12-03,2025-12-13,
15230,4487,958,2025-02-19,2025-03-27,
15539,3766,3414,2025-04-10,2025-09-21,
15557,8863,4718,2024-12-30,2025-06-20,
15613,16,2844,2025-06-14,2025-08-15,
16252,593,3466,2024-01-09,,
16259,4169,4472,2025-10-03,,2025-11-01
16336,7501,1398,2025-03-19,,
16532,5520,4022,2025-12-23,,2025-12-25
16735,3929,4434,2025-11-14,,
17473,7815,1684,2025-10-24,2025-12-10,
17512,21,4684,2024-09-12,,
17571,2491,3406,2025-05-29,,
17890,2992,2778,2025-03-17,,
17920,6016,1420,2024-01-09,,
18052,2313,2511,2024-04-14,,
18916,2664,2242,2025-04-12,,2025-07-20
19077,2164,4582,2025-09-17,,2025-11-26
19165,4339,4196,2024-11-21,2025-04-12,
19180,8621,331,2025-01-02,,2025-11-28
19213,6696,3115,2024-03-30,2024-09-06,
19361,1734,1184,2025-06-13,,
19690,7467,3508,2025-09-05,,
19740,6967,668,2024-01-21,2024-05-02,
19769,595,1510,2025-09-03,,2025-10-09
19991,613,4117,2025-07-17,2025-10-31,
202,2334,3635,2024-04-27,,
260,8620,4443,2025-10-12,,2025-11-13
301,6414,3468,2025-09-29,,
341,1424,436,2024-03-18,,
1314,1283,950,2025-08-30,,
1711,7623,2600,2025-06-26,,
1927,4963,791,2024-06-23,,2024-08-21
2039,595,2152,2024-12-22,,
3000,953,1470,2025-06-11,,
3041,9552,2449,2025-07-03,,2025-12-08
3269,2890,1855,2025-07-25,,
3573,956,1274,2025-02-06,2025-06-03,
3589,1804,1518,2024-12-10,2025-01-17,
3623,5113,4839,2024-04-12,2024-08-22,
3697,461,4754,2025-05-21,,2025-09-22
3935,9963,4087,2025-03-10,,
4681,400,1393,2024-08-01,,
4927,8395,933,2024-10-01,,
5065,7521,4598,2024-08-31,2024-11-14,
5311,5599,4911,2025-12-22,,
5421,3416,1684,2024-03-19,2024-05-28,
5855,3309,22,2025-10-12,,
6524,8277,1500,2024-08-31,,
6567,3180,1728,2025-09-13,2025-11-11,
6756,3161,2859,2024-05-27,2024-09-05,
6770,2863,383,2024-12-13,2025-04-08,
6932,57,1982,2024-09-16,2025-02-25,
7337,4291,646,2025-04-25,2025-06-12,
7840,3255,2095,2024-02-09,,
8414,834,2019,2025-05-30,,
8684,4902,1244,2025-08-10,,
8687,4498,3637,2024-04-05,,
8856,8872,4212,2024-02-02,,
9003,196,3395,2025-07-16,,
9264,9431,4808,2025-05-24,,2025-06-10
9319,1264,1041,2024-03-21,,
9367,1067,1996,2025-04-30,,
9662,9149,2013,2024-11-04,,2025-08-05
9689,9084,4574,2025-07-13,2025-10-17,
10084,7915,1860,2025-12-14,,
10409,9145,4967,2024-02-06,,
10448,2590,109,2025-11-12,,
10465,1521,2281,2024-03-24,,
10575,8999,4386,2024-11-13,,
11058,7494,1179,2024-05-30,2024-07-31,
11159,9309,3930,2024-02-16,,
11429,9880,667,2025-11-23,,
11672,5202,1211,2025-12-13,2025-12-20,
11930,9972,519,2025-05-11,,
11944,6893,806,2025-02-20,,
12014,2472,2136,2024-09-13,2024-11-28,
12130,1876,588,2025-08-08,,
12213,6451,1656,2025-11-14,,2025-11-21
12341,5184,3004,2025-12-11,,
12358,9960,1347,2024-06-19,,
12458,3893,810,2024-09-10,2024-11-08,
12560,5255,1885,2025-11-10,,
12844,2151,3058,2024-03-14,,
12893,3282,557,2025-05-29,,2025-08-11
13126,2279,877,2025-11-20,,
13162,708,4052,2025-06-11,2025-07-14,
13459,1758,2579,2024-10-18,,
13773,2794,3416,2025-06-30,,
13910,9196,3253,2025-04-04,,2025-05-05
13933,7963,4876,2025-01-12,,
13966,8114,1549,2024-02-25,,
13993,9890,3821,2025-11-17,2025-12-12,
14064,4115,674,2024-04-28,,
14095,8398,2162,2024-02-09,2024-06-25,
14153,8632,1505,2024-12-15,,
14241,4355,609,2024-03-31,,2024-05-30
14480,6090,3589,2025-04-11,2025-07-14,
14611,1142,3228,2025-02-10,,
15028,8839,4477,2024-12-07,,
15357,6957,3848,2025-02-23,2025-07-14,
15367,3800,120,2025-10-18,,
15739,8699,2404,2025-12-23,2025-12-25,
15974,2843,3422,2025-05-30,2025-07-16,
16219,4985,3562,2024-03-12,,
16322,2262,1063,2025-02-22,,
16344,7215,2534,2025-01-13,,
16345,1647,2455,2025-06-13,,
16385,9907,1418,2024-12-23,,
16642,3124,3074,2024-09-01,,
16751,8715,3401,2024-12-03,2025-02-07,
16862,7973,2773,2025-07-21,,
16929,1779,411,2024-03-26,2024-08-30,
16932,6864,1970,2024-07-22,,
16992,2794,3326,2024-12-06,2025-03-03,
17079,7919,331,2025-12-06,,
17099,8828,2681,2023-12-26,,
17120,2330,98,2024-05-03,,
17234,4602,4410,2024-09-15,,
17465,8345,2079,2024-02-22,,
17651,6029,1715,2025-04-21,2025-06-08,
17836,4173,2660,2024-09-06,,2025-06-07
17853,1096,2487,2024-05-04,,
17941,1876,4228,2025-09-28,,2025-12-02
18011,1833,327,2025-11-10,,
18613,6722,4142,2024-01-17,,
18862,7829,2585,2023-12-27,,
18901,9847,3782,2025-03-19,,
19073,6567,4420,2024-09-14,,
19231,3795,2515,2025-04-25,,
19322,4011,3135,2024-05-18,2024-11-01,
19611,7665,1661,2024-10-09,,2025-07-08
19642,8768,3005,2025-12-03,,
19886,5876,2515,2024-03-19,,
16,8747,688,2025-10-31,,2025-12-08
161,3141,4801,2025-03-03,,
253,230,824,2025-12-24,,
288,9061,4141,2025-12-13,,
476,7930,792,2025-01-27,,
634,2037,3124,2024-09-07,2024-12-20,
876,2239,1163,2024-03-30,2024-09-25,
1171,7531,503,2024-04-06,,
1339,2098,3754,2024-06-01,,
1542,141,179,2024-01-06,,
1830,5794,1933,2025-10-21,2025-11-10,
1925,5168,1786,2025-03-06,,
2205,1220,4471,2024-05-19,,
2500,9143,873,2025-08-21,2025-11-10,
2975,7358,1957,2025-03-02,,
2992,2107,1831,2024-09-29,,2025-07-07
3178,1312,2560,2025-06-08,,
3422,6393,2498,2024-03-05,,
3646,3319,4031,2025-07-26,,
3724,3625,249,2024-02-25,,
4019,8813,4731,2025-04-25,,
4214,3495,3532,2025-01-10,,
4309,8409,3176,2025-07-05,,
4498,9689,4842,2024-10-23,,2025-08-26
4606,8753,4878,2024-06-25,2024-12-13,
4738,6407,3312,2025-05-18,,
4890,4203,2059,2025-05-14,,
5244,348,4666,2025-06-09,2025-08-04,
5321,6610,2985,2024-11-18,2025-03-18,
5404,8311,1001,2024-08-02,,
5616,8533,529,2025-01-07,,
5780,195,1308,2025-12-17,2025-12-25,
5830,4713,1008,2025-05-16,,2025-08-04
5858,8969,1580,2024-03-29,2024-07-28,
6023,6549,1588,2025-06-08,,
6201,8527,4858,2025-09-13,2025-11-21,
6301,6728,3072,2024-09-23,,2025-03-11
6328,4297,2037,2025-11-11,2025-12-12,
6407,9803,3289,2025-08-20,,
6596,5869,1806,2025-12-17,2025-12-25,
6643,3099,4981,2025-11-30,,
6819,838,4580,2025-10-19,,
7488,4971,2764,2024-08-16,,2025-01-11
7758,5098,1279,2025-02-04,,
7838,2011,4825,2024-01-23,,
7998,9028,2714,2025-12-14,,
8335,4440,3971,2025-06-02,,2025-09-01
8511,6773,1056,2025-07-28,2025-08-23,
8558,3134,1358,2024-09-17,2025-02-18,
8824,8161,58,2024-10-11,2025-02-06,
8894,2550,3611,2025-06-14,,
8904,8135,360,2025-12-20,,
8954,32,375,2025-06-21,,
9078,5156,2156,2025-03-12,,
9223,366,2030,2024-10-03,,2025-09-26
9373,6057,2494,2025-02-28,,
9509,9890,4903,2025-07-26,2025-10-07,
9544,9994,2781,2025-01-11,,
9672,311,2955,2025-05-17,,
10055,2690,3259,2025-10-28,,
10056,4164,2550,2025-06-05,2025-07-10,
10149,8585,2747,2025-10-22,,2025-10-28
10243,821,1730,2024-06-06,2024-07-16,
10677,4192,4287,2025-03-21,2025-08-27,
10756,5929,3682,2024-06-22,,2025-06-19
10895,550,3599,2024-02-08,,
11080,650,2728,2024-08-21,,
11368,2686,1051,2024-05-03,2024-09-07,
11487,3213,1725,2024-02-17,,
11628,3857,1843,2024-02-17,,2024-02-24
11699,7429,949,2024-02-07,,
11700,2239,3037,2024-08-02,2024-09-30,
12630,6109,1381,2024-03-12,2024-04-11,
12670,4363,2165,2025-12-20,,
12840,7794,13,2024-11-06,2024-12-27,
13514,157,3823,2024-10-02,,
13654,4363,4544,2025-11-08,,
13862,3270,86,2025-03-23,,2025-05-07
14571,4413,2931,2024-12-26,,
14678,3728,3357,2025-11-22,,
14803,4263,4330,2025-08-01,2025-09-09,
14919,348,728,2025-08-14,,2025-10-16
14991,5102,858,2024-03-20,,2024-04-24
15451,1192,401,2024-11-20,2025-02-04,
15455,5642,2071,2025-10-22,,
15456,9763,4023,2025-09-01,2025-09-29,
15467,668,2846,2025-10-26,,
15697,593,826,2024-02-21,,
15729,5222,4633,2024-09-26,,
15928,5288,15,2024-02-21,,
16054,7371,2770,2024-03-01,,
16067,6668,3690,2025-11-17,,
16100,7811,2615,2024-12-01,,
16181,1055,4116,2025-05-24,,
16357,9421,2244,2024-08-05,,2024-08-26
16668,4816,4444,2025-09-30,,
16848,2074,4604,2025-11-16,,
17134,315,4161,2024-07-08,,2024-07-26
17504,9430,869,2025-05-13,,
18059,3782,335,2025-10-25,2025-12-16,
18675,2567,3043,2025-11-26,,
18713,2327,49,2024-03-27,,
18792,6322,4777,2024-08-15,,
18887,16,635,2024-05-08,,2024-07-26
19179,4868,3618,2024-08-05,,
19189,1006,4443,2025-09-22,,2025-09-30
19226,8108,2173,2024-03-21,,
19360,237,235,2025-07-03,2025-11-10,
95,6526,2836,2024-06-25,2024-11-19,
474,6259,4997,2025-11-30,,
736,9896,4645,2025-04-09,,
819,2433,4161,2025-04-29,,
971,5851,4442,2024-10-03,,2025-07-28
1134,8562,4448,2025-09-24,,2025-10-25
1324,8857,3362,2025-09-21,2025-12-19,
1555,3313,1473,2025-06-29,,2025-10-13
1855,2598,1026,2024-10-15,,
1892,621,3986,2025-05-08,,
1973,1920,4026,2024-11-08,,
2075,9690,1381,2025-11-10,,
2107,9682,2993,2025-10-22,,
2136,2148,4474,2024-10-28,,
2591,8398,2361,2024-01-21,,
2746,7301,3945,2025-04-06,,
2811,4518,3335,2024-11-13,2025-01-27,
2944,3058,1807,2025-07-20,,
3959,8807,3358,2025-05-14,2025-07-22,
4009,8044,2064,2024-01-22,2024-03-13,
4295,5885,504,2025-11-19,2025-11-26,
4358,1896,2699,2024-01-17,2024-03-27,
4505,2203,3699,2024-07-26,,2024-10-08
4668,4364,1253,2024-01-09,,
4708,110,3826,2024-07-27,,
4758,1140,185,2025-01-01,,
5059,7706,685,2024-04-29,2024-06-10,
5138,2554,2472,2024-02-13,,
5374,3452,3022,2025-04-02,,2025-04-11
5452,3624,3329,2025-08-22,2025-08-31,
5582,6119,914,2025-08-10,2025-09-16,
5654,2907,1779,2025-05-04,,
5714,9448,4256,2025-09-25,,
5749,3270,1870,2024-06-20,,
6219,8405,3474,2025-12-12,,
6266,795,1865,2025-03-10,,2025-10-30
6295,1772,2663,2024-08-10,,2024-10-26
6332,4826,1712,2025-10-09,,
6388,4995,911,2023-12-30,,2024-09-08
6495,3311,657,2025-08-17,,
6626,6214,3369,2024-01-02,,
6731,6877,3181,2025-04-05,2025-09-01,
7054,1989,490,2024-08-19,2024-11-18,
7076,699,1275,2024-06-12,,
7217,3529,3345,2024-12-05,,
7231,7246,3107,2024-08-01,,
7341,8075,3918,2025-03-21,,
7543,2520,1980,2024-06-01,,
7957,3172,3474,2024-03-14,,
8191,1186,416,2024-08-15,,
8205,8481,3122,2025-11-01,2025-12-09,
8341,6091,4311,2025-01-31,,
8357,3493,2039,2025-08-01,,
8416,3126,1159,2024-07-09,2024-10-28,
9034,3565,1422,2024-02-01,2024-06-05,
9196,7274,3024,2025-10-23,,2025-11-18
9400,3817,3627,2024-01-06,2024-05-08,
9831,4255,3736,2025-06-15,,
10281,3798,2862,2025-10-09,,
10534,8874,3568,2025-05-07,2025-09-13,
10796,4207,1068,2025-06-03,,
11110,3233,2698,2024-06-05,,
11250,1293,4573,2025-09-26,,
11372,7454,4637,2024-02-26,,
11481,8743,3840,2024-04-23,2024-08-29,
12022,6416,2347,2025-07-30,,2025-11-25
12093,4572,53,2025-12-24,,
12308,7310,4485,2025-07-16,,
12478,8352,1017,2024-08-04,,
12956,9085,1929,2025-10-01,,
12987,4823,3038,2025-05-23,,
13010,8488,3563,2025-08-27,,2025-09-02
13671,7939,418,2025-07-24,,
13818,6227,1122,2024-08-01,,
14104,9131,1604,2025-06-20,,
14197,946,4078,2024-10-21,,2025-04-22
14258,5193,2569,2025-08-04,2025-10-17,
14313,4293,2350,2024-12-23,,
14387,7013,1136,2025-10-09,,2025-11-11
14444,2854,666,2025-03-17,,
14564,617,3536,2024-10-31,,
14970,2514,1755,2025-02-04,,
15017,2671,4089,2024-05-28,,
15145,9992,3028,2025-04-04,,
15482,4738,2559,2025-12-23,,
15750,7253,1355,2025-11-09,2025-12-15,
15954,6970,3151,2024-09-11,,
16178,1159,741,2025-05-15,,
16659,9375,739,2024-08-10,,
16767,6308,2184,2025-06-06,2025-08-17,
16776,7626,1719,2025-06-29,,2025-09-04
16855,5828,3721,2024-04-05,2024-04-29,
16861,5382,4251,2025-01-15,,
16893,5328,2963,2024-08-31,,
17034,3407,3655,2024-02-15,,
17309,3271,2765,2024-03-18,,
17522,4827,274,2024-11-15,,
17583,6820,230,2025-09-07,,
17818,9876,1154,2025-11-27,,
17840,1751,3597,2025-11-22,,
18035,3140,2514,2024-01-09,,
18108,1522,1268,2024-12-08,2025-04-23,
18183,1945,3854,2025-11-07,,
18485,6328,1905,2025-04-06,,
18622,9171,1085,2024-04-26,,
18677,6424,4278,2025-06-12,,
18752,271,3733,2025-05-06,2025-09-17,
18820,2889,3356,2024-11-20,,
18857,4727,2868,2024-07-21,,
19038,4226,567,2025-11-29,2025-12-09,
19208,2646,4938,2024-08-29,,
19339,4378,3819,2025-06-05,,
19355,420,611,2024-02-13,,
19383,3083,1845,2025-05-16,2025-09-20,
19598,831,2360,2024-01-28,2024-04-13,
19712,9017,4348,2024-01-21,,
46,753,4814,2025-03-03,,
332,6354,1324,2024-01-07,,2024-05-04
548,4900,4805,2025-09-27,,
878,6889,4998,2025-11-26,2025-12-07,
893,6746,551,2024-04-16,,
928,8854,152,2025-06-11,,
1081,385,4239,2024-07-23,,
1150,7506,2958,2025-03-25,,
1175,2073,1331,2025-01-13,,
1376,227,1746,2025-03-31,,
1574,1579,1644,2024-03-27,2024-09-20,
1661,3721,1935,2025-05-10,2025-10-13,
1804,3739,2903,2024-12-31,,
1864,6665,570,2024-10-16,,
1923,1467,4011,2024-06-02,,
1971,4524,1184,2024-03-20,,
2010,835,638,2025-09-21,,2025-10-24
2183,2667,4100,2025-07-30,,
2362,8560,422,2024-05-01,,
2401,7863,2125,2024-08-18,2024-12-10,
2498,4202,1906,2025-06-04,,
2550,8531,1487,2024-10-08,,
3518,7442,861,2025-11-06,2025-12-19,
3605,8064,3024,2024-03-15,,
3670,4383,4695,2025-11-23,,2025-12-25
3739,1931,3528,2025-06-01,2025-07-24,
3934,8959,3121,2025-08-17,,
4098,2828,1564,2024-01-09,2024-01-27,
4167,3284,4897,2025-10-01,,2025-10-26
4328,9138,3000,2024-11-09,,
4370,8094,3263,2025-03-15,2025-08-05,
4439,5518,3846,2024-11-19,2024-12-17,
4464,6927,4868,2024-07-05,,
4468,5274,1495,2024-01-10,2024-03-07,
4577,9151,2065,2025-05-22,,
4775,3319,840,2025-04-02,2025-07-24,
4861,3680,498,2025-04-08,,
5288,4891,1402,2025-09-02,,
5341,7735,4870,2025-11-20,,2025-12-02
5345,4236,91,2024-11-09,,
5625,7251,3457,2025-01-08,2025-05-25,
6557,7373,699,2024-03-10,,
6711,2843,1589,2025-07-13,,2025-12-24
7062,8859,2786,2025-02-04,,
7190,8668,2658,2024-05-25,,
7558,5125,4663,2024-05-14,,
7628,9555,3806,2025-11-14,2025-11-25,
7632,8365,2375,2024-02-01,,2024-07-26
7721,1311,125,2025-04-05,,
7847,3069,478,2024-02-25,,2024-06-23
7870,4878,1487,2025-02-05,,
8101,620,4808,2024-09-01,,
8462,1694,1998,2024-10-24,,
8773,2514,966,2025-05-24,,
8899,3187,2229,2024-09-07,2024-11-16,
9347,14,769,2025-10-04,,2025-11-22
9697,1974,766,2025-01-04,,2025-12-09
9829,8082,331,2024-10-09,,2025-02-01
10155,1202,1307,2024-07-28,,
10485,2108,2691,2024-01-28,,2024-09-30
10800,8286,3970,2025-12-24,,2025-12-25
11023,3108,4140,2024-10-20,,
11093,381,4380,2024-12-22,,
11401,4080,1060,2025-09-25,2025-11-01,
11737,3242,1682,2025-12-20,,2025-12-22
11834,4219,408,2024-12-16,,
12564,5897,2592,2025-10-03,,
13209,2471,4052,2025-08-24,,
13646,6216,874,2024-10-06,2025-03-18,
13697,3173,4586,2025-06-20,,
13827,7233,3581,2025-05-27,,
13882,4956,3293,2024-03-31,,
14152,4740,1355,2025-04-25,,
14261,1665,1729,2025-04-10,,
14377,5689,752,2025-03-24,,
14455,4700,3323,2024-04-09,,
14800,834,704,2025-04-09,,
15309,3265,1084,2024-03-26,2024-05-21,
15356,9951,2032,2024-06-09,,
15560,2884,2519,2025-11-20,,
15625,4229,698,2025-07-24,,
15853,111,142,2024-11-17,2025-03-19,
15964,6758,3735,2025-12-21,,
16191,2535,137,2024-05-06,,
16391,8463,612,2024-05-10,,
16427,920,2035,2024-11-13,,2025-08-28
16484,2401,4430,2024-08-25,,
16591,4740,2974,2024-06-02,,2024-09-03
16743,5342,675,2024-09-21,,
16802,991,1027,2025-03-03,,
17064,6731,1104,2024-12-05,,2025-11-09
17167,943,2546,2025-09-17,,2025-10-28
17542,4518,1271,2024-04-29,,
17757,9406,3220,2024-03-18,,2024-08-11
17824,4430,4827,2024-04-08,,2024-05-22
17925,1033,424,2025-09-07,,
18758,5377,3650,2025-08-15,,
19269,9663,1382,2025-02-01,,2025-02-23
19386,6095,13,2024-03-16,,
19432,6099,2187,2025-03-11,2025-06-14,
19527,3083,4874,2025-01-19,,2025-05-21
19630,2423,3324,2025-09-03,,
19764,548,485,2025-06-13,,
19910,3983,1935,2025-11-26,,2025-12-12
99,4357,3182,2025-11-02,,2025-12-02
331,4466,4413,2024-05-30,,
449,6686,3963,2024-02-03,2024-04-13,
533,873,2563,2025-10-16,2025-11-28,
691,6733,2365,2024-08-06,,
785,3164,1899,2025-06-30,,
1201,1220,1140,2024-10-20,,
1884,8130,4791,2025-03-06,,2025-07-07
1984,4340,305,2025-02-06,2025-03-11,
2108,4930,108,2024-03-14,,2024-08-02
2262,4357,3533,2025-12-05,,
2425,874,2377,2025-08-10,,
2434,2245,3160,2025-06-12,,
2636,1618,2201,2024-02-11,,
2719,481,3688,2024-03-18,2024-08-14,
2764,9406,4910,2025-06-21,2025-10-17,
3044,3822,3434,2025-04-07,,
3326,1012,3486,2025-10-31,2025-12-10,
3728,1858,1385,2024-10-14,,2024-12-11
3785,2668,1130,2025-11-22,,
3903,7763,2681,2024-01-25,,
4744,5178,4893,2024-01-11,,
4809,8291,2932,2024-05-02,,
4870,4722,2304,2024-07-05,,
4935,6723,2015,2024-06-12,2024-08-23,
5010,805,396,2025-08-08,,
5021,4785,3749,2025-04-23,,
5620,8329,1479,2025-01-15,2025-06-09,
5847,4498,655,2025-09-15,,2025-11-09
5987,2014,3624,2025-02-07,,
6092,755,617,2024-06-03,,
6142,9173,2327,2024-08-07,,
6274,5858,246,2025-05-30,,
6326,3971,4539,2024-08-29,,
6480,963,476,2024-03-13,,
6933,2083,4866,2025-01-05,,2025-06-09
7177,5895,3279,2024-10-01,,2024-11-12
7241,4638,2451,2025-05-07,,
7538,7390,1797,2025-09-26,2025-10-09,
7545,91,4413,2024-02-18,,2024-07-03
7638,1006,790,2025-05-12,,
7778,4708,911,2024-08-06,,
7793,8021,2014,2025-02-11,2025-06-25,
8017,1987,4378,2024-10-04,,
8313,7503,1017,2024-03-12,,
8448,5348,2159,2025-10-09,,2025-12-07
8791,1525,3428,2024-07-04,,
8801,4919,1389,2024-05-01,,2024-07-14
8911,517,3186,2025-08-02,,2025-11-20
8939,4624,2456,2025-09-20,,
8988,6543,1060,2025-03-05,,2025-05-11
9011,9888,4954,2024-09-09,,
9250,7124,1489,2024-05-08,2024-10-11,
9327,7039,4206,2024-10-18,,
9737,3985,1889,2025-03-12,,
9755,6105,123,2024-02-01,,2024-12-16
10447,7819,4854,2024-04-11,,2024-10-07
10766,9539,4054,2024-06-21,,
10853,6285,96,2025-03-15,,
10868,1879,903,2025-10-15,2025-10-23,
11049,6210,3504,2024-09-18,,
11087,7588,4495,2024-07-14,,2024-10-16
11113,9193,3186,2024-12-02,2025-01-07,
11164,7696,4201,2024-07-24,2024-08-22,
11663,2536,637,2025-04-28,,
11666,2768,764,2025-11-04,2025-11-16,
11855,4073,791,2025-06-25,2025-09-03,
12139,4818,2768,2024-08-29,,2025-07-21
12406,8495,4645,2025-02-22,,
12469,4382,2604,2025-03-25,2025-05-27,
12587,2606,3485,2024-06-08,,2025-05-01
12610,189,2793,2025-07-12,2025-12-19,
12824,595,3348,2025-09-16,,
12895,6057,3290,2025-09-14,2025-09-24,
12978,6669,782,2025-11-28,,
13206,4346,114,2024-02-12,,
13222,1817,3081,2024-07-23,,
13370,6878,1363,2024-10-21,2025-03-15,
13396,8879,18,2025-02-01,,2025-08-21
13532,4707,3340,2024-01-29,,2024-12-18
13577,405,2074,2025-03-13,,
13964,1560,567,2024-01-02,,
14091,6697,395,2025-05-24,,
14146,4670,567,2024-04-10,,
14156,145,2870,2025-09-30,,2025-11-09
14295,2065,1869,2025-11-29,,2025-11-30
14878,8545,3941,2025-10-20,2025-12-05,
15045,2294,2528,2025-06-29,,
15259,1085,2924,2024-04-09,,
15284,4128,4337,2024-07-30,,
15351,3789,1590,2023-12-30,,
15908,4785,940,2024-06-12,,
15958,1856,2645,2024-03-23,,2025-01-09
16085,9618,3564,2024-01-28,,
16276,5320,35,2025-02-21,,2025-03-31
16575,1838,3827,2024-02-16,,
16694,1285,1833,2025-11-21,,2025-11-22
16741,3116,2488,2025-02-12,2025-04-01,
16866,9818,1147,2025-10-07,,
16983,838,4851,2024-12-13,,2025-03-22
17146,7642,1420,2024-04-10,,
17159,6839,259,2024-10-04,,2025-01-23
17228,4857,2417,2024-12-01,,
17230,8164,2361,2024-11-12,,
17272,7472,2824,2024-08-29,,
17924,123,3547,2025-02-15,,
18592,7188,3650,2024-06-16,,
18617,897,3973,2025-06-06,,2025-12-01
18875,9334,650,2024-05-01,2024-09-20,
19025,5164,1425,2024-08-04,,2024-09-20
19048,233,3071,2024-06-17,,2024-08-18
19151,6972,1994,2024-09-01,,
19220,322,3891,2025-11-10,,2025-11-21
19401,1241,1446,2023-12-28,,
19977,5133,2920,2024-02-18,,
1,2774,936,2025-06-14,,2025-10-03
18,5958,4909,2025-10-21,,
272,8513,4421,2025-07-02,,
570,7006,188,2025-10-23,,
582,8629,184,2025-12-22,,
625,5050,1902,2024-04-14,,
1032,3116,2109,2025-10-19,,
1458,457,1271,2025-03-29,2025-09-14,
1535,984,4071,2024-06-16,2024-10-07,
1553,2683,1928,2025-04-23,,
1586,2432,2251,2025-07-01,2025-08-13,
1599,8440,953,2024-05-01,,
1618,834,173,2024-12-10,,
1784,2414,1105,2024-12-05,,
2341,2105,4275,2025-04-01,,
2468,7087,3851,2024-12-14,2025-05-04,
2518,1788,146,2025-12-24,,
2523,8861,1867,2025-12-20,,2025-12-24
2738,9221,4484,2025-08-14,,2025-11-04
3101,9503,3141,2024-06-17,,
3219,1955,467,2024-10-23,,
3314,4267,2066,2024-03-04,,
3366,4151,41,2025-12-08,,
3619,6536,4414,2025-04-11,2025-07-09,
3710,5694,3437,2025-04-10,,
3807,5896,300,2025-06-24,,2025-10-01
3929,5342,3853,2025-02-04,,
4410,8892,2453,2025-12-06,,2025-12-14
4528,7558,3524,2025-10-12,,
4707,1401,3664,2025-09-02,,2025-10-06
5280,2928,1911,2025-01-29,,2025-08-27
5282,6424,2958,2025-03-05,,
5332,7016,816,2025-12-20,,
5402,29,2970,2024-03-18,,
5503,1738,4642,2025-01-16,,2025-05-12
5623,1171,964,2025-06-29,2025-11-04,
5792,193,581,2025-07-06,,
5914,8097,2607,2024-08-07,2024-10-19,
6091,8099,3885,2025-11-09,,
6217,3230,4706,2025-11-16,2025-12-15,
6408,7966,1237,2024-06-28,,
6502,5743,1198,2023-12-27,,
6566,2385,125,2024-02-17,,2024-09-27
6716,2196,1732,2024-05-28,,
6719,6482,4099,2024-02-26,,
7030,7559,839,2024-08-13,,2025-08-10
7040,6260,2042,2025-01-31,,
7148,7185,1819,2025-05-02,,2025-09-06
7523,2817,3599,2025-07-27,,2025-08-14
7854,2125,3206,2024-09-18,,
8251,5985,1581,2024-11-17,,
8597,4144,4141,2025-03-06,,
8628,5630,1180,2025-09-23,,2025-12-22
8947,9032,2534,2024-02-17,,
9121,7458,4201,2025-03-14,,
9141,3332,1551,2025-06-27,,
9331,3268,1074,2024-08-02,2024-11-12,
9482,158,127,2025-09-02,,
9567,1802,2026,2024-09-16,,
9945,8571,1400,2024-05-16,,
10094,8657,1796,2024-06-17,,
10126,2273,2682,2025-02-13,,
10174,3028,809,2025-06-23,,
10199,1856,1210,2025-10-08,,
10379,5876,2413,2025-07-29,,
11147,1141,3324,2025-06-11,,
11182,3707,2156,2024-12-20,,
11575,936,4454,2024-07-26,,
11741,4217,706,2024-09-14,,
11791,287,3933,2025-07-07,,
12145,205,4512,2025-01-02,,2025-12-19
12342,3298,3196,2024-05-03,2024-06-03,
12554,9991,1800,2024-07-09,,
12836,8299,585,2024-09-03,,
12913,7900,20,2024-02-02,2024-06-23,
13069,5671,3956,2025-09-24,,2025-12-24
13487,7677,877,2025-08-14,,
13552,2314,3628,2024-05-05,,
13674,6234,1364,2025-09-13,,
13692,8491,2257,2025-12-18,,
13703,571,1443,2025-06-09,2025-09-30,
14235,8032,1149,2025-12-04,,
14483,2356,2619,2024-09-10,,
14721,1310,1652,2025-09-26,2025-11-13,
15142,5773,4187,2024-04-29,,
15420,622,2596,2024-12-03,,
15490,4407,2815,2024-01-17,,
15556,8611,2951,2025-04-24,2025-07-16,
15627,3635,3601,2025-08-13,2025-11-08,
15705,9746,3426,2025-09-19,,
15720,7840,3565,2024-10-30,,
16021,6472,831,2024-06-07,,2024-11-30
16035,5834,4100,2025-02-13,,
16119,2693,3261,2024-06-01,2024-09-27,
16277,3092,4993,2025-05-02,2025-07-20,
16384,4994,3098,2024-07-30,,
16774,4754,1568,2025-08-01,,
16796,5348,731,2025-07-18,,
16819,5914,1275,2024-07-23,,
17065,8363,99,2024-12-25,,2025-06-08
17444,3040,568,2024-03-08,,2024-09-15
17447,7190,3357,2025-08-31,,
17809,8440,4872,2024-12-26,,
17834,7083,140,2025-10-27,,
17972,175,2715,2025-12-16,,
18227,8138,945,2024-02-01,2024-05-10,
18276,2113,1533,2025-10-29,,
18439,859,1756,2024-10-08,,2024-11-04
18956,6672,1822,2024-11-22,,
18984,1463,97,2024-11-11,,
18992,1696,1838,2024-09-04,,
19478,1152,1081,2024-09-23,2024-10-13,
19796,2778,953,2024-07-16,2024-11-24,
19969,6528,970,2025-02-09,,
393,7646,3480,2025-01-06,,
395,8210,1365,2024-02-17,,
1085,1096,3654,2025-09-03,,
1136,1584,2342,2025-02-01,,
1256,5519,4245,2025-08-21,,
1759,9067,108,2024-11-26,2025-02-16,
1801,6882,400,2025-12-23,,
1853,5836,4161,2025-08-20,,
2146,7613,3284,2024-07-11,,
2590,5561,3489,2025-09-06,,2025-09-28
2694,5306,3742,2025-02-17,2025-04-04,
2904,3868,3749,2024-09-28,2025-01-22,
3329,92,1923,2025-02-04,2025-02-19,
3512,7235,3136,2024-03-14,,
3650,6284,3767,2025-10-20,,
3760,15,4349,2024-02-16,2024-05-21,
4050,2144,2116,2024-04-04,,2024-10-15
4280,6409,225,2025-05-29,2025-06-13,
4286,7207,3745,2025-08-09,2025-09-18,
4884,9336,1006,2024-07-20,,
4939,6149,3198,2024-04-11,2024-07-12,
5175,4813,2100,2025-10-18,,
5189,2287,977,2025-05-26,2025-08-10,
5238,7461,2040,2025-11-16,,
5461,9026,3506,2024-07-12,,2025-05-13
6446,5790,1293,2025-02-13,,
6909,1578,913,2025-11-28,,
6939,4349,2398,2025-07-11,2025-07-23,
7005,101,2292,2024-07-06,,2024-10-23
7182,7182,3805,2025-11-07,2025-11-17,
7264,3213,1820,2025-03-08,,
7601,656,4346,2025-10-11,2025-11-24,
7754,9317,2040,2024-02-29,,
8085,1208,172,2025-12-23,2025-12-25,
8160,575,3817,2024-06-07,,
8393,852,1422,2024-10-04,,
8434,3094,3272,2025-11-23,2025-12-15,
8674,8172,2453,2025-01-20,,
8802,3666,756,2025-05-10,2025-06-07,
8918,6549,407,2025-07-11,,2025-11-24
8981,6076,3411,2025-11-12,,
9181,1285,4724,2025-11-30,,2025-12-06
9315,6020,2978,2025-10-04,,
9342,1786,3312,2025-12-20,,
9602,1075,4642,2025-07-11,,
9637,4332,3867,2024-01-10,,
9731,7605,732,2025-10-01,2025-12-09,
9798,7319,2874,2025-09-12,,
9956,8999,4407,2024-09-13,,2024-10-20
9990,1937,141,2025-04-13,2025-07-31,
10906,6747,4393,2025-06-16,2025-07-01,
11165,6555,12,2025-02-05,,2025-06-07
11202,7966,2606,2024-01-17,,
11428,6006,1648,2024-11-30,2025-05-01,
11544,7213,3628,2024-08-12,2024-09-06,
11774,3351,3743,2024-08-13,,
11953,9229,2101,2024-04-24,,
11980,7932,2038,2025-10-04,2025-11-01,
12317,6587,3306,2025-12-07,,
12457,8095,1509,2025-10-06,,
12571,5787,2306,2025-07-09,,2025-10-05
12598,3505,1992,2025-03-10,,
12609,9160,2421,2025-12-11,,
12857,5648,1230,2025-02-13,,
13006,7563,3040,2025-07-03,,
13236,7570,3862,2025-12-14,,2025-12-25
13274,793,1374,2025-07-19,,
13359,9017,3329,2024-06-27,,
13858,2817,1300,2024-01-26,,
13974,6031,3509,2024-08-04,,
14145,667,1492,2024-11-30,2025-04-17,
14476,7471,4894,2024-10-12,,
14563,9527,2033,2024-04-01,2024-07-16,
14613,9021,4373,2024-02-05,,
14690,942,4469,2025-07-15,,2025-11-09
14694,6529,1929,2024-01-19,2024-03-13,
14733,7209,2915,2025-10-08,2025-12-15,
14753,296,1429,2025-01-24,,
14851,1303,2311,2025-03-20,,
15141,5044,327,2024-02-19,,2024-04-28
15253,1387,3184,2025-06-18,,2025-11-24
15471,9382,401,2025-09-26,2025-10-27,
15508,207,1663,2025-07-12,,
15589,2962,218,2025-05-26,,
15718,781,3768,2024-10-10,2025-01-02,
15846,8856,3889,2024-08-15,,
16051,5952,837,2024-10-09,,
16134,3208,4701,2025-08-19,,
16173,4741,3261,2024-04-02,,
16211,7279,325,2024-12-30,,2025-10-21
16549,6580,4149,2024-04-28,2024-07-23,
16640,2411,3419,2025-02-04,,
16707,2758,1832,2024-03-02,,
17049,1843,4909,2025-01-18,,2025-04-11
17212,474,3885,2024-07-11,,
17336,626,2582,2025-06-14,2025-07-29,
17477,6185,4408,2025-06-09,2025-08-30,
17575,5113,3802,2025-01-11,2025-05-06,
17808,4578,3577,2024-04-10,2024-08-31,
18036,6142,1624,2025-11-25,,
18182,7605,4606,2024-05-16,,
18296,2294,509,2025-03-05,,
18356,9804,1809,2024-05-30,,
18384,3692,1557,2025-08-23,,
18869,998,3505,2024-06-03,,
19229,5064,913,2024-02-11,,
19263,8243,803,2024-06-23,,
19299,8347,2625,2024-06-17,2024-10-20,
19421,9989,1923,2025-11-19,2025-12-21,
19524,7562,3787,2024-03-13,,
19584,1602,518,2025-10-16,,2025-11-18
19778,3874,4377,2024-04-27,,
120,7520,3501,2025-01-12,2025-07-02,
643,4319,2455,2025-04-14,2025-06-16,
874,4597,1542,2025-05-17,,
1147,2827,4817,2025-09-06,,
1457,2366,656,2025-03-12,2025-09-03,
1638,2480,2063,2024-12-20,,
1685,4151,3986,2025-09-08,,
1896,8733,3291,2024-10-14,,
2161,8791,1545,2024-05-18,,
2254,3499,2888,2024-01-03,,
2461,9523,2105,2025-04-09,,
2750,6504,2854,2025-11-25,2025-12-05,
2832,1677,1880,2025-07-19,,
3075,6430,1137,2025-12-03,2025-12-21,
3306,3529,2330,2025-06-03,,
3380,2950,1387,2024-11-17,2024-12-05,
3423,48,991,2025-08-04,,
4325,4478,4256,2024-02-03,,
4437,2425,201,2025-10-09,,2025-11-15
4518,3080,579,2025-02-23,,
5293,6085,125,2024-10-27,,2025-07-16
5419,6646,3829,2024-08-20,,
5690,8638,4164,2025-11-25,,
5736,72,34,2025-06-15,,
5932,4427,3807,2024-12-02,,
6193,5425,3975,2025-06-03,2025-06-16,
6206,8795,2764,2025-03-02,,
6428,7492,2197,2025-03-16,,2025-07-20
6571,2750,3456,2025-04-14,,
6896,8588,1090,2025-04-22,,
7026,1887,3141,2025-02-12,,
7127,486,2675,2024-10-03,,
7455,6142,4835,2025-11-14,,
7509,3224,1655,2025-09-27,,2025-11-09
8185,9325,2962,2024-03-19,,
8273,4539,876,2025-07-31,2025-12-04,
8376,4537,132,2025-10-02,,
8806,3708,623,2024-03-06,,
8963,212,1462,2025-05-18,,
8976,4237,4109,2024-03-27,,
9172,5164,39,2025-10-23,,
9296,8348,1442,2025-11-17,2025-12-17,
9505,6476,4451,2025-07-26,,
9589,5000,1503,2024-12-05,2025-01-01,
10275,92,213,2024-11-02,,2025-01-22
10433,3876,2014,2024-09-02,,
10457,6014,3752,2025-05-25,,
10520,784,2115,2025-06-09,,
11020,9494,2645,2024-04-18,,
11072,2378,4058,2025-03-03,,2025-11-07
11118,465,514,2024-08-22,,
11645,8050,2472,2025-09-17,,
11703,4430,395,2024-07-30,,2024-10-07
11734,6429,1854,2025-02-04,,
11802,5733,948,2025-12-19,,
11811,5598,909,2025-11-03,,
12144,8147,2221,2025-06-20,,
12187,8182,1570,2025-12-05,,2025-12-16
12236,2506,70,2025-07-09,,
12270,5428,787,2024-03-31,,
12590,9561,4035,2025-09-03,,
12898,2366,1985,2025-06-30,,
12975,5236,2471,2024-12-25,,
13195,55,3977,2024-04-12,,
13377,5215,1961,2024-06-18,,
13493,7272,1645,2024-06-28,,
13812,3972,1554,2024-02-13,2024-03-03,
13842,6852,4041,2025-02-08,,
13884,8013,301,2025-08-28,2025-10-25,
13904,1748,26,2024-10-29,,
14015,9644,92,2024-08-16,2024-10-29,
14190,9921,3491,2025-07-20,,
14223,4417,1503,2025-04-11,2025-08-18,
14328,1312,4528,2024-08-12,,
14334,9800,581,2024-05-12,,
14423,5557,4324,2025-05-10,2025-09-16,
14577,4250,4576,2025-09-15,,
14815,9525,2071,2024-09-02,2024-09-28,
14916,1212,3318,2025-05-16,,2025-12-23
15119,8333,1319,2024-04-08,,
15416,931,3858,2024-07-30,,
15504,6032,3562,2024-11-12,2025-03-16,
15598,9143,1271,2024-10-22,2024-12-16,
15891,6358,2857,2024-12-12,,
16108,8208,2488,2024-12-07,,
16201,1262,4188,2025-01-16,,2025-12-18
16785,9067,2959,2024-06-17,,
17187,4723,2246,2025-12-05,,
17935,2440,4351,2024-12-14,,
18025,255,3130,2025-01-11,,2025-12-02
18148,3058,1973,2025-04-24,,
18253,8545,697,2024-06-28,2024-08-20,
18433,2514,2823,2025-07-27,,
18498,6183,311,2024-01-10,,
18551,5239,3102,2025-09-08,,2025-09-21
18733,645,3033,2025-10-28,,
18812,5050,3811,2025-01-04,2025-03-24,
19088,4853,464,2024-12-26,2025-02-07,
19280,1465,79,2025-08-19,,2025-12-13
19341,6607,2277,2025-12-12,,
19430,495,3378,2025-10-15,,2025-12-24
19443,8738,1975,2024-12-20,,
19555,5628,2333,2024-03-09,,
19736,3531,1293,2025-09-03,,
19868,5385,1730,2025-06-25,2025-12-20,
206,3028,1684,2025-10-10,2025-12-08,
220,5696,171,2025-01-29,,
489,93,444,2024-11-08,,
1541,4074,3614,2024-11-17,,
1725,7441,4763,2024-12-20,,
2230,7131,4339,2025-11-05,2025-12-19,
2405,430,3964,2025-03-07,,
2639,6860,1260,2024-12-26,,2024-12-27
2732,5138,2736,2025-04-17,2025-07-24,
2743,742,1692,2024-10-19,,
2818,1788,2506,2025-07-01,,2025-11-12
2831,4328,4933,2024-07-29,2024-09-25,
2855,2323,3387,2024-05-21,,
3145,3414,696,2025-12-13,,
3173,6333,296,2025-05-31,,
3301,4045,4100,2025-07-08,,
3750,1874,2673,2024-10-08,,
3764,8715,1091,2025-07-26,,2025-12-22
3765,7553,4268,2025-12-15,,
3849,6957,2883,2025-11-28,,
3961,8411,3258,2025-10-11,2025-12-07,
4061,1379,3318,2025-05-19,,
4124,6041,4970,2025-04-16,,
4219,8757,3983,2025-12-19,,2025-12-22
4329,6561,510,2024-12-23,,2025-07-18
4971,1588,3627,2025-11-06,2025-11-29,
5171,3169,2679,2024-09-17,,2025-09-03
5813,895,4237,2024-12-29,2025-06-22,
5981,1920,2453,2024-11-03,,
7050,4688,1367,2025-02-03,,
7561,2813,4730,2025-01-08,,
8030,5509,3266,2024-04-21,,
8149,1440,619,2024-09-15,,
8480,3169,3448,2025-09-13,,2025-10-12
9021,6103,4057,2024-06-26,2024-11-27,
9147,4624,3684,2025-12-15,,
9290,3194,579,2025-11-22,,
9561,8580,651,2024-06-15,,
9810,1061,734,2024-12-01,,
9872,9683,222,2024-04-24,,2024-12-27
10370,1628,1518,2025-12-19,2025-12-25,
10472,55,4533,2024-06-14,2024-09-15,
10681,5971,2433,2024-10-04,,
11564,7204,1168,2024-11-21,2025-04-10,
11697,1053,4307,2024-12-28,,2025-07-20
11942,3147,1814,2024-05-07,,
12010,2250,3853,2024-02-12,,2024-11-12
12024,1565,1501,2025-12-14,,
12152,8277,3968,2024-04-18,,
12176,7568,3672,2025-04-29,,
12596,9359,3749,2024-06-01,2024-07-18,
12650,200,1684,2024-06-07,2024-06-29,
13004,8006,49,2025-05-27,,2025-09-20
13196,8893,3839,2025-03-24,,
13318,409,4648,2024-04-20,,
13871,1895,2495,2025-09-18,,2025-10-16
13973,4416,870,2024-02-13,,
14128,7685,4398,2024-11-26,2025-04-06,
14162,9778,3415,2024-02-23,,
14918,7551,2293,2024-12-17,,
15219,238,4688,2024-04-10,,
16057,109,2343,2024-12-13,2025-01-23,
16184,7829,602,2024-06-19,,2025-02-15
16593,1467,527,2025-09-22,,2025-12-19
16822,7236,1668,2025-09-18,,
17188,1519,2723,2025-11-04,2025-12-03,
17295,4565,3304,2025-01-07,2025-04-30,
17728,413,2067,2025-02-15,,
17838,1150,2843,2025-04-27,,
18279,3249,4767,2024-10-27,2025-04-22,
18738,8858,2939,2025-04-10,2025-09-17,
19081,1895,236,2025-12-18,,
19287,2063,3529,2025-03-11,,
19301,4583,4656,2025-08-03,,
19391,7173,4244,2024-07-19,,
19629,5583,789,2025-04-22,,
19780,969,150,2025-04-13,,2025-11-01
19878,4999,2691,2025-08-30,,
19927,4542,1789,2025-12-24,,
105,8576,2888,2025-03-02,,
427,2746,4017,2025-06-07,,
689,9116,307,2024-07-31,,2025-07-08
920,6813,3347,2025-02-28,2025-03-27,
1238,6047,2959,2025-06-12,,
1558,5741,1133,2024-09-11,2024-10-22,
1560,915,3356,2024-03-10,2024-08-04,
1590,3254,1253,2025-10-12,2025-10-23,
1773,4332,2085,2024-10-23,,2025-03-15
1962,2268,1229,2025-02-09,,
2255,3764,4655,2024-07-25,,2024-10-25
2275,4913,4582,2024-03-11,,
2494,6414,4992,2025-05-10,,
2602,8423,2945,2024-05-04,,2024-07-27
2609,2413,1085,2025-12-20,,
2712,4277,3869,2025-12-18,,2025-12-20
2733,624,3010,2025-10-03,,
2865,3878,1642,2025-08-15,,
3493,3588,4385,2025-01-08,,2025-03-30
3495,1866,3287,2024-09-18,,
4356,2765,4277,2025-01-03,2025-06-10,
4373,3950,4155,2024-06-26,,
4432,1573,4250,2025-09-02,,
4550,1548,289,2025-07-27,2025-10-21,
4777,1569,688,2024-07-04,,
5161,1386,796,2025-02-26,,
5440,9523,2556,2024-07-14,,
5706,6304,391,2025-07-25,,
5790,8407,277,2025-03-11,,
6181,1220,1769,2024-11-29,,
6305,5352,2356,2025-11-27,,
6373,8592,2669,2024-11-14,2025-01-06,
6655,9995,4930,2025-09-11,2025-11-17,
6741,6881,649,2025-10-03,,
6837,1867,935,2025-08-27,,
7107,6367,4288,2025-09-25,,
7144,5970,1692,2025-03-21,,
7363,2778,300,2025-12-21,,
7403,8593,2347,2025-08-22,2025-10-27,
7416,8354,2066,2024-06-04,,
7496,8731,3760,2025-11-09,,
7833,9466,3146,2024-07-15,,
7837,5032,4639,2025-06-23,,
7882,2671,3348,2025-11-24,,
8100,2655,4964,2024-11-08,,
8487,118,1048,2024-04-14,,
8777,5754,3880,2025-06-17,,
8867,3328,2526,2024-06-01,,
9198,3197,1743,2024-11-24,,
9316,828,635,2025-09-12,2025-09-27,
9659,2432,3542,2025-03-17,,
9663,2202,4821,2025-02-27,,
9773,4812,2221,2024-12-13,2024-12-25,
9775,8209,666,2024-04-15,,
9909,7093,4251,2024-09-13,,
9982,7553,3477,2024-12-10,,
10977,6219,4938,2024-02-05,,
11536,9318,1486,2025-08-19,2025-10-21,
11607,1966,1767,2025-09-18,,
11998,9475,2231,2025-10-31,,
12171,322,1633,2025-02-26,,
12322,7771,3522,2025-02-08,,
12678,313,3428,2024-05-09,,
12706,304,928,2025-12-10,,
12804,2388,2767,2024-02-29,2024-08-05,
12833,2491,1768,2024-12-27,,2025-06-26
13023,2237,1327,2025-01-31,,
13478,1053,448,2024-07-29,2025-01-24,
13501,5403,639,2025-01-12,2025-04-12,
14092,9988,393,2025-07-11,,
14108,9217,1379,2025-06-08,,
14357,4724,3023,2025-07-19,2025-11-09,
14794,5511,4180,2024-02-01,,2024-10-17
15015,9119,1598,2024-08-01,,2025-06-02
15037,4575,536,2025-10-06,,
15264,4414,4965,2024-12-24,,
15302,8700,2754,2024-03-02,,2025-01-19
15743,4749,4126,2025-03-01,2025-04-09,
15773,1229,1037,2024-03-18,,
16303,7750,3944,2025-02-21,,
16320,3857,4145,2024-04-01,,
16417,9291,2298,2024-07-23,2024-08-16,
16422,61,1475,2025-07-05,2025-12-22,
16489,2714,3784,2024-12-16,,
16551,7372,114,2025-10-06,,
16608,2829,4661,2024-09-26,,
17222,204,4223,2024-07-16,,
17325,3444,4337,2024-01-17,,2024-06-28
17358,455,246,2025-09-08,,
17550,4363,4867,2025-11-20,,
17793,9923,2914,2025-08-07,,
17798,8222,2536,2025-04-12,,
17839,713,4667,2024-07-22,,2024-10-31
17933,7500,598,2025-03-09,,2025-11-06
18143,4719,2334,2025-04-17,,2025-07-22
18354,5294,3110,2025-11-02,,
18375,9206,3367,2024-09-28,,
18735,4992,3278,2025-09-09,2025-11-18,
18995,6009,1516,2024-01-22,,
19114,8452,3139,2025-11-06,,2025-11-29
19130,6815,3405,2025-12-23,2025-12-25,
19152,44,1681,2025-05-06,,
19181,9507,2828,2025-03-25,,
19294,4492,3474,2024-03-19,2024-09-13,
19308,1446,3536,2025-08-07,,
19379,7588,1359,2024-05-13,,
19533,4502,253,2025-06-21,2025-10-17,
78,9791,2104,2025-10-19,,
289,8881,104,2024-02-11,,
373,1960,934,2024-09-17,,2024-12-29
466,8638,4412,2023-12-28,,
907,3864,604,2024-02-13,,2024-03-03
1400,8719,1719,2024-11-12,,2025-06-10
1867,533,3404,2025-12-08,2025-12-20,
2252,7142,3058,2025-05-27,,
2336,561,147,2024-02-13,,
2345,9733,4146,2024-06-11,,2025-04-23
2826,5566,1838,2025-11-18,,
2846,1121,4983,2025-03-04,,
3042,4651,2498,2025-03-04,,
3483,7102,3378,2025-09-13,,
3899,5831,4737,2024-06-10,,
3963,8663,1089,2024-08-18,,
3965,8379,4386,2025-11-22,,2025-12-18
3970,1615,4060,2024-08-08,,
4177,2954,1161,2025-08-29,,
4178,898,297,2024-06-02,,
4267,4191,4874,2025-05-12,,
4532,3255,567,2024-04-18,2024-09-27,
4682,7851,1381,2025-10-06,,
4722,7190,1168,2025-07-07,,2025-11-03
4812,3592,4395,2024-06-11,,
5614,9177,714,2025-12-02,,
6669,6292,2546,2025-12-11,,
7094,4789,4424,2025-01-01,,
7195,9463,2993,2025-01-13,2025-05-28,
7672,9273,4394,2024-03-23,,
7805,7539,3276,2024-08-16,,2025-06-01
7859,768,2492,2024-06-27,2024-10-21,
7875,7075,9,2025-06-21,2025-10-10,
7955,8149,2784,2025-06-05,,
7958,7240,500,2024-03-13,,
8673,7946,819,2024-11-11,,
9255,7645,449,2024-12-20,,
9494,2536,4167,2025-12-19,2025-12-25,
9527,8477,3079,2025-01-16,,
9926,9390,141,2024-02-22,2024-07-12,
9958,892,134,2025-03-28,,
10078,321,33,2024-08-23,2024-09-10,
10089,9246,1923,2024-06-20,,
10189,6653,3503,2025-12-02,,
10349,2727,3106,2024-03-23,2024-07-16,
10769,4502,2287,2025-08-10,,
10885,4457,4201,2025-07-07,,
11040,2843,3296,2024-09-13,,
11063,4921,1368,2025-05-03,,
11534,6330,4105,2024-09-08,,
11824,3388,1666,2024-01-05,,
11851,8893,1626,2024-08-26,,2025-07-06
11897,3581,2515,2024-09-23,2025-01-16,
12235,5853,1161,2024-04-04,2024-06-19,
12316,5561,3421,2025-05-13,,
12408,320,1251,2024-09-08,,
12468,4033,530,2025-01-04,2025-04-16,
12489,5507,2932,2023-12-29,,
12720,6917,420,2024-09-13,,
12813,7776,4061,2025-06-03,,
13305,685,788,2024-12-22,,2025-03-04
13546,4200,8,2025-07-21,2025-12-16,
13558,8551,3879,2024-10-18,,2025-04-11
13718,6637,190,2025-02-03,2025-05-03,
13738,7260,4395,2024-12-02,,
14315,7908,2080,2024-03-24,2024-08-10,
14579,1663,3217,2025-07-04,,
14751,9061,3607,2025-10-15,2025-11-24,
14880,7883,932,2025-01-23,,
14956,7638,998,2025-10-26,,
15676,4315,3648,2024-08-22,,2025-02-11
15693,9374,692,2025-12-07,2025-12-23,
15745,5236,4334,2025-11-11,,
15951,218,2999,2025-04-16,2025-06-04,
16673,2486,3494,2025-01-11,2025-05-22,
17304,2126,3670,2025-04-12,,2025-05-12
18057,3194,2107,2025-12-12,,2025-12-22
18207,7310,3908,2025-11-01,,
18213,7404,2867,2025-05-26,2025-07-11,
18460,1871,3353,2024-10-19,,
18680,6873,2382,2024-10-20,,
19080,8161,3150,2024-08-24,,2025-07-25
19284,2108,4280,2024-03-06,,
19742,3285,4936,2025-03-30,,
172,3220,2562,2024-07-23,,
1159,8072,4618,2025-11-01,,2025-11-14
1475,1855,4224,2024-03-14,2024-05-02,
1585,1690,1175,2024-10-04,2024-12-09,
1706,1946,3401,2025-05-07,,
3186,4536,1663,2025-05-05,,
3383,8071,4588,2025-04-22,2025-10-19,
3567,3060,455,2024-12-28,,
3692,110,1744,2024-02-16,,
4255,3146,2419,2024-11-23,2024-12-30,
4304,1713,3192,2024-05-05,,
5298,9432,73,2025-12-01,2025-12-15,
5546,3300,1346,2024-09-01,,2025-01-17
5818,6202,2287,2024-02-22,,
5848,82,842,2024-12-01,,2025-11-15
5885,8180,2001,2025-01-24,,
6160,7614,4063,2025-03-18,2025-04-06,
6367,7623,3712,2025-06-28,,
6426,9003,2117,2025-07-07,,
6508,3435,3866,2025-05-19,,
6600,6632,638,2025-02-03,,
6784,7300,4073,2025-02-27,,
7059,5203,321,2024-10-29,,2025-10-06
7137,1077,3463,2025-03-24,,
7204,6878,3033,2025-01-08,2025-01-20,
7206,367,2363,2025-10-06,2025-10-15,
7348,3891,2236,2024-07-30,,
7620,1108,1263,2024-08-01,,
7927,985,4304,2025-04-12,,
7982,6239,822,2025-09-24,,
8034,600,2709,2025-02-10,,
8090,4381,3149,2024-01-30,,2024-09-01
8155,6669,216,2024-04-19,2024-08-24,
8207,5508,4730,2024-03-08,,
8305,7410,1422,2025-08-12,,
8366,1954,2494,2024-02-23,2024-03-13,
8488,2659,1284,2024-02-21,,
8620,8371,2267,2025-05-13,,
8754,4546,3755,2024-08-03,2025-01-27,
8843,2698,2612,2024-01-10,,
8863,5892,4878,2025-11-19,,
9031,4192,3822,2025-08-31,2025-12-03,
9125,3741,329,2025-05-10,,
9391,1295,2567,2024-08-24,,
9596,679,1911,2025-03-06,,
9791,3640,784,2024-09-05,2024-10-05,
9840,3139,4524,2025-10-11,,2025-12-20
9976,935,4747,2025-02-11,,
10017,9814,3139,2025-10-12,,
10855,3304,699,2025-12-07,2025-12-19,
11024,8829,894,2025-07-13,,
11056,7934,2640,2024-01-12,,
11261,6123,1226,2025-05-08,,
11295,9206,4727,2024-07-24,2024-09-26,
11362,6899,4802,2025-09-14,,
11407,9104,43,2024-09-16,,
11512,4560,101,2025-01-06,,
11513,8426,4532,2025-12-17,,2025-12-19
11571,4314,248,2024-02-26,,
11976,6179,82,2025-12-15,,
12177,3422,1927,2025-04-07,,
12185,5379,2341,2025-07-04,,2025-10-25
12700,5452,2546,2024-02-23,,
12776,1489,260,2025-11-09,2025-12-17,
13132,9199,309,2024-12-14,2025-01-27,
13323,2131,2624,2024-09-16,,
13360,9325,4657,2025-12-05,2025-12-25,
13568,9870,3734,2025-11-24,,
14079,3991,3928,2025-01-19,2025-02-08,
14221,3432,3158,2025-10-29,2025-11-05,
14522,9354,1677,2025-06-22,,
14737,8579,4639,2025-10-30,,
15273,3110,4192,2024-04-01,,2024-09-28
15391,5418,1921,2024-09-04,,
15982,2189,2892,2024-08-23,,
16069,7651,1976,2025-09-05,,
16474,6061,2200,2025-04-11,2025-07-26,
16691,5790,2976,2024-08-17,2024-11-18,
16692,8567,577,2025-04-09,,
17467,4943,963,2025-01-22,2025-04-13,
17579,2714,1711,2025-06-11,2025-06-18,
17599,5184,1235,2025-05-04,2025-07-08,
18459,874,339,2025-09-15,,
18552,448,1559,2025-07-01,,
18591,1193,1739,2025-06-03,,
18763,6076,278,2024-11-01,,2025-03-01
18963,9966,2414,2024-04-08,,
19022,8812,3317,2024-06-08,2024-08-23,
19618,6973,1951,2025-11-16,2025-12-24,
19646,7245,3795,2025-08-03,,
19781,9461,3481,2024-11-27,,
19835,5185,310,2024-11-28,,
19998,3864,3911,2025-09-23,,
129,3926,2425,2025-05-25,,
304,1336,1409,2025-05-31,,
315,790,4895,2024-01-02,,2024-01-21
360,5774,1874,2024-12-29,2025-04-11,
445,2077,4041,2024-08-25,,2025-07-08
558,9559,11,2024-08-30,,
603,8689,1076,2025-03-05,,
1118,644,3735,2025-09-01,,2025-10-28
1576,2210,1115,2025-11-06,,2025-12-24
1665,6927,1621,2024-07-18,,
1686,4029,4617,2025-12-20,,2025-12-21
1694,291,4179,2024-06-06,2024-07-10,
1793,9496,2070,2024-05-26,2024-06-19,
2243,8059,723,2025-06-28,,2025-10-22
2709,6284,3969,2024-02-15,2024-05-20,
2758,9460,4091,2024-07-23,,
2800,7409,4595,2024-01-17,,
2886,9527,119,2025-02-13,,
3191,285,3652,2024-09-16,2024-12-09,
3193,8022,2517,2025-11-01,,2025-11-18
3499,7583,4557,2024-06-04,,
3732,5422,4802,2024-09-09,2024-12-29,
3820,3440,456,2024-09-24,,
3864,2667,1661,2025-04-30,,
4504,2450,4357,2025-02-11,,
4543,6991,4543,2025-10-20,2025-11-09,
4592,6201,32,2024-12-24,2025-04-14,
4701,4025,2557,2024-09-24,,
5219,6211,3365,2025-08-01,,
5223,275,2704,2024-11-16,,
5334,1663,3549,2025-09-26,,
5358,5022,595,2025-10-23,,
5430,8661,3393,2024-01-20,,
5524,4270,480,2025-01-09,,
5746,1628,2096,2025-12-15,,
5976,352,335,2025-12-05,2025-12-24,
6136,6607,3406,2025-12-15,,
6577,9825,1083,2025-02-19,2025-08-13,
6886,5510,3889,2024-12-11,,2025-12-07
7110,905,533,2025-06-11,,
7123,762,3435,2024-06-13,,
7317,8385,247,2025-05-23,2025-10-27,
7527,4328,3909,2025-07-05,,
7602,3276,4255,2024-01-26,,
7748,2391,965,2024-06-03,2024-09-15,
8492,9365,2033,2025-08-20,,
8991,9126,2522,2025-04-14,2025-08-10,
9025,3461,2607,2025-10-27,2025-12-22,
9131,6849,1054,2025-09-23,,
9237,3683,4863,2025-08-15,,
9270,9863,1048,2024-04-18,,2024-07-08
9821,3997,825,2025-04-12,,
10298,7103,2620,2025-10-19,,
10352,8058,3126,2025-08-12,,
10398,4116,4466,2025-10-17,,
10461,4499,2799,2025-10-21,2025-11-23,
10496,4373,2176,2025-09-13,,
10598,696,4085,2024-08-28,,
10615,9016,3418,2024-08-26,,
10628,1681,2543,2024-04-13,,
10629,266,4630,2025-11-27,,
11021,9869,4198,2025-09-04,,2025-11-29
11263,5074,2438,2024-04-06,2024-08-29,
11377,2461,1019,2025-04-05,,2025-09-27
11714,3990,3127,2025-05-24,,2025-10-22
11819,9860,3679,2025-10-18,2025-12-07,
12026,3335,3772,2025-05-13,,2025-09-22
12227,3084,2829,2024-02-06,,
12359,6841,475,2023-12-28,,
12760,2551,702,2024-01-07,,
12986,3019,246,2024-05-15,2024-09-11,
13057,4425,4739,2025-06-24,,
14044,243,4899,2025-12-07,,2025-12-21
14662,1439,3932,2025-12-16,,
14819,110,4006,2024-07-18,2024-09-25,
15235,1317,494,2024-01-01,2024-05-06,
15843,4263,4256,2025-01-30,,2025-11-17
16203,2014,4431,2025-04-17,,
16498,4301,2728,2025-10-30,2025-12-11,
16643,10,3789,2025-10-20,,
16727,5229,1446,2025-08-28,,
17066,9378,3970,2025-10-08,,
17083,799,432,2025-03-04,,
17095,3316,2748,2024-09-30,2025-03-26,
17507,6449,5,2025-11-18,,
17578,1626,2000,2024-02-10,2024-04-06,
17636,4403,2967,2025-07-19,,
17968,3067,2786,2024-07-27,2024-08-14,
18039,3057,4093,2025-11-22,,
18342,979,2976,2025-03-16,,
18664,1975,1592,2025-04-13,2025-05-30,
18828,5778,4290,2025-12-18,,
18877,3397,263,2025-02-17,,
18892,5464,3097,2024-11-05,,2025-03-17
18959,7409,4655,2024-08-08,2024-10-02,
19417,5397,1021,2025-12-06,,
240,773,2050,2025-11-13,,
290,7864,1683,2024-01-12,,
998,703,702,2025-07-21,,2025-12-11
1031,4191,2565,2024-10-22,,
1179,6363,2666,2025-06-15,,
1365,4511,2892,2024-11-01,,
1532,3009,3857,2025-09-24,,
1534,8077,3415,2025-06-16,,2025-10-25
1606,1195,3745,2025-10-03,,
1695,4962,3343,2025-08-08,,
1752,4673,416,2025-05-10,,
1756,5145,4258,2024-02-04,,
1908,2007,4015,2025-10-14,,
2119,2787,235,2024-09-08,,
2249,4515,1106,2025-02-26,,
2264,431,1562,2024-05-19,,
2323,3469,1064,2024-04-11,,
2471,3432,4944,2025-03-30,,
3142,7976,1987,2024-11-26,,
3403,1983,4071,2025-05-09,,
3602,194,3101,2024-07-01,,2024-12-25
3625,9399,196,2024-12-15,,
3898,4551,1760,2025-06-01,,
4265,3924,4143,2025-11-12,,2025-12-02
4336,2275,4532,2025-11-15,2025-12-10,
4361,2846,1284,2025-01-20,2025-02-14,
4705,4713,2237,2025-01-18,2025-04-29,
4863,1692,1,2025-06-12,,
5124,7652,4196,2025-11-02,2025-12-23,
5398,4926,1902,2024-04-05,,
5649,6430,2927,2025-11-21,,
5691,2109,4449,2025-12-16,,
5705,8887,425,2024-04-09,,
5729,2715,3215,2024-01-25,,
6172,5707,3591,2025-11-10,2025-12-06,
6494,9731,1136,2025-02-18,,
6702,2737,2776,2025-05-24,,
6754,5927,1413,2025-11-20,,2025-12-25
6777,6043,1405,2025-12-16,2025-12-25,
6883,9823,4294,2025-03-23,2025-04-08,
6988,1555,217,2024-12-16,,
7047,2350,635,2024-06-24,,
7162,994,533,2024-04-16,,
7470,2673,2937,2024-10-04,,
7962,9873,4851,2025-09-11,,
7966,8487,4682,2025-03-22,,2025-05-12
8598,7065,3594,2024-01-19,,
9018,1928,1231,2025-11-02,,
9182,826,3416,2025-09-14,2025-11-18,
9401,3023,169,2025-02-26,,
9542,2299,3726,2024-04-02,,2025-01-15
9642,2102,4229,2025-06-19,,
9671,381,4300,2025-07-17,,
9838,6315,1822,2024-10-20,,
10464,6615,3380,2024-09-01,2025-01-04,
10693,5633,4835,2025-04-26,,
10869,2703,4515,2025-10-02,,2025-11-27
10986,2586,2308,2024-10-02,,
11198,4805,2391,2025-11-29,,
11357,9587,4525,2024-01-20,2024-04-14,
11588,4753,4047,2025-03-26,2025-06-13,
12448,8464,2699,2025-11-15,,
12456,2865,582,2025-10-04,2025-10-28,
12495,910,2581,2025-05-22,,
12732,6820,53,2024-11-21,,
13218,8605,2529,2025-01-15,2025-05-31,
13315,8247,3748,2024-10-11,,
13325,7644,3960,2024-02-01,,2024-06-22
13669,6518,4153,2025-07-18,2025-11-02,
13832,7525,3357,2024-05-19,,
13948,4052,93,2024-12-15,,2025-04-24
14312,8892,3798,2025-12-13,,
14389,90,948,2024-12-13,,2025-03-11
14504,9068,483,2024-08-03,,
14883,4894,246,2025-12-21,,
15204,7204,286,2024-01-19,,
15358,7465,236,2024-12-30,2025-03-10,
15570,7268,3346,2024-01-05,,
15621,1626,2810,2025-04-17,,
15641,596,1979,2024-11-19,,
15725,1351,2900,2024-04-03,2024-08-16,
15742,1501,4489,2025-05-23,,
15875,5575,1532,2023-12-28,2024-05-09,
16079,6884,708,2025-07-30,2025-10-02,
16161,9125,1303,2024-04-23,2024-05-15,
16389,9249,4280,2024-06-05,,2025-01-07
16423,9787,1822,2024-08-03,,2025-07-20
16531,5531,1022,2025-10-17,,
16742,4631,1328,2024-05-12,,
16871,7301,136,2025-03-31,,
17364,565,4132,2025-12-03,,
17515,255,3686,2024-06-01,,
17863,3265,4338,2024-07-26,,
17953,1832,3783,2025-01-16,,
18113,3338,3930,2024-05-01,,
18189,8992,1590,2024-09-02,2025-01-08,
18194,8850,1157,2025-03-23,,
18283,1936,4974,2024-08-06,,2024-12-27
18452,2732,938,2025-12-18,,
18850,4176,33,2025-02-28,,2025-03-07
18923,6793,3721,2025-01-27,,
19035,7188,3927,2023-12-27,2024-01-15,
19159,5066,1044,2024-02-11,2024-03-27,
19863,5905,493,2025-09-04,2025-11-06,
19881,5796,3000,2025-04-06,,
86,825,760,2025-09-13,,
452,5288,249,2024-05-12,,
666,8912,1864,2024-05-20,2024-06-17,
820,1908,2283,2025-06-27,2025-07-15,
937,800,4254,2024-03-12,2024-07-10,
1001,6797,2053,2025-07-01,2025-11-17,
1325,5498,724,2025-07-25,,
1374,6516,4265,2024-08-23,2025-02-18,
1384,4280,452,2024-07-10,2024-10-08,
1916,3352,645,2025-10-08,,
2105,5169,4167,2025-02-24,,
2435,296,3904,2024-02-06,,
2787,8896,2138,2024-06-08,2024-07-16,
2901,6072,3761,2024-03-30,,
3336,1996,2634,2025-12-22,2025-12-25,
3766,1116,2129,2025-12-10,2025-12-23,
3768,3678,231,2025-09-28,,
3799,3917,2065,2025-04-30,,
4089,4613,4623,2025-06-26,,
4925,379,1519,2024-03-26,,
5126,8500,3123,2025-07-23,,
5318,1668,276,2025-05-24,,
5520,7372,1145,2025-04-25,2025-07-15,
5774,7949,4356,2024-05-14,,2024-12-16
5934,4073,2169,2024-08-19,2024-11-04,
6207,1076,2655,2025-07-14,,
6238,6262,1413,2025-08-06,,
6938,5851,637,2024-10-26,,
7132,8205,576,2025-12-22,,
7142,4700,2302,2025-12-03,2025-12-10,
7202,8810,3518,2025-12-22,2025-12-25,
7248,8506,176,2024-04-16,,
7283,1758,3473,2025-08-08,2025-10-25,
7783,4656,1336,2024-10-02,,
7860,5212,1794,2025-07-14,,
8128,7892,2205,2024-09-04,,
8241,4708,2451,2024-02-09,2024-02-24,
8264,9437,2298,2025-06-13,2025-10-22,
8285,529,1843,2024-04-23,,
8329,5507,867,2024-09-02,,
8473,2290,3520,2024-01-18,,2024-07-06
9085,8219,3446,2024-11-14,,
9300,9754,1466,2024-01-17,,
9495,5616,1596,2024-11-06,,2024-12-12
9630,8151,1050,2024-03-14,,
9656,7684,2127,2025-07-31,,
9704,665,4612,2025-03-13,2025-04-26,
9710,3262,1249,2025-04-07,,
9814,4577,3261,2024-03-04,,
10193,5705,477,2025-04-09,2025-07-05,
10208,7444,2576,2024-09-03,,
10424,9714,3303,2024-02-05,2024-04-07,
10511,8278,337,2025-07-08,2025-10-25,
10627,5164,3199,2024-11-16,,
10673,4680,3642,2024-09-23,,
10731,4448,1758,2024-12-18,,
10892,9796,3521,2024-06-15,2024-10-14,
11112,5581,3600,2024-12-14,,
11545,8042,1238,2024-11-02,,2025-01-15
11916,5646,3703,2024-09-03,,
12112,5787,3018,2025-12-08,2025-12-18,
12233,6544,3549,2025-12-07,,
12479,3602,3445,2024-01-10,2024-05-13,
12921,3168,3364,2025-03-02,,2025-04-25
13051,1393,3370,2025-08-18,,
13223,6769,130,2025-04-10,,
13276,837,1618,2024-11-01,,
13911,9095,1969,2025-07-03,,
14020,4817,55,2025-09-11,,
14178,2436,2153,2025-06-19,,
14392,6416,2058,2025-06-22,,
15047,9282,4000,2024-04-12,,2024-12-04
15120,3450,2318,2024-11-29,,
15170,4986,2690,2025-03-16,,
15562,155,517,2024-12-11,,
15861,3146,1599,2024-12-22,,2025-07-27
15995,1308,217,2024-04-23,,2025-04-22
16305,7218,1653,2025-07-28,,2025-10-14
16650,3602,183,2024-04-10,,
16662,5921,1771,2024-06-18,2024-11-29,
16791,9706,32,2025-08-23,,
17275,5255,3693,2024-10-09,,
17319,1870,410,2024-12-16,2025-05-23,
17371,8615,2386,2024-06-01,,2024-08-16
17672,8787,2873,2025-11-12,,
17673,9220,2363,2025-08-15,2025-09-22,
17712,1223,871,2024-01-18,,
17827,8780,1663,2025-05-17,2025-10-26,
18422,3673,382,2025-11-12,2025-12-24,
18562,1303,829,2024-07-30,,
18590,9536,2115,2025-03-12,2025-08-25,
18602,3415,3938,2025-03-24,,2025-07-23
18852,571,92,2025-12-07,,
19116,8043,2516,2025-03-09,,
19648,617,4963,2024-12-20,,
19929,412,4625,2024-05-05,,
191,7457,1232,2024-12-28,,
197,6417,3434,2025-07-30,,2025-11-17
673,9428,4472,2024-08-13,,
782,7539,488,2025-06-09,,
1076,731,3900,2025-08-19,,
1205,7731,2702,2025-06-22,,
1243,2572,1457,2025-01-19,,
1251,2221,4332,2025-06-27,,
1285,5385,2927,2024-11-05,,
1406,4660,2603,2024-10-19,,2025-03-29
1493,8678,1365,2025-04-12,,2025-07-19
1779,5785,701,2025-05-30,,
1780,641,4785,2025-06-21,,
1961,4621,2415,2025-03-14,,
2072,1111,758,2025-09-15,,
2213,4488,4897,2025-10-02,,
2360,3146,2141,2025-07-30,2025-09-22,
2430,3624,3781,2024-02-01,2024-03-05,
2866,6181,2,2025-04-20,2025-09-30,
3607,7986,1841,2025-04-12,,
3649,7639,383,2025-05-14,,
3653,7445,1452,2025-02-01,2025-04-21,
4055,6807,3226,2024-07-27,,
4688,366,428,2025-01-21,2025-06-30,
4730,5296,857,2025-12-24,2025-12-25,
4869,1617,439,2025-03-06,,
5002,8700,4949,2024-01-21,,
5012,8403,2293,2024-04-07,,
5054,8427,3489,2025-11-11,,
5602,6769,1614,2023-12-30,,
5621,2214,3708,2024-08-03,,2024-11-21
6004,7788,164,2024-06-30,,
6327,8816,3042,2025-10-26,2025-12-02,
6434,9301,3534,2025-10-24,,2025-10-30
6485,235,3364,2024-05-24,,
6771,8789,181,2025-12-10,,
6829,6938,844,2025-11-22,,
6884,2675,2625,2024-07-17,,2025-03-09
7209,3652,1638,2025-07-28,,
7272,207,4548,2025-07-02,2025-10-14,
7376,4787,887,2024-07-21,,
7410,4670,1395,2025-06-26,2025-11-13,
7567,4806,4647,2025-04-17,,
8472,1914,582,2024-08-05,,
9321,9433,4646,2024-04-22,,2024-08-20
9357,5380,2939,2025-03-19,,
9404,4073,4101,2024-05-05,2024-08-18,
9428,721,4465,2025-08-15,,
9496,120,584,2025-10-15,2025-12-21,
9771,955,1642,2025-09-17,,
9896,3760,359,2025-08-04,,
9900,3368,908,2024-09-17,2025-03-07,
10098,5713,2644,2024-07-02,2024-12-07,
10248,7934,4145,2025-07-17,,
10261,2464,3158,2025-02-01,2025-04-05,
10363,4280,3571,2025-05-21,,2025-12-22
10476,5159,768,2025-07-11,,2025-07-13
10555,6726,2967,2024-04-24,2024-06-29,
11173,1631,4583,2024-04-26,,
11188,7337,2904,2025-12-19,2025-12-25,
11665,946,1750,2024-04-13,,
11716,5736,4196,2024-05-07,,
11971,5780,4418,2025-08-31,,
12126,9532,2795,2024-11-30,,
12162,8466,4628,2024-08-04,,
12163,2386,1522,2024-02-16,,
12226,661,629,2025-12-14,2025-12-25,
12246,7862,3240,2025-05-03,2025-05-12,
12301,2931,904,2024-01-29,2024-03-21,
12749,7911,1795,2025-01-04,,
13001,6612,1623,2025-07-03,,
13712,3968,3029,2024-07-16,,
13759,5391,4922,2024-03-04,2024-03-26,
14149,1960,3372,2024-03-21,,
14272,5246,1124,2025-06-29,,
14321,3461,1641,2025-08-11,,
14698,1833,3007,2025-06-03,2025-11-20,
15228,5660,4572,2024-08-08,,
15663,3496,4495,2024-03-29,,
16213,4921,2412,2024-10-05,,
16327,6304,3472,2025-12-02,2025-12-21,
16399,9806,4649,2023-12-27,2024-03-13,
16901,2278,1546,2025-01-04,,2025-06-26
16971,3352,2734,2025-06-13,,2025-08-05
17096,2695,773,2024-03-13,,
17100,8647,4409,2025-06-25,,
17147,8524,612,2024-06-30,,
17416,6049,1398,2024-04-02,2024-06-29,
17469,6539,671,2024-06-07,2024-09-16,
17562,7559,3188,2025-11-28,,
17786,23,2416,2024-01-16,,
17855,2926,4116,2024-03-12,,
17976,1723,2873,2025-07-14,,2025-11-05
18286,3594,3408,2024-01-03,,
18576,2136,4606,2025-07-24,,
18611,4773,1252,2025-10-24,2025-11-24,
18780,6531,2421,2024-04-30,,
18788,8882,1624,2024-12-09,,
19359,7975,4210,2025-02-16,,2025-10-04
19547,3216,1985,2025-05-14,,
19573,3387,1685,2025-06-20,,
19675,3592,4802,2025-10-11,,2025-11-07
19746,4927,3534,2024-07-20,2024-08-07,
19798,2081,1518,2025-11-16,,
19823,9127,2175,2025-04-09,,
30,473,516,2025-12-22,,
636,7862,3330,2025-11-14,,
815,2699,2285,2024-10-28,,
877,8362,3230,2025-12-20,,
1051,8877,4033,2025-11-27,,
1582,1061,2977,2025-05-14,,
1803,5984,3440,2024-05-24,,
1822,9035,4159,2025-12-08,,2025-12-22
2193,8221,4492,2025-08-23,,
3395,2271,2632,2025-11-04,,
3544,7289,592,2024-11-04,2025-02-28,
3603,6287,1553,2025-04-16,,
3680,4047,1493,2024-03-08,,
3998,5314,3606,2025-06-19,,
4322,5782,4380,2025-12-07,,
4342,231,1726,2025-08-30,,
4392,8824,85,2024-10-09,,
4492,9359,2840,2024-07-02,,
4497,851,543,2025-11-15,2025-12-23,
4786,4660,3617,2025-05-02,,
5240,5601,1043,2024-01-29,,
5711,4467,833,2025-09-14,2025-11-24,
5730,2114,32,2025-10-30,,
5972,70,1558,2025-10-04,,
5974,7783,3341,2024-12-25,,
6017,9965,3850,2024-10-25,,
6120,5792,3522,2024-04-21,,2025-04-08
6646,4595,4317,2025-07-22,,
6999,779,479,2024-10-23,,
7214,6480,380,2025-08-03,,
7407,9706,3983,2025-11-02,2025-12-01,
7475,3469,313,2025-08-29,,
7656,2566,2276,2024-01-03,,2024-04-12
7739,8278,3728,2024-12-30,,
7849,5141,2552,2024-03-17,,
7929,585,696,2024-12-04,,
8033,4674,188,2025-03-16,,
8075,1902,1333,2025-02-09,2025-05-09,
8159,1528,1822,2024-12-25,,
8268,9490,1094,2024-12-07,,
8429,4541,3391,2024-02-17,,2024-10-08
8463,9770,1721,2024-09-27,,
8708,8291,3143,2025-03-14,,2025-06-26
8778,8734,2700,2024-08-27,,
8878,4885,1141,2024-11-06,,2025-08-05
8913,5546,2026,2024-10-15,,2024-12-13
9068,2819,4796,2025-04-07,,
9212,6377,4790,2025-07-25,,2025-09-20
9673,7329,2897,2024-06-17,,
9782,4494,1825,2024-07-03,2024-10-09,
10110,8843,181,2024-09-05,,
10154,8481,1521,2025-07-26,,
10329,3931,1517,2024-11-11,2025-02-06,
10386,9972,2095,2025-12-14,,
10407,6012,3387,2024-06-24,2024-08-12,
10601,9237,1186,2024-02-29,,
10773,1423,502,2025-05-03,,
10858,9200,3463,2024-05-01,,
10956,2922,3325,2024-11-04,,
11622,5569,1798,2025-07-19,,
11720,1176,1464,2025-11-29,,2025-12-05
11900,2869,145,2025-06-16,,
12036,7199,2115,2025-11-14,,
12442,6815,150,2024-07-29,,
12693,8001,2898,2025-10-01,,2025-12-15
12890,3657,4126,2025-08-13,,
12993,815,1814,2024-07-25,,
13066,550,2919,2024-03-12,,
13102,1625,3984,2024-05-09,,
13150,2105,2974,2024-01-23,,
13556,4975,2436,2025-05-12,,
13675,8505,946,2024-01-19,,
14130,6813,4962,2024-07-03,,
14144,8884,4638,2025-02-19,,
14181,831,3353,2025-04-30,2025-09-08,
14240,7328,4327,2025-01-21,,
14792,803,1662,2024-02-16,,
14820,9367,4513,2024-10-27,,2024-11-29
14981,1613,3661,2024-12-27,2025-04-08,
15090,8434,3898,2025-06-02,,
15140,3938,50,2025-08-11,2025-10-11,
15491,4604,3622,2025-02-05,,
15558,8778,1566,2024-07-13,,
15572,432,831,2024-08-08,,
15737,3147,4288,2024-05-08,,
16012,3892,1543,2025-04-26,,2025-10-20
16169,3749,1371,2025-04-23,,
16369,2675,3131,2024-02-29,,2024-10-04
16436,5988,200,2024-11-05,2024-11-29,
16545,201,4189,2025-12-02,,
16588,7519,1087,2024-08-18,,
16685,5986,2263,2025-03-14,,
16798,9409,3492,2024-11-04,,
17255,9511,2032,2024-07-04,,
17327,5177,1811,2024-12-01,,
17331,6083,508,2025-06-14,,
17580,1470,3396,2025-07-21,2025-10-22,
18629,2675,2333,2025-05-24,,
18652,66,317,2024-06-27,2024-10-16,
19027,8722,3375,2025-07-10,,
19840,3380,1397,2024-06-26,,
83,4638,1420,2025-01-27,,
696,4501,315,2024-05-14,2024-06-23,
708,1476,1804,2024-02-24,2024-08-17,
719,5090,1,2025-01-29,2025-06-13,
770,3211,3497,2024-05-18,2024-07-18,
772,4519,3601,2024-02-16,2024-07-24,
1004,3346,1242,2025-04-09,,
1120,6806,3245,2024-05-30,,
1254,4150,1971,2025-12-03,,
1697,7046,4939,2024-05-27,,
2383,911,3839,2025-12-18,,
2605,4786,2315,2024-08-07,,
2656,5930,826,2024-08-27,,
2803,5492,4572,2024-03-05,,
3017,2179,789,2025-10-12,,
3118,7284,1191,2025-06-14,2025-09-16,
3196,5652,4756,2024-10-05,,2024-12-22
3238,7565,684,2024-01-16,,
3248,1464,4104,2024-06-30,,
3355,8986,414,2025-01-27,,
3734,1248,2101,2024-12-24,,
3769,8398,4372,2025-03-30,,
3834,8124,4427,2024-03-06,,
3916,8449,4312,2024-08-26,,
3983,8152,3338,2024-02-29,,2024-12-08
4303,2380,3885,2024-09-09,,
4702,9734,3227,2025-07-19,,
4704,6661,114,2025-05-23,2025-09-13,
4726,2876,4571,2024-11-03,,2025-02-25
4764,1866,3032,2024-12-13,,
4911,8089,1388,2024-02-03,,
5162,4054,4803,2025-03-08,2025-07-03,
5166,2173,1031,2025-08-28,,
5324,5942,1321,2025-06-26,,
5475,3944,1965,2024-03-09,,2024-06-21
5481,3236,4876,2025-09-10,2025-11-08,
5670,8831,3182,2025-12-06,,
5852,7870,2265,2025-08-04,,
6637,2448,4903,2025-11-19,,
6695,1023,3260,2025-05-22,2025-11-02,
6726,1718,3020,2025-09-05,,
7323,8516,4162,2024-05-24,,
7355,8739,1448,2024-10-10,2024-10-23,
7456,1685,449,2024-08-20,,2025-01-01
7550,1210,3203,2025-11-23,,
7598,8808,2035,2025-03-13,,
8081,2503,4000,2024-07-04,,
8733,4429,2269,2024-01-01,,
8861,5017,3723,2024-12-17,,
8950,3997,3590,2025-10-28,,
9093,9910,3868,2024-09-21,,
9173,7714,1958,2025-05-23,,2025-12-02
9282,4892,588,2025-10-22,,
9809,2616,4601,2025-09-19,,
9841,7809,2568,2024-11-11,,
10178,5417,3160,2024-12-03,,
10871,8941,41,2024-07-18,,
11169,7562,349,2025-10-18,,
11359,6695,1058,2025-10-05,,2025-10-27
11476,6252,2979,2024-04-16,,
11616,2302,4057,2024-12-17,,
11627,4070,932,2024-01-26,,
11695,1204,3921,2025-07-27,,2025-09-27
12453,147,1797,2024-08-08,,
12810,5803,273,2025-12-16,,
13012,2438,288,2025-08-26,,2025-12-11
13154,9755,674,2024-10-17,,
13494,2811,1700,2025-01-03,2025-06-02,
13809,147,120,2025-03-09,,
13931,2759,2389,2025-06-11,,2025-09-06
14031,5085,1553,2024-07-30,2024-11-14,
14084,2095,3187,2025-04-22,2025-05-03,
14107,4049,4582,2024-04-09,,
14631,2796,4179,2025-02-13,,
14853,9010,145,2025-04-13,,
14872,7328,2084,2024-01-10,,2024-11-26
14940,2049,2201,2024-08-31,,
15070,7335,4109,2025-10-05,,2025-11-23
15523,4106,86,2025-10-21,,2025-10-29
15772,4491,4019,2024-10-28,,
16140,500,3794,2025-01-28,,
17084,2753,4904,2025-12-20,,
17113,6045,1091,2024-08-18,,
17422,742,3952,2024-12-13,,
17940,7927,1779,2025-09-22,,
18445,6611,4932,2025-09-19,,
18759,590,2484,2025-06-19,,
18847,400,2610,2025-06-22,,
19068,7001,4301,2025-08-20,,2025-08-23
19345,8245,525,2025-10-14,,2025-11-20
61,5945,4391,2025-11-10,,2025-12-07
117,3252,3619,2024-01-26,,
528,6379,467,2024-10-05,2025-03-23,
621,1249,3970,2025-08-14,,
1102,1649,2148,2024-08-24,,
1129,4924,3376,2024-01-16,2024-02-22,
1315,8234,176,2024-07-01,,
1437,8816,3473,2025-06-09,,
1591,8945,1907,2025-04-08,,
1607,9029,3698,2024-09-21,,
1806,978,2415,2024-07-20,,
2179,6977,1064,2025-08-21,,
2378,8400,3107,2024-07-16,,
2489,4961,578,2024-07-01,,
2802,9309,1788,2025-02-28,,2025-11-13
3323,7667,3748,2024-10-26,,2025-09-23
3604,984,1357,2024-12-31,2025-03-30,
3701,2946,592,2024-03-25,,
4011,4224,2582,2025-12-23,2025-12-25,
4185,7982,1086,2024-09-12,2024-09-19,
4199,5018,3640,2025-10-09,2025-12-02,
4346,4914,4559,2024-09-18,,
4419,165,577,2025-10-01,,2025-12-14
4566,5894,4116,2025-11-17,,
4902,1739,4048,2024-11-25,,2025-02-25
5554,5183,3308,2025-04-01,,
5590,8304,951,2025-06-11,,
5599,8602,3234,2025-01-25,2025-02-09,
5660,9385,302,2025-08-22,2025-09-24,
5664,8982,2362,2025-11-18,,2025-11-19
5667,1662,2842,2024-03-28,,
6520,1659,624,2025-10-14,,
7454,2816,3587,2025-10-10,2025-11-18,
7504,8335,1667,2025-10-08,,
7549,9406,2982,2024-09-03,,
7716,4630,4159,2025-11-29,,
7755,19,157,2025-10-31,,
7807,9987,3676,2025-03-08,2025-04-12,
7895,2659,3294,2025-08-20,2025-11-25,
7967,5229,3574,2025-03-31,2025-06-08,
8106,3422,2621,2025-12-19,2025-12-25,
8294,8162,2691,2024-01-27,,
8624,7001,1131,2025-07-30,2025-10-07,
8711,6544,4889,2024-06-13,,
8822,9055,3744,2024-09-11,,
8870,9407,4079,2025-04-13,,
8880,6724,4561,2024-11-13,,
8892,8290,2993,2025-07-19,,2025-11-03
8972,6764,1077,2025-12-08,,2025-12-11
9406,966,414,2024-06-24,2024-11-18,
9604,3842,1794,2024-11-10,,
9846,6781,1396,2024-03-10,,
10034,8311,1157,2025-09-01,,
11100,3830,2623,2025-02-19,,2025-03-25
11257,2813,2809,2025-08-11,2025-11-25,
11340,5102,250,2025-07-02,,
11384,9728,4378,2025-06-24,,2025-11-14
11604,6773,227,2025-08-29,,2025-09-07
12758,5922,3913,2025-04-21,2025-07-22,
12811,6589,2744,2024-11-14,2025-01-08,
12855,341,682,2024-03-13,,2024-04-22
12992,3459,1193,2025-04-22,,2025-06-26
13048,9814,4908,2025-10-01,2025-12-07,
13079,7559,3620,2025-06-18,2025-07-24,
13281,6604,184,2025-02-02,,2025-08-04
13409,6667,298,2025-01-28,2025-04-15,
13474,5081,2829,2025-10-04,,2025-10-11
13534,6559,1013,2024-08-12,,
13789,8811,3424,2024-01-12,,
13800,8941,1014,2025-08-22,,
13872,8992,4181,2024-09-11,,
14212,6379,4663,2025-02-09,,
14274,3792,1969,2024-06-08,,
14337,4477,4575,2025-10-22,,
14372,2791,4328,2024-06-16,2024-10-06,
14612,6663,577,2024-11-03,2025-01-18,
14680,8118,2263,2024-04-03,,
15016,2351,2305,2024-02-08,,
15092,1295,2872,2025-04-22,,2025-08-25
15200,6844,2700,2024-01-14,,
15727,7710,346,2025-12-23,2025-12-25,
15838,9645,2820,2024-10-13,,
15852,4412,794,2025-11-06,2025-11-14,
15996,5895,287,2025-12-16,,
16055,8130,4572,2025-04-15,,
16210,8516,1147,2025-08-09,,
16261,3535,3348,2025-10-11,2025-12-20,
16449,1166,989,2025-11-27,2025-12-16,
16553,7983,1243,2025-07-02,,
16581,330,1889,2025-05-09,,
16748,5870,4107,2025-11-13,,
16770,1226,2821,2024-03-12,,
16921,7557,748,2024-12-27,,
17018,9796,1495,2025-09-15,,
17071,2047,628,2024-10-03,,
17074,7537,596,2024-08-22,2024-10-08,
17232,6956,3830,2025-06-08,,
17446,9208,3493,2025-11-25,,
17576,5256,3321,2024-07-27,,
17674,8052,3900,2024-02-08,,2024-08-17
18141,4661,2416,2024-12-14,2025-04-25,
18601,2184,4025,2025-05-23,,2025-06-07
18653,1706,3463,2024-04-16,,
18724,7959,2903,2025-12-04,2025-12-12,
19069,693,3905,2025-07-30,2025-11-21,
19279,5534,232,2025-10-24,2025-12-21,
19513,4754,1726,2025-08-13,,
19770,6568,2208,2025-06-14,2025-09-13,
67,4770,1607,2024-02-24,2024-04-06,
185,1609,1950,2025-04-24,,
239,5094,2380,2025-08-13,,
362,9171,1486,2024-03-13,,
435,4613,573,2025-11-29,,
1146,5257,3440,2024-01-24,2024-06-25,
1367,6657,961,2025-05-06,,2025-05-12
1424,3009,2054,2024-12-11,,
1681,3461,4997,2025-09-12,,
1713,1164,4052,2024-11-13,,2025-10-12
1848,3292,3653,2025-11-26,,2025-12-05
2022,4418,4834,2025-12-02,2025-12-17,
2114,412,3632,2024-03-30,2024-08-18,
2164,231,3476,2025-01-05,,
2182,9128,935,2024-11-17,,2025-02-17
2235,2958,3294,2025-12-22,,
2437,425,2498,2024-09-30,,2025-04-05
2717,7469,1094,2025-01-08,2025-06-05,
2775,4158,254,2025-09-19,,2025-11-15
3082,3389,1810,2024-09-18,,
3463,5285,4686,2024-11-02,,
3501,3509,4913,2025-04-19,,
3892,1095,3324,2025-03-29,,
3930,5359,4141,2025-01-24,,2025-07-06
4054,3512,865,2025-12-05,,
4062,8293,285,2024-02-26,2024-05-09,
4133,8759,4182,2024-12-27,2025-05-06,
4150,5717,3266,2025-11-22,2025-12-13,
4183,2188,3735,2024-04-17,2024-09-17,
4281,8490,2812,2025-02-07,,
4386,4401,1807,2025-06-27,2025-08-23,
4448,1040,4544,2024-02-19,,
4494,9227,2788,2024-11-02,,
4818,9384,4299,2025-01-31,,
4886,4492,4365,2024-02-08,,
4895,6533,3050,2025-10-21,,
5055,9511,336,2025-06-10,,
5097,5759,1498,2024-06-12,,
5122,9532,2249,2025-12-19,,
5441,6511,4988,2024-02-19,,
5639,3178,3607,2025-04-26,,
5739,5955,707,2024-03-27,2024-05-19,
5908,369,3020,2025-12-16,,
5910,8178,2414,2025-10-30,,
5950,1067,3887,2024-06-30,,
6139,7655,3821,2024-01-06,2024-06-08,
6256,5849,3561,2025-02-20,,2025-09-26
6364,3764,2684,2025-11-04,,2025-11-09
6574,5533,4828,2024-10-22,,
6674,5900,3602,2025-02-21,,
6789,5118,819,2025-04-06,,
6895,7231,3440,2024-11-26,,
6998,9830,914,2025-07-15,,
7046,7299,926,2024-01-07,2024-04-03,
7071,5285,1485,2024-01-06,,
7166,1576,4532,2024-09-25,,
7240,2413,4936,2025-11-25,,2025-12-21
7347,882,2166,2025-06-23,,
7776,1073,4216,2024-10-07,,
8569,3157,2772,2024-09-14,,
8629,5445,2504,2024-06-21,,
9097,7036,136,2025-04-02,,
9978,9870,3699,2024-04-19,2024-07-14,
10635,2890,2745,2025-08-30,,
10759,3519,1169,2024-08-14,,2025-06-24
11084,1297,3413,2025-08-18,,
11138,9197,792,2025-09-28,2025-10-30,
11216,14,2920,2025-05-07,2025-10-09,
11246,6112,594,2024-08-03,,
11421,2639,4731,2025-04-18,2025-06-15,
11445,282,2448,2025-08-20,,
11538,6690,660,2023-12-27,,2024-10-10
11614,2758,4779,2025-04-19,,2025-09-17
11717,5869,1921,2025-10-28,,
11723,696,3681,2024-04-26,,
11924,5517,256,2025-12-12,2025-12-25,
11996,4561,2808,2025-05-21,,
12184,6779,2874,2025-10-25,,
12231,5560,2370,2024-03-05,,
12635,4843,3446,2025-12-20,2025-12-25,
12754,508,165,2025-12-15,,
12812,4914,3068,2025-05-27,,
13171,6197,1101,2025-10-05,,
13179,3049,3895,2025-03-27,,
13293,6878,1838,2025-07-12,,2025-11-18
13413,3689,2301,2025-05-03,2025-09-08,
13839,5881,4523,2025-07-29,,
13969,1127,3403,2025-04-06,2025-05-09,
14691,276,3905,2025-12-19,2025-12-25,
14917,8739,3372,2025-04-11,,
14924,5666,3082,2024-11-28,2025-03-23,
15109,4708,3745,2024-10-25,2025-02-19,
15110,793,1321,2024-06-12,,
15520,7020,188,2024-05-28,,
15590,4003,2525,2024-10-14,2025-04-01,
15691,8071,761,2025-11-17,2025-12-25,
15702,2962,3056,2025-10-11,2025-12-16,
16097,8892,1893,2025-11-22,2025-12-14,
16247,453,2574,2025-05-22,,
16267,5090,418,2024-08-25,,
16586,2459,101,2025-11-07,,
16664,1040,2689,2024-09-02,,
16669,4490,2397,2025-02-28,,
16976,4358,509,2025-03-06,,2025-11-18
17020,7686,4006,2025-04-05,2025-05-01,
17043,5810,3230,2025-04-27,,
17791,371,1761,2024-09-26,2025-02-09,
18081,5712,3168,2025-04-14,,
18423,2747,866,2025-08-08,,2025-08-12
18819,2060,4447,2024-09-07,,
19237,9712,3166,2025-07-04,,
19259,8226,966,2025-09-22,,
19745,5598,4346,2024-03-29,,
19981,289,1180,2024-02-18,,
69,1677,4208,2024-05-09,2024-07-17,
81,2411,3578,2025-10-11,2025-10-20,
100,9137,1378,2025-08-15,,
246,3267,3974,2025-05-13,2025-06-16,
434,9415,2846,2025-06-29,,
670,2722,87,2024-10-02,,
1107,3235,1740,2024-12-12,2025-05-11,
1326,4124,3815,2024-08-01,,
1463,3213,4309,2024-09-30,,
1932,60,3425,2024-01-08,,
2291,5683,375,2025-08-03,2025-11-19,
2921,5217,4774,2025-11-28,,2025-12-22
3455,7092,242,2025-11-11,2025-12-10,
3932,7283,1528,2024-08-01,2024-12-13,
4130,1478,1104,2025-10-13,2025-12-09,
4237,8879,3502,2024-08-24,,
4588,1915,3018,2025-05-27,,2025-05-31
4864,5664,3520,2025-08-15,2025-10-21,
5107,5555,1437,2024-08-12,,2024-10-04
5671,8649,4133,2024-12-31,,
5836,9242,4849,2024-01-05,,
5863,1474,4975,2024-05-28,,
6022,4398,274,2024-03-20,,
6185,1175,2654,2024-10-08,,
6349,3296,4309,2025-08-11,,
6775,3871,47,2024-12-31,,
7141,6128,1964,2025-08-08,2025-12-14,
7280,3419,637,2025-05-09,,
7400,5151,3069,2025-01-26,2025-03-29,
8425,8766,184,2025-09-17,2025-10-28,
8701,4130,576,2025-01-09,,
8759,1910,2459,2024-09-25,,
8851,3906,119,2024-02-29,,
8860,8932,3654,2024-10-13,2024-12-22,
9239,459,4800,2025-12-06,2025-12-23,
9875,9667,2395,2025-01-27,,
10224,9025,3196,2025-05-05,,
10300,1921,427,2025-05-20,2025-07-20,
10988,5193,3456,2024-12-02,,
11144,784,2038,2025-11-22,,
11271,3559,2570,2024-10-28,2025-02-10,
11369,1039,176,2025-09-25,,
11378,9830,4579,2025-09-23,,
11385,4226,2909,2025-12-08,2025-12-22,
11617,4181,3677,2025-02-23,,
11946,4678,2093,2024-05-22,,
12287,4813,2662,2025-08-08,,
12490,3255,1772,2024-12-26,,
13257,5584,345,2025-12-24,2025-12-25,
13372,2166,3694,2025-12-11,2025-12-18,
13404,6800,2913,2024-12-26,,
13433,6285,593,2024-01-09,,
13639,776,591,2025-11-17,2025-12-21,
13735,4412,281,2025-05-30,,
13755,9814,4159,2025-08-19,,
13947,5278,3193,2025-08-10,,
14086,7520,4286,2024-12-03,2025-04-02,
14122,878,1379,2024-01-02,,
14172,9747,2346,2024-07-08,2024-08-22,
14581,6442,811,2025-05-14,,
14620,158,1905,2025-12-15,,
15055,698,2327,2024-09-10,,2025-05-24
15205,9797,3085,2025-10-09,2025-11-08,
15415,3973,2206,2025-06-08,2025-07-14,
15878,2695,2681,2025-09-28,,
16316,4045,3117,2025-07-10,2025-08-07,
16356,2597,4623,2025-10-10,2025-12-03,
16397,2003,4094,2025-08-22,,
16448,1554,2308,2025-11-14,,
16919,2713,578,2025-07-02,2025-12-01,
17011,7685,4266,2025-08-11,,
17127,9567,3185,2025-12-03,,
17193,2249,1095,2025-04-20,,2025-10-08
17635,8291,2586,2025-06-05,,
17815,2171,2913,2024-04-16,,
17970,1093,160,2025-11-30,2025-12-16,
18133,741,2851,2025-11-23,2025-12-10,
18206,9307,4957,2024-04-23,2024-06-12,
18846,7011,2700,2025-07-02,,
19170,4,4248,2025-08-31,,
19602,9194,3342,2025-10-12,2025-11-05,
19610,5025,3109,2024-03-30,,
28,5188,1691,2024-11-28,2025-03-01,
144,4966,4299,2025-06-27,,
158,4084,4703,2025-02-13,,
1174,554,2506,2025-11-24,2025-12-07,
1472,8850,2470,2025-03-31,,
1703,6315,779,2024-06-22,,
1836,6081,1720,2025-08-06,2025-12-23,
2233,1309,4706,2024-05-14,,2024-11-13
2237,9523,1469,2025-02-02,,
2556,1702,231,2024-03-07,,
2753,8959,3389,2025-11-07,,2025-12-10
2937,4478,509,2025-04-30,,
2950,75,4366,2024-10-05,2024-11-14,
2973,7470,2865,2025-12-13,,
3278,1604,4732,2024-12-02,,
3381,4249,3424,2024-10-22,,
3539,8114,1540,2024-04-22,,
3867,5859,1444,2025-07-13,,2025-09-10
4394,4119,2853,2024-05-14,,
4400,5817,1389,2024-10-16,,
4783,6096,4337,2025-04-06,,
4985,8316,4995,2024-10-09,2025-01-08,
5255,8012,3772,2024-03-22,,
5258,3110,3756,2025-12-15,2025-12-22,
5281,935,4686,2025-12-01,2025-12-22,
5580,309,937,2024-12-31,,
5698,9451,554,2024-11-27,2025-01-17,
5867,8484,4103,2023-12-30,2024-04-02,
5901,3543,798,2025-01-17,,
5940,3613,1014,2025-09-14,2025-12-11,
5982,636,3731,2025-03-11,,
6144,6663,345,2024-03-14,,
6147,6915,1069,2024-11-20,,
6344,6461,4228,2024-07-04,,
6348,5042,3634,2025-03-10,,
6397,7603,1007,2024-07-16,,
6451,4453,2398,2023-12-26,,2024-10-26
6530,7108,1328,2025-02-06,,
7249,296,4583,2025-03-02,2025-03-30,
7405,8002,937,2025-02-19,,
7713,1729,3328,2025-06-26,2025-09-17,
7764,4290,1573,2025-05-19,,
7851,4230,2910,2025-07-31,,
8133,3408,2102,2025-01-29,2025-06-15,
8266,3301,3095,2025-04-15,2025-05-28,
8340,6743,2715,2025-02-15,,
8780,4789,4314,2024-06-06,,2024-12-30
9330,400,2592,2024-10-18,,2024-11-10
9881,485,3322,2025-11-27,,
10410,8348,1820,2025-09-16,,
10777,8367,4332,2024-07-26,,
10948,2830,2347,2025-01-13,,
11148,3251,838,2024-10-09,2024-11-08,
11172,5152,4835,2025-11-29,2025-12-08,
11184,7263,2618,2024-07-06,,
11203,344,658,2025-09-24,,
11390,9916,176,2024-10-05,,
11693,5417,3534,2024-07-20,,
11870,2305,1255,2025-08-01,,
12052,227,3193,2024-05-05,,2024-07-21
12679,3500,222,2024-11-02,,2025-06-14
12793,5960,949,2024-06-20,,2024-07-11
13265,9935,504,2025-05-19,,
13292,2468,1232,2025-01-31,,
13430,60,2014,2024-09-25,,
13507,7016,1856,2025-07-16,,
13813,1548,1975,2025-10-21,2025-11-21,
13900,6976,3858,2025-08-10,,
14070,1744,1655,2025-02-26,2025-06-08,
14201,5560,816,2024-02-24,,2025-01-22
15153,2483,493,2024-02-14,,
15164,1075,504,2025-06-02,,2025-11-27
15324,229,1701,2024-01-10,,
15695,8206,3651,2025-05-17,,2025-07-13
15710,7623,285,2025-04-15,2025-05-28,
15763,5254,2868,2025-03-08,2025-06-04,
15812,5009,4231,2024-09-28,2024-11-02,
15851,7203,4405,2025-02-23,,
15975,9793,1765,2024-06-19,,
16027,9020,1681,2024-02-21,,
16299,5164,2451,2025-06-29,,
17540,703,1074,2025-02-01,2025-06-08,
18235,936,4407,2024-03-14,2024-05-02,
18261,6140,2226,2025-04-18,,
18330,9983,4172,2025-04-03,,2025-09-10
18502,2314,1049,2025-12-13,2025-12-21,
18681,1158,683,2025-06-08,2025-11-21,
18989,3839,1056,2025-12-24,,2025-12-25
19034,5872,3038,2025-11-09,,
19102,7070,994,2024-01-28,,
19567,705,4703,2024-12-31,,
19662,2407,821,2024-04-03,2024-08-28,
19753,8479,2555,2024-10-12,,
19990,38,12,2024-07-07,,
71,4818,3648,2024-02-24,,
103,4807,1921,2025-11-10,,
622,273,2365,2024-02-16,,
623,8140,4277,2025-03-12,2025-05-28,
628,3334,3882,2025-09-04,,
807,2534,3981,2024-04-22,,
813,133,4459,2024-02-12,,
1242,3525,1665,2025-06-06,,
1407,600,86,2024-01-21,2024-06-17,
1521,9365,4944,2024-11-13,,
1547,3248,3443,2025-04-04,,
1771,9069,842,2024-06-06,2024-08-03,
1783,9915,4613,2024-11-03,2025-02-07,
1827,3184,4844,2025-02-12,,
1886,5723,2408,2025-08-06,,
1941,7044,2687,2024-01-26,,
2069,778,3819,2025-02-17,,2025-08-19
2082,5137,3598,2025-05-01,2025-08-16,
2282,215,4244,2025-11-10,,
2451,4680,601,2024-04-02,,
2478,3677,757,2024-03-30,,
2806,892,1524,2024-07-10,2024-11-04,
2979,4770,3084,2025-05-25,2025-09-07,
3073,5359,3453,2024-11-29,,
3237,8053,1021,2024-08-28,,2025-02-03
3241,4838,3844,2025-12-17,,
3268,229,3646,2025-06-02,2025-10-09,
3644,3357,3005,2024-05-28,,
3880,6061,4220,2024-01-11,,
4067,1122,3154,2025-01-02,,
4426,4768,707,2024-10-25,,
4453,5311,4741,2025-05-08,2025-10-14,
4569,7165,1295,2024-07-17,,
4654,9827,3839,2024-03-12,,
4792,2925,4768,2024-08-11,2025-02-04,
4984,2489,1616,2024-05-18,,
5276,6488,3706,2025-02-12,,
5547,6632,464,2024-01-09,,
5564,1912,4455,2024-07-11,,2024-08-18
5576,8022,2602,2025-03-09,,
5768,1513,387,2025-12-24,,
6233,9016,395,2025-03-23,2025-06-12,
6366,9496,4117,2025-06-26,,
6430,6771,3187,2024-10-09,,2025-08-24
6461,1658,4413,2025-12-21,,2025-12-24
6513,1152,2105,2024-04-22,,
7138,7639,2616,2024-04-14,,
7171,6016,3536,2024-02-15,,
7188,8795,3421,2025-05-16,,
7325,7502,4571,2025-09-03,,2025-10-22
7804,3213,3227,2025-01-15,,
7815,6420,590,2025-12-02,,
8134,9730,1084,2025-01-06,,
8675,700,2556,2024-04-22,,2024-05-18
10426,8590,4303,2025-08-31,,2025-09-30
11140,2852,1113,2025-02-10,,
11171,3574,3628,2025-08-27,,
11318,2903,724,2025-02-21,,
11647,9525,3769,2024-11-18,2024-12-28,
12035,7180,978,2024-12-08,,
12147,5914,3119,2024-01-03,,
12476,5580,2949,2025-07-28,,
12546,7671,3814,2024-05-24,,
12661,5096,2967,2024-03-04,,
13072,5382,2720,2024-09-27,,
13113,4388,4033,2024-01-17,,2024-08-16
13135,2327,1347,2024-03-18,2024-07-05,
13335,2890,3642,2024-06-28,,
13381,4816,4164,2025-03-21,,
13398,9803,4527,2025-11-20,,
13428,3654,3117,2025-09-28,,2025-10-22
14083,5836,3757,2025-10-26,,
14264,7115,1705,2024-07-06,,2025-03-06
14399,2467,4453,2024-07-14,,2025-06-14
14806,8997,476,2025-09-01,2025-09-12,
15210,4805,4976,2024-07-08,,
15224,6537,295,2025-01-04,,
15442,8947,2744,2025-05-18,,
15449,4998,1697,2024-01-24,,2024-06-10
15502,6512,197,2025-08-27,,2025-09-24
15517,7292,3511,2024-08-29,2024-11-20,
15636,3914,1480,2024-12-18,,
15915,9943,4281,2025-08-06,,
15935,8312,2188,2025-03-14,,
16018,2230,4730,2025-12-14,,
16681,4532,4322,2024-05-27,2024-06-13,
16689,4098,4556,2025-12-22,,
16831,1841,81,2025-02-16,2025-04-10,
16905,5038,596,2024-06-21,,
17077,4678,2780,2025-02-21,2025-07-06,
17123,4730,2466,2025-02-24,,
17375,9273,4210,2024-10-08,2025-01-23,
17706,1736,523,2025-12-15,,
17714,2403,1527,2025-11-27,,
18345,5147,2723,2024-05-14,,
18700,180,2318,2025-10-22,,
18865,3617,2386,2025-01-04,2025-05-17,
18910,5254,2606,2025-05-28,,
19046,7644,1263,2025-11-15,,
19154,3754,4540,2024-02-03,,
19323,5802,2568,2024-05-30,,
19569,3968,4126,2024-10-12,,
19724,2769,3041,2025-09-18,2025-12-10,
19739,4106,644,2025-05-12,,
19937,4956,4423,2024-10-08,,
19945,6012,4649,2025-01-06,,2025-07-02
241,8087,643,2025-09-11,2025-11-12,
268,9901,4679,2025-09-27,,2025-10-25
336,7065,354,2025-08-15,,
560,28,1821,2025-07-20,2025-10-23,
887,547,4012,2025-05-03,,
891,8381,562,2024-06-26,,
955,776,2633,2025-08-22,2025-09-19,
1029,3454,2934,2024-08-19,,
1464,1552,3631,2025-04-19,2025-08-18,
1557,2395,2846,2025-10-02,,
1573,3596,4485,2024-02-07,,
2007,6086,516,2024-02-29,,
2191,5125,546,2024-04-05,2024-06-06,
2462,5030,3398,2025-11-22,2025-12-24,
2545,5233,2891,2024-07-17,,
2658,9232,1290,2025-08-18,2025-09-05,
3188,9242,3058,2024-05-11,,2025-05-08
3215,8538,1335,2025-09-22,2025-11-20,
3242,383,1915,2025-01-29,,
3469,5943,1969,2024-01-19,,
3889,9929,98,2024-06-05,2024-09-23,
4229,8261,1555,2025-02-14,,2025-04-26
4380,2348,922,2025-06-10,,
5040,967,515,2024-03-09,,
5067,2057,814,2024-08-27,2025-02-12,
5296,6022,4390,2025-02-02,2025-05-30,
5482,912,4311,2025-05-30,,
5589,3935,491,2025-12-05,2025-12-17,
5915,9332,2504,2025-01-03,2025-06-01,
5918,4894,2019,2024-10-27,,
6132,4329,1886,2025-04-15,,
6383,1552,138,2024-10-16,2024-12-27,
6648,9555,4992,2025-05-27,,
7036,4856,4737,2025-10-15,2025-12-03,
7165,7501,3412,2024-12-02,2025-02-14,
7564,2668,1244,2025-11-18,,
8439,1075,3162,2025-03-19,,
8859,4744,1878,2024-09-16,,2025-06-12
9272,8791,335,2024-02-22,2024-08-18,
10236,5989,608,2024-01-04,,
10321,1993,472,2025-12-01,,
10746,9970,2965,2024-07-02,,
10900,9320,152,2024-12-22,,
10943,6033,2950,2025-08-06,,
11077,2499,878,2025-05-18,,
11143,6395,1302,2024-02-18,,
11254,1990,2615,2025-04-22,,
11344,8007,2670,2024-12-02,2025-02-11,
11779,2018,195,2024-06-04,,
12284,7949,4953,2025-08-10,,2025-10-25
12366,241,1345,2025-06-06,2025-09-04,
12741,672,2933,2025-04-21,,
12888,9627,2844,2025-12-10,,
12924,4084,1889,2024-09-25,,
13176,3489,3557,2024-11-14,,
13237,7025,2412,2024-07-29,,
13386,9131,691,2025-01-18,,
13432,5691,4714,2025-10-10,,
13695,8233,3146,2025-09-27,,2025-11-23
13819,5968,2555,2024-11-18,,2024-12-25
13865,8377,495,2024-07-11,,
13970,5066,4298,2025-03-19,2025-05-01,
14011,5757,2495,2025-11-16,,
14051,1827,1676,2025-12-19,,2025-12-22
14126,4048,552,2025-12-01,,2025-12-08
14143,8024,2653,2024-11-30,2025-04-22,
14242,2395,1737,2024-05-29,,2024-08-14
14367,8351,297,2025-02-10,,2025-11-21
14412,7254,3785,2024-02-18,,
14811,6837,2579,2024-10-23,,2025-09-12
14895,6813,4726,2025-03-30,2025-05-28,
15268,1049,1834,2024-09-09,,
15389,4640,2869,2024-01-03,2024-03-21,
15617,8728,1024,2025-05-16,,2025-07-28
15780,9746,4350,2024-10-24,,
15803,3409,2383,2025-08-19,,
16096,3814,1978,2024-06-29,,
16130,8863,3213,2025-04-06,,
16256,2811,1755,2025-08-26,,
17047,8836,917,2024-03-28,,
17103,871,342,2025-01-16,,
17457,2446,4126,2025-04-28,2025-07-30,
17723,7230,4867,2025-11-10,,
17900,1705,4770,2025-02-11,,
18019,2698,3484,2024-05-30,2024-06-11,
18111,394,3928,2025-09-17,,
18912,1472,666,2024-09-12,,
19198,678,1991,2025-04-25,,
19571,5333,2589,2025-12-22,,
19612,4696,1250,2025-07-31,,
19645,7694,2656,2025-06-13,,2025-09-20
19801,3767,4555,2024-06-21,,
19944,5101,2315,2024-10-14,2024-11-26,
165,2754,547,2025-08-27,,
270,2666,294,2025-04-23,,
525,1015,2477,2025-06-13,2025-12-02,
577,7541,4610,2025-01-19,,2025-11-21
787,9733,4462,2024-11-15,,
1275,1994,1668,2025-11-19,,
1405,697,1921,2024-08-13,,
1525,9466,1721,2025-04-12,,
1730,1216,439,2025-08-23,2025-11-02,
1799,5798,950,2024-09-20,,
1926,5733,62,2025-07-14,,
2044,2077,3318,2023-12-30,,2024-06-17
2100,901,3748,2025-03-05,,2025-04-14
2367,3750,4551,2024-09-29,,2025-04-05
2470,531,1890,2024-07-31,,
2597,7956,3194,2025-06-09,2025-08-11,
2664,6161,90,2024-01-25,2024-06-23,
3138,2360,2556,2024-01-20,,
3216,719,1403,2025-10-01,,
3900,3110,615,2024-10-05,,
3926,1142,2021,2024-04-02,2024-07-17,
3999,9046,1068,2025-11-26,,
4087,514,1357,2025-01-22,,
4270,2780,4157,2025-05-03,,2025-08-27
4350,7178,4210,2025-08-02,,
4479,991,314,2024-12-30,,
4526,4856,443,2025-03-20,,
4562,2725,2713,2025-01-22,,
4662,6779,3277,2025-06-01,2025-07-24,
4934,2528,2028,2025-03-07,,
5422,1754,1501,2025-07-09,,
5612,8563,396,2025-07-19,,2025-12-25
5812,3768,4099,2025-07-13,,
5893,742,3013,2024-12-07,2025-06-01,
6460,6030,4141,2025-10-02,,
6498,1977,3229,2025-02-22,,2025-12-03
6753,975,2106,2024-04-06,2024-09-25,
6853,5144,4079,2025-10-11,,
7193,3099,3635,2025-10-24,,
7210,9734,2070,2024-08-18,,
7814,700,4988,2024-03-24,,
7901,4630,4472,2024-12-09,2025-06-02,
8239,7340,3162,2024-07-03,,2025-05-04
8451,939,3542,2024-11-12,,
8764,4235,3631,2025-10-08,,2025-12-25
9058,8416,3984,2025-09-12,,
9233,1823,2661,2025-10-11,,
9427,4203,426,2024-12-19,,2025-09-18
9556,3046,3885,2024-04-12,2024-09-20,
9957,7161,3542,2025-11-19,,
10003,5771,588,2024-11-06,2025-05-05,
10221,8593,1769,2025-05-10,,2025-10-06
10572,733,2217,2025-04-21,,
11035,9188,1426,2025-03-04,,
11062,4938,4523,2024-11-15,2025-03-28,
11306,5229,1715,2025-07-19,2025-08-16,
11326,2534,3077,2025-11-17,,2025-12-04
11583,1029,3011,2025-11-10,,
11701,2236,2439,2025-09-02,,2025-09-30
11929,2846,4232,2024-12-14,,2025-05-19
11952,734,4672,2024-10-22,,
11955,4883,3671,2025-08-04,,
12172,2191,1195,2024-05-28,2024-06-04,
12332,9636,2974,2025-05-16,,
12499,9417,4333,2024-08-10,,2025-03-14
13052,9362,4979,2025-08-25,,
13123,4245,1543,2024-08-06,,
13251,6602,3233,2024-10-22,,
13369,5033,1203,2024-11-20,2024-12-30,
13666,9398,3776,2025-10-15,,
14305,973,2241,2025-02-18,2025-04-26,
14415,1786,3271,2025-09-14,,2025-10-11
14683,9668,1443,2025-04-18,,
14801,7344,1553,2025-08-03,,
14823,3082,4560,2024-05-22,2024-09-24,
14876,7866,2608,2025-07-12,,
15325,505,2494,2025-02-28,2025-04-18,
15369,4574,845,2024-12-06,,2025-06-03
15526,584,854,2024-02-18,,
15595,5199,3647,2025-10-13,,2025-11-22
15657,2844,2,2024-07-22,,
15921,4237,2473,2024-10-03,,
15937,8825,3558,2024-10-19,,
16405,1277,1178,2025-11-19,,
16459,6018,1301,2025-09-08,,
16567,318,357,2025-11-16,,
16699,8526,4062,2025-04-04,,
16999,2013,44,2025-01-25,,
17252,5173,1133,2025-02-11,,2025-07-13
17389,4263,608,2025-09-29,2025-12-25,
17975,9655,2573,2025-02-17,,2025-06-08
18193,5425,4346,2025-07-05,,
18321,5105,3150,2025-01-14,,
18408,4956,1185,2024-07-05,,
18772,3385,173,2024-09-17,,
18827,3220,2183,2024-04-09,,
18920,8055,708,2025-04-22,,
18948,9902,4916,2024-03-27,,
18993,2550,3261,2025-07-10,2025-09-13,
19042,5518,2709,2025-11-22,2025-12-02,
19093,4635,3930,2024-08-06,,
19390,8053,4676,2024-07-08,,
19688,8564,3605,2025-03-27,,
19956,5401,2322,2024-07-20,,2024-11-25
390,101,4546,2025-02-13,,
639,4880,1423,2025-01-30,2025-02-18,
942,1575,839,2025-12-24,,2025-12-25
1211,6271,3270,2024-05-27,,
1332,7768,3879,2025-01-10,,
1548,3790,3672,2025-05-20,,
1568,7338,230,2024-11-11,2025-03-08,
1898,6927,4314,2025-07-24,,
2071,7973,88,2025-04-15,,
2328,3341,3900,2024-12-03,,2025-06-04
2365,3672,1344,2025-11-24,,2025-12-08
2485,9467,3531,2025-09-18,,
2689,7972,4686,2024-09-16,,
3144,5209,4167,2024-04-20,,
3400,6024,4579,2025-08-05,,
3448,1680,4846,2024-09-05,2024-12-23,
3521,6259,1674,2025-06-21,2025-07-18,
3632,6450,2887,2024-05-22,,
4378,8328,3285,2024-08-10,,
4623,6245,433,2024-09-13,,2025-03-23
4714,9392,3305,2024-07-23,,
4880,1718,3341,2025-09-24,,
4910,7410,4467,2025-04-03,,2025-04-07
4920,2381,943,2024-08-17,,2025-04-13
5179,4289,515,2024-12-15,,2024-12-20
5570,7131,2994,2024-01-23,2024-07-15,
5716,1116,981,2025-12-09,,2025-12-15
6198,3782,1243,2025-07-13,,
6644,1764,3896,2025-09-22,2025-10-28,
6780,3315,1063,2025-07-02,2025-09-04,
7017,7299,2289,2024-12-07,,
7617,8686,4179,2024-12-25,,
7651,9794,3074,2024-02-06,,
7792,6973,4283,2025-01-02,,
7941,6330,1354,2025-08-18,2025-09-21,
8339,3968,1952,2025-10-25,2025-12-06,
8483,1067,4667,2024-09-25,,
8672,6583,590,2024-03-21,,
8933,9998,100,2025-10-27,,
9183,3611,176,2024-01-14,,
10070,8448,1429,2025-10-30,,
10434,8010,2350,2025-12-22,,
10573,4230,3734,2025-08-30,,
10901,9655,1535,2025-04-08,,
11094,4135,1133,2025-10-21,,
11115,4419,1361,2025-08-31,,
11151,4154,1697,2025-11-05,,
11232,623,4869,2024-02-23,2024-04-02,
11267,8719,366,2024-07-18,2024-10-15,
11307,3070,2876,2025-06-22,2025-11-05,
11879,2781,2059,2024-03-10,,
12088,8163,3242,2025-03-04,,
12095,9188,2606,2025-12-12,2025-12-25,
12234,1609,4697,2024-07-30,2025-01-11,
12687,3438,3756,2025-02-04,,
12862,7873,4788,2024-10-23,,
12875,8521,1912,2025-09-13,,2025-10-26
13043,6634,4409,2025-10-22,2025-12-10,
13091,2833,4133,2025-03-05,,
13180,3227,3817,2025-09-30,,
13238,9674,4330,2024-01-02,2024-01-15,
13298,249,4984,2025-12-05,,2025-12-08
13696,2836,2545,2025-08-11,,
13996,7387,4170,2025-01-18,2025-05-23,
14028,2241,769,2024-09-15,,
14169,749,2504,2024-12-10,,2025-10-05
14864,9187,3668,2024-07-28,,
15040,5471,2417,2025-11-19,,
15844,1139,1048,2024-01-07,2024-07-03,
15911,3773,1086,2025-06-23,,2025-11-23
15971,4523,1848,2025-08-29,,2025-11-09
16232,2200,2022,2024-06-20,,
16285,4411,1979,2024-09-22,,
16674,8225,4878,2024-01-13,,
16717,8154,2023,2024-06-03,,
17052,2472,3018,2024-08-15,,2025-02-09
17124,3651,3577,2024-10-22,2025-01-14,
17492,3950,2168,2025-01-22,,
18068,5108,2410,2025-01-19,,2025-04-04
18146,9966,4532,2024-11-08,,
18218,548,4333,2024-06-29,,
18641,1790,1546,2024-08-11,,
18798,5600,2938,2024-11-11,,
18822,3637,3874,2024-09-27,,
18858,8678,1191,2025-09-24,,
19935,7084,3498,2024-06-22,2024-08-11,
323,6485,505,2024-10-20,,
394,3924,343,2025-08-04,,
538,2400,3199,2025-04-29,,
714,5452,3848,2025-09-15,,
809,784,2116,2025-12-10,,
1131,7896,1032,2025-10-10,,
1165,961,2833,2024-06-22,,
1352,6747,2013,2025-06-06,,
1499,2883,900,2024-12-14,2025-06-09,
2170,3582,1302,2024-12-26,2025-05-15,
2290,7453,332,2024-03-04,,
2320,1966,241,2025-12-07,,2025-12-15
2395,5498,1407,2025-09-14,,2025-12-14
2542,6728,1635,2024-10-12,,
2562,175,3059,2025-12-15,,
2587,4768,290,2025-06-30,,
2725,6842,4224,2025-09-03,,
2780,8266,3213,2024-08-17,,
2891,962,3136,2025-03-17,,2025-06-17
2909,3059,3674,2025-01-13,,
2927,609,93,2025-07-02,,
3919,7156,3407,2024-04-03,,
4482,795,2490,2024-01-18,2024-06-15,
4523,8338,117,2025-08-29,,2025-12-05
4556,7118,690,2025-04-11,,
4685,2007,4435,2025-06-03,2025-09-28,
4774,5706,651,2025-06-04,,2025-09-11
4975,5299,486,2025-01-08,,
4980,4560,4442,2025-04-10,,
5411,2941,2217,2025-09-24,,
5583,4508,942,2025-09-08,,
5766,771,4325,2025-10-22,2025-12-24,
6302,4207,1054,2025-02-25,,2025-06-01
6465,9022,1328,2025-09-12,,
6665,5015,3432,2024-01-04,2024-03-12,
6928,7190,4129,2025-09-24,,
7063,3519,1679,2024-12-07,,
7147,4744,4601,2024-08-27,,
7225,9573,4954,2024-03-07,,
7506,5654,2513,2024-06-29,,
7809,5351,2835,2024-08-01,,
8018,3136,4308,2025-01-01,,2025-02-13
8177,58,1048,2025-06-13,,
8253,6113,1801,2024-11-07,,
8295,8052,2000,2024-07-17,,
8363,9551,345,2024-04-18,,
8423,93,2106,2025-12-10,2025-12-17,
8781,308,3796,2025-08-14,,
9138,5569,164,2024-11-11,2024-12-07,
9533,4316,835,2024-08-05,,2024-08-15
9703,2756,613,2024-10-01,,
10116,8277,3340,2025-06-18,,
10240,6102,4676,2024-08-01,2024-08-16,
10302,6472,944,2024-08-19,,
10320,6088,4802,2025-08-16,,
10696,4691,2798,2024-04-10,,
10722,1572,782,2025-10-30,,
11398,5030,2508,2024-05-17,2024-09-05,
12420,8081,3000,2025-08-27,,2025-11-11
12555,2562,828,2024-05-12,,2025-01-19
12996,9760,3066,2025-05-22,2025-11-13,
13121,7825,2607,2025-02-04,2025-07-21,
13630,4779,4015,2024-09-21,,
13743,7815,2260,2024-12-11,,
13775,3430,1861,2025-03-24,,
14131,7286,4104,2025-12-04,,2025-12-21
14461,3446,1456,2024-05-29,,
14789,8699,4365,2025-12-21,,
14808,4003,619,2024-01-30,,
14849,7853,3760,2024-02-10,2024-06-23,
15428,8374,4052,2024-02-16,2024-06-16,
15672,3485,1474,2024-05-30,2024-07-03,
15831,2360,1330,2025-03-31,2025-05-31,
15919,9721,428,2025-07-20,,
16039,8982,4763,2025-09-03,,
16234,235,3254,2024-03-09,,2024-06-10
16946,9017,1082,2024-05-28,,
17111,8744,322,2025-10-26,2025-11-19,
17287,7355,1096,2025-08-06,,2025-09-25
17353,75,980,2024-03-09,2024-08-31,
17568,9037,4032,2025-06-26,2025-12-18,
17607,5168,4398,2025-03-09,2025-03-28,
17653,8987,4898,2025-02-25,2025-04-22,
17752,8874,4778,2024-06-10,,
18169,2939,1850,2025-07-08,,
18692,564,195,2025-07-31,,
18721,1822,688,2025-02-12,,
18883,7743,1939,2025-06-21,,
18894,4192,1614,2025-10-06,,
18936,1383,1114,2025-07-25,,
19158,9325,3903,2024-08-18,,
19349,524,76,2024-05-08,,
19644,5406,4849,2025-04-15,,
19767,8041,1408,2024-04-13,2024-05-27,
19826,6071,2692,2025-05-24,,
19850,832,599,2025-07-16,,
863,9211,585,2025-09-21,,
1300,8442,688,2024-02-17,,
1795,4827,367,2024-07-23,2024-12-12,
1895,8026,1303,2025-01-01,,
2399,4429,1953,2024-05-26,,
2452,2891,2957,2025-12-24,,
2645,9673,2901,2024-03-01,,
2653,8466,504,2025-12-24,,
2665,1379,3267,2024-08-16,,2025-06-25
2912,604,3469,2024-09-01,,
3110,8874,3979,2024-11-24,,
3221,3958,865,2025-10-07,,
3350,5691,3671,2025-04-30,,
3382,9210,2827,2025-12-12,,
3580,4749,3907,2025-01-14,,
3782,4335,820,2024-02-27,,
4010,8290,463,2025-01-14,,
4190,5320,4258,2025-07-16,,
4235,8563,1186,2025-09-04,,
4431,2992,1020,2024-12-07,2025-02-18,
5108,7329,3546,2025-07-12,,
5250,4801,751,2025-10-24,,
5270,2835,939,2025-03-20,,
5283,224,4496,2024-03-25,,
5429,5,1846,2025-07-23,,
6036,9273,1711,2025-03-04,,
6290,2681,793,2025-06-06,2025-09-24,
6449,1628,324,2025-12-13,,
6666,3444,4993,2024-04-30,,
6728,9305,1950,2025-01-07,2025-04-18,
6890,7834,3506,2024-02-05,2024-06-18,
6917,9523,3789,2025-09-08,,2025-12-21
6931,7944,4718,2025-02-16,,
7145,9763,252,2024-08-02,2024-10-23,
7630,1906,3472,2025-07-17,,2025-08-26
7856,7418,4354,2023-12-28,,
7952,2738,3246,2025-06-11,,
7983,6806,3063,2024-06-01,2024-10-13,
8077,9068,4467,2025-10-03,2025-12-06,
8182,8134,1169,2024-11-08,,
8444,4981,786,2025-05-05,2025-06-23,
9005,7479,4508,2025-10-16,,
9117,8066,118,2025-12-13,,
9170,4167,3644,2024-11-16,,
9664,2360,3058,2025-07-07,2025-10-23,
9834,6301,4136,2024-11-16,2025-04-22,
9918,222,4636,2024-11-17,2024-12-27,
10435,752,135,2025-01-23,,
10526,7638,2725,2025-11-28,2025-12-22,
10801,6135,1250,2024-02-20,,2024-04-18
10991,4674,882,2024-11-19,2025-02-11,
11338,5350,1969,2024-02-14,,
11370,7094,4055,2024-03-07,,
11405,5179,2817,2024-11-11,,
11631,4328,2562,2024-08-27,,
12219,5931,1492,2025-08-04,2025-10-13,
12275,5539,409,2025-03-16,2025-07-27,
12910,7289,1760,2025-05-30,,
12991,8112,2026,2025-11-09,,
13028,3073,4574,2024-05-09,,
13362,8722,1611,2024-09-17,,
13645,2010,1417,2025-05-26,,
14320,1679,2701,2025-05-27,,
14332,5460,1574,2025-11-02,2025-11-27,
14976,5580,2598,2024-12-06,,2025-01-26
15942,6367,2249,2025-08-03,,2025-09-23
16226,1050,2736,2024-02-25,,
16271,6116,753,2024-09-13,2025-01-01,
16355,9227,4359,2025-10-15,2025-12-04,
16395,8783,2275,2025-10-24,2025-11-26,
16450,916,2109,2024-09-01,,2025-02-14
16469,7241,2544,2025-05-27,,2025-06-04
16578,7930,3425,2025-08-04,,
16824,3751,238,2024-10-04,,2025-04-23
16835,969,1641,2024-07-15,,
16957,2198,898,2024-02-24,,
16989,6397,4671,2025-04-06,,
17172,5678,1519,2025-08-14,,
17235,1519,4165,2025-10-31,,2025-11-01
17567,3394,79,2025-11-08,2025-12-16,
17762,8867,3352,2025-05-31,2025-11-09,
17774,4164,4503,2025-08-27,,
17929,2253,1420,2024-07-05,,
18000,9365,2141,2023-12-31,,2024-01-24
18102,6250,4628,2024-09-09,2025-02-16,
18165,8433,481,2025-12-22,2025-12-25,
18339,1088,873,2024-08-03,2024-09-20,
18346,1210,3730,2024-10-07,,
18481,7611,807,2025-07-29,,
18487,986,604,2025-08-04,,
18506,7310,416,2024-02-22,,
18510,8944,2436,2024-08-24,2025-02-03,
18716,6440,4726,2024-01-29,,
18934,1465,1704,2025-02-01,,2025-08-07
19036,1623,525,2025-07-06,,
19248,1061,3415,2024-09-11,2025-01-12,
19358,2965,3281,2025-06-19,,
19702,3800,3626,2025-07-16,,2025-10-12
19885,9122,301,2025-12-10,,
19993,1148,870,2024-05-21,,
293,5093,54,2024-05-27,2024-10-14,
642,9648,4597,2024-05-23,,
697,9679,4694,2024-08-12,,
962,9995,647,2025-11-16,,2025-12-15
1404,1153,3858,2025-06-17,2025-11-10,
1479,1922,1091,2024-11-21,2025-03-08,
1731,8032,2804,2025-08-15,,
2710,741,3721,2025-06-28,2025-10-25,
2850,3682,2174,2025-09-13,2025-10-24,
3202,9615,4599,2024-04-05,,
3204,8164,2360,2025-07-05,2025-08-09,
3673,9495,3254,2025-08-28,2025-11-12,
4078,6579,4895,2024-10-18,,
4104,2937,4213,2024-07-10,2024-08-27,
4132,3986,1755,2025-12-16,,
4188,7166,3583,2025-04-25,,
4430,2474,2506,2024-11-30,2025-01-29,
4473,781,1406,2025-08-25,2025-11-11,
5130,9698,1638,2025-12-06,,2025-12-21
5328,9840,3399,2024-02-19,,
5497,1918,4137,2025-10-08,,
5717,8452,3894,2024-11-23,,
5726,7765,1785,2025-12-07,,2025-12-21
6083,9944,3963,2024-08-15,2024-12-08,
6111,2856,493,2025-04-27,2025-05-07,
6275,2852,4682,2024-02-12,,2024-10-29
6401,7119,344,2025-09-23,,
6634,7971,2539,2024-10-02,2025-02-06,
6636,6454,3291,2024-09-20,,
7043,6619,814,2025-04-07,2025-07-09,
7053,4461,1588,2024-10-12,,
7078,3173,4051,2025-05-20,,
7395,4977,563,2025-07-13,2025-09-12,
7722,1405,1319,2024-01-06,2024-03-05,
7774,2836,5,2024-11-17,,
8045,5240,2571,2025-07-24,,
8122,277,3763,2024-04-11,2024-08-26,
8151,810,2678,2025-08-18,2025-09-15,
8293,8002,1980,2025-02-28,,2025-11-28
8418,9305,381,2025-05-02,,
8453,287,686,2024-04-30,2024-08-26,
8738,4289,4617,2025-12-16,,
8810,2364,1743,2025-06-09,,
9417,6422,944,2025-10-26,,2025-11-29
9866,5544,448,2025-07-27,,
9893,5798,1186,2024-09-19,2025-02-15,
10000,6605,688,2025-12-15,,
10133,6666,1929,2024-04-23,,
10503,7262,1522,2024-12-13,,
10639,7910,2561,2024-03-02,2024-07-06,
10822,3828,640,2024-10-27,2025-04-20,
10826,874,3634,2025-08-12,2025-09-22,
10844,1470,181,2024-07-14,,
10918,6871,3846,2025-03-04,,
11105,7926,157,2025-01-02,,
11240,1864,4848,2025-10-07,2025-11-07,
11375,8601,1516,2024-01-03,,
11678,5636,533,2025-12-15,2025-12-23,
12073,8413,3885,2024-03-01,,
12577,8274,3331,2025-08-08,,2025-11-26
12794,356,4823,2024-09-20,2024-10-21,
13018,4883,468,2025-05-17,2025-06-04,
13266,319,4174,2024-12-25,,
13347,7083,2361,2025-05-09,,
13619,6430,634,2025-11-26,,
13708,1476,3913,2025-06-25,,
13841,4165,4796,2025-06-10,,
13978,4779,3864,2025-03-07,,
14102,2804,4201,2024-04-28,2024-06-08,
14314,196,285,2024-03-20,,2025-03-09
14324,1872,3733,2024-01-12,,
14639,7206,2620,2025-11-19,2025-12-18,
14671,4681,4640,2025-10-24,,
14706,9274,873,2024-07-17,,
14871,1741,2520,2024-10-15,2025-01-04,
15125,2673,2162,2024-06-30,,
15236,5222,968,2025-07-11,,
15782,3390,3711,2025-07-17,,
16141,6138,376,2024-03-31,,
16445,8341,3960,2024-09-01,,
16577,738,3777,2024-03-30,,
16944,6360,3007,2024-09-25,,
17098,804,2386,2024-12-11,2025-02-20,
18849,8241,1009,2024-02-24,,
18885,5421,1172,2025-01-01,2025-03-18,
19066,6846,4117,2024-04-09,,
19272,1234,4754,2024-05-24,2024-08-26,
19483,7677,1079,2025-07-26,,
242,8646,518,2025-09-03,,
389,1676,1704,2024-06-05,2024-11-02,
716,6302,3131,2024-01-03,,
854,5342,106,2024-08-30,,
1028,2250,4475,2024-05-01,,2024-06-24
1121,5517,3890,2024-09-23,2024-12-01,
1231,9473,1360,2025-07-27,,
1467,9754,2883,2025-03-17,2025-04-28,
2202,6779,583,2024-03-12,,
2458,3843,4750,2024-03-04,,
3474,8193,1047,2025-06-05,,
3502,1441,558,2024-02-18,,
3536,7915,4537,2025-05-29,,2025-09-21
3770,6505,4346,2025-01-04,,
4084,936,2181,2024-07-13,,2024-10-07
4113,9407,3679,2024-06-12,,
4618,5794,576,2025-07-23,,
4723,8442,2010,2023-12-29,,
4776,2214,1394,2024-01-07,,
5030,5004,4323,2025-07-06,2025-08-31,
5039,4831,4788,2025-03-12,,
5142,3731,1962,2024-12-11,,
5312,2339,4084,2025-06-25,,
5685,2981,1835,2025-10-09,,
5755,4536,390,2024-06-24,,
5835,2029,1859,2024-04-19,,
5921,4105,4542,2024-07-26,,2024-12-15
6237,6440,1589,2025-05-01,,
6435,316,1712,2024-06-11,,
6587,8223,3965,2025-12-22,,
6803,3961,4104,2025-03-03,,2025-06-18
7244,2323,2329,2025-08-24,2025-10-26,
7377,7923,600,2023-12-29,,2024-08-18
7483,922,1245,2025-11-28,,
7717,9906,346,2025-11-28,,
7889,7492,1444,2024-05-25,,2024-12-02
7934,2852,440,2024-11-23,,
8008,257,650,2024-08-07,,
8255,135,865,2025-06-10,2025-07-14,
8262,6338,2968,2025-01-08,2025-03-11,
8452,3388,2613,2024-09-15,,2024-11-22
9074,8974,1345,2025-09-06,2025-11-16,
9094,7697,2031,2025-08-03,2025-12-16,
9127,167,4055,2024-09-17,,
9215,8203,2888,2025-10-14,,
9241,2778,3127,2024-02-24,,
9514,3493,2056,2023-12-30,,
9694,2540,1277,2024-07-04,,
9797,115,4425,2025-12-04,,
9800,6251,4074,2025-11-27,,
9898,8989,1740,2024-10-17,,
10181,3903,1730,2024-09-08,,
10222,5903,4336,2025-03-15,,
10480,870,158,2025-10-19,,
10552,2092,4045,2025-02-13,,
10578,7106,4540,2025-09-24,2025-12-12,
10792,898,30,2025-11-06,2025-12-23,
11197,3210,391,2025-10-24,,
11199,2331,1989,2023-12-26,2024-04-30,
11332,1276,320,2024-07-28,,
11550,2217,4238,2024-08-29,,
11589,9982,607,2025-01-16,,
11786,1060,1484,2025-06-21,,
12159,5903,3205,2024-06-24,,
13711,7557,1240,2024-03-22,,
13916,2210,1728,2025-05-26,,
13984,8374,4855,2024-07-12,,
14246,244,4629,2025-04-04,,
14317,999,1577,2025-07-28,,
14588,1211,3324,2024-01-13,2024-02-21,
14642,2870,3549,2024-06-28,,
14692,5598,1169,2024-02-25,,
14710,6383,326,2025-11-03,,
14829,3100,4971,2025-07-17,,
14901,3676,249,2024-12-04,,
15111,8825,1379,2024-06-26,2024-12-23,
15112,5618,3333,2024-03-13,,
15536,8645,1797,2025-07-09,2025-08-25,
15547,8286,2418,2025-08-17,,
15599,226,1735,2025-07-08,,2025-12-16
15600,8667,1077,2024-09-06,,
15721,4414,4979,2024-05-31,,
15776,3739,2627,2024-07-09,,
15837,5311,1765,2025-12-06,,
15896,9043,2940,2024-01-13,,
16196,3475,1303,2025-12-12,,
16260,8094,2305,2025-05-30,,
16281,3826,2063,2025-10-08,2025-11-19,
16784,167,1881,2025-06-26,,
16895,4929,557,2024-06-25,2024-07-20,
17128,2314,4204,2024-03-18,,
17334,6140,3938,2025-08-02,,
17445,7627,2850,2025-02-07,,
17877,4972,539,2025-07-01,,
18082,7164,293,2025-03-12,2025-04-02,
18099,2271,3555,2024-05-27,,
18229,9749,4461,2024-04-19,,
18270,2814,4712,2025-11-19,,
18496,9636,3015,2024-06-16,,2025-01-13
18541,2722,3751,2025-12-10,,2025-12-21
18633,5282,4350,2024-09-29,,
19431,7464,972,2024-03-12,,
19667,7230,4519,2024-10-23,,2024-11-06
19923,3049,1485,2024-09-18,,2025-06-07
363,9983,3466,2025-08-20,,
617,9555,1329,2025-07-16,,
823,4988,171,2025-12-14,2025-12-21,
909,7694,4047,2025-04-22,2025-09-04,
923,4898,3086,2025-05-07,2025-08-13,
984,127,911,2024-07-20,2025-01-03,
997,9062,3281,2024-04-12,,2024-06-10
1077,9966,3600,2025-10-30,,
1198,486,1282,2024-08-16,,
1318,3594,3357,2025-10-18,,
1386,2773,218,2025-12-08,,
1824,2106,1201,2025-03-31,2025-04-09,
1944,4956,3859,2025-04-03,,
2131,9667,4673,2025-06-23,,
2190,8336,1345,2024-03-15,,
2761,9508,3006,2025-06-22,,
2781,8209,3944,2025-08-11,,2025-11-25
2862,8791,1658,2025-01-16,2025-05-16,
3068,474,780,2025-05-25,,2025-12-15
3540,3174,2333,2024-11-30,,
4299,6451,828,2025-11-23,2025-11-30,
4347,7418,842,2024-03-01,,2024-05-01
4401,9963,3568,2024-02-24,2024-04-25,
4536,8964,2229,2025-08-28,,2025-09-13
4541,9258,4758,2025-09-27,,
4575,7137,860,2025-11-09,,
4617,2587,812,2024-11-16,,
4715,3508,4754,2024-10-20,,
4982,5323,4379,2025-06-01,,2025-11-18
5115,2516,2216,2025-09-11,,
5943,7167,631,2024-06-13,2024-11-29,
6324,3401,2234,2024-05-08,,
6605,6221,4897,2025-11-23,2025-12-21,
6612,7023,3752,2025-04-02,,
6745,8486,1528,2025-12-12,,
6805,922,4841,2024-12-17,,
6904,7972,2286,2024-12-12,,
7048,7461,4786,2024-01-07,,
7266,3591,4225,2025-05-09,,
7307,4207,24,2024-07-18,,
7595,8280,100,2024-06-25,,
7645,6998,2590,2025-09-14,,
7751,5242,134,2024-03-15,,
7782,7565,2134,2025-05-27,,
8022,9464,2939,2024-06-05,,
8333,2205,4419,2025-12-05,,
8334,5852,1571,2024-07-02,2024-09-11,
8421,453,3142,2024-10-14,,
8441,8243,3734,2025-12-22,,
8475,5363,79,2025-06-24,2025-07-26,
8545,8801,792,2025-06-18,,
8561,5426,1506,2024-07-03,2024-08-25,
9096,1102,4722,2025-10-28,,
9285,9925,447,2025-11-27,2025-12-15,
9353,9074,4667,2025-02-14,,
9359,7547,3761,2024-12-23,2025-05-14,
9486,4210,4378,2025-12-04,2025-12-14,
9519,4969,4139,2024-06-24,,
9722,6649,1795,2024-05-31,,
9746,2829,3223,2024-04-28,2024-06-10,
9901,9305,2595,2025-10-01,,
10045,9301,1534,2024-10-20,2024-10-30,
10136,1075,2559,2024-02-21,,
10311,9545,673,2025-06-12,2025-12-05,
10339,6771,1715,2025-09-05,,
10354,190,4646,2024-04-23,,
10665,75,2918,2024-05-05,2024-10-25,
10952,7280,2157,2025-11-25,,
11009,8640,4617,2024-06-14,2024-09-11,
11010,129,1229,2025-05-10,2025-07-31,
11031,2265,3152,2025-06-09,,
11101,2888,2779,2024-04-04,,2024-04-15
11121,9945,4156,2024-04-25,2024-08-31,
11535,7901,3802,2024-01-25,,
11713,9476,1490,2025-07-03,2025-10-13,
12062,2288,2892,2025-05-23,,2025-10-19
12427,8295,4541,2024-12-08,,
12500,7492,2814,2024-07-19,2024-11-25,
12505,7606,918,2024-03-31,,2024-06-11
12507,5153,325,2025-12-10,,
13060,2149,2365,2024-08-04,,
13681,6137,78,2024-11-03,,
14207,2463,4598,2025-07-03,,
14446,5698,22,2025-07-11,2025-11-30,
14486,1041,1632,2025-10-10,,2025-11-06
14912,3660,4232,2025-12-16,,
14983,9490,4715,2024-01-27,,
15056,9632,2907,2025-07-06,,
15214,5116,3268,2025-04-16,,
15440,1358,3726,2024-11-08,2024-12-08,
15766,2780,283,2024-04-10,,
16220,8689,4097,2024-04-25,,
16348,3864,3021,2024-06-26,,2024-12-22
16894,1000,2366,2025-01-01,,
17076,7253,3523,2025-09-24,,
17243,9250,4048,2024-01-23,,
17419,948,4716,2024-01-12,,
17570,1349,1547,2025-11-06,,
18080,1946,784,2025-09-25,,
18217,8470,4779,2024-02-09,,
18425,8863,711,2025-12-17,2025-12-24,
18454,206,210,2025-02-15,2025-03-08,
18621,7304,4625,2025-04-11,2025-05-22,
19057,6822,4567,2025-02-17,2025-04-30,
19318,605,1373,2024-01-03,,
19327,861,4624,2025-11-24,,
19493,9100,3974,2025-10-03,,
19497,4815,590,2025-04-24,,
19802,16,3839,2024-01-22,,
19875,2698,1021,2025-03-15,,
19974,58,4212,2025-05-10,,2025-10-15
255,1814,2062,2025-12-07,,2025-12-09
368,7356,3058,2024-01-27,2024-02-24,
392,405,3628,2025-08-31,,
762,3806,2155,2024-08-07,,
818,5580,2075,2024-06-29,,
946,4898,3533,2025-06-24,,2025-07-22
1616,2077,1824,2024-07-02,,
1778,9495,2755,2024-09-15,2024-10-09,
1837,2099,4335,2025-11-12,,
2057,8332,1604,2024-04-09,,2025-02-24
2208,2116,1488,2025-04-18,,
2355,1160,4092,2025-12-07,2025-12-25,
2614,9764,1147,2024-05-09,,2024-10-26
2804,5235,4137,2025-03-16,,
2869,5433,4464,2024-11-23,,
3371,3876,3499,2025-09-02,2025-11-10,
3663,1283,2559,2025-11-12,2025-12-18,
3806,9020,1669,2024-08-17,2024-12-19,
4066,9197,2831,2025-05-27,,
4164,4508,1146,2025-10-14,,
4266,2830,3577,2025-11-08,2025-12-01,
4610,2860,554,2024-12-14,,
5329,6864,2929,2025-02-27,,
5339,3997,1933,2024-06-22,,
5360,1544,3582,2025-01-10,,
5753,8816,4462,2024-07-08,,
5878,8171,4141,2024-09-29,,
6243,2567,3364,2024-07-09,,
6668,5858,4370,2025-04-01,,
7787,5777,2753,2024-01-29,,
7937,1042,2904,2024-07-08,2024-12-27,
8161,4418,2456,2024-11-04,,
8192,3849,3510,2025-08-22,,
8460,5261,2834,2024-11-28,,
8636,9711,3757,2024-07-19,,
8893,7026,4451,2025-01-25,,
8974,8559,1373,2025-08-22,,2025-11-05
8982,9901,188,2025-11-20,,
9304,4399,2761,2024-07-29,,
9593,7009,1040,2025-12-19,,
9738,5053,2184,2025-06-21,,
9882,2775,78,2025-09-06,,
9992,6809,3876,2024-03-29,2024-08-28,
10604,3532,3668,2024-12-01,,
10613,5980,721,2024-01-09,,
10824,9929,3245,2024-07-20,2024-12-20,
10867,465,283,2025-03-04,,2025-11-29
10913,1790,228,2025-05-30,,
11074,8140,4032,2025-12-11,,
11157,4061,2025,2025-09-24,,
12116,6794,1501,2025-03-22,,
12271,2854,2528,2025-05-10,,2025-05-27
12513,4877,2000,2025-11-24,,
12871,2536,4294,2025-05-23,,
13272,3993,1090,2024-05-29,,
13341,5747,3444,2025-08-12,2025-10-15,
13374,5922,1172,2024-11-22,,2025-04-25
13457,7647,3755,2024-06-11,2024-11-10,
13683,9713,3604,2024-01-16,2024-02-07,
14151,6438,4001,2025-02-15,,
14381,1416,80,2024-04-21,,
14682,3285,4182,2024-08-26,,
14830,5093,4039,2025-06-12,,
15201,4252,838,2024-04-04,,
15385,3136,72,2024-06-25,2024-07-06,
15422,5134,1930,2025-10-13,,
15527,2632,2633,2025-05-27,,
15741,8408,555,2024-03-09,,2024-03-11
15847,2340,2168,2024-04-18,2024-08-22,
15901,6935,296,2025-05-14,,
16082,8963,1282,2024-01-24,,
16194,9146,4600,2024-01-02,,
16246,5400,425,2024-07-15,,
16438,1137,3486,2025-07-11,,
16780,8182,3579,2025-06-23,,
16982,9657,4879,2025-11-19,,
17423,9823,4015,2024-07-15,,
17592,9937,4655,2024-02-02,,
17849,4488,3506,2025-11-01,,
17902,8738,578,2024-03-19,,
18277,6027,334,2024-02-01,2024-06-04,
18431,2752,4249,2025-07-05,2025-09-24,
18547,3240,309,2024-04-20,,
18785,6987,3878,2024-05-26,,
19303,7502,4322,2025-11-24,,2025-12-14
19701,985,852,2024-05-14,,
19717,9664,1056,2025-12-14,,
19729,2384,1071,2024-10-10,2025-01-27,
19831,4611,1580,2023-12-30,,
19903,766,2779,2025-01-01,2025-06-28,
261,7353,3784,2025-10-08,2025-11-11,
281,9157,4710,2024-09-09,2024-12-18,
333,5432,4043,2024-01-11,,
760,537,3903,2025-05-13,2025-05-30,
1286,7490,4115,2025-06-20,,2025-11-11
1355,5728,3327,2025-10-02,,
1377,5937,3477,2024-03-01,2024-04-23,
1414,3770,4049,2025-06-16,,
1477,6527,2750,2025-08-12,,
1561,8890,4932,2024-10-10,,
2036,5051,1646,2025-09-10,,
2229,9542,2296,2025-12-08,,2025-12-09
2402,4880,960,2024-04-23,2024-05-24,
2654,930,4627,2025-09-24,2025-10-19,
2727,9734,3867,2025-06-05,,
3084,5460,2980,2024-07-19,,
3357,9125,3526,2024-11-29,,
3408,7446,3048,2025-09-28,,
3479,114,632,2024-02-03,,2024-08-27
3491,5826,500,2025-07-06,,
3629,972,1476,2024-02-18,,
4131,1090,565,2025-11-05,,
4421,9861,423,2024-04-21,,
4573,4497,3538,2025-01-05,,
4968,1032,2572,2024-11-07,,
5091,2461,4104,2025-06-07,2025-09-20,
5287,1272,608,2024-11-01,2025-03-24,
5322,6112,3583,2024-02-10,,2024-02-18
5536,5698,2934,2024-10-29,,
5695,5674,387,2024-01-18,2024-01-28,
6216,6145,4286,2024-11-06,,
6541,6648,3652,2024-12-01,2024-12-09,
6606,229,1581,2024-10-05,,
7089,430,3636,2024-10-04,,2024-12-22
7258,6042,839,2025-09-11,,
7359,3858,4480,2024-04-06,,
7691,9086,3045,2025-07-30,,
7789,9135,1434,2025-09-28,,2025-11-10
8023,92,1381,2025-11-09,,
8029,3905,2170,2024-08-19,,
8534,4752,1018,2024-02-05,,
8601,7001,3460,2025-12-02,2025-12-17,
9000,6373,3928,2024-02-27,,
9491,6873,2147,2025-07-22,2025-07-31,
10048,7430,4325,2024-07-15,,
10223,9889,334,2025-02-01,2025-04-07,
10963,2496,1638,2025-03-02,,
11160,5683,3315,2024-07-13,,
11543,6059,3334,2025-12-05,,
11590,3092,803,2025-10-13,,
11599,649,1044,2025-01-17,,
11706,4551,3233,2025-11-10,,
11907,4533,4770,2024-07-02,,2024-10-26
11939,5159,4717,2024-06-18,,
12179,3147,3203,2024-08-23,,2025-08-11
12581,2473,346,2025-02-08,,
12831,979,117,2024-09-30,,
13258,9763,2914,2025-03-11,2025-09-01,
13412,135,875,2025-07-07,,
13471,8491,4373,2025-07-30,2025-09-29,
13490,300,2238,2025-01-03,2025-03-16,
13621,9724,3541,2025-08-28,,
13962,6335,1862,2024-10-17,,
14026,6392,1929,2024-07-26,,
14141,5528,1638,2025-11-26,,2025-12-18
14466,3329,774,2025-07-18,,2025-12-12
14684,4005,4359,2025-08-09,,2025-08-20
15049,9135,1467,2025-07-30,2025-11-06,
15098,1851,2537,2025-10-20,2025-11-24,
15311,7402,1702,2025-10-28,,2025-11-05
15354,2521,1252,2025-05-18,2025-09-27,
15371,6257,4167,2024-06-10,2024-07-03,
15408,2662,1209,2025-01-07,2025-01-14,
15483,4791,3237,2025-04-27,,
15635,7638,1958,2024-09-22,,2025-02-01
16294,4246,777,2024-11-06,2025-04-18,
16413,242,1625,2025-05-05,,
16522,7892,4595,2024-03-21,,
16773,2387,3163,2025-03-22,,2025-05-12
16930,9099,4074,2025-11-30,,2025-12-09
16984,6185,167,2025-12-15,2025-12-23,
17093,4091,1433,2025-01-09,,
17221,1159,3840,2024-03-24,,
17425,3123,4971,2024-09-23,,
17497,9437,4862,2025-08-22,,
17873,8556,2236,2025-09-14,2025-10-10,
18041,7635,2817,2024-09-04,2024-12-16,
18210,1604,4583,2024-09-27,,
18604,9263,1129,2025-04-14,,
19049,4220,4209,2024-09-01,,2025-02-07
19311,6320,3721,2024-02-17,,
19333,5821,2532,2025-09-08,,
19414,6453,1227,2025-12-08,,
19418,4729,2784,2025-12-24,,2025-12-25
19699,5340,4546,2025-09-15,2025-12-09,
19747,1439,1623,2025-10-28,2025-12-05,
19883,2791,4580,2024-04-28,,
19962,955,948,2025-07-04,2025-11-28,
19976,3749,2305,2025-12-15,2025-12-25,
52,9651,1393,2024-09-27,2025-02-15,
305,9399,3414,2025-04-16,,
388,2718,1732,2024-06-23,2024-08-31,
544,9703,1736,2024-01-01,,
567,4035,2618,2025-08-28,2025-09-20,
788,3750,4424,2025-06-20,2025-10-22,
1235,605,4695,2025-01-15,2025-03-06,
1545,8721,3109,2025-06-23,2025-12-17,
1645,1112,3103,2025-05-19,,2025-07-07
1679,9556,208,2025-12-05,,
2118,7498,3322,2025-10-09,2025-10-24,
2154,1197,215,2024-05-21,2024-11-14,
2318,5238,446,2025-05-17,,
2922,4939,1809,2025-09-01,,
3290,2344,2,2024-02-11,2024-08-04,
3624,3481,1135,2025-05-03,,
3910,8422,4553,2024-02-09,2024-04-29,
3931,3085,2081,2025-05-02,,
4375,2188,1756,2024-07-09,,2024-07-13
4572,9910,4195,2025-01-31,,
4691,2341,2811,2025-06-23,2025-11-16,
4801,6149,4979,2025-09-18,,2025-10-16
4940,9539,3711,2025-01-16,,
5000,4375,824,2024-05-19,2024-10-06,
5118,7147,4908,2024-03-17,2024-05-25,
5734,4468,272,2025-10-12,,
5767,344,4070,2025-01-14,,2025-04-01
5926,8483,3439,2025-12-23,,
5985,1190,4063,2025-04-04,,
6070,6733,1209,2025-04-19,,
6072,8500,826,2025-01-11,,
6396,6612,4068,2024-06-30,,
7383,1422,3493,2025-04-24,,
7584,6149,777,2025-01-28,,2025-11-10
7636,3457,689,2024-01-18,,
7811,6615,687,2025-07-25,2025-11-04,
7978,747,3976,2025-08-17,,
8189,5790,4479,2024-05-12,2024-09-27,
8384,9090,4990,2025-04-06,2025-07-31,
8478,2737,4239,2025-07-13,,
8637,9071,807,2025-07-13,,
8642,9266,2632,2025-02-25,,2025-11-10
8864,6153,346,2024-10-06,,
8885,2617,3821,2025-10-24,,
8903,9527,2650,2024-04-19,,
9562,3318,977,2025-05-09,2025-08-24,
10624,3533,1864,2025-03-31,2025-05-16,
11001,9383,2488,2025-11-16,2025-11-25,
11045,6544,1137,2024-03-24,2024-07-11,
11152,5238,127,2025-12-13,2025-12-25,
11325,9455,702,2025-06-13,,
11425,6829,1360,2025-05-20,,2025-12-03
11456,42,3295,2025-10-21,,
11840,2776,1765,2025-06-25,,
12100,2039,3522,2024-09-05,,2024-10-31
12109,4988,2958,2025-12-03,,
12431,3536,1682,2025-10-03,2025-10-13,
12514,494,4533,2024-09-20,,
12968,8073,3926,2025-05-04,,
13080,1027,3335,2024-09-04,2024-12-17,
13133,1491,2186,2025-12-12,,2025-12-23
13155,8740,3757,2025-07-24,,
13488,7271,364,2024-11-15,,
13518,3036,2728,2024-05-09,,
13682,1960,4180,2025-03-07,,
13772,901,4596,2024-01-13,,
13854,1930,1254,2025-11-07,,
13930,1582,2362,2025-06-30,,
14448,4833,4868,2024-07-13,2024-12-03,
14567,5338,1568,2025-02-16,,
14835,3343,3226,2025-11-24,,
14902,6911,299,2024-05-07,,2024-09-22
15123,6577,2459,2024-08-30,,
15339,3675,3062,2024-11-03,,
15792,1320,3153,2024-08-15,,
15957,2863,1754,2024-03-20,,
15984,2441,1398,2024-11-20,2025-04-26,
16091,5818,2370,2024-12-28,,
16460,3008,3261,2025-12-19,,
17080,5405,2152,2025-05-28,2025-10-24,
17307,703,1635,2025-09-06,2025-10-09,
17382,1267,1599,2025-07-07,,
17772,8988,447,2024-04-01,,
17796,5580,389,2025-04-18,2025-07-20,
17805,2148,3971,2025-10-22,,2025-11-30
17957,840,2192,2025-03-01,2025-04-28,
18155,2529,3447,2025-06-30,,
18698,3503,2472,2025-11-06,,
18867,2718,4561,2024-05-17,,
18896,7011,101,2024-11-07,,
18964,9784,4394,2024-09-26,,
19224,1457,4435,2025-04-02,2025-09-28,
19362,2671,1444,2024-11-15,,
19480,5653,1034,2024-06-23,,
19542,2937,2143,2025-04-22,,
19985,9117,3894,2025-11-17,,2025-12-05
19987,556,1826,2025-03-15,2025-05-01,
38,6149,3045,2025-02-05,2025-05-25,
108,5397,1352,2024-11-02,,
110,2678,128,2025-07-28,2025-11-03,
375,2380,4496,2025-09-01,,
381,8486,3982,2025-11-29,2025-12-08,
440,3434,595,2024-01-12,,2024-05-06
959,9389,508,2024-08-28,,2024-09-27
985,9708,4284,2025-01-15,,2025-05-06
1056,9249,1759,2025-12-22,2025-12-25,
1473,6956,4428,2025-12-19,,2025-12-23
1513,1723,2514,2024-11-28,,2025-05-10
1775,2731,2251,2025-11-09,2025-12-21,
2558,2443,822,2024-08-23,2024-08-31,
2560,3137,3029,2024-02-29,,
2577,7299,2569,2025-05-18,,
2893,5173,3007,2025-03-13,,
3276,5913,1282,2025-01-27,2025-03-31,
3412,4111,1022,2024-05-25,,
3415,2170,4142,2025-07-28,,2025-11-26
3743,1752,2173,2025-10-16,,
3783,9995,3262,2025-01-04,,
3817,6050,2806,2025-07-07,,
3874,8371,4317,2025-05-12,,2025-05-26
4031,9793,1275,2025-06-13,2025-10-02,
4036,327,1587,2024-09-14,2024-11-06,
4198,2340,1535,2024-03-07,,
4233,8283,1419,2025-11-27,2025-12-21,
4344,4609,3452,2025-04-19,,
4661,5030,957,2025-08-16,2025-11-05,
4721,8442,2244,2024-01-24,,
5234,1358,3557,2024-09-27,,2025-01-24
5626,1151,4649,2024-10-01,,
6007,8790,3939,2024-05-23,,
6293,5482,420,2024-08-07,,
6650,5918,3374,2025-04-30,,
7014,2497,412,2025-04-05,,
7023,4832,4982,2025-11-27,,
7412,1711,1151,2025-08-08,2025-09-01,
7461,617,4830,2024-06-24,,
7653,6703,1432,2025-06-23,,
7746,5652,2787,2025-07-14,,
7767,3220,3952,2025-02-03,,
7810,1344,485,2024-07-18,,
7959,3091,1737,2025-11-03,,2025-11-24
8000,5374,3842,2024-11-15,,
8198,2952,192,2025-07-30,2025-10-05,
8259,3456,4989,2025-07-08,2025-11-25,
8405,198,4383,2024-04-06,,
8503,4964,1987,2024-07-29,,2025-04-04
8504,5391,1270,2025-05-01,2025-10-15,
8767,9413,3056,2024-08-22,,
8876,809,1953,2024-04-16,,
9024,3000,812,2025-08-18,,
9175,986,3441,2025-11-22,,
9305,6301,922,2025-12-19,,
9378,2586,1707,2024-09-05,2025-01-27,
10006,157,2602,2024-04-19,,
10186,9116,1837,2024-08-26,,
10242,7263,2962,2024-07-11,2024-12-28,
10782,704,4376,2025-11-08,,
10927,5790,4871,2024-10-17,,
11185,287,4847,2024-06-02,,
11410,8120,680,2025-02-22,2025-05-17,
11418,2978,3442,2025-11-06,,
11708,9878,3410,2024-11-24,,
11765,9583,3436,2025-03-31,,
11989,8768,1476,2024-04-07,,
12158,3650,4377,2025-03-07,,
12382,6266,2847,2024-02-13,2024-07-22,
12637,5480,2341,2024-09-23,2025-02-02,
12657,5179,2539,2025-08-30,,
12692,1566,2928,2024-07-06,2024-10-18,
13172,9859,1088,2025-10-30,,
13190,3053,3267,2024-06-01,,
13533,52,1098,2024-11-15,,
13925,246,3226,2024-06-02,,
14139,3914,676,2024-04-25,2024-06-04,
14166,3596,1489,2024-02-11,,2024-09-09
14443,980,553,2024-03-04,,
14783,2500,4123,2024-03-30,,
15156,8001,2194,2025-12-12,,
15374,7370,4368,2025-07-02,,
15413,1688,2337,2024-11-26,2025-05-03,
15460,379,2711,2024-09-22,,
15818,9235,1129,2025-10-18,,
16235,7963,192,2024-05-01,,
16245,5998,2555,2025-12-23,,
16502,5748,4597,2025-08-04,,
16547,6479,740,2025-10-29,2025-11-16,
16837,2000,1885,2025-12-06,,2025-12-20
16880,8786,325,2025-09-30,2025-10-10,
16958,9074,2041,2025-11-09,,
17214,1949,3146,2024-03-05,2024-03-17,
17399,9684,614,2025-01-25,,
17763,6113,3786,2025-08-19,2025-10-22,
17790,351,2604,2025-11-30,,
18064,2028,1720,2024-02-05,2024-04-15,
18615,5296,4711,2025-12-24,,
18651,3367,4287,2025-07-10,,2025-08-13
18666,3342,2710,2025-02-24,2025-04-07,
18697,4549,887,2025-09-09,,
18814,1783,954,2024-10-28,,
18944,966,2905,2025-06-04,,2025-09-06
19371,8480,3708,2025-07-09,,
19665,7531,1194,2025-09-04,2025-09-11,
340,4671,893,2024-01-31,,
470,560,3779,2025-12-21,,
607,5410,2030,2025-06-29,,
705,3897,1622,2024-09-04,,
895,5420,2145,2025-06-29,2025-11-19,
976,6182,4518,2024-12-21,,2024-12-31
982,1388,2019,2024-10-12,,
1087,215,3746,2025-09-26,,
1178,5864,2740,2025-10-12,,
1221,7336,4491,2025-07-26,,
1280,3379,281,2024-10-25,,
1671,6353,736,2025-01-13,,2025-12-06
1904,8022,2939,2024-12-14,2025-01-07,
2089,9278,169,2024-12-09,,
2219,3780,313,2025-08-20,,
2297,8794,1039,2024-07-03,,
2349,1830,1098,2024-01-20,2024-06-01,
2415,8001,4262,2025-09-23,,
2441,5084,3129,2025-11-26,2025-12-12,
2723,5849,1461,2024-04-16,,2024-05-04
3019,1386,1595,2025-10-09,2025-10-21,
3577,2712,3657,2024-01-18,,
3994,6339,1538,2024-01-15,,2024-11-19
4005,229,1062,2024-02-12,,
4025,8069,1244,2025-05-21,,
4045,1963,3815,2024-10-29,,
4142,8282,3043,2025-01-03,,2025-02-12
4169,7682,4977,2025-02-26,,
4247,5104,1986,2025-08-30,2025-10-30,
4345,8445,4384,2025-09-19,,
4381,9511,4368,2024-01-05,,
4472,2147,3567,2024-04-18,,
4567,934,2581,2024-03-13,2024-06-03,
4733,1775,3018,2025-02-22,,2025-09-23
4891,1548,4947,2025-09-09,,
5226,9992,2032,2025-09-15,,
5392,8944,4053,2024-03-31,,
5635,9617,340,2025-02-04,2025-02-24,
6077,7913,496,2025-02-19,,
6146,257,1676,2025-12-20,,
6176,4650,3884,2025-09-27,2025-11-30,
6178,1553,613,2024-04-05,,
6781,2602,157,2025-08-21,,
6930,4275,1003,2024-08-24,2025-01-20,
6992,7915,1039,2024-08-17,,2025-08-02
7006,308,3219,2025-12-22,2025-12-25,
7215,9514,1330,2024-06-15,,
7490,7032,2924,2025-11-09,,
7501,9630,1032,2025-02-18,,
7508,749,2557,2024-08-10,,2025-04-06
7817,7309,3601,2024-09-21,,
7850,3042,4596,2024-06-25,2024-10-20,
7979,5456,1647,2024-03-28,,
8057,7301,4346,2024-03-25,2024-09-01,
8178,6846,585,2024-06-26,,2025-05-29
8506,8363,1782,2025-01-28,,
8752,6878,113,2024-10-13,,
8757,1393,34,2024-12-04,,2025-06-08
8919,4308,3351,2025-02-09,,
9299,5602,3358,2025-03-14,,
9476,5293,4836,2025-09-16,,
9811,4535,3762,2025-06-11,,2025-08-11
9818,5531,4854,2024-06-21,2024-11-05,
10142,1682,2147,2025-10-22,,2025-11-28
10318,5958,2755,2025-12-09,2025-12-21,
10470,9575,2470,2024-02-03,2024-05-23,
10990,5343,1119,2025-05-10,,
11048,761,1532,2024-01-13,2024-02-15,
11206,7924,49,2025-03-11,,
11293,7500,1847,2025-04-10,,
11389,4982,4965,2025-10-20,,
11483,5726,1947,2025-10-18,2025-11-01,
11880,4275,4603,2025-08-06,2025-11-08,
11911,2262,3845,2025-03-23,2025-04-12,
12311,4943,1968,2025-03-14,,2025-07-31
12645,9923,3464,2025-04-25,,
13022,7901,562,2025-07-14,,
13503,6218,407,2025-12-10,2025-12-21,
13747,8816,2336,2025-02-18,2025-08-10,
13924,8521,2329,2025-04-08,2025-04-25,
13995,5681,2125,2025-09-12,,
14527,156,341,2025-09-02,2025-12-14,
14598,1839,1237,2024-03-28,,
14778,5560,2784,2025-11-22,,
14932,427,4880,2025-11-02,,
14969,4263,4909,2025-11-17,,
15034,9854,1184,2025-04-25,,
15195,3829,189,2025-06-23,,
15255,5986,2661,2025-06-25,,
15399,1263,951,2025-08-10,,
15421,5630,4928,2025-07-15,,2025-11-15
15493,6029,4488,2024-01-23,,
15714,6134,2635,2025-11-20,,
16146,8491,289,2024-02-27,2024-08-01,
16383,5503,211,2025-04-03,2025-08-26,
16783,9328,1026,2024-04-23,2024-08-10,
17202,8151,2607,2025-02-08,,
17359,6508,2439,2025-11-19,,
17378,8317,3362,2024-11-24,,
17408,942,2969,2025-03-28,,
17848,4699,1458,2025-05-24,,
17921,5638,2124,2024-12-20,,2025-10-06
18372,2300,1238,2025-06-06,,
18385,4401,741,2024-10-14,2025-03-21,
18524,5080,2360,2024-07-16,,
18612,2078,4181,2024-11-13,2025-01-13,
18729,4904,2484,2025-08-15,,
18736,7053,544,2025-08-09,2025-12-03,
18884,3709,1822,2024-02-23,2024-06-13,
19267,552,2695,2024-09-09,,2024-11-29
19297,3793,1854,2025-06-29,2025-08-06,
19496,6890,2483,2025-03-28,,
19942,7840,2674,2024-08-26,2025-02-14,
179,4177,634,2024-08-20,2024-12-17,
199,6702,1912,2024-10-15,,
265,4343,1745,2024-09-06,,
330,2776,4425,2024-06-24,,
495,4760,605,2025-07-18,,
504,3667,1313,2025-08-02,,
512,3567,3644,2025-04-30,,
903,1079,217,2025-03-29,2025-09-17,
1036,9671,2659,2025-04-04,,2025-04-11
1054,1591,4639,2024-06-17,2024-09-04,
1225,2413,1612,2025-08-26,2025-11-21,
1444,6722,2987,2024-06-09,,
1625,4877,3268,2025-09-28,,2025-11-27
2003,5138,2316,2025-09-08,,
2196,4674,4899,2024-09-23,2024-11-05,
2325,2400,1810,2025-12-20,,
3129,8782,1546,2025-07-22,,
3681,16,664,2025-10-18,,
3713,1237,3255,2024-01-13,,
4071,4560,3790,2024-05-01,,
4095,3509,4007,2024-03-18,,2024-06-02
4136,3930,599,2024-11-26,,
4210,7905,2836,2024-08-22,,
4772,7434,3480,2025-10-02,,
4970,2426,1532,2025-12-21,,2025-12-25
5087,9204,1412,2025-01-26,,
5356,2277,4363,2025-06-22,,
5382,2299,1621,2025-06-23,,
5395,1212,1301,2024-07-11,2024-08-23,
5787,2369,4195,2025-07-28,,
5947,636,2824,2024-08-03,2024-11-10,
5996,2559,3408,2024-03-02,2024-03-10,
6271,5357,1967,2024-10-20,,2025-01-26
6421,1891,1762,2025-10-03,2025-11-17,
6484,4402,443,2025-10-17,,
6611,3495,4107,2024-09-05,2024-11-11,
6760,3434,2515,2024-11-18,2025-01-02,
7192,196,3230,2024-07-19,,2024-11-05
7243,6111,4877,2024-06-26,,
7467,4217,4132,2025-04-29,,
8035,8706,1536,2024-11-18,,
8147,2398,450,2025-11-17,2025-12-20,
8301,1558,2508,2025-01-02,,
8314,4316,4935,2025-04-07,2025-06-24,
8431,7179,2561,2024-05-11,,
8476,5662,1591,2024-05-11,,
8514,980,2124,2024-12-27,2025-04-08,
8871,1186,4694,2025-11-12,,
8917,4761,4628,2025-12-17,2025-12-24,
8920,288,2793,2025-12-14,2025-12-21,
8928,9345,1486,2024-01-30,2024-07-10,
8977,8110,4062,2025-03-18,,
9144,3020,4916,2025-10-01,,
9160,3264,2494,2025-08-03,2025-11-08,
9485,2381,1373,2024-03-13,,
9597,8123,1897,2024-09-29,2024-11-18,
9988,3130,2073,2024-06-16,2024-11-05,
9994,5362,4803,2025-06-15,,
10077,3891,260,2025-12-03,,
10408,2191,4846,2024-05-12,,
10559,3848,3740,2025-07-17,,
10688,3207,684,2025-05-24,,
10752,1803,1405,2024-04-03,,2024-08-13
10789,9826,4436,2025-01-13,,2025-04-15
10856,3755,4669,2024-07-18,2024-10-19,
10955,6719,658,2025-09-25,2025-10-21,
11053,951,4504,2025-10-06,,
11150,2835,4615,2024-12-29,,
11233,3677,3912,2025-10-21,2025-11-20,
11698,8024,3513,2025-01-13,2025-03-22,
11926,3614,3920,2024-02-11,,
12329,9994,651,2024-04-05,,
12543,3560,711,2025-08-29,,2025-09-16
12743,6452,2706,2025-08-26,2025-11-21,
12790,9058,569,2025-08-03,,
12966,7014,3878,2024-03-23,,
12967,1415,4090,2025-04-01,,
13139,7439,4388,2024-09-25,,
13397,6649,109,2025-01-09,,
13690,5525,1309,2024-01-26,,
13795,5112,2863,2025-01-04,,
14245,3746,4792,2024-10-16,,2025-04-16
14585,3918,4328,2025-12-20,,
14765,6659,2908,2025-06-21,,2025-07-18
14888,1391,4057,2025-03-12,2025-09-03,
15021,3778,612,2023-12-26,,
15116,2815,2479,2025-05-14,2025-08-13,
15187,8537,821,2024-07-04,2024-08-21,
15282,5086,1913,2024-03-26,2024-07-11,
15314,3969,3805,2024-03-03,,
15459,4827,4985,2025-05-05,2025-07-25,
15509,3094,3784,2025-11-03,2025-12-01,
15716,8463,2567,2025-12-19,,
15746,522,781,2025-07-29,2025-10-10,
16098,3136,2957,2025-03-06,,
16227,6096,1953,2025-12-12,,
16461,6383,468,2025-09-08,,
16710,7012,370,2025-02-06,,2025-07-19
17028,4242,4617,2025-05-28,,
17543,9494,2093,2024-09-10,2025-02-02,
17892,4483,2740,2024-10-14,,
18242,9785,4643,2025-12-17,,
18530,1394,4064,2024-08-26,,
18554,1463,9,2025-12-03,,
18686,724,3873,2025-01-13,,
18848,5427,4106,2024-10-28,2025-01-16,
18859,1790,3955,2025-04-21,,2025-11-16
18918,6250,1514,2025-04-04,,2025-10-25
19134,4667,3962,2025-06-24,,
19481,4077,620,2025-08-03,,
19572,1081,3965,2024-02-17,2024-08-02,
33,4314,1160,2025-09-10,,
113,8217,4891,2025-09-30,,
291,861,542,2025-11-21,2025-12-04,
347,4479,2624,2025-04-12,,
1075,8546,4445,2025-10-20,,2025-12-23
1330,5012,146,2023-12-31,,
1622,2372,1929,2025-03-28,,2025-07-06
1727,5656,820,2024-05-18,2024-10-18,
1910,3019,4381,2025-09-13,,
2353,96,1845,2024-12-04,,
2755,7390,3186,2024-05-31,,
2965,9356,3564,2025-05-06,2025-10-21,
3015,6560,2183,2023-12-30,,
3399,7346,4837,2025-11-04,2025-12-12,
3657,348,1056,2025-06-19,,2025-09-04
4257,5212,489,2025-02-14,,
4360,7108,97,2025-01-11,,2025-08-22
5208,2328,3344,2024-05-20,,
5552,3237,3105,2025-07-25,,
5822,5760,690,2024-09-04,2024-12-28,
6173,1149,1913,2025-05-23,,2025-10-25
6202,43,474,2024-04-22,,
6340,562,1895,2024-03-09,,
6351,7794,3963,2024-09-30,,
6620,5723,4129,2025-11-09,,
6717,3706,4421,2024-12-20,,2025-03-20
6981,2730,227,2024-11-09,,
7009,2780,1310,2025-08-20,,
7515,9755,1136,2025-03-22,2025-09-12,
8088,8357,3184,2024-07-29,,
8093,7043,508,2025-09-10,2025-12-12,
8344,1028,4029,2024-05-29,2024-10-14,
8382,3762,2521,2024-11-05,,
8975,7702,2732,2025-10-27,2025-12-11,
9295,5422,2156,2025-04-29,,
9375,1676,4036,2024-03-22,,
9395,5760,4916,2025-09-20,,
9586,7273,3518,2024-01-29,,
9727,6917,436,2025-08-10,,
9777,2888,90,2024-09-23,,
9796,9423,1485,2024-09-20,,
9815,5349,4261,2024-08-27,2025-02-08,
9845,5759,1390,2025-02-05,,
10087,784,4008,2025-12-19,,2025-12-21
10112,7725,723,2025-10-14,,
10290,53,4876,2024-03-29,,2024-08-22
10630,911,2531,2025-12-04,,
10740,9475,4889,2024-03-06,,
10987,8480,3793,2025-06-04,2025-08-16,
11234,408,60,2025-11-16,2025-11-30,
11453,1948,2525,2025-01-16,2025-05-25,
11632,8869,281,2025-09-26,,2025-10-29
11754,1861,2908,2024-10-27,,
11759,5264,4090,2025-01-20,,
12169,1170,1398,2025-09-23,,
13024,3570,4984,2024-07-25,,
13053,276,3555,2025-03-12,,
13499,6703,1417,2024-12-16,2025-06-07,
13898,6456,2403,2024-11-20,,2025-06-06
14157,8505,1423,2024-04-05,,
14189,24,960,2024-05-31,,
14199,9009,2236,2024-07-17,,
14237,8022,3632,2025-10-24,2025-12-22,
14677,3184,4391,2025-08-30,,
14986,465,2147,2025-08-18,,
15177,7567,3152,2025-10-24,,
15477,6561,2044,2025-08-25,,
15583,1921,2107,2024-12-19,,
15972,4389,4352,2025-04-17,,
15977,9828,3952,2024-05-30,,
16724,9330,2554,2025-11-03,,
17115,2111,2176,2025-05-31,2025-11-09,
17649,277,3529,2025-12-11,2025-12-18,
18053,6823,3882,2024-09-12,,2025-01-31
18526,7067,2632,2025-09-18,,
18703,8826,99,2024-03-05,,
18902,5460,4270,2025-06-02,2025-10-29,
18940,5931,3270,2025-11-22,2025-12-14,
18947,8970,1560,2025-10-15,,
183,4595,2022,2025-05-07,2025-08-15,
791,6644,727,2025-07-11,2025-10-03,
803,7477,4564,2025-01-14,,
1066,3887,2510,2024-06-03,,2024-09-11
1096,5306,4399,2025-02-05,,
1202,6584,4057,2024-02-07,,
1229,3222,1154,2025-11-02,,
1317,4970,1784,2024-04-12,,
1346,8815,171,2024-09-25,,
1416,3725,4229,2024-06-17,2024-09-19,
1672,9228,4041,2024-07-05,,
1714,8225,1321,2025-11-17,,
1899,5871,3237,2025-09-09,2025-12-09,
1940,9564,525,2025-01-29,2025-03-14,
2186,2707,3385,2025-05-09,,
2239,4784,215,2024-09-02,2025-02-12,
2582,7222,2896,2025-11-18,2025-12-10,
2932,8264,804,2024-05-09,2024-09-27,
3598,6434,4329,2025-04-30,,
3675,8158,2385,2024-06-03,,
3950,5135,987,2024-08-21,2024-10-28,
4258,8694,2607,2025-01-22,,
4455,5029,1749,2025-10-05,,
4905,8237,1430,2025-01-03,,2025-06-14
5019,8671,4240,2024-09-24,,
5025,3233,4878,2024-01-20,,2024-03-10
6041,9285,190,2024-10-07,,
6152,882,990,2025-12-13,,2025-12-19
6180,861,2871,2025-12-14,,
6269,3176,4404,2025-01-15,,
6452,4977,701,2024-12-08,,
6623,3342,256,2025-07-08,,2025-10-20
7001,5628,2718,2025-06-08,,
7042,862,3029,2024-01-17,2024-05-10,
7286,9660,2692,2024-01-16,2024-06-22,
7311,5429,2419,2025-08-30,,2025-12-15
7356,782,3342,2024-10-25,,2025-03-20
7970,8298,758,2024-10-02,2025-03-31,
8052,5505,477,2025-02-12,,
8544,5597,778,2024-09-26,,
8858,3199,1908,2025-05-22,2025-09-22,
9071,6462,2469,2025-05-01,,2025-10-28
9148,4915,4377,2025-08-09,,
9303,3083,1306,2024-10-14,,2025-02-22
9489,3060,3130,2024-08-11,,
9711,9772,446,2024-03-11,,
10164,3609,3954,2024-07-28,,
10662,5102,2387,2025-11-12,,
10684,6235,1526,2025-11-15,2025-12-08,
10922,7219,2062,2025-10-09,2025-10-16,
11016,6479,2196,2025-01-18,,
11402,8077,660,2024-05-06,,
11414,6417,195,2024-05-04,,
11490,3641,2837,2025-12-17,,2025-12-25
11704,4829,1380,2025-06-01,2025-07-27,
11826,4359,4596,2025-12-15,,
12320,4599,4907,2024-09-30,,2025-08-31
12950,3230,2943,2025-08-22,2025-10-25,
13021,7193,1057,2025-09-03,,
13175,4207,2750,2024-05-29,2024-11-15,
13243,5317,2754,2025-09-23,,
13278,8901,2641,2025-08-01,,
13352,5543,4061,2025-04-07,,
13527,8961,1864,2025-09-14,2025-11-25,
13673,1575,2561,2025-12-15,,
14809,3239,2851,2025-08-08,2025-08-18,
14865,6231,2786,2024-08-25,,2025-08-17
14999,8818,2037,2025-08-03,2025-10-06,
15208,4581,4281,2025-12-19,,
15322,5942,3744,2025-09-25,,2025-12-05
15713,5635,2670,2024-12-31,,
15747,5178,2158,2025-09-13,2025-12-05,
16093,5419,1389,2025-05-13,,
16257,6985,3999,2024-10-05,,
16372,8444,2906,2024-10-22,,
16607,8873,1731,2024-08-20,,
17529,257,2957,2025-08-18,,
17585,9269,3712,2024-12-07,,
17729,3465,1124,2024-05-20,,
18084,9551,3799,2024-09-10,,
18154,4672,984,2025-02-09,,
18301,9065,3333,2024-07-03,,
18438,1917,4343,2024-06-24,,2025-01-10
18443,381,4601,2025-01-25,,
18922,6474,3737,2025-08-09,2025-10-13,
19103,4626,1687,2024-02-05,,
19105,2517,3851,2025-10-29,,
19217,3382,4221,2025-10-23,,
19389,7255,1532,2025-06-27,,
19479,457,323,2025-06-22,,2025-12-20
19719,9155,482,2025-08-29,,2025-09-14
8,3199,3941,2025-07-25,,
407,6001,474,2025-06-20,,
566,2863,4584,2025-02-03,,2025-07-27
663,4116,3332,2024-09-15,,
1189,8628,4503,2024-04-14,2024-05-23,
1210,5860,1164,2024-12-01,,
1422,1126,508,2025-07-13,2025-12-02,
2011,9630,4182,2024-05-22,,2024-07-11
2018,5913,452,2025-05-27,2025-07-22,
2088,3335,748,2024-05-24,,
2096,5468,4837,2024-04-03,2024-04-22,
2110,4432,3018,2024-11-21,,
2505,2854,4940,2024-03-05,,
2768,7343,1589,2025-12-08,2025-12-21,
2880,4558,4540,2025-11-29,,
3069,1064,3898,2024-06-15,,
3271,8863,1411,2024-06-19,,
3413,6418,958,2025-10-25,,
3548,3562,4291,2025-11-25,2025-12-05,
3562,5987,4318,2024-08-02,,
3563,4730,3667,2024-06-19,,
4051,7352,2989,2025-12-15,,
4204,5048,443,2025-09-17,,
4369,8987,1104,2024-02-18,2024-04-26,
4447,5463,78,2025-01-08,2025-03-18,
4992,1730,474,2024-09-12,,
5041,9878,4948,2025-02-27,,2025-08-27
5314,4047,1458,2024-03-27,,2025-02-09
5378,5842,2774,2024-04-21,2024-06-04,
5935,394,791,2024-01-22,2024-04-06,
6035,9031,706,2024-07-30,,
6635,9516,461,2024-04-29,,
7122,4446,2591,2025-05-03,,2025-08-23
7221,8078,900,2025-01-16,,
7352,488,661,2025-09-20,,2025-12-08
7453,7133,3192,2025-09-05,,2025-10-14
7635,7071,4182,2024-10-18,,
7677,3373,424,2024-07-11,,
8368,2672,1482,2025-10-01,,2025-11-12
8630,648,1810,2025-10-08,,
9067,3045,3479,2024-11-24,2025-02-03,
9530,9526,4116,2024-12-15,,
9550,1204,3560,2025-03-06,,
9569,9672,825,2025-05-07,,
9743,4227,2296,2024-04-11,,
9850,649,40,2025-09-23,2025-12-17,
9860,1519,2912,2025-07-24,,2025-08-27
10052,5219,760,2024-02-07,,
10215,7765,2704,2025-12-21,,2025-12-22
10377,1066,482,2025-04-16,2025-10-06,
10720,6403,2464,2024-05-04,,2024-10-21
10809,1304,2140,2025-05-23,,2025-10-08
10917,3501,187,2025-11-15,,
10973,9234,2333,2024-04-17,2024-09-26,
11342,5517,1966,2025-07-25,,
11649,3320,1637,2024-11-17,2024-12-03,
11743,9978,213,2024-12-02,,
12404,971,4665,2024-02-24,2024-04-03,
12633,9312,4939,2024-03-25,,2024-04-26
12658,1868,4372,2024-11-14,,
12949,1331,341,2024-05-01,,2025-02-01
13356,8693,332,2024-12-01,2025-03-31,
13416,5204,2333,2025-04-07,,
13451,7956,2739,2025-12-13,,2025-12-14
13705,1928,4456,2025-02-07,2025-07-04,
13835,4911,4679,2025-01-22,,2025-08-23
14508,1917,4169,2024-02-12,2024-04-18,
14971,9089,3708,2025-01-23,2025-04-19,
15151,1318,1954,2024-01-26,2024-05-01,
15186,407,1706,2025-07-31,2025-12-07,
15207,4874,2074,2025-08-15,,2025-11-23
15769,3976,1546,2024-04-24,,
15879,316,3524,2024-10-23,2024-11-30,
15894,4791,2931,2025-03-05,,
16565,8987,4579,2025-11-09,,2025-12-24
16647,2242,4009,2024-11-17,,2025-06-14
16826,7815,3686,2025-02-09,,
16878,9591,2835,2025-02-17,,2025-04-29
17002,3919,4932,2024-04-22,2024-05-02,
17383,9158,2524,2025-09-19,,
17395,9828,370,2025-12-06,2025-12-23,
17411,4682,2932,2025-02-04,,
17701,9617,2620,2025-05-23,2025-07-30,
18200,8581,3838,2025-05-31,,
18550,6344,4473,2025-03-11,,
18720,8119,1321,2025-05-09,,2025-08-02
18749,1099,4459,2025-08-29,,2025-11-27
18784,2743,3069,2024-02-25,2024-04-09,
18811,4550,2566,2024-07-12,,
18874,7156,3243,2024-06-04,,
18935,8646,3449,2025-01-24,,
19063,3878,4316,2025-08-28,,
19955,3350,597,2024-07-21,2024-11-04,
19997,6815,1793,2025-01-08,2025-06-28,
2,2624,3637,2025-03-08,,
66,8499,1819,2025-10-28,,
227,3381,2695,2024-06-21,,
262,4188,2357,2025-08-22,,
456,7159,2541,2024-06-19,,2025-03-18
532,7644,3709,2024-09-07,,
631,2809,4043,2024-06-25,,
727,4376,4436,2025-09-26,,
829,3136,670,2024-03-30,,
1060,6153,2104,2024-07-17,,
1520,6079,744,2024-03-28,,2024-07-28
1667,2014,656,2025-08-14,,
1760,49,4766,2025-11-25,2025-12-19,
1989,3542,2582,2024-04-30,,
2020,8955,1311,2024-10-08,2024-11-02,
2024,9925,1666,2025-06-28,,
2278,1178,722,2025-04-12,,
2299,9129,4045,2025-11-29,2025-12-25,
2302,3127,4272,2024-04-03,,
2347,7733,4119,2025-02-21,,
2830,5798,460,2024-06-25,2024-09-17,
2887,9098,180,2025-03-27,,2025-08-24
3005,8195,472,2025-10-25,,
3048,6721,4933,2025-02-04,2025-04-17,
3064,2351,1781,2025-10-21,,
3253,5828,3280,2025-04-10,,
3273,1435,30,2024-04-16,,
3295,666,1295,2024-10-20,,
3895,1515,3479,2025-08-14,,2025-11-04
4311,1144,2711,2025-02-23,,
4436,6176,1352,2024-04-07,2024-09-30,
4676,9206,3602,2024-04-12,2024-07-09,
4787,2477,177,2025-09-17,,
5100,5561,1299,2025-01-06,,
5269,7586,1256,2025-04-02,,
5309,4716,2701,2024-07-28,,
5456,3146,1074,2024-12-19,,2025-04-17
5486,1134,4866,2025-12-08,,
6117,6519,800,2024-06-01,2024-06-08,
6130,4887,2076,2024-01-29,,2025-01-17
6235,9858,351,2024-09-23,,
6954,9048,1329,2025-10-19,,
7309,8186,2867,2025-12-02,,
7519,3732,711,2025-02-08,2025-04-10,
7596,64,3622,2025-10-17,,
7790,1647,657,2025-10-18,,2025-10-22
7816,1895,4580,2025-11-03,2025-11-22,
7839,6221,3045,2023-12-29,,2024-09-04
7861,1444,2195,2025-07-21,2025-10-25,
7918,4816,108,2025-09-09,,
8124,6338,1530,2024-08-28,,
8351,464,70,2025-06-08,,2025-11-28
8542,9333,275,2024-11-29,2025-01-03,
8592,2035,2482,2025-10-15,,
8618,8603,1865,2025-02-19,2025-03-07,
8840,4680,1092,2024-05-03,,
8846,7931,2607,2025-10-13,,
8997,6777,3382,2025-03-08,,
9045,8953,2624,2024-02-09,2024-08-04,
9103,9449,4214,2025-05-01,2025-09-12,
9326,3829,3195,2025-04-25,,
9377,7943,4142,2025-04-18,,
9445,3125,4011,2024-08-07,,
9459,4823,4461,2025-09-28,2025-10-20,
9513,8873,3595,2025-03-16,,
10012,4703,1692,2025-09-27,,
10100,1113,4790,2025-06-11,,
10695,4092,97,2024-10-30,,
10698,5412,3601,2024-02-27,,2024-05-05
10816,5066,4068,2025-06-29,,
11485,3412,2764,2024-01-06,,2024-11-12
11839,9209,1034,2025-03-28,,
11862,8172,4361,2024-02-23,,2024-09-11
12105,6867,136,2025-03-01,,
12381,921,2067,2025-05-16,2025-07-12,
12515,5095,4567,2025-07-28,,
13602,2854,512,2025-02-15,,
13756,5363,1584,2025-06-21,2025-08-14,
13975,8452,2370,2024-03-19,,
14098,8355,3621,2024-10-10,2025-03-22,
14175,9853,2977,2024-11-01,,
14185,840,1572,2024-09-11,,
14255,7397,14,2025-09-20,,
14697,3147,1810,2025-08-11,,
14785,8123,2454,2024-07-03,2024-10-08,
15041,741,771,2025-08-11,,
15058,9206,4582,2025-09-30,,
15162,2396,657,2025-04-18,,
15930,4971,1288,2024-04-16,2024-08-02,
15944,5443,71,2024-09-13,,2025-01-26
15976,9201,2227,2024-03-11,,
16183,3175,3197,2025-05-04,,
16248,1265,4849,2025-11-12,2025-11-26,
16451,1525,3470,2025-07-27,,
16478,6770,1430,2025-05-14,,
16500,9983,4839,2024-03-08,2024-05-30,
16605,4292,753,2024-01-20,,
16631,9858,628,2024-03-05,,
16719,3384,4122,2025-03-23,,
16764,4196,4080,2024-12-31,2025-02-15,
17992,2550,929,2025-01-29,2025-04-08,
18062,8945,3626,2024-08-10,2025-01-19,
18069,1058,3882,2025-11-09,,
18309,7235,3430,2024-03-01,,
18544,2443,14,2025-01-21,,
18797,6173,3575,2025-01-04,,
19317,6796,1120,2025-05-11,2025-10-21,
19453,8770,3296,2024-07-15,,
19482,4574,964,2025-07-08,,
19574,4894,2303,2025-10-16,,2025-11-07
19594,1717,4603,2025-02-15,,
338,1759,275,2025-06-12,2025-07-16,
553,5653,874,2025-04-08,2025-07-18,
594,7245,1779,2024-11-15,,2025-05-21
990,4748,2934,2025-05-10,,
1030,8298,1701,2025-09-04,,
1385,1660,2019,2024-03-05,2024-07-10,
1427,1692,96,2024-05-25,,2024-07-24
1530,7131,1998,2024-08-12,,
1531,263,874,2025-12-15,,
1658,8583,2320,2024-03-01,2024-05-23,
1828,7384,76,2024-10-16,,2025-06-26
1893,8594,947,2024-11-10,,2025-05-20
2317,2435,1813,2025-06-08,,
2693,7164,3842,2025-11-21,,
3062,7803,2128,2024-11-16,2025-03-02,
3177,4879,4462,2025-11-22,,
3962,9467,633,2023-12-30,2024-04-24,
4070,4537,4632,2025-10-17,,
4234,5107,1624,2025-04-06,2025-05-14,
4376,3835,2168,2024-05-21,,
4416,2049,4040,2025-10-14,,
4440,2552,2122,2025-11-30,,
4964,9972,2547,2024-01-06,2024-04-24,
4969,5733,2401,2024-03-11,,
5125,188,1330,2025-08-08,,2025-10-19
5235,2341,961,2025-05-28,,
5297,3226,1178,2025-04-06,,
5331,2538,2525,2025-06-06,2025-11-07,
5427,681,3720,2025-12-20,,
6005,1767,1998,2024-02-04,,2024-10-16
6477,1757,1466,2024-02-16,,
6842,8147,2730,2025-12-03,,
7330,3281,916,2024-05-07,,
7434,1573,2495,2025-07-10,,
7575,3876,3679,2025-03-01,,2025-11-03
7718,5144,910,2024-02-06,,
7802,5021,1964,2024-01-05,,
7828,3163,2606,2024-06-25,,
7972,4476,1540,2025-12-23,,
8557,3264,2006,2025-06-10,,
8631,6648,4797,2025-09-07,,
8667,5664,4478,2024-11-12,,
8746,7097,3251,2024-06-02,,2024-12-01
8812,4239,882,2025-09-04,,2025-11-22
8957,3924,1254,2025-09-26,,2025-11-13
8968,7086,583,2024-12-16,,
9099,2401,4692,2025-11-01,,
9197,385,4219,2025-07-08,,
9262,6424,1929,2025-04-24,,
9572,4859,1639,2024-04-20,,
9605,5637,168,2025-09-18,2025-10-10,
9725,3535,4851,2025-07-21,,
9781,5301,1461,2025-11-25,,2025-12-20
9906,2936,4742,2025-08-23,,
9932,535,1505,2025-02-04,,
10004,88,4870,2024-08-15,,
10227,4909,1581,2025-07-24,,
10263,3429,2418,2025-12-02,,2025-12-08
10274,1237,305,2025-11-21,,
10566,7793,266,2024-11-06,,
10689,283,1337,2024-11-26,2025-02-10,
10761,4833,371,2024-04-02,2024-05-01,
11000,7014,4124,2025-01-27,2025-03-05,
11278,4324,3748,2024-09-17,,
11294,1188,2113,2025-08-06,,2025-09-14
11316,8833,2896,2025-06-26,,
11687,8092,996,2025-07-13,,
11756,1822,4027,2024-04-13,,
11956,1270,3445,2024-10-27,,
12072,4771,2579,2024-02-21,2024-05-01,
12240,7207,245,2025-09-24,,
12860,1219,146,2025-01-31,,2025-08-03
13229,1812,3494,2024-12-30,,
13662,4239,678,2025-10-15,,
13806,2014,1663,2024-07-07,,
13922,9597,3861,2024-07-12,,
14058,9706,4530,2025-12-11,,
14426,3485,4893,2024-09-02,2025-02-06,
14760,8432,3745,2025-02-28,2025-08-03,
14910,3225,1172,2024-07-22,2024-12-03,
15165,8166,4069,2024-06-16,,
15431,2255,4851,2025-03-29,,
16441,7435,4565,2025-07-13,,2025-12-10
16506,6640,2892,2025-06-25,,
16535,8516,1513,2024-01-28,2024-06-01,
16599,7686,4461,2024-05-30,,
16675,5072,1327,2024-12-24,2025-04-18,
16890,218,3428,2024-10-30,,
16941,5800,579,2025-06-17,,
17348,1576,2130,2024-06-12,,
17572,4614,3466,2025-07-22,2025-11-13,
17750,9613,4247,2024-07-30,,
18043,2495,1328,2024-12-11,,2025-07-27
18085,1681,4055,2024-09-27,,
18450,9377,3607,2025-11-16,2025-12-13,
18531,6256,4791,2025-12-18,2025-12-25,
18571,7226,4176,2025-01-03,,
18654,9581,70,2025-10-13,,
19058,6221,1171,2024-11-03,,
19113,6518,4327,2025-12-19,,2025-12-22
19127,9177,1999,2025-11-04,,
19583,8615,2143,2025-08-09,,2025-09-10
342,7655,1049,2025-05-23,2025-10-30,
588,8504,2210,2024-07-09,,
1100,1107,2555,2025-07-05,,2025-07-13
1364,9374,4169,2025-02-12,2025-02-24,
1461,5508,2099,2025-04-15,,
1495,6207,3676,2024-11-09,2025-02-06,
1540,1931,2673,2024-02-19,2024-05-27,
1612,1126,161,2025-10-28,,
1767,699,2947,2025-03-12,,
1900,2078,1970,2025-08-21,2025-12-09,
2026,6439,2520,2024-03-08,,2024-07-02
2486,5189,922,2024-11-22,,
2501,2813,4907,2025-04-28,,
2543,6109,3613,2024-11-05,2025-04-03,
2626,1394,1091,2024-02-13,2024-02-17,
2730,1725,232,2024-07-07,,
3698,1913,1358,2024-06-22,2024-06-29,
3853,3559,3767,2024-09-21,,
3906,8061,776,2025-08-08,,2025-09-09
4312,6972,2515,2024-12-10,,2025-05-15
4314,3643,120,2024-05-18,,
4348,9892,2861,2025-10-28,,
4583,3251,952,2025-06-08,,
4841,3782,3627,2025-10-17,2025-10-25,
5136,1430,4682,2024-08-14,,
6231,6293,12,2025-10-26,,
6629,9298,3292,2025-07-23,,
6649,4359,4478,2024-12-02,,
6828,3893,1345,2024-04-18,,
6977,5651,1841,2025-10-22,,
7334,2167,4868,2024-11-25,,
7964,2276,1290,2025-12-21,,
8011,7568,1283,2025-12-02,2025-12-19,
8722,4167,1844,2024-10-05,,2024-10-11
8798,854,647,2025-05-12,,
9060,3550,99,2025-12-18,,
9275,7197,1234,2025-08-29,,2025-09-19
9622,9715,4175,2025-08-24,,
9681,6876,2739,2024-09-22,,
9925,661,3971,2025-10-09,,2025-11-28
10002,110,1886,2024-08-27,2024-10-19,
10265,705,3043,2024-10-11,,2025-05-08
10528,9889,4471,2025-08-06,2025-12-15,
10828,3866,2524,2025-12-05,,
10837,8392,863,2024-11-30,,
10881,1604,1387,2025-03-28,2025-04-25,
10945,2142,3435,2025-10-30,,
11002,3866,3985,2025-03-10,,
11227,6687,1862,2025-11-11,2025-12-11,
11323,1183,1878,2024-08-31,,
11346,3055,1842,2025-02-03,,2025-02-22
11349,4588,4612,2024-04-26,,
11655,7073,4509,2024-06-05,,2024-09-23
11753,1665,605,2025-12-07,,
11773,9659,4900,2025-01-04,,
11893,9835,1340,2024-10-01,,
12156,1067,2055,2025-02-11,,
12263,8200,2201,2025-11-17,,
12305,9712,1979,2025-11-26,,2025-12-04
12337,9309,819,2025-12-16,,
12671,6842,4010,2024-11-13,,2025-03-07
12696,8488,1392,2025-12-11,2025-12-20,
12766,5106,1746,2024-04-23,,
12781,2564,4857,2024-02-13,,
12896,9003,2869,2025-05-02,,
12918,741,3314,2024-09-02,,
13124,4944,1243,2024-11-10,,
13217,9248,1461,2025-11-13,,
13368,5487,2474,2025-08-13,2025-09-12,
13496,498,3463,2025-04-06,,
14125,8064,366,2024-10-24,2025-01-23,
14547,6189,4871,2025-03-24,,
14627,2773,784,2025-12-10,,2025-12-21
14728,4662,3827,2024-02-14,,
15002,9319,3497,2024-07-16,2024-08-17,
15018,3872,2013,2024-12-20,,2025-08-08
15525,1281,2814,2024-06-25,,
15544,4487,2454,2025-03-26,,
15723,2813,1712,2025-02-17,,
15767,909,795,2025-12-14,2025-12-22,
16185,486,3127,2025-01-08,,
16329,3532,871,2025-04-19,,2025-05-01
16352,2934,2423,2025-02-22,2025-07-13,
16416,5829,3861,2025-12-24,,
16499,8890,3822,2024-06-26,,
17152,3687,2239,2025-07-20,2025-12-03,
17713,5657,3569,2024-11-02,,
17800,713,2066,2025-06-06,,
17879,8786,4268,2024-07-28,2025-01-16,
17896,9872,4115,2025-09-24,,
18319,3726,2889,2024-12-06,,
18344,4791,2870,2025-02-14,,
18511,6750,487,2025-09-11,,
18670,8771,1227,2025-12-06,2025-12-21,
18776,7579,4257,2025-11-05,,
18998,8366,848,2025-04-06,2025-07-06,
19070,2158,2771,2025-03-16,,
19215,1768,1623,2025-12-20,,
19932,2097,671,2024-08-02,2024-10-11,
231,3505,1092,2024-11-05,,
324,1052,294,2025-05-13,,
462,7518,437,2025-12-05,2025-12-23,
537,7813,3147,2024-12-01,,
761,6922,1076,2024-09-08,2024-11-07,
808,545,4923,2024-09-18,,2025-06-09
945,5166,538,2025-11-04,,
1091,9858,1486,2024-07-19,2024-12-14,
1253,9524,4568,2025-01-03,,
1481,3249,929,2025-03-04,2025-08-26,
1768,6953,2871,2025-06-04,2025-06-26,
1934,4722,2765,2024-10-12,2025-04-08,
2329,1492,1089,2024-02-22,,2024-08-21
2833,3227,1496,2025-10-15,,
3642,5299,984,2025-06-16,,
3952,1150,362,2024-12-30,2025-03-13,
4646,1747,4668,2024-08-27,,
4680,9802,2323,2024-10-25,,
4819,4867,4053,2025-05-02,,
5102,60,3785,2024-07-15,2024-11-15,
5470,1032,1968,2024-12-28,,
5631,1617,454,2025-05-23,2025-09-16,
5771,7718,1137,2025-11-15,,
6063,2351,4977,2024-05-06,,
6525,4708,4541,2025-06-07,,2025-10-01
6742,6221,923,2025-05-09,,
6758,1073,3896,2024-09-14,2024-11-10,
7103,8882,682,2024-01-13,,
7339,1783,3229,2024-12-16,2025-01-17,
7494,6545,4987,2025-12-05,,
7548,1510,4165,2025-01-01,,
7554,6434,2519,2024-02-02,2024-04-21,
8364,6406,4584,2025-06-07,,
8510,1730,2143,2025-06-02,,
9254,5696,4326,2025-11-24,,
9607,3571,728,2024-10-18,,
9849,5573,911,2025-03-02,,
9889,2721,3163,2024-06-03,,
10021,26,3647,2024-09-16,2025-02-23,
10117,4574,2809,2024-09-11,,
10392,7409,3505,2024-02-27,2024-04-16,
10483,3327,2748,2025-10-19,,
10985,2240,3267,2025-10-12,2025-10-28,
11051,5509,2198,2025-01-20,,
11127,8203,2247,2025-11-22,,
11391,3391,307,2024-10-30,,
11459,4609,3165,2024-02-13,,
11844,6260,557,2024-06-05,2024-09-01,
12038,5795,2024,2025-01-06,,
13014,3976,2197,2025-05-29,,
13020,6299,3193,2024-10-04,2025-01-27,
13436,5805,2489,2025-08-08,,2025-11-20
13679,8277,2494,2025-07-07,2025-12-08,
13719,974,755,2025-05-14,,2025-10-26
13906,1423,88,2024-04-14,2024-09-17,
14123,5235,4312,2024-04-04,2024-07-13,
14228,356,2470,2024-04-19,2024-09-26,
14277,2686,2779,2025-08-21,,
14452,4672,2917,2024-04-07,,2024-12-14
14975,5912,1610,2024-04-19,2024-05-07,
15341,881,1051,2024-06-14,,
15347,4510,629,2025-07-08,,
15472,8465,1646,2025-09-23,,
15603,8745,854,2024-08-18,,
15606,6333,1670,2025-12-07,,
15640,1917,1146,2025-06-04,,
15880,2521,4272,2025-09-12,2025-10-10,
16812,8430,551,2024-07-13,,
16986,8984,232,2024-04-13,,2024-11-20
17200,3691,4119,2024-03-16,,
17268,1762,4055,2025-11-20,2025-11-27,
17310,6472,4805,2024-03-29,2024-04-17,
17442,1937,1575,2025-10-02,,2025-10-31
17511,4262,1320,2025-09-17,,
17662,2128,4608,2024-08-03,,
17846,7789,860,2024-12-04,,
18232,260,2747,2025-01-23,2025-03-17,
18315,8887,2364,2024-07-26,,2025-03-18
18632,1904,3688,2025-09-25,2025-12-01,
18689,3129,4701,2024-01-21,,
18994,3503,3399,2025-08-21,,
19193,150,20,2025-09-24,,
19343,3008,2652,2024-06-05,2024-08-08,
6,8740,630,2025-01-19,2025-07-09,
128,7409,3882,2024-05-18,,
247,7076,2913,2025-06-10,,2025-12-13
1061,37,1489,2025-02-08,,
1497,6973,4891,2025-06-03,,
1724,141,258,2024-08-09,,
1912,396,2763,2025-02-03,,
2014,2796,3847,2025-03-24,,
2515,5275,3621,2025-05-11,,2025-07-04
2594,6440,1896,2024-02-11,,
2724,5714,144,2024-12-20,,2025-02-11
2788,1575,3018,2025-11-05,,
2900,8829,123,2024-01-31,2024-07-12,
3078,1713,4508,2025-03-18,,
3115,2827,2946,2024-06-17,,2024-11-25
3471,4587,1190,2025-09-17,,
3590,9780,4440,2025-12-07,,
3687,6512,449,2025-04-13,,
4181,8581,2538,2025-11-28,,2025-12-10
4500,581,249,2024-12-13,,
4619,4663,3718,2025-06-13,2025-08-18,
4810,8650,4349,2025-06-07,2025-09-25,
4822,9121,4234,2025-06-17,,
4823,4601,2060,2024-09-02,,
5038,5021,1359,2025-12-01,,
5352,5042,3698,2025-10-11,,
5509,9706,3226,2025-08-15,,
5513,9951,4013,2024-08-31,,2025-01-25
5752,6454,368,2025-03-01,,
5880,7507,2600,2025-09-26,,2025-11-18
6155,5255,3077,2024-01-20,,
6618,989,2845,2024-09-18,,
7130,4635,1901,2025-11-30,,
7375,8210,1323,2025-06-25,,
7438,5968,2204,2024-07-22,,
7446,9423,1562,2025-08-05,,2025-11-22
7520,5204,4815,2024-09-06,,
7571,495,4701,2025-03-08,,
7585,7911,4442,2025-02-07,,2025-10-15
7841,1845,4137,2025-03-04,,2025-12-10
7919,575,3907,2025-10-03,,
7980,8603,1576,2025-06-24,,
8299,322,4428,2025-07-03,,
8481,5458,388,2025-11-14,2025-12-08,
8519,9328,2667,2024-02-21,2024-08-11,
8888,5818,630,2025-08-24,,
8998,3242,476,2024-02-09,,
9532,7420,4861,2025-10-09,,
9660,4478,2274,2024-01-17,2024-05-30,
10328,6423,1850,2025-02-12,,
10602,948,3853,2024-04-30,,
10619,7431,1435,2024-07-23,2024-10-23,
10683,103,86,2025-08-25,2025-10-01,
10687,6262,2010,2024-10-29,,
10765,6214,2474,2025-05-07,,
11145,9378,203,2025-08-11,,
11291,3135,4610,2025-04-20,,
11443,7912,3295,2024-01-28,2024-03-23,
11478,3023,3282,2024-04-14,,
11670,2718,2000,2025-02-15,,
11747,5240,293,2025-04-13,,
11794,5868,4129,2025-11-12,,
11828,6386,4343,2025-04-01,,
12218,8343,491,2024-12-01,,
12272,5642,3939,2024-12-06,2025-04-27,
12425,2125,2163,2025-03-14,2025-04-27,
12612,682,2610,2024-02-21,,
12683,1622,416,2025-05-21,,2025-06-22
13136,7015,1245,2025-01-30,,2025-07-29
13163,6142,4164,2025-10-12,2025-11-05,
13210,7038,3544,2024-08-14,,
13224,3494,1900,2025-06-14,2025-11-03,
13589,4369,4223,2024-01-01,,
13670,8916,4081,2024-11-26,,
13684,6034,3657,2025-10-31,,
14180,7875,3108,2025-03-11,,
14375,5915,1430,2024-02-27,2024-03-22,
14973,7591,190,2024-06-16,2024-09-23,
15581,4911,3647,2025-06-30,,2025-08-25
15667,8622,4082,2024-02-15,2024-04-02,
15708,7071,3758,2024-01-13,2024-01-28,
16282,831,4942,2024-09-19,2024-12-19,
16579,3778,2980,2025-09-21,,
16778,6172,2998,2025-02-04,2025-05-06,
17087,9199,96,2024-01-31,,
17150,9205,4336,2024-10-31,2025-03-01,
17239,7343,111,2025-05-14,,
17250,4264,967,2025-03-08,,2025-05-05
17259,7360,561,2025-11-16,,
17494,7787,4388,2025-03-21,,2025-11-03
17664,4319,2145,2025-01-23,2025-05-21,
18273,6899,4326,2024-03-07,,
18401,578,3384,2024-01-16,,
18458,1771,3086,2024-07-13,2024-12-31,
18543,5876,4411,2024-05-31,2024-08-23,
18638,2970,3117,2024-03-02,,
18913,9351,2701,2024-02-18,,
18924,8814,9,2025-10-20,2025-11-15,
19672,1836,514,2025-06-09,2025-08-03,
19879,4219,4015,2023-12-31,,
19952,7510,4151,2024-05-06,,
327,5596,117,2025-12-09,2025-12-22,
413,1934,3810,2025-09-30,2025-11-15,
514,6983,3351,2024-02-25,2024-05-08,
571,924,2118,2024-03-28,,
963,6686,2972,2024-01-27,,
968,1102,1073,2025-11-21,,2025-12-02
1133,2946,1282,2024-08-30,,
1533,3568,2948,2025-04-16,,
1690,3949,2434,2024-08-17,,2024-11-11
1814,9354,4591,2025-03-04,2025-08-20,
1860,9559,488,2025-10-04,,
1983,6861,2143,2025-05-19,,
1990,2941,1629,2024-04-30,2024-06-05,
2002,180,3867,2025-05-24,,
2006,7613,2323,2024-11-21,,
2305,6124,4899,2025-12-14,2025-12-22,
2319,3836,4760,2024-05-13,2024-11-02,
2400,9129,1488,2025-10-24,2025-11-06,
2428,2756,3604,2025-08-27,,
2490,8964,3516,2025-04-17,,2025-12-13
2574,1705,2822,2025-04-26,,
2964,4457,1315,2024-03-02,,
3025,5210,3031,2025-12-24,,
3109,4264,165,2024-09-14,,
3233,7879,4894,2024-11-25,,
3531,5159,543,2024-12-21,,
3631,9890,3261,2024-11-10,,
3774,8380,2116,2025-01-22,,
3800,8799,3738,2025-06-29,2025-07-20,
4209,9636,1299,2024-06-22,,2024-07-22
4230,3202,1188,2025-06-16,,
4466,2435,2963,2024-11-15,,
4490,950,3972,2025-11-09,2025-12-19,
4599,2687,890,2025-11-24,2025-12-25,
4950,2089,2221,2025-11-23,2025-12-18,
5080,6543,2572,2025-10-12,,
5160,3683,2452,2024-06-15,,
5803,4515,2163,2025-02-13,2025-03-03,
6001,2179,334,2025-12-04,2025-12-12,
6404,6967,4250,2025-02-01,,
6409,9265,4867,2025-03-22,,
6589,8095,210,2024-04-11,,
6825,3152,1461,2025-03-25,,
6872,4152,4155,2024-05-14,,
7247,6919,2542,2025-12-16,,
7988,3023,4639,2024-09-12,,
8007,8115,510,2024-09-10,,
8046,7235,3247,2025-02-14,,
8130,3687,2792,2025-08-28,2025-11-24,
8281,2423,3442,2025-02-20,,2025-07-23
8698,9629,1524,2025-07-26,,
8770,1867,272,2025-04-27,,
8783,5969,2497,2024-10-26,,
8842,807,536,2025-06-29,,
8883,516,1363,2025-04-20,2025-04-29,
9555,1724,2972,2025-08-05,,
9805,5997,1691,2025-11-29,2025-12-17,
10772,9536,1480,2024-01-15,,
10854,2403,3089,2025-05-31,,
11060,8676,2790,2024-06-13,,2025-05-23
11102,1592,2423,2025-09-28,,
11292,4555,2917,2025-03-08,,2025-04-06
11540,4385,635,2025-08-16,,
11555,5423,485,2024-07-06,,
11591,4752,2835,2025-06-07,,
11597,595,1019,2025-01-06,,
11799,6383,612,2025-08-14,,
12193,4061,2661,2024-09-30,,
12357,6848,1648,2025-12-06,,
12461,8098,3696,2024-07-19,,2025-03-28
12757,9136,2625,2024-09-14,,
13092,6528,833,2025-06-12,,
13603,9376,883,2025-06-26,,
13715,2999,709,2024-12-03,,
13917,5593,4144,2025-08-10,,
14110,4811,2010,2025-11-29,,
14202,8565,1611,2025-07-13,,
14251,4914,1789,2024-02-12,2024-06-07,
14491,835,4473,2025-12-02,,
14984,9364,2347,2025-01-11,,
15529,9948,4776,2025-05-31,,
15661,4613,3425,2025-01-10,,
15707,6109,623,2025-08-01,,2025-10-15
16007,4349,4460,2024-05-12,,
16070,9541,2399,2024-07-07,,2024-11-16
16415,3890,929,2025-12-06,2025-12-15,
17139,2852,2432,2025-11-12,,
17201,5869,2243,2024-01-05,,
17835,6556,3981,2025-07-26,2025-08-14,
18026,3836,1942,2025-03-06,,
18055,2058,2392,2024-07-12,,
18516,8849,2296,2025-12-24,2025-12-25,
18844,6607,354,2025-12-15,,2025-12-23
19044,6575,4793,2024-01-03,,2024-01-13
19145,7334,3450,2025-07-12,2025-11-28,
19525,8973,1267,2025-05-04,,
19609,7452,3627,2024-04-14,,2024-08-28
19820,1685,1529,2025-08-26,,
19984,3643,1868,2024-04-04,,
5,7464,1691,2024-05-28,,
164,2385,4295,2025-11-09,,
367,571,542,2025-12-05,,
1740,8469,719,2025-03-24,,
2385,4560,4754,2025-05-07,,
3310,2509,1837,2023-12-26,,
3526,1928,1161,2025-07-05,,
3667,6477,736,2025-11-23,,2025-12-23
3694,3245,3286,2024-08-13,,
3839,9796,38,2025-07-27,,
4531,2459,3672,2024-11-12,,2025-07-18
4672,5649,683,2025-04-13,,
4734,1672,623,2025-02-11,,
4889,348,2134,2024-11-22,,2025-01-03
5330,8669,4338,2025-05-03,,
5384,1204,163,2025-05-02,,
5587,4382,960,2024-06-24,,2024-07-13
5737,6809,3363,2025-12-08,,
5747,595,1286,2025-06-18,,
5906,8450,2290,2024-08-30,,2024-12-21
6496,5419,613,2025-01-22,,2025-10-28
6608,1360,222,2025-08-07,,2025-09-02
6687,7647,483,2024-07-27,2024-09-29,
6737,6164,1944,2024-06-20,2024-06-30,
6818,4200,2038,2025-05-15,,2025-08-01
7327,9849,3740,2025-10-22,,
7590,277,3515,2024-01-20,2024-04-30,
8353,1083,3195,2024-07-27,,
8653,5300,3062,2025-11-05,,
8931,2707,225,2024-12-08,,
9044,6779,1723,2024-11-08,,
9214,3968,2924,2025-09-19,2025-11-03,
9388,7732,742,2024-01-29,,2024-04-07
9961,2238,4109,2024-04-16,2024-05-12,
10086,516,4157,2024-07-10,2024-11-28,
10134,9799,2819,2025-05-26,,
10305,6035,4786,2024-07-18,,
10319,6725,2282,2025-11-01,,
10353,934,1479,2024-12-27,,
10372,7735,3890,2024-03-08,,
10702,830,198,2025-11-13,,2025-12-08
10825,1837,2898,2024-08-25,,
11123,8897,2667,2024-10-27,,
11458,9713,833,2024-03-29,2024-07-10,
11618,4741,4988,2024-04-30,2024-09-05,
11889,6144,731,2024-04-17,,
12251,6123,2111,2025-05-14,,
12430,6986,3898,2025-05-22,2025-09-16,
12721,6383,493,2025-03-09,,
12807,5467,3767,2024-10-04,2024-11-26,
12865,6678,4918,2024-02-07,2024-03-03,
12905,2776,521,2024-11-12,,
13221,3469,2688,2025-11-02,,
13725,3915,3804,2024-07-07,,2024-10-10
13752,1220,3773,2025-08-22,,
13874,8022,201,2024-04-17,2024-09-18,
14080,5549,2343,2025-10-04,,
14331,594,1777,2024-02-08,,2024-10-27
14556,8518,3692,2024-01-02,2024-06-09,
14802,1753,3069,2024-12-03,,
15505,8347,4953,2025-12-07,,
15548,9879,3768,2025-07-29,2025-08-05,
15668,9432,617,2025-08-08,,
16047,9421,2715,2025-12-04,,
16298,3699,1190,2025-12-10,,2025-12-14
16462,5662,4602,2025-06-09,,
16512,4762,3517,2025-10-04,,
16517,2299,4294,2024-05-06,,2024-09-18
16637,8572,1032,2025-01-10,,2025-03-24
16678,3643,217,2024-03-26,,
17031,612,4285,2024-02-16,,
17109,1305,4825,2024-06-10,,
17163,9342,671,2025-12-09,,
17360,2736,1575,2025-05-12,2025-10-13,
17468,6207,1373,2024-09-01,,
17611,8856,2885,2024-09-16,,
17709,3235,842,2024-07-17,2024-12-05,
17806,2822,4135,2024-02-18,,
17861,8742,107,2024-11-06,2025-04-17,
18098,4366,580,2025-06-04,2025-09-18,
18292,1370,395,2025-08-18,,
18577,6211,2308,2025-09-18,2025-10-17,
18619,4045,4918,2025-10-26,2025-11-20,
18767,2442,3047,2024-10-04,,
18895,2300,304,2025-04-21,,
18961,5662,389,2025-05-04,,
19002,3170,2077,2024-03-05,,2024-03-26
19196,6972,1511,2024-07-17,,2025-04-26
19472,1201,2241,2025-02-16,,2025-07-20
19700,4115,3920,2025-12-10,,
19849,3625,463,2025-03-09,2025-08-31,
19919,6155,3949,2025-09-25,,
188,9891,3643,2024-12-17,2025-03-20,
203,61,2473,2025-06-13,2025-07-05,
454,6783,3045,2025-09-05,2025-12-04,
551,3259,3858,2025-09-18,2025-12-21,
576,2193,568,2024-10-08,2024-12-23,
781,7387,3919,2025-02-08,2025-02-23,
1282,6016,4597,2025-02-02,2025-04-06,
1425,1457,4862,2025-09-23,,
1907,9753,1678,2024-01-27,,
2045,8696,2166,2025-11-30,,
2084,3391,130,2025-02-27,2025-07-17,
2152,1690,3860,2025-12-10,2025-12-25,
2238,9415,1308,2025-06-24,,
2898,6823,1672,2024-07-29,,2024-10-06
2951,1864,3819,2025-02-24,,
2952,3422,3446,2024-05-30,,
2980,5959,4853,2025-04-14,,
3119,2430,2378,2025-03-25,,
3556,6764,3608,2025-10-21,,
3576,3647,153,2024-06-14,2024-12-05,
3581,4237,4524,2025-03-02,,
3838,1254,4540,2025-07-19,,
4163,8902,2416,2024-12-17,,2025-08-31
4418,4883,326,2024-03-08,2024-08-02,
4581,4580,4869,2024-11-20,,
4653,2507,4159,2025-09-23,,
4660,5033,512,2024-05-04,,
4807,9517,2887,2025-11-25,,
4828,9122,3948,2024-03-06,,
5024,9651,2964,2024-04-23,,2024-07-17
5353,5030,3930,2025-10-08,,
5372,7920,1406,2024-10-27,,2025-10-19
5463,7767,2655,2025-05-29,,2025-10-06
5946,2388,3768,2024-05-11,,2024-09-23
6055,6675,1672,2025-09-17,,
6095,363,434,2024-08-09,,
6194,7599,3600,2025-03-19,,
6501,5680,4016,2025-12-21,,
6857,69,1424,2024-07-22,,
7139,7832,3953,2024-03-15,2024-03-24,
7250,332,4078,2025-04-19,,2025-07-27
7308,9407,2198,2025-03-25,2025-05-30,
7465,5867,422,2024-09-25,,
7852,3484,2667,2024-04-15,,
7923,8353,1886,2024-04-29,,
8388,3057,2823,2025-09-28,,
8607,5627,1107,2025-04-16,2025-04-29,
8659,3866,2538,2024-11-28,,2025-11-12
8680,2273,3377,2025-11-13,,
8793,5817,3079,2024-01-31,,2024-08-12
8808,782,2100,2025-03-16,,
8881,8814,3972,2025-12-05,2025-12-17,
8958,1370,635,2025-08-30,,
9379,5749,529,2025-05-10,,
9460,7851,3444,2025-01-07,,
10245,6048,3279,2024-01-17,,
10387,6717,4082,2024-12-30,,
10753,7617,3197,2025-11-23,,
10793,4187,729,2024-06-24,,
11137,8839,1878,2025-05-06,,
11146,7333,3129,2025-09-22,,
11204,484,3522,2025-10-22,,2025-11-08
11643,2750,4731,2024-07-05,,
11861,8827,4457,2024-03-20,,
11988,556,1057,2024-09-09,,
12548,231,2008,2025-04-17,,2025-06-05
12624,3889,3695,2025-06-19,,
12716,7831,1781,2024-08-23,,
13058,1210,83,2024-12-28,2025-02-19,
13094,3923,4230,2025-10-13,2025-12-15,
13308,975,2281,2025-09-17,,
13319,6455,4780,2025-05-16,,
13327,3952,4965,2024-10-29,2025-02-08,
13376,1512,161,2025-04-11,,
13469,6866,4942,2025-04-03,2025-06-27,
13652,7511,2900,2024-06-07,2024-08-15,
13717,7679,2979,2025-10-08,2025-11-12,
14069,5314,1792,2025-02-27,,
14289,1808,935,2025-06-01,2025-08-21,
14775,7468,1353,2024-09-16,,
15400,2952,2492,2025-10-31,2025-11-07,
15748,2555,3921,2025-06-14,,2025-09-09
16048,3033,3820,2024-05-11,,
16239,4843,3837,2025-10-12,,
16426,9409,65,2024-09-23,,
16648,9834,1419,2025-05-05,2025-07-20,
16935,4208,2849,2024-08-28,2025-01-26,
17013,9679,4415,2025-06-17,,
17208,3875,4601,2025-11-18,,2025-11-20
17624,9193,2554,2025-02-18,2025-06-19,
18188,8789,3391,2025-07-16,,
18233,6042,4224,2024-08-05,2025-01-27,
18282,69,1512,2025-04-10,,
18561,3037,4644,2024-05-13,,
18718,9679,4247,2024-08-06,2025-01-21,
18832,66,821,2025-08-31,,
18889,982,961,2025-02-11,,2025-05-22
18909,221,4913,2025-05-23,,2025-08-12
18925,1094,1614,2023-12-30,2024-05-28,
19147,3710,4263,2025-07-13,2025-07-31,
19223,9290,4800,2024-10-29,,
19253,5388,1425,2025-12-11,,
19277,3059,4818,2024-07-21,,
19290,1400,1434,2025-02-14,,
19617,7925,4314,2025-11-03,2025-12-01,
47,3210,870,2025-07-06,2025-12-22,
404,2956,547,2024-09-04,2025-01-17,
448,497,3088,2024-06-09,,2025-02-12
472,3366,3488,2024-09-23,,
497,994,3338,2024-04-01,,2024-10-04
817,3781,4347,2024-10-21,,
1103,173,2080,2024-06-06,,
1222,3784,1727,2025-09-10,,
1583,9690,1263,2024-12-28,,
2116,1062,2316,2024-10-08,2024-11-21,
2368,3916,1574,2024-08-15,2025-02-10,
2576,6261,1655,2024-11-25,,2025-07-04
2938,3326,1801,2024-03-20,,
3345,216,467,2024-06-10,2024-07-11,
3441,960,3526,2025-02-21,,
3816,4385,2316,2025-11-23,2025-12-04,
3956,767,1509,2025-08-05,,
4218,3062,1649,2025-09-13,2025-10-28,
4585,8364,1805,2025-03-20,2025-05-17,
4924,921,2326,2024-03-26,2024-05-09,
5248,3134,876,2025-11-02,,2025-11-11
5338,8879,236,2025-04-25,,
5701,2189,1101,2024-02-10,2024-03-11,
6631,9883,3070,2025-12-24,,
6714,5037,754,2025-11-03,2025-11-27,
6899,2365,3910,2024-08-24,2024-11-07,
7223,2330,2541,2024-03-10,,
7310,9526,1040,2025-04-14,,2025-06-06
7910,1519,1818,2025-10-30,,
8317,1131,4348,2025-06-02,,
8693,9594,3449,2025-03-31,2025-07-13,
8774,5161,1056,2025-04-20,,
8869,5519,4924,2025-10-23,,
8936,3288,2963,2025-03-15,,
8964,7386,418,2025-11-22,,
9014,4137,251,2025-06-25,2025-08-02,
9077,3402,130,2025-04-20,,
9080,1997,2650,2024-10-13,,
9132,4456,3149,2025-04-19,,
9202,5143,1611,2025-03-18,2025-05-10,
9940,6938,4970,2023-12-29,,
10027,9554,3118,2025-02-02,2025-04-27,
10233,6402,4239,2025-11-12,,2025-12-18
10284,6257,3064,2025-05-08,2025-08-15,
10364,3430,3916,2024-01-11,,
10500,9768,185,2025-12-19,2025-12-25,
10755,9144,3291,2024-10-27,2024-12-23,
10904,6024,2050,2025-04-09,,
11033,4515,2698,2025-12-06,2025-12-23,
11266,227,234,2025-04-18,,
11393,1431,3999,2025-12-23,,
11561,607,3399,2025-09-25,,
11656,5219,712,2024-02-10,,
11674,9145,4152,2024-03-25,2024-08-19,
11750,8883,4582,2024-04-16,,2024-11-22
12400,4654,4301,2025-02-07,,
12435,4010,4869,2024-06-06,,2025-01-18
12454,1103,4001,2024-08-07,,
12519,1460,3801,2025-01-01,,
12521,1380,3624,2024-01-20,,2024-09-06
12926,5654,3821,2024-12-24,2025-06-13,
13610,3941,4462,2024-09-14,2024-09-23,
14382,964,1024,2024-09-22,,
14425,8607,1727,2024-05-19,,
14499,5998,3330,2025-12-20,,
14618,1470,3705,2025-10-15,,
14655,5248,2068,2025-11-28,,2025-12-07
14725,9860,2327,2025-01-24,,
14900,2554,3602,2025-07-12,2025-12-11,
14963,148,898,2025-07-12,,2025-11-19
15778,2829,3904,2024-10-30,,
16111,2793,1851,2024-12-06,,
16170,5169,1812,2024-08-31,,
16175,5884,835,2025-06-03,2025-07-27,
16187,7187,436,2025-08-07,,
16200,2980,3094,2024-08-24,2025-01-29,
16613,8448,4903,2025-11-20,,
16706,6953,218,2025-09-15,2025-11-01,
16729,1217,2772,2024-05-10,,
16795,8054,2989,2025-01-30,,2025-04-04
16816,829,3362,2025-03-20,2025-08-10,
16881,1293,1019,2025-09-30,2025-12-01,
16926,6303,4601,2025-04-11,,
17008,7559,4883,2025-12-18,2025-12-25,
17725,9277,3156,2024-09-11,,
18725,2377,4995,2025-04-24,,
18748,3709,3004,2024-02-29,,2024-11-16
19266,7001,421,2025-10-11,,
19501,4124,3153,2024-11-02,,
19540,8562,3165,2025-08-29,,
19590,9362,1405,2025-07-26,2025-11-26,
34,6858,3338,2025-06-16,,
122,5959,187,2024-01-20,,
157,5868,271,2024-04-19,,
309,7922,3533,2024-03-06,,
619,4123,1572,2025-07-03,,2025-08-07
655,4333,76,2025-12-15,,2025-12-19
1009,3202,3004,2025-05-25,2025-07-24,
1073,6677,1008,2025-08-22,,2025-11-09
1194,1788,4921,2025-10-04,,2025-11-19
1556,1534,1893,2024-11-12,,2025-01-20
2091,4196,1942,2025-08-20,,
2538,9363,1443,2024-07-20,,2025-01-15
2903,5014,3350,2025-07-03,,
3022,6452,1655,2025-09-10,,
3040,7274,521,2025-03-24,,
3148,8547,276,2025-07-11,,
3338,5848,4030,2024-12-29,2025-02-13,
3553,4130,4943,2024-10-29,,
3685,3066,1523,2025-08-23,,
3893,1243,827,2025-05-28,,
3942,8040,370,2024-08-19,,
4307,6682,601,2025-10-24,,
4423,5143,77,2025-04-26,,
5046,5527,4950,2025-03-08,,
6020,6813,3438,2024-01-03,,
6299,8566,2992,2024-02-11,,2024-08-07
6337,9851,4354,2024-03-21,,
6535,4428,4295,2024-05-20,,
6863,3781,120,2025-01-25,,
6978,1701,4767,2025-05-08,,
7102,5544,3691,2025-07-03,,
7476,543,2728,2025-10-10,2025-12-23,
7486,4995,1130,2024-08-08,2024-11-03,
7497,9768,2171,2024-06-22,,
7533,5973,4386,2025-09-08,,
7542,2292,3333,2024-08-09,2024-10-08,
7819,5913,1140,2025-06-13,2025-07-20,
8014,659,4812,2024-09-05,,
8031,5017,1119,2025-01-04,,
8094,2089,1685,2025-11-07,,
8120,1999,3940,2024-01-13,,
8157,7223,2972,2024-07-06,,
8171,9372,4972,2025-10-02,2025-11-17,
8222,4851,1851,2025-02-26,,
8238,7908,4543,2024-11-30,,2025-02-07
8430,2595,1330,2025-08-23,,
8450,2574,3305,2024-10-17,,
8570,5224,1506,2025-04-29,,
8590,6062,3360,2024-08-24,2025-02-08,
8652,3567,2611,2024-12-02,2025-05-17,
8657,2471,1903,2024-02-09,,2024-03-10
9027,6468,440,2025-06-13,,
9050,4070,295,2024-06-15,,2025-01-25
9081,3067,4298,2024-10-14,,
9268,6323,4880,2024-07-18,,
9283,2657,1826,2024-09-29,,
9317,3671,1822,2025-10-15,,
9421,2193,4557,2024-02-26,,
9549,6566,789,2025-06-24,,
9559,707,1665,2025-06-03,,
9730,8946,4397,2025-03-08,,
9880,7013,4232,2024-12-27,,
9922,4268,2283,2025-10-28,,
10180,1664,1743,2024-01-31,,
10532,7757,4523,2024-11-30,,
10609,6986,4519,2024-06-28,,2025-06-05
11039,7566,1830,2025-03-12,,
11242,9827,2548,2024-07-29,,
11245,5839,2634,2024-03-04,,2024-09-18
11276,4335,1493,2024-12-03,,
11310,7441,1446,2025-09-08,,
11381,2966,891,2024-05-10,,
11432,6030,2718,2024-08-12,,
11558,3242,4080,2025-08-18,,
11848,1416,4617,2025-06-26,,
12007,3326,2944,2024-10-23,,
12691,8850,2750,2024-09-18,,
12970,2547,4101,2024-10-16,,
13083,1366,3420,2025-02-05,,
13131,8671,2540,2025-12-08,,
13189,2118,3967,2024-02-19,,2024-07-23
13539,4967,2957,2024-07-29,,
13544,273,3326,2025-07-16,,
14302,9748,3806,2025-05-28,,
14635,5989,4878,2024-08-28,,
14779,9510,4463,2024-05-19,,
14892,4491,492,2025-10-08,,
15344,565,827,2025-08-07,,2025-08-31
15425,1811,383,2025-07-14,,
15574,8432,162,2024-07-25,,
15789,9015,1392,2025-04-14,2025-10-06,
15897,3906,210,2024-02-24,,
15939,589,708,2025-12-22,,
16475,6390,4684,2025-04-14,,
16515,1541,1377,2025-10-22,2025-11-23,
16576,38,2538,2024-12-17,,
16809,3753,3413,2024-07-11,,
17247,9353,552,2025-04-12,,2025-10-20
17657,1912,536,2025-10-04,2025-11-19,
17922,2483,4455,2024-01-11,,
18302,4943,4810,2025-07-22,,
18370,6000,4537,2025-05-03,,
18655,4283,2286,2025-07-13,,
18898,6577,2958,2025-08-20,,
19505,9210,4652,2025-12-15,,
509,9680,3002,2025-03-17,,
585,2380,2483,2025-06-10,,
918,7171,3774,2025-11-12,,
940,7434,2866,2025-09-25,2025-12-15,
1183,1919,2821,2024-10-15,,
1187,4899,1417,2024-06-07,,
1489,1284,289,2025-04-04,2025-07-29,
1656,5917,781,2024-08-14,,
1735,2994,1256,2024-09-30,,2025-09-30
1744,3210,3373,2025-05-27,,
1882,319,2411,2024-04-26,,
1888,8025,4000,2025-04-03,,
2150,6833,1713,2024-02-19,,2024-05-15
2226,3710,1081,2025-07-22,,2025-08-06
2603,1090,1821,2025-06-24,,
2974,3750,1503,2024-11-08,2025-01-24,
3176,2113,1431,2025-11-05,2025-12-14,
3361,4846,2434,2024-09-22,,
3551,4910,2295,2024-05-13,,
3614,4194,2451,2024-08-14,,
3749,9751,4149,2024-07-02,,
3857,9444,998,2025-05-14,,
3872,1200,788,2025-10-19,,
4372,7572,1342,2024-10-25,,
4478,3131,2106,2025-05-27,,2025-06-12
4698,9756,678,2024-06-03,,
4794,5341,4666,2025-05-13,,2025-10-28
4915,6725,4338,2024-06-18,,
4921,8719,4746,2024-02-17,,
5383,6052,4298,2025-05-15,,
5833,920,4007,2024-08-06,,
5930,6918,2318,2024-04-04,,2024-08-09
6101,1913,72,2024-11-28,2025-04-24,
6285,9747,4979,2025-11-01,,2025-12-02
6331,3560,3513,2025-03-10,,2025-05-03
6935,4444,1695,2025-02-14,,
7069,1332,4742,2025-03-26,2025-04-05,
7093,4924,4833,2025-06-02,,
7155,1237,1336,2024-08-02,2024-10-02,
7369,1619,1637,2024-09-18,,
7593,9296,1015,2024-09-05,2024-10-24,
7743,5431,2245,2025-11-21,,
7965,2646,520,2024-05-03,,2024-06-10
8004,1336,821,2024-05-09,,
8136,1389,20,2024-04-04,,2024-11-13
8440,4337,134,2025-11-01,,
8565,2199,4325,2025-04-19,,
8638,9128,2737,2025-04-15,2025-06-20,
8937,9822,3790,2024-06-08,2024-10-20,
9546,2530,3256,2024-08-29,,
9799,6203,322,2024-12-03,2025-03-10,
10169,2560,1519,2024-05-12,,
10226,5609,4514,2024-07-20,,
10267,2520,3617,2024-02-28,2024-07-27,
10529,1168,3906,2024-10-18,,
10561,6308,3903,2024-10-10,,
10723,8656,930,2024-07-08,,2025-02-06
10915,3136,1930,2024-01-15,,2024-11-12
10979,670,2800,2024-08-14,,
11091,2288,3855,2025-05-03,,2025-06-20
11099,4197,2354,2024-03-28,2024-09-18,
11289,1564,942,2024-10-03,,
11315,9247,1400,2024-04-30,,
11594,6193,3860,2025-09-24,2025-11-18,
11679,9180,2700,2025-02-06,2025-05-11,
11850,5055,2757,2025-03-13,,2025-08-16
12006,9123,2400,2025-06-15,,2025-09-20
12013,5580,3480,2025-07-23,,2025-11-30
12205,5141,4053,2024-01-23,,
12568,7817,4997,2024-05-20,,
12830,8012,3225,2025-07-18,,2025-10-04
13078,9533,1379,2024-08-04,,2024-11-25
13087,9011,4905,2024-04-15,,
13303,4926,4688,2025-01-08,,
13350,3602,889,2025-11-09,,
13541,9793,4509,2025-01-23,,
13606,2242,530,2023-12-30,,
13979,4505,4917,2024-07-17,,
14398,1937,1380,2025-12-05,2025-12-19,
14608,5508,3346,2025-11-03,2025-12-10,
14681,8719,1787,2025-04-14,,2025-12-19
14717,5793,3797,2025-05-19,,
15346,6080,1801,2025-03-17,,
15375,6388,2337,2025-10-15,,
15378,3970,856,2025-05-11,,
15765,6517,1291,2025-07-26,,
15832,5575,1905,2025-03-14,,
15864,9778,1355,2024-03-10,,
16464,3645,2363,2024-01-25,,
16842,2787,405,2025-06-15,,
17085,7365,4572,2025-11-15,,
17407,6935,3825,2025-07-28,2025-11-27,
17519,8503,3193,2024-06-07,2024-06-25,
17626,3773,2491,2025-04-04,2025-06-10,
17676,7834,1870,2025-09-29,,
17954,5846,2908,2025-01-31,,
18077,6915,100,2024-12-10,,
18088,7971,3582,2025-01-22,,
18465,1858,896,2024-05-27,2024-11-17,
18599,2911,489,2025-11-13,,
18706,998,3569,2024-08-01,,2024-11-25
19131,3237,4344,2025-07-27,,
19258,3562,1988,2024-06-25,,
19779,8235,1816,2025-01-08,,2025-05-25
19874,6363,75,2025-01-20,,2025-08-16
141,5971,3562,2024-12-07,,
228,8354,1728,2024-11-14,,
277,7786,4259,2025-12-22,,
609,9934,2832,2024-12-25,2025-04-06,
614,1963,42,2025-06-06,,
682,6469,3805,2025-12-07,,
1162,8592,1962,2025-06-15,,
1736,2203,2687,2025-06-28,,
2077,6794,195,2025-06-25,,
2429,5537,2402,2025-11-11,,2025-11-21
2566,3635,2816,2025-07-31,2025-08-14,
2997,6975,336,2024-06-01,,
3091,1368,2196,2024-01-04,,
3102,3316,1991,2024-06-30,,2025-03-03
3246,6473,1356,2025-10-31,,
3347,6172,407,2024-03-16,,
3414,3054,4976,2025-07-03,,
3503,4025,4550,2024-11-21,,
3756,4200,3414,2024-03-30,,
3814,1465,3767,2025-06-24,,
3909,1630,1361,2024-11-17,,
4075,7654,1010,2025-03-20,,
4111,2855,2930,2025-07-04,,
4228,3455,478,2024-05-23,,
4273,300,2850,2025-01-05,,
4729,7211,122,2025-06-06,,
4751,2082,2834,2025-12-07,2025-12-23,
5449,2980,3120,2025-01-16,2025-05-15,
5539,3574,3336,2025-07-08,2025-07-19,
5851,1219,954,2025-11-04,,
6116,5577,4263,2025-12-01,,
6161,1528,3890,2024-01-12,,2025-01-03
6549,8497,3768,2024-12-12,,
6633,9417,4088,2024-11-28,,
6996,3868,448,2025-06-21,,
7077,8775,2617,2025-03-16,,
7493,646,870,2024-02-18,,
7676,9125,3777,2024-09-19,,
8102,5179,1314,2024-08-16,,
8153,629,2824,2025-01-23,,2025-03-16
8609,1296,1027,2024-08-11,,
8743,4697,4104,2025-12-17,,
8927,1107,3270,2025-05-25,2025-09-25,
8952,4008,3196,2025-03-18,2025-05-13,
9441,740,4603,2025-08-05,,
9779,9240,414,2024-05-11,,
9939,9109,899,2024-10-15,,2025-09-14
10051,5198,1553,2025-07-01,2025-07-10,
10061,7350,4156,2024-11-08,,
10589,1618,4208,2024-06-02,,2024-12-26
10650,2854,3542,2025-10-12,,
10670,5117,1361,2024-10-23,,
10781,371,2285,2025-05-22,,
10834,8419,4068,2024-12-26,,
10935,7967,2920,2024-07-02,,
11331,8962,3676,2024-01-13,,2025-01-02
11440,7087,63,2025-05-22,,
11957,2923,3849,2025-12-19,,
12164,8212,219,2025-05-07,2025-10-01,
12249,4910,4429,2024-04-02,,
12501,7722,971,2025-06-25,,
12562,2756,387,2025-03-20,,
12937,8550,2585,2025-07-09,,
13255,4665,660,2025-02-21,2025-07-31,
13571,4647,303,2024-07-03,2024-12-24,
13797,9079,212,2025-08-06,,
14023,1729,3156,2024-03-09,,2024-05-11
14206,3319,2271,2024-06-21,,
14225,5958,3297,2025-04-29,2025-08-11,
14284,5496,829,2025-08-24,,
14582,8332,3941,2024-02-14,,
14867,3980,3289,2024-12-31,,
14920,8084,427,2024-12-02,,
15073,9207,2826,2025-08-19,,
15266,9235,3320,2025-11-04,,
15321,4241,2457,2023-12-26,2024-04-13,
15519,1065,1301,2024-07-14,2024-09-16,
15550,5728,1966,2025-08-09,,
16341,3315,3925,2025-07-07,,
16513,8060,4655,2025-07-06,2025-12-12,
16594,7979,4381,2024-02-19,,2024-02-29
16602,6740,2041,2025-10-23,,
16864,4808,4966,2025-06-28,,
17033,7489,1602,2025-05-28,,
17132,1688,4674,2024-11-21,,
17668,241,2915,2024-03-08,,
17686,3871,2228,2025-01-17,,
17959,1676,548,2024-04-03,,
18009,1959,428,2025-06-15,,
18260,3740,3089,2025-08-22,,2025-10-21
18280,9276,2675,2025-06-30,,
19454,3901,3020,2025-12-01,,
19900,4136,4424,2025-12-08,,
40,1655,3124,2024-12-05,2025-05-21,
229,379,3661,2024-03-29,,
349,9261,1837,2025-04-18,,
540,9891,2901,2025-05-14,2025-05-27,
593,8667,4313,2024-08-22,,2025-01-20
793,701,556,2025-07-31,,2025-12-12
866,2506,3788,2025-01-30,,
890,9700,3712,2025-08-31,,
919,4373,3217,2024-05-10,,
999,8913,3134,2025-11-01,,
1080,2690,494,2024-07-03,,
1154,9886,2205,2024-04-22,,2024-08-14
1410,1180,985,2025-12-07,,
1628,5681,1580,2024-08-21,,
1699,3473,1668,2024-01-14,,
1883,7392,3109,2024-07-18,,
2125,1738,1331,2024-12-04,,
2185,9011,701,2025-01-10,,
2314,5624,2847,2024-03-02,,
2386,9919,388,2025-03-27,,
2805,3385,2555,2024-08-25,2024-10-10,
2961,5190,979,2025-06-14,,
3181,3175,2173,2025-03-16,2025-07-06,
3227,7018,128,2025-09-19,,
3257,745,995,2025-09-04,,
3362,5578,2293,2025-08-12,,
3406,2887,1457,2025-11-28,,
3908,1554,317,2025-06-28,2025-12-22,
4108,984,3065,2024-10-07,2025-03-30,
4196,5549,3182,2025-12-20,2025-12-25,
4261,8076,3596,2024-06-22,,
4359,6632,4798,2024-04-16,,
4608,7097,94,2025-11-24,2025-12-15,
4648,9273,4837,2025-10-23,,
4677,7029,4998,2024-06-16,,
4814,6659,1799,2025-08-24,,
5202,6616,2652,2025-07-05,,
5222,6615,3957,2024-12-23,,
5317,4559,674,2025-03-03,,2025-05-11
5492,229,3725,2024-09-03,2025-01-04,
5693,7421,1122,2025-08-10,,
5998,5273,3261,2025-10-07,,
6067,9825,3088,2024-04-21,,
6220,8696,3132,2024-09-01,2024-09-30,
6740,7808,1260,2024-06-23,,
6903,8054,217,2025-06-10,,
6947,5650,3452,2025-07-13,,2025-09-16
6997,4678,3468,2025-03-12,,
7118,6992,1060,2024-06-29,,
7591,6354,1038,2024-04-06,,
7613,1801,1465,2025-06-15,,
7685,8702,4313,2025-07-25,,
7724,3747,3527,2024-05-26,,2024-08-06
8181,5672,2955,2025-03-28,,
9135,9230,1779,2024-12-25,2025-01-25,
9273,9715,2353,2024-10-05,,
9455,347,1496,2025-04-02,,
9640,5855,2263,2025-11-28,,2025-12-19
9683,6235,1845,2025-03-08,,
9759,3341,1361,2024-11-13,2025-03-12,
10246,7518,2601,2024-09-08,,
10317,615,1417,2024-11-30,2024-12-07,
10343,6516,2845,2024-12-09,,2025-03-12
10527,6215,2222,2024-03-22,2024-07-29,
10921,8012,3189,2025-05-17,,
10923,5213,1841,2024-04-24,,
10982,3020,2646,2025-11-27,2025-12-13,
11373,3650,1845,2025-09-22,,2025-11-14
11435,8201,3738,2024-09-19,,2025-04-08
11587,1406,1179,2024-11-30,2025-05-24,
11777,9173,4076,2024-08-25,,
11962,8590,1618,2025-09-05,,
12345,4050,320,2024-08-24,,
12361,9158,1098,2024-08-03,,2024-10-25
12572,796,934,2025-05-01,,2025-11-03
12668,6234,2298,2024-10-29,,
13041,3083,1376,2024-10-26,,
13232,6730,476,2025-12-19,,
13282,8754,1010,2024-04-16,,2024-08-10
13421,4555,4729,2025-03-13,2025-03-22,
13535,5880,2615,2024-09-07,,
13655,2600,4132,2024-04-28,,
13816,7865,4443,2025-07-16,,
14456,7879,175,2024-09-14,,
14511,6909,760,2025-11-19,,
14534,7935,3285,2025-11-14,,
14889,2926,2877,2024-02-25,2024-04-16,
15024,8994,1776,2025-10-21,,
15095,7329,3407,2024-12-30,,
15191,9626,1444,2025-08-23,2025-10-11,
15283,9275,2630,2025-07-11,,
15626,5074,968,2025-09-04,2025-10-08,
15740,3005,135,2025-11-19,,
15956,8394,1200,2024-08-15,,2025-01-18
15994,2135,1905,2024-04-03,,2024-07-19
16003,6010,1660,2024-03-26,,
16756,8762,2847,2024-01-22,,
16859,8740,2598,2025-03-13,,
16938,9204,787,2024-04-27,,
17022,1825,3488,2025-01-25,,2025-05-09
17092,8724,648,2024-06-02,,2024-12-22
17118,4433,1433,2025-10-25,,
17526,5405,2145,2025-08-13,,2025-09-01
17946,9294,4486,2024-01-27,,
17977,2617,3593,2025-11-10,,
18180,6867,918,2024-11-13,,
18415,3993,1057,2025-02-10,,2025-06-18
19305,7737,1523,2024-07-13,2024-09-28,
19474,5093,1142,2024-08-22,2025-01-16,
19621,3372,60,2025-10-22,,
19720,6607,2112,2025-12-13,2025-12-21,
19857,8022,2136,2025-10-17,,
19901,9885,4871,2025-07-31,,
39,5116,1046,2025-07-11,,
60,2504,3971,2024-03-07,2024-04-10,
90,4524,2946,2025-01-12,,
286,7585,4613,2024-09-10,,
420,8018,4824,2025-08-11,,
531,8851,952,2025-05-29,2025-10-10,
579,3186,4740,2024-09-16,,
653,3261,1792,2024-09-16,2024-10-24,
681,9119,2380,2024-01-02,2024-02-17,
834,7237,2370,2024-11-22,,2025-01-13
1412,6782,1732,2025-03-15,,
1786,2645,2847,2024-11-04,2025-03-21,
1995,1234,2219,2024-01-02,,
2059,1401,2042,2024-05-15,,
2267,6229,332,2025-11-06,2025-12-02,
2327,8733,3972,2025-05-30,,
2354,6351,982,2024-05-14,2024-06-03,
2372,9506,878,2025-12-11,,2025-12-17
2621,569,3282,2025-02-10,2025-04-10,
2919,7795,20,2024-03-16,,
2999,3274,4445,2025-06-24,,
3179,7694,1285,2024-01-15,,
3187,1573,869,2024-01-15,,
3450,299,4834,2025-12-06,,
3591,6831,2906,2024-12-02,,
3640,4065,1299,2024-03-30,,
5034,6830,2146,2025-02-03,,
5228,3508,4832,2024-01-21,,2024-04-15
5665,903,3425,2024-12-03,,
5715,2784,2492,2024-09-18,,
6096,2003,2603,2025-04-14,,
6855,6088,4698,2024-06-27,,
6861,5131,2762,2025-09-24,,
6948,1480,4637,2025-01-18,,
7091,1032,3727,2024-02-22,,
7329,4375,2461,2025-04-08,,
7511,7870,404,2025-09-16,,2025-11-10
7513,2659,370,2024-08-30,,
7547,7941,2492,2025-07-23,,2025-09-01
7759,5709,890,2024-03-22,,
8270,4253,4778,2024-03-28,,
8646,3727,147,2025-08-19,,
9398,6418,597,2025-10-13,,
9641,4393,1715,2025-07-11,,
10255,5677,3758,2024-12-17,,
10304,1986,4500,2025-10-27,,
10323,6138,295,2024-09-19,,
10978,5247,592,2025-06-16,,
11162,2716,337,2025-07-18,,2025-07-20
11542,4110,3449,2024-01-15,,
11726,6983,2226,2024-09-19,,
11934,6080,3712,2024-09-25,,
12323,1795,314,2025-01-10,,
12440,9318,2116,2024-06-08,,
12488,9983,1176,2024-07-23,,
12586,6707,2494,2024-05-29,,
12899,3228,3055,2025-11-11,,
13390,3287,2821,2024-01-31,,
13447,4778,2045,2025-11-29,,2025-12-06
13745,7055,4388,2025-12-10,,
13888,1971,1617,2024-04-15,,2024-12-01
14022,7809,3214,2024-02-01,,2024-05-20
14035,8533,4752,2025-08-29,,
14361,2657,578,2025-07-15,2025-10-04,
14469,8579,3718,2025-02-21,,
14545,3404,1709,2024-12-08,,2025-01-09
14633,7337,4342,2024-04-02,,2024-06-22
15432,3270,3777,2025-03-18,,
15605,5240,175,2024-11-09,,2025-08-13
15726,6000,1606,2025-06-14,,
16230,814,4737,2025-06-27,,
16539,2140,3405,2024-04-03,,
16606,5781,386,2025-11-13,,
16712,7196,4246,2024-05-06,,2025-02-23
16758,5911,1103,2024-05-29,,
17117,8371,4069,2025-04-10,,
17671,644,4872,2025-11-18,2025-11-28,
17820,7600,2960,2025-12-22,2025-12-25,
17829,5070,2828,2024-12-14,,
18337,4327,4270,2025-06-27,,
18358,8243,4778,2024-06-29,,2024-07-30
18474,2176,2186,2025-11-30,,
18699,240,2813,2024-12-10,,
18854,7842,3541,2024-07-18,,
19250,5463,4328,2025-11-03,,
19575,3170,4373,2024-06-01,,
19625,4752,4752,2025-11-30,,
19731,3789,2990,2025-02-21,2025-05-05,
19749,6285,649,2024-08-29,,
19793,670,569,2025-10-21,2025-12-05,
19924,8053,3843,2025-02-11,,2025-06-06
19995,4987,1564,2025-09-04,,
63,5006,703,2024-08-25,,
274,1528,2380,2024-11-05,,
346,4889,460,2024-03-16,,2024-05-25
442,8322,2662,2025-02-12,,
507,1819,4705,2025-02-11,,
956,2440,3682,2024-04-10,,
1354,1599,2381,2024-02-16,,
1448,3189,24,2025-04-27,2025-05-31,
1523,5237,4085,2024-09-09,2025-02-18,
1873,5702,4763,2024-07-21,2024-12-26,
1950,4704,4915,2024-01-05,2024-02-01,
2273,5770,2204,2025-05-30,2025-06-10,
2549,1781,892,2024-12-25,2025-04-08,
2648,1231,3150,2024-09-06,,
2677,2118,2603,2024-01-25,,
2834,1891,3858,2024-02-15,,
3093,9523,1081,2025-02-11,,
3168,5269,3261,2024-03-09,,
3761,324,1336,2025-07-27,,
3767,8702,3257,2024-11-13,,
3801,4200,1090,2024-09-13,,
4063,8508,4616,2024-08-03,,
4121,7034,4346,2024-08-13,2024-09-25,
5139,2469,4593,2024-10-19,2024-10-26,
5326,7241,2798,2025-11-12,2025-12-11,
5581,9702,359,2025-06-03,2025-06-19,
5605,9190,2825,2025-07-17,,
6140,2469,871,2025-05-18,,
6479,3643,2974,2024-12-04,,
6972,5970,4871,2025-09-02,,2025-10-03
7256,6042,894,2025-10-27,2025-11-09,
7689,9335,2132,2025-06-01,,
7784,27,375,2024-01-15,,
7892,4340,4752,2025-10-22,,
8015,5318,3446,2025-04-10,,
8549,5963,3686,2025-05-06,,
8619,9474,3177,2025-12-22,,
8721,4501,4256,2024-05-11,,
8944,8877,3524,2025-11-08,,
9199,3204,3133,2025-12-16,,
9244,5669,3805,2024-10-08,,
9453,2357,3547,2025-01-26,,
9468,8532,741,2025-09-06,,
9592,6884,603,2025-05-22,2025-08-05,
9736,5431,556,2024-03-21,,
9825,5984,3499,2024-12-26,2025-02-12,
10373,7193,1241,2025-03-20,,2025-12-16
10703,9729,2739,2025-08-18,,
10732,1927,2819,2025-01-25,2025-03-17,
11462,7209,2695,2025-10-09,,
11680,2067,4910,2025-05-03,2025-07-16,
11725,3000,4691,2023-12-31,,
11982,3420,4780,2024-11-17,,
12043,2794,3018,2024-01-22,2024-06-19,
12689,6833,3067,2025-01-30,2025-07-13,
12931,6823,1589,2024-01-19,,2024-05-11
13095,7157,2732,2024-07-14,,
13153,424,3366,2024-01-20,,2024-08-12
13330,9404,859,2024-10-28,,2025-08-03
13393,3015,4974,2025-12-18,,2025-12-25
13767,566,4579,2024-12-18,2025-01-02,
13836,542,4228,2024-06-20,,
14418,4115,230,2025-11-05,,
14424,165,1014,2025-12-24,,
14438,4288,302,2025-06-24,,
14715,8935,1791,2025-05-24,,
14731,896,4066,2024-04-28,,
14813,2157,3976,2024-01-01,,
15128,4675,3099,2024-06-03,2024-10-21,
15133,5238,2615,2024-05-05,,
15146,6667,4740,2025-01-08,,
15652,6719,1140,2025-02-10,2025-06-25,
15749,4139,1451,2025-01-23,2025-04-24,
15808,1932,1224,2025-10-02,,
15902,495,79,2025-10-09,2025-11-02,
16060,9466,4109,2025-09-20,,
16407,6363,1945,2025-06-17,,
16665,3990,509,2025-10-26,,
17054,9473,3162,2024-10-22,,
17254,9630,4180,2024-09-29,,
17421,293,4799,2025-09-21,,
17462,2256,3755,2024-12-12,,
17505,2504,3317,2025-07-15,,2025-09-28
18519,4093,313,2025-08-19,2025-10-19,
18801,5711,1801,2024-05-24,2024-10-15,
19283,4474,2281,2025-02-27,,2025-07-02
19291,7900,3262,2025-06-06,,2025-11-21
19732,9693,1705,2025-02-26,,
37,9631,4553,2025-08-04,2025-10-14,
77,9952,2939,2024-10-17,,
335,9085,2599,2025-10-15,,
370,9463,3284,2025-05-10,2025-06-15,
408,9856,1346,2025-03-27,,
426,4364,3632,2024-02-29,,
616,360,4083,2025-02-17,,
1891,4370,4238,2024-10-23,,
1965,7324,1907,2025-09-20,2025-10-18,
1976,4090,3155,2024-12-16,,2025-01-14
2331,611,2812,2025-11-26,,
2420,508,2512,2025-11-02,,
3461,3384,3358,2025-11-23,,
4119,6975,1246,2024-07-12,2024-12-30,
4197,1265,4042,2025-11-25,,
4251,1467,989,2025-07-09,,
4406,7259,2477,2025-10-09,,
4639,5921,2278,2024-03-24,,
4847,7352,3908,2025-07-31,,
5008,3223,3798,2025-12-24,2025-12-25,
5063,6910,3482,2025-10-14,,
5116,5754,142,2024-12-21,,
5128,2665,194,2025-05-01,,
5165,861,3677,2025-12-15,2025-12-25,
5210,6465,3058,2025-03-12,,
5232,7124,330,2025-11-04,2025-12-21,
5362,9206,17,2024-06-05,2024-11-13,
5472,6522,63,2024-05-18,,
5659,4558,4470,2024-04-06,,
5689,6587,4604,2025-05-19,2025-07-25,
6385,1007,898,2024-02-20,,2024-03-28
6619,2031,999,2024-01-02,2024-05-01,
6651,548,3517,2025-06-15,,
6664,960,3190,2025-12-06,2025-12-25,
6838,920,3906,2024-02-05,,
6882,4341,799,2025-05-01,,
7035,2947,2773,2025-08-30,,
7119,5779,4181,2025-05-08,,2025-07-21
7200,4961,1758,2025-04-15,,
7366,2534,2952,2024-06-20,,
7433,7779,4553,2025-09-22,,
7505,7122,978,2025-11-11,2025-12-02,
7977,7471,2146,2024-06-18,,2025-06-01
8006,1842,2541,2025-09-08,2025-10-02,
9167,3453,1415,2025-06-15,,
9190,8459,4757,2024-12-07,2025-01-10,
9480,3996,680,2025-09-06,,
9488,2237,546,2024-04-03,2024-07-30,
9610,9904,4479,2024-06-12,,
10205,1896,3586,2025-11-29,,
10376,4377,3566,2025-08-28,2025-09-05,
10455,2449,2391,2024-10-07,,
10718,614,2187,2024-05-02,2024-07-17,
11066,3430,1832,2025-11-10,2025-12-12,
11141,6240,4306,2024-03-12,,
11477,199,1060,2024-02-06,,2024-05-30
11514,898,3425,2025-07-13,,
11562,6375,1449,2024-08-22,,
11581,1744,1609,2024-11-23,,
12005,8585,2786,2025-10-21,,
12135,8445,3937,2025-03-11,,
12383,8254,326,2025-10-07,,2025-11-24
12526,2184,276,2025-02-10,2025-05-18,
12604,2860,1092,2024-05-23,,
12828,5165,908,2024-07-10,2024-11-09,
13477,2267,4194,2025-02-15,,
13878,8379,4152,2025-04-27,2025-10-12,
14009,9820,320,2025-12-21,,
14193,1560,3452,2025-03-29,2025-06-12,
14470,5094,2264,2024-03-15,2024-08-11,
14617,7178,3453,2024-01-03,2024-06-27,
14877,8612,1254,2025-09-29,2025-12-07,
14904,3963,3222,2025-05-10,,
14909,7747,3395,2024-12-16,2024-12-26,
14938,202,2733,2025-10-14,,
15087,2113,1237,2025-11-09,,
15464,8714,1891,2025-04-07,,
15715,1552,38,2024-09-30,,
15821,5309,2090,2025-04-16,,
16084,4309,3103,2025-10-28,,2025-11-08
16402,8265,2156,2025-12-22,,2025-12-25
16836,396,224,2025-11-11,,
16950,2596,3309,2025-02-16,,
17157,8054,4274,2025-04-15,,2025-06-04
17481,5059,1509,2024-08-22,,
17493,4554,2967,2025-08-18,2025-12-10,
17502,8145,267,2025-10-13,,
18010,9796,3759,2024-05-18,,
18058,9674,3796,2025-11-23,,
18103,1019,3919,2025-01-11,,
18466,901,1780,2025-10-03,,2025-10-10
18572,1282,501,2025-06-22,2025-10-07,
18741,1388,1360,2024-07-17,2024-12-03,
18996,6140,4231,2025-03-16,,
19112,6853,640,2025-08-23,,
19117,8545,4559,2024-07-20,,
19234,6715,1806,2025-11-30,2025-12-20,
19295,6428,4046,2024-09-20,,2025-08-08
19452,3608,1361,2024-06-02,,
19536,9319,477,2024-07-10,2024-11-16,
19683,4064,1495,2025-01-27,,
19791,4891,1203,2025-09-22,,
53,1718,4487,2025-12-08,,2025-12-25
118,3470,3094,2024-05-22,,
135,5271,3759,2024-09-16,,
337,2032,505,2024-02-24,2024-06-25,
738,4563,2158,2025-09-11,2025-12-15,
848,1488,708,2025-09-02,,2025-10-28
1741,229,1640,2024-04-07,,
1746,8577,3189,2025-11-04,,
1881,8450,4601,2024-07-18,2024-08-14,
1993,1661,23,2025-03-30,,
2083,2753,3263,2025-12-20,,
2334,3110,3860,2024-03-11,,
2669,4625,484,2024-08-06,2025-02-02,
2783,6989,2836,2025-03-07,2025-06-15,
3012,1750,533,2024-11-23,,2025-01-03
3496,6865,3509,2025-05-13,,2025-12-12
3802,7207,2038,2024-08-31,,
4001,8901,3698,2025-06-12,2025-08-08,
4385,8323,4564,2024-07-27,,
4415,723,2943,2025-06-16,,
4427,8078,3163,2024-01-24,,
4614,4780,4541,2025-12-17,,
4829,5126,3028,2024-09-10,,
4966,5646,179,2025-10-23,,
5127,571,2256,2024-07-21,2024-10-17,
5466,584,3387,2024-03-24,,
5479,5039,4860,2025-12-08,,2025-12-16
5694,742,1853,2024-07-16,,
5709,8114,2653,2024-12-04,2025-04-21,
5743,1257,937,2025-08-08,,2025-12-13
5797,4624,751,2025-12-03,,2025-12-07
6014,4291,4265,2025-12-11,,
6051,117,2939,2025-12-07,,
6163,2045,2384,2025-11-12,2025-12-23,
6296,6054,93,2024-07-06,,
6309,2375,962,2025-11-11,2025-11-20,
6339,752,4784,2025-11-18,,
6346,6775,2374,2025-11-01,2025-11-24,
6361,4891,2835,2025-08-26,2025-12-10,
6363,5010,1211,2024-05-02,,
6517,461,3951,2024-04-09,,
6521,6520,4272,2025-05-31,2025-06-21,
6537,7994,4066,2025-01-10,,
6682,6267,368,2025-10-04,,2025-10-29
6703,4539,3593,2025-07-28,2025-09-12,
6798,249,4178,2025-11-26,,
7288,4908,3148,2025-10-31,,
7950,841,1137,2024-04-04,,2024-07-30
8016,2968,2418,2025-01-02,,
8055,8997,1666,2024-11-05,,
8190,1842,3397,2024-02-04,,
8243,9667,3463,2025-10-09,2025-11-09,
8320,1149,1365,2025-03-18,,2025-10-29
8615,8041,1908,2025-08-16,,
8794,9760,2433,2024-07-16,,
8882,4210,2147,2025-03-02,,2025-05-09
9201,3500,4911,2025-12-12,2025-12-23,
9251,1631,4912,2025-11-18,2025-11-28,
9415,5028,4925,2024-10-12,,
9584,7042,3648,2025-11-30,,2025-12-02
9714,2635,2701,2024-01-18,,2024-05-03
10340,8824,1230,2025-01-01,,
10768,1951,4331,2024-12-05,,
10930,5787,738,2025-02-06,,
10966,530,2237,2025-09-07,,
11122,654,4526,2025-07-25,,
11600,9762,3183,2024-12-30,,
12025,1386,3634,2024-10-01,,
12040,1482,2758,2025-12-02,,
12198,6796,1891,2025-04-10,,2025-12-11
12204,9386,557,2025-11-21,2025-12-20,
12552,8867,3983,2025-09-17,,
12592,1195,3873,2025-04-07,,
13009,5702,3655,2024-10-12,2024-11-16,
13301,2258,2213,2024-11-10,,
13346,3487,2995,2024-12-09,,
13590,4891,1052,2025-09-24,,
13867,536,2714,2025-05-15,,2025-06-20
13952,5378,4649,2025-12-23,2025-12-25,
14155,5274,3083,2024-07-09,,2025-06-18
14291,7911,1078,2025-02-25,,
14356,7380,454,2025-04-17,2025-09-20,
14365,5125,1142,2025-04-14,,2025-05-15
14537,6490,4043,2025-08-14,,
14651,9934,3108,2025-09-05,2025-10-19,
14707,7543,3232,2024-10-11,,
14964,1540,4382,2024-07-19,2024-08-23,
15033,8047,177,2024-02-22,,
15396,5737,1697,2025-02-13,,
15565,9637,2331,2025-01-27,,
15592,2228,4760,2025-11-03,,
15615,5153,4262,2024-03-13,,
15674,3620,2097,2025-12-14,,
15798,3481,1851,2024-02-21,,
15809,2674,4629,2024-02-22,,
15914,7539,2702,2024-03-26,,
15936,3167,2889,2025-02-09,,
16092,1988,1736,2024-09-25,,
16804,1586,2855,2025-12-22,2025-12-25,
16852,9973,3084,2025-07-04,,
16953,3575,2215,2024-09-27,2024-11-07,
17061,8124,3373,2025-01-06,2025-02-21,
17063,3177,4409,2025-11-07,2025-12-01,
17339,1376,1100,2024-07-11,2024-09-18,
17569,1005,3563,2024-12-29,,
18151,8568,2976,2025-03-26,2025-08-22,
18212,1786,2543,2025-10-24,,
18476,9188,4394,2025-03-29,,
18974,3341,295,2025-11-13,,
19368,54,1874,2024-11-02,,
19755,6008,1904,2024-10-12,2025-03-17,
225,4538,4167,2025-08-25,,
506,7910,2195,2024-06-17,,
746,7146,891,2025-11-21,,
751,2003,1348,2025-04-15,2025-09-04,
899,9243,1574,2024-07-05,,
1584,536,3099,2025-10-08,,
1624,7516,3035,2024-10-02,,
1707,3449,4456,2025-10-22,,
1823,2725,3698,2024-10-19,,
1862,298,1197,2024-04-12,,
2392,9258,964,2025-09-28,,2025-11-05
2398,488,3363,2025-11-27,2025-12-08,
2487,1854,3125,2025-08-10,,2025-11-13
2633,9556,1754,2025-11-22,,2025-11-24
2897,7695,3033,2025-09-13,,
3004,2099,3226,2023-12-29,2024-04-03,
3335,3538,274,2024-05-30,,2024-07-13
3376,293,1111,2024-02-16,2024-03-13,
3717,8269,4607,2025-11-04,,
4122,3230,3236,2025-11-05,,
4176,8079,3282,2024-04-28,,
4293,2846,1991,2024-04-15,,
4824,7318,429,2024-03-15,,
5156,5382,3448,2024-04-30,,
5301,3937,613,2025-09-04,,
5512,4958,2544,2024-05-09,,
5515,8904,486,2024-08-24,,
5978,4910,316,2025-01-03,2025-05-18,
6075,8486,173,2025-12-21,,
6127,3127,807,2025-11-05,,
6406,5533,1984,2025-08-23,,2025-12-25
6795,4206,288,2025-06-22,2025-08-05,
7104,6081,4657,2024-08-16,,
7116,6935,1433,2025-12-14,,
7253,8866,416,2025-07-10,,2025-07-30
7389,3173,1787,2025-04-23,,
7417,835,3819,2025-09-02,,
7669,3092,3788,2025-12-18,,2025-12-23
7679,8684,3179,2025-05-02,,
7688,8386,1452,2024-10-20,2024-11-20,
7768,418,3688,2024-04-21,2024-09-29,
7961,2836,4236,2025-05-02,,2025-06-03
8249,7863,2024,2025-11-23,,2025-11-27
8587,4525,2673,2024-04-02,,
9259,7621,2442,2024-01-19,,
9538,62,2870,2025-07-17,2025-12-22,
10338,5554,4500,2025-03-11,2025-08-10,
10445,6103,3021,2025-08-16,,
10686,2734,3856,2024-02-18,,
10778,8219,2414,2025-03-22,,
10908,8926,269,2025-07-17,2025-10-21,
10934,5281,2481,2025-04-23,,
11236,6218,4486,2024-07-10,2024-12-12,
11243,4342,2863,2024-11-30,,
11532,1244,4137,2024-06-26,2024-07-11,
12636,3317,4204,2024-04-15,,
12889,8145,4233,2025-10-12,,
13392,4220,290,2024-05-01,2024-07-30,
13542,41,4567,2024-09-12,,
13937,7799,2000,2025-12-05,2025-12-23,
13941,7129,553,2024-06-22,,
14179,9827,305,2025-12-14,,2025-12-24
14287,5935,2935,2025-11-10,,
14299,1020,625,2025-05-04,,
15487,249,2414,2025-12-08,,2025-12-19
15860,9706,364,2025-08-15,,
16153,5523,2568,2025-01-10,,
16156,2504,2116,2025-09-23,,2025-11-07
16186,3617,2040,2024-05-28,,2024-08-10
16339,6406,4323,2024-07-04,,
16454,2394,2546,2025-02-14,,
16470,6493,3677,2024-02-04,2024-04-29,
16510,3465,3971,2025-06-10,2025-11-20,
16604,6225,920,2024-12-20,,
16744,7686,2923,2024-06-19,2024-09-08,
16991,4105,2919,2024-06-05,,
17842,1259,483,2025-07-30,,
17952,138,4705,2025-05-04,2025-07-31,
18331,678,2240,2025-11-02,2025-12-04,
18332,3974,4584,2024-11-09,2025-01-15,
18424,2179,1606,2025-12-05,2025-12-14,
18549,7106,1376,2024-01-23,2024-05-21,
18770,9399,297,2024-11-08,,
18878,6271,1022,2025-02-06,,
19413,6610,4350,2025-04-05,,2025-10-12
19636,9690,1515,2025-02-25,,
107,62,2087,2024-06-06,,2024-06-07
722,9497,1543,2025-08-28,,
790,206,3017,2025-09-15,,
840,5438,3289,2024-09-17,2024-12-04,
1063,2372,44,2024-05-13,,2025-02-09
1152,1001,4800,2025-03-11,,
1279,3803,3332,2024-03-29,,
1391,3514,3766,2025-11-09,,
1729,1327,3568,2024-05-17,,
1974,6435,1566,2025-05-12,,
1975,2887,585,2024-02-14,,
2472,8963,4054,2024-03-18,,2024-05-31
2480,9195,3421,2023-12-26,2024-04-27,
2588,2116,1095,2025-03-06,,
2615,4985,2836,2025-08-08,2025-09-16,
2845,7162,1163,2025-06-10,,
2847,2999,3242,2024-05-22,,
3028,5474,4414,2025-05-11,,
3203,5190,2055,2025-11-13,2025-12-20,
3267,1833,1294,2025-10-01,2025-12-18,
3824,5177,2125,2025-10-06,,
3861,1984,3045,2024-05-12,,
4079,3160,4346,2024-07-31,,2024-08-03
4305,8136,4408,2025-12-17,2025-12-24,
4731,3464,2879,2024-05-03,,
4929,6051,330,2024-07-03,,
5236,5200,4049,2024-09-03,,
5359,7300,3684,2024-04-18,2024-08-20,
5439,3624,3314,2024-04-06,,
5866,2157,4083,2025-02-02,,2025-08-22
5963,1618,1630,2024-10-28,,
6009,4288,2918,2025-09-17,,
6345,7114,2603,2024-09-24,2024-12-09,
6359,5366,1505,2024-11-10,,
6671,4613,3135,2025-11-15,,2025-12-24
6681,641,2752,2024-10-07,2025-01-03,
6866,305,4791,2025-08-02,,
7073,7621,4141,2025-07-13,,
7379,5280,779,2025-09-07,,2025-10-14
7447,8755,3727,2024-08-29,,2025-02-16
7487,4001,3787,2025-12-18,,2025-12-20
7904,5075,4407,2024-03-27,2024-05-12,
8183,2855,3910,2024-04-28,,
8424,1149,173,2025-10-05,,
8625,9831,4836,2024-07-23,,
8633,1500,2725,2025-09-09,,
9360,7056,2720,2025-01-11,,
9475,1202,2604,2024-11-28,,
10331,3070,4447,2024-06-06,,
10336,9934,4366,2025-11-25,,
10365,4896,3159,2024-05-25,,
10466,3673,3850,2025-09-27,,
10499,819,4706,2025-12-09,,
10535,8724,1729,2024-06-24,,
11238,7012,4450,2025-08-08,2025-10-26,
11337,4692,3577,2025-04-17,,
11864,6795,287,2025-09-14,,
11973,3428,4444,2024-08-27,,
11997,1149,2121,2025-06-24,,
12048,6255,2201,2025-12-15,,
12247,5661,2666,2024-10-16,,
12467,7187,383,2025-12-09,2025-12-24,
12527,4164,4109,2025-11-29,2025-12-17,
13270,188,2074,2025-09-16,,
13594,3553,1978,2024-06-16,,
14473,3683,4017,2025-12-04,,2025-12-15
14506,8073,2021,2025-03-10,,
14521,1019,1662,2025-10-06,,
15103,7033,395,2025-12-01,,2025-12-24
15262,202,2907,2024-09-19,,2025-06-11
15384,3391,1404,2025-10-12,,
15406,4281,4442,2025-01-28,,
15856,411,4554,2025-06-27,,
15899,436,118,2025-08-05,,
16160,5558,3511,2025-08-14,,
16240,8531,1364,2024-12-31,,
16507,4286,4784,2024-12-26,,2025-12-01
17078,3907,2400,2025-01-15,,2025-06-21
17484,6723,3189,2025-10-07,2025-10-16,
17555,8427,1545,2025-02-17,2025-08-16,
17703,120,2487,2025-11-27,,
18005,5183,3156,2025-03-17,,2025-04-29
18128,7381,4014,2025-10-27,,
18135,8124,4660,2024-03-08,,
18350,6858,2036,2025-11-09,,2025-12-06
18594,3098,3448,2025-10-12,,
18662,9152,4226,2024-03-05,,
18694,6373,799,2024-09-23,2025-03-06,
18789,2061,624,2025-11-30,,
18855,4542,4507,2025-12-24,,
19168,1333,3191,2024-06-06,,
19185,3878,2663,2025-11-02,,
19187,9673,4791,2025-03-17,,
19518,6793,753,2025-04-06,,2025-05-31
19591,7344,1014,2024-09-28,,2025-06-21
19634,5059,604,2025-02-19,2025-05-22,
19807,8108,3240,2024-09-12,,
359,5479,1391,2024-04-03,2024-08-14,
939,1026,4300,2024-12-26,2025-05-02,
1057,9026,248,2025-08-07,,
1069,5137,1744,2024-05-23,,
1308,2752,3417,2024-10-04,,
1514,8147,4252,2025-06-27,2025-08-01,
1539,599,1624,2024-11-27,2025-03-08,
1749,4561,3873,2024-05-31,,
1790,8075,4068,2024-01-31,,
1982,8963,1480,2024-11-21,,2025-07-29
2519,321,2367,2024-01-04,,2024-08-25
2529,1389,2309,2025-09-08,,
2531,3337,1036,2024-03-16,2024-08-16,
2561,3635,1809,2024-06-24,,
3467,6978,4982,2024-02-05,,
3927,9829,4440,2024-08-14,2024-12-24,
3969,7069,812,2025-03-30,,
4308,2952,1612,2025-09-28,,
4463,4533,4421,2024-01-26,2024-07-08,
4598,5503,4030,2025-11-18,2025-12-14,
4922,6573,2780,2025-07-11,,
5132,25,531,2025-11-01,,2025-11-10
6019,7565,4455,2025-10-04,,
6112,6555,4857,2025-02-23,,
6212,5374,3940,2024-05-01,2024-07-11,
6534,1388,4717,2025-01-01,,
6729,1536,1525,2024-12-25,2025-04-22,
6889,5372,972,2025-05-25,,2025-11-12
7612,5935,1235,2024-11-22,2025-05-10,
8028,1605,4833,2024-04-14,2024-10-11,
8095,6856,723,2024-09-10,,
8419,8266,1658,2025-02-10,,
8446,4962,27,2025-07-29,,
8508,3737,1889,2025-03-08,,
8635,7550,2686,2025-01-28,,
8681,9358,1493,2025-06-13,,
9390,6825,4767,2024-09-21,,
9512,2028,338,2025-07-10,,
9577,9796,4921,2024-12-23,,
9653,459,3185,2025-10-31,,
10652,9655,736,2025-07-06,2025-10-22,
10876,474,2311,2024-09-20,,
11120,9676,2603,2025-09-15,,
11322,9830,4067,2025-08-01,,
11352,4402,4425,2025-04-05,,
11517,1420,4814,2025-10-14,2025-12-06,
11537,1410,2617,2024-02-03,2024-07-22,
11910,4398,4170,2025-02-11,,
12128,7975,768,2024-05-13,,
12155,4010,501,2025-09-04,,
12470,3220,2398,2024-02-15,,
12474,6758,2829,2025-12-22,,
12486,9251,1066,2024-11-17,,2024-11-29
12675,7222,2749,2024-02-03,,
13587,5212,4805,2025-11-04,,
13824,474,4018,2024-06-29,2024-10-23,
14060,1245,1091,2025-03-17,2025-07-27,
14350,6193,2673,2025-11-09,,
14360,1948,4623,2025-06-01,,
14604,3520,1529,2025-07-06,,
14898,1119,2763,2025-07-06,2025-11-11,
14944,9882,4489,2025-03-18,2025-05-29,
14962,4371,2333,2025-11-29,,2025-12-17
15189,8707,3488,2025-11-22,,
15587,2694,2080,2024-10-09,,
15588,3665,1449,2024-09-27,,
15692,3067,1449,2025-08-17,,
16293,1204,4189,2024-03-02,,
16432,2501,3734,2025-04-21,,
16792,90,4645,2025-09-09,,2025-11-30
16873,8621,3611,2025-09-20,,
16970,3634,4852,2024-01-15,,
17151,5722,1985,2024-07-18,,
17210,3768,827,2025-08-20,2025-12-24,
17655,4995,1540,2025-08-27,,
17768,5388,4148,2024-12-15,,
18046,6448,622,2025-04-19,2025-10-10,
18225,6423,2423,2024-08-09,,
18320,5601,295,2025-10-28,2025-11-30,
18326,8878,2174,2025-07-12,,2025-10-10
18442,1358,4174,2025-05-17,,
18813,1987,1920,2025-01-08,,
19007,5897,3170,2024-11-24,2025-05-16,
19107,2572,4193,2024-12-24,2025-03-06,
19132,2537,4256,2025-08-04,,2025-08-21
19148,8527,4247,2024-02-26,2024-07-25,
19485,3085,1527,2024-01-15,,2024-07-15
19783,7962,1674,2025-02-19,2025-03-14,
19856,1142,1373,2024-11-04,,
20,6840,3848,2023-12-28,,
223,1428,4641,2025-05-27,,
965,950,91,2024-03-15,2024-06-19,
966,8193,2830,2024-02-05,,
1764,3404,335,2025-02-13,,2025-06-03
1981,3456,345,2024-12-20,2025-05-18,
2245,168,3051,2025-12-02,,
2281,9590,1768,2025-10-25,2025-11-21,
2408,7256,680,2025-08-08,2025-11-20,
2607,5311,1401,2025-10-31,,
2629,6700,3322,2024-07-10,,2024-08-20
3113,7366,4308,2024-02-02,2024-06-21,
3143,4115,2484,2024-12-22,2025-05-04,
3200,6461,736,2024-07-12,,
3261,2283,2142,2025-03-26,2025-07-27,
3286,222,2923,2024-08-17,,
3635,2140,4602,2024-09-23,,
3996,509,3234,2025-12-24,,
4013,8098,4538,2024-07-22,2024-08-12,
4297,3178,4677,2024-10-07,2024-11-04,
4429,7155,985,2025-09-08,2025-11-13,
4621,5835,1398,2025-05-04,,
4755,1468,1042,2025-04-03,,
4769,6722,2523,2024-03-07,2024-03-16,
4878,5218,1197,2024-12-27,,
4885,3388,105,2025-07-16,,2025-09-05
5017,1368,707,2025-05-24,,
5062,1467,2788,2024-07-04,,
5081,5373,1721,2025-11-08,,
5575,6057,1389,2024-09-29,2025-02-23,
5617,2267,956,2024-01-23,2024-02-25,
6244,3271,1512,2024-07-10,,
6384,8400,1734,2024-06-17,2024-07-02,
6613,9505,3253,2025-07-17,,
6722,4956,3077,2024-01-08,2024-04-07,
6807,1751,3727,2025-07-31,2025-11-27,
7298,4841,3660,2025-08-07,,
7390,252,1632,2024-09-25,2024-11-01,
7415,4831,1666,2025-03-14,,
8193,8998,4016,2024-09-19,,
8197,1463,1554,2024-09-18,,2025-05-23
8280,1476,1332,2025-09-21,,
8433,7211,580,2025-11-02,,
8854,3512,2845,2024-01-26,,
9122,6217,1235,2024-03-19,,
9766,5072,4846,2024-05-11,2024-09-15,
9921,8726,2862,2025-06-28,,
10104,9491,531,2025-04-20,,2025-09-14
10151,2443,4771,2025-03-25,2025-04-17,
10356,6119,3146,2024-10-07,,2025-08-17
10498,3505,4935,2025-01-23,,
10581,4556,4072,2025-07-08,,
10799,8256,134,2023-12-27,,2024-04-09
10821,1213,4525,2025-04-26,2025-07-23,
11028,3453,1314,2025-05-10,,
11041,1393,2193,2024-12-10,,
11071,2788,1524,2024-01-24,,2024-04-19
11356,7501,1347,2024-08-11,,
11404,8365,2694,2025-07-27,,
11633,5848,2646,2025-02-25,,2025-12-16
11724,6832,1605,2024-05-08,,
12023,6167,3927,2025-07-12,2025-11-02,
12122,9523,4549,2025-09-12,2025-12-23,
12224,9845,388,2024-07-05,,
12336,2357,3818,2024-01-28,,2024-08-04
12367,8283,1828,2025-12-14,,
12412,216,4807,2024-10-11,2024-10-27,
12570,9100,2417,2024-07-09,,
12710,175,899,2024-09-06,,2025-03-18
12771,7168,1257,2025-08-19,,
12850,2247,1126,2024-12-17,,
13720,43,343,2024-12-15,2025-04-14,
13834,656,4695,2025-06-27,,2025-08-04
14056,8517,2185,2024-01-19,,
14213,4853,3234,2025-05-01,,
14306,7787,1707,2025-09-17,2025-12-10,
14957,2571,4863,2024-09-22,,2025-06-15
15127,130,1250,2025-11-01,,2025-11-18
15240,1461,1251,2024-04-22,,
15352,4419,1508,2025-06-28,2025-09-09,
15594,3620,2606,2025-12-12,,
15631,9144,2909,2025-10-26,,
15650,668,2341,2024-05-31,,
15660,7034,960,2024-03-03,2024-03-30,
15686,1052,2492,2025-04-10,2025-08-11,
15722,6876,1614,2024-09-04,2024-11-16,
15799,9407,2493,2025-09-07,,
15892,4058,675,2025-03-16,,2025-11-05
16072,8442,797,2025-01-31,,
16088,2153,2888,2024-04-29,,
16143,250,898,2024-11-27,,
16656,3249,1403,2024-12-28,,
16847,9018,3889,2024-03-02,,2024-10-26
17137,1228,2636,2024-09-07,,
17355,4620,2647,2024-08-23,2024-12-05,
17604,3160,108,2024-11-19,,2024-11-24
17789,5328,2914,2025-06-09,2025-09-05,
17795,2674,2498,2025-03-20,,
18379,3323,918,2024-05-30,,2025-04-23
18648,1500,1133,2024-10-21,,
18661,3215,10,2024-12-10,,
18719,4448,3277,2024-01-04,,2024-06-11
18933,7048,3560,2024-12-30,,
19012,3648,2613,2025-06-15,,
19255,5414,169,2024-02-24,,2024-07-01
19733,5247,491,2024-05-02,,
19899,1413,2362,2024-08-15,,2025-06-21
19986,6281,3994,2024-07-04,2024-10-24,
73,1489,2429,2024-03-18,,
180,9180,1209,2024-12-11,,
465,5229,1524,2024-03-18,2024-06-03,
479,3434,463,2024-09-17,,2025-08-18
661,1877,4992,2024-10-06,,
767,7743,4568,2025-11-18,,
1040,154,3647,2024-12-16,,
1093,9349,2674,2025-05-20,,
1331,7155,277,2024-08-19,2024-12-27,
1449,7287,1350,2024-07-24,,2025-04-10
1805,6462,4342,2025-08-05,2025-11-16,
1877,5433,4337,2024-07-19,,
2554,5807,4423,2025-11-26,,
3029,3453,2313,2024-02-13,,
3081,8273,2608,2025-12-24,,2025-12-25
3149,6860,1805,2025-11-23,,
3232,7953,4962,2024-04-18,2024-06-13,
3379,8295,2036,2024-03-30,,
3575,7803,1182,2024-01-18,,
3966,7906,1009,2025-08-24,,
4040,2439,2481,2025-02-05,2025-05-16,
4260,7746,1965,2025-07-30,2025-08-11,
4319,6096,1201,2024-08-14,,
4367,1303,2424,2025-11-16,2025-12-25,
4480,9894,2180,2025-12-07,,
4696,3798,1586,2025-03-22,,
4953,9821,1200,2025-02-09,,2025-12-21
5042,9923,1894,2025-06-10,,
5134,723,4603,2025-04-07,,
5327,89,3276,2025-09-22,,
5357,1233,1559,2024-05-05,2024-10-11,
5740,9517,3135,2025-08-19,,2025-12-15
6507,4226,2733,2025-12-03,,
6509,5985,1784,2025-11-21,,
6778,9618,3898,2024-12-05,,2025-06-15
6907,1839,4281,2024-04-29,2024-10-22,
7174,5961,4083,2024-08-25,,
7292,3843,2328,2025-04-07,,
7350,3864,1435,2025-01-08,,
7766,6862,3285,2024-09-13,,
7829,1621,576,2024-09-26,,
7928,3933,4354,2025-08-19,2025-12-17,
7932,2838,3682,2024-11-19,,
8127,1446,3900,2024-03-04,,
8326,3593,2637,2025-10-21,,
8714,6657,2885,2024-09-30,2025-03-07,
8740,6976,1032,2025-07-02,,2025-12-02
8987,5142,4762,2025-06-03,2025-06-30,
9086,155,848,2025-07-16,2025-12-01,
9358,6358,2999,2024-06-30,2024-08-26,
9679,8966,1582,2025-05-17,,
9707,9623,4208,2024-09-29,,
9839,407,2713,2025-05-24,,
10124,7572,4509,2024-04-19,,
10163,4656,2592,2025-06-08,,
10530,2727,2399,2025-11-08,,2025-12-13
10623,9667,2968,2025-06-30,,
10631,6407,1599,2025-06-19,,
10726,5769,2180,2025-03-23,,
10820,1843,3823,2024-07-30,2024-09-18,
10938,9210,4518,2024-12-14,,
11168,1049,391,2024-11-02,2025-02-16,
11783,7435,910,2025-11-23,,
11858,9913,1723,2025-04-14,,
12384,8008,3225,2024-07-28,,2025-05-20
12483,4011,3311,2025-07-24,,
12602,5298,2735,2024-10-16,,
13068,3294,1594,2024-01-16,,
13365,3550,4996,2025-03-21,,
13563,5276,473,2025-11-22,,2025-12-03
14052,2662,301,2025-06-21,2025-11-04,
14195,447,2611,2023-12-31,,
14316,156,2064,2025-09-14,,
14420,3615,1991,2025-05-13,,
14514,4983,4203,2025-07-31,,
14583,8245,2920,2024-03-06,,
14623,7557,1339,2024-07-10,2024-11-05,
14828,96,2563,2025-05-16,,
15062,2036,4493,2025-10-15,,
15075,175,2003,2025-11-09,,2025-12-01
15113,7340,4078,2024-01-15,,
15251,9485,1258,2025-03-17,,
15270,9948,3191,2024-11-05,,
15857,9490,2857,2024-12-22,,2025-09-10
15929,4338,1087,2025-05-18,2025-08-12,
16501,67,3158,2025-01-13,,
16556,9785,2745,2024-08-27,,
16582,8251,2367,2025-03-18,,
16825,8644,2746,2025-10-20,,
16888,2244,4116,2024-11-09,,2025-04-26
16980,906,4400,2025-02-28,,
17051,3205,1287,2024-11-05,,2025-08-23
17373,3537,3687,2025-03-10,,
17565,939,2913,2024-09-13,,
17619,9843,4613,2024-12-09,2025-02-17,
17647,226,4813,2025-08-31,,
17746,2614,3910,2024-12-09,,
18018,2709,412,2024-03-13,,
18236,536,467,2024-03-23,,
18362,4077,4983,2025-02-03,,
18835,177,259,2025-07-13,,2025-08-09
18876,7048,1714,2024-06-13,2024-08-24,
19055,1891,2334,2025-05-08,2025-10-01,
19605,9899,472,2025-12-21,,
19756,8173,3121,2024-11-04,,2025-03-21
19892,2086,2154,2025-02-25,,
19968,5648,4017,2025-04-03,,
98,1715,1661,2025-12-09,,
124,8406,3443,2024-12-25,,
429,8293,1016,2025-03-06,,
477,7368,2092,2024-06-17,,
775,1672,4641,2025-07-16,2025-08-15,
1044,7118,3861,2024-06-08,,
1097,2518,506,2024-07-14,2024-12-26,
1261,3852,776,2024-06-23,,
1265,5960,932,2025-01-19,,2025-03-11
1375,8017,2732,2025-03-12,2025-04-08,
1389,1063,4087,2025-04-09,,
1613,1000,4142,2025-07-25,,2025-08-19
1637,6889,4108,2024-04-30,,
1979,6386,2351,2025-12-12,,
2122,8557,2799,2025-05-17,2025-07-06,
2178,7855,1554,2024-04-13,,2025-01-05
2676,6127,4751,2025-12-06,,
2870,2258,4454,2024-04-25,2024-06-27,
2947,7050,485,2025-09-11,,2025-10-27
3136,7822,598,2025-10-15,,
3538,9003,2426,2025-08-12,,
3668,8362,4126,2025-01-30,,
3775,286,3526,2024-06-23,,
3778,4093,3493,2024-03-18,,
3944,4486,4715,2025-01-19,,
3989,639,2326,2025-01-04,,
4059,576,3553,2025-06-24,,
4425,4780,2275,2025-06-11,2025-07-27,
4713,4362,563,2024-10-07,2024-11-02,
4944,9409,970,2024-10-30,2025-03-19,
5187,2367,4210,2025-11-18,,
5239,3338,1651,2025-06-15,,
5337,4012,3503,2024-10-17,,
5448,9955,3399,2025-05-24,,
5453,7765,855,2025-12-09,,
5646,5337,182,2024-12-15,,2025-02-11
5955,1817,161,2024-03-15,2024-05-15,
6137,5707,4609,2025-12-14,,
6380,2449,2610,2024-06-03,,
7392,9606,2610,2025-06-14,,
7529,3895,2218,2024-11-30,,
7556,2664,2216,2025-12-23,,
7796,1600,2321,2025-12-13,,2025-12-24
7801,7433,3262,2025-06-24,,
8399,282,4196,2025-12-02,,
8455,1194,2396,2024-07-17,,
8525,2322,865,2025-06-25,,
8825,4250,1180,2025-07-22,2025-11-23,
9823,1153,3504,2025-11-11,,
10228,2563,2477,2024-10-30,2025-03-30,
10417,4650,3758,2024-01-30,,2024-11-20
10469,4572,4979,2025-12-12,,
10515,595,588,2025-04-05,,
10847,8961,265,2024-12-06,,2025-02-18
10914,9163,1946,2025-12-17,2025-12-24,
11064,4805,4970,2025-07-24,,2025-09-13
11190,6791,1851,2025-02-17,,
11496,8363,3918,2025-03-09,,
11868,3544,3421,2025-11-26,,
12101,966,3564,2025-04-12,2025-10-05,
12354,6890,1977,2025-07-03,,2025-10-21
13320,9602,4559,2024-07-03,2024-10-04,
13555,3916,1671,2024-09-30,2024-10-27,
14039,7874,111,2025-01-18,,2025-08-16
14283,6780,695,2025-01-24,,2025-03-24
14674,6536,4560,2025-05-29,,
14693,6184,1938,2024-08-26,,
15052,9801,4778,2024-08-08,,
15101,6528,736,2025-11-08,2025-11-28,
15381,5819,2590,2024-04-18,,
15402,6825,2030,2025-06-20,,2025-09-21
15466,57,2381,2025-11-28,2025-12-11,
15666,9918,3607,2025-11-11,,
15683,6027,2499,2024-10-16,,
16288,8505,1568,2024-11-18,,
16777,3315,995,2025-01-29,,2025-11-05
16834,6230,2793,2025-10-01,2025-11-21,
16896,1148,2780,2025-02-23,,
17138,6906,1120,2025-09-25,2025-11-14,
17532,3175,3493,2025-11-13,,
17535,7325,3784,2024-08-11,,
17741,559,1127,2025-08-25,,
17886,1896,1405,2024-09-26,,
18032,7046,4088,2024-11-13,,
18353,1464,3384,2025-10-27,,
18378,1746,2800,2025-11-14,,
18515,6044,2368,2024-07-11,,
18606,409,4464,2024-02-01,,
18781,646,815,2025-10-26,,
18794,745,2689,2024-08-11,,
19026,617,582,2024-11-02,,
19441,6016,4165,2025-10-31,2025-12-19,
19550,4657,2764,2024-06-19,2024-09-04,
19799,5028,1787,2024-08-11,,
308,7997,1535,2024-07-11,,
694,8382,4057,2024-05-20,,2025-05-07
802,9785,426,2025-10-17,2025-11-18,
1094,8825,1063,2025-05-09,2025-09-21,
1241,7295,1294,2025-10-07,2025-11-26,
1633,2327,3447,2024-12-21,,
1668,511,2456,2025-06-14,,
1847,7957,3248,2024-07-03,2024-09-03,
1955,5139,4051,2024-02-08,,
2042,9712,3262,2024-07-03,,
2093,7050,4525,2025-12-22,,
2522,8461,1050,2024-06-08,,
2559,2631,4672,2025-08-30,,
2618,8560,2631,2024-05-18,,2025-03-01
2762,8593,1988,2025-03-13,,
2860,6884,4902,2024-10-08,2025-01-07,
3274,2574,1757,2024-06-05,,
3315,4330,3778,2024-02-14,,
3438,9333,609,2024-02-21,,2024-02-27
4082,1703,443,2025-01-27,2025-04-02,
4226,6664,4586,2024-12-21,,
4355,7220,1488,2024-02-20,2024-04-29,
4486,667,837,2025-04-23,,2025-08-29
4866,2433,1149,2025-08-19,,
5201,6527,3416,2024-10-16,2024-11-17,
5443,4177,1059,2025-11-26,2025-12-10,
5498,6162,1778,2025-11-06,,
5669,7762,1782,2025-12-20,2025-12-25,
5828,6896,1433,2025-09-15,,2025-10-22
6058,973,4771,2025-06-30,,
6188,5952,1227,2025-06-26,,
6226,3625,4167,2024-07-28,,
6395,3645,1973,2024-06-19,,
6659,9578,1702,2025-07-19,,
7052,8409,2486,2025-02-07,,
7072,1972,905,2024-05-17,2024-08-31,
7261,319,396,2025-11-20,,
7262,7088,4050,2024-02-23,,
7682,1779,3269,2025-07-29,,
7831,5265,275,2025-03-11,2025-06-24,
7930,1106,4962,2024-08-09,,
8550,8162,1884,2024-12-04,2025-04-30,
9033,1858,391,2025-10-21,2025-12-10,
9431,1054,4542,2025-12-07,2025-12-15,
9571,8402,3359,2025-03-11,,
9936,1454,4484,2024-11-02,,
10026,3677,4648,2024-04-10,2024-08-05,
10187,2877,1200,2025-12-02,2025-12-25,
10214,9474,1971,2025-04-06,,
10229,1098,4852,2025-11-18,,
10288,7195,2798,2024-10-17,,
10312,8096,673,2025-04-16,,
10355,2933,3780,2024-10-12,,
10637,7403,230,2025-04-07,2025-07-23,
11311,393,3090,2024-12-28,2025-06-04,
11933,6450,1534,2025-06-24,,2025-10-31
12002,690,849,2025-08-30,,
12061,4712,1162,2024-03-27,,
12070,6716,662,2024-12-11,,
12127,5778,823,2024-10-26,,
12510,7009,3,2025-12-10,,
12746,7970,2756,2024-10-24,,
12973,9339,3089,2025-08-24,,2025-10-02
13005,6490,3732,2025-09-15,,
13017,9299,4170,2025-04-29,,
13085,6358,4455,2024-08-15,2024-09-06,
13357,935,4967,2025-05-07,,
13482,6970,2168,2024-06-12,,
13613,5641,4820,2024-03-10,,
13846,7928,2198,2025-09-04,,
14029,1642,1259,2024-06-10,,
14325,6213,381,2024-10-03,,
14485,7630,83,2025-10-30,,
14600,4486,2581,2025-06-25,,
14756,3387,2485,2025-08-06,,
15050,1387,873,2025-11-14,2025-12-21,
15212,612,2419,2025-02-12,2025-02-21,
15229,9929,1855,2025-05-19,,
15348,9216,3952,2024-04-06,,
15665,8304,1064,2025-12-02,,
15685,370,4385,2024-07-13,,
15816,6353,2682,2024-12-25,2025-03-31,
16063,1861,4446,2024-08-08,2025-01-05,
16083,5035,3630,2024-03-18,,2024-08-17
16147,2322,2881,2024-03-06,,2025-02-28
16270,8789,2978,2025-11-27,,
16343,7029,241,2025-07-16,,
16600,8606,3148,2025-05-25,2025-09-02,
16928,7563,2224,2025-09-20,2025-11-05,
17025,8708,3825,2025-08-10,,2025-12-08
17029,5706,522,2023-12-26,,2024-01-23
17082,9482,4473,2025-04-10,2025-04-24,
17362,5173,3260,2024-11-20,,
17490,963,132,2024-10-17,,2024-12-21
17558,2496,2888,2024-02-05,,
17663,1056,119,2024-08-11,,
18136,7525,3373,2024-03-16,2024-07-15,
18640,505,3471,2024-12-18,2025-04-08,
18927,6923,3941,2025-04-30,,
19001,2123,3933,2025-07-03,2025-07-13,
19337,4422,825,2025-03-19,,
19387,7812,4529,2024-06-19,,
19399,122,1088,2025-11-01,2025-11-30,
19859,9835,4017,2024-02-12,,
321,5036,2816,2023-12-26,2024-01-27,
469,8452,2755,2025-02-15,,
627,4527,4896,2024-10-27,,
1037,2483,2711,2024-09-30,2024-12-20,
1381,3998,2299,2025-07-23,,
1402,1984,354,2025-05-27,2025-09-09,
1439,3497,4726,2025-04-09,,
1949,3171,3305,2025-09-10,,
2168,6453,2593,2025-10-21,,2025-10-30
3130,5568,2308,2025-10-07,,
3297,9939,106,2025-10-25,,
3508,6610,3788,2024-09-26,,
3812,7021,1533,2024-10-18,,
4147,7337,4996,2025-06-06,,
4263,3544,4995,2024-05-07,,
4292,5802,4755,2025-11-21,2025-12-06,
4487,2397,256,2024-04-14,,
4491,1729,734,2023-12-27,,
4687,7163,3006,2025-10-04,,
5262,2660,1382,2025-09-17,,
5493,5464,529,2024-01-03,2024-06-06,
5541,3332,843,2025-05-01,2025-10-09,
5566,8559,4247,2024-11-14,,2025-08-02
5857,9058,3146,2024-01-15,,
5896,2824,2226,2024-10-22,,
6059,2551,3369,2025-01-09,,2025-12-02
6232,1407,3724,2025-10-20,,
6576,8678,1030,2025-05-13,2025-09-10,
6769,4608,2532,2025-05-05,,
6937,9302,2889,2024-10-23,2024-12-27,
7208,8584,1966,2024-12-25,,
7451,3637,1437,2024-05-26,2024-06-15,
7600,7804,161,2025-12-06,2025-12-15,
7674,5029,2673,2025-12-19,2025-12-25,
7728,7088,1971,2025-01-02,2025-02-12,
8110,2549,1853,2024-06-18,,
8287,3508,3711,2025-06-18,,
9039,4167,375,2024-04-02,,2025-01-31
9112,297,1636,2024-03-24,2024-08-06,
9576,5372,1423,2025-11-30,,
9857,1249,4975,2025-11-11,,
9924,1192,2934,2025-11-12,,
10608,3211,326,2025-11-15,2025-12-22,
11149,9992,4738,2025-10-21,,
11218,7802,2528,2025-10-18,,
11264,5288,2389,2025-08-09,2025-12-14,
11358,2660,4494,2025-07-19,,
11439,1604,1549,2025-09-03,,2025-10-22
11651,2285,1471,2024-09-19,2025-01-07,
11898,2712,1609,2024-10-24,2024-11-06,
12643,6008,4350,2025-10-07,,
12676,6810,3171,2024-03-07,,
12682,3593,1813,2025-11-05,,
12805,9464,4709,2024-05-04,2024-07-07,
12983,5444,4854,2024-11-05,,
13259,9258,275,2025-09-25,2025-10-06,
13598,3690,3317,2024-02-12,,
14077,9354,2696,2024-09-26,2024-11-27,
14378,2380,1694,2025-03-19,,
15232,8511,4808,2024-06-01,2024-10-16,
15338,7833,1377,2025-10-17,2025-12-01,
15511,2446,650,2025-12-13,2025-12-23,
15961,6001,1719,2025-10-29,,2025-11-22
16278,7478,3848,2024-06-23,2024-09-13,
16573,6324,3029,2025-11-28,,
16628,618,4446,2024-12-27,,
16722,1069,3169,2024-04-07,,
16759,4385,4861,2025-08-04,,
16925,5943,2985,2024-02-15,,
17927,1389,3961,2024-04-26,,
18159,7644,301,2025-10-09,,
18163,4769,4270,2024-01-15,2024-06-03,
18174,8470,3973,2024-10-02,2025-03-16,
18363,279,3654,2024-09-13,2024-12-06,
18536,3050,558,2024-06-10,,
18586,5255,2233,2024-08-27,,2025-01-30
18980,5960,3122,2024-03-13,,
19396,4414,3879,2025-09-06,,2025-09-24
19415,106,359,2025-09-17,2025-10-28,
19709,671,4779,2024-03-27,,
174,4217,3157,2025-06-14,2025-10-20,
266,7042,3109,2025-07-17,,
423,2838,570,2025-03-28,,
575,2368,2772,2024-04-26,,2024-08-26
784,2932,625,2024-12-02,,
836,2441,1619,2025-10-27,,
1236,3643,4569,2024-03-28,,
1511,2332,4728,2025-07-12,,2025-08-31
1673,6594,75,2024-04-17,,
1692,7750,746,2025-02-26,,2025-04-19
2137,8910,63,2024-06-02,,2024-10-14
2326,9436,2180,2025-06-02,,
2512,3356,2359,2024-09-01,2024-12-19,
2674,9038,1587,2025-12-24,2025-12-25,
2958,9402,3051,2025-06-16,2025-07-22,
3364,4259,3202,2025-09-02,,
3464,6345,3901,2025-05-13,,2025-11-14
3473,3492,1346,2024-02-17,,
3616,7456,4505,2024-02-18,,2024-09-15
4117,3168,4616,2025-09-23,2025-12-11,
4403,8643,1263,2025-06-07,,
4816,5876,1814,2024-03-07,,
5075,6873,4807,2024-10-31,,2025-02-10
5159,6515,155,2025-11-01,2025-11-08,
5267,6933,1842,2025-09-07,,
5603,1148,4443,2025-10-02,2025-10-22,
5748,9007,1664,2024-08-05,,
6040,7166,2950,2024-08-06,,2025-06-06
6191,8186,327,2025-08-20,,
6362,5208,4351,2025-02-12,,
6410,331,1655,2024-03-15,2024-06-13,
6673,9596,4256,2025-05-18,,
6879,6382,4119,2024-12-14,,
6905,7686,2744,2024-12-19,2025-04-07,
7016,7033,2547,2025-08-12,,2025-12-22
7045,5573,1491,2025-02-28,,
7179,7168,4773,2024-07-17,2024-08-05,
7397,8870,549,2024-10-03,2024-11-26,
7445,3944,2111,2024-10-15,2025-03-23,
7507,4433,627,2025-07-10,2025-10-27,
7894,5147,2937,2024-07-25,,
7898,4135,4480,2024-05-14,,
8118,886,2773,2024-12-16,2025-02-14,
8132,5635,4635,2025-09-26,,
8206,4303,4472,2025-12-24,,
8466,6972,3141,2024-02-27,,
8497,584,2380,2025-10-01,,
8578,9916,1705,2024-09-11,,2025-01-10
8580,6320,3474,2024-05-08,2024-10-07,
8608,6524,1501,2024-01-18,,
8709,3524,2922,2025-05-02,2025-06-20,
9217,5428,3567,2024-08-20,,
9248,5338,202,2024-11-04,,2025-10-17
9355,1042,4496,2025-04-18,,
9661,7599,1518,2023-12-29,,
10059,5772,2572,2025-04-09,,
10153,6358,132,2024-10-31,,
10798,8546,692,2025-07-24,2025-12-13,
11073,1151,756,2025-09-24,,2025-10-01
11092,7824,3281,2025-11-04,,
11486,6347,1130,2024-09-12,,2025-07-27
11519,9328,3653,2025-01-19,,2025-07-22
11785,4802,1036,2025-08-03,,
12011,5611,3638,2025-11-17,,
12462,7705,531,2025-07-22,2025-10-06,
12614,1893,1206,2024-03-09,2024-09-01,
12742,4701,1486,2025-12-13,,
12759,4295,3951,2024-07-28,,
12782,5790,1095,2025-08-11,2025-09-20,
12797,3369,100,2025-07-28,,
12998,8282,2993,2025-09-17,,
13693,8985,4117,2025-02-05,,
14186,4704,3341,2025-09-18,,2025-09-20
14220,1840,2431,2025-01-14,,
14243,1753,955,2025-07-28,,
14247,5961,87,2025-04-21,,2025-08-09
14449,1137,3226,2024-09-11,,
14530,7956,4032,2025-02-03,2025-03-06,
14977,6354,4712,2025-12-23,2025-12-25,
15131,7052,1967,2024-02-11,,
17284,1266,3951,2025-02-24,,2025-02-25
17340,9480,2929,2024-08-10,2024-09-13,
17461,5466,4780,2024-03-04,,
17510,5717,2153,2025-04-07,,
17850,1446,468,2025-11-01,,
17903,6399,2764,2025-01-17,,
18368,5374,1048,2024-06-10,,
18568,7023,564,2025-11-22,,2025-12-14
18628,5196,970,2024-01-13,2024-02-22,
18663,1108,4234,2025-09-27,2025-10-20,
18800,7497,2367,2025-12-24,,
18861,7827,2092,2024-04-06,,
19286,9834,1327,2025-07-26,,
19614,3007,4631,2025-03-09,2025-06-16,
19721,3756,3137,2024-03-20,,
19758,7241,2227,2025-07-22,,
19869,6538,3189,2025-12-07,,
175,1106,4385,2025-08-31,,2025-09-17
311,3668,3705,2025-02-26,,
674,316,2260,2025-04-23,,
1782,2509,4881,2024-05-15,,
1857,661,4785,2025-11-13,,
1875,2726,1033,2024-08-12,,
2148,8434,113,2025-12-01,,
2272,518,2246,2024-02-07,,
2793,8412,2701,2024-10-12,,
3341,8246,4756,2025-08-04,,2025-12-23
3488,4287,4597,2025-09-28,,
3489,4528,3793,2025-11-18,,
3557,4246,3978,2025-06-26,,
3722,8254,3738,2024-12-14,2025-03-14,
3928,2214,3289,2023-12-27,,2024-01-01
3991,1548,3594,2025-08-26,,
4129,3737,2774,2025-08-18,,
4503,6189,4451,2025-06-17,,
4716,962,2281,2024-12-11,,
4825,6043,1788,2025-12-20,,
5229,3193,3661,2024-04-22,,
5303,1322,1147,2024-02-08,2024-04-01,
5437,3357,2524,2024-02-11,,
5506,5432,1485,2024-11-14,,2025-08-31
5618,79,4768,2025-08-30,2025-09-12,
5762,2922,4944,2025-09-26,2025-11-24,
6013,7105,2665,2025-12-16,,2025-12-24
6109,8766,2076,2024-11-06,,
6119,4109,955,2025-07-10,,
6270,9493,4726,2025-10-14,,
6354,5849,224,2024-07-07,,
6368,4249,1089,2025-07-22,,
6570,7105,418,2024-07-04,,
7000,6690,78,2024-09-10,2025-03-01,
7299,5692,4562,2024-09-30,,
7431,9650,673,2025-08-29,2025-11-21,
7452,5420,3977,2024-09-15,,2025-06-24
7763,1696,4041,2025-09-09,,
8271,2496,1457,2025-04-19,,
8616,1504,4076,2025-07-17,,
8826,5900,2594,2024-01-12,,2024-12-23
9008,2469,3662,2025-08-14,,2025-12-23
9260,4826,4712,2024-03-24,,
9457,1500,1092,2025-10-24,,2025-10-28
9557,9126,269,2024-11-12,,2025-01-27
9790,9885,969,2024-10-20,,
9910,5660,4630,2025-06-04,,2025-06-27
10074,2249,3654,2024-02-14,2024-07-09,
10173,9227,1238,2024-11-03,,
10258,2071,1475,2025-10-13,2025-11-22,
10886,6549,2505,2025-10-23,2025-11-29,
11454,9471,1612,2024-01-05,2024-01-21,
12545,5748,2186,2025-06-12,2025-07-03,
12606,6427,1457,2025-09-02,,
12685,9961,2446,2024-09-22,,
12727,5997,2717,2024-12-17,,2025-04-26
12847,2025,341,2024-06-16,,
13044,3924,250,2025-05-28,2025-11-03,
13137,5461,4894,2024-03-28,,
13248,6383,2482,2025-04-16,2025-08-06,
13651,9947,1384,2025-05-09,,
14112,6969,762,2024-12-22,2025-03-16,
14352,1358,4060,2024-08-10,,
14388,5965,3109,2025-04-03,,
14810,6295,2111,2025-06-29,2025-07-12,
14939,2042,3325,2025-03-10,2025-03-25,
15386,5818,2252,2025-02-17,,
15512,8338,4381,2024-02-15,2024-07-10,
15805,3372,4913,2024-03-25,,
16056,5317,4366,2025-11-27,,
16152,7963,4998,2025-07-23,,
16548,9795,4206,2025-05-19,,2025-10-19
16574,6093,4110,2025-11-17,,
16610,9501,383,2024-06-17,,2024-10-02
16666,9764,3968,2024-05-28,2024-08-04,
17155,4466,1101,2025-06-05,,2025-08-14
17288,6989,401,2025-06-21,,
17308,1501,1620,2025-07-24,,2025-09-16
17352,135,2828,2025-04-15,,
17433,583,3389,2025-07-19,,
17547,2433,773,2025-12-13,,
17782,1074,2630,2025-07-12,2025-12-20,
18853,8721,285,2025-07-27,,
18939,5244,1318,2025-08-23,,
19340,2341,4883,2025-10-12,,
19353,3006,2673,2025-05-23,2025-07-22,
19429,215,2490,2025-06-14,,
19448,1420,2074,2025-06-15,,2025-11-25
19744,1457,1968,2025-10-26,2025-12-23,
19854,5203,1465,2025-04-16,2025-08-23,
173,9819,4170,2025-05-14,,
437,5318,3326,2025-09-05,2025-12-22,
651,5473,639,2025-09-03,,
922,9469,3735,2025-09-30,,
1088,5183,4727,2025-10-20,2025-11-27,
1371,3850,1551,2024-12-08,,2025-08-31
1519,1954,2799,2025-03-27,,
2364,1260,3356,2025-06-17,,
2642,9229,2445,2025-03-24,2025-08-08,
3066,6484,1961,2025-10-21,,2025-11-06
3098,9208,933,2024-01-08,,2024-09-28
3258,5916,4325,2024-02-19,2024-07-14,
3453,6487,2746,2024-01-29,2024-07-25,
3599,8131,101,2025-04-17,2025-04-30,
3672,5188,4160,2025-07-11,,
3798,4311,2804,2025-12-17,,
3828,3060,3293,2025-12-04,,
4405,5336,4611,2024-06-11,,
4530,3257,4167,2023-12-30,,
4874,9703,3166,2025-03-31,,
5099,9930,1677,2024-04-13,,
5291,1919,120,2024-04-21,2024-10-03,
5350,4137,403,2025-09-02,,
5531,9243,1775,2024-12-08,,
5663,8421,1538,2025-08-18,2025-09-13,
6002,9976,3158,2025-08-25,,
6213,2478,1387,2025-08-22,,
6230,5431,4789,2024-09-05,,
6265,7119,1044,2024-12-08,,
7219,8747,3602,2024-07-17,,
7604,4568,1159,2025-07-10,2025-09-07,
7626,8679,3226,2025-03-04,,
7657,6332,3940,2025-02-19,,
7897,2384,3139,2025-11-24,,
7953,9648,2588,2024-10-23,2025-03-06,
8240,7403,3261,2025-01-14,,
8289,7468,4529,2025-04-24,,
8526,1312,2205,2025-10-05,,2025-12-23
8896,5086,423,2025-05-25,,
8959,9603,4788,2025-03-12,,2025-04-05
8966,5257,1495,2024-04-28,,
9193,522,2486,2024-01-27,,2024-09-02
9412,3337,1661,2024-07-24,,
10146,3434,1899,2024-05-17,2024-08-24,
10196,8992,4519,2025-01-29,,
10202,8031,2356,2025-03-24,,2025-11-15
10219,5707,1290,2025-10-30,2025-11-25,
10253,9972,3263,2023-12-31,,
10289,923,1087,2025-09-07,,2025-11-25
10414,9178,2891,2024-07-18,,
10486,2633,3086,2025-07-08,,
10567,7862,3635,2024-04-07,2024-04-29,
11221,3053,1731,2024-06-20,,
11241,1439,1352,2025-12-12,,
11252,2606,656,2025-08-15,,
12063,1246,2285,2024-12-05,,2025-10-19
12167,3987,4666,2025-06-18,,
12277,2825,2515,2024-09-25,,
12509,8027,350,2025-10-25,2025-11-17,
12584,4762,238,2025-09-04,2025-11-19,
12615,3934,3612,2025-05-21,2025-09-26,
12772,795,1892,2025-03-28,,
12868,8008,3116,2024-11-05,2025-01-16,
12914,1887,754,2024-11-20,2025-03-21,
12958,5888,4651,2024-08-29,,
13149,4779,1568,2025-05-08,,
13226,3933,572,2025-08-07,,
13387,177,3697,2025-04-22,2025-10-15,
13561,7812,3274,2025-12-12,,
13608,3295,2815,2025-12-16,,
13614,746,3613,2025-09-09,2025-10-24,
13640,2283,2645,2025-12-23,2025-12-25,
13641,4450,2037,2025-07-24,,
13677,5928,493,2025-11-26,2025-12-04,
14030,6138,4230,2025-05-31,,
14493,7112,785,2024-06-26,2024-08-05,
14702,4366,1892,2025-06-01,,
14797,9650,1688,2024-07-26,2024-08-31,
14833,8689,501,2024-06-08,2024-10-27,
14884,8491,961,2024-10-26,,
15293,7398,3146,2024-12-12,,
16149,8359,4034,2024-01-03,,
16197,2972,416,2024-03-30,2024-04-08,
16657,899,2901,2024-08-26,,2025-07-07
17265,7694,2800,2024-04-26,,
18137,9952,1479,2024-11-28,,
18246,6430,3817,2025-11-26,2025-12-19,
18327,1558,4361,2024-04-29,,
18731,3390,4424,2025-12-02,2025-12-15,
19053,5300,579,2025-11-23,2025-12-13,
19108,497,1986,2024-05-03,2024-05-19,
19200,5360,570,2025-08-04,,
19455,7535,858,2025-09-06,,
19494,3059,2898,2025-02-23,2025-04-03,
19553,3342,2406,2024-09-18,,2024-09-26
19686,4766,157,2024-01-27,,
19713,4239,2246,2025-11-21,,
19725,8605,3697,2025-05-05,2025-06-12,
19777,7114,3640,2024-12-27,,2025-02-25
19934,2059,2615,2024-06-17,2024-08-05,
119,3901,2093,2025-03-18,,
436,3018,579,2025-05-31,2025-11-06,
450,1851,520,2025-10-23,2025-12-21,
731,7387,346,2025-06-27,,2025-09-24
737,88,3666,2025-07-04,,
1193,6944,784,2024-09-27,,
1252,7910,4427,2025-02-01,2025-04-05,
1719,9798,159,2024-10-10,,
1894,892,3935,2024-06-14,,2025-06-05
1942,3310,4212,2024-01-26,,
2112,9264,39,2024-04-01,2024-08-15,
2227,1388,162,2024-11-12,,2024-11-29
2552,7856,3321,2025-04-01,,
2612,2367,2489,2025-05-31,,
2879,2276,1152,2025-12-11,,
3281,4084,4771,2024-07-05,,
3470,6541,2364,2024-07-01,,2025-05-25
3510,5194,1254,2025-02-01,,
3550,5365,4365,2024-11-06,,
3684,5638,1808,2025-03-28,2025-05-31,
4560,462,3765,2025-05-06,,
4904,8109,4398,2024-04-13,,
5388,859,1444,2025-08-12,,
5643,5035,582,2025-07-12,,2025-10-13
5889,8252,3,2025-07-03,,
5904,2626,1495,2024-05-22,2024-11-05,
6834,7196,4001,2025-11-27,,
7128,6489,2879,2025-05-11,,
7181,8453,3269,2025-10-14,,
7287,5803,4324,2025-12-21,,
7729,7833,3112,2024-07-18,,
7832,4678,4169,2025-08-09,2025-12-08,
7915,6855,3167,2025-09-03,,
8355,4757,826,2025-04-03,,2025-05-07
8385,3738,1154,2024-03-07,2024-06-21,
8477,1579,2767,2025-03-01,,2025-10-23
8490,6132,4076,2025-09-06,2025-12-14,
8691,8199,1049,2024-03-04,2024-04-28,
8879,3161,162,2024-10-03,,
8924,6122,3274,2024-08-31,2024-11-05,
9287,9350,4787,2024-08-10,2024-10-02,
9768,6308,4752,2023-12-26,,
9836,6765,1884,2024-06-26,,2025-04-22
9970,9623,3200,2024-12-11,2025-04-19,
10075,3297,4146,2024-01-17,2024-04-05,
10085,1763,1818,2025-07-13,2025-11-28,
10120,8049,4022,2025-03-23,,
10342,7370,418,2024-07-13,,
10748,1948,3292,2024-07-04,,
10865,7922,3131,2024-07-14,,
11709,3162,4810,2024-07-19,,
11881,1211,2271,2025-11-17,,
11994,8241,2776,2025-09-13,,
12041,5323,2721,2024-12-24,2025-02-05,
12209,4988,3301,2025-12-15,,
12230,5821,3349,2024-08-07,,2024-08-11
12599,8450,1280,2025-04-09,2025-08-12,
12640,8714,3278,2024-07-11,,
12663,4223,400,2025-04-10,,
12789,3192,2102,2025-07-02,2025-11-13,
13130,9074,3768,2024-11-15,,
13473,455,2750,2025-08-09,2025-11-25,
13688,7015,4638,2025-02-13,,
13784,3559,4793,2024-07-05,,2024-09-02
14097,6090,3563,2024-04-06,,
14296,8905,1858,2025-04-22,,
14396,3606,941,2025-04-09,2025-08-20,
14640,4532,2370,2025-03-14,2025-04-01,
14798,475,3075,2025-02-09,2025-05-24,
14972,8044,4558,2024-07-20,,2024-11-07
15036,3460,3739,2025-11-11,2025-12-17,
15395,1619,2087,2024-02-04,2024-07-03,
15533,9062,2803,2025-07-12,,
15575,3519,936,2025-08-16,,
15664,1235,2215,2025-10-14,,2025-12-07
15854,2854,2746,2024-03-07,,
16053,527,1085,2024-07-17,,
16292,4784,381,2024-06-01,,
16900,8643,999,2024-03-18,,
17004,2562,985,2024-08-14,2024-09-10,
17851,9913,906,2025-07-11,,2025-08-12
17865,1071,1836,2025-03-15,,
18075,2412,786,2025-11-09,,
18360,986,2675,2025-03-30,,
18608,1965,282,2025-03-04,,
18620,1732,1428,2024-05-08,2024-10-05,
18672,6607,1186,2025-12-20,2025-12-25,
18981,314,3620,2025-03-02,,
19521,5282,2734,2024-03-22,2024-08-21,
19554,8693,3264,2025-06-01,,
19666,5628,3352,2025-12-20,,
19710,652,4134,2024-01-05,,
145,342,3260,2024-07-05,2024-08-07,
217,561,3914,2024-06-22,,
234,4835,4733,2025-05-18,2025-06-28,
496,8134,3914,2024-11-16,,
765,2809,4206,2024-02-24,,
1161,2534,2330,2024-08-23,,
1185,9302,4867,2025-05-20,,
1270,2639,1426,2024-08-02,,
1649,6279,3170,2025-01-04,,
1808,9737,2532,2025-09-19,,2025-10-25
1969,7088,485,2025-06-01,,
2474,6025,2423,2025-10-24,,
2520,6216,3727,2024-08-29,,
2659,3563,20,2025-01-09,,
3013,6515,4706,2025-07-24,,
3654,5354,3288,2024-04-11,,
3847,8994,2463,2025-11-16,2025-11-24,
3913,3125,814,2024-11-12,,2024-11-23
4123,9278,505,2024-06-12,,
4170,4333,4856,2025-04-14,,2025-08-02
4383,3633,3329,2024-04-13,2024-08-02,
4481,3964,3996,2024-07-16,,
4805,6308,3460,2024-12-11,,2025-02-01
5032,3452,1939,2025-07-17,2025-10-18,
5070,8505,1926,2025-08-16,2025-11-11,
5827,485,5000,2025-10-18,,
5873,8267,2711,2024-07-05,2024-09-14,
5931,9520,523,2024-02-12,,
6245,9676,3839,2025-10-02,2025-11-13,
7083,1867,753,2025-05-29,2025-08-18,
7211,9541,3408,2024-05-08,2024-09-13,
7260,428,736,2024-10-20,,
7293,4407,3251,2024-08-14,2024-11-25,
7295,5105,2616,2025-12-08,,
7436,4750,412,2025-07-01,,
7623,2692,3849,2024-02-20,2024-07-09,
7704,2550,4085,2024-06-24,,
8069,3006,981,2025-01-28,,
8170,7442,3775,2024-05-04,,
8489,6891,3499,2024-05-27,,
8626,9929,95,2025-02-10,,
8639,5372,1796,2025-11-05,,
8832,4332,4160,2025-04-22,,
8835,8360,4349,2025-03-25,2025-06-25,
8916,8635,3165,2024-10-31,2025-03-21,
8923,7890,3312,2024-05-02,,
9158,6159,3806,2024-11-11,,
9234,392,409,2025-01-10,,
9346,8613,645,2025-04-28,,
9750,8093,4354,2025-05-16,,2025-06-18
10277,5410,3802,2024-08-17,2025-01-03,
10344,7298,4119,2025-10-05,,
10367,2418,607,2025-11-23,,
10421,2524,1750,2024-03-24,,
10538,1699,3641,2025-11-22,,2025-11-27
10571,7542,437,2025-04-17,2025-06-06,
10818,5190,3211,2025-08-06,,
10890,5667,4132,2024-01-22,,2024-01-23
10954,1687,2327,2024-01-07,2024-04-14,
11497,9148,1347,2024-01-20,,
11990,5363,382,2024-03-21,,
12050,9904,4487,2025-12-12,,
12107,195,3684,2025-06-27,,2025-07-09
12652,4368,1287,2025-11-27,,2025-12-24
12859,1094,3156,2025-04-17,,
12947,3643,3064,2024-12-24,,2025-12-03
13063,762,2630,2024-03-09,2024-04-12,
13082,5025,4911,2024-03-08,,
13128,4233,1934,2024-10-29,,
13183,7828,4006,2024-05-27,,
13628,4910,1956,2025-05-13,,
13658,9831,2057,2024-02-22,2024-06-02,
13707,7932,4713,2024-02-01,,2024-11-12
13723,5618,1328,2024-04-12,2024-08-21,
14057,7053,2114,2024-04-12,,
14163,3440,1489,2025-08-20,2025-12-12,
14347,897,850,2024-02-28,2024-05-27,
14369,6554,3432,2025-10-14,,2025-12-15
14758,9704,2495,2025-03-13,2025-07-23,
14858,4365,1175,2025-04-27,,
15108,723,1976,2024-08-09,,
15334,9677,1691,2025-01-30,2025-03-26,
15659,8406,3477,2025-02-25,,
15677,3033,1075,2024-05-14,,2025-02-23
15738,291,3160,2025-09-29,,
15753,7234,3988,2025-04-06,,
15829,5776,1616,2024-02-11,,
16026,8052,3,2024-10-25,,2025-04-24
16949,3500,736,2024-09-10,,2024-09-14
17015,3026,322,2024-12-19,,
17038,1422,4133,2024-07-06,,2024-12-13
17154,9279,1487,2025-10-20,,
17369,2545,4779,2024-08-23,,
17414,6964,560,2025-07-26,,
17443,3456,2361,2025-10-24,,
17695,7217,3683,2025-04-05,2025-05-17,
17973,2427,1822,2025-02-09,,2025-04-04
17989,3806,3656,2024-10-13,,
18778,4206,2310,2024-09-13,,
18919,9515,605,2025-12-19,,
19354,3971,3202,2025-07-11,2025-10-21,
19790,9988,460,2025-08-09,2025-12-23,
19946,5023,368,2024-02-15,,2024-05-28
19958,6972,2189,2025-12-18,2025-12-25,
709,829,3063,2025-12-05,,2025-12-24
1055,9476,1039,2025-07-30,,
1143,1007,1008,2025-04-18,2025-09-23,
1170,9925,4122,2024-06-21,,
1455,8086,3007,2025-11-14,2025-12-12,
1491,5025,1070,2025-12-04,,2025-12-09
1527,1646,3190,2024-10-11,,
1922,4023,2586,2024-05-19,,
2009,6394,1523,2025-06-27,,2025-09-19
2172,5523,2597,2024-02-01,,
2595,471,3850,2024-08-13,,2025-02-17
2644,4343,2779,2025-05-12,,
2696,3784,726,2025-08-11,,
2810,2826,1218,2024-08-13,,
3087,1843,3749,2025-06-23,2025-09-10,
3481,139,4809,2025-08-22,,
3525,3712,2410,2025-07-14,,
3584,6566,1159,2025-06-01,,
4168,2354,4821,2025-11-14,,
4771,3558,191,2025-11-14,,
4960,5126,1714,2024-11-20,,
4998,2032,2556,2025-03-11,2025-07-26,
5268,5336,1626,2024-03-16,,
5377,1373,2720,2024-05-20,2024-10-15,
5507,90,3723,2024-03-16,,
5647,1814,4193,2024-10-14,,
5704,8978,4933,2025-11-12,,
5784,2426,2831,2025-09-03,,
6330,8257,246,2024-12-22,2025-05-15,
6563,4992,403,2025-08-03,2025-10-07,
7081,1767,4167,2024-10-07,,
7228,3791,3538,2025-05-08,2025-07-10,
7326,9122,1445,2024-11-27,,2025-10-14
7399,6320,3125,2025-03-04,,
7418,1758,2463,2025-10-03,,
7420,6308,807,2025-10-01,,2025-11-24
7573,9751,2772,2025-03-19,,
7848,2203,3712,2024-03-21,2024-07-03,
8063,7117,2279,2025-08-26,,
8091,3581,2274,2024-03-03,2024-06-29,
8844,2891,1056,2025-09-25,,
8866,9458,2451,2025-04-08,,
9163,3302,1151,2025-03-18,,
9213,7906,3259,2025-07-16,,2025-10-07
9225,5210,4012,2025-12-23,2025-12-25,
9363,3268,1158,2024-04-19,,
9467,6870,304,2025-07-24,,2025-11-06
9675,6924,4168,2025-06-17,2025-06-30,
9732,370,1602,2025-07-21,2025-12-24,
10350,9115,3320,2025-11-06,,
10749,8233,3101,2025-11-17,2025-12-20,
10862,5751,1824,2024-08-31,,
10950,6741,4798,2024-05-06,,
11079,2579,2047,2024-09-10,,
11129,2885,4257,2025-04-16,2025-06-29,
11251,1216,1973,2025-01-07,2025-02-19,
11392,1250,2410,2025-10-27,,
11940,4916,658,2024-08-04,,
12059,4965,1423,2024-12-18,,
12151,8607,236,2024-09-28,,
12421,7514,4164,2024-12-07,2025-04-14,
12734,5480,3763,2025-02-05,,
12948,2306,1329,2024-04-25,,
13108,5611,748,2025-03-29,2025-04-24,
13225,3713,1288,2024-09-30,,
13321,8847,3159,2025-02-09,2025-04-04,
13626,2759,1592,2025-10-17,,
13808,5461,1958,2025-09-30,,
14010,5288,256,2024-04-12,2024-06-26,
14082,951,39,2024-08-27,,
14573,1462,2375,2024-08-11,,2025-03-07
14699,2912,3602,2025-07-25,,
15085,558,4041,2024-07-23,,
15289,9926,2532,2025-10-12,,2025-11-11
15458,9000,3350,2025-10-25,2025-11-30,
15608,1801,793,2025-08-30,,2025-10-25
15633,7702,3874,2025-11-07,,
15781,9538,2033,2024-07-10,2024-08-15,
15865,3057,2625,2025-11-17,,
15870,2705,4087,2024-05-04,,
15876,5578,3237,2025-03-13,2025-05-03,
15890,2106,737,2025-01-28,,
16324,1970,3831,2024-10-18,,
17224,9247,1679,2024-02-03,2024-05-12,
17428,3601,4757,2024-01-13,,
17667,3218,1493,2025-05-26,,
17843,8321,2152,2025-03-10,,
17844,9479,1257,2025-05-25,,
17856,3998,125,2024-10-29,2025-04-07,
18215,4572,918,2025-12-14,,
18398,5511,3643,2024-07-01,,2025-06-01
18523,5780,1482,2025-04-23,,2025-05-23
18537,5648,2648,2025-11-28,,
19104,9461,2574,2024-03-20,,2024-07-30
19120,153,4436,2025-11-05,,
19522,14,3015,2024-10-10,,2025-08-03
19601,4551,585,2025-11-27,,
19722,7842,3223,2025-08-27,,
19989,5790,956,2024-10-30,,
278,2536,2510,2025-12-09,2025-12-22,
397,2117,2933,2025-06-25,,
487,4592,4927,2025-10-12,2025-10-31,
542,2149,1598,2024-08-03,,2024-08-07
686,2712,3578,2024-09-12,,
902,2051,208,2024-01-22,2024-05-22,
1083,2515,2285,2024-05-07,2024-06-05,
1615,2063,115,2024-11-13,,2025-05-24
1732,6687,1547,2024-07-21,2024-09-25,
1754,893,196,2025-09-10,2025-10-20,
1777,5224,1628,2024-06-17,,
1960,7956,237,2024-01-28,2024-06-11,
2015,936,3682,2024-02-11,,2024-04-20
2159,1286,4938,2024-12-02,2025-03-25,
2606,7073,3412,2025-06-16,,
2641,5236,4100,2024-04-25,,
2687,882,1117,2025-06-25,,
2963,4457,3916,2025-05-17,,
2967,8473,256,2024-08-02,2024-12-13,
3067,639,1974,2025-08-01,,
3071,5772,2052,2024-09-26,2025-01-22,
3456,9542,4886,2025-12-15,,
3688,4678,33,2025-02-17,2025-07-04,
3707,4148,1508,2024-07-02,,
3737,4560,4451,2024-09-25,,
4080,581,1537,2025-08-03,,
4081,2587,1865,2025-12-20,,
4306,84,3581,2025-05-05,2025-10-08,
4357,2219,3716,2025-03-17,,
4633,42,4823,2025-08-15,,
4665,6061,882,2025-12-04,,
4692,596,1500,2025-11-24,,
5242,1532,763,2024-11-22,2024-12-11,
5414,1243,765,2025-04-17,2025-05-18,
5476,9071,3061,2025-11-01,,
6356,5608,2318,2024-10-23,,2025-10-10
6433,2711,2297,2025-08-31,,
6445,3874,2587,2024-05-04,,
6814,1876,2180,2025-10-20,,
6843,585,3424,2024-12-18,,2025-10-16
7196,473,3150,2025-12-23,,2025-12-25
7603,8443,211,2025-04-29,,
7749,8549,15,2025-11-23,,
7756,1297,412,2025-01-03,2025-05-21,
8274,3053,1556,2024-01-09,,
8325,8017,2068,2025-04-23,,
8350,5831,1602,2024-12-13,,
8717,7132,3226,2025-12-16,,2025-12-23
8797,6594,600,2024-04-18,,
9151,5443,4316,2025-09-02,,2025-10-18
9265,1146,3075,2025-03-26,2025-04-10,
9281,7433,2725,2024-02-04,,
9380,7673,542,2025-02-26,,
9614,2645,3227,2024-11-18,,
9785,9783,4491,2024-11-19,,2025-06-21
10015,5838,2053,2024-02-14,,
10405,8974,1445,2024-04-18,2024-08-09,
10671,2250,1747,2024-03-15,,
10843,9928,4005,2024-02-21,,2024-09-25
11317,8379,2808,2025-03-15,2025-08-31,
11367,1915,682,2025-09-17,2025-12-07,
11606,8630,762,2024-02-26,,
11691,1406,123,2024-02-24,,2024-08-08
11730,7632,2097,2024-02-05,2024-06-11,
12019,643,603,2024-04-18,,
12186,1347,4999,2025-07-13,,
12708,2131,3888,2025-03-22,,
13031,2727,1883,2024-05-05,,2024-09-12
13192,1978,969,2024-04-11,,
13200,6189,3567,2024-10-15,,
13275,288,2039,2024-08-05,2024-11-26,
13419,3344,717,2025-06-17,,
13554,2523,2285,2025-07-25,,2025-09-12
13709,4314,2811,2025-08-09,,2025-11-12
13928,8523,3524,2025-10-05,,
13965,110,1426,2024-11-26,,
14254,7545,1540,2025-09-10,2025-10-23,
14664,5744,618,2025-03-20,,
15209,8357,4839,2024-10-23,,2025-07-08
15330,136,3897,2025-09-26,2025-12-19,
15644,5828,4896,2024-04-20,,
16205,3890,4322,2024-09-24,2024-10-11,
16367,2732,1534,2024-10-11,,2025-02-02
16779,1351,298,2024-12-03,,
17158,9785,2743,2024-01-19,,
18050,5952,1664,2024-04-30,2024-05-31,
18051,4221,2891,2025-11-10,,2025-11-30
18074,1545,2943,2025-12-07,,
18106,2909,548,2024-12-21,2025-02-24,
18124,5155,4788,2025-02-26,,
18373,5943,3204,2025-06-06,2025-09-11,
18631,1839,854,2025-04-15,2025-10-11,
18669,2195,1338,2024-09-01,,
18673,2590,2069,2025-02-11,2025-06-29,
18693,1351,239,2025-01-11,,2025-06-15
18831,5030,4872,2025-07-06,,
19010,3680,2925,2024-01-24,,
19041,516,3966,2024-01-09,,
19156,199,3201,2025-03-04,2025-03-21,
19210,9992,2136,2025-07-12,2025-10-25,
19380,9505,3365,2024-10-01,,
19409,6539,3301,2025-08-12,,
19649,6420,3202,2025-09-07,,
19689,6819,1274,2025-10-21,,
111,1071,3311,2024-05-13,,
201,2133,327,2025-02-22,,
348,145,3546,2025-02-21,,
521,2049,1548,2025-11-28,,
706,5311,1747,2024-04-12,,
925,5919,4043,2024-09-04,,
1059,5289,953,2025-03-13,,
1082,4000,208,2024-04-06,2024-06-02,
1125,3110,2231,2024-12-19,,
1249,459,2284,2025-11-24,,
1753,5229,2771,2025-04-06,,
2173,1713,4245,2024-04-11,,
2260,3596,1816,2023-12-30,2024-03-28,
2503,9121,2403,2025-06-15,,
2617,7823,1971,2024-03-14,,
2785,3798,2219,2024-11-28,,
2829,7485,750,2025-10-06,,
3111,6435,3994,2023-12-31,2024-02-11,
3120,9950,2974,2024-12-25,2025-03-30,
3152,3733,4692,2025-02-12,,
3582,6867,1327,2025-07-28,,
3620,7210,2226,2025-10-14,2025-11-16,
3985,1054,4888,2025-12-16,,
3988,3881,3887,2024-10-11,,
4073,1019,267,2025-05-31,2025-11-24,
4152,700,2510,2024-04-25,,
4277,3093,1057,2025-12-22,,2025-12-25
4315,6076,2154,2024-12-25,,2025-10-10
4411,6417,1114,2025-07-18,2025-10-08,
4534,7100,325,2025-02-07,2025-05-24,
4542,68,4437,2025-08-09,,
4590,5431,2189,2025-06-02,,
4709,3402,2808,2025-10-16,,2025-11-28
5071,1436,3752,2024-08-27,,
5141,8851,3274,2025-05-21,,
5196,5615,283,2024-07-24,,
5389,1986,2417,2025-10-17,,
5508,1297,3466,2025-09-27,2025-11-14,
5781,9972,1609,2025-05-11,,
6093,599,2603,2025-11-21,2025-12-19,
6255,9004,789,2024-10-02,2025-02-10,
6347,5376,4413,2025-04-17,,
7158,695,988,2024-04-24,2024-06-21,
7232,991,994,2025-05-18,2025-10-13,
7947,1128,4729,2025-07-23,,2025-11-17
8291,9025,2570,2025-09-17,,
8332,2639,1142,2025-03-28,,
8623,7037,1714,2025-12-10,,
9016,65,2129,2025-01-27,,
9049,200,316,2025-02-24,,
9116,8088,771,2024-09-04,,2025-01-20
9348,1665,4310,2025-07-28,,
9578,5781,2313,2024-01-26,,
10082,4074,52,2024-01-02,,
10272,1373,1942,2025-05-11,,
10369,3608,2563,2025-07-15,,
10949,1353,1438,2024-06-11,,
11489,5426,3042,2024-08-07,,
11491,1591,4328,2024-03-21,,
11494,7566,682,2024-05-23,2024-10-28,
11592,1135,2863,2024-02-27,,
11602,814,1923,2024-08-26,,
11801,5547,2808,2024-10-13,,
11832,8004,4531,2025-12-11,,
11854,8645,1538,2025-08-08,,2025-09-17
12165,3945,1263,2023-12-29,,
12276,1411,381,2025-01-15,,
12281,4900,93,2025-03-17,2025-09-06,
12709,2256,1268,2024-09-27,,
12752,6555,2109,2024-07-30,2024-09-13,
12934,6609,676,2024-09-17,2025-01-25,
13118,2817,2751,2025-04-15,,
13314,7071,958,2025-08-16,,
13497,5042,3070,2025-05-07,2025-05-18,
13880,7164,3647,2024-03-30,2024-09-08,
14421,8273,2158,2025-11-27,,
14575,5864,4555,2024-10-06,,2025-05-26
14645,264,3113,2025-08-17,,
14882,5040,3341,2024-05-08,,
15121,3940,3697,2024-03-24,,2024-09-07
15163,7458,4405,2024-03-14,,
15227,6442,3677,2025-05-03,,
15609,7931,2570,2025-09-21,,
15833,3512,3400,2024-07-12,2024-09-11,
15938,4498,504,2025-05-11,,2025-05-12
16001,8223,88,2025-05-28,,2025-08-15
16297,5411,2081,2024-09-09,,2025-03-24
16312,3705,2185,2024-11-23,,2025-10-01
16334,4180,1511,2025-09-25,,
16373,6884,1477,2024-09-18,,
16540,8008,1324,2024-08-25,2024-10-05,
16568,1248,4720,2025-02-08,,2025-02-12
16805,5329,3421,2025-08-24,,2025-09-06
17044,2556,4616,2024-06-07,,
17218,2099,211,2024-12-29,,
17354,5793,3678,2024-03-04,,
17872,9239,1614,2023-12-27,,2024-03-25
17898,3803,1708,2024-02-17,,
18063,1216,1467,2025-07-05,,
18093,4171,3639,2025-12-24,,
18262,4253,3349,2025-01-14,,
18290,6469,4151,2025-01-29,,
18522,9678,3455,2025-01-12,2025-03-17,
18542,4787,1540,2024-08-29,,2025-05-11
18546,629,3521,2024-05-21,2024-09-07,
18626,8910,833,2025-02-11,,
18863,1220,1231,2025-03-20,,
19085,2810,1025,2025-07-04,,
19697,2059,1240,2025-04-22,,2025-08-01
50,9773,4385,2025-08-02,,
70,3236,3956,2024-10-26,,
447,7804,4604,2024-11-07,,2025-02-13
712,8029,4187,2024-04-27,2024-09-11,
964,5913,2613,2025-07-15,2025-08-20,
1117,775,4296,2025-06-08,,
1733,5672,3123,2024-08-07,2024-09-10,
2013,4459,596,2025-01-22,2025-04-07,
2177,2114,394,2024-07-05,,
2271,7231,3981,2025-04-13,,
2413,8697,3286,2024-03-03,,
2957,3516,137,2024-09-21,,
3720,406,448,2025-03-26,,
3741,6407,858,2025-11-21,,
3995,980,3435,2025-01-29,,
4366,6123,3660,2025-01-24,,
4565,5507,4479,2024-08-04,,2024-10-31
4649,4831,3901,2023-12-30,,
5613,9583,609,2024-09-23,,
5756,6870,963,2025-10-04,,2025-10-17
5777,2012,3845,2025-01-21,,
6079,226,911,2025-08-08,,
6900,5115,631,2025-07-22,,
6911,4135,4672,2024-12-19,,
7667,1229,2052,2025-05-03,,
7753,6754,4903,2024-03-30,2024-07-08,
7803,3606,2128,2024-11-27,2025-01-28,
7933,1748,1079,2024-01-24,,
8050,9753,371,2025-06-14,,
8276,5046,508,2025-01-09,,
9136,5086,437,2024-12-31,,
9456,5267,4266,2025-06-07,,2025-06-29
9568,1107,4198,2024-03-22,,2024-04-10
9911,129,1968,2025-05-25,2025-06-03,
9935,482,1684,2024-12-01,,
10005,562,2815,2024-11-11,,2025-08-30
10744,1488,365,2025-08-29,2025-09-05,
10903,920,2000,2024-06-17,,
10933,103,3580,2024-04-25,2024-06-11,
11186,4122,798,2025-06-12,,
11503,6585,3227,2025-12-21,,
12150,8182,3320,2025-08-12,,
12738,3902,671,2025-12-14,,
13886,8263,144,2024-11-04,,
13903,4382,3629,2025-01-30,,
14114,2370,1110,2025-12-16,,2025-12-21
14323,4631,4635,2024-04-23,,
14544,7656,1932,2025-10-07,,
15499,9561,1541,2025-09-17,2025-11-25,
15867,7310,2770,2024-11-08,2025-03-14,
15933,705,3550,2025-10-03,2025-11-29,
16090,403,3634,2023-12-27,,
16284,797,4434,2025-01-21,2025-04-02,
16452,575,1430,2024-11-25,,
16794,4154,1453,2025-05-03,,2025-09-21
17418,2791,4449,2025-04-18,,
17553,9658,2600,2024-10-03,2024-11-06,
17698,2904,4601,2024-01-20,2024-04-18,
17742,6045,240,2025-09-18,,
17777,3918,3739,2024-01-04,,
17852,6914,4323,2024-04-30,2024-07-08,
17882,9354,345,2025-11-10,,
18030,4903,495,2024-05-29,2024-06-30,
18047,6392,2277,2025-04-04,,2025-12-25
18893,7064,3677,2024-05-10,,
19426,564,3080,2024-06-05,,2024-11-11
19440,7896,3436,2025-11-21,2025-12-02,
19632,8156,228,2025-06-26,2025-10-25,
19828,1685,2377,2025-02-28,,
19839,7944,3866,2024-11-13,2025-05-07,
211,2507,3080,2025-08-23,,
541,9000,3301,2024-07-29,,
660,782,2138,2025-05-14,,
832,4700,74,2024-08-11,,
1755,6602,2409,2025-10-06,,2025-10-11
1842,905,2404,2024-09-04,,
2289,693,487,2025-06-01,,
2713,9479,4308,2024-11-13,,
2808,2570,3372,2025-06-01,2025-09-24,
2929,3751,2472,2025-11-19,,2025-12-12
3368,9224,622,2024-06-18,2024-10-04,
3401,5786,4368,2025-03-09,,
3505,9183,875,2024-10-12,,
3507,2201,4249,2025-08-19,,
3873,3768,3911,2025-07-03,,
3884,3768,514,2025-07-15,2025-07-25,
3941,8689,1256,2024-10-15,,2025-04-11
3973,298,483,2025-04-14,,
3978,3055,1463,2025-09-14,,
4029,4664,2618,2025-03-28,,2025-11-18
4243,5872,3087,2025-09-22,2025-09-30,
4388,7899,4726,2024-01-08,,2024-05-25
4873,2073,390,2025-03-21,,
5181,4580,2463,2025-03-23,,
5668,9155,1919,2025-10-26,,
5800,7915,4660,2024-06-12,,
6934,7042,402,2024-02-11,2024-04-30,
7051,8101,3432,2024-01-31,2024-06-03,
7285,9431,506,2025-09-06,,2025-10-01
7391,1763,330,2024-09-16,,
7670,8050,460,2025-04-30,,
7703,1382,3461,2025-10-02,,
7956,2220,1410,2025-11-22,,
8215,520,4460,2025-05-15,,
8389,7667,1009,2024-10-26,,
8395,4584,1462,2024-05-18,2024-09-28,
9269,2543,4319,2025-10-14,,
9444,8551,4440,2024-05-09,,
9931,4580,2209,2024-12-01,,
9998,9427,3396,2025-11-27,2025-12-16,
10049,8876,4983,2025-08-23,2025-11-30,
10099,5166,1019,2025-12-19,2025-12-25,
10182,4070,1628,2024-11-20,,2025-01-09
10230,5884,4468,2024-04-15,2024-10-03,
10467,6523,4717,2025-08-03,,
10739,1146,2113,2024-12-16,,2025-08-29
10920,3799,254,2025-12-10,,2025-12-21
11046,1211,1723,2024-01-24,,
11076,8957,4380,2024-08-15,2024-11-01,
11436,7420,120,2025-04-01,,2025-08-21
11465,3871,2710,2024-08-25,,2025-01-02
11966,1030,1638,2025-09-30,2025-10-21,
12053,9761,3354,2024-11-19,,
12380,579,657,2025-11-06,2025-11-20,
12820,91,2268,2025-10-25,2025-12-09,
12941,8331,3308,2025-09-27,,
13445,8392,3770,2024-11-09,,
13472,9642,1527,2024-04-05,,2025-01-05
13512,8389,1520,2025-12-17,,
13629,1459,2844,2025-12-14,2025-12-25,
13751,8720,764,2025-10-27,2025-12-19,
13919,2813,954,2024-11-16,2025-03-06,
14063,603,4864,2024-04-19,,2025-02-19
14089,9405,3913,2024-05-03,,2024-09-18
14290,2999,2681,2024-10-02,,
14293,2245,62,2025-04-09,2025-05-13,
14689,162,3029,2025-01-12,2025-06-22,
14947,7871,4296,2025-01-10,2025-02-24,
14993,559,4777,2025-11-16,,2025-11-22
15038,6145,3890,2024-10-18,,
15292,4250,4216,2025-05-03,,
15305,8828,4705,2024-10-28,2024-12-09,
15393,4200,2934,2024-05-24,,
15542,9711,1101,2024-11-18,,
15793,4226,4193,2025-04-27,,
16034,5180,2276,2024-03-08,,2025-02-03
16251,8738,3374,2025-01-08,2025-06-24,
16887,6090,4153,2025-05-09,,
16918,4954,581,2025-05-02,,
16993,554,1982,2024-09-19,,2024-12-06
17282,8840,4315,2024-11-09,2025-04-27,
17401,675,3203,2025-01-30,2025-05-20,
17614,3197,2348,2024-10-04,2025-01-24,
18371,1159,2577,2025-12-09,,2025-12-11
18414,9100,232,2024-12-10,,
18595,3556,1179,2024-01-04,,
18838,154,2294,2025-04-26,,
18914,3045,1670,2025-07-04,,
19059,2490,1125,2025-04-07,,
19276,7030,3428,2024-12-26,,2025-08-03
19307,8400,1690,2025-10-03,,
19312,608,4679,2025-01-18,2025-07-17,
19378,886,2359,2025-07-09,2025-09-13,
19489,5461,2893,2025-10-18,2025-10-29,
19866,9619,613,2024-04-09,,
19880,43,2682,2025-12-20,,
19904,4243,1546,2025-04-04,,
79,5031,4834,2025-06-09,,
501,157,4272,2024-10-11,2025-01-05,
728,2246,3692,2024-08-12,,2025-05-06
913,6220,2955,2025-12-15,,
1447,2893,2215,2025-11-13,,
1712,7067,928,2024-11-18,,
2149,9109,4281,2024-01-30,2024-06-18,
2495,8106,988,2025-01-28,,
2671,5022,3311,2024-01-11,,
2742,2055,1726,2024-05-05,2024-07-08,
2817,9471,3526,2025-02-02,,2025-11-16
3189,7797,723,2025-04-23,2025-10-02,
3318,5264,4527,2024-01-28,,
3359,8306,4642,2025-03-24,,2025-11-30
3433,6000,2981,2025-05-20,,
3527,45,2139,2025-09-04,,
3546,3798,4439,2025-04-08,,2025-09-13
3805,388,4232,2025-09-02,,2025-12-11
3990,4122,3027,2025-01-23,2025-05-25,
4000,3196,3688,2025-09-18,,
4074,5522,3700,2025-10-03,,
4186,3529,3978,2024-05-11,,2025-04-25
4353,5436,1794,2024-04-14,,
4762,5928,3813,2025-09-15,,2025-12-25
4879,3537,1869,2024-11-25,,2025-09-20
4912,8733,2175,2024-12-15,2025-06-04,
4958,4509,85,2025-10-28,,
4997,9197,601,2024-05-02,,
5119,8850,3211,2025-02-19,2025-07-27,
5212,805,4117,2024-12-08,2025-05-02,
5319,7875,4446,2025-10-09,2025-11-22,
5342,2509,2414,2025-03-05,,
5349,2570,4698,2025-02-06,,
5420,5218,4893,2024-09-11,2025-01-16,
5779,9299,2476,2024-10-01,2024-12-03,
6662,3465,2074,2024-04-19,,
6744,673,1719,2024-11-05,,
7098,1990,1764,2025-10-17,,
7101,4466,2078,2025-11-30,,
7699,680,1553,2024-10-05,,
7714,8985,1187,2025-03-14,2025-07-02,
8005,4064,1844,2024-08-07,2024-09-25,
8019,515,4151,2025-12-22,,
8345,5435,2635,2025-08-09,2025-11-10,
8823,8130,1863,2024-03-29,,
9162,3073,2999,2025-06-01,,
9339,7661,1518,2024-04-07,,
9350,4924,2664,2024-08-11,,2025-01-23
9490,2084,3373,2025-11-24,2025-12-01,
9747,7957,103,2025-08-11,2025-12-13,
9843,4650,1890,2024-11-27,,
10058,4724,3010,2024-03-15,,
10065,1244,2227,2024-09-14,,
10135,6965,2218,2024-06-02,,
10237,7637,1903,2024-07-06,,
10429,4792,4205,2025-08-07,,
10621,8109,295,2025-07-08,,
10747,1261,650,2025-11-19,,
10859,7412,3515,2025-01-13,,2025-02-19
11610,3627,434,2025-09-12,,
11696,3451,4038,2025-09-15,,
11915,886,4487,2025-05-11,,
11925,1366,3094,2024-02-02,,
12174,3887,3068,2025-04-16,2025-07-22,
12326,5284,2784,2025-05-21,,
12409,7692,3733,2025-10-13,,
12600,9060,4013,2025-02-16,,
12897,1383,1292,2025-04-02,,
12916,4314,2440,2025-08-04,,
13074,213,4469,2025-03-18,,
13247,300,231,2024-04-16,,2024-06-29
13456,2674,1223,2024-09-05,2024-12-14,
13522,7016,516,2025-05-05,,
13545,1548,4966,2025-11-05,2025-12-11,
13741,1115,4992,2025-05-09,,
13869,4357,4636,2025-09-12,,
13926,6849,408,2025-09-05,2025-10-02,
13968,1133,2868,2025-07-19,,
13980,9865,3583,2024-03-27,,
14191,9275,196,2025-02-12,2025-07-13,
14319,2917,2423,2024-12-10,,
14343,2021,4340,2025-03-07,,
14393,1528,1114,2025-06-05,2025-11-19,
14793,5534,1495,2025-10-28,,2025-11-14
14922,4043,710,2025-11-04,,
15795,5158,4501,2024-03-03,2024-04-17,
16238,253,1596,2025-05-23,,
16358,298,3035,2024-05-10,2024-06-06,
16497,7944,258,2025-08-18,,
16536,2496,2785,2024-10-08,,
16559,8212,4731,2025-05-03,,
16633,8161,2656,2024-09-09,2024-11-05,
17010,6791,708,2024-05-04,2024-10-05,
17045,6438,3822,2024-07-17,,
17203,1735,4675,2024-06-01,,
17799,4581,4266,2025-10-07,,2025-11-17
17930,7528,3548,2025-04-09,,
18120,7615,668,2024-04-16,,
18477,4584,4118,2025-05-03,,
18635,2178,4039,2025-02-14,,2025-09-19
18840,5243,3765,2024-07-03,,
19078,415,2381,2025-11-11,,
19468,7539,628,2024-12-07,,2025-03-08
19607,1394,3583,2024-12-27,2025-03-11,
19664,5712,3481,2025-04-01,2025-07-02,
19921,4524,3803,2024-09-02,,
36,2618,2352,2025-06-09,2025-07-03,
42,2804,4238,2024-05-23,,
358,5070,1801,2024-07-26,,
2099,9328,4366,2025-08-18,,
2277,9043,39,2024-01-12,,
2946,2007,3447,2025-11-25,,
3018,2844,674,2025-02-18,,
3043,2427,4050,2025-09-28,2025-11-27,
3331,2457,1923,2025-10-31,,2025-11-25
3417,8982,4563,2025-12-20,,
3516,9086,2574,2025-06-10,2025-08-25,
3690,8353,3142,2025-01-09,,
4249,8785,4255,2025-05-20,,
5050,1579,1066,2025-05-07,,
5172,6722,181,2024-01-24,,
5211,7905,4370,2025-05-22,,2025-11-15
5528,3875,730,2025-11-14,2025-12-20,
6300,1923,197,2024-10-01,,
6372,676,2403,2024-09-28,2025-03-18,
6491,315,4553,2025-12-24,2025-12-25,
6670,9010,2612,2025-06-08,,
6677,9373,218,2024-05-13,,
6690,3077,3787,2025-07-02,,
7024,2930,3319,2023-12-30,,
7534,5437,1951,2024-02-29,,
7560,4448,2303,2025-07-03,,
7599,8282,2280,2024-06-01,,
8162,6627,2076,2024-10-10,,
8247,3927,620,2024-06-15,2024-09-11,
8435,4005,4771,2024-09-17,,2024-11-06
8925,1741,844,2025-02-10,2025-07-10,
9022,851,1794,2025-12-23,,2025-12-25
9715,6396,4993,2025-04-13,,2025-06-28
9734,1420,3392,2024-06-29,,
9868,7086,4588,2024-03-03,,
10491,2631,2327,2025-04-15,2025-09-30,
10976,8048,1557,2024-12-03,,
11228,5690,198,2025-12-06,,
11299,4051,4859,2024-07-15,2024-11-24,
11546,9015,361,2025-01-08,2025-06-16,
11778,3264,130,2025-02-17,,
11827,7939,901,2024-12-06,2024-12-22,
12108,8282,3231,2024-05-13,,
12264,8828,1735,2025-10-16,2025-11-04,
12319,2727,4906,2024-02-08,,2024-08-22
12597,3210,3998,2025-05-28,,
12625,1660,584,2024-09-30,2024-10-27,
12724,3716,4582,2025-10-26,,
13088,5208,644,2024-08-03,2024-11-16,
13239,6234,4964,2025-07-18,,2025-09-24
14262,6283,1859,2024-08-27,,
14271,4425,853,2024-07-08,,
14308,2433,4156,2025-10-25,,
14590,3838,2142,2024-03-24,,
14845,3233,1216,2025-03-15,2025-05-24,
15000,552,151,2024-11-12,,
15039,859,1786,2025-10-07,,
15135,5236,1178,2024-07-21,,
15783,6626,4066,2024-10-05,2024-12-01,
15807,7785,4357,2025-11-18,,2025-12-25
15848,3237,4638,2025-11-25,,
15855,6221,3644,2025-02-01,,
15862,465,1588,2024-09-01,,
15910,4274,3399,2025-06-10,2025-11-19,
15963,9074,1840,2025-06-17,,
15969,8511,4477,2024-05-14,,
16103,8798,4848,2024-04-10,,
16302,6519,307,2025-07-10,,2025-08-26
16346,5330,3165,2025-08-17,,
16529,1661,917,2024-05-03,,2025-01-29
16734,8624,1286,2025-03-19,,
17153,5785,1044,2024-11-06,,
17464,9822,900,2024-11-18,,
17679,216,787,2025-06-20,,2025-12-15
17788,594,926,2024-05-30,,
18201,4650,1551,2024-11-12,,
18569,2589,2601,2025-04-07,,
18966,1281,2680,2025-10-15,,
18967,6135,440,2025-02-06,,
19092,8708,4769,2025-05-03,2025-05-27,
19247,1642,3731,2025-10-30,,
19457,1182,4978,2025-02-03,,
19559,3809,3328,2025-02-06,,
19806,7486,1338,2025-12-13,2025-12-22,
102,4644,2757,2025-02-08,,
196,1579,1966,2024-03-02,,
235,8459,2179,2024-02-17,,
911,5760,2531,2024-04-19,,
1101,7561,382,2025-11-13,2025-12-22,
1450,2549,1088,2025-12-24,,
1518,595,934,2024-10-19,,
1839,7285,34,2025-01-31,,
1921,7750,1198,2024-01-20,,2024-12-15
2316,2532,3686,2024-08-03,,
2982,6144,153,2025-04-10,,
2993,9373,876,2024-12-31,2025-03-20,
3354,7477,422,2024-02-06,,2024-03-29
3435,9308,211,2025-01-14,,
3669,4487,3245,2025-09-09,,2025-12-02
3762,6656,3005,2025-09-09,,
3917,5626,2325,2025-07-08,,
3986,4249,906,2025-08-19,,
4216,2719,4928,2024-09-17,2024-11-26,
4501,5530,4862,2025-11-22,,
4770,55,939,2024-09-22,,2025-02-18
4784,9732,1452,2024-06-24,,
4815,2241,4022,2025-03-15,,
4846,5069,1492,2025-06-26,,2025-11-29
4999,6048,4306,2024-02-09,,
5182,1528,4602,2024-08-05,2024-12-18,
5214,8421,1819,2025-07-01,,
5410,4613,4881,2025-11-03,,
5413,9971,881,2024-11-01,,
5538,6331,2070,2024-07-14,,
5687,7293,1893,2025-06-22,,
5975,8757,4989,2025-12-18,,2025-12-24
6052,4326,1798,2024-12-17,,2025-07-04
6053,592,2308,2025-04-10,,
6110,796,1961,2025-02-05,2025-02-27,
6186,9119,3613,2025-12-19,2025-12-25,
6499,2221,179,2025-12-22,,2025-12-24
6955,6750,1727,2024-10-05,,2024-11-02
7033,9507,1,2024-11-11,,
7133,9620,2733,2025-02-25,,
7229,4196,1277,2025-11-24,,
7468,1413,3721,2024-07-02,,
7696,5595,3109,2025-10-21,,
7737,2728,1310,2025-02-08,,
8210,6484,1657,2025-05-31,2025-08-16,
8360,1346,2312,2025-10-03,,
8605,7431,630,2025-03-29,,
9070,25,4728,2024-12-16,,
9145,8412,4524,2025-09-01,,
9289,3903,583,2025-06-13,,
9718,3566,387,2024-12-26,2025-03-06,
10399,1813,4091,2024-09-28,,
10419,7928,2749,2025-10-22,,
10444,5572,82,2025-11-25,,
10537,7509,2244,2024-12-13,,
10577,1493,2079,2025-04-28,,
11646,5695,3655,2025-07-24,,
12318,4099,4224,2024-05-19,,
12351,4816,4384,2025-02-02,2025-06-17,
12531,1679,4814,2024-06-14,2024-11-14,
12556,5825,2458,2025-12-16,,2025-12-17
12583,7518,3142,2024-10-23,,2025-04-26
12748,9214,301,2024-12-09,,
12777,9340,1413,2025-08-31,,
13214,876,1999,2025-06-24,,
13302,4038,3321,2024-12-25,2025-03-04,
13366,4204,4993,2025-10-09,,
13411,8428,3261,2025-01-10,,
13580,1811,1108,2025-03-12,,2025-06-12
13912,2847,2941,2024-02-26,,
13972,3711,2893,2025-03-02,,2025-03-05
14250,6522,4567,2025-09-30,,
14275,3281,517,2024-04-16,,
14688,6559,1830,2025-08-25,,
15114,1981,4410,2024-09-30,,2024-12-10
15180,7186,907,2024-03-07,2024-03-25,
15250,5482,770,2024-09-19,,
15304,9207,1632,2025-03-09,2025-09-01,
15453,9816,568,2025-12-10,2025-12-17,
15534,3142,1424,2025-10-18,2025-11-23,
15551,7328,2336,2025-11-01,,2025-12-05
15918,3869,1519,2025-12-19,2025-12-25,
15992,994,2657,2025-06-29,,
16004,3224,610,2025-09-16,,
16022,2891,3451,2025-10-16,,2025-12-02
16323,4749,4922,2025-04-01,,2025-10-09
16446,1928,4351,2024-08-08,,
16597,8671,3947,2025-12-23,,
16686,4495,3791,2025-05-05,2025-10-15,
16711,2441,3078,2024-12-20,,
16713,3207,4565,2025-05-21,,
16790,6476,3426,2024-04-13,,
16879,3865,3930,2024-09-10,2024-12-06,
16947,3568,3842,2024-06-02,2024-10-12,
17530,1656,4568,2025-07-18,,
17631,6297,1373,2025-03-05,2025-05-02,
17794,7574,1469,2024-12-10,,2025-03-29
18168,4835,2578,2025-03-19,,2025-11-03
18209,8327,3476,2024-09-17,,
18374,5281,279,2024-09-11,,2025-03-09
18705,4667,471,2024-03-12,,
18985,5657,806,2025-01-23,,
19239,409,1354,2024-09-16,,
19422,2158,4935,2024-01-25,,
19506,7616,1836,2025-07-25,2025-10-22,
19552,7162,2359,2025-07-15,2025-09-17,
19561,2721,4,2024-12-22,,
19949,1914,3133,2024-05-29,,
218,8519,1807,2024-11-05,2024-11-17,
299,3283,2547,2025-02-12,2025-04-04,
580,9721,3099,2025-09-28,,
630,1050,1112,2024-01-26,,
677,6461,323,2024-02-24,,
753,2362,963,2025-09-01,2025-12-24,
1151,9589,2608,2024-06-04,,
1218,39,858,2025-02-17,2025-07-14,
1512,6992,4261,2025-07-05,,
1677,260,2782,2024-05-21,2024-09-28,
1715,1931,2480,2025-04-28,,
1831,9266,371,2025-03-26,2025-05-01,
2374,3127,4678,2025-05-01,,
2393,16,409,2024-05-22,,
2454,605,4594,2024-01-10,,
2613,7390,482,2025-11-03,,
2646,3137,2120,2025-09-18,,
2737,1000,3625,2025-02-24,,
2881,4354,196,2024-04-05,2024-07-15,
3009,8559,1448,2025-12-11,2025-12-24,
3135,6665,3613,2024-03-11,,
3714,3769,1950,2024-10-12,,
3735,9247,4090,2025-04-21,2025-05-03,
3789,3936,4847,2024-11-24,,
3811,3415,4092,2024-01-24,,
4456,1033,4550,2024-06-15,,
4616,4224,3517,2025-10-07,,
4785,187,4874,2024-05-18,,
4942,5472,1747,2024-10-17,,
5261,1099,4393,2025-04-28,2025-05-08,
5365,6468,3672,2024-07-04,2024-08-22,
5525,9899,2879,2025-12-22,,
5968,4011,2060,2025-01-27,,2025-08-15
6129,3197,2651,2025-09-22,,
6187,323,3667,2025-10-08,2025-12-15,
6225,4560,2448,2025-12-13,2025-12-24,
6242,8768,2794,2024-03-18,,
6429,7779,4848,2024-07-03,2024-10-29,
6431,125,644,2025-06-20,,
6678,3046,1528,2025-09-13,,2025-10-16
6699,3169,4063,2025-08-04,2025-08-27,
7064,4331,3848,2024-08-06,,2024-09-28
7216,9677,3827,2025-09-18,,
7707,8762,2670,2025-09-15,2025-12-21,
8068,6893,4921,2024-08-24,,
8074,2769,2323,2024-08-18,2024-09-09,
8087,366,4098,2024-01-17,2024-05-17,
8813,8563,2638,2025-11-28,,
8965,4014,260,2024-07-04,,
8990,1925,1575,2023-12-29,,
9090,3424,4666,2024-02-03,,2024-06-13
9188,9661,2140,2024-03-06,,
9211,1478,674,2024-10-29,,
9606,6139,658,2024-10-16,,
9873,5616,2550,2024-11-10,,2025-04-23
10165,5561,4708,2025-03-31,2025-06-16,
10241,2528,4603,2025-01-06,2025-04-16,
10307,8170,797,2024-08-19,2024-10-12,
10458,4098,2008,2024-09-12,,
10730,27,108,2025-05-26,,2025-10-02
10790,3168,2657,2025-11-17,,2025-12-12
11114,6837,2744,2025-10-13,,2025-11-17
11641,8554,185,2025-02-27,2025-06-10,
11792,2889,1863,2024-06-07,2024-07-13,
12350,6872,2185,2025-08-13,2025-09-27,
12399,5338,475,2024-01-24,2024-02-22,
12717,9698,1687,2025-02-13,,
12919,4841,657,2025-12-13,,
13111,7626,4191,2025-12-22,2025-12-25,
13994,8024,3642,2024-06-19,,
14103,323,238,2024-10-04,,
14280,3650,4592,2025-01-02,2025-07-01,
14405,9032,3948,2024-03-19,,
14559,4141,4859,2024-09-11,,
14641,1267,2013,2024-09-02,,
14676,1405,2709,2025-08-02,,
15492,2973,3846,2025-12-04,,
15802,4760,1880,2025-08-23,2025-12-17,
15887,6189,2478,2023-12-30,,2024-07-14
15952,5569,3645,2024-10-03,2025-01-07,
16109,8830,2613,2025-08-22,2025-11-16,
16193,2654,1578,2024-08-17,2025-01-24,
16342,2769,4800,2025-08-19,2025-10-05,
16456,9854,1426,2024-01-07,,
16544,5750,1912,2024-08-14,,
16725,7371,4239,2025-06-22,,
17605,5441,4107,2025-12-17,2025-12-25,
17769,8391,4761,2025-06-30,2025-09-15,
18130,9028,516,2025-04-18,,
18224,9980,1788,2025-10-01,,
18690,7333,1986,2025-02-02,,
18879,7859,3698,2025-10-22,2025-11-16,
19209,2664,2091,2024-09-30,,
19293,2974,1553,2024-07-22,,
19895,3556,4688,2025-10-27,,2025-11-20
19983,7944,5000,2025-06-02,,
112,7793,2849,2025-04-29,,2025-10-16
148,347,3794,2024-12-23,,
190,7401,2025,2024-08-12,,
748,9722,693,2024-04-26,,2024-12-24
797,8970,2588,2025-08-11,,
841,3229,4555,2025-07-18,2025-12-19,
1589,1733,1367,2025-08-05,,
2222,7458,3975,2025-01-30,2025-07-21,
2977,2722,1696,2025-09-05,,
3045,289,4368,2024-04-20,,
3107,1884,3919,2025-03-03,,
3324,6664,4577,2024-07-07,,
3409,3394,3852,2025-05-18,2025-09-25,
3593,8220,4761,2024-03-01,,
3674,8300,2898,2025-12-09,2025-12-24,
3882,3951,915,2025-04-19,2025-08-31,
4021,303,3852,2025-06-26,,
4035,9510,4951,2024-11-11,,
4052,4146,3448,2024-01-05,,
4236,5664,4239,2025-01-28,,
4674,4638,520,2025-07-08,2025-12-01,
5022,934,88,2024-05-16,,
5068,3040,586,2025-05-09,,2025-09-08
5721,9650,4998,2025-12-19,2025-12-25,
6124,6197,3843,2024-09-28,,
6125,1320,1536,2024-07-15,,
6199,615,1376,2024-07-23,,
6297,4937,2764,2025-09-30,,
6466,8423,3395,2024-09-30,2025-03-11,
6478,732,2850,2024-10-18,,
6529,652,62,2024-06-26,2024-09-29,
6757,2097,609,2025-09-12,,
6846,8569,4622,2025-05-21,,2025-06-29
7134,9659,2294,2025-02-06,,
7263,3010,2333,2025-03-24,,
7371,6028,2538,2025-03-17,,
7492,403,2027,2024-10-07,,
7640,379,4299,2025-04-15,,
7798,9354,2119,2025-08-17,,
7863,566,818,2024-09-26,,
8297,5940,933,2025-02-27,,
8576,6275,2384,2025-08-02,,
8664,9676,2635,2024-12-23,,
8676,8507,3970,2024-01-23,2024-02-11,
9066,7031,1075,2025-09-25,,
9226,7881,3627,2025-09-27,,2025-10-01
9230,2690,1900,2024-06-30,,
9413,7094,4886,2025-12-18,,
9430,6459,591,2025-08-16,,
9432,9322,1894,2025-01-01,,
9506,410,2548,2025-05-31,,
9531,1565,2397,2025-07-20,2025-12-03,
9566,5275,1038,2025-12-15,,
9623,5476,1822,2025-11-23,2025-12-20,
10366,7139,175,2024-03-15,,
10941,8528,1367,2025-10-10,,
11461,656,219,2025-11-25,,2025-11-28
11751,394,4085,2025-05-01,,
12267,2618,172,2025-04-04,,
14061,4900,2537,2024-05-25,,
14439,6961,1122,2024-01-07,,
14578,6167,671,2025-03-18,,2025-04-06
14857,675,3095,2025-03-27,2025-06-16,
15249,731,2176,2024-12-28,,
15291,3391,4029,2024-12-23,,
15436,1733,1319,2025-03-17,,2025-06-07
15445,6159,1511,2024-05-20,,2024-11-08
16137,8496,1327,2024-10-20,2024-12-24,
16289,4294,2141,2025-05-26,2025-08-03,
16601,8254,4334,2025-08-14,,
16877,5874,2477,2025-03-23,2025-09-14,
17317,9190,802,2024-11-16,,
17397,7981,1031,2025-12-12,,
17909,315,230,2024-09-24,,
18318,4918,62,2025-11-05,,
18464,9250,2018,2025-07-28,,
19076,2418,519,2024-02-03,,2024-08-31
19166,8937,4145,2025-06-06,,
19585,5992,354,2024-05-28,,
19694,440,2748,2024-12-29,,2025-06-08
19870,9367,2323,2025-01-25,,2025-11-20
19917,5196,3647,2024-07-31,,
238,7874,4021,2024-12-26,,
275,7148,4447,2025-01-31,2025-07-13,
354,2670,1684,2025-02-12,,
520,5108,1516,2025-08-26,,
912,7049,843,2025-05-15,,
1140,6492,280,2025-02-11,,
1188,761,744,2025-03-07,2025-08-01,
1232,953,3612,2025-04-27,,
1283,9069,1848,2023-12-29,,
1373,201,3712,2025-07-27,,
1546,8970,1991,2025-08-13,,
2212,8149,4307,2024-02-22,,
2476,5789,3968,2025-09-29,,2025-11-19
2479,914,2943,2024-12-17,,
2544,5419,363,2024-04-13,,2024-07-22
2682,4021,1810,2025-09-24,2025-11-05,
2708,4207,1355,2025-09-08,2025-12-24,
2791,7269,3204,2024-03-21,2024-07-10,
2976,878,510,2025-06-03,,
3333,8146,4179,2024-01-06,,
3365,3070,3164,2025-08-25,,
3742,5751,4536,2025-01-13,,
3781,5374,1398,2025-04-22,,2025-09-12
4094,7811,2721,2024-09-01,,
4161,3756,1499,2024-07-19,,2025-07-13
4438,341,1332,2025-10-13,2025-11-07,
4484,2072,472,2025-08-02,,
4798,8860,361,2024-09-05,,2024-10-04
4808,9956,2590,2024-10-31,,2025-01-09
4888,8382,4058,2024-09-04,2025-02-28,
5148,9184,3139,2025-09-11,2025-12-17,
5676,3,1036,2025-10-22,,2025-11-17
5764,3559,668,2025-08-29,,
5924,7015,4572,2025-07-25,,
5994,9394,4618,2025-11-20,2025-12-09,
6065,9483,1907,2025-01-13,,
6165,1865,3361,2024-08-25,,
6463,6393,587,2024-09-11,,
6942,3125,4489,2024-10-18,,
7117,6554,3228,2025-07-29,,
7633,9751,2097,2025-06-05,,
7673,3500,313,2024-11-19,,
8324,7507,361,2024-04-09,,2024-11-13
8358,6960,3317,2025-10-08,,
8621,4592,3065,2025-03-13,,
8728,8922,3971,2025-06-21,,
8804,6906,565,2025-11-27,2025-12-06,
9056,4295,2862,2024-03-12,,2025-01-21
9203,9024,2023,2024-04-08,,2024-04-23
9219,9054,2405,2024-12-25,2025-05-07,
9639,2023,4669,2025-10-01,2025-11-22,
9724,8275,4335,2024-05-03,,
9795,3257,4151,2024-01-02,,
10066,4368,2263,2024-12-09,,2025-10-17
10285,679,3521,2024-07-24,,2024-08-22
10297,3613,2895,2025-07-05,2025-12-16,
10647,8025,431,2025-08-05,,2025-08-20
10787,2824,2030,2024-12-23,,
10788,9590,3000,2024-03-15,,
10803,9561,4078,2024-12-08,,
10932,1396,4632,2025-08-13,,
11057,8172,4093,2025-05-02,,
11265,8241,1797,2024-01-29,,
11321,6665,4629,2024-11-19,2025-04-23,
11382,7313,1270,2025-10-07,,
11954,933,1888,2025-05-30,,
12080,7855,3979,2024-12-09,2025-05-30,
12146,8480,1774,2025-04-10,,
12268,1595,1807,2025-04-22,,
12397,5243,729,2024-11-20,,
12502,5752,1323,2024-08-16,,2025-06-10
13027,7234,3879,2025-06-01,2025-11-18,
13039,3922,1171,2025-01-07,2025-01-16,
13098,3463,849,2025-05-18,,2025-11-26
13616,1457,1274,2025-06-09,,
13649,3534,1068,2025-05-09,,
13661,989,153,2025-11-13,2025-12-12,
13768,6573,2287,2024-12-09,,
13895,491,146,2025-09-19,2025-12-12,
13999,1284,4637,2024-10-07,2025-01-04,
14148,7220,3253,2025-05-20,,
14301,8568,4991,2024-09-13,,
14434,2499,1671,2025-01-10,,
14474,9784,215,2024-02-18,,
14601,4682,2692,2024-06-10,,
14687,4519,1654,2024-03-16,2024-08-16,
14713,4924,1035,2025-11-22,,2025-12-14
14747,2684,2437,2024-10-18,,
14885,9969,4813,2024-12-19,,
15093,8127,2488,2025-07-01,2025-10-11,
15220,2273,753,2024-07-07,,
15263,9247,729,2024-03-25,,2024-06-18
15299,6055,2333,2025-03-10,,
15909,7069,4211,2025-06-01,,2025-11-27
16061,5195,1614,2024-08-25,,
16104,1839,2539,2025-01-06,,
16113,8239,3718,2025-06-09,,
16172,9089,1403,2025-08-25,,2025-12-10
16509,3798,248,2025-04-02,,
16519,5573,2775,2025-09-26,,2025-11-03
16899,5965,1715,2025-03-05,2025-06-20,
16964,4965,2062,2025-10-29,2025-11-09,
16965,5920,3266,2025-10-08,2025-10-16,
17171,8067,4449,2025-03-31,,
17398,2439,615,2025-04-14,,2025-07-18
17874,7255,4419,2025-08-21,,
18094,3665,2007,2025-09-17,2025-11-08,
18589,8743,2213,2024-07-18,,
18988,7971,1591,2025-01-11,2025-02-23,
19394,6961,4287,2025-06-01,,2025-07-18
19678,6508,4670,2025-03-20,,
19930,4940,2813,2025-07-17,,
19970,1891,742,2025-10-13,,
109,7402,800,2024-02-01,,
624,8058,2422,2025-09-13,,
1086,12,2323,2025-05-26,2025-08-18,
1302,6815,3599,2024-07-20,2024-08-28,
1466,1237,2644,2025-09-08,,2025-10-12
1833,6455,2495,2025-04-09,,2025-06-15
1835,600,742,2024-12-10,,
2311,4520,890,2024-08-13,,
2338,8098,1695,2024-08-04,,
2450,1994,678,2025-11-14,,
2455,1262,74,2025-07-03,,
2551,4091,1983,2024-05-29,,2024-08-27
2565,3449,4219,2025-01-18,,
2972,3790,562,2025-08-01,2025-12-13,
3162,7149,4668,2025-06-29,,
3264,2121,4553,2025-12-11,,
3275,7446,2933,2024-12-31,,
3303,4762,4634,2024-02-26,,2024-06-04
3392,115,3490,2024-08-02,,
3418,176,1392,2024-07-09,2024-09-29,
3420,4544,3295,2024-07-30,,
3425,675,1257,2025-05-20,,
3451,7403,1180,2024-11-24,,2025-09-09
3656,2224,2674,2024-04-07,2024-10-02,
3790,9402,3534,2025-02-18,2025-07-29,
3936,9158,1405,2025-02-21,,
4162,9150,2618,2025-04-05,2025-07-07,
4412,4425,927,2024-11-23,,
4604,804,4284,2024-08-15,,
4650,5460,876,2025-03-12,2025-06-28,
5445,702,4967,2024-04-28,,
5629,6712,525,2025-08-19,,
5824,6620,1063,2024-10-26,,
6060,4233,4656,2024-03-12,,
6105,1186,3751,2025-08-26,,
6318,4470,1966,2024-08-21,2025-01-18,
6487,4163,3533,2025-10-09,2025-10-28,
6747,643,483,2024-05-08,,
6991,7944,1727,2025-08-25,,
7514,1504,2632,2024-07-02,2024-10-11,
7552,6259,4983,2024-03-01,,
7577,7084,1851,2024-05-22,2024-06-08,
8213,728,469,2025-09-14,,
8390,6541,3919,2025-03-02,,
8412,9025,2740,2025-07-13,2025-11-04,
8710,4281,978,2025-02-22,,
9266,2633,171,2025-06-07,,
9349,162,4870,2025-09-10,,
9440,2949,737,2025-06-22,,
9582,8514,2110,2025-10-10,,
9830,3954,2365,2025-04-11,2025-10-08,
9985,6605,410,2025-08-01,,2025-11-23
10009,3185,3641,2025-09-10,2025-09-24,
10276,5870,4800,2024-04-28,2024-05-16,
10348,360,1205,2024-06-01,,
10394,8389,3021,2025-03-20,,
10634,6073,3236,2025-01-15,,2025-03-22
10664,167,3573,2024-05-15,,
10721,5133,2599,2025-07-03,,
10831,7467,3798,2024-12-16,2024-12-27,
10882,311,1844,2024-12-23,,
11052,5713,4275,2024-03-09,,
11170,5701,3810,2024-04-16,,
11787,920,2957,2025-04-20,,2025-08-25
11941,4860,2036,2025-06-16,,2025-07-21
12060,3099,3600,2025-09-11,,
12118,9885,1839,2025-05-04,,
12138,536,1760,2024-06-15,,
12498,9363,2133,2024-10-07,,2025-01-28
12579,6006,2106,2024-03-23,,
12616,6878,1463,2024-08-21,,
12666,6358,1366,2024-11-21,2025-04-06,
12667,9593,2138,2025-09-04,,
12669,7114,2154,2025-02-09,,
12775,302,4889,2024-03-11,,
13515,6927,318,2024-03-05,2024-08-20,
13525,3654,4233,2024-12-04,,
13740,6299,2108,2025-05-01,2025-08-29,
14002,4816,2778,2025-06-01,2025-06-27,
14115,1050,2400,2025-11-26,,2025-12-23
14160,4337,750,2024-04-23,,
14657,8806,4064,2025-09-29,,
14686,9444,3210,2025-11-26,,2025-12-04
14816,4144,4284,2024-11-23,2025-05-14,
14941,1092,201,2024-12-06,,
15379,6430,3234,2025-12-10,,
15736,1333,136,2025-01-10,,2025-09-12
15810,3818,858,2025-04-17,,
16040,6616,3154,2025-07-22,2025-09-08,
16064,2932,1960,2024-03-23,,
16065,7936,3919,2025-08-10,,
16124,6942,49,2025-12-17,,
16204,3891,3993,2024-08-19,,2024-10-18
16317,3262,2436,2024-11-14,,
16374,9626,3583,2025-07-14,,
16375,8069,3409,2024-09-09,,2024-11-07
16447,3544,3248,2024-06-14,2024-12-11,
16592,4785,2235,2025-08-24,,
16994,1302,653,2024-07-07,,
17012,7647,1587,2025-11-02,,
17136,4068,463,2024-12-27,,
17249,3759,3197,2025-08-04,,
17400,2058,1498,2024-11-23,,
17608,5734,1218,2025-06-22,,
17939,43,3700,2025-12-14,,
17984,1243,1830,2025-04-05,2025-07-14,
18037,286,3624,2025-02-18,2025-05-01,
18195,3215,4940,2025-09-18,,2025-12-18
18475,2467,2449,2024-02-08,2024-07-03,
18616,1041,1831,2024-02-24,,
19175,1325,3688,2024-05-02,2024-10-24,
19331,5000,3186,2025-09-12,2025-12-14,
19456,3983,2438,2025-03-21,,
19623,841,1138,2024-08-29,,
19691,8226,481,2024-03-07,,
19843,99,445,2024-08-13,,2025-01-07
19890,8046,3845,2024-03-18,,
19908,750,3586,2024-02-21,,
19913,5410,4845,2024-08-05,,2025-06-01
24,5429,1341,2025-08-04,2025-10-05,
139,7557,3992,2024-03-02,,2024-11-11
900,9749,3423,2025-03-13,,2025-10-14
938,5009,4498,2024-12-20,,
1002,3537,5,2024-09-26,,
1307,622,1097,2025-06-30,2025-07-13,
1360,366,1798,2024-10-14,,
1669,1128,2737,2025-09-29,2025-12-15,
1999,4628,2981,2024-05-23,,
2025,7668,3842,2024-09-10,,
2436,898,174,2025-08-06,,
2456,6343,1240,2025-12-09,2025-12-20,
2534,6661,4404,2024-07-10,,
2711,510,1128,2024-08-21,,
3132,3843,4409,2024-07-20,,
3346,4113,4596,2025-11-14,,2025-12-15
3353,1430,1189,2024-06-14,,
3601,2236,1903,2024-12-23,2025-05-09,
3695,7329,2034,2024-06-24,,
3859,3059,1287,2025-10-10,2025-12-21,
3911,300,2492,2025-04-03,2025-09-15,
4027,5556,1180,2024-03-31,2024-07-09,
4231,8728,408,2024-12-24,2025-02-12,
4284,314,401,2024-12-09,,2024-12-10
4471,426,1068,2024-09-11,,2025-01-09
4521,4421,4615,2025-01-24,,2025-07-22
4544,6353,1869,2025-07-26,,
4699,8357,516,2025-02-21,,2025-07-06
4995,3013,3598,2025-07-31,,
5313,2129,4274,2024-09-06,,
5471,3692,4440,2025-11-23,2025-12-23,
5540,4590,1443,2024-10-29,2025-03-29,
5565,3503,2486,2025-09-21,,
5655,5967,3241,2024-04-17,,
5919,6378,328,2025-12-04,2025-12-21,
6025,1227,640,2024-10-20,,
6254,7563,3362,2025-09-13,2025-10-27,
6403,3485,4723,2024-04-29,,
6436,6687,2412,2025-08-21,2025-10-08,
6617,1129,3807,2025-12-18,,
6701,5285,4315,2025-02-20,2025-08-01,
6713,5440,1921,2025-08-05,2025-08-28,
6980,6211,2836,2025-11-17,2025-12-07,
6990,1966,4832,2025-02-18,,
7007,4173,833,2024-11-13,,
7124,1646,3734,2025-11-08,2025-12-01,
7457,7978,4041,2024-09-16,2024-09-30,
7459,8182,2512,2024-06-13,,2024-10-06
7732,8988,2760,2024-07-26,,
7869,8772,498,2025-10-29,2025-11-21,
7884,2893,267,2025-07-23,,
8104,5314,4832,2024-01-23,,
8228,1661,3310,2024-05-28,2024-09-26,
8342,5300,1407,2025-12-04,2025-12-11,
8370,6719,2748,2025-04-14,,
8420,9954,784,2024-02-11,2024-06-16,
8457,9118,1071,2025-09-21,,
8495,8917,3169,2025-11-09,,
8661,8061,2754,2025-06-27,,2025-10-20
8678,3616,3780,2024-12-25,,
8857,8628,1312,2025-06-24,,
8886,1563,2301,2025-05-20,2025-06-11,
8940,7348,2696,2024-06-06,,
9437,7667,95,2025-11-16,,
9833,9883,248,2025-04-22,,
9894,8611,3485,2024-05-30,,
10028,1229,4104,2025-09-24,,
10035,9149,987,2025-04-13,2025-06-29,
10185,7072,4618,2024-01-06,2024-05-17,
10244,4609,1894,2024-12-29,,
10439,3310,161,2024-08-11,,2024-11-08
10453,5438,1708,2024-05-24,,2024-06-06
10550,1038,2576,2025-06-22,,
11211,2736,3411,2024-12-18,2025-02-26,
11300,2812,2160,2024-03-20,,
11309,1360,2704,2025-05-21,,
11611,1406,686,2025-07-27,,2025-08-22
11712,4696,598,2024-04-18,,
11894,2981,3659,2024-11-12,,2025-01-29
12206,3835,1371,2025-09-26,,
12252,1971,3664,2024-02-01,,
12300,4677,1131,2025-09-06,,2025-09-07
12533,7296,907,2025-04-15,,2025-09-25
12977,250,3431,2025-05-01,,
13159,9839,1751,2025-05-17,,
13245,8676,2918,2025-04-14,,2025-08-31
13394,5664,893,2025-11-27,,
13615,8189,888,2025-10-26,,
14538,2747,1582,2024-03-29,,2024-11-07
14946,7539,1957,2025-09-25,2025-10-26,
14950,6515,268,2025-09-09,2025-11-03,
15233,2157,3527,2024-05-12,2024-11-06,
15388,8073,1528,2025-08-19,,
16095,383,2220,2025-12-03,,2025-12-13
16154,3798,386,2025-08-31,2025-10-23,
16661,5579,3061,2024-07-28,,
16698,3168,3073,2025-08-09,,
16830,7188,1112,2024-06-07,,2024-06-24
17005,2934,1826,2024-04-22,,
17191,4385,1400,2023-12-29,,
17219,8581,1807,2024-08-08,,
17361,6185,3959,2025-11-11,,
17368,8564,2673,2024-06-18,,
17563,8069,1176,2025-10-27,2025-11-27,
17584,4185,4349,2025-03-23,2025-07-19,
17595,915,2198,2025-08-21,,
17638,5149,1659,2024-12-31,,
17753,1272,2623,2024-06-01,,2024-09-25
17804,8697,2033,2025-11-15,2025-12-07,
17979,5229,3770,2024-04-28,2024-06-05,
18079,665,1279,2025-05-11,,
18164,1090,1490,2024-03-22,2024-06-20,
18306,7776,1624,2025-01-15,,
18412,5123,421,2025-03-25,,2025-06-04
18444,7413,1079,2024-06-28,,
18676,9526,2958,2025-06-05,2025-07-31,
18745,5084,1854,2025-03-14,2025-06-09,
19320,1618,4959,2025-11-25,,
747,851,4503,2025-12-15,2025-12-22,
814,1749,4123,2024-01-04,,
1228,4288,615,2024-01-19,,
1343,14,469,2025-09-05,,
1401,4043,2840,2025-10-10,2025-12-16,
2244,3347,4060,2025-09-17,2025-12-02,
2499,3286,1461,2025-10-02,,
2516,6170,239,2025-06-12,,2025-07-03
2619,7456,2444,2024-05-02,,
2722,4336,360,2025-06-17,,2025-08-25
3443,4912,2070,2024-11-17,2025-03-30,
3454,749,4615,2025-06-26,,
3542,4090,3984,2025-09-29,2025-10-28,
3566,9660,4534,2025-08-22,,2025-10-30
3612,1191,3549,2025-02-11,,
4638,4882,3634,2023-12-27,,
4657,761,542,2024-02-12,,
4678,8643,4531,2024-01-07,,2024-02-16
4781,35,3085,2024-04-17,,
4990,8408,365,2024-05-14,,2024-08-31
5145,7000,1885,2025-08-12,2025-08-21,
5273,1219,2225,2025-08-08,2025-12-21,
5277,6703,3474,2025-09-14,2025-09-30,
5533,801,3425,2025-08-12,2025-09-07,
5550,8277,191,2024-04-01,,
6115,6033,1169,2024-01-22,,2024-03-30
6166,2195,4246,2025-09-17,2025-11-14,
6365,8755,1544,2024-05-18,,
6475,5568,258,2024-12-21,,
6544,2334,1705,2025-09-11,,
6888,6145,3882,2025-09-19,,
7159,9898,311,2024-09-08,,2024-11-11
7235,2347,882,2024-08-07,,
7671,7193,4145,2025-06-04,,2025-11-16
7945,4197,1557,2025-09-04,2025-11-28,
8078,8567,3598,2025-01-20,,
8194,3806,4231,2025-06-11,,
8706,195,3496,2024-11-30,,
9246,780,4593,2024-04-19,,
9307,8040,4170,2025-06-18,2025-10-04,
9631,8085,2237,2025-06-12,,
9685,6519,1454,2024-08-03,2024-11-03,
9690,4195,2433,2025-03-20,2025-07-07,
9719,9713,1179,2024-11-18,,2025-03-23
10024,7275,960,2025-01-28,,2025-03-11
10568,801,319,2024-01-15,,
11279,4602,3311,2024-12-24,2024-12-31,
11343,4589,2395,2025-10-30,,2025-12-06
11638,2206,4024,2024-06-30,,
11853,1931,3487,2025-11-30,,
12439,527,2218,2024-03-21,,
12539,9159,1509,2024-12-20,,
12808,7184,1612,2024-08-01,,
12814,9764,1889,2025-02-14,,
12928,158,2146,2024-10-18,2024-11-19,
12985,6972,3215,2024-06-26,,
13177,7914,1617,2025-09-22,,
13233,3335,2159,2024-06-08,,
13511,6485,94,2025-08-05,,2025-11-04
13728,6043,2943,2025-12-22,,2025-12-24
13843,1733,1145,2025-04-30,,
13946,3297,1490,2025-01-22,,
14704,6932,2485,2025-07-18,,2025-10-15
14724,4379,2909,2025-10-16,,
14795,1746,2766,2024-08-04,,
14961,7574,2393,2025-10-06,,
15027,2895,4650,2025-05-18,,2025-08-15
15044,2469,4976,2024-03-04,,
15115,3015,4500,2025-10-27,,
15261,2776,396,2025-10-09,2025-11-15,
15593,619,1575,2025-03-13,,
16295,28,554,2024-10-15,,
16325,516,812,2024-06-29,,
16493,7395,1159,2025-08-22,,
16730,4069,220,2025-05-11,,
16747,6630,4272,2025-05-23,2025-06-11,
17133,9827,856,2025-08-12,,
17694,665,299,2025-07-20,,
17778,2540,4549,2025-11-23,,
17904,1800,2585,2024-01-21,,
18505,31,3374,2025-06-28,,
18624,6132,3029,2025-01-10,,
18702,156,175,2025-12-12,,
19652,1267,4587,2024-09-10,,
19982,4389,1,2024-02-14,,
398,2169,2663,2025-03-14,,
703,1481,1841,2024-04-23,,
707,2073,3187,2023-12-30,,
774,8488,4791,2025-11-20,2025-11-28,
794,1116,2546,2025-12-22,,
1020,7064,3031,2025-12-18,,
1099,6664,1861,2025-05-14,,
1434,2023,246,2025-12-07,,
1551,7282,2187,2025-05-03,,2025-08-04
1571,123,1532,2025-08-08,,
1647,3822,1462,2024-03-19,,
2019,8405,180,2025-12-19,,2025-12-25
2124,1890,4153,2025-07-14,,
2423,3243,712,2023-12-29,,2024-12-06
2703,6352,3090,2024-06-30,,
2988,6395,1556,2025-09-17,,
3051,2974,2020,2025-02-09,,
3270,1100,4991,2024-07-14,,
3446,1903,96,2024-01-04,2024-03-03,
3704,2702,115,2025-05-22,,
3946,7083,2076,2025-11-05,,2025-12-23
4173,8768,1966,2025-07-05,2025-09-03,
4340,2776,1804,2024-03-29,,
4506,8672,2054,2024-05-05,2024-05-17,
4522,7596,594,2024-07-23,,
4574,4051,231,2025-03-27,2025-04-30,
4643,5616,351,2025-01-16,,
4675,784,4314,2025-09-11,,
4858,5866,2009,2024-12-13,,2025-07-03
4933,8339,1018,2024-07-18,2024-09-23,
5723,8583,1574,2025-07-20,,2025-12-07
5765,9114,1890,2025-07-04,,
5922,8346,155,2024-05-04,2024-06-24,
6089,3968,1814,2025-01-10,,
6153,607,1940,2024-12-23,,
6221,8288,1051,2025-05-12,,
6284,9658,630,2024-01-29,,
6306,2505,3196,2025-09-26,2025-11-29,
6353,5830,3593,2024-09-16,,2025-09-02
6472,2054,2828,2024-03-04,,2024-10-29
6523,6390,1649,2025-10-25,2025-12-06,
6813,4446,462,2025-06-14,,2025-08-12
6958,7287,2959,2024-03-03,,
7180,8732,1567,2025-04-19,2025-09-29,
7268,9547,3917,2024-02-29,2024-07-01,
7404,6112,4470,2025-12-11,,
7478,8199,2570,2025-06-13,,
7532,4350,2866,2024-11-17,,
7586,2516,3857,2024-10-04,,2024-12-23
7975,3466,4997,2024-08-13,2024-08-27,
8084,5067,2198,2025-11-17,,
8195,3671,2902,2024-12-22,,
8494,7959,2673,2024-06-25,2024-09-11,
8584,2518,591,2024-08-27,,
8719,4497,3510,2025-07-25,,
8971,8783,2363,2024-07-30,,
9065,7412,1133,2024-06-01,2024-10-08,
9177,1276,4962,2024-07-04,,
9192,7735,4363,2024-01-17,,
9458,3675,3075,2025-01-19,2025-05-08,
9617,4245,1610,2025-11-23,,
10030,4588,4467,2025-01-03,2025-06-28,
10330,4719,4250,2025-12-16,,
10953,455,2367,2025-10-01,,
10959,6607,1629,2025-12-20,,2025-12-24
11256,2942,4829,2025-08-05,,2025-11-28
11918,4582,3571,2025-09-20,,
12083,5193,1865,2025-02-04,2025-05-16,
12202,6127,3148,2025-11-14,,
12214,786,3327,2025-10-20,,2025-12-05
12232,4897,95,2025-03-23,,
12330,7886,469,2024-02-15,,2024-05-08
12365,3372,3062,2025-11-20,,
12544,5940,2963,2025-09-03,,
12591,1525,314,2025-03-27,,
13011,669,4862,2024-06-20,2024-09-12,
13061,8548,2722,2025-11-29,,
13086,3452,1791,2025-11-29,,
13657,6230,3629,2025-10-08,,
13848,6017,660,2024-05-31,,
14187,1241,171,2025-01-15,,
14286,2296,4073,2025-08-16,,
14496,9361,4196,2025-01-08,,
14593,5522,1977,2024-01-04,2024-02-20,
14703,7757,3899,2024-06-23,,
14788,2155,2592,2024-03-07,,
14817,1599,650,2024-10-26,2025-02-16,
14967,9810,3053,2025-09-22,2025-10-22,
15048,5771,1512,2024-12-25,,
15126,7824,746,2025-09-18,2025-10-27,
15157,4100,4169,2024-03-17,,
15392,6351,970,2025-08-21,2025-12-22,
15403,7293,725,2024-08-06,,
15405,3545,3329,2024-01-08,,2024-03-18
15474,4013,1683,2024-06-20,,
15895,6580,723,2024-01-12,,
16016,3645,464,2024-09-11,,
16131,5752,3115,2024-09-16,,
16241,4027,1095,2023-12-29,,
16537,8019,831,2025-01-22,,
17030,3142,4106,2024-09-12,,
17164,5545,4501,2024-05-04,,
17281,3414,3778,2024-10-29,,2025-10-04
17380,8094,3910,2025-07-06,,
17392,2733,1422,2025-05-17,,
17475,9745,395,2024-03-03,,
17501,5897,2598,2024-12-01,2025-03-16,
17537,2201,1155,2025-02-14,,
17573,4316,1304,2025-09-07,,
17826,7642,611,2024-11-23,,
17887,9276,356,2025-09-10,2025-09-26,
17889,3485,1844,2025-08-06,,
17910,9095,661,2025-05-08,,2025-06-12
17950,7329,2806,2023-12-26,,
18281,7954,588,2025-11-20,,2025-12-24
18517,3243,2929,2025-11-10,,
18845,2812,1811,2025-08-06,2025-10-17,
19003,975,4563,2025-10-17,,
19201,7315,3334,2025-08-22,,
19484,275,656,2024-01-08,,
19757,6507,2066,2025-01-25,2025-06-21,
19827,4899,2266,2024-05-12,,
259,5326,4993,2024-04-24,,
350,7147,4087,2024-08-22,,
374,3062,896,2025-09-08,,
412,1004,3782,2024-11-21,2024-12-08,
725,7579,1374,2025-02-15,,
1024,7835,1926,2025-12-03,,
1890,706,3671,2025-11-05,2025-12-17,
1906,8140,224,2025-11-15,,
1991,9551,853,2024-02-28,2024-06-29,
2056,6050,3814,2025-12-02,,
2120,2163,4699,2024-12-09,,
2163,8678,540,2025-10-02,2025-12-05,
2209,5842,4229,2024-08-22,,
2220,67,3516,2025-10-13,2025-10-24,
2321,5128,157,2025-06-09,2025-08-13,
2453,614,150,2024-08-07,,
2890,3892,976,2025-04-04,2025-09-10,
3125,3875,4138,2025-12-05,,2025-12-06
3171,2489,1048,2024-06-08,2024-08-20,
3211,8696,331,2024-08-15,,
3752,980,37,2024-01-17,,
4179,2460,575,2024-09-15,2025-01-10,
4269,6265,4288,2025-09-26,,
5023,4285,3343,2025-11-13,,
5152,9973,2820,2024-06-21,,
5264,3482,3538,2024-06-17,,
5417,7237,1740,2024-03-13,,
5425,6385,555,2024-12-04,,2025-01-04
5444,6238,892,2025-01-10,,2025-02-18
5728,53,1503,2024-03-23,,2024-07-20
5732,8097,944,2024-12-04,2025-01-14,
6069,2569,2847,2025-09-25,2025-11-17,
6314,8426,3114,2024-10-21,2024-11-11,
6680,7204,2545,2024-02-25,,
6774,8112,4228,2025-02-15,2025-03-27,
6799,3060,2998,2024-11-04,,
6811,8463,4086,2024-06-15,,
7477,8919,4770,2024-06-15,,
7639,6373,1967,2025-05-12,,2025-09-13
7664,6853,1116,2024-11-11,,
7885,1142,1841,2025-05-11,2025-08-29,
7899,1863,2871,2025-12-10,,
8362,1181,3334,2024-09-04,,2024-10-04
8539,193,4037,2025-08-26,,
9054,1131,793,2024-12-20,,
9446,6028,4801,2024-06-18,,
9501,527,2090,2024-10-26,,
9618,2004,953,2025-06-01,,
9891,2573,946,2025-11-14,,
10060,2504,3511,2025-03-11,,
10314,6832,653,2025-03-02,2025-05-17,
10509,1884,4481,2025-12-06,,
10562,1067,1318,2024-03-21,,
11027,5211,4359,2024-02-23,2024-06-10,
11126,9429,293,2025-04-02,,
11195,9147,2092,2025-07-28,,
11355,6630,2394,2024-11-30,2024-12-12,
11598,215,2967,2025-09-02,,2025-09-18
11931,5983,3146,2025-06-14,,2025-11-05
11932,2024,4655,2025-09-13,2025-12-13,
12274,4924,3535,2024-02-14,,
12450,6403,3635,2025-01-21,2025-04-19,
12660,830,159,2025-12-02,,
13205,4988,2939,2025-12-03,2025-12-13,
13700,6464,2209,2025-08-12,,2025-11-19
14471,4897,2572,2025-03-23,2025-05-24,
14484,6522,3861,2025-06-23,,
14844,1884,3287,2025-09-13,,2025-09-16
14869,2306,3532,2024-11-30,,2025-01-07
15239,9631,3584,2025-12-21,,
15256,4039,3820,2025-12-13,2025-12-25,
15522,543,4253,2025-11-22,,
15647,419,4238,2024-06-17,,
15754,7790,586,2024-04-14,,
15872,3919,2284,2024-03-18,,
16049,9002,277,2025-01-07,2025-02-02,
16797,7146,4099,2025-07-29,,
17344,3185,3624,2025-11-01,2025-11-17,
17652,111,82,2024-06-19,,
17891,3925,2336,2025-11-19,2025-12-04,
18038,4889,3903,2025-09-25,,
18251,5985,3667,2025-08-07,,2025-12-03
18265,1776,1813,2025-03-23,,2025-10-23
18607,6116,2313,2024-07-13,,
18732,1187,514,2025-08-22,,
19082,6373,4578,2024-07-27,,
19316,1344,3782,2025-04-17,2025-05-20,
19411,2694,1164,2025-09-15,,
92,8220,1111,2024-11-22,,
620,1109,287,2025-06-22,,
821,8997,3870,2025-08-24,,
943,3032,4237,2024-11-30,,2024-12-22
1022,3563,4356,2024-04-29,2024-05-11,
1372,3671,3619,2025-11-11,,
1958,9683,830,2025-03-31,2025-04-08,
2092,5384,1523,2025-07-09,,
2204,6891,2781,2025-09-10,,
2491,2118,2817,2025-01-10,,
2675,3886,319,2024-05-25,,
2877,2670,612,2025-05-26,,2025-07-25
2907,1220,1799,2024-11-18,2024-11-29,
2914,299,1092,2025-11-05,,
2948,9085,737,2025-09-18,,
2981,8307,3322,2024-12-20,,
3332,9006,4187,2025-10-16,,
3419,1492,751,2025-06-14,,
4191,5469,3515,2025-04-24,,2025-06-26
4629,7477,2961,2025-05-07,2025-07-18,
5093,6462,3229,2024-04-20,,
5173,3709,4573,2024-10-24,,
5216,2889,3410,2024-08-19,2024-10-04,
5253,3451,4439,2025-08-04,2025-10-24,
5632,3294,2154,2025-10-29,2025-12-23,
5775,1580,245,2025-09-22,2025-12-08,
6264,66,1786,2024-05-15,,
6553,9219,1612,2025-03-20,2025-07-14,
6630,6499,3316,2025-03-29,2025-04-12,
7031,381,4697,2024-07-21,,2024-11-26
7332,1519,2284,2025-06-08,,
7607,9732,1039,2025-03-17,2025-05-24,
7694,4578,4319,2025-04-30,,
7734,6587,4863,2025-08-24,,
7747,6215,112,2024-10-22,,2024-12-11
7780,4160,3827,2025-01-15,2025-04-16,
7944,7335,4889,2024-06-13,,2024-11-12
7960,6735,1459,2025-05-12,,
8131,6413,4694,2024-05-09,2024-10-03,
8201,1256,914,2024-02-26,2024-03-08,
8528,2374,3094,2025-03-04,,
8671,4269,3824,2024-11-15,,
8753,4590,1650,2024-03-27,,
9205,1099,2307,2024-03-06,,
9492,8008,2247,2024-10-22,2025-03-14,
9634,1711,2105,2025-08-18,,2025-12-03
9813,2438,1040,2025-02-02,,
10422,6822,1351,2025-04-23,2025-07-11,
10493,6294,4202,2024-12-30,,
10549,1389,3965,2024-03-19,,
10646,2100,4132,2024-11-26,,
10797,6227,3008,2025-10-26,,
10839,1163,1743,2025-10-05,,
10848,5862,610,2025-09-26,,
10888,3293,4140,2024-10-27,,
10936,7472,1259,2025-03-28,,
11424,2636,544,2025-08-01,,
11769,3304,1593,2025-12-16,,
11797,2537,2216,2025-11-26,,2025-11-30
11895,2571,1804,2024-10-08,2025-03-01,
12045,1970,3568,2024-05-18,,
12057,6023,4772,2024-09-17,,
12141,7692,3195,2024-12-25,2025-03-11,
12313,9690,4567,2024-11-23,,
12374,6080,2788,2025-09-19,,
12416,7863,2731,2024-08-02,2024-12-13,
12827,5305,2174,2024-03-27,,
12854,7620,2536,2025-10-18,,2025-11-24
12863,60,2392,2024-08-20,,
13371,7959,3720,2024-08-22,,
13699,2851,831,2025-10-21,,
13790,6623,1456,2024-07-05,,2025-03-20
13929,6185,2930,2025-01-14,,2025-07-03
14116,9631,1411,2025-09-15,,2025-12-20
14203,4207,299,2025-09-19,2025-11-01,
14231,8495,2910,2025-05-20,,2025-09-06
14292,1024,2903,2024-07-29,,2025-04-08
14364,4194,444,2025-04-16,,2025-11-08
14394,1860,3845,2024-07-04,,
14481,4151,651,2024-10-06,2024-11-03,
14861,1266,4812,2025-09-14,,
15160,2127,3574,2024-11-04,,
15333,4082,3411,2025-10-24,,
15949,9129,4572,2025-09-11,,
16411,5541,1621,2024-11-29,2025-02-17,
16846,1394,1133,2025-02-10,,
16902,6399,3037,2025-10-07,,
17982,1701,2519,2025-12-16,,2025-12-18
18060,5235,2969,2024-11-18,2025-04-05,
18185,3289,295,2024-04-13,,2024-10-18
18355,5579,678,2025-02-25,,2025-08-24
18563,3463,1413,2025-08-09,2025-09-18,
18687,7749,4092,2025-03-30,,
19176,8405,3493,2025-12-20,,
19271,358,2728,2024-05-08,2024-08-10,
19285,4057,4979,2024-06-07,,
19811,2785,910,2024-01-05,,
91,4291,4361,2025-02-02,,
169,5000,4231,2025-12-20,2025-12-25,
385,4171,2759,2025-03-05,,
396,410,3800,2025-12-18,,
687,622,2783,2025-03-09,,
906,4063,2106,2025-01-10,,2025-06-21
1284,1459,2005,2024-01-01,,
1341,2744,2560,2025-10-11,2025-11-03,
1358,1270,4963,2024-08-22,2024-11-30,
1659,3958,4051,2024-08-12,,
1821,7025,3280,2025-10-23,,
1838,4589,2265,2024-07-02,,
1858,7184,3540,2025-06-30,,
1915,9288,4290,2025-05-13,,
1935,9348,2117,2025-06-12,,
2293,206,1081,2024-03-01,,
2473,5104,1912,2025-07-13,2025-08-27,
2685,6728,976,2025-08-28,2025-11-30,
2705,8281,279,2024-02-17,2024-04-04,
3165,560,2067,2025-12-23,,
3250,1970,785,2024-01-10,,
3504,3828,1843,2025-09-30,2025-12-08,
3561,5642,710,2025-04-17,,
4139,3760,3483,2024-02-22,,2024-04-23
4148,5471,1734,2024-02-27,,2024-11-01
4205,9484,1980,2025-08-25,,2025-12-15
4294,8595,1469,2024-12-30,,
4363,3727,3805,2024-05-12,,
4570,2846,4884,2025-11-16,,
4626,2878,4241,2024-07-28,2024-11-23,
4728,4177,3949,2025-07-15,,
4868,566,941,2024-11-10,2025-02-11,
4959,2535,3447,2024-08-25,,
5098,2463,11,2025-09-08,,2025-10-17
5455,3215,1453,2025-02-13,,
6154,7350,2237,2025-06-05,,
6218,7909,2260,2024-07-04,2024-10-11,
6267,8122,4772,2024-07-26,,
6312,6464,1792,2024-12-17,,2025-03-29
6503,8193,259,2025-05-23,,
6765,5585,119,2025-09-19,,
6878,2550,1058,2024-12-14,,
6940,6850,1159,2024-12-15,,
6951,1575,4328,2025-10-21,2025-12-08,
7302,9361,4044,2025-04-29,,2025-10-07
7450,5104,858,2025-12-21,,
7663,780,766,2024-06-29,2024-07-26,
7742,5983,194,2024-05-05,,
8103,8511,1059,2024-04-06,2024-09-03,
8144,2866,3280,2025-07-05,,
8165,9611,2687,2024-12-24,2025-02-12,
8187,595,4689,2025-10-24,,
8662,6236,1476,2025-03-23,2025-09-03,
8787,9514,4347,2024-03-22,,
9329,4025,2752,2025-04-08,,
9601,2326,3824,2024-05-30,,
9938,6272,3533,2025-08-03,,2025-08-26
10574,5172,4275,2025-03-03,2025-08-21,
10757,3751,4376,2025-10-19,,
11139,4651,2389,2024-07-03,2024-10-15,
11201,1548,548,2025-05-20,2025-11-06,
11226,3544,3560,2025-03-17,,
11408,564,185,2025-02-06,2025-08-01,
11639,5920,4018,2025-10-15,,
11688,881,2277,2024-07-24,,
11812,3319,4545,2024-10-16,,
11859,9068,1119,2025-04-16,,
12136,9628,3193,2024-08-07,,
12191,6489,679,2024-06-09,,
13045,58,363,2025-04-12,,
13203,8234,1813,2025-02-27,,
13332,9372,4605,2025-01-18,,
13380,5098,3197,2024-03-02,,
13427,8514,1549,2024-06-18,2024-11-21,
13732,7553,4308,2024-01-31,,2024-09-11
13746,4363,542,2025-12-24,,
13757,9712,4478,2024-03-07,,
13801,9317,2027,2024-01-31,2024-05-16,
13851,1925,1453,2024-10-23,2025-01-19,
13990,4006,3011,2025-03-28,,2025-11-04
14603,3262,497,2025-01-31,,2025-02-04
14609,3749,4972,2025-02-26,,
14741,5050,990,2024-03-24,,
14824,8590,2356,2025-11-06,,2025-12-24
14953,2780,1484,2024-01-04,,2024-04-19
15012,4867,3536,2024-06-19,,
15080,8336,513,2025-07-27,,2025-09-29
15154,7299,2278,2024-08-22,,
15234,8807,666,2025-02-10,,
15281,7117,1827,2024-05-22,,2025-02-15
15430,204,2604,2024-11-16,,
16010,586,1077,2025-10-12,2025-12-07,
16013,4152,2142,2025-02-18,,
16207,1978,900,2025-10-04,,2025-11-23
16223,4038,735,2024-05-15,,
16253,5433,3876,2025-04-24,,
16326,581,3255,2025-01-21,,
16435,5159,445,2024-07-31,,
16683,3044,4306,2025-11-14,2025-11-23,
16851,7321,3745,2024-05-19,,
17267,8785,415,2025-10-03,2025-11-08,
17274,2474,4944,2025-02-13,,
17615,9348,4080,2024-03-07,,
17629,7682,3986,2025-12-06,2025-12-22,
17688,3338,575,2024-08-09,2024-11-15,
17724,8447,1572,2024-06-27,,
18029,5370,3301,2024-09-23,,
18314,4238,984,2025-12-04,,
18399,6533,1265,2025-11-28,,
18446,3633,1235,2024-12-11,2025-01-10,
18646,2951,2475,2025-08-23,,
19190,5202,4247,2025-12-12,,
19428,9966,1822,2024-03-16,,
94,2769,2051,2025-07-06,2025-08-19,
221,8099,2335,2025-03-30,,2025-11-04
484,9383,775,2025-12-22,,
547,2284,2184,2025-05-08,,
646,2305,2116,2025-03-11,,
701,7591,3144,2024-06-04,,
799,1292,2628,2024-12-22,,
970,3385,698,2024-04-15,,2024-07-02
1580,4111,1255,2024-10-05,,
1663,1420,614,2024-10-15,2025-02-25,
1811,4686,3786,2025-03-04,,
1812,4230,4561,2025-11-01,,2025-12-15
1924,5311,921,2024-05-06,,2024-08-18
2141,7433,4914,2024-01-25,,
2207,8928,1372,2024-03-17,,
2214,5591,2885,2024-10-14,,
2363,2863,1589,2025-05-01,,
2700,8917,4221,2024-01-27,,2024-07-08
2931,3566,2885,2025-06-24,,
3055,8228,489,2025-12-12,,
3106,5997,191,2024-06-08,,2025-04-26
3256,5310,1337,2025-04-28,,
3595,9403,4893,2025-08-21,,
3610,6231,1955,2024-08-15,2024-10-22,
3679,6607,1810,2025-12-18,2025-12-25,
3949,2659,727,2024-05-29,,2025-05-23
4008,4196,4728,2025-10-25,,
4085,2011,1174,2024-01-24,,
4086,6053,4034,2024-06-11,,2025-03-06
4102,7328,3532,2025-08-05,,
4747,4159,4786,2024-04-16,,
5016,6694,489,2025-02-17,,
5186,4157,1775,2024-09-26,,
5385,585,76,2024-11-04,2025-02-25,
5494,2564,417,2024-02-12,,
5644,2979,3009,2025-09-21,,
6066,7840,4235,2024-07-24,,
6531,2124,3625,2025-12-07,,
6627,3194,1830,2025-07-22,2025-09-18,
6772,8398,1733,2024-07-21,,2024-11-19
6831,4156,3104,2024-10-16,2025-01-19,
7019,8946,1626,2024-07-17,,
7151,8869,4717,2025-07-26,2025-09-20,
7855,8311,1960,2024-03-11,,
7883,2531,4707,2024-11-03,,2025-01-18
7951,7518,4276,2024-07-07,,
8064,8447,2602,2024-10-05,,
8518,6550,3001,2024-03-03,,
8546,1721,2738,2025-08-12,,
8682,1739,3618,2025-03-09,,2025-08-01
9278,8511,4044,2024-01-21,,
9284,4182,4747,2025-03-08,,
9560,3195,2685,2024-06-10,2024-11-30,
9667,779,4685,2024-07-22,,
9745,9257,925,2025-10-27,,
10211,8442,2565,2024-08-06,,2025-06-03
10262,5138,2606,2025-06-14,,
10494,6998,4871,2024-09-22,2024-11-05,
10611,8573,2583,2025-02-14,,
10656,523,1721,2024-05-08,,
10705,4527,2878,2024-07-06,,
10819,6059,359,2025-07-25,2025-08-14,
10919,2106,1571,2025-11-13,2025-12-07,
11176,2176,4752,2024-05-12,,
11361,3383,2573,2025-12-16,,
11529,2098,3660,2025-06-21,2025-10-20,
11595,8348,3441,2025-12-09,2025-12-16,
11676,4304,448,2024-10-24,,2025-08-05
11876,6184,3929,2024-02-26,,
12256,6884,4422,2025-11-01,,
12296,468,1801,2024-03-27,2024-09-16,
12901,9683,381,2025-04-07,,
12965,2724,1592,2024-07-20,2024-09-05,
13059,3978,3839,2025-11-11,2025-12-13,
13231,4809,4169,2025-06-15,,
13597,3370,878,2025-10-19,2025-11-08,
13837,4467,4127,2024-06-06,,2024-06-07
13982,307,4420,2024-11-23,,
14093,1116,1598,2025-12-14,,
14351,859,4748,2025-09-14,,
14358,6836,1689,2024-10-04,,
14592,58,510,2025-09-19,,
14855,5672,4038,2025-03-26,2025-08-12,
15241,2291,2278,2025-01-04,,
15258,4792,1732,2025-12-08,,
15418,4730,3138,2025-01-14,2025-05-13,
15638,5248,3920,2025-11-24,,2025-12-16
15943,4280,1004,2025-06-10,,2025-09-13
16625,9782,4748,2025-11-26,,
16655,2200,101,2025-05-02,2025-08-31,
16740,1409,888,2025-12-17,2025-12-24,
16828,163,4989,2025-02-15,2025-05-24,
16914,4189,508,2024-06-24,2024-12-14,
17135,770,4636,2025-07-01,,2025-07-17
17315,9079,3905,2024-03-09,,
17600,877,2856,2024-10-25,,2024-12-31
17755,8576,1005,2024-12-28,,2025-09-07
17797,263,1647,2025-09-21,,
17810,5945,381,2025-11-12,,
17915,2074,2713,2025-11-25,2025-12-09,
17943,3550,4451,2025-04-21,,
18761,3081,939,2024-03-21,,
18890,6881,1203,2024-01-22,,
19410,6068,4362,2025-11-03,,
19446,439,3929,2025-03-10,,
19570,3697,723,2024-08-16,2024-12-13,
835,8644,2103,2025-12-10,,
855,9389,2314,2024-05-16,,
886,6789,1973,2024-01-27,,2024-05-31
1048,7441,4900,2025-08-10,,
1653,349,1469,2025-09-18,2025-12-02,
1988,1160,2846,2024-08-08,,
2085,5848,2630,2025-08-21,,2025-11-19
2130,5426,3915,2024-07-16,,2024-08-18
2144,6840,4911,2024-05-15,,
2270,7014,3494,2025-06-01,2025-10-17,
2350,3168,1538,2024-04-24,,2024-10-25
2650,4977,1147,2025-03-27,2025-04-12,
2681,7668,266,2024-09-17,,
2749,3530,3472,2024-03-01,,2024-11-09
2842,6189,604,2025-11-02,,
3292,4666,4835,2024-08-11,,
3662,4792,2525,2025-11-07,,
3826,3255,2913,2025-06-13,,
3914,4292,1374,2024-01-20,,
4238,8178,341,2025-08-26,,
4636,2602,2165,2025-05-07,,
4644,2143,4863,2025-10-08,2025-11-25,
4844,9822,1616,2025-08-14,,2025-10-19
4954,2907,2472,2025-04-11,,
5007,3453,2733,2024-09-18,2024-12-03,
5018,4390,4772,2024-08-03,,
5086,969,4583,2024-07-04,,
5205,9792,3937,2025-10-10,,
5323,407,1947,2025-04-04,,
5770,1590,2117,2025-05-12,,
6379,2138,4887,2025-10-19,,
6588,2463,273,2024-08-27,2024-10-09,
6809,3987,3169,2025-02-14,,
6823,2443,3458,2024-06-21,,
6989,3636,2712,2025-02-03,2025-02-19,
7095,144,4314,2025-04-03,,
7338,1764,3569,2025-09-30,,
7615,8586,1183,2024-03-31,2024-08-10,
7681,2260,53,2024-12-28,,
8002,2234,1208,2025-08-03,,
8073,3225,1316,2024-05-30,,
8428,3477,1487,2025-08-18,,
8520,494,3194,2025-12-10,,
8595,2518,321,2024-04-11,,
8829,5671,3776,2025-12-13,,
9504,472,2425,2024-12-20,2025-03-01,
9853,6746,2182,2025-08-29,,
9865,1558,770,2025-01-04,,
9905,1368,3614,2024-04-07,2024-07-02,
10093,3533,2194,2025-06-07,,
10106,325,3837,2024-09-15,2024-09-25,
10121,8620,1516,2025-01-21,,
10234,1607,2403,2024-10-25,,
10295,2697,2589,2025-11-14,2025-11-22,
10425,9800,2567,2024-06-06,,
10926,3781,1636,2025-08-03,,
10992,6369,1225,2025-01-18,,
11442,7251,3084,2024-07-10,,
11637,2851,2425,2024-07-11,,
11890,4259,261,2025-12-05,,
12197,9116,2598,2025-02-05,,
12285,940,85,2025-07-04,2025-09-14,
12376,2940,1200,2025-09-21,2025-11-24,
12569,8680,448,2024-06-23,2024-07-11,
12885,3252,3641,2024-07-07,,
13042,4044,1867,2024-12-07,2025-05-25,
13067,2241,2965,2025-07-07,,
13211,7809,2824,2025-03-10,2025-06-10,
13317,3072,3021,2025-10-27,,
14329,2519,4129,2024-01-31,,
14416,7540,351,2025-03-18,,
14870,5960,2873,2024-02-11,,
14905,3211,799,2025-09-25,,
15343,4110,2945,2024-03-11,,
15362,2070,1025,2025-05-23,2025-09-21,
15559,5209,224,2024-11-10,,
16068,4818,2200,2025-10-25,,2025-12-21
16823,3749,3143,2025-03-16,2025-08-18,
16927,9833,888,2024-03-25,,2024-07-31
17112,9166,1018,2025-11-15,,2025-11-25
17432,9542,3854,2025-11-15,,
17441,9403,1726,2025-10-06,,2025-12-04
17463,9594,2987,2024-02-20,2024-06-18,
17503,3628,1643,2024-11-26,,
17931,984,2165,2025-05-25,,
18033,304,4930,2024-04-25,,
18118,8407,2209,2024-10-14,,
18173,2201,1518,2024-11-08,,
18245,5657,1857,2024-02-25,,
18369,3247,3150,2025-05-11,,
18708,8273,4081,2024-08-14,2024-10-27,
19404,8332,4309,2024-02-22,,
19423,4548,1490,2024-08-21,2024-09-20,
19459,4532,3125,2025-10-10,,
19507,946,1348,2024-04-15,,2024-09-23
19936,6855,4891,2025-10-14,2025-10-27,
212,9410,3761,2024-10-02,2024-11-25,
329,3999,2466,2024-09-18,,
422,3366,1101,2024-10-17,,
433,5936,318,2024-05-03,2024-07-23,
458,3690,4990,2024-07-09,,
618,9430,2932,2024-09-09,2024-10-20,
717,6159,4697,2024-02-25,,2024-07-08
779,6485,2398,2024-02-16,2024-02-29,
827,8091,2753,2025-10-10,,
1186,6866,3035,2024-01-27,,
1206,7388,2252,2025-03-20,,
1292,3012,4738,2025-12-20,,2025-12-22
1569,6162,2951,2025-04-17,,
1929,3584,3487,2024-01-30,2024-03-23,
2070,4739,3927,2025-12-24,,
2259,5118,4372,2024-12-25,,
2414,1342,3416,2023-12-28,,
2706,2611,4633,2025-07-11,,
3027,7605,862,2025-04-07,,
3094,286,2793,2025-06-10,,2025-06-24
3378,327,3076,2024-01-16,,
3405,2601,4221,2025-11-20,,
4166,2354,4751,2024-05-01,,
4296,3271,2740,2025-03-02,,2025-09-09
4799,9125,4052,2025-08-06,,
4832,7866,4219,2024-06-17,2024-12-10,
4928,4206,4880,2024-05-28,2024-11-20,
5254,3880,1670,2023-12-30,2024-05-04,
5938,2814,3331,2024-12-12,,
6253,5573,3580,2024-10-02,,
6303,235,181,2025-12-04,,
6797,5520,1783,2024-08-29,,
7312,3391,3421,2025-02-05,,
7712,5841,4928,2024-07-14,2024-10-20,
8465,8168,77,2025-10-25,,
8610,5520,2090,2025-02-11,,
8814,6908,843,2025-12-13,,2025-12-25
8980,9286,601,2024-06-23,,
8989,656,3729,2024-11-20,,2025-03-10
9168,1543,3546,2025-07-11,,
9595,5149,2599,2025-08-30,,
9613,7325,914,2024-12-27,,
9615,4992,1947,2025-07-28,,2025-09-16
9695,1579,3934,2024-07-12,,2025-03-14
9701,2077,2093,2025-03-16,,
9705,5217,2044,2025-03-17,,
9888,9995,3278,2025-10-21,,
10201,5116,2011,2024-09-25,,
10592,5265,3438,2024-02-21,,
10897,1726,1373,2025-03-10,,
11451,1406,1644,2024-04-26,,
11480,2256,4356,2025-06-24,,
12030,6952,4972,2024-12-10,,
12039,5378,1007,2025-12-19,,
12688,3224,4075,2025-10-28,,
12702,6817,436,2024-01-18,2024-03-01,
12751,7968,2641,2025-06-13,,
13030,9669,4083,2024-06-19,2024-10-17,
13339,2665,4144,2024-05-31,,
13400,3368,2151,2025-10-16,,2025-10-24
13523,1676,4969,2025-02-16,,
13791,8621,4015,2024-11-02,,
13852,9587,3690,2025-06-10,2025-08-28,
14512,2011,2406,2025-11-19,2025-12-17,
14539,755,1794,2025-04-05,,2025-04-27
14675,3731,2840,2025-06-08,,
14887,2106,4951,2025-11-02,,
15046,2608,1087,2025-09-14,,2025-11-24
15260,3750,4690,2025-08-12,,
15762,345,4844,2024-11-06,,2025-01-24
15775,7818,3248,2024-08-04,,
15820,6081,4994,2024-12-09,,
15922,3042,3821,2025-01-03,,
16718,1936,3253,2024-07-06,,
17783,8046,2347,2024-03-14,,
17932,4460,525,2025-07-29,,2025-10-31
18073,8714,271,2025-03-24,,
18126,9058,1715,2024-12-16,,
18145,2804,3169,2024-11-27,,
18256,2455,3051,2024-05-09,,
18274,8076,2598,2025-08-28,2025-09-21,
18287,838,1458,2025-04-11,,
18313,5666,3117,2024-08-15,,
18453,6668,3099,2024-09-27,,
18461,3855,4480,2025-08-27,,
18553,87,2868,2025-11-18,2025-12-03,
18557,8428,1640,2025-03-17,,
19013,1693,1392,2024-04-09,,
19133,4068,4054,2025-06-27,,2025-09-27
19281,4754,3682,2025-10-11,,
19726,8457,4805,2024-07-02,,2025-03-26
51,9852,1723,2024-10-25,,2024-11-11
656,2734,4289,2024-04-29,,
721,8677,2098,2025-03-19,,
844,5036,476,2025-09-23,,2025-12-16
1164,4886,2717,2024-10-31,,
1166,222,4151,2025-01-24,2025-03-15,
1217,7657,4966,2024-10-27,2025-01-07,
1482,4064,1792,2025-10-25,2025-11-15,
2073,4147,4629,2025-12-04,,
2463,4642,3344,2024-03-26,,2024-04-12
2673,7973,4700,2025-01-20,2025-06-23,
2784,6017,1379,2024-12-25,2025-03-31,
2828,5779,3184,2024-11-20,,2025-10-20
3074,3519,892,2025-02-22,,
3095,3440,484,2024-10-04,,
3228,2699,4854,2025-09-28,,
3372,5378,4433,2025-12-16,,
3452,8210,3152,2025-04-18,,
4393,7912,2824,2025-09-30,2025-10-25,
4594,4669,3753,2025-07-24,,
4607,1724,1609,2025-05-26,,
4917,1580,1919,2025-03-10,,
4951,8024,972,2025-06-06,,
4978,5255,771,2025-04-24,,
5505,8748,3580,2025-01-10,2025-03-20,
5727,7300,2691,2025-08-31,,
6320,8480,4616,2025-08-07,,
6454,7221,4713,2025-06-07,,
6721,8596,4436,2025-06-09,2025-09-26,
6832,6472,970,2025-11-17,2025-12-22,
6916,2986,3081,2024-11-04,,
7368,8828,513,2024-03-26,2024-08-08,
7414,4975,4700,2025-12-03,,
7522,8649,327,2025-06-08,2025-07-07,
7652,7337,1002,2025-10-30,,
8024,8097,4638,2024-12-03,,
8216,5963,1224,2024-08-24,2024-11-29,
8663,5167,3508,2024-04-06,,2024-06-26
8669,5369,4679,2025-01-08,,
8677,4832,2165,2025-04-02,2025-05-24,
8786,6909,2183,2025-05-08,,
9048,2310,3884,2025-09-16,,
9243,9978,1794,2025-05-30,2025-11-20,
9374,7843,1964,2024-07-06,,2024-11-23
9469,6074,3975,2025-11-30,,
9767,1718,179,2025-08-19,,
9899,3658,2444,2024-06-15,,2024-07-03
9953,4176,3499,2025-02-27,,2025-11-08
9984,9193,4273,2025-04-18,,
10477,6724,2863,2025-06-29,,2025-10-17
10690,9308,4790,2024-11-20,,
10745,3817,3897,2025-07-21,2025-08-27,
10774,1119,410,2025-11-07,2025-12-02,
10905,275,3308,2024-07-04,,
10929,6754,2367,2024-01-31,,
11231,1393,4151,2024-12-01,,2025-06-08
11280,7409,2380,2025-01-13,,
11467,3493,1600,2024-10-06,2025-03-21,
11552,5340,2119,2024-10-11,,
11905,6431,849,2024-09-07,,
12097,3526,98,2025-05-17,2025-10-31,
12210,6577,1397,2025-02-15,2025-07-28,
12656,6484,2406,2024-10-25,2024-12-17,
12891,3848,960,2024-08-11,,
13034,6260,4945,2025-10-23,2025-11-19,
13285,8165,558,2025-09-01,,2025-11-17
13528,5117,2258,2024-01-26,,
14040,944,3702,2024-11-18,2025-02-13,
14303,3937,992,2024-09-01,2024-11-18,
14391,1566,3496,2025-05-03,,
14454,7165,1606,2024-08-30,,
14541,6623,472,2024-09-17,,2024-12-04
14586,4503,4840,2025-11-12,,
14597,8399,3216,2025-02-09,,
14752,1317,4086,2024-02-12,,2025-01-04
14826,7108,2982,2025-05-15,2025-10-01,
14928,401,4681,2025-09-24,,2025-12-13
15571,8848,3230,2025-07-25,2025-10-28,
15917,9590,1900,2025-05-03,2025-07-24,
16066,5093,1713,2025-05-05,,
16279,9282,1147,2025-08-01,,
16370,7272,2459,2024-03-03,,
16624,8941,1098,2024-03-13,,2024-12-23
16754,7539,2171,2024-05-03,,
17110,7018,411,2025-09-01,,
17338,9902,57,2025-04-25,,
17346,7057,1595,2025-05-25,,
17391,4342,4134,2024-10-14,,
18252,2476,1721,2025-07-28,,2025-11-09
18347,2986,2011,2024-08-22,,
18764,8965,545,2025-04-28,,
18771,9860,2928,2025-08-27,,2025-10-12
19314,2683,4586,2025-07-07,,
19385,2901,1926,2025-04-25,,
19684,7145,2673,2024-10-08,,
19761,4252,4802,2024-04-22,,
19800,3746,1389,2025-06-17,,
19814,8672,819,2024-08-21,,
19830,5498,3421,2025-08-16,,
19882,4419,3036,2025-07-10,2025-09-12,
485,6593,2263,2024-01-01,,
640,6488,2189,2025-01-27,,
715,5953,2879,2024-05-23,2024-08-02,
1026,5601,2360,2024-02-08,2024-07-17,
1053,9765,1827,2024-02-22,2024-04-11,
1268,5414,1362,2025-02-11,2025-07-16,
1734,2999,4866,2024-06-08,,
1845,3951,1295,2025-06-25,,2025-12-21
2030,54,122,2024-05-09,,2024-06-19
2417,4669,4006,2024-09-28,,2025-09-27
2448,7091,2429,2025-11-03,2025-12-07,
3007,9402,4306,2025-10-09,2025-10-20,
3166,8434,3595,2025-09-25,2025-12-21,
3494,344,2601,2025-01-02,,
3773,7822,1248,2025-05-27,2025-11-16,
3972,2027,3334,2024-07-23,2024-10-05,
4414,6003,4761,2024-04-23,2024-10-02,
4595,3682,3624,2025-10-03,2025-11-10,
5457,91,2175,2025-04-17,,
5584,2302,1567,2025-01-17,,2025-05-03
6392,219,4583,2025-04-10,,
6676,423,996,2024-07-10,,
6723,6259,522,2025-07-09,2025-08-24,
6794,3338,361,2024-08-09,,
7466,7751,1277,2025-08-23,2025-12-13,
7582,7511,4968,2024-08-26,,
7606,8714,2119,2024-12-26,,
7609,3537,3398,2024-03-26,,
7797,5211,4108,2024-02-16,,2024-09-21
7935,3317,1492,2024-04-17,,
7991,5148,3893,2025-06-18,2025-06-25,
8021,8601,4214,2025-10-06,,2025-11-15
8292,7925,1705,2024-09-24,,
8338,8515,4716,2025-02-06,,
8437,1984,3765,2025-06-29,2025-09-03,
8512,5626,4001,2024-06-16,,2024-10-24
8838,4787,4630,2025-08-17,2025-09-29,
8960,6723,1125,2025-02-26,,
9015,5658,62,2024-10-30,,2025-04-18
9042,5291,2933,2024-05-29,,
9087,3287,1163,2025-03-26,,
9105,6942,2023,2025-04-25,,
9171,2645,31,2024-08-18,,
9186,9585,497,2024-07-16,2024-11-26,
9422,7729,3248,2024-03-04,,
9713,2491,1363,2024-05-06,2024-10-07,
9801,6754,2627,2024-07-17,2024-11-16,
9808,9823,4527,2024-07-05,,
9975,4639,1288,2025-05-03,2025-09-16,
10176,7094,715,2025-02-19,,
10706,79,2370,2025-12-09,,
10874,8477,318,2025-06-06,,
11065,4503,335,2025-10-08,2025-12-13,
11275,9732,4224,2024-10-17,2024-12-26,
11281,1287,695,2025-09-27,2025-12-01,
11434,392,10,2024-02-12,,
11533,5843,3476,2025-10-07,,
11675,7161,3123,2024-08-03,2024-12-28,
11963,9416,877,2025-07-27,,2025-08-23
12393,7631,1218,2025-11-26,,
12876,8440,1940,2024-11-12,,
12883,4366,2015,2025-02-12,,
12904,7380,2547,2025-12-04,,
13056,8377,957,2025-11-14,,
13434,8789,3560,2025-05-05,2025-08-24,
13798,7096,3696,2024-09-22,,
14054,6675,3185,2025-02-04,2025-03-21,
14210,1850,342,2024-05-05,,
14656,3042,4779,2025-02-17,,
14891,4792,1164,2025-09-15,,
14987,3485,3091,2025-06-05,,
15245,212,3854,2025-07-14,,
15423,4164,2306,2025-10-29,2025-12-13,
16166,770,684,2025-01-20,,2025-04-01
16244,4999,888,2025-10-01,,
16362,9610,1121,2024-12-21,,
16617,1625,994,2024-11-18,,
16632,2323,1318,2024-12-19,,
16721,2611,2056,2025-05-02,,
17026,3227,1816,2025-12-11,,2025-12-12
17148,4529,1372,2025-08-27,,
17593,196,3806,2024-12-10,,2025-09-28
17654,6514,2176,2024-02-28,,
18114,2446,2123,2025-03-29,,2025-09-15
18144,6800,1984,2024-08-08,,2024-08-12
18187,3235,717,2025-09-20,,2025-11-02
18597,3926,4159,2025-11-04,,
18750,5567,371,2024-10-30,,
18795,6796,3399,2024-11-16,,
18949,1787,1325,2024-03-02,,
18991,5359,533,2024-03-10,2024-03-22,
19019,2679,2668,2025-09-17,,2025-11-04
19288,5243,1804,2025-06-23,,
19398,105,4289,2025-07-13,,
19419,4739,1967,2024-09-05,,2024-10-09
19604,5278,2393,2025-12-14,,2025-12-17
19654,7399,4931,2025-02-12,,
101,7136,1390,2024-09-01,,2025-07-09
123,3554,1291,2025-08-12,2025-12-16,
314,3337,2231,2025-03-29,2025-05-29,
391,3388,4400,2025-12-05,2025-12-23,
443,5119,3246,2025-03-20,,2025-06-02
455,1197,702,2025-01-17,,
490,9858,1709,2025-11-18,,
508,5350,4952,2025-02-24,,
568,6841,3086,2024-12-03,,2025-09-03
773,7060,939,2025-02-19,,
824,3711,877,2024-10-29,,
883,733,4861,2024-11-09,2025-01-03,
934,5549,3472,2025-12-20,2025-12-25,
1019,2423,3425,2025-12-01,,
1408,9252,50,2025-10-28,,
2352,3487,1525,2024-01-10,,2024-04-06
2421,3359,3017,2024-07-06,,
2627,4386,4789,2024-08-15,,2024-12-29
2630,7186,2309,2025-11-01,2025-12-09,
2660,7947,1787,2024-04-28,2024-09-17,
2718,667,3167,2025-07-16,,
2782,734,1905,2025-03-05,,
2822,7724,1290,2025-01-23,2025-05-18,
2916,9921,1883,2025-11-07,,
2994,5063,3572,2024-06-21,2024-07-05,
3875,9111,2470,2025-09-22,,2025-10-15
3901,2074,3100,2025-12-22,2025-12-25,
4065,9980,520,2025-07-06,,
4444,8286,1814,2025-07-08,2025-09-02,
4533,3901,1114,2025-11-06,,
4727,8948,882,2025-09-20,,2025-10-08
4979,5608,3232,2024-07-11,,
4986,7324,2348,2025-09-12,,
5083,6246,2581,2025-11-26,,
5163,3057,4714,2025-09-30,,2025-10-23
5315,4266,1645,2024-04-11,,
5821,1347,3418,2025-07-19,,
5952,6700,2832,2025-04-17,,
6145,7694,984,2024-04-10,,
6205,970,566,2024-02-17,2024-06-18,
6538,6313,3923,2024-04-22,,
6578,7740,3746,2025-08-18,,
7865,5249,633,2025-01-02,2025-05-30,
8065,4437,1108,2025-06-19,,
8236,7920,4076,2024-01-25,2024-03-26,
8853,9365,373,2025-01-25,2025-07-19,
9029,3359,4221,2025-08-20,2025-09-03,
9335,5458,878,2025-02-21,,2025-10-19
9392,6622,3319,2025-05-26,,
9728,3936,436,2023-12-26,,
9762,6859,2385,2024-07-12,,
9851,1671,2219,2025-08-26,,
10170,1208,1506,2025-06-30,2025-09-22,
10216,3959,3588,2025-05-31,,
10452,6088,473,2024-02-02,,
10576,1246,4313,2024-05-27,,
10596,9448,3520,2025-08-14,2025-10-03,
10651,4587,4077,2025-01-25,2025-06-09,
10841,8402,4889,2025-04-09,,
11070,877,3179,2025-01-05,,
11109,1741,361,2025-06-23,2025-11-25,
11308,1060,2642,2025-01-24,,
11371,1873,3711,2024-06-06,,
11612,172,2753,2025-06-19,,
11729,5983,843,2024-10-10,2025-03-21,
11745,40,1300,2025-01-10,,
11917,1559,1923,2024-02-03,2024-07-25,
11923,3718,3648,2025-05-07,,2025-12-18
11961,1082,247,2025-08-19,,
12180,193,3487,2025-12-21,2025-12-25,
12254,7020,4242,2024-05-14,,
12331,6387,610,2024-05-11,2024-08-10,
12582,9799,1487,2024-08-28,,
12945,5692,2732,2025-07-26,2025-10-03,
12988,9638,1617,2024-01-25,,
13519,187,3339,2024-12-11,2025-01-17,
13892,8151,210,2025-01-24,2025-02-23,
14106,966,4158,2025-02-09,,
14548,213,3107,2024-11-24,2024-12-08,
14619,1371,159,2024-06-14,,2025-06-04
14650,568,4898,2025-05-29,,
15100,7366,3824,2024-05-18,,
15132,1728,2731,2024-05-29,,
15350,5508,2210,2024-11-17,,2025-02-25
15437,6799,4716,2024-05-09,,
15623,2636,569,2025-09-12,2025-10-19,
16114,5769,1774,2025-08-02,,
16318,452,3773,2024-03-09,,
16404,5866,3674,2025-11-28,,2025-12-04
16433,6918,3134,2024-07-11,2024-12-12,
16482,8862,1051,2025-06-28,,2025-10-21
16533,4563,3299,2024-02-21,,
16630,246,4665,2024-01-01,2024-05-06,
16755,7199,3509,2025-12-16,2025-12-23,
16979,287,4754,2025-12-17,,
17081,7291,2080,2024-08-25,,
17091,9415,827,2025-09-25,,2025-12-22
17227,4243,4942,2025-07-10,2025-12-12,
17908,2769,4817,2024-05-05,2024-10-20,
17967,5857,983,2025-04-03,,
18089,5757,4835,2025-12-12,,
18112,3770,2174,2025-12-15,,
18129,4609,4758,2024-08-19,,
18149,840,3885,2025-04-08,,
18317,4501,388,2024-03-26,,
18627,4827,4703,2024-06-15,,
18979,6654,1666,2025-06-28,2025-09-21,
19009,6626,478,2025-06-28,,
19142,7329,1306,2025-12-07,,
19205,7110,4915,2024-08-12,,
19221,7126,1804,2024-01-11,2024-02-19,
19728,5588,4029,2024-09-02,,
59,3017,2093,2025-05-07,,
344,488,3322,2024-03-21,,
1049,8889,1610,2024-12-21,2025-04-24,
1124,3979,4623,2025-02-19,,
1148,165,1424,2025-04-23,,
1462,6840,1574,2025-06-24,,
1601,4590,4737,2024-07-10,,
1728,7272,703,2024-09-20,,2025-09-15
1794,2248,3319,2024-09-13,,2024-10-21
2037,7951,4143,2024-05-20,,
2038,4502,2475,2025-03-14,2025-06-22,
2200,4991,175,2025-05-30,2025-09-25,
2322,9255,1005,2025-11-18,2025-12-19,
2439,2884,486,2025-03-30,,2025-07-20
2440,3484,4732,2024-05-23,,
2837,173,643,2024-02-26,,2024-10-12
2882,3225,490,2025-06-17,,
3254,2652,548,2025-03-18,,
3787,2715,860,2024-07-14,,2025-05-14
4404,7296,3773,2025-01-19,,
4603,2813,565,2025-01-05,,2025-01-31
4652,9234,3042,2025-01-21,2025-06-28,
4843,8604,1980,2025-12-20,,
5073,4958,1530,2024-03-30,,
5274,8715,3838,2025-07-12,2025-11-01,
5458,3429,3168,2025-10-11,,2025-11-01
5853,7070,3737,2025-01-11,,2025-01-23
5872,7246,2195,2025-02-11,,
5876,5377,142,2024-04-05,,
5892,2313,3143,2025-06-26,,
6321,3482,1470,2024-08-28,2024-12-29,
6455,9882,3062,2025-09-27,2025-12-23,
6511,6713,1495,2024-09-26,,
7067,9789,3742,2024-03-18,2024-03-28,
7282,5269,3254,2024-04-17,,
7419,2425,2959,2025-11-01,,
7442,1822,2696,2025-06-16,,
7563,4194,113,2024-09-10,,
7842,2814,386,2025-05-12,2025-10-05,
7858,7313,2683,2024-06-17,2024-09-20,
7908,2596,468,2025-05-01,,2025-09-18
8226,5434,1746,2025-12-24,2025-12-25,
8261,5627,1105,2025-05-29,,
8331,3871,2942,2025-12-15,,
8509,8194,506,2025-11-21,,2025-12-02
8627,5716,1489,2025-04-18,,
9111,2840,4477,2024-02-17,,
9180,9911,787,2025-01-23,,
9240,9924,843,2025-04-14,,
9314,8894,3329,2024-10-17,2025-03-20,
9508,9276,2247,2025-08-06,,
9545,7488,3018,2025-02-21,,
10088,9601,290,2024-03-18,,
10507,921,3598,2024-03-23,2024-07-08,
10700,3138,3287,2025-01-29,,
10902,7459,4221,2025-01-29,,2025-12-22
10939,1114,3548,2024-06-16,,
10944,7932,4553,2024-02-20,,
11177,8461,1039,2025-08-18,2025-11-10,
11526,4274,4269,2024-06-07,,
11539,6349,2937,2024-01-26,,
11541,5853,545,2024-12-12,,
11582,174,2839,2025-08-26,,2025-12-17
11755,1970,626,2025-07-06,,
11789,7279,2979,2025-06-03,2025-07-04,
11936,632,823,2025-09-16,,
11979,8416,3478,2024-11-23,,2025-02-08
12655,4615,390,2024-10-23,,
12761,3170,3532,2025-06-09,2025-08-16,
12837,7910,202,2025-05-06,,
13201,3245,4199,2024-05-22,,
13461,8682,2990,2025-11-17,,
13864,946,4049,2025-10-12,2025-10-20,
14127,8280,4754,2024-07-02,,
14304,7298,433,2025-07-04,,
14478,809,765,2025-09-18,,
15001,9787,3758,2025-09-22,,
15130,3701,601,2024-01-11,,
15290,2337,4007,2024-04-07,,
15360,9449,4433,2025-08-28,,
15651,6811,3957,2024-05-07,,
15717,5265,4445,2025-06-19,2025-11-28,
15950,3222,1377,2025-03-21,,
16002,8049,4402,2024-11-21,,
16453,886,3111,2024-02-18,2024-03-03,
16471,2708,803,2025-07-12,,
16485,9693,4957,2025-07-15,,
16690,2620,4611,2025-05-03,,
16963,1776,773,2025-03-24,2025-04-04,
17182,6044,513,2024-06-22,,
17303,4122,1902,2024-06-12,,
17347,5926,3216,2024-05-30,,
17544,595,4495,2025-04-24,,
17708,5880,2889,2024-05-29,,2025-03-16
17759,3289,4233,2024-09-28,,
18028,5799,281,2024-08-24,,2025-05-13
18158,3752,2677,2025-12-19,,2025-12-21
18228,4799,4425,2024-09-12,2024-11-30,
18329,135,2908,2025-11-04,2025-11-30,
18492,8095,4490,2024-11-12,,
18714,8192,795,2024-06-03,2024-11-10,
18943,3685,1187,2025-07-04,,2025-09-24
19123,1202,4418,2024-09-26,,
19167,4882,4570,2024-06-29,,
19238,4786,2222,2024-01-28,,
19289,6487,1371,2025-06-10,,
19326,7836,2013,2024-05-19,,2024-08-06
19693,4390,4434,2024-11-05,,
19844,671,3976,2024-01-18,,2024-02-25
19860,2039,2907,2025-12-09,2025-12-19,
19,7497,170,2025-08-27,2025-09-19,
193,5053,1579,2025-10-08,,
280,6858,4230,2025-06-27,,2025-10-16
296,9742,2305,2025-12-01,2025-12-15,
483,6413,3693,2025-05-02,,
757,8856,4033,2024-10-30,2025-03-07,
894,2552,2714,2025-07-04,2025-12-16,
1347,9786,1073,2025-12-21,2025-12-25,
1362,9501,3138,2025-01-17,,
1488,8807,4909,2024-04-23,,
1751,8234,2424,2024-03-15,2024-05-27,
1796,9175,416,2024-03-02,,
2469,4943,75,2025-05-09,,
2867,6023,394,2024-06-30,,
3480,972,483,2024-06-29,,
3763,6675,1619,2024-10-19,,
3843,6558,1978,2025-08-04,,
3951,7615,74,2023-12-31,,
4571,8415,28,2025-06-13,,
4576,2247,4492,2024-05-18,,
4671,1600,4205,2025-10-26,,
4766,5316,4612,2025-02-20,2025-03-11,
4779,4570,2702,2024-07-17,2024-12-20,
4793,5823,3987,2025-09-28,,
5014,9606,2475,2024-06-03,,
5085,2966,4281,2025-10-13,,
5193,3393,3930,2024-05-28,,
5510,9240,1595,2024-03-21,,
5535,2108,2962,2025-09-06,,2025-10-28
5718,8437,2739,2025-08-04,,
5825,7109,243,2024-07-04,2024-08-22,
5953,812,2669,2025-11-14,,
6575,6549,28,2025-05-10,,
6607,5672,3669,2025-01-04,,
7008,4453,592,2024-01-24,,2024-08-29
7058,7196,2107,2024-08-19,2025-01-21,
7099,8802,165,2025-12-06,2025-12-19,
7680,539,1359,2024-08-22,,2025-03-31
7709,3051,2817,2025-08-14,,
8003,9084,3790,2025-07-29,,
8277,2561,2664,2025-01-19,,
8312,5780,1237,2025-01-12,,
8323,6162,3401,2024-10-25,,
8426,5579,1407,2024-06-03,,
8788,2189,1256,2025-12-05,,
9334,2463,2256,2024-12-09,,
9523,9733,1357,2025-11-05,,
9879,5770,4083,2025-06-27,,
9886,4759,544,2025-10-26,,
10020,2968,1925,2024-06-18,,
11353,4160,1696,2024-09-27,2024-10-29,
11653,7854,438,2025-05-07,,
11719,346,1248,2024-07-04,,
11766,1169,2239,2024-09-04,,2024-12-20
11822,4173,2636,2025-08-04,2025-12-02,
12064,9520,1735,2025-01-01,2025-02-24,
12304,3061,1524,2025-02-06,,
12315,9791,1946,2024-05-24,,
12525,48,2626,2025-06-23,,
12644,941,2021,2025-07-31,,
12681,9542,4442,2025-12-17,2025-12-25,
12942,4485,4631,2025-07-21,,
13446,3893,173,2025-05-13,,
13932,5296,552,2025-12-24,,
13940,9898,2898,2024-01-12,2024-02-23,
13956,8303,281,2025-11-02,,
14183,8472,3624,2025-05-02,,
14300,5648,1518,2025-08-27,2025-09-22,
14376,3818,2,2025-09-22,,
14428,9394,4546,2024-03-16,,
14622,1614,1437,2024-06-21,,
14838,4147,3042,2024-02-25,,
16310,4886,92,2025-05-16,,
16943,1382,4225,2025-05-07,,
16956,2809,2386,2024-02-20,,
16996,8484,2652,2024-01-30,2024-06-28,
17007,8767,473,2025-07-04,,
17130,388,3363,2024-12-03,,
17192,8184,1259,2025-06-25,,
17590,6183,2670,2025-09-28,,2025-11-08
18211,232,4791,2024-04-13,,
18610,4090,4133,2025-04-08,,2025-11-29
18660,2114,3477,2024-07-13,2024-11-02,
19106,9183,775,2025-07-30,,2025-10-12
19121,3304,3675,2025-12-16,,
19188,8115,2725,2025-10-11,,
19514,5325,2014,2025-09-23,2025-10-12,
19560,1963,3211,2025-12-09,,2025-12-13
19581,9824,4558,2024-01-10,2024-03-09,
19677,5108,3410,2024-08-29,,
19894,1612,786,2025-10-07,,
116,5384,56,2024-02-23,,
198,9296,272,2025-06-19,,
254,3591,1038,2024-11-11,,
478,7255,1919,2024-04-10,,2025-02-28
522,5544,3017,2025-07-04,2025-09-01,
665,8573,2658,2025-05-24,,
932,1787,2082,2024-06-07,,
1648,9982,2579,2024-12-13,2025-05-26,
1829,4164,3548,2025-05-19,2025-08-24,
1945,6539,676,2024-01-08,,2024-06-14
2526,4080,279,2025-11-18,,2025-11-23
3298,1251,1179,2025-07-15,,
3307,8700,3474,2024-10-30,,
3795,5689,1735,2024-11-24,,
4003,44,2551,2025-09-28,,
4223,114,1306,2024-05-09,,2024-10-15
4338,3191,3010,2025-11-12,,2025-12-16
4909,780,2487,2024-08-31,2024-09-22,
5077,4234,2784,2025-07-04,,
5367,1109,4518,2024-06-11,,
5816,5654,2227,2025-11-14,2025-11-23,
5862,9625,1549,2025-08-20,,2025-12-12
5989,6583,3925,2024-02-12,,
6126,3483,2226,2025-05-04,2025-09-04,
6352,6917,1577,2025-11-15,,2025-12-08
6378,6059,2266,2025-08-10,,
6594,7817,4928,2024-06-19,2024-07-30,
6622,9218,3363,2024-12-12,,
6914,5086,2750,2024-12-31,,
6922,2708,4346,2025-11-02,2025-12-17,
7843,6168,1921,2024-09-17,,
7995,8670,1959,2025-08-18,,
8143,6128,3360,2024-09-01,2024-12-28,
8529,7146,4707,2025-10-23,,
8581,6350,1343,2025-01-06,,
8716,6314,1133,2024-11-15,,2025-07-12
8756,514,2303,2024-03-10,,
8914,7093,160,2025-07-30,,
9152,4537,3144,2025-11-27,2025-12-24,
9157,5620,77,2025-07-07,,
9309,4326,4388,2024-11-20,,
9368,9851,2250,2024-11-15,,
9688,6782,391,2025-10-11,,
9712,7669,855,2024-10-11,,
10674,2237,326,2024-02-11,2024-03-04,
10763,3364,4243,2025-11-07,2025-11-29,
10879,4398,3159,2025-09-20,,
11255,4233,4146,2024-07-01,,
11395,7270,3498,2024-01-31,,
11547,9195,1959,2025-06-17,,
11585,5112,3436,2025-08-28,,
11780,5566,4245,2025-11-16,,
11816,6961,3683,2024-01-25,2024-05-15,
11901,5217,4136,2025-12-11,,
12079,7730,4092,2024-01-08,,
12113,2862,2067,2024-12-18,,2025-04-03
12222,2923,4152,2024-04-25,,
12353,1191,2477,2024-04-29,,
12563,9283,3070,2025-06-13,,2025-10-25
12594,3481,2034,2025-05-10,,
12944,8588,3936,2025-05-17,,2025-08-15
13032,9374,2352,2025-12-10,,
13737,4563,1370,2025-06-23,,2025-10-02
14629,6756,4549,2024-07-30,,
14659,8180,2182,2025-05-30,,
14831,878,2102,2024-08-28,2025-02-12,
14848,4783,2374,2024-12-24,2025-01-04,
15068,262,4127,2024-04-17,,
15312,9926,1748,2025-01-24,,
15552,5161,725,2025-11-19,2025-12-08,
16029,5244,3988,2024-07-31,2025-01-23,
16150,4255,4704,2025-11-30,,2025-12-05
16420,2119,2355,2025-01-03,,2025-10-04
16520,8784,2423,2024-11-23,2025-05-01,
16709,7340,658,2025-11-24,,
16886,8513,943,2024-01-22,,
17048,4394,503,2025-02-28,,
17220,7953,451,2024-10-14,,
17415,3798,4813,2025-10-24,,
17431,3055,2688,2025-07-20,,
17609,85,3104,2025-10-25,,
17630,1923,2909,2024-09-23,,
17756,1504,3869,2024-07-15,,2024-12-24
17803,6907,3242,2025-07-06,,
17858,2037,1045,2024-12-05,,
18436,2737,388,2025-08-05,,
18467,7686,1970,2025-12-06,2025-12-24,
18527,3023,2021,2025-01-03,,2025-06-13
18580,6700,791,2025-11-10,,
18709,1076,1675,2024-01-25,,
18773,3229,1896,2025-11-03,,
19352,8073,4276,2025-12-13,,
19628,9916,4737,2024-01-21,,
19674,6508,1533,2025-11-01,,2025-11-08
19915,4856,2718,2025-03-26,,
14,2475,3080,2024-03-02,2024-04-19,
163,3991,1512,2024-10-08,,2024-11-18
519,5119,4960,2024-12-30,,
556,1959,1683,2025-04-11,,
669,2769,3469,2025-10-21,,
702,6882,2904,2024-04-13,,
1247,6493,4667,2025-02-05,2025-08-01,
1356,4691,1623,2025-01-28,2025-07-14,
1524,3174,154,2025-06-25,,
1567,1061,4134,2025-11-30,,
1997,755,310,2024-04-04,2024-06-13,
2521,4226,1575,2025-03-23,,
2840,3794,4561,2024-11-03,2025-02-18,
2873,2785,591,2024-11-05,,2025-05-09
3114,2244,37,2024-08-23,,
3222,5177,2437,2024-03-19,,
3841,5771,1394,2025-08-25,,
3984,4091,2257,2025-07-05,2025-09-14,
4105,5344,3146,2025-02-26,2025-07-22,
4126,7824,2653,2025-11-11,,
4242,1532,979,2024-05-15,,
4254,1548,4504,2025-10-15,,
4320,354,2433,2025-03-16,,
4519,2917,508,2024-06-27,,
4963,5302,1841,2025-12-10,,
5004,1740,287,2024-07-10,,
5113,6838,4854,2024-08-02,2024-09-20,
5306,124,388,2025-06-24,,
6414,2427,3200,2025-03-01,,
6604,4412,2424,2024-12-30,2025-04-01,
6667,3666,256,2025-06-09,,
6841,5006,1247,2025-05-11,,
6949,8196,792,2025-02-25,,
7082,9383,4847,2025-11-25,,
7129,7728,1905,2024-04-05,2024-05-12,
7140,4617,191,2024-09-15,,
7255,5555,2286,2025-11-06,,
7357,5008,3690,2024-11-04,,
7530,6396,4883,2024-05-17,,
8047,6123,2285,2024-05-02,,
8199,7136,3655,2024-04-12,,2025-02-24
8322,6213,172,2025-01-26,,
8533,5032,2455,2025-02-14,2025-05-09,
8689,9820,4905,2024-12-10,,
9009,4366,282,2025-08-21,,
9204,8879,2809,2025-02-24,,
9310,491,2715,2024-08-31,,2025-07-30
9436,363,3532,2025-10-27,,2025-10-31
9466,8867,2135,2025-11-16,,
9844,1480,2374,2024-06-17,,
9907,5349,167,2025-04-10,,
9933,4762,2770,2025-02-27,2025-05-16,
9965,4202,1211,2024-01-13,,
10132,2437,2085,2024-11-16,2025-03-12,
10861,6320,725,2024-08-11,,2024-10-14
11133,218,3362,2025-01-11,,2025-11-22
11174,5857,3918,2024-07-17,2025-01-02,
11187,2519,1984,2024-02-07,2024-05-04,
11749,9976,4138,2025-09-12,,2025-10-25
12049,5240,3860,2025-03-31,,
12551,4382,1858,2024-08-20,2024-10-18,
12852,5255,1275,2025-12-16,2025-12-23,
12940,566,4756,2024-07-17,2024-09-15,
13050,3390,644,2025-08-03,,2025-12-05
13142,5675,3857,2025-08-06,,
13207,5878,2306,2025-12-10,2025-12-24,
13647,3576,1024,2025-10-25,,
13807,8694,4017,2024-11-21,,
13828,9485,1692,2025-07-25,,2025-11-19
14088,5161,2969,2024-02-06,,2024-07-23
14219,7185,631,2025-06-17,,
14342,4662,4396,2024-10-04,,
14409,7625,856,2025-12-02,,
14553,7392,4298,2024-09-22,,
14936,5179,657,2025-01-03,2025-01-13,
15181,4111,3359,2024-05-15,2024-09-24,
15355,6910,2417,2024-01-17,,2024-09-21
15596,8840,2464,2024-11-18,,
16025,4427,2845,2025-03-06,,2025-07-17
16128,7409,3451,2025-09-14,,
16224,6507,3065,2024-07-06,,
16940,8830,1035,2024-06-17,,
16985,5345,4602,2025-10-05,,
17316,4107,1921,2025-05-20,,
17634,8563,2248,2024-12-05,2025-06-01,
17825,8504,1743,2025-07-17,,2025-07-24
17998,2608,3751,2025-06-14,2025-09-30,
18208,5964,299,2025-10-21,,
18786,8974,4042,2024-01-15,2024-07-06,
18957,6090,1256,2024-11-17,,
18986,9136,1312,2023-12-29,,2024-06-18
19214,4509,42,2024-07-10,,2024-08-16
19251,253,3930,2025-11-17,,
19676,9665,4603,2024-06-14,,
19841,8618,142,2025-06-13,2025-10-15,
766,1954,49,2025-01-05,,2025-10-04
1106,4395,45,2024-12-29,,
1436,2234,1018,2025-01-23,2025-06-22,
1651,7029,790,2024-02-04,2024-03-05,
2165,8050,84,2024-04-27,2024-09-19,
2357,7088,2055,2025-08-04,,2025-12-15
2563,1784,676,2024-06-21,2024-07-06,
2580,9104,1286,2025-05-31,2025-10-28,
2593,7612,1424,2025-05-06,,2025-05-14
2816,4136,1829,2025-07-29,2025-08-28,
2889,7645,2572,2025-07-20,,
2942,200,3157,2024-06-21,,2025-05-02
2984,9786,1762,2025-09-06,,
3061,5522,815,2024-05-29,,
3244,1904,1269,2025-12-14,,
3325,3678,1778,2024-02-23,,
3565,3160,2102,2025-07-30,,
3833,1229,1355,2025-05-02,,2025-08-25
3957,7601,2484,2024-08-21,2025-02-15,
4002,1864,601,2024-06-05,,
4200,1443,2861,2025-09-11,,2025-11-26
4658,7047,3197,2025-07-21,,
4732,9822,2376,2024-12-13,2025-03-14,
4850,8307,1306,2024-06-13,,
5005,1845,1460,2024-08-04,,
5052,5577,1800,2025-07-14,,
5120,3607,1587,2024-06-28,2024-11-14,
5259,903,1001,2024-03-10,,2025-01-09
5594,531,2449,2025-01-01,,
5961,1969,2319,2025-03-31,,
6098,1893,1193,2024-12-22,,
6122,7416,3646,2024-09-19,,
6162,8285,4416,2023-12-30,,
6182,6799,2523,2024-06-06,2024-10-18,
6215,6843,1241,2024-04-20,,
6599,1166,926,2024-01-27,2024-05-23,
6705,9871,4017,2024-10-31,,
6830,6349,426,2024-06-24,2024-10-25,
7201,7472,3356,2024-07-05,,
7279,5743,3684,2025-07-20,,
7396,8494,1798,2025-08-26,,
7481,1738,276,2025-11-26,2025-12-25,
7578,7789,2456,2025-06-18,,
7818,6749,4450,2025-11-07,2025-11-24,
8410,3116,118,2025-02-01,,
8553,3865,4102,2025-09-17,,
8771,9299,1838,2024-10-20,,
8995,5315,4242,2025-01-20,2025-05-09,
9107,7271,4633,2024-01-06,,
9191,2910,676,2024-01-31,,
9228,962,2410,2025-10-30,,
10102,1420,2139,2024-04-11,,
10231,3641,2919,2025-09-28,,
10345,8518,4728,2025-05-20,2025-05-29,
10388,5691,899,2024-03-20,,2024-11-01
10551,7862,3617,2024-09-11,,2025-02-26
10612,153,4752,2024-09-11,2024-11-23,
10618,1411,2856,2025-11-12,2025-11-25,
10640,1965,4242,2024-12-16,,
10754,3494,406,2025-05-14,2025-06-01,
10849,2589,2412,2024-03-24,,
10940,9342,4641,2024-09-25,,
11501,2877,2597,2024-11-08,,
11892,6827,1778,2024-06-01,,
12259,3122,1704,2025-10-18,,
12532,8994,2572,2024-08-01,,2024-09-04
12730,8240,914,2025-12-15,2025-12-24,
12845,2735,4430,2025-08-27,,
13138,1822,858,2024-06-19,,
13582,1923,4018,2024-01-02,,
13787,1214,82,2024-08-22,,
13815,9064,2705,2025-06-12,,
14419,6369,1701,2024-10-03,2025-03-05,
14492,8591,4431,2024-12-04,,2025-04-26
14510,7646,132,2025-09-10,,
14929,3677,3342,2024-08-28,2025-01-22,
15071,412,523,2024-03-01,2024-07-26,
15409,3173,2612,2025-12-18,,
15834,3302,4677,2025-06-23,,
15869,8376,2356,2025-05-19,,2025-09-15
16233,5143,3046,2025-02-14,2025-04-07,
16627,1966,1394,2025-10-24,,
16810,2078,1013,2024-08-27,,
16915,8278,1627,2025-06-09,,
17330,3193,1451,2025-01-17,2025-04-18,
18123,4489,377,2024-06-24,,
18451,976,896,2025-10-18,,2025-12-07
18751,3251,4544,2024-08-24,,
19030,106,140,2025-05-02,,
19182,972,2826,2025-09-30,,
19622,9463,1719,2024-06-26,,
19656,3520,4534,2025-10-15,2025-11-13,
19888,3048,4517,2025-08-01,,
19898,9720,1664,2025-04-12,,
208,3901,1991,2024-06-18,2024-11-20,
248,3198,263,2024-07-22,2024-08-22,
298,7069,2066,2025-04-26,,
339,6846,3396,2024-02-21,,
605,5523,4613,2025-09-29,,2025-12-09
645,3179,715,2024-08-23,,
897,482,123,2025-08-08,,
1311,5235,4810,2025-03-15,,2025-09-04
1392,2934,860,2024-11-06,,
1441,3862,1604,2025-08-09,,
1443,6461,53,2025-07-07,,2025-11-07
2772,9797,3442,2024-11-25,,
2849,7621,2429,2024-12-30,,
3263,595,2180,2024-11-07,,2025-10-31
3637,440,1556,2025-03-27,,
3890,6249,4773,2025-02-02,,
3980,4091,1713,2024-06-12,,
4287,2141,2692,2025-02-04,,
4589,3661,4084,2025-03-14,,2025-09-27
4635,2623,947,2025-10-20,,
4690,8762,2332,2024-06-14,,
4834,3173,2715,2025-08-23,,2025-09-11
5180,9394,4289,2024-01-29,,
5707,5760,1443,2024-09-21,,2025-08-19
5710,7012,1860,2025-08-06,2025-10-19,
6034,4174,3187,2024-08-18,,
6088,7338,2301,2024-10-07,,
6456,1757,965,2024-01-22,,
6707,8951,3278,2024-04-13,2024-06-20,
6858,8172,2027,2025-08-22,,
6943,9107,2631,2024-01-30,,
7135,6071,568,2025-03-04,,
7220,6364,2471,2025-03-21,2025-04-12,
7799,2550,2734,2025-03-16,,2025-09-13
7871,9320,3788,2025-09-01,,
7971,6002,799,2025-01-31,2025-07-12,
8175,3548,656,2025-11-23,,
8265,3601,4318,2025-10-06,,
8751,3565,2733,2025-07-23,,
8967,7365,3755,2024-03-29,,
9154,6877,3628,2023-12-30,,
9209,8298,3451,2025-11-20,2025-11-30,
9345,6385,683,2024-11-07,,
9351,6252,1294,2024-12-16,,
9616,7256,3655,2025-11-18,,
9647,3964,608,2025-11-07,,
9887,3268,3631,2025-09-24,2025-10-16,
9915,5955,456,2024-07-10,,
9977,9787,4556,2024-12-31,,2025-08-18
9999,6764,1874,2024-02-19,,2025-02-11
10007,9960,1638,2025-01-05,,
10553,5123,1275,2025-03-04,,
10682,9700,4895,2025-08-24,,
11244,3862,4584,2024-10-24,,2025-04-22
11409,2334,3391,2025-09-09,,
11605,3417,1298,2024-03-24,2024-08-26,
11715,7883,4687,2025-06-16,,
11873,5979,1451,2024-02-20,,
11992,2845,2249,2024-06-20,,2024-10-03
12016,7157,1676,2025-08-31,,
12207,5956,1317,2024-04-15,,
12338,6952,2605,2024-12-16,,
12874,5808,2286,2025-11-09,,2025-12-25
14270,1996,330,2025-12-23,,2025-12-24
14384,878,4036,2025-06-15,2025-07-30,
14561,2624,903,2025-04-26,,2025-12-13
14630,6663,3626,2024-04-03,,
14955,2984,1283,2024-04-20,2024-08-13,
15182,673,2446,2024-04-07,2024-08-09,
15192,3990,4523,2025-09-30,,2025-12-22
15366,8444,2018,2025-11-02,,
15461,2011,229,2025-06-11,,
15535,8466,1605,2024-11-27,2025-03-06,
15704,8904,1591,2024-02-19,2024-03-19,
15883,8073,1441,2025-07-11,,
15926,6062,1253,2025-03-27,,2025-09-16
16287,4107,490,2025-09-04,,
16371,89,4422,2024-12-12,,
16652,8060,3649,2025-11-12,2025-11-25,
16803,6035,3696,2024-04-12,,
16815,4442,393,2024-09-28,,2024-10-14
16974,8636,1056,2024-11-13,,
17108,8694,1756,2024-04-04,,
17165,4675,4594,2024-02-29,,
17323,9330,3911,2025-10-25,,
17612,7900,1001,2025-12-03,,
17616,2097,925,2024-08-02,,
17812,605,1324,2024-12-04,2025-04-12,
17823,3308,3606,2024-03-19,,
17985,9976,2639,2025-01-24,,
18117,2747,3375,2024-08-19,2024-12-04,
18303,6332,3466,2024-01-31,,2024-09-06
18338,921,4578,2024-01-11,,
18479,8415,4400,2024-02-16,,
18757,5838,2503,2025-04-11,,
19050,1649,2771,2025-11-26,,
19300,4841,4322,2025-10-01,,
19534,9930,4707,2024-07-09,,
19705,7304,4167,2024-05-28,,
19718,3267,12,2025-12-19,2025-12-25,
19920,4370,2835,2025-06-09,,
56,7016,600,2025-02-21,2025-04-26,
142,4792,3198,2025-08-29,,
166,5921,2800,2024-08-06,,
383,8738,2810,2025-01-02,2025-04-28,
516,1931,25,2025-07-28,,
569,6098,133,2024-06-09,,2024-11-25
678,605,2542,2024-07-23,,
734,6164,4603,2025-07-07,2025-10-02,
755,7552,2915,2025-08-24,,
776,5229,4379,2025-05-12,,
789,7931,4419,2025-09-20,,2025-12-14
853,5747,1546,2024-01-16,2024-02-26,
1089,4639,2935,2024-07-08,,
1126,9323,3950,2025-10-05,,
1219,4978,2765,2025-08-18,,
1309,9671,3243,2025-05-25,2025-06-02,
1419,4486,1251,2025-06-09,,
1421,8785,1961,2024-10-15,,
1664,6167,324,2025-01-22,2025-02-18,
1683,9265,3511,2024-10-09,,
1817,1662,2184,2024-02-29,,
1843,7393,378,2025-08-04,,
1939,9533,4588,2024-05-30,,
2308,4807,2046,2024-01-21,,
2384,4437,3984,2024-03-20,,
3105,3873,2260,2025-12-04,,
3394,2617,939,2024-05-18,2024-07-20,
3404,5456,2490,2024-07-30,2024-12-02,
3515,7283,3244,2024-04-26,2024-07-26,
3992,2128,80,2024-04-04,,
4044,1417,4052,2025-08-08,,
4469,5547,144,2025-07-02,,2025-08-22
4551,1895,1076,2025-12-05,,
4663,8036,3069,2023-12-29,,
4763,2114,3688,2025-05-11,2025-10-25,
4900,3545,634,2024-06-28,,
5246,6407,829,2025-08-11,2025-12-18,
5496,439,3269,2025-10-22,,
5823,6204,315,2025-04-11,,
6138,9242,4747,2024-12-29,,
6159,313,706,2025-07-09,2025-09-01,
6179,1579,475,2025-06-06,,
7175,9409,3564,2024-01-29,2024-06-17,
7464,3686,1025,2025-04-26,,
7562,3155,4960,2024-06-21,2024-09-22,
7701,9343,543,2025-02-20,,
7993,5621,4651,2024-08-06,,2025-07-01
8066,9944,2411,2025-04-10,,
8352,3387,1107,2025-11-18,,
8540,1619,2449,2025-09-02,,2025-10-03
9235,5558,3052,2025-05-13,,
9376,5195,2735,2024-02-29,,2024-04-08
9451,2430,2928,2025-11-20,,
9608,1342,4677,2024-09-05,2024-12-22,
9638,4529,861,2025-03-31,,
10050,7172,1061,2025-11-28,,2025-12-07
10191,2426,2472,2025-12-18,,
10218,3923,91,2025-11-15,,
10225,4754,462,2025-10-24,2025-11-17,
10322,5258,764,2024-11-18,,
10490,1706,4994,2025-11-29,,2025-12-05
10492,9261,1420,2025-03-05,,
10600,8676,3079,2025-06-08,,
10969,3180,114,2024-10-09,2025-01-29,
10984,7241,4012,2024-06-22,,
11103,7282,3258,2024-05-28,2024-07-31,
11167,9049,4459,2025-01-22,,2025-10-11
11548,6490,1586,2025-09-01,2025-11-23,
11573,2636,1046,2024-12-09,2025-05-02,
11793,8084,1406,2025-06-01,,2025-10-06
11803,6635,4891,2024-03-13,2024-06-29,
11847,3335,3491,2025-02-26,,
11902,3548,3103,2025-10-14,,
12250,2668,1893,2025-12-07,,2025-12-19
12407,6309,3012,2025-04-04,,
13168,2598,3492,2025-04-02,,
13256,7819,4131,2025-09-25,,
13581,7964,4023,2025-03-19,2025-06-20,
13778,9515,3721,2024-04-27,,2024-05-09
14462,5411,3423,2025-03-19,,
14624,6306,2648,2024-11-07,,
14825,2817,1928,2025-12-07,2025-12-24,
15308,9443,93,2024-04-16,2024-09-20,
15532,7749,3119,2025-07-19,,2025-11-01
15537,1900,3237,2025-12-22,2025-12-25,
15620,3314,1572,2024-12-24,,
15796,5876,2597,2025-05-15,,
16094,7139,405,2025-03-23,2025-06-12,
16192,1132,3871,2023-12-30,,
16215,6179,3171,2024-06-12,,
16231,9265,415,2025-10-06,2025-12-25,
16236,4523,1160,2024-03-04,,2024-10-18
16821,4173,3790,2024-04-21,2024-04-30,
16854,8312,2534,2025-09-14,2025-09-28,
16869,5892,2742,2025-11-09,,
16872,996,1429,2024-05-13,2024-10-29,
16945,952,3848,2025-03-03,2025-08-20,
17006,8004,2824,2025-12-21,2025-12-25,
17094,495,129,2024-03-24,2024-07-29,
17161,3697,4863,2024-08-21,,
17211,3649,1434,2024-12-05,,
17261,3544,3117,2024-10-31,2024-11-21,
17293,6659,1428,2025-09-08,,
17496,2267,4331,2024-02-21,,
17666,5467,3429,2024-05-20,,
17960,8670,610,2025-12-14,2025-12-23,
18125,280,1977,2025-02-06,,2025-12-17
18231,6316,427,2023-12-29,,
18409,9655,462,2025-06-22,,
18420,2200,1507,2024-03-24,,
18480,7863,901,2024-01-21,2024-03-18,
19172,8748,3786,2024-12-12,,
19816,5411,4581,2025-01-05,2025-03-25,
19889,4543,599,2024-12-07,,
19943,5980,702,2024-04-20,,
19947,4233,2341,2024-06-29,2024-09-15,
764,160,2426,2024-06-30,,
1110,8717,985,2025-08-27,,
1180,3866,3172,2025-08-26,,2025-12-18
1230,6611,1382,2025-07-16,,
1770,8774,3331,2025-09-16,,
1788,916,3186,2024-10-25,,2025-08-19
2031,172,3346,2025-07-03,,
2340,1260,2285,2025-01-27,,
2714,8176,838,2025-05-26,,2025-11-18
2954,1692,2472,2024-10-17,,
3185,4598,3738,2024-03-15,,
3528,1511,181,2025-10-26,,
3626,3711,2375,2025-10-21,2025-12-08,
3793,2415,1569,2025-08-24,,
4100,4174,2620,2025-09-19,,2025-11-05
4693,3047,3678,2024-04-09,,
4791,505,3046,2025-01-29,,
4849,8134,2383,2025-10-28,,2025-12-19
5114,27,3590,2024-02-10,,
5195,5326,4258,2024-02-29,,
5215,6750,2858,2025-06-14,,
5460,2515,4889,2025-06-14,,
5731,6127,848,2025-04-15,,
5917,1407,4436,2024-10-16,,
6307,7694,957,2024-11-09,2025-01-27,
6319,5194,3152,2024-06-16,,2025-04-03
6518,3373,2484,2025-09-19,2025-12-03,
6533,7500,4579,2025-02-20,,
6654,6309,3823,2025-05-03,,
7160,2541,2757,2024-04-03,,
7186,3865,4436,2024-01-17,,
7360,6949,2347,2024-07-02,2024-12-08,
7907,6293,2554,2025-01-03,2025-04-06,
8163,6834,3155,2024-12-25,,
8377,5065,2593,2024-04-16,,
8380,7642,3835,2025-07-10,,
8640,1968,4304,2025-10-30,,2025-11-25
8820,4823,855,2025-06-02,,
9591,7136,2471,2024-08-27,2024-09-26,
9858,7237,4617,2024-03-01,2024-08-17,
10396,4489,83,2025-02-13,,
10996,8092,4471,2025-06-01,,2025-12-06
11419,965,4369,2025-02-25,,
11845,6627,1468,2024-08-27,2024-09-23,
12238,3173,2117,2025-05-18,2025-07-13,
13467,2567,2735,2024-02-06,,
13517,1586,590,2025-07-10,2025-11-07,
13543,4193,3811,2024-01-21,,2024-02-15
13753,706,2148,2025-08-10,2025-10-21,
14238,2802,1175,2025-10-13,2025-12-04,
14363,8703,3199,2024-01-25,2024-03-16,
14550,801,23,2024-08-06,2024-11-27,
14667,6990,3099,2025-01-16,,
14834,2768,4178,2024-07-26,2024-08-23,
14854,9824,2773,2025-07-26,,
14990,7851,1551,2024-10-22,,
15285,2712,145,2025-09-22,,2025-11-04
15382,4308,1133,2025-03-23,2025-04-22,
15429,845,695,2025-06-22,,
15485,7700,2533,2025-09-28,,
15528,533,421,2025-06-08,,
15690,9233,1007,2025-05-21,,
15845,4648,1184,2024-04-27,2024-07-24,
15923,4342,583,2025-07-13,2025-08-04,
16076,4485,4592,2024-01-18,,
16106,9126,1516,2024-01-18,,
16122,8735,2589,2025-11-09,,
16641,6832,4170,2025-11-02,,2025-11-24
16700,9683,1771,2025-05-22,2025-10-16,
16714,8627,4881,2025-08-30,2025-10-30,
17072,894,3055,2025-01-07,,2025-08-21
17073,9367,4205,2024-06-30,,
17244,5167,123,2025-01-08,,2025-06-21
17436,242,1481,2024-12-22,,
17513,1543,1460,2024-06-29,,
18139,7777,3690,2025-11-01,,
18237,5637,355,2025-08-27,,2025-12-23
18340,7928,3634,2025-07-25,,
18683,8318,3617,2024-06-01,,
18712,9406,2548,2025-03-22,,
18815,1710,3899,2025-06-28,,
19033,7845,4583,2025-01-13,2025-05-31,
19673,1383,1887,2025-03-24,,
19698,2702,4264,2024-04-24,,
19743,2016,867,2024-02-12,,
19867,5842,226,2024-02-09,,
444,9308,3975,2024-04-03,,
796,1939,2132,2024-11-20,2025-02-09,
1017,7275,2977,2025-01-03,2025-04-30,
1090,9930,3755,2024-04-29,,
1119,9765,2038,2025-06-15,,
1387,5856,1687,2024-05-24,,
1516,4940,586,2025-06-07,2025-07-18,
2079,2733,2173,2025-04-23,,
2492,7100,4425,2025-06-07,,
3077,1787,3728,2025-06-07,,
3568,346,3447,2025-01-26,,
3638,6434,3650,2024-02-19,,
3754,1450,3370,2025-01-09,,
4103,6668,2897,2024-05-12,,
4278,1342,1606,2024-12-13,,
4508,8637,4923,2024-09-10,,2024-09-15
4923,270,4605,2025-10-07,,2025-12-14
5101,2435,2876,2025-06-20,,
5393,832,327,2025-10-14,,
5680,4288,1298,2025-07-26,2025-11-24,
5788,80,2965,2025-07-25,2025-08-26,
5801,7243,651,2025-08-08,2025-12-21,
5808,2413,3869,2025-09-23,,
6029,9542,24,2025-11-15,,
6044,1521,2193,2024-03-26,,
6887,2774,365,2024-03-19,2024-06-29,
6953,3699,4617,2024-11-17,,
7057,4583,4277,2024-05-21,,
7462,2600,3090,2024-07-06,,
8020,116,3808,2024-05-31,2024-09-24,
8404,4788,3136,2024-06-30,,
8552,3135,4548,2025-11-05,2025-11-24,
8556,8146,2298,2025-02-03,,
8683,7519,1558,2025-09-27,,
8723,5235,1844,2024-07-03,,
8807,5317,2926,2024-05-24,2024-11-19,
9256,8072,4893,2024-06-02,,
9484,5395,86,2024-10-06,,
9583,7586,565,2024-02-14,2024-04-24,
9740,1204,3956,2025-10-13,,
9758,6167,2114,2025-06-01,,2025-06-21
10047,1859,831,2025-12-20,,
10287,9751,2540,2024-09-07,,
10327,3232,3699,2024-08-20,,
10735,118,3049,2025-04-01,2025-04-23,
11081,7237,2746,2024-10-22,,
11210,916,1283,2024-08-03,,
11515,9402,2543,2025-11-29,,
11823,1314,3316,2024-12-09,,
12133,4738,2125,2025-11-12,2025-12-17,
12314,6607,3151,2025-12-24,,
13157,3933,1635,2025-12-19,,2025-12-22
13414,6215,3776,2024-02-01,,2024-12-13
13698,227,3849,2024-10-13,,
13955,7420,2620,2025-08-02,,
13997,6303,2515,2025-02-27,2025-06-15,
14074,9177,2694,2025-08-04,2025-09-14,
14552,8583,2743,2024-04-26,2024-10-05,
14580,4877,2576,2025-08-21,,
14672,9164,4329,2025-02-27,,
14711,7061,2677,2025-01-12,,
14727,6533,4374,2024-03-27,2024-08-05,
14978,9587,242,2024-04-11,2024-04-28,
15138,1465,226,2025-05-18,,
15337,6325,545,2025-10-17,,
15624,4281,1652,2024-08-26,,
15819,7854,4897,2025-07-25,,
15828,9995,1189,2024-05-19,2024-09-18,
15830,423,910,2024-05-21,,
16188,2569,1137,2024-05-23,,
16265,6998,976,2024-06-08,2024-09-18,
16554,6665,4032,2025-11-28,,
16769,3796,1227,2025-10-07,,
16876,8395,2932,2025-04-20,2025-09-29,
17388,9601,481,2025-04-01,2025-05-15,
17524,1619,4439,2024-11-28,,2025-10-26
17541,8365,2538,2024-08-30,,2025-08-08
17581,639,4121,2024-12-11,,
17905,4374,4858,2024-10-03,,
18049,5693,3612,2025-11-03,2025-11-17,
18196,323,1735,2024-05-06,2024-09-28,
18267,6249,4110,2025-06-20,,
18275,994,2170,2024-12-23,2025-06-04,
18395,7210,1765,2025-11-10,,
18783,554,4359,2024-10-21,,
18946,4743,799,2024-02-27,,2024-04-26
19492,2971,661,2024-02-03,2024-03-01,
19499,5600,4378,2024-05-21,,
19626,5235,178,2024-06-07,2024-09-06,
282,5777,3237,2024-11-17,,
515,530,2109,2024-08-27,,
606,7563,3110,2025-09-06,,
888,6254,3301,2025-12-23,,
958,4136,2394,2025-09-23,,2025-10-02
1052,1582,3187,2025-01-14,2025-02-19,
1163,1237,4272,2024-03-04,,
1289,7462,2857,2025-06-22,2025-10-12,
1500,9210,2623,2025-02-22,2025-05-16,
1608,5720,2057,2025-01-03,,
1956,9373,153,2024-12-26,,
2294,5091,2003,2024-01-12,,
2376,5536,45,2025-11-13,,
2756,295,3344,2025-12-10,,
3079,6611,1208,2024-01-23,,2025-01-09
3459,7395,4673,2025-01-04,2025-02-11,
3885,2544,4802,2025-08-17,,
4256,8924,1617,2023-12-27,,
4321,3723,4820,2024-03-11,2024-07-04,
4333,1728,140,2024-11-20,,
4433,6870,944,2024-05-17,,
4538,7673,3132,2025-09-09,,
4684,3792,450,2024-01-14,,
4768,4592,4674,2025-04-22,,
4838,804,2285,2025-11-03,,
4883,7664,3194,2025-01-03,,2025-04-16
4993,5602,1760,2025-08-09,2025-12-05,
5006,604,4667,2025-10-25,,
5285,7290,3355,2025-07-29,,
5611,8935,1826,2024-10-18,,
5845,1381,1609,2025-04-20,,2025-12-11
6223,3382,4467,2025-06-20,,2025-11-10
6325,9752,3358,2025-01-23,,
6532,280,4823,2024-06-29,,2025-05-23
6870,1784,887,2024-10-12,,
7131,6050,3451,2025-12-24,,
7187,7908,2749,2024-09-13,,
7345,1316,4813,2025-05-29,,2025-06-12
7460,6556,1394,2025-09-26,,
7693,5859,100,2025-09-02,,
7700,970,2023,2024-11-10,,
7744,5558,1242,2025-02-23,,
7812,8831,3365,2025-12-19,2025-12-25,
8298,4499,1809,2024-04-25,,
8365,8546,960,2024-03-25,,
8538,573,4722,2025-07-31,2025-11-01,
8575,3735,1264,2025-12-16,,
8782,5072,871,2024-01-20,,
8785,6953,4660,2025-10-27,2025-11-06,
9200,516,3720,2024-03-28,2024-06-12,
9247,6053,791,2025-03-11,2025-04-08,
9407,7620,1085,2025-07-30,,
9920,977,1644,2024-07-03,,2024-08-08
9948,6024,1264,2025-10-02,,2025-10-14
10008,5621,602,2025-12-01,,2025-12-13
10147,2381,826,2024-06-02,,
10259,871,2157,2024-11-21,2025-01-27,
10729,293,68,2024-04-07,,
11069,3441,2872,2025-08-15,,
11277,6354,3277,2025-06-21,,
11523,9068,4223,2024-08-05,2025-01-26,
11608,9628,2115,2024-08-21,,
11857,7113,332,2024-09-12,,
12289,6646,639,2024-04-14,2024-06-04,
12410,5159,275,2025-11-04,,
12607,8018,987,2025-09-19,,
12621,9387,4652,2024-05-08,,
12712,6975,1039,2024-12-31,2025-05-04,
12737,2600,1568,2025-02-20,,2025-08-19
12834,3617,3682,2025-05-28,,
12917,5823,3306,2025-05-12,,
13007,3202,1900,2025-09-19,2025-12-18,
13328,9546,1374,2024-09-15,2024-10-31,
13422,7860,221,2025-07-17,2025-08-20,
13730,3062,2255,2025-03-21,2025-07-23,
14200,7260,3862,2025-07-20,2025-12-21,
14596,3632,2082,2025-07-26,,2025-08-09
15898,5763,4134,2025-10-17,,
16110,1257,3952,2025-06-09,,
16476,7523,4525,2024-12-22,,
16672,8527,421,2024-10-20,,
16942,7928,1343,2025-02-06,,
17069,5244,3160,2025-08-11,,2025-11-13
17149,4145,2846,2024-07-18,,
17658,5244,948,2024-09-02,,2025-05-22
17748,7283,239,2024-09-23,,
17881,8256,444,2025-09-21,2025-11-29,
18837,9583,1429,2025-03-26,,
18905,9080,773,2025-11-22,2025-12-22,
18960,2911,1825,2025-08-06,,
19135,3630,2525,2025-05-26,,
19319,6335,4838,2025-10-14,,2025-12-04
19447,459,4299,2025-12-18,,
19503,462,2024,2025-04-10,,
19760,7265,1458,2025-08-18,2025-10-18,
19832,2778,4236,2024-11-25,,2025-07-19
414,2619,3487,2025-01-06,2025-02-14,
597,2330,3703,2025-11-22,,2025-12-12
1015,2357,2242,2023-12-31,,2024-01-15
1153,2722,856,2025-08-01,,
1157,7618,1783,2025-10-05,,
1328,3780,1561,2024-09-16,,
1642,9690,4485,2025-01-14,,
2023,7786,967,2025-12-24,,
2143,5992,1351,2025-01-27,2025-05-17,
2253,3854,4809,2025-08-25,2025-09-15,
2403,3826,4507,2025-12-21,,2025-12-25
2493,9010,2653,2024-12-10,2025-05-29,
3300,7822,4708,2024-01-19,2024-03-14,
3523,25,3097,2025-05-13,,
3554,8020,3211,2024-03-19,,
3655,1750,3863,2025-01-09,2025-04-03,
3731,3817,3753,2025-01-12,,
3788,8810,2962,2025-10-24,2025-11-02,
3808,6111,4923,2025-02-17,,2025-08-06
4006,1188,3134,2024-08-06,,
4153,4986,4163,2025-09-06,2025-11-08,
4485,7260,1358,2024-03-08,,
4670,9605,4550,2024-03-31,,
4773,9824,776,2024-01-15,,
5495,673,3196,2024-09-13,,
6263,3871,3159,2025-06-03,2025-08-20,
6323,8839,3669,2024-02-27,,
6370,8335,3400,2024-05-03,,2024-07-14
6481,7515,1238,2025-02-05,,
6540,8843,2406,2024-03-01,,
6868,2132,690,2025-08-27,,
6880,6320,2687,2024-02-10,,
7037,3452,2733,2024-09-30,,
7314,8527,108,2025-06-28,,
7316,6464,1232,2025-04-27,,
7361,3533,4556,2024-06-17,2024-08-30,
7474,2715,1174,2024-04-04,,
7992,6635,3319,2024-06-21,,2024-10-19
8040,3871,2279,2023-12-30,,2024-02-26
8211,1388,2388,2025-05-22,,2025-12-14
8245,5368,45,2024-09-12,2024-10-12,
8283,4883,2634,2024-10-03,,
8736,7730,678,2024-07-01,2024-10-30,
8803,1755,4938,2024-01-07,2024-03-09,
8986,4877,3148,2025-10-30,,
9291,3845,4644,2025-11-21,2025-12-01,
9387,9078,485,2024-11-05,,
9497,484,2147,2025-06-11,2025-10-07,
9848,7539,2042,2025-01-21,,2025-10-25
10067,8331,4981,2024-09-29,,
10090,8476,4622,2025-06-02,,2025-07-24
10206,1229,3443,2024-10-07,,2025-01-25
10361,3903,3233,2024-10-11,,
10460,9794,3183,2025-06-15,,
10471,1079,4253,2025-10-24,,
10518,5345,4945,2025-06-12,,
10540,4801,4528,2024-11-19,,
10614,8947,2847,2025-06-19,2025-09-28,
10878,6803,3010,2025-05-30,,
10964,6369,4191,2024-01-19,,2024-07-11
10971,5256,4456,2024-05-04,,
11030,5316,4830,2025-12-01,,
11209,5952,1969,2024-03-05,,
11258,2888,1232,2025-09-23,,
11282,8561,819,2024-07-13,,2024-08-11
11336,9748,4060,2024-02-18,2024-05-09,
11455,1204,1866,2024-10-24,2025-01-03,
11576,825,4965,2025-06-14,,
11702,9831,790,2024-01-16,,2024-03-03
12266,9286,1468,2024-01-16,,
12283,1646,974,2024-08-03,2024-12-12,
12398,8479,4381,2024-07-19,,
12796,4987,4238,2025-12-19,,2025-12-23
12825,9679,3725,2025-04-24,,
13244,936,3957,2025-10-10,2025-11-14,
13344,6816,4185,2024-10-13,,
13694,1757,3954,2024-06-05,,2024-08-23
13765,8155,728,2025-10-09,,
13876,9943,3835,2024-05-24,,
14099,6073,3869,2024-12-22,,
14555,2490,1510,2024-12-23,,
14668,2310,2527,2025-02-22,,2025-03-18
15122,7894,4575,2025-06-18,2025-09-03,
15150,1230,4535,2025-06-15,,
15155,4294,1623,2024-09-24,,2025-09-21
15516,2497,4017,2025-10-03,,2025-12-03
15585,5254,3149,2024-12-08,,
15681,835,904,2025-05-27,,
16997,9708,2629,2024-05-10,,2025-01-15
17552,1449,4230,2025-08-25,2025-10-13,
17637,7603,549,2025-12-03,,
17956,3423,1315,2024-11-21,2025-01-04,
18234,1805,3652,2024-12-02,,
18241,4365,422,2024-10-01,,2025-05-17
18268,7085,3775,2024-02-07,,2024-06-26
18349,916,1388,2024-06-02,,
18582,8277,1596,2025-01-07,,
18636,8000,3789,2025-02-06,2025-03-13,
18704,3422,3425,2025-02-27,,
18824,2172,4786,2025-11-16,2025-12-16,
19000,5352,2671,2025-12-17,,
19374,4985,3555,2025-08-21,,
19529,6691,4689,2025-04-16,,
19954,198,3805,2024-09-04,2025-02-23,
137,8915,1405,2024-09-22,2024-09-29,
316,8810,3297,2025-09-17,,2025-09-28
378,5588,4432,2025-01-14,2025-05-28,
492,2028,2361,2024-06-10,,
995,3150,4866,2025-07-05,,
1323,6027,1323,2025-08-18,2025-12-11,
1445,7864,4066,2025-11-02,,
1643,7150,3210,2025-09-15,,
1757,7840,826,2025-12-01,2025-12-08,
1854,7042,4518,2025-10-24,,
2065,8680,860,2025-11-18,2025-12-15,
2274,8060,2814,2025-07-27,,
2426,4768,4314,2024-11-09,,
2625,3944,4909,2025-02-27,2025-03-14,
2684,6146,2162,2024-05-25,,
2852,6275,2985,2025-10-09,,
3010,5385,1687,2025-11-24,2025-12-13,
3046,9590,2606,2024-10-06,,2024-11-05
3175,9290,1204,2024-04-16,,
3780,5029,1577,2025-09-30,,
3854,9621,698,2025-01-17,,
3896,754,4587,2025-12-07,2025-12-15,
4143,5159,597,2024-08-07,,2024-10-19
4276,4684,4984,2025-01-06,,
4857,6342,142,2025-01-26,,
4867,6447,2116,2025-12-06,,
4871,3812,4887,2024-11-18,,2025-09-18
5147,1569,3707,2025-10-23,2025-12-05,
5804,5857,228,2025-12-01,,
6208,9446,3190,2024-05-08,2024-10-09,
6488,8900,2647,2024-03-17,,
6584,1860,3851,2024-10-14,2025-02-23,
6657,9155,4828,2025-09-30,,2025-10-12
7273,8249,2596,2025-11-22,,
7794,9382,739,2025-07-20,,2025-10-30
8145,4960,2627,2024-12-14,2025-05-12,
8227,8503,2932,2024-08-03,2024-10-23,
8407,4042,1518,2025-12-04,2025-12-13,
8445,5127,757,2024-06-09,,
8834,7157,370,2024-10-08,,
8929,4508,2408,2025-09-18,,
9153,5657,2589,2024-03-05,,
10586,8787,1968,2025-07-29,,2025-10-11
10842,8421,1105,2025-03-08,,2025-11-22
10870,3865,2651,2025-06-29,2025-12-10,
11095,3633,1300,2025-04-15,2025-05-31,
11207,3725,325,2025-10-14,,
11556,9022,304,2025-02-21,2025-07-28,
11609,5937,4858,2025-05-03,2025-06-05,
11650,8881,2330,2025-03-16,2025-08-28,
12356,9734,644,2025-05-08,,
12524,5161,406,2024-04-25,,2024-08-09
12774,6953,2133,2025-08-23,,
13127,9723,2346,2024-12-16,,2025-04-20
13242,8393,398,2024-02-17,,
13296,5254,2473,2024-11-28,,
13361,9904,4041,2024-03-17,2024-08-05,
13566,1996,2243,2025-12-24,,
13609,2457,1287,2025-10-30,,
13727,6560,3686,2025-09-25,,2025-10-23
13860,5122,1745,2025-01-21,,
14081,1987,4801,2024-05-04,2024-07-14,
14346,7168,3768,2025-01-27,,
14354,3182,2115,2024-10-01,,
14477,5676,3167,2025-04-02,,2025-12-01
14965,1065,3550,2025-08-26,,
15179,149,2434,2024-06-14,,
15498,1358,4488,2024-09-21,2024-10-13,
15569,6460,1558,2024-10-12,2024-12-30,
15573,6248,4617,2025-04-21,,
15811,4464,746,2024-04-28,,
15849,8927,4129,2025-07-07,,
16041,3228,1784,2025-11-08,,2025-11-29
16409,3692,4833,2025-10-06,,
16978,9197,4187,2024-09-15,2024-12-04,
17294,1983,2601,2024-09-06,,2024-09-22
17518,8481,4894,2024-07-24,,
17885,6771,2066,2025-06-02,,
18012,3220,1142,2024-05-24,,
18176,7632,3638,2024-09-14,,2025-05-06
18278,5754,2673,2024-06-08,,
18417,6852,2041,2025-08-16,,2025-10-15
18463,188,2819,2025-11-03,,
19056,9899,936,2025-12-15,,
19144,3055,972,2025-12-08,,2025-12-19
19252,5436,3953,2024-08-02,,
19495,2597,3978,2025-08-23,,
19658,4874,2496,2024-07-31,,
19809,346,4291,2025-07-10,,
19963,4356,944,2024-09-18,,
