cart_item_id,cart_id,product_id,quantity,unit_price,total_price,added_at,updated_at,item_status
69,26,47,2,85.17,170.34,2018-10-02 00:36:55,2018-10-02 12:41:24,Converted
225,84,436,1,80.51,80.51,2022-05-11 07:40:19,2022-05-11 07:44:34,Abandoned
304,117,88,1,299.08,299.08,2023-08-20 16:22:18,2023-08-21 06:52:39,Converted
1014,379,434,1,521.01,521.01,2022-08-21 20:08:42,2022-08-22 21:42:17,Active
1207,453,477,5,75.86,379.3,2022-11-10 17:33:28,2022-11-10 19:21:21,Abandoned
1446,541,16,2,692.72,1385.44,2024-03-22 18:56:36,2024-03-26 22:13:03,Deleted
55,19,147,5,64.35,321.75,2021-04-20 14:43:02,2021-04-21 18:51:49,Active
529,203,284,1,304.44,304.44,2021-08-30 05:43:05,2021-08-31 11:16:52,Active
804,304,193,2,58.16,116.32,2025-06-16 01:57:47,2025-06-19 06:48:28,Deleted
1100,412,225,1,11.07,11.07,2025-11-27 10:36:58,2025-11-28 01:21:37,Converted
1241,467,119,1,200.43,200.43,2024-05-02 21:22:01,2024-05-03 05:04:55,Converted
1249,470,324,3,69.69,209.07,2025-06-29 03:26:05,2025-06-29 03:37:59,Abandoned
1303,486,414,2,340.19,680.38,2025-03-23 13:00:19,2025-03-28 13:44:44,Deleted
1434,537,224,1,376.73,376.73,2024-12-06 02:09:20,2024-12-06 02:50:05,Active
243,91,268,1,254.98,254.98,2025-09-03 03:24:12,2025-09-03 04:46:08,Active
922,344,243,2,555.05,1110.1,2021-05-08 20:04:23,2021-05-09 10:14:34,Converted
994,372,233,5,45.4,227.0,2024-08-04 20:19:21,2024-08-04 23:18:52,Active
1126,422,5,2,893.87,1787.74,2021-04-06 19:40:22,2021-04-06 19:42:49,Abandoned
1232,463,420,3,348.82,1046.46,2025-03-26 23:56:52,2025-03-27 17:24:31,Deleted
1378,513,486,3,415.81,1247.43,2020-09-19 16:45:34,2020-09-19 16:45:43,Converted
309,119,187,2,69.09,138.18,2022-08-09 16:09:00,2022-08-09 23:03:59,Active
462,178,295,2,238.26,476.52,2025-09-30 21:17:53,2025-09-30 21:17:53,Abandoned
765,290,61,2,57.63,115.26,2025-10-03 13:11:15,2025-10-03 13:11:15,Abandoned
1221,458,52,1,105.12,105.12,2024-07-15 00:26:40,2024-07-15 00:30:17,Abandoned
1450,543,351,2,83.48,166.96,2021-11-08 14:03:18,2021-11-09 17:33:01,Deleted
429,166,176,1,318.15,318.15,2022-11-08 23:15:37,2022-11-09 00:10:34,Abandoned
523,200,417,6,33.26,199.56,2022-03-12 10:32:07,2022-03-12 12:48:34,Deleted
571,219,219,2,183.66,367.32,2019-10-02 11:23:19,2019-10-02 11:33:34,Deleted
671,255,258,1,477.87,477.87,2025-10-16 16:58:04,2025-10-16 18:47:56,Abandoned
914,340,385,1,485.58,485.58,2022-08-03 05:20:55,2022-08-03 06:47:19,Converted
956,360,291,2,44.4,88.8,2024-11-04 09:10:08,2024-11-04 09:19:50,Abandoned
1037,388,416,2,287.28,574.56,2021-12-03 08:37:36,2021-12-03 14:11:54,Converted
1095,408,130,1,745.47,745.47,2024-05-02 16:16:27,2024-05-02 19:11:20,Converted
1289,481,334,1,256.03,256.03,2021-11-23 00:08:46,2021-11-24 01:40:08,Converted
104,35,75,1,254.98,254.98,2021-07-20 05:46:23,2021-07-20 05:52:46,Abandoned
238,89,342,1,64.55,64.55,2017-04-27 23:23:31,2017-04-28 00:21:53,Abandoned
821,310,251,1,393.53,393.53,2025-02-03 00:33:45,2025-02-03 01:20:04,Converted
834,313,251,1,393.53,393.53,2024-10-25 06:28:12,2024-10-26 10:04:52,Deleted
1415,529,475,2,1839.85,3679.7,2020-11-24 22:15:13,2020-11-25 01:03:27,Converted
803,304,90,3,64.18,192.54,2025-06-20 11:15:03,2025-06-20 14:59:37,Deleted
842,316,483,3,1017.36,3052.08,2019-09-22 02:53:02,2019-09-22 03:23:14,Active
1373,511,84,2,1161.5,2323.0,2021-11-22 04:53:37,2021-11-22 19:31:09,Abandoned
258,97,119,1,200.43,200.43,2023-01-01 12:42:40,2023-01-01 23:50:16,Active
446,172,152,2,78.76,157.52,2024-05-29 08:23:39,2024-05-30 01:11:00,Active
449,174,243,4,555.05,2220.2,2023-06-28 06:11:00,2023-06-28 13:10:42,Converted
456,176,250,2,895.53,1791.06,2020-12-31 20:53:18,2020-12-31 23:29:53,Active
479,185,109,5,134.59,672.95,2025-01-29 21:57:23,2025-01-30 04:35:44,Converted
590,225,92,4,476.17,1904.68,2021-10-28 20:51:57,2021-10-28 22:03:24,Abandoned
693,265,252,6,323.84,1943.04,2024-07-04 09:39:53,2024-07-04 14:57:14,Active
1008,378,115,3,12.56,37.68,2025-12-20 18:14:50,2025-12-20 18:59:02,Abandoned
1083,404,422,1,771.74,771.74,2019-08-18 21:21:59,2019-08-19 01:04:23,Converted
1166,438,83,1,35.12,35.12,2017-06-19 23:36:30,2017-06-21 00:13:50,Active
1306,487,158,1,207.38,207.38,2024-12-08 15:28:46,2024-12-08 15:47:53,Converted
180,67,142,1,174.48,174.48,2022-03-23 10:10:48,2022-03-23 13:04:52,Converted
738,280,290,1,90.32,90.32,2022-05-21 19:59:02,2022-05-21 20:32:22,Abandoned
1230,462,447,1,154.54,154.54,2024-12-27 00:56:10,2024-12-27 01:23:47,Active
1231,463,75,2,254.98,509.96,2025-03-27 11:49:14,2025-03-29 10:31:44,Deleted
1343,499,128,1,147.29,147.29,2024-11-14 04:28:11,2024-11-14 04:45:44,Abandoned
1365,507,86,1,117.94,117.94,2025-11-02 01:07:16,2025-11-02 02:06:59,Abandoned
380,146,94,3,411.63,1234.89,2025-02-22 16:47:09,2025-02-22 17:17:06,Abandoned
442,171,271,2,119.77,239.54,2025-03-27 10:31:23,2025-03-27 10:33:03,Abandoned
505,195,90,2,64.18,128.36,2018-11-12 21:25:15,2018-11-12 21:54:55,Abandoned
557,212,201,1,368.57,368.57,2022-11-03 19:20:32,2022-11-06 13:31:11,Deleted
907,336,282,1,13.98,13.98,2025-10-23 01:30:18,2025-10-27 11:09:33,Deleted
1159,436,127,3,104.13,312.39,2025-02-21 01:43:48,2025-02-21 22:42:24,Active
466,179,21,1,389.41,389.41,2024-06-08 16:55:23,2024-06-08 16:55:23,Abandoned
954,360,26,2,1113.63,2227.26,2024-11-04 06:32:26,2024-11-04 10:18:28,Active
1044,390,180,2,26.12,52.24,2021-11-22 19:36:11,2021-11-24 03:34:19,Converted
1046,391,115,2,12.56,25.12,2023-06-22 12:22:35,2023-06-23 07:27:17,Active
112,36,265,1,73.41,73.41,2025-12-22 02:52:38,2025-12-22 03:07:49,Converted
201,74,207,1,46.8,46.8,2025-02-09 07:06:56,2025-02-10 15:08:08,Active
339,132,487,2,424.39,848.78,2025-05-18 17:16:42,2025-05-18 17:23:41,Abandoned
467,179,238,1,1813.44,1813.44,2024-06-08 16:55:23,2024-06-08 16:55:23,Abandoned
586,224,75,2,254.98,509.96,2022-07-12 15:49:08,2022-07-13 16:50:14,Converted
669,255,478,2,215.05,430.1,2025-10-16 16:55:33,2025-10-16 19:20:27,Abandoned
808,305,136,1,302.25,302.25,2023-11-07 04:28:55,2023-11-07 05:31:08,Active
37,14,111,1,1148.98,1148.98,2023-07-31 09:29:23,2023-08-01 04:28:38,Active
244,91,285,5,126.67,633.35,2025-09-03 03:22:43,2025-09-03 04:40:51,Abandoned
415,160,257,2,298.33,596.66,2019-08-09 01:54:09,2019-08-25 03:20:02,Deleted
537,205,211,4,85.31,341.24,2022-12-03 19:13:13,2022-12-03 20:44:47,Converted
674,257,376,4,774.43,3097.72,2025-09-20 09:35:59,2025-09-20 11:24:54,Abandoned
683,260,48,2,746.22,1492.44,2018-09-27 21:34:37,2018-10-01 06:47:02,Deleted
686,261,259,2,146.12,292.24,2019-06-05 18:18:39,2019-06-06 08:30:30,Abandoned
1255,472,271,2,119.77,239.54,2025-08-22 06:41:24,2025-08-22 07:19:19,Abandoned
1335,495,298,1,1007.9,1007.9,2022-03-15 12:10:17,2022-03-17 11:18:02,Active
1442,541,312,1,101.5,101.5,2024-03-31 18:50:29,2024-04-06 23:18:13,Deleted
1485,555,91,2,59.47,118.94,2021-10-24 10:44:06,2021-10-24 13:07:30,Active
65,23,425,1,177.51,177.51,2021-01-16 09:07:09,2021-01-17 05:42:45,Abandoned
98,34,283,2,1198.51,2397.02,2025-12-23 05:24:22,2025-12-24 01:06:05,Deleted
108,35,180,2,26.12,52.24,2021-07-20 03:31:18,2021-07-20 05:13:19,Active
137,48,383,2,546.58,1093.16,2023-07-15 07:13:35,2023-07-15 07:42:20,Abandoned
565,216,79,2,41.54,83.08,2023-10-24 12:37:57,2023-10-24 12:48:50,Abandoned
692,264,196,2,232.03,464.06,2023-01-14 14:21:48,2023-01-15 10:29:40,Converted
761,288,400,8,94.03,752.24,2023-04-29 23:48:57,2023-04-30 00:15:01,Abandoned
876,326,31,2,51.19,102.38,2025-09-01 07:45:04,2025-09-02 05:07:19,Active
923,344,261,2,246.89,493.78,2021-05-09 13:20:01,2021-05-09 13:26:06,Converted
966,362,143,1,618.02,618.02,2020-07-16 09:07:28,2020-07-16 10:50:12,Abandoned
1034,388,44,2,326.93,653.86,2021-12-03 15:24:13,2021-12-03 16:23:12,Converted
1175,441,259,2,146.12,292.24,2024-10-23 20:27:31,2024-10-25 04:34:44,Converted
1299,485,148,5,317.46,1587.3,2025-12-14 01:29:29,2025-12-14 04:01:23,Abandoned
161,58,253,1,131.16,131.16,2022-01-05 05:14:13,2022-01-05 05:15:54,Abandoned
620,237,307,2,126.97,253.94,2020-12-05 07:58:07,2020-12-05 09:21:17,Active
710,269,384,1,39.95,39.95,2022-06-02 06:15:08,2022-06-02 14:21:46,Active
758,287,120,7,98.3,688.1,2021-06-23 11:14:18,2021-06-23 12:10:23,Abandoned
1022,382,480,1,53.57,53.57,2024-12-24 18:44:34,2024-12-26 17:45:13,Deleted
1104,415,493,1,369.54,369.54,2023-05-03 02:02:55,2023-05-03 02:15:41,Abandoned
1142,429,321,1,74.05,74.05,2025-12-10 19:11:45,2025-12-11 02:58:26,Converted
230,86,13,1,119.0,119.0,2021-06-24 13:05:19,2021-06-24 21:04:14,Converted
316,122,453,3,488.68,1466.04,2023-08-12 12:56:00,2023-08-12 18:45:23,Abandoned
382,146,293,2,116.69,233.38,2025-02-22 16:24:07,2025-02-22 17:08:14,Active
451,174,395,1,355.98,355.98,2023-06-29 13:43:59,2023-06-29 13:52:25,Converted
894,332,374,2,25.3,50.6,2023-05-19 09:43:38,2023-05-19 12:15:45,Abandoned
942,355,161,1,828.82,828.82,2024-09-27 06:06:18,2024-09-27 13:11:49,Converted
1093,408,441,5,54.28,271.4,2024-05-02 03:07:32,2024-05-02 18:38:35,Converted
1400,524,179,2,235.24,470.48,2022-09-15 12:22:25,2022-09-15 19:12:13,Active
129,45,44,2,326.93,653.86,2025-06-14 03:23:40,2025-06-14 12:46:47,Converted
252,95,301,2,27.18,54.36,2025-05-29 10:34:33,2025-06-05 20:51:11,Deleted
356,136,387,5,65.89,329.45,2015-11-12 19:14:29,2015-11-14 07:13:28,Active
430,167,116,1,465.99,465.99,2025-12-05 11:01:01,2025-12-05 14:32:54,Active
783,297,47,2,85.17,170.34,2025-11-25 14:46:33,2025-11-25 16:18:34,Abandoned
789,298,193,1,58.16,58.16,2025-10-12 23:58:30,2025-10-13 12:37:33,Active
930,348,351,1,83.48,83.48,2025-09-01 23:15:21,2025-09-02 00:18:30,Abandoned
1213,454,456,1,184.36,184.36,2025-02-04 12:43:48,2025-02-04 15:25:32,Abandoned
237,88,500,5,48.8,244.0,2019-04-17 06:01:26,2019-04-18 10:13:50,Converted
302,116,461,1,711.37,711.37,2025-11-09 02:14:36,2025-11-10 13:33:18,Deleted
1204,452,374,1,25.3,25.3,2025-09-04 13:16:03,2025-09-04 17:10:43,Active
1337,496,130,3,745.47,2236.41,2025-09-05 02:56:41,2025-09-05 03:25:27,Converted
1363,507,366,2,84.07,168.14,2025-11-02 01:31:16,2025-11-02 02:23:50,Abandoned
100,34,132,1,369.68,369.68,2025-12-23 20:39:14,2025-12-24 02:20:18,Deleted
286,110,361,3,203.75,611.25,2021-10-08 22:56:57,2021-10-10 12:58:00,Abandoned
310,120,200,3,899.94,2699.82,2020-12-29 20:44:11,2020-12-29 21:12:43,Abandoned
1239,466,140,1,1099.8,1099.8,2023-03-17 15:16:49,2023-03-18 20:32:51,Converted
1448,543,340,3,1050.39,3151.17,2021-11-07 02:21:33,2021-11-08 19:31:42,Active
559,212,60,2,125.84,251.68,2022-11-10 06:16:35,2022-11-11 13:27:07,Deleted
648,246,478,2,215.05,430.1,2025-07-17 23:12:24,2025-07-19 08:51:20,Converted
731,278,480,2,53.57,107.14,2024-11-29 02:11:29,2024-11-29 05:43:34,Active
1092,408,293,1,116.69,116.69,2024-05-02 08:43:40,2024-05-02 09:14:42,Converted
1169,438,430,1,574.94,574.94,2017-06-21 16:24:29,2017-06-21 17:23:10,Active
1195,448,131,5,15.41,77.05,2025-07-19 16:15:04,2025-07-20 10:11:40,Converted
1208,453,225,1,11.07,11.07,2022-11-10 15:24:49,2022-11-10 18:37:38,Abandoned
142,51,420,3,348.82,1046.46,2025-07-14 19:25:37,2025-07-14 20:20:31,Active
417,161,363,1,15.2,15.2,2025-09-05 15:01:02,2025-09-05 16:13:37,Converted
588,225,400,1,94.03,94.03,2021-10-28 13:33:23,2021-10-28 20:51:54,Abandoned
629,241,252,1,323.84,323.84,2024-10-03 12:08:41,2024-10-03 18:17:34,Converted
723,275,154,1,382.99,382.99,2024-12-25 15:51:10,2024-12-28 09:41:15,Active
1242,467,113,1,206.93,206.93,2024-05-02 08:38:31,2024-05-02 12:19:50,Converted
1313,489,374,2,25.3,50.6,2024-08-31 14:15:27,2024-08-31 15:59:11,Active
90,31,486,2,415.81,831.62,2025-03-13 02:39:57,2025-03-13 04:27:38,Deleted
293,112,402,5,224.2,1121.0,2023-02-28 21:20:40,2023-02-28 23:11:14,Converted
303,116,473,2,309.25,618.5,2025-11-08 04:01:47,2025-11-10 07:53:40,Abandoned
329,127,185,1,1113.03,1113.03,2020-07-24 01:20:59,2020-07-28 11:21:54,Deleted
359,137,257,2,298.33,596.66,2021-08-30 12:52:29,2021-08-31 06:44:28,Converted
1155,434,489,2,150.92,301.84,2022-05-18 04:44:57,2022-05-18 06:54:11,Converted
1273,477,32,4,112.28,449.12,2020-08-11 09:15:05,2020-08-11 10:53:35,Abandoned
421,162,484,2,62.52,125.04,2025-01-26 22:11:17,2025-01-27 02:43:58,Active
490,189,433,1,210.06,210.06,2024-12-06 00:48:47,2024-12-08 00:05:59,Converted
853,319,105,2,24.47,48.94,2025-02-08 07:44:16,2025-02-08 20:41:22,Active
1201,451,307,2,126.97,253.94,2025-05-12 10:52:47,2025-05-12 23:37:54,Abandoned
1309,487,500,1,48.8,48.8,2024-12-08 09:28:56,2024-12-08 19:36:10,Converted
1368,509,256,1,473.23,473.23,2025-10-23 17:46:19,2025-10-27 08:30:00,Deleted
33,13,18,1,397.05,397.05,2024-09-15 21:46:49,2024-09-16 01:38:16,Abandoned
205,75,64,2,25.71,51.42,2021-10-22 02:25:39,2021-10-23 00:40:13,Active
383,147,480,4,53.57,214.28,2019-01-27 03:30:31,2019-01-27 04:54:36,Active
444,171,471,1,403.72,403.72,2025-03-27 09:59:29,2025-03-27 10:27:22,Abandoned
626,240,403,1,415.53,415.53,2025-12-01 08:56:19,2025-12-04 00:12:01,Abandoned
714,270,492,2,136.92,273.84,2025-12-18 13:02:13,2025-12-19 13:12:59,Active
825,310,340,4,1050.39,4201.56,2025-02-03 01:12:42,2025-02-03 01:39:51,Converted
1331,494,306,1,83.51,83.51,2025-12-16 03:00:51,2025-12-16 06:33:32,Abandoned
1348,501,246,2,709.94,1419.88,2024-05-10 16:46:42,2024-05-10 16:57:54,Abandoned
1356,504,346,1,166.63,166.63,2025-09-21 04:32:46,2025-09-21 08:48:51,Active
97,33,317,4,175.41,701.64,2022-12-26 20:32:06,2022-12-26 22:48:03,Active
102,34,375,1,23.29,23.29,2025-12-24 21:01:07,2025-12-24 21:13:45,Deleted
140,50,222,2,668.94,1337.88,2018-09-27 08:26:10,2018-09-27 09:19:34,Abandoned
218,82,211,1,85.31,85.31,2019-12-17 01:20:45,2019-12-17 01:20:45,Abandoned
256,96,316,2,91.48,182.96,2025-09-27 10:35:28,2025-09-27 10:36:43,Abandoned
909,338,327,1,160.21,160.21,2025-01-26 15:40:30,2025-01-26 22:38:51,Converted
1098,410,251,1,393.53,393.53,2025-09-11 04:58:10,2025-09-12 04:19:11,Active
1304,486,198,3,275.96,827.88,2025-03-23 14:22:33,2025-03-31 07:12:59,Deleted
1369,510,170,3,219.84,659.52,2023-01-28 05:28:04,2023-01-31 21:26:42,Deleted
368,141,356,1,390.7,390.7,2023-05-10 16:57:12,2023-05-10 18:28:56,Abandoned
775,293,251,4,393.53,1574.12,2022-06-16 07:01:22,2022-06-16 08:12:31,Abandoned
811,305,319,3,226.96,680.88,2023-11-05 09:20:18,2023-11-05 17:38:56,Active
861,320,169,2,571.68,1143.36,2025-08-07 05:31:20,2025-08-07 06:01:02,Abandoned
1082,404,126,1,712.64,712.64,2019-08-18 19:09:44,2019-08-19 13:08:36,Converted
1209,453,238,4,1813.44,7253.76,2022-11-10 19:13:22,2022-11-10 19:46:51,Abandoned
106,35,491,2,802.9,1605.8,2021-07-20 02:58:34,2021-07-20 03:45:01,Abandoned
423,163,348,6,502.14,3012.84,2025-12-09 14:42:04,2025-12-09 20:25:43,Active
66,23,71,1,110.38,110.38,2021-01-16 11:22:20,2021-01-18 06:37:30,Active
75,27,236,2,1142.25,2284.5,2023-09-09 20:57:05,2023-09-10 09:48:04,Converted
95,33,492,2,136.92,273.84,2022-12-26 13:42:45,2022-12-26 23:05:14,Deleted
196,72,91,1,59.47,59.47,2024-03-27 10:01:38,2024-03-28 13:13:50,Converted
197,72,293,2,116.69,233.38,2024-03-27 05:03:54,2024-03-27 09:32:22,Converted
450,174,439,1,248.98,248.98,2023-06-29 09:09:02,2023-06-29 09:55:16,Converted
730,277,299,1,253.54,253.54,2023-06-12 14:53:36,2023-06-12 15:07:31,Abandoned
764,289,376,5,774.43,3872.15,2025-11-14 13:24:16,2025-11-14 16:58:31,Deleted
984,369,416,1,287.28,287.28,2025-02-22 12:16:30,2025-02-22 18:36:06,Abandoned
89,31,354,2,156.7,313.4,2025-03-14 04:30:00,2025-03-14 10:01:29,Abandoned
317,122,245,2,100.81,201.62,2023-08-12 09:06:49,2023-08-12 12:05:49,Active
519,199,263,1,971.86,971.86,2025-01-20 16:07:38,2025-01-20 22:55:57,Active
1251,471,219,1,183.66,183.66,2024-11-13 05:18:44,2024-11-13 09:44:29,Converted
1353,503,212,2,57.67,115.34,2024-08-04 15:14:10,2024-08-05 08:58:59,Active
1383,516,31,1,51.19,51.19,2024-09-06 09:21:36,2024-09-07 00:27:48,Converted
1473,550,206,1,238.06,238.06,2021-10-04 09:33:28,2021-10-06 04:28:48,Deleted
88,30,65,1,61.02,61.02,2024-05-08 10:45:31,2024-05-08 16:39:50,Abandoned
172,63,466,2,937.33,1874.66,2025-09-30 00:52:40,2025-09-30 01:38:46,Converted
361,137,332,1,33.87,33.87,2021-08-30 18:14:00,2021-08-31 02:25:12,Converted
407,157,161,1,828.82,828.82,2023-05-29 13:01:02,2023-05-29 13:07:44,Abandoned
409,157,363,1,15.2,15.2,2023-05-29 13:25:58,2023-05-29 13:26:37,Abandoned
566,217,177,7,41.77,292.39,2024-12-22 02:59:53,2024-12-22 03:31:48,Abandoned
712,270,483,5,1017.36,5086.8,2025-12-19 05:18:09,2025-12-20 12:25:09,Abandoned
781,295,346,1,166.63,166.63,2024-11-24 00:47:27,2024-11-24 01:17:21,Abandoned
1236,464,216,2,142.37,284.74,2023-12-16 04:08:54,2023-12-16 05:31:47,Abandoned
1312,489,456,1,184.36,184.36,2024-08-31 12:45:50,2024-08-31 15:09:32,Abandoned
325,125,376,1,774.43,774.43,2023-11-18 15:38:41,2023-11-18 15:52:25,Abandoned
433,168,486,1,415.81,415.81,2019-10-03 10:19:22,2019-10-03 10:55:04,Active
616,234,217,1,1017.69,1017.69,2021-11-22 06:46:28,2021-11-22 07:31:42,Abandoned
682,260,327,3,160.21,480.63,2018-09-28 21:38:14,2018-09-30 22:55:03,Deleted
777,294,255,2,426.79,853.58,2022-10-05 01:55:05,2022-10-05 03:26:23,Abandoned
788,298,493,1,369.54,369.54,2025-10-13 01:13:46,2025-10-13 21:38:12,Active
901,334,370,1,256.71,256.71,2015-05-24 16:07:22,2015-05-25 08:06:29,Active
1161,436,116,1,465.99,465.99,2025-02-18 10:46:41,2025-02-21 11:14:14,Abandoned
1162,437,64,3,25.71,77.13,2023-01-29 04:46:16,2023-01-29 05:52:34,Active
653,248,490,1,1264.96,1264.96,2025-03-31 06:35:26,2025-03-31 09:10:56,Abandoned
709,269,107,6,84.07,504.42,2022-05-31 19:54:05,2022-06-02 05:56:37,Active
833,313,216,1,142.37,142.37,2024-11-07 07:46:09,2024-11-09 14:53:28,Deleted
855,319,391,2,44.4,88.8,2025-02-08 13:50:08,2025-02-09 01:09:17,Abandoned
885,329,143,2,618.02,1236.04,2025-05-03 19:29:12,2025-05-20 19:59:39,Deleted
1388,519,427,2,137.59,275.18,2021-09-28 05:45:32,2021-09-28 06:24:55,Converted
1444,541,440,2,216.11,432.22,2024-03-26 16:31:26,2024-04-03 14:54:30,Deleted
1490,558,144,2,1082.93,2165.86,2015-08-10 03:15:11,2015-08-10 12:20:54,Converted
255,95,281,1,59.36,59.36,2025-06-02 12:45:36,2025-06-03 21:34:13,Deleted
374,143,277,1,39.31,39.31,2023-09-06 13:05:29,2023-09-06 13:41:41,Converted
457,177,237,2,204.25,408.5,2025-09-06 03:49:52,2025-09-06 04:16:14,Abandoned
493,191,251,1,393.53,393.53,2025-11-04 16:49:20,2025-11-05 01:26:31,Converted
1068,400,209,2,119.56,239.12,2025-12-17 14:10:22,2025-12-18 03:09:48,Converted
1087,406,74,1,746.97,746.97,2025-10-07 20:25:59,2025-10-07 21:40:41,Active
1115,419,230,1,339.85,339.85,2024-04-21 09:23:17,2024-04-22 22:30:55,Abandoned
1116,420,72,4,462.01,1848.04,2025-12-03 01:49:59,2025-12-03 02:13:18,Converted
1333,495,348,2,502.14,1004.28,2022-03-16 17:19:12,2022-03-17 22:28:59,Active
1350,502,295,1,238.26,238.26,2023-10-17 20:37:09,2023-10-19 12:15:12,Deleted
1361,506,292,3,66.9,200.7,2025-10-18 20:09:26,2025-10-18 20:10:02,Abandoned
139,49,341,2,40.65,81.3,2025-08-29 23:40:18,2025-08-30 00:11:28,Abandoned
443,171,325,1,140.49,140.49,2025-03-27 10:11:55,2025-03-27 10:26:08,Active
654,249,381,1,453.14,453.14,2025-12-22 09:41:15,2025-12-22 09:54:46,Abandoned
697,266,93,1,719.26,719.26,2025-11-04 13:18:07,2025-11-04 13:23:50,Active
734,279,92,2,476.17,952.34,2025-10-18 02:37:49,2025-10-18 02:37:49,Abandoned
1056,396,208,1,4.24,4.24,2021-04-22 04:40:08,2021-04-22 07:41:22,Abandoned
1390,520,18,2,397.05,794.1,2019-11-14 01:05:32,2019-11-15 15:19:22,Deleted
1428,535,83,1,35.12,35.12,2025-06-10 15:18:55,2025-06-10 15:33:05,Abandoned
393,152,52,2,105.12,210.24,2024-08-21 07:41:50,2024-08-21 08:20:23,Converted
477,183,1,4,254.58,1018.32,2023-08-14 19:24:00,2023-08-14 21:24:25,Abandoned
720,273,332,3,33.87,101.61,2023-05-28 16:44:48,2023-05-28 18:16:23,Active
848,318,282,2,13.98,27.96,2025-12-18 11:10:58,2025-12-22 01:44:58,Deleted
1246,468,463,1,43.99,43.99,2024-10-03 04:31:13,2024-10-03 06:08:04,Converted
1326,493,171,1,263.42,263.42,2017-04-21 21:06:01,2017-04-21 23:34:56,Active
156,57,378,6,100.56,603.36,2023-11-13 03:13:45,2023-11-14 14:47:21,Converted
687,262,80,3,85.74,257.22,2021-06-06 09:20:10,2021-06-06 14:50:25,Abandoned
823,310,188,1,960.8,960.8,2025-02-03 00:36:43,2025-02-03 00:40:27,Converted
835,314,105,1,24.47,24.47,2023-06-15 01:53:37,2023-06-15 03:10:47,Active
916,341,191,1,727.94,727.94,2025-04-16 20:38:39,2025-04-18 08:38:05,Converted
996,373,100,1,212.59,212.59,2025-12-11 00:43:03,2025-12-11 08:57:23,Converted
1118,420,496,2,62.5,125.0,2025-12-03 01:06:19,2025-12-03 02:39:23,Converted
29,11,475,1,1839.85,1839.85,2023-07-02 17:55:31,2023-07-05 17:49:27,Deleted
365,139,41,2,199.76,399.52,2025-07-03 12:28:18,2025-07-05 10:20:19,Converted
390,150,54,1,1494.0,1494.0,2023-05-20 23:37:23,2023-05-21 07:00:50,Active
435,168,280,2,941.58,1883.16,2019-10-03 00:22:50,2019-10-03 00:45:28,Abandoned
677,258,495,1,76.86,76.86,2022-09-08 20:34:08,2022-09-09 01:04:47,Abandoned
680,259,500,7,48.8,341.6,2020-06-20 15:48:42,2020-06-20 19:48:46,Abandoned
913,340,227,1,152.3,152.3,2022-08-02 19:48:30,2022-08-02 20:08:31,Converted
952,359,31,3,51.19,153.57,2024-07-16 19:57:06,2024-07-16 21:08:10,Active
999,375,377,2,543.75,1087.5,2021-01-11 15:55:34,2021-01-11 15:55:34,Abandoned
1004,377,330,1,117.61,117.61,2017-08-16 12:52:21,2017-08-17 10:16:08,Converted
1276,478,102,3,580.65,1741.95,2023-03-28 10:23:45,2023-03-28 12:25:54,Abandoned
1454,544,124,1,228.97,228.97,2024-06-21 05:43:50,2024-06-21 09:33:36,Converted
228,85,64,2,25.71,51.42,2023-08-18 19:58:19,2023-08-18 20:02:39,Active
403,155,245,7,100.81,705.67,2023-01-20 02:27:51,2023-01-23 16:24:07,Abandoned
552,211,108,2,247.37,494.74,2019-04-08 20:32:45,2019-04-08 23:07:27,Abandoned
856,319,162,1,2036.98,2036.98,2025-02-08 14:47:55,2025-02-08 17:22:47,Active
1140,428,125,1,215.26,215.26,2025-10-18 12:03:31,2025-10-20 07:52:11,Active
175,65,379,1,47.01,47.01,2024-10-26 11:44:59,2024-10-26 11:44:59,Abandoned
281,108,107,2,84.07,168.14,2025-03-30 02:14:56,2025-03-30 06:23:49,Abandoned
527,202,101,2,153.81,307.62,2023-12-16 20:16:20,2023-12-17 18:26:08,Active
612,231,292,2,66.9,133.8,2022-03-06 20:53:31,2022-03-06 23:05:41,Abandoned
1226,460,252,2,323.84,647.68,2022-08-17 17:26:39,2022-08-18 01:00:01,Active
240,89,164,1,336.48,336.48,2017-04-28 00:18:41,2017-04-28 00:43:01,Abandoned
297,114,236,1,1142.25,1142.25,2025-11-13 02:46:55,2025-11-13 18:44:39,Deleted
410,158,187,1,69.09,69.09,2022-05-19 18:48:58,2022-05-21 13:53:37,Active
655,249,369,2,150.89,301.78,2025-12-22 00:05:28,2025-12-22 03:37:50,Abandoned
1075,402,130,1,745.47,745.47,2025-05-31 22:05:22,2025-06-01 00:36:49,Abandoned
1203,452,370,3,256.71,770.13,2025-09-04 18:47:38,2025-09-04 18:47:42,Abandoned
1385,517,108,1,247.37,247.37,2025-03-05 08:44:05,2025-03-05 08:44:33,Active
1401,525,92,8,476.17,3809.36,2024-06-28 05:39:54,2024-06-28 08:58:57,Converted
231,86,299,2,253.54,507.08,2021-06-23 20:17:54,2021-06-24 01:06:27,Converted
313,121,269,2,224.43,448.86,2024-09-13 04:29:35,2024-09-13 04:29:35,Active
381,146,371,3,345.81,1037.43,2025-02-22 17:00:36,2025-02-22 17:34:42,Abandoned
750,285,338,1,21.79,21.79,2025-04-28 18:29:06,2025-04-28 20:47:16,Converted
971,364,225,2,11.07,22.14,2021-08-21 03:58:14,2021-08-21 12:15:02,Converted
1237,465,17,1,50.12,50.12,2020-12-02 07:07:40,2020-12-02 07:16:54,Abandoned
1445,541,125,2,215.26,430.52,2024-03-19 14:43:21,2024-03-25 02:00:27,Deleted
1461,546,42,1,1182.29,1182.29,2025-10-22 16:25:55,2025-10-24 16:25:53,Active
275,104,478,4,215.05,860.2,2023-07-16 16:40:54,2023-07-19 09:04:45,Active
604,229,103,2,408.53,817.06,2025-12-03 15:17:51,2025-12-05 06:32:40,Converted
1077,402,232,3,1268.87,3806.61,2025-05-31 22:33:37,2025-05-31 22:37:03,Abandoned
1192,447,384,1,39.95,39.95,2024-09-30 10:04:31,2024-09-30 10:30:37,Abandoned
1198,449,146,5,367.33,1836.65,2021-07-15 21:47:16,2021-07-15 23:23:26,Abandoned
1357,504,78,3,88.98,266.94,2025-09-21 09:37:43,2025-09-21 11:35:01,Active
210,78,75,1,254.98,254.98,2024-08-27 06:23:21,2024-08-27 21:23:07,Active
1011,379,278,2,71.92,143.84,2022-08-25 07:45:17,2022-08-26 16:56:48,Active
1053,395,201,3,368.57,1105.71,2022-05-01 01:14:24,2022-05-01 10:46:59,Deleted
1080,403,70,5,114.91,574.55,2024-10-29 10:33:46,2024-10-30 11:18:02,Active
68,25,132,4,369.68,1478.72,2025-07-22 15:55:19,2025-08-01 00:48:29,Deleted
395,153,38,1,153.42,153.42,2021-12-15 13:30:57,2021-12-15 13:30:57,Abandoned
461,178,185,5,1113.03,5565.15,2025-09-30 21:17:53,2025-09-30 21:17:53,Abandoned
476,183,236,6,1142.25,6853.5,2023-08-14 23:13:56,2023-08-14 23:37:22,Abandoned
614,232,223,1,282.68,282.68,2019-06-30 03:19:48,2019-06-30 03:37:09,Converted
964,361,7,1,1181.48,1181.48,2024-12-11 16:57:48,2024-12-11 17:37:38,Abandoned
1061,397,306,2,83.51,167.02,2022-02-18 14:54:11,2022-02-18 21:13:40,Converted
93,32,380,1,729.31,729.31,2024-12-08 23:49:54,2024-12-09 15:43:12,Converted
249,93,200,5,899.94,4499.7,2021-03-29 22:19:30,2021-03-30 14:04:55,Deleted
708,269,191,1,727.94,727.94,2022-06-01 06:46:23,2022-06-03 00:02:37,Active
744,282,436,1,80.51,80.51,2021-06-24 02:38:14,2021-06-24 19:52:20,Converted
768,291,325,2,140.49,280.98,2024-11-29 08:17:26,2024-11-29 10:15:58,Active
809,305,486,1,415.81,415.81,2023-11-05 12:31:11,2023-11-06 23:35:16,Active
830,312,61,1,57.63,57.63,2025-12-11 18:38:44,2025-12-12 15:45:19,Deleted
852,318,449,1,274.42,274.42,2025-12-08 11:11:51,2025-12-19 22:45:35,Deleted
903,334,224,3,376.73,1130.19,2015-05-26 13:29:23,2015-05-26 15:34:34,Deleted
989,371,63,1,345.24,345.24,2022-10-21 09:12:01,2022-10-22 05:59:32,Deleted
1103,414,263,1,971.86,971.86,2025-08-30 02:11:34,2025-08-30 12:08:23,Active
1271,476,324,3,69.69,209.07,2025-12-14 00:57:09,2025-12-14 02:13:46,Abandoned
253,95,275,5,28.51,142.55,2025-05-24 15:26:54,2025-05-26 04:33:27,Deleted
525,201,298,4,1007.9,4031.6,2025-10-16 07:29:53,2025-10-16 10:16:44,Abandoned
668,254,414,1,340.19,340.19,2020-03-18 11:17:09,2020-03-19 01:43:30,Active
729,277,19,1,219.56,219.56,2023-06-12 13:21:41,2023-06-12 16:15:41,Active
824,310,12,1,168.0,168.0,2025-02-03 01:18:27,2025-02-03 01:44:30,Converted
886,329,89,1,513.91,513.91,2025-05-18 06:59:57,2025-05-27 04:00:31,Deleted
963,361,391,2,44.4,88.8,2024-12-11 16:48:40,2024-12-11 16:55:44,Abandoned
1117,420,476,1,1161.94,1161.94,2025-12-02 23:41:09,2025-12-03 03:27:31,Converted
1264,475,31,2,51.19,102.38,2018-11-21 02:23:58,2018-11-21 21:43:56,Active
858,319,150,7,361.94,2533.58,2025-02-08 13:44:38,2025-02-09 05:51:44,Abandoned
951,358,5,3,893.87,2681.61,2025-10-29 20:36:54,2025-10-30 05:56:43,Converted
968,363,338,2,21.79,43.58,2024-12-12 16:23:21,2024-12-12 17:04:26,Converted
1002,376,160,1,261.49,261.49,2024-12-16 01:56:33,2024-12-16 09:35:24,Active
1057,396,229,2,1479.14,2958.28,2021-04-22 10:06:42,2021-04-22 11:20:09,Abandoned
1268,476,305,3,378.28,1134.84,2025-12-14 04:03:50,2025-12-14 04:07:48,Abandoned
1,1,445,1,1310.25,1310.25,2022-01-11 08:45:16,2022-01-11 16:00:00,Active
124,42,220,2,269.37,538.74,2025-01-05 15:44:46,2025-01-05 16:55:26,Active
388,149,352,3,78.1,234.3,2024-02-19 22:17:54,2024-02-20 03:52:31,Abandoned
545,209,197,2,36.29,72.58,2022-05-11 19:35:41,2022-05-11 19:36:38,Active
1070,400,434,1,521.01,521.01,2025-12-17 06:16:44,2025-12-18 14:38:41,Converted
1427,535,139,1,133.83,133.83,2025-06-10 14:57:17,2025-06-10 15:21:51,Abandoned
121,40,253,1,131.16,131.16,2024-07-15 12:15:16,2024-07-17 00:10:16,Active
192,71,392,1,598.09,598.09,2024-01-03 16:44:12,2024-01-03 16:44:12,Abandoned
483,186,149,2,78.07,156.14,2023-03-04 19:16:36,2023-03-04 19:16:36,Abandoned
837,314,434,4,521.01,2084.04,2023-06-15 01:42:15,2023-06-15 01:47:55,Abandoned
864,322,216,1,142.37,142.37,2025-02-05 09:20:07,2025-02-05 10:14:44,Abandoned
947,356,47,5,85.17,425.85,2024-03-09 08:21:59,2024-03-09 09:05:43,Abandoned
1112,418,466,1,937.33,937.33,2025-04-04 01:06:37,2025-04-04 02:44:33,Active
1135,427,183,3,140.01,420.03,2021-04-10 16:31:09,2021-04-10 16:37:53,Abandoned
301,115,93,1,719.26,719.26,2025-09-15 14:27:03,2025-09-16 11:00:17,Abandoned
957,360,39,2,59.03,118.06,2024-11-04 03:55:47,2024-11-04 07:20:09,Abandoned
1380,515,369,1,150.89,150.89,2020-12-19 23:38:22,2020-12-21 16:43:58,Deleted
1438,538,64,1,25.71,25.71,2025-10-14 13:37:07,2025-10-14 18:02:56,Converted
247,92,423,2,127.71,255.42,2024-12-08 06:04:14,2024-12-08 08:35:58,Converted
274,104,411,1,84.88,84.88,2023-07-17 02:31:47,2023-07-19 20:47:33,Active
985,369,169,1,571.68,571.68,2025-02-22 16:01:31,2025-02-22 21:14:15,Abandoned
1035,388,361,2,203.75,407.5,2021-12-03 10:47:42,2021-12-03 15:33:50,Converted
1129,423,120,1,98.3,98.3,2024-09-16 13:34:32,2024-09-20 06:45:39,Deleted
1302,486,354,3,156.7,470.1,2025-03-15 18:02:42,2025-04-02 19:58:32,Deleted
1354,503,397,1,214.11,214.11,2024-08-04 20:46:32,2024-08-04 21:09:19,Active
1355,504,357,3,1366.23,4098.69,2025-09-18 07:46:29,2025-09-21 01:40:24,Abandoned
193,71,447,8,154.54,1236.32,2024-01-03 16:44:12,2024-01-03 16:44:12,Active
473,181,147,1,64.35,64.35,2022-01-12 20:32:59,2022-01-13 09:07:53,Active
534,205,78,1,88.98,88.98,2022-12-03 23:58:14,2022-12-04 00:01:48,Converted
618,236,87,1,23.29,23.29,2024-11-04 17:05:35,2024-11-04 18:17:03,Active
628,241,399,1,537.25,537.25,2024-10-02 14:53:17,2024-10-03 23:11:06,Converted
795,301,443,2,1258.34,2516.68,2024-10-19 00:08:09,2024-10-19 07:59:28,Active
868,323,161,7,828.82,5801.74,2021-01-14 13:41:57,2021-01-14 14:55:51,Converted
1055,395,40,3,28.74,86.22,2022-04-29 21:51:43,2022-04-30 14:17:26,Deleted
283,109,9,1,564.82,564.82,2024-08-01 00:24:26,2024-08-03 15:49:39,Converted
1395,523,252,1,323.84,323.84,2024-11-07 00:35:42,2024-11-07 03:03:58,Converted
87,30,224,1,376.73,376.73,2024-05-08 03:31:03,2024-05-08 14:32:16,Abandoned
91,31,204,1,553.08,553.08,2025-03-12 15:22:18,2025-03-13 07:38:03,Active
472,181,280,2,941.58,1883.16,2022-01-10 00:19:46,2022-01-11 16:28:58,Active
526,201,179,1,235.24,235.24,2025-10-16 07:56:15,2025-10-16 08:02:51,Abandoned
881,327,261,2,246.89,493.78,2024-08-26 20:06:34,2024-08-26 21:08:44,Abandoned
1314,489,465,2,119.4,238.8,2024-08-31 15:56:40,2024-08-31 20:01:23,Active
2,2,384,2,39.95,79.9,2022-06-29 07:28:02,2022-06-29 16:57:11,Deleted
118,38,330,1,117.61,117.61,2025-05-08 02:16:52,2025-05-08 03:41:44,Abandoned
265,99,480,1,53.57,53.57,2025-07-11 09:38:15,2025-07-11 13:00:08,Converted
508,195,107,1,84.07,84.07,2018-11-12 16:19:17,2018-11-12 20:58:45,Active
575,220,239,2,491.36,982.72,2025-06-15 14:26:41,2025-06-15 22:22:01,Active
685,261,148,6,317.46,1904.76,2019-06-06 23:57:21,2019-06-07 02:38:27,Deleted
749,285,343,7,105.52,738.64,2025-04-28 18:03:30,2025-04-28 19:05:10,Converted
935,352,182,2,488.84,977.68,2024-03-09 07:37:46,2024-03-09 08:59:57,Abandoned
1148,431,113,1,206.93,206.93,2025-02-03 13:05:12,2025-02-03 20:07:28,Converted
1376,512,156,4,19.08,76.32,2025-10-02 01:51:54,2025-10-02 03:08:53,Active
1404,525,248,3,165.29,495.87,2024-06-28 09:40:28,2024-06-28 10:08:23,Converted
246,92,84,1,1161.5,1161.5,2024-12-08 07:00:11,2024-12-08 07:13:48,Converted
261,97,12,1,168.0,168.0,2023-01-01 21:19:19,2023-01-01 22:07:04,Active
73,26,118,3,285.82,857.46,2018-10-01 07:20:43,2018-10-02 08:17:41,Converted
468,180,104,1,32.71,32.71,2025-03-21 23:41:49,2025-03-22 08:03:59,Deleted
696,265,6,1,119.78,119.78,2024-07-04 14:23:27,2024-07-04 15:04:40,Abandoned
897,332,144,6,1082.93,6497.58,2023-05-19 10:43:59,2023-05-19 11:25:28,Abandoned
1031,386,158,4,207.38,829.52,2025-03-15 00:57:28,2025-03-15 03:49:57,Abandoned
62,21,157,3,278.27,834.81,2025-12-21 03:20:28,2025-12-21 04:04:08,Abandoned
128,44,278,2,71.92,143.84,2017-08-17 18:40:26,2017-08-21 01:41:50,Active
250,93,142,1,174.48,174.48,2021-03-22 15:58:39,2021-03-25 02:53:12,Deleted
305,118,446,1,386.34,386.34,2023-06-21 20:49:26,2023-06-21 22:37:35,Abandoned
553,211,352,5,78.1,390.5,2019-04-08 22:40:10,2019-04-08 23:22:23,Abandoned
556,211,171,1,263.42,263.42,2019-04-08 22:27:45,2019-04-08 23:56:18,Abandoned
1030,386,445,2,1310.25,2620.5,2025-03-15 02:31:34,2025-03-15 05:44:39,Abandoned
1228,462,180,3,26.12,78.36,2024-12-26 05:58:50,2024-12-26 07:49:27,Deleted
1424,534,357,3,1366.23,4098.69,2022-05-26 11:03:15,2022-05-26 11:50:19,Abandoned
133,47,51,1,188.65,188.65,2023-07-15 18:37:51,2023-07-16 09:25:01,Active
454,175,33,2,62.37,124.74,2025-09-13 01:19:53,2025-09-13 03:25:41,Abandoned
735,280,348,1,502.14,502.14,2022-05-21 20:38:51,2022-05-21 21:08:26,Active
820,309,298,3,1007.9,3023.7,2024-07-21 15:30:34,2024-07-21 15:42:18,Abandoned
977,365,215,1,12.25,12.25,2024-02-23 10:17:59,2024-02-23 11:51:06,Active
1097,410,238,1,1813.44,1813.44,2025-09-11 08:45:00,2025-09-11 23:12:52,Active
1165,437,116,1,465.99,465.99,2023-01-28 19:47:08,2023-01-29 04:16:01,Abandoned
44,16,275,3,28.51,85.53,2019-04-17 00:31:54,2019-04-17 00:31:54,Abandoned
401,155,225,1,11.07,11.07,2023-01-23 11:44:33,2023-01-23 20:54:46,Active
512,196,353,10,172.46,1724.6,2025-01-30 03:42:36,2025-01-30 04:49:21,Converted
1113,419,27,6,266.52,1599.12,2024-04-22 22:47:32,2024-04-22 23:36:29,Active
1360,506,207,2,46.8,93.6,2025-10-18 20:09:52,2025-10-18 20:27:30,Abandoned
181,67,389,3,327.83,983.49,2022-03-23 10:56:13,2022-03-23 13:06:40,Converted
271,103,231,3,1649.89,4949.67,2023-04-11 06:00:17,2023-04-11 22:49:44,Active
549,209,303,5,67.5,337.5,2022-05-10 01:11:29,2022-05-11 08:30:54,Abandoned
1033,387,277,4,39.31,157.24,2022-01-01 22:22:16,2022-01-01 22:38:18,Abandoned
213,79,415,1,158.1,158.1,2024-11-03 16:38:24,2024-11-06 17:14:43,Active
242,90,399,7,537.25,3760.75,2025-07-28 22:49:48,2025-07-29 01:46:30,Active
452,175,494,1,91.91,91.91,2025-09-13 02:08:45,2025-09-13 02:50:03,Active
601,228,395,2,355.98,711.96,2024-10-04 13:45:36,2024-10-05 06:11:55,Converted
643,245,40,1,28.74,28.74,2025-08-06 18:54:50,2025-08-06 23:59:34,Converted
675,257,475,1,1839.85,1839.85,2025-09-20 11:58:49,2025-09-20 12:14:44,Abandoned
859,320,254,1,395.44,395.44,2025-08-07 06:06:15,2025-08-07 07:27:24,Abandoned
917,341,493,4,369.54,1478.16,2025-04-17 22:34:46,2025-04-17 23:58:53,Converted
1460,546,158,1,207.38,207.38,2025-10-23 11:07:47,2025-10-24 14:44:33,Active
1497,560,340,1,1050.39,1050.39,2022-05-22 01:16:19,2022-05-22 02:30:14,Active
499,193,85,1,191.07,191.07,2025-05-13 21:47:37,2025-05-14 01:45:40,Abandoned
551,210,282,2,13.98,27.96,2020-09-24 04:00:06,2020-09-24 04:06:35,Converted
579,221,130,1,745.47,745.47,2021-05-15 02:39:47,2021-05-15 22:49:26,Active
736,280,32,4,112.28,449.12,2022-05-21 20:05:35,2022-05-21 20:39:59,Active
782,296,416,3,287.28,861.84,2023-10-21 18:40:38,2023-10-22 04:51:41,Active
995,372,94,2,411.63,823.26,2024-08-05 05:23:05,2024-08-05 09:02:19,Active
1463,547,42,1,1182.29,1182.29,2025-06-06 15:43:24,2025-06-06 16:52:40,Converted
123,42,390,2,98.86,197.72,2025-01-05 04:36:38,2025-01-05 09:33:11,Active
799,303,209,2,119.56,239.12,2024-01-19 13:15:55,2024-01-22 07:43:35,Active
933,351,179,4,235.24,940.96,2024-10-01 01:41:50,2024-10-04 07:06:21,Active
1336,496,4,1,147.53,147.53,2025-09-05 02:10:31,2025-09-05 03:37:39,Converted
147,52,259,1,146.12,146.12,2025-04-23 10:48:31,2025-04-25 00:13:10,Converted
546,209,443,2,1258.34,2516.68,2022-05-07 02:09:28,2022-05-11 16:35:05,Deleted
694,265,284,2,304.44,608.88,2024-07-04 10:10:40,2024-07-04 13:55:02,Abandoned
863,321,159,2,25.78,51.56,2024-01-09 05:42:25,2024-01-10 01:25:58,Active
893,331,89,2,513.91,1027.82,2025-10-29 04:55:40,2025-10-29 21:59:12,Active
987,369,436,2,80.51,161.02,2025-02-22 19:25:44,2025-02-22 22:05:09,Active
1071,400,204,2,553.08,1106.16,2025-12-17 08:39:22,2025-12-18 14:36:48,Converted
1078,402,249,2,144.56,289.12,2025-05-31 20:17:07,2025-05-31 23:37:39,Abandoned
1219,458,157,3,278.27,834.81,2024-07-15 00:08:07,2024-07-15 00:33:49,Abandoned
1240,466,35,4,480.99,1923.96,2023-03-16 19:28:08,2023-03-17 14:57:32,Converted
1244,468,497,1,268.54,268.54,2024-10-03 13:14:54,2024-10-03 13:17:02,Converted
1260,474,306,1,83.51,83.51,2022-01-22 01:02:45,2022-01-24 05:22:15,Converted
1459,546,493,3,369.54,1108.62,2025-10-24 10:43:13,2025-10-24 23:42:52,Active
107,35,56,1,409.39,409.39,2021-07-20 04:23:55,2021-07-20 04:33:31,Active
135,47,404,1,92.6,92.6,2023-07-16 05:20:14,2023-07-16 14:45:43,Active
397,153,378,6,100.56,603.36,2021-12-15 13:30:57,2021-12-15 13:30:57,Active
585,223,251,1,393.53,393.53,2021-08-21 05:22:41,2021-08-21 10:55:44,Active
937,352,11,4,496.19,1984.76,2024-03-09 07:27:32,2024-03-09 08:11:07,Active
960,361,324,1,69.69,69.69,2024-12-11 13:42:10,2024-12-11 17:26:33,Abandoned
1127,423,370,1,256.71,256.71,2024-09-20 23:16:02,2024-09-20 23:57:35,Deleted
1234,464,16,1,692.72,692.72,2023-12-16 05:30:12,2023-12-16 05:44:24,Abandoned
6,4,500,2,48.8,97.6,2022-11-08 15:46:03,2022-11-08 16:08:30,Active
969,363,200,2,899.94,1799.88,2024-12-12 18:55:34,2024-12-12 19:16:47,Converted
1173,439,325,1,140.49,140.49,2015-06-05 09:34:37,2015-06-08 00:44:53,Deleted
555,211,411,1,84.88,84.88,2019-04-08 23:10:06,2019-04-09 00:08:41,Abandoned
689,262,349,1,635.35,635.35,2021-06-06 09:59:43,2021-06-06 11:16:33,Active
698,266,142,3,174.48,523.44,2025-11-04 12:50:26,2025-11-04 13:41:32,Abandoned
754,286,293,1,116.69,116.69,2025-07-11 18:10:45,2025-07-12 13:49:34,Active
978,365,245,1,100.81,100.81,2024-02-20 20:14:37,2024-02-23 02:39:15,Active
1026,384,70,1,114.91,114.91,2025-10-13 11:57:40,2025-10-13 12:13:31,Abandoned
1487,556,96,1,623.82,623.82,2017-08-16 09:21:07,2017-08-16 09:26:42,Active
1496,560,176,3,318.15,954.45,2022-05-21 23:24:25,2022-05-22 00:10:45,Abandoned
53,18,372,1,221.0,221.0,2025-12-05 07:41:21,2025-12-05 07:41:21,Active
92,32,243,3,555.05,1665.15,2024-12-08 20:22:52,2024-12-08 22:18:40,Converted
321,123,187,1,69.09,69.09,2020-06-02 12:03:27,2020-06-02 12:31:13,Active
533,204,233,1,45.4,45.4,2018-03-05 16:43:44,2018-03-06 09:04:04,Active
131,46,312,1,101.5,101.5,2019-09-17 01:50:53,2019-09-17 06:41:39,Abandoned
174,64,345,1,151.88,151.88,2019-12-17 01:28:19,2019-12-17 03:34:42,Abandoned
331,127,379,1,47.01,47.01,2020-07-25 17:59:56,2020-07-26 10:28:52,Deleted
651,248,498,2,534.57,1069.14,2025-03-31 06:00:57,2025-03-31 07:01:30,Abandoned
871,324,216,1,142.37,142.37,2023-07-11 16:52:51,2023-07-13 10:17:57,Active
883,328,212,4,57.67,230.68,2021-01-25 20:23:48,2021-01-25 21:48:13,Converted
1130,423,248,1,165.29,165.29,2024-09-17 05:55:08,2024-09-19 11:59:19,Deleted
1305,486,149,2,78.07,156.14,2025-03-08 21:12:11,2025-03-11 04:19:22,Deleted
1408,526,295,1,238.26,238.26,2021-04-18 18:56:18,2021-04-19 13:21:36,Deleted
1469,550,141,1,632.42,632.42,2021-10-04 18:18:57,2021-10-05 07:02:55,Deleted
78,28,238,3,1813.44,5440.32,2024-10-23 00:18:29,2024-10-23 03:06:39,Active
169,61,2,2,934.87,1869.74,2017-06-10 03:46:10,2017-06-13 04:56:22,Active
206,76,243,2,555.05,1110.1,2022-10-24 01:00:49,2022-10-24 01:42:18,Abandoned
649,247,385,7,485.58,3399.06,2024-10-05 07:14:07,2024-10-06 01:38:04,Converted
665,254,213,1,49.47,49.47,2020-03-19 07:16:24,2020-03-19 22:44:46,Deleted
704,267,300,2,281.9,563.8,2025-06-07 13:34:50,2025-06-07 13:49:11,Abandoned
707,268,143,2,618.02,1236.04,2023-06-26 16:03:49,2023-06-27 08:49:54,Converted
739,281,278,3,71.92,215.76,2025-08-07 01:27:36,2025-08-07 03:04:29,Converted
1160,436,303,2,67.5,135.0,2025-02-21 00:51:56,2025-02-21 12:05:09,Active
1191,446,384,1,39.95,39.95,2023-07-15 04:52:29,2023-07-15 05:09:14,Abandoned
1319,491,390,1,98.86,98.86,2025-11-07 04:26:51,2025-11-09 22:26:54,Active
99,34,165,1,133.28,133.28,2025-12-20 19:21:09,2025-12-23 20:23:13,Deleted
208,77,135,1,80.26,80.26,2024-10-22 09:09:30,2024-10-25 22:41:03,Active
270,102,397,1,214.11,214.11,2023-08-20 09:47:58,2023-08-20 14:20:33,Abandoned
392,151,155,1,2193.18,2193.18,2021-09-01 20:34:57,2021-09-01 20:40:57,Active
510,196,440,1,216.11,216.11,2025-01-28 20:46:03,2025-01-28 20:54:03,Converted
990,371,147,3,64.35,193.05,2022-10-16 11:01:04,2022-10-17 17:38:58,Deleted
1009,378,441,2,54.28,108.56,2025-12-20 18:48:03,2025-12-20 19:01:40,Abandoned
1186,444,296,1,1627.17,1627.17,2025-12-12 23:46:32,2025-12-13 00:38:51,Abandoned
520,199,293,4,116.69,466.76,2025-01-22 06:09:15,2025-01-22 19:04:18,Active
636,243,226,2,621.86,1243.72,2024-08-13 02:12:46,2024-08-13 02:36:36,Converted
1036,388,23,1,152.89,152.89,2021-12-03 09:05:29,2021-12-03 20:44:38,Converted
1085,405,209,3,119.56,358.68,2023-11-14 01:15:30,2023-11-14 05:31:55,Converted
1216,456,108,1,247.37,247.37,2025-10-08 20:54:47,2025-10-08 20:54:47,Abandoned
1280,479,105,1,24.47,24.47,2025-03-05 09:11:37,2025-03-05 14:04:15,Abandoned
1285,480,213,1,49.47,49.47,2021-01-28 02:33:31,2021-01-28 02:55:39,Active
1325,492,445,2,1310.25,2620.5,2023-04-13 06:50:06,2023-04-13 07:08:22,Abandoned
373,143,51,2,188.65,377.3,2023-09-06 14:39:02,2023-09-06 14:39:41,Converted
728,276,295,2,238.26,476.52,2025-07-10 03:16:34,2025-07-10 12:35:50,Converted
860,320,232,1,1268.87,1268.87,2025-08-07 01:59:21,2025-08-07 07:45:41,Abandoned
884,329,225,5,11.07,55.35,2025-05-09 06:14:03,2025-05-28 19:19:26,Deleted
1064,398,76,1,803.23,803.23,2025-11-19 01:47:30,2025-11-19 12:34:32,Converted
1079,403,193,1,58.16,58.16,2024-10-30 06:13:02,2024-10-30 14:38:04,Active
1320,491,203,8,94.19,753.52,2025-11-08 20:28:58,2025-11-09 23:59:26,Active
127,43,281,2,59.36,118.72,2024-12-09 00:18:04,2024-12-09 00:39:30,Converted
345,133,156,6,19.08,114.48,2024-11-02 11:54:29,2024-11-04 18:24:53,Abandoned
1007,377,349,2,635.35,1270.7,2017-08-16 23:33:02,2017-08-17 09:57:00,Converted
1179,441,471,1,403.72,403.72,2024-10-24 10:18:51,2024-10-24 16:10:37,Converted
1396,523,311,1,104.55,104.55,2024-11-07 03:30:38,2024-11-07 03:31:31,Converted
263,98,162,2,2036.98,4073.96,2025-11-29 18:50:22,2025-12-02 06:17:43,Active
291,112,104,2,32.71,65.42,2023-02-27 15:13:18,2023-02-27 20:37:02,Converted
391,150,387,2,65.89,131.78,2023-05-21 00:37:33,2023-05-21 00:46:04,Active
497,192,449,4,274.42,1097.68,2025-07-19 05:16:56,2025-07-19 10:42:32,Deleted
498,192,128,1,147.29,147.29,2025-07-18 21:10:46,2025-07-22 03:39:23,Deleted
656,249,463,4,43.99,175.96,2025-12-22 01:25:03,2025-12-22 05:26:05,Abandoned
880,327,488,1,121.53,121.53,2024-08-26 20:22:19,2024-08-26 20:27:44,Active
1403,525,257,5,298.33,1491.65,2024-06-28 03:11:09,2024-06-28 11:10:59,Converted
27,11,310,1,673.43,673.43,2023-07-14 22:47:47,2023-07-18 02:03:15,Deleted
171,62,413,3,60.37,181.11,2025-02-05 17:00:13,2025-02-05 20:47:10,Converted
580,221,441,3,54.28,162.84,2021-05-14 18:20:33,2021-05-15 07:46:07,Active
832,312,42,3,1182.29,3546.87,2025-12-12 01:47:20,2025-12-12 03:06:38,Deleted
920,343,88,3,299.08,897.24,2025-06-11 23:18:12,2025-06-11 23:31:30,Active
934,351,331,1,45.91,45.91,2024-10-03 12:29:28,2024-10-03 21:34:27,Active
1019,381,93,1,719.26,719.26,2024-07-18 16:54:16,2024-07-18 18:12:50,Converted
1136,427,151,1,3.52,3.52,2021-04-10 17:01:37,2021-04-10 17:09:34,Abandoned
1342,499,192,1,46.76,46.76,2024-11-14 05:22:21,2024-11-14 05:26:09,Abandoned
74,27,418,7,67.05,469.35,2023-09-09 20:51:44,2023-09-10 09:10:37,Converted
144,52,424,1,26.23,26.23,2025-04-25 00:24:09,2025-04-25 00:44:05,Converted
362,138,10,1,1211.32,1211.32,2021-04-08 19:50:21,2021-04-09 10:34:47,Active
363,138,79,1,41.54,41.54,2021-04-08 16:21:39,2021-04-08 16:22:23,Active
542,207,137,2,18.14,36.28,2023-12-17 14:39:48,2023-12-17 22:54:05,Active
589,225,254,2,395.44,790.88,2021-10-28 15:33:15,2021-10-28 21:07:44,Abandoned
700,266,324,1,69.69,69.69,2025-11-04 06:32:39,2025-11-04 11:26:40,Abandoned
1041,389,195,1,998.01,998.01,2020-12-31 17:10:56,2020-12-31 23:07:04,Abandoned
1224,459,2,2,934.87,1869.74,2024-04-30 07:51:47,2024-04-30 08:31:49,Abandoned
1377,512,125,1,215.26,215.26,2025-09-28 00:52:59,2025-10-01 10:07:06,Active
1499,561,129,1,1432.08,1432.08,2025-05-16 06:22:20,2025-05-16 06:22:20,Abandoned
82,29,471,3,403.72,1211.16,2023-01-22 21:58:13,2023-01-23 09:32:40,Abandoned
767,290,252,2,323.84,647.68,2025-10-03 13:11:15,2025-10-03 13:11:15,Abandoned
874,325,417,4,33.26,133.04,2025-08-10 22:42:27,2025-08-12 16:22:48,Active
1147,430,5,1,893.87,893.87,2018-07-22 17:45:00,2018-07-22 18:04:40,Active
1290,482,305,1,378.28,378.28,2023-10-19 00:49:37,2023-10-19 01:44:58,Converted
1332,494,192,1,46.76,46.76,2025-12-15 14:27:22,2025-12-16 09:35:22,Abandoned
1484,555,489,2,150.92,301.84,2021-10-24 09:29:24,2021-10-24 09:30:05,Abandoned
35,13,203,1,94.19,94.19,2024-09-15 21:09:32,2024-09-15 22:01:07,Abandoned
77,28,5,5,893.87,4469.35,2024-10-23 00:27:40,2024-10-23 02:11:40,Abandoned
311,120,99,1,932.42,932.42,2020-12-29 21:36:07,2020-12-30 01:51:49,Abandoned
326,126,341,1,40.65,40.65,2023-01-14 16:51:05,2023-01-14 21:11:26,Abandoned
1199,450,129,2,1432.08,2864.16,2023-07-15 13:04:35,2023-07-21 05:44:36,Deleted
1339,497,56,5,409.39,2046.95,2020-12-02 10:59:28,2020-12-02 12:27:43,Abandoned
1464,547,104,1,32.71,32.71,2025-06-07 07:11:42,2025-06-07 11:32:00,Converted
1492,559,488,2,121.53,243.06,2024-11-15 10:23:33,2024-11-15 10:34:23,Converted
13,6,96,1,623.82,623.82,2025-01-22 14:49:14,2025-01-23 01:10:32,Active
160,58,413,1,60.37,60.37,2022-01-04 23:52:32,2022-01-05 02:42:34,Abandoned
251,94,233,1,45.4,45.4,2024-09-28 09:25:59,2024-09-28 10:31:47,Abandoned
794,301,277,2,39.31,78.62,2024-10-19 08:15:23,2024-10-19 09:08:39,Active
1316,489,86,3,117.94,353.82,2024-08-31 15:45:41,2024-08-31 18:47:22,Abandoned
1389,519,45,1,217.29,217.29,2021-09-28 00:10:24,2021-09-28 08:26:36,Converted
30,12,490,2,1264.96,2529.92,2025-12-19 20:04:18,2025-12-19 23:48:26,Deleted
290,111,313,4,1217.0,4868.0,2025-09-23 10:13:28,2025-09-23 15:46:51,Active
396,153,254,1,395.44,395.44,2021-12-15 13:30:57,2021-12-15 13:30:57,Abandoned
398,154,349,1,635.35,635.35,2024-09-11 21:48:31,2024-09-11 21:53:40,Active
416,160,79,4,41.54,166.16,2019-08-14 06:26:16,2019-08-23 02:43:10,Deleted
1038,388,39,1,59.03,59.03,2021-12-03 14:46:38,2021-12-03 15:05:50,Converted
119,38,492,5,136.92,684.6,2025-05-08 04:03:06,2025-05-08 04:53:30,Active
323,123,401,1,58.06,58.06,2020-06-02 09:41:52,2020-06-02 12:20:14,Active
378,145,129,5,1432.08,7160.4,2019-08-05 18:09:19,2019-08-05 19:09:56,Abandoned
625,239,422,1,771.74,771.74,2025-09-25 11:33:15,2025-09-25 11:48:17,Abandoned
645,246,210,1,177.18,177.18,2025-07-19 01:23:50,2025-07-19 17:16:39,Converted
666,254,294,3,762.16,2286.48,2020-03-19 05:25:17,2020-03-19 10:08:36,Deleted
927,346,262,6,423.36,2540.16,2021-09-18 13:04:27,2021-09-25 08:31:50,Deleted
959,361,271,2,119.77,239.54,2024-12-11 14:44:09,2024-12-11 17:48:29,Abandoned
1465,548,16,1,692.72,692.72,2024-12-16 04:20:09,2024-12-16 06:06:16,Active
143,52,392,2,598.09,1196.18,2025-04-25 14:01:47,2025-04-25 17:08:34,Converted
619,236,419,2,45.56,91.12,2024-11-05 02:13:27,2024-11-05 03:03:23,Active
667,254,313,1,1217.0,1217.0,2020-03-18 07:06:17,2020-03-20 11:49:16,Active
732,278,94,2,411.63,823.26,2024-12-02 05:03:45,2024-12-02 10:30:38,Active
817,308,434,3,521.01,1563.03,2022-10-21 17:41:16,2022-10-25 14:12:26,Active
1001,376,244,1,738.47,738.47,2024-12-16 22:35:28,2024-12-17 01:30:13,Active
1247,469,500,1,48.8,48.8,2023-06-19 19:07:48,2023-06-19 22:40:17,Active
1370,510,313,2,1217.0,2434.0,2023-01-21 21:02:07,2023-01-31 08:17:03,Deleted
784,297,41,6,199.76,1198.56,2025-11-25 08:58:40,2025-11-25 15:31:32,Active
791,299,103,3,408.53,1225.59,2024-08-31 14:47:11,2024-08-31 14:58:36,Abandoned
8,4,456,9,184.36,1659.24,2022-11-04 04:00:32,2022-11-05 23:35:20,Active
431,167,217,3,1017.69,3053.07,2025-12-05 07:42:37,2025-12-05 14:44:10,Active
931,349,189,1,342.29,342.29,2025-10-06 22:45:35,2025-10-07 10:17:38,Converted
988,370,411,5,84.88,424.4,2018-09-27 10:11:04,2018-09-28 15:27:01,Converted
1452,544,495,2,76.86,153.72,2024-06-21 08:21:15,2024-06-21 11:31:08,Converted
94,32,268,1,254.98,254.98,2024-12-08 17:48:25,2024-12-09 08:51:10,Converted
153,55,129,2,1432.08,2864.16,2017-09-26 08:52:56,2017-09-26 10:18:37,Converted
287,111,400,3,94.03,282.09,2025-09-23 09:36:32,2025-09-24 14:16:53,Active
516,197,29,1,129.61,129.61,2023-10-26 13:17:37,2023-10-27 18:22:27,Converted
627,240,140,2,1099.8,2199.6,2025-12-02 03:22:19,2025-12-03 09:38:53,Active
843,317,216,1,142.37,142.37,2022-01-07 22:34:48,2022-01-08 01:03:22,Active
1110,417,321,3,74.05,222.15,2025-09-15 23:40:55,2025-09-16 00:09:32,Converted
1114,419,91,2,59.47,118.94,2024-04-21 05:34:42,2024-04-22 08:05:50,Active
1476,551,104,1,32.71,32.71,2025-10-10 12:27:19,2025-10-10 13:13:41,Converted
41,15,495,1,76.86,76.86,2025-03-12 06:44:03,2025-03-12 09:16:59,Active
342,132,19,1,219.56,219.56,2025-05-18 13:33:14,2025-05-18 15:10:23,Abandoned
1158,435,74,1,746.97,746.97,2022-02-14 19:54:11,2022-02-15 12:38:02,Converted
1225,460,86,1,117.94,117.94,2022-08-17 12:36:00,2022-08-17 14:24:00,Active
1243,467,122,2,101.65,203.3,2024-05-02 14:04:47,2024-05-02 17:31:51,Converted
1455,544,15,1,185.9,185.9,2024-06-21 20:47:12,2024-06-22 03:29:35,Converted
1471,550,119,1,200.43,200.43,2021-10-04 16:39:39,2021-10-06 16:01:36,Deleted
460,177,200,1,899.94,899.94,2025-09-06 03:29:03,2025-09-06 04:28:03,Abandoned
547,209,296,2,1627.17,3254.34,2022-05-09 03:18:55,2022-05-12 01:53:22,Active
1362,507,81,1,123.92,123.92,2025-11-02 01:16:31,2025-11-02 01:36:20,Abandoned
1375,512,61,1,57.63,57.63,2025-09-29 07:20:22,2025-10-02 05:51:23,Active
354,135,265,2,73.41,146.82,2025-12-05 03:04:47,2025-12-05 05:49:05,Converted
439,169,422,2,771.74,1543.48,2018-03-08 06:15:18,2018-03-11 01:05:09,Active
475,183,88,6,299.08,1794.48,2023-08-14 20:40:54,2023-08-14 21:30:46,Active
906,335,91,5,59.47,297.35,2018-06-11 22:35:37,2018-06-12 01:48:39,Converted
1372,511,229,1,1479.14,1479.14,2021-11-22 05:38:10,2021-11-24 04:03:48,Abandoned
227,84,151,4,3.52,14.08,2022-05-11 02:46:12,2022-05-11 07:26:27,Abandoned
582,221,498,6,534.57,3207.42,2021-05-14 01:09:02,2021-05-14 06:40:34,Active
660,251,30,1,386.41,386.41,2025-09-01 21:41:13,2025-09-07 08:50:53,Deleted
760,288,189,1,342.29,342.29,2023-04-29 22:41:24,2023-04-29 23:39:18,Abandoned
770,291,70,1,114.91,114.91,2024-11-29 06:52:14,2024-11-30 11:39:01,Active
1233,463,84,1,1161.5,1161.5,2025-03-30 13:29:33,2025-03-30 15:30:02,Deleted
1352,502,131,7,15.41,107.87,2023-10-18 08:03:00,2023-10-19 17:52:30,Deleted
1431,536,190,1,130.25,130.25,2025-02-27 17:58:24,2025-02-27 18:13:54,Abandoned
25,10,59,5,234.15,1170.75,2025-07-12 02:23:49,2025-07-14 13:37:44,Active
76,28,104,1,32.71,32.71,2024-10-22 22:56:13,2024-10-23 00:25:10,Abandoned
151,55,130,1,745.47,745.47,2017-09-26 09:20:38,2017-09-26 11:53:37,Converted
330,127,150,2,361.94,723.88,2020-07-18 02:57:00,2020-07-21 16:49:46,Deleted
641,245,58,5,68.4,342.0,2025-08-06 23:09:05,2025-08-07 00:25:39,Converted
1417,530,44,1,326.93,326.93,2023-09-08 14:23:32,2023-09-08 16:09:50,Abandoned
1474,551,423,10,127.71,1277.1,2025-10-09 04:40:34,2025-10-09 14:06:24,Converted
1482,553,338,10,21.79,217.9,2024-11-11 20:10:54,2024-11-13 04:45:51,Converted
10,5,499,4,114.7,458.8,2022-05-19 18:57:45,2022-05-19 21:28:29,Abandoned
110,36,229,1,1479.14,1479.14,2025-12-22 03:06:59,2025-12-22 03:07:55,Converted
198,73,488,1,121.53,121.53,2020-12-19 14:15:37,2020-12-19 15:57:41,Abandoned
338,131,380,2,729.31,1458.62,2022-05-22 21:44:17,2022-05-23 07:23:28,Abandoned
357,136,40,2,28.74,57.48,2015-11-16 08:00:11,2015-11-16 21:57:42,Active
650,247,407,1,261.02,261.02,2024-10-06 10:06:11,2024-10-06 13:50:25,Converted
60,21,397,2,214.11,428.22,2025-12-21 04:06:44,2025-12-21 05:21:42,Abandoned
64,22,77,4,27.86,111.44,2021-10-19 18:44:50,2021-10-19 21:38:50,Abandoned
217,81,41,10,199.76,1997.6,2022-04-21 13:51:29,2022-04-22 15:08:55,Converted
236,88,284,2,304.44,608.88,2019-04-18 03:38:50,2019-04-18 04:33:44,Converted
661,252,36,2,1213.75,2427.5,2025-01-11 06:34:24,2025-01-11 06:45:19,Abandoned
1106,416,254,1,395.44,395.44,2022-01-06 16:11:39,2022-01-06 18:24:28,Active
1211,454,350,5,359.85,1799.25,2025-02-04 10:51:25,2025-02-04 13:17:01,Abandoned
1245,468,452,2,192.56,385.12,2024-10-02 23:50:33,2024-10-03 05:54:46,Converted
22,9,452,1,192.56,192.56,2025-11-12 22:23:17,2025-11-27 09:58:32,Deleted
312,121,159,1,25.78,25.78,2024-09-13 04:29:35,2024-09-13 04:29:35,Active
487,187,429,1,18.9,18.9,2025-05-27 18:07:05,2025-05-27 19:27:56,Converted
562,214,28,2,298.62,597.24,2015-05-22 05:06:08,2015-05-22 13:05:20,Active
584,222,443,1,1258.34,1258.34,2024-07-04 13:36:26,2024-07-04 14:08:06,Abandoned
593,226,8,1,870.7,870.7,2022-09-16 06:36:50,2022-09-22 00:55:00,Deleted
756,287,27,2,266.52,533.04,2021-06-23 09:45:37,2021-06-23 10:29:03,Abandoned
872,324,2,1,934.87,934.87,2023-07-10 19:37:57,2023-07-13 03:05:11,Active
888,330,298,5,1007.9,5039.5,2021-06-05 19:07:40,2021-06-07 05:59:47,Active
203,74,18,1,397.05,397.05,2025-02-09 03:11:40,2025-02-13 02:53:59,Abandoned
975,365,68,8,108.94,871.52,2024-02-22 17:34:52,2024-02-23 12:20:08,Abandoned
85,30,5,1,893.87,893.87,2024-05-08 13:30:30,2024-05-08 13:56:21,Active
379,145,317,1,175.41,175.41,2019-08-05 19:24:53,2019-08-05 19:27:39,Abandoned
517,198,343,1,105.52,105.52,2025-05-21 20:20:19,2025-05-21 21:58:47,Abandoned
718,273,374,4,25.3,101.2,2023-05-28 17:55:03,2023-05-28 18:09:42,Active
778,294,12,4,168.0,672.0,2022-10-05 03:07:53,2022-10-05 04:12:45,Abandoned
993,372,424,5,26.23,131.15,2024-08-05 02:09:56,2024-08-05 13:48:22,Active
1422,532,41,3,199.76,599.28,2025-10-24 08:16:56,2025-10-24 23:29:47,Active
1479,552,367,1,383.26,383.26,2021-02-22 21:41:02,2021-02-22 22:08:17,Abandoned
58,20,461,1,711.37,711.37,2022-02-18 03:54:15,2022-02-18 06:15:19,Abandoned
158,57,52,1,105.12,105.12,2023-11-12 19:58:14,2023-11-13 06:18:02,Converted
234,87,392,1,598.09,598.09,2024-10-29 06:52:34,2024-10-29 06:54:41,Converted
279,107,493,2,369.54,739.08,2022-03-08 10:46:42,2022-03-10 07:01:23,Active
308,119,96,4,623.82,2495.28,2022-08-09 18:25:55,2022-08-09 22:17:23,Active
389,150,120,2,98.3,196.6,2023-05-21 06:16:52,2023-05-21 07:15:01,Abandoned
911,338,34,3,946.98,2840.94,2025-01-26 19:22:30,2025-01-26 20:47:29,Converted
940,354,300,1,281.9,281.9,2025-10-09 02:26:07,2025-10-09 03:07:33,Abandoned
1300,486,190,2,130.25,260.5,2025-03-10 18:18:31,2025-03-20 09:49:19,Deleted
1412,528,82,2,931.55,1863.1,2022-01-24 12:01:18,2022-01-24 19:16:50,Active
145,52,303,1,67.5,67.5,2025-04-24 20:03:35,2025-04-25 09:40:56,Converted
188,69,277,1,39.31,39.31,2019-04-17 10:38:42,2019-04-17 11:36:41,Abandoned
328,127,59,10,234.15,2341.5,2020-07-15 16:39:05,2020-07-16 01:02:35,Deleted
482,186,249,1,144.56,144.56,2023-03-04 19:16:36,2023-03-04 19:16:36,Active
502,193,111,4,1148.98,4595.92,2025-05-12 20:50:50,2025-05-13 13:29:18,Active
503,194,251,2,393.53,787.06,2022-08-01 01:31:06,2022-08-01 04:34:58,Converted
544,208,318,2,568.37,1136.74,2025-03-05 20:48:14,2025-03-06 00:10:57,Abandoned
980,366,75,2,254.98,509.96,2018-10-15 23:23:16,2018-10-16 02:08:59,Converted
1107,416,443,1,1258.34,1258.34,2022-01-02 17:41:04,2022-01-05 20:54:05,Active
1123,422,345,4,151.88,607.52,2021-04-06 19:37:40,2021-04-06 19:46:01,Abandoned
1164,437,11,6,496.19,2977.14,2023-01-29 04:19:50,2023-01-29 04:57:28,Abandoned
132,46,95,2,133.22,266.44,2019-09-16 19:52:29,2019-09-19 08:37:38,Abandoned
511,196,389,1,327.83,327.83,2025-01-29 08:19:04,2025-01-30 18:45:51,Converted
568,217,191,6,727.94,4367.64,2024-12-22 04:27:10,2024-12-22 04:28:42,Active
1054,395,322,2,99.97,199.94,2022-04-30 06:17:49,2022-04-30 12:06:21,Deleted
1096,409,368,1,105.99,105.99,2025-04-21 04:51:50,2025-04-21 08:19:25,Active
1109,416,316,1,91.48,91.48,2022-01-07 00:48:29,2022-01-07 05:29:20,Active
1119,421,148,3,317.46,952.38,2024-06-17 19:25:26,2024-06-18 20:12:41,Converted
1358,505,108,1,247.37,247.37,2024-12-13 19:29:43,2024-12-13 20:03:32,Abandoned
1399,524,471,4,403.72,1614.88,2022-09-15 18:59:36,2022-09-15 20:37:21,Abandoned
480,185,392,1,598.09,598.09,2025-01-30 10:43:16,2025-01-30 11:56:55,Converted
491,190,318,2,568.37,1136.74,2024-03-28 01:14:08,2024-03-29 01:09:09,Converted
550,210,4,1,147.53,147.53,2020-09-23 05:55:59,2020-09-23 07:48:00,Converted
759,287,306,1,83.51,83.51,2021-06-23 11:03:33,2021-06-23 11:41:32,Abandoned
1272,477,386,1,279.9,279.9,2020-08-11 10:58:53,2020-08-11 22:43:05,Active
5,4,153,2,432.84,865.68,2022-11-03 06:57:26,2022-11-05 16:52:33,Active
187,69,200,6,899.94,5399.64,2019-04-17 09:58:42,2019-04-17 10:03:06,Abandoned
318,122,475,1,1839.85,1839.85,2023-08-12 14:34:11,2023-08-12 15:23:21,Abandoned
335,129,11,1,496.19,496.19,2025-12-23 16:09:21,2025-12-23 17:55:19,Abandoned
355,136,451,1,127.31,127.31,2015-11-11 21:06:45,2015-11-12 07:09:33,Active
400,154,301,5,27.18,135.9,2024-09-11 21:34:04,2024-09-11 21:42:09,Abandoned
418,161,211,1,85.31,85.31,2025-09-05 16:46:43,2025-09-05 18:40:29,Converted
554,211,360,1,88.96,88.96,2019-04-08 21:35:26,2019-04-08 21:55:03,Abandoned
594,226,298,1,1007.9,1007.9,2022-09-03 23:11:34,2022-09-09 10:33:47,Deleted
598,227,411,1,84.88,84.88,2023-04-16 21:28:55,2023-04-17 04:49:44,Converted
659,250,21,1,389.41,389.41,2023-05-07 05:56:09,2023-05-07 06:32:50,Active
745,282,318,5,568.37,2841.85,2021-06-23 05:26:12,2021-06-25 01:33:56,Converted
908,337,182,1,488.84,488.84,2025-11-21 19:05:30,2025-11-21 19:17:19,Converted
1086,405,33,5,62.37,311.85,2023-11-14 02:35:37,2023-11-14 05:11:27,Converted
1359,505,63,1,345.24,345.24,2024-12-13 19:43:53,2024-12-13 21:32:08,Abandoned
103,35,285,3,126.67,380.01,2021-07-20 04:40:47,2021-07-20 05:39:18,Abandoned
464,178,180,1,26.12,26.12,2025-09-30 21:17:53,2025-09-30 21:17:53,Abandoned
506,195,396,2,81.59,163.18,2018-11-12 22:14:40,2018-11-12 22:18:33,Active
939,354,68,1,108.94,108.94,2025-10-09 02:30:34,2025-10-09 02:42:47,Abandoned
998,374,495,1,76.86,76.86,2019-01-12 18:32:19,2019-01-14 13:05:44,Deleted
1025,383,2,1,934.87,934.87,2022-12-30 10:29:51,2022-12-30 14:53:23,Converted
1252,471,299,1,253.54,253.54,2024-11-12 20:20:37,2024-11-13 09:45:07,Converted
1407,526,158,2,207.38,414.76,2021-04-19 00:30:27,2021-04-19 17:50:19,Active
39,15,499,1,114.7,114.7,2025-03-12 05:16:06,2025-03-12 07:48:15,Abandoned
51,18,331,1,45.91,45.91,2025-12-05 07:41:21,2025-12-05 07:41:21,Abandoned
507,195,185,1,1113.03,1113.03,2018-11-12 18:14:51,2018-11-12 18:57:48,Abandoned
898,332,349,1,635.35,635.35,2023-05-19 13:47:21,2023-05-19 14:16:16,Abandoned
1185,443,183,3,140.01,420.03,2022-06-05 02:49:15,2022-06-05 04:40:22,Active
1253,472,492,6,136.92,821.52,2025-08-22 03:16:41,2025-08-22 06:54:04,Active
1498,561,256,1,473.23,473.23,2025-05-16 06:22:20,2025-05-16 06:22:20,Abandoned
31,12,27,1,266.52,266.52,2025-12-13 22:08:55,2025-12-18 19:28:20,Deleted
163,59,370,1,256.71,256.71,2023-03-10 00:42:04,2023-03-10 09:28:18,Active
608,230,427,1,137.59,137.59,2017-04-19 15:38:40,2017-04-20 01:17:44,Active
1141,428,335,3,996.32,2988.96,2025-10-20 13:56:53,2025-10-21 01:29:58,Active
1157,435,54,1,1494.0,1494.0,2022-02-16 13:05:29,2022-02-16 15:13:51,Converted
1171,438,329,1,755.73,755.73,2017-06-20 06:32:33,2017-06-21 09:35:27,Active
1411,527,348,1,502.14,502.14,2018-04-08 18:18:33,2018-04-09 09:04:45,Converted
1489,558,118,1,285.82,285.82,2015-08-10 14:15:18,2015-08-10 17:43:15,Converted
134,47,83,2,35.12,70.24,2023-07-15 13:15:54,2023-07-16 13:57:17,Active
322,123,103,1,408.53,408.53,2020-06-02 09:38:10,2020-06-02 11:13:50,Abandoned
706,268,424,3,26.23,78.69,2023-06-25 16:29:15,2023-06-27 03:06:37,Converted
748,284,335,1,996.32,996.32,2025-02-08 16:45:12,2025-02-09 10:34:07,Active
912,339,471,1,403.72,403.72,2024-09-24 10:18:45,2024-10-11 03:01:48,Deleted
1472,550,300,1,281.9,281.9,2021-10-05 03:02:13,2021-10-05 04:18:04,Deleted
419,161,6,1,119.78,119.78,2025-09-05 16:55:30,2025-09-05 17:14:25,Converted
577,220,470,3,695.16,2085.48,2025-06-15 02:14:07,2025-06-16 03:16:56,Active
703,267,44,1,326.93,326.93,2025-06-07 14:56:03,2025-06-07 14:56:52,Abandoned
839,315,69,3,45.4,136.2,2025-12-01 08:26:04,2025-12-02 14:04:37,Deleted
1137,427,14,9,91.24,821.16,2021-04-10 16:16:30,2021-04-10 16:27:10,Abandoned
307,118,480,2,53.57,107.14,2023-06-21 23:36:11,2023-06-21 23:38:03,Abandoned
591,225,423,7,127.71,893.97,2021-10-28 15:01:26,2021-10-28 15:25:35,Abandoned
772,292,8,1,870.7,870.7,2023-03-09 06:41:54,2023-03-10 14:46:36,Deleted
785,297,141,7,632.42,4426.94,2025-11-25 06:33:49,2025-11-25 15:48:40,Abandoned
873,324,471,1,403.72,403.72,2023-07-10 03:11:56,2023-07-13 09:01:46,Active
938,353,301,1,27.18,27.18,2025-04-12 23:27:25,2025-04-12 23:27:39,Abandoned
1144,429,421,2,1704.26,3408.52,2025-12-10 05:03:51,2025-12-10 06:06:14,Converted
1405,525,436,7,80.51,563.57,2024-06-28 03:31:58,2024-06-28 04:04:32,Converted
1456,544,302,3,142.59,427.77,2024-06-22 07:58:57,2024-06-22 09:13:45,Converted
278,106,450,1,152.76,152.76,2025-03-09 08:27:45,2025-03-09 08:45:30,Abandoned
426,164,320,1,109.75,109.75,2024-03-04 02:15:39,2024-03-06 15:53:56,Active
515,197,198,2,275.96,551.92,2023-10-29 05:23:29,2023-10-29 06:50:09,Converted
569,218,83,1,35.12,35.12,2025-01-11 05:58:35,2025-01-11 06:32:07,Abandoned
610,231,381,1,453.14,453.14,2022-03-06 18:49:09,2022-03-06 23:09:27,Abandoned
1047,391,139,2,133.83,267.66,2023-06-26 19:42:20,2023-06-27 08:47:51,Active
1108,416,273,4,57.76,231.04,2022-01-02 17:30:15,2022-01-05 02:12:13,Active
1128,423,85,1,191.07,191.07,2024-09-18 19:01:54,2024-09-19 07:00:59,Deleted
1163,437,370,2,256.71,513.42,2023-01-28 20:03:57,2023-01-29 03:56:14,Active
1294,483,343,1,105.52,105.52,2025-04-22 02:57:25,2025-04-22 03:05:06,Abandoned
80,29,11,1,496.19,496.19,2023-01-23 03:36:24,2023-01-23 13:36:23,Active
83,29,95,1,133.22,133.22,2023-01-23 01:24:08,2023-01-23 09:04:40,Active
186,68,61,1,57.63,57.63,2024-03-26 11:35:56,2024-03-26 11:53:42,Active
268,101,497,3,268.54,805.62,2024-07-22 16:20:28,2024-07-22 17:08:54,Abandoned
422,163,241,2,280.56,561.12,2025-12-09 15:15:17,2025-12-09 17:41:29,Abandoned
539,206,236,5,1142.25,5711.25,2025-04-08 06:33:00,2025-04-08 06:37:49,Abandoned
548,209,52,1,105.12,105.12,2022-05-10 17:13:23,2022-05-11 08:53:33,Active
786,298,197,1,36.29,36.29,2025-10-12 18:54:17,2025-10-13 02:42:18,Active
1010,378,105,2,24.47,48.94,2025-12-20 18:48:48,2025-12-20 19:21:04,Abandoned
1066,399,64,5,25.71,128.55,2025-12-06 06:58:57,2025-12-06 11:35:08,Converted
1091,408,416,2,287.28,574.56,2024-05-02 14:07:23,2024-05-02 16:16:40,Converted
1196,449,424,7,26.23,183.61,2021-07-15 21:43:22,2021-07-15 23:47:19,Abandoned
1420,531,138,4,1680.47,6721.88,2025-10-18 22:39:46,2025-10-19 08:10:33,Active
1447,542,258,2,477.87,955.74,2022-03-27 12:24:58,2022-03-27 12:35:13,Abandoned
81,29,448,1,125.72,125.72,2023-01-23 03:07:18,2023-01-23 21:28:11,Active
621,237,158,2,207.38,414.76,2020-12-04 13:38:58,2020-12-05 11:17:12,Abandoned
722,274,64,3,25.71,77.13,2025-03-30 01:52:23,2025-03-30 02:32:01,Converted
812,306,318,2,568.37,1136.74,2025-04-29 14:23:27,2025-04-30 08:20:32,Converted
1279,479,402,2,224.2,448.4,2025-03-05 14:38:10,2025-03-05 15:24:30,Active
1374,512,92,1,476.17,476.17,2025-10-01 16:19:59,2025-10-02 06:43:28,Deleted
1381,516,90,1,64.18,64.18,2024-09-06 12:26:32,2024-09-06 13:16:58,Converted
1413,528,197,3,36.29,108.87,2022-01-22 06:08:43,2022-01-25 15:10:14,Active
3,3,450,5,152.76,763.8,2025-09-21 18:42:36,2025-09-21 20:13:31,Abandoned
40,15,105,8,24.47,195.76,2025-03-12 09:42:06,2025-03-12 13:35:14,Active
84,29,269,1,224.43,224.43,2023-01-23 21:19:31,2023-01-23 22:55:27,Active
148,53,215,2,12.25,24.5,2018-12-06 16:07:19,2018-12-06 20:33:10,Abandoned
165,60,394,2,238.97,477.94,2025-01-26 13:50:03,2025-01-26 14:07:48,Active
212,79,169,3,571.68,1715.04,2024-11-02 23:16:00,2024-11-05 08:45:02,Active
470,181,418,1,67.05,67.05,2022-01-12 06:05:43,2022-01-14 20:24:24,Active
757,287,469,7,129.99,909.93,2021-06-23 11:27:41,2021-06-23 11:41:31,Abandoned
1073,401,296,2,1627.17,3254.34,2025-06-12 22:55:41,2025-06-13 00:22:47,Deleted
111,36,261,3,246.89,740.67,2025-12-22 01:12:18,2025-12-22 02:42:23,Converted
170,62,165,1,133.28,133.28,2025-02-05 12:23:03,2025-02-05 13:06:47,Converted
276,105,418,3,67.05,201.15,2022-02-18 06:48:34,2022-02-18 07:17:10,Converted
385,148,23,2,152.89,305.78,2024-02-02 12:44:44,2024-02-03 15:32:40,Deleted
414,160,453,3,488.68,1466.04,2019-08-22 06:31:28,2019-08-25 19:05:28,Deleted
453,175,243,1,555.05,555.05,2025-09-13 00:27:50,2025-09-13 01:13:27,Active
1005,377,449,2,274.42,548.84,2017-08-17 11:07:11,2017-08-18 06:53:21,Converted
1094,408,495,6,76.86,461.16,2024-05-02 02:52:39,2024-05-02 15:39:46,Converted
1297,484,389,1,327.83,327.83,2023-03-28 17:06:04,2023-03-28 21:05:37,Converted
1391,520,229,1,1479.14,1479.14,2019-11-09 03:05:23,2019-11-14 09:41:56,Deleted
1394,522,424,1,26.23,26.23,2020-03-16 09:33:04,2020-03-16 10:56:51,Abandoned
1491,559,236,3,1142.25,3426.75,2024-11-14 22:10:44,2024-11-15 08:40:59,Converted
245,92,248,2,165.29,330.58,2024-12-08 06:14:28,2024-12-08 07:26:38,Converted
248,93,39,2,59.03,118.06,2021-03-24 07:20:34,2021-03-27 15:27:03,Deleted
296,113,406,3,1678.7,5036.1,2023-05-04 17:37:48,2023-05-04 23:12:52,Abandoned
469,181,441,1,54.28,54.28,2022-01-10 06:06:28,2022-01-14 00:23:45,Abandoned
662,252,23,1,152.89,152.89,2025-01-11 05:18:52,2025-01-11 06:16:33,Abandoned
194,72,48,1,746.22,746.22,2024-03-27 19:12:23,2024-03-28 00:45:43,Converted
199,73,424,4,26.23,104.92,2020-12-19 15:54:02,2020-12-19 19:17:50,Abandoned
528,203,159,5,25.78,128.9,2021-08-30 13:57:15,2021-08-30 22:11:24,Active
981,367,29,4,129.61,518.44,2025-02-25 02:05:50,2025-02-25 10:30:11,Converted
1184,443,256,1,473.23,473.23,2022-06-05 08:14:16,2022-06-05 09:28:34,Active
1292,482,240,1,258.9,258.9,2023-10-18 09:09:50,2023-10-19 00:52:37,Converted
1329,494,89,3,513.91,1541.73,2025-12-16 00:38:44,2025-12-16 11:07:08,Active
1440,540,305,2,378.28,756.56,2024-11-08 10:31:44,2024-11-09 17:37:59,Deleted
1481,553,97,4,122.94,491.76,2024-11-11 17:08:27,2024-11-12 11:41:22,Converted
1495,560,47,2,85.17,170.34,2022-05-22 01:18:56,2022-05-22 01:25:57,Active
63,21,9,1,564.82,564.82,2025-12-21 01:20:49,2025-12-21 04:16:40,Abandoned
353,135,45,2,217.29,434.58,2025-12-05 05:29:38,2025-12-05 06:00:43,Converted
367,141,238,2,1813.44,3626.88,2023-05-10 18:50:12,2023-05-10 20:27:00,Abandoned
622,237,61,1,57.63,57.63,2020-12-02 16:00:53,2020-12-03 04:17:22,Active
741,281,440,8,216.11,1728.88,2025-08-07 00:34:24,2025-08-07 02:46:53,Converted
796,301,402,4,224.2,896.8,2024-10-19 09:10:09,2024-10-19 09:29:08,Active
850,318,35,1,480.99,480.99,2025-12-16 12:03:05,2025-12-19 02:38:45,Deleted
878,326,391,2,44.4,88.8,2025-08-31 20:15:41,2025-09-01 19:29:36,Active
953,359,416,2,287.28,574.56,2024-07-16 21:32:47,2024-07-16 22:47:50,Abandoned
19,8,223,1,282.68,282.68,2025-12-06 16:49:44,2025-12-08 11:12:32,Deleted
211,78,486,4,415.81,1663.24,2024-08-26 20:25:23,2024-08-27 13:54:06,Active
340,132,313,7,1217.0,8519.0,2025-05-18 15:17:12,2025-05-18 17:30:45,Abandoned
719,273,452,1,192.56,192.56,2023-05-28 19:36:54,2023-05-28 21:35:53,Active
34,13,25,2,1421.95,2843.9,2024-09-16 06:26:41,2024-09-16 06:30:35,Abandoned
117,38,484,2,62.52,125.04,2025-05-08 03:47:02,2025-05-08 04:10:59,Abandoned
267,100,217,3,1017.69,3053.07,2024-12-18 04:51:50,2024-12-19 07:32:25,Converted
428,166,404,5,92.6,463.0,2022-11-08 23:00:25,2022-11-09 00:01:32,Abandoned
755,286,35,3,480.99,1442.97,2025-07-11 03:09:06,2025-07-11 10:24:43,Active
828,311,338,4,21.79,87.16,2020-10-13 13:26:59,2020-10-13 20:12:22,Converted
829,312,253,1,131.16,131.16,2025-12-06 08:45:46,2025-12-08 22:30:45,Deleted
965,362,109,3,134.59,403.77,2020-07-16 07:27:02,2020-07-16 11:48:59,Abandoned
1134,426,25,1,1421.95,1421.95,2021-04-12 05:35:56,2021-04-23 01:12:39,Deleted
1423,533,254,3,395.44,1186.32,2018-08-05 11:06:53,2018-08-05 12:19:50,Abandoned
1430,535,354,1,156.7,156.7,2025-06-10 15:36:15,2025-06-10 15:37:38,Abandoned
72,26,25,2,1421.95,2843.9,2018-10-02 07:38:54,2018-10-02 07:53:43,Converted
232,87,96,2,623.82,1247.64,2024-10-28 20:54:55,2024-10-28 21:17:29,Converted
538,205,261,3,246.89,740.67,2022-12-03 18:25:13,2022-12-03 22:49:54,Converted
831,312,222,1,668.94,668.94,2025-11-30 10:50:08,2025-12-05 04:37:26,Deleted
1293,483,392,1,598.09,598.09,2025-04-22 03:07:52,2025-04-22 03:09:04,Abandoned
979,366,257,1,298.33,298.33,2018-10-16 02:20:41,2018-10-16 03:09:53,Converted
79,28,460,1,265.23,265.23,2024-10-23 00:05:32,2024-10-23 01:24:45,Abandoned
166,60,379,1,47.01,47.01,2025-01-26 13:45:01,2025-01-26 14:00:40,Abandoned
352,135,76,3,803.23,2409.69,2025-12-03 23:15:30,2025-12-04 10:01:33,Converted
724,275,144,2,1082.93,2165.86,2024-12-28 06:46:53,2024-12-28 07:13:19,Active
816,308,262,1,423.36,423.36,2022-10-25 09:10:22,2022-10-25 18:19:34,Active
847,317,493,1,369.54,369.54,2022-01-07 01:43:58,2022-01-07 22:42:12,Active
1151,432,56,2,409.39,818.78,2019-12-23 23:36:32,2019-12-24 20:17:24,Converted
1315,489,41,1,199.76,199.76,2024-08-31 12:55:19,2024-08-31 13:51:43,Abandoned
465,179,312,1,101.5,101.5,2024-06-08 16:55:23,2024-06-08 16:55:23,Abandoned
815,308,321,2,74.05,148.1,2022-10-24 18:38:56,2022-10-25 12:51:45,Active
950,358,342,1,64.55,64.55,2025-10-29 17:45:24,2025-10-30 11:00:57,Converted
976,365,90,1,64.18,64.18,2024-02-23 19:00:04,2024-02-23 22:06:49,Active
992,371,276,1,179.81,179.81,2022-10-17 22:53:24,2022-10-22 22:34:27,Deleted
1301,486,180,4,26.12,104.48,2025-03-06 02:15:34,2025-03-12 13:23:51,Deleted
1328,493,116,1,465.99,465.99,2017-04-22 00:28:22,2017-04-22 02:23:44,Active
1367,508,168,2,352.24,704.48,2019-01-20 01:26:07,2019-01-22 05:50:17,Active
1480,552,126,7,712.64,4988.48,2021-02-22 17:05:58,2021-02-22 17:47:13,Abandoned
289,111,288,3,31.48,94.44,2025-09-25 10:28:07,2025-09-25 13:37:58,Active
657,249,38,1,153.42,153.42,2025-12-22 03:45:48,2025-12-22 06:45:27,Abandoned
658,250,301,2,27.18,54.36,2023-05-07 06:40:01,2023-05-07 07:00:07,Abandoned
678,258,405,2,1372.84,2745.68,2022-09-08 23:58:59,2022-09-09 01:36:58,Abandoned
1181,442,500,2,48.8,97.6,2024-11-09 02:06:19,2024-11-22 17:37:13,Deleted
1284,480,434,1,521.01,521.01,2021-01-26 13:59:14,2021-01-26 14:21:40,Active
126,42,447,1,154.54,154.54,2025-01-05 10:45:40,2025-01-05 11:25:26,Active
164,59,65,4,61.02,244.08,2023-03-08 18:31:31,2023-03-13 00:00:16,Active
412,158,446,1,386.34,386.34,2022-05-23 04:47:36,2022-05-23 06:01:58,Active
494,191,244,2,738.47,1476.94,2025-11-05 00:38:01,2025-11-05 01:36:06,Converted
844,317,265,2,73.41,146.82,2022-01-03 18:24:10,2022-01-07 14:06:23,Active
925,346,239,4,491.36,1965.44,2021-09-04 11:49:14,2021-09-19 18:13:09,Deleted
1063,398,422,1,771.74,771.74,2025-11-17 10:56:58,2025-11-18 14:55:48,Converted
1156,435,440,3,216.11,648.33,2022-02-14 20:07:13,2022-02-17 07:31:10,Converted
1436,538,473,2,309.25,618.5,2025-10-14 14:52:12,2025-10-14 17:01:17,Converted
432,167,424,2,26.23,52.46,2025-12-05 14:35:18,2025-12-05 16:31:03,Abandoned
434,168,256,2,473.23,946.46,2019-10-03 04:09:32,2019-10-03 04:57:43,Abandoned
531,204,471,2,403.72,807.44,2018-03-07 07:41:39,2018-03-07 08:06:47,Active
583,222,332,1,33.87,33.87,2024-07-04 07:37:59,2024-07-04 12:47:53,Abandoned
1020,381,233,2,45.4,90.8,2024-07-16 12:41:17,2024-07-18 01:57:53,Converted
1132,424,300,1,281.9,281.9,2023-04-25 18:15:35,2023-04-25 22:30:56,Active
1229,462,369,3,150.89,452.67,2024-12-26 19:49:37,2024-12-26 23:55:38,Active
1248,469,317,2,175.41,350.82,2023-06-19 22:57:00,2023-06-19 22:59:49,Abandoned
50,18,71,2,110.38,220.76,2025-12-05 07:41:21,2025-12-05 07:41:21,Abandoned
560,213,443,1,1258.34,1258.34,2022-07-05 14:45:41,2022-07-06 08:11:28,Converted
646,246,225,1,11.07,11.07,2025-07-18 19:44:16,2025-07-20 05:03:43,Converted
936,352,450,1,152.76,152.76,2024-03-09 08:23:32,2024-03-09 08:49:55,Abandoned
983,368,487,2,424.39,848.78,2023-02-27 08:38:45,2023-02-27 08:53:26,Abandoned
1418,530,151,1,3.52,3.52,2023-09-08 17:44:43,2023-09-08 17:58:20,Abandoned
1419,531,452,6,192.56,1155.36,2025-10-15 16:35:45,2025-10-19 19:34:24,Active
49,17,259,4,146.12,584.48,2023-11-12 16:37:34,2023-11-12 22:10:43,Abandoned
447,173,321,2,74.05,148.1,2024-12-26 13:04:54,2024-12-26 17:33:01,Converted
676,258,96,1,623.82,623.82,2022-09-08 18:00:12,2022-09-08 18:25:32,Abandoned
702,267,224,2,376.73,753.46,2025-06-07 14:57:31,2025-06-07 15:10:45,Abandoned
818,308,458,1,108.2,108.2,2022-10-21 23:33:09,2022-10-23 20:04:36,Active
991,371,213,1,49.47,49.47,2022-10-12 14:27:08,2022-10-20 04:03:55,Deleted
1131,424,193,1,58.16,58.16,2023-04-26 01:58:36,2023-04-26 03:43:24,Abandoned
1432,536,176,1,318.15,318.15,2025-02-27 16:40:37,2025-02-27 18:46:44,Abandoned
1500,562,334,1,256.03,256.03,2024-08-12 09:48:46,2024-08-15 17:29:47,Active
96,33,155,1,2193.18,2193.18,2022-12-26 23:02:54,2022-12-26 23:34:28,Active
178,66,463,1,43.99,43.99,2024-10-23 18:56:11,2024-10-24 00:02:11,Abandoned
299,115,333,1,441.65,441.65,2025-09-15 01:29:03,2025-09-16 10:16:33,Active
664,254,489,2,150.92,301.84,2020-03-17 19:29:56,2020-03-20 10:37:45,Active
1072,401,342,3,64.55,193.65,2025-06-13 21:09:17,2025-06-14 05:28:29,Deleted
1154,434,346,5,166.63,833.15,2022-05-18 05:30:02,2022-05-18 10:13:28,Converted
1393,522,78,6,88.98,533.88,2020-03-16 10:23:10,2020-03-16 10:56:26,Abandoned
285,110,328,5,64.82,324.1,2021-10-07 18:12:26,2021-10-09 11:39:46,Active
377,145,115,1,12.56,12.56,2019-08-05 16:36:41,2019-08-05 19:25:16,Abandoned
436,168,268,1,254.98,254.98,2019-10-03 05:33:08,2019-10-03 06:12:41,Abandoned
567,217,95,7,133.22,932.54,2024-12-22 03:54:41,2024-12-22 04:12:33,Abandoned
609,230,492,3,136.92,410.76,2017-04-18 09:11:34,2017-04-20 17:29:23,Active
958,360,415,2,158.1,316.2,2024-11-04 05:34:57,2024-11-04 08:03:00,Abandoned
1138,428,263,2,971.86,1943.72,2025-10-19 18:36:59,2025-10-20 08:34:02,Active
1170,438,367,1,383.26,383.26,2017-06-19 20:58:49,2017-06-20 02:54:42,Active
1194,448,293,2,116.69,233.38,2025-07-19 08:58:10,2025-07-20 04:40:17,Converted
48,17,215,2,12.25,24.5,2023-11-12 20:19:23,2023-11-12 21:26:26,Abandoned
190,69,282,1,13.98,13.98,2019-04-17 08:33:50,2019-04-17 09:55:34,Abandoned
348,134,397,3,214.11,642.33,2024-05-09 13:45:07,2024-05-09 13:45:07,Abandoned
623,238,387,1,65.89,65.89,2024-05-12 12:45:27,2024-05-12 20:32:23,Active
319,122,230,1,339.85,339.85,2023-08-12 10:44:01,2023-08-12 12:50:11,Abandoned
372,142,353,2,172.46,344.92,2023-04-30 20:18:23,2023-05-01 02:42:52,Abandoned
474,182,310,6,673.43,4040.58,2024-04-20 23:18:17,2024-04-22 16:56:35,Deleted
481,186,366,2,84.07,168.14,2023-03-04 19:16:36,2023-03-04 19:16:36,Active
890,331,338,2,21.79,43.58,2025-10-29 02:08:38,2025-10-29 07:12:59,Active
928,347,28,7,298.62,2090.34,2022-01-29 16:51:18,2022-01-29 17:09:15,Active
1023,382,256,1,473.23,473.23,2025-01-05 01:55:42,2025-01-06 13:38:16,Deleted
1467,549,76,1,803.23,803.23,2024-12-04 09:55:48,2024-12-05 13:07:35,Converted
16,7,391,1,44.4,44.4,2023-09-11 13:11:30,2023-09-13 15:58:36,Abandoned
42,15,6,2,119.78,239.56,2025-03-11 20:02:52,2025-03-12 03:43:50,Active
138,48,31,4,51.19,204.76,2023-07-15 06:10:36,2023-07-15 06:28:27,Abandoned
221,83,384,2,39.95,79.9,2021-01-23 03:32:17,2021-01-23 11:50:59,Converted
879,327,258,1,477.87,477.87,2024-08-26 20:03:26,2024-08-26 20:08:09,Abandoned
945,356,366,2,84.07,168.14,2024-03-09 07:07:51,2024-03-09 09:08:33,Abandoned
1039,389,272,2,133.08,266.16,2020-12-31 17:30:39,2020-12-31 19:21:39,Active
1338,497,108,1,247.37,247.37,2020-12-02 12:14:27,2020-12-02 12:20:21,Abandoned
1429,535,170,3,219.84,659.52,2025-06-10 14:43:36,2025-06-10 15:01:58,Abandoned
1441,541,393,5,254.29,1271.45,2024-03-17 19:04:40,2024-03-19 18:31:42,Deleted
159,58,399,2,537.25,1074.5,2022-01-04 21:57:06,2022-01-04 23:59:31,Abandoned
587,224,191,2,727.94,1455.88,2022-07-13 11:42:25,2022-07-13 20:29:46,Converted
814,307,131,2,15.41,30.82,2023-10-21 06:59:47,2023-10-22 05:12:22,Converted
915,341,414,1,340.19,340.19,2025-04-17 10:56:03,2025-04-19 01:56:37,Converted
1060,397,28,1,298.62,298.62,2022-02-18 22:09:31,2022-02-18 23:38:52,Converted
1227,461,325,3,140.49,421.47,2021-02-04 07:41:40,2021-02-04 11:58:47,Deleted
1262,474,213,1,49.47,49.47,2022-01-23 15:16:29,2022-01-24 00:10:29,Converted
413,159,390,2,98.86,197.72,2023-02-12 17:05:13,2023-02-12 17:05:13,Abandoned
740,281,299,4,253.54,1014.16,2025-08-07 00:29:02,2025-08-07 01:21:39,Converted
797,301,41,2,199.76,399.52,2024-10-19 01:25:28,2024-10-19 04:42:10,Active
1027,385,452,5,192.56,962.8,2024-05-10 19:20:41,2024-05-10 23:10:51,Abandoned
1317,490,447,2,154.54,309.08,2024-09-13 13:06:40,2024-09-13 13:15:29,Abandoned
1410,527,295,2,238.26,476.52,2018-04-07 22:58:55,2018-04-08 11:24:06,Converted
241,90,143,1,618.02,618.02,2025-07-28 16:33:39,2025-07-28 17:49:33,Active
600,228,321,2,74.05,148.1,2024-10-04 23:18:14,2024-10-05 04:38:48,Converted
632,242,272,2,133.08,266.16,2023-11-06 17:15:14,2023-11-06 19:17:45,Abandoned
679,259,35,1,480.99,480.99,2020-06-19 18:38:43,2020-06-20 14:20:46,Active
780,295,58,1,68.4,68.4,2024-11-24 00:51:19,2024-11-24 01:00:01,Active
870,323,141,2,632.42,1264.84,2021-01-14 18:18:39,2021-01-14 19:42:48,Converted
982,367,59,1,234.15,234.15,2025-02-25 10:55:33,2025-02-26 07:49:46,Converted
1223,458,288,1,31.48,31.48,2024-07-14 23:10:52,2024-07-15 00:10:10,Active
157,57,249,1,144.56,144.56,2023-11-14 18:15:55,2023-11-14 19:23:57,Converted
207,76,458,8,108.2,865.6,2022-10-24 01:32:26,2022-10-24 04:58:28,Abandoned
224,83,24,10,19.59,195.9,2021-01-23 03:10:50,2021-01-23 05:28:46,Converted
404,155,449,4,274.42,1097.68,2023-01-20 01:46:08,2023-01-21 20:42:24,Active
1409,526,466,1,937.33,937.33,2021-04-19 06:27:35,2021-04-19 14:48:21,Active
154,55,338,7,21.79,152.53,2017-09-26 10:28:02,2017-09-26 12:00:45,Converted
222,83,178,2,864.62,1729.24,2021-01-22 12:31:43,2021-01-23 05:30:28,Converted
440,170,220,3,269.37,808.11,2021-08-21 02:30:56,2021-08-21 03:09:41,Converted
532,204,91,3,59.47,178.41,2018-03-05 06:30:18,2018-03-05 14:08:15,Active
597,226,184,8,466.38,3731.04,2022-09-11 20:22:34,2022-09-12 01:38:19,Deleted
1190,446,21,1,389.41,389.41,2023-07-15 05:26:50,2023-07-15 05:39:32,Abandoned
1266,475,487,1,424.39,424.39,2018-11-19 09:01:31,2018-11-20 19:43:32,Active
1437,538,21,2,389.41,778.82,2025-10-14 08:12:37,2025-10-14 09:18:57,Converted
120,39,276,6,179.81,1078.86,2025-11-14 12:47:40,2025-11-14 16:20:56,Converted
136,47,437,1,335.9,335.9,2023-07-15 12:01:06,2023-07-16 16:35:52,Active
501,193,318,4,568.37,2273.48,2025-05-11 19:42:02,2025-05-11 20:29:54,Active
1088,407,19,1,219.56,219.56,2025-01-28 14:51:30,2025-01-28 14:51:30,Abandoned
1433,537,53,1,972.57,972.57,2024-12-05 23:58:30,2024-12-06 00:10:20,Abandoned
11,5,397,1,214.11,214.11,2022-05-19 20:58:25,2022-05-20 00:47:55,Abandoned
24,10,251,2,393.53,787.06,2025-07-13 17:37:20,2025-07-14 03:31:54,Active
408,157,36,1,1213.75,1213.75,2023-05-29 12:38:07,2023-05-29 13:24:00,Abandoned
673,256,340,2,1050.39,2100.78,2022-01-23 23:56:22,2022-01-24 01:28:00,Abandoned
1235,464,136,1,302.25,302.25,2023-12-16 05:17:16,2023-12-16 05:33:45,Abandoned
260,97,362,3,182.97,548.91,2023-01-01 00:49:26,2023-01-01 12:33:39,Active
438,169,410,8,143.2,1145.6,2018-03-08 13:38:13,2018-03-10 21:33:51,Active
488,188,168,2,352.24,704.48,2020-09-26 23:56:24,2020-10-19 18:30:59,Deleted
558,212,477,1,75.86,75.86,2022-11-12 03:39:56,2022-11-13 11:46:48,Deleted
561,214,21,4,389.41,1557.64,2015-05-22 10:39:03,2015-05-22 18:41:45,Active
615,233,244,3,738.47,2215.41,2025-07-15 15:35:18,2025-07-15 15:50:58,Active
776,293,218,2,500.46,1000.92,2022-06-16 06:36:47,2022-06-16 07:03:23,Abandoned
1167,438,51,1,188.65,188.65,2017-06-20 10:52:16,2017-06-20 23:36:45,Active
306,118,242,7,142.79,999.53,2023-06-21 22:56:35,2023-06-21 23:36:45,Abandoned
458,177,406,1,1678.7,1678.7,2025-09-06 02:05:54,2025-09-06 02:51:46,Abandoned
596,226,156,2,19.08,38.16,2022-09-16 07:08:30,2022-09-19 10:38:08,Deleted
1152,432,272,1,133.08,133.08,2019-12-23 22:57:49,2019-12-24 02:23:21,Converted
220,83,51,2,188.65,377.3,2021-01-22 11:44:58,2021-01-22 17:13:26,Converted
500,193,240,1,258.9,258.9,2025-05-10 23:21:34,2025-05-12 13:47:27,Active
889,330,303,5,67.5,337.5,2021-06-08 00:54:27,2021-06-08 08:33:38,Active
1322,492,159,1,25.78,25.78,2023-04-13 06:50:16,2023-04-13 07:25:21,Abandoned
411,158,319,7,226.96,1588.72,2022-05-22 04:01:22,2022-05-23 06:38:41,Active
536,205,323,1,283.09,283.09,2022-12-03 22:01:32,2022-12-03 22:29:27,Converted
570,218,189,1,342.29,342.29,2025-01-11 08:20:08,2025-01-11 08:36:43,Abandoned
841,315,124,2,228.97,457.94,2025-12-03 07:58:35,2025-12-04 08:39:20,Deleted
869,323,188,1,960.8,960.8,2021-01-14 18:07:21,2021-01-14 19:59:26,Converted
972,364,479,3,196.45,589.35,2021-08-21 12:08:07,2021-08-22 05:13:25,Converted
1067,399,89,1,513.91,513.91,2025-12-06 05:00:44,2025-12-06 08:17:41,Converted
1254,472,373,10,180.89,1808.9,2025-08-22 07:05:19,2025-08-22 07:23:26,Abandoned
1298,485,78,1,88.98,88.98,2025-12-14 03:25:38,2025-12-14 03:31:57,Abandoned
1449,543,494,1,91.91,91.91,2021-11-07 23:41:31,2021-11-07 23:58:46,Active
167,60,464,4,118.76,475.04,2025-01-26 09:37:06,2025-01-26 15:02:52,Abandoned
333,128,305,1,378.28,378.28,2025-11-01 20:26:43,2025-11-01 23:44:21,Active
631,242,217,2,1017.69,2035.38,2023-11-06 15:48:53,2023-11-06 16:02:32,Abandoned
967,362,318,4,568.37,2273.48,2020-07-16 12:47:33,2020-07-16 13:17:27,Abandoned
1016,380,137,1,18.14,18.14,2021-06-02 05:30:16,2021-06-02 07:27:12,Abandoned
1188,445,496,5,62.5,312.5,2025-05-23 22:22:02,2025-05-24 02:44:36,Converted
1327,493,436,1,80.51,80.51,2017-04-21 23:13:31,2017-04-22 01:58:54,Active
1435,538,48,1,746.22,746.22,2025-10-13 17:59:42,2025-10-14 02:53:57,Converted
300,115,202,1,367.03,367.03,2025-09-15 20:46:26,2025-09-16 05:12:01,Abandoned
681,260,332,1,33.87,33.87,2018-09-28 05:53:08,2018-09-30 11:18:14,Deleted
793,301,153,1,432.84,432.84,2024-10-19 00:45:30,2024-10-19 08:34:10,Active
895,332,38,2,153.42,306.84,2023-05-19 09:47:38,2023-05-19 09:59:36,Abandoned
1017,380,431,1,357.76,357.76,2021-06-02 10:21:42,2021-06-02 12:08:24,Abandoned
1018,380,219,1,183.66,183.66,2021-06-02 09:11:27,2021-06-02 10:49:50,Abandoned
1205,452,254,2,395.44,790.88,2025-09-04 14:35:13,2025-09-04 17:34:41,Abandoned
1259,474,301,1,27.18,27.18,2022-01-23 00:43:54,2022-01-23 11:29:52,Converted
1330,494,94,3,411.63,1234.89,2025-12-14 22:40:20,2025-12-14 23:31:28,Active
17,7,351,1,83.48,83.48,2023-09-12 17:52:48,2023-09-12 21:48:33,Active
52,18,131,6,15.41,92.46,2025-12-05 07:41:21,2025-12-05 07:41:21,Abandoned
54,19,54,1,1494.0,1494.0,2021-04-20 03:19:32,2021-04-22 06:22:54,Active
59,20,362,2,182.97,365.94,2022-02-18 06:48:37,2022-02-18 11:01:09,Abandoned
189,69,238,1,1813.44,1813.44,2019-04-17 11:17:54,2019-04-17 11:39:31,Abandoned
235,88,293,1,116.69,116.69,2019-04-17 12:20:11,2019-04-18 05:47:07,Converted
463,178,485,2,493.06,986.12,2025-09-30 21:17:53,2025-09-30 21:17:53,Abandoned
495,191,10,2,1211.32,2422.64,2025-11-05 00:05:13,2025-11-05 01:23:42,Converted
1045,390,207,2,46.8,93.6,2021-11-24 06:43:43,2021-11-24 13:45:19,Converted
1069,400,416,2,287.28,574.56,2025-12-17 12:58:28,2025-12-17 22:01:17,Converted
1177,441,432,3,46.22,138.66,2024-10-24 22:47:35,2024-10-24 23:32:55,Converted
1187,444,333,2,441.65,883.3,2025-12-13 00:40:48,2025-12-13 02:05:01,Abandoned
1258,473,185,5,1113.03,5565.15,2022-10-02 15:29:20,2022-10-03 10:54:14,Active
613,232,41,5,199.76,998.8,2019-06-29 20:53:25,2019-06-30 02:28:31,Converted
624,239,298,2,1007.9,2015.8,2025-09-25 07:18:44,2025-09-25 11:54:19,Abandoned
737,280,114,2,249.98,499.96,2022-05-21 21:10:15,2022-05-21 21:12:43,Active
774,292,267,2,46.21,92.42,2023-03-14 07:45:49,2023-03-17 07:23:39,Deleted
806,304,164,1,336.48,336.48,2025-06-12 21:10:39,2025-06-13 17:58:52,Deleted
910,338,306,3,83.51,250.53,2025-01-25 21:26:17,2025-01-27 03:36:40,Converted
962,361,91,2,59.47,118.94,2024-12-11 13:51:19,2024-12-11 15:10:04,Abandoned
1296,484,177,2,41.77,83.54,2023-03-28 17:59:40,2023-03-28 20:48:19,Converted
214,80,378,1,100.56,100.56,2023-08-19 01:22:06,2023-08-19 07:17:53,Abandoned
264,98,329,1,755.73,755.73,2025-11-27 08:47:11,2025-11-30 20:13:52,Active
857,319,434,2,521.01,1042.02,2025-02-08 11:48:31,2025-02-09 00:59:58,Active
970,363,445,1,1310.25,1310.25,2024-12-12 13:41:15,2024-12-12 14:04:50,Converted
1013,379,7,1,1181.48,1181.48,2022-08-23 21:42:28,2022-08-23 21:44:23,Abandoned
1050,393,277,1,39.31,39.31,2021-05-22 04:58:40,2021-05-22 12:55:03,Converted
1172,439,179,4,235.24,940.96,2015-05-21 15:22:00,2015-05-31 02:45:43,Deleted
1217,456,190,1,130.25,130.25,2025-10-08 20:54:47,2025-10-08 20:54:47,Abandoned
1257,473,210,1,177.18,177.18,2022-10-02 22:35:42,2022-10-04 12:07:11,Active
1274,477,126,1,712.64,712.64,2020-08-09 13:16:01,2020-08-10 11:29:52,Active
36,14,229,1,1479.14,1479.14,2023-08-02 06:12:18,2023-08-02 06:24:58,Active
38,15,489,2,150.92,301.84,2025-03-12 07:52:45,2025-03-12 15:44:20,Abandoned
43,16,463,2,43.99,87.98,2019-04-17 00:31:54,2019-04-17 00:31:54,Active
130,45,143,2,618.02,1236.04,2025-06-13 09:47:49,2025-06-13 19:37:36,Converted
484,186,253,7,131.16,918.12,2023-03-04 19:16:36,2023-03-04 19:16:36,Abandoned
603,229,390,1,98.86,98.86,2025-12-05 13:44:05,2025-12-05 21:47:20,Converted
1015,380,464,2,118.76,237.52,2021-06-02 03:48:48,2021-06-02 05:44:21,Abandoned
1153,433,27,3,266.52,799.56,2024-12-13 23:21:03,2024-12-14 00:00:08,Abandoned
1267,475,104,1,32.71,32.71,2018-11-19 04:55:07,2018-11-23 04:32:25,Active
125,42,170,2,219.84,439.68,2025-01-04 23:58:47,2025-01-05 10:25:52,Active
425,164,359,2,1029.18,2058.36,2024-03-07 13:59:03,2024-03-07 16:16:35,Deleted
851,318,214,5,316.55,1582.75,2025-12-10 01:55:52,2025-12-13 19:39:29,Deleted
149,53,151,2,3.52,7.04,2018-12-04 01:21:33,2018-12-05 03:50:36,Active
184,68,295,1,238.26,238.26,2024-03-26 11:48:50,2024-03-26 11:49:38,Abandoned
272,103,215,2,12.25,24.5,2023-04-08 02:45:32,2023-04-11 22:07:25,Active
387,149,85,7,191.07,1337.49,2024-02-20 04:55:07,2024-02-20 06:25:37,Active
961,361,394,2,238.97,477.94,2024-12-11 13:02:08,2024-12-11 15:28:44,Abandoned
1150,432,79,2,41.54,83.08,2019-12-25 01:46:38,2019-12-25 03:42:58,Converted
1180,442,208,2,4.24,8.48,2024-11-11 02:07:03,2024-11-20 19:07:38,Deleted
1220,458,35,2,480.99,961.98,2024-07-14 23:14:48,2024-07-15 00:26:36,Abandoned
257,97,497,5,268.54,1342.7,2022-12-31 08:36:00,2022-12-31 22:17:21,Active
294,113,415,1,158.1,158.1,2023-05-04 19:47:27,2023-05-04 20:07:03,Abandoned
376,145,470,3,695.16,2085.48,2019-08-05 16:10:50,2019-08-05 18:54:33,Abandoned
644,246,161,1,828.82,828.82,2025-07-19 04:01:48,2025-07-19 16:00:08,Converted
690,262,215,1,12.25,12.25,2021-06-06 15:21:37,2021-06-06 15:22:39,Active
773,292,240,1,258.9,258.9,2023-03-04 17:17:09,2023-03-09 04:07:00,Deleted
1189,445,175,1,1318.08,1318.08,2025-05-23 22:44:19,2025-05-24 03:18:48,Converted
1308,487,35,2,480.99,961.98,2024-12-08 07:45:05,2024-12-08 19:35:43,Converted
56,19,276,1,179.81,179.81,2021-04-19 05:40:02,2021-04-20 22:08:09,Active
405,156,60,1,125.84,125.84,2024-09-15 16:35:57,2024-09-17 03:51:47,Active
496,192,431,3,357.76,1073.28,2025-07-19 09:55:29,2025-07-25 21:32:33,Deleted
630,242,433,5,210.06,1050.3,2023-11-06 18:43:54,2023-11-06 19:09:47,Abandoned
684,261,243,3,555.05,1665.15,2019-06-06 08:00:53,2019-06-07 11:22:56,Active
838,314,188,1,960.8,960.8,2023-06-15 02:14:47,2023-06-15 02:56:17,Abandoned
896,332,390,4,98.86,395.44,2023-05-19 09:52:06,2023-05-19 12:24:38,Abandoned
1139,428,268,1,254.98,254.98,2025-10-20 17:16:09,2025-10-20 17:33:16,Active
1215,455,295,1,238.26,238.26,2024-10-26 11:43:28,2024-10-26 11:43:28,Abandoned
1282,479,90,1,64.18,64.18,2025-03-05 12:14:40,2025-03-05 14:16:22,Abandoned
1283,479,204,3,553.08,1659.24,2025-03-05 14:07:27,2025-03-05 14:43:00,Abandoned
1310,488,214,3,316.55,949.65,2025-10-09 02:49:42,2025-10-09 03:31:39,Abandoned
295,113,216,1,142.37,142.37,2023-05-05 01:07:04,2023-05-05 01:53:26,Abandoned
437,168,420,1,348.82,348.82,2019-10-03 08:56:22,2019-10-03 10:43:10,Abandoned
1443,541,476,1,1161.94,1161.94,2024-03-26 09:53:08,2024-03-31 20:28:06,Deleted
1462,546,294,1,762.16,762.16,2025-10-20 06:35:36,2025-10-21 06:55:04,Active
485,187,461,8,711.37,5690.96,2025-05-26 07:37:04,2025-05-26 22:38:43,Converted
611,231,336,4,1612.21,6448.84,2022-03-06 20:54:58,2022-03-07 00:04:50,Abandoned
699,266,281,2,59.36,118.72,2025-11-04 10:49:46,2025-11-04 13:44:24,Abandoned
946,356,298,2,1007.9,2015.8,2024-03-09 07:36:27,2024-03-09 07:58:28,Abandoned
1398,524,209,3,119.56,358.68,2022-09-15 14:57:42,2022-09-15 21:43:12,Abandoned
152,55,280,10,941.58,9415.8,2017-09-26 08:59:05,2017-09-26 09:25:04,Converted
233,87,361,3,203.75,611.25,2024-10-29 03:34:58,2024-10-29 04:22:47,Converted
273,104,325,1,140.49,140.49,2023-07-18 21:39:39,2023-07-20 08:38:55,Active
320,123,11,7,496.19,3473.33,2020-06-02 13:39:25,2020-06-02 13:40:37,Abandoned
386,148,181,2,28.97,57.94,2024-01-31 23:31:40,2024-02-08 02:39:44,Deleted
602,228,53,2,972.57,1945.14,2024-10-04 21:55:44,2024-10-05 06:15:43,Converted
949,357,104,1,32.71,32.71,2016-10-29 10:50:57,2016-10-30 00:14:39,Converted
1032,387,470,1,695.16,695.16,2022-01-02 00:56:42,2022-01-02 05:56:13,Abandoned
1101,413,359,3,1029.18,3087.54,2021-12-21 11:24:04,2021-12-21 11:33:44,Abandoned
1120,421,102,1,580.65,580.65,2024-06-17 21:04:52,2024-06-18 12:14:07,Converted
216,81,305,2,378.28,756.56,2022-04-21 15:19:18,2022-04-22 15:27:43,Converted
360,137,139,2,133.83,267.66,2021-08-30 14:01:16,2021-08-31 00:33:56,Converted
530,203,499,2,114.7,229.4,2021-09-01 00:41:20,2021-09-01 07:09:43,Active
1122,421,105,2,24.47,48.94,2024-06-18 13:15:41,2024-06-19 01:56:48,Converted
1212,454,141,1,632.42,632.42,2025-02-04 09:05:42,2025-02-04 09:29:18,Abandoned
1291,482,416,1,287.28,287.28,2023-10-18 07:44:09,2023-10-18 12:41:51,Converted
67,24,246,5,709.94,3549.7,2024-12-15 13:17:02,2024-12-15 13:36:21,Converted
239,89,340,1,1050.39,1050.39,2017-04-27 23:56:58,2017-04-28 01:02:35,Abandoned
259,97,241,2,280.56,561.12,2023-01-01 02:53:16,2023-01-01 06:07:12,Active
266,100,307,1,126.97,126.97,2024-12-17 15:33:47,2024-12-18 10:46:27,Converted
292,112,301,1,27.18,27.18,2023-02-28 23:14:26,2023-03-01 00:01:37,Converted
364,138,139,1,133.83,133.83,2021-04-08 03:30:16,2021-04-09 05:06:17,Deleted
932,350,150,5,361.94,1809.7,2022-09-16 17:00:54,2022-09-16 21:38:16,Active
471,181,296,2,1627.17,3254.34,2022-01-12 14:25:19,2022-01-15 14:12:37,Active
713,270,271,1,119.77,119.77,2025-12-20 02:07:10,2025-12-20 11:08:52,Active
800,303,350,2,359.85,719.7,2024-01-17 08:59:28,2024-01-22 03:52:51,Deleted
1288,481,486,2,415.81,831.62,2021-11-23 16:46:30,2021-11-23 23:24:32,Converted
1477,551,494,10,91.91,919.1,2025-10-09 12:43:50,2025-10-09 14:16:10,Converted
375,144,153,1,432.84,432.84,2024-05-21 22:31:59,2024-05-25 01:05:37,Deleted
663,253,147,4,64.35,257.4,2024-05-12 00:51:49,2024-05-12 01:02:05,Active
866,322,64,3,25.71,77.13,2025-02-05 09:59:59,2025-02-05 10:14:36,Active
1174,440,155,3,2193.18,6579.54,2025-01-03 14:45:03,2025-01-04 06:23:52,Abandoned
406,157,216,1,142.37,142.37,2023-05-29 13:08:29,2023-05-29 13:26:44,Abandoned
746,283,348,1,502.14,502.14,2023-05-27 20:58:53,2023-05-27 21:50:34,Abandoned
109,36,28,1,298.62,298.62,2025-12-22 01:55:08,2025-12-22 02:03:23,Converted
747,284,458,2,108.2,216.4,2025-02-07 13:02:09,2025-02-09 08:30:39,Abandoned
790,299,312,4,101.5,406.0,2024-08-31 13:57:11,2024-08-31 14:57:45,Active
902,334,324,1,69.69,69.69,2015-05-23 08:30:16,2015-05-25 14:07:45,Active
974,364,40,1,28.74,28.74,2021-08-21 05:22:36,2021-08-22 06:42:24,Converted
1210,453,456,2,184.36,368.72,2022-11-10 18:28:00,2022-11-10 21:02:10,Abandoned
1324,492,440,4,216.11,864.44,2023-04-13 06:53:22,2023-04-13 07:10:34,Active
1392,521,29,2,129.61,259.22,2025-11-18 02:27:42,2025-11-23 03:44:19,Deleted
1468,549,196,1,232.03,232.03,2024-12-05 17:20:34,2024-12-05 18:11:17,Converted
1488,557,237,3,204.25,612.75,2024-10-12 05:27:01,2024-10-12 06:07:51,Abandoned
14,7,360,2,88.96,177.92,2023-09-12 12:03:28,2023-09-13 12:09:34,Active
28,11,64,4,25.71,102.84,2023-07-08 23:41:00,2023-07-26 12:10:05,Deleted
115,37,424,7,26.23,183.61,2024-08-21 04:11:03,2024-08-21 05:05:11,Abandoned
122,41,252,3,323.84,971.52,2022-04-21 21:31:45,2022-04-22 06:38:32,Active
358,137,415,1,158.1,158.1,2021-08-31 05:42:41,2021-08-31 05:59:35,Converted
486,187,82,4,931.55,3726.2,2025-05-27 02:57:15,2025-05-27 07:06:11,Converted
521,199,54,1,1494.0,1494.0,2025-01-22 10:21:06,2025-01-22 11:28:37,Active
543,207,143,4,618.02,2472.08,2023-12-20 10:41:56,2023-12-20 11:04:37,Active
595,226,104,1,32.71,32.71,2022-09-09 00:39:12,2022-09-10 00:39:27,Deleted
771,292,293,1,116.69,116.69,2023-03-16 01:27:08,2023-03-24 05:34:45,Deleted
865,322,411,2,84.88,169.76,2025-02-05 10:44:11,2025-02-05 10:56:18,Abandoned
877,326,381,3,453.14,1359.42,2025-08-29 16:53:31,2025-09-01 07:10:05,Deleted
1451,543,242,2,142.79,285.58,2021-11-08 13:45:31,2021-11-08 16:04:27,Active
113,36,26,4,1113.63,4454.52,2025-12-22 01:40:57,2025-12-22 02:04:46,Converted
282,109,297,2,173.45,346.9,2024-08-01 09:53:41,2024-08-03 02:28:26,Converted
369,142,97,3,122.94,368.82,2023-04-30 19:27:51,2023-05-01 16:34:37,Active
424,163,301,3,27.18,81.54,2025-12-09 16:41:04,2025-12-09 16:42:42,Abandoned
717,272,418,1,67.05,67.05,2018-11-12 17:20:47,2018-11-12 17:48:17,Abandoned
733,279,427,1,137.59,137.59,2025-10-18 02:37:49,2025-10-18 02:37:49,Abandoned
1439,539,346,1,166.63,166.63,2025-09-30 03:41:46,2025-09-30 03:59:34,Converted
155,56,476,7,1161.94,8133.58,2025-05-11 03:14:53,2025-05-11 17:09:36,Converted
849,318,139,1,133.83,133.83,2025-12-24 06:08:59,2025-12-24 23:41:50,Deleted
1006,377,483,7,1017.36,7121.52,2017-08-16 12:47:23,2017-08-18 02:23:04,Converted
1099,411,407,6,261.02,1566.12,2022-01-11 01:29:26,2022-01-11 03:44:57,Active
1202,451,391,2,44.4,88.8,2025-05-12 07:37:34,2025-05-12 23:03:36,Active
1318,490,437,1,335.9,335.9,2024-09-13 15:13:34,2024-09-13 15:14:33,Abandoned
399,154,214,1,316.55,316.55,2024-09-11 21:49:02,2024-09-11 22:14:20,Active
633,242,279,1,23.2,23.2,2023-11-06 16:15:29,2023-11-06 18:50:51,Abandoned
639,245,156,2,19.08,38.16,2025-08-06 20:12:25,2025-08-06 22:24:45,Converted
846,317,328,1,64.82,64.82,2022-01-05 19:58:39,2022-01-07 12:40:46,Abandoned
1347,500,461,1,711.37,711.37,2024-01-17 19:54:51,2024-01-17 20:16:07,Converted
1386,518,191,1,727.94,727.94,2021-11-02 05:42:56,2021-11-04 19:33:49,Deleted
7,4,47,2,85.17,170.34,2022-11-02 23:43:00,2022-11-02 23:50:55,Active
12,5,297,4,173.45,693.8,2022-05-19 22:43:19,2022-05-20 02:51:09,Abandoned
57,20,419,4,45.56,182.24,2022-02-18 05:33:07,2022-02-18 06:02:40,Abandoned
277,106,182,3,488.84,1466.52,2025-03-09 05:30:28,2025-03-09 07:28:28,Abandoned
836,314,30,1,386.41,386.41,2023-06-15 01:41:10,2023-06-15 02:14:07,Abandoned
1124,422,131,1,15.41,15.41,2021-04-06 19:52:36,2021-04-06 19:53:17,Abandoned
1278,478,318,1,568.37,568.37,2023-03-28 11:12:33,2023-03-28 14:23:02,Abandoned
1387,518,50,4,175.24,700.96,2021-11-04 04:05:12,2021-11-06 01:14:55,Deleted
45,16,313,3,1217.0,3651.0,2019-04-17 00:31:54,2019-04-17 00:31:54,Abandoned
564,215,419,3,45.56,136.68,2025-02-28 23:11:39,2025-03-01 04:01:54,Active
779,295,305,3,378.28,1134.84,2024-11-24 00:02:29,2024-11-24 00:43:20,Abandoned
867,323,142,2,174.48,348.96,2021-01-14 13:38:11,2021-01-14 18:04:39,Converted
904,335,229,1,1479.14,1479.14,2018-06-12 17:41:05,2018-06-13 10:28:19,Converted
215,80,485,1,493.06,493.06,2023-08-19 01:54:34,2023-08-19 03:49:09,Active
489,189,107,3,84.07,252.21,2024-12-08 06:13:17,2024-12-08 08:34:55,Converted
524,200,86,3,117.94,353.82,2022-03-11 20:42:29,2022-03-11 20:51:05,Deleted
572,219,65,9,61.02,549.18,2019-10-02 16:49:02,2019-10-02 20:16:23,Deleted
929,348,241,3,280.56,841.68,2025-09-01 19:54:59,2025-09-01 23:51:54,Abandoned
1059,397,45,1,217.29,217.29,2022-02-18 02:56:05,2022-02-18 02:58:36,Converted
1341,498,180,6,26.12,156.72,2025-10-18 06:50:29,2025-10-18 08:22:47,Converted
1397,523,394,1,238.97,238.97,2024-11-07 03:24:31,2024-11-07 03:24:32,Converted
1402,525,120,1,98.3,98.3,2024-06-28 04:46:12,2024-06-28 08:10:45,Converted
617,235,249,1,144.56,144.56,2025-04-20 23:24:29,2025-04-21 00:58:02,Active
652,248,51,7,188.65,1320.55,2025-03-31 06:10:57,2025-03-31 06:34:28,Abandoned
688,262,427,1,137.59,137.59,2021-06-06 11:54:20,2021-06-06 15:10:42,Active
721,274,307,2,126.97,253.94,2025-03-30 00:01:32,2025-03-30 00:35:06,Converted
924,345,367,1,383.26,383.26,2022-01-22 00:51:57,2022-01-22 01:00:05,Abandoned
1090,407,475,1,1839.85,1839.85,2025-01-28 14:51:30,2025-01-28 14:51:30,Abandoned
1218,457,329,3,755.73,2267.19,2025-04-27 15:14:13,2025-04-27 15:34:31,Abandoned
1222,458,38,1,153.42,153.42,2024-07-14 23:34:14,2024-07-14 23:35:21,Abandoned
1351,502,155,2,2193.18,4386.36,2023-10-17 07:33:18,2023-10-22 22:59:46,Deleted
177,66,80,1,85.74,85.74,2024-10-23 23:11:45,2024-10-24 00:37:55,Abandoned
341,132,32,3,112.28,336.84,2025-05-18 15:30:35,2025-05-18 17:10:04,Abandoned
441,170,300,1,281.9,281.9,2021-08-21 02:48:11,2021-08-21 03:06:50,Converted
691,263,375,1,23.29,23.29,2021-11-22 19:29:30,2021-11-26 06:09:35,Active
753,285,392,1,598.09,598.09,2025-04-28 17:49:13,2025-04-28 22:09:47,Converted
762,288,296,1,1627.17,1627.17,2023-04-29 21:25:34,2023-04-29 23:55:53,Abandoned
769,291,208,1,4.24,4.24,2024-11-30 10:39:49,2024-12-01 04:37:38,Active
1024,383,41,1,199.76,199.76,2022-12-30 13:48:49,2022-12-30 14:02:48,Converted
1084,405,219,3,183.66,550.98,2023-11-14 00:58:57,2023-11-14 04:47:02,Converted
1200,450,159,7,25.78,180.46,2023-07-20 20:21:57,2023-07-22 02:00:24,Deleted
1321,491,198,1,275.96,275.96,2025-11-06 02:52:53,2025-11-09 13:12:37,Active
1466,548,429,1,18.9,18.9,2024-12-15 07:25:23,2024-12-16 05:22:45,Active
71,26,394,2,238.97,477.94,2018-10-02 04:44:41,2018-10-02 09:56:05,Converted
162,59,272,4,133.08,532.32,2023-03-12 09:47:28,2023-03-12 15:42:57,Active
168,61,65,2,61.02,122.04,2017-06-10 15:36:14,2017-06-13 03:55:02,Active
807,305,257,4,298.33,1193.32,2023-11-06 17:22:56,2023-11-06 23:22:12,Active
921,344,130,2,745.47,1490.94,2021-05-08 20:00:39,2021-05-09 13:26:09,Converted
1012,379,150,1,361.94,361.94,2022-08-22 11:55:37,2022-08-24 12:03:08,Active
1076,402,396,2,81.59,163.18,2025-05-31 20:10:56,2025-06-01 00:55:19,Abandoned
1206,453,291,2,44.4,88.8,2022-11-10 19:28:19,2022-11-10 19:48:59,Abandoned
204,75,470,2,695.16,1390.32,2021-10-23 01:11:49,2021-10-25 00:39:58,Active
332,128,14,1,91.24,91.24,2025-11-01 14:34:19,2025-11-01 21:12:35,Abandoned
854,319,45,3,217.29,651.87,2025-02-08 17:09:29,2025-02-08 18:48:26,Active
862,320,195,3,998.01,2994.03,2025-08-07 03:33:30,2025-08-07 08:04:57,Abandoned
1125,422,40,2,28.74,57.48,2021-04-06 19:25:35,2021-04-06 20:13:55,Abandoned
1183,443,492,2,136.92,273.84,2022-06-05 06:43:48,2022-06-05 09:03:47,Abandoned
1340,497,73,1,104.94,104.94,2020-12-02 07:46:13,2020-12-02 12:35:11,Abandoned
1406,525,189,2,342.29,684.58,2024-06-28 10:35:48,2024-06-28 14:57:54,Converted
101,34,243,5,555.05,2775.25,2025-12-21 10:35:06,2025-12-23 10:37:30,Deleted
185,68,239,1,491.36,491.36,2024-03-26 11:16:40,2024-03-26 11:49:38,Abandoned
200,73,47,1,85.17,85.17,2020-12-19 09:42:17,2020-12-19 12:33:42,Abandoned
574,219,41,1,199.76,199.76,2019-10-01 19:36:58,2019-10-02 06:21:46,Deleted
701,267,108,1,247.37,247.37,2025-06-07 14:44:14,2025-06-07 15:09:58,Abandoned
1275,477,130,4,745.47,2981.88,2020-08-09 07:40:26,2020-08-12 03:03:12,Active
1295,484,417,6,33.26,199.56,2023-03-28 16:36:40,2023-03-28 19:10:28,Converted
1414,529,276,1,179.81,179.81,2020-11-24 22:03:15,2020-11-24 22:41:27,Converted
1470,550,218,1,500.46,500.46,2021-10-06 13:03:26,2021-10-06 17:00:10,Deleted
21,9,468,3,69.61,208.83,2025-11-14 17:02:27,2025-11-16 23:58:21,Deleted
324,124,149,2,78.07,156.14,2019-11-29 23:01:31,2019-11-30 15:07:57,Converted
343,132,218,1,500.46,500.46,2025-05-18 15:13:03,2025-05-18 15:13:09,Abandoned
370,142,298,1,1007.9,1007.9,2023-04-30 01:09:40,2023-05-01 14:29:16,Active
826,310,227,7,152.3,1066.1,2025-02-02 23:06:07,2025-02-02 23:08:07,Converted
1238,465,340,8,1050.39,8403.12,2020-12-02 07:20:10,2020-12-02 07:31:49,Abandoned
70,26,241,6,280.56,1683.36,2018-10-02 01:41:16,2018-10-02 11:44:02,Converted
455,176,323,2,283.09,566.18,2021-01-01 02:02:37,2021-01-01 06:54:20,Active
514,196,449,3,274.42,823.26,2025-01-28 20:48:37,2025-01-30 02:17:47,Converted
899,333,422,4,771.74,3086.96,2023-03-18 15:28:17,2023-03-18 19:52:39,Abandoned
941,355,146,1,367.33,367.33,2024-09-27 01:01:53,2024-09-27 15:06:41,Converted
1040,389,354,4,156.7,626.8,2020-12-31 17:02:12,2020-12-31 21:03:47,Abandoned
173,63,400,3,94.03,282.09,2025-09-28 23:08:27,2025-09-29 08:51:07,Converted
513,196,30,1,386.41,386.41,2025-01-30 05:29:47,2025-01-30 06:14:46,Converted
599,228,272,2,133.08,266.16,2024-10-04 22:36:46,2024-10-05 02:24:11,Converted
606,230,289,1,66.35,66.35,2017-04-18 01:53:23,2017-04-19 00:39:32,Active
647,246,9,3,564.82,1694.46,2025-07-20 06:22:09,2025-07-20 08:27:20,Converted
827,311,420,2,348.82,697.64,2020-10-14 16:14:59,2020-10-14 18:28:35,Converted
1051,394,59,1,234.15,234.15,2025-03-11 17:02:30,2025-03-13 10:58:40,Abandoned
1102,414,357,2,1366.23,2732.46,2025-08-30 05:44:13,2025-08-30 15:06:47,Active
1349,502,397,1,214.11,214.11,2023-10-16 10:18:33,2023-10-23 00:20:39,Deleted
179,66,15,5,185.9,929.5,2024-10-23 22:16:24,2024-10-23 22:36:35,Abandoned
670,255,181,4,28.97,115.88,2025-10-16 18:49:45,2025-10-16 19:31:48,Abandoned
1029,386,238,2,1813.44,3626.88,2025-03-14 23:22:37,2025-03-15 04:29:32,Abandoned
1426,534,431,8,357.76,2862.08,2022-05-26 09:27:12,2022-05-26 11:09:19,Abandoned
347,134,316,1,91.48,91.48,2024-05-09 13:45:07,2024-05-09 13:45:07,Abandoned
459,177,258,2,477.87,955.74,2025-09-06 04:06:04,2025-09-06 04:18:17,Abandoned
742,281,155,3,2193.18,6579.54,2025-08-07 03:00:12,2025-08-07 03:23:37,Converted
798,302,489,1,150.92,150.92,2019-03-26 05:05:33,2019-03-27 01:17:57,Deleted
801,303,233,4,45.4,181.6,2024-01-16 14:14:02,2024-01-16 21:48:01,Active
845,317,385,3,485.58,1456.74,2022-01-02 12:11:10,2022-01-02 23:23:52,Active
1052,395,243,1,555.05,555.05,2022-04-24 07:06:31,2022-04-30 00:05:49,Deleted
1121,421,129,1,1432.08,1432.08,2024-06-18 20:46:34,2024-06-18 23:29:35,Converted
1311,488,70,2,114.91,229.82,2025-10-08 21:57:54,2025-10-09 00:03:06,Abandoned
1421,532,341,2,40.65,81.3,2025-10-23 16:59:05,2025-10-25 03:39:02,Active
15,7,437,1,335.9,335.9,2023-09-13 02:50:01,2023-09-13 12:45:49,Active
46,17,45,8,217.29,1738.32,2023-11-12 14:13:31,2023-11-12 15:28:40,Abandoned
223,83,208,6,4.24,25.44,2021-01-22 05:31:13,2021-01-23 04:05:42,Converted
402,155,54,1,1494.0,1494.0,2023-01-20 11:56:07,2023-01-20 11:57:12,Active
891,331,207,1,46.8,46.8,2025-10-29 08:36:52,2025-10-29 14:41:46,Active
1003,377,300,3,281.9,845.7,2017-08-17 19:38:29,2017-08-18 06:30:58,Converted
1081,403,401,6,58.06,348.36,2024-10-31 10:53:12,2024-10-31 17:14:26,Abandoned
1145,429,114,1,249.98,249.98,2025-12-10 06:16:50,2025-12-10 19:39:54,Converted
1379,514,150,1,361.94,361.94,2025-07-08 00:18:11,2025-07-08 01:01:54,Abandoned
427,165,72,1,462.01,462.01,2023-03-24 14:52:29,2023-03-25 05:38:07,Converted
695,265,477,3,75.86,227.58,2024-07-04 13:11:05,2024-07-04 13:47:33,Abandoned
905,335,52,1,105.12,105.12,2018-06-12 05:44:43,2018-06-13 00:20:00,Converted
955,360,465,1,119.4,119.4,2024-11-04 04:30:14,2024-11-04 09:48:14,Abandoned
1065,399,476,2,1161.94,2323.88,2025-12-06 04:56:04,2025-12-06 09:31:02,Converted
1344,499,488,1,121.53,121.53,2024-11-14 05:00:52,2024-11-14 05:09:38,Abandoned
492,190,254,3,395.44,1186.32,2024-03-28 00:49:19,2024-03-28 12:57:20,Converted
518,199,473,2,309.25,618.5,2025-01-21 23:18:05,2025-01-22 05:33:43,Active
918,342,280,2,941.58,1883.16,2025-06-16 00:38:43,2025-06-17 03:53:01,Active
298,114,4,3,147.53,442.59,2025-11-09 00:54:55,2025-11-14 19:46:12,Deleted
840,315,184,1,466.38,466.38,2025-11-27 17:41:14,2025-12-05 15:11:46,Deleted
943,355,129,2,1432.08,2864.16,2024-09-26 19:33:27,2024-09-27 07:45:42,Converted
986,369,456,1,184.36,184.36,2025-02-22 18:20:30,2025-02-22 22:13:34,Abandoned
4,3,411,3,84.88,254.64,2025-09-21 22:57:06,2025-09-21 23:16:09,Abandoned
18,8,427,4,137.59,550.36,2025-12-05 13:56:33,2025-12-07 16:39:10,Deleted
254,95,290,10,90.32,903.2,2025-06-06 04:05:57,2025-06-06 04:46:13,Deleted
336,130,83,3,35.12,105.36,2025-08-06 11:43:18,2025-08-06 12:20:52,Abandoned
349,134,492,4,136.92,547.68,2024-05-09 13:45:07,2024-05-09 13:45:07,Abandoned
478,184,289,1,66.35,66.35,2025-04-29 08:20:42,2025-04-29 08:34:15,Abandoned
607,230,99,3,932.42,2797.26,2017-04-19 03:08:29,2017-04-20 17:10:30,Abandoned
725,276,283,1,1198.51,1198.51,2025-07-10 02:23:01,2025-07-10 10:47:41,Converted
875,325,207,2,46.8,93.6,2025-08-09 06:43:22,2025-08-09 09:33:13,Active
973,364,492,3,136.92,410.76,2021-08-23 01:22:11,2021-08-23 06:39:39,Converted
1048,392,197,1,36.29,36.29,2022-11-04 02:53:41,2022-11-05 00:00:26,Active
1143,429,33,1,62.37,62.37,2025-12-10 08:04:57,2025-12-10 20:44:33,Converted
26,10,184,1,466.38,466.38,2025-07-12 14:37:29,2025-07-14 11:31:06,Active
576,220,443,3,1258.34,3775.02,2025-06-15 22:49:08,2025-06-16 08:42:27,Abandoned
1345,499,295,2,238.26,476.52,2024-11-14 04:15:56,2024-11-14 05:20:19,Abandoned
1346,500,394,2,238.97,477.94,2024-01-17 23:22:03,2024-01-18 00:08:29,Converted
1457,545,401,3,58.06,174.18,2025-09-10 17:24:08,2025-09-11 08:52:06,Active
20,9,390,2,98.86,197.72,2025-11-25 09:39:26,2025-11-28 07:20:52,Deleted
394,153,277,1,39.31,39.31,2021-12-15 13:30:57,2021-12-15 13:30:57,Abandoned
822,310,464,6,118.76,712.56,2025-02-02 23:37:47,2025-02-03 01:23:08,Converted
1168,438,129,1,1432.08,1432.08,2017-06-20 02:03:12,2017-06-21 06:01:38,Abandoned
1277,478,273,2,57.76,115.52,2023-03-28 14:31:06,2023-03-28 18:10:16,Abandoned
445,171,209,2,119.56,239.12,2025-03-27 09:44:25,2025-03-27 10:14:03,Abandoned
640,245,45,2,217.29,434.58,2025-08-06 19:56:21,2025-08-06 19:59:02,Converted
743,282,233,3,45.4,136.2,2021-06-23 15:42:51,2021-06-24 15:42:49,Converted
1089,407,412,2,366.17,732.34,2025-01-28 14:51:30,2025-01-28 14:51:30,Abandoned
1281,479,15,1,185.9,185.9,2025-03-05 10:36:49,2025-03-05 13:54:59,Abandoned
1493,559,17,8,50.12,400.96,2024-11-15 01:37:03,2024-11-15 06:53:51,Converted
280,108,189,3,342.29,1026.87,2025-03-29 23:30:57,2025-03-30 01:02:05,Abandoned
420,162,234,1,85.72,85.72,2025-01-26 20:42:06,2025-01-27 01:05:56,Active
637,243,225,4,11.07,44.28,2024-08-11 07:42:55,2024-08-12 23:47:11,Converted
716,272,159,1,25.78,25.78,2018-11-12 18:17:28,2018-11-12 18:19:42,Abandoned
1000,375,359,2,1029.18,2058.36,2021-01-11 15:55:34,2021-01-11 15:55:34,Abandoned
1149,432,208,1,4.24,4.24,2019-12-24 21:05:22,2019-12-25 02:03:00,Converted
1323,492,302,3,142.59,427.77,2023-04-13 06:48:20,2023-04-13 07:24:40,Abandoned
47,17,201,3,368.57,1105.71,2023-11-12 14:24:52,2023-11-12 18:29:50,Active
209,77,297,2,173.45,346.9,2024-10-24 02:52:13,2024-10-26 05:31:27,Active
269,102,65,1,61.02,61.02,2023-08-20 02:50:58,2023-08-20 17:28:23,Abandoned
288,111,88,4,299.08,1196.32,2025-09-25 13:52:33,2025-09-25 15:21:34,Abandoned
334,129,293,9,116.69,1050.21,2025-12-23 16:50:06,2025-12-23 17:58:24,Abandoned
504,194,393,2,254.29,508.58,2022-08-01 04:18:04,2022-08-01 04:30:24,Converted
541,207,40,2,28.74,57.48,2023-12-19 09:02:45,2023-12-20 12:24:17,Active
578,220,301,2,27.18,54.36,2025-06-15 19:31:09,2025-06-16 23:29:42,Active
805,304,30,1,386.41,386.41,2025-06-16 22:30:34,2025-06-17 02:00:50,Deleted
1105,416,379,1,47.01,47.01,2022-01-04 23:03:37,2022-01-06 18:32:29,Active
1133,425,489,1,150.92,150.92,2022-01-22 06:29:18,2022-01-22 07:13:47,Converted
1334,495,158,2,207.38,414.76,2022-03-17 11:28:55,2022-03-17 15:06:31,Active
1382,516,407,1,261.02,261.02,2024-09-07 04:07:26,2024-09-07 09:17:52,Converted
1458,545,468,1,69.61,69.61,2025-09-09 23:55:28,2025-09-12 20:00:29,Active
23,9,323,2,283.09,566.18,2025-11-19 07:28:22,2025-11-29 20:10:42,Deleted
105,35,329,1,755.73,755.73,2021-07-20 04:58:35,2021-07-20 05:30:32,Abandoned
141,50,479,2,196.45,392.9,2018-09-27 03:16:27,2018-09-27 07:13:34,Abandoned
351,135,257,2,298.33,596.66,2025-12-04 09:50:16,2025-12-04 14:25:06,Converted
366,140,34,10,946.98,9469.8,2024-11-19 18:23:15,2024-11-19 19:53:25,Abandoned
371,142,465,1,119.4,119.4,2023-05-01 23:45:18,2023-05-01 23:59:54,Abandoned
726,276,237,3,204.25,612.75,2025-07-10 09:59:37,2025-07-10 18:10:16,Converted
792,300,127,3,104.13,312.39,2023-12-29 00:11:25,2023-12-29 02:33:34,Converted
802,304,405,3,1372.84,4118.52,2025-06-17 15:54:55,2025-06-20 08:55:28,Deleted
1176,441,219,1,183.66,183.66,2024-10-22 21:54:00,2024-10-22 23:11:01,Converted
1416,530,48,1,746.22,746.22,2023-09-08 16:02:31,2023-09-08 19:43:07,Abandoned
1494,560,9,1,564.82,564.82,2022-05-21 20:34:44,2022-05-21 21:07:07,Abandoned
61,21,232,1,1268.87,1268.87,2025-12-20 18:49:54,2025-12-20 22:45:25,Abandoned
114,37,135,1,80.26,80.26,2024-08-21 00:20:05,2024-08-21 04:14:34,Abandoned
262,97,400,1,94.03,94.03,2023-01-01 00:08:52,2023-01-01 18:30:33,Active
346,134,288,2,31.48,62.96,2024-05-09 13:45:07,2024-05-09 13:45:07,Abandoned
448,174,477,4,75.86,303.44,2023-06-28 07:05:49,2023-06-28 18:17:33,Converted
635,243,311,1,104.55,104.55,2024-08-11 15:40:54,2024-08-12 14:42:25,Converted
711,269,196,2,232.03,464.06,2022-06-01 21:48:06,2022-06-02 08:28:24,Active
1058,397,153,3,432.84,1298.52,2022-02-18 04:39:58,2022-02-18 06:24:08,Converted
1453,544,12,2,168.0,336.0,2024-06-21 14:53:18,2024-06-22 10:01:44,Converted
592,225,170,7,219.84,1538.88,2021-10-28 22:23:53,2021-10-28 23:53:11,Abandoned
634,243,428,2,379.16,758.32,2024-08-12 21:33:08,2024-08-12 22:50:02,Converted
810,305,35,1,480.99,480.99,2023-11-05 23:59:37,2023-11-07 05:37:55,Active
900,333,452,3,192.56,577.68,2023-03-18 20:03:34,2023-03-18 20:06:11,Active
997,374,83,6,35.12,210.72,2019-01-14 04:23:40,2019-01-19 19:18:45,Deleted
1263,474,191,9,727.94,6551.46,2022-01-22 13:54:13,2022-01-23 22:25:58,Converted
1475,551,33,3,62.37,187.11,2025-10-10 00:20:28,2025-10-10 05:22:37,Converted
1478,551,265,6,73.41,440.46,2025-10-09 02:55:18,2025-10-10 11:31:15,Converted
182,67,354,1,156.7,156.7,2022-03-23 08:33:47,2022-03-23 10:39:38,Converted
226,84,302,3,142.59,427.77,2022-05-11 06:44:57,2022-05-11 07:00:40,Abandoned
314,121,376,1,774.43,774.43,2024-09-13 04:29:35,2024-09-13 04:29:35,Active
337,130,452,5,192.56,962.8,2025-08-06 11:45:00,2025-08-06 13:03:55,Abandoned
384,147,96,6,623.82,3742.92,2019-01-26 19:10:05,2019-01-27 06:13:12,Active
672,256,7,4,1181.48,4725.92,2022-01-24 04:05:47,2022-01-24 04:40:33,Abandoned
705,267,490,1,1264.96,1264.96,2025-06-07 14:54:28,2025-06-07 15:06:26,Abandoned
751,285,220,5,269.37,1346.85,2025-04-28 12:01:58,2025-04-28 18:06:33,Converted
882,328,175,2,1318.08,2636.16,2021-01-26 00:41:11,2021-01-26 02:01:51,Converted
1146,430,258,2,477.87,955.74,2018-07-22 17:14:43,2018-07-22 18:02:21,Abandoned
1286,481,466,1,937.33,937.33,2021-11-22 23:43:36,2021-11-24 05:51:39,Converted
1366,508,440,1,216.11,216.11,2019-01-22 22:37:59,2019-01-22 22:47:58,Active
150,54,392,5,598.09,2990.45,2025-02-10 09:56:31,2025-02-14 18:44:57,Active
229,86,332,2,33.87,67.74,2021-06-24 17:48:05,2021-06-24 19:04:45,Converted
327,127,114,2,249.98,499.96,2020-07-21 04:02:56,2020-07-28 07:47:44,Deleted
344,133,200,3,899.94,2699.82,2024-11-03 23:44:00,2024-11-04 02:49:20,Active
350,135,104,3,32.71,98.13,2025-12-04 14:31:58,2025-12-04 21:45:02,Converted
638,244,99,5,932.42,4662.1,2018-11-21 07:41:05,2018-11-21 07:41:18,Converted
887,329,26,1,1113.63,1113.63,2025-05-19 06:22:10,2025-05-24 06:46:49,Deleted
1049,393,90,4,64.18,256.72,2021-05-21 12:15:05,2021-05-21 14:06:07,Converted
1265,475,475,1,1839.85,1839.85,2018-11-21 00:00:38,2018-11-21 14:26:20,Abandoned
9,4,50,1,175.24,175.24,2022-11-05 04:34:58,2022-11-07 01:41:24,Active
86,30,282,1,13.98,13.98,2024-05-08 15:36:23,2024-05-08 16:20:54,Active
176,66,16,1,692.72,692.72,2024-10-23 19:56:26,2024-10-23 23:22:08,Abandoned
191,70,72,3,462.01,1386.03,2025-09-11 18:59:34,2025-09-13 09:00:45,Active
202,74,132,3,369.68,1109.04,2025-02-08 16:33:07,2025-02-09 03:27:41,Active
284,109,410,3,143.2,429.6,2024-08-03 18:08:16,2024-08-03 18:40:49,Converted
535,205,105,1,24.47,24.47,2022-12-03 20:31:55,2022-12-03 22:01:08,Converted
573,219,141,4,632.42,2529.68,2019-10-01 21:24:03,2019-10-02 04:02:44,Deleted
605,229,460,5,265.23,1326.15,2025-12-03 16:14:19,2025-12-05 11:43:54,Converted
944,355,413,1,60.37,60.37,2024-09-26 10:42:15,2024-09-27 01:50:47,Converted
1182,442,232,1,1268.87,1268.87,2024-11-16 14:49:57,2024-11-21 18:42:27,Deleted
1256,473,147,1,64.35,64.35,2022-10-02 07:19:25,2022-10-03 20:05:48,Active
1261,474,356,8,390.7,3125.6,2022-01-23 05:02:50,2022-01-23 23:19:49,Converted
1270,476,399,1,537.25,537.25,2025-12-13 20:13:34,2025-12-13 21:18:04,Abandoned
1307,487,267,1,46.21,46.21,2024-12-08 11:44:04,2024-12-08 14:10:01,Converted
1371,510,179,2,235.24,470.48,2023-01-28 05:59:15,2023-01-29 09:44:39,Deleted
509,195,434,2,521.01,1042.02,2018-11-12 20:09:11,2018-11-12 20:49:56,Abandoned
563,214,60,1,125.84,125.84,2015-05-22 20:39:42,2015-05-22 22:02:23,Deleted
581,221,411,1,84.88,84.88,2021-05-15 22:09:30,2021-05-15 22:16:39,Abandoned
715,271,303,2,67.5,135.0,2022-12-12 21:26:37,2022-12-13 01:29:15,Abandoned
763,289,492,1,136.92,136.92,2025-11-11 13:40:12,2025-11-13 16:13:17,Deleted
766,290,410,2,143.2,286.4,2025-10-03 13:11:15,2025-10-03 13:11:15,Abandoned
1028,385,25,2,1421.95,2843.9,2024-05-10 23:54:28,2024-05-11 00:06:45,Abandoned
1074,401,243,1,555.05,555.05,2025-06-09 02:37:16,2025-06-10 00:23:30,Deleted
1111,417,277,1,39.31,39.31,2025-09-16 01:45:23,2025-09-16 02:05:16,Converted
1214,455,194,3,288.23,864.69,2024-10-26 11:43:28,2024-10-26 11:43:28,Abandoned
1250,470,295,1,238.26,238.26,2025-06-29 03:19:41,2025-06-29 03:33:03,Abandoned
32,13,185,3,1113.03,3339.09,2024-09-16 03:22:14,2024-09-16 04:55:20,Abandoned
522,200,310,1,673.43,673.43,2022-03-11 12:05:09,2022-03-11 15:50:27,Deleted
540,206,176,1,318.15,318.15,2025-04-08 06:23:12,2025-04-08 06:34:03,Abandoned
787,298,162,3,2036.98,6110.94,2025-10-13 19:37:06,2025-10-14 01:47:55,Active
819,308,334,4,256.03,1024.12,2022-10-21 14:33:35,2022-10-21 23:21:53,Active
919,342,371,1,345.81,345.81,2025-06-18 06:30:00,2025-06-18 07:53:13,Active
1364,507,441,7,54.28,379.96,2025-11-02 01:05:14,2025-11-02 01:37:26,Abandoned
1384,517,7,1,1181.48,1181.48,2025-03-05 05:00:06,2025-03-05 05:46:43,Active
116,38,255,2,426.79,853.58,2025-05-08 03:03:49,2025-05-08 04:24:17,Abandoned
183,68,203,2,94.19,188.38,2024-03-26 10:58:48,2024-03-26 10:59:09,Abandoned
219,82,111,2,1148.98,2297.96,2019-12-17 01:20:45,2019-12-17 01:20:45,Abandoned
1021,381,39,3,59.03,177.09,2024-07-16 17:00:06,2024-07-16 19:33:47,Converted
1062,398,281,1,59.36,59.36,2025-11-18 14:20:24,2025-11-19 15:40:05,Converted
1178,441,13,1,119.0,119.0,2024-10-25 11:39:33,2024-10-25 16:43:19,Converted
1287,481,194,6,288.23,1729.38,2021-11-24 03:24:17,2021-11-24 05:47:56,Converted
1483,554,459,2,200.64,401.28,2020-12-24 18:54:18,2020-12-24 19:42:08,Abandoned
1486,556,231,2,1649.89,3299.78,2017-08-16 07:07:16,2017-08-16 08:03:39,Abandoned
642,245,157,6,278.27,1669.62,2025-08-06 23:21:20,2025-08-06 23:29:48,Converted
813,306,155,3,2193.18,6579.54,2025-04-30 02:47:05,2025-04-30 15:35:22,Converted
926,346,188,1,960.8,960.8,2021-09-06 02:05:00,2021-09-09 11:02:45,Deleted
948,356,133,3,81.01,243.03,2024-03-09 08:04:09,2024-03-09 08:53:53,Abandoned
1197,449,360,1,88.96,88.96,2021-07-15 23:17:16,2021-07-16 01:31:43,Abandoned
146,52,489,1,150.92,150.92,2025-04-25 08:24:08,2025-04-25 22:23:01,Converted
195,72,288,4,31.48,125.92,2024-03-27 23:36:34,2024-03-28 00:28:32,Converted
315,122,69,2,45.4,90.8,2023-08-12 15:30:37,2023-08-12 18:43:19,Abandoned
727,276,349,1,635.35,635.35,2025-07-10 05:38:37,2025-07-10 19:14:51,Converted
752,285,203,2,94.19,188.38,2025-04-28 22:15:20,2025-04-28 22:37:27,Converted
892,331,272,1,133.08,133.08,2025-10-28 12:48:09,2025-10-30 02:12:58,Active
1042,389,463,2,43.99,87.98,2020-12-31 14:37:16,2020-12-31 16:26:11,Abandoned
1193,448,448,1,125.72,125.72,2025-07-18 22:46:53,2025-07-19 12:05:30,Converted
1269,476,346,5,166.63,833.15,2025-12-14 00:21:04,2025-12-14 01:00:31,Abandoned
