addr_id,customer_ref,address_category,street_line1,city_name,state_region,zip_postal,country_name,default_flag,record_created,latitude,longitude,street_line2,address_verified,last_modified
50555,CUST_01343,Both,5 iain loop,West Sean,Massachusetts,0942,Moldova,True,2025-06-01 18:41:56.087000,-3.595688,35.457502,Suite 455,False,2025-01-14 13:30:05.695000
50938,CUST_01357,Shipping,461 Mckenzie Stairs,Lake Jamie,Queensland,27893,American Samoa,False,2025-07-25 09:03:04.547000,-20.4818715,-129.988606,,False,
50060,CUST_99999,,,,,,GB,Yes,,,,Apt. 07,,2025-07-02 11:01:53.570000
50693,CUST_01494,Shipping,  Plaza Pepita Córdoba 13 Apt. 86   ,PerrierBourg,Delaware,  51020  ,Macao,False,2023-11-03 20:23:23.443000,,,,False,
50407,CUST_01435,Shipping,421 Cooley Falls Suite 557,Dos Santos,Victoria,9788,Martinique,False,2025-05-02 00:59:42.853000,-67.5540395,46.474033,6/,,
50592,CUST_01325,Billing,Klemmallee 8/2,Imbert,New South Wales,J5X 4X7,Reunion,True,2025-05-24 21:40:33.218000,-19.9415995,  -102.65859  ,Suite 759,True,
50642,CUST_01328,BILLING,Johan-Mohaupt-Gasse 103 Suite 611 Building 789,,Ontario,,KW,,1699763866,999,-181,,,
51232,CUST_01003,Both,Flat 85 11 Torres Mount,Elizabethstad,Castellón,C8X 4B3,Saint Helena,False,2023-12-17 10:04:28.025000,,,,,2025-07-11 04:46:32.161000
51055,CUST_01420,Both,5276 Sara Manor,Hammelburg,Florida,A4X 8L7,ouzbékistan,True,2024-12-20 15:17:38.166000,16.7754835,-35.392076,,True,2025-02-24 05:04:04.434000
50636,CUST_01408,Shipping,646 Luke cape,East Jamesshire,Victoria,10938,Mexico,False,2024-03-14 09:39:40.690000,-89.847803,-92.279891,,,2024-09-22 22:39:54.642000
  50072  ,CUST_01199,Shipping,"656, chemin de Menard",Lake Jacobhaven,Navarra,34812,georgia,False,2024-08-01 00:22:37.584000,-13.3410415,83.711096,,FALSE,
51176,CUST_01340,Shipping,Weißstraße 789,Schleiz,New Jersey,2975,  Cape Verde  ,False,2025-01-16 23:38:48.439000,-9.7551565,-15.277832,Suite 519,False,
50185,  CUST_01488  ,Both,  809 William expressway  ,  Sainte Émile  ,WESTERN AUSTRALIA,60988,Chile,  False  ,2025-05-08 14:04:00.221919,-51.6910035,132.805761,Apt. 869,FALSE,2025-06-16 13:55:30.867398
51357,CUST_01098,Both,910 KEVIN QUAY,Corteztown,Castellón,49882,Isle of Man,False,2024-04-19 05:44:19.065000,30.0642135,119.370218,,,2025-04-26 14:44:52.470000
51442,CUST_01226,Shipping,rue Marie Becker,Jennifershire,Wyoming,7833,Portugal,True,2024-08-31 14:07:24.695000,10.876138,165.521074,Apt. 01,,2024-09-19 11:07:03.258000
50957,CUST_01336,Both,242 Lewis Ranch Apt. 912,East Lynnview,La Coruña,47151,egypt,False,2024-06-11 05:02:58.654000,,,Studio 5,,
50954,CUST_01045,Shipping,92640 Hobbs Ford Apt. 880,Port Edward,Victoria,22766,Haití,False,2024-04-15 13:02:22.338000,,,Puerta 1,,2025-01-06 10:06:40.907000
50206,CUST_01147,Billing,367 Joan Avenue,Newmanville,western australia,2935,Norfolk Island,False,2023-10-10 20:06:51.603000,49.8350775,-44.003759,,False,
50525,CUST_01148,SHIPPING,1 Walker Dip,,Northern Territory,,New Caledonia,,2025-02-23 08:50:00.747000,84.482151,11.395267,,,
50183,CUST_01028,Shipping,Sagerstr. 66,New Johnbury,Huelva,23612,Somalia,False,2025-06-19 02:00:13.616000,44.7108385,56.168817,,,2024-12-02 06:20:05.886000
50254,CUST_01298,Shipping,Calle de Roberto Pont 50,  Cádiz  ,Asturias,2669,Christmas Island,False,2024-09-03 11:02:36.276000,55.124838,51.527502,,True,2025-04-21 12:10:20.157000
50789,CUST_01326,Shipping,"375, rue Allain",Parkerbury,Sevilla,12742,Alemania,False,2023-12-22 08:37:58.392000,4.951827,-79.852845,  Piso 4  ,False,
50053,CUST_01135,Billing*,832 Walker Coves,Dannyview,Victoria,37763,Senegal,False,2025-01-15 01:53:55.768862,-82.952541,  173.17045  ,,,2025-05-20 13:05:35.199000
51358,CUST_01058,Billing,"Studio 59
Yates harbors",Freyton,Rhode Island,CB64 8EA,  Guernsey  ,False,2024-09-02 13:44:40.577000,,,,True,
50740,CUST_01161,Both,,West Meganfurt,,11406,Jamaïque,False,2025-03-21 13:17:55.444000,-67.442694,94.286425,,,
50654,CUST_01250,Billing,452 Molly Ramble,Roussel-sur-Étienne,Connecticut,N4E2H4,Falkland Islands (Malvinas),  false  ,2025-05-16 16:43:48.091000,55.3058115,-137.231179,,True,
50518,CUST_01367,Both,1588 Perez Lodge Suite 747,Kathrynburgh,Missouri,83528,Isle of Man,False,2024-12-17 21:53:10.623000,-29.818754,147.333451,Flat 64,,2025-03-12 02:38:06.234000
,, ,,, ,,,, ,, ,,,
50215,  CUST_01441  ,Billing,41 Pearce forge,Pontevedra,Bayern,10556,Venezuela,False,2023-12-07 01:47:23.272000,,,Suite 727,,2024-12-01 01:38:37.702000
50445,CUST_01218,Billing,Callejón Itziar Vives 3 Piso 3 ,Jülich,Albacete,S5D 3RE,Turkey,False,2025-01-17 20:57:13.087000,51.4404895,-37.563138,,,
50762,CUST_01338,Billing,9 Kevin Glade,St. Daniel,Soria,IM3 1ZX,Österreich,  True  ,2025-02-10 00:11:44.582000,-18.1130875,  -70.620557  ,,True,2025-03-31 14:36:08.035000
50331,CUST_01069,Shipping,56260 Reyes Course Apt. 182,East Jonathan,Georgia,H3B1N1,Iceland,False,2024-04-30 19:20:39.967000,-2.968449,21.602091,,,2025-08-03 19:06:19.475000
51054,CUST_01495,Shipping,Plaza de Candelas Lobo 19 Piso 9 ,New Michaelberg,Álava,2306,Italy,False,  2024-03-03 18:29:14.829024  ,-16.6182225,58.398695,,True,
,,,,,,,,,  null  ,,,, , 
50037@,CUST_01122,Shipping,Blochplatz 9,Santa Cruz de Tenerife,Valladolid,27181,Mexico,False,2025-07-18 16:02:40.817000,,,,,2025-07-27 23:34:52.160000
50210,  CUST_01240  ,,,zeulenroda,RI,00000,,0,,,,  NA  ,,
51351,CUST_01073,Both,125 Macdonald Road Apt. 473,Lake Karenville,La Rioja,84494,Allemagne,TRUE,2024-12-11 15:24:29.879000,9.194708,11.417154,,,2024-12-28 17:30:37.560000
,,SHIPPING,,123,,,,,2025-05-24 17:42:54,999,999,,true,
50585,CUST_01119,BILING,Unit 73 7 Taylor Turn,Meiningen#,Australian Capital Territory,23550,Estonia,  False  ,2025-06-12 12:18:09.315000,,,,Y,2025-08-30 12:57:13.520000
50049,CUST_01410,Both,28421 David Knolls Apt. 950,East Thomasstad,New Hampshire,28729,Saint Lucia,True,2025-07-04 20:19:46.210000,,,  Flat 02V  ,True,
51449,CUST_01051,Billing,64691 Patrick Overpass,New Robertshire,  Queensland  ,B4J 9C8,Danemark,False,2024-05-01 11:02:23.280000,52.3699495,96.81042,,,2025-06-05 19:48:18.467000
51291,CUST_01360,Billing,"58, avenue Barbe",New Laura,Victoria,64170,Guam,False,2025-06-03 09:20:07.398000,83.268046,47.764945,,,2025-01-09 12:05:36.235000
50898,CUST_01329,Shipping,Noackallee 43,Millerchester,Northern Territory,G7T 8H1,  Islande  ,False,  2024-07-11 14:03:47.228395  ,13.9991035,34.850026,,False,
50844,CUST_01459,Shipping,Ronda Dionisia Lobato 381 Puerta 3 ,North Jeffreychester,La Rioja,97166,Somalia,False,2025-02-06 21:49:22.822000,,,,,
51280,,Billing,,Sparksmouth,,M5H 2N2,,,2024-11-10 11:16:34,,-999,1/,,
50147,CUST_01120,Shipping!,"Studio 2
Thomas isle",Badibling,Cuenca,N5M 8M2,Etiopía,False,2024-04-16 12:24:36.311000,28.946599,-7.735136,,False,
50272,CUST_01131,Both,25472 Jennifer Heights Apt. 222,  North Elliottshire  ,Western Australia,H1J6Y6,Holy See (Vatican City State),False,2024-10-08 09:12:47.308000,53.2486915,-114.775541,,True,
50032,CUST_01356,Both,"Flat 0
Jones mill",South Travisshire,Georgia,M1D 8SZ,Swaziland,False,  2024-02-21 21:10:10.805914  ,12.1069495,57.684029,Apt. 047,,
50622,CUST_01145,Shipping,41884 Kristen Summit,Flöha,Texas,08110,guadeloupe,False,2025-02-16 15:43:16.596000,25.3742695,-56.257518,,True,
  50327  ,CUST_01045,Shipping,"6, chemin Thibaut Cousin",West Douglasshire,Almería,J1H2V9,BANGLADESH,False,2023-10-12 15:52:58.201000,63.8293785,123.742223,,True,
50022,CUST_01216,Billing,"Studio 73
Williams station",Saint Henri-sur-Mer,Tarragona,DN1P 5XT,Bahamas,False,2025-05-10 10:22:45.495000,66.787623,-169.513864,Apt. 455,False,2025-07-27 21:54:58.129000
50588,CUST_01348,Shipping,7567 Hayes Divide Suite 602,Moodyburgh,Northern Territory,B6 2LP,Angola,False,2024-06-22 12:57:08.893000,57.4592825,-57.733398,Suite 265,False,2025-03-05 23:08:17.335000
50737,CUST_01153,Both,9433 Kathleen Mews Apt. 389,Sainte SusanVille,Virginia,18308,Turks and Caicos Islands,False,2025-05-21 13:23:26.513000,-52.5353795,-64.925881,Piso 9,,  2024-09-27 21:10:35.498064  
50345,CUST_01231,Shipping,15081 Kelly Fields Suite 003,Clivebury,Hamburg,H3J 5A2,Switzerland,False,2023-12-19 06:37:07.970000,-60.211983,-67.129667,,,
50262,CUST_01074,Shipping,"47, RUE LÉON MARIE",Soria,Madrid,B05 3SL,Nicaragua,True,2025-06-21 04:58:45.493000,,,,False,2024-09-25 02:00:06.364000
50225,CUST_01360,S,Tony-Meyer-Gasse 88,,Valencia,,Moldova,,2024-09-21 01:00:58.962000,,,,Unknown,
51202,CUST_01459,Billing,"68, avenue de Dubois",Jaén,Victoria,29138,Bulgarie,False,2025-04-03 02:27:32.193000,,,,False,
51192,CUST_01376,Both,041 Cervantes Forges Apt. 326,Segovia,Sachsen,T2M7E1,Saint Barthelemy,False,2025-03-12 21:03:30.687000,  -84.515015  ,-45.689585,,True,
51483,CUST_01179,Billing,Stollweg 5,Soria,Niedersachsen,T8X 8S9,Perú,False,2025-08-20 02:00:35.166000,-45.7772865,-107.294669,,,
50219,CUST_01227,Shipping,"70, boulevard de Bertrand",North Justin,Bayern,1164,  Tschad  ,False,2024-05-30 03:43:12.753000,-84.878701,168.649954,,False,
50461,CUST_01498,Both,"Flat 2
Lorraine viaduct",Wolmirstedt,Kansas,2399,  Thailand  ,True,2025-04-21 21:00:51.438000,,,,True,
  50320  ,,Shipping,,Teruel,,M5H 2N2,,,2024-09-21 22:26:24,999,-999,,True,
51315,CUST_01209,Both,905 Benjamin Spring Apt. 153,Guadalajara,Lleida,17448,Puerto Rico,False,2024-09-02 16:32:43.457000,33.697019,-8.861592,Studio 4,  False  ,
51161,CUST_01467,Both,Callejón Eloy Casal 38,West Gloria,Huelva,26996,Antarctica (the territory South of 60 deg S),False,2024-01-29 09:48:17.728000,,,,,
51209,CUST_01332,Billing,2 Jake stream,Kennethview,Montana,G5C7B7,Tunisia,False,  2024-04-30 10:31:02.866941  ,,,,True,2024-09-15 19:15:17.055000
50019,CUST_01250,Billing,Pieperweg 1,  Soria  ,Mecklenburg-Vorpommern,14050,  ANGUILLA  ,False,2024-03-06 20:59:35.050000,74.087607,-140.900642,,True,
50471,CUST_01111,Shipping,5749 Ethan Cape Suite 290,Port Lawrence,Hessen,6026,Sudáfrica,  False  ,2025-08-07 18:16:37.108000,61.7740465,128.39972,,True,2025-03-28 11:58:13.002000
51370,CUST_01255,Billing,boulevard Fischer,Girona,Baden-Württemberg,C1C 4G7,Maldives,false,2024-07-01 19:53:19.552000,,,Flat 96 ,,
50727,CUST_01140,Shipping,Ira-Stahr-Weg 2,Albacete,Iowa,2619,Falkland Islands (Malvinas),False,  2024-07-15 15:28:42.138175  ,57.5576215,109.716658,,True,2025-01-28 17:52:21.328000
50375,CUST_01358,B,Alameda de María Manuela Patiño 48 Apt. 60 ,,Guadalajara,,Suriname,,2025-05-13 14:12:41.886000,32.348729,  142.909287  ,,,
51062,CUST_01413,Billing,453 Samantha Skyway,Morganstad,Western Australia,  12092  ,Belize,False,2025-02-02 13:44:07.463000,37.987364,-150.502136,6/,True,
50603,CUST_01132,Billing,4734 Emily Well,Lake Lucy,Tennessee,74322,Mauricio,False,2025-08-05 13:06:19.118000,,,,False,
50797,CUST_01399,Billing,8566 Finley Wells Apt. 636,New Sallyfurt,Saarland,40241,Gambie,False,2025-03-20 10:15:23.844000,-9.3343145,-160.577223,,False,2025-08-27 19:59:14.047000
50731,CUST_01012,Shipping,683 Barbara locks,Saint Diane,Washington,71290,Uganda,False,2025-08-21 15:45:30.120000,-73.6784695,-134.669311,Apt. 726,False,
51066,CUST_01043,Billing,201 Kimberly Shores,Jackmouth,Tasmania,19440,Cocos (Keeling) Islands,False,2024-04-27 19:08:09.035000,-30.781164,-46.368999,Suite 526,True,
50059,CUST_01000,  Shipping  ,058 Lance Mission Apt. 054,New Brookefurt,Palencia,94142,United States of America,False,2024-10-31 14:32:30.274000,  -3.6908165  ,75.351388,,False,
  50228  ,CUST_01080,BOTH,9222 Kayla Center,Gütersloh,New South Wales,B94 7UU,Tadjikistan,false,2024-11-27 03:24:48.807000,,,Level 4 ,,
51160,,Both,,  Apolda  ,,M5H 2N2,,Maybe,2025-06-24 22:14:56,,999,Suite 166,False,
50530,CUST_01287,Shipping,Stephanie-Margraf-Ring 31,Castellón,Nordrhein-Westfalen,E3M6J3,Seychelles,  False  ,2025-04-06 00:59:40.594000,-47.602455,175.725696,,,2025-01-06 05:08:05.586000
50664,CUST_01197,Billing,Cuesta de Javier Rosa 201,grondin,Alicante,KA81 8TF,Saint Pierre and Miquelon,False,2024-02-16 14:39:01.069000,-80.171004,-173.71978,,False,2025-02-05 16:41:53.572000
51452,CUST_01479,Shipping,Wernerweg 557,Turnerland,South Australia,RM5 5JW,Bangladesch,False,2025-01-26 00:07:31.304000,4.413689,135.470982,9/,,2025-08-03 22:52:31.275000
50637,CUST_01223,Shipping,Heinz-Otto-Mosemann-Platz 1/1,Hünfeld,Thüringen,N9X5G4,Suriname,False,2024-07-22 22:59:26.564000,-1.911933,-18.633276,,True,
50379,CUST_01073,Billing,6201 Mccann Fall,New Debrashire,Burgos,30136,Gabon,False,2024-11-18 12:02:34.145000,85.23385,21.526114,,True,2025-05-19 22:23:55.443000
50563,CUST_01108,Billing,plaza florencia uría 6,South Audreyfurt,Jaén,25214,Christmas Island,False,2024-07-20 09:24:41.982000,44.132318,-80.911678,,True,
50370,CUST_01203,Billing,40901 Alexa Avenue,Cassandramouth,Rheinland-Pfalz,P1R 6R6,Brasil,True,2024-08-08 19:01:12.882000,17.859609,  -105.448478  ,Level 7 ,,
50212,CUST_01425,Both,Avenida Perlita Mateu 4 Puerta 1 ,New Paul,Queensland,80283,Sierra Leone,False,2024-07-09 07:20:53.643000,81.429404,12.180118,,True,2025-02-23 19:19:32.633000
50172,CUST_01392,Billing,555 Lloyd terrace,Saint Marguerite,Schleswig-Holstein,PO9H 5RE,Equatorial Guinea,False,2025-02-19 20:55:26.287538,,,Puerta 7,False,
50236,CUST_01303,Both,"85, boulevard de Ruiz",Burgos,North Dakota,30768,Albania,FALSE,2025-07-22 01:49:18.856000,69.527856,-133.251485,,True,2025-02-26 18:48:47.599000
50768,CUST_01364,Shipping,Rädelweg 9/1,West Leahchester,Tasmania,2397,Angola,False,2024-11-17 10:33:14.614000,,,,,
50088,CUST_01359,Shipping,52742 Jill Turnpike,East Cheryl,Las Palmas,41188,Paraguay,False,2024-01-23 00:01:35.158000,,,,,
51227,CUST_01493,Billing,52007 Ayers Island Apt. 420,JacquesBourg,Hessen,60809,Botswana,True,2023-11-06 11:20:12.873000,22.098059,-128.435169,Suite 856,,
50779,CUST_01018,Both,39209 Amber Isle Suite 107,North Stevenhaven,Badajoz,87119,Greenland,False,2024-04-12 11:08:10.644000,14.438865,-84.894605,Apt. 913,True,2025-04-28 18:25:55.831000
51126,CUST_01392!,  Billing  ,2616 Lynch Forge Suite 881,Sainte Éléonore,Australian Capital Territory,27656,Tadschikistan,False,2024-09-08 23:07:19.823000,,,Apt. 899,,
50982,  CUST_01417  ,Billing,16715 Brown Pine Suite 905,East Brittany,Schleswig-Holstein,33157,Kanada,False,2025-02-25 16:15:08.883000,,,Flat 44,True,  2024-11-26 08:21:33.790743  
50162,CUST_01210,  Shipping  ,  21/021 Pruitt Plateau  ,Marshtown,Western Australia,2619,kazakhstan,True,2023-10-26 06:54:29.797000,-5.647393,101.759468,Puerta 7,true,2025-06-07 20:43:08.329000
50229,CUST_01102,Billing,977 Ramos Roadway,Saint Emmanuelle,Hessen,24728,Azerbaijan,False,2024-05-21 23:22:45.469000,-81.294078,  130.361161  ,,False,2025-04-17 14:32:48.117000
50395,CUST_01439,Both,09 George way,Russellport,Queensland,V7B1X5,Ethiopia,False,2024-04-01 23:06:11.510000,22.2259385,-8.286733,,  True  ,
51251,CUST_01270,Both,"5, rue de Guillot",Port David,Pontevedra,2610,Albania,False,2024-06-01 19:09:21.255000,,,,,2024-10-16 05:59:00.149000
51167,CUST_01357,Shipping,0 Chandler Common,Málaga,Santa Cruz de Tenerife,95888,Syrian Arab Republic,True,2024-05-09 08:14:20.116302,,,0/,  False  ,2025-05-08 14:57:51.028000
50796,  CUST_01338  ,  Billing  ,983 Sherry Artery,Michaud-les-Bains,New South Wales,14305,Italy,True,2023-09-20 05:50:02.307000,,,apt. 841,False,
50166,CUST_01003,Billing,27261 Carr Field,Bützow,Alicante,77982,Albania,False,  2025-02-28 19:28:49.276824  ,26.181651,134.134289,Suite 373,,2025-08-12 21:06:15.630000
51114,  CUST_01294  ,Billing,Gustav-Scheibe-Ring 7/6,Maillard,Soria,54182,Solomon Islands,False,2024-10-09 17:25:02.789000,-78.013416,-49.225266,Apt. 040,False,
51276,CUST_01354,Shipping,C. de Cándida Domínguez 72,Ourense,Vermont,  2043  ,Mozambique,False,2025-07-12 18:34:22.038000,74.0741675,-3.160185,Suite 347,,
50473,CUST_01141,Both@,7937 Hall Views,Murcia,Victoria,94455,Belgium,False,2024-07-13 13:41:49.463000,64.621977,159.640516,,  False  ,
50961,CUST_01497,Billing,Gotthardstr. 2/2,North Patrick,Asturias,5962,Uganda,False,2024-06-11 09:07:52.446000,71.2808335,-97.150118,,,2025-08-09 09:19:25.111000
50068,CUST_01248,Both,1531 Anderson Knoll,Weiss,Western Australia,22170,Cook Islands,False,2025-04-09 21:52:41.178000,-5.2828935,96.694456,,,
50457,CUST_01176&,Shipping,Rotraut-Gertz-Allee 6/1,dannyland,Valladolid,  H8N 7E3  ,Niederländische Antillen,False,2024-02-02 22:10:45.260000,41.829463,-26.406957,,True,
50949,CUST_01464,Billing,Vial Patricia Carranza 50 Puerta 8 ,Port Feliciamouth,nebraska,2672,Bangladesh,False,2023-10-30 22:58:16.952000,  -46.282792  ,-172.038185,,,
51154,CUST_01487,Both,"Studio 44
Andrew summit",Jülich,Ohio,64774,Costa Rica,FALSE,2025-08-18 03:08:23.413000,-69.503648,-79.122761,Studio 38E,False,
50048,  CUST_01409  ,Billing,"70, rue Gérard De Sousa",Ciudad,Queensland,73142,Namibia,  False  ,2025-04-25 22:35:08.559000,-1.802968,-100.782456,Apt. 900,,2025-08-04 04:07:48.151000
50543,CUST_01333,Billing,"36, boulevard Fernandes",Karlsruhe,Hawaii,65716,Gambia,False,2024-12-09 19:12:34.176000,,,,  True  ,2024-12-15 02:48:25.693000
50762,CUST_01338,Billing,9 Kevin Glade,St. Daniel,Soria,IM3 1ZX,Österreich,True,2025-02-10 00:11:44.582000,-18.1130875,-70.620557,,True,2025-03-31 14:36:08.035000
50117,CUST_01141,Shipping,Paseo de Ariadna Carbajo 914 Piso 8 ,Valladolid,Murcia,CF34 7LQ,Bolivia,False,2025-06-03 02:23:17.874000,,,,,2025-06-19 13:17:31.209000
50113,CUST_01474,Shipping,Suzanne-Weihmann-Platz 82,Mullenbury,Santa Cruz de Tenerife,S60 7YS,Albania,False,2024-02-13 22:13:59.963000,,,,True,2025-06-11 00:59:45.043000
50548,CUST_01344,Billing,1184 Morgan Inlet,  Tranland  ,Victoria,34482,Cambodia,False,2025-01-19 04:02:03.231000,-85.5119625,10.018211,,True,2025-04-16 17:57:16.153000
50939,CUST_01014,Billing,Suite 316 44 Rose Dell,Martel,Valladolid,55812,Tonga,False,2025-04-09 03:07:03.189000,-11.5316215,154.833334,Suite 776 ,True,
50571,CUST_01444,Shipping,"Flat 2
Thompson streets",Mitchellport,Niedersachsen,16151,Swaziland,False,2025-08-04 03:08:25.809000,43.6720565,-111.755639,,  True  ,
50482,  CUST_01102  ,Shipping,"41, chemin Humbert",Johnchester,Idaho,2941,Qatar,False,2025-02-05 21:04:33.665000,39.852627,82.623492,,False,2025-02-06 17:48:35.339000
50302,CUST_01144,Shipping,Urbanización Leyre Frutos 54 Puerta 7 ,Port Melissa,South Australia,62620,Estonia,False,2024-12-04 05:24:16.536000,9.2238745,167.481951,,,2024-10-10 13:51:20.697000
50477,CUST_01343,Shipping,9 Sheila plain,Álava,Albacete,M9S 3T8,Uruguay,True,2025-02-14 05:29:53.701000,-57.8036925,52.071014,,True,
50119,CUST_01282,Both,Urbanización Esteban Montserrat 86,Teresachester,León,83551,Bosnia y Herzegovina,True,2024-09-20 16:01:08.433430,9.0717885,82.016886,,True,2025-04-09 19:34:25.487000
51108,CUST_01250,Billing,673 Kyle trace,Bernardhaven,Maryland,44970,Palestinian Territory,False,2024-12-27 23:45:05.186999,-51.0098375,146.313742,,,
51076,  CUST_01355  ,Both,997 Gonzales Riverway,St. Mollymouth,Michigan,26483,Equatorial Guinea,False,2024-12-23 04:14:05.816000,67.8568125,46.549871,Apt. 32,False,2025-02-16 20:52:23.287276
50205,CUST_01229,Both,"Studio 4
Turner mountain",  Hohenmölsen  ,Wisconsin,M6 8UG,Ukraine,False,2024-03-10 16:48:15.409000,,,,False,
50846,CUST_01188,Both,Pasaje Rómulo Rosell 77,Daviesborough,Western Australia,2485,Botsuana,True,2025-08-13 19:42:49.165000,18.042709,33.486394,Flat 28,,2024-10-17 12:32:49.213000
51349,CUST_01012,Both,"1, rue Wagner",Lake Jared,Indiana,04333,El Salvador,True,2023-12-09 10:44:59.584000,54.258865,  96.294408  ,Apt. 089 ,True,
50546,CUST_01367,Shipping,matthias-löchel-ring 90,Seelow,Illinois,G0 2RP,Montserrat,False,2024-08-28 11:04:01.045000,,,,,
50920,,Both,,Stephensontown,,SW1A 1AA,,Unknown,2025-04-20 22:51:11,,,Suite 801,,
50423,CUST_01123,Shipping,Knappegasse 4,  Sainte Manondan  ,La Rioja,Y6S2X3,Japan,False,2024-01-17 05:46:19.767000,-46.337057,54.009233,,True,2024-12-22 08:46:39.296000
51029,CUST_01173,Both,48433 James Row,Jeremyhaven,Baleares,15069,Ecuador,False,2024-11-19 15:12:21.383000,20.5203625,-27.900051,,,
50822,CUST_01337,Billing,276 RONALD FREEWAY,Christinahaven,Sachsen,S5S6K5,Guyana,False,2024-02-18 18:07:34.302000,-20.905287,-140.811683,,False,
  50960  ,,,,,,XXXXX,US,Yes,,,,,True,
50161,CUST_01275,,,123,Melilla,,,,,,,,,2024-09-19 22:20:40.782000
51027,CUST_01243,Both,6 Alexander ferry,Danielboeuf,Utah,H2M 5E3,Iraq,False,2024-08-25 22:39:59.734000,,,Flat 2,False,2025-01-02 07:49:50.425000
50716,CUST_01185,Billing,Cuesta de Abril Montesinos 95,Neunburg vorm Wald,Victoria,B5C 8TR,Nepal,False,2025-02-23 22:45:40.323000,-75.7470265,-82.476055,,True,
50401,CUST_01302,Shipping,123 Amanda Highway Apt. 242,Lake Michaelstad,Berlin,26945,Niue,False,2023-09-17 15:00:09.107000,-31.1375825,-29.842679,Apt. 338,True,
50341,CUST_01169,Shipping,080 Horn Lookout,Halltown,Jaén,2609,Bhoutan,False,2024-12-28 12:10:23.210000,,,,True,
50847,CUST_01234,Billing,Flat 01 282 Rachel Trail,Perrin,Tasmania,ST91 5AR,Lithuania,True,2023-11-18 09:31:59.766000,,,,True,
  51463  ,cust_01336,Billing,08523 Michael Village,  Huet  ,  Hamburg  ,  32832  ,Saint Lucia,True,2023-12-26 19:19:57.483000,,,,False,2025-07-26 11:34:40.945000
50357,CUST_01042,Both,372 Hoover Ville,Port Jack,idaho,Y2R 1H5,Kazakhstan,False,2024-01-18 00:05:37.642000,,,,,2024-09-21 20:13:34.893000
51324,CUST_01140,Shipping,213 Manuel Points,Brilon,Burgos,WS67 4DU,Algeria,True,2024-12-31 15:05:20.208000,57.0639265,-130.478107,,True,  2024-10-21 07:40:53.528310  
50674,CUST_01247,Billing,"Flat 05t
Melissa lane",Quedlinburg,South Dakota,2263,  Isle of Man  ,True,2025-05-27 07:57:40.899000,33.486659,10.63055,,True,2025-09-09 01:00:54.807000
50566,CUST_01091,Both,3523 Lopez Lodge,Lake Dianahaven,Valladolid,82305,Gibraltar,false,2024-08-02 04:58:44.545505,-11.3593775,48.878378,Suite 079,False,2025-02-15 04:36:49.005000
50462,CUST_01108,Shipping,  9918 Potts Groves  ,Sharonfort,Mecklenburg-Vorpommern,07756,Singapore,False,2025-04-24 16:57:38.681000,73.2460415,23.682589,Apt. 078,True,
50299,CUST_01411,  Both  ,272 Richard Rue,New Francesca,Victoria,21932,Lesotho,False,2025-02-28 01:12:56.305000,-43.43208,138.375409,Suite 911,False,
51464,CUST_01439,Billing,67132 Wanda Island Apt. 423,BesnardVille,Lugo,2042,Zaïre,False,2024-02-01 14:04:19.625000,87.4666755,  136.776657  ,,TRUE,2025-03-23 18:16:40.888000
50763,CUST_01338,Billing,"Flat 83
Kirsty turnpike",North Tricia,Albacete,2649,China,False,2025-06-04 07:12:11.300000,65.175575,-66.134444,,True,2024-11-01 11:30:43.629000
  50522  ,CUST_01310,Shipping,C. de Lilia Vidal 26,Port Jose,Washington,KA5 3UH,Bhutan,False,2024-12-22 00:23:26.061000,33.0084055,83.913355,,True,
51037,CUST_01152,shipping,Stollstr. 35,North Stuartfurt,Hawaii,E5R 1K2,Czech Republic,False,2024-03-26 20:10:44.684388,-32.1671455,177.49351,,,2025-07-10 14:11:31.115000
51069,CUST_01237,Shipping,502 Kristin Highway Suite 780,Huesca,  North Dakota  ,T4A 9J3,French Guiana,FALSE,2024-10-19 19:18:01.799000,-51.3403885,-49.53206,Suite 797,True,
,,,,,,,,,,,,,,
51186,CUST_01414,Shipping,Hans-Otto-Tlustek-Allee 073,Vizcaya,Huesca,20499,Arabia Saudita,False,2024-01-15 04:52:44.130000,1.9942095,179.375189,,True,2024-12-04 22:16:15.008000
50708,CUST_01480,Both,15 Amanda Gully,Eisenberg,Sachsen,G6K 3PW,Suède,  False  ,2024-06-06 08:06:11.215000,45.4206535,120.612019,,True,2025-01-30 03:37:32.585000
50154,CUST_01484,Both,513 Walker Well,Frenchmouth,Niedersachsen,37574,Cabo Verde,False,2023-10-19 05:34:10.959000,66.6521195,153.211455,,False,2025-02-28 17:39:19.852000
50805,CUST_01174,Home,Vial Dionisio Bernad 88 Apt. 84 ,EAST MICHAEL,Hamburg,3744,Tayikistán,False,2025-06-21 08:43:47.227000,,,,,
50377,CUST_01216,Both,330 Melissa Stream,Traceyburgh,Oklahoma,2956,Malaysia,false,2025-03-16 12:24:45.002000,-70.720102,-28.044126,,True,
50179,cust_01419,Both,"695, rue Aimé Bouvier",Barcelona,Thüringen,2615,India,False,2024-10-17 00:10:36.354000,,,Flat 64,,2025-05-03 01:02:29.544000
50498,CUST_01001,Billing,"37, boulevard Susan Duval",Deggendorf,Nebraska,08826,Kenya,True,2025-02-10 02:16:08.955000,-63.8341305,  112.102596  ,  Suite 092  ,true,2025-09-03 10:34:10.368000
50980,CUST_01444,  Primary  ,,VALLADOLID,,R6H3H2,,False,1988-01-09 03:18:30.797000,-5.4703925,  38.721865  ,,,2024-09-13 16:06:28.649000
51011,CUST_01378!,Billing,057 Michael Row Apt. 879,Blondel,niedersachsen,M9P 4X2,Georgia,False,2024-04-22 10:12:38.730000,,,,False,2025-08-22 14:17:58.144000
50487,CUST_01375,Billing,Avenida Anna Ribes 1,Brilon,Cantabria,40694,Indonesia,True,2024-05-03 11:57:10.018000,-83.710033,-32.870665,,,2024-11-22 06:49:07.333000
50145,CUST_01356,Both,Flat 60 9 David Villas,West Teresa,Northern Territory,55993,Pitcairn Islands,  False  ,2024-02-04 12:28:58.823000,,,,True,2025-04-26 08:24:19.992000
50931,CUST_01358,Billing,  51432 Bonnie Cove Suite 308  ,Madrid,Santa Cruz de Tenerife,LL9 5LF,Bermuda,False,2024-10-12 07:42:03.392000,-21.7174455,-7.484007,,True,
,CUST_99999,,,,,,GB,,,,,Flat 00A,Unknown,2025-06-30 17:54:59.019000
50497,CUST_01209,Shipping,chemin de Fontaine,Soltau,LA CORUÑA,91661,Ghana,False,2024-12-09 18:28:18.627000,-81.8324505,72.763808,,False,
50152,CUST_01404,Billing,"594, rue de Leduc",Vanessamouth,  Niedersachsen  ,32830,Saint Kitts y Nevis,FALSE,2025-01-04 12:37:54.088800,,,,,
50866,CUST_01306,Billing,rue Guérin,Simonland,South Australia,69292,Osttimor,False,2024-08-05 02:12:17.229000,34.049956,-3.817114,,False,
50130,CUST_01130,Shipping,36 Nelson Brow,Mathieu,Idaho,B6B 4NP,Micronesia,False,2023-09-15 20:14:34.212000,-11.725539,-16.839935,,True,
50528,CUST_01402,Billing,  939 Hodgson branch  ,Soltau,Western Australia,33498,MADAGASCAR,False,2024-03-25 19:04:15.522000,,,Piso 1,,2024-11-12 17:43:37.809000
50458,CUST_01073,Both,268 Nicholas prairie,Kimshire,Michigan,SS8R 3YU,Heard et McDonald (Îles),False,2024-12-04 19:24:20.446000,,,Apt. 302,False,2025-07-17 23:10:48.118000
50328,CUST_01198,Billing,79/287 Contreras Courtyard,Port Matthew,Texas,2812,Amerikanische Jungferninseln,False,2024-12-13 07:18:12.094000,-7.094226,166.367466,Apt. 996,,  2025-05-02 10:41:18.088867  
50689,CUST_01342,Billing,2 Billy tunnel,Ahmedside,Nebraska,89123,Macau,True,2024-06-26 17:58:01.634000,32.7237235,44.252943,,,
50418,CUST_01017,Both,unit 65 559 lewis upper,South Dustin,Tasmania,05715,Letonia,False,2025-07-25 02:05:32.944000,,,Flat 47 ,False,
50663,CUST_01427,Shipping,3214 King Unions,Lake Richard,Brandenburg,2919,Tuvalu,False,2024-05-04 05:16:46.586000,0.2340355,73.072267,,,
51045,CUST_01378,Both,9626 Richard Glen,Guipúzcoa123,Tasmania,  ME4B 2QN  ,Saint Helena,False,  2023-10-27 12:09:36.691288  ,35.2371355,111.415403,,,
51451,CUST_01477,Both,51 Hall Cross,Barcelona,New South Wales,2908,Grenada,  False  ,2025-04-11 10:48:34.598000,,,,True,2025-05-05 00:59:57.500000
51432,  CUST_01234  ,Billing,"Studio 50
Kayleigh greens",Port Christian,Las Palmas,2672,Noruega,False,2024-11-14 18:25:41.946000,-77.2169775,-30.132912,,False,
50208,CUST_01219,Billing,  Rambla Angelina Bravo 150  ,Lake Tina,Schleswig-Holstein,06524,Libyan Arab Jamahiriya,False,  2024-07-25 14:34:16.262871  ,55.689068,83.116139,Apt. 812,True,  2025-04-04 05:51:45.009519  
51129,  CUST_01287  ,Both,Linkeplatz 236,Baleares,Ceuta,76367,Eritrea,False,2025-05-04 12:47:05.433000,  58.9437545  ,-9.093036,,True,
51179,CUST_01114,Shipping,4773 Mendez Greens,Port Katyview,Barcelona,hx7 6le,Guam,False,2024-12-26 11:43:20.534000,,,,True,2025-04-28 18:43:52.066000
50688,CUST_01275,Billing,Avenida de Tamara Yuste 92 Piso 9 ,West Mark,maine,66094,Montenegro,False,2025-04-10 18:43:44.678000,,,,True,2024-11-19 06:48:06.525000
50315,CUST_01041,Primary,"714, rue Clémence Loiseau",MELLRICHSTADT,Albacete,SR3 5TJ,Djibouti,  False  ,2025-07-05 01:54:45.721000,71.625022,172.701713,,,
50741,  CUST_01486  ,Shipping,Suite 968 2 Barber Link,ChartierVille,Bayern,45334,BOUVETINSEL,False,2025-07-01 21:40:27.805000,,,,  True  ,2025-06-24 20:15:48.879000
51378,CUST_01401,Billing,443 Laura Harbor,Görlitz,Ohio,32816,Djibouti,True,2025-01-29 11:05:44.829000,,,,,2025-07-19 16:21:27.833000
51080,CUST_99999,,,,,00000,Great Britain,N,,,,,Pending,
50534,CUST_01090,Both,"Studio 84
Conway dam",Zamora,Saarland,30218,ukraine,True,2024-01-22 12:47:08.562000,-28.882003,14.456683,,,
50766,CUST_01436,Shipping,Bruderring 066,Lüdinghausen,Berlin,02210,Kenia,True,2024-04-15 12:02:51.878000,-65.7612785,  -59.313864  ,,,2024-09-09 20:11:25.813000
50448,CUST_01095,Shipping,54882 Jennifer Divide Apt. 691,North Thomas,Mecklenburg-Vorpommern,45466,Kasachstan,False,2024-06-27 13:35:57.188000,,,,True,
50307,CUST_01328,Both,Bauerring 659,Ericland,Teruel,74905,Palau,False,2025-08-04 15:10:58.081000,62.782304,-66.523282,,,2024-09-27 01:01:40.867082
51303,CUST_01291,Both,14617 Victor Plain Apt. 452,Briand,Las Palmas,64630,Palästinensische Gebiete,True,2024-11-13 18:31:22.106000,50.8579195,72.671384,,,
50430#,CUST_01482,  Both  ,boulevard de Samson,Port Julie,Indiana,  43432  ,Cyprus,FALSE,2025-02-22 14:59:16.194000,-18.1692135,78.543542,,,
50290,CUST_01304,Billing,Alameda Fortunato Aller 850 Puerta 6 ,De Oliveira-la-Forêt,Vermont,6056,Irlande,False,2024-11-01 06:00:13.728000,41.0927695,-69.453813,,,
51478,CUST_01018,Shipping,Löchelallee 2/1,Nortonland,Teruel,58602,Lebanon,True,2024-07-25 22:32:14.471000,,,,,2025-07-22 02:38:30.027000
50394,CUST_01268,Billing,4 Marcus squares,Ryanville,Queensland,39744,Peru,True,2024-02-24 13:59:04.794000,17.718629,-32.971656,,False,
50013,CUST_01459,BOTH,353 Wagner Glen Apt. 164,West Kellieview,Western Australia,90537,  Albanie  ,False,2023-11-03 23:40:13.256000,-49.9885445,-160.657541,,True,2025-01-22 02:44:59.350231
51081,CUST_01015,Billing,Abdullah-Zahn-Weg 071,North Patrickview,Queensland,V6J8B8,Bhutan,False,2024-12-05 05:18:20.710000,24.673796,131.183163,,  False  ,2025-04-27 16:34:52.320000
51120,,Primary,,douglasborough,,SW1A 1AA,,Maybe,2024-04-13 20:52:59,,,,,
50877,CUST_01296,  Shipping  ,640 Kevin Distributor,Harrisfort,Segovia,83336,Senegal,False,2024-08-03 09:04:27.336000,-22.604208,-55.151652,Puerta 8,,
51196,CUST_01397,Both,"  Studio 71
Murray common  ",Solomonshire,Berlin,SN6 5DR,Mauritius,False,2024-02-26 09:22:21.591000,,,Apt. 305 ,False,
50138,CUST_01467,Shipping,Carina-Graf-Straße 2,Lefebvre,Álava,G6N 1H1,Namibia,False,2025-07-11 00:51:52.550000,-60.224982,  102.552408  ,Apt. 103 ,False,2025-01-20 12:49:40.742000
50159,CUST_01454,Billing,87375 Aaron Skyway,Port Audreyfort,New South Wales,34535,Saint Kitts and Nevis,true,2023-11-23 00:18:25.785000,82.96284,65.216449,,False,
50055,CUST_01412,Both,910 Eric River Apt. 147,Nelsonhaven123,Minnesota,2619,Philippines,  True  ,2024-11-16 07:04:33.904000,89.082033,-155.616739,9/,,
  50605  ,CUST_01383,Shipping,Level 2 7 Ward Mount,Nicolemouth123,Schleswig-Holstein,4205,Zaïre,True,2025-08-27 21:00:10.293000,70.7371515,110.023595,,,2025-07-10 03:31:05.462000
51170,CUST_01413,,,Lake Calebport?,NT,,United Kingdom,N,,,,,Unknown,  2025-02-18 08:12:33.417200  
50155,CUST_01015,Billing,684 Collier walk,Thomasburgh,  New York  ,N8B 5A4,Croacia,True,2025-03-21 11:05:34.876000,-66.3665805,149.896299,Flat 35,,2025-04-28 15:17:27.081000
51070,CUST_01168,Both,"Studio 20K
Saunders stravenue",  Rossmouth  ,Montana,RG32 3AE,Burundi,False,2025-05-04 23:46:19.442000,  -76.843883  ,98.09503,,,2025-03-12 02:47:51.184000
51388,CUST_01381,Billing,4/703 Cruz Wade,Smithmouth,Teruel,G12 1YH,Países Bajos,True,2025-06-03 01:00:25.154000,,,,,2024-11-08 12:55:52.029000
51480,,Shipping,,New Angelatown,,M5H 2N2,,Maybe,2025-08-12 15:03:19,,,,True,
50190!,CUST_01493,Both,8 Thornton unions,Arnoldtown,Georgia,7611,Cyprus,False,  2023-11-07 11:44:57.680838  ,13.1667275,149.620264,Puerta 0,,
50995,cust_01257,Billing,Hilda-Ullrich-Ring 6,La Coruña,  Wisconsin  ,86794,Suisse,False,2024-06-18 14:05:01.281000,,,Suite 998,,  2025-03-26 01:37:18.836591  
50908,CUST_01023,Billing,"Flat 21
Grant turnpike",Córdoba,Sevilla,2067,Salomonen,False,2023-10-28 10:45:07.316000,-58.2188065,130.345847,85/,,2025-09-03 03:01:30.017000
50985,CUST_01230,Both,9 Barber canyon,West Shane,Victoria,31158,Niger,False,2024-11-16 17:41:01.994000,-20.6665295,55.845272,,,
50017,CUST_01369,Both,8 Michael Bridge,Schwerin,Brandenburg,84656,Guyana,False,2023-12-12 00:04:46.942000,,,,False,2025-05-10 02:54:10.614000
50422,CUST_01241,Both,Pölitzweg 727,Bad Freienwalde,Queensland,4296,Guernsey,False,2025-08-05 17:08:43.624000,,,,,
51331,CUST_01096,Shipping,Flat 63 12 Richard Circlet,Rossville,Saarland,38104,Biélorussie,False,2025-03-10 08:50:29.755000,-22.0693725,-137.334242,529/,,
51007,CUST_01365,Both,81 Aguilar Grange,Jacksonside,South Australia,65553,costa rica,True,2023-09-26 17:11:56.179000,-85.465004,77.154003,Apt. 894 ,False,2024-10-08 05:11:02.813000
51389,CUST_01231,Shipping,"72, rue Joséphine Leclerc",West Rebeccashire,Ourense,TA0P 6BL,HEARD ET MCDONALD (ÎLES),True,2023-11-18 01:16:21.133000,,,,True,
50971,CUST_01222,Both,539 Sandra Causeway Suite 700,  New Johntown  ,Rheinland-Pfalz,  Y4L 9A3  ,Belgium,False,2024-10-08 05:01:26.520000,-33.895349,25.416988,,True,2025-06-17 02:40:56.307000
50930,CUST_01111,,,East Janet,MI,XXXXX,GB,T,,,,,False,2024-12-02 08:47:51.354000
51228,CUST_01429,Billing,Vial Amalia Vilanova 288,Guillaume-sur-Morel,Sachsen,63881,Malawi,True,2025-02-07 23:57:55.777367,4.5736605,103.168387,,,
50665,CUST_01392,  Primary  ,15391 Linda Turnpike Apt. 074,DESCAMPS,New York,15179,Malasia,  False  ,2023-11-22 03:19:23.099000,66.465447,129.063052,,,2024-09-09 07:06:19.997000
50081#,CUST_01346,Shipping,"212, chemin Stéphanie Maillot",Faivre,Queensland,65511,  Antilles néerlandaises  ,False,2023-10-08 10:45:07.519000,,,,True,
,,,,,,,,,,,,,,
50923,CUST_01014,Billing,"3, avenue Catherine Delaunay",Jülich,Western Australia,A9T9A7,Suriname,False,2024-07-11 20:54:20.823000,7.546204,41.611334,Apt. 728,False,2025-07-24 09:35:42.972000
50182,CUST_01321,  Shipping  ,Pasaje Feliciano Escamilla 892,East Kathleenbury,Kentucky,B6J 7X8,Turkmenistan,False,2023-10-09 04:07:16.077000,-3.0078225,99.909944,,,
50744,CUST_01264,Both,"94, boulevard Marthe Charrier",Hannahfort,Western Australia,73169,Angola,False,2025-05-10 12:38:55.609000,,,  Studio 06  ,,2024-12-27 19:08:23.121000
50134,CUST_01398,Both,Avenida Leonor Hurtado 96 Apt. 44 ,Navarra,New South Wales,2521,Bahamas,True,2025-04-02 11:56:48.681000,-54.911395,35.060723,Flat 6,False,  2025-05-17 22:06:10.834747  
51199,CUST_01330,Both,473 Amber Key,Lake Meganburgh,  Almería  ,7959,Ungarn,False,2025-04-18 09:53:36.685000,,,,,2025-07-10 03:00:36.112256
51261,CUST_01114,Billing,72162 Foster Brooks Apt. 235,Legrand,Idaho,40452,Palästinensische Gebiete,False,2024-10-28 18:28:14.646000,35.7370755,-57.927095,,False,2025-02-22 13:58:51.078000
50330,CUST_01141,,123,Clémentboeuf123,palencia,XXXXX,United States of America,No,,,,,True,
51285,CUST_01163,Shipping,Sina-Ullmann-Gasse 1,North Gavinshire,South Australia,T3S 2V7,Saint Lucia,False,2024-10-16 16:29:01.823000,-26.2007595,  -55.869572  ,,False,
50999,CUST_01021,Both,"30, chemin Foucher",North Tonya,Berlin,SG9 9SD,San Marino,False,2024-11-18 15:55:12.761000,64.580274,-107.560294,,True,2024-12-17 21:01:45.261000
51153,CUST_01330,Billing,140 Jones Causeway,MalletVille,  Thüringen  ,K2J5Y8,Slowenien,False,2024-05-15 01:57:29.606000,32.193744,-17.625776,,,2024-10-26 02:04:53.330000
51421,CUST_01432,Shipping,5595 Mclean Unions,South Nicoleborough,Tasmania,44124,Reunion,False,2025-03-21 07:41:37.678000,46.62684,120.911161,,False,2025-06-21 23:54:48.937000
50816,CUST_01473,Both,196 Brittany Mission,Pelletier-les-Bains,New Mexico,01034,Chile,False,2024-03-13 06:53:30.015000,-47.5078185,-171.995828,,True,
51485,CUST_01403,Shiping,6 Tapia Courtyard,New Kevin?,Almería,98671,Sri Lanka,True,2025-08-25 15:29:46.565000,34.335517,-172.602059,,Pending,2024-12-06 17:14:55.037000
51347,CUST_01321,Shipping,Geißlerring 3/3,Garmisch-Partenkirchen,Berlin,3522,  Lao People's Democratic Republic  ,False,  2025-03-06 23:03:20.425217  ,-57.204795,3.930904,Apt. 740,,
50790,CUST_01410,Billing,7092 Rebecca Crescent Apt. 523,Eisenhüttenstadt,Victoria,19215,Svalbard et Jan Mayen (Îles),False,2024-09-25 12:26:13.444000,-88.8521915,16.517342,,True,2024-10-13 18:20:02.579000
51204,CUST_01063,Both,  Pasaje Martina Gómez 31  ,Humbert-sur-Giraud,Australian Capital Territory,  4243  ,Djibouti,True,2025-01-21 23:17:39.198000,,,,  TRUE  ,
50686,CUST_01043,Billing,768 Christine Pine Suite 401,Valette-sur-Mer,Nordrhein-Westfalen,WN88 6BH,Oman,False,2024-12-01 21:47:59.838000,-75.665456,178.10672,  Flat 80Y  ,,2025-02-21 04:19:43.729000
50125,CUST_01388,S,2341 Angela Rapid Suite 043,,Victoria,,Oman,,2025-04-04 13:45:52.308000,-25.7523695,27.170742,Puerta 8,,2024-12-06 07:33:21.316000
  50862  ,CUST_01201,Billing,338 Ronald Basin,Guillou-les-Bains,Minnesota,12409,Mayotte,False,2024-01-31 09:57:19.532000,58.941935,-81.240185,,,2025-05-17 04:26:53.908000
50876,CUST_01165,Shipping,Apt. 922 8 Mays Quadrangle,Baleares,Tasmania,95564,Tanzania,False,2023-12-09 01:55:11.816000,-37.240087,164.565624,level 5 ,False,
50942,CUST_01303,Shipping,C. Purificación Cerro 18 Piso 7 ,Belzig,Alabama,43332,Ukraine,False,2024-12-10 04:07:56.436000,39.3077185,-36.163216,Flat 86,,2024-10-12 15:13:14.864000
51026,CUST_01186,SHIPPING,87 Sarah Dell Piso 8 Building 39,,Ontario,,QA,,1745540476,-91,360,,,2024-06-27 05:21:16
50508,CUST_01347,Both,boulevard Colin,Salamanca,Asturias,27303,Jordan,False,2024-05-15 02:00:04.885000,-41.7149995,-99.068014,Flat 55G,False,2024-12-31 21:14:58.455000
50695,CUST_01256,Shipping,Suite 053 4 Smith Point,Martinmouth,Victoria,27977,Britisches Territorium im Indischen Ozean,False,2023-12-19 05:44:05.423000,59.1063635,-130.570553,9/,True,2025-07-24 21:57:50.057000
50831,CUST_01283,Billing,Ziegertstraße 0,Thomasfort,Rheinland-Pfalz,BN2M 3BD,United States Minor Outlying Islands,True,2025-02-27 17:13:17.376000,-20.659061,  81.797719  ,,False,2024-12-04 02:08:16.063000
50892,CUST_01059,Shipping,00099 Sutton Gateway Suite 113,East Alexandraland,Berlin,45829,Indonesia,False,2025-08-20 14:48:54.462000,80.7040055,176.87458,,False,
50507,CUST_01249,Billing,Hedy-Röhricht-Ring 725,Guerrabury,Missouri,TA2 5NS,  Islande  ,False,2023-11-01 08:47:01.184000,,,Suite 863,True,2025-05-11 22:16:09.475000
50629,CUST_01391,Billing,Antje-Gotthard-Platz 524,Saint Anaïs,Northern Territory,61982,Tanzania,  False  ,2024-03-04 17:51:14.458000,,,,False,
51109,CUST_01337,Both,Cañada de Quique Arteaga 38,  Badajoz  ,South Australia,HX57 7GZ,Autriche,False,2025-02-15 18:02:42.090000,68.503104,-26.864248,,,2024-12-12 18:31:34.141000
51240,INVALID,Billing,,New Kathrynshire,,75001,,Maybe,2023-09-14 16:45:08,,,,False,
51470,CUST_01094,,,marques,ID,,,0,,,,,,2025-07-15 07:04:04.302000
50043,CUST_01424,Shipping,Hermighausenweg 748,South Leighshire,Sachsen-Anhalt,74367,Dominica,False,2024-10-31 19:12:18.830000,,,,True,2024-12-26 07:50:14.908000
50531,CUST_01474,Shipping,"464, avenue Victoire Bailly",West Matthew,Rheinland-Pfalz,2936,Islande,True,2024-07-10 17:20:33.056000,18.469697,39.466265,,,2025-05-03 03:09:18.180000
50223,CUST_01390,Billing,Lia-Graf-Gasse 20,Pontevedra,Queensland,BB5B 2WZ,Rwanda,False,  2024-06-09 04:36:28.192387  ,14.0080785,74.394631,,True,2024-11-08 02:00:11.411000
50006,CUST_01321,Both,Alameda Amaya Aliaga 6,Lake Toddland,Northern Territory,82489,Croatia,False,2025-03-14 17:28:40.840000,,,Apt. 039,,2024-11-21 17:31:59.004000
51061,CUST_01470,Shipping,"13, chemin Nathalie Carpentier",North Emma,Lleida,36027,Belice,False,2024-05-09 04:11:20.101000,28.404771,-25.413469,,,2024-12-07 18:27:11.543237
51337,CUST_01045,Both,Haasering 7,Grenier,Hamburg,SK1 3XJ,Costa Rica,True,2024-03-31 11:01:21.187000,,,,True,2025-03-16 03:17:03.502000
50334,CUST_01324,Shipping,Level 6 39 Williams Upper,South Hollyberg,Sachsen-Anhalt,N5S 7LJ,Iran,False,2024-02-10 21:05:17.210000,-1.830429,-108.206537,Puerta 1,,2025-08-12 02:34:53.320000
50139,CUST_01173,Billing,691 Turner Dale Apt. 675,FRANCISSHIRE,Victoria,G7H1A3,Guatemala,False,2025-08-16 18:49:55.949000,81.703872,-124.106247,,,2024-10-30 15:08:13.639000
50891,CUST_01069,Shipping,0091 Bradley Streets,Coxshire,Valencia,60854,Tokelau,False,2025-07-29 17:17:46.868000,56.998791,77.713555,Flat 27,,
50899,CUST_01232,Billing,19 Young lodge,Málaga,Nordrhein-Westfalen,2901,Cookinseln,False,2023-10-23 21:59:30.609000,,,,True,
51024,CUST_01191,Shipping,9325 Danny Square Suite 887,Benoit,Florida,46102,French Guiana,False,2024-11-09 00:15:46.340000,,,,False,
51342,CUST_01465,Shipping,"Studio 23F
Coates points",Castroville,Tasmania,N12 8AX,Saudi Arabia,False,2024-07-02 17:27:54.684000,67.1839745,149.909708,0/,,
50696,CUST_01485,Shipping,Biggenplatz 406,CharlesBourg,Queensland,DY12 5GH,  United States Virgin Islands  ,False,2023-11-28 10:26:25.034000,-68.7531115,-174.28695,,,2025-07-16 13:12:10.629000
50536,CUST_01479,Billing,Camino de Nazario Bautista 2 Puerta 1 ,Blanchet,Oregon,0831,Timor-Leste,True,2025-04-29 09:01:57.784000,31.141856,-98.285396,,False,
  50203  &,CUST_01041,Shipping,Urbanización de Natividad Aguilar 753 Puerta 6 ,West Jennifer,Jaén,BT6 8ZL,Pakistan,False,2024-10-02 14:19:21.539000,,,,False,2025-02-07 01:42:26.625000
51091,CUST_01458,Billing,Kati-Vogt-Gasse 7/6,St. Timothyberg,Victoria,NP85 1RG,Uzbekistan,False,2024-01-13 14:09:24.141000,,,,False,  2024-11-15 11:51:08.319903  
50539&,CUST_01339,Shipping,4 Diane groves,Port Owen,Florida,2619,Lesotho,False,2024-07-30 07:41:33.316000,-34.008566,-153.57828,,False,2025-02-16 10:29:15.303000
51059,CUST_01328,Both,39280 Schmidt View,North Danielbury,Queensland,V1V 1C1,Amerikanisch-Samoa,False,2025-02-08 17:42:03.431000,1.695301,-126.60818,Apt. 220,False,
50760,INVALID,Both,,Grevesmühlen,,  100-0001  ,,,2024-07-18 07:12:42,,-999,Apt. 444,,
50077,CUST_01240,  Billing  ,Netteplatz 4/7,Harrisberg,Rheinland-Pfalz,62588,  Ghana  ,False,2024-08-15 18:30:15.299000,30.6875105,-104.366893,Apt. 276,,
50972,CUST_01365,Billing,Pasadizo Ramiro Pujol 80,Storeymouth,Missouri,J6J7K3,Azerbaijan,False,2024-11-24 21:22:19.766071,  -9.47445  ,-168.905549,Puerta 0,,
50310,CUST_01077,Billing,76 Rebecca Place,East Gabrielle,Mecklenburg-Vorpommern,54402,Argentine,False,2023-11-04 22:15:45.042000,,,,False,2025-03-15 18:45:34.398000
50809,  CUST_01028  ,Shipping,Sorgatzweg 32,Parchim,Australian Capital Territory,V4K3P4,Japan,False,2024-09-14 13:50:55.585000,,,  Flat 73  ,False,2025-02-27 18:11:14.561000
50420,CUST_99999,,,,,,,F,,,,  NA  ,,
50671,CUST_01482,Both,716 Joan Islands,Port Anthonytown,Colorado,  C8C 2J8  ,Qatar,True,2024-06-07 10:10:59.597000,79.341441,144.737524,Suite 450 ,True,
50767,CUST_01183,  Billing  ,Flat 69 4 Williams Round,New Angela,Murcia,26970,El Salvador,True,2024-07-22 15:33:05.476000,,,Suite 836,False,2025-03-18 04:49:41.867000
50947,CUST_01253,Shipping,Rambla Macaria Español 86,Diallo,South Carolina,67596,Malawi,True,2024-09-14 10:10:51.978000,  -31.473022  ,-3.1062,,False,2025-04-15 14:24:58.086000
51352,CUST_01062,Billing,Acceso Amelia Girón 39,Anthonyborough,Western Australia,PL6V 9HL,Österreich,False,2024-09-28 09:08:38.970000,,,,,2024-11-26 04:46:12.412000
,,,,,, ,,,,,,,,
50374,cust_01128,  Billing  ,Urbanización Juan Antonio Carlos 21 Apt. 59 ,New Lauraberg,Sachsen,94101,Bahamas,True,2024-10-05 06:27:59.492000,,,,,
50644,CUST_01036,Both,Sölzergasse 2,Lake Carl,Kentucky,2657,Palestinian Territory,False,2025-04-04 12:25:04.128000,-3.1397665,-108.64811,,True,
50643,CUST_01405,Billing,3453 Steven Squares Apt. 010,Saint Franckdan,Northern Territory,45593,Mali,True,2024-07-05 10:21:37.533000,89.3871855,116.417292,,,2025-04-11 21:40:20.223000
50746,CUST_01023,Billing&,chemin Manon David,Tarragona,Niedersachsen,74847,Iran,False,2023-10-26 04:09:55.493000,39.9870745,-144.924301,,False,2025-03-16 15:33:28.975000
  51217  ,CUST_01162,Shipping,9309 Jennifer Grove,Badajoz,Bremen,2691,Botsuana,True,2024-08-11 03:02:36.009000,-41.0698225,-13.173208,,  False  ,
50905,CUST_01084,Shipping,Plaza Hugo Martorell 41 Apt. 71 ,Ledouxnec,Wyoming,62590,Mauritius,False,2023-11-20 23:46:28.578000,-13.523989,161.521056,,False,2025-07-06 07:08:56.848000
51284,CUST_01491,Both,Rosemannstraße 69,Lake Isaiah,Oregon,2975,Amerikanisch-Samoa,False,2023-11-25 03:01:30.081000,72.5355675,51.748884,,,
50807,CUST_01376,Billing,Andrei-Flantz-Straße 21,West Steven,New South Wales,2094,Montserrat,False,  2025-04-10 09:17:54.467400  ,-31.583968,33.672482,,False,
50660,CUST_99999,,,,,,GB,1,,,,Suite 373,,2025-07-21 18:34:25.256000
50278,CUST_01310,Shipping,Peter-Peukert-Allee 429,West Steven,Tasmania,M5 5BN,Marshall Islands,False,2025-07-24 23:35:30.008000,-37.973228,157.171012,,True,2025-06-15 13:22:28.860000
51293*,CUST_01040,Billing,"Studio 41z
Graham ports",Sainte FrédériqueVille,Álava,70867,Brunei Darussalam,False,2024-01-12 14:31:56.779000,35.4504325,-124.455025,,,
50124,CUST_01436,Shipping,  611 Lawrence Garden  ,Berlin,South Carolina,75326,Rwanda,True,2025-05-30 04:58:52.718000,-63.0316005,  -113.880472  ,Studio 2,,2025-06-02 21:22:33.989000
51269,CUST_01441,Billing%,55232 Donna Plaza Apt. 588,Miahport,Tasmania,M3V 6R4,Hongrie,False,2025-03-26 15:38:48.346000,-58.9120935,-94.553047,,True,
50953,CUST_01021,Both,avenue Lucy Dupuy,Suhl,Michigan,16492,Sudán,False,2023-11-17 01:39:20.433000,-36.3899085,-155.099202,,,
50889,CUST_01301,Billing,534 Hicks Footway,West Davidshire,Guadalajara,H3G2A3,  Samoa  ,True,2024-09-03 04:13:05.045000,,,,,
50990,CUST_01147,,,Gilbert?,VIC,,U.S.A.,0,,,,,Unknown,
50086,CUST_01425,Billing,6 Edwards courts,Altentreptow,Victoria,  73454  ,Aserbaidschan,False,2023-11-14 08:54:48.679000,  -27.6638655  ,-159.975658,,False,
  50232  ,CUST_01264,Shipping,Suite 934 010 Garrett Close,Schwabmünchen,La Rioja,44251,Monaco,  True  ,2024-12-18 16:56:14.048000,81.964669,-28.802816,,True,
50344,CUST_01175,Shipping,Sagerstr. 9,St. Jeffreytown,Queensland,0833,Saint Pierre and Miquelon,False,2025-08-05 20:51:02.518000,10.908056,34.916174,Suite 521,,2025-07-07 23:32:52.899000
51211,CUST_01336,Both,"Studio 1
Cox place",Bradleyville,Madrid,61785,Antarctica (the territory South of 60 deg S),False,2023-12-13 08:18:58.396000,63.399396,-155.185733,Apt. 970,,2025-07-16 03:02:13.781000
50509,  CUST_01352  ,Both,Johannes-Linke-Platz 68,Anklam,Tasmania,S7A 6SB,Jamaica,False,2025-03-05 02:03:31.214000,72.0373165,61.736832,Suite 151,False,
50157,CUST_01299,Both,  257 Christensen Expressway Suite 033  ,Denis,Bayern,0948,Argentine,False,2025-09-05 14:47:15.076000,-60.9785175,-169.401217,Flat 09,,2025-05-19 04:28:18.716000
51036,CUST_01157,Shipping,C. de Gerónimo Morales 32 Piso 4 ,Taylorshire,  Baden-Württemberg  ,UB94 1GS,Vereinigte Arabische Emirate,False,2025-02-15 22:46:26.351000,  33.524491  ,153.08646,Suite 339,,2025-02-21 04:00:45.838000
51023,  CUST_01209  ,Billing,"Flat 13Y
Marsh springs",Castilloburgh,Australian Capital Territory,K5K6C5,Saint Martin,False,2025-01-30 06:12:00.576000,,,,,
51140,CUST_99999,,,,,,U.S.A.,No,,,,,,
51394,CUST_01358,Both,11139 Matthew Pine,Justinborough,Córdoba,0821,Myanmar,  False  ,2023-09-19 08:20:35.781000,,,,False,
51332,CUST_01097,Both,81436 Charles Plain Suite 114,South Natalieland,North Dakota,21509,Sonderverwaltungszone Hongkong,False,2025-04-03 18:20:54.406000,1.2103895,158.5468,,,  2025-01-25 17:14:56.718357  
51038,CUST_01460,Billing,Reinhardtallee 409,Blanc,California,29453,netherlands antilles,False,2023-10-07 13:25:15.311000,56.137305,-124.310653,,,2024-09-13 01:38:49.908000
50570,CUST_01193,,Unknown,South Chad,Delaware,00000,Great Britain,1,,,,,False,
50992,CUST_01409,Billing,"29, boulevard Maryse Guillou",Álava,Hessen,TF64 2FJ,États-Unis,False,2023-11-23 02:44:25.373000,-47.869465,114.233525,  Apt. 995   ,True,
50814,CUST_01499,Both,Level 1 075 Melissa Gate,Segovia,Bremen,87007,Cyprus,False,2024-06-17 12:35:47.722000,  87.462265  ,93.115885,,  True  ,2024-12-23 00:31:10.439000
  50410  ,CUST_01135,Billing,Zänkerweg 412,  New Karenhaven  ,Australian Capital Territory,2607,Saint Pierre et Miquelon,True,2024-03-16 12:36:58.633000,44.7203575,-57.961268,,True,
50085,CUST_01470,Both,Kaulallee 40,Freudenstadt,South Australia,89378,Botswana,False,2025-03-04 05:28:33.912000,-24.9156645,179.614371,Apt. 574,False,2024-11-30 16:28:28.564000
50409,CUST_01230,Shipping,Winfried-Scheibe-Platz 252,North Alexander,Burgos,12955,Samoa,False,2025-03-09 11:59:10.044000,-9.6015145,40.934448,,False,
50886,CUST_01382,Shipping,rue De Oliveira,Millermouth,Baden-Württemberg,45598,Bouvet Island (Bouvetoya),False,2023-10-07 02:10:05.790000,,,Suite 132,True,2024-10-18 02:05:49.042000
50353,CUST_01072,Both,82097 Jacob Cliff,Jamieport,New Jersey,48820,Albanie,False,2024-05-05 17:20:31.914000,14.9865225,-120.544794,,False,2025-03-24 04:42:34.304000
50149,CUST_01327,Both,"  Studio 9
Williamson ways  ",Günzburg,Missouri,21853,República Democrática Popular Lao,False,2025-08-14 21:00:12.511000,-30.5815225,-59.143896,524/,True,
50052,CUST_01431,Both,Level 5 711 Christopher Centreway,Darmstadt,Pennsylvania,71437,Brasilien,False,2024-05-25 07:38:34.498000,23.531247,-152.380099,,,2025-04-16 13:20:30.741000
51259,CUST_01081,Both,Calle Teodosio Jiménez 9,Annafort,Michigan,B8R9H8,Arménie,False,2025-07-14 17:45:10.236000,-63.7016605,-98.425656,,False,2025-05-27 18:22:32.145000
50783,  CUST_01413  ,Billing,95 Robin Steps,Almería,Montana,M2A 1J5,Brunei Darussalam,False,2025-06-12 14:14:06.243657,-77.7574295,148.336644,,True,
50662,CUST_01380,Shipping,134 Pacheco Throughway,santa cruz de tenerife,Melilla,20043,Greece,False,2025-01-25 18:55:46.622000,,,Puerta 9,True,2025-02-09 13:30:35.621000
50431,CUST_01485,Shipping,84 Morris park,  Lake Leonard  ,Badajoz,97385,Chad,True,2024-02-07 09:04:31.738000,40.9513495,59.529111,34/,,2025-04-15 01:34:29.563000
50143,CUST_01237,Both!,Via Amancio Gabaldón 24 Piso 1 ,Ruizview,Tennessee,49289,Turks and Caicos Islands,False,2024-06-05 20:42:13.636000,,,,  False  ,2024-09-25 13:23:32.514000
51181%,CUST_01302,Both,957 Wall Lake,Sainte AnneVille,South Australia,36233,Slowakei,False,2025-04-06 23:34:03.170000,-8.94546,-178.990169,,True,2024-09-15 22:12:14.115000
50261,CUST_01293,Both,"37, rue Riou",Jenkinsburgh,Rhode Island,ME9B 5SA,Émirats arabes unis,True,2023-12-04 20:37:18.679000,-64.315062,14.294282,,,2025-06-14 06:09:30.908000
50532,CUST_01006@,Both,"Flat 03n
Harris landing",Ronaldfurt,Hessen,15088,Malte,False,2025-05-27 14:35:06.675000,-70.021177,-93.876271,,True,2025-05-31 06:36:47.766000
51472,CUST_01222,Shipping,4 Samantha way,Suhl,Queensland,28171,Perú,True,2024-12-07 10:40:20.966000,63.062633,-56.487791,0/,False,2025-08-20 05:50:56.991000
50551,CUST_01151,Both,Atzlerweg 848,Hallmouth,Brandenburg,95724,Cape Verde,False,2025-06-14 00:14:46.554000,1.6377405,-158.003524,,False,2025-07-12 07:48:01.031000
51380,CUST_99999,,,,,,United Kingdom,F,,,,,True,2025-07-22 09:00:09.766000
50346,CUST_01055,Both,55289 Johns Circles Apt. 223,Rowlandbury,Wisconsin,75293,Qatar,True,2025-04-08 19:12:18.837000,-23.6503645,157.938301,Studio 65,True,
50266,CUST_01475,billing,"129, rue Augustin Lelièvre",Lüneburg,Lugo,46655,Brasil,True,  2024-09-05 19:37:50.720047  ,59.917702,-173.330458,,  TRUE  ,2025-06-03 12:57:14.569000
  50470  *,CUST_01311,Shipping,Urszula-Trüb-Ring 0,New Scotthaven,  KANSAS  ,  OX5 1SN  ,Anguilla,False,2024-11-26 09:34:50.338000,,,Apt. 935,False,
51406,CUST_01448,Both,Level 7 9 Melissa Approach,Sevilla,Victoria,24844,Myanmar,True,2025-02-21 11:54:22.856000,  51.6956285  ,-0.620615,,,2025-06-12 11:06:38.069000
50752,CUST_01159,Shipping,Suite 045 57 Morgan Artery,  Ceuta  ,Australian Capital Territory,2623,Kiribati,False,2025-04-15 14:59:15.821000,-54.886997,160.12562,Piso 4,False,2025-06-17 15:38:57.004000
50040,,Both,,Olivermouth,,SW1A 1AA,,,2024-09-28 05:15:11,,,Studio 0,,
50618,  CUST_01322  ,Both,Kallertgasse 5/8,Lefort-sur-Andre,Niedersachsen,X6K4N4,Gambia,False,2025-05-05 04:55:28.300000,20.4717255,-38.31432,,,2025-02-11 01:38:30.989000
50517,CUST_01324,Shipping,avenue Carpentier,New Gregoryburgh,Victoria,52460,España,False,2025-06-28 18:56:39.988000,,,,False,
51466,CUST_01104,Billing,"Flat 26w
Young mews",Vallée,Valladolid,98523,Porto Rico,False,2025-04-20 00:18:55.465000,47.2481705,-77.605656,Puerta 3,True,
50469,CUST_01010,Both,Bohlanderstr. 498,South Hectorview,Thüringen,G29 3EB,Poland,True,2025-05-30 15:38:10.118000,-4.816186,117.108511,,True,
50168@,  CUST_01369  ,Shipping,Almuth-Riehl-Allee 1,Lüdinghausen,North Dakota,03813,Cameroon,False,2025-01-11 15:06:20.344000,,,Suite 996,,
51343,CUST_01404,Shipping,02/6 Lozano Dip,Port Kylehaven,New South Wales,  48007  ,Switzerland,FALSE,2024-01-26 00:26:38.698000,36.8053015,138.754984,Apt. 95,,
  50011  ,CUST_01482,Both,3 Christine Mew,Jamesmouth,South Australia,2624,Germany,False,2025-07-24 13:22:31.750000,33.020082,122.254908,Puerta 8,,2024-10-06 00:28:37.235000
50791,CUST_01301,Billing,638 Cook Plaza,  Ashleymouth  ,Cáceres,68800,Israel,False,2024-08-24 17:45:00.006000,72.10116,-64.064216,,,
50648,CUST_01152,Billing,Cuesta Custodia García 284 Apt. 68 ,  Eisenach  ,Australian Capital Territory,15370,Bulgaria,False,2025-02-25 00:21:46.341000,86.484815,-41.974522,,True,2024-11-07 09:07:47.713000
50268,CUST_01370,Billing,Konrad-Loos-Ring 19,Diazton,Saarland,NW1V 2PJ,Botswana,False,2024-08-24 13:14:55.907000,65.7246105,-67.36772,  Apt. 850  ,,2025-06-08 08:55:43.779000
50963,CUST_01475,Billing,Via Nacio Folch 283 Apt. 26 ,Lake Tiffanymouth,BURGOS,41431,Sonderverwaltungszone Hongkong,False,2025-08-08 18:54:11.226000,,,Apt. 014,False,
51395,CUST_01087,Biling,64790 Combs Union Apt. 573,sainte cécile?,Lleida,67209,Kenia,False,  2023-10-12 22:24:18.946879  ,,,,,
50833,CUST_01456,Both,177 Summers Loop Apt. 992,Dyerfort,Tasmania,09284,Ghana,True,2023-10-09 07:36:07.206000,2.138352,31.636082,Apt. 658,True,
51025,CUST_01457,shipping,7661 Brett Pines,,Ciudad,,Georgia,,2024-11-08 09:05:03.858000,,,Apt. 018,True,
51104,CUST_01353,Both,rue Andrée Pelletier,Warrenberg,Soria,2655,Puerto Rico,False,2024-09-26 11:33:15.477000,  -30.019587  ,-76.68518,,,
51495,CUST_01407,  Shipping  ,Cañada de Heriberto Casanova 40,  Darrenbury  ,Mecklenburg-Vorpommern,42789,Cape Verde,False,2025-07-16 11:00:04.279000,-65.624619,88.10016,,True,2025-08-07 18:00:08.471000
51311,CUST_01007,Billing,3562 Stephanie Curve Suite 700,Robinsonberg,Ceuta,28570,Russian Federation,False,2025-04-08 02:55:41.395000,-49.092317,3.708078,Suite 358,True,
50002,CUST_01439,S,Seifertgasse 766 Suite 711 Building 212,123,Bavaria,,VU,,1731232309,-91,-181,,,
50684,CUST_01304,Both,7 Goodwin manor,West Sarahport,Victoria,50537,  Japan  ,False,2025-08-15 21:01:35.502000,-77.555762,-128.468265,,False,2025-06-08 20:33:14.280000
50589,CUST_01247,Shipping,Lübsallee 70,Blanchard,Western Australia,15182,Liechtenstein,False,2025-08-08 23:41:01.490000,-47.4254925,158.475119,Apt. 157,,
50545,CUST_01359,Both,Mülichenstraße 2,West Jeffrey,Northern Territory,BT1Y 4ZE,Czech Republic,False,2024-01-22 21:19:07.601000,-9.171898,68.11444,Suite 917,True,
50439,CUST_01192,Billing,  62 Watson ports  ,South Christianview,New Mexico,54181,Jersey,False,2023-12-29 01:07:46.070697,25.654992,-0.824968,Apt. 711,TRUE,
51006,CUST_01201,Billing,654 Brown Plaza,  Bernburg  ,La Rioja,2945,Nauru,False,2023-11-05 13:21:51.419000,  56.202314  ,155.176685,Suite 795,,2024-09-23 19:05:39.299000
50924,CUST_01018,Billing,019 Marilyn cape,Port Martin,Nordrhein-Westfalen,16610,Antarctique,False,  2024-03-17 06:02:14.710094  ,,,,True,2025-08-09 01:03:14.087000
51274,CUST_01054,Both,biggenallee 38,Oranienburg,Ohio,51265,singapore,False,2025-08-17 23:16:56.226000,16.2805015,-49.694593,285/,,
50288,CUST_01421,Billing,Adolfine-Losekann-Platz 6,St. Donnaside,Lugo,20618,India,False,2024-09-05 09:13:06.810000,,,,True,
51112,CUST_01480,Shipping,1 Patricia port,Scottmouth,Vizcaya,2619,Arabia Saudita,False,2023-12-19 00:45:14.639997,31.1236845,-179.4745,,,
50946,CUST_01232,Both,03 Sean Mews,Moulin-sur-Mer,Montana,2613,Svalbard & Jan Mayen Islands,False,  2024-08-19 01:55:59.423757  ,,,,False,
50559,CUST_01086,Billing,"55, chemin Aimée Huet",Chaseberg,Mecklenburg-Vorpommern,36276,Brésil,False,2025-08-26 15:08:43.858000,46.218601,75.409736,,False,2025-01-01 18:13:24.483000
  51425  ,CUST_01159,billing,63/4 Jocelyn Rest,,Hamburg,,St. Helena,,2024-07-23 18:07:31.232000,-15.3496885,41.742971,Flat 81l,,
50501,CUST_01059,Billing,Callejón de Chelo Orozco 6,North Ianland,Tasmania,80120,Croacia,True,2023-09-17 15:32:14.892000,,,Flat 97 ,,2025-01-24 01:19:38.413000
50739,CUST_01273,Billing,"94, rue Thierry",Arroyostad,Western Australia,47548,  Mauritius  ,False,2023-10-25 02:28:47.351000,-20.3408165,-154.862456,,False,2025-03-01 11:57:28.862000
51412,cust_01179,Shipping,Acceso Federico Gabaldón 3,Gonzaleztown,Queensland,P4L1A8,Philippines,False,2023-12-04 17:40:11.819000,-16.1323325,-147.722577,Puerta 9,True,2024-11-14 00:07:58.265000
50562*,CUST_01320,Billing,  976 Valerie Forge  ,  Hohenmölsen  ,Victoria,N0K 5YE,Bélgica,True,2023-10-26 12:02:22.518000,-46.7262665,-75.514739,Level 8 ,False,2025-09-02 02:49:28.413000
51060,CUST_01348,Both,,West Meagan,,  2871  ,Samoa,False,2024-05-25 12:53:23.293000,-7.0254315,61.321892,,  True  ,
51247,  cust_01218  ,Shipping,Alameda de Consuela Menendez 133,East Sarahland,Badajoz,90877,Syrian Arab Republic,False,2025-09-04 04:04:46.432000,,,,,
50608,CUST_01061,Billing,11471 Duffy Shore,Jaredchester,Santa Cruz de Tenerife,75142,Marokko,False,2024-09-09 06:12:02.750000,-81.6676775,74.260715,Apt. 945 ,True,2025-06-27 15:53:33.572000
50754,CUST_01485,Billing,1158 Ferguson Path,Beeskow,Wisconsin,02210,Namibia,True,2025-08-27 08:06:26.060270,,,,,
51266,CUST_01352,Shipping!,003 Boyle mission,Lake Destiny,Australian Capital Territory,  42437  ,Sri Lanka,False,2024-11-02 13:09:26.421000,63.84772,120.784267,Flat 35,True,2025-07-22 00:01:01.783000
  50415  ,CUST_01033,Billing,"885, chemin Charpentier",East Kirstyfort,Alabama,NR1 1TP,Vietnam,False,2024-01-05 23:23:21.159000,,,Suite 063,False,
51439,CUST_01375,Billing,Lia-Jopich-Gasse 933,Hamptonbury,Victoria,B57 4HT,Turks- und Caicosinseln,False,2023-09-12 03:20:24.530000,55.0247435,-115.834269,,False,2025-06-17 21:17:45.269000
50574,CUST_01245,Billing,2 Wood Corso,North Patrick,Missouri,38155,Togo,False,2025-03-19 18:38:21.422000,61.300627,-140.312348,,,
50499,CUST_01399,Both,52 Lewis shores,Monroeton,Illinois,50892,Cameroun,False,2024-03-22 19:03:51,29.0239785,-32.078398,,False,  2024-11-20 19:54:07.636509  
50293,CUST_01073,Both,"Flat 89X
McDonald stream",Parchim,Tasmania,2633,San Marino,False,2025-03-22 05:26:13.385000,,,,True,2025-02-15 06:48:16.920000
50673,CUST_01153,Billing,0090 Ebony Gardens Suite 551,Alyssafurt,Ourense,31408,Canada,False,2024-03-24 19:41:07.072000,,,,,
50813,CUST_01409,Both,5 George falls,Castellón,  Bayern  ,2697,Finlandia,True,2025-05-26 15:26:46.191000,52.6929455,-34.20947,,False,
51194,CUST_01060#,Both,93625 Richard Alley,Sainte Aimée,baden-württemberg,L3U 8JW,Honduras,False,2025-01-20 12:47:36.769000,81.470757,-177.712001,Flat 16,False,
51156,CUST_01495,Both,wilfriede-röhrdanz-straße 5,East Amanda,Pennsylvania,NN9 8BB,Martinique,False,2025-04-30 09:01:26.699000,13.3958305,-40.888312,Apt. 67,True,
50338,CUST_01216,Shipping,877 Holmes Cape,  Badalzungen  ,Sachsen-Anhalt,57423,India,True,2024-05-11 12:25:58.104000,-83.189273,-58.866892,,False,2025-02-11 01:23:51.958000
50932,CUST_01366,Shipping,Jelena-Albers-Ring 7/0,Castellón,Northern Territory,75671,Guinea,  False  ,2024-05-28 12:15:43.190000,-74.656284,2.693578,6/,True,2025-05-28 22:11:01.205000
51078,CUST_01001,Both,Löfflerstraße 9/3,North Edward,Hessen,DD76 9XJ,Ghana,False,2024-12-19 01:08:18.580000,-73.5636945,-8.236097,,,2025-07-25 18:28:16.018000
50945,CUST_01076,Home,Annaliese-Köhler-Weg 027,EAST ALEX,Rheinland-Pfalz,91924,Pakistan,False,2025-05-13 21:25:18.854000,-84.514826,-53.197589,,,2025-02-06 16:53:07.052000
51273,CUST_01394,Billing,"77, rue de Dumont",Altötting,Cuenca,2513,Togo,True,2024-11-24 10:47:33.686000,38.6247065,139.112878,,  True  ,2025-02-26 15:53:20.566000
50609,CUST_01190,Both,Camino de Estela Orozco 70,Blakeland,Córdoba,12184,Saint Kitts and Nevis,True,2025-02-13 18:14:08.381000,32.0538975,1.130959,,False,
50863,CUST_01203,Billing,74653 Daniel Orchard,Sainte Audreydan,South Australia,V8C7V3,Taiwan,False,2024-11-13 03:58:21.053000,-6.679879,-67.310719,Apt. 18,,
51237,CUST_01020,Billing,00/230 Jeffrey Front,Patrickmouth,Badajoz,BT5 4EW,Seychelles,FALSE,2025-03-27 02:25:12.027000,-86.7861915,-142.714458,,,
51097,CUST_01168,Shipping,97 Allen Underpass,Aue,Thüringen,46244,Sri Lanka,True,2025-03-20 02:46:21.193000,14.965848,140.813394,,,2025-08-04 10:47:44.517000
50074,CUST_01470,Billing,Cuesta Amancio Paniagua 895,Raymondfort,Vizcaya,5125,Bahrain,False,2024-08-15 07:17:42.601000,  2.479982  ,115.97878,Apt. 91,True,
51246,CUST_01102,Billing,Apt. 047 86 Greene Ridgeway,South Alexanderbury,Zaragoza,03824,Uruguay,False,2025-04-14 21:29:55.547000,-70.722042,81.073123,Level 8 ,True,
50421,CUST_01138,Billing,Süßebierstr. 0/8,Asturias,Tasmania,02727,Iraq,False,2025-04-10 13:47:23.323000,,,,False,
50591,CUST_01205,Shipping,"493, boulevard Charlotte Moreau",New Travisview,New Hampshire,2664,Burkina Faso,False,2025-05-21 07:16:35.794000,37.1704745,-60.09884,Apt. 629,,
51026,CUST_01178,Billing,43678 Jackson Cove,North Christinafurt,Sachsen-Anhalt,N7T 9B1,Tonga,  False  ,2025-05-02 10:52:55.348000,-36.870558,-141.290534,Suite 818,False,2025-08-19 08:12:46.679000
50623,CUST_01146,Shipping,"Studio 53
Daniel plaza",  Martintown  ,New South Wales,94728,  Sudan  ,False,2023-12-10 00:18:52.926000,,,Piso 3,False,
50785,CUST_01121,Both,9900 Duncan Views Apt. 186,Nauen,Bayern,46577,Lesotho,False,2024-03-23 02:25:35.913790,,,,False,
51215,CUST_01400,Biling,Suite 965 15 Goodwin Gate,Port Charlesshire#,  Wisconsin  ,15836,Vanuatu,True,  2024-12-25 20:13:46.340015  ,-10.320582,-22.690656,,Unknown,
50185,CUST_01170,  S  ,Via Elisabet Díaz 627 Apt. 43  Suite 805  Building 92766,,New South Wales,,HR,,1740108235,-91,360,,False,
50082,CUST_01395,Shipping,Pohlstraße 98,Brittneyhaven,Teruel,38586,Angola,False,2024-05-08 23:39:52.815000,,,Flat 95k,True,
50333,CUST_01485,Both,Rosenowstraße 1/8,West Sheila,Queensland,54668,Armenia,False,2025-04-25 15:24:38.524000,76.6259195,170.608299,,False,2024-09-09 11:03:01.153000
50194,CUST_01248,Billing*,Birthe-Gieß-Straße 5,Justinborough,Valencia,  L43 3JZ  ,  Cape Verde  ,False,2023-11-26 22:57:23.524000,,,,True,2025-05-14 02:17:52.810000
50999,CUST_01021,Both,"30, chemin Foucher",North Tonya,Berlin,SG9 9SD,San Marino,False,2024-11-18 15:55:12.761000,64.580274,-107.560294,,  True  ,2024-12-17 21:01:45.261000
  50874  ,CUST_01354,billing,8464 Theresa Crossing,Lake Ann,Florida,2670,Cambodia,False,2024-07-12 14:28:56.870000,-53.9435065,93.326419,,False,
50096,CUST_01244,Billing!,"54, boulevard Maury",Shellyfurt,Sachsen-Anhalt,2634,Colombia,False,2024-10-06 23:13:52.453000,,,Studio 68F,True,
50544,CUST_01107,Both,50702 Williams Lane,North Stephen,Mecklenburg-Vorpommern,55535,Bouvet Island (Bouvetoya),False,2024-08-14 06:45:11.321000,54.0766105,-107.841653,Puerta 8,True,2025-04-17 14:25:14.698000
50104,CUST_01304,Both,Ruben-Kramer-Straße 0/0,Segovia,Brandenburg,06335,UNITED ARAB EMIRATES,True,2025-01-27 17:23:13.156000,37.6411365,-155.002234,Flat 7,False,2025-05-17 05:49:45.168000
50639,CUST_01380,Both,6267 Matthew Land Apt. 437,Atkinsonport,Northern Territory,  N2R 2C2  ,Venezuela,False,2023-12-28 15:04:11.690000,  42.2443175  ,167.876117,93/,,
50381,CUST_01301,Both,"77, boulevard Gilbert Perrin",Lake Reginaside,Victoria,  46923  ,India,True,2025-04-29 03:53:50.264000,52.2943225,-145.676949,,,
51032,CUST_01257,Billing,2538 Christine Mall Suite 414,Jeffreyfurt,Hamburg,L6R4S6,Monaco,True,2025-02-01 10:32:32.702000,,,,,2025-08-13 10:48:02.254000
50080,,Both,,South Williamside,,SW1A 1AA,,,2025-05-04 21:29:34,,,Apt. 58,,
50624,CUST_01313,Both,"Flat 37
Kyle forges",North Johnport,Palencia,40303,Líbano,True,2024-02-12 21:32:37.661000,,,,,
51166,CUST_01204,Shipping,471 Jason Brook Apt. 514,Ravensburg,  South Australia  ,E1L 6T4,Kazakhstan,True,2024-10-23 16:06:24.256000,6.2091575,39.493975,Puerta 5,True,
50718,CUST_01074,Billing,398 Luke Inlet Suite 617,Harristown,Niedersachsen,17639,Taiwan,False,2024-09-07 21:17:09.593000,-58.7329315,59.888269,3/,False,
51083,CUST_01070,  Shipping  ,2 Mary Riverway,Lake Heatherfort,Victoria,15445,Lithuania,True,2024-12-20 22:09:59.881000,  -67.8229295  ,-160.059613,Suite 390,,
51418,CUST_01355*,Shipping,7774 Andrews Falls Suite 412,Brayport,Western Australia,60730,Andorra,False,2023-10-25 09:39:47.242000,-1.165599,142.039555,,,
50725,CUST_01383,SHIPPING,1 Katie dale,  N/A  ,Australian Capital Territory,,Montserrat,,2024-07-21 04:28:48.098000,-34.05754,-172.801063,Suite 339,,2024-11-13 13:56:21.776000
51098,CUST_01070,Both,Binnerweg 8/7,Mohamedland,Sachsen,88658,Papua New Guinea,True,2025-06-08 10:12:02.846000,,,Flat 44x,,2024-11-20 16:32:01.787000
50873,CUST_01375,Both,Adolphring 42,Sainte Susan-la-Forêt,Berlin,47189,komoren,False,2023-10-05 13:28:00.359000,77.356579,67.94158,,,
50679,CUST_01385,Both,5 Kerry glens,Neveu,Montana,21119,Malta,False,2025-02-17 21:10:12.566000,-56.773382,-154.052851,,True,
50453,CUST_01040,Both,08 Dickinson crossing,  Webbburgh  ,South Australia,41157,Lettland,True,2025-01-02 19:03:51.826000,26.059062,161.555755,,False,
50358,CUST_01086,Shipping,Textorgasse 647,North Kelseyborough,Tasmania,E06 0PH,Rumänien,False,2024-02-18 03:25:14.948000,88.2703375,-90.317187,,True,
50978,CUST_01414,Billing,Friedo-Knappe-Platz 945,Port Kelly,Schleswig-Holstein,31926,Australia,False,2025-02-14 11:45:20.084000,-78.457834,68.822775,,,2025-08-10 06:31:19.082000
50910,CUST_01126,Work,Alameda Rosa Granados 3,rhondafurt,Toledo,M4R6K4,,False,1986-09-09 18:45:11.568000,-89.1570415,-170.832402,,,
50204,CUST_01070,Billing,Vial Luis Miguel Cano 89,Lopeztown,Australian Capital Territory,03290,Finland,True,2023-12-10 08:39:30.227000,-87.797732,-131.575862,,,2024-09-14 15:21:56.106000
51465,CUST_01136,Shipping,Möchlichenring 877,Gregoryport,Alaska,B51 9UF,South Georgia and the South Sandwich Islands,False,2025-04-19 13:36:16.640000,,,Flat 0,False,
50102,CUST_01234,BILLING,544 Lee Rapids Studio 84a Building 64,123,New South Wales,,,,1757202092,180,999,,,
50906,CUST_01350,Both,11375 Matthew Expressway Apt. 072,Labbédan,New Mexico,PH03 1SE,Antarctica (the territory South of 60 deg S),False,2025-01-26 05:49:40.308000,75.240668,-96.984335,,False,
  51188  ,CUST_01280,Shipping,789 Megan Valleys,Carlier,Schleswig-Holstein,R3P6J6,France,False,2023-11-28 22:02:55.518340,52.8944955,3.936733,,False,
50170,CUST_01110,Both,Leni-van der Dussen-Platz 7,  east kylehaven  ,Missouri,56666,Moldova,False,2023-12-14 00:47:42.307000,,,,  False  ,2025-07-15 06:14:54.638000
  50111  ,CUST_01442,Both,796 Stephens Turnpike Suite 891,Rasmussenmouth,Badajoz,13425,Cyprus,False,2025-03-08 13:59:59.648000,65.831693,128.827155,Apt. 529,True,
50756,CUST_01179,Shipping,8 Wilson trace,Jeremystad,Valladolid,07572,Haïti,False,2024-12-17 06:49:44.694000,-18.937862,-86.139703,,True,2024-10-25 23:34:41.597000
50355,CUST_01431,Shipping,Apt. 147 46 Robert Crossway,Bartlettburgh,Montana,32484,Vereinigte Staaten,True,2025-01-31 22:18:11.979714,-31.6810905,40.803278,Puerta 6,True,2025-03-30 04:12:45.697000
51476,CUST_01019,Both,Vial Alfonso Losada 84,  Lake Jamie  ,Bremen,06187,Guyana,False,2025-06-07 02:46:43.729000,,,,True,
50787,CUST_01361,Shipping,501 Kelly light,Davidfurt,  South Australia  ,60712,États-Unis,False,2024-11-08 05:51:21.593000,-39.864268,127.456399,,,2025-06-20 19:40:49.589000
50573,CUST_01418,Billing,"  15, rue de Brunet  ",South Jessicaberg,Berlin,L57 7DJ,Mayotte,False,2024-10-20 19:00:46.533000,56.8673075,  -149.55237  ,Suite 257,,2025-05-17 08:45:27.803000
51471,CUST_01172,  Shipping  ,  591 Harris prairie  ,Auerbach,Madrid,E4K7S6,Oman,False,2025-07-29 16:55:28.117000,-81.8292275,-145.164855,Unit 51 ,,2024-12-04 22:51:11.678000
50180,CUST_99999,,,,,,USA,Yes,,,,Suite 283,Unknown,2025-06-04 04:22:01.824000
51369,  CUST_01215  ,Both,Rotraud-Eberhardt-Allee 39,Susanshire,Palencia,06231,Guinea Bissau,False,2025-01-06 03:32:42.798000,25.5547005,173.317645,Apt. 30,,2025-03-12 16:04:54.198000
50670,CUST_01455,Shipping,boulevard Élise Morin,Martinberg,Australian Capital Territory,2920,Eritrea,True,2025-04-18 12:03:48.796000,,,,,2025-05-22 11:35:22.598000
50795,CUST_01460,Both,"87, avenue Isabelle Pereira",Hubert-les-Bains,Utah,85928,Netherlands Antilles,True,  2024-07-09 16:34:09.641585  ,-70.1283845,-19.723645,,False,
50075,CUST_01219,Bil%,Stjepan-Paffrath-Gasse 824,,Nordrhein-Westfalen,,Benin,,2024-01-31 10:00:07.699000,,,Flat 53,,
  50820  ,CUST_01400,Shipping,,Mahenec,,T7M4C7,Japan,False,2025-09-02 15:23:23.431000,,,,,2025-07-19 14:26:41.787000
50191,CUST_01495,Both,Traudel-Wohlgemut-Platz 7/0,New Gavin,Mississippi,AB2B 6QR,Namibia,False,2024-09-22 05:20:51.462000,-71.580719,115.060308,Studio 84m,False,2025-06-01 11:26:55.562000
50321,CUST_01352,Both,5626 PHILLIP CAMP,ROCHLITZ,South Dakota,66845,Algeria,False,2024-04-01 09:30:46.201000,  73.853286  ,36.8626,,,
50090,CUST_01207,,,Kehl#,Queensland,  N/A  ,Great Britain,0,,,,,Pending,
50164,CUST_01179,Both,"  Studio 3
Kelly mills  ",Ávila,León,V7A 7E1,Mongolie,False,2025-05-05 07:58:01.299000,72.1895805,162.275673,,True,2025-07-31 08:47:22.645000
51376,CUST_01024,Billing,57231 Marco Harbor,West Derek,Sachsen,03218,mali,True,2025-03-07 07:42:08.072000,76.242393,142.231758,,True,
  50774  ,CUST_01295,Shipping,Alameda Gilberto Roma 1,Garmisch-Partenkirchen,Almería,38323,  Cook Islands  ,False,2023-10-04 00:03:23.827000,25.477703,-11.4708,,,2024-09-14 15:11:56.210000
51267,cust_01112,Shipping!,631 Larsen Tunnel Suite 968,Albertborough,Kentucky,L7C2A7,Estonia,False,2024-08-14 04:33:07.452000,56.725616,-24.226978,,True,
50399,CUST_01026,Billing,Pasaje Maricela Vergara 78,Jamietown,Queensland,89109,Panamá,False,2024-09-12 01:13:20.387000,,,,False,2025-03-20 00:57:24.429000
51173,CUST_01344,Both,Calle de Celestino Velasco 5 Apt. 33 ,Lake Laura,La Coruña,15544,Turkmenistan,  False  ,  2024-05-19 01:47:15.356755  ,  -48.596231  ,-158.040417,Apt. 153,False,2025-07-31 12:28:17.763000
50392%,CUST_01177,Both@,24376 Evans Meadow Apt. 841,Martinstad,Álava,E1J 3M7,Samoa,True,2025-06-29 04:23:32.073000,,,,,2025-05-10 14:04:57.598000
50367,cust_01323,SHIPPING,Gabriele-Krause-Straße 37,Bazin-les-Bains,Mecklenburg-Vorpommern,74778,Costa Rica,False,2023-12-04 06:59:48.206000,,,Suite 024,True,
  50628  ,CUST_01052,Billing,  Rambla de Jenaro Recio 92 Apt. 31   ,Saint Sébastien,Las Palmas,B39 1EL,Dinamarca,True,  2023-12-09 16:50:46.791218  ,58.562557,18.0681,,,
50360,CUST_99999,,,,,,U.S.A.,1,,,,,,
50474,CUST_01264,  Billing  ,Pasaje Albino Diaz 7,Albacete,  New South Wales  ,S6F 6XJ,Guyana,True,2024-05-13 01:17:32.788000,0.3662415,146.824163,Suite 120,False,2024-10-18 14:59:33.972000
50263,CUST_01109,Billing,Gino-Zimmer-Gasse 8/1,Gonzalezmouth,New South Wales,E4K 7S4,Latvia,False,2024-08-28 20:56:04.814000,-51.0926235,147.187147,Apt. 799,,
50524,CUST_01280,Shipping,"44, rue Guillon",Woodsburgh,bremen,64421,Inde,True,2025-06-03 04:27:39.013000,84.047243,101.984398,Apt. 904,,2024-11-12 07:41:40.501000
51329,CUST_01459,Shipping,Ingmar-Mosemann-Ring 972,Soria,Rheinland-Pfalz,55139,Burundi,False,2025-08-07 11:53:44.085000,-83.5773515,-13.132991,Studio 58,False,
50391,CUST_01379,Both,Stefani-Jäkel-Allee 797,Michaeltown,Hamburg,2960,  Jersey  ,False,2024-02-01 07:47:07.092000,48.0613465,40.503113,Suite 097,True,
51138,CUST_01484,Shipping,Cuesta de Pía Aguiló 79 Puerta 6 ,Sullivanton,Schleswig-Holstein,72518,Costa Rica,False,2023-10-07 12:20:24.464000,,,Suite 359,True,2025-06-27 18:51:18.717000
51020,CUST_99999,,,,,,United Kingdom,F,,,,,FALSE,2025-07-03 15:49:58.201000
51304,CUST_01158,Billing,5847 Levy Freeway Suite 019,Sydneychester,Western Australia,J4L 9R1,Cape Verde,FALSE,2024-03-31 16:19:08.593000,-13.1354515,-21.834625,Studio 93A,False,2025-04-17 21:11:07.880000
50292,CUST_01119&,Both,Glorieta de Ovidio Benítez 58 Piso 8 ,South Richard,Sevilla,36885,Turkmenistan,FALSE,2024-12-11 15:35:22.710000,-39.926336,  88.00791  ,,True,
50962,CUST_01346,Billing,"633, avenue de Alexandre",Melsungen,Tasmania,  29431  ,Gabon,False,2024-03-08 11:51:06.849000,  -43.6501675  ,100.92163,Puerta 7,false,
50511,CUST_01038,shipping,Flat 20 94 Zachary Round,Mallersdorf,  New Jersey  ,  E6V 1T6  ,Jamaica,FALSE,2025-01-15 02:14:30.905000,,,,  False  ,
50248,CUST_01319,Both,847 Alexandra Ridge,Salamanca,Michigan,97411,  Korea  ,False,2025-07-02 21:03:14.011000,,,Apt. 718,,2025-06-04 06:43:59.947000
51187,CUST_01026,Billing,Trommlerallee 288,Lake David,Northern Territory,35084,Republik Korea,False,2024-05-02 10:26:14.635000,,,91/,True,2025-06-30 07:38:22.779000
50336,CUST_01013,  Both  ,"flat 3
leonard springs",Erkelenz,South Carolina,33750,Lithuania,False,2025-02-07 10:45:17.485000,-88.084605,162.757775,,,2024-10-19 18:49:18.283000
50845,CUST_01256,Both,3285 Amy Field,  Cuenca  ,Queensland,90101,Micronesia,False,2024-01-06 05:48:41.930000,75.341329,174.326619,  Apt. 505  ,False,
50309,CUST_01433,Billing,Peukertplatz 7/6,Robinnec,Hamburg,0961,Malaysia,False,2025-08-20 23:27:53.906000,-29.8086615,-96.747592,Level 9 ,  True  ,
50793,CUST_01128,Billing,204 Ricky harbors,Dianaberg,California,2979,Sahara Occidental,False,2025-02-03 03:53:36.551000,,,,True,2024-10-25 11:26:56.231000
50970,CUST_01198,Shipping,328 Miller Knoll Suite 340,Sainte DanielleVille,Saarland,94180,Slowakei,False,2023-11-18 17:40:21.178000,,,,False,2025-02-21 07:27:56.014000
50940,CUST_01321,Shipping,,Nicholeland,,2945,Malawi,False,2024-07-28 10:35:55.191000,,,,True,2025-07-11 13:31:56.723000
50337,CUST_01419,Shipping,83999 Cameron Crossroad Apt. 249,Tarragona,Schleswig-Holstein,56483,Russische Föderation,False,2023-10-17 21:45:53.221000,  26.111265  ,38.439833,Studio 43,,
50994,  CUST_01024  ,Billing,"Studio 7
Collins passage",Barcelona,Western Australia,82659,Mali,False,2024-05-07 22:54:48.543000,-12.1206725,28.269857,,,2024-09-27 07:59:05.796000
50601,CUST_01262,Shipping,91009 Mercedes Harbor,North Lauraborough,Victoria,14604,Argentina,  TRUE  ,2024-04-17 15:55:43.459000,32.6555805,-70.1208,Suite 769,False,2025-08-11 01:35:11.753000
50691,CUST_01337,  Shipping  ,280 Clayton Key,LeblancVille,Victoria,97255,Royaume-Uni,False,2024-07-23 03:45:46.574000,-64.9019845,115.608612,Flat 29 ,True,2025-04-06 12:18:41.033000
50110,CUST_01416,Both,C. de Lisandro Pozo 41,ArnaudVille123,Teruel,TR41 7FN,El Salvador,False,2023-12-31 14:53:46.712000,,,,,2025-06-24 11:08:55.101000
50436,CUST_01085,Both,Gustav-Cichorius-Platz 8,Charlesmouth,Cuenca,29712,Tokelau,False,2025-03-13 02:22:34.469000,20.9427415,59.863045,Apt. 401,false,
50305,CUST_01299,Both,Ronda de Teodora Cózar 37 Puerta 7 ,South Elliotburgh,Las Palmas,65369,Kenya,False,2025-09-01 08:01:25.996000,,,Apt. 203,,2025-03-05 11:26:00.985000
50619,CUST_01024,Shipping,Lydia-Winkler-Allee 3,Vohenstrauß,Hessen,31322,Maurice,False,2023-12-04 15:24:50.405000,,,,,2025-07-26 06:22:25.621000
50915,CUST_01274,Billing,Hänelweg 7/6,Jüterbog,  Queensland  ,55839,Timor,False,2024-11-26 16:51:04.986000,  -81.890688  ,-38.67075,,True,2025-08-10 17:50:21.423000
50582,CUST_01461,Both,447 Morgan Groves,Staffelstein,Michigan,05233,  Senegal  ,False,2025-02-27 15:54:32.951000,-8.7417775,-72.817807,,False,2025-01-26 01:25:42.040000
51314,  CUST_01332  ,Billing,945 Schofield manor,  Forchheim  ,Colorado,BL3H 1JW,Bermuda,True,2025-03-17 14:34:48.925000,  56.109889  ,-46.989634,Apt. 760,,
  50169  ,  CUST_01316  ,Billing,"Flat 44
Benjamin spurs",Badajoz,Victoria,M0G 6PX,American Samoa,False,2024-03-11 14:55:23.268000,28.934047,-58.909574,Apt. 805,False,
51460,CUST_01223,Billing&,,Port Fionaville,,42999,Macao,  False  ,2024-04-09 00:03:30.581000,,,,True,2024-09-11 18:14:51.252000
51082,CUST_01125,Billing!,9656 Carrillo Lodge Suite 099,Parsberg,Queensland,A3A3P5,Peru,False,2025-01-20 07:40:15.621000,,,,,  2024-11-19 22:48:18.840320  
51294,CUST_01380,Billing,  Hörlegasse 3  ,Foucher,Pontevedra,2612,  Vereinigte Arabische Emirate  ,False,2024-07-07 04:29:38.373000,,,Studio 8,False,
51135,CUST_01299,  Shipping  ,237 Ellis meadows,Brunel-les-Bains,Tasmania,S19 1DX,Egipto,False,2025-01-16 09:59:30.068000,,,,True,
51018,CUST_01075,Both,"262, rue de Legros",Stevensfurt,La Rioja,  2302  ,San Marino,False,2025-07-09 14:36:57.763000,,,,True,
51233,CUST_01205,shipping,3377 Norton Brook Apt. 167,Bützow,Victoria,49151,Mexico,False,2025-01-13 20:27:47.345000,,,,True,
51454,CUST_01037,Both,"70, chemin de Dumas",north kristiland,Maryland,TF97 9HQ,Tajikistan,False,2023-12-28 18:42:24.159841,-61.3299615,101.627173,Puerta 4,,2024-10-05 04:41:30.009000
51189,CUST_01372,Shipping,  7380 Thomas Ford  ,Roussel-sur-Mer,Toledo,3418,Guinea,True,2024-09-06 19:38:58.721000,-20.1609375,-107.7484,,True,
50371,CUST_01280,Both,435 Montgomery Shoals,Málaga,  Sevilla  ,N0 0PT,  New Caledonia  ,True,2024-06-28 08:02:06.567000,  -68.1576125  ,49.7358,,True,
50209,CUST_01184,Billing,"57, boulevard de Renard",De Sousa,  Wyoming  ,20959,Gibraltar,  False  ,2023-10-26 07:00:30.182000,14.016281,101.357815,Apt. 744,True,
50728,CUST_01322,Both,Plaza Juan Antonio Benavides 30,  Voisin  ,Western Australia,H2B 7T7,Rumania,False,2024-07-07 05:29:53.114000,-56.0475385,-28.92518,Apt. 615 ,False,
51310,CUST_01349,Shipping,Cuesta Ernesto Ángel 16 Puerta 3 ,New Pamelamouth,South Australia,2406,Papua New Guinea,True,2024-02-23 05:56:00.534000,-18.6069635,  159.997845  ,,False,
50646,CUST_01376,Billing,332 Becker Walks Suite 868,Raymond-sur-Pierre,Vizcaya,79848,Mongolia,True,2024-04-04 19:59:50.395000,19.343504,156.641,,False,2024-10-02 04:46:02.624000
51177,CUST_01354,Shipping,"23, chemin Laure Allard",Sevilla,Cuenca,2616,Hong Kong,True,2024-04-30 05:16:51.704000,39.227191,14.156545,Studio 38,False,
,,,,,,,,,,,,,,
  50171  ,CUST_01157,Billing,  2025 Kim Road Suite 798  ,Port Jasminehaven,Northern Territory,09905,  Cayman (Îles)  ,True,2024-10-10 17:33:06.162000,,,,,2024-10-12 20:15:49.572000
50896,CUST_01499,Billing,4 Miles center,New John,Western Australia,04383,Saint Kitts and Nevis,False,2025-07-03 20:12:01.336000,-55.867824,156.696823,,,2024-10-04 08:00:21.681000
50615,CUST_01205,Shipping,2537 Jacob Mountains,  Lewisburgh  ,Navarra,22821,Malaysia,True,  2024-10-27 14:07:51.798564  ,78.293176,42.000748,,True,2025-04-25 18:21:23.533000
51298,  CUST_01064  ,Both,1749 Lauren Pike Suite 968,Sainte RichardVille,Indiana,23112,Italie,False,2024-04-03 22:11:04.189000,,,,,2025-05-13 09:00:53.215000
51467,CUST_01417,Billing,2 Dunn Motorway,Sainte Nathalie,Louisiana,WS3N 3DW,Nouvelle-Zélande,False,2024-11-05 20:00:26.263000,-68.352411,  48.911842  ,,True,
50318,CUST_01038,Both,rue de Guillou,Lindseymouth,Toledo,07507,Oman,True,2024-05-11 10:42:34.680000,-56.9868775,-71.610953,Apt. 135,,  2025-08-29 09:53:36.313034  
50580,CUST_01267,Both,,Barcelona,,2916,Chile,True,2023-09-24 14:21:25.764000,7.276775,134.011073,Studio 1,,2024-11-14 16:12:04.976000
50806,CUST_01356,Shipping,732 Heather Mall,Port Richard,Sachsen-Anhalt,W01 0BQ,Comoras,False,2024-07-26 22:37:31.844000,-73.1202925,17.293427,Apt. 377,,2025-05-04 07:56:44.536000
51475,CUST_01486,shipping,"Studio 1
Thomson mountains",,Segovia,,Seychelles,,2024-01-22 05:21:54.888000,-14.4223045,145.65642,,,2025-03-02 22:29:31.279000
50631,CUST_01442,Shipping,Gotthard-Schwital-Weg 162,Stevenfort,Navarra,  92513  ,Lithuanie,True,2025-07-30 01:45:25.049000,72.5422755,37.539351,,True,2024-12-10 02:15:52.295000
50494,  CUST_01322  ,Billing,boulevard Coste,Hohenmölsen,Thüringen,B33 9FF,Lebanon,False,2023-09-10 04:51:32.819000,-75.990572,94.719669,,,2025-02-16 20:29:58.358000
50584,CUST_01411,Both,Avenida Agapito Alcalde 29,Salamanca,Arkansas,31211,Jersey,True,2025-01-22 20:09:31.375000,-76.578596,  -137.366031  ,Studio 75,False,
  50428  ,CUST_01103,Billing,Callejón Celestino Cobo 2 Apt. 79 ,East Justinburgh,California,2973,Bolivia,False,2025-04-13 01:49:44.080000,-70.249602,155.910874,,True,
50894,CUST_01188,Billing,38794 Edward Lock,New Denishaven,New York,G6T4K7,Cayman Islands,False,2024-05-18 15:06:07.440000,-85.3300685,-21.806022,,,2024-11-06 12:10:12.101000
51072,CUST_01070,Billing,856 Carroll Boulevard,East Jose,Berlin,27483,Sweden,False,2025-08-17 22:44:14.096000,-89.7545375,-121.866974,,False,
51103,CUST_01255,Both,281 Clark Forks,Ceuta,Salamanca,50704,Comoros,False,2025-04-14 13:41:40.714000,-63.0033465,-103.637503,  Apt. 794  ,False,2025-05-07 03:49:14.683000
51093,CUST_01117,Both,"14, rue de Pascal",West Anthonyland,Brandenburg,29889,Uganda,False,2024-06-19 02:32:55.586000,58.024988,-78.815404,,False,
50247,CUST_01291,  Both  ,86 Cruz Elbow,Butlershire,Toledo,MK4P 0BY,Romania,False,2023-12-01 16:28:28.273000,,,,False,2025-08-26 12:39:12.267090
50599,CUST_01141,  Billing  ,"Flat 70P
Kirsty ville",Port Henry,Hessen,2985,India,False,2025-03-13 16:49:08.295000,38.896149,140.372551,Apt. 804,False,
50956,CUST_01223,Billing,rue de Durand,South Kevinburgh,  Cantabria  ,44359,Norfolk Island,True,2024-01-22 08:14:03.949000,-0.340444,80.142394,,,2024-10-08 22:16:20.452000
50772,CUST_01232,Both,Eva-Marie-Kuhl-Platz 6,South Georgeberg,Thüringen,G8K 4AB,Libyan Arab Jamahiriya,True,2024-12-29 06:11:58.052000,48.7033275,-93.607936,,,
,,,,,,,,,,,,,,
50314,CUST_01191,Shipping,"74, chemin Petit",Pettyfort,Bayern,2997,Norfolk (Îles),False,2024-11-29 16:58:23.065000,40.9700605,-147.409421,,,2024-09-16 05:00:46.359000
50841,CUST_01026,Billing,21215 Dixon Creek,Pinneberg,Victoria,53648,Iran,False,2025-06-23 19:12:52.354000,,,,,2025-06-15 03:36:51.593000
51106,CUST_01104,Shipping,avenue Luc Hoarau,Paulberg,Texas,P7S5H2,  Sao Tome and Principe  ,False,2023-10-01 00:30:57.309000,51.1216365,94.429083,,,2025-05-06 11:53:16.039000
50997,CUST_01436,Both,"Studio 6
Bailey center",Laporte-les-Bains,Bayern,S5R 6P2,China,False,2025-05-31 09:14:52.375000,,,5/,,2024-10-04 08:35:45.817000
50153,CUST_01058,Both,Gerdi-Oestrovsky-Ring 6,Doyleshire,tasmania,87584,Croacia,False,2025-01-02 09:30:57.988000,-41.3767135,-127.599754,,  False  ,2024-10-25 23:49:07.439000
50513,CUST_01254,Both,793/8 Williams Green,Lake Saraport,La Coruña,24609,Gibraltar,  False  ,2024-12-29 22:46:49.678000,26.3493965,-77.112106,Apt. 291,True,2024-12-13 13:56:30.790000
50412,CUST_01153,Shipping,Gehringergasse 6,Anthonyport,New South Wales,28276,Albanie,False,2025-07-05 12:43:37.933000,58.0935275,162.73246,Flat 11e,True,
51089,  CUST_01384  ,Both#,Vial Ileana Romeu 515,Tarragona,Schleswig-Holstein,01245,Jamaica,False,2024-02-17 22:30:51.207000,,,,False,2025-07-21 12:34:51.181000
51268,cust_01373,Both,Via Narciso Bustamante 56 Apt. 96 ,Melilla,Pennsylvania,CB1 0PA,Pakistan,False,2024-07-04 00:26:04.405000,21.5892475,-75.233938,,False,
50817,CUST_01249,Billing,21241 Ashley Terrace Suite 967,Jourdan-sur-De Sousa,Alicante,66585,Barbados,False,2024-07-17 11:18:46.619000,,,,False,
51426,cust_01309,Billing,47832 Greene Mews Suite 379,Melilla,Utah,74499,Georgia,False,2024-09-28 14:25:47.122000,,,,,2024-10-11 12:24:49.364000
,,,,,,  null  ,,,,,,,,
50521,CUST_01399,Billing,Urbanización Óscar Becerra 1 Puerta 6 ,Rosarioside,Virginia,40778,Montserrat,False,2023-09-27 08:22:51.517000,-73.951246,33.887618,piso 6,,2025-07-06 14:30:49.281000
50361,CUST_01441,Billing,Paseo Máxima Duarte 61 Puerta 6 ,Hohenstein-Ernstthal,Tasmania,44671,Bangladesh,True,2023-09-22 21:56:28.937000,30.5037805,94.355071,,,2025-06-07 04:51:14.103000
50234,CUST_01115,Shipping,"958, rue Verdier",Guipúzcoa,Santa Cruz de Tenerife,21684,Irlande,False,2024-11-17 19:08:57.234000,,,Suite 124,,
50465,CUST_01421,Shipping,843/4 Wolfe Promenade,West Rachelfort,Berlin,L48 1QF,Dominica,False,2024-07-27 15:15:47.984000,,,,,
50491,CUST_01086,Billing,10 Hughes road,Barcelona,La Coruña,39396,Jordan,False,2025-02-16 22:13:33.983000,,,,False,2024-12-17 06:45:19.997000
51249,CUST_01338,Both,9992 Sims Keys,Edwardsfort,Ciudad,60064,Montenegro,False,2024-04-18 16:16:14.308000,,,,False,
50004,CUST_01110,Shipping,"Studio 7
Arthur dam",Fionachester,Huesca,W10 2GS,  Autriche  ,  False  ,2024-06-14 18:53:50.154000,52.0330505,117.010891,,,
50610,  CUST_01391  ,Both,"Flat 5
Fisher squares",Castellón,Badajoz,90131,Nauru,False,2025-01-15 06:33:42.646000,45.907404,-142.902431,,,2024-11-14 10:56:18.626000
50576,CUST_01472,Billing,42642 Singh Meadows,Burgos,New Jersey,4362,Serbia,False,2024-02-09 00:51:23.712000,23.049082,67.272831,,False,2025-02-21 11:08:52.368000
50519,CUST_01201,Billing,59329 Cohen Land Apt. 968,Renard,Huesca,27352,Bahrain,False,2024-02-08 05:40:59.595000,33.2636625,143.866833,,,
50751,CUST_01044,Shipping,Apt. 009 9 Roman Garden,Deschamps-sur-Colin,Maine,2984,Vietman,False,2024-10-20 17:14:47.328000,25.78695,40.364199,,False,2025-01-06 15:35:39.845000
51171,CUST_01438,Both,Cuesta Teobaldo Jimenez 53,Asturias,Sachsen-Anhalt,R7T 4X1,Azerbaiyán,  False  ,2025-08-07 22:22:46.216000,,,  Piso 5  ,,
51048,CUST_01306,Shipping,"  8, rue Léon Charrier  ",Cottbus,Hamburg,G82 2XF,American Samoa,False,  2024-03-30 21:20:58.975356  ,-48.2462965,-76.596104,,,
50120,CUST_99999,,,,,,United States,  0  ,,,,,False,
51115,CUST_01421,Billing,Rambla de Calixto Atienza 41,Nicolaton,Ohio,G4A 9E9,Guyana,  False  ,2024-02-29 10:46:28.663000,57.6860075,-74.243488,,False,2025-06-03 07:51:02.057000
50832,CUST_01142,billing,"Studio 20i
Hale union",Robbinsburgh,South Australia,49430,Kazakhstan,False,2025-06-12 21:01:21.619000,,,Puerta 0,,2025-08-09 22:17:07.196000
50446,CUST_01087,Both,Kreinstr. 4/4,New Mariamouth,Nevada,30820,Swaziland,False,2024-05-20 11:55:48.852000,-87.762623,-101.009599,,,
50872,CUST_01185,Both,Unit 97 2 Reed Circus,Robertsfurt,Texas,L7H 7AG,Norvège,False,2025-09-07 03:23:50.630000,,,,True,
51101,CUST_01174,Billing,PASEO DE AMÍLCAR PALACIO 5 PISO 0 ,New Gregoryview,Lleida,UB0A 3LG,  Samoa  ,False,2024-01-31 07:21:24.058000,35.47762,-57.981846,,True,
50089,CUST_01284,Billing,"FLAT 30Q
SMITH TERRACE",Desireebury,Texas,61501,Cayman Islands,False,2025-01-23 04:26:40.199000,-6.522494,-116.962904,Suite 499,True,
50403,CUST_01000,Both,Camino Amor Escribano 50,Port Lisa,  New South Wales  ,  S3 6EW  ,Saint Lucia,False,2025-04-22 05:52:18.330000,-63.228947,26.153358,,,2024-10-19 10:50:09.698000
50148,CUST_01141,billing,137 Robin Lodge Suite 850,Demmin,Idaho,B30 0QH,Heard Island and McDonald Islands,True,2024-08-14 02:59:11.016000,80.5665205,-163.591511,Apt. 14,,
50115,CUST_01060,Both,"29, rue de Bouvier",New Paul,Victoria,2657,  Mosambik  ,False,2025-07-12 10:49:13.830000,58.958211,82.874563,Apt. 412,False,
50285,CUST_01456,Shipping,716 Norris springs,East Ralphshire,West Virginia,N3 3ZR,Djibouti,True,2024-07-16 06:14:29.072000,-15.2358055,132.415181,,,2024-12-17 23:06:18.287000
50709,CUST_01231,Shipping,784 Herring Points,Córdoba,Australian Capital Territory,RG9 8YD,Burkina Faso,False,2024-11-20 13:55:47.754000,-77.4131045,100.001047,Apt. 957,False,2025-05-24 15:24:01.700000
  50782  ,CUST_01007,Both,Alameda Dan Navas 62,León,  Bayern  ,2920,Nueva Zelandia,False,2025-03-21 19:52:49.398000,  -38.6582755  ,-110.671104,,,
51047,CUST_01385,Both,00 Kelly Square,Port Jeffreyfurt,Cádiz,X1T 1E7,Mauritius,False,2023-10-23 02:47:38.745000,-63.0784455,-107.213404,,,
  51455  ,CUST_01486,Shipping,"269, rue Ledoux",Huesca,Guadalajara,M8S 1DP,Martinique,False,2025-05-26 15:34:41.379000,,,,True,
51430,CUST_01279,Billing,44/4 Tammy Elbow,Fowlerchester123,Kentucky,2963,South Georgia and the South Sandwich Islands,False,2024-01-17 17:37:51.891000,-11.659976,-132.873402,,False,
51255,CUST_01229,Both,Korinna-Stiffel-Allee 7/2,Allisonfort,Santa Cruz de Tenerife,KA5N 1ZF,Barbados,True,2025-09-03 03:47:21.379000,,,Studio 31d,True,
51110,CUST_01210,,123,Lake Kevin,TAS,,United Kingdom,F,,,,,,2025-08-09 14:02:33.902000
51130,CUST_01054,Shipping,63 Mandy gardens,Harperhaven,Bayern,45987,Norfolk Island,False,2025-07-09 04:01:27.350000,60.9689985,148.177888,,,
50402,CUST_01477,Shipping,"Flat 8
Charlene light",Schwäbisch Gmünd,Western Australia,FK3 2TJ,sierra leone,False,  2024-06-05 07:21:02.740543  ,-64.849997,-82.55066,,True,2024-11-15 20:12:08.463000
50959,CUST_01363,Both,6 Margaret lodge,Pontevedra,Girona,10232,Mozambique,False,2024-10-28 03:59:04.442000,88.9329335,-107.582319,,  True  ,
50442,CUST_01220,Both,"Studio 6
Gerald street",Madrid,Northern Territory,14341,  Northern Mariana Islands  ,True,2025-02-06 15:12:47.481000,,,,,
50893,CUST_01208,Shipping,3534 Jenkins Mission,Brandiview,Las Palmas,2630,Azerbaijan,  False  ,2023-12-19 18:58:20.580000,-85.6964485,-105.225078,Suite 999,False,2025-06-17 11:50:51.400000
51272,CUST_01193,Shipping,60895 Buck Camp,Huelva,Northern Territory,27384,Hong Kong,True,2024-09-25 02:30:47.108000,10.921265,-175.832594,,True,
51325,CUST_01132,Bil,"  60, rue Dupuis  ",,Niedersachsen,,Îles Mineures Éloignées des États-Unis,,2023-09-30 08:11:12.874000,-69.434309,98.764117,Flat 03,False,
51198,CUST_01293,Both,317 Bradley Fork Apt. 496,Hohenstein-Ernstthal,Córdoba,23300,Slovakia (Slovak Republic),False,2024-04-17 18:27:47.089000,,,,  False  ,
  51399  ,CUST_01496,Shipping,767 Dyer Wade,Pontevedra,Zaragoza,18290,Isle of Man,False,2024-07-30 16:24:44.025000,,,,,  2025-01-28 16:47:47.574612  
51261%,CUST_01114,Billing,72162 Foster Brooks Apt. 235,LEGRAND,Idaho,  40452  ,Palästinensische Gebiete,False,2024-10-28 18:28:14.646000,35.7370755,-57.927095,,False,2025-02-22 13:58:51.078000
51205,CUST_01023,Both,Vial Ildefonso Gras 74,Lake Sally,  salamanca  ,J9N 7T6,Chile,False,2024-04-20 04:46:16.094000,45.787622,-49.840962,Suite 069,,
50804,CUST_01155,Shipping,6 Josh trail,Jasonton,Ourense,2687,Bosnia and Herzegovina,True,2025-07-01 03:11:08.452000,53.3869205,-114.511456,,,2025-08-18 15:23:28.618000
50859,CUST_01374,Shipping,Unit 95 5 Spencer Crossing,Dieburg,Brandenburg,2619,Guinée Equatoriale,False,2024-06-05 00:23:51.099000,30.427306,-150.612155,Studio 42,,
50833,CUST_01456,Both,177 Summers Loop Apt. 992,Dyerfort,Tasmania,09284,Ghana,True,2023-10-09 07:36:07.206000,2.138352,31.636082,Apt. 658,True,
51118,CUST_01210,Both,9729 Cooper Loaf Apt. 927,Millermouth,Toledo,88626,Myanmar,False,2024-06-28 19:01:26.889000,17.8372355,24.914378,,False,
50393,CUST_01447,Shipping,Flat 67 7 Mark Wade,East Erichaven,Wyoming,05690,Lesotho,  False  ,2024-04-03 04:20:08.749000,25.1459095,151.578541,21/,,
  50459  ,CUST_01025,Both,Ronda de Eufemia Peñalver 2,Oliverville,Ceuta,79339,Guinée-Bissau,False,2024-02-20 15:57:49.301000,-22.5201985,12.148891,,,2025-07-24 21:54:46.755000
51004,CUST_01264,Both,30 Ahmed ville,Descamps,Mississippi,69920,Bosnia y Herzegovina,False,2024-10-09 03:01:16.166000,,,,,2024-12-25 23:19:22.549000
50526,cust_01059,Shipping,Apt. 833 06 Stephanie Quad,Angelaside,Arkansas,5833,South Georgia and the South Sandwich Islands,False,2024-01-21 11:16:15.025000,-24.2099455,64.848596,,False,2024-09-23 22:57:43.607000
50538,CUST_01034,Both,"69, boulevard de Brunet",East Mohammad,New South Wales,70417,Tonga,False,2025-04-01 09:42:21.960000,3.5550175,-4.195691,,,2025-01-02 10:27:10.768000
  50605  ,CUST_01472,shipping,Urbanización de Jonatan Mur 72 Puerta 2  Apt. 948 Building 78,Unknown,ontario,,CI,,1729538712,-91,360,,,2024-01-30 00:25:12
50274,CUST_01094,Billing,"99, chemin Pierre",New Melissaland,Cantabria,2949,Maroc,True,2025-07-04 14:59:13.156000,,,,,
,,B,,,,,,,2024-03-17 10:09:19,  N/A  ,,,,
 *,,,,,,, ,     ,,,,,,
51436,CUST_01401,Both,806/475 Morgan Mew,  North Emily  ,Santa Cruz de Tenerife,2227,Indonesien,False,2023-09-15 15:48:34.368000,27.2051915,81.686043,,False,2025-02-11 22:50:09.873000
50363,CUST_01105,Billing,"Studio 52r
Graham trace",Guipúzcoa,Queensland,07780,Spain,False,2025-01-30 15:20:37.115000,73.22572,24.808694,Suite 403,true,
50385,CUST_01478,Office!,"Studio 89
Samantha view",TRACYFURT,Rhode Island,M1 8SD,Northern Mariana Islands,False,2024-06-01 01:18:29.388000,-16.649206,-58.793085,,,2024-09-12 20:45:02.584000
50607,CUST_01123,Shipping,Camino Pascual Raya 4 Puerta 7 ,Lake David,New York,M3 4HX,Benin,False,2024-01-27 13:09:59.885000,,,,True,2024-09-20 14:53:01.834000
51344,  CUST_01292  ,Shipping,Calle de Obdulia Hoyos 18,Hamelnec,Valladolid,39013,Chad,True,2024-09-08 07:41:02.501000,,,,True,2025-06-26 10:28:12.017000
51407,CUST_01483,  Shipping  ,81292 Nicole Locks Apt. 391,South Bethany,Saarland,82702,Grenade,False,2023-11-23 20:42:22.291000,-34.4066395,87.484869,,,2025-08-16 19:48:09.838000
51162,CUST_01032*,Shipping,100 Carroll Dam Suite 722,Girard-sur-Mer,Northern Territory,06612,Republik Moldau,False,2025-07-07 20:30:43.932000,60.0169685,150.543151,,True,
50835,CUST_01123,Billing,74039 Michael Radial Suite 529,South Curtisburgh,Western Australia,2733,Libye,False,2024-01-07 11:48:26.054000,-12.3519895,-102.506999,,True,
51444,CUST_01146,Billing,Paseo de Silvia Montes 32,West Robertberg,Zamora,18680,Bouvetinsel,False,2025-09-02 02:16:10.776000,-30.8690595,-178.267108,,True,
51484,CUST_01190,Both,Calle Xavier Chaves 5,Troyland,Idaho,E8T9P1,Bhutan,  False  ,2025-08-05 20:25:52.546000,58.163425,39.502273,,,
51499,CUST_01205,Both,2 Meyer Driveway,Pires-les-Bains,Minnesota,05883,Burundi,false,2023-09-11 01:20:28.568000,,,,False,2025-06-12 14:22:49.550000
50193,CUST_01216,Both,RUE RAYMOND MERCIER,South Lauren,Huelva,68109,Thailand,False,2024-03-09 08:51:51.677000,,,,,2025-02-01 23:13:16.781000
50047,CUST_01452,Shipping,04711 Paige Dale,Rothenburg ob der Tauber,Victoria,79640,Kambodscha,  False  ,2024-07-29 21:42:37.987000,7.3577935,17.211453,5/,,
50416,CUST_01482,Shipping,1127 andersen glens suite 219,Lake Michelefurt,Salamanca,75895,Belize,True,2024-07-07 20:27:14.810000,-19.4478,-157.088727,,False,
50390,  CUST_01223  ,,,Carterborough,WA,99999,USA,T,,,,Apt. 814,True,
51127,CUST_01007,Shipping,321/33 Mccall Estate,Port Melanieport,Kansas,2649,San Marino,False,2024-06-07 10:44:40.870000,,,Suite 985,True,2025-01-08 20:29:06.594000
50217,CUST_01408,Both,8622 Hansen Oval,South John,Sachsen-Anhalt,E6S 6S4,Guatemala,False,2024-12-31 18:51:43.709000,-8.175813,7.752561,,True,2025-07-06 08:05:59.071000
51457,  CUST_01448  ,  BILLING  ,Urbanización de Griselda Marquez 74,Lake Marissaview,Soria,94970,Argentinien,False,2023-10-17 01:47:44.594000,-22.9353345,102.120014,,False,2025-09-04 03:02:29.028000
50855,CUST_01362,Biling,305 Carter Point Suite 937,Hudsonhaven?,Toledo,86173,Marshall Islands,False,2024-01-06 08:33:29.258000,-80.6263755,-119.33435,Puerta 4,Pending,
51044,CUST_01128,Both,avenue de Rivière,Cáceres,Northern Territory,46160,Turkey,False,2023-11-04 15:17:46.060000,-67.8806055,-63.072206,,False,
51064,CUST_01320,Shipping,212 Cardenas Path Suite 856,Meganport,Australian Capital Territory,  04291  ,Gambia,False,2025-05-08 10:48:53.761181,-24.056645,108.768903,Studio 1,True,2025-08-06 20:24:28.171000
 ,, ,, ,,,,,,,,, , 
50175,CUST_01207,Ship,0 Katelyn Riviera,123,Vermont,,Bélgica,,2025-07-18 22:37:07.695000,,,,,2024-12-24 02:55:45.033000
50160,,Both,,Stevenville,,M5H 2N2,1,Maybe,2024-01-15 15:19:09,,,,,
51328,CUST_01296,both,009 Delacruz Circles Suite 086,East Robin,Hessen,03006,Zimbabwe,False,2024-05-13 15:57:55.357000,41.7803665,-26.823128,,False,
50549,CUST_01037,Shipping,583 Karen estate,Lamy-sur-Renaud,Bayern,2926,Kenya,False,2024-08-16 21:21:18.636000,-9.4711845,  -139.804215  ,Apt. 932,,
  50825  ,CUST_01248,BILLING,3 Luke hollow,,Sachsen-Anhalt,,Hungría,,2025-07-19 13:34:00.840000,73.9975325,124.176851,,False,
50614,CUST_01313,Shipping,618 jesse drive,Lake Jacqueline,Mississippi,67373,Andorra,False,2024-09-27 04:55:12.025000,,,,False,
50308,CUST_01250,Billing,Blümelweg 896,Ávila,Indiana,TF64 1NU,Marruecos,False,2025-04-21 01:07:41.853000,72.00445,12.760417,Suite 423,,
50735,cust_01173,Primary,901 Brent Radial Suite 714,lake dianashire,New South Wales,47851,Slovaquie,FALSE,2025-05-28 17:10:41.884000,,,,,
50843,CUST_01332,Shipping,419 Ramsey Forge Suite 219,East Andre,Arizona,L2Y 5J8,Zambie,False,2025-03-27 07:22:40.623233,-59.957602,72.898109,Studio 62l,True,
50167,CUST_01015,billing,Vial Cristóbal Ponce 995,Stuartport,Zaragoza,S98 8PX,Fidschi,False,2024-02-10 05:06:48.383000,-11.998161,5.378076,93/,,
51243,CUST_01358,Billing,67148 Rose Cliff Apt. 314,South Toby,Pontevedra,T4L 4A8,Eritrea,  False  ,2024-12-11 07:35:22.823000,50.999163,-178.00823,Suite 457,True,2025-08-19 12:37:03.365000
50091,CUST_01232,Shipping,"Flat 79
Sanderson plaza",South Erin,North Dakota,8519,Bahamas,False,2024-10-14 01:39:17.524000,-35.733953,108.117229,,,2024-11-08 08:35:03.612000
50294,CUST_01218,Both,364 Lucas Glens,Luckau,New South Wales,B34 7XS,Oman,True,2024-02-04 13:43:54.317000,  -53.377182  ,-41.274252,,False,2025-06-29 17:54:50.306000
50161,CUST_01381,Both,5611 Alec Dam Apt. 557,Peron,Mississippi,23460,Brazil,False,2024-06-28 09:31:33.430000,,,,False,2024-12-17 13:06:53.081000
50184,CUST_01039,Both,"33, rue Étienne",Lübben,Brandenburg,2917,Nauru,True,2024-12-25 19:58:09.551000,-83.9746865,-156.837061,Puerta 1,False,2025-04-06 17:20:10.438000
50887,CUST_01034,Billing,Reisingstr. 268,Córdoba,Navarra,3623,Hong Kong,False,2025-07-04 04:36:07.992000,51.067905,-12.51692,Level 9 ,False,
50677,CUST_01308,Billing,86 Dalton Wynd,Moorestad,Bayern,TN35 8GN,Tonga,False,2023-09-27 00:23:10.135000,,,Apt. 706,False,2025-02-27 20:43:33.986000
50196,  CUST_01078  ,Billing,36915 Salazar Green,Frankview,  Salamanca  ,H4V7S6,Timor-Leste,False,2024-04-01 06:51:42.630725,63.386629,129.180052,,False,
51411,CUST_01027,Shipping,8598 Vaughan Grove Apt. 889,North James,Australian Capital Territory,0956,Tanzania,False,2025-05-04 13:23:03.390000,  23.635582  ,155.541374,,,
50279,CUST_01348,Both,"555, chemin Étienne Joubert",New Juan,La Rioja,E9J 4G4,República de Macedonia del Norte,False,2025-01-25 19:11:36.520000,52.8333395,115.876445,Piso 2,True,2025-06-12 11:53:40.244000
51377,CUST_01097,Both,21 Sosa Brace,Port Christopher,North Carolina,S4A5N3,Canada,False,2025-02-21 01:25:35.349000,-56.8268645,144.555408,Apt. 053,True,
50397,CUST_01091,Billing,439 Miller Coves,North Kateborough,Western Australia,10315,Pakistan,True,2024-04-17 05:52:15.398000,-35.7762745,-97.497784,,False,
50714,CUST_01232,Both,896 Willis Stravenue Suite 273,Soltau,BURGOS,25825,Cote d'Ivoire,True,2024-09-28 03:05:21.471953,-43.594513,111.716708,7/,,
51481,CUST_01440,Shipping,"14, rue Lévêque",Williamborough,Wyoming,81433,Panama,False,2025-02-17 04:21:23.485000,7.0923265,-15.896576,,,2024-11-18 02:25:21.289000
51356,CUST_01177,Shipping,Geza-Fiebig-Allee 3/6,Stadtsteinach,Castellón,23487,mongolia,False,2024-11-20 03:12:32.284000,,,Unit 25 ,False,2025-02-11 21:14:44.819000
50335,CUST_01186,Billing,"1, rue de Pasquier",Murcia,Tennessee,80715,Lesotho,False,2024-11-22 06:25:29.023000,-42.436826,-175.47344,Puerta 7,,2025-02-25 06:08:34.073000
51258,CUST_01384,Both,"Flat 96
Smith spur",Samson,  Victoria  ,47102,  Myanmar  ,False,2024-09-14 14:11:40.178000,-58.822084,-14.047701,,,
51262,CUST_01138%,Billing,Cuesta de Reyna Moles 31,Leonardfurt,Álava,NG6E 6TS,Bosnia and Herzegovina,False,2024-06-02 11:27:58.839000,-11.7071375,-93.903236,Suite 411,True,2024-11-24 05:31:08.662000
51143,CUST_01040,Shipping,89 Rachel Park,New Mario,Las Palmas,64816,Francia,False,2024-12-25 12:21:25.583000,-24.369193,38.615926,Suite 025,,
51033,CUST_01125,Both,"Studio 32s
Lindsey throughway",Timothymouth,Ávila,LE6H 5LH,Guinea,False,2024-10-14 17:04:26.732000,,,9/,False,
50221,CUST_01073,Both,Suite 055 43 Cain Rue,West Lisa,New South Wales,89363,Cap Vert,False,2025-08-18 23:31:22.699000,,,Suite 084,,2025-01-07 12:43:19.558000
50440,INVALID,Billing,,Nelsonville123,,75001,Unknown,Maybe,2024-12-26 19:51:22,,,,,
50564,CUST_01114,Both,  35157 Alexandria Brooks Apt. 805  ,Paultown,Berlin,W28 5EF,inde,False,2024-01-17 06:21:10.578000,-42.3548505,-100.086897,Apt. 080,False,
50935,CUST_01474,Shipping,86394 Debbie Course Apt. 234,Ashleyburgh123,Alabama,89770,India,True,2025-05-09 09:33:23.673000,-79.32769,40.068401,,,2024-09-09 08:27:13.693000
50655,CUST_01079,Shipping,Via de Teresa Quintanilla 5 Piso 1 ,Groß-Gerau,Florida,12863,Afrique du sud,False,2025-06-22 04:10:10.822000,  35.9561205  ,13.879225,,,2025-03-26 05:01:15.888000
51428,CUST_01434,Both,Christl-Zänker-Platz 24,Taylorton,Western Australia,W84 6DH,  Jordanie  ,False,2025-07-13 00:05:00.556000,49.808327,86.165774,,True,
50084,CUST_01491,Shipping,Bärbel-Junk-Allee 8/6,Labbé,Thüringen,M84 4NH,Schweiz,True,2024-04-28 14:44:14.184000,60.4547415,-33.188603,Apt. 785,False,2024-10-23 18:36:36.980000
50964,CUST_01489,Shipping,49134 Alvin Path,Guadalajara,Western Australia,S5 4GF,United States of America,False,2024-05-07 17:16:52.592000,84.205086,-150.143964,,False,
50105,CUST_01482,Office,50392 Hickman Hills,new janet,sachsen,49479,Somalia,False,2025-02-20 00:13:09.205000,,,,,
50324,CUST_01316,Shipping,Jacobring 68,Olivier-sur-Merle,Schleswig-Holstein,19710,Kuba,False,2024-07-07 00:26:44.472000,,,Flat 5,,2024-10-01 23:27:57.305000
50912,CUST_01356,Shipping,155 Moore Walk Apt. 972,Brownport,Sachsen-Anhalt,49375,Kiribati,True,2024-04-01 16:34:31.891000,34.1717955,-104.115215,,,2025-01-18 01:20:11.246000
50542,CUST_01012,Both,Acceso de Martín Bas 44,Bad Mergentheim,Queensland,B2J 2UB,Nepal,False,  2024-02-10 07:05:33.922692  ,87.4230025,19.557084,Suite 704,True,
50713,CUST_01092,Both,Calle Fabricio Melero 43,Asturias,AUSTRALIAN CAPITAL TERRITORY,V4B7X9,Dominica,False,2023-11-22 08:09:32.120000,,,Apt. 215,False,
50227,CUST_01432,Shipping,702/93 Davis Grange,Senftenberg,Berlin,90493,Sudan,False,2024-11-30 03:05:34.767000,11.6507705,24.336833,Studio 11h,,
50269,CUST_01428,Shipping,"Flat 48R
White circles",  Sainte Mathilde-la-Forêt  ,Salamanca,J2T 7C3,ZIMBABWE,False,2023-11-28 21:51:51.854000,-59.9286315,-100.567778,Suite 778,False,2024-11-03 05:31:15.829000
,CUST_01084,billing,,123,,,TR,,  1701721697  ,,,Flat 3,,
50726,CUST_01419,Billing,Georgios-Wieloch-Ring 11,Johnshire,Bremen,M6C 9HQ,  Saint Helena  ,True,2025-05-15 08:48:10.236000,,,Apt. 868,True,2025-07-02 06:37:45.774000
50435,CUST_01053,Shipping,Level 5 61 Snyder Block,Heathermouth,Segovia,49509,Biélorussie,True,2024-02-20 15:50:35.854000,-87.209338,-123.555707,,,2025-07-20 21:01:06.021000
51409,CUST_01474,Both,Radischweg 8,East Conorhaven,Schleswig-Holstein,WN54 4LZ,Lesotho,False,2024-09-19 13:00:27.420000,-87.344931,-116.81884,,,2025-02-21 05:39:51.349000
50436,CUST_01085,Both,Gustav-Cichorius-Platz 8,Charlesmouth,Cuenca,29712,Tokelau,false,2025-03-13 02:22:34.469000,20.9427415,59.863045,Apt. 401,False,
50884,CUST_01465,Shipping,6 Thomas Close,Leslieview,Zamora,65509,Montenegro,False,  2024-10-13 17:02:11.101354  ,,,,,
50199,CUST_01292,Shipping,Rambla Olegario Gracia 55,Scheinfeld,CUENCA,2979,Liban,False,2024-01-10 05:52:18.666000,-83.798848,-54.035485,,True,2024-12-10 04:10:06.260000
50098,CUST_01404,  Both  ,rue Samson,  Carpentierdan  ,Tasmania,J8J 4E4,United States Virgin Islands,False,2024-10-17 07:19:12.972000,-14.016875,70.31631,,False,
51253,CUST_01228,Billing,"34, rue Monique Gimenez",Mckayshire,Tasmania,B3N 7A1,Australia,False,2023-11-07 14:38:07.539000,-60.180597,-150.266599,,  True  ,2025-07-05 00:28:28.927000
,CUST_99999,,,,,,  USA  ,,,,,,,
50237,CUST_01014,Billing,409 Fowler Fords,East Justin,Schleswig-Holstein,42241,Nigeria,False,2024-09-19 12:47:45.195000,  55.6339435  ,114.938442,,False,2024-12-17 06:16:07.588000
50955,CUST_01255,Shipping,2889 Bean Ferry,Fernandezchester,Washington,49979,Chile,True,2024-08-19 23:45:13.894000,,,Level 1 ,False,2024-10-27 15:09:20.225000
,CUST_01041,Bil,,,,,BA,,1725251102,,,,,
51216,  CUST_01178  ,Both,Apt. 009 09 Robert Hill,St. Robert,Hamburg,2982,Haiti,False,2024-11-16 20:29:22.813000,,,,,
50224,CUST_01013,Both,04 Wilson skyway,North Edward,Salamanca,2947,Japan,False,2025-03-30 00:45:17.942000,12.1059135,-12.014439,,,2025-04-20 14:35:45.893000
51034,CUST_01023,Shipping,"13, rue Anaïs Foucher",East Robert,Mecklenburg-Vorpommern,16837,Antarctica (the territory South of 60 deg S),False,2023-09-26 21:53:05.581000,-34.10657,-109.777969,Apt. 49,False,
50045,CUST_01427,Shiping,Sandy-Schottin-Allee 470,Foucher!,New South Wales,S3H9J6,Malte,FALSE,2025-05-08 15:58:42.422000,,,,,2025-08-09 02:37:29.518000
51433,CUST_01464,Shipping,8 David locks,East Carrie,Saarland,2929,Madagascar,False,2024-12-04 13:22:11.823000,-0.409037,-108.754269,Apt. 700,,2024-09-16 04:21:48.431000
50042,CUST_01436,Shipping,161 Scott Square,North Markton,Saarland,G7K3X3,Belgium,False,2025-06-07 03:40:22.626000,-25.352745,133.080102,,,2024-12-03 01:35:57.439000
50231,CUST_01393,Shipping,boulevard Chauveau,Las Palmas,Niedersachsen,73738,Vanuatu,False,2024-12-01 17:58:05.506000,49.507463,159.22597,Apt. 79,False,
  51116  ,CUST_01093,Both,Ronda Iván Ribes 4 Puerta 9 ,Spremberg,Ciudad,90789,Honduras,False,2024-08-30 02:27:42.347000,-40.5576105,-157.053197,,,2025-01-16 09:45:37.075000
50112,CUST_01185,Both,"Flat 67X
Leigh burg",Port Sheliaberg,Nordrhein-Westfalen,J6X8V2,Saint Helena,False,2024-08-05 12:37:05.263000,-9.3984735,-118.214068,Flat 46 ,,2025-07-16 09:59:57.330000
51477,CUST_01291,Both,C. de Abel Bastida 5,North Jimmy,Rheinland-Pfalz,94207,Chipre,False,  2025-01-19 10:47:29.229313  ,,,,False,
50703,CUST_01118,Both,"Studio 67
Nicole ramp",Huet,Salamanca,69395,REPÚBLICA ÁRABE SIRIA,False,2023-09-21 19:57:02.333000,-55.942499,-2.359276,,,2024-09-21 15:32:49.551000
50859,CUST_01374,Shipping,Unit 95 5 Spencer Crossing,Dieburg,Brandenburg,2619,Guinée Equatoriale,False,2024-06-05 00:23:51.099000,30.427306,-150.612155,Studio 42,,
50479,CUST_01113@,Shipping,"Flat 34
Hayes via",Birdborough,North Dakota,48401,Falklandinseln,  True  ,2024-07-23 06:47:58.249000,59.7164285,-68.037197,,  False  ,
51491,CUST_01294,Shipping,9 Brown Circlet,West Suzanne,Mecklenburg-Vorpommern,23794,Aruba,False,2024-02-07 16:28:50.129000,78.7334955,166.195551,Suite 023,True,
51286,CUST_01483,Both,"3, avenue de Delahaye",Ceuta,New Mexico,21422,Uruguay,False,2023-10-10 19:01:26.633000,60.115981,-101.983198,Apt. 10,False,2024-12-03 10:14:04.757000
51301,CUST_01308,Shipping,Maria-Sorgatz-Straße 48,East Dylanchester,Bremen,G6A5N9,Costa Rica,False,  2024-11-02 15:26:54.009640  ,39.995151,114.237929,,,2024-10-16 12:10:34.376000
50633,CUST_01327,Both,C. de Jose Ignacio Cisneros 4,Tommymouth,Huesca,CO60 2EN,Austria,False,2024-08-14 18:15:19.917455,85.4043205,52.67037,,False,
50028,CUST_01372,Shipping,Mohauptstraße 5,St. Ashley,Guipúzcoa,65290,Islandia,False,2024-08-31 04:01:21.007000,,,Flat 4,True,
51005,CUST_01483,Billing,"Flat 59t
Johnson ramp",La Rioja,Queensland,SR23 1TZ,Niger,True,  2025-08-26 09:37:23.028472  ,-28.7969875,127.739165,,True,
50067,  CUST_01380  ,Shipping,Lorchgasse 3,LemoineBourg,Berlin,69619,Pakistán,False,2023-09-24 21:01:20.671000,36.200925,161.273157,,,2025-09-02 13:50:50.063000
51479,CUST_01141,Both,"Studio 1
Allan rest",Saint Laetitiadan,Australian Capital Territory,K6B2L5,Guam,True,2024-09-10 04:55:51.626089,-67.318725,64.944657,,,2025-05-31 18:22:52.318000
50694,CUST_01201,Both,Bauergasse 680,Faure,Berlin,49347,Austria,False,2024-07-03 21:43:40.802000,  78.9901155  ,-74.827251,,True,2025-04-10 00:01:01.357000
50590,CUST_01442,Both,  192 peterson landing apt. 597  ,South Mitchellbury,Tasmania,57485,Syrie,False,2025-02-01 03:18:34.312000,-3.608679,159.668419,,True,
  51366  ,CUST_01399,Shipping,Reichmannstraße 867,Smithtown,bremen,26824,Sao Tome and Principe,False,2025-08-02 07:35:28.986000,,,,,
51073,CUST_01453,Both,1758 Amber Causeway Apt. 889,West Johnstad,Jaén,43177,Falklandinseln,False,2024-05-08 04:57:39.596000,80.2700615,-124.68736,Suite 410,,
50868,cust_01236#,Both,Alameda de Corona Alberdi 3,León,Ourense,49050,Cameroon,True,2025-05-31 06:56:14.499000,,,,False,2025-04-11 00:01:25.123000
50975,CUST_01237,shipping,447 Michelle Springs Apt. 317,,Maine,,Samoa,,  2025-05-03 02:46:04.043297  ,,,,True,2025-01-11 01:31:11.423000
50928,CUST_01424,Both,Level 9 42 Rebecca Lees,Pons,Brandenburg,17285,Kiribati,True,2025-02-04 13:01:31.473000,,,Studio 41,True,  2025-03-04 04:02:06.829702  
50243,CUST_01478,Both,"69, rue de Giraud",Angelamouth,South Australia,2391,Südafrika,False,2025-03-26 11:21:10.745000,,,Suite 199,False,
50855,CUST_01362,biling,305 Carter Point Suite 937,hudsonhaven?,Toledo,86173,Marshall Islands,False,2024-01-06 08:33:29.258000,-80.6263755,-119.33435,Puerta 4,Pending,
50749,CUST_01281,Shipping,11 Miller Subway,Garmisch-Partenkirchen,Castellón,  2943  ,Russian Federation,TRUE,2023-12-10 21:20:53.918000,65.496298,-4.092182,,  True  ,
50834,CUST_01240,Both!,Pasadizo de Luciana Colom 47 Puerta 3 ,  North Anthonyville  ,Málaga,31395,Jamaika,FALSE,2024-10-17 19:56:10.845000,74.870572,179.493935,Flat 21 ,True,
50853,CUST_01146,Billing,"  660, rue David  ",Port Ricardoside,Alaska,36675,Faroe Islands,True,  2025-05-10 22:10:18.902780  ,49.608841,-61.115557,  Studio 2  ,true,
50883,CUST_01247,Shipping,90 Bethany forge,Blanc-sur-Mer,Tennessee,  2642  ,Botswana,False,2024-10-08 20:56:47.232000,62.0342275,93.436992,,  True  ,
50472,CUST_01339,Shipping,0 Hopkins Quays,Josephshire,Mecklenburg-Vorpommern,P6K 2T4,Saint Martin,False,2024-05-31 08:51:28.449000,,,,False,
50856,  CUST_01012  ,Shipping,Köhlerweg 034,Sainte Christine,Rheinland-Pfalz,9652,Wallis and Futuna,  False  ,2024-06-12 00:27:42.886000,-56.1647795,-6.264666,Suite 429,True,
50016,CUST_01274,Shipping,5868 Crosby Crescent,Reedmouth,Pontevedra,15494,Cook (Îles),false,2023-10-12 10:41:40.252687,,,  Apt. 940  ,,
50127,CUST_01355,Shipping,C. de Celestino Corominas 51 Apt. 83 ,Sainte Marthenec,Australian Capital Territory,S1 9ZB,Papua New Guinea,False,2025-01-02 17:11:21.233000,-57.937262,-106.334978,Studio 56,,
51134,CUST_01325,Both,"813, chemin Langlois",Granada,Berlin,82611,norway,True,2024-04-29 12:55:12.230000,75.4912375,-82.698269,,,2025-04-08 08:05:12.993000
51295,CUST_01330,Primary,Börnergasse 900,badoberan,New York,94470,Saint Kitts and Nevis,  False  ,2023-09-18 15:45:54.068000,-50.1112255,177.085606,,,
51441,CUST_01386,Shipping,Lilli-Misicher-Gasse 7,Port Phillip,Ávila,4568,Korea,False,2024-11-25 01:22:55.164000,,,Apt. 259,,2024-09-22 16:57:35.634000
50271,  CUST_01068  ,BOTH,Grafgasse 385,Dianamouth,Palencia,  74924  ,Somalia,False,2024-02-22 16:21:47.501000,,,,,
51086,CUST_01306,Shipping,Acceso de Esteban Villegas 74 Puerta 5 ,port austinberg,Ohio,2214,Sonderverwaltungszone Hongkong,false,2025-04-09 00:52:01.452000,,,Apt. 724,True,2024-10-10 16:17:26.898000
50101,CUST_01304,Shipping,"Flat 28
Gallagher plains",Parsberg,California,44792,Serbia,False,2024-07-07 06:23:36.982000,79.302684,-143.509991,,False,
51058,CUST_01011,Both,Frankegasse 4/2,south stevenburgh,Minnesota,92669,Lebanon,False,2025-09-02 13:48:46.697000,16.358177,-112.245872,Apt. 20,True,2025-01-16 21:42:30.989000
50572,CUST_01117,Billing,avenue Franck Marie,Port Charlotteburgh,Wisconsin,36957,Burkina Faso,False,2024-11-19 02:52:27.962000,,,,,2025-05-09 08:54:34.978000
51445,CUST_01012,Both,"5, rue de Berthelot",Marshallburgh,Minnesota,44799,Samoa,False,2024-08-12 09:09:07.440000,,,Suite 003,,
50858,CUST_01386,Both,350 Rivas Dam,North Frederickfurt,Northern Territory,09412,St. Martin,False,2024-03-01 00:29:44.537000,81.823524,  160.004282  ,Suite 531,False,2025-03-08 22:18:17.262000
51210,CUST_01036,Both,69744 Marcia Forks Suite 078,Williamfort123,Queensland,68060,Bolivia,True,  2024-03-17 15:59:22.059990  ,69.5630615,-56.992139,Suite 833,,
51241,CUST_01305,Both,7189 Mariah Via,Marchand-sur-Peron,Sachsen,47688,St. Lucia,False,2024-04-08 11:18:38.266000,,,,,
50023,CUST_01332,SHIPPING,"60, avenue Dominique Humbert",Marion-sur-Mer,  Ceuta  ,V6A7R3,Myanmar,False,2025-08-26 10:04:41.068000,,,,,
51335,cust_01304,Billing,beata-drewes-gasse 64,Ciudad,Niedersachsen,34293,Yemen,True,2025-04-25 20:48:55.783000,-85.813554,  45.47098  ,,False,  2025-07-02 06:41:04.856834  
50192,CUST_01329,Shipping,"55, boulevard Leclercq",South William,North Carolina,E9X5L8,Mongolia,False,2025-03-25 11:13:34.860000,1.17699,66.342374,90/,True,2025-02-24 12:51:21.341000
50821,CUST_01048,Both,3553 Gonzalez Radial,Gräfenhainichen,Salamanca,LA11 2YR,Gibraltar,False,2023-10-16 05:08:12.181000,69.3337455,-175.728101,,,2025-01-21 16:09:02.789000
51297,CUST_01256,Shipping,1537 Williams Underpass Suite 133,Valencia,Jaén,15861,Vanuatu,False,2025-03-23 09:21:15.423000,,,Unit 76 ,  False  ,  2025-07-12 03:27:47.362690  
50730,CUST_01323,Shipping,Hölzenbecherstraße 34,West Maryview,Las Palmas,14992,Moldova,False,2025-03-24 21:01:12.838000,48.0249545,-159.206778,,  True  ,
50065,CUST_01011,B,Camino de Paula Burgos 85 Flat 98L Building 65,,Bavaria,,ZW,,1742506369,180,360,Studio 46,False,
50969,CUST_01308,Billing,"63, rue Jacquot",La Rioja,Berlin,50614,Bahamas,False,2024-08-19 05:40:53.168000,59.6160255,11.8132,,,
50645,CUST_01393,Both,Alameda de Yolanda Espejo 3 Piso 6 ,Hutchinsonmouth,Australian Capital Territory,W43 6BA,Jordanien,False,2024-05-17 13:11:37.299000,10.1328395,-178.530417,,True,
51021,CUST_01073,Both,0923 Kimberly Keys Apt. 746,Keithberg,Almería,72536,egypt,False,2025-03-12 01:21:36.360000,,,,True,2024-11-27 22:51:03.398000
50029,CUST_01142,Shipping,4948 Zachary Field Apt. 367,Blot,Segovia,70143,Puerto Rico,True,2024-04-20 16:47:17.709000,9.058173,117.143528,,True,
51169,CUST_01001,Both,5837 Gross Ports Suite 975,North Sharon,SAARLAND,92897,Mauritania,True,2024-08-09 02:38:30.964000,,,Flat 3,,
51087,CUST_01150,Billing,  3271 Best Flats Apt. 335  ,Port Carmen,Australian Capital Territory,08131,Saint Helena,False,2024-11-13 12:25:57.567000,69.769736,-53.944781,,False,
50066,CUST_01456,Shipping,20472 West Avenue Apt. 043,New Johnville,Kansas,0997,Bouvet Island (Bouvetoya),False,  2025-07-02 05:07:54.624116  ,53.895843,159.278225,Studio 98,False,2025-04-07 07:01:08.805000
51226,CUST_01125,Both,"61, avenue de Boulay",West Susan,South Australia,2690,  Marruecos  ,True,2025-03-07 05:10:19.948000,-70.019416,179.496718,Suite 716,True,2025-03-24 04:39:15.687000
50380,CUST_01077,Shipping,,North Darrylville,,3309,Nepal,False,2024-03-27 23:20:34.943000,,,Suite 647,True,2024-10-13 19:07:19.573000
50958,CUST_01133,Billing,Vial Zaida Marin 66 Apt. 40 ,Sainte Sophieboeuf,BADEN-WÜRTTEMBERG,UB48 1QY,Luxembourg,False,2024-09-22 05:50:22.522000,17.39183,-98.250584,Suite 364,  True  ,
51307,CUST_01077,Both,Paseo de Marta Asenjo 26,Michaelhaven,Sachsen,2685,Greece,True,2025-05-10 18:57:41.561000,,,,True,2025-03-19 05:46:42.536000
50036,CUST_01214,Both,"81, avenue Xavier Lebrun",Ebersberg,Sachsen-Anhalt,46807,Germany,False,2024-05-03 04:00:43.058000,18.4949155,96.271759,,,2025-09-05 03:54:25.197000
,,,,,,  NULL  ,, ,,,,,,
50653,CUST_01193,Shipping,534 Carter Walks,Burgos,Rheinland-Pfalz,28002,Marshall Islands,False,2023-11-03 21:21:09.719000,,,Apt. 424,False,2025-06-06 00:55:49.331000
51099,CUST_01400,Shipping,586 Melissa Village,Melilla,  Mecklenburg-Vorpommern  ,W7 8UA,vietnam,True,2024-04-09 09:25:46.028000,84.6023335,147.536364,Unit 66 ,,2024-11-28 01:06:38.080000
50018,CUST_01259,Both,  9 Sullivan Access  ,Jasonshire,Schleswig-Holstein,2613,  Macau  ,False,2025-06-29 07:36:02.818000,,,,True,2025-06-05 01:33:09.056000
50187,CUST_01088,Billing,686 Gardiner square,Rollanddan,Huelva,94879,Trinidad y Tabago,  False  ,  2023-11-20 09:39:25.358871  ,-21.6783375,  -55.170596  ,,True,
50046*,CUST_01497,Billing,171/368 Davis Little,Brendastad,Utah,BB98 9JD,Tadschikistan,False,2025-07-05 07:28:43.255000,,,Suite 817,,2025-05-04 09:22:05.807000
51488,CUST_01193,Both,5917 Andrew Groves,Dixonberg,Sachsen,45736,French Polynesia,false,2025-08-20 10:01:12.619000,-1.2542435,23.980088,,True,2025-01-02 09:16:47.653000
50625,CUST_01334,shipping,7726 Johnson Track,,Rheinland-Pfalz,,  Luxembourg  ,,2024-12-02 17:35:53.216000,28.699332,-69.68936,Apt. 768,,
50921,CUST_01153,Shipping,70500 Aguilar Fords Apt. 672,Nicholasbury,New Hampshire,M7G 8AX,Mongolia,True,2025-03-04 14:58:38.970000,-2.732601,-147.323041,,False,
50260,CUST_01353,Both,,East Oliverfurt,,11338,Turkmenistan,False,2023-11-07 23:43:16.042000,  -41.8392285  ,169.908724,,False,
51088,CUST_01041,Shipping,104 Glenn Row Apt. 541,Badibling,Mecklenburg-Vorpommern,66136,Chile,  False  ,2025-07-10 06:44:03.642000,,,Apt. 909,,2025-03-15 05:00:03.610000
50323,CUST_01139,Shipping,Cañada Lucila Rocamora 610 Piso 8 ,north katherineville,Granada,94105,Guadeloupe,False,2025-04-20 08:11:57.350000,61.826348,157.01768,,False,
51287,  CUST_01420  ,Billing,Level 2 05 Oliver Grange,Mccormickside,Australian Capital Territory,2662,Puerto Rico,False,2024-09-22 19:33:19.451000,-83.0764845,-90.121888,,True,2025-08-31 18:01:30.798000
51203,CUST_01065,Both,7 Zamora Outlook,Bigot,  Wisconsin  ,99626,Luxembourg,False,2024-11-13 11:08:49.134968,29.1958785,179.746432,,True,
50484,CUST_01107,Billing,Schusterallee 476,New Russell,South Carolina,42232,Moldavie,False,2025-08-04 04:21:31.492000,11.787538,-1.067326,,True,2025-06-16 08:14:40.144000
50658,CUST_01165,Shipping,320 Frederick summit,New Aaronborough,Vermont,54680,Guam,False,2024-08-01 14:25:36.176000,83.9363355,-113.833799,Apt. 623,,2025-01-21 22:43:29.796000
50079,CUST_01242,Both,Unit 39 00 Simpson Square,Güstrow,Connecticut,2624,Kaimaninseln,True,2024-06-30 14:11:16.589000,17.530311,126.167625,,,
  50635  ,CUST_01240,Both,450/9 Nicole Vista,Gallagherton,Georgia,25767,Panama,True,2024-07-27 07:58:15.909000,80.5114605,-102.716639,,True,2025-06-14 14:45:13.098000
  51031  ,CUST_01329,Both,karl-ernst-speer-weg 2,Grondinboeuf,Vizcaya,44358,Deutschland,True,2025-08-27 05:36:59.941000,9.5697735,-1.482036,,True,2025-07-15 15:26:20.588000
  50965  ,  CUST_01374  ,Both,"45, boulevard Vallée",Vaillant,Barcelona,97479,Argentina,False,2025-08-31 13:04:06.937000,,,91/,False,
51474,CUST_01195,Shipping,38180 Janet Hills,Bad Liebenwerda,New South Wales,20411,Romania,  True  ,2023-09-27 08:39:12.941000,,,Piso 1,,  2025-02-19 19:04:00.876766  
51030,CUST_01084,Both,42864 Lynch Meadow,Cádiz,Sachsen-Anhalt,2664,Samoa,False,2025-02-24 00:58:28.267000,5.7265645,54.755076,,,  2025-02-22 00:20:33.370039  
51440,,,,,,,U.S.A.,N,,,,APT. 770,,
50986,CUST_01052,Both,2 Jennifer Gully,North Beverley,Kentucky,16933,Cuba,False,  2024-03-31 18:04:38.128513  ,-32.9795265,85.559985,Flat 2,False,
50256,CUST_01353,Billing,Plaza Rodrigo Toledo 9,Evelynfurt,South Dakota,58517,Guyana,False,2024-02-05 09:32:30.182000,-79.4421175,174.728912,,True,2024-12-27 10:07:00.580897
50933,CUST_01403,  Both  ,Höfiggasse 8,Valencia,Northern Territory,22013,Lesotho,false,2025-04-11 19:54:25.426000,18.590406,-87.711308,,False,  2025-06-06 09:56:19.400231  
51257,CUST_01097,Both,Urbanización Merche Bauzà 632,Badajoz,Victoria,30572,Ethiopie,  FALSE  ,2025-05-19 19:11:28.017000,-3.864919,-91.193049,Studio 26,True,
50502,  CUST_01168  ,Shipping,3240 Mccarthy Fall,West Marc,South Australia,L6C6V6,Somalia,True,2024-08-03 11:59:05.430000,,,Apt. 956,False,2025-05-18 04:43:03.901000
51207,CUST_01022,Billing,02/392 David Brow,East Christymouth,La Rioja,G8U 9WU,Uruguay,False,2024-09-07 02:48:05.459000,-69.521418,-95.439915,,,
51322,CUST_01016,Both,"Flat 60f
Geoffrey ford",South Jasonchester,Western Australia,4612,Dominican Republic,False,2025-04-30 13:37:23.037000,-58.7280075,-166.084355,Apt. 485,False,
50480,,,,,,00000,GB,Y,,,,,True,
50916,CUST_01490,Billing,"132, chemin de Valette",Soria,Western Australia,S1F 6LA,Congo,False,2025-01-01 09:22:26.821000,20.4595495,-148.983354,Apt. 405,,2025-03-01 06:32:37.553000
50245,CUST_01024,Home,boulevard Pelletier,MICHELLEBURY,Tarragona,50740,Rwanda,True,2024-07-02 14:54:02.571000,56.3292115,175.6703,,,
51447,  CUST_01106  ,Both,George-Beier-Ring 356,  West Brady  ,Huelva,56130,San Marino,False,2025-06-13 07:39:30.772000,50.9128355,163.040207,Studio 97Z,  True  ,2024-11-17 08:13:05.664000
51438,CUST_01165,Both,7079 Lopez Wall Apt. 830,Bradymouth,Brandenburg,04246,Angola,False,2023-10-30 07:07:13.101000,85.1395275,  -6.594018  ,Flat 26R,True,
50468,CUST_01292,Billing,Vesna-Kranz-Straße 20,Ashleyton,Saarland,A6E5M3,Kyrgyz Republic,False,2024-07-27 08:48:33.989000,-80.0668795,77.809659,Suite 138,,
51279,CUST_01056,Billing,Dieter-Wieloch-Platz 5/3,Smithmouth,Maine,57259,Nepal,True,2023-10-19 04:44:53.821000,-55.6512885,-36.2054,,True,
50987,CUST_01204,Shipping,Rita-Schlosser-Gasse 5/5,Guipúzcoa,Rheinland-Pfalz,BN75 9ZZ,Cook Islands,False,2025-08-10 20:14:29.814000,-82.0933795,31.176917,,False,
50621,CUST_01210,Billing*,Avenida Gonzalo Iñiguez 97 Puerta 4 ,De Oliveira-sur-Philippe,Bayern,0979,Lebanon,false,2024-06-18 15:12:28.155000,-52.492221,-114.009653,,True,2025-06-13 21:21:33.685000
50296,CUST_01439,Both,39155 Shaffer Summit Apt. 632,East Tara,  La Rioja  ,V2Y 6P9,Lebanon,False,2024-03-07 23:21:46.889000,,,,False,2025-07-27 11:11:40.079000
51201,CUST_01428,both,79764 Cox Spring,LÜBZ,Schleswig-Holstein,W2C 9HN,Guyane française,True,2025-07-30 01:32:46.785000,-83.3618285,-70.898419,,True,2024-09-13 01:35:59.362000
51219,CUST_01376,Shipping,"Studio 66
Greenwood union",Johntown,Northern Territory,2644,Saint Lucia,False,2024-02-29 14:50:12.516000,-87.1551815,-71.126675,,True,2025-04-18 06:34:27.292000
51344,CUST_01292,Shipping,CALLE DE OBDULIA HOYOS 18,  Hamelnec  ,Valladolid,39013,Chad,True,2024-09-08 07:41:02.501000,,,,True,2025-06-26 10:28:12.017000
50252,CUST_01153,Shipping,441/96 Mejia Viaduct,West Amy,California,54404,Malta,False,2025-01-22 18:22:48.796000,-31.100879,-27.906071,Studio 93H,False,2024-11-18 18:46:47.801000
50325,CUST_01324,Bil,"flat 71
davies lodge",Unknown,Córdoba,,Mali,,2024-07-15 07:45:56.848000,41.4101795,43.83348,Puerta 8,,2024-11-07 17:43:54.428000
50002,  CUST_01119  ,Both,11 Glover vista,Millerport,Hessen,03413,Brasil,False,2024-03-31 01:49:51.217000,7.933892,18.739393,  Suite 078  ,False,
50617,CUST_01378,Billing,1 Kendra Beach,Phillipmouth,Nordrhein-Westfalen,36080,Guinée Equatoriale,False,2025-05-26 20:37:24.448000,47.2886185,27.282557,,,2025-07-24 10:39:44.254000
50273,CUST_01438,Both,2752 Tara Plains Suite 474,Guipúzcoa,Washington,2128,Gambia,True,2024-06-29 09:42:50.832000,-30.8462755,11.874201,Puerta 2,,2025-01-06 11:08:28.523000
51461,CUST_01007,Both,569 Beverly Haven,La Rioja,Bremen,16322,Costa Rica,False,2025-02-10 02:28:15.919000,,,,False,
51392,CUST_01265,Shipping,6/7 Freeman Ring,Yvonnechester,Indiana,51826,Benin,False,2024-03-15 15:18:11.384000,,,,,
50486,CUST_01191,Billing,"  10, boulevard Henry  ",West Kevin,Queensland,36212,Brasilien,False,2025-04-04 18:10:57.662000,17.5757605,-35.045573,  Piso 7  ,,
51195,CUST_01060,Billing,3/17 Morgan Fairway,Lake David,New South Wales,  C4G 4Y2  ,Guinée-Bissau,False,2024-09-18 22:11:04.031000,66.472823,78.874338,,,2025-04-08 10:33:13.658000
50014,CUST_01440,Billing,"  12, chemin Stéphanie Fournier  ",Lake John,MINNESOTA,37692,Madagascar,False,2025-03-10 12:00:46.226000,-46.378765,-84.945734,,False,
50230,CUST_01282,Billing,16224 Tammy Summit,Marcusfurt,Wisconsin,9147,British Virgin Islands,False,2025-05-29 19:15:31.025000,51.4796415,101.667291,Piso 0,  False  ,2025-05-21 09:45:55.749000
51049,CUST_01461,Billing,04108 Chavez Unions Apt. 351,Angelaberg,Northern Territory,01501,Mauricio,False,2023-12-04 23:17:34.760000,  88.484024  ,82.73124,Apt. 505,False,2025-09-02 09:30:23.470000
,,,,,,,,,,,,,,
  51197  ,CUST_01334,Shipping,Ignaz-Meister-Straße 1,Valladolid,Lleida,2600,Iceland,False,2024-02-20 23:19:02.653000,,,,True,
50326,CUST_01227,Shipping,"37, boulevard de Evrard",Ravensburg,Brandenburg,52212,heard island and mcdonald islands,False,2024-04-08 13:29:38.653000,,,Apt. 770,False,
50620,CUST_01049,  Shipping  ,,Patelfurt,,2897,Géorgie,False,2024-03-14 02:15:36.223000,-22.210466,22.165194,Flat 95,False,
50927,CUST_01429,Both,Felix-Zirme-Ring 1,  Valladolid  ,Guadalajara,41090,Ouzbékistan,False,2025-08-04 23:38:54.102000,-51.709577,86.509686,Studio 07,  True  ,2024-11-20 14:40:56.081000
51427,CUST_01200,Billing,399 Wright Valleys Suite 566,Lake Nicholas,Oklahoma,48374,República Unida de Tanzanía,False,2024-06-21 06:06:50.059000,49.414823,-114.643913,Apt. 394,,
51360,,Shipping,,Ramosshire,,100-0001,,,2025-07-14 18:57:28,,,,False,
50632,CUST_01357,Both,7 Linda Dip,Meaganville,Jaén,2935,Germany,False,2024-02-02 04:05:38.608000,-32.133253,162.767204,,False,  2024-11-02 00:20:58.108463  
50198,CUST_01122,Shipping,8845 Robert Keys Apt. 998,Beckerdan,Missouri,36574,Äthiopien,False,2025-06-05 06:24:26.913000,0.566985,158.912329,Flat 55R,,2025-04-06 01:07:44.006000
50659,CUST_01066,Billing,Level 7 3 Jamie Hill,Williamstown,Lleida,B7 3SE,Cambodia,False,2024-04-01 01:34:36.915000,-86.3042835,104.322733,Studio 37F,,2025-04-11 11:16:22.973000
50758,CUST_01211,Billing,Mangoldallee 3/3,Richardsonland,Huelva,80196,Sweden,False,2024-03-14 05:50:24.211000,80.5482245,-162.175811,Apt. 720,,
51065,CUST_01266,Billing,132 Williams rapid,Marchand,Valladolid,91364,Liechtenstein,False,2024-10-18 12:30:31.431000,43.39425,3.87749,Piso 6,False,2024-10-05 09:43:46.711000
50505,CUST_01432,Billing,797 Simon Piazza,Córdoba,Rheinland-Pfalz,2994,Vanuatu,True,2025-03-20 12:06:49.204000,-61.04781,48.650222,,False,
50312,CUST_01416,Both,"57, rue Marcel Gonzalez",South Darrylburgh,Lleida,97499,  Portugal  ,True,2025-08-13 13:52:03.060000,16.031263,-17.512443,Suite 168,,
50514@,CUST_01405,Both,059 Lewis Mews,Arnaud-la-Forêt,Baden-Württemberg,2670,Malawi,False,2023-12-13 19:32:34.331000,34.1356205,160.836076,Apt. 480,False,2024-10-14 17:51:52.239000
50794,CUST_01326,Billing,Armin-Schulz-Platz 423,Lake Nancy,Tasmania,02816,TURKS AND CAICOS ISLANDS,False,  2024-07-03 10:37:46.824001  ,-37.107088,-149.161531,Flat 77,,2025-05-28 11:58:38.980000
  50101  ,CUST_01304,Shipping,"Flat 28
Gallagher plains",PARSBERG,California,44792,Serbia,False,2024-07-07 06:23:36.982000,79.302684,  -143.509991  ,,False,
51441,CUST_01386,Shipping,Lilli-Misicher-Gasse 7,Port Phillip,  Ávila  ,4568,Korea,False,2024-11-25 01:22:55.164000,,,Apt. 259,,2024-09-22 16:57:35.634000
50122,CUST_01447,Shipping,277 victoria motorway,Lake Josh,South Australia,86299,El Salvador,True,2024-06-07 15:31:03.218000,,,,,2024-11-08 17:14:39.224000
50167,CUST_01015,Billing,Vial Cristóbal Ponce 995,Stuartport,Zaragoza,S98 8PX,Fidschi,FALSE,2024-02-10 05:06:48.383000,-11.998161,5.378076,93/,,
,, , ,,  null  ,, ,, ,,  null  ,  N/A  ,,
50220,CUST_01405,Billing,,Port William123,,57981,Congo,False,2025-08-16 05:51:12.214000,-84.231735,-47.18236,,True,2024-12-29 15:12:45.341000
50799,CUST_01055,Billing,218 Amanda Park Apt. 962,Weißenfels,Berlin,43385,Filipinas,False,2025-02-17 02:07:32.310000,33.7307755,16.297881,,,
50490,CUST_01470,SECONDARY,RITTERSTRASSE 3,fletcherhaven,Connecticut,2362,,False,1975-12-19 00:38:11.816000,,,,,2025-06-09 12:23:00.990000
51206,CUST_01160,Both,644 Mitchell Place,Greiz,Tasmania,G6X4A8,Senegal,True,2025-08-19 01:01:37.806000,-0.605266,-163.967111,Apt. 119,True,2025-03-31 17:57:58.204000
50948,CUST_01096,Shipping,Cuesta de Maricruz Fuertes 563,Tübingen,La Coruña,97742,Irán,False,2025-09-05 07:21:55.360000,,,,True,2025-07-16 01:03:45.862000
50587,CUST_01079,Shipping,75096 Emily Stravenue,Tarragona,Oregon,T6P8V5,Noruega,False,2024-10-12 19:17:02.984000,-38.9207445,135.266236,Apt. 159 ,False,2024-09-24 20:35:04.335000
50647,CUST_01081,Both,Camino de Jerónimo Miró 537 Piso 0 ,New Jermainebury,Ciudad,1601,Guatemala,False,2025-04-26 22:38:01.107000,21.8718355,89.375964,Studio 94z,,
50034,CUST_01257,Both,1832 Serrano Cliffs,Port Kyle,  Schleswig-Holstein  ,61934,Heard- und McDonald-Inseln,True,2024-06-30 01:07:02.154000,,,,,2025-03-11 01:18:36.369000
50303,CUST_01238,Billing,63 Erickson Underpass,North Marvinbury,Huelva,85921,Sahara Occidental,False,2025-04-23 14:29:03.523000,-21.909499,152.67629,Piso 1,,
50058,CUST_01481,Shipping,5231 Jonathan Extensions,Lleida,Soria,82750,  Guinée  ,True,2025-08-19 07:09:53.301000,-49.477682,-143.339093,Apt. 12,,2025-02-17 18:34:51.128000
51341,CUST_01400,Billing,611 Fitzpatrick Fire Track,Marquezland,Pennsylvania,34085,Bahamas,False,2024-11-04 04:32:44.575000,-8.5483095,-17.879131,,,2025-08-10 15:59:58.570000
50130,CUST_01130,Shipping,36 Nelson Brow,Mathieu,Idaho,B6B 4NP,Micronesia,False,  2023-09-15 20:14:34.212182  ,-11.725539,-16.839935,,True,
  51107  ,CUST_01327,Shipping,990 Duncan Byway,GuillotVille,Tasmania,  57625  ,Marshallinseln,False,2024-04-24 00:42:29.010000,-1.435053,150.468355,,,2025-04-12 19:36:21.638000
51379,CUST_01415,Shipping,Schäferallee 40,Badajoz,Nevada,19333,Cuba,False,2024-12-07 21:33:47.635000,,,,True,
50298,CUST_01370,  Billing  ,Alameda de Serafina Ramos 5,Vizcaya,Lugo,56124,Autriche,False,2024-07-13 11:01:52.544000,57.029542,-4.567581,,,
50837,CUST_01292,Both,Suite 663 956 Joseph Parklands,Floresburgh,Tasmania,20117,Belgium,True,2024-05-22 04:06:36.570000,-51.9466205,144.5849,,,2024-09-19 09:46:38.239000
50372,CUST_01320,Shipping,6 Lawson Track,East Jeanland,  Schleswig-Holstein  ,CH78 3HG,Sudán del Sur,True,2023-11-14 08:24:24.392000,,,,False,
51410,CUST_01083,,Unknown,Zamora,SA,XXXXX,United States,F,,,,,,2025-06-06 07:19:05.944000
50634,CUST_01211,Shipping,8870 Jones Isle Apt. 482,East Julieside,Bayern,67283,Norfolk Island,False,2024-06-07 05:23:45.579000,18.2900995,149.062162,,True,
50476,CUST_01298,Both,89413 Snyder Causeway Suite 456,Barbaramouth,Minnesota,E8M 8L4,France,True,2025-09-01 07:47:44.922000,-61.513778,177.788823,Apt. 203,False,2024-10-30 18:17:26.395000
50481,CUST_01099@,Both,Sergio-Stroh-Ring 9/3,Neunburg vorm Wald,South Australia,  16197  ,Paraguay,False,2024-09-02 02:52:02.938000,15.283084,11.731567,,True,
51367,CUST_01407,Shipping,Cuesta Zaida Cadenas 361 Puerta 3 ,Frankberg,Oregon,51572,Ghana,False,2025-01-08 07:42:27.934000,-32.770262,-140.786002,Flat 13,True,
  50257  ,CUST_01265,Billing,5 Miller Run,West Austin,Washington,30600,Bahrain,True,2024-10-08 21:13:48.497000,44.132943,61.220004,,,2024-09-22 18:59:54.071000
50133,CUST_01358,Shipping,Mentzelring 13,East Kennethburgh,Lleida,e4y8p5,Estonia,True,2023-12-06 14:47:52.881000,-8.3379125,143.895559,,,2024-11-26 19:06:42.288000
50178,CUST_01039,Both,avenue de Imbert,  East Jessicafort  ,Saarland,SA3B 9DH,Libyan Arab Jamahiriya,False,2024-05-06 20:56:13.014000,,,Apt. 41,False,2024-12-29 21:46:08.721000
50925,CUST_01021,S,"62, RUE LECLERC",,Tasmania,,Armenia,,2025-04-23 09:49:49.781000,-1.044584,-148.120836,Flat 2,,2025-04-23 01:12:42.729438
50455,CUST_01006,Secondary,52774 Tina Knolls Apt. 586,SAINT MARCELLE-LES-BAINS,Rheinland-Pfalz,2624,Sudán del Sur,False,2025-07-15 14:29:07.829000,  83.176841  ,22.144102,,,2025-04-18 12:57:17.678000
50015,CUST_01239,Both,563 Moore Top,Brennanfort,Queensland,31166,Gambia,False,2025-04-13 00:08:47.891000,-30.159415,174.352619,,True,2025-02-01 19:08:53.691000
50567,CUST_01020,Billing,71587 Torres Turnpike Suite 080,Allard-sur-Giraud,Bayern,04148,Hungary,False,2024-05-23 23:31:00.978000,,,Flat 4,,2024-09-28 09:55:33.506000
50277,CUST_01327,Shipping,8730 Eric Hills Suite 146,Walkerbury,Delaware,19167,Bangladesh,False,2025-03-07 15:25:43.953000,38.9794535,54.112498,,  False  ,2024-12-12 11:04:54.310000
51002,CUST_01043,Shipping,Pasadizo de Lisandro Alemany 53,East Lewisshire,Sevilla,  2914  ,La Barbad,False,2024-05-31 21:00:27.799000,-59.484584,-14.234359,,True,2025-03-15 19:22:48.186000
50351,cust_01058,Shipping,  82 Perez Triangle  ,Nabburg,Western Australia,51536,Trinidad y Tabago,False,2024-02-10 02:52:13.472000,,,,False,2025-07-17 18:59:40.573000
51278,CUST_01146,Billing,717 Bernard Centreway,  Carpentiernec  ,Northern Territory,N40 3SY,Nouvelle-Zélande,False,2023-12-13 21:48:09.194000,-0.602764,-156.797489,Flat 00F,True,
50267,CUST_01147,Shipping,43 Andrew neck,Ebersberg,Ourense,77262,Kiribati,False,2024-08-14 04:20:31.177000,-89.6339495,  156.781822  ,,True,2025-01-27 20:03:01.449000
51496,CUST_01323,Billing,"55, chemin de Mendès",Eilenburg,Toledo,CF7Y 2TE,Égypte,True,2025-05-22 22:26:12.464000,,,Piso 7,,
50552,CUST_01005,Both,769 Nancy Square,Saint Nathboeuf,Western Australia,46979,Italy,False,2024-12-19 02:41:28.103000,,,Level 3 ,False,2025-06-17 11:26:57.602000
50984,CUST_01011,Billing,Apt. 570 377 Amber Expressway,Zaragoza,Oregon,B95 7JH,Thailand,False,2023-12-23 23:02:49.974000,72.0556635,77.192297,,False,
50097,CUST_01415,Both,27 Chelsea loop,Eileenland,Huesca,70707,tansania,False,2023-10-17 16:02:47.599000,,,Suite 634 ,False,2025-05-13 07:32:14.950000
,,     , ,, ,, , ,,,,, ,
50616,CUST_01369,Shipping,"Studio 0
Thomas islands",West Timothy,Segovia,50507,Cookinseln,False,2024-11-20 13:32:26.951000,43.448253,-139.704933,Apt. 356 ,,2025-04-16 08:11:05.679000
51263,CUST_01323,Both,Acceso Rómulo Ibañez 9,Olpe,Ceuta,12225,Burkina Faso,false,2025-06-19 16:06:02.873000,50.0434315,-71.16403,Studio 24,False,2024-11-10 23:56:25.489000
50443,CUST_01097,Shipping,28974 George Springs,  Lake Elainechester  ,Baden-Württemberg,WS1 0ZQ,Myanmar,False,2024-08-31 17:18:03.693000,36.854072,-155.746041,Apt. 257,,
50174,CUST_01379,Billing,Valerij-Trupp-Ring 110,Nicoleland,South Australia,2987,Kokosinseln,False,2024-04-28 03:34:42.516000,,,,,
51312,CUST_01232,Shipping,8939 STAFFORD MOUNT APT. 411,Maddoxside,Mississippi,39258,Northern Mariana Islands,False,2025-06-02 07:44:31.451000,,,,False,
50329,CUST_01350,Shipping,890 Karen Parkway,Lake Sharonburgh,Louisiana,14487,Switzerland,False,2025-05-14 20:01:44.412000,,,,,
51327,CUST_01354,Both,Camino Emma Pinilla 70,Johnsonstad,Sachsen,50506,Oman,False,2025-05-31 04:22:24.922000,-23.4767025,67.611588,,True,2024-09-19 22:56:11.724776
50340,CUST_01336,Both,,Pamelaland,,09358,Uruguay,False,2024-07-28 20:01:56.774000,,,,False,2025-04-20 07:52:46.019000
50937,CUST_01041,Shipping,64 Rodriguez Tarn,Bautzen,Las Palmas,09506,Finland,False,  2025-02-08 17:19:17.851009  ,5.0230875,-172.094378,,True,2025-01-06 04:06:38.561000
  51039  ,CUST_01258,Shipping,04202 Castaneda Crest,West Drew,South Australia,95437,  Micronesia  ,False,2025-06-19 19:14:28.513000,-33.754754,  -73.97778  ,Apt. 199 ,True,
50860,CUST_01430!,Billing,,New Melissaton,,c8l5t5,Denmark,false,2024-06-03 11:11:49.975000,,,,True,2025-01-17 12:21:14.583000
51184,CUST_01410,Both,"Studio 6
Jay flat",Madrid,Tasmania,89607,Korea,False,2023-12-16 01:24:28.729000,-32.4477755,-134.164783,,False,2024-12-02 10:39:28.620000
51165,CUST_01172,Shipping,PASADIZO CELIA TÉLLEZ 888,Asturias,Victoria,62290,Bolivia,False,2025-02-22 00:28:24.566000,59.253489,-175.102926,699/,,
50295,CUST_01209,Billing,Walburga-Ullmann-Straße 015,Andre,Huesca,62319,Mauretanien,False,  2024-09-25 07:14:25.777052  ,65.8052365,101.99689,,,
50189,  CUST_01171  ,Billing,Sandro-Rohleder-Weg 2/5,Guillet-la-Forêt,Saarland,47235,  Saint Pierre and Miquelon  ,False,2025-05-26 13:57:42.576000,-58.033159,-56.642471,,,2025-06-22 06:50:20.188000
50483,CUST_01092,Billing,48 Michelle circle,Bertin,Sachsen-Anhalt,2616,Eritrea,False,2024-03-24 00:32:24.214000,,,,True,
50880,,Billing@,,West Jason123,,M5H 2N2,,,2025-05-17 01:45:13,999,,,False,
50359,CUST_01278,Shipping,155 Colleen Plains Suite 613,West Brandonburgh,Montana,06373,Palestinian Territory,False,2024-03-31 10:18:59.461000,9.0473045,-143.851804,,True,2025-02-06 09:52:02.321000
50826,CUST_01382,Both,51213 Cook Lock,Maynardside,Zaragoza,75692,Danemark,False,2024-03-18 17:51:40.618000,,,Suite 359,,
51458,CUST_01377,Billing,516 Matthew Club Suite 120,West Ashleigh,New York,C1R6X7,Papua New Guinea,False,2023-11-11 18:23:01.975000,0.134202,-114.584203,,False,2024-11-28 00:08:10.859000
,,,,,,     ,,,,, ,,, 
50675,CUST_01153,billing,Avenida Benjamín Leal 2,,Oklahoma,,Samoa,,2024-03-19 02:54:50.010000,-20.5660485,165.625373,Level 8 ,Pending,
51003,CUST_01271,Shipping,Suite 308 2 Buchanan Quays,Leroux-sur-Mer,Northern Territory,  2058  ,Saint Barthelemy,  False  ,2025-03-15 19:24:13.689000,33.2780745,78.001671,level 1 ,False,2025-08-14 05:43:15.621000
50993,CUST_01080,Both,"611, chemin de Guilbert",West Allen,Idaho,62239,Réunion (La),False,2025-07-26 23:26:57.572000,-43.661332,161.973316,,True,
50255,CUST_01124,Billing,410 Chad Stream Suite 707,North Rosiefurt,Bremen,69087,Jordan,False,2025-05-18 13:59:44.628000,,,,False,
50733,CUST_01404,Billing,"flat 13
andrew port",Lake Amanda,Schleswig-Holstein,2609,Luxembourg,False,2024-02-06 10:48:43.591000,-88.532549,-73.181589,,,2025-06-29 18:55:26.985000
50405,CUST_01118,  Booth  ,  Plaza Ximena Gomez 4 Piso 6   ,Abbieport?,Victoria,  72131  ,Guinea-Bissau,False,  2024-12-02 18:37:52.725694  ,6.769238,-156.728345,,N,2024-11-03 10:49:24.498000
50639,cust_01456,,Unknown,,ACT,,GB,,,,,,,
51373!,CUST_01008,Billing,"77, chemin Aubert",Merseburg,Valladolid,7195,Aruba,True,  2024-06-21 10:54:16.062471  ,-13.3103845,-105.383563,,,
50106,CUST_01128,Billing,"20, rue Virginie Sanchez",Novakmouth,South Dakota,V9K7P7,Pitcairn Islands,True,2025-01-04 15:06:49.936000,76.0584395,-47.688282,,True,2024-10-06 02:37:59.012000
  50347  ,CUST_01218,  Shipping  ,Pasadizo Daniela Torrijos 81 Puerta 9 ,New Paul,Thüringen,59283,RWANDA,False,2024-09-27 20:55:06.055000,,,,False,
  50429  ,CUST_01300,Both,665 Stokes Falls,Baleares,Saarland,0898,  Cayman Islands  ,False,2025-03-04 19:36:14.050000,-38.233496,-164.13265,Apt. 299,True,
51117,CUST_01140,Both,107 Stephen Mews Apt. 485,Zamora,Brandenburg,W08 1EY,Benin,False,2024-03-21 11:25:41.143000,,,,True,2024-12-29 06:29:15.965000
51487,CUST_01413,Shipping,"17, boulevard Gérard Duval",Beeskow,North Carolina,2923,Egypt,False,2025-04-26 16:26:35.103000,11.725076,19.493486,,False,2025-03-14 13:44:42.862000
51218,CUST_01065,Shipping,5690 Cynthia Pike Suite 293,Kathrynhaven,Schleswig-Holstein,21065,Cayman Islands,False,2024-10-07 12:49:51.676000,,,,,
,,,,,,,CAN,,,,,,False,
50922,CUST_01146,Both,"Studio 98
Griffiths rapids",EAST BETHANY,Western Australia,E2K 6JQ,Argentinien,False,2025-08-22 04:42:53.575000,,,,,
50579,CUST_01175,Shipping,597 Morgan Extensions Suite 418,East Elizabeth,Ohio,52262,Montserrat,False,2024-08-18 00:45:58.411000,-23.0549365,  176.412003  ,,,
51492,CUST_01383,Billing,  07 Thomas parks  ,Huesca,Nordrhein-Westfalen,DE4 7UU,France,False,2025-07-05 13:46:46.576000,14.8289715,135.304551,Apt. 97,True,
50547,CUST_01420,Billing,967 Shawn Greens,Stadtroda,Rheinland-Pfalz,HR7 1PW,Bahrain,  False  ,2024-06-02 22:56:18.601000,-83.1779855,-112.231768,Piso 1,False,
50864,CUST_01157,Shipping,Camino Elodia Jimenez 56 Piso 0 ,Saint Frédéric,Ohio,70448,Denmark,False,2023-09-22 09:53:56.331000,1.3702345,-128.890071,Puerta 9,False,2024-10-10 07:14:37.677000
50070,CUST_01212,1,284 GARCIA ISLANDS SUITE 479,eggenfelden,Huelva,2159,,False,1981-03-08 01:46:44.305000,-74.603061,162.261937,,,2025-01-19 22:59:21.436000
50983,CUST_01223,Both,Säuberlichgasse 7,Brandtport,Palencia,HP61 3PZ,Estonia,False,2025-01-11 20:20:17.605000,,,Apt. 898,True,
,  CUST_01335  ,Bil,,,,,,,1757143569,91,-181,,,2025-08-21 12:26:09
50838,CUST_01094,Shipping,94115 Robinson Drive,  Ceuta  ,Ciudad,2636,  Sweden  ,False,2025-02-18 22:54:31.980000,,,Piso 5,False,2025-06-15 06:51:16.255000
51229,CUST_01057,Shipping,Calle de Pancho Aranda 765 Puerta 8 ,North Catherineberg,Cáceres,01116,Philippinen,False,2023-12-01 00:37:00.740000,-12.050871,-97.140529,Studio 7,True,
50382,CUST_01043,Billing,"213, boulevard Lemonnier",New Katiemouth,Arizona,  L2B 0DE  ,Grenade,False,2025-08-15 20:49:15.711000,23.561975,-179.954061,,True,2024-12-28 01:16:42.138000
50775,CUST_01492,BILLING,  Flat 89 85 Perez Sound  ,,Western Australia,,Nauru,,2024-11-01 15:34:14.985000,20.6289675,-109.398757,,False,
50683,CUST_01350,Both,201/91 Monica Siding,Badajoz,Mecklenburg-Vorpommern,NG75 9FS,Chile,False,2025-02-19 03:00:52.248000,72.824447,91.577543,,,
50044,CUST_01282,Both,Zofia-Sorgatz-Straße 0,Sainte Victoire,Mecklenburg-Vorpommern,45324,Dschibuti,False,2024-03-11 02:23:59.527002,,,,True,2025-05-30 13:46:34.458000
50244,CUST_01157,Shipping,0/329 Katherine State Highway,Hillfurt,Cantabria,WS5M 6QD,Albanie,true,2025-08-30 14:00:07.092000,-55.7595285,-22.060811,,True,2025-01-22 02:48:37.378000
51384,CUST_01174,Billing,Paseo de Plácido Falcó 6,South Maureenland,Niedersachsen,E0 1LN,Cambodia,False,2025-04-07 23:19:21.399000,12.5292485,9.26161,Studio 2,,2025-02-24 18:28:09.424000
51043,CUST_01492,Both,"97, avenue Alex Cousin",Cantabria,Kansas,  97620  ,Uruguay,True,2024-09-08 18:19:03.384000,,,,False,
51468,CUST_01428,Billing,Gabriela-Grein Groth-Ring 47,Ilmenau,New Mexico,43955,Lithuania,False,2024-06-09 22:05:02.801000,59.9453105,-20.263187,,True,
50165,CUST_01336,Both,"65, rue De Sousa",Moranstad123,Baleares,86865,Afghanistan,False,2024-05-26 10:39:25.981000,-11.6212585,100.238609,,,
  50386  ,CUST_01488,Billing,11 Alisha Gate,Gauthierboeuf,Niedersachsen,13149,Ghana,False,2024-06-20 14:10:06.375000,,,,,
50069,CUST_01457,BOTH,level 0 3 kelly wynd,Joshuastad,La Coruña,65277,Uzbekistan,False,2024-09-23 08:13:34.042000,-67.8241425,47.901521,,,
50475,CUST_01369,billing,Jo-Klapp-Straße 7/6,Unknown,Georgia,,Nauru,,2024-06-06 04:58:58.581000,,,Suite 229,False,  2025-02-21 21:48:04.710680  
51289,CUST_01030,Shipping,Vial de Jordana Jimenez 62 Piso 3 ,Nealfort,Navarra,33114,Afghanistan,True,2025-01-31 01:51:39.247000,-16.828625,-9.231887,,,
50943,CUST_01483,Both,Marijan-Zahn-Weg 093,New Emilyton,Thüringen,43437,Komoren,True,2023-11-17 14:05:47.194000,32.302064,100.542049,,True,2024-12-18 23:57:08.279000
50270,CUST_01004,,Unknown,West Helenside!,Western Australia,XXXXX,United States of America,F,,,,,UNKNOWN,2025-02-09 17:02:58.644000
50798,CUST_01135,Billing,4 Jennifer Ring,Alanfurt,Western Australia,  G62 1DN  ,Equatorial Guinea,  False  ,2025-04-06 01:20:00.958000,-53.1047725,4.427327,,True,2025-03-30 21:34:51.172000
51040,,Shipping,,Neuruppin,,SW1A 1AA,Unknown,Maybe,2025-07-27 02:20:04,,,Suite 079,True,
50595,CUST_01476,Secondary,315 Morgan Loop,south richardton,Segovia,26951,China,False,2025-05-03 02:16:16.913000,-34.365525,-94.605068,,,2025-06-14 20:29:52.490000
50682,CUST_01287,Both,30091 Osborne Creek,Lake Nicholas,Santa Cruz de Tenerife,44916,Turkmenistan,False,2025-01-18 20:04:54.092000,,,Apt. 98,,
50885,CUST_01308,Billing,74436 TONYA DRIVE APT. 442,Garethland,Álava,DE3 1FA,Finlande,False,2025-03-04 23:18:10.348000,37.361979,21.770917,,,
50558,CUST_01168,Both,70382 Johnson Fork Apt. 337,Port Mollyfort,La Rioja,70681,Isle of Man,False,2025-05-21 09:35:26.303000,,,Flat 04,False,2025-02-02 05:14:10.955000
50865,CUST_01147,Billing,"344, chemin de Perrier",Navarro,Tasmania,51798,Greenland,True,2025-02-09 15:32:16.343245,49.559403,98.267027,Suite 997,True,2024-10-19 20:42:34.069571
50823,CUST_01081,Both,C. Clotilde Hidalgo 534 Puerta 7 ,New Katherineside,Northern Territory,N8 2ZU,Westsahara,False,2025-08-31 23:24:31.310552,53.1240415,100.453288,Apt. 946,,
50078,CUST_01490,  Both  ,6963 Lisa Ports,Erfurt,Western Australia,59610,Luxembourg,False,2023-11-14 19:13:43.039000,,,,True,
50020,CUST_01449,Both,,Niesky,,2692,Samoa,FALSE,2025-06-23 02:12:52.947000,-61.388191,48.248626,93/,,2024-11-12 12:04:17.581000
50818,CUST_01413,Shipping,922 Pearson Street,Ollivier-sur-Delahaye,Huelva,DL9Y 3EZ,Norfolk Island,False,2024-06-15 05:37:32.534000,-39.4331745,95.143223,Suite 598,False,
50424,CUST_01408,Shipping,Tintzmannstr. 111,Schwabmünchen,Badajoz,0881,Libanon,True,2024-11-07 14:26:21.400000,89.2370755,45.829841,,,2024-11-29 15:59:53.467000
51074,CUST_01004,Both,4755 James Road,Burglengenfeld,Melilla,M8T8E9,Argentina,False,2025-08-12 19:01:15.276000,,,,True,
50057,CUST_01259,Shipping,696 Roberts Lodge Apt. 529,Foxhaven,Montana,21334,Israel,False,2024-05-10 07:43:49.180000,-69.4970675,159.959904,161/,True,
50911,CUST_01275,Shipping,Cuesta de Sosimo Jover 97,Baleares,Thüringen,N5T 2XD,United States of America,False,2024-05-07 17:26:38.119000,-54.033298,137.975396,,False,
50577,CUST_01110%,Shipping,556/833 Jennifer Ring,Besson-la-Forêt,Victoria,  CF87 9SB  ,Cuba,False,2024-10-17 00:32:57.352000,87.0738415,97.831156,Studio 95D,,
50408,CUST_01119,Billing,"41, rue Lucas Durand",Melindaberg,Schleswig-Holstein,S3D 0FE,Schweiz,False,2024-06-11 17:59:32.573000,24.006885,-150.964228,Suite 210,,
51456,CUST_01021,Billing,6016 Skinner Wells Apt. 624,Guadalajara,Sachsen-Anhalt,G1 5LR,Sahara Occidental,False,2024-01-11 22:10:40.019000,-22.902258,  -27.265172  ,,False,2025-03-07 07:11:29.503000
50615,CUST_01205,Shipping,2537 Jacob Mountains,Lewisburgh,Navarra,22821,MALAYSIA,True,2024-10-27 14:07:51.799000,78.293176,  42.000748  ,,True,  2025-04-25 18:21:23.532804  
50711,  CUST_01452  ,Shipping,Apt. 094 141 Kimberly Crossway,Hoffmanberg,Álava,G9K9X6,Central African Republic,False,2025-07-24 03:33:08.544000,,,98/,,2025-07-01 18:38:56.369000
51013,CUST_01155,Both,6844 Cherry Ports Suite 036,Hamburg,California,2672,Guatemala,False,2024-02-16 17:26:37.163000,45.836909,-68.163016,,False,2024-10-22 17:38:15.151000
51283,CUST_01199,Shipping,3560 Jimenez Trafficway,Ceuta,Western Australia,2669,Nördliche Marianen,False,2024-03-20 00:44:34.268000,20.3430595,-164.306318,Puerta 4,,2024-11-13 06:05:55.215000
50687,  CUST_01147  ,Billing,Ana-Koch-Weg 449,Lake Alisonview,Victoria,40180,Niederländische Antillen,True,2025-07-29 13:34:59.476000,77.6336215,21.792592,,False,
50177,CUST_01205,Both,  rue Océane Traore  ,Freital,Segovia,34590,Central African Republic,True,  2024-02-18 07:16:47.321976  ,-22.1551445,-118.46249,,,2025-05-12 07:55:20.810000
  50322  ,CUST_01038,Shipping,9 Terry Spur,Peterberg,  Hessen  ,67566,Guadeloupe,False,2024-05-15 21:40:32.346000,-47.0429875,-165.026013,Unit 41 ,False,
51151,  CUST_01130  ,Both,374 Simmons Inlet Suite 776,Dixontown,Schleswig-Holstein,66829,Saint Vincent and the Grenadines,False,2025-02-11 03:13:57.849000,18.47908,142.3367,,,
51296,CUST_01082,Billing,  39201 Veronica Extensions Suite 599  ,Deborahmouth,Victoria,M6L3H7,Réunion,False,2024-12-02 15:42:33.368000,-20.7664365,168.131886,,False,2024-09-29 18:32:38.541000
50753,CUST_01047,Both,16599 Perez Center Apt. 622,  East Kelly  ,Las Palmas,2914,Burkina Faso,False,2024-04-27 20:34:59.991000,14.728352,-124.349945,,False,
50417,CUST_01349,shipping,"4, boulevard de Petit",West Nicolaburgh,Asturias,WR71 7TX,Myanmar,FALSE,2023-11-11 17:07:50.875000,,,,,2024-10-18 20:02:47.700000
51253,CUST_01228,Billing,"34, rue Monique Gimenez",Mckayshire,Tasmania,B3N 7A1,  Australia  ,False,2023-11-07 14:38:07.539000,-60.180597,-150.266599,,True,2025-07-05 00:28:28.927000
50456,CUST_01388,Billing,"Flat 59
Jackson village",ceuta,Texas,65962,Malaysia,  False  ,2025-03-18 02:53:45.152000,,,Flat 00 ,,2025-07-01 13:53:39.925000
50213,  CUST_01483  ,Shipping,Guiseppe-Zorbach-Platz 8/5,Perleberg,Huelva,P6S4S9,Honduras,False,2024-10-15 23:03:07.141000,-21.7934695,62.882264,,False,2025-08-25 19:52:54.173000
50888,CUST_01386,Both,Apt. 837 8 Tiffany Circuit,Sainte Stéphane,New South Wales,2930,Iraq,False,2025-03-01 08:51:32.639000,52.025581,-71.766819,,False,
51440,,,,,,,U.S.A.,N,,,,Apt. 770,,
51119,CUST_01084,Shipping,Plaza Ramón Parra 83 Apt. 38 ,Valencia,Bayern,CR3X 6DN,Solomon Islands,False,2025-06-18 01:00:39.789000,,,,False,
50732,CUST_01170,Shipping,71 Alexander mountain,Hohenstein-Ernstthal,Arkansas,19856,Marshall Islands,False,2024-09-03 10:37:10.934000,,,,,
51396,CUST_01464,Both,26 Wilson extensions,Leroux-la-Forêt,Thüringen,87607,Zimbabwe,False,2024-06-01 22:38:12.375000,29.1669285,-75.058244,  Suite 869  ,True,
50071,CUST_01484,Both,Vial Reina Ríos 3,PORT DEANNA,Sachsen,  05719  ,Philippines,True,2025-08-03 02:50:59.247000,29.1690445,-138.72245,,False,
50871,CUST_01464&,Both,24373 Jones Junctions Suite 366,Natashafurt,Queensland,  B9A 6N7  ,Haiti,False,2025-08-08 02:06:50.660000,88.686512,-133.856903,Studio 1,True,2025-01-09 08:47:31.467000
50108,CUST_01092,Both,  66 Jenny Ridgeway  ,Lake Jessica,Northern Territory,L2V3G7,Italy,True,2024-08-28 17:50:31.473000,6.9387315,-47.612968,,False,
51420*,CUST_01314,Shipping,,Lemgo,,C2M 4P5,Luxembourg,False,2025-04-30 09:01:08.262000,0.995546,15.709325,Flat 72,false,
51124,CUST_01091,Billing,3 Christopher Circus,Foxhaven,thüringen,B3N2H8,Bouvet Island (Bouvetoya),True,2024-10-13 01:44:31.657000,  0.127646  ,11.097135,07/,True,2025-06-05 17:24:01.112000
50053,CUST_01135,Billing,832 Walker Coves,Dannyview,Victoria,37763,Senegal,False,2025-01-15 01:53:55.769000,-82.952541,173.17045,,,  2025-05-20 13:05:35.198767  
50667,CUST_01281,Shipping,Schottinallee 6,West Nicholasside,Victoria,11619,Congo,  False  ,2023-11-02 12:04:00.334000,-60.890933,-56.91852,Studio 12E,False,2025-07-03 01:20:37.424000
50842,CUST_01360,Billing,8806 Zhang Terrace Apt. 006,Williamshaven,Ciudad,21557,Guinée Equatoriale,False,2025-03-01 04:51:36.596000,,,,,2025-04-30 05:08:39.841000
50998,CUST_01409,Shipping,"  174, rue Renaud  ",south maryfort,Washington,59828,Ecuador,FALSE,2024-01-29 17:23:53.450000,-9.925961,-36.236082,Piso 8,  True  ,  2025-08-09 22:25:05.041024  
50176,CUST_01316,Shipping,Karl-Otto-Wieloch-Straße 6/0,Prenzlau,BREMEN,A3Y2Y1,Montserrat,True,2024-06-23 21:22:56.394000,,,Suite 832 ,True,
51175,CUST_01366,billing,Natascha-Bärer-Allee 7/5,Unknown,Bremen,,United States Virgin Islands,,2024-06-18 04:33:36.661000,-20.254668,146.063138,,True,2025-02-01 12:07:36.169000
51105,CUST_01487,Shipping,"55, rue Raymond Lefort",Alicante,Pennsylvania,CB1 4QQ,Saudi Arabia,False,2024-02-17 16:03:17.113000,-81.611223,44.347092,,False,2025-03-01 08:26:24.072037
50698,CUST_01496,Shipping,4902 Williams Way Suite 480,Martinview,Montana,4127,Sudan,False,2025-01-09 10:53:59.640000,  -39.8969715  ,  -172.47655  ,Suite 440,,
50918,CUST_01276,Shipping,Glorieta de Geraldo Barreda 32,East Kathleenmouth,Thüringen,7171,Chad,False,2025-04-01 09:15:38.547000,75.5677905,19.688555,,True,2024-12-23 19:09:30.573000
51043,CUST_01492,Both,"97, avenue Alex Cousin",Cantabria,Kansas,97620,Uruguay,True,2024-09-08 18:19:03.384000,,,,False,
50869,CUST_01021,Shipping,"Flat 5
Gillian summit",North Barbarashire,Alabama,G9H 2PQ,Ecuador,False,  2024-07-17 15:20:08.613709  ,-74.143302,105.142229,Suite 326,True,2025-07-08 01:53:32.987000
50717,CUST_01194,Billing,Frederike-Möchlichen-Platz 733,West Justinburgh,Queensland,21659,NORTHERN MARIANA ISLANDS,True,2024-02-29 14:44:22.264000,-51.3793975,-90.576725,Unit 99 ,True,
,,BILLING,,,,,,,2023-10-22 02:24:09,-999,,,True,
51242,CUST_01316,Billing,1413 Zachary Creek,West Sandrabury,Tasmania,79044,Argentina,False,2024-05-30 20:11:17.512000,,,Puerta 1,,
51338,CUST_01257,Both,0 Christopher Amble,Shaneland,Australian Capital Territory,18732,República de Moldova,False,2024-10-22 16:18:58.569000,-12.5779375,155.819907,Flat 29 ,,2025-07-31 16:49:09.953000
50702,CUST_01096,  Billing  ,552 Lisa springs,Álava,Schleswig-Holstein,90514,Iraq,False,2023-12-28 20:13:44.064000,50.348111,-86.469179,,True,2025-09-02 19:39:20.151000
50642,CUST_01077,Billing,Vial de Berto Sevilla 942,Obrienport,Montana,23194,Costa Rica,False,2024-08-20 06:59:05.187000,6.3017355,-15.503417,,False,
51017,CUST_01266,  Both  *,C. DE JOVITA BARRAGÁN 448 PUERTA 7 ,  Girona  ,West Virginia,G8G 3HA,Colombia,False,2025-08-12 13:21:04.350000,  3.38356  ,-164.124647,,False,
51393,CUST_01458,Billing,chemin de Vasseur,Navarra,Hamburg,2920,Canadá,False,2024-02-03 11:19:13.615000,-86.5140805,83.071314,,,  2025-02-04 13:33:37.933280  
50485,CUST_01324,Shipping,rue de Paul,Paulaborough,Victoria,48043,French Guiana,True,2024-01-05 22:11:29.998000,-1.0130795,-64.242526,,,
50784,CUST_01043,Billing,Claudio-Riehl-Ring 359,Morvan,saarland,50154,United States of America,True,2025-01-23 03:35:11.745000,-50.672078,13.996149,,False,2024-10-05 01:41:39.955000
50102,cust_01119,Shipping,Heinz-Jürgen-Pärtzelt-Straße 0,  Smithside  ,Álava,69892,Guam,False,2025-08-24 01:13:47.475251,44.812588,51.162229,Puerta 9,False,
50561,CUST_01310,Billing,Heuserstr. 797,Hansenton,thüringen,47288,Bahrain,True,2024-05-25 21:55:01.072000,,,12/,False,2024-12-19 02:25:59.244000
50606,  CUST_01137  ,Billing,6 Samantha creek,Saint Pierre-les-Bains,TASMANIA,2619,Saint Martin,False,2025-04-14 03:37:37.418000,16.0214075,172.66615,Puerta 0,True,
50836,CUST_01122,Both,65496 Regina Streets Apt. 833,Romeroshire,Baden-Württemberg,A6H7A9,Japan,False,2024-11-30 03:10:44.093000,-5.920161,60.622883,Suite 470,,
51137,CUST_01255,Shipping,866 Dennis Parkways,Lisaburgh,Mecklenburg-Vorpommern,69285,Angola,False,2024-03-24 12:18:34.337000,-84.17257,6.506873,,,2025-08-31 00:51:11.790000
  50437  ,CUST_01135,Billing,Cindy-Müller-Allee 4/5,Ceuta,Kentucky,20414,Belarus,False,2024-10-22 00:09:07.618000,,,,,
50926,CUST_01443,Billing,  Hölzenbecherring 369  ,New James,Queensland,WD3 2YS,Albania,False,2024-10-06 14:02:01.326000,61.4863525,109.032946,Puerta 8,True,
50909,CUST_01174!,Shipping,50164 Paul Avenue,South Jameston,Hamburg,E3Y 5K9,Guyana,False,2023-10-28 04:52:56.398000,-87.256886,-122.481304,,,2025-02-11 12:29:46.782000
50901,CUST_01167,Billing,2235 Cain Inlet Apt. 466,Masson,New South Wales,L6P5H3,Iran,False,2025-01-26 18:02:48.051000,-14.0180275,-132.786813,,FALSE,2024-10-24 10:49:58.509000
,CUST_99999,,,,,,U.S.A.,,,,,,,2025-01-06 21:46:57.324000
50824,CUST_01315,Shipping,"4, rue Petit",Barcelona,  Vermont  ,W0 5NW,Congo,False,2024-12-13 10:36:00.239000,20.8097675,0.752691,,,2025-06-28 13:59:33.583000
50989,CUST_01455,  Shipping  ,"Flat 5
Thompson parkway",Barcelona,Berlin,74027,Andorra,False,2024-12-26 09:01:19.382000,37.035155,16.937073,,False,
50776,CUST_01040,Both,"27, rue Laurence Mace",Zaragoza,Indiana,48536,Bélgica,False,2024-03-16 08:27:13.474000,-48.733667,121.442463,Apt. 73,True,2025-04-20 08:11:17.830000
50202,CUST_01452,Shipping,979 Norris route,East Scott,Sachsen-Anhalt,M9A 3A6,Latvia,  False  ,2023-09-16 02:20:33.727000,38.061717,-175.096975,Piso 5,,
50438,CUST_01197,Shipping,Avenida Carlito Urrutia 4,Lake Jasonshire,Nordrhein-Westfalen,28123,Hungary,True,2025-06-04 23:24:53.255000,-35.50204,34.858373,Apt. 763,  False  ,
51152,CUST_01197,Shipping,"9, boulevard de Mercier",Rochlitz,Western Australia,2920,Fiji,False,  2024-08-26 12:19:30.317476  ,,,Apt. 330,True,2025-04-24 20:36:07.138000
51419,CUST_01492,Shipping,674 Samuel Curve Apt. 956,Cloppenburg,Tasmania,N8A 7H8,Nigeria,True,2025-04-10 00:04:46.855000,,,,True,2024-12-28 05:53:16.644000
51012,CUST_01387,Both,Tabea-Heidrich-Allee 0,Wilkinsonmouth,Massachusetts,89109,Lettland,False,2024-08-03 23:34:29.957000,54.344951,-103.697953,,True,2025-04-30 13:56:32.688000
51193,CUST_01218,Both,Plaza de Jenaro Martín 25,  Lake Michelleside  ,Illinois,4296,Zimbabwe,True,2024-08-12 18:36:25.096000,,,Piso 0,True,2024-10-22 07:28:24.660000
50144,CUST_01059,Billing!,Level 3 90 Karen Steps,Lake Mauriceside,Valladolid,29666,  Tajikistan  ,False,2025-04-29 20:25:06.613060,53.7510545,74.919403,,,2025-07-28 06:39:26.401000
50158,  CUST_01220  ,Billing,18/72 Heather Run,South Maria,North Carolina,41173,Costa Rica,False,  2024-03-20 03:12:51.129258  ,-35.863766,39.986201,Suite 618,True,
50027,CUST_01220,Shipping,49190 Patel Shore,New Deborahtown,Madrid,57323,North Macedonia,False,2024-08-10 20:27:38.442000,26.9001905,100.11065,,True,
  50289  ,CUST_01338,Shipping,Level 5 090 Mary Highway,Reedstad,Huelva,87171,Egypt,  True  ,2024-12-26 10:24:29.222000,-67.198627,-144.834829,Apt. 56,,
51319,CUST_01273,Shipping,08824 Jacob Stream Suite 321,Valencia,Nordrhein-Westfalen,97072,Demokratische Volksrepublik Korea,False,2024-02-03 07:39:23.791000,,,,False,2025-02-15 16:36:55.770000
51096,CUST_01474,Billing,952 Fernando Vista Apt. 693,  Santa Cruz de Tenerife  ,Missouri,B7 0FL,Cuba,False,2024-12-28 17:12:06.565000,,,,,
,CUST_01443,Ship,,,,,CF,,1713270300,999,999,,False,2023-08-23 17:25:00
50007,CUST_01395,Shipping,578 Martinez Fork Apt. 509,  Lake Crystalbury  ,Arizona,22654,MALAYSIA,True,2024-03-31 10:39:39.002000,-32.4912445,-108.965619,apt. 93,,
51234,CUST_01467,Shipping,40254 Morris Shoals,  Kennethton  ,Texas,75663,Eslovaquia,False,2025-05-20 11:20:42.489000,,,,False,
51183,CUST_01151,Billing,Pasaje Maribel Aranda 57,Sainte Émilie,Tarragona,22641,  Germany  ,False,2023-11-20 12:17:05.003000,-48.098355,  16.046599  ,,,2025-07-02 06:15:30.324000
,,,,,,,,,,,,,,
50065,CUST_01127,Billing,Flat 81 12 Cole Quadrant,Greenbury,Huelva,54882,Indonesia,True,2024-06-09 04:38:39.882000,-68.0942075,-59.45167,,False,  2025-01-03 15:48:22.481760  
50870,CUST_01078,,Unknown,Málaga,Arizona,,GB,N,,,,,False,
51275,CUST_01288,S,073 Matthews Ridges,Unknown,Rheinland-Pfalz,,Poland,,  2025-01-03 17:38:59.001184  ,-6.863698,-120.772762,Puerta 4,,
50803,CUST_01001,Shipping,481 Lopez Locks Apt. 559,Port Shanetown,Cuenca,N91 2RE,Guinea Ecuatorial,True,2025-09-07 19:39:46.225000,84.6615975,133.275566,47/,False,
  50389  ,  CUST_01079  #,Both,890 Oconnell Spring,Cádiz,Mississippi,09737,Heard et McDonald (Îles),False,2024-07-14 19:29:42.077000,-44.236059,-119.208224,,True,
51163,CUST_01384,Billing,38 CROSBY COURT,Jacobton,Baden-Württemberg,86060,MICRONESIA,False,2024-01-14 18:17:37.852000,,,Piso 1,,2024-11-14 17:02:09.245000
50062,CUST_01075,Billing,"  54, boulevard de Gérard  ",New Elizabethstad,Sachsen,  E4J 5FW  ,Oman,True,2024-07-15 07:29:17.845000,-85.106277,-14.178789,,False,
50556,CUST_01037,Shipping,AVENIDA DE NAZARIO ORTIZ 683,Riou-les-Bains,Cantabria,P6N3T3,Andorra,False,2024-01-26 15:50:02.326000,,,Apt. 165,False,
51277,CUST_01261,Shipping,  auch Schlauchinweg 5/8  ,  León  ,Western Australia,Y8C9R5,España,True,2025-01-16 16:42:35.522000,,,,True,
50218,CUST_01164,Billing,Pasaje Arsenio Guillen 35 Puerta 1 ,East Stacyberg,Baden-Württemberg,M1T 6V4,Mosambik,False,2024-02-05 21:28:42.978000,-20.5670215,79.322784,,False,
51145,CUST_01040,Shipping,Apt. 365 20 Julie Driveway,Erinborough,Sachsen,97486,San Marino,False,2025-02-16 00:58:29.738000,-61.8272695,-141.377881,,False,2025-08-26 23:45:10.105000
50612,CUST_01357,Both,Pasaje Nuria Carmona 3 Apt. 29 ,Sainte Colette,Sachsen-Anhalt,93353,Vierges britanniques (Îles),False,2024-06-05 01:11:05.197000,,,,,2024-10-18 02:20:16.114000
50384,CUST_01401,Billing,"Flat 29B
Georgina glens",Santosburgh,Lleida,33816,Kuba,False,2023-12-23 15:48:55.036000,-71.05972,-35.367147,,True,2025-05-21 18:17:54.228000
50771,CUST_01069,Billing,Callejón de Yésica Catalán 9 Piso 4 ,Basston,Sachsen-Anhalt,34147,Afghanistan,True,2024-11-05 05:21:41.455000,8.5611435,-179.967321,,False,2025-04-07 02:25:06.475000
50699,CUST_01277,Both,Cuesta Tere Esparza 4,Muellermouth,Victoria,16180,Reino Unido de Gran Bretaña e Irlanda del Norte,True,2025-06-11 09:24:59.379000,48.324875,111.795648,Suite 298,True,
50451,CUST_01202,Both,Apt. 806 294 Betty Landing,Alexanderfurt,Victoria,78701,Faroe Islands,False,2025-08-30 09:39:07.021000,-0.481217,-127.70928,,  True  ,
50114,CUST_01159,Both,Paseo Glauco Paz 83,Emilyfort,Sachsen,50701,GUERNSEY,False,2025-05-19 15:44:36.164000,,,,True,
50496,CUST_01054,Shipping,Acceso de Luisa Rodrigo 99 Apt. 65 ,East Angelastad,Australian Capital Territory,39436,United States Minor Outlying Islands,False,  2025-07-10 00:01:17.765833  ,,,,True,
50259,CUST_01098,Billing,Via Anastasia Giménez 4,Lisafurt,  Brandenburg  ,53092,Bahrain,False,2024-03-28 02:17:52.742000,21.4421415,18.60323,,False,2024-11-08 12:41:42.780000
51365,CUST_01058,Work,80101 Melissa Valleys Suite 718,  ANGELICAFURT  ,  Rhode Island  ,J1R 6P6,Morocco,False,2025-01-12 18:57:33.444000,,,,,
  51042  ,CUST_01086,Billing,Cañada Vicenta Simó 3,BègueBourg,Berlin,17870,Portugal,False,2025-05-23 17:20:03.039000,-4.8754155,80.156303,,True,2024-10-06 16:26:59.847000
51084,CUST_01189,Shipping,Christian-Kruschwitz-Allee 60,Wagner-sur-Guillaume,Schleswig-Holstein,Y6J5K9,Saint Pierre et Miquelon,True,2024-05-28 15:33:40.601000,71.094292,-122.126952,Apt. 265,False,2025-04-05 14:45:46.629000
50093,CUST_01426,Billing,70462 Katie Stream,Kitzingen,León,25739,Belgium,False,2025-08-14 07:26:51.103000,54.7673125,170.863445,,True,
50449,CUST_01356,Both,9429 Shelton Islands Apt. 342,New Kevin,Schleswig-Holstein,23484,Mauricio,False,2023-12-20 06:34:22.477000,-5.909786,11.963022,,True,2025-01-16 15:04:09.725000
50188,CUST_01469,Shipping,Paseo de Sebastian Jiménez 10,LemaireVille,Segovia,TR5P 1FS,Niue,False,  2024-03-18 21:34:04.932174  ,23.698937,16.303678,,,2024-12-18 21:47:19.304000
50875,CUST_01149,BILLING,Callejón de Inmaculada Lillo 91,,Tasmania,,Eslovenia,,2024-11-03 07:11:39.018000,-77.9462805,85.910611,,,
51404,CUST_01015,Billing,Via de Artemio Cid 95,Mistrychester,Queensland,T5L7S7,Anguilla,False,2024-02-16 13:35:58.279000,-53.3610905,-74.469426,,,
50722,CUST_01419,Billing,Gorlitzplatz 0/0,  West Joshbury  ,Segovia,75561,República Democrática Popular Lao,False,2023-11-28 23:53:47.862000,3.116895,-92.487495,,,2025-07-24 18:05:30.554000
50569,CUST_01052,Both,Vial Erasmo Hoz 546 Apt. 46 ,Vizcaya,Córdoba,02741,Kirgisistan,False,2025-01-30 10:29:59.994000,,,Suite 664,True,
50540,CUST_99999,,,,,,United States,N,,,,Flat 69,N,2024-10-24 18:56:13.582000
50897,CUST_01371,Shipping,48507 Graham Islands,Graemefurt,Maryland,27634,Sweden,  False  ,2023-11-27 05:38:49.984000,-0.6388315,-176.325881,,,2025-03-10 14:20:20.214000
51223!,CUST_01483,Billing,41 Carl hill,Córdoba,  South Dakota  ,68483,Rwanda,  False  ,2024-08-10 01:07:19.394000,-25.1117625,6.208709,,False,  2025-01-05 16:07:16.596377  
51402,cust_01423,Shipping,Stiebitzallee 5/3,Hohenstein-Ernstthal,Kansas,2964,Turquie,False,2025-03-27 13:48:20.790000,50.922458,21.1105,,False,
50419,CUST_01143,Shipping,3030 Nelson Roads Apt. 121,Millermouth,Melilla,YO4E 1SP,Honduras,False,2024-02-02 02:23:02.612000,39.2852955,107.49775,,True,2025-06-22 13:23:48.765000
50316,CUST_01004,Both,66 Flynn Crest,  Carre  ,Texas,2622,Cayman Islands,  False  ,2024-09-03 13:17:42.602000,21.6649515,  -16.978129  ,,True,2024-11-24 18:07:48.040000
50668,CUST_01288,Both,2989 Stephanie Manors Apt. 974,Catherinetown,Victoria,Y2T3C1,Saint Pierre and Miquelon,False,2024-10-03 18:20:56.467000,-59.622532,77.333867,,,2025-08-07 09:17:08.804000
50251,CUST_01315,Both,504 Lee expressway,  Port Frances  ,Lugo,X5S 8A7,Indonesien,False,2025-01-20 20:23:26.928000,-63.8639655,162.214486,74/,False,2025-08-24 11:58:03.196000
51256,CUST_01140,Both,"70, rue Laine",Brownbury,Georgia,EX16 6WH,United States Minor Outlying Islands,False,2024-11-28 05:48:11.994000,21.0858695,  68.271358  ,Level 1 ,,2024-12-18 07:21:52.999000
50509,CUST_01352,Both,Johannes-Linke-Platz 68,Anklam,Tasmania,S7A 6SB,Jamaica,False,2025-03-05 02:03:31.214000,72.0373165,61.736832,Suite 151,False,
50981,CUST_01493,Both,Ronda Priscila Chaparro 78 Apt. 70 ,East Michael,Mississippi,46127,Holy See (Vatican City State),True,2025-01-19 09:39:35.551321,,,Suite 266,,
50425,CUST_01412,shipping,Flat 37 576 Smith Landing,,Nordrhein-Westfalen,,Malawi,,2024-03-04 11:20:51.329000,-81.228976,-165.908847,Studio 44,,2025-06-24 23:42:47.422000
50352,CUST_01302,Billing,92407 Morgan Manor Suite 684,Kirstyshire,Jaén,BR86 7EP,Liban,False,2025-06-24 14:44:59.452000,,,Apt. 902,,
51437,CUST_01310,Both,1121 Melissa Motorway Apt. 235,Ourense,QUEENSLAND,83029,Kiribati,False,2024-09-30 23:25:05.979000,66.4338855,-8.377531,,False,
50638,CUST_01216,Both,Apt. 944 283 Nicole Extension,East Heidi,Sachsen-Anhalt,69541,  Central African Republic  ,False,2024-08-26 12:14:13.037000,-72.1972005,-11.445619,,False,
50242,CUST_01072,Billing,  Pasadizo Cristian Ramirez 6 Puerta 1   ,Murcia,  La Coruña  ,52344,Érythrée,True,2024-01-04 04:23:54.594000,13.029946,2.91952,,True,2025-07-03 12:52:51.026000
50575,CUST_01303,Bil,649 Cole Summit Apt. 794,,Schleswig-Holstein,,Uruguay,,2024-08-06 19:45:15.040000,,,,True,
50583,CUST_01189,Billing,655 Russell Junctions Apt. 548,South Samanthaland,Brandenburg,17347,Bulgaria,False,2023-11-03 09:07:57.483000,-72.5626555,127.0412,Studio 4,False,
50413,CUST_01052,Billing,1990 Williams Island,Alanstad,Sachsen,24422,Libia,False,2024-05-26 22:53:59.014000,  -63.859799  ,38.660307,,,
50253,CUST_01371,Both,93911 Melissa Curve,Guerreroland,Cuenca,28982,Vatikanstadt,False,2025-03-25 09:42:23.958000,,,Suite 124 ,True,2024-12-12 06:02:31.003000
50095,CUST_01006,Both,079 John Cape,Youngborough,Florida,37339,Vanuatu,False,2024-04-29 23:23:51.511000,-3.922113,-17.991453,,False,2025-09-04 06:39:42.586000
50404,CUST_01214,Shipping,31429 Laura Branch,  Ochoaport  ,  Thüringen  ,B84 0BE,Gibraltar,  True  ,2024-09-17 16:38:49.966000,,,Suite 132,,
51282,CUST_01415,Both,"812, rue de Humbert",Port Kieran,  Australian Capital Territory  ,M9M6S4,Alandinseln,False,2024-06-07 00:20:45.631000,1.297413,-1.239661,Apt. 761,True,
50535,  CUST_01142  ,Both,449 Donald Row,Fosterfort,North Dakota,67644,Andorra,False,2024-07-25 09:25:58.481000,  45.348259  ,-4.405625,,,
51313,CUST_01091,Both,Unit 86 69 Kenneth Formation,Nordhausen,Queensland,DD9B 4XZ,Guinea,False,2024-08-14 20:58:56.015000,27.4950795,-174.326648,Puerta 4,,2025-07-16 08:33:09.530000
51022,CUST_01233,Shipping,"66, boulevard Patricia Barbier",Neuruppin,Jaén,18216,Bosnia y Herzegovina,False,2024-11-27 01:10:11.708000,-31.9288505,113.976064,,True,2024-09-10 04:01:53.174000
50819,CUST_01089,Both,Holm-Ebert-Platz 219,Cuenca,Schleswig-Holstein,19618,Albania,False,2023-10-16 12:05:03.966000,  22.9750595  ,69.25156,Suite 057,  True  ,2024-12-30 02:06:25.036000
50778,CUST_01463,Shipping,Riehlstr. 84,Julianfurt,Sachsen,B5F 7TL,Argentinien,False,2024-05-30 01:44:17.257000,  0.077152  ,-137.017243,,False,
50116,CUST_01247,Shipping,  57905 Todd Fields  ,NAVARRA,La Rioja,67721,Anguilla,False,2025-03-18 23:00:37.585000,-81.2234795,-59.288109,,True,2024-12-23 16:42:20.768000
51309,cust_01067,Shipping,52031 Mary Expressway Suite 123,Apolda,Victoria,8642,méxico,False,2025-03-10 03:09:00.667000,14.4748015,  49.499313  ,,,2025-05-23 19:33:58.928000
50611,CUST_01244,  Both  ,049 Helen Overpass Apt. 742,carolynchester,Utah,  L7 3AR  ,yemen,false,2024-12-30 15:53:34.851000,11.1249,-17.71647,,False,2024-11-29 20:45:37.553000
51230,CUST_01247,,Unknown,Miesbach,MI,,Canada,T,,,,,,2024-12-21 12:31:40.914000
51009,CUST_01105,Both,Plaza de Yolanda Querol 19,Marshshire,Victoria,77336,Falkland Islands (Malvinas),False,  2024-09-17 13:48:55.230464  ,27.2147275,-16.90497,  Apt. 792  ,,2025-08-04 18:03:35.305000
51493,CUST_01258,Billing,64 Anthony mews,Jordanchester,Western Australia,J4V9T6,Turkmenistan,False,2024-12-30 04:33:09.260000,-84.4440025,-125.950065,Suite 988,False,
51292,CUST_01339,Both,Loretta-Gutknecht-Gasse 6/4,Cynthiaberg,Palencia,24226,Senegal,True,2025-09-07 02:20:58.663000,59.4230915,13.790922,,,
50801,CUST_01000,Billing,"53, rue Blot",Sternberg,La Coruña,49503,Grönland,False,2025-06-01 20:10:30.141000,14.798357,122.642447,Flat 1,  True  ,2024-12-16 08:26:59.412000
50854,CUST_01059,Billing,057 Estrada Plains,Griesbach Rottal,Oklahoma,K8A6G1,Afghanistan,False,2023-10-13 13:39:11.894000,14.7911175,36.518463,apt. 99,,
51414,CUST_01181,Billing,"5, rue de Jacquot",Neveu,Castellón,45554,Nigeria,False,2024-08-01 14:21:48.462000,67.548201,102.090885,Apt. 054,True,2024-11-03 04:19:08.141000
51254,CUST_01078,Billing,19 Lee Firetrail,Vizcaya,Florida,30777,Australia,False,2025-03-03 11:31:23.329000,-52.4373835,-76.267245,,False,2025-07-18 01:34:17.870000
50593,CUST_01113,Shipping,61572 Garrett Point,Reedville,Schleswig-Holstein,T3M 6H1,Austria,  False  ,2024-05-05 13:14:21.312000,9.004901,-10.74139,,False,2025-05-30 10:01:55.635000
50460,CUST_01159,Shipping,,  Traceyton  ,,89213,Luxembourg,True,2024-12-30 04:40:51.604000,  0.7433285  ,-39.940523,Flat 18K,True,
50282,CUST_01288,Billing,1401 Contreras Throughway,New Jamieborough,Tasmania,12399,Tanzania,False,2025-07-29 00:30:18.742000,3.37166,-93.80144,,,
50056,CUST_01485,Both,"Studio 00
Josh forest",BURGESSBURGH,Victoria,90335,Myanmar,False,2025-01-10 00:25:51.582000,-70.652382,-157.289146,Flat 45h,,2024-09-16 02:34:29.722000
50008,CUST_01427,Shipping,Lilian-Mühle-Straße 11,Jessen,La Rioja,  2210  ,Saint Lucia,False,2025-04-16 20:08:05.018000,-23.251824,-77.882371,,True,  2025-02-20 02:43:47.294993  
50652,CUST_01162,Both,300/30 Smith Steps,Ávila,New South Wales,66674,Burundi,False,2023-12-18 04:47:27.158000,58.601858,2.913708,Suite 605,True,
50516,CUST_01186,Both,"4, boulevard de Lemaître",Karenmouth,Albacete,G9F 6AN,Seychelles,  False  ,2025-09-01 23:07:48.105000,54.308944,23.167438,,,
50426,CUST_01072,Both,Rambla de Concha Ropero 78 Apt. 96 ,Zacharychester,New South Wales,81964,REPÚBLICA CHECA,True,2025-08-03 00:41:22.057000,-64.967205,-166.234508,Suite 262,False,
51132,CUST_01210&,Shipping,"Flat 22
Green ridges",La Rioja,Northern Territory,65401,Bhoutan,False,2025-04-09 18:15:25.458000,-17.9370305,-20.801194,Puerta 3,True,
50313,CUST_01076,Billing,03103 Jason Run,South Kayleigh,New South Wales,G1V2S3,Saint Vincent and the Grenadines,False,2024-07-31 06:43:11.973000,36.5644185,61.332212,,,
50035,CUST_01345,secondary,Flat 90 59 Johnson End,zerbst,Bayern,50562,Latvia,True,2024-12-28 22:28:57.919000,,,,,2024-11-14 13:10:53.106000
  50463  ,CUST_01152,,,,South Australia,,United Kingdom,,,,,,Pending,
51121,CUST_01343,Both,Magret-Mielcarek-Straße 421,West William,Rhode Island,4636,Lesotho,False,2025-05-16 21:08:35.110000,,,,False,
50118,CUST_01428,Both,959 Thompson dam,  Castellón  ,Oregon,Y5H5N5,Panamá,false,2025-04-27 11:53:29.278000,20.4870185,-31.113062,,False,
50738,CUST_01409,Shipping,160 Donna Stairs,Codyside,Kansas,G8E1C9,Panama,False,  2025-08-14 15:07:23.171319  ,46.4235965,-142.091875,,,
51359,CUST_01246,Billing,"Studio 6
Smith park",Valencia,Bremen,73130,Island,False,2024-07-25 01:18:09.524000,58.478578,57.566481,Studio 38C,,  2025-06-28 00:47:50.818298  
  51148  ,CUST_01246,Billing,Level 0 20 Fisher Hill,Candicestad,south australia,10466,Saudi Arabia,False,2025-03-22 22:58:47.852000,,,,True,
,, ,,,,,,,,,,,,
50706,CUST_01033,Billing,Marek-Plath-Weg 70,Schneiderbury,Bayern,05669,Poland,True,2024-10-29 19:21:28.932000,-56.4924145,-29.892458,Piso 8,False,2024-11-12 12:15:05.319000
50502,CUST_01168,Shipping,3240 Mccarthy Fall,West Marc,South Australia,L6C6V6,SOMALIA,True,2024-08-03 11:59:05.430000,,,Apt. 956,False,2025-05-18 04:43:03.901000
50755,CUST_01469,  Both  ,Suite 312 9 Wallace Amble,León,Victoria,18243,Côte d'Ivoire,True,2025-04-25 03:55:56.397000,-50.4662375,-120.456871,,True,
50433,CUST_01352,Shipping,Hamannstraße 3,Sainte Roland-sur-Mer,New South Wales,35833,Vatican (Etat du),False,  2025-05-30 04:06:24.257521  ,64.068098,46.42538,,False,2025-06-12 10:58:09.740000
50867,CUST_01491,Both,Alameda de Obdulia Cabeza 73 Piso 2 ,East Jessicatown,Tasmania,29469,Qatar,False,2025-03-29 09:46:58.087000,-24.028849,83.970894,  Piso 8  ,False,
51497,CUST_01283,Both,Gottfried-Hamann-Weg 62,Jenniferview,Louisiana,55112,Indonésie,False,2024-09-12 15:39:16.967000,,,  17/  ,,
51336,CUST_01359,Both,"  551, boulevard Monnier  ",Cousin,New South Wales,56275,Macao,True,2025-08-16 13:31:38.605000,,,Suite 966,,2025-02-07 19:15:27.886000
51252,CUST_01066,Both,Pasaje de Ema Casares 2,Kelheim,Sachsen,J1Y2T5,Papua-Neuguinea,False,2024-05-06 08:52:01.575000,-88.683974,-56.102812,Suite 506 ,True,
50676,CUST_01418,Shipping,"Studio 3
Gemma stravenue",  Melilla  ,Montana,G7C 5G3,NEPAL,True,2025-01-11 01:47:57.156000,-7.4570105,-20.234341,,,2024-09-16 19:49:28.275000
50974,CUST_01218,Shipping,584 Hoffman Heights,Smithville,Rhode Island,04722,Germany,False,  2024-11-21 18:18:26.326557  ,-88.1181525,76.305959,,False,
50672,CUST_01235,Shipping,5618 Goodwin Green,New Seanshire,Girona,8122,Guinea Ecuatorial,False,  2024-12-07 03:05:15.126601  ,-5.680763,71.725023,,,
51071,CUST_01099,Both,4833 Rodney Mission,Aschaffenburg,Victoria,0913,Algeria,False,2024-05-12 03:33:04.430000,-22.033599,-26.433293,,False,
50857%,CUST_01378,Both,2562 Sheila Falls Apt. 905,Córdoba,Granada,2984,Gambie,False,2025-04-05 18:58:04.631000,70.3332025,142.542524,Flat 47,False,2025-01-06 10:11:12.565000
50879,CUST_01314,Both,1007 Garcia Forge Apt. 453,Kleinport,South Dakota,M87 9XU,Samoa,False,2025-08-28 01:22:36.309000,64.1722145,-70.109986,Puerta 1,True,
51174,CUST_01123,Billing,27/053 Schaefer Garden,Andre-sur-Gautier,Tasmania,2612,Países Bajos,False,2025-03-02 00:23:28.546000,-67.051101,-7.673926,,,
51364,CUST_01261,Shipping,1589 Jason Landing,Edwardsfurt,  Connecticut  ,15642,Guam,False,2025-03-10 07:17:20.212000,-83.0442745,134.671289,,False,
50396,CUST_01260,Billing,00534 Ramirez Rest,Lopezfort,Rheinland-Pfalz,E3A 6Y6,São Tomé und Príncipe,True,2025-03-05 17:15:31.240000,,,,False,2025-03-21 10:10:08.522000
50301,CUST_01245,Billing,65266 Andrew Brooks,Brandenburg,Cantabria,B5R 3S2,  Chile  ,False,2023-12-04 17:51:50.683000,51.153483,63.582554,Puerta 9,,
  50966  ,CUST_01028,Both,201 Hopkins Gardens Apt. 796,Port Ashleyfort,South Australia,01440,Egypt,True,2025-07-27 05:13:45.249000,-20.8436465,-92.293119,,,
50280,INVALID,Home,,stevensland,,M5H 2N2,,Unknown,2025-04-30 04:07:26,-999,,    ,,
50141,  CUST_01344  ,  Both  ,1006 Oconnor Expressway Suite 765,Zamora,Northern Territory,2304,Ghana,False,2025-08-05 04:36:53.286000,1.753441,21.572418,Piso 1,True,2025-06-03 14:41:48.092000
50707,CUST_01454,Billing,Heuserring 86,Gonzalezstad,Hamburg,28946,Estados Unidos de América,False,2025-07-28 02:46:13.508000,63.7046575,2.636006,,False,
51326,CUST_01178,Shipping,077/25 Hernandez Brow,Valladolid,New South Wales,  2037  ,Mauretanien,False,2023-11-05 03:27:57.286000,-75.270875,55.950684,,False,
51168,CUST_01384,Billing,"38, boulevard Gaillard",Wunsiedel,north dakota,L53 6WW,Japan,False,2025-02-22 10:35:26.118000,23.388561,39.850901,,False,2025-03-09 03:10:29.473000
51323,CUST_01108,Billing,Glorieta Ani Blanes 20,MarionVille,Pennsylvania,0245,Comoros,False,2025-05-04 07:17:50.217000,,,Suite 802,True,
51046,CUST_01284,Shipping,"948, avenue Amélie Texier",Ryanstad,Castellón,X3M8G2,Cape Verde,False,2024-07-01 06:54:00.314000,85.39845,37.482978,Apt. 005,False,2024-09-18 17:14:22.306000
50851%,CUST_01290,Billing,Clarissa-Schlosser-Gasse 4/7,Andre,Ourense,50596,Monaco,False,2024-10-18 03:46:15.063000,32.7513265,87.378101,Studio 66,,
51422,  CUST_01043  ,Billing,9108 Malone Center,North Thomas,Rheinland-Pfalz,85219,Myanmar,True,2024-02-19 23:14:38.461000,,,,False,2025-01-27 09:50:57.974000
50988,CUST_01031,Both,  Glorieta Ignacia Cortes 36 Apt. 77   ,Robinsonland,Toledo,89134,Iran,False,2025-02-24 08:31:34.575000,28.903442,-68.68767,,,2025-01-19 07:10:04.475000
50136,CUST_01462,Both,"84, boulevard Christiane Bonnet",Lake Paige,Missouri,47751,Lesotho,False,2025-04-02 20:16:34.672000,  61.8408145  ,-7.339942,Suite 626,True,
50504,CUST_01409,Shipping,Etzoldstraße 5,Jacquelinestad,Hawaii,2915,  Oman  ,False,2024-01-24 16:52:49.592000,,,Piso 9,True,2024-12-30 03:01:47.190000
50495,CUST_01070,shiping,Jacobi Jäckelstr. 386,Alyssaborough!,South Australia,68774,Bouvetinsel,True,2025-06-28 06:43:44.284000,3.463989,-166.419554,75/,Pending,
50457,CUST_01195,Ship,99106 Douglas View Apt. 362 93/ Building 13,,Tokyo,,CZ,,1722271248,,,Apt. 619,,2023-10-23 21:40:48
50388,CUST_01274,Both,Ronda de María Manuela Milla 2,Lake Justinfort,Nevada,77881,American Samoa,False,2024-01-26 22:44:44.808000,-88.0430375,48.158812,Apt. 129,True,2025-03-23 10:03:15.376000
51067,CUST_01410,Shipping,56/7 Green Outlook,Pruvost,Cáceres,TW9 5EA,Ireland,False,2023-12-19 21:27:18.302000,20.937857,-110.414085,,,
50197,CUST_01186,Both,Irmingard-Hiller-Platz 6/3,South Victor,Thüringen,Y2B3R1,Suriname,True,2024-08-23 02:59:29.616000,-64.149159,-0.33264,Studio 27Z,False,
51361,CUST_01052,Both,"57, chemin Monnier",  South Charlesmouth  ,Georgia,S4 9GL,French Southern Territories,False,2025-06-10 02:15:05.368000,,,Suite 859,,2024-12-09 23:40:58.866000
  50010  ,cust_01431,Billing,Hans-Herbert-Hübel-Platz 980,Bayreuth,Pennsylvania,3820,Bangladesh,False,  2024-01-23 18:19:30.471758  ,-71.756895,-53.72587,,,
50306,CUST_01125,Shipping,2 Michael Dip,Cádiz,South Australia,84699,Myanmar,True,2024-09-28 06:22:50.636000,-41.5289185,-138.749275,,False,2025-06-16 20:36:58.576000
50021,CUST_01392,Billing,Brit-Hering-Gasse 2/7,Wolgast,Salamanca,48138,Kiribati,False,2025-07-03 11:04:22.639000,  -47.2763755  ,74.838897,,,2024-12-12 22:18:07.268000
51056,CUST_01289,Both,Alameda Nidia Agullo 442 Puerta 2 ,West Christopherberg,Brandenburg,53691,Martinique,False,2024-04-27 08:39:45.604000,,,Apt. 348,,
50107,CUST_01344,Shipping,  2655 Christopher Inlet  ,Kathleenville,New South Wales,LD88 1AD,Micronesia,False,2024-11-19 01:31:33.206000,,,,False,2025-01-05 18:10:10.292000
50051,CUST_01168,shipping,  Schenkstr. 7  ,Port Dianaside,  Victoria  ,2686,Sweden,True,2024-06-27 06:52:38.320000,,,  Puerta 6  ,False,2024-10-13 23:47:26.727000
51213,  CUST_01280  ,Shipping,  Ebertgasse 3/9  ,Borken,Hamburg,  61665  ,Switzerland,false,2024-04-18 03:23:27.989000,-60.284354,-13.691896,,,
50238,CUST_01015,Shipping,Günter-Boucsein-Ring 8,Büsingen am Hochrhein,Almería,  56398  ,Christmas Island,False,2024-11-18 11:26:40.923000,78.972251,59.356521,Apt. 207 ,,
51128,CUST_01425,Both,"Studio 63R
Carl orchard",Toledo,Northern Territory,TF5 7LD,Saint Kitts y Nevis,False,2025-03-03 09:45:54.772000,59.693424,157.87986,,,
,CUST_01135,  S  ,,,,,  NE  ,,1734383882,180,360,,False,
50968,CUST_01488,Both,Ann-Nette-Platz 70,Jeffreyport,Niedersachsen,30396,Mexico,  False  ,2023-09-10 02:01:43.577000,42.441303,-166.217078,,False,2025-06-10 02:47:29.188000
51149,CUST_01256,Both,  Elvira-Schacht-Gasse 094  ,Gerolzhofen,Niedersachsen,  X6N 4S6  ,United States Minor Outlying Islands,  False  ,2025-06-02 19:52:45.123000,20.492821,-162.87829,Suite 565,False,
50235,  CUST_01489  ,Both,Calle de Lalo Riba 8 Apt. 57 ,Castellón,Hamburg,49550,Armenia,False,2024-02-04 15:37:24.572000,29.124701,-166.613247,,,2025-03-04 13:12:02.900000
  51028  ,CUST_01076,Both,992 Cody Wall Suite 633,Barcelona,Northern Territory,B3N 3K3,Holy See (Vatican City State),False,2023-12-21 04:06:23.105000,-64.336017,149.611477,,True,2024-09-26 04:38:46.111000
50661,CUST_01006,Billing,Callejón de Felipe Tenorio 37 Apt. 37 ,Calau,Saarland,32806,Faroe Islands,True,2025-01-02 21:25:20.407000,  -6.7267115  ,  36.742703  ,Unit 88 ,True,
50890,CUST_01109,Both,Oscar-Jüttner-Gasse 30,North Amyfurt,South Australia,73919,Afghanistan,False,2024-09-24 16:04:14.868865,  62.505733  ,-114.867851,,,
50967,CUST_01494,Shipping,37956 Alexander Parks,Gonzalezburgh,New York,K3S 1C3,Isle of Man,True,2024-12-07 09:22:38.658000,,,,False,2025-04-10 11:59:34.496000
  51190  ,CUST_01385,Secondary,4 Joe gardens,THERESAVILLE,Idaho,2648,,True,1993-12-02 05:31:43.022000,-37.495348,92.81536,,,
50038,CUST_01037,Billing,932 Pierce Ride,South Victoriaville,Baleares,74846,Niger,True,2024-03-06 01:30:15.716000,-51.172968,-77.666838,,,
51374,CUST_01177,Shipping,"81, avenue Diane Julien",Saint Sabine,Barcelona,57497,British Indian Ocean Territory (Chagos Archipelago),False,2024-06-21 01:51:02.142000,54.993608,53.746215,,,
50704,CUST_01240,Both,"78, boulevard de Auger",Lake Christopherstad,Santa Cruz de Tenerife,64568,Zimbabwe,False,2025-01-29 21:51:09.727000,-65.393674,-83.877398,Suite 249,True,
50651,CUST_01030,Billing,Alameda Reyna Porras 91 Piso 3 ,New Kim,Vizcaya,95814,Samoa,False,2025-05-11 14:46:49.093000,42.707824,65.808056,,,
50343,CUST_01053,Shipping,"94, rue Lelièvre",Kellytown,Australian Capital Territory,B6F 3HD,Comoros,True,2024-08-22 12:42:52.249000,,,,True,
50406,CUST_01201,Billing,Suite 624 4 Hutchinson Footway,Sarahland,Georgia,43982,Ghana,  False  ,2024-06-21 08:20:07.308000,38.4281145,-143.861267,,,
50861,CUST_01392,Shipping,"Studio 8
Clark turnpike",Baleares,Nordrhein-Westfalen,34493,Grenada,  False  ,2024-08-31 17:42:18.420000,-81.8703865,-75.18362,,True,2025-03-21 18:50:20.551000
50146,CUST_01315,Shipping,Avenida de Chucho Pons 668 Piso 8 ,Baleares,Burgos,E1K 4XQ,Estonia,False,2024-12-31 07:57:15.322000,73.4670335,-159.885772,Apt. 998 ,,
50349,CUST_01142,Both,57/46 Hayden Entrance,Zamora,Mecklenburg-Vorpommern,16044,Guyana,False,2024-10-12 21:11:52.448000,,,Apt. 514,True,
50788,CUST_01229,Shipping,51 Stephen street,Lake Sheilaside,Málaga,A2G 7E7,Cyprus,True,2023-12-18 10:14:21.543000,-14.411292,-0.410382,Apt. 605,,2025-01-09 06:46:56.923000
50976,cust_01236,Billing,"Studio 7
Turner curve",Lake Jessetown,Victoria,97476,  Groenland  ,True,2023-12-13 19:04:06.025000,,,Suite 359 ,False,
51014,CUST_01181,BILLING,"37, rue de Dupré",East William,Australian Capital Territory,E5J 4GJ,  China  ,False,2023-11-15 02:36:42.635000,,,,,2025-09-06 19:45:22.576000
50839,CUST_01170,Both,61 Adams road,Sainte Étienne,Queensland,38004,Mexique,False,2025-05-23 15:42:17.173000,,,,True,2025-07-18 17:44:31.853000
50506,CUST_01194,Shipping,Camino de Ambrosio Céspedes 924 Apt. 92 ,Port Michael,Cáceres,1232,Gambia,True,2024-01-22 20:44:18.598000,-35.4211715,-131.592018,studio 50f,True,
50063,CUST_01322,Both,73 Ashley drives,Meganville,Texas,R3G 3H8,Isle of Man,False,2025-01-16 02:12:04.351000,  29.2386825  ,-27.030483,,,2025-06-09 15:46:57.288000
51453,CUST_01030,Billing,948 Jessica Cutting,Shannonstad,Cádiz,  32301  ,Morocco,True,2024-07-03 06:44:56.834000,33.6445595,99.631471,,True,
50137,CUST_01151,  Shipping  ,Suite 059 040 Moreno Walk,West Eleanor,Wisconsin,S5W 2JY,Sri Lanka,False,2025-01-31 14:59:06.588000,,,Apt. 21,False,2024-09-19 13:32:35.274000
50109,CUST_01343,Billing,Uwe-Döring-Platz 0,Ryanberg,Rheinland-Pfalz,88305,Germany,False,2025-08-14 14:59:25.467000,-11.7649825,159.786921,965/,,2025-08-28 17:28:12.199000
50917,CUST_01271,Shipping,"65, rue Bernadette Garnier",Saint Véronique,Bremen,12857,Cote d'Ivoire,False,2024-06-29 23:56:13.517000,,,,False,
51214,CUST_01444,Billing,"Studio 73
Steele curve",New Sarabury,IDAHO,T8K8S3,Georgia,False,2024-01-27 17:46:24.786000,-36.969779,3.936188,,,2024-12-29 09:43:03.688000
51123,CUST_01273,Both,  Bohlanderstraße 9  ,Philipton,Bayern,2639,Belgium,False,2024-08-04 22:51:47.882000,47.8585135,-29.265002,,True,
50156,CUST_01227,Billing,6/083 Dodson Grange,Gardelegen,Nordrhein-Westfalen,S8 2DB,Yemen,False,2024-08-08 01:36:44.524000,,,APT. 00,,2025-04-15 01:55:36.080000
50291,CUST_01224,Billing,529 Cox Mews Apt. 718,Arthurton,Sachsen,15803,Seychelles,False,2025-02-15 07:01:22.743000,-64.57014,0.838559,,,2024-10-03 19:57:42.578000
50365,CUST_01384,Shipping,347 Stephanie Lake Suite 627,Wunsiedel,Western Australia,50494,Timor-Leste,True,2025-03-17 08:28:15.483000,69.768316,  -97.966818  ,89/,,2025-06-01 15:54:54.521000
51355,CUST_01005,Billing,637 Harris Springs Suite 399,Dannyport,Huesca,2973,Latvia,False,2024-09-19 03:48:09.904000,-81.5949145,-99.674975,Suite 940,,
50337,CUST_01498,Ship,9 Katie Quadrangle Apt. 98 Building 18,123,Tokyo,,GA,,1745048993,180,181,Studio 5,,
50773,CUST_01003,Both,Hendriksgasse 61,Adamland,Minnesota,82814,Bangladesh,False,2023-12-03 21:08:38.983000,-89.7246675,-84.436843,,,2025-02-25 16:02:31.902000
50515,CUST_01186,  Billing  ,531 Wood rest,OllivierVille,Rheinland-Pfalz,T8G4T9,Demokratische Republik Kongo,True,2024-06-20 22:53:52.015000,-81.338526,126.721486,95/,False,2025-04-27 20:51:08.204000
50745,CUST_01059,Billing,359 Dennis station,South Jasonchester,Michigan,B45 6PA,Guyana,False,2025-03-11 05:31:27.009000,-51.172272,-113.122349,,FALSE,
50129,CUST_01445,Shipping,  Meyerstr. 0  ,Ourense,Iowa,00307,Hungary,False,2024-01-18 17:59:17.882000,-80.507163,172.028024,Suite 524 ,,
50921,CUST_01153,Shipping,70500 Aguilar Fords Apt. 672,Nicholasbury,  New Hampshire  ,M7G 8AX,Mongolia,True,2025-03-04 14:58:38.970000,-2.732601,-147.323041,,False,
51236,CUST_01181,Both,"Studio 30
Marshall station",South Victoriashire,Guadalajara,R8G4X6,Mali,False,2025-04-15 06:31:30.417210,-51.003809,-96.676081,,,
50715,CUST_01332,Both,Glorieta Piedad Barros 33,East Aprilchester123,Thüringen,W50 7RW,Belgien,False,2024-08-08 03:23:09.076000,,,Suite 910,,
50520,INVALID,Shipping,,West Teresa,,M5H 2N2,1,Maybe,2024-12-21 12:53:03,,-999,,False,
50030,CUST_01276,,,Jena,Cuenca,99999,US,T,,,,Piso 6,,
51416,CUST_01102,Shipping,030 Barbara Stream Suite 448,GARCIAMOUTH,Virginia,  20278  ,montserrat,False,2024-11-10 12:02:24.025000,  -2.66716  ,-163.652835,,,2025-04-06 05:15:28.212000
50720,,,,,,,United States,F,,,,Puerta 8,  Unknown  ,
51413,CUST_01073,both,012 Lewis Ridge,North Kellyborough,Texas,18816,Senegal,False,2025-05-26 02:07:10.646017,,,,,
50466,CUST_01304,Shipping,Plaza Andrea Aragón 74 Piso 1 ,Melissafurt,Albacete,26073,Kenya,True,2024-02-20 23:27:13.056000,-40.493309,51.436979,,,
51489,CUST_01490,Billing,Fabian-Briemer-Ring 1,Celle,South Dakota,S0 1JR,Niue,True,2023-10-18 13:27:37.206000,6.765839,-110.961199,,True,2024-10-06 19:07:07.675000
  50786  ,CUST_01135,Billing,Geza-Gude-Weg 4,Jean,Alabama,2920,Honduras,  False  ,2025-05-21 12:25:17.325000,-0.2957755,-175.67822,,True,
51116,CUST_01093,  Both  ,Ronda Iván Ribes 4 Puerta 9 ,Spremberg,  Ciudad  ,90789,Honduras,False,2024-08-30 02:27:42.347000,-40.5576105,-157.053197,,,  2025-01-16 09:45:37.075197  
50230,CUST_01282,Billing,16224 Tammy Summit,Marcusfurt,Wisconsin,9147,British Virgin Islands,False,2025-05-29 19:15:31.025000,51.4796415,101.667291,Piso 0,False,2025-05-21 09:45:55.749000
  51405  ,  CUST_01471  ,Shipping,Via de Nico Collado 5 Apt. 01 ,Lake Dannyport,Schleswig-Holstein,5738,Dominica,True,2025-05-11 15:03:15.341000,-66.5937545,-44.917292,Apt. 760,False,2025-07-31 02:57:55.661000
51001,CUST_01496,Shipping,"604, avenue Martins",Tyronebury,Baden-Württemberg,G3S 5A5,Pakistan,False,2025-04-22 19:00:39.835000,-27.3825225,9.931095,Suite 748,False,2025-04-16 13:49:11.240000
50207,CUST_01428,Shipping,Unit 50 3 Joel Nook,East Laurashire,Montana,16931,Armenia,False,  2025-04-04 08:02:34.638278  ,70.0445165,19.393139,,,
50447,CUST_01250,Both,4 Kevin Front,Alexiston,South Australia,39867,Austria,False,2024-04-20 10:02:48.725000,4.5578705,-179.655481,,,
50758,CUST_01211,Billing,Mangoldallee 3/3,Richardsonland,Huelva,80196,Sweden,  False  ,2024-03-14 05:50:24.211000,80.5482245,-162.175811,Apt. 720,,
51435,CUST_01089,Primary,1473 Bradley Gardens,SOUTH JULIAN,Idaho,2606,  Indonesia  ,False,2023-10-11 14:31:09.847000,-35.9783535,-133.588632,,,
50467,CUST_01457,Shipping,chemin de David,Charles,Australian Capital Territory,S9B7E5,Portugal,False,2024-07-15 15:00:11.734000,,,Piso 0,,
50678,CUST_01076,Shipping,4898 kelsey street apt. 538,Gunzenhausen,Bremen,0805,French Guiana,False,2024-12-19 20:35:50.776000,,,,False,2024-12-24 16:25:31.391000
50492,CUST_01319,Billing,224 Leah Station Suite 894,Clarkmouth,Northern Territory,91949,Algeria,False,2024-07-10 02:57:16.141000,,,,True,2025-02-28 02:31:25.161000
50489,CUST_01351,Billing,"47, rue Antoine",Barbe-sur-Mer,Wyoming,2764,Israel,TRUE,2023-12-29 00:59:16.640000,61.749881,38.256431,,,2024-09-11 07:07:54.865000
50061,CUST_01317,Shipping,Pasadizo Flavia Duque 4 Puerta 7 ,Lake Nathan,Sachsen,2959,Somalia,True,2024-12-25 20:46:40.523000,,,,,2025-01-07 16:16:52.121000
50434,CUST_01394,Both,30770 Fisher Crossing Suite 295,GomezVille,Baden-Württemberg,74260,Zaïre,False,2023-10-08 14:22:06.457000,-85.631939,72.272072,,True,2025-07-09 08:33:32.240000
50025,CUST_01016,  SHIPPING  ,Plaza de Maribel Azorin 23,,Wisconsin,,Zambia,,2024-02-02 15:37:36.844000,,,,True,2025-04-24 04:46:13.282000
51271,CUST_01232,Both,Rambla Emelina Gimeno 55 Puerta 5 ,Regen,León,  V4C8E9  ,Andorra,False,2024-04-20 03:32:12.716000,35.5568975,-103.336966,Apt. 05,True,2025-07-25 11:59:44.438000
50641,  CUST_01273  ,  Billing  ,Camino de Chucho Arjona 64 Apt. 09 ,New Aaronborough,Victoria,33136,Ethiopia,False,2024-04-09 21:42:52.464000,,,,True,
50828,CUST_01475,Both,3796 Harrington Plains,Alicante,  Bremen  ,35490,República Popular Democrática de Corea,False,2023-12-30 18:41:22.370000,,,,False,2025-05-06 01:30:28.734000
50907,CUST_01302,Shipping,996 Jones trail,Johnsside,Alabama,NR0 5TW,American Samoa,False,2024-12-28 19:22:06.090000,-11.305401,-107.547423,Apt. 753,,
50996,CUST_01249,Shipping,36108 Audrey Divide Suite 166,Michaelmouth,Soria,52384,Luxembourg,False,2025-07-18 00:33:06.708000,-3.4366245,12.454222,Flat 1,  False  ,2025-01-15 20:24:32.303000
51158,CUST_01086,Shipping,553 Stephanie Islands Apt. 030,Girona,New Hampshire,  4110  ,Venezuela,False,2024-07-03 12:32:32.482000,57.379005,  176.291044  ,,  False  ,2025-01-01 12:45:54.243000
50073,CUST_01223,Shipping,1 Lord station,Lake Elizabethland,Nordrhein-Westfalen,11322,Senegal,False,2024-12-18 20:22:54.518000,7.037318,-59.611199,,True,2025-09-04 01:43:35.702000
51164,  CUST_01192  ,Both,  4747 Schwartz Rest Suite 090  ,Lake Wayneshire,  Sachsen-Anhalt  ,  2730  ,United Arab Emirates,True,2024-05-07 12:24:51.280000,,,,False,2025-01-16 17:02:39.164000
50054,CUST_01261,Billing,4550 Molly Port,Berlin,Australian Capital Territory,98295,Danemark,false,2024-07-12 16:49:58.340000,,,,True,2024-11-05 18:06:10.962000
50139,CUST_01173&,Billing,691 Turner Dale Apt. 675,Francisshire,Victoria,G7H1A3,  Guatemala  ,False,2025-08-16 18:49:55.949000,81.703872,-124.106247,,,2024-10-30 15:08:13.639000
50685,CUST_01225,Billing,308 Michael Little,Fordborough,Idaho,15326,Ukraine,FALSE,2024-05-26 22:09:51.174000,25.371799,115.435441,Apt. 06,,  2025-02-15 14:16:13.068512  
50143,CUST_01106,,???,,KY,,US,,,,,,False,2025-02-05 19:55:58.490000
50748,CUST_01080,  Shipping  ,"489, boulevard de Delaunay",Heiligenstadt,Ourense,N6N 1L2,Nicaragua,True,2025-02-18 16:58:42.179000,-41.525544,76.493681,,,2024-12-08 06:08:37.368000
50852,CUST_01147,Billing,994 Hill Pass Apt. 984,  Murrayport  ,Melilla,36988,Hong Kong,False,2025-03-30 04:06:13.535000,-82.4960535,-24.298976,,True,2024-09-12 20:51:52.555000
50083,CUST_01219,Both,409 Baker Shoal Apt. 097,Kennedybury,Oregon,30756,isle of man,False,2024-02-05 23:03:44.007000,74.142391,-146.562989,,False,
50265,CUST_01051,Shipping,"Studio 29
Melissa plaza",Ávila,Melilla,2679,Taiwan,False,2024-03-31 22:49:15.413000,24.920001,  -47.578547  ,,,2025-01-06 19:17:19.804000
50991,CUST_01150,Both,"Studio 06
Stephen ville",Senftenberg,Zamora,C5M6T8,Nordmazedonien,True,2023-11-25 08:21:01.470000,67.5916345,126.409893,Apt. 638,False,2025-03-05 04:28:16.747000
51368,CUST_01142,Both,885/27 Weaver Line,North Debra,Missouri,47175,Ghana,True,2025-01-14 04:49:02.886000,-60.427158,117.623682,Flat 12 ,,2024-09-26 19:37:43.129000
50936,CUST_01082,Shipping,  Camino Poncio Ros 22 Piso 4   ,New Jeffreystad,Northern Territory,M71 9JR,Albania,True,  2023-10-14 04:36:05.122795  ,51.969232,67.714166,  Apt. 391  ,True,
51111,CUST_01105,Billing,297 Wilson Row,Strasburg,pontevedra,ZE51 3GW,Tajikistan,False,2023-12-22 04:56:19.397000,-67.6175225,-151.237038,Suite 062,True,2025-03-12 03:08:51.540000
  51180  ,CUST_01059,Both,,South Amandastad,,  2679  ,Indonesien,True,2024-03-01 17:18:12.082000,53.99057,20.188047,,True,
50802,CUST_01481,Shipping,9453 Rasmussen Mews Suite 974,Velazquezhaven,Zaragoza,56980,United Kingdom,False,2023-12-11 09:47:52.191000,2.1424975,18.609536,,True,2025-03-23 20:14:11.830000
50304,CUST_01160,Shipping,52/0 Jorge Promenade,Natalieberg,Massachusetts,24150,Luxembourg,True,2025-08-21 01:12:46.255000,6.7957335,-28.105526,,,2025-04-21 03:06:07.760000
51353,CUST_01467,Billing,Pasaje Encarna Solís 233,Aschaffenburg,Northern Territory,78339,Inde,False,2024-11-07 21:48:44.124000,,,,,  2025-02-09 21:13:17.506822  
  50602  ,CUST_01394,Billing,Gertzgasse 137,Andrewshire,Asturias,31660,Luxembourg,True,2025-05-08 15:36:11.587000,-43.0176515,129.646032,Puerta 8,True,
50123,CUST_01496%,  Billing  !,Unit 61 1 Jason Brow,New Gail,Álava,91674,Svalbard & Jan Mayen Islands,False,2025-08-31 20:23:19.210000,,,,False,2025-05-20 18:00:01.078000
51330,CUST_01369,Home,"86, boulevard de Leclerc",PIERRENEC,Northern Territory,B0E 6LT,,False,1986-01-25 19:55:22.434000,23.035922,-33.181899,,,2025-02-13 13:56:44.898000
50581,CUST_01307,Billing,955 Olivia Cliff Apt. 294,West Carriefort,South Carolina,53273,Thailand,False,2024-01-28 06:59:19.511000,49.702295,82.856859,Suite 135 ,,2025-08-06 02:27:44.987000
51092,  CUST_01478  ,Shipping,  8/8 Ashley Terrace  ,Grahamland,Guadalajara,B74 5YX,Burkina Faso,False,2024-05-16 09:45:50.374000,38.9221,-98.237821,,,2025-01-05 03:08:33.887000
50354,CUST_01355,Both,32 Kyle Towers,  Gaudin  ,  Cuenca  ,  G7 6ZJ  ,Guinée-Bissau,False,2025-06-13 06:56:02.715000,,,Suite 994 ,,
50140,CUST_01345,1,,gera,,H8C1N5,,False,1980-09-06 08:21:26.783000,,,,,
50092,CUST_01486,Both,Glorieta Liliana Torrijos 9 Piso 0 ,Port Stephen,  Oklahoma  ,2930,Equatorial Guinea,False,2023-09-12 05:23:48.882000,65.239248,-155.685223,,False,2025-01-13 02:20:54.486000
,, ,,, ,,,, ,,,,, 
51318,CUST_01204,Billing,Flat 19 2 Kevin Landing,Jennifermouth,Australian Capital Territory,14402,Somalia,True,2025-01-07 15:40:46.744000,79.295546,154.449727,,,
50348,CUST_01377,Both,4/6 Jamie Deviation,Onealshire,Tasmania,G8C 9M6,Myanmar,False,2024-08-14 21:07:31.198000,0.294703,62.209957,Unit 63 ,,
51051,CUST_01183,Shipping,rue Ribeiro,Reneemouth,South Australia,80882,Tunisia,False,2023-12-11 05:50:40.482000,47.0466615,-128.671424,,,
51340@,  CUST_01237  ,Shipping,,DumontBourg,,35385,Myanmar,False,2025-01-15 04:41:14.868000,69.589591,  -140.816843  ,Flat 15 ,,2025-08-17 03:07:07.416000
50770,CUST_01064,Work,77741 Tracy Lights Apt. 118,GÖRLITZ,Rhode Island,26422,,False,1987-10-03 10:54:40.637000,  -0.270771  ,135.484072,,,2025-02-20 08:33:49.952000
50366,CUST_01127,Billing,4746 Jones Dale Suite 323,Bentleystad,Madrid,S7B 3E4,Mauricio,True,2025-03-26 10:04:23.455000,3.570879,  82.326853  ,Apt. 857,False,
50705,CUST_01016,Shipping,"Studio 6
Chapman trafficway",Omarland,Washington,79876,CANADA,False,2024-12-08 13:54:36.529000,,,Flat 9,True,2025-03-13 00:03:38.508000
50747,CUST_01107,Shipping,  Berit-Riehl-Allee 678  ,West Jasonmouth,Sachsen-Anhalt,14906,Taiwan,False,2024-12-07 18:44:07.227000,78.198999,-37.715008,,True,
50378,CUST_01188,Shipping,861 Marcus Turnpike,Sainte Céline,Northern Territory,2914,Cote d'Ivoire,False,2025-04-19 14:09:26.085000,84.815369,14.468482,,,2025-07-18 23:01:12.852000
50777,CUST_01276,Both,7 Dobson tunnel,León,Mecklenburg-Vorpommern,S7X 5B9,Argentina,False,  2024-07-19 14:13:58.083846  ,67.916822,-62.409489,,False,
  51339  ,CUST_01282,Shipping,Acceso de María Ángeles Conde 833,Edwardsfurt,  Ourense  ,16775,  australia  ,True,2024-07-08 20:19:40.704000,11.564465,162.101495,,,2025-08-22 10:53:44.993000
50712,cust_01353,Both,calle de moreno velázquez 97 piso 4 ,Traore,Rheinland-Pfalz,55942,Brésil,False,2025-08-09 19:49:01.315000,-67.7257965,49.838343,Apt. 275,,2024-09-18 12:54:14.807000
51220,CUST_01214,  Both  ,,Lake Teresaton,,2937,Bangladesh,False,2025-05-16 03:28:25.601000,  -9.172468  ,62.456326,,False,
50697,CUST_01266,Both,9 David light,Deggendorf,Madrid,73453,British Virgin Islands,  False  ,2024-02-16 10:51:02.056000,,,Apt. 638,,
51178,CUST_01367,Both,943 Walker Trafficway Suite 877,Port Caroleview,New York,2694,Burkina Faso,False,2024-02-10 19:04:29.478000,34.503818,-112.896848,Suite 692,False,2025-05-09 18:40:10.270000
50297&,CUST_01068,Shipping,"Studio 5
Brown rest",Lake Samanthabury,Sachsen,E8Y7K1,Vanuatu,False,2024-04-16 19:33:27.931000,-26.794065,-67.049614,,False,
50630,CUST_01126,,    ,BAUDRY,WA,99999,,Y,,,,,,  2025-02-22 10:13:20.670295  
51235,CUST_01219,Billing,Unit 88 24 Davis Drive,Port Laura,Mecklenburg-Vorpommern,28890,Aserbaidschan,False,2023-10-01 20:52:31.464000,-11.871942,-12.028476,,False,
50342,CUST_01200,Shipping,Plathring 11,Owenchester,Toledo,56290,Burundi,False,2023-10-12 05:09:32.456000,-6.3375645,53.994181,Apt. 939,,
,  NULL  ,shipping,,123,,,Unknown,,2025-02-02 20:48:47,,,,,
51016,CUST_01304,Billing,749 Roger Mills,Alexanderburgh,New South Wales,85196,Mongolia,False,2023-11-01 11:23:13.049000,-13.045123,-57.632852,,True,2025-06-15 00:23:27.611000
51299,  CUST_01286  ,Both,Level 5 999 Clark Firetrail,Bruchsal,Colorado,85184,Philippines,True,2025-06-26 07:29:27.264000,58.6872075,-7.392228,Apt. 527,,2024-11-29 11:33:18.299000
50827,CUST_01211,Billing,45663 Charles Plains Suite 034,Port Jane,northern territory,33093,Georgia,False,  2024-04-10 20:58:22.242757  ,19.139808,172.199818,,False,
51008,CUST_01160,Shipping%,"Studio 12h
Julia vista",New Natalieside,Georgia,  82908  ,Maurice,False,2024-06-18 16:38:34.845000,-63.61509,-108.158568,,False,
51375,CUST_01232,S,9824 Walter Ranch,,Montana,,Honduras,,2025-05-15 00:45:26.157000,41.820983,-21.43389,0/,True,
50840,CUST_99999,,,,,XXXXX,,Y,,,,,,
51212,CUST_01222,Shipping,"Flat 33
Anna mission",CUENCA,Western Australia,43617,  Nauru  ,False,2024-05-18 01:36:22.382000,,,,,
50743,CUST_01375,Both,Unit 49 04 Hunt Courtyard,Smithside,Brandenburg,2632,Mozambique,False,2024-03-05 15:27:40.691000,19.1541675,111.31671,,,2024-10-24 22:31:00.738000
50181,CUST_01389,Both,Rosalie-Bähr-Weg 996,Alicante,Thüringen,56394,Kyrgyz Republic,True,2024-09-16 20:49:45.050000,7.6744175,-174.313635,,False,2024-12-05 12:15:46.484000
  50729  ,CUST_01434,Shipping,"6, chemin Hugues Pottier",Füssen,Bayern,E0 6UY,Singapur,False,2024-06-05 06:03:18.168000,-7.2522665,-145.166533,,False,2025-02-17 23:52:37.850000
50239,CUST_01413,Both,"45, BOULEVARD DE CHEVALIER",Ourense,New South Wales,46783,Bhutan,False,2024-04-23 18:10:08.889000,34.928938,-55.610117,,,
50376,CUST_01067,Both,095 Shaw Spurs,Wendyshire,Santa Cruz de Tenerife,15136,French Guiana,False,2025-08-16 00:40:11.489000,,,,True,2025-09-02 14:45:12.165000
51363,CUST_01290,Shipping,Flat 16 221 Williams Villas,Harrisonstad,Teruel,91818,Northern Mariana Islands,False,  2025-06-30 14:27:22.282975  ,,,,,
50230,CUST_01282,Billing,16224 Tammy Summit,Marcusfurt,Wisconsin,9147,British Virgin Islands,False,2025-05-29 19:15:31.025000,51.4796415,101.667291,Piso 0,False,2025-05-21 09:45:55.749000
50904,CUST_01436,Shipping,Vial de Cornelio Vazquez 10,North Amelia,New South Wales,57663,Rumania,False,  2024-11-24 12:25:15.672554  ,,,,false,2024-10-08 13:08:47.202000
50734,CUST_01174,Shipping,Rambla de Pacífica Sabater 76,Port Devon,Albacete,08048,Iraq,False,2024-07-16 21:18:24.868000,,,Suite 159 ,,
51260,CUST_99999*,,,,,XXXXX,,No,,,,,,
51398,cust_01171,Billing,Ronda de Apolonia Rivera 1 Puerta 5 ,feuchtwangen,Sachsen,6433,Malasia,False,2024-03-26 09:04:24.107000,,,,True,2024-09-27 21:52:25.985000
51348,CUST_01005,Both,Wesackweg 053,South Tracy,Queensland,G7Y 3P9,Lao People's Democratic Republic,False,2025-06-24 22:54:53.411000,-31.1814635,-85.127459,  93/  ,True,2025-01-10 08:30:54.744000
,,,,,,,,,,,,,,
51316,CUST_01349,Shipping,95/94 Yu Heights,Raymond,Saarland,45406,Ukraine,False,2024-03-03 07:55:45.249000,13.8100835,122.336179,,True,2025-04-27 22:13:48.821000
51057,CUST_01132,Both,2796 Fernando Expressway,New Declan,Saarland,E58 8RJ,Fiji,True,2025-07-06 23:06:49.105000,72.4305275,  30.619821  ,  Suite 033  ,,2025-08-05 17:44:06.838000
50919,CUST_01321,Both,Calle Reinaldo Echevarría 7 Puerta 0 ,East Robert,Victoria,70114,Tuvalu,False,2024-01-22 17:04:32.090000,-17.8881375,-138.428924,,False,
50594,CUST_01305,Billing,avenue de Imbert,Segovia,Rheinland-Pfalz,97182,Turks and Caicos Islands,True,2023-10-20 19:49:39.026000,-54.602287,  -145.705816  ,Suite 259,True,2024-10-30 08:43:16.270000
51052,CUST_01479,Billing,Möchlichenstr. 7/4,Pößneck,Idaho,84591,  Roumanie  ,False,2025-07-17 16:39:03.356000,,,,,2024-09-17 12:09:32.468000
51333,CUST_01257,Billing,68368 Buckley Tunnel Apt. 771,Görlitz,Saarland,60030,Bolivia,False,2024-11-22 00:30:47.073000,82.7459565,  -98.294822  ,Apt. 344,False,2025-06-19 11:34:47.017000
  50427  ,CUST_01019,Billing,9 Anthony Towers,Sainte André-les-Bains,santa cruz de tenerife,23343,Tokelau,False,2025-02-21 13:53:43.255000,,,,False,2025-06-23 08:36:03.501000
50764,CUST_01162,Shipping,23200 Heather Lights,Grayton,North Carolina,  42378  ,Qatar,True,2024-10-21 17:01:11.579000,39.076234,27.357709,,False,  2024-09-13 08:30:12.285393  
51345,CUST_01295,Shipping,Jürgen-Pärtzelt-Ring 67,Pirmasens,La Rioja,96507,Guinea Ecuatorial,  False  ,2025-06-01 18:40:58.117000,1.352292,-9.993343,,,2024-10-27 22:10:04.727000
50666,CUST_01281,Shipping,Wellerstraße 01,Stendal,Hessen,L02 3HF,Kuwait,False,2025-01-05 08:27:32.077000,76.0665785,-163.09345,,False,2025-06-01 07:59:14.903000
51482,CUST_01132,Shipping,19 Smith loop,Emilymouth,Florida,97347,North Macedonia,True,2025-03-23 19:58:27.842000,33.11428,172.579384,,true,2024-11-16 03:56:44.814000
50604*,CUST_01180,Both,0 Cox Roadway,Hooverside,Tasmania,88255,China,False,2024-06-29 12:19:51.815000,,,,,
51462,CUST_01179,  Both  ,0209 Miles Mews Suite 659,East Irenefurt,Sevilla,S2M 6L4,Colombia,False,2023-12-02 01:29:52.361000,,,Apt. 827,False,2024-09-18 13:15:38.247675
51446,  CUST_01396  ,Shipping,Calle de Cesar Lobato 772 Puerta 2 ,New Matthewfurt,Sachsen-Anhalt,  64838  ,Cook Islands,True,2024-04-29 06:24:45.543000,7.178193,122.22114,,False,
50132,CUST_01101,Shipping,410 Phyllis Pike,Lake Lori,Pennsylvania,08545,Österreich,False,2024-02-29 23:29:58.251000,  -5.44044  ,30.964859,719/,,
50597,CUST_01204,Shipping,6 Billy Road,Jacquelineshire,Hamburg,2672,Afrique du sud,False,2025-03-06 16:25:59.260000,,,Apt. 397,,2024-12-15 06:53:11.494000
50362,CUST_01301,Both,"4, boulevard Thierry",Joelchester,New South Wales,18530,Luxembourg,False,2024-02-04 14:06:17.296000,-35.135732,-159.648985,,,
50211,CUST_01297,Both,5118 Bradley Curve Apt. 031,Descampsdan,Bayern,C8A 2J8,Singapur,False,2024-05-30 16:06:48.221753,21.656587,18.14222,Unit 10 ,,2025-05-26 00:15:05.926000
51264,CUST_01209,  Both  ,6 Farmer Frontage,Gérard,Australian Capital Territory,2620,Nicaragua,True,2025-05-19 05:51:20.337000,-10.8312245,112.471157,,,
50626,CUST_01441,Shipping,196 Kristin Fords,Dalefurt,ALBACETE,17069,Guyana,False,2023-09-24 23:49:27.194000,29.5417055,-131.971041,Flat 56r,,2024-12-11 08:54:31.975000
50454,CUST_01372,Billing,32883 Castillo Highway,Rottweil,Huesca,66176,Mali,False,2023-09-30 10:53:57.395000,-57.753789,29.073317,,False,2025-04-09 07:08:54.738000
 &,,,  NA  ,,,,,, ,,,, ,
50286,CUST_01447,Both,Cuesta de Griselda Quiroga 58 Apt. 71 ,Tracybury,Australian Capital Territory,97205,Switzerland,True,2024-09-07 21:35:35.610000,,,,False,2025-08-30 07:14:44.849000
51443,CUST_01193,Billing,"14, chemin Maryse Wagner",Jadetown,Jaén,25161,Morocco,False,2024-06-22 08:08:36.841000,,,Suite 259,,
50553,CUST_01484,Billing,Pasadizo de Nando Rivas 25 Apt. 17 ,Quinnchester,Brandenburg,47434,Monaco,False,2025-05-13 17:38:12.472000,72.840419,178.391954,,,
50849,CUST_01496,Both,"  983, chemin de Marty  ",Eisenberg,Virginia,48964,Reunion,False,2024-06-11 07:38:30.747000,  17.1738695  ,26.411945,,True,
50830,CUST_01234*,Shipping,Glorieta Eliseo Viña 49,North Dennis,Ourense,28750,Turkey,False,2024-02-24 19:54:13.781000,-37.046123,39.199816,,True,2025-02-17 07:45:23.103000
51423,CUST_01353,Shipping,60898 Lucas Burg,North Raymondstad,Northern Territory,21703,Finland,False,2023-10-04 02:41:27.536000,-39.0350055,-52.565946,Apt. 558,  True  ,2024-11-27 13:37:52.982000
51185,CUST_01361,Both,90143 Cassandra Walks,South Cynthia,Victoria,2685,Rwanda,True,2025-02-22 05:06:04.745000,28.548998,-146.415723,,False,
50478,CUST_01241,Billing,Flat 24 1 Lara Vale,Baron,Santa Cruz de Tenerife,50618,Comoros,False,2024-10-21 18:06:16.734000,  78.062285  ,160.643067,Studio 15k,False,2024-09-12 04:09:33.749000
50736,CUST_01442,Both,Mahmoud-Hering-Allee 520,La Coruña,Santa Cruz de Tenerife,BR3R 1SR,Mozambique,False,2024-04-10 18:32:04.854000,12.543423,  -100.306955  ,Apt. 949,True,2025-03-05 09:17:38.310000
50151,CUST_01074,Billing,2290 Johnny Valley,Rodneyfurt,Schleswig-Holstein,T7M 2X1,Portugal,False,2025-05-15 04:06:38.366000,,,,True,
,,,,,,,,,,,,,,
51077,CUST_01214,Shipping,"Flat 53
Rosemary shoal",Goncalves-la-Forêt,Victoria,2631,United Kingdom,False,2025-02-02 15:35:29.851880,60.2052255,-144.278846,,,
51346,CUST_01264,billing,419/2 Sean Road,Woodsstad,Arizona,HP2 0GS,Indonesia,False,2025-09-03 10:27:32.105000,-74.3374395,-112.887198,,  False  ,2025-06-07 16:55:52.497000
50026,CUST_01451,Both,19 Natalie squares,Garyville,South Australia,76350,Vanuatu,False,2024-11-03 15:07:22.696000,16.476114,-73.522511,,True,
50488,CUST_01156,Billing,4613 Hoffman Orchard Suite 883,  St. Jessicastad  ,New Hampshire,B6U 7QU,Bolivie,  False  ,2024-04-23 21:59:36.176000,79.091205,-128.788402,,False,
51221,CUST_01219,Both,"65, rue Michèle Jacquet",  Joseph-les-Bains  ,West Virginia,2615,Granada,True,2024-02-21 02:42:14.034000,-7.9186065,128.469163,Studio 31z,,  2025-04-11 20:01:04.903505  
51429,CUST_01325,Billing,"5, chemin Isabelle Collin",Strausberg,Sevilla,2977,Iran,True,2025-01-16 13:23:39.135404,4.640068,-143.973893,,,2025-06-04 15:01:36.576000
50710,CUST_01020,Both,"20, rue Anaïs Le Gall",Kellyville,Rheinland-Pfalz,L2 9HS,Saint Lucia,False,2025-08-04 10:23:33.296000,  -26.0724095  ,48.84127,,,
50696,CUST_01485,Shipping,Biggenplatz 406,CharlesBourg,  Queensland  ,DY12 5GH,  United States Virgin Islands  ,False,2023-11-28 10:26:25.034000,-68.7531115,-174.28695,,,2025-07-16 13:12:10.629000
50560,,  Work  ,,TOLEDO,,100-0001,,,2025-02-15 04:31:41,999,-999,,,
51321,CUST_01243,Billing,412 Mackenzie Camp,West Timothy,Bayern,47941,South Georgia and the South Sandwich Islands,False,2024-02-29 21:39:37.202000,,,,True,
50952,CUST_01258,Both,0692 Christina Viaduct Suite 305,West Jesse,Mecklenburg-Vorpommern,04558,Burundi,True,2025-06-07 16:23:41.959000,-69.774815,109.253804,,,2025-02-07 13:48:59.315000
51448,CUST_01224,Shipping,rue de Foucher,Victorbury,Rheinland-Pfalz,38356,Niger,True,2024-08-18 02:39:41.032000,-42.3678055,-102.370978,Suite 748,,2024-09-22 10:42:16.573000
51387,CUST_01084,Both,2 Christian forks,Córdoba,New Hampshire,38490,Costa Rica,True,  2023-12-04 23:16:44.605437  ,51.0253635,32.784936,,,2025-02-25 11:40:30.970000
51424,CUST_01264,Billing,"17, rue Chartier",Potsdam,Melilla,BR8V 8NN,  Mali  ,True,2025-03-12 20:20:26.539000,,,,True,
50284,  CUST_01035  ,Shipping@,level 8 0 mark circus,Stephenport,Ceuta,52397,Malta,False,2025-05-27 21:04:38.050000,37.6885175,17.268596,,False,
51133,  CUST_01048  ,Both,Plaza Fausto Losa 15 Puerta 9 ,Jenkinsland,Texas,15640,Sénégal,False,2024-04-05 05:08:22.765000,42.8736165,-76.70308,,True,
50829,  CUST_01103  ,Shipping,Hörlegasse 4/3,  Jaredmouth  ,Georgia,N0C 8ZL,India,False,2024-01-20 08:47:13.961000,,,,,  2025-01-10 06:22:19.172210  
51415,CUST_01471,Shipping,Urbanización de Begoña Calvo 91 Apt. 72 ,Valladolid,Victoria,P6E 3X6,Oman,False,2025-01-22 19:27:35.251000,51.698092,102.366473,,True,2025-05-31 15:06:04.288000
50669,CUST_01229,Shipping,"90, boulevard Grondin",Ciudad,North Carolina,40773,Vatican (Etat du),False,2024-03-04 10:18:03.141000,,,,,
50216,CUST_01380,Shipping,Blochring 589,Maddoxshire,Iowa,2926,Bulgaria,False,2023-11-09 07:40:20.655000,-76.763154,34.314196,Flat 83j,False,
50411,CUST_01438,Shipping,18 Spence Common,Lippstadt,Iowa,2658,Tokelau,False,2025-04-28 12:02:55.207000,38.155453,170.415616,,,
50810,CUST_01445,,???,New Theresaton#,MS,00000,United States,Yes,,,,,,2025-03-10 02:11:10.549000
50929,  CUST_01395  ,Shipping,"Flat 64
Newton shores",Córdoba,Badajoz,BB9P 7JA,Montserrat,False,2024-01-03 16:27:28.187000,53.088473,-10.668206,,True,2024-10-29 10:57:25.301000
,,,,,,,,,,,,,,
51459,CUST_01281,Billing,"Studio 5
Bradley path",West Rebeccamouth,New Hampshire,57829,Romania,False,2024-01-17 19:30:57.666000,-8.3908585,-84.285866,,False,
50541,CUST_01349,Shipping,3 Wendy streets,Bouvet,Sachsen-Anhalt,E85 4WE,Andorra,False,2024-06-13 15:01:10.044000,,,,,2025-02-02 11:17:52.855000
50186,CUST_01256,Billing,"642, boulevard Jeanne Muller",North Reecehaven,Burgos,13281,United Arab Emirates,FALSE,2024-11-21 04:10:43.274000,52.6546405,-116.908859,Studio 6,True,2025-03-04 09:29:57.878000
50977,CUST_01370,Shipping,Apt. 368 05 Phillip Beach,Huesca,Florida,64098,Bouvet (Îles),False,2025-05-29 22:17:40.130000,-78.242061,-116.506628,36/,,2024-09-30 16:51:39.684000
50135,  CUST_01117  ,Booth,  Brudergasse 372  ,New Ryan!,Madrid,50666,Kuwait,False,2024-05-25 13:41:39.567000,-16.185143,59.450562,Suite 107,N,2024-09-21 22:01:11.348000
51141,CUST_01226,Both,Avenida de Cecilio Amo 58 Puerta 7 ,Philipstad,Las Palmas,05188,  Western Sahara  ,True,2025-01-23 07:05:52.771000,,,,,2025-03-07 17:44:23.518000
51245,CUST_01205,Billing,7631 Christopher Place,Weissboeuf,Sachsen-Anhalt,07201,Gibraltar,True,2024-06-25 09:54:08.326000,,,,,
50493,CUST_01213,SHIPPING,331 Rivera Circle Suite 921,West Courtney,South Australia,M5P9R9,Republik Korea,False,2023-11-05 14:48:19.303000,-62.357515,-63.798871,,,2024-11-13 09:26:51.157000
50464,CUST_01426,Billing,036 Stephen well,South Henry,Massachusetts,M8G 2R2,El Salvador,False,2024-02-07 09:35:12.010000,5.8202675,-61.734162,FLAT 1,True,
50087,  CUST_01253  ,shipping,"Flat 06
Birch summit",Alicante,Maryland,77209,Finland,False,2025-09-01 12:56:53.711000,50.745684,-107.951955,,,2025-03-12 10:05:54.226000
  50690  !,CUST_01102@,,,Dijoux,MD,    ,United States,N,,,,Suite 234,,2025-05-09 05:59:12.753000
50681,CUST_01357,Billing,Handeplatz 5/3,Valladolid,Sachsen,61018,Turkménistan,False,2025-04-01 00:03:57.627000,,,Suite 011,,2025-07-21 20:02:48.826000
50973,CUST_01040,Shipping,"7, rue Corinne Fouquet",GuilletVille,Australian Capital Territory,99184,Estados Unidos de América,True,2023-11-16 03:14:54.423000,-51.0072175,29.271007,,,
50586,CUST_01060,  Both  ,Hans-Heinrich-Gotthard-Ring 26,Sankt Goarshausen,  Málaga  ,36453,Afrique du sud,False,2025-06-21 13:19:57.869000,-22.443339,-93.421957,,,
50076,CUST_01167,Shipping,"94, boulevard Clerc",Lynneton,Colorado,84577,República Dominicana,False,2024-12-28 15:49:45.602000,63.581911,151.844433,Studio 92,False,2024-09-20 07:46:12.106000
50719,  CUST_01092  ,Billing,"30, rue de Besnard",Worbis,Toledo,28581,Russian Federation,True,2024-05-05 19:10:39.745000,,,Apt. 053,True,
51035,CUST_01046,Biling,20 Joshua Round,Rastatt#,Victoria,  93121  ,Indonesia,False,2024-01-31 12:45:41.330000,,,8/,,
50369,CUST_01433,Both,"Flat 23
Clayton creek",West James,Queensland,T2E5H2,  British Virgin Islands  ,True,2023-10-26 23:08:57.543000,67.2082585,76.569061,,True,2025-05-12 23:56:04.897000
50099,CUST_01317,Billing,"54, boulevard Colette Turpin",Williamsbury,Australian Capital Territory,M6G4J7,Timor,False,2024-09-08 18:02:42.127000,0.614222,82.326452,Suite 535,,
50131,CUST_01483,Shipping,Kochstr. 3/8,New Michael,Michigan,86655,Thailand,False,2025-02-22 05:42:58.004000,-34.918556,-52.134748,Flat 06,False,2025-03-07 23:17:53.371000
  50561  ,CUST_01310,Billing,Heuserstr. 797,Hansenton,THÜRINGEN,47288,Bahrain,True,2024-05-25 21:55:01.072000,,,12/,False,2024-12-19 02:25:59.244000
50913,CUST_01413,Shipping,730 Martinez Lees,Valladolid,Murcia,70317,Gambia,False,2024-10-01 05:34:26.478000,-40.14821,-20.814098,,False,
50332,  CUST_01225  ,Shipping,99378 Avery Grove,Stevenchester,New Mexico,53912,Französisch-Polynesien,True,2024-03-24 15:18:37.612000,-62.7512725,117.806294,,False,
50317,CUST_01470,Billing,4522 Lindsay Junction,  South Davidbury  ,Córdoba,B3Y9L2,Argentinien,True,2025-04-15 15:59:08.419000,-60.2222285,147.798636,,False,
50024,CUST_01301,Both,boulevard Geneviève Dupré,Lake Roymouth,AUSTRALIAN CAPITAL TERRITORY,N6J6T7,Sao Tome and Principe,False,2024-07-13 23:12:11.890000,,,,True,
51159,CUST_01087,Billing,34/41 Carla Chase,Singhview,Bremen,55154,  Poland  ,False,2025-07-23 23:22:24.546000,,,,,2025-06-29 19:15:25.895000
51208,CUST_01282,Billing,Ronda de Fulgencio Carbajo 79 Piso 4 ,Smithborough,Australian Capital Territory,1051,Antarktis,False,2024-09-29 00:53:15.797000,  0.8587905  ,-137.432574,,False,
50364,CUST_01360,Shipping,"17, avenue Muller",Lake Patrickborough,new south wales,L3J 6TN,  Saint Helena  ,False,2024-03-06 22:26:16.493000,72.631953,-17.274048,,True,
50094,CUST_01498,Billing,Rambla Brígida Pozo 123 Apt. 47 ,Peine,Ceuta,HS24 1BS,Soudan,FALSE,2024-03-03 19:46:37.417000,,,,False,
50613,CUST_01166,Shipping,68 Jones Causeway,North Peter,New South Wales,23780,Kiribati,False,2025-09-06 23:02:56.974000,59.6174615,76.559734,Suite 768,,
50240,,,,,,XXXXX,Canada,Yes,,,,,False,
50723,CUST_01341,Both,rue Weiss,Bremervörde,HESSEN,2883,New Zealand,False,2024-01-31 10:32:25.185000,64.76624,72.381197,Apt. 95,,
50527,CUST_01216,Billing,"441, rue de Payet",Bonnet,Queensland,W7B 5DH,Brazil,False,2023-11-09 22:25:05.147000,,,,True,
,,, , ,, , ,,,,,,, 
51068,CUST_01026,Shipping,"96, rue Guy Maillet",Eisenberg,Tasmania,  97934  ,Türkei,False,2025-06-03 23:06:55.298000,-54.8375295,-120.811572,Suite 276,True,
50565,CUST_01005,Both,Calle Brígida Carreño 24 Piso 2 ,BrunBourg,Cantabria,20727,Wallis and Futuna,True,2025-07-19 08:24:50.466000,14.3800105,60.483583,,TRUE,
50781,CUST_01064,Both,Unit 54 1 Whitney Byway,Eisleben,Guadalajara,38086,Tunisia,False,2023-09-17 17:56:19.609000,,,,False,2025-02-08 19:34:49.505000
51302,  CUST_01387  ,Shipping,"5, chemin Julie Chauveau",Cohen,Sachsen,39126,Myanmar,False,2025-07-24 08:50:11.838000,39.3265565,114.01377,,,
51142,CUST_01072,Billing,234 Tara Land Suite 985,Mariotown,Sachsen-Anhalt,5375,Aruba,False,2025-05-04 12:56:59.102000,-19.0542535,121.179254,,True,
50356,CUST_01493,Both,85672 Clark Cape,East Daniellemouth,Guipúzcoa,36004,Russian Federation,FALSE,2024-05-05 23:16:22.709000,34.619964,67.689154,,False,
50742,CUST_01227,Both,60 Lam Slope,  South Glen  ,Tasmania,51796,French Guiana,False,2023-10-13 00:23:14.757000,23.181114,163.41163,,,2025-07-11 06:27:35.485000
51102,CUST_01436,Both,Michaela-Schäfer-Ring 5,Gerolzhofen,California,2625,Haïti,False,2024-05-25 20:46:43.928000,-54.3906255,161.463739,,,2024-12-27 19:07:10.216000
  50895  ,CUST_01346,Billing,518 Glenda Cliff,Seelow,Saarland,03393,Turkmenistan,False,2023-12-02 14:31:38.156079,-73.6704645,142.989616,,True,
50438,CUST_01198,,???,,La Rioja,,GB,,,,,,,
51486,CUST_01082,shipping,44307 Dennis Ville Suite 689,Descamps-la-Forêt,Wisconsin,TF0M 8ET,Nigeria,True,2025-06-12 15:20:58.040000,68.347237,-103.371247,,,2025-02-03 19:09:40.283000
50882,CUST_01107,Billing,0 Marilyn isle,  Berlin  ,Hessen,4900,Lao People's Democratic Republic,False,2024-11-24 21:36:50.320000,-73.911993,85.715036,Studio 6,,
50769,CUST_01284,Shipping,2 Wallace track,Jaén,Maryland,73022,Albania,False,2025-07-30 07:24:55.716000,8.9302155,-140.894507,Suite 898,,2025-02-24 15:10:46.172000
50319,CUST_01161,Billing,Cuesta Néstor Madrid 521,Zamora,Northern Territory,29103,Uruguay,  False  ,2025-06-27 00:58:48.484000,48.5543805,14.226133,Suite 532,False,  2025-02-17 21:49:46.858999  
50452,CUST_01387,Shipping,Alameda de Rosaura Barrera 9 Puerta 0 ,Osterburg,Western Australia,G44 7ZH,Bangladesh,True,2023-12-30 19:14:27.087000,49.5388065,-47.282242,,True,
50902,CUST_01103,Shipping,Berit-Rogner-Gasse 73,Vincenthaven,New South Wales,66383,Sénégal,False,2024-10-06 04:09:29.903000,,,Suite 343,,2025-02-04 05:45:10.319000
51139,  CUST_01212  ,Both,88734 Stevenson Ridge Suite 686,Delorme-sur-Poirier,Albacete,2570,Marruecos,False,2023-10-17 15:14:00.788000,,,9/,False,
50441*,CUST_01374*,Billing,Klaus-Ulrich-Graf-Straße 94,Teixeira-sur-Paul,  Badajoz  ,31310,Morocco,True,2024-03-02 10:28:54.741000,,,,False,2024-10-16 03:54:47.864749
51172,CUST_01266,Both,16301 Johnston Run,Joannaborough,Hamburg,2986,Argentine,False,2024-12-12 01:51:20.979000,,,Flat 42,True,
50914,CUST_01153,Shipping,Pasadizo de Raquel Morata 72,Jenningsfurt,Western Australia,M0H 6LF,Kiribati,False,2025-06-22 21:05:54.254000,-34.4675695,76.750349,  Apt. 925  ,True,2025-07-20 05:55:26.044000
  50222  ,CUST_01185,Shipping,"92, rue de Dos Santos",Josephside,Idaho,A7N 5S8,Westsahara,False,2025-06-24 03:59:26.597000,,,Apt. 629,False,
51320,CUST_99999,,,,,XXXXX,USA,0,,,,,True,
51408,CUST_01221,Shipping,80 Riley Vista,Kirkstad,Alaska,29004,Armenia,  False  ,2023-10-06 04:22:51.013000,51.656154,108.751693,,,
50387,CUST_01404,Shipping,9240 Diane Divide Suite 940,Viersen,Victoria,27578,Falkland Islands (Malvinas),False,2024-09-24 07:20:48.717000,-28.5916035,161.254073,,False,
51122,CUST_01420,Shipping,89/98 Mcintosh Driveway,South Felicia,VICTORIA,15922,Turkmenistán,False,2023-12-02 00:22:16.658000,,,Unit 00 ,,
51383,CUST_01038,Shipping,3882 Moore Greens Suite 676,Ericksonside,western australia,X3T1C8,Cote d'Ivoire,False,2025-01-21 16:20:33.404000,,,,True,
50195,  CUST_01276  ,Both,Korinna-Riehl-Gasse 5/9,Patriciabury,Australian Capital Territory,54589,Antarctique,false,2024-05-20 17:02:04.158000,  -43.0773855  ,-115.377827,Suite 947,  TRUE  ,2025-03-17 12:45:10.781000
50878,CUST_01174,Billing&,Elzbieta-Dowerg-Ring 86,New David,Tasmania,B3L 4C2,Antarctique,  False  ,2024-12-29 13:37:08.364000,,,,,2025-02-24 22:32:26.749000
50041,  CUST_01380  ,Both,2 Pitts Cove,Harringtonview,Sachsen,58657,REINO UNIDO DE GRAN BRETAÑA E IRLANDA DEL NORTE,False,2024-12-04 01:32:02.441000,,,,,2025-04-27 18:53:49.582000
,,S,,,,,,,2024-05-31 21:05:02,999,,Studio 41,,
51125,CUST_01415,BILLING,"710, avenue Lecomte",Unknown,  Sachsen-Anhalt  ,,Finlandia,,2025-09-04 12:01:12.951000,-64.73529,140.177829,,Y,2025-09-02 14:06:49.473000
50657,CUST_01032,Both,6 MALLORY FRONTAGE,Royer,New South Wales,49701,Nauru,True,2025-03-08 12:49:06.274000,,,Apt. 696,  True  ,2024-10-26 01:58:58.675000
51401,CUST_01231,Shipping,"27, chemin Zoé Techer",Waren,South Australia,48282,Kenya,True,2024-01-11 22:48:25.811000,,,Flat 74u,False,
50064,CUST_01002,Billing,3 Sheppard Pathway,Vizcaya,Málaga,53265,Emiratos Árabes Unidos,False,2024-11-24 17:12:01.568000,-22.890273,164.230372,Flat 97D,False,
50765,CUST_01468,Shiping,56140 Rachael Highway Suite 319,South Leslie#,Palencia,B1A 8J7,Afghanistan,  True  ,2025-04-29 02:15:53.906000,,,Apt. 74,Unknown,  2025-08-19 20:25:15.989391  
51403,CUST_01351,Both,8 Bennett prairie,Fosterport,Vermont,V4K 1T5,Guinea,False,2025-02-18 05:13:01.210000,-31.3674125,-41.719325,Flat 91,  True  ,
51224,CUST_01005,Shipping,23251 Tony Corners Suite 558,East Paula,Rheinland-Pfalz,2931,Nauru,True,2024-01-02 04:10:18.540000,,,Apt. 940 ,True,
50444%,CUST_01121,  Billing  ,Urbanización de Beatriz Vaquero 22,Lindamouth,Madrid,84745,American Samoa,False,2024-05-24 14:36:27.041000,-0.4126555,176.448474,,,
50258,CUST_01235,Both,061 Lindsay Shores Suite 829,  North Patrickfort  ,New Mexico,06348,Portugal,False,2023-09-20 12:22:29.961000,-76.589504,-127.766627,,False,2025-04-20 12:09:02.028000
51397,CUST_01035,Billing,"Studio 0
Connor springs",Ericaville,Soria,2672,Togo,True,2024-07-08 05:28:30.208000,,,,,
51094,CUST_01411,Shipping,  boulevard Benard  ,Huelva,Ohio,56182,Botsuana,False,2025-08-23 16:44:57.202000,,,,,2025-02-12 18:41:12.550199
51306,CUST_01396,Billing,6 Justin Parkway,La Rioja,New South Wales,07890,Niue,False,2024-02-10 05:00:43.915000,-86.151645,112.342737,,True,
50640,,Both,,North Meganburgh,,  100-0001  ,Unknown,,2023-12-16 12:41:46,,,,,
50554,CUST_01330,Both,1 Barbara Close,Huesca,La Coruña,57798,Wallis and Futuna,False,2025-04-26 00:28:25.261653,25.9097195,-166.234323,,,
51244,CUST_01257,Both,369 Archer via,Hammelburg,Alabama,26251,Czech Republic,True,2024-07-17 15:57:22.083000,31.0429915,-54.510291,,True,
50510,CUST_01423,,???,Perleberg,Brandenburg,00000,CA,Yes,,,,Piso 7,False,2024-11-13 13:57:20.913000
51490,CUST_01270,Billing,Fröhlichweg 7/3,Wilsonchester,Utah,L2G9S5,Islas Marshall,False,2024-02-10 04:05:15.564000,-4.97835,-97.201739,Apt. 842,,
50163,CUST_01307,Shipping,Pohlstr. 637,  Hernandezside  ,Alabama,87721,Noruega,False,2024-03-03 23:43:50.928000,,,,TRUE,2024-09-27 15:39:12.206000
51213,CUST_01280,Shipping,Ebertgasse 3/9,Borken,Hamburg,61665,Switzerland,False,2024-04-18 03:23:27.989000,-60.284354,-13.691896,,,
51386,CUST_01197,Shipping@,975 Cervantes Stravenue Suite 188,West Darrellshire,Western Australia,32322,Jordan,False,2024-09-20 04:43:18.245000,-12.56549,-155.821366,  Apt. 78  ,,
  50463  ,CUST_01363,Both,Birnbaumstraße 2/6,Pößneck,New South Wales,2619,Wallis et Futuna (Îles),False,2024-05-23 23:55:43.257000,27.1787405,-52.133342,,  True  ,
50815,CUST_01171,Billing,7 Hughes Glade,Naila,Mississippi,C6H2C7,Grönland,False,2023-11-05 15:06:14.711000,1.8642275,49.923132,,True,
50512,CUST_01120,Billing,Rambla de Lázaro Palacios 80,Cynthiaville,Bayern,94505,China,True,2024-10-04 19:38:05.458000,  -51.172337  ,84.919109,,False,
50001,CUST_01052,Both,Jolanta-Höfig-Platz 21,North Jefferyhaven,Oklahoma,SA8P 7YL,Albania,False,2025-04-20 15:46:02.788000,23.444689,-30.818959,Apt. 96,,
50529,CUST_01104,both,"544, rue de Leblanc",Connieville,Western Australia,42340,Luxembourg,True,2024-01-07 04:27:47.803000,,,,True,2025-06-14 00:06:23.282000
50281,CUST_01250,Billing,4527 Jackson Hollow Apt. 132,North Diane,California,63973,Marruecos,  False  ,2024-01-31 10:51:44.869000,,,Studio 34i,,
51238,CUST_01245,Both,08/239 Tony Ride,Weber-sur-Mer,Ávila,V9R 5N5,Cape Verde,False,2023-12-24 18:10:37.083000,-20.3351985,118.135906,Suite 790,True,
50214,CUST_01263,Shipping,9082 Smith Forges,Masse-les-Bains,Arizona,2962,Estonia,False,2025-06-20 21:00:56.775000,,,Flat 04J,True,
50264,CUST_01379,Both,52 Cortez Run,Jamesberg,Vermont,08387,Bouvet Island (Bouvetoya),False,2024-08-15 02:03:17.729000,-44.043497,4.455964,,,
  50761  ,CUST_01035,Both,Avenida de Aitana Gelabert 28,Johnville,Western Australia,65776,Tunisia,True,  2025-02-28 04:10:44.576926  ,76.9934045,130.998432,,,
  51391  ,CUST_01475,Shipping,Herrmannweg 165,Étienne,Niedersachsen,L7 1HS,United States of America,False,2024-06-23 17:47:39.966000,,,,,2025-03-09 14:52:59.113000
50792,CUST_01004,Billing,289 Nolan Unions Suite 540,Oschatz,Northern Territory,20028,Nicaragua,False,  2024-10-06 00:54:05.657588  ,,,,True,2025-08-13 16:49:49.676000
51155,CUST_01300,Home,8534 Barton Place,huelva,Tasmania,17895,  Turkey  ,False,2025-04-21 07:45:16.581000,64.9775465,-17.012134,,,
50759,CUST_01416!,  Both  ,  88 Joseph End  ,West Alexander,North Carolina,94237,Liechtenstein,False,2024-08-21 09:27:47.185000,48.026447,48.161896,,True,
51371,CUST_01196,Billing,804 Burgess Valley,East Heatherfort,Kentucky,72827,Fiji,False,2024-07-16 08:50:02.631000,-19.23717,123.889936,,True,2024-09-20 03:50:09.969000
51390,CUST_01220,Both,"Studio 43v
Whitehead points",New Dianechester,BRANDENBURG,DE1 6JT,Russie,False,2024-08-21 03:39:41.479000,-84.9058785,  120.170525  ,,,
50031,CUST_01030,Billing,13518 James Streets Suite 498,Roussel,South Australia,DD4 8FL,Austria,True,2024-04-10 10:07:49.936000,,,,False,
51281,CUST_01154,Both,  Kochring 0/2  ,East Robertport,Saarland,35918,South Georgia and the South Sandwich Islands,False,2023-11-30 05:17:00.803000,,,Apt. 617,False,2024-10-18 15:00:29.590000
51265,CUST_01374,Shipping,Flat 62 96 Crystal Green,New Jessica123,Saarland,A2A 1P9,Niger,True,  2025-01-25 01:21:35.134894  ,-21.298556,-110.79844,,TRUE,2025-02-13 01:12:27.670000
50233,CUST_01466,Billing,4885 Daniel Isle,Cantabria,Rheinland-Pfalz,70272,Litauen,False,2024-10-06 06:23:18.115000,34.143364,42.239356,Suite 990,,2024-09-29 17:22:08.464000
50275,CUST_01136,SHIPPING,65650 Cooper Inlet Suite 813,    ,Valencia,,Spain,,2024-04-07 20:43:27.034131,,,,True,
50276,CUST_01060,Shipping,Vial de Petrona Boix 53 Piso 8 ,New Katelynland,Nebraska,62879,chile,False,2024-01-23 21:30:22.861000,-12.2978225,83.381151,,False,2025-07-06 18:45:05.747000
51317,CUST_01125,Both,85 Merritt Ridgeway,Deggendorf,Bremen,05043,Uganda,False,2025-03-28 03:37:06.209000,44.3851425,-140.10732,Studio 52,,
50568,CUST_01265,Shipping,Pasadizo Raimundo Arribas 81 Apt. 35 ,South Jamie,Arizona,2671,Albania,True,2025-01-03 20:13:11.550000,-1.2147875,29.334432,,,2024-12-01 16:08:37.363000
50142,CUST_01241,Billing,boulevard Laetitia Guillet,North Mohamedborough,  Victoria  ,44310,Montserrat,True,2025-05-15 12:27:25.776000,-75.3689645,-177.95153,Suite 296,True,2024-10-11 06:25:13.001000
  51131  ,  CUST_01112  ,Billing!,"8, rue Vincent Gilles",East Sydney,Cantabria,2610,Puerto Rico,False,2023-12-07 10:15:49.389000,-29.236169,-22.302624,  Suite 681  ,,2025-05-25 05:57:40.246000
  50312  ,CUST_01416,Both,"57, rue Marcel Gonzalez",South Darrylburgh,Lleida,97499,Portugal,True,  2025-08-13 13:52:03.060083  ,16.031263,-17.512443,Suite 168,,
51157,CUST_01293,Shipping,21 Allen summit,Eilenburg,North Carolina,V2J 2M5,Kiribati,False,2024-01-31 15:57:40.913000,,,Flat 9,False,
51019,CUST_01228,Billing,22234 Charles Fords,Lüdinghausen,Victoria,2969,Amerikanisch-Ozeanien,False,2024-08-21 12:39:35.812000,74.8913615,-4.229628,,False,2025-04-29 10:22:31.240000
50173,CUST_01194,Both,877 Kenneth Run Apt. 581,freising,Victoria,07810,Mauritania,False,2025-02-04 08:40:54.213000,26.833247,-141.280606,Apt. 880,  True  ,
50226,CUST_01069,Billing,Klaus-D.-Mans-Straße 4,  Port Kelly  ,Vermont,19574,Sri Lanka,  True  ,2023-11-15 02:05:45.382000,-59.6207325,  134.309849  ,,,2025-03-27 19:57:52.747000
51085,CUST_01033,Home,63 Mercer Line,SORIA,Northern Territory,27720,Western Sahara,False,2025-01-28 00:08:47.310000,,,,,
51362,CUST_01221,Shipping,Suite 121 5 Johnson Esplanade,AndreVille,Indiana,S7M1R5,Sénégal,False,2024-02-11 20:07:07.116000,-20.325692,-31.71375,,False,
51136,CUST_01315,Billing,Vial de Lisandro Comas 70,South Joseph,Queensland,20654,Mikronesien,False,2024-11-24 14:28:25.988000,-20.916989,73.746572,,True,
50578,CUST_01073,Both,03 Bradley Crossroad,Saundersbury,Western Australia,E1C 1C1,Timor-Leste,False,2024-04-25 21:02:56.599000,-35.5057045,-99.145666,Apt. 693,,2024-12-30 14:18:15.896000
51063,CUST_01168,Shipping,9 Eric Expressway,South Timothyside,Albacete,0976,Grenada,False,2023-12-17 23:45:32.259000,,,,True,2025-05-17 01:40:46.499000
50557,CUST_01343,Both,826 James Course Suite 425,Chauvin,Victoria,97007,Haití,False,2024-10-30 11:22:10.410000,,,,,
51288,CUST_01120,Shipping,  chemin Arnaude Fischer  ,Wesleymouth,South Australia,0209,Svalbard & Jan Mayen Islands,True,2025-05-02 09:57:38.069000,,,,True,2025-02-12 01:38:59.918000
50701,CUST_01391,Shipping,39 Moyer Approach,GRAVESFURT,Ciudad,8205,Afganistán,False,2024-10-08 22:25:58.158000,86.87495,-88.227142,61/,False,
50201,CUST_01139,Shipping,61117 Anthony Locks,CLÉMENT,Granada,M72 8GA,Panama,False,2025-05-30 12:06:15.267000,37.816814,110.223911,Apt. 14,True,2025-03-28 14:42:26.411000
50121,CUST_01339,Both,Acceso de Remedios Barroso 763,Matthewshire,Western Australia,23527,St. Barthélemy,False,2023-10-13 13:58:49.552000,,,Studio 4,False,2025-06-22 13:40:50.268000
50780,CUST_99999,,,,,,  United States  ,1,,,,,False,
50131,CUST_01483,Shipping,Kochstr. 3/8,New Michael,Michigan,86655,Thailand,False,2025-02-22 05:42:58.004000,-34.918556,-52.134748,Flat 06,False,2025-03-07 23:17:53.371000
51079,CUST_01487,Shipping,1308 Meyers Avenue Suite 207,Lugo,Valencia,08599,Turkey,False,2024-09-10 04:25:40.237000,-4.3585075,78.090742,Studio 27,True,
50811,CUST_01316,Billing,60107 Eric Courts,New Erica,New South Wales,33308,Suriname,False,2024-12-13 10:04:02.034000,,,,False,2025-06-14 14:11:34.708000
50724,CUST_01091,Billing,971 Dustin Causeway,Port Joycemouth,Lleida,44265,Austria,False,  2024-11-25 13:46:48.329559  ,-66.0457345,-119.489501,STUDIO 21N,True,2025-02-03 08:13:48.509000
50649,CUST_01166,  Billing  ,2 Davis Front,North Tonyaville,Kansas,99912,christmas island,False,2025-03-21 18:23:45.215000,,,,True,2024-10-23 14:47:47.834000
51417,CUST_01321,Shipping,  Ladeckweg 0  ,Richardmouth,Pontevedra,P6J9P9,  Togo  ,False,2024-09-14 22:51:17.333000,-54.001645,-98.103881,,True,2025-02-16 11:17:52.241000
51010,CUST_01332@,Shipping,506 Murphy Pass,Cantabria,Saarland,07731,Croacia,True,2025-04-20 08:16:47.442000,,,Piso 8,False,2024-10-15 20:10:56.489000
51469,CUST_01312,Shipping,"799, chemin Pineau",Bushchester,NEW SOUTH WALES,B5K 1ZL,Féroé (Îles),True,2024-05-29 06:16:13.327000,-44.0130045,19.064917,,,
51147,CUST_01078,Both,089/9 Cervantes Flat,Güstrow,Bremen,45968,Kiribati,False,2024-08-10 19:41:49.974000,-82.6190015,-51.136949,944/,  false  ,  2025-01-29 10:44:37.001517  
50373,CUST_01352,Billing,564 Jennifer Steps,Bremen,Mecklenburg-Vorpommern,97386,Norway,false,2024-06-11 10:05:42.429000,12.448527,164.725992,Flat 28 ,True,2025-04-02 11:46:16.219000
51053,CUST_01183,Billing,"Studio 8
Ellie forks",West Connormouth,Mecklenburg-Vorpommern,48218,Nepal,False,2023-09-20 01:25:40.826000,-0.8972285,-6.503246,,True,2025-08-09 10:40:06.562000
50979,CUST_01222,Both,449/054 Steele Ground,North Nicoletown,Virginia,76498,Norfolk Island,False,2024-09-30 17:35:11.968000,,,,False,2025-07-29 23:30:57.231000
51372,CUST_01145,Billing,5 Robert Concourse,Wheelerbury,Bayern,2729,Belgium,False,  2023-12-23 12:51:22.930621  ,86.6104655,-24.116373,Level 5 ,True,
50627,CUST_01064,Both,"Flat 47k
Gerald walk",Joseph-sur-Mer,Missouri,K2C 9H1,Belgium,  False  ,2025-07-21 20:05:04.955000,-49.9952405,-103.960808,,True,
50951,CUST_01170,Billing,08 Short Gate,Picard,Palencia,A4J 2Y4,Gabon,False,2025-09-01 21:08:47.352000,-84.825185,-28.453699,,True,
50656,CUST_01194,Both,831 Jackson Run,Saint Charlotte-sur-Mer,Northern Territory,60849,Uzbekistán,False,2025-05-16 23:16:09.047000,56.9855305,-148.125081,,True,
51305,CUST_01371,Shiping,11/68 Taylor Concourse,ROGERSVIEW#,Massachusetts,S0 2TN,Egypt,False,2024-02-12 17:53:50.949000,-42.6853305,169.270977,Flat 7,Y,2025-06-10 08:36:24.140539
50692,CUST_01260,Both,130 Stokes Courts Apt. 385,Hamel,Kentucky,13585,Granada,False,2024-10-09 13:17:22.820000,67.7356825,-13.171281,,True,
51382,CUST_01151,Both,"37, chemin Théodore Letellier",Lake Danny,Tasmania,  09362  ,Malta,False,2024-10-20 23:19:05.190000,58.589385,-2.231997,,True,2025-09-03 23:43:51.039000
51015,CUST_01232,Office,548 Brandy Union,ST. RENEEPORT,Sachsen,31863,Gibraltar,False,2024-01-17 02:06:17.615000,2.711409,159.404157,,,2025-01-17 13:21:30.143000
50721,CUST_01226,Billing,0 Aaron underpass,North Arthurside,Pontevedra,45958,Maldives,False,2024-09-13 13:59:49.110000,27.674037,-66.942647,Suite 083,,2025-06-06 12:47:16.857000
50283,CUST_01001,  Both  ,Via Oriana Alcalá 533,Lake Nigelborough,Huesca,71256,Croatia,False,2024-02-23 05:54:08.423000,-5.636031,70.129068,,True,2025-03-18 02:05:54.074000
50003,CUST_01301@,Shipping,419 Amanda Gardens,Lake Mark,  Iowa  ,03103,Irán,False,2024-03-23 14:26:08.279000,62.2512355,-11.058598,Studio 6,False,
50537,CUST_01293,Both,Hans-Christian-Seifert-Weg 7,Lefebvrenec,Baden-Württemberg,49119,Czech Republic,False,2024-07-18 01:06:49.292000,-30.1684255,-4.647612,,,
51385,CUST_01362,Shipping,19971 Frances Lake,CÁCERES,Salamanca,2010,Austria,True,2024-02-07 12:24:24.929000,,,Flat 34,,2024-12-28 18:19:27.223000
51144,CUST_01127,Shipping,Glorieta de Mohamed Vigil 13,Aschaffenburg,Wisconsin,NR96 1ZH,Senegal,False,2024-12-22 12:02:45.910000,9.01872,82.9194,,,2025-01-15 04:44:42.886000
51434,  CUST_01183  ,Both,"  Studio 96
Nathan unions  ",  Sheritown  ,Lugo,13061,Nepal,false,2023-12-30 21:21:21.222000,-60.811682,115.149969,Apt. 583,False,2025-02-22 17:29:59.908000
51498,CUST_01353,Billing,0228 Benjamin Trail,León,  Madrid  ,2823,Cuba,False,2025-02-01 18:46:42.511000,-28.4647275,162.926901,Suite 952,False,
50012,CUST_01234,Billing,"Flat 51
Lauren haven",Leeport,Texas,37346,Venezuela,False,2023-11-24 16:33:35.788000,  -19.0079695  ,-122.535499,,,2025-03-30 07:43:00.384000
51222,CUST_01485*,Shipping,92528 Grant Forges Suite 733,Ceuta,Australian Capital Territory,2684,EGYPT,  False  ,2025-06-27 02:23:57.733000,,,,,2024-11-24 07:14:49.601000
50848,CUST_01057,Both,592 Cynthia Plain Apt. 431,Bigot,La Rioja,60878,République centrafricaine,False,2024-05-24 09:38:40.420000,,,,True,
50005,cust_01022,Both,Paseo Maricela Lasa 51,St. Aaron,HAMBURG,14991,Haiti,False,2024-12-19 18:17:13.054000,-36.6052075,20.743469,,,
51225,CUST_01315,B,Vial Miguel Ángel Guerrero 907 Apt. 91 ,,Tasmania,,  Guernsey  ,,2025-03-05 17:05:32.844000,-6.7688005,-43.673245,,,2025-08-31 01:04:29.611000
51146,CUST_01419,Shipping,76 Lesley station,León,New South Wales,2934,Kazajstán,False,2024-08-12 04:13:06.505000,-43.544739,41.98347,,False,2025-01-29 00:29:40.195000
50414,CUST_01205,Shipping,Andre-Schaaf-Straße 9/0,Waren,Queensland,45660,Burkina Faso,True,2025-02-15 21:53:03.538950,,,Apt. 271,True,
50903,CUST_01279,Billing,Via de Olga Cabrero 3,Borken,Queensland,02920,Russian Federation,False,2023-10-17 05:53:49.651000,51.705087,-177.749822,Apt. 543,False,
51354,CUST_01039,Billing,02506 Hamilton Street Suite 067,Mariashire,Ciudad,N9B 3WP,Georgia,False,2025-05-27 16:33:48.901000,-44.662237,-124.614588,Flat 76E,True,
50249,CUST_01285,Shipping,Level 4 094 Brown Piazza,Wiedenbrück,Maine,2428,Thailand,False,2024-03-30 23:38:34.266000,75.3019525,-32.243939,Apt. 90,True,
50596,  CUST_01345  ,Billing,Urbanización Basilio Amador 4 Piso 0 ,Port Jesse,Northern Territory,  40430  ,Saudi Arabia,False,2025-01-11 15:15:37.259000,46.9683715,-24.501031,,,
51090,CUST_01253,Shipping,8330 Crawford Flats,  Maurice-la-Forêt  ,New South Wales,74227,Honduras,False,2025-01-09 10:43:04.564000,-27.5134555,39.146346,,True,
51075,CUST_01100,  B  ,avenue Descamps,,  Western Australia  ,,Bhutan,,2023-11-17 06:07:47.186000,48.5011235,47.790704,Suite 988,,2025-03-17 05:20:12.304000
50607,CUST_01401,S,Cuesta Guiomar Lobo 6 Apt. 52  Unit 84  Building 911,,Bavaria,,  FM  ,,1706542682,-91,-181,Flat 52,False,2023-03-14 20:38:02
50757,CUST_01207,Both,Herrmannring 0,Morganberg,  New South Wales  ,18843,Cape Verde,False,2025-08-29 08:15:56.394000,54.221486,83.739688,  Suite 445  ,False,
50432,CUST_01355,BOTH,196 Gonzalez Knoll Suite 172,Benardnec,Delaware,KW2 3DH,Kamerun,False,2023-12-24 23:17:49.528675,-57.1693755,-8.958758,Suite 964,,
50808,CUST_01405,Both,"8, rue Philippe",New Kimberly,Australian Capital Territory,82290,Saint-Marin (Rép. de),False,2025-05-27 06:33:05.154000,-23.929646,-111.376884,Apt. 695,True,
51290,CUST_01427,,???,Las Palmas,Georgia,99999,U.S.A.,No,,,,7/,,2025-03-15 23:26:44.064000
50533,CUST_01360,Both,Lidwina-Sorgatz-Straße 3/4,North Danielleview,Schleswig-Holstein,V6G 7C3,Colombia,False,2024-04-15 07:55:28.396000,60.8168075,55.289689,Puerta 6,True,
51308,CUST_01334,Billing,882 Taylor Extension,  Silvamouth  ,Sachsen,91720,Slovénie,False,2024-01-16 07:07:14.475000,-48.038411,105.945855,Puerta 8,False,
51113,CUST_01073,Shipping,991/30 Hill Boulevard,North David,Valencia,35127,Monaco,False,2024-10-19 09:40:31.311000,-32.8106455,-13.742575,,False,
50680,INVALID,Shipping,,Guillot,,  SW1A 1AA  ,,,2023-11-15 19:14:22,,,,,
50339,CUST_01404,Shipping,25411 Timothy Valley,Lake Marissa,Mecklenburg-Vorpommern,79139,Laos,True,2023-11-18 21:47:05.166000,65.406539,  -134.078911  ,  Suite 431  ,True,2025-08-10 01:59:21.612000
51041,CUST_01208,Shipping,boulevard Weber,West Kristinville,New York,27145,Slovenia,False,2023-11-20 10:25:52.028000,,,,False,2024-12-31 06:44:32.028137
50934,CUST_01350,Billing,2925 Bradshaw Wall Suite 519,  West Gerald  ,Baden-Württemberg,07965,Colombie,False,2025-02-23 18:54:05.764000,80.625506,-89.804267,,,2025-07-28 17:46:55.533000
51431,CUST_01140,Shipping,Hermannstraße 520,Jakeshire,Oregon,44786,  Amerikanisch-Samoa  ,False,2024-05-15 15:03:29.758000,78.4028535,-53.603174,,True,
50941,CUST_01351,Shipping,420 justin edge,Asturias,Cáceres,HS6 3WR,États-Unis,False,2024-10-30 14:16:36.265000,-45.5718385,-22.470318,Level 4 ,False,
51239,CUST_01391,Shipping,"Studio 86
Steven gardens",Ciudad,Asturias,b2k9c1,China,True,2025-01-18 01:08:01.375000,67.614675,-114.617938,,,
51191,CUST_01070,Shipping,Level 7 09 Victoria State Highway,Patelstad,New Mexico,2911,Kongo,False,2025-08-10 03:48:41.620000,,,18/,,2024-11-02 01:19:39.580000
50009,  CUST_01087  ,Both,73 Scott Retreat,Cáceres,Madrid,2676,Chad,False,2023-09-11 14:19:05.411000,-18.8100965,64.280759,Apt. 801,  True  ,2025-02-10 18:16:23.561000
50128,CUST_01074,BILLING,Albertine-Kensy-Weg 2,Lake Kimberly,Brandenburg,02923,Sri Lanka,False,2024-03-26 16:45:51.668000,-19.414992,  129.587508  ,,,
50033,CUST_01495,Billing,9909 Stacey Fords Apt. 412,New Keith,Australian Capital Territory,2619,French Guiana,False,2024-02-26 02:39:40.848000,-14.108365,63.756212,,,2025-05-18 07:44:32.453000
50311,CUST_01008,  Billing  ,"81, boulevard de Fleury",Brendahaven,Delaware,22601,Turkey,  False  ,2024-04-14 10:44:40.154000,,,,False,
51270,CUST_01453,Billing%,Pasadizo de Itziar Rozas 87 Puerta 8 ,South Christophermouth,Baden-Württemberg,M5 9UE,República Árabe Siria,False,2023-10-29 06:16:39.648000,,,Puerta 2,,
50246,CUST_01055,  Shipping  ,"Flat 38
Watts lake",Burgos,Bremen,E0 7SF,Burundi,False,2025-04-20 17:54:45.528000,32.414258,144.500621,,True,
50944,CUST_01498,Shipping,61 Bridges Highway,Paulamouth,Victoria,16324,Micronesia,False,2025-06-29 10:11:54.794000,,,,False,2024-10-03 18:51:19.666000
50881,CUST_01155,Billing,Cañada Alberto Landa 72,West Patrick,Badajoz,30702,Italie,False,2025-01-29 07:26:43.606000,,,Apt. 890,True,
51095,CUST_01183,Billing,09244 Alexandra Mission Suite 570,Soltau,Wyoming,L0B 2PA,Norway,True,2024-06-21 22:48:24.495000,-80.3017165,-32.233236,,True,2025-04-06 00:58:50.375000
50039,CUST_01135,Billing,"51, chemin Simone Guillou",Gérarddan,Huelva,T4N7J4,Malasia,  True  ,2024-04-29 10:38:44.720000,12.335957,176.315226,Apt. 449,,
50126,CUST_01147,  Billing  ,  Oswin-Junck-Platz 9/6  ,Saint Rémy-sur-Mer,Arkansas,27081,Gambie,  False  ,2025-02-11 14:00:07.241000,,,Apt. 710,True,
51334,CUST_01218,Both,"Studio 74
Hollie courts",Sylviaton,Schleswig-Holstein,77240,Eritrea,False,2025-04-02 10:45:45.903000,63.9710165,38.177644,Unit 68 ,False,
50103,CUST_01115,Both,Via Azucena Comas 93,Josephfurt,Mississippi,2909,Qatar,FALSE,2024-04-16 03:32:33.064000,,,,,2025-07-15 22:29:26.302000
50398,CUST_01468,Both,68485 West Stravenue,joneschester,Hawaii,35813,French Guiana,True,2025-08-08 05:12:32.936000,-38.9460155,33.402872,,,2025-05-17 08:09:24.610000
50287,CUST_01372,Billing,Suite 499 187 Harris State Highway,Lisaside,Wisconsin,56915,Hungary,False,2024-04-26 19:13:55.124000,28.79776,-160.682784,8/,False,2024-11-12 20:41:01.800000
51494,CUST_01423,Billing,4 Jade estate,East Katelynton,Northern Territory,42434,Ghana,False,2023-10-02 17:26:48.237000,-51.5267725,-106.944793,Suite 539,True,2025-05-11 09:34:39.899000
50368,CUST_01383,Shipping,9183 Martin Meadow Suite 488,Badajoz,Bremen,  R3M 8A1  ,Bangladesh,True,2025-01-30 16:01:17.007000,21.8952595,-25.198504,Level 6 ,True,2025-02-13 15:53:30.516000
50241,  CUST_01066  ,Shipping,  456 Beth shores  ,Shawntown,New Mexico,46565,Kyrgyz Republic,False,2024-01-12 18:56:30.515000,,,,,
51473,CUST_01477,Both,521 Rebecca Mill Suite 963,Castellón,Colorado,K9E 9A7,Dominican Republic,True,2025-04-28 09:27:42.140000,-0.2541755,132.171816,,false,
50503,CUST_01093,Billing,628 Rita mews,Jaredhaven,Berlin,97336,Cuba,True,2024-03-18 13:33:23.335000,,,,,2025-03-17 02:27:01.513000
50383,CUST_01337,Shipping,"872, chemin de Barbe",Lake Corey,Kansas,25152,French Southern Territories,False,2025-05-10 05:45:43.638000,,,,,2025-04-17 04:32:39.455000
50812,CUST_01049,  Shipping  ,"47, avenue Odette Charles",DIEPHOLZ,Australian Capital Territory,94425,Qatar,True,2025-03-03 23:47:29.405000,,,FLAT 33,True,
51381,CUST_01338,Shipping,  Genoveva-Austermühle-Gasse 2/4  ,Cochranmouth,Thüringen,2925,Camerún,False,2024-02-12 18:22:22.091000,-9.3330855,  100.610857  ,Studio 5,,
51248,CUST_01482,Shipping,  14441 Cook Ramp  ,East Rosie,Sachsen-Anhalt,52391,Singapore,False,2023-09-29 09:21:23.777000,-27.14898,  -49.109211  ,4/,,
50523,CUST_01493,Shipping,  Alameda de Manolo Sales 57  ,East Aimee,Iowa,M5M8H8,Guyana,False,2025-03-06 07:18:14.360000,,,  Piso 9  ,  False  ,  2024-10-26 05:09:23.800700  
51182,CUST_01308,Both,9714 Caldwell Overpass Apt. 418,Ashleyton,Western Australia,R8B1E4,Territoires français du sud,False,2023-11-22 15:14:02.583000,33.5118075,150.591513,,True,2024-09-20 16:07:53.576000
51231,CUST_01329,Both,0 Brandon Lookout,Badajoz,Saarland,S5T 7C8,Mongolia,false,2025-07-30 11:07:06.537000,51.426615,44.3349,Piso 8,False,
  50598  ,CUST_01470,Billing,39453 Hurst Lock Apt. 470,Harrisville,Missouri,07994,Weihnachtsinsel,False,2024-02-07 04:43:00.682000,63.063768,-19.685094,,False,2025-05-19 04:28:20.963000
