inv_id,product_ref,vendor_id,current_stock,reserved_stock,min_stock_level,last_restock_date,last_sale_date,monthly_storage_cost,created_date,available_qty,days_since_last_sale,stock_status,warehouse_location,total_stock_value,restock_lead_time_days,expiry_date
100555,PROD_0781,SUPP_017,72,21,69,2025-08-25 18:33:45.276000,2025-09-07 03:54:09.821000,0.74,2024-05-31 17:01:03.757676,,,In Stock,WH-EAST-01,,,
100938,PROD_0373,SUPP_003,8,4,85,2025-08-13 17:25:54.192000,2025-09-06 17:27:54.393000,3.25,2025-05-26 09:32:47.676000,,,,,,7,
100060,PROD_9999,  SUPP_029  ,  Many  ,0,,2025-08-25 20:31:37.947000,,3.14,,,,,WH-CENTRAL-01,,,
100693,PROD_0244,SUPP_022,  240  ,24,184,  2025-09-07 00:59:48.813709  ,2025-09-10 22:48:54.971000,2.49,2024-03-03 12:12:48.262000,,,In Stock,STORE-002,,30,
100407,PROD_1172,SUPP_073,33,3,5,2025-08-03 16:07:42.986000,2025-08-29 06:07:35.270000,4.93,2024-11-03 15:21:05.408000,,13,,,,,
100592,PROD_0311,SUPP_011,29,0,77,2025-08-29 08:38:47.645000,2025-09-10 15:14:40.984000,4.37,2025-07-18 12:25:48.260000,,  1  ,,WH-SOUTH-01,,3,
101068,PROD_0409,,1000000,,-12,,2025-10-03 11:30:42.813000,,2025-09-15 19:33:41.575000,,,,WH-WEST-01,166800000,,
101232,PROD_0361,SUPP_039,90,45,77,2025-09-04 07:15:55.434000,2025-09-08 06:05:10.887000,4.5,2024-01-21 00:55:10.916000,45,3,,DC-01,,,
101055,PROD_0281,SUPP_072,17,8,198,2025-09-06 06:17:37.904000,2025-09-11 04:52:15.676000,3.82,2025-06-03 14:45:03.803000,,,Low Stock,DC-02,,14,
100636,PROD_0098,SUPP_011,78,39,194,2025-09-10 21:48:30.350000,2025-09-11 05:00:43.929000,2.46,2024-09-02 00:09:07.710000,,0,,,10647.78,,
  100072  ,PROD_0617,SUPP_040,34,0,81,2025-08-26 10:58:34.052000,2025-09-09 10:28:36.013000,1.2,2025-08-06 06:26:31.226000,34,2,,,,30,2026-12-02 00:00:00
101176,PROD_1051,SUPP_004,192,57,9,2025-08-20 10:55:56.954000,  2025-08-27 13:16:07.710819  ,2.89,2025-08-05 18:28:32.971000,135,15,,,6687.36,,
100185,  PROD_1045  ,SUPP_072,  48  ,  0  ,30,2025-08-30 21:24:09.550000,2025-09-10 19:34:14.236807,  0.78  ,2024-05-26 03:41:44.695000,48,0,,,1463.52,,
101357,PROD_1143,SUPP_066,135,13,6,2025-07-08 12:47:24.929000,2025-08-23 18:47:46.361000,0.66,2023-12-06 11:27:47.925000,122,,,,,3,
101442,PROD_1268,SUPP_015,151,0,6,2025-09-03 14:02:48.083000,2025-08-15 18:29:31.006000,2.96,2025-02-24 04:05:31.807000,151,26,,STORE-001,,,
100957,PROD_0127,SUPP_071*,41,4,192,2025-09-06 01:58:01.247000,2025-09-10 20:25:08.476000,2.35,2025-06-29 05:09:33.884000,37,0,Low Stock,,6430.03,,
100954*,PROD_0084,SUPP_020,6,3,124,2025-09-09 07:21:43.425000,2025-09-11 12:23:59.190000,3.79,2024-05-03 09:01:17.108000,,,,,732.42,,2026-09-14 00:00:00
100206,PROD_0924,SUPP_043,251,125,16,2025-08-30 13:05:48.699000,2025-08-17 07:00:46.584000,0.2,2024-08-19 19:42:10.675000,,,In Stock,WH-SOUTH-01,43262.36,,
100525,PROD_0793,,19,,31,,2025-09-05 05:20:50.142000,,2023-12-20 08:57:04.180565,,6,,,,,
100183,PROD_0468,SUPP_018,19,1,60,2025-08-15 13:26:57.424000,2025-09-09 23:24:52.409000,2.09,2025-04-27 06:21:11.057000,,1,,WH-NORTH-01,,7,
100254,PROD_1255,SUPP_018,91,  27  ,9,2025-07-06 05:29:05.214000,2025-08-13 12:58:52.380000,3.71,2024-09-10 19:48:10.012000,,,,DC-01,4567.29,,
100789,PROD_1328,SUPP_028,54,0,24,2025-07-02 08:55:09.568000,2025-08-30 04:39:56.576000,2.47,2025-06-03 09:16:35.227000,54,,  In Stock  ,STORE-002,,,
100053,PROD_0632,SUPP_075,40,4,90,2025-09-10 23:29:10.563000,2025-09-11 05:51:06.959890,3.84,2025-06-04 20:39:20.399000,36,,,,7850,7,
101358,PROD_0987,SUPP_005,34,0,10,2025-07-27 19:02:07.597000,  2025-08-13 10:54:10.365328  ,3.04,2024-03-30 05:36:55.943000,34,  29  ,,WH-CENTRAL-01,5692.28,14,
100740,PROD_0523,SUPP_030,48,14,53,2025-08-14 19:54:53.104000,2025-09-07 21:49:12.564000,1.88,2024-10-11 21:58:45.095000,,,,STORE-002,1835.04,7,
100654,PROD_0574,SUPP_045,20,2,35,2025-08-14 10:34:48.914784,2025-09-11 05:17:40.867000,  3.32  ,2024-11-23 02:27:07.233000,18,0,Low Stock,,,  30  ,
100518,PROD_1212,SUPP_045,119,35,27,2025-08-23 11:32:03.021000,2025-09-08 02:24:25.115000,1.61,2024-06-18 02:08:16.500000,,,,STORE-001,,,
 ,,,,,, ,, ,,,,,,,,
100215,  PROD_0782  ,SUPP_012,215,21,62,2025-08-21 06:54:33.956000,2025-09-07 02:19:42.359000,1.92,2025-07-12 22:45:44.722000,194,4,,STORE-001,,1,2027-08-18 00:00:00
100445,PROD_0146,SUPP_003,27,13,178,2025-09-05 22:22:24.195000,2025-09-11 12:19:05.680000,0.26,2025-02-28 16:16:58.461000,,,,,770.31,,
100762,PROD_1033,SUPP_016,324,97,16,2025-08-03 23:30:13.949000,2025-09-03 18:59:42.352000,  3.77  ,2025-04-13 11:37:09.667000,,,,,52151.04,,
100331,PROD_0880,SUPP_062,60,18,32,2025-08-28 22:57:02.425000,2025-09-05 17:51:58.996000,4.13,2024-03-01 08:00:39.356000,,,In Stock,  WH-CENTRAL-01  ,,,
101054,PROD_0338,SUPP_038,98,0,98,2025-09-05 22:31:46.448000,2025-09-11 07:29:15.458000,1.94,  2023-12-26 16:12:52.751195  ,98,,,WH-SOUTH-01,,,
 ,,,,,, ,,,    ,, ,,,,,
100037,PROD_1365,SUPP_035,10,1,0,2023-10-18 21:52:11.948000,2025-03-14 04:24:15.268000,4.15,2023-10-23 19:59:20.763000,9,181,,DC-01,219,,
100210,  PROD_0144  ,SUPP_999,Many,,,09/11/2025,,,,,,,STORE-002,,14,
101351,PROD_1321,SUPP_010,900,0,17,2025-08-15 09:35:15.169810,2025-09-08 16:19:14.281000,1.11,2024-02-18 15:04:03.183000,,3,In Stock,WH-WEST-01,,7,2027-03-02
,,,-75,,Auto,,2024-10-24 13:41:55.627000,,2023-12-06 17:05:44,,,Out of Stock,,,,
100585,PROD_1445,,31,-18,0,2025-10-10 07:46:14.814000,2025-07-09 23:00:01.493000,  -2.47  ,2025-05-21 00:58:18.084000,49,  63  ,,,2218.98,,2026-10-25 00:00:00
100049,PROD_0959,SUPP_012,21,6,21,2025-06-28 07:20:26.448000,2025-08-29 07:32:00.652000,4.14,2024-10-26 00:21:12.705000,  15  ,,,,,,
101449,PROD_1040,SUPP_008,116,11,  19  ,2025-06-26 12:41:14.166000,2025-08-13 11:36:15.255000,1.51,2024-06-19 19:09:15.696000,105,,In Stock,WH-CENTRAL-01,3416.2,90,
101291,PROD_1055,SUPP_033,31,0,15,2025-08-24 21:27:34.254000,2025-08-31 00:07:44.808000,4.2,2024-09-27 04:59:56.894000,31,,In Stock,,,,
100898,PROD_0849,SUPP_043,7,7,38,2025-09-01 13:52:03.578000,  2025-09-09 05:38:19.451144  ,3.75,  2025-03-27 06:50:18.900889  ,,,,WH-EAST-01,,,
100844,PROD_0844,SUPP_071%,76,0,98,2025-08-21 08:39:07.642000,2025-09-10 04:09:06.637000,4.2,2024-03-29 10:50:46.639000,,,Low Stock,,,,
101280,DISCONTINUED,SUPP_057,-35,0,High,2025-08-13 02:57:00.733000,2025-07-18 02:57:00.733000,3.16,2024-08-12 09:50:34,-35,,,WH-WEST-01,,,2025-08-31 00:00:00
100147,PROD_0908,SUPP_014,73,21,30,2025-06-20 09:51:55.137000,2025-09-11 09:25:58.194000,1.69,2024-12-22 00:22:12.901000,,,In Stock,,,90,
100272,PROD_0269,SUPP_016,983,  983  ,173,2025-09-09 14:00:38.488000,2025-09-11 04:52:26.915000,1.92,2024-08-16 13:10:50.120000,0,,,,  115040.49  ,7,
100032,PROD_1144,SUPP_029,107,0,15,2025-08-01 00:42:03.022000,2025-08-25 10:04:42.210000,3.38,  2024-08-15 05:22:36.641438  ,107,,In Stock,WH-CENTRAL-01,20997.68,,
100622,PROD_0179,SUPP_007,38,0,120,2025-09-10 01:19:29.969000,2025-09-11 11:08:41.208000,2.69,2024-05-30 13:49:50.691000,,,,DC-02,,,2026-04-11 00:00:00
  100327  ,PROD_0079,SUPP_023,137,13,59,2025-09-08 11:41:18.446000,2025-09-11 00:15:50.040000,3.26,2024-01-03 14:19:01.444000,124,,In Stock,STORE-001,,,
100022,PROD_0827,SUPP_043,29,8,71,2025-09-08 02:29:25.881000,2025-09-05 08:42:48.208000,3.43,2025-04-30 08:55:53.756000,21,6,,DC-01,,3,
100588,PROD_0217,SUPP_073,13,6,83,2025-09-09 16:16:32.693000,2025-09-11 15:50:55.183000,2.26,2023-12-23 21:05:28.851000,7,,,DROPSHIP,,,2025-11-28 00:00:00
100737,PROD_1000,SUPP_057,28,0,23,2025-08-18 18:00:41.356000,2025-09-02 10:35:00.949000,3.79,2025-02-22 10:37:18.967000,,,In Stock,,,3,
100345,PROD_0383,SUPP_068,9,4,31,2025-08-29 15:20:29.094000,2025-09-09 22:51:14.439000,1.3,2024-03-20 18:34:12.484000,5,,Low Stock,  WH-WEST-01  ,,7,
100262,prod_0568,SUPP_011,97,0,20,2025-09-11 18:01:55.354000,2025-09-08 10:38:25.732000,2.93,2025-05-05 17:11:41.137000,,,,,13493.67,,
100225,PROD_0842,,238,,31,,2025-09-10 20:59:16.561000,,2024-12-23 15:38:48.148000,,,,,,TBD,2026-10-21 00:00:00
101202,PROD_1112,SUPP_056,168,0,12,2025-09-09 19:00:36.472000,2025-09-10 11:55:19.570000,0.97,2024-02-03 02:21:12.520000,168,  1  ,In Stock,WH-NORTH-01,,3,
101192,PROD_1203,SUPP_041,199,0,26,2025-07-04 20:19:14.771000,2025-09-10 18:46:37.544000,3.63,2024-04-04 08:53:21.540000,,,In Stock,,  29040.07  ,,
101483,PROD_0187,SUPP_062,10,5,147,2025-09-08 02:27:06.195000,2025-09-11 01:17:11.315000,0.39,2025-01-22 17:51:24.184000,,0,,,1773.3,14,
100219,PROD_0899,SUPP_065,19,0,57,2025-08-18 12:34:02.566000,  2025-09-05 20:21:15.840597  ,2.33,2025-05-21 02:55:00.465000,,,low stock,STORE-002,3783.28,,
100461,PROD_0526,SUPP_003,226,113,94,2025-08-30 04:28:42.466000,  2025-09-09 05:22:33.043284  ,2.28,2023-11-05 22:41:44.677000,,,In Stock,DROPSHIP,,,
  100320  ,,SUPP_037,-20,0,Medium,2025-09-03 11:05:06.967000,2025-08-30 11:05:06.967000,4.5,2024-03-16 03:49:31,-20,,Out of Stock,WH-EAST-01,,,
101315,PROD_1072,SUPP_054,152,0,10,2025-08-16 03:03:56.001000,2025-08-27 08:34:58.505000,2.81,2024-08-06 11:34:19.791000,152,,In Stock,,,,
101161,PROD_1221,SUPP_070,443,221,25,2025-06-13 22:49:43.821000,2025-08-14 18:58:12.284000,3.46,2024-07-13 07:31:50.810000,,,,WH-SOUTH-01,56633.12,,
101209,PROD_0364,SUPP_053,14,1,99,2025-09-05 14:50:31.845000,2025-09-07 03:22:45.044013,2.04,  2024-08-08 23:27:34.090849  ,,,,,1318.38,,
100019,PROD_0271,SUPP_034,39,  0  ,69,2025-09-11 10:33:52.873000,  2025-09-11 17:38:56.131742  ,4.73,2024-09-17 03:14:06.155000,39,,,WH-CENTRAL-01,4625.01,,2027-06-08 00:00:00
100471,PROD_1061,SUPP_005,921,0,11,2025-09-04 07:58:09.650000,2025-08-13 10:01:11.074000,  4.92  ,2024-02-03 17:40:03.338000,921,,,WH-WEST-01,,,
101370,PROD_0177,SUPP_020,0,0,67,2025-09-05 06:48:57.722052,2025-09-11 00:34:47.272000,1.52,2024-06-30 12:27:09.199000,0,0,,,,,
100727,PROD_1354,SUPP_042,4,1,0,2023-10-23 05:14:07.307000,2024-10-07 14:18:04.117000,3.09,  2024-01-22 22:35:35.471694  ,3,,In Stock,DC-02,,,
100375,PROD_1498,,2,,0,,2024-12-21 07:33:55.255000,,2024-08-31 00:06:52.473000,,,,,,TBD,2026-06-02 00:00:00
101062,PROD_0543,SUPP_065,93,46,61,  2025-09-09 05:45:53.956820  ,2025-09-10 22:04:26.791000,1.77,2025-04-10 20:44:14.593000,,,In Stock,,2471.94,,
100603,PROD_0918,SUPP_011,226,0,19,2025-07-16 01:04:39.633000,2025-08-15 20:06:33.176000,3.21,2025-03-07 14:25:38.418000,,,,WH-CENTRAL-01,14215.4,14,
100797,PROD_1416,SUPP_048,0,0,0,2025-07-19 06:59:41.051000,2024-12-01 19:24:33.466000,4.93,2025-03-18 19:46:44.578000,,283,,,,,
100731,PROD_0699,SUPP_028,97,9,33,2025-09-04 02:31:31.108000,2025-09-06 12:52:48.545000,3.35,2024-02-04 10:43:51.371000,88,,,DC-01,,3,2027-06-03 00:00:00
101066,PROD_1275,SUPP_040,159,15,22,2025-06-14 00:58:02.451000,2025-08-31 14:41:48.940000,4.47,2024-11-05 21:36:59.990000,144,,In Stock,WH-SOUTH-01,6757.5,,
100059,PROD_0760,  SUPP_074  ,112,33,55,2025-08-18 02:53:32.780000,2025-09-05 00:45:02.953000,0.14,2024-05-21 19:13:26.844000,  79  ,6,In Stock,WH-EAST-01,18748.8,,
  100228  ,PROD_1251,SUPP_013,114,34,17,2025-09-05 12:08:34.705334,2025-08-14 08:40:06.852000,0.83,2024-03-02 12:21:05.863000,,28,In Stock,DROPSHIP,4058.4,1,
101160,,SUPP_030,-90,  0  ,Medium,2025-09-08 10:26:41.279000,2025-09-03 10:26:41.279000,2.25,2024-01-24 00:25:26,-90,,,,,,
100530,PROD_0830,SUPP_059,252,25,78,2025-08-14 06:04:20.503000,2025-09-10 18:19:05.846000,  0.82  ,2025-01-19 07:49:52.939000,227,,,,41935.32,,
100664,PROD_1496,SUPP_046,9,0,0,2024-03-18 14:29:27.345000,2025-05-28 12:45:23.994000,0.48,2024-11-07 11:47:48.543000,,,In Stock,STORE-002,,,
101452,PROD_0068,SUPP_018,107,10,68,2025-09-11 00:46:55.710000,2025-09-10 22:35:50.056000,4.51,2024-11-23 06:54:15.661000,,,,,,,
100637,PROD_1281,SUPP_064,892,0,25,2025-06-29 13:59:13.771000,2025-09-07 00:24:52.444000,1.62,2025-06-24 08:35:43.710000,892,,,WH-EAST-01,39372.88,7,
100379,PROD_0629,SUPP_067,73,21,61,2025-09-10 16:49:02.423000,2025-09-06 19:17:12.842000,2.48,2025-08-19 05:09:41.398000,52,,,STORE-002,,3,
100563,PROD_0104,SUPP_025,726,0,180,2025-09-10 05:01:14.553000,2025-09-11 02:54:49.447000,1.98,2024-04-15 00:45:32.755000,726,,,DC-02,,,
100370,PROD_0428,SUPP_022,19,9,82,2025-08-26 02:32:00.362000,2025-09-05 11:29:54.559000,4.32,2024-01-27 04:03:59.083000,,,,,,3,
100212,PROD_1206,SUPP_048,506,50,15,2025-07-29 04:08:58.036000,2025-08-13 22:30:21.391000,4.94,2025-09-05 04:17:41.593000,,,,WH-SOUTH-01,90579.06,30,
100172,PROD_1468,SUPP_010,12,6,0,2025-04-11 08:21:23.592000,2025-04-14 14:16:39.210449,0.75,2024-01-17 13:36:15.754000,,,,DROPSHIP,,1,
100236,PROD_0761,SUPP_015,92,46,73,2025-08-28 11:13:56.973502,2025-09-05 05:41:37.454000,3.4,2024-06-23 12:03:03.717000,,,,STORE-002,14961.04,,
100768,PROD_1075,SUPP_047,75,37,23,2025-08-23 12:52:44.889000,2025-08-16 17:29:59.006000,1.06,2024-08-24 21:15:32.406000,,,,,3673.5,,  2026-10-16  
100088,PROD_0513,SUPP_057,486,48,88,2025-09-04 18:29:24.871000,2025-09-09 00:06:48.900000,1.27,2025-04-02 10:40:39.430000,438,,,STORE-001,,,
101227,PROD_0750,SUPP_029,16,4,33,2025-09-08 02:45:46.272000,2025-09-05 14:13:49.760000,1.85,2025-04-14 22:34:33.019000,,6,,WH-NORTH-01,1629.28,,
100779*,PROD_0251,SUPP_060,94,28,124,2025-09-06 13:14:24.997000,2025-09-11 01:08:23.770000,1.2,2023-10-21 01:28:07.355000,66,,Low Stock,,11450.14,,
101126,PROD_0106,  SUPP_036  ,84,8,82,2025-09-09 14:21:38.878000,2025-09-11 10:19:58.677000,3.51,2024-01-16 20:51:36.211000,,0,In Stock,,,,
100982,  PROD_0701  ,SUPP_040,421,210,41,2025-08-25 04:46:25.324000,2025-09-09 17:38:42.390000,2.44,2024-02-04 20:05:29.526000,,,in stock,,  37755.28  ,,
100162,PROD_0094,  SUPP_057  ,  159  ,47,113,2025-09-05 17:48:22.137000,2025-09-11 01:37:42.100000,1.56,2023-12-06 02:34:19.709000,,0,,STORE-001,3491.64,3,
100229!,PROD_0569,SUPP_043,9,2,71,2025-08-24 00:15:38.649000,2025-09-06 23:51:45.613000,4.1,2025-05-17 06:50:22.131000,,,,,,,2027-04-11 00:00:00
100395,PROD_0553,SUPP_024,12,3,55,2025-08-24 15:08:34.524000,2025-09-07 21:51:07.967000,4.75,2024-06-22 07:41:09.136000,,3,,,,,
101251,PROD_0685,SUPP_013,48,48,50,2025-08-27 00:09:48.681000,2025-09-08 18:00:07.679000,4.22,2024-12-22 01:30:10.251000,0,3,Low Stock,WH-EAST-01,3137.76,,
101167,PROD_0599,SUPP_053,253,75,57,2025-09-10 11:34:27.955000,2025-09-10 00:25:02.825297,3.75,2023-12-09 03:33:01.888000,,1,In Stock,,,,2027-08-14 00:00:00
100796,  PROD_0905  ,  SUPP_033  ,74,0,16,2025-07-27 23:50:45.963000,2025-08-17 16:14:59.285000,4.93,2023-10-05 19:50:12.005168,,,In Stock,DC-01,,,
100166,PROD_0481,SUPP_064,62,18,92,2025-08-29 02:20:20.513000,2025-09-05 04:29:45.694000,4.28,  2024-01-28 22:26:10.373314  ,,,Low Stock,WH-EAST-01,10425.92,,
101114,  PROD_0463  ,SUPP_062,55,16,47,2025-09-02 15:28:01.089000,2025-09-10 18:38:15.476000,3.34,2024-08-28 17:31:09.537000,,0,,WH-SOUTH-01,10855.9,,
101276,PROD_0257,SUPP_017,27,2,159,  2025-09-09 12:33:24.521132  ,2025-09-10 23:37:02.062000,2.23,2025-04-16 10:05:43.984000,25,0,,,3981.15,,
100473,PROD_1330,SUPP_001,64,64,13,2025-06-18 07:42:03.762000,2025-09-06 09:56:13.561000,0.7,2024-09-08 16:39:12.100000,,,,  STORE-001  ,11349.76,,
100961,PROD_0839,SUPP_033,121,0,100,2025-08-21 12:12:56.538000,2025-09-04 22:01:32.747000,2.01,2025-05-14 04:42:09.837000,121,,,,21044.32,,
100068,PROD_0135,SUPP_061,8,0,61,2025-09-10 09:49:34.239000,2025-09-10 18:54:35.354000,3.66,2025-08-31 00:41:51.624000,,0,Low Stock,STORE-002,  88.56  ,,
100457,PROD_1065,supp_016,39,11,6,  2025-08-09 23:57:28.744053  ,2025-09-10 07:02:11.759000,2.66,2025-03-19 15:59:06.861000,,,,,,,
100949,PROD_0593,SUPP_003,72,7,31,2025-08-24 07:26:12.062000,2025-09-08 11:31:05.614000,4.39,2024-07-19 09:31:02.922000,  65  ,3,In Stock,,3585.6,,
101154,PROD_0398,SUPP_044,7,0,81,2025-09-03 17:09:35.361537,2025-09-10 12:43:26.395000,4.34,2024-09-15 17:59:56.661000,7,,,,,3,
100048,  PROD_0588  ,SUPP_024,426,426,80,2025-09-06 15:27:15.248000,2025-09-04 18:55:09.433000,  1.81  ,2024-12-20 16:22:10.299000,0,,,,29526.06,30,
100543,PROD_0595,SUPP_073,98,0,75,2025-09-01 09:30:59.598000,2025-09-07 06:00:40.398000,1.96,2024-07-15 10:19:36.659000,,,,  WH-NORTH-01  ,,,
100762,PROD_1033,SUPP_016,324,97,16,2025-08-03 23:30:13.949000,2025-09-03 18:59:42.352000,3.77,2025-04-13 11:37:09.667000,,,,,52151.04,,
100117,PROD_1054,SUPP_045,36,10,17,2025-07-23 06:53:42.217000,2025-09-02 10:10:18.353000,4.49,2025-07-31 21:21:03.525000,,,In Stock,,1208.16,,2026-07-28 00:00:00
100113,PROD_1241,SUPP_039,55,0,18,2025-06-27 20:26:02.618000,2025-08-26 06:41:10.602000,2.96,2024-04-12 01:01:17.983000,55,,In Stock,WH-EAST-01,,,
100548,PROD_1460,SUPP_064,1,  0  ,0,2024-04-28 05:23:50.413000,2024-09-13 05:52:50.872000,0.77,2024-02-12 05:35:41.241000,1,,In Stock,STORE-002,,14,
100939,PROD_1032,SUPP_003,196,0,30,2025-07-21 09:41:13.497000,2025-08-19 08:37:05.439000,1.3,2024-11-26 05:27:35.702000,196,23,In Stock,STORE-002,,,2026-11-07 00:00:00
100571,PROD_0718,SUPP_021,10,0,54,2025-09-08 02:49:33.593000,2025-09-07 08:55:26.878000,3.17,2024-01-23 20:46:57.038000,10,,,,,3,2026-06-30 00:00:00
100482,  PROD_0660  ,SUPP_030,100,30,62,2025-09-04 16:26:21.884000,2025-09-08 19:02:23.587000,4.06,2024-05-28 11:04:05.369098,,,,,631,,
100302,PROD_0032,SUPP_049,30,9,133,2025-09-10 01:19:00.009000,2025-09-11 02:01:53.889000,2.56,2025-07-06 12:19:06.823000,,,,,2448.3,,
100477,PROD_0164,SUPP_038,75,0,52,2025-09-07 10:40:12.639000,2025-09-10 23:06:38.154000,2.32,2024-12-16 00:53:12.458000,75,0,In Stock,DC-02,5342.25,,
100119,PROD_1411,SUPP_030,0,0,0,2025-09-11 10:43:38.898000,2025-04-09 23:46:39.239448,3.62,2024-08-20 23:23:53.534000,0,,Out of Stock,,,,2027-07-11 00:00:00
101108,PROD_0762,SUPP_041,0,0,73,2025-08-22 04:21:53.954000,2025-09-10 01:33:32.859160,3.82,2024-12-10 23:08:52.846000,,,Out of Stock,WH-EAST-01,,,2026-05-18 00:00:00
101076,  PROD_0062  ,SUPP_050,134,67,118,2025-09-07 16:36:11.583000,2025-09-11 13:20:33.849000,3.16,2024-04-11 06:19:38.351000,67,0,IN STOCK,,978.2,14,
100205,PROD_0237,SUPP_014,749,  374  ,117,2025-09-06 00:05:02.979000,2025-09-11 05:27:30.545000,1.98,2025-01-21 20:06:31.712000,,,In Stock,DROPSHIP,,,
100846,PROD_0903,SUPP_070,627,62,9,2025-08-02 04:57:12.349000,2025-08-17 00:14:40.300000,2.79,2024-11-04 15:21:00.726000,,25,In Stock,,,,
101349,PROD_0996,SUPP_054,897,269,27,2025-08-29 05:54:45.388000,2025-08-26 11:44:49.240000,3.13,2024-11-06 21:15:00.974000,628,  16  ,In Stock,STORE-001,,,
100546,PROD_0014,SUPP_066,87,0,144,2025-09-05 03:24:21.680000,2025-09-10 21:37:13.358000,3.57,2024-05-19 14:19:39.188000,87,0,Low Stock,,3541.77,,
100920,,SUPP_062,  -98  ,0,Low,2025-08-22 19:53:10.662000,2025-08-17 19:53:10.662000,4.66,2024-03-30 08:34:13,-98,,Out of Stock,  WH-CENTRAL-01  ,,,
100423,PROD_1273,SUPP_064,108,  54  ,30,2025-09-01 03:45:46.013000,2025-08-17 12:47:14.584000,1.4,2023-11-19 11:11:43.500000,,25,,DC-02,13178.16,,
101029,PROD_1277,SUPP_032,105,0,17,2025-08-28 02:06:04.966000,2025-09-06 01:12:07.484000,1.75,2025-03-24 05:49:04.378000,,5,,WH-CENTRAL-01,17136,3,
100822,PROD_1471,SUPP_047,0,0,0,2024-07-20 05:39:35.008000,2024-12-15 08:40:05.571000,2.29,2025-07-20 12:22:11.694000,,,,,,,
  100960  ,PROD_9999,SUPP_053,Few,0,,2025-08-26 01:54:10.255000,,0.88,,,,,,,,
100053,PROD_0353,,Unknown,,,,,,,,,,,,Variable,
101027,PROD_0633,SUPP_001,19,5,83,2025-08-27 00:58:46.455000,2025-09-08 07:26:48.117000,0.56,2024-03-22 16:26:52.516000,,,,WH-CENTRAL-01,2806.11,60,2026-12-05 00:00:00
100716,PROD_0276,SUPP_052,29,0,175,2025-09-06 21:19:25.899000,2025-09-11 06:52:59.523000,3.38,2024-05-20 11:37:44.096000,,,,WH-EAST-01,4487.17,14,
100401,PROD_1102,SUPP_046,154,0,19,2025-08-15 04:08:47.548000,2025-08-25 07:27:20.763000,0.63,2024-11-05 04:01:38.219000,,,,,4812.5,,
100341,PROD_1333,SUPP_052,126,12,6,2025-09-08 08:24:40.076000,2025-09-04 04:04:35.958000,0.1,2025-07-11 06:20:58.180000,,,,DC-01,,,
100847,PROD_1237,SUPP_004,4,0,12,2025-06-20 04:12:29.567000,2025-08-28 23:32:20.848000,4.75,2023-12-16 07:11:54.887000,4,  13  ,Low Stock,WH-CENTRAL-01,,,
  101463  ,PROD_0111,SUPP_014,116,  34  ,  54  ,  2025-09-10 14:38:45.612852  ,2025-09-11 00:08:36.776000,0.57,2023-10-23 02:12:49.139000,82,0,,DC-02,,,
100357,PROD_0189,SUPP_070,149,14,195,2025-09-07 09:41:17.155000,2025-09-10 19:40:13.331000,2.72,2025-02-06 16:44:50.696000,135,,Low Stock,DC-01,,,
101324,PROD_1349,SUPP_066,153,76,9,2025-07-24 21:16:09.161000,2025-09-03 12:28:55.725000,3.54,2023-10-01 01:01:13.927000,,,,DC-02,  7584.21  ,,2027-06-07 00:00:00
100674,PROD_0345,SUPP_019,47,14,98,2025-08-23 13:20:11.076000,  2025-09-11 14:13:55.640892  ,1.64,2025-09-09 10:31:23.896000,,,,,,,2026-05-27 00:00:00
100566,PROD_0661,SUPP_038,421,210,48,2025-09-05 03:34:56.968939,2025-09-09 19:52:56.275500,3.68,2025-07-04 04:57:41.316000,,,In Stock,,,7,
100462,PROD_0074,SUPP_068,  6  ,0,93,2025-09-07 19:24:02.645000,2025-09-11 00:00:22.078000,1.5,2025-05-25 20:36:51.345000,6,0,Low Stock,,,,2027-02-04 00:00:00
100299,PROD_0016,  SUPP_039  ,131,65,120,2025-09-05 11:09:24.726000,2025-09-11 11:32:24.736000,4.6,2025-01-21 21:08:04.372000,66,,,DROPSHIP,,,
101464,PROD_0124,SUPP_005,84,0,146,2025-09-05 14:01:09.217000,2025-09-11 03:22:57.612000,0.79,2025-02-01 18:53:23.078000,84,  0  ,,,12827.64,,
100763,PROD_0012,SUPP_049,36,3,66,2025-09-08 04:21:14.566000,2025-09-11 08:36:32.976000,2.23,2023-10-09 13:59:04.189000,,0,  Low Stock  ,WH-SOUTH-01,4745.88,,2025-11-08 00:00:00
  100522  ,PROD_0491,SUPP_031#,72,72,62,2025-09-10 22:31:16.298000,2025-09-05 16:54:01.363000,4.05,2025-03-30 16:44:30.547000,0,6,Fully Reserved,,,,
101037,PROD_0320,SUPP_063,6,0,32,2025-08-21 09:13:10.609000,2025-09-06 20:16:24.298703,4.08,2025-04-22 00:43:03.145000,,4,,STORE-001,,,
101069,PROD_0500,SUPP_013,358,0,  86  ,2025-08-18 05:17:01.945866,2025-09-11 09:02:34.127000,3.23,2023-09-27 10:18:47.969000,358,,,WH-EAST-01,2838.94,,
,,,,,,,,,,,,,,,,
101186,PROD_1266,SUPP_029,39,39,24,2025-07-14 12:14:38.362000,2025-09-10 12:47:54.025000,1.33,2023-09-23 21:06:35.143000,0,,,,7019.61,,2026-12-27 00:00:00
100708,PROD_1320%,SUPP_037,122,12,11,2025-07-02 17:09:28.918000,2025-08-15 20:29:25.142000,  1.44  ,2025-07-27 14:13:13.538000,110,,,,,,
100154,PROD_0577,SUPP_029,87,26,77,2025-08-13 18:20:45.865000,2025-09-09 21:21:36.188000,1.93,2025-07-07 17:57:42.463237,61,1,,DROPSHIP,,,2027-03-10 00:00:00
100805#,PROD_0007,SUPP_999,96,All,152,2025-09-11 18:13:57,2025-09-10 22:38:17.248000,Included,2024-06-25 09:51:38.099000,,,,,16990.08,14,
100377,PROD_0786,SUPP_058,445,222,28,2025-08-21 21:40:38.524987,2025-09-07 02:08:09.972000,1.02,2025-04-21 15:29:10.268000,,4,,WH-WEST-01,27247.35,,
100179,PROD_0709,SUPP_042,0,0,45,2025-08-26 08:59:55.362000,2025-09-05 10:59:08.134000,1.53,2025-05-27 05:33:23.547000,,6,Out of Stock,DROPSHIP,,14,
100498&,PROD_1366,SUPP_045,5,2,0,2023-11-25 08:59:25.044000,2025-06-26 14:20:31.240000,0.96,2024-01-09 02:25:10.200000,3,  77  ,,,471.4,,
100980,PROD_0066,  SUPP_999  ,0,,100,20250911,2025-09-10 21:46:15.434000,,2024-08-23 23:29:35.491000,,  0  ,,WH-CENTRAL-01,,,
101011,PROD_0976,SUPP_055,930,0,21,2025-06-24 04:17:03.992000,2025-08-26 11:19:28.427000,0.73,2025-01-26 03:46:26.669000,930,,,WH-WEST-01,82286.4,30,
100487,PROD_1110,SUPP_068,933,93,23,2025-08-25 08:14:44.534000,2025-09-03 06:31:07.344000,2.06,2023-10-25 18:54:36.593000,840,8,,DROPSHIP,,,
100145,PROD_1009,SUPP_063,767,76,26,2025-08-08 12:53:52.826000,2025-08-27 16:38:38.518000,  2.97  ,2024-02-28 21:25:11.878000,691,,,,,,
100931,PROD_0851,SUPP_022,  459  ,137,22,2025-08-21 07:34:12.236000,2025-09-06 12:33:20.700000,2.4,2023-10-13 22:13:29.729000,,,In Stock,WH-CENTRAL-01,79613.55,,
,PROD_9999,,,,,,,,,,,,,,,
100497,PROD_1372,SUPP_036,11,1,0,2024-06-20 04:49:44.288000,2025-08-31 11:25:45.014000,4.14,2024-09-06 11:16:49.589000,10,,,WH-NORTH-01,1940.95,3,2026-05-26 00:00:00
100152,PROD_0914,SUPP_064,128,0,  18  ,2025-08-22 13:55:26.857396,2025-08-30 23:24:37.475242,3.97,2024-02-19 06:17:09.836000,128,,,,,14,
100866,PROD_0090,SUPP_042,166,0,82,2025-09-07 18:51:06.535000,2025-09-11 09:19:43.516000,3.01,2024-07-04 21:10:23.571000,166,,,WH-EAST-01,,,
100130,PROD_0421,SUPP_015,415,5.5,50,2025-08-28 00:42:41.263000,2025-09-07 16:07:33.559000,0,2025-08-28 07:58:55.173000,,,In Stock,,,,
100528,PROD_1139,SUPP_049,  648  ,0,8,2025-07-17 06:51:06.538000,2025-08-18 02:11:01.935000,1.53,2024-11-13 23:42:23.126000,,,In Stock,,,,
100458,PROD_1218,SUPP_007,123,36,5,2025-08-29 04:10:35.561000,2025-08-15 21:10:00.858000,0.7,2024-07-14 22:48:48.389000,87,,,,,14,
100328,PROD_1348,SUPP_039,131,0,26,2025-09-06 03:07:47.968000,2025-08-13 17:31:12.280000,1.73,2024-12-04 11:20:31.620330,,29,,DC-01,,,
100689,PROD_1288,SUPP_069,0,0,20,2025-07-19 13:44:35.975000,2025-08-14 09:18:37.060000,3.67,2024-08-26 16:28:53.762000,0,,,STORE-002,,7,
100418,PROD_0653,SUPP_039,41,20,72,2025-09-07 19:56:13.921000,2025-09-09 21:07:12.636000,3.97,2024-12-19 00:31:23.995000,,1,Low Stock,,  4136.08  ,,
100663,PROD_1113,SUPP_007,15,4,19,2025-07-26 16:56:55.259000,2025-09-09 01:35:06.245000,2.94,2024-04-06 04:53:55.920000,11,2,,,,,
101045,PROD_1435,SUPP_007,0,227,0,  2021-07-01 01:10:54.119226  ,2025-05-05 11:35:10.177000,999.99,  2025-01-26 00:24:50.714375  ,,,,,,,
101451,PROD_0677,SUPP_049,79,7,73,2025-08-27 12:26:03.931000,2025-09-06 08:02:36.182000,  2.13  ,2024-05-30 06:57:15.397000,,,,WH-EAST-01,,,2025-12-07 00:00:00
101432,  PROD_0419  ,SUPP_022,448,0,74,2025-09-01 05:20:54.137000,2025-09-07 00:51:00.020000,1.65,2025-02-20 17:57:23.046000,448,,,,,  3  ,
100208,PROD_0324,SUPP_068,  19  ,9,27,2025-08-13 21:24:02.981000,2025-09-10 14:02:55.123000,1.32,  2024-12-26 04:47:12.176913  ,10,1,,DC-01,,,
101129,  PROD_0529  ,SUPP_032,56,5,39,2025-08-18 00:07:05.749000,2025-09-10 09:52:07.040000,2.88,2024-07-22 20:14:05.506000,  51  ,,,WH-NORTH-01,,,2025-12-08 00:00:00
101179,PROD_0482,SUPP_027,1,0,79,2025-08-26 03:25:51.007000,2025-09-10 05:50:51.784000,2.26,2024-06-10 23:24:41.579000,1,,Low Stock,WH-WEST-01,,,2027-04-05 00:00:00
100688,PROD_0185,SUPP_051,49,14,127,2025-09-09 02:35:44.689000,2025-09-11 15:52:42.672000,1.44,2024-09-04 19:22:02.816000,,,,,4749.08,7,
100315,PROD_0524,SUPP_999,325,,61,20250911,2025-09-10 01:33:30.596000,  Included  ,2025-03-21 19:21:38.793000,,1,,,53865.5,7,
100741,  PROD_0957  ,SUPP_022,174,17,26,2025-06-13 19:52:42.388000,2025-09-03 18:33:25.866000,4.74,2024-12-07 23:41:35.739000,,,In Stock,,,14,
101378,PROD_1053,SUPP_001%,120,12,22,2025-06-22 08:41:28.373000,2025-09-02 18:39:05.749000,2.14,2024-10-19 04:10:38.214000,,8,  In Stock  ,,22198.8,,
101080,PROD_9999,    ,,-13,,2025-09-26 10:05:33.280000,,-1.55,,,,,,,,
100534,PROD_0894,SUPP_014,69,0,27,2025-08-30 07:09:15.708000,2025-09-08 08:15:28.496000,0.57,2024-10-26 10:00:01.049000,69,,,WH-CENTRAL-01,,,
100766,PROD_0550,SUPP_042,0,0,80,2025-08-14 09:17:44.643000,2025-09-06 23:58:07.644000,0.27,2024-05-08 00:39:31.781000,,,,DC-02,,,
100448,PROD_0018,SUPP_032,32,0,156,2025-09-07 08:05:42.568000,2025-09-11 12:53:00.622000,1.87,2024-02-26 03:04:49.165000,32,0,,WH-CENTRAL-01,,,2025-10-14 00:00:00
100307,PROD_0371,SUPP_003,95,0,27,2025-09-08 10:35:26.826000,2025-09-10 17:18:05.930000,1.49,2024-03-29 14:03:08.504000,,1,,DROPSHIP,,,
101303,PROD_1158,SUPP_019,98,9,6,2025-07-18 07:50:40.007000,2025-08-31 23:52:43.287000,2.3,2024-07-06 21:28:16.796000,,,,WH-CENTRAL-01,7698.88,,
100430,PROD_1434,  SUPP_035  ,0,0,0,  2023-11-01 06:09:22.447673  ,2025-04-22 10:26:42.252000,2.96,2024-07-29 18:24:55.471000,0,142,,store-002,,,
100290,PROD_0231,SUPP_032,74,37,65,2025-09-06 23:01:26.214000,2025-09-11 04:14:04.753000,0.39,2024-07-08 01:20:36.133000,37,,In Stock,STORE-002,,14,
101478,PROD_1085#,SUPP_029,426,0,17,2025-08-10 05:14:37.561000,2025-08-19 23:21:53.718000,0.63,2025-08-25 17:11:35.162000,426,,In Stock,,,,
100394,PROD_0224,SUPP_003,8,2,181,2025-09-11 11:20:43.194000,2025-09-11 13:28:11.100000,3.01,2024-01-26 10:26:58.990000,,,,wh-south-01,,,
100013,PROD_1138,SUPP_013,216,108,12,2025-07-02 21:35:49.007000,  2025-08-24 15:10:42.887549  ,0.91,2023-12-25 15:33:35.123000,108,,,WH-NORTH-01,8013.6,14,
101081,PROD_1377,SUPP_070,0,0,0,2025-09-09 09:03:40.705000,2024-09-13 11:33:23.230000,0.75,2024-04-20 06:13:02.520000,0,,,,,,
101120,,SUPP_999,-72,Some,  Medium  ,09/11/2025,2024-12-05 05:22:15.181000,Variable,2024-10-02 04:51:36,,280,,WH-CENTRAL-01,,,
100877,PROD_1402,  SUPP_074  ,0,0,0,2024-12-03 02:14:59.261000,2025-03-25 22:30:36.082000,3.49,2024-08-19 18:47:11.533000,0,,,STORE-002,,,
101196,PROD_0422,SUPP_073,  84  ,8,60,2025-08-18 12:27:24.212000,2025-09-11 16:58:17.179000,2.65,2025-01-21 12:09:53.441000,76,0,In Stock,DC-02,,3,
100138,PROD_0747,SUPP_033,16,4,41,2025-08-13 05:22:25.974000,2025-09-07 15:12:00.069000,0.79,2023-11-05 22:39:23.550000,12,,,WH-CENTRAL-01,,,
100159,PROD_1306,SUPP_050,699,209,25,2025-06-15 00:23:16.462065,2025-08-26 09:46:10.384000,4.66,2024-11-12 07:01:49.977000,,,In Stock,,,,2025-11-29 00:00:00
100055,PROD_0330,SUPP_010,54,78,30,2021-06-30 21:47:17.023000,2025-09-07 10:35:26.234000,  0.001  ,2025-05-31 11:14:54.128000,,4,Fully Reserved,Multiple,,1,
  100605  ,PROD_1409,SUPP_047,0,111,0,2021-12-12 00:04:57.348000,2025-08-30 06:46:38.891000,-99,2023-09-21 18:06:14.165000,-111,,,,,,2026-02-07 00:00:00
101170,PROD_0028,UNKNOWN,,-22,,2025-09-24 19:07:09.703000,,-4.37,,,,,,,,
100155,PROD_0196,SUPP_015,130,0,  173  ,2025-09-06 04:03:25.692000,2025-09-11 07:03:50.645000,1.81,2025-05-10 22:15:03.421834,130,,,,,1,
101070,PROD_0927,SUPP_017,378,  189  ,16,2025-09-04 20:14:46.648000,2025-09-08 23:15:06.671000,2.28,2024-02-04 02:42:41.431000,  189  ,,In Stock,WH-EAST-01,,30,
101388,PROD_0610,SUPP_047,58,58,27,2025-09-02 01:47:14.700000,2025-09-08 02:54:20.917000,4.33,2024-07-04 11:20:04.113000,0,3,,WH-CENTRAL-01,1194.22,30,
101480,DISCONTINUED,SUPP_070,-12,0,High,2025-08-13 00:25:41.870000,2025-08-10 00:25:41.870000,3.67,2025-03-14 08:53:11,,,,DC-02,,,
100190,PROD_1239,SUPP_008,790,237,16,2025-06-20 00:37:41.236000,2025-08-15 12:23:20.914000,4.68,  2024-06-13 02:03:48.090924  ,,27,in stock,wh-central-01,,0,
100995,PROD_0253,SUPP_067,15,1,  166  ,2025-09-08 06:53:30.974000,2025-09-11 13:24:22.222000,3.8,2024-07-13 03:31:04.332000,14,,Low Stock,STORE-002,  860.4  ,,
100908,PROD_0396,SUPP_007,1,0,66,2025-08-24 18:45:58.558000,2025-09-07 07:42:11.923000,3.43,2023-11-10 01:20:00.027000,1,,,  DC-01  ,,,2027-03-20 00:00:00
100985,PROD_1207,SUPP_057,39,11,19,2025-06-24 22:32:44.764000,2025-08-25 06:40:35.353000,4.44,2025-07-05 16:16:00.058000,28,,,DC-02,,,2025-10-02 00:00:00
100017,PROD_0548,SUPP_017,29,0,89,2025-08-28 15:17:09.382000,2025-09-09 12:36:40.407000,3.55,2025-01-22 06:13:21.287668,,,Low Stock,STORE-002,1838.02,,
100422,PROD_0639,SUPP_012,46,0,71,2025-08-13 06:02:46.265000,2025-09-07 20:27:34.742000,3.13,2025-09-05 19:14:07.914000,,3,,WH-CENTRAL-01,,7,2026-02-06 00:00:00
101331,PROD_0138,SUPP_075,21,10,52,2025-09-11 10:46:19.979000,2025-09-11 10:13:37.278000,3.8,2024-03-08 01:12:14.996000,11,,Low Stock,DC-01,2707.95,,
101007,PROD_1037,SUPP_028,946,94,12,2025-09-04 22:39:53.787000,2025-08-23 18:10:37.162000,4.01,2024-07-29 10:48:50,,19,In Stock,DC-01,53751.72,,
101389,PROD_0558,SUPP_074,349,349,36,2025-09-09 02:09:42.563000,2025-09-09 18:18:09.012000,4.38,2024-03-08 16:27:39.404000,,,,,27330.19,,
100971,PROD_0395,SUPP_055,199,  0  ,46,  2025-09-01 04:20:21.323705  ,2025-09-08 01:56:26.175000,1.87,2025-08-20 13:27:46.186000,199,,In Stock,,30592.27,,2027-04-17 00:00:00
100930,PROD_1469,SUPP_001,Out of Stock,0,,2023-10-21 17:59:03.874000,,4.47,,,,,,,30,
101228,PROD_0934,SUPP_009,415,0,24,2025-07-31 16:38:30.435000,2025-08-22 07:14:55.571023,2.92,2025-08-25 22:46:30.088000,,,,DC-02,6337.05,,
100665,PROD_0770,  SUPP_999  ,39,All,62,20250911,2025-09-09 08:17:14.494000,  N/A  ,2024-07-06 22:28:45.331000,,,Low Stock,WH-SOUTH-01,,0,
100081,PROD_1220,SUPP_042,131,13,25,2025-07-18 18:15:18.612000,  2025-09-03 11:44:03.130810  ,1.58,2025-07-14 23:45:57.329000,,,,,,,
,,,,,,,,,,,,,,,,
100923,PROD_0247,SUPP_009,138,41,99,2025-09-04 19:23:25.225000,2025-09-11 16:33:03.233000,2.45,2024-07-12 07:48:43.830000,,,In Stock,DC-01,22020.66,7,
100182,PROD_0316,  SUPP_051  ,3,0,36,2025-09-01 17:12:04.581000,2025-09-11 10:31:37.755000,1.26,2023-10-31 07:45:09.163000,,0,,,424.92,,
100744,PROD_1448,SUPP_025,0,0,0,2024-07-07 15:15:32.059000,2024-10-21 20:51:36.632000,0.4,2023-10-14 06:17:08.090000,0,,,,,7,
100134,PROD_0538,SUPP_033,7,0,67,2025-08-22 17:40:49.365000,2025-09-07 22:49:17.424000,0.55,2025-06-08 12:14:34.486000,,,,WH-NORTH-01,,,
101199,PROD_1367,SUPP_021,0,0,  0  ,2025-06-18 21:06:55.487000,2024-09-28 16:14:31.527000,3.7,2024-10-05 04:45:54.442000,,,OUT OF STOCK,,,14,
101261,PROD_0292,SUPP_041,74,7,153,2025-09-07 04:34:58.657000,2025-09-11 03:42:35.208000,4.97,2024-07-11 11:18:33.654000,67,,Low Stock,DROPSHIP,4053.72,7,
100330,PROD_0562,SUPP_068,few,189,,2021-11-26 08:00:29.432000,,0,,,,,,,60,
101285,PROD_0534,SUPP_012,6,1,30,2025-08-27 20:47:09.755000,2025-09-06 09:24:05.051000,4.03,2024-04-24 21:23:22.278000,5,,,,,7,
100999,PROD_1480,SUPP_064,0,0,0,2023-12-12 20:15:54.342000,2025-09-04 20:41:08.011000,3.16,2025-01-28 21:53:44.125000,,6,,STORE-002,,,
101153,PROD_1315,SUPP_066,973,0,  9  ,2025-08-31 05:52:32.028000,2025-08-31 20:34:32.299000,1.8,2025-01-27 14:20:02.514000,,,,DROPSHIP,192858.33,7,
101421,PROD_0584,SUPP_026,374,0,49,2025-09-11 10:52:03.842000,2025-09-08 11:57:40.609000,4.2,2023-10-14 06:52:44.021000,374,3,,WH-EAST-01,,,
100816,PROD_0452,SUPP_032,7,3,99,2025-08-14 09:58:10.727000,2025-09-05 00:29:33.892000,1.88,2025-01-11 12:16:00.637000,,,,DC-02,,,
101485,PROD_1121,,41,-19,27,2025-10-05 01:25:34.712000,2025-09-11 13:35:00.904000,-4.63,2024-08-04 03:48:42.551000,,0,,,,,2026-05-17 00:00:00
101347,PROD_0505,SUPP_055,19,1,76,2025-09-11 11:20:59.666000,  2025-09-07 12:01:19.959659  ,3.36,  2024-04-05 13:04:30.649665  ,,,Low Stock,,3383.71,,
100790,PROD_0811,SUPP_034,54,27,50,2025-09-02 10:04:00.176000,2025-09-07 18:34:27.888000,1.67,2025-01-03 15:32:37.370000,27,3,In Stock,,,,
101204,PROD_0459,SUPP_020,  203  ,60,39,  2025-08-15 23:58:07.973385  ,2025-09-11 11:24:08.847000,0.59,2025-05-04 11:17:34.572000,143,0,,  STORE-002  ,,,2027-07-31 00:00:00
100686,PROD_0458,SUPP_002,487,0,70,2025-08-19 15:21:10.923000,2025-09-10 14:49:40.233000,3.98,2024-01-04 05:38:34.943000,,,  In Stock  ,,,,
100125,PROD_1340,,157,,20,,2025-09-01 11:50:20.722000,,2024-07-10 03:39:41.989000,,10,,  WH-NORTH-01  ,19025.26,,
  100862  ,PROD_0272,SUPP_064,129,12,103,2025-09-10 01:30:45.603000,2025-09-11 05:11:41.990000,2.76,2024-06-23 03:47:32.707000,117,,,,,,
100876,PROD_0863,SUPP_036,56,56,63,2025-08-28 11:08:25.811000,2025-09-06 11:31:20.893000,1.59,2025-01-23 23:39:39.453000,0,,Low Stock,DC-01,5411.28,7,
100942,PROD_0388,SUPP_030,26,2,29,2025-08-30 03:32:23.542000,2025-09-11 03:50:03.855000,0.6,2024-07-13 10:58:45.169000,,0,,STORE-002,,,
100072,PROD_0887,,1000000,,-21,,2025-10-10 06:36:49.366000,,2025-09-28 06:19:44.599000,,,In Stock,,,,
100508,PROD_1140,SUPP_032,40,4,11,2025-07-17 00:13:52.347000,2025-08-14 02:26:52.069000,0.84,2024-08-16 23:58:35.294000,,28,In Stock,,4864.8,,
100695,PROD_0326,SUPP_068,22,0,28,2025-08-23 17:10:47.140000,2025-09-06 17:18:04.941000,4.97,2024-11-02 16:29:04.249000,22,,,,,,
100831,PROD_1388,SUPP_037,0,0,0,2025-07-21 00:16:45.716000,2025-07-13 12:51:29.923000,1.79,2024-10-28 23:06:24.554000,,,,,,,
100892,PROD_0449,SUPP_020,226,22,41,2025-09-01 09:27:02.786000,2025-09-07 23:47:23.477000,3.86,2025-03-01 16:26:04.729000,204,,,WH-EAST-01,18484.54,3,
100507,PROD_0484,SUPP_062,63,18,68,2025-08-27 10:28:23.937000,  2025-09-05 09:38:04.583543  ,2.6,2024-01-25 08:03:08.736000,45,,Low Stock,STORE-002,3172.68,,
100629,PROD_0783,SUPP_068,54,5,95,2025-09-01 21:25:39.746000,2025-09-10 17:21:24.295000,  2.14  ,2024-12-26 04:55:39.880000,,1,Low Stock,WH-SOUTH-01,,,
101109,PROD_1357,SUPP_034,8,  0  ,0,2024-02-13 11:07:54.728000,2025-06-11 08:48:21.547000,2.25,2025-06-09 23:33:12.062895,8,,,,,,
101240,,SUPP_012,-54,0,High,2025-08-15 17:10:41.412000,2025-07-31 17:10:41.412345,3.36,2024-06-01 10:18:13,,,,,,,
101470,PROD_0286,SUPP_999,Many,All,,09/11/2025,,Included,,,,,,,,
100043,PROD_1188,SUPP_039,114,11,24,2025-09-05 18:09:49.923000,2025-09-08 03:23:53.469000,3.97,2024-04-07 11:03:56.736000,103,,In Stock,,,7,
100531,PROD_0426,SUPP_074,48,48,27,2025-09-01 07:27:59.367000,2025-09-10 19:34:53.182000,4.91,2024-08-23 14:26:53.770000,0,0,Fully Reserved,,,1,2026-12-27 00:00:00
100223,PROD_1147,SUPP_043,214,107,23,2025-09-03 02:54:29.453000,2025-08-23 19:10:08.764000,3.38,  2024-08-14 12:45:19.392296  ,,18,,,,,
100006,PROD_0286,SUPP_066,16,0,158,2025-09-08 23:44:58.504000,2025-09-11 11:50:13.826000,3.02,2025-08-23 03:00:07.523000,16,,,,,14,
101061,PROD_0826,SUPP_014,8,0,68,2025-09-09 14:07:44.182000,2025-09-06 20:52:22.154000,4.74,2024-04-16 13:04:45.020000,8,,,DROPSHIP,1467.6,,
101337,PROD_1439,SUPP_026,0,0,0,2024-05-17 19:39:22.785000,2025-06-10 11:40:00.799000,4.69,2024-11-03 17:32:31.788000,0,,  Out of Stock  ,WH-SOUTH-01,,7,
100334,PROD_0879,SUPP_070,0,0,26,2025-08-29 10:32:09.926000,2025-09-11 13:40:06.134000,0.62,2025-04-08 07:09:09.366000,,,,,,14,
100139,PROD_0107,SUPP_001,110,0,179,2025-09-07 03:12:06.834000,2025-09-11 09:55:10.887000,2.33,2025-05-26 21:38:34.079794,110,,,,20128.9,,
100891,PROD_0445,SUPP_037,317,0,45,2025-08-31 01:52:23.592000,2025-09-07 02:35:53.288000,3.05,2025-04-20 08:37:44.179000,317,4,,,,  7  ,
100899,PROD_1092,SUPP_045,134,67,23,2025-07-06 22:10:14.366000,2025-08-21 01:58:14.152000,0.7,2024-06-17 21:51:07.122000,,,,STORE-001,,7,2027-09-08 00:00:00
101024,PROD_0149,SUPP_034,170,85,162,2025-09-07 23:32:45.093000,2025-09-10 22:34:06.497000,1.81,2025-06-19 12:56:36.135000,85,,,,13188.6,,
101342,PROD_0499,SUPP_009,21,2,63,2025-08-30 19:22:43.352000,2025-09-09 23:49:46.846000,3.17,2024-11-22 18:05:08.567000,19,,Low Stock,,,,
100696,PROD_1114,SUPP_021,140,0,25,2025-08-26 00:58:31.604000,  2025-09-05 21:16:00.009971  ,0.17,2025-05-29 19:11:50.606000,,5,,,12334,60,
100536,PROD_0604,SUPP_036,15,0,82,2025-09-07 14:35:51.228000,2025-09-09 08:33:06.137000,3.24,2024-01-27 21:02:31.713000,,,,WH-NORTH-01,,14,
  100203  ,PROD_1211,SUPP_074,324,32,10,2025-07-31 12:25:48.086000,2025-09-08 22:35:16.720000,4.86,2024-05-25 18:06:56.291000,,,,wh-central-01,,3,
101091,PROD_1247,SUPP_046,184,92,17,2025-08-20 06:11:12.402000,2025-08-29 15:51:42.233000,0.17,2024-11-11 13:16:34.921000,92,,In Stock,STORE-002,  36097.12  ,14,
100539,PROD_0405,SUPP_005,36,36,41,2025-08-30 06:06:02.437000,2025-09-07 03:58:32.432000,2.17,2025-01-25 15:00:11.877000,,4,Low Stock,WH-EAST-01,,,
101059,PROD_0277,SUPP_034,50,0,99,2025-09-09 14:21:29.749000,2025-09-11 00:23:42.722000,3.52,2024-04-25 04:45:01.922000,50,0,,,,30,2027-07-02 00:00:00
100760,,SUPP_070,-56,0,Low,  2025-08-15 14:12:37.234577  ,2025-08-04 14:12:37.235000,4.37,2024-05-29 01:59:22,,38,,WH-NORTH-01,,999,
100077,PROD_0921,  SUPP_023  ,746,74,26,2025-08-16 08:11:20.246000,  2025-08-25 05:01:42.586168  ,4.05,2024-10-12 15:36:06.023000,672,,In Stock,,,7,
100972,PROD_0619,SUPP_013,231,23,75,2025-08-22 22:10:35.042000,2025-09-09 21:14:21.187270,2.59,2023-12-23 03:06:21.128000,  208  ,1,,,,,2026-04-24 00:00:00
100310,PROD_0080,SUPP_072,550,165,72,2025-09-08 02:32:09.239000,2025-09-10 18:29:15.122000,3.68,2024-03-02 07:50:56.994000,385,,,DROPSHIP,47509,,
100809,  PROD_0835  ,SUPP_024,29,2,38,2025-08-24 02:58:20.013000,2025-09-05 01:41:59.399000,2.27,2025-07-09 15:58:53.213000,27,,,STORE-002,,,2026-01-08 00:00:00
100420,PROD_9999@,SUPP_999,Few,All,,2025-09-11 18:15:01,,Free,,,,,,,14,
100671,PROD_0258,SUPP_066,9,2,111,  2025-09-09 00:38:25.655259  ,2025-09-11 16:39:36.183000,3.59,2024-12-03 18:33:13.119000,7,,LOW STOCK,,1083.06,,
100767,PROD_0454,  SUPP_012  ,158,15,73,2025-08-17 08:37:32.875000,2025-09-11 13:27:30.140000,4.3,2024-02-21 12:18:08.074000,143,,In Stock,WH-CENTRAL-01,812.12,,
100947,PROD_0470,SUPP_048,89,44,33,2025-09-07 12:01:39.112000,2025-09-11 14:21:44.287000,0.52,2025-03-29 02:14:40.154000,,,In Stock,,,,
101352#,PROD_1019,SUPP_075,12,12,22,2025-07-16 08:43:52.637000,2025-09-02 02:42:44.753000,4.66,2024-06-13 08:23:56.474000,,9,Low Stock,STORE-002,2319.96,,
,,,,,,, ,,,,,,,,,
100374,PROD_0721,  SUPP_070  ,19,9,27,2025-08-16 22:17:18.433000,2025-09-06 15:24:57.431000,2.62,2023-10-28 11:58:22.518000,10,,Low Stock,DC-01,,,
100644,PROD_1342,SUPP_031,946,283,18,2025-07-03 10:58:22.456000,2025-08-19 17:11:00.761000,4.62,2024-06-08 03:33:50.233000,,23,,,,,
100643,PROD_0898,SUPP_068@,37,37,64,2025-08-29 18:06:03.004000,2025-09-09 21:57:29.300000,2.96,2025-07-29 07:58:24.366000,,,,WH-WEST-01,1333.48,7,
100746,PROD_1162,SUPP_059,115,0,25,2025-08-04 03:42:35.722000,2025-09-01 12:01:36.901000,0.97,2023-10-18 03:20:57.361000,,,,STORE-002,6499.8,,
  101217  ,PROD_1048,SUPP_036,138,69,16,2025-08-29 10:39:44.514000,2025-08-31 05:55:04.332000,0.91,2024-05-09 07:59:42.161000,,11,  In Stock  ,  DC-02  ,3833.64,,
100905,PROD_0556,SUPP_032,40,4,72,2025-08-20 18:09:28.359000,2025-09-11 02:17:57.690000,3.74,2024-09-22 18:15:03.727000,,,Low Stock,DC-01,,,
101284,PROD_1374,SUPP_023,0,0,0,2025-08-26 16:54:35.436000,2024-10-06 04:22:02.016000,2.97,2024-11-29 19:19:03.789000,0,340,,WH-EAST-01,,30,2026-06-17 00:00:00
100807,PROD_0091,SUPP_058,3,0,175,2025-09-06 12:20:14.771000,2025-09-11 11:33:52.576000,0.43,  2023-11-17 21:31:28.804296  ,3,,Low Stock,WH-CENTRAL-01,,,
100660,PROD_9999,SUPP_031,Many,107,,2023-05-22 09:22:02.336000,,0.001,,,,,,,,
100278,PROD_0876,SUPP_042,497,248,68,2025-08-27 16:25:48.748000,2025-09-11 09:07:21.800000,3.11,2025-08-18 10:17:22.590000,249,,In Stock,WH-CENTRAL-01,92476.79,,2026-11-11 00:00:00
101293,PROD_0414,SUPP_051,25,7,90,2025-09-09 21:52:52.573000,2025-09-05 09:44:21.081000,1.83,2024-03-02 21:40:45.658000,18,6,Low Stock,dc-02,,,
100124,PROD_0024,SUPP_034,  6  ,0,153,2025-09-06 12:43:35.825000,2025-09-11 17:36:28.960000,3.46,2025-06-05 02:00:02.929000,6,,,WH-SOUTH-01,1130.52,7,
101269,PROD_0278,SUPP_032,736,73,192,2025-09-05 08:11:30.411000,2025-09-11 11:26:58.445000,3.26,2023-12-23 17:42:00.993000,663,,In Stock,DC-01,141871.36,,
100953,PROD_0077,SUPP_004,93,27,70,2025-09-08 16:31:51.565000,2025-09-10 21:38:43.262000,0.5,2024-03-04 14:23:51.568000,66,0,,,,,
100889,PROD_0540,SUPP_075,372,186,68,2025-08-28 16:14:31.008000,  2025-09-04 20:18:59.766650  ,1.89,2024-06-17 07:54:57.735000,186,,,WH-WEST-01,,,
100990,PROD_0347,,,-21,,2025-09-14 04:13:45.055000,,-1.37,,,,,,,,Check package
100086,PROD_1452&,SUPP_055,0,0,0,  2025-03-16 05:34:57.681928  ,2024-11-23 08:06:05.537000,1.61,2024-12-09 03:45:43.565000,  0  ,,,DC-01,,,
  100232  ,PROD_0109,SUPP_022,19,0,80,2025-09-08 14:31:21.808000,2025-09-10 20:59:31.545000,  4.66  ,2024-03-03 20:59:52.790000,,,,,2750.63,30,
100344,PROD_1118,SUPP_001,178,17,18,2025-08-21 07:26:31.865000,2025-09-09 04:38:29.653000,4.64,2024-04-27 20:48:08.076000,161,2,,WH-EAST-01,,,
101211,PROD_1253,SUPP_069,78,23,5,2025-09-03 03:45:46.056000,2025-08-31 21:13:31.803000,1.4,2024-05-28 21:21:06.493000,55,,In Stock,,,7,
100509,  PROD_0970  ,SUPP_006,864,259,12,2025-08-28 02:24:49.377000,2025-08-17 07:08:15.708000,4.25,2023-11-13 21:22:59.026000,,25,In Stock,,,,
100157,PROD_0010,SUPP_028,  4  ,2,97,2025-09-10 09:26:04.839000,2025-09-11 17:25:58.981000,1.89,2025-03-16 04:13:32.141000,,0,,,401.8,,
101036,PROD_0773,SUPP_060,14,0,  35  ,2025-08-23 15:55:27.519000,2025-09-06 04:13:08.618000,4.01,2025-05-18 03:57:03.444000,,,,WH-EAST-01,2081.1,,
101023,  PROD_1500  ,SUPP_032,0,0,0,2025-09-04 23:23:02.996000,2025-01-29 15:21:06.689000,3.41,2025-05-27 06:59:10.576000,0,225,Out of Stock,WH-CENTRAL-01,,,
101140,PROD_9999,  SUPP_021  ,,0,,2025-08-15 07:21:50.132000,,4.1,,,,,,,,
101394,PROD_1168,SUPP_037,124,0,22,2025-07-03 08:02:38.802000,2025-09-09 15:16:55.545000,  0.18  ,2025-07-26 14:02:22.582000,124,,,STORE-002,,30,
101332,PROD_0696,SUPP_025,53,0,41,2025-09-04 08:39:55.534000,2025-09-05 12:02:33.061000,3.99,2024-01-07 07:58:17.718000,,,,,,14,
101038,PROD_0298,SUPP_026,9,0,108,2025-09-09 18:53:54.099000,2025-09-11 08:31:42.106000,1.73,2023-10-31 10:08:42.156000,,,,WH-SOUTH-01,,3,
100570,PROD_0243,SUPP_002,Out of Stock,0,,2025-09-11 10:46:42.922000,,4.79,,,,,,,,
100992,PROD_1180,SUPP_030,318,0,26,2025-08-01 16:44:32.119000,2025-09-06 13:38:07.615000,4.98,2024-03-28 13:53:31.331000,,,  In Stock  ,DC-01,61103.7,,
100814,PROD_0349,SUPP_059,18,5,42,2025-08-19 21:35:45.694000,2025-09-07 22:33:06.035000,4.82,2023-11-09 06:53:33.029000,,3,,,,,
  100410  ,PROD_0828,SUPP_056,61,  0  ,85,2025-08-26 06:07:51.233000,2025-09-10 19:10:23.334000,2.32,2024-07-29 00:21:59.053000,61,,,WH-CENTRAL-01,6445.26,,
100085,,SUPP_019,60,6,96,2025-09-11 18:15:26.091000,2025-09-06 07:59:34.566000,3.57,2025-04-04 23:00:23.202000,54,,Low Stock,,4143,-2,
100409,PROD_0817,SUPP_074,420,0,94,2025-08-29 03:41:52.688000,2025-09-05 11:31:46.462000,0.56,2024-04-16 18:05:37.540000,,,In Stock,,41025.6,,
100886,PROD_0917,SUPP_049,189,94,20,2025-08-12 05:21:53.836000,2025-08-19 02:08:25.689000,2.24,2023-10-21 23:13:02.008000,,,In Stock,DC-01,,,
100353,PROD_0658,SUPP_025,2,1,47,2025-09-05 22:45:51.676000,2025-09-05 12:18:08.536000,4.76,2024-09-29 08:04:36.337000,,6,Low Stock,WH-WEST-01,156.62,  3  ,
100149,PROD_1028,SUPP_014,  207  ,20,24,2025-06-23 08:41:40.807000,2025-08-29 22:06:28.619000,1.96,2025-09-06 10:12:14.500000,,12,,STORE-001,35728.2,,2025-09-27 00:00:00
100052,PROD_0998,SUPP_032,192,96,21,2025-09-02 16:00:02.974000,2025-09-02 05:24:41.856000,3.76,2024-05-27 15:19:39.603000,,,In Stock,,32949.12,,
101259,PROD_1083,SUPP_061,12,3,18,2025-07-31 02:10:25.181000,2025-08-26 13:40:15.220000,3.24,2025-03-03 20:37:49.638000,,,,,1160.52,14,
100783,  PROD_0871  ,SUPP_051%,432,216,93,2025-08-18 08:32:38.868000,2025-09-08 16:31:08.825047,4.33,2023-10-11 07:43:25.190000,,,In Stock,,64869.12,,
100662,PROD_0404,SUPP_053,95,28,60,2025-09-05 10:48:13.077000,2025-09-07 05:12:38.174000,4.77,2024-07-19 02:16:46.135000,67,4,,WH-SOUTH-01,,,
100431,PROD_0928,SUPP_004,82,  41  ,8,2025-08-09 06:58:35.378000,2025-09-09 08:38:50.571000,4.2,2025-06-01 11:15:13.718000,,,In Stock,,10956.02,,
100143,PROD_1222,SUPP_073,384,38,11,2025-07-12 22:58:22.409000,2025-08-21 13:32:54.275000,2.98,2024-07-22 21:23:51.526000,  346  ,,,  DC-02  ,,14,
101181,PROD_0063,SUPP_028,62,6,198,2025-09-09 08:02:14.992000,2025-09-10 18:20:11.909000,4.07,2024-03-29 22:13:10.421000,,,,wh-east-01,11887.26,,
100261,PROD_0003,SUPP_056,145,14,173,2025-09-08 00:50:52.052000,2025-09-11 09:00:37.339000,3.97,2023-10-30 07:28:04.201000,131,,,,22257.5,,
100532,PROD_0289,SUPP_063,91,9,171,2025-09-06 07:55:01.115000,2025-09-11 11:25:45.778000,4.95,2024-07-17 20:46:51.647000,,0,Low Stock,DC-02,5465.46,,
101472,PROD_1383,SUPP_055,0,0,0,2025-02-11 10:45:56.683000,2025-08-17 17:23:10.471000,2.12,2025-08-23 03:07:01.877000,0,,,,,,
100551,PROD_0461,SUPP_034,21,2,59,2025-08-24 06:18:41.161000,2025-09-08 11:59:56.718000,4.65,2025-08-06 06:57:01.961000,19,,Low Stock,STORE-002,,,
101380,PROD_9999,SUPP_010,Unknown,0,,2025-08-27 01:39:50.964000,,3.99,,,,,DC-01,,,
100346,PROD_1194,SUPP_066,197,19,30,2025-07-10 07:56:20.228000,2025-08-22 15:49:35.821000,1.54,2024-11-01 12:04:47.456000,178,,In Stock,,,,
100266,PROD_1081,SUPP_002,183,54,21,2025-07-14 21:44:00.488000,2025-09-07 03:23:45.166000,2.63,  2024-02-02 16:16:28.698841  ,,,,,,,2025-12-12 00:00:00
  100470  ,PROD_0026,SUPP_016,0,0,  55  ,  2025-09-10 13:49:34.186330  ,2025-09-10 21:27:38.797000,3.82,2024-06-10 04:43:55.649000,,,Out of Stock,dc-01,,,2026-11-10 00:00:00
101406,PROD_0539,SUPP_016,467,140,51,2025-08-25 15:40:56.813000,2025-09-07 19:17:26.886000,1.15,2024-04-05 10:36:29.749000,  327  ,,In Stock,,,7,
100752,PROD_0441,SUPP_065,15,  0  ,81,2025-08-18 13:22:10.609000,2025-09-08 18:05:17.734000,4.71,2024-10-24 04:48:57.670000,15,3,Low Stock,WH-EAST-01,,,2027-03-09 00:00:00
100040,,SUPP_033,-71,0,Low,2025-09-09 19:18:43.620000,2025-08-16 19:18:43.620000,1.04,2025-01-13 12:07:04,-71,,,,,,
100618,  PROD_0397  ,SUPP_012,9,2,51,2025-09-07 17:05:17.618000,2025-09-10 14:42:55.239000,3.33,2024-10-09 02:27:08.530000,7,,,WH-NORTH-01,,,
100517,PROD_1386,SUPP_025,7,0,0,2023-12-03 11:25:07.317000,2024-11-04 15:38:22.435000,1.58,2025-07-18 22:12:00.955000,7,311,In Stock,DC-02,1062.11,,
101466,PROD_0252,SUPP_028,22,11,163,2025-09-04 23:23:41.330000,2025-09-10 21:42:51.375000,2.2,2023-11-07 13:52:31.437000,,,,,,14,
100469,PROD_1429,SUPP_051,9,2,0,2023-11-20 11:28:20.016000,2025-07-02 03:17:21.918000,0.48,2023-12-10 00:03:49.641000,7,,In Stock,,1224.81,7,
100168,  PROD_0211  ,SUPP_013,1,0,163,2025-09-05 02:49:14.883000,2025-09-11 00:10:09.353000,0.15,2025-04-09 03:43:33.277000,1,,,WH-WEST-01,,,
101343,PROD_1017,SUPP_003,199,19,13,  2025-07-28 23:27:36.283572  ,2025-08-20 23:12:33.991000,3.39,2024-12-16 06:32:38.129000,,,,,16926.94,,2026-09-07 00:00:00
  100011  ,PROD_1381,SUPP_063,0,0,0,2024-01-09 15:28:52.890000,2024-12-19 02:50:52.713000,4.68,2025-01-24 09:07:55.361000,,,,STORE-001,,,
100791,PROD_0283,SUPP_013,9,  4  ,108,2025-09-06 23:39:46.708000,2025-09-10 22:44:34.283000,3.63,2025-02-24 09:36:46.764000,5,,Low Stock,STORE-002,,,
100648,PROD_0093,SUPP_070,497,  0  ,141,2025-09-08 09:07:22.720000,2025-09-11 17:40:04.043000,0.43,2024-09-23 11:35:09.015000,,0,  In Stock  ,WH-SOUTH-01,,,
100268,PROD_0476,SUPP_059,94,9,33,2025-08-17 21:35:17.015000,2025-09-10 15:52:07.146000,2.84,2025-05-07 02:26:59.051000,85,1,  In Stock  ,DC-01,18006.64,,
100963,PROD_1318,SUPP_003,50,0,27,2025-07-24 23:37:08.148000,2025-09-08 17:05:11.744000,2.55,2024-01-15 17:36:59.258000,50,3,,,,1,
101395,PROD_0932,,812,-27,9,2025-09-14 10:20:28.805000,2025-08-31 05:30:19.404000,-4.4,  2024-04-17 05:20:38.377826  ,,,In Stock,,64212.96,,
100833,PROD_0156,SUPP_073,166,16,177,2025-09-05 05:26:50.647000,2025-09-11 01:03:16.746000,1.57,2024-05-17 00:39:39.634000,150,,,STORE-002,,,
101025,PROD_0202,,485,,110,,2025-09-11 06:07:08.838000,,2024-04-27 12:41:47.971000,,,,WH-WEST-01,56696.5,3,
101104,PROD_0594,SUPP_030,308,30,62,2025-09-02 07:01:46.725000,2025-09-10 15:42:07.155000,1.74,2024-04-15 03:02:44.828000,  278  ,,,STORE-001,25172.84,,2026-10-18 00:00:00
101495,PROD_1057,  SUPP_019  ,11,  5.5  ,30,2025-07-25 16:37:09.187000,2025-08-16 00:53:21.580000,0,2025-02-27 19:59:11.095000,,26,,WH-SOUTH-01,1481.26,,
101311,PROD_0845,SUPP_024,354,0,89,2025-08-30 08:18:03.767000,2025-09-10 00:44:14.170000,0.22,2023-12-01 02:32:39.066000,,,In Stock,,3104.58,,
100028,PROD_0108,,99999,,-33,,2025-09-14 22:41:36.016000,,2025-09-28 14:03:16.029000,,-4,In Stock,WH-SOUTH-01,2867971.32,,
100684,PROD_0581,SUPP_058%,394,39,100,2025-08-27 01:26:36.737000,  2025-09-06 07:02:33.797713  ,0.64,2024-01-23 19:17:34.434000,,5,In Stock,DROPSHIP,3498.72,,
100589,PROD_1124,SUPP_006,959,287,22,2025-06-30 15:25:02.483000,2025-08-19 05:32:52.995000,0.14,2025-02-16 21:11:06.970000,,23,,WH-SOUTH-01,,14,
100545,PROD_1093,SUPP_074,478,239,10,2025-07-26 06:19:05.250000,2025-08-27 18:40:02.355000,1.66,2024-10-03 07:40:40.626487,,,,WH-CENTRAL-01,92617.28,7,
100439,PROD_1123,SUPP_039,  0  ,0,8,2025-07-29 08:36:09.059000,2025-08-25 11:17:52.009565,4.1,2023-11-11 11:53:18.400000,0,,Out of Stock,WH-NORTH-01,,,
101006,PROD_0621,SUPP_067,95,  0  ,66,2025-09-10 16:35:36.767000,2025-09-11 01:48:09.144000,1.13,2025-08-23 11:08:21.003000,,,,,,,
100924,PROD_1202,SUPP_009,873,261,22,2025-08-15 01:49:03.381000,2025-08-17 01:20:48.736000,3.88,  2024-09-28 09:18:41.152952  ,612,,,,,,
101274,prod_0895,SUPP_045,23,11,34,2025-09-04 18:38:45.106000,2025-09-07 09:15:50.117000,4.43,2024-02-05 08:51:24.315000,12,,,,,,
100288,PROD_0245,SUPP_067,898,449,90,2025-09-08 22:36:15.936000,2025-09-11 17:31:59.908000,3.18,2025-02-20 06:02:38.788000,449,,In Stock,,,,2026-01-14 00:00:00
101112,PROD_1067,SUPP_013,831,0,22,2025-08-30 22:53:22.331000,2025-08-21 20:20:22.553267,1.86,2025-01-28 19:09:48.240000,831,,,WH-NORTH-01,59325.09,,
100946,PROD_0172,SUPP_058,4,2,102,2025-09-09 07:07:37.792000,2025-09-10 18:42:21.366000,1.9,  2024-01-08 11:27:11.604902  ,2,,Low Stock,WH-SOUTH-01,,,
100559,PROD_0514,SUPP_007,6,1,47,2025-09-01 14:56:31.022000,2025-09-05 02:25:37.562000,1.5,2024-07-12 17:30:45.963000,5,,,,,,
  101425  ,PROD_1481,,6,,0,,2025-06-09 01:27:29.589000,,2024-09-07 21:21:36.319000,,,In Stock,DROPSHIP,,Immediate,
100501,PROD_0359,SUPP_018,80,0,51,2025-09-03 17:21:10.341000,2025-09-07 03:05:57.513000,3.6,2025-02-07 21:50:27.287000,80,,,STORE-001,3060.8,,
100739,PROD_0052,SUPP_029,47,23,90,2025-09-06 02:12:21.426000,  2025-09-11 07:22:13.815026  ,2.88,2025-02-28 06:55:52.004000,24,0,,,1650.64,,2027-06-06 00:00:00
101412,PROD_0717,SUPP_027,497,0,36,2025-08-24 04:10:39.067000,2025-09-09 15:57:01.079000,0.75,2024-02-21 06:51:38.163000,497,,In Stock,,12315.66,,  2026-08-27  
100562,PROD_0408*,SUPP_072,  67  ,  0  ,75,2025-08-25 07:52:41.349000,2025-09-08 08:16:11.479000,0.43,2024-04-05 19:04:58.697000,67,,Low Stock,store-002,,,2026-09-09 00:00:00
101060,PROD_0123,SUPP_067,188,56,189,  2025-09-08 12:11:18.986989  ,2025-09-11 14:54:25.713000,2.75,2023-09-18 00:42:30.277000,132,,,  WH-EAST-01  ,,,
101247,  PROD_1347  ,SUPP_072,78,39,13,2025-07-14 08:20:22.753000,2025-08-25 12:50:29.551000,3.9,2025-03-22 12:34:33.741000,,17,In Stock,WH-EAST-01,9374.04,,
100608,PROD_0167,SUPP_045,170,17,152,2025-09-09 21:49:01.073000,2025-09-11 03:22:34.927000,4.62,2024-04-03 04:03:55.942000,,0,,,24631.3,7,
100754,PROD_1136,SUPP_026,73,21,29,2025-07-29 04:27:36.061000,2025-08-28 18:43:55.036333,3.34,2025-07-25 04:49:39.458000,52,13,In Stock,WH-SOUTH-01,,,
101266,PROD_0753,SUPP_052,15,0,86,  2025-08-25 01:35:34.007141  ,2025-09-06 12:47:18.251000,2.65,2024-08-14 21:18:07.734000,15,,Low Stock,DROPSHIP,,,2026-12-21 00:00:00
  100415  ,PROD_0657,SUPP_016,400,200,50,2025-09-02 19:21:02.559000,2025-09-06 12:16:09.796000,4.68,2025-05-09 11:20:56.057130,,,,,,  1  ,
101439,PROD_0056,SUPP_063,26,13,105,2025-09-06 02:03:07.481000,2025-09-11 16:57:50.877000,0.59,2024-12-28 07:35:22.530000,13,,Low Stock,,4021.94,,
100574,PROD_0435,SUPP_010,40,4,69,2025-09-05 19:57:15.320000,2025-09-06 00:46:31.387000,2.29,2025-04-03 10:44:16.890000,36,,Low Stock,STORE-001,,,
100499,PROD_0147,SUPP_031,188,0,105,2025-09-10 08:35:17.873000,2025-09-11 01:24:05.104000,4.55,2024-03-21 00:46:09.412000,,0,,STORE-002,,7,
100293,PROD_0912%,SUPP_031,875,437,11,2025-08-01 22:16:25.553000,2025-08-31 01:34:43.496000,2.67,2025-08-11 14:22:59.949000,,,,STORE-002,,,
100673,PROD_0703,SUPP_042,43,0,32,2025-08-13 02:02:06.350000,2025-09-06 03:02:27.680000,1.24,2024-12-04 16:01:08.937000,43,5,,WH-EAST-01,5077.01,,
100813,PROD_1376,SUPP_061,0,0,  0  ,2023-09-21 04:49:23.029000,2025-07-20 22:50:55.905000,3.46,2024-11-29 09:41:09.807000,0,,,,,14,
101194,PROD_1325,SUPP_011,297,0,7,2025-06-29 02:33:14.901000,2025-09-01 13:24:26.188000,1.92,2023-10-30 00:40:28.976000,297,,In Stock,,42675.93,,
101156,PROD_1234,SUPP_052,197,19,7,2025-07-26 08:46:17.848000,2025-09-10 02:03:13.302000,1.64,2025-07-16 13:33:33.236000,,,,,,,
100338,PROD_1130,SUPP_056,758,  0  ,26,2025-09-04 18:19:55.189000,2025-08-15 12:53:51.679000,0.48,2023-10-19 22:19:08.599000,758,,,DROPSHIP,,,
100932,PROD_0710,SUPP_074,84,8,98,2025-09-09 12:13:25.608000,2025-09-05 20:52:30.985000,  3.37  ,2024-08-31 14:40:01.836000,76,,,,,3,
101078,PROD_0646,SUPP_009,16,4,90,2025-08-15 08:03:19.643000,2025-09-05 16:42:07.345000,0.63,2025-08-24 01:30:08.170000,,,,DC-01,,,
100945,PROD_0923,SUPP_999,770,Some,28,2025-09-11 18:17:34,2025-09-10 06:16:33.657000,Free,2024-05-31 02:11:59.955000,,,,,39015.9,3,
101273,PROD_0943,SUPP_059,2,0,29,2025-07-18 22:03:33.593000,2025-08-26 01:59:38.486000,2.84,2023-10-17 19:58:10.854000,2,,,,,,
100609,PROD_0365,SUPP_063,78,0,60,2025-08-16 15:58:17.446000,2025-09-04 19:16:19.178000,3.15,2025-02-11 16:44:08.532000,,6,In Stock,DC-02,,,2025-10-11 00:00:00
100863,PROD_0180,SUPP_009,633,189,52,2025-09-06 03:11:44.172000,2025-09-11 01:31:02.133000,3.52,2025-07-14 05:31:59.437000,,,,,,,
101237,PROD_0205,SUPP_002,788,78,130,2025-09-08 00:29:10.081573,2025-09-11 04:33:00.242000,1.81,2024-07-24 05:17:07.039000,,,,,,,
101097,PROD_0935,SUPP_048,1,0,22,2025-06-22 02:14:01.660000,2025-08-18 02:29:28.996000,3.24,2023-11-16 10:24:36.759000,,24,Low Stock,WH-EAST-01,,30,
100074,PROD_1141,SUPP_028,158,15,28,2025-08-28 08:25:38.816000,2025-09-04 17:42:34.070000,1.69,2024-12-13 02:39:22.928000,,,In Stock,DROPSHIP,,,
101246,PROD_1071,SUPP_035,315,0,29,2025-08-29 12:40:58.515000,2025-08-24 00:06:27.834000,1.71,2024-04-22 11:56:38.805000,,,In Stock,STORE-001,,,2026-09-11 00:00:00
100421,PROD_0893,SUPP_058,16,4,61,2025-08-22 21:30:26.362000,2025-09-08 17:26:07.749000,4.02,2025-04-10 02:57:53.561000,,3,  Low Stock  ,,,3,2025-10-15 00:00:00
100591,PROD_0067,SUPP_070,41,12,147,2025-09-07 23:09:53.188000,2025-09-11 17:27:22.051000,0.41,2024-10-03 16:53:48.397000,29,,,DC-02,,7,
101026,PROD_0327,SUPP_003,186,55,95,2025-08-27 09:17:28.170000,2025-09-08 17:53:28.639000,  3.77  ,2025-01-06 10:59:04.562000,,,In Stock,WH-WEST-01,,,
100623,PROD_0992,SUPP_035,16,  0  ,24,2025-08-07 08:30:20.981000,  2025-09-04 17:19:15.832725  ,3.53,2024-06-16 21:33:47.953000,,,,DC-02,2824.16,7,
100785,PROD_0557,SUPP_021,495,148,71,2025-08-19 20:23:27.753000,2025-09-10 10:43:17.801788,3.79,2025-06-15 03:21:06.542000,347,,In Stock,WH-CENTRAL-01,34689.6,3,
101215,PROD_1196,,397,-16,  26  ,2025-09-25 00:04:41.393000,2025-09-11 01:24:40.921000,-0.86,  2025-04-07 21:40:18.301460  ,,,,,,1,
100049,PROD_0759,,1000000,,-22,,2025-09-14 22:33:08.143000,,2025-09-23 07:11:17.369000,,,In Stock,,34720000,3,
100082,PROD_0165,SUPP_012,180,54,60,2025-09-11 02:41:15.576000,2025-09-10 20:20:18.061000,2.3,2023-12-20 09:49:18.788000,,,,WH-NORTH-01,,,2026-01-22 00:00:00
100333,PROD_0399,SUPP_021,108,32,33,2025-08-25 04:05:13.055000,2025-09-05 04:33:52.179000,1.11,2024-12-12 13:24:53.365000,,6,,,,,
100194,PROD_1369,SUPP_023,7,0,0,  2024-05-21 10:10:26.087323  ,  2024-12-23 23:25:12.094896  ,0.97,2024-10-01 04:45:34.017000,7,261,In Stock,,,,
100999,PROD_1480,SUPP_064,0,0,0,2023-12-12 20:15:54.342000,2025-09-04 20:41:08.011000,3.16,2025-01-28 21:53:44.125000,,6,,  STORE-002  ,,,
  100874  ,PROD_0625,SUPP_053,122,36,23,2025-08-29 19:23:28.705000,2025-09-05 13:20:06.811000,1.04,2025-08-14 19:31:41.534000,,6,,DC-01,21234.1,,
100096,PROD_0991,SUPP_005,245,122,15,2025-07-12 18:30:05.437000,2025-09-06 16:26:59.801000,4.67,2024-04-03 00:50:23.245000,,,,STORE-002,,1,
100544,PROD_0580,SUPP_043,39,0,48,2025-08-23 21:56:05.858000,2025-09-08 00:14:07.428000,1.96,2024-08-21 00:01:29.489000,39,3,,,,7,
100104,PROD_1043,SUPP_068,27,27,25,2025-07-08 15:33:46.099000,2025-09-11 04:17:28.554000,0.46,2024-04-15 16:27:15.864000,,,,STORE-002,4243.05,7,2026-01-20 00:00:00
100639,PROD_0274,SUPP_003,112,33,101,  2025-09-10 10:50:51.123418  ,2025-09-11 12:47:03.902000,2.43,2025-07-05 07:40:58.456000,  79  ,,,,11326.56,,
100381,PROD_0332,SUPP_006,94,9,46,  2025-08-30 12:43:37.472777  ,2025-09-09 12:51:04.801000,2.86,2025-08-08 10:25:22.863000,,,,,,,
101032,PROD_0969,SUPP_070,515,0,5,2025-07-14 03:31:37.943000,2025-08-28 21:59:01.379000,1.37,2024-08-13 23:14:44.654000,  515  ,,,,,,
100080,,SUPP_031,  -87  ,0,Medium,2025-08-28 21:50:32.711000,2025-08-19 21:50:32.711000,1.07,2024-09-02 22:12:30,,,Out of Stock,WH-WEST-01,,7,2025-08-24 00:00:00
100624,PROD_1026,SUPP_037,51,25,24,2025-07-26 10:08:13.179000,2025-08-16 20:31:05.745000,2.44,2025-04-16 07:24:01.669000,26,,,,,,2027-08-12 00:00:00
101166,PROD_0264,SUPP_021,169,16,  110  ,2025-09-08 16:34:44.626000,2025-09-11 09:46:39.186000,4.94,2024-01-30 20:20:12.247000,,0,In Stock,DROPSHIP,,14,
100718,PROD_0363,SUPP_021,87,0,32,2025-09-05 15:59:46.059000,2025-09-06 02:00:12.728000,3.31,2024-06-26 15:24:27.324000,,,In Stock,WH-EAST-01,,,
101083,PROD_0223,  SUPP_002  ,0,0,183,2025-09-05 22:51:40.258000,2025-09-11 16:39:05.248000,1.99,2023-12-17 15:33:12.795000,,0,,WH-WEST-01,,60,
101418,PROD_0265,SUPP_054,33,3,121,2025-09-06 10:20:59.943000,2025-09-10 23:21:51.877000,1.72,2023-11-15 00:05:55.212000,30,0,,STORE-002,,,
100725,PROD_1182,,450,,6,,2025-08-23 00:30:03.117000,,2025-04-08 05:45:47.167000,,19,In Stock,,40590,,
101098,PROD_1355,SUPP_012,0,0,0,2024-01-09 07:23:06.631000,2024-12-24 14:13:44.338000,3.76,2023-12-09 09:08:22.947000,,261,,,,3,
100873,PROD_0906,SUPP_071,41,0,21,2025-08-16 20:31:27.872000,2025-08-25 02:07:36.613000,0.81,2023-10-06 17:26:28.177000,41,,In Stock,STORE-001,  4731.4  ,7,
100679,PROD_0872,SUPP_020,44,0,31,2025-09-08 01:07:30.016000,2025-09-09 14:56:52.238000,4.76,2024-10-27 16:00:18.908000,,,,WH-NORTH-01,,,
100453!,PROD_0739,SUPP_031,10,  0  ,67,2025-08-18 03:27:05.556000,2025-09-11 10:36:32.226000,1.37,2025-06-13 21:47:34.955000,,,Low Stock,WH-WEST-01,293.3,,2027-03-29 00:00:00
100358,PROD_0901,SUPP_011,125,37,17,2025-07-28 18:01:03.865000,2025-09-01 02:39:24.571000,3.34,2024-10-29 15:07:49.444000,,,,,,7,
100978,PROD_1161,SUPP_052,194,58,22,2025-06-14 20:39:20.592000,2025-08-23 07:17:57.247000,2.42,2025-06-11 22:38:31.119849,,,,,37754.34,7,2026-02-16 00:00:00
100910,PROD_0691,SUPP_999,33,All,166,2025-09-11 18:17:12,2025-09-08 04:03:22.342000,Variable,2025-03-02 10:09:15.236000,,,,WH-CENTRAL-01,,,
100204,PROD_0738,SUPP_009,70,7,55,2025-08-19 20:26:13.856000,2025-09-06 13:19:34.581000,2.65,2024-11-25 07:46:24.490000,63,,,WH-EAST-01,7483,,
101465,PROD_0393,SUPP_029,19,0,43,2025-08-23 21:56:10.527000,2025-09-09 09:39:54.579000,2.63,2024-08-25 14:17:53.357000,19,2,,WH-WEST-01,,7,
100277,PROD_0144,,1000000,,-7,,2025-09-14 17:37:45.474637,,2025-09-13 00:41:09.846000,,,,STORE-001,,7,
100906,PROD_0160,SUPP_056,90,0,144,2025-09-08 02:39:03.725000,2025-09-11 14:34:50.847000,0.68,2024-10-10 20:04:51.658000,90,0,,,,,
  101188  ,PROD_0788,SUPP_025,21,0,57,2025-09-05 09:11:00.169000,2025-09-08 12:49:00.113746,1.54,2025-01-15 08:17:46.618000,,,Low Stock,WH-EAST-01,2148.72,,
100170,,SUPP_053,20,  0  ,35,2025-09-05 10:08:49.611000,2025-09-06 16:54:20.827000,2.99,2025-09-02 15:39:29.873000,20,,,,,,
  100111  ,PROD_0984,SUPP_071,332,33,30,2025-07-11 05:56:41.780000,2025-08-31 01:15:28.325000,4.94,2025-08-04 11:30:00.576000,299,,,DC-01,,,
100756,PROD_0103,SUPP_068,146,146,179,2025-09-10 13:07:03.529000,2025-09-11 08:55:31.915000,4.38,2024-06-12 06:13:45.874000,0,,,,,,
100355,PROD_0475,SUPP_057,83,0,82,2025-08-23 22:55:14.704000,2025-09-07 23:26:06.836509,0.63,2025-09-04 15:05:37.716000,,3,,DC-02,15185.68,,
101476,PROD_0585,SUPP_019,299,  0  ,71,2025-08-20 20:39:56.500000,2025-09-05 07:23:43.627000,1.11,2023-10-02 18:32:33.930000,,6,In Stock,DROPSHIP,,,2026-01-08 00:00:00
100787,PROD_1038,SUPP_072,194,58,  7  ,2025-06-21 15:57:39.053000,2025-08-28 09:14:25.652000,1.07,2024-07-13 03:17:28.846000,136,,In Stock,,16276.6,,
100573,PROD_0598,SUPP_011,  2  ,0,96,2025-08-16 03:43:27.594000,2025-09-11 15:13:38.034000,0.99,2023-11-27 01:03:07.195000,2,  0  ,,WH-SOUTH-01,,,
101471,PROD_0697,  SUPP_061  %,  41  ,12,73,2025-09-02 03:51:14.986000,2025-09-08 15:25:18.501000,4.76,2025-07-14 16:54:15.310000,29,,Low Stock,STORE-002,,,
100180,PROD_9999,,,-41,,2025-09-25 05:39:08.246000,,-4.97,,,,,,,1,
101369,  PROD_0909  ,SUPP_024,162,0,21,2025-09-07 22:21:25.688000,2025-08-30 12:24:26.896000,0.95,2023-12-15 03:27:56.497000,162,,,WH-SOUTH-01,3831.3,,
100670,PROD_1044,SUPP_064,385,0,8,2025-08-25 03:45:41.150000,2025-08-26 21:55:30.167000,2.15,2023-11-15 16:02:37.927000,385,,,STORE-001,,,2026-02-20 00:00:00
100795,PROD_1344,SUPP_064,47,23,23,2025-06-25 19:57:02.616000,2025-09-03 02:58:38.580000,3.53,  2024-01-24 16:11:27.278582  ,,8,,DC-02,,,
100075,PROD_1424,,7,,0,,2025-02-19 04:21:33.122000,,2024-03-01 13:49:56.870000,,,,WH-NORTH-01,,,
  100820  ,PROD_0152,SUPP_047,200,60,124,2025-09-05 14:49:24.650000,2025-09-11 02:13:28.617000,1.59,2024-09-29 12:38:56.838000,140,,,WH-CENTRAL-01,,,
100191,PROD_0807,SUPP_073,389,194,83,2025-08-22 23:46:07.385000,2025-09-06 22:40:43.281000,2.76,2025-04-01 17:54:46.149000,,,,,,,
100321,PROD_1270,SUPP_031,172,0,24,2025-08-19 21:15:40.659000,2025-08-14 02:55:56.169000,0.13,2025-02-04 21:36:54.393000,  172  ,28,,WH-SOUTH-01,,,
100090,PROD_0181,,,-33,,  2025-09-24 06:23:42.368664  ,,-2.8,,,,,,,60,
100164,PROD_0221,SUPP_018,  7  ,3,113,2025-09-10 23:04:23.257000,2025-09-11 14:19:56.082000,0.82,2025-07-29 05:49:52.369000,,,Low Stock,,571.06,,
101376,PROD_1269,SUPP_041,26,2,11,2025-07-08 09:24:02.415000,2025-08-24 01:52:33.305000,3.25,2024-06-14 20:48:15.308000,24,,,,,,
  100774  ,PROD_0333,SUPP_073,125,12,49,2025-08-31 11:00:53.149000,  2025-09-05 01:51:46.942803  ,3.5,2024-02-05 03:35:20.138000,,,In Stock,WH-CENTRAL-01,,,
101267,PROD_0259,SUPP_050,111,0,166,2025-09-07 10:21:27.887000,2025-09-11 14:51:43.800000,3.74,2023-10-09 21:03:02.932000,111,,Low Stock,STORE-002,,,
100399,PROD_1353,SUPP_014,0,0,0,2024-12-06 06:02:52.926000,2025-08-13 01:28:07.276000,3.41,2025-01-15 05:54:53.823000,,29,Out of Stock,,,3,
101173,PROD_0429,SUPP_043,64,6,20,2025-09-02 02:55:18.408000,2025-09-09 01:33:19.739000,  2.82  ,  2024-01-22 20:02:07.310878  ,  58  ,,,WH-WEST-01,12105.6,,
100392,PROD_0520,SUPP_072,88,26,34,2025-08-14 02:29:43.473000,2025-09-04 22:07:04.478000,2.14,2024-12-28 14:42:04.231000,  62  ,,,wh-west-01,8668.88,30,
100367,PROD_1215,SUPP_006,64,19,20,2025-08-02 12:53:06.349000,2025-08-25 17:15:14.877000,2.62,2023-11-13 21:09:06.294000,,,,,,30,
  100628  ,PROD_1103,SUPP_003,  426  ,0,20,2025-06-28 05:59:06.084000,2025-08-31 06:28:50.721000,0.25,  2024-02-01 05:38:15.151126  ,,11,In Stock,  DC-02  ,18232.8,30,
100360,PROD_9999,UNKNOWN,,-21,,2025-10-02 14:41:09.660000,,-0.39,,,,,,,7,
100474,PROD_0013,  SUPP_051  ,71,71,  107  ,2025-09-09 13:06:12.172000,2025-09-11 02:49:05.697000,4.89,2024-03-31 03:39:07.180000,0,,,WH-WEST-01,,,
100263,PROD_0618,SUPP_034,75,0,70,2025-08-16 12:33:32.020000,2025-09-09 06:14:11.379000,3.8,2024-08-17 13:34:03.601000,,,,STORE-002,,,
100524,PROD_0507,SUPP_057,98,29,30,2025-09-09 03:59:42.832000,2025-09-09 22:48:08.414000,1.81,2025-05-04 00:29:11.207000,69,1,,STORE-001,17787.98,,
101329,PROD_0926,SUPP_038,259,25,21,2025-08-18 20:21:48.729000,2025-08-30 23:29:19.514000,3.95,2025-06-08 16:44:57.176000,234,11,,,,14,
100391,PROD_0819,SUPP_035,33,16,21,2025-08-27 01:09:38.281000,  2025-09-09 19:37:06.936896  ,0.77,2024-05-02 05:46:17.172000,17,1,,,,,
101138,PROD_1094,SUPP_040,73,7,9,2025-08-23 14:42:34.603000,2025-09-05 19:35:49.415000,1.68,2025-07-13 21:05:26.210000,,,,DROPSHIP,,1,2027-08-06 00:00:00
101020,,SUPP_074,Unknown,0,,2025-08-24 05:49:09.691000,,1.1,,,,,WH-SOUTH-01,,-3,
101304,PROD_0635,SUPP_044,91,27,65,2025-09-11 12:54:13.640225,2025-09-07 10:58:27.772000,3.06,2024-02-01 03:55:09.084000,64,,,,15288,,
100292,PROD_1390,SUPP_021,0,0,0,2024-09-30 03:09:51.309751,2025-08-26 22:35:28.309000,1.55,2025-07-09 13:43:35.691000,,,,,,,
100962,PROD_0929,SUPP_070,98,49,28,  2025-07-20 19:34:39.889103  ,2025-09-01 10:28:16.220000,0.21,2024-09-01 09:43:25.902000,,,,,,,
100511,PROD_0228,SUPP_027,95,28,  102  ,  2025-09-11 13:24:07.708883  ,2025-09-11 07:36:36.205000,1.26,2025-05-02 02:41:27.613000,67,0,,,,,
100248,PROD_0305,SUPP_006,94,9,30,2025-08-26 03:22:58.658000,  2025-09-05 22:19:11.758146  ,1.59,2024-05-26 01:57:23.717000,,,,DC-01,16076.82,,
101187,PROD_0814,SUPP_033,49,0,66,2025-08-31 00:39:00.257000,2025-09-11 01:45:58.932000,4.3,2024-07-10 02:10:46.502000,,,Low Stock,,,,2027-03-21 00:00:00
100336,PROD_0387,  SUPP_034  ,71,21,61,2025-08-21 18:51:13.798000,2025-09-10 09:41:38.422000,2.32,2024-10-27 02:17:02.882447,,,,,,14,
100845,PROD_0312,SUPP_064,3,  15.75  ,40,2025-08-20 23:20:31.808000,2025-09-11 11:19:03.663000,0,2024-02-10 04:25:08.662000,,,,WH-NORTH-01,,,
100309,PROD_0058,SUPP_006,129,38,54,2025-09-05 23:48:24.324000,2025-09-11 14:10:16.921000,1.8,2023-11-14 15:26:54.809000,91,0,,,,14,2026-01-24 00:00:00
100793,PROD_0061,SUPP_063,152,15,127,2025-09-05 12:15:40.363000,2025-09-10 18:57:08.526000,1.72,2024-11-27 15:58:16.364000,137,,In Stock,STORE-002,,,
100970,PROD_0296,SUPP_033,84,42,60,2025-09-11 06:44:35.480000,2025-09-11 17:04:13.974000,4.16,2024-01-04 06:39:16.526000,,0,In Stock,DC-01,7441.56,,
100940,PROD_0011,SUPP_020,192,0,99,2025-09-05 08:51:04.676000,2025-09-11 15:00:58.998000,1.02,2024-11-17 10:06:55.756000,,,In Stock,DC-02,22907.52,7,
100337,PROD_0282,SUPP_052,2,0,168,2025-09-08 15:56:52.031000,2025-09-11 03:38:44.406000,2.06,2024-02-07 19:36:20.209000,,,,DROPSHIP,,,
100994,  PROD_0528  ,SUPP_024,65,0,70,2025-08-23 22:53:37.794000,2025-09-07 15:32:19.276000,3.43,2023-11-26 02:20:39.618000,65,,,WH-EAST-01,,,
100601,PROD_0656,SUPP_025,127,38,36,2025-08-14 08:31:49.478724,2025-09-06 03:54:25.982000,  4.7  ,2025-08-30 17:37:17.186000,89,,,,,,
100691,PROD_1146,  SUPP_061  ,196,58,13,2025-08-30 04:47:16.415000,2025-08-26 11:30:17.121000,2.12,2025-02-03 08:05:31.998000,,16,,WH-CENTRAL-01,23863,,
100110,PROD_1084,SUPP_061,209,310,13,2023-01-09 12:09:13.747000,2025-08-26 06:41:38.493000,0.001,2024-04-16 11:51:21.603000,,,,,,,
100436,PROD_0319,SUPP_066,73,21,52,2025-08-19 23:54:08.911000,2025-09-08 11:04:32.676000,1.84,2025-09-02 04:21:16.104000,,3,In Stock,STORE-002,6953.98,,
100305,PROD_0869,SUPP_004,42,42,76,2025-09-05 09:39:18.953000,2025-09-11 07:40:25.969000,3.15,2025-06-13 17:26:38.380000,,0,Low Stock,WH-NORTH-01,,,
100619,PROD_0665,SUPP_025,16,4,87,2025-09-01 03:50:51.525000,2025-09-09 23:48:04.571000,2.62,2023-09-29 15:13:43.898777,  12  ,1,,,2124.48,,2025-10-09 00:00:00
100915,PROD_0290,SUPP_062,23,6,  179  ,2025-09-11 05:41:33.603000,2025-09-11 11:58:28.720000,1.44,2025-01-01 21:27:50.758090,  17  ,0,,,,14,
100582,PROD_0137,SUPP_047,32,3,66,2025-09-10 08:56:07.827000,  2025-09-10 20:26:09.916051  ,1.14,2024-08-03 20:35:14.268000,29,,Low Stock,,,,
101314,  PROD_0413  ,SUPP_017,41,  4  ,31,2025-08-28 12:17:46.475000,2025-09-09 21:28:28.944000,0.88,2024-01-19 03:23:11.354000,,1,In Stock,DC-02,2591.2,,
  100169  ,  PROD_0239  ,SUPP_014,34,17,84,2025-09-05 05:51:00.420000,2025-09-11 08:23:48.498000,3.24,2024-05-09 06:57:07.176000,17,,,WH-WEST-01,,14,
101460,PROD_0953,SUPP_053,77,7,22,2025-07-31 04:31:36.672000,2025-09-02 20:33:02.868000,  2.33  ,2024-06-02 12:07:11.035150,70,,,,5191.34,,
101082,PROD_0297,SUPP_015,602,0,195,2025-09-09 11:05:44.270000,2025-09-11 17:33:25.195000,1.13,2024-11-09 07:37:17.334000,602,,,,  86555.56  ,,
101294,PROD_0411,SUPP_032,  457  ,228,38,2025-08-25 13:12:58.604000,  2025-09-06 22:38:57.804142  ,0.54,2024-03-09 04:42:37.493000,,,,,,,
101135,PROD_1467,  SUPP_005  ,0,0,0,2024-05-13 16:56:55.221000,2024-10-26 10:36:03.740000,4.19,2024-07-29 01:02:32.553000,,320,,STORE-002,,14,
101018,PROD_1343,SUPP_023,168,16,27,  2025-06-27 00:39:05.995804  ,2025-08-16 00:06:36.044000,3.67,2024-09-03 17:42:06.606000,152,,,DROPSHIP,31179.12,,
101233,PROD_0648,SUPP_027,490,49,70,2025-08-28 12:39:57.939000,2025-09-09 18:33:10.043000,4.91,2024-08-23 08:30:15.089000,,,,,,,
101454,PROD_1453,SUPP_047,0,0,0,2025-01-07 15:54:00.860000,2025-07-04 15:05:41.615078,4.06,2025-04-10 12:39:02.045000,0,69,,WH-WEST-01,,,
101189*,PROD_0410,SUPP_002,  99  ,9,64,2025-09-10 22:11:30.160000,2025-09-10 13:20:16.942000,0.45,2024-06-20 19:08:13.599000,,,In Stock,DC-01,10086.12,,
100371,PROD_0603,SUPP_020,314,0,  80  ,2025-08-29 11:21:10.204000,  2025-09-05 11:40:36.562456  ,3.69,2024-05-27 19:27:32.465000,  314  ,6,In Stock,DC-02,,,
100209,PROD_0070,SUPP_031,382,38,  191  ,2025-09-09 01:38:42.073000,2025-09-11 05:25:43.287000,  1.81  ,2024-08-05 19:19:08.513000,344,,,,53224.06,,
100728,PROD_0684,SUPP_057,80,  8  ,41,2025-09-06 06:44:38.877000,2025-09-05 14:48:47.349000,3.4,2024-06-19 08:53:44.437000,,,,,15496.8,,
101310,PROD_0719,SUPP_005,154,154,21,2025-08-28 07:40:13.018000,2025-09-10 21:29:33.530000,1.12,2025-05-10 09:34:28.939000,,  0  ,Fully Reserved,WH-CENTRAL-01,  23198.56  ,1,2027-01-29 00:00:00
100646,PROD_1027,SUPP_004,41,0,5,2025-09-10 00:23:51.145000,2025-08-15 20:38:44.233000,1.86,2025-05-14 03:23:00.397000,41,,In Stock,STORE-002,,7,
101177,PROD_0627,SUPP_009,197,19,60,2025-08-14 13:58:43.087000,2025-09-08 15:14:52.633000,0.39,2024-08-30 23:03:58.037000,178,,In Stock,,37372.87,,
,,,,,,,,,,,,,,,,
  100171  ,PROD_1373,SUPP_037,  1  ,0,0,2025-04-17 13:53:05.380000,  2025-05-10 23:12:11.517850  ,3.07,2023-12-17 13:30:52.438000,,123,,,157.84,,
100896,PROD_1405,SUPP_018,0,0,0,2025-08-06 14:13:29.140000,2025-05-28 03:20:40.729000,0.18,2023-11-14 09:17:17,,,,,,7,
100615,PROD_0642,SUPP_014,125,  0  ,61,2025-08-24 08:09:15.423000,2025-09-04 22:28:27.025000,4.32,  2024-09-21 23:25:23.589228  ,,6,,WH-NORTH-01,,90,2026-09-01 00:00:00
101298,  PROD_1225  ,SUPP_016,171,17,29,2025-06-15 13:06:55.936000,2025-08-25 14:02:58.769000,4.58,2025-03-19 14:44:36.483000,154,,,,,3,
101467,PROD_0716,SUPP_032,79,23,51,2025-08-17 06:07:12.047000,2025-09-08 01:14:38.713000,1.46,2025-03-11 18:15:31.044000,,,,DC-01,,7,
100318,PROD_0460,SUPP_059,19,1,40,2025-09-03 06:30:16.368000,2025-09-05 09:36:06.507000,3.62,2025-04-25 00:24:18.148000,,,,,,,
100580,PROD_1352,SUPP_055,8,0,0,2023-11-05 23:17:51.433000,2025-01-06 15:08:47.955000,2.9,2025-08-20 22:55:15.372000,,,,,464.08,14,
100806,PROD_1371,SUPP_035,0,0,0,2024-08-06 15:28:22.456000,2025-02-24 05:23:50.544000,4.14,2025-06-17 23:13:09.721000,0,199,,,,,
101475,PROD_0840,,9,,35,,2025-09-05 03:30:30.419000,,2024-12-27 15:30:42.680000,,,Low Stock,DC-02,,,
100631,PROD_0537,SUPP_063,0,0,25,  2025-08-20 06:49:07.297600  ,2025-09-09 20:13:21.383000,1.16,2025-08-07 08:44:40.236000,,,Out of Stock,WH-WEST-01,,,
100494,  PROD_1167  ,SUPP_049,151,0,8,2025-09-06 01:34:09.283000,2025-08-22 16:45:53.561000,1.71,2024-03-04 03:14:02.158000,,,,WH-SOUTH-01,,,
100584,PROD_0171,SUPP_043,76,0,200,2025-09-10 13:04:34.617000,2025-09-11 15:41:10.582000,4,2025-01-02 10:51:58.280000,,,Low Stock,WH-EAST-01,,,
  100428  ,PROD_0734,SUPP_067,76,76,39,2025-08-14 21:19:11.968000,2025-09-05 09:19:52.438000,2.82,2023-11-26 16:05:00.076507,,,,STORE-001,,,
100894,PROD_1280,SUPP_052,863,86,24,2025-06-14 20:09:36.932000,2025-08-28 12:30:49.972000,2.93,2024-05-26 01:25:14.718000,777,,,DC-02,,,
101072,PROD_1291,SUPP_022,118,0,26,2025-06-29 01:47:20.545000,2025-08-13 04:29:10.838000,2.83,2025-03-30 04:58:04.818000,,29,In Stock,STORE-002,,,
101103,PROD_0742@,SUPP_068,240,24,74,2025-09-09 16:24:15.452000,2025-09-06 19:09:42.189000,2.29,2023-11-09 03:00:15.306000,216,4,,WH-NORTH-01,42897.6,,2026-04-18 00:00:00
101093,PROD_0178,SUPP_052,38,11,172,2025-09-09 12:02:39.271000,2025-09-10 18:56:48.131000,1.74,2024-06-26 05:11:57.810000,,0,Low Stock,STORE-001,7568.08,,2027-05-15 00:00:00
100247,PROD_0075,  SUPP_061  ,107,32,189,2025-09-08 13:57:47.916000,2025-09-10 20:47:09.459000,1.55,2025-01-07 01:43:19.778000,75,0,,WH-SOUTH-01,17123.21,7,
100599,PROD_0780,  SUPP_053  ,292,29,54,2025-09-08 02:06:25.993000,2025-09-10 10:07:07.731000,4.41,2023-09-30 17:51:45.579000,263,,In Stock,,  25074.04  ,,
100956,PROD_0266,SUPP_047,28,8,  110  ,2025-09-08 01:18:40.096000,2025-09-11 05:10:15.932000,2.12,2025-04-18 14:20:03.325000,,,,STORE-002,,14,
100772&,PROD_1332,SUPP_013,138,0,16,2025-06-23 21:23:17.280000,2025-08-25 11:16:22.241000,2.19,2024-01-29 10:22:41.971000,138,17,In Stock,,,,
,,,,,,,,,,Calculate,Unknown,,,,,
100314,PROD_1284,SUPP_061,389,38,9,2025-07-03 11:38:29.001000,2025-08-27 02:36:52.484000,0.9,2025-03-11 11:43:54.708000,,15,,,72143.94,,
100841,PROD_0790,SUPP_062,240,24,60,2025-08-18 22:03:29.989000,2025-09-07 23:29:51.015000,3.06,2023-09-15 06:51:21.117000,216,,In Stock,WH-NORTH-01,,3,
101106,PROD_1023,SUPP_014,286,28,21,2025-07-15 18:06:43.575000,  2025-09-04 19:44:57.435555  ,4.71,2023-12-04 12:15:57.421000,258,,,,,14,
100997,PROD_1420,SUPP_071,0,0,0,2023-12-22 19:54:58.012000,2025-08-02 11:38:49.505000,1.8,2024-01-16 01:51:24.747000,,40,Out of Stock,STORE-002,,,
100153,PROD_0799,SUPP_069,156,46,65,2025-08-31 09:21:54.895000,2025-09-09 03:52:09.453000,0.92,2024-04-24 22:51:59.921000,110,2,In Stock,  DROPSHIP  ,12937.08,,
100513,PROD_0589,SUPP_055,59,17,42,2025-08-24 14:34:57.915000,2025-09-08 06:40:35.969000,  1.36  ,2023-12-09 03:31:39.734000,,,,STORE-001,,3,2026-01-16 00:00:00
100412,PROD_0183,SUPP_027,28,8,110,2025-09-05 22:12:30.682000,2025-09-11 13:09:35.980000,2.09,2025-04-22 15:23:59.026000,,0,,,,,
101089,  PROD_0536  ,SUPP_071,69,20,71,2025-08-13 23:41:37.109000,2025-09-11 16:26:42.479000,0.88,2024-08-11 16:01:37.286000,49,,,WH-EAST-01,,,
101268,PROD_0907@,SUPP_039,72,72,17,2025-06-24 02:02:17.807000,2025-08-22 13:50:35.060000,1.3,2024-08-31 09:22:11.551927,0,,  Fully Reserved  ,,14013.36,,
100817,PROD_1324,SUPP_053,102,51,26,2025-07-13 13:31:24.819000,2025-08-14 05:37:34.292000,1.98,2025-09-07 04:29:30.498000,51,,,WH-CENTRAL-01,,,2027-01-14 00:00:00
101426,PROD_1126,SUPP_001,11,5,6,2025-06-28 15:50:34.679000,2025-08-29 15:19:21.346000,4.03,2024-07-01 02:17:42.578000,6,,,DC-01,1691.03,  1  ,
,,,,,,  null  , ,,, ,,,,,,
100521,PROD_0416,SUPP_001,19,5,68,2025-09-08 16:11:10.291000,2025-09-07 03:05:06.406000,3.05,2024-04-26 10:13:02.803000,14,,,WH-SOUTH-01,,,2027-05-30 00:00:00
100361,PROD_0131,SUPP_032,0,0,128,2025-09-11 01:24:28.686000,2025-09-10 22:37:41.229000,4.12,2023-09-23 17:18:49.752000,0,,Out of Stock,,,,
100234,PROD_0314,SUPP_014,411,41,69,2025-08-30 15:58:32.599000,2025-09-09 04:29:31.349000,2.15,2025-02-18 03:58:40.313000,,,,  WH-NORTH-01  ,79836.75,,
100465,PROD_0375,SUPP_039,19,5,46,2025-09-10 16:51:38.200000,2025-09-07 22:14:44.448000,3.94,2024-03-23 20:47:43.375000,14,,Low Stock,,,7,
100491,PROD_0892,SUPP_037,308,92,21,2025-09-02 23:29:43.132000,2025-09-06 07:49:38.867000,2.41,2024-06-14 16:27:07.815000,216,5,,WH-CENTRAL-01,,,
101249,PROD_0870,SUPP_025,17,0,37,2025-09-11 01:56:19.721000,2025-09-08 17:46:46.847000,1.81,2025-08-28 06:42:38.362000,17,3,Low Stock,WH-EAST-01,,,
100004,PROD_0353,SUPP_069,41,41,91,2025-09-04 12:39:53.696000,  2025-09-09 15:36:39.706089  ,  1.18  ,2024-04-02 06:18:38.142000,0,2,Low Stock,,,,
100610,  PROD_0868  ,SUPP_033,73,36,87,2025-08-30 16:04:38.821000,2025-09-08 04:44:10.209000,1.83,2023-11-04 12:30:53.045000,,3,,,,,
100576,PROD_0882,SUPP_069,375,37,94,2025-08-16 03:38:18.947000,2025-09-07 20:21:33.030000,3.6,2024-03-21 09:16:29.371000,338,,In Stock,WH-NORTH-01,,,
100519,PROD_0275,SUPP_023,85,8,78,2025-09-08 18:25:24.655000,2025-09-10 19:13:22.034000,2.31,2024-07-02 15:32:58.642000,,,In Stock,WH-CENTRAL-01,13837.15,7,2025-10-10 00:00:00
100751,PROD_1276!,SUPP_018,220,0,26,2025-09-06 18:40:01.676000,2025-08-15 19:12:20.513000,3.61,2024-10-04 15:37:47.881000,,26,,,,,
101171,PROD_0434,SUPP_037,68,20,36,2025-08-24 05:22:17.469000,2025-09-05 13:35:02.069000,  0.28  ,2024-10-12 01:01:04.009000,,  6  ,,,,,
101048,PROD_1327,SUPP_075,  29  ,2,5,2025-06-26 01:00:49.570000,2025-09-05 10:53:09.225000,3.68,  2025-01-05 10:18:08.579436  ,27,6,In Stock,DROPSHIP,3018.9,60,2026-12-25 00:00:00
100120,PROD_9999,SUPP_061,,0,,2025-09-11 16:07:27.671000,,  3.29  ,,,,,WH-SOUTH-01,,,
101115,PROD_1297,SUPP_021,134,40,5,2025-08-11 05:45:41.887000,2025-09-07 00:37:41.528000,  0.46  ,2023-11-14 04:09:15.681000,,4,,,,,
100832,PROD_1068,SUPP_045,835,83,26,2025-08-02 17:30:22.972000,2025-08-19 00:16:21.323000,3.85,2025-04-18 07:52:23.883000,752,23,In Stock,WH-EAST-01,56020.15,,
100446,PROD_0143,SUPP_072,182,54,162,2025-09-10 03:55:26.040000,2025-09-11 02:21:49.953000,4.02,2024-03-28 23:02:12.668000,128,0,,WH-WEST-01,22546.16,,
100872,PROD_1175,SUPP_002,185,18,14,2025-07-18 09:18:26.646000,2025-08-18 08:05:35.359000,4.41,2024-11-07 10:56:38.387000,167,,,,29829.4,,
101101!,prod_0806,SUPP_015,420,42,38,2025-08-27 01:21:36.668000,  2025-09-05 09:28:51.476941  ,4.89,2025-04-26 16:46:02.808000,,,In Stock,,,1,
100089,prod_0821,SUPP_065,183,91,37,2025-09-10 16:55:21.244000,2025-09-08 19:32:33.526000,4.38,2024-11-05 21:23:43.696000,,2,In Stock,,,,
100403,PROD_1485,SUPP_070,15,7,  0  ,  2024-04-29 01:50:16.698251  ,2025-04-25 18:07:54.683000,0.68,2025-08-07 14:02:23.291000,,,In Stock,DC-02,,30,
100148,PROD_0384,SUPP_049,38,3,28,2025-09-02 11:20:57.624000,2025-09-10 16:20:04.814000,0.92,2025-09-11 07:20:28.544000,,1,In Stock,,2865.96,,
100115,PROD_1106,SUPP_061,48,0,15,2025-09-04 21:58:17.282000,  2025-08-25 12:25:25.200142  ,4.99,2024-12-28 08:49:28.982000,,17,,DC-02,,,
100285,PROD_1326,SUPP_035,99,0,25,2025-08-25 02:53:23.490000,2025-08-17 05:33:39.203000,2.33,2024-05-08 20:32:36.342000,,,In Stock,DROPSHIP,,,2026-01-08 00:00:00
100709,PROD_1442,SUPP_067,8,0,0,2024-10-16 21:37:33.298000,2025-06-20 02:20:41.651000,4.75,2023-11-27 04:49:35.417000,8,83,,WH-CENTRAL-01,,14,
  100782  ,PROD_1359,SUPP_049,0,0,  0  ,2024-02-28 03:31:04.014000,2025-03-16 06:16:50.470000,4.21,2025-07-03 13:03:16.960000,  0  ,179,,WH-WEST-01,,,2027-06-05 00:00:00
101047,PROD_0157,SUPP_053,58,17,74,2025-09-08 00:18:08.787000,2025-09-11 04:27:07.453000,4.26,2024-02-06 20:00:15.317000,41,,Low Stock,STORE-002,2950.46,,
  101455  ,PROD_1176,SUPP_046,828,82,29,2025-08-22 18:20:13.691000,2025-08-22 08:54:28.561000,0.87,2024-08-03 14:03:10.162000,746,20,In Stock,,,,
101430,PROD_1074,SUPP_024,873,1679,7,2023-07-10 18:46:15.831000,2025-09-09 13:56:31.706000,0.001,2025-06-11 06:31:56.574000,-806,,,,140247.45,,
101255,PROD_1154,SUPP_041,66,0,30,2025-07-13 04:09:04.619000,2025-08-24 11:55:09.868000,2.86,2023-12-15 14:46:59.658000,66,,,,,14,
101110,PROD_0088,SUPP_046,Unknown,0,,2025-09-07 19:12:06.587000,,3.4,,,,,WH-NORTH-01,,,
101130,PROD_0766,SUPP_051,26,2,39,2025-08-27 08:30:23.852000,2025-09-10 06:11:03.934000,0.51,2025-03-27 19:44:15.464000,,,Low Stock,DC-02,,7,
100402,PROD_0498,SUPP_049,62,18,29,2025-08-18 08:03:58.589000,2025-09-08 15:32:56.126000,3.34,  2024-04-10 06:30:58.424590  ,44,,,STORE-001,,,
100959,PROD_1339,SUPP_025,742,74,12,2025-07-30 15:00:32.084000,2025-08-21 13:24:20.194000,0.86,2024-08-23 11:04:37.756000,668,,,,46412.1,,
100442,PROD_1387,SUPP_030,0,0,0,2025-02-26 12:00:37.830000,  2024-10-02 16:09:01.165299  ,2.92,2025-07-18 16:56:00.885000,0,,,WH-SOUTH-01,,7,
100893,PROD_0884,SUPP_074,80,24,51,2025-08-28 08:41:21.419000,2025-09-06 22:57:10.592000,  0.89  ,2025-01-15 18:02:34.336000,,,,WH-EAST-01,,14,
101272!,PROD_0768,SUPP_001,5,0,28,2025-08-19 06:19:39.947000,2025-09-11 00:17:42.524000,2.53,2024-07-31 04:45:17.277000,,0,,WH-CENTRAL-01,374.55,,2027-05-14 00:00:00
101325,PROD_1426,,  5  ,,0,,2025-08-24 21:17:48.351000,,2024-06-07 09:56:22.870000,,,In Stock,,86.2,,
101198,PROD_0511,SUPP_015,362,108,34,2025-08-25 17:45:29.861000,2025-09-06 16:21:41.729000,0.54,2024-09-08 06:58:53.927000,,,In Stock,  STORE-001  ,43324.16,,
  101399  ,PROD_1021,SUPP_016,977,97,23,2025-08-01 01:00:24.343000,2025-08-16 00:35:02.422000,2.7,2025-01-03 16:22:59.978000,880,,,WH-SOUTH-01,,7,
101261,PROD_0292,SUPP_041,74,7,153,  2025-09-07 04:34:58.656940  ,2025-09-11 03:42:35.208000,4.97,2024-07-11 11:18:33.654000,67,,Low Stock,DROPSHIP,4053.72,7,
101205,PROD_1099,SUPP_062,616,61,  17  ,2025-08-21 12:46:35.484000,2025-08-30 03:09:23.144000,0.57,2025-08-24 03:43:05.829000,555,,In Stock,,102243.68,7,2026-06-14 00:00:00
100804,PROD_0779,SUPP_006,335,167,60,2025-08-26 14:29:36.849000,2025-09-06 19:47:10.050000,0.46,2025-01-28 06:43:39.728000,,4,,,2693.4,,2026-08-15 00:00:00
100859,PROD_0220,SUPP_033,142,42,92,2025-09-09 22:32:14.189000,2025-09-10 21:04:02.495000,4.46,2024-05-06 23:10:34.243000,100,,In Stock,,4725.76,30,
100833,PROD_0156,SUPP_073,166,16,177,2025-09-05 05:26:50.647000,2025-09-11 01:03:16.746000,1.57,2024-05-17 00:39:39.634000,150,,,STORE-002,,,
101118,PROD_1170,SUPP_043,973,291,30,2025-07-10 07:09:34.020000,2025-08-14 06:59:15.291000,4.91,2023-11-26 06:39:04.302000,682,,,DROPSHIP,,,
100393,PROD_0939,SUPP_023,230,0,9,2025-09-05 10:57:21.944000,2025-08-28 05:50:21.194000,  4.3  ,2024-05-11 01:33:19.358000,,,,,,,
  100459  ,PROD_0392,SUPP_018,79,7,61,2025-09-10 22:33:58.540000,2025-09-09 17:52:52.417000,0.54,2023-10-14 08:26:31.190000,,,,DROPSHIP,,30,
101004,PROD_0986,SUPP_068,145,145,21,2025-08-28 21:23:04.199000,2025-09-10 05:27:12.840000,0.62,2024-05-26 13:27:44.439000,,,,DC-01,14569.6,7,
100526,PROD_1018,SUPP_070,113,56,27,2025-06-29 09:35:46.680000,2025-09-06 20:56:48.548000,0.54,2023-10-06 10:35:21.442000,,4,,WH-EAST-01,20455.26,,
100538,PROD_1014,SUPP_016,875,0,24,2025-09-11 12:51:24.718000,2025-09-08 23:17:59.770000,3.51,2024-06-21 21:51:11.355000,,,,,,,
  100059  ,PROD_1214,,99999,,-23,,2025-10-01 18:27:26.535000,,2025-10-09 11:49:13.763000,,,,DC-01,11714882.85,3,2027-01-25 00:00:00
100274,PROD_0519,SUPP_049,33,16,43,2025-09-11 00:35:34.740000,2025-09-10 02:06:55.189000,2.79,2024-05-02 09:23:24.561000,,,,,2519.88,7,2025-12-10 00:00:00
,DISCONTINUED,,-37,,High,,2024-11-09 15:08:53.040000,,2025-03-11 00:26:45,,,Out of Stock,STORE-002,,,
,,,,, ,,,  null  , ,,,,,,,
101436,PROD_0087,SUPP_043,46,  13  ,188,2025-09-10 20:29:16.597000,2025-09-11 13:55:40.583000,2.66,2024-05-06 03:37:38.715000,33,,Low Stock,,4811.14,,
100363,PROD_0176,SUPP_016,157,47,162,2025-09-08 17:31:42.692000,2025-09-11 10:34:20.821000,1.29,2024-06-18 16:12:40.285000,,0,,WH-CENTRAL-01,19535.51,,
100385,PROD_1164,SUPP_999,0,All,16,11-09-2025,2025-08-29 01:44:53.367000,Variable,2025-02-05 19:31:08.930000,,13,,,,,
100607,PROD_0213,SUPP_025,188,56,105,2025-09-06 19:44:43.686000,2025-09-11 17:55:35.367000,4.35,2024-01-26 20:47:14.243000,,,In Stock,,,3,
101344,  PROD_0496  ,SUPP_036,79,7,89,2025-08-14 12:40:07.229000,2025-09-05 19:58:39.311000,3.79,2025-05-23 18:45:31.977000,72,,,DC-01,,,
101407,PROD_0530,  SUPP_027  ,74,74,70,2025-09-04 14:10:17.533000,2025-09-09 02:04:57.439000,2.07,2024-03-12 12:20:08.038000,,,,,6762.12,,
101162,PROD_1380,SUPP_075,0,0,0,2024-10-29 13:26:58.187000,2025-06-23 21:38:43.483000,0.81,2025-05-13 20:09:20.099000,0,,,,,3,
100835,PROD_1443,SUPP_023,86,0,0,2025-06-04 20:21:31.423000,2025-05-27 02:43:20.832000,0.18,2025-02-11 19:22:40.899000,,,,WH-SOUTH-01,,7,
101444,PROD_0082,SUPP_009,24,0,177,2025-09-05 16:31:46.887000,2025-09-11 00:44:50.520000,2.58,2025-04-13 02:47:15.627000,,,,,,14,
101484,PROD_1397,SUPP_040,0,0,0,2025-06-19 21:41:04.168000,2025-08-25 12:41:32.876000,  2.37  ,2025-06-19 07:42:58.160000,0,17,,WH-CENTRAL-01,,,
101499,PROD_1477,SUPP_074,1,0,0,2023-10-27 20:46:07.510112,2025-06-26 21:36:35.873000,4.79,2024-02-15 04:23:42.646000,1,76,,DC-01,,,
100193,prod_0862,SUPP_051,33,0,40,2025-08-27 08:00:00.139000,2025-09-07 15:54:23.325000,3.69,2025-03-16 18:06:15.960000,33,4,Low Stock,STORE-001,,14,
100047,PROD_0679,SUPP_033,218,109,93,2025-08-27 22:13:05.279000,2025-09-11 02:25:12.510000,  2.98  ,2023-11-18 16:56:09.758000,109,0,,,25586.66,,
100416,PROD_0329,SUPP_041,75,75,38,2025-08-27 10:44:02.018000,2025-09-09 03:47:46.194000,1.88,2024-08-07 10:54:19.925000,,2,  Fully Reserved  ,WH-SOUTH-01,9234.75,14,
100390,  PROD_0140  ,SUPP_038,Few,15.75,,2025-09-07 22:49:10.178000,,0,,Check system,,,WH-WEST-01,,,2026-09-26 00:00:00
101127,PROD_0095,SUPP_053,101,50,138,2025-09-09 00:05:22,2025-09-11 13:22:01.884000,3.6,2024-04-21 02:16:58.272000,,0,,STORE-001,,,
100217,PROD_0191,SUPP_063,6,0,103,2025-09-10 10:56:19.157000,2025-09-11 09:49:41.545000,3.83,2024-09-17 17:22:46.850000,6,0,,,,,
101457,  PROD_0377  ,  SUPP_074  ,341,341,28,2025-09-04 18:56:56.792000,2025-09-06 23:58:07.184000,1.34,2024-08-28 20:31:24.424000,,,,,7270.12,3,
100855,PROD_1245,,56,-46,28,2025-10-05 00:48:39.259000,2025-08-28 00:02:50.534000,-1.61,2025-05-01 11:44:54.572000,,,,,,,
101044,PROD_1185,SUPP_068,32,3,19,2025-08-28 17:37:37.640000,2025-08-22 07:45:14.043000,3.46,2024-12-18 08:30:57.786000,29,20,In Stock,DC-02,796.8,,
101064,PROD_0549,SUPP_032,37,0,67,  2025-09-03 06:50:29.558414  ,2025-09-10 12:49:22.643597,3.04,2024-09-16 03:37:02.167000,,,,,,3,2026-07-15 00:00:00
,, ,,,,,,,,,,,,,,
100175,PROD_0407,,4,,21,,2025-09-09 20:30:01.565000,,2024-08-11 20:59:06.893000,,1,Low Stock,,,,
100160,INVALID,SUPP_063,-83,0,  Medium  ,2025-08-26 21:47:13.042000,2025-07-30 21:47:13.042000,1.98,2025-07-11 20:37:51,,42,,STORE-001,,,
101328,PROD_0785,SUPP_064,76,38,45,2025-09-03 22:33:03.413000,2025-09-07 04:50:37.378000,4.81,2025-09-02 04:09:37.479000,38,,In Stock,WH-CENTRAL-01,6752.6,3,
100549,PROD_1179,SUPP_045,901,270,10,2025-08-04 15:05:09.849000,2025-08-27 10:49:08.819000,3.41,2023-12-15 19:29:12.280000,631,,,STORE-002,,,
  100825  ,PROD_1412,,0,,0,,2025-02-09 17:55:41.406000,,2024-05-24 16:42:01.290000,,,,,,,
100614,PROD_0802,SUPP_013,59,5,30,2025-08-26 03:12:14.502000,2025-09-11 11:25:05.794000,2.83,2024-06-16 20:50:42.392000,  54  ,,,,,90,
100308,PROD_0913,SUPP_014,125,125,21,2025-07-13 12:36:04.537000,2025-09-01 05:05:20.598000,4.89,2023-09-22 13:43:15.486000,,,,,13581.25,,2027-04-11 00:00:00
100735,PROD_0362,SUPP_999,15,all,40,09/11/2025,2025-09-05 04:21:57,Variable,2025-02-05 14:09:06.928000,,,Low Stock,WH-WEST-01,,  30  ,
100843,PROD_0369,SUPP_057,34,0,97,2025-08-13 10:30:33.837000,2025-09-09 05:39:01.995316,2.32,2024-05-03 16:19:27.238000,,2,,,991.44,,
100167,PROD_0973,SUPP_026,84,42,13,2025-09-07 04:11:12.890000,2025-08-15 12:19:42.515000,0.56,2024-12-24 00:51:29.925000,,,In Stock,,11049.36,14,
101243,PROD_0775,SUPP_027,426,42,53,2025-08-26 22:09:59.352000,2025-09-10 19:43:18.910000,  0.31  ,2024-02-25 01:09:59.829000,,,,,,,
100091,PROD_0856,SUPP_065,298,29,23,2025-08-15 01:02:27.871000,2025-09-05 11:26:34.910000,1.66,2025-05-25 09:44:11.537000,269,,,,,7,
100294,PROD_0113,SUPP_017,102,0,196,2025-09-08 16:04:55.806000,2025-09-11 16:55:09.351000,3.24,2025-03-28 14:39:38.639000,,,,,12251.22,1,2027-01-28 00:00:00
100161,PROD_0497,SUPP_038,56,0,78,2025-09-01 04:37:59.971000,2025-09-11 03:06:02.644000,2.87,2024-12-29 12:57:28.614000,  56  ,,Low Stock,STORE-001,,7,
100184,PROD_1395,SUPP_006,0,0,0,2024-11-13 16:22:09.451000,2025-05-14 05:42:20.109000,3.58,2024-05-27 13:54:55.498000,0,,Out of Stock,DC-02,,,
100887&,PROD_0203,SUPP_049,36,3,113,2025-09-10 01:14:41.682000,2025-09-10 19:35:03.004000,3.6,2024-06-29 13:24:21.943000,33,,Low Stock,DC-02,,,
100677,PROD_0493,SUPP_012,56,56,30,2025-08-26 09:45:00.350000,2025-09-08 18:54:28.585000,3.75,2024-01-18 03:25:46.117000,,,,,,14,
100196,  PROD_0772  ,SUPP_058,54,0,  52  ,2025-09-10 02:57:25.034000,2025-09-10 02:42:09.509756,3.96,2024-05-08 23:17:14.124000,,1,,WH-EAST-01,10474.38,,
101411,PROD_0571,SUPP_074,94,47,96,2025-09-11 11:24:38.679000,2025-09-07 17:56:33.041000,3.97,2023-11-17 17:02:23.741000,  47  ,,Low Stock,,,30,
100279,PROD_0200,SUPP_021,131,39,151,2025-09-05 02:48:51.837000,2025-09-11 08:39:50.622000,1.43,2024-04-08 00:24:25.471000,92,,,DC-01,,3,
101377,PROD_0121,SUPP_019,200,60,182,2025-09-10 05:49:22.293000,2025-09-10 22:32:28.191000,2.47,2024-11-15 09:50:12.526000,,,,,,3,
100397,PROD_1046,SUPP_055,182,54,15,2025-07-24 22:37:57.083000,2025-09-01 21:13:43.102000,0.71,2024-10-01 18:27:00.115000,,,,,25920.44,,
100714,PROD_1438,SUPP_019,0,0,0,2024-12-16 05:57:45.974000,2025-03-21 17:03:37.629862,2.36,2025-07-07 05:36:28.885000,0,,,WH-NORTH-01,,,
101481#,PROD_0050,SUPP_037#,0,0,129,2025-09-08 06:21:35.687000,2025-09-11 12:22:04.172000,3.32,2025-08-23 15:53:14.597000,,0,Out of Stock,WH-EAST-01,,7,
101356,PROD_0004,SUPP_050,7,3,185,2025-09-06 21:10:31.676000,2025-09-11 09:59:26.658000,2.94,2025-04-01 00:37:48.224000,,0,Low Stock,WH-EAST-01,379.82,,2027-04-01 00:00:00
100335,PROD_0808,SUPP_043,141,42,79,2025-09-02 15:39:56.392000,2025-09-05 19:23:31.809000,2.88,2024-01-24 14:28:53.777000,99,,In Stock,,3379.77,7,2026-03-06 00:00:00
101258,PROD_0367,SUPP_024,39,0,  63  ,2025-09-11 11:54:17.613000,  2025-09-05 05:04:14.081975  ,0.99,2024-11-27 02:43:08.148000,39,6,Low Stock,WH-SOUTH-01,,7,
101262,PROD_0579,SUPP_060,28,0,78,2025-09-08 18:17:53.296000,2025-09-07 23:14:19.466000,1.37,2025-02-03 12:57:23.932000,,3,,WH-NORTH-01,5471.2,,
101143,PROD_0938,SUPP_007,399,0,25,2025-09-03 14:15:44.114000,2025-09-06 13:45:58.216000,4.68,2025-02-04 20:02:25.906000,,5,,STORE-002,,7,
101033,PROD_0527,SUPP_062,92,0,99,2025-08-29 19:19:09.057000,2025-09-06 15:06:56.102000,0.4,2024-11-14 19:08:55.031000,,,,WH-WEST-01,861.12,,
100221,PROD_0114,SUPP_014,14,0,114,2025-09-05 21:34:52.114000,2025-09-11 11:37:55.211000,2.42,2024-07-08 09:46:46.473000,14,,Low Stock,,892.08,,
100440,DISCONTINUED,SUPP_025,-89,254,Auto,2021-07-12 14:10:13.255000,2021-07-07 14:10:13.255000,-99,2023-11-09 00:10:18,,1527,Out of Stock,,,,2027-08-23 00:00:00
100564,PROD_1476,SUPP_066,  8  ,0,0,2024-10-16 16:27:16.187000,2025-05-20 21:09:34.397000,1.59,2024-05-10 18:47:15.074000,8,,,,,,
100935,,SUPP_027,39,70,67,2023-04-22 17:10:02.236000,2025-09-11 00:04:22.643000,0.001,2024-08-21 07:58:43.576000,-31,,Low Stock,,3567.33,,
100655,PROD_0552,SUPP_047,58,29,60,2025-09-08 02:51:00.284000,2025-09-11 09:27:44.140000,3.52,2024-08-05 10:01:16.786000,,0,,WH-EAST-01,,,2027-06-06 00:00:00
101428,PROD_0744,SUPP_067,46,13,36,2025-08-27 21:04:20.646000,  2025-09-06 21:17:47.471641  ,4.21,2024-04-15 18:30:34.251000,33,4,,,6475.88,,
100084,PROD_1400,SUPP_043,0,0,0,2024-04-02 13:02:13.948000,2024-12-12 15:54:09.720000,3.42,2024-08-20 19:59:50.339000,0,273,Out of Stock,,,,
100964,PROD_0122,SUPP_038,410,0,140,2025-09-06 08:25:22.716000,2025-09-11 17:37:15.558000,1.05,2023-12-29 15:24:00.378000,,,,DROPSHIP,33607.7,,
100105,PROD_0119,SUPP_999#,44,All,107,11-09-2025,2025-09-11 00:54:25.499000,,2024-10-20 12:01:38.657000,,,Low Stock,WH-SOUTH-01,2574.88,,
100324,PROD_0295,SUPP_074,174,87,123,2025-09-07 21:40:40.258000,2025-09-11 03:20:20.774000,2.19,2025-01-01 16:14:59.022000,87,,,WH-SOUTH-01,12876,,
100912,PROD_0612,SUPP_062,163,48,90,2025-09-05 13:05:44.933000,2025-09-08 06:16:13.975000,3.67,2025-08-18 08:19:02.912000,115,,,,21672.48,,
100542,PROD_1415,SUPP_021,0,0,0,2023-12-14 17:50:45.818000,2025-06-03 09:20:21.724000,1.35,  2025-08-03 23:48:35.242016  ,0,100,Out of Stock,WH-CENTRAL-01,,,
100713,PROD_0813,SUPP_055,94,0,41,2025-08-29 05:16:34.351000,2025-09-11 13:12:24.162000,4.62,2024-11-16 20:58:04.141000,,,,STORE-002,14251.34,90,
100227,PROD_0318,SUPP_062,35,0,60,2025-09-06 16:40:38.095000,2025-09-11 09:19:15.741000,0.16,2025-04-30 20:51:11.071000,35,,Low Stock,STORE-002,,,
100269,PROD_0925,SUPP_073,113,  33  ,26,2025-06-21 01:45:53.920000,2025-09-01 07:08:13.902000,2.36,2024-12-06 19:11:01.858000,,,In Stock,WH-EAST-01,,,
,PROD_1259,,-9999,,-27,,2025-09-21 15:11:35.953000,,  2025-09-23 15:25:33.034891  ,,,,DC-02,,,
100726,PROD_1163,SUPP_052,0,0,11,2025-09-11 13:55:28.757000,  2025-09-02 16:07:00.008770  ,0.19,2024-05-10 12:33:51.738000,,  9  ,Out of Stock,WH-CENTRAL-01,,,
100435,PROD_0439,SUPP_064,88,8,81,2025-09-04 04:46:15.717000,2025-09-09 06:52:48.480000,1.57,2024-09-07 18:56:15.256000,80,,,WH-SOUTH-01,,,
101409,PROD_1025,SUPP_061,49,4,9,2025-08-15 20:47:48.163000,2025-08-18 10:09:55.038000,1.92,2024-02-26 20:15:25.794000,45,,In Stock,DC-02,,,
100436,PROD_0319,SUPP_066,73,21,52,2025-08-19 23:54:08.910529,2025-09-08 11:04:32.676000,1.84,2025-09-02 04:21:16.104000,,3,In Stock,STORE-002,6953.98,,
100884,PROD_0743,SUPP_029,70,0,40,2025-09-05 05:44:36.812000,2025-09-08 03:47:23.717000,0.55,  2024-05-19 17:27:00.354233  ,  70  ,,,WH-SOUTH-01,,,
100199,PROD_0650,SUPP_039,33,3,82,2025-08-30 00:52:12.745000,2025-09-09 17:31:09.972000,0.85,2024-04-10 18:26:42.821000,,,Low Stock,,,,
100098,PROD_0931,  SUPP_024  ,35,  3  ,14,2025-08-29 08:22:54.255000,2025-08-27 09:21:34.425000,1.6,2025-04-17 02:01:03.113000,,,In Stock,DC-02,,14,
101253,PROD_0559,SUPP_023,33,9,24,2025-08-13 13:38:50.405000,2025-09-05 05:59:53.178000,1.04,2024-04-06 14:33:28.452000,,,,,1549.35,,
,PROD_9999,,Few,,,,,,,,,,STORE-002,,Immediate,
100237,PROD_0477,SUPP_035,57,28,57,2025-08-14 01:40:06.230000,2025-09-11 15:08:17.643000,1.1,2025-03-11 04:23:57.777000,  29  ,0,Low Stock,DC-01,,14,
100955,PROD_0232,SUPP_020,179,17,170,2025-09-06 16:53:02.498000,2025-09-11 03:16:16.110000,0.3,2024-09-01 11:06:01.164000,,,In Stock,WH-EAST-01,,,
,PROD_0069,,-9999,,-41,,2025-09-26 22:22:25.653000,,2025-10-02 18:59:15.761000,,,,DC-01,,,
101216,  PROD_1030  ,SUPP_021,27,8,18,2025-06-30 19:19:53.928000,2025-09-02 14:33:58.847000,1.92,2024-11-23 09:32:54.338000,,  9  ,,WH-EAST-01,1730.43,,
100224,PROD_0690,SUPP_034,152,76,57,2025-09-05 02:34:22.505000,2025-09-11 12:39:23.979000,1.87,2025-04-19 14:05:44.608000,76,0,,DC-02,,14,
101034,PROD_0368,SUPP_044,182,54,20,2025-08-24 02:17:40.842000,2025-09-07 00:29:25.444000,1.19,2025-04-24 17:59:49.240000,,,,WH-SOUTH-01,,90,
100045,PROD_1483,,0,-34,0,2025-10-09 18:49:32.932411,2025-08-20 10:57:06.249000,-1.14,2024-03-23 11:17:35.531000,34,,,,,,2027-03-07 00:00:00
101433,PROD_1227,SUPP_075,273,27,20,2025-09-02 14:43:43.865000,2025-08-22 12:03:39.284000,1.64,2024-12-12 12:45:05.592000,246,,In Stock,,48132.63,,
100042,PROD_0215,SUPP_002,29,0,63,2025-09-04 19:53:18.988000,2025-09-10 20:04:54.726000,1.34,2024-09-15 19:43:52.473000,29,,  Low Stock  ,WH-WEST-01,,,
100231,PROD_1488,SUPP_061,0,0,0,2024-08-04 23:25:28.071000,2025-08-08 09:02:51.583000,3.82,2024-03-17 05:32:20.692000,,34,,,,,
  101116  ,PROD_0381,SUPP_075,439,131,39,2025-08-17 05:00:10.356000,2025-09-04 21:59:19.818000,1.17,2025-07-02 11:30:58.061000,,,In Stock,,,,
100112,PROD_0726,SUPP_061,79,7,61,2025-08-31 12:41:39.959000,2025-09-09 09:16:31.937000,4.66,2024-03-05 12:00:17.175000,,,,,13375.49,,
101477,PROD_0005,SUPP_028,118,0,78,2025-09-05 05:17:50.032000,2025-09-11 12:28:48.452000,0.99,  2024-01-27 10:14:16.661483  ,118,,,DC-02,,1,
100703,PROD_0059,SUPP_061,176,88,189,2025-09-09 01:25:08.850000,2025-09-11 09:29:04.933000,4.06,2025-06-07 12:40:47.913000,,0,Low Stock,,6137.12,,
100859,PROD_0220,SUPP_033,142,42,92,2025-09-09 22:32:14.189000,2025-09-10 21:04:02.495000,4.46,2024-05-06 23:10:34.243000,100,,In Stock,,  4725.76  ,30,
100479,PROD_0142,SUPP_008,200,60,141,2025-09-07 11:34:17.995000,2025-09-10 18:56:56.840000,  1.62  ,2023-10-03 16:32:16.136000,,,,  WH-CENTRAL-01  ,,,
101491,PROD_0745,SUPP_036,103,10,73,2025-08-13 22:49:49.126000,2025-09-07 13:40:53.037000,4.32,2024-07-30 07:10:58.306000,93,4,,,,,2026-06-11 00:00:00
101286,PROD_0682,SUPP_064,33,16,69,2025-09-04 11:32:25.967000,2025-09-05 04:23:26.440000,0.36,2024-09-10 14:14:12.852000,,,,,1462.56,,
101301,PROD_1456,SUPP_060,0,0,0,2023-11-03 20:00:28.168000,2025-05-30 14:50:54.995000,1.39,  2024-01-03 07:21:30.605378  ,0,,Out of Stock,STORE-002,,,
100633,PROD_1107,SUPP_050,301,150,24,2025-07-27 11:47:01.927000,2025-08-31 06:05:24.579232,1.62,2025-01-30 20:10:43.230000,151,11,,DC-01,,,
100028,PROD_0309,SUPP_001,4,4,86,2025-08-28 22:34:19.350000,2025-09-06 11:08:49.732000,2.38,2025-04-24 03:27:12.159000,,5,,WH-WEST-01,540.72,30,
101005,PROD_1364%,SUPP_037,0,0,0,2024-09-15 02:34:45.723000,2024-10-17 17:17:43.086000,1.6,  2024-10-02 14:09:02.035751  ,0,329,Out of Stock,STORE-002,,,
100067,  PROD_0313  ,SUPP_017,18,9,36,2025-08-28 05:26:56.610000,2025-09-05 10:00:45.579000,0.17,2025-01-15 17:56:03.715000,9,,,WH-NORTH-01,,,
101479,PROD_1159,SUPP_005,71,0,13,2025-08-03 12:00:01.968000,2025-08-14 03:12:49.148076,1.16,2023-11-19 08:55:58.747000,71,,,DC-02,3195,,
100694,PROD_0613,SUPP_048,42,12,98,2025-09-10 12:27:46.510000,2025-09-07 07:47:55.927000,4.76,2024-07-17 23:10:00.112000,  30  ,,,,,90,2027-02-04 00:00:00
100590,prod_0778,SUPP_069,  15  ,0,70,2025-09-04 11:28:16.094000,2025-09-11 05:59:48.726000,3.86,2025-03-29 07:40:55.796000,,0,,,,7,
  101366  ,PROD_0727,SUPP_052,98,9,56,2025-08-20 05:07:34.724000,2025-09-11 09:17:15.600000,2.97,2025-01-05 18:50:16.353000,89,,In Stock,,,60,
101073,PROD_1497,SUPP_055,5,0,0,2025-05-08 13:48:05.219000,2024-10-24 19:24:30.578000,2.39,2024-01-29 11:19:56.839000,5,,,WH-NORTH-01,,90,
100868,PROD_0020,SUPP_050,35,3,199,2025-09-10 15:26:14.433000,2025-09-11 01:14:48.883000,4.24,2023-12-19 08:53:28.964000,,,,,6396.95,60,
100975,PROD_0151,,195,,124,,2025-09-11 07:14:43.822000,,  2025-01-18 20:45:14.191210  ,,0,In Stock,,,,
100928,PROD_1300,SUPP_013,298,89,15,2025-07-25 13:01:48.671000,2025-08-21 01:21:02.706000,4.45,2023-12-03 14:14:23.634000,,,In Stock,,  14944.7  ,,
100243,PROD_0763,SUPP_049,70,0,86,2025-09-11 10:29:31.044000,2025-09-06 12:52:49.165000,4.13,2024-04-08 06:45:44.995000,  70  ,,Low Stock,,,,
100855,PROD_1245,,56,-46,28,2025-10-05 00:48:39.259000,2025-08-28 00:02:50.534000,-1.61,2025-05-01 11:44:54.572000,,,,,,,
100749,PROD_0355,SUPP_021,267,267,96,  2025-09-06 11:20:47.568591  ,2025-09-08 11:11:56.799000,3.96,2025-05-13 20:05:39.835000,,3,Fully Reserved,  WH-SOUTH-01  ,,,
100834,PROD_1007,SUPP_042,169,  0  ,29,2025-08-09 03:35:13.351056,2025-08-29 21:25:49.414000,1.99,2024-01-27 03:50:26.599000,169,12,,WH-CENTRAL-01,,,
100853,PROD_0001,SUPP_004,  481  ,48,147,2025-09-11 03:41:03.702000,2025-09-10 22:43:26.705000,3.67,  2025-04-10 11:17:35.797283  ,,,,WH-WEST-01,,1,
100883,PROD_1317,SUPP_008,546,163,14,  2025-08-07 02:34:41.292627  ,2025-09-01 12:54:56.420000,2.21,2025-04-24 09:28:43.852311,383,,,,,3,
100472,PROD_0516,SUPP_009,19,0,92,2025-09-06 01:01:07.140000,2025-09-11 02:22:36.156000,4.29,2023-12-10 18:53:58.992000,,,,WH-SOUTH-01,3770.17,,
100856,  PROD_0036  ,SUPP_074,15,1,118,2025-09-07 01:04:11.012000,2025-09-11 13:20:31.033000,  0.22  ,2024-07-01 01:43:32.358000,14,,,,,,2026-03-04 00:00:00
100016,PROD_1079,SUPP_041,886,0,17,2025-08-24 01:12:54.137286,2025-08-30 15:44:17.207657,0.74,2024-06-17 01:10:11.154000,,,  In Stock  ,STORE-001,16966.9,1,
100127,PROD_0911,SUPP_059,65,32,28,2025-09-05 06:05:48.388000,2025-09-08 04:31:59.432000,0.21,2023-12-09 23:35:14.712000,,,,,,7,
101134,PROD_1012,SUPP_044,938,938,19,2025-08-21 08:10:02.429000,2025-09-03 17:45:39.510000,4.87,2024-01-02 23:50:32.389000,,,,,,,
101295,PROD_0035,SUPP_999,248,All,90,11-09-2025,2025-09-11 01:10:19.490000,  Included  ,2025-08-19 04:30:28.856000,,,In Stock,WH-WEST-01,29187.12,,
101441,PROD_1473,SUPP_069,24,2,0,2025-05-01 10:43:31.630000,2024-10-06 21:22:41.817000,1.61,2024-07-19 18:09:23.828000,22,339,In Stock,WH-EAST-01,3642,30,
100271,  PROD_0765  ,SUPP_046,7,2,44,  2025-09-01 00:29:48.693869  ,2025-09-08 03:27:30.026000,2.55,2024-04-16 13:16:17.316000,5,,,,317.24,,
101086,PROD_1484,supp_024,1,0,0,2024-09-23 22:04:08.013665,2025-08-03 13:27:56.957000,1.71,2025-03-03 13:14:29.037627,,,In Stock,DC-02,,,2027-03-22 00:00:00
100101,PROD_0542,SUPP_015,44,22,35,2025-08-26 05:00:33.433000,2025-09-05 09:57:23.666000,1.38,2024-07-03 16:34:12.312000,,6,,,2670.36,,2026-04-23 00:00:00
101058,PROD_0758,supp_053,196,0,52,2025-09-06 09:42:24.029000,2025-09-09 06:45:01.461000,1.67,2025-05-18 23:06:13.511000,,,In Stock,DC-02,1818.88,,
100572,PROD_0043,SUPP_030,88,0,148,2025-09-06 15:59:29.653000,2025-09-11 10:52:52.570000,3.47,2025-04-18 14:15:02.258000,,  0  ,,WH-WEST-01,4292.64,,
101445,,SUPP_019,50,50,46,2025-09-10 11:48:30.055000,2025-09-08 13:26:30.478000,3.58,2025-05-27 04:17:06.334000,0,,Fully Reserved,,,,
100858,PROD_1433,SUPP_045,0,0,0,2025-04-07 04:56:28.849000,2025-04-06 16:34:20.815000,1.92,2024-10-14 01:11:15.006000,,  158  ,Out of Stock,WH-SOUTH-01,,,2026-01-16 00:00:00
101210,PROD_1231,SUPP_037,278,354,24,2022-06-17 15:24:57.722000,2025-08-15 20:15:36.582000,0.001,  2024-11-18 09:00:18.421727  ,,,Fully Reserved,,,,
101241,PROD_0303,SUPP_013,58,17,25,2025-08-22 18:37:45.325000,2025-09-06 12:19:39.299000,3.33,2024-01-29 13:03:19.087000,,,,WH-NORTH-01,,,2027-09-09 00:00:00
100023,PROD_0902,SUPP_045,647,64,  17  ,2025-06-25 07:38:57.028000,2025-09-10 04:03:16.778000,4.51,2024-03-23 21:38:57.129000,,,In Stock,,,,2027-08-16 00:00:00
101335,prod_0640,SUPP_001,111,0,82,2025-09-01 01:59:38.113000,2025-09-11 03:13:54.078000,3.33,2025-01-01 23:00:32.485000,,,,,,7,
100192,PROD_1431,SUPP_026,3,1,0,2025-06-18 13:02:47.226000,2024-11-08 00:22:23.233000,4.24,2025-01-16 14:29:58.346000,,307,In Stock,,,30,2026-08-01 00:00:00
100821,PROD_1186,SUPP_061,907,0,8,2025-08-07 20:21:34.921000,2025-08-29 21:42:28.460000,3.35,2024-08-30 14:09:03.148000,,,,,28516.08,,
101297,PROD_0732,SUPP_030,63,0,20,2025-08-26 21:14:14.352000,2025-09-08 07:12:45.937000,1.7,2025-03-20 16:26:49.795000,63,3,,  WH-SOUTH-01  ,,,
100730,PROD_0457,SUPP_049,37,18,32,2025-08-26 22:45:28.813000,2025-09-11 07:36:27.981000,2.04,2024-12-14 21:00:33.536000,,0,In Stock,,,90,
100534,,,1000000,,-37,,2025-10-03 10:30:03.944000,,2025-10-11 00:00:22.341000,,-7,In Stock,,149850000,-6,
100969,PROD_0655,SUPP_051,276,82,72,2025-08-28 23:01:39.218000,2025-09-08 11:58:32.261000,1.05,2025-07-15 15:24:36.968456,194,,,WH-CENTRAL-01,28604.64,,
100645,PROD_0054,SUPP_023,6,1,192,2025-09-09 10:38:45.571000,2025-09-11 03:38:16.245000,1.08,2025-06-17 05:44:59.289000,,,,,,30,
101021,PROD_1132,SUPP_038,56,28,23,2025-06-27 12:14:05.200000,2025-09-04 13:38:49.382000,4.07,2025-04-13 08:35:24.978000,28,7,In Stock,DROPSHIP,,7,
100029,PROD_1050,SUPP_055,363,36,13,2025-06-22 06:04:02.394000,2025-08-23 09:25:04.293000,3.78,2024-08-18 10:27:21.309000,327,,,WH-SOUTH-01,,,
101169,PROD_0346,SUPP_029,96,0,81,2025-08-24 19:37:05.067000,2025-09-08 04:53:27.895000,3.65,2024-05-17 14:45:31.518000,96,3,,,12508.8,1,
101087,PROD_1078,SUPP_050,  28  ,14,17,2025-08-02 18:34:51.532000,2025-08-14 08:38:36.912000,4.59,2023-10-22 03:26:56.391000,,28,In Stock,,,,
100066,PROD_0044,SUPP_007,26,13,191,2025-09-08 00:26:29.857000,2025-09-11 10:32:19.193000,1.12,  2025-04-14 02:11:29.886885  ,13,,Low Stock,,,,2027-01-05 00:00:00
101226,PROD_0446,SUPP_062,0,0,91,2025-08-21 21:58:32.604000,  2025-09-07 08:25:23.667779  ,2.23,2025-01-07 01:32:16.692000,,,,,,,
100380,PROD_1304,SUPP_048,63,6,10,2025-07-13 02:14:16.382000,2025-09-06 06:11:58.784000,3.13,2024-06-04 22:04:50.899000,57,,In Stock,,,0,
100958,PROD_0182,SUPP_035,151,0,192,2025-09-11 11:18:38.534000,2025-09-10 20:56:54.129000,4.58,2023-12-03 02:45:53.235000,151,0,,  WH-SOUTH-01  ,,7,2026-09-08 00:00:00
101307,PROD_1408,SUPP_065,0,0,0,2025-07-16 09:27:20.617000,2025-04-29 23:18:43.643000,1.76,2025-02-02 18:32:16.091000,,134,,,,7,
100036,PROD_0254,SUPP_073,187,0,137,2025-09-06 06:53:50.503000,2025-09-11 08:13:26.177000,0.16,2025-03-11 15:57:07.587000,,0,In Stock,STORE-001,24111.78,,
,,,,, ,  N/A  ,,, ,,,,,,,
100653,PROD_0117,SUPP_031,16,4,187,2025-09-05 15:48:29.918000,2025-09-10 21:33:25.158000,2.88,2025-06-23 23:50:26.896000,12,,,WH-EAST-01,,,
101099,PROD_0795,SUPP_010,96,0,  81  ,2025-09-05 19:06:57.292000,2025-09-11 02:09:03.488000,1.36,2024-05-31 13:23:42.774000,96,,In Stock,wh-west-01,,,
100018,PROD_0222,SUPP_071,  28  ,2,117,2025-09-10 03:26:53.514000,  2025-09-10 21:00:03.107799  ,2.58,2024-01-05 19:32:58,26,,Low Stock,,,,
100187,PROD_0983,SUPP_023,105,10,9,2025-06-24 02:28:33.198000,2025-08-29 23:40:32.211000,  0.27  ,  2025-05-21 15:39:29.610153  ,95,  12  ,,WH-NORTH-01,,,
100046,PROD_0302,SUPP_010,42,21,56,2025-08-20 22:24:51.566000,2025-09-09 18:52:56.851000,2.25,2025-01-26 11:40:23.789000,21,,,  WH-SOUTH-01  ,4308.78,,
101488,PROD_0424,SUPP_064,10,1,82,2025-08-27 17:32:25.579572,2025-09-06 23:01:42.070000,3.63,2024-01-08 05:39:42.159000,9,,Low Stock,,,,2026-11-06 00:00:00
100625,PROD_0261,,0,,117,,  2025-09-11 01:28:37.081878  ,,2025-08-11 15:20:04.039000,,,Out of Stock,WH-CENTRAL-01,,,
100921,PROD_0270,SUPP_037,5,5,81,2025-09-05 22:33:22.156000,2025-09-11 07:36:19.428000,4.28,2024-03-08 06:15:50.239000,,0,Low Stock,,799.55,,
100260,PROD_0038,SUPP_026,  158  ,5.5,171,2025-09-10 07:23:26.319000,2025-09-11 13:17:33.232000,0,2024-06-01 21:52:05.690000,,,,DROPSHIP,16297.7,,
101088,PROD_1307,SUPP_058,133,66,23,2025-06-16 23:47:09.842000,2025-08-17 16:04:59.448000,  1.42  ,2024-07-27 02:04:57.161000,67,25,In Stock,WH-EAST-01,,,
100323,PROD_0097,SUPP_012,145,43,190,2025-09-06 00:33:37.706000,2025-09-11 12:42:12.512000,0.42,2024-06-11 19:40:21.830000,102,,,WH-WEST-01,,,
101287%,  PROD_0134  ,SUPP_011,28,14,171,2025-09-05 19:48:15.370000,2025-09-11 09:43:57.161000,4.09,2025-07-17 19:34:09.874000,14,,Low Stock,,,7,
101203,PROD_0897,SUPP_011,17,5,  89  ,2025-08-22 02:06:13.783000,2025-09-04 23:00:22.440560,4.57,2025-04-24 13:18:26.752000,,,,DC-02,,3,2027-05-17 00:00:00
100484,PROD_0317,SUPP_003,436,0,46,2025-09-02 20:48:34.873000,2025-09-11 09:30:48.523000,1.59,2024-10-27 14:57:30.216000,436,0,In Stock,,82199.08,30,
100658,PROD_0958,SUPP_007,129,12,5,2025-06-25 15:54:14.831000,2025-08-18 20:00:52.439000,4.56,2025-05-08 00:51:12.910000,117,,In Stock,  DC-01  ,21027,,
100079,PROD_0933,SUPP_052,606,181,12,2025-07-26 16:35:59.400000,2025-08-21 17:19:28.995000,1.73,2025-05-27 17:02:36.332000,425,,In Stock,,,,
  100635  ,PROD_0049,SUPP_054,128,12,189,2025-09-09 17:58:23.032000,2025-09-11 00:57:50.138000,4.51,2023-12-19 09:23:20.392000,116,,,WH-EAST-01,,30,
  101031  ,PROD_1034,SUPP_049,420,126,16,2025-08-12 06:36:07.285000,2025-08-19 19:15:05.453000,0.73,2024-11-18 02:47:03.761000,294,,,STORE-001,20844.6,,2027-06-07 00:00:00
  100965  ,  PROD_1197  ,SUPP_068,30,30,12,2025-07-24 19:07:29.753000,2025-08-31 07:44:14.556000,3.01,2025-02-13 05:57:10.609000,,,Fully Reserved,WH-NORTH-01,,,
101474,PROD_0467,SUPP_003,16,0,41,2025-08-24 12:46:23.165000,2025-09-10 11:30:19.784000,  3.9  ,2024-08-26 00:38:11.033000,,1,Low Stock,WH-WEST-01,  2621.28  ,,2027-05-08 00:00:00
101030,PROD_0859,SUPP_003,71,35,21,2025-08-24 04:20:11.195000,2025-09-07 04:18:27.503000,2.92,2024-07-09 04:33:20.437000,,,,,,3,
101440,PROD_9999,UNKNOWN,,-20,,2025-09-21 18:11:42.449000,,-1.97,,,,,,,,
100986,PROD_1287,SUPP_050,779,233,29,2025-07-28 03:18:43.550000,2025-08-30 17:31:31.310000,3.91,  2024-11-09 17:46:11.210938  ,546,12,,,43818.75,,
100256,PROD_0190,SUPP_067,35,17,138,2025-09-11 17:42:46.620000,2025-09-11 10:58:44.927000,2.49,2024-02-05 12:14:03.119000,,,,DROPSHIP,3177.3,,
100933,PROD_0351,  SUPP_054  ,0,0,34,2025-08-14 21:20:32.820096,2025-09-09 19:31:09.583000,2.09,2024-07-14 09:40:20.560000,,,Out of Stock,,,,
101257,PROD_0708,SUPP_053,84,8,28,2025-08-17 12:38:45.999608,2025-09-08 21:01:20.133000,  2.42  ,2024-03-31 11:42:09.423000,,,In Stock,,,14,
100502,  PROD_1174  %,SUPP_022,53,5,10,2025-09-06 13:59:55.999000,2025-08-30 23:35:32.286000,1.16,2024-01-05 01:04:17.852000,48,,In Stock,,,14,
101207,PROD_0756,SUPP_064,467,0,70,2025-08-14 17:41:33.352000,2025-09-08 16:16:44.270000,1.95,2025-05-25 03:21:22.912000,467,,In Stock,DC-02,58034.09,,
101322*,PROD_0649,SUPP_026,82,8,40,2025-08-22 20:38:23.122000,2025-09-11 18:13:49.418000,0.42,2025-07-30 15:48:25.080000,,,,,4698.6,,
100480,PROD_9999,SUPP_019,Out of Stock,  0  ,,2025-08-14 12:30:33.469000,,1.26,,,,,STORE-002,,14,
100916,PROD_1450,SUPP_071,79,7,0,2025-07-05 22:56:15.142000,2024-12-09 03:50:54.530000,1.49,2023-09-22 18:38:50.961000,72,276,,,1362.75,,2027-07-03 00:00:00
100245,PROD_0055,SUPP_999,8,,114,2025-09-11 18:17:52,2025-09-11 02:27:37.765000,Included,2024-09-08 18:00:01.444000,,,Low Stock,DC-02,715.52,,
101447,  PROD_0647  ,SUPP_039,70,  7  ,35,2025-08-22 17:11:17.381000,2025-09-06 11:17:00.598000,1.79,2024-12-13 15:35:03.815000,63,,In Stock,  DC-01  ,12929.7,14,
101438,PROD_1242,SUPP_039!,167,16,18,2025-07-16 22:35:09.692000,2025-08-15 13:46:52.233000,2.51,2024-08-12 20:36:38.012000,,  27  ,,DROPSHIP,,7,
100468,PROD_1323,SUPP_035,133,133,15,2025-07-07 04:17:01.980000,2025-08-13 16:42:09.786000,0.18,2025-05-28 13:15:48.510000,0,,,  WH-EAST-01  ,,,
101279,PROD_1192,SUPP_001,629,62,16,2025-07-04 16:19:30.679000,2025-08-23 11:03:30.837000,4.67,2023-09-23 05:40:52.508000,567,,In Stock,WH-CENTRAL-01,,30,
100987,PROD_0415,SUPP_041,42,42,33,2025-09-07 19:31:57.620000,2025-09-11 13:59:56.691000,2.39,2024-06-10 21:36:20.608180,,,,STORE-001,7573.86,,
100621,PROD_0342,SUPP_035,81,8,35,2025-08-25 18:06:05.889785,2025-09-07 11:45:35.729000,4.64,2024-10-06 23:15:47.039000,,,,,,,
100296,PROD_1305,SUPP_013,110,0,  26  ,2025-08-26 10:01:08.130000,2025-08-21 11:26:58.274000,1.32,2025-08-10 02:54:18.572000,110,21,In Stock,WH-CENTRAL-01,,,
101201,PROD_0442,SUPP_035,88,0,65,2025-08-12 22:02:17.864000,2025-09-07 02:33:15.077000,2.81,2025-09-04 15:38:52.929000,,4,In Stock,,3373.04,,
101219,PROD_0735,SUPP_048,49,0,49,2025-08-26 18:13:48.276000,2025-09-06 10:28:43.715000,2.72,2025-04-23 23:29:48.047000,,,,,,,
101344,PROD_0496,SUPP_036,79,  7  ,89,2025-08-14 12:40:07.229000,2025-09-05 19:58:39.311000,3.79,2025-05-23 18:45:31.977000,72,,,DC-01,,,
100252,PROD_1308,SUPP_026,17,0,21,2025-07-05 00:04:25.078000,2025-08-23 15:04:19.310000,3.19,2024-11-27 07:02:08.538000,,19,,DROPSHIP,,,2027-08-04 00:00:00
100325,prod_1272,,110,,11,,2025-08-16 07:44:22.170000,,2024-10-02 14:13:01.812000,,26,In Stock,,3080,,
100002,  PROD_0691  ,SUPP_014,69,6,53,2025-08-30 11:28:41.592000,2025-09-04 23:19:46.358000,4.05,2024-02-29 05:42:09.781000,,,  In Stock  ,STORE-002,1405.53,7,
100617,PROD_0789,SUPP_016,176,88,72,2025-09-10 21:53:46.772000,2025-09-09 03:38:54.124000,3.22,2025-01-13 22:47:50.214000,88,,In Stock,STORE-002,,,
100273,PROD_1428,SUPP_017,1,0,0,2024-11-28 10:25:10.113000,2025-07-23 04:05:31.070000,2.75,2025-03-01 14:26:28.667000,1,,,DC-02,94.15,,
101461,PROD_1064,SUPP_071,347,173,26,2025-09-11 05:09:32.708000,2025-08-23 15:15:01.762000,1.07,2025-08-11 19:15:49.175000,,19,,WH-WEST-01,,,
101392,PROD_0418*,SUPP_008,24,0,53,2025-08-23 23:05:16.348000,2025-09-07 03:06:02.359000,1.76,2025-05-11 20:13:54.241000,24,,,STORE-001,,7,
100486,PROD_0832,SUPP_017,  17  ,0,80,2025-08-14 10:45:52.396000,2025-09-04 21:40:17.448000,3.98,2023-09-12 18:47:10.830000,17,,,WH-CENTRAL-01,2223.43,,
101195,PROD_0867,SUPP_039,34,3,53,  2025-09-04 03:25:28.152616  ,2025-09-06 13:56:25.886000,2.83,2025-06-16 20:07:37.051000,,,Low Stock,,,,
100014,PROD_1440@,SUPP_072,  0  ,0,0,2024-03-10 10:32:02.515000,2025-06-11 08:40:12.180000,1.17,2025-06-29 03:00:12.425000,0,,,,,,2026-06-02 00:00:00
100230,PROD_0041,SUPP_014,60,30,127,2025-09-05 00:45:30.770000,2025-09-11 11:01:45.620000,4.46,2025-03-19 14:26:32.974000,30,,,  STORE-001  ,,,
101049,PROD_0508,SUPP_069,5,2,65,2025-09-10 16:15:00.620000,2025-09-10 05:44:19.969000,2.66,2025-06-01 04:37:03.900000,  3  ,,,WH-NORTH-01,,,
,,,,,,,,,,,,,,,,
  101197  ,PROD_0322,SUPP_028,44,13,75,2025-08-12 19:43:52.269000,2025-09-09 06:00:21.410000,4.06,2025-05-28 00:15:50.309000,,,,,,,
100326,PROD_0858,SUPP_045,48,14,52,2025-09-06 19:23:42.617000,2025-09-11 14:42:36.165000,3.97,2025-01-16 06:16:47.416000,34,,Low Stock,,,,
100620,prod_0666,  SUPP_058  ,204,0,55,2025-08-14 09:23:47.840000,2025-09-08 16:04:54.327000,2.17,2025-07-08 17:46:58.658000,204,3,In Stock,DROPSHIP,,,2026-06-21 00:00:00
100927,PROD_0675,SUPP_049,275,  275  ,87,2025-08-29 11:52:30.366000,2025-09-05 14:03:53.731000,1.88,2024-12-07 09:25:42.409000,,,,  WH-SOUTH-01  ,,,
101427,PROD_0850,SUPP_020,50,5,78,2025-08-18 23:18:33.554000,2025-09-05 21:12:14.848000,2.41,2024-11-17 19:26:24.784000,,5,Low Stock,STORE-001,,,2027-06-14 00:00:00
101360,,SUPP_061,-49,0,Auto,2025-08-15 17:55:16.733147,2025-08-10 17:55:16.733000,0.18,2025-02-14 16:14:38,,,,,,,
100632,PROD_0616,SUPP_037,180,54,38,2025-08-16 14:38:18.660000,2025-09-05 11:07:52.251000,4.98,2025-06-30 19:15:02.480000,126,,,,,,
100198,PROD_0218,SUPP_044,0,0,92,2025-09-05 06:25:56.260000,2025-09-11 04:47:34.373000,3.08,2025-07-16 04:10:52.517000,,,Out of Stock,WH-EAST-01,,14,
100659,PROD_0784,SUPP_055,34,10,56,2025-08-18 02:04:03.302000,2025-09-10 21:47:09.795000,4.31,2023-11-19 08:33:55.297000,,,Low Stock,STORE-001,5268.64,,2027-07-01 00:00:00
100758,PROD_0154,SUPP_024,167,50,160,2025-09-11 15:27:37.074000,2025-09-11 06:44:46.449000,4.46,2023-09-17 01:57:54.603000,,,,WH-SOUTH-01,1449.56,,
101065,PROD_0448,SUPP_023,293,87,55,2025-08-26 08:40:19.464000,2025-09-10 02:20:07.749000,3.95,2024-12-15 14:24:07.616000,206,,,STORE-002,,,
100505,PROD_0544,SUPP_042,22,0,47,2025-08-12 21:04:14.963000,2025-09-06 19:48:28.507000,2.35,2024-02-05 03:24:22.947000,22,,,,1692.9,,
100312,PROD_0412,SUPP_041,373,0,60,2025-09-02 13:07:01.186000,  2025-09-09 10:30:42.042230  ,4.21,2024-04-23 09:35:06.475000,,2,In Stock,,,,
100514,PROD_0006,SUPP_002,615,307,145,2025-09-11 13:38:50.318000,2025-09-10 21:21:07.470000,1.98,2023-11-08 12:43:22.528000,308,0,In Stock,,,,2026-02-06 00:00:00
100794,PROD_1265,SUPP_007,46,46,24,2025-08-06 10:27:45.746000,2025-09-02 09:14:08.478000,0.41,  2023-11-09 08:07:43.345610  ,0,,Fully Reserved,WH-CENTRAL-01,,,
  100101  ,PROD_0542,SUPP_015,44,22,35,2025-08-26 05:00:33.433000,2025-09-05 09:57:23.666000,1.38,2024-07-03 16:34:12.312000,,  6  ,,,2670.36,,2026-04-23 00:00:00
101441,PROD_1473,SUPP_069,24,2,  0  ,2025-05-01 10:43:31.630000,2024-10-06 21:22:41.817000,1.61,2024-07-19 18:09:23.828000,22,339,In Stock,WH-EAST-01,3642,30,
100122,prod_0300,SUPP_065,28,8,115,2025-09-07 00:15:41.033000,2025-09-11 14:54:33.139000,3.62,2024-07-08 23:34:03.848000,,,,,,,
100167,PROD_0973,SUPP_026*,84,42,13,2025-09-07 04:11:12.889526,2025-08-15 12:19:42.515000,0.56,2024-12-24 00:51:29.925000,,,In Stock,,11049.36,14,
 ,,,,,  N/A  ,,,,,,  na  ,  NA  ,, ,,
100220,PROD_0952,SUPP_003,945,1219,5,2022-03-21 20:22:55.703000,2025-09-01 14:54:45.583000,999.99,2024-11-21 13:26:29.536000,-274,,Fully Reserved,,73861.2,,
100799,PROD_0937,SUPP_004,751,225,8,2025-09-01 15:30:40.858000,2025-08-24 21:49:39.663000,4.06,2024-11-29 08:44:23.377000,,,,,,7,
100490,,SUPP_999,18,All,136,11-09-2025,2025-09-10 07:21:11.359000,,2024-12-29 11:55:13.519000,,1,Low Stock,  WH-SOUTH-01  ,573.84,,
101206,PROD_0628,SUPP_032,100,10,72,2025-09-05 05:49:44.053000,2025-09-11 04:44:06.228000,0.67,2023-10-22 07:20:06.297000,,,,WH-WEST-01,,,
100948,PROD_1422,SUPP_068,85,42,0,2024-01-25 09:09:54.091000,2025-04-28 11:00:24.050000,0.87,2025-06-01 18:37:09.353000,43,,,STORE-002,,7,
100587,PROD_0168,SUPP_059,6,1,140,2025-09-04 18:41:33.714000,2025-09-11 14:14:26.968000,0.54,2024-10-16 08:39:07.192000,5,,,,,14,
100647,PROD_0379,SUPP_074,85,42,37,2025-08-30 02:56:17.679000,2025-09-07 09:36:08.708000,4.03,2024-06-05 03:00:40.969000,43,,,DC-02,,,
100034,PROD_0469,SUPP_009,2,0,  39  ,2025-08-27 04:54:06.019000,2025-09-11 01:56:02.445000,1.27,2024-06-15 02:46:42.333000,2,,Low Stock,WH-WEST-01,,,
100303,PROD_0722,SUPP_051,5,1,26,2025-09-01 07:58:43.309000,2025-09-08 12:13:45.097000,2.79,2025-07-10 09:06:31.721000,,,Low Stock,,,,
100058,PROD_0985,SUPP_037,44,22,23,2025-08-13 22:04:57.888000,  2025-09-09 22:34:27.667722  ,1.57,2025-06-13 22:37:12.232000,,1,In Stock,WH-SOUTH-01,,,
101341,PROD_1261,SUPP_002,501,50,12,2025-07-12 04:43:27.326000,2025-09-06 21:07:10.569000,1.95,2025-01-20 23:54:09.891000,451,,,DC-02,,,
100130,PROD_0421,SUPP_015,415,5.5,50,2025-08-28 00:42:41.263000,2025-09-07 16:07:33.559000,0,  2025-08-28 07:58:55.172963  ,,,  In Stock  ,,,,
  101107  ,PROD_1181,SUPP_023,616,61,12,  2025-06-29 22:09:22.875033  ,2025-09-07 01:13:07.262000,1.64,2023-11-12 03:00:49.751000,555,,,WH-SOUTH-01,,,
101379,PROD_1171,SUPP_010,59,17,16,2025-09-02 10:54:55.212000,2025-08-22 07:16:51.642000,0.54,2024-01-22 06:16:00.774000,42,,,WH-CENTRAL-01,,,
100298,PROD_0810,  SUPP_031  ,90,27,52,2025-09-09 18:06:03.036000,2025-09-05 17:23:07.683000,1.86,2024-03-07 09:27:41.618000,,,,DC-02,,,2026-12-21 00:00:00
100837,PROD_0033,SUPP_040,130,39,83,2025-09-06 06:38:06.399000,2025-09-10 22:31:26.101000,2.7,2025-04-07 16:03:53.108000,,,,,3898.7,,
100372,PROD_1494,SUPP_002,0,0,  0  ,2024-11-21 07:44:19.313000,2025-07-23 23:40:00.029000,1.55,2024-04-12 11:19:52.634000,,,,WH-WEST-01,,,
101410,PROD_0920,SUPP_052,Few,0,,2025-07-19 21:05:42.853000,,4.73,,,,,WH-SOUTH-01,,,
100634,PROD_0541,SUPP_011,93,0,75,2025-08-29 17:31:15.804000,2025-09-10 10:01:01.818000,0.57,2024-01-13 11:18:38.050000,93,,,DC-01,6948.96,7,2026-03-10 00:00:00
100476,PROD_0293,SUPP_058,263,26,66,2025-09-09 07:03:58.977000,2025-09-11 04:12:41.127000,3.93,2023-10-26 19:51:33.760000,237,,,,,,
100481,PROD_1407,SUPP_060,0,0,0,  2024-10-03 00:30:12.539231  ,2025-09-02 06:11:19.050000,2.93,2024-03-11 08:06:52.238000,,,Out of Stock,DROPSHIP,,7,2026-03-25 00:00:00
101367,PROD_0120,SUPP_033,49,49,194,2025-09-05 17:49:09.332000,2025-09-11 11:00:21.769000,3.14,2024-11-28 01:55:20.976000,,,Low Stock,,,,
  100257  ,PROD_0390,SUPP_047,36,18,34,2025-09-07 08:21:30.745000,2025-09-05 23:19:47.569000,2.46,2025-09-09 18:19:45.813000,18,,,WH-NORTH-01,3064.68,,
100133,PROD_0919,SUPP_053,127,12,12,2025-08-18 02:35:37.441000,2025-09-07 17:18:40.461000,4.26,2024-10-09 16:56:23.211000,115,,In Stock,,23287.99,,
100178,PROD_0517,SUPP_042,74,  37  ,93,2025-08-14 17:36:53.349000,2025-09-09 03:12:32.221000,1.93,2024-06-16 12:38:12.110000,,2,,WH-EAST-01,14532.12,,
100925,PROD_0944,,626,,5,,2025-08-19 22:35:10.743000,,2024-12-01 06:27:45.250000,,,,STORE-001,75720.96,,
100455,PROD_1229,supp_999,27,,20,09/11/2025,2025-08-26 16:21:02.982000,Variable,2025-09-10 03:31:42.224000,  N/A  ,,,,,,
100015,PROD_1096,SUPP_021,283,0,7,2025-07-29 14:54:01.460000,2025-09-04 10:29:12.352000,3.41,2024-01-01 22:20:39.329000,,,In Stock,,15001.83,,
100567%,PROD_1100,SUPP_049,842,252,19,2025-07-24 20:54:22.601000,2025-08-20 16:29:37.059000,1.18,2023-11-24 04:36:20.166000,590,,,,127832.44,7,2027-06-11 00:00:00
100277,PROD_0246,SUPP_058,143,71,115,2025-09-06 02:12:56.664000,2025-09-11 06:16:55.143000,1.79,2024-09-10 14:49:09.891000,72,,In Stock,  DC-01  ,6263.4,,
101002,PROD_0605,SUPP_018,12,0,37,  2025-08-14 01:29:10.637800  ,2025-09-09 10:28:41.269000,3.45,2025-04-05 18:57:11.470000,12,2,,WH-SOUTH-01,579.96,7,
100351,PROD_1399,SUPP_006,  2  ,2,0,2024-06-10 21:32:30.116000,2025-05-10 07:39:32.258000,2.22,2023-09-17 02:43:41.808000,,,Fully Reserved,WH-SOUTH-01,,,
101278,PROD_0847,SUPP_063,54,  54  ,30,2025-08-29 15:00:09.272000,2025-09-09 03:16:07.444000,2.51,2025-07-29 03:33:17.860000,,,Fully Reserved,WH-CENTRAL-01,,14,
100267,PROD_0980,SUPP_046,616,61,28,2025-08-08 01:29:19.292000,2025-08-27 20:10:34.591000,3.55,2024-11-17 14:06:18.743000,,,In Stock,STORE-002,112992.88,,
101496,PROD_1283,SUPP_031,0,0,7,2025-08-21 21:40:17.674000,2025-08-24 19:25:06.060000,0.22,2024-05-01 01:17:22.271000,0,17,,,,,
100552,PROD_0968,SUPP_059,22,2,28,2025-08-20 21:06:53.011000,2025-08-13 07:13:23.598000,1.01,2024-12-13 01:34:40.925483,,,,,,,
100984,PROD_0242,SUPP_042,40,12,100,2025-09-08 05:19:56.974000,2025-09-10 23:42:43.547000,4.37,2024-01-02 19:04:40.495000,28,,Low Stock,DC-02,,,2027-08-09 00:00:00
100097,PROD_0592,SUPP_016,305,152,69,2025-08-20 01:54:19.034000,2025-09-08 18:03:30.065000,1.76,2024-05-15 00:20:51.650000,153,3,,,,,
,,  N/A  ,,,,,,,,,,,,,,
100616,PROD_1461,SUPP_007,0,0,0,2025-06-29 10:57:20.790000,2025-01-06 12:19:56.458000,4.74,2025-08-04 22:23:53.129000,,248,,,,,
101263,PROD_1449,SUPP_017,0,0,0,2024-06-25 18:19:01.384950,2024-12-08 01:39:45.819000,0.35,2024-03-30 06:31:04.394000,0,277,,STORE-002,,,
100443,PROD_0060,SUPP_021,23,  2  ,200,2025-09-07 22:29:24.290000,2025-09-11 01:44:47.662000,4.55,2023-12-08 12:49:15.872000,21,,,,3061.53,90,
100174#,PROD_0466,SUPP_020,62,18,28,2025-08-28 03:51:17.786000,2025-09-07 22:15:37.878000,1.62,2025-08-02 21:22:36.711000,,,,WH-NORTH-01,,,
101312,prod_0132,SUPP_044,13,0,167,2025-09-10 11:06:50.108000,2025-09-11 12:17:35.278000,1,2025-02-03 21:29:37.703000,13,,,DC-02,2252.77,7,
100329,PROD_0436,SUPP_074,70,35,59,2025-08-19 23:36:12.034000,2025-09-05 11:16:27.332000,3.56,2024-08-03 09:35:38.734000,,,,,,,2026-03-09 00:00:00
101327,PROD_1362,SUPP_017,0,0,0,2025-06-11 07:21:01.905000,2025-05-17 03:05:46.694000,1.26,2024-11-28 12:16:53.641000,0,,,DC-01,,1,
100340,,SUPP_020,89,26,45,2025-08-27 03:29:14.783000,2025-09-06 21:15:33.118000,1.11,2024-02-14 00:06:56.891000,63,-14,In Stock,WH-SOUTH-01,5730.71,-9,
100937,PROD_0473,SUPP_055,81,24,64,2025-08-16 20:32:05.761000,2025-09-09 04:30:11.372000,1.59,  2024-02-06 23:52:04.392654  ,,2,,,13664.7,,
  101039  ,PROD_0085,SUPP_003,97,9,140,2025-09-07 18:04:38.642000,  2025-09-11 13:25:09.311144  ,2.29,2024-09-14 21:54:06.142000,,,,DROPSHIP,,,
100860,PROD_0490,SUPP_051,158,15,86,2025-09-06 10:10:48.751598,2025-09-06 22:04:25.006000,0.61,2023-11-02 03:07:52.512000,143,,In Stock,,5864.96,,
101184,PROD_0805,SUPP_051,57,5,38,2025-09-03 12:22:36.241000,2025-09-10 21:52:28.317000,4.74,2024-12-01 04:50:15.947000,,,,WH-NORTH-01,1133.16,,
101165,prod_0822,SUPP_024,15,4,65,2025-09-03 20:10:50.963000,2025-09-10 19:48:13.721000,0.77,2024-11-03 02:44:30.393000,,,,WH-NORTH-01,,,
100295,PROD_1240,SUPP_011,66,33,18,2025-07-12 07:07:53.833000,2025-08-29 13:52:28.834000,4.13,  2024-04-09 12:11:19.692388  ,33,,,WH-EAST-01,,,2027-06-27 00:00:00
100189,  PROD_0623  ,SUPP_024,1,0,55,2025-09-09 09:49:50.255000,  2025-09-04 19:20:57.781431  ,0.39,2024-10-29 23:16:23.557000,,,,STORE-002,,,
100483,PROD_1299,SUPP_025,200,200,11,2025-06-29 14:42:01.458000,2025-09-05 22:47:41.904000,1.07,2025-07-10 22:15:44.399000,0,,,,14252,,
100880,,SUPP_048%,-69,300,Auto,2022-06-07 01:03:41.965624,2022-05-15 01:03:41.966000,0.001,2025-01-03 17:05:19,-369,,,,,30,2025-09-04 00:00:00
100359,PROD_0101,SUPP_025,48,14,128,2025-09-11 00:38:54.725000,2025-09-10 23:50:16.825000,2.55,2024-03-28 07:30:43.018000,34,,,STORE-001,,7,
100826,PROD_1016,SUPP_049,912,273,15,2025-06-14 18:43:32.556000,2025-09-02 11:08:09.224000,1.9,2025-04-11 12:07:54.743000,,9,In Stock,DC-02,,,
101458,PROD_0425,SUPP_059,87,8,28,2025-08-30 19:34:43.155000,2025-09-05 17:32:41.229000,0.76,2024-06-18 04:37:22.083000,,,,WH-SOUTH-01,,,
,,,,,,  NULL  ,,,,,,,,,, 
100675,PROD_0479,,34,,38,,2025-09-07 14:26:21.745000,,2024-09-24 11:37:12.462000,,,,,,,2027-07-14 00:00:00
101003,PROD_1137,SUPP_022,901,90,22,  2025-08-05 15:32:46.291558  ,2025-08-18 07:21:59.489000,  3.83  ,2023-10-03 15:45:37.407000,,24,,STORE-001,72863.87,3,
100993,PROD_1187,SUPP_052,81,0,20,2025-06-22 09:19:25.595000,2025-09-06 11:06:37.005000,1.26,2023-12-21 07:44:08.037000,81,5,,WH-CENTRAL-01,,,
100255,,SUPP_047,333,0,61,2025-09-09 04:04:27.175000,2025-09-06 14:18:07.534000,0.61,2025-02-07 13:39:23.684543,333,,,WH-SOUTH-01,,,
100733,prod_1200,SUPP_065,197,0,24,2025-08-05 09:16:07.783000,2025-09-05 10:30:25.678000,1.32,2025-08-19 23:57:09.194000,197,,In Stock,STORE-001,1857.71,,
100405,PROD_1042,  UNKNOWN  ,  985  ,-30,6,  2025-09-24 19:36:08.618623  ,2025-08-27 10:11:14.135000,-4.86,  2024-10-29 07:05:11.171509  ,1015,15,,,,7,
100369,PROD_1459,,Few,,,,,,,,,,DC-02,,,
101373,PROD_0689,SUPP_030,349,34,33,2025-08-25 08:29:52.337000,2025-09-06 23:28:19.733000,3.15,  2024-06-15 02:13:52.072351  ,315,4,,,,14,2025-11-07 00:00:00
100106,PROD_1296,SUPP_075,875,437,15,2025-08-10 04:07:19.438000,2025-08-15 20:11:12.180000,4.23,2024-11-04 15:01:19.052000,,,,WH-EAST-01,135931.25,,
  100347  ,PROD_0450,  SUPP_074  ,58,0,30,2025-08-27 17:49:14.442000,2025-09-06 13:33:16.223000,0.72,2025-08-18 07:09:45.463000,58,,,,,,
  100429  ,PROD_1230,SUPP_015,61,18,20,2025-09-01 01:15:35.425000,  2025-08-24 05:52:57.961304  ,2.34,2024-12-23 22:36:31.285000,43,,,,,,
101117,PROD_0752,SUPP_006,52,52,91,2025-09-10 16:18:27.929000,2025-09-04 21:37:15.881000,4.58,2024-11-12 18:42:34.766000,,,,WH-NORTH-01,1443,14,
101487,PROD_0874,SUPP_037,30,15,47,2025-09-10 12:05:41.569000,2025-09-05 10:41:16.175000,1.72,2023-12-25 11:11:35.503000,15,,,DC-02,,7,2026-10-15 00:00:00
101218,PROD_0720,SUPP_055,6,0,50,2025-08-26 09:25:16.028000,2025-09-08 05:38:23.871000,1.16,2024-12-21 21:21:39.348568,,,,WH-SOUTH-01,,,
,PROD_9999,,Many,,,,,,,,,,STORE-002,,,
100922,PROD_0340,supp_065,18,5,55,2025-08-16 18:21:02.313000,2025-09-10 04:58:14.758000,3.95,2025-06-15 20:00:03.301000,,1,,,,,
100579,PROD_1208,SUPP_018,916,91,28,2025-06-14 19:28:35.489000,2025-08-27 22:19:56.146000,1.75,2025-05-26 13:23:59.064000,,  14  ,,WH-EAST-01,,7,
101492,PROD_0993,SUPP_053,  66  ,66,29,2025-07-29 07:09:33.335000,2025-09-08 02:03:28.150000,0.59,2024-12-08 15:06:19.881000,,,,,,,
100547,PROD_0674,SUPP_067,426,213,72,2025-08-17 01:26:42.003000,2025-09-10 05:11:08.624000,  3.88  ,2024-05-12 06:18:12.284000,,,,WH-WEST-01,,,
100864,PROD_0118,SUPP_063,0,0,171,2025-09-09 18:54:45.131000,2025-09-11 18:05:25.992000,4.32,2024-12-01 23:09:57.718000,0,,Out of Stock,,,,2027-05-22 00:00:00
100070,PROD_0066,SUPP_999,663,,1426,11-09-2025,2025-09-11 15:44:50.809000,Variable,2025-04-02 21:41:47.547000,,,,,,14,
100983,PROD_1056,SUPP_065,284,142,15,2025-07-09 19:33:50.583000,2025-08-14 00:43:52.714000,4.14,2025-05-13 22:21:02.755000,,,IN STOCK,WH-EAST-01,,,
,  PROD_0691  ,,-9999,,-33,,2025-09-20 07:07:22.512000,,2025-09-29 00:19:38.047000,,-9,Out of Stock,  DC-02  ,,,
100838,PROD_0561,SUPP_027,50,  25  ,80,2025-09-09 03:56:18.169000,  2025-09-08 07:19:50.590103  ,3.96,2025-07-04 08:03:15.583864,25,3,Low Stock,DROPSHIP,9043,,2026-01-28 00:00:00
101229,PROD_0126,SUPP_069,46,0,109,2025-09-11 05:03:14.022000,2025-09-11 14:49:48.221000,4.18,2025-04-11 01:28:39.837000,,,,DC-01,5076.56,3,
100382,PROD_0071,SUPP_052,20,20,189,  2025-09-11 08:44:36.228845  ,2025-09-11 04:50:47.508000,4.88,2025-05-11 12:26:14.158000,0,,Low Stock,,,7,
100775,PROD_1444,,  80  ,,0,,2024-11-07 11:56:14.580000,,2023-12-03 08:51:03.716000,,,In Stock,WH-NORTH-01,15203.2,30,
100683,PROD_1419,SUPP_053,1,0,0,2024-03-11 15:06:43.305000,2025-02-04 05:28:25.974000,1.66,2023-11-06 19:42:15.836000,,219,,,,7,
100044,PROD_1286,SUPP_013,104,31,10,2025-08-27 19:12:45.767000,2025-08-31 02:43:53.768762,1.28,2025-01-12 03:27:38.607000,,,,WH-CENTRAL-01,,,
100244,PROD_0234,SUPP_022,9,2,104,2025-09-10 19:46:39.797977,2025-09-11 00:52:50.915000,4.34,2024-07-27 11:13:31.884000,,0,,WH-WEST-01,1586.97,1,
101384,PROD_1427!,SUPP_044,0,0,0,2024-03-31 18:22:19.275000,2025-03-20 15:56:43.652000,2.24,2024-04-22 05:12:11.397000,0,,,WH-NORTH-01,,14,
101043,PROD_0837,SUPP_074,61,18,60,  2025-09-09 19:15:41.340879  ,2025-09-08 10:03:53.645000,3.94,2024-08-15 02:53:53.471000,43,3,,,,30,2025-12-30 00:00:00
101468,PROD_0774,SUPP_052,389,0,69,2025-08-26 20:51:23.226000,2025-09-07 20:54:40.255000,4.81,2024-04-08 18:18:04.705000,,3,,,6539.09,,
100165,PROD_0174,SUPP_012,912,1306,174,2020-10-17 09:52:22.682000,2025-09-10 23:32:17.101000,0.001,2025-08-06 15:28:50.097000,,,Fully Reserved,Multiple,117456.48,7,2025-11-23 00:00:00
  100386  ,PROD_1157,SUPP_054,73,7,21,2025-06-23 14:33:41.651000,2025-09-01 11:47:48.463000,4.93,2024-01-11 18:58:12.838000,66,,In Stock,,1624.25,,
100069,prod_0946,SUPP_010,6,0,24,2025-07-24 18:01:21.125000,2025-09-03 07:31:57.613000,3.2,2024-09-07 09:59:12.614000,,,,DC-01,,,
100475,PROD_1267,,136,,20,,2025-09-08 06:23:19.487000,,2024-12-03 21:01:31.302000,,,In Stock,,,365,
101289,PROD_0034,SUPP_016,24,2,80,2025-09-09 07:11:43.478000,2025-09-11 12:20:12.599000,0.21,2025-05-22 22:51:31.660000,22,0,,STORE-002,2196.24,  7  ,
100943,PROD_1489,SUPP_053,2,1,0,2023-10-11 13:05:20.946000,2025-06-06 10:00:14.992000,4.48,2024-07-19 05:55:49.306000,1,,,,46.46,60,
100270,PROD_0769,,,-28,,2025-09-27 04:57:29.163000,,-2.47,,,,,,,1,Non-perishable
100798,PROD_0376,SUPP_025,84,84,32,  2025-08-18 01:49:11.699127  ,2025-09-10 20:00:04.621000,  4.37  ,2025-01-26 18:04:56.517000,,,Fully Reserved,DROPSHIP,,7,
101040,,SUPP_052,-80,10.25,High,2025-08-25 18:01:08.976000,2025-07-29 18:01:08.976000,0,2024-02-05 10:27:26,,,,DC-02,,,
100595,,SUPP_999,19,,73,09/11/2025,2025-09-10 09:31:46.123000,Variable,2024-07-09 18:51:32.841000,,,Low Stock,,,,
100682,PROD_0791,SUPP_015,80,8,70,2025-09-05 18:26:23.333000,2025-09-11 10:50:18.552000,3.55,2025-02-05 05:13:05.079000,72,,,STORE-001,9776.8,,
100885,PROD_0431,SUPP_029,34,3,94,2025-09-10 18:48:44.883000,2025-09-10 15:02:34.080000,4.32,2025-03-28 00:31:18.890000,,,Low Stock,STORE-001,,,
100558,PROD_0335,SUPP_012,69,20,49,2025-08-24 00:27:43.785000,2025-09-10 03:53:36.796000,1.19,2024-11-19 03:11:43.028000,49,,,WH-EAST-01,4439.46,,
100865,PROD_1120,SUPP_004,700,0,13,2025-06-19 09:07:49.503000,2025-08-12 18:55:50.870164,2.76,2023-12-01 09:58:54.653000,700,,IN STOCK,,129395,,2027-06-05 00:00:00
100823,PROD_0403,SUPP_018,59,0,45,2025-08-28 08:30:42.434000,2025-09-08 05:03:51.693609,4.81,2025-06-18 18:46:16.002000,59,,In Stock,,1250.8,,2027-02-10 00:00:00
100078,PROD_1378,  SUPP_054  #,0,0,0,2023-10-27 18:24:35.766000,2025-01-31 18:36:15.850000,4.83,2025-05-30 02:37:06.132000,0,,,,,,
100020,PROD_0083,SUPP_046,77,38,154,2025-09-10 15:43:26.621775,2025-09-10 21:59:30.313000,4.87,2024-10-10 06:56:16.315000,39,0,,WH-NORTH-01,12558.7,7,  2026-11-22  
100818,PROD_1451,SUPP_073,0,0,0,2025-08-18 03:17:47.986000,2025-08-17 17:38:44.083000,3.93,2025-03-26 15:59:12.521000,,25,,,,7,2026-06-07 00:00:00
100424,PROD_1148,SUPP_019,125,12,12,2025-07-06 07:09:52.030000,2025-09-01 16:46:11.839000,1.91,2023-10-20 02:42:47.734000,,10,In Stock,STORE-001,,,
101074,PROD_0891,SUPP_063,31,9,46,2025-08-21 09:39:22.434000,2025-09-07 10:30:43.062000,1.29,2025-05-29 19:42:20.197000,22,,Low Stock,,3112.71,,
100057,PROD_1129,SUPP_053,97,29,17,2025-07-19 15:00:36.449000,2025-09-07 16:39:27.826000,3.14,2024-05-25 18:55:44.386000,68,,,,,,
100911,PROD_0602,SUPP_040,47,14,24,2025-08-13 20:01:34.964000,2025-09-09 19:14:23.168000,0.49,2024-09-03 15:47:37.876000,,1,,WH-WEST-01,1390.73,,
100577,PROD_0229,SUPP_015,143,0,86,  2025-09-04 20:24:00.456814  ,2025-09-11 17:47:35.176000,4.19,2024-09-25 11:24:36.057000,,,In Stock,DC-02,2272.27,7,
100408,PROD_1389,SUPP_044,0,0,0,2025-03-31 11:38:08.340000,2025-03-28 11:57:31.248000,4.85,2025-03-20 10:49:52.435000,0,,Out of Stock,,,,
101456,PROD_0354,SUPP_071,192,19,28,2025-09-06 04:52:17.181000,2025-09-08 19:24:04.374000,3.67,2023-12-26 23:03:01.395000,173,,,WH-SOUTH-01,10536.96,,2027-09-07 00:00:00
100615,PROD_0642,SUPP_014,125,0,61,2025-08-24 08:09:15.423000,2025-09-04 22:28:27.025000,4.32,2024-09-21 23:25:23.589000,,  6  ,,WH-NORTH-01,,90,2026-09-01 00:00:00
100711,  PROD_1116  ,SUPP_005,77,38,10,2025-08-09 03:31:18.804000,2025-08-28 13:34:41.140000,2.16,2023-10-03 03:42:06.502000,39,  14  ,,,,,
101013,PROD_1217,SUPP_072,48,4,21,2025-09-02 06:59:37.135000,2025-09-09 22:27:45.549000,2.67,2024-01-21 06:09:27.075000,44,,In Stock,,4832.16,3,
101283,PROD_0391,SUPP_013,20,6,87,2025-08-30 18:13:40.640000,2025-09-09 12:12:39.236000,0.82,2024-05-11 20:05:03.469000,14,,,,,,
100687,  PROD_1472  ,SUPP_049,7,3,0,2023-12-08 20:26:37.733000,2025-05-16 08:32:12.164000,4.32,2024-12-03 16:07:24.617000,4,,In Stock,,1035.02,,2027-05-23 00:00:00
100177,PROD_1319,SUPP_015,  15  ,7,12,2025-08-16 21:06:37.625000,2025-08-14 23:14:12.935000,0.33,  2024-05-04 13:54:48.316429  ,8,27,,,,14,
  100322  ,PROD_0099,SUPP_019,540,0,  156  ,2025-09-11 07:20:00.677000,2025-09-11 17:59:27.258000,4.97,2023-10-05 11:09:50.894000,,,,,76393.8,14,
101151,  PROD_0749  ,SUPP_013,214,64,91,2025-09-06 10:46:13.338000,2025-09-07 22:38:51.441000,3.2,2025-02-13 02:56:30.769000,,3,,,28870.74,3,2025-11-10 00:00:00
101296,PROD_0046,SUPP_039,  38  ,0,87,2025-09-06 15:59:46.403000,2025-09-10 20:14:38.380000,0.59,2024-06-29 04:38:04.407000,,0,,DC-02,,,
100753,PROD_1165,SUPP_049,258,  0  ,16,2025-08-13 11:13:39.176000,2025-09-08 05:57:24.858000,2.25,2025-04-13 03:51:35.862000,,3,In Stock,,5012.94,  30  ,
100417,PROD_0664,SUPP_033,70,21,35,2025-08-24 20:22:34.204398,2025-09-09 15:02:01.747000,2.72,2024-08-09 10:18:34.116000,,2,In Stock,,,7,2026-05-08 00:00:00
101253,PROD_0559,SUPP_023,33,9,24,2025-08-13 13:38:50.405000,  2025-09-05 05:59:53.178316  ,1.04,2024-04-06 14:33:28.452000,,,,,1549.35,,
100456,PROD_1224,SUPP_057,950,475,9,2025-08-18 16:26:39.906000,2025-08-17 06:43:53.049000,  2.58  ,2023-09-29 17:59:12.271000,,,,STORE-001,164673,,
100213,  PROD_1417  ,SUPP_052,0,0,0,2024-06-04 02:27:05.686000,2025-01-31 00:32:41.356000,0.22,2025-01-20 04:54:45.277000,,,,WH-SOUTH-01,,7,
100888,PROD_1062,SUPP_003,197,0,18,2025-07-26 15:03:31.287000,2025-08-24 03:46:48.658000,3.65,2024-08-23 23:04:49.217000,,,In Stock,WH-WEST-01,,,
101440,PROD_9999,UNKNOWN,,-20,,2025-09-21 18:11:42.449000,,-1.97,,,,,,,,
101119,PROD_0086,SUPP_030,209,0,144,2025-09-11 14:52:38.700000,2025-09-11 12:00:48.566000,1.83,2023-10-09 07:46:17.959000,,,,,37314.86,3,
100732,PROD_0323,SUPP_023,57,5,79,2025-09-10 23:04:51.365000,2025-09-09 04:39:08.343000,3.32,2023-09-23 06:57:48.195000,,,  Low Stock  ,WH-WEST-01,11113.86,,
101396,PROD_0352,SUPP_040,75,0,39,2025-08-12 22:02:05.234000,2025-09-07 13:52:15.780000,3.81,2023-11-25 07:24:32.065000,,4,,DC-02,,,
100071,PROD_0195,SUPP_011,75,37,192,  2025-09-05 23:52:21.265096  ,2025-09-10 19:31:43.868000,0.39,2025-07-13 11:26:51.068000,,,Low Stock,STORE-002,,  30  ,
100871,PROD_1256,SUPP_048,36,10,10,  2025-08-30 04:15:12.877744  ,2025-08-31 11:03:45.064000,2.95,2024-09-18 09:37:16.938000,,,In Stock,,,,
100108,PROD_0695,SUPP_045,  37  ,11,60,2025-08-16 04:27:58.869000,2025-09-07 13:38:32.861000,1.28,2024-11-06 18:51:41.602000,,,Low Stock,,,7,2025-12-31 00:00:00
101420,PROD_1041,SUPP_049,23,0,13,2025-09-05 01:24:17.973000,2025-09-10 00:25:57.264000,4.32,2024-04-19 12:08:36.398000,23,,,,,,
101124,PROD_1313,SUPP_062,51,0,14,2025-06-25 13:37:34.018000,2025-09-03 10:52:48.049000,2.73,2025-08-13 09:36:56.009000,,,,WH-NORTH-01,843.54,14,
100053,PROD_0632,SUPP_075,40,4,90,2025-09-10 23:29:10.563000,2025-09-11 05:51:06.960000,3.84,2025-06-04 20:39:20.399000,36,,,,  7850.0  ,7,
100667,PROD_0417,SUPP_073,94,9,35,2025-09-04 09:54:12.166000,2025-09-08 15:04:38.073000,  4.25  ,2024-01-20 20:01:47.334000,85,,,WH-EAST-01,10008.18,,  2026-03-16  
100842,PROD_0638,SUPP_032,459,0,53,2025-09-02 09:00:04.641000,2025-09-07 02:18:58.643000,1.1,2023-11-26 14:21:10.540000,,,In Stock,,40015.62,7,
100998,PROD_0554,SUPP_031,  72  ,0,43,2025-08-13 15:01:49.720483,2025-09-06 07:40:47.026000,0.23,2025-01-26 21:18:58.005000,,,In Stock,  WH-SOUTH-01  ,,,
100176,PROD_0615,SUPP_016,63,0,93,2025-08-14 14:07:04.456000,2025-09-10 16:40:11.159000,3.17,2025-01-25 11:08:08.107000,,,,STORE-002,,,
101175,PROD_0667,,58,,46,,2025-09-07 09:24:35.358000,,2023-10-20 04:18:21.182000,,,In Stock,WH-EAST-01,8367.66,,
101105,,SUPP_021,93,5.5,96,2025-08-28 03:58:55.430000,2025-09-07 15:42:39.136000,0,2025-01-07 00:36:02.565000,87.5,,low stock,,6350.97,,
100698,PROD_1360,SUPP_061,0,0,0,2025-04-07 22:48:18.591000,2024-12-12 04:31:45.142000,1.24,2024-06-29 07:23:40.278000,  0  ,,,,,,
100918,PROD_0583,SUPP_058,71,71,55,2025-08-16 04:31:58.736000,2025-09-05 04:55:33.996000,2.72,2024-07-19 14:56:18.295000,,6,Fully Reserved,DC-02,10500.19,14,
101043,PROD_0837,SUPP_074,61,18,60,2025-09-09 19:15:41.341000,2025-09-08 10:03:53.645000,3.94,2024-08-15 02:53:53.471000,43,3,,,,30,2025-12-30 00:00:00
100869,PROD_1003,SUPP_064,222,111,16,2025-08-11 02:50:39.751000,2025-09-03 09:41:16.290000,3.21,  2025-01-04 21:15:31.157336  ,,,,,,,
100717,PROD_0158,SUPP_030,42,4,136,2025-09-08 12:13:12.807000,2025-09-11 17:03:02.129000,1.98,2024-04-18 03:25:53.038000,,,,,,,2027-04-16
,,,-42,,Auto,,2025-06-01 13:35:59.822000,,2024-12-01 23:24:48,,,,WH-WEST-01,,7,
101242,PROD_0930,SUPP_053,138,13,17,2025-06-14 12:45:24.438000,2025-08-21 05:15:07.941000,4.06,2025-04-06 08:13:56.137000,125,21,In Stock,,2750.34,,2027-08-02 00:00:00
101338,PROD_1350,SUPP_037,101,10,17,2025-08-29 13:31:01.483000,2025-08-30 01:42:13.454000,2.66,2024-04-26 07:34:51.538000,91,,In Stock,DC-02,8816.29,,
100702,PROD_0008,  SUPP_040  ,145,0,119,2025-09-11 14:51:29.871000,2025-09-11 02:50:46.421000,0.26,2025-03-31 05:14:59.922000,,,,,,,2027-06-22 00:00:00
100642,PROD_1152,SUPP_073,933,0,30,2025-08-12 09:42:32.933000,2025-09-04 11:30:43.137000,3.84,2024-08-03 05:43:34.488000,,,,,122036.4,,
101017,PROD_0443,  SUPP_049  ,94,  28  ,85,2025-09-04 16:59:30.696000,2025-09-10 01:22:57.020000,4.1,2024-05-29 09:43:50.407000,,,,STORE-001,4888.94,14,2027-09-01 00:00:00
101393,PROD_0886,SUPP_006,100,0,79,2025-08-21 11:10:12.805000,2025-09-06 19:38:21.040000,1.81,2023-09-13 21:58:27.933000,100,,In Stock,STORE-001,  5527.0  ,1,
100485,PROD_0433,SUPP_017,45,4,96,2025-09-06 20:44:43.211000,2025-09-08 13:24:01.959000,2.2,2024-09-04 12:53:58.269000,41,3,,WH-EAST-01,,,
100784,PROD_1289,SUPP_043,623,186,13,2025-07-13 18:50:02.479000,2025-09-04 02:17:05.746000,1.86,2024-05-22 14:22:56.692000,437,,,DC-01,,,2026-05-29 00:00:00
100102,PROD_0982,SUPP_023,290,  290  ,15,2025-07-26 08:33:58.561000,2025-08-25 12:41:10.882532,3.37,2024-05-26 06:34:36.884000,0,17,Fully Reserved,STORE-002,49595.8,,
100561,PROD_0214,SUPP_016,99,49,69,2025-09-06 20:54:40.232000,2025-09-11 10:13:23.528000,4.71,2024-12-10 05:23:43.048000,50,0,,WH-SOUTH-01,4394.61,,
100606,  PROD_1345  ,SUPP_021,211,63,25,2025-08-27 11:05:16.556000,2025-09-04 10:00:04.172000,3.07,2025-04-01 05:50:08.866000,148,,,,20964.96,,
100836,PROD_1059,SUPP_064,162,48,16,2025-07-21 00:16:54.760000,2025-09-08 01:47:55.315000,4.81,2024-08-07 09:24:30.481000,,,,,,30,
101137,PROD_0547,SUPP_051,97,97,28,2025-08-15 07:41:31.170000,2025-09-09 18:28:37.805000,2.21,2024-06-01 17:25:50.534000,,,,WH-CENTRAL-01,,7,  2025-12-31  
  100437  ,PROD_0843,SUPP_041,79,23,53,2025-08-16 17:21:04.627000,2025-09-07 07:42:46.458000,1.77,2025-03-22 10:32:55.125000,,4,,WH-CENTRAL-01,,,
100926,PROD_1363,SUPP_044,  2  ,0,0,2024-11-20 20:17:52.670000,2025-04-23 01:36:53.346000,3.23,2024-12-13 10:25:35.896000,2,,,,,14,2026-05-23 00:00:00
100909,PROD_0233,SUPP_006,375,187,175,2025-09-09 07:09:09.947000,2025-09-11 07:37:51.681000,0.63,2025-01-06 22:28:35.404000,188,,,DROPSHIP,,,2027-02-01 00:00:00
100901,PROD_0501,SUPP_012,70,0,58,2025-09-10 10:21:34.972000,2025-09-06 00:12:56.754000,0.16,2024-09-05 11:26:02.198081,,5,In Stock,,,,
,PROD_9999,,Many,,,,,,,,,,,,,
100824,PROD_0910,SUPP_022*,115,115,  5  ,2025-06-13 21:44:18.212000,2025-08-26 17:02:28.564000,2.5,2025-03-03 23:44:42.676000,0,16,,WH-EAST-01,6475.65,,2027-04-17 00:00:00
100989,PROD_0162,  SUPP_022  ,345,0,61,2025-09-07 06:21:51.729000,2025-09-11 00:52:03.719000,4.87,2024-12-20 01:10:58.743000,,,,,17636.4,,
100776,PROD_0294,SUPP_039,115,11,67,2025-09-06 11:09:20.618000,2025-09-11 15:10:25.203000,0.39,2023-09-22 07:34:08.784000,,0,In Stock,WH-CENTRAL-01,,7,
100202,PROD_1379,SUPP_030,9,4,0,2025-06-09 04:19:57.978000,2024-12-01 10:48:00.085000,  2.15  ,2023-11-07 01:51:00.702000,5,,,STORE-001,,1,
100438,PROD_0051,SUPP_001,54,5,153,2025-09-04 21:07:38.750000,2025-09-10 18:39:16.752000,4.36,2023-10-11 09:01:44.536000,49,0,Low Stock,  DROPSHIP  ,,,2027-08-04 00:00:00
101152,PROD_1463,SUPP_052,0,0,0,2024-07-18 15:40:16.933000,2025-03-04 11:15:35.722000,3.79,  2023-11-08 07:32:11.674712  ,,,Out of Stock,,,,2026-11-14 00:00:00
101419,PROD_0456,SUPP_033,0,0,26,2025-08-16 16:16:23.170000,2025-09-05 01:13:05.348000,1.99,2024-01-31 05:06:57.833000,0,,,STORE-002,,,
101012,PROD_0900,SUPP_048,432,0,50,2025-08-19 12:57:08.930000,2025-09-06 19:08:33.424000,0.74,2024-01-28 04:29:28.907000,432,,,WH-WEST-01,7992,,
101193,PROD_0723,SUPP_034,86,  25  ,32,2025-08-12 23:27:39.957000,2025-09-05 12:57:45.460000,1.05,2024-11-01 00:01:50.748000,61,,,WH-NORTH-01,1108.54,14,
100144,PROD_0854,SUPP_018,482,0,75,2025-08-28 16:45:48.097000,  2025-09-05 22:52:51.110956  ,1.24,2024-11-30 12:07:15.826000,482,5,,,58389.48,,
100158,  PROD_0262  ,SUPP_045,95,0,71,2025-09-10 18:49:38.033000,2025-09-11 17:32:17.106167,3.39,  2023-11-17 05:57:01.008717  ,,,,,,,
100027,PROD_0489,SUPP_040,0,0,51,2025-09-07 13:15:39.957000,2025-09-08 08:42:06.621000,4.92,2025-01-12 23:00:03.279000,,,Out of Stock,WH-WEST-01,,,
  100289  ,PROD_0546,SUPP_015,0,0,55,2025-08-17 04:43:19.636000,2025-09-04 23:37:38.846000,  2.97  ,2024-01-29 15:32:34.332000,,,Out of Stock,,,,
101319,PROD_0578,SUPP_037,216,64,90,2025-08-27 07:39:48.762000,2025-09-04 19:55:14.577000,4.06,2025-03-14 10:58:38.980000,152,,In Stock,,32883.84,,
101096,PROD_1020,SUPP_042,47,  4  ,25,2025-07-02 18:52:33.711000,2025-09-05 19:26:43.240000,4.73,2024-05-05 08:28:47.184000,,,,WH-CENTRAL-01,,1,2027-03-08 00:00:00
,PROD_1322,,-9999,,-17,,2025-10-06 21:25:56.682000,,2025-09-26 23:06:04.479000,,-26,,Multiple,,,
100007,PROD_1105,SUPP_035,138,  0  ,5,2025-06-20 20:31:55.340000,2025-09-06 15:29:41.890000,4.77,2024-11-07 00:39:51.454000,138,,In Stock,WH-SOUTH-01,14352,7,
101234,PROD_1238,SUPP_015,71,  71  ,20,2025-08-10 04:37:54.149000,2025-08-18 23:30:26.357000,4.19,2024-08-07 12:27:15.837000,0,,Fully Reserved,,,14,2026-06-27 00:00:00
101183,PROD_0800,SUPP_047,375,37,80,2025-08-14 03:04:21.421000,  2025-09-06 20:49:51.073193  ,3.18,2025-02-03 11:19:51.685000,338,,,,,7,
,,,,,,,,,,,,,,,,
100065,PROD_1466,SUPP_048,0,10.25,0,2024-07-04 21:52:40.606000,2024-12-31 12:14:35.854000,0,2024-07-22 07:23:46.718000,-10.25,254,,,,,
100870,PROD_0834,SUPP_061,,0,,2025-08-15 07:16:52.648000,,2.58,,,,,,,,
101275,,,87,,23,,2025-09-07 17:09:58.715000,,  2024-05-15 12:58:14.773955  ,,-19,In Stock,,3836.7,Variable,
100803,PROD_0197,SUPP_040,189,56,186,2025-09-06 02:13:06.486000,2025-09-11 03:52:35.647000,0.24,2025-03-30 10:32:15.467000,,0,In Stock,DC-02,2876.58,7,
  100389  ,  PROD_1294  ,SUPP_016,951,475,10,2025-07-27 05:06:32.953000,2025-08-25 05:49:33.311000,2.95,2023-12-06 01:40:31.911000,,,,,71030.19,,2026-05-23 00:00:00
101163,PROD_1193,SUPP_059,208,0,18,2025-08-21 08:08:17.776000,2025-09-04 14:43:56.400000,4.84,2023-12-30 02:41:41.581000,,,,WH-SOUTH-01,18695.04,,2025-11-16 00:00:00
100062,PROD_0159,SUPP_019,  4  ,0,117,  2025-09-07 07:30:46.146133  ,2025-09-11 17:05:47.756000,2.73,2024-12-10 11:39:54.517000,4,,,WH-SOUTH-01,  753.44  ,,2027-02-18 00:00:00
100556,prod_0678,SUPP_002,82,0,74,2025-08-17 17:02:23.055000,2025-09-04 21:32:11.639000,1.31,2025-02-24 11:10:42.474000,82,6,In Stock,,,3,
101277,PROD_0841,SUPP_023,  315  ,  157  ,58,2025-09-03 11:36:42.800000,2025-09-07 16:09:28.270000,1.98,2025-04-30 01:56:16.715000,  158  ,,,WH-WEST-01,,14,
100218,PROD_0950,SUPP_055,31,0,16,2025-07-16 09:32:04.474000,2025-09-10 07:09:55.861000,4.76,2025-08-04 12:52:07.668000,,,In Stock,store-002,3943.2,,
101145,PROD_0712,SUPP_042,0,0,39,2025-08-15 07:00:21.153000,2025-09-07 11:50:33.092000,2.47,2024-09-26 11:25:43.009000,,,Out of Stock,WH-CENTRAL-01,,,
100612,PROD_0478,SUPP_010,450,45,60,2025-08-15 12:31:27.876000,2025-09-10 22:44:03.348000,1.07,2024-05-11 02:54:11.589000,,,,,,,
100384,PROD_0606,SUPP_036,23,2,31,2025-08-20 08:15:15.927000,2025-09-09 18:28:59.969000,4.88,2023-11-05 07:31:29.514000,,,Low Stock,,2409.25,,
100771,PROD_1173,SUPP_052,665,66,8,2025-07-05 13:43:27.153000,2025-09-05 01:35:57.762000,3.75,2025-01-24 11:18:03.845000,599,6,,STORE-002,,7,
100699,PROD_0100,SUPP_018,159,15,80,2025-09-05 04:24:35.001000,2025-09-11 05:45:38.006000,1.28,2024-08-05 21:26:32.527000,144,0,,,11800.98,,
100451,PROD_0873,SUPP_041&,244,73,38,2025-08-29 08:23:10.532000,2025-09-06 08:02:31.862000,3.53,2024-07-12 08:24:52.174000,171,,,  WH-NORTH-01  ,30634.2,14,
100114,PROD_0112,SUPP_075,185,55,147,2025-09-06 18:43:30.837000,2025-09-11 11:11:43.125000,0.82,2023-11-03 06:41:34.799000,130,,,WH-EAST-01,  7807.0  ,,
100496,PROD_1249,SUPP_062,599,299,9,2025-07-02 15:14:29.995000,2025-08-23 06:40:12.172000,4.37,  2025-02-19 12:44:55.814466  ,300,,,,21540.04,,
100259,PROD_1155,SUPP_062,621,186,  29  ,2025-08-16 19:49:52.593000,2025-09-05 13:47:06.027000,0.99,2023-12-09 22:28:18.910000,,,,WH-SOUTH-01,114798.06,,
101365,PROD_0483,SUPP_999,55,  Some  ,  65  ,20250911,2025-09-11 12:39:28.825000,Variable,2024-07-17 07:32:11.100000,,,,,4565.55,,
  101042  ,PROD_1392,SUPP_016,0,0,0,2024-11-06 15:41:08.499000,2025-05-10 20:59:57.361000,3.31,2024-03-26 00:07:41.303000,0,123,,STORE-002,,,
101084,PROD_1156,SUPP_050,8,0,16,2025-08-16 16:28:32.349000,2025-08-17 00:24:59.543000,1.98,2024-04-28 02:53:45.636000,,,,,1440.48,,2026-09-10 00:00:00
100093,PROD_1351,SUPP_059,2,0,0,2024-09-15 21:00:52.986000,2024-09-16 03:28:07.285000,2.73,2025-05-04 23:30:52.374000,,,In Stock,DROPSHIP,,,
100449,PROD_1316,SUPP_067,143,42,27,2025-07-05 18:33:17.078000,2025-08-23 16:23:12.078000,4.05,2024-01-21 00:15:38.882489,,19,,WH-WEST-01,,,
100188,PROD_0965,SUPP_026,456,228,30,2025-08-07 13:45:09.463000,2025-08-13 15:10:11.645000,0.2,  2025-02-06 14:10:52.325688  ,228,29,,,,,
100875,PROD_0948,,448,,14,,2025-08-17 00:37:35.748000,,2024-08-16 21:50:38.876000,,,,WH-WEST-01,,3,
101404,PROD_0622,SUPP_001,3,0,42,2025-08-22 12:14:33.915000,2025-09-08 06:38:09.071000,2.63,2023-12-17 06:45:18.447000,,,Low Stock,,,,2027-04-12 00:00:00
100722,PROD_0582,SUPP_046,23,  6  ,96,2025-08-16 01:46:48.661000,2025-09-09 02:06:07.750000,0.65,2025-02-04 23:09:10.697000,17,,,STORE-002,,14,
100569,PROD_0402,SUPP_059,33,9,21,2025-08-13 01:17:15.673000,2025-09-09 09:46:02.121000,3.06,2024-05-09 08:43:38.843576,,,,,5077.71,,
100540,PROD_9999,,,-14,,2025-10-09 01:15:57.812000,,-2.6,,,,,,,,
100897,PROD_0139,SUPP_032,3,0,148,2025-09-07 09:29:04.665000,2025-09-11 15:49:39.541000,  4.45  ,2024-03-15 08:09:51.063000,3,,,WH-WEST-01,,30,
101223,PROD_1013,SUPP_040,436,130,  16  ,2025-08-17 11:00:38.976000,2025-09-07 04:32:53.604000,  3.88  ,2024-01-20 16:54:22.594000,306,,In Stock,,  74717.32  ,3,
101402,PROD_1047,SUPP_028,85,42,14,2025-07-21 15:48:14.664000,2025-09-08 19:02:31.324000,1.37,2025-01-10 22:23:12.195000,43,,,,,,
100419,PROD_0291,SUPP_021,43,12,190,2025-09-10 17:08:29.254000,2025-09-10 23:33:05.506000,3.72,2025-05-06 19:38:11.913000,31,,Low Stock,WH-EAST-01,1755.69,,
100316,PROD_0102,SUPP_067,244,  0  ,187,2025-09-08 10:36:31.426000,2025-09-10 20:11:53.075000,  2.04  ,2023-10-27 09:30:57.805000,,,,STORE-002,47021.24,14,
100668,PROD_0609,SUPP_032,50,50,50,2025-08-30 02:13:56.789000,2025-09-09 21:56:06.214000,2.28,2025-03-11 13:07:23.262000,,,Low Stock,DC-02,,,
100251,PROD_0535,SUPP_056,67,  6  ,81,2025-09-10 08:19:55.115000,2025-09-10 16:54:00.199000,2.37,2023-10-07 16:52:56.554000,,,Low Stock,,,30,
101256,PROD_0256,SUPP_014,0,0,180,2025-09-08 02:40:11.291000,2025-09-11 03:39:33.986000,2.42,2023-12-16 04:42:50.530000,,,Out of Stock,,,,2026-04-25 00:00:00
100509,PROD_0970,SUPP_006,864,259,12,2025-08-28 02:24:49.377000,2025-08-17 07:08:15.708000,4.25,2023-11-13 21:22:59.026000,,25,In Stock,,,,
100981,PROD_0241,SUPP_028,1,0,87,2025-09-05 05:25:51.824000,2025-09-10 20:26:46.931276,3.86,2024-12-21 22:02:37.576000,1,,,DC-01,151.33,,
100425,,,75,,29,,2025-09-09 20:17:22.762000,,2024-07-21 19:52:27.961000,,,In Stock,,,-1,
100352,PROD_0636,SUPP_025,64,0,90,2025-08-13 02:51:22.709000,2025-09-08 12:19:39.405000,0.15,2023-09-24 19:20:21.854000,,,Low Stock,,,,
101437,PROD_1127,SUPP_050,46,13,12,2025-08-05 02:43:02.705000,2025-08-17 10:23:07.709000,2.46,2025-02-26 09:30:56.217000,33,,,,,,
100638,PROD_0193,SUPP_061,1,0,153,2025-09-06 14:32:49.317000,  2025-09-11 11:46:54.551726  ,2.47,2025-05-24 21:21:35.560000,,,,,55.75,,
100242!,PROD_0509,SUPP_043,  11  ,3,  87  ,2025-08-14 01:51:50.867000,2025-09-10 23:08:11.025000,2.43,2025-07-25 02:12:56.209000,,,Low Stock,WH-EAST-01,,3,
100575,PROD_0216@,,141,,173,,2025-09-11 15:01:31.547000,,2024-08-30 03:55:27.366000,,0,Low Stock,DC-02,4504.95,,
100583,PROD_0940,SUPP_073,3,0,14,2025-09-10 00:34:20.666000,2025-08-15 20:13:36.489000,0.14,2023-10-08 10:59:30.662000,,,Low Stock,,,90,
100413,PROD_0110,SUPP_026,28,14,190,2025-09-08 11:44:48.426000,2025-09-11 02:05:28.672000,0.96,2024-04-10 15:15:18.560000,  14  ,0,,STORE-001,,,
100253,PROD_1153,SUPP_020,429,128,14,2025-07-23 17:13:56.913000,2025-08-29 23:32:50.249000,0.76,2024-06-29 00:56:43.614000,,,In Stock,WH-WEST-01,,14,
100095,PROD_0145,SUPP_045,199,0,140,2025-09-05 23:54:52.634000,2025-09-11 09:06:19.827000,2.78,2024-08-16 20:44:50.770000,199,,,WH-CENTRAL-01,39055.74,,
100404,PROD_1189,SUPP_018,700,  210  ,  20  ,2025-06-26 01:14:18.941000,2025-09-10 16:16:50,  3.33  ,2024-07-07 03:33:02.240000,,,,dropship,,,
101282,PROD_0341,SUPP_020,64,0,  65  ,2025-09-11 06:09:26.662000,2025-09-09 18:01:43.815000,0.9,2024-03-14 07:41:50.807000,64,,Low Stock,,,14,
100535,  PROD_1117  ,SUPP_052,59,5,27,2025-07-10 15:01:53.803000,2025-08-27 05:10:30.982000,3.02,2025-09-03 06:16:25.142285,  54  ,,,,11698.52,,
101313,PROD_0904,SUPP_001,35,3,15,2025-09-10 14:17:55.235000,2025-08-12 19:27:36.673000,1.37,2025-03-30 11:42:20.220000,,,,,5755.4,,
101022,PROD_0551,SUPP_057,41,12,96,2025-08-21 13:41:20.118000,2025-09-08 04:41:08.418000,2.4,2024-10-12 12:34:05.768000,29,3,Low Stock,STORE-001,,,2027-08-07 00:00:00
100819,PROD_1301,SUPP_068,48,0,5,2025-08-26 14:05:43.636000,2025-09-07 01:30:23.561000,0.14,2024-04-13 04:36:22.255000,,4,,  WH-EAST-01  ,,90,
100778,PROD_0645,SUPP_068,97,9,35,2025-08-18 21:03:38.107000,2025-09-08 14:31:19.273000,2.75,2025-02-01 00:27:26.163000,,,,WH-CENTRAL-01,17707.35,7,2026-06-13 00:00:00
100116,PROD_1421,supp_034,  0  ,0,0,2025-05-08 02:49:17.962000,2024-10-03 07:20:00.134000,1.31,2024-11-19 22:49:48.188000,0,343,Out of Stock,WH-NORTH-01,,,
101309@,PROD_1464,SUPP_055,26,0,0,2023-09-21 07:05:43.918000,2025-05-04 21:09:51.347000,0.91,2024-06-28 18:30:33.116000,26,,,WH-CENTRAL-01,,,
100611,PROD_0637,  supp_019  ,36,0,62,  2025-08-28 12:36:29.014143  ,2025-09-08 09:47:07.683000,1.15,2024-07-12 02:42:37.908000,36,,Low Stock,DC-01,,,
101230,PROD_0671,SUPP_066,Unknown,0,,2025-08-20 04:17:13.912000,,1.56,,,,,DROPSHIP,,30,2027-06-10 00:00:00
101009,PROD_1490,SUPP_072,0,0,0,2024-07-06 00:13:27.068000,2024-10-26 16:08:25.371000,0.77,  2024-09-25 22:25:05.147603  ,0,,,,,,
101493,PROD_0386,SUPP_018,8,0,39,2025-09-03 23:52:27.316000,2025-09-09 15:52:50.955000,1.49,2024-01-03 04:30:52.214000,,,Low Stock,STORE-001,,,
101292,PROD_0047,SUPP_071,0,0,93,2025-09-07 20:38:24.866000,2025-09-10 19:52:27.898000,3.29,2023-11-02 09:44:44.287000,,,,WH-SOUTH-01,,,2025-10-19 00:00:00
100801,PROD_0089,SUPP_046,1,0,184,2025-09-08 09:47:33.570000,2025-09-11 05:17:21.197000,2.86,2025-06-14 11:37:12.555000,,,,  STORE-002  ,,,
100854,PROD_0057,SUPP_039,18,9,102,2025-09-07 22:28:30.599000,2025-09-10 19:53:32.553000,0.69,2024-05-26 00:05:43.396000,9,,Low Stock,WH-EAST-01,  702.72  ,,2027-05-21 00:00:00
101414,PROD_0472,SUPP_068,10,5,40,2025-09-03 02:39:54.873000,2025-09-07 00:03:24.767000,1.77,2024-01-23 01:11:09.036000,5,,,STORE-002,,,2025-10-20 00:00:00
101254,PROD_0451,SUPP_008,25,7,50,2025-08-21 11:55:10.530000,2025-09-07 22:42:25.598000,2.02,2024-09-25 01:27:07.679000,,,,WH-CENTRAL-01,,,
100593,PROD_0704,SUPP_062,453,453,75,2025-09-02 12:25:56.511000,2025-09-09 21:02:48.171000,  1.84  ,2023-11-26 22:15:43.026000,0,1,,DC-02,,7,
100460,PROD_0268,SUPP_022,130,  39  ,71,2025-09-11 01:04:04.463000,2025-09-11 11:08:38.173000,1.04,2024-08-12 04:16:10.948000,  91  ,0,,DROPSHIP,13876.2,,
100282,PROD_0804&,SUPP_061,90,0,89,2025-09-04 16:41:40.465000,2025-09-10 12:58:33.285000,0.97,2023-12-15 06:28:06.306000,,1,,DROPSHIP,9818.1,,
100056,PROD_1341,SUPP_037,645,193,27,2025-07-01 17:24:03.326000,2025-08-23 06:04:39.636000,4.38,2024-02-22 02:59:32.055000,452,19,,WH-SOUTH-01,,,
100008,PROD_0771,SUPP_021,88,8,34,  2025-08-14 03:19:01.802435  ,2025-09-10 04:11:56.733000,4.65,2025-05-29 01:49:24.036000,,,,WH-SOUTH-01,,30,2026-06-16 00:00:00
100652,PROD_1204,SUPP_003,174,17,9,2025-07-26 21:00:33.566000,2025-09-01 04:21:00.935000,2.21,2023-09-28 16:19:00.401000,,,In Stock,WH-CENTRAL-01,,,
100516,PROD_1058,SUPP_019,17,0,23,2025-08-02 10:45:38.394000,2025-08-28 08:29:56.756000,  4.76  ,2025-04-08 20:13:54.720000,,14,,WH-EAST-01,,90,
100426,PROD_0136,SUPP_001,510,153,83,2025-09-09 16:32:41.574000,2025-09-10 23:26:44.590000,4.84,2023-12-18 05:13:57.609000,,,,DROPSHIP,,,
101132,PROD_1495,SUPP_016,48,0,0,2025-08-24 05:58:23.381000,2025-07-09 08:05:31.283000,3.95,2024-09-16 20:38:38.808719,48,,In Stock,DC-01,,,
100313,PROD_0686,SUPP_020,7,2,98,2025-09-02 08:17:47.823000,2025-09-09 14:17:32.620000,3.12,2024-06-06 18:24:24.837000,,,,DROPSHIP,,,
100035,PROD_0240,SUPP_999,0,ALL,197,20250911,2025-09-11 01:10:10.533000,Variable,2024-01-03 08:37:38.098000,,,,WH-NORTH-01,,30,
  101330  ,PROD_0572,,,,,,,,,,,,,,Variable,
101121,PROD_1368,SUPP_016,84,25,0,2024-11-06 07:58:22.311000,2024-12-18 08:26:56.893000,3.46,2025-06-22 18:47:23.018000,,,,DC-02,,,
100118,PROD_1454,SUPP_033,0,  0  ,0,2025-06-22 23:38:59.427278,2025-04-20 00:32:32.318000,2.74,2023-11-17 23:54:09.902000,,,,WH-SOUTH-01,,,
100738,PROD_1250,SUPP_010,176,0,14,2025-09-02 15:26:08.832000,2025-09-02 23:05:39.537000,3.48,  2024-10-12 17:45:24.959922  ,,,,,,,
101359,PROD_0279,SUPP_067,48,14,120,2025-09-10 07:46:24.078000,2025-09-11 03:32:19.133000,0.54,2024-04-17 05:33:59.755000,,,,WH-EAST-01,,30,
  101148  ,PROD_1205,SUPP_028,16,4,19,2025-06-24 21:45:35.032000,2025-08-26 05:24:51.008000,1.21,2024-08-08 07:09:43.629000,12,,Low Stock,STORE-002,,,
 , ,, ,,,, ,,,,,, ,,,
100706,PROD_0350,SUPP_001,56,5,92,2025-09-05 04:37:29.704000,2025-09-09 23:58:12.197000,4.2,2024-07-10 16:39:40.002000,51,1,,,,,
100502,PROD_1174,SUPP_022,53,5,10,2025-09-06 13:59:55.999000,2025-08-30 23:35:32.286000,1.16,2024-01-05 01:04:17.852000,48,,In Stock,,,14,
100755,PROD_0728,  SUPP_058  ,44,4,62,2025-08-29 06:22:55.839000,2025-09-10 16:15:32.708000,1.08,2025-03-23 12:07:01.707000,,,,WH-SOUTH-01,418.44,,
100433,PROD_0587,SUPP_021,72,72,39,2025-08-22 04:45:58.508000,2025-09-06 11:57:06.200000,0.69,  2024-03-11 13:32:55.721616  ,0,,,DC-02,13048.56,,
100867,PROD_1219,SUPP_007,321,32,19,2025-08-01 19:46:48.695000,2025-08-27 00:13:51.702000,1.54,2024-10-22 00:11:17.260000,,,,,,3,
101497,PROD_0339,SUPP_066,54,5,78,2025-08-19 03:25:15.405000,2025-09-05 13:31:49.628000,1.51,2023-10-10 05:57:04.322000,49,,  LOW STOCK  ,wh-central-01,,3,
101336,PROD_0230,SUPP_051,  931  ,0,196,2025-09-10 10:08:34.037000,2025-09-11 00:32:30.717000,1.7,2023-11-15 07:58:23.724000,,0,In Stock,WH-NORTH-01,,14,
101252,PROD_1125,SUPP_004,38,3,13,2025-06-22 03:43:30.955000,2025-09-02 00:14:28.314000,4.34,2023-10-05 16:50:57.525000,,9,In Stock,WH-NORTH-01,,3,
100676,PROD_0989,SUPP_025,176,  0  ,23,2025-08-18 02:46:59.607000,2025-08-23 04:30:20.430000,2.19,2024-02-24 14:06:28.521000,176,,In Stock,WH-CENTRAL-01,,7,
100974,PROD_1470,SUPP_068%,0,0,0,2024-11-11 11:11:06.914000,2025-06-23 21:04:00.968000,1.25,  2024-02-02 05:59:48.675354  ,0,,,,,,
100672,PROD_0651,SUPP_058,480,0,81,2025-09-03 02:40:47.316000,2025-09-11 09:12:13.951000,3.53,  2024-12-23 00:05:00.951441  ,480,0,,DROPSHIP,10243.2,,
101071,PROD_0725,SUPP_010,5,0,49,2025-08-14 06:10:02.444000,2025-09-08 23:11:22.524000,3.7,2023-11-16 08:10:58.804000,,,,DC-01,,1,
100857,PROD_0978,SUPP_072,438,131,14,2025-08-02 01:53:36.558000,2025-08-24 06:40:17.261000,1.88,2024-02-11 09:32:05.385000,307,,In Stock,store-001,,7,
100879,PROD_0357,SUPP_038,67,6,79,2025-09-02 14:45:37.614000,2025-09-09 20:27:17.493000,2.95,2023-10-27 03:33:01.275000,61,,Low Stock,,8678.51,3,
101174,PROD_0693,SUPP_051,13,6,90,2025-08-21 16:54:04.081000,2025-09-07 00:05:26.077000,1.92,2025-06-25 14:38:39.073000,7,,Low Stock,WH-SOUTH-01,,1,
101364@,PROD_1423,SUPP_040,0,0,  0  ,2025-01-01 00:31:05.996000,2025-04-04 23:14:32.137000,3.52,2023-11-13 02:09:04.563000,0,159,Out of Stock,STORE-002,,3,
100396,PROD_0039,SUPP_068,376,37,75,2025-09-06 04:53:43.453000,2025-09-11 08:10:47.859000,4.63,2024-06-05 11:42:41.120000,,,In Stock,STORE-001,,,
100301,PROD_1223,SUPP_023,298,29,28,2025-06-14 05:30:55.927000,  2025-08-24 23:17:49.114409  ,4.06,2024-08-26 01:12:06.826000,269,17,,,20922.58,3,
  100966  ,PROD_0116,SUPP_010,180,18,149,2025-09-06 00:56:48.253000,2025-09-11 14:28:03.257000,0.57,2024-01-08 01:50:37.828000,162,,In Stock,DC-02,19308.6,,
100280,,SUPP_999,-5,Some,Medium,09/11/2025,2024-10-30 10:35:30.452000,Variable,2025-02-24 17:07:32,,,,,,,
100141,  PROD_0829  ,  SUPP_052  ,225,0,30,2025-08-31 16:45:34.356000,2025-09-11 17:53:28.198000,3.3,2024-07-25 06:58:59.342000,,,,WH-EAST-01,,,
100707,PROD_1184@,SUPP_003,94,9,7,2025-08-29 15:25:16.304000,2025-09-03 14:19:11.103000,4.4,2025-07-30 06:05:58.558000,85,,In Stock,WH-SOUTH-01,16994.26,,
101326,PROD_0474,SUPP_027,33,0,26,  2025-08-28 05:03:42.092205  ,2025-09-04 18:50:57.486000,2.64,2023-09-24 10:21:29.233000,,,In Stock,DROPSHIP,,,
101168,PROD_1115,SUPP_032,923,0,23,2025-08-23 13:43:07.790000,2025-09-06 15:42:02.908000,2.31,2023-11-13 02:48:38.683000,923,,In Stock,,52094.12,,
101323,PROD_1244,SUPP_013,84,0,12,2025-07-17 19:44:40.989000,2025-09-11 00:32:35.717000,0.59,2025-04-23 05:56:45.022000,84,,In Stock,,,,
101046,PROD_0881,SUPP_015,20,10,53,2025-08-24 22:32:49.515000,2025-09-05 19:31:02.167000,0.91,2024-03-09 16:18:36.622000,,,Low Stock,WH-CENTRAL-01,,,
100851,PROD_1492,SUPP_028,0,0,0,2024-10-31 00:57:22.826000,2025-07-05 09:46:47.661000,0.37,2023-11-22 07:58:18.428000,0,,,DROPSHIP,,,
101422,  PROD_0737  ,SUPP_020,86,0,62,2025-08-25 07:26:11.954000,2025-09-11 00:06:36.608000,3.68,2025-06-26 23:59:21.331000,,,,STORE-002,13458.14,,
100988,PROD_0360,SUPP_029,  363  ,36,79,2025-09-07 02:55:30.936000,2025-09-08 20:02:29.640000,2.53,2024-05-02 19:17:57.875000,,,In Stock,DC-01,,,
100136,PROD_0455,SUPP_051,265,26,88,2025-09-02 22:05:15.668000,2025-09-07 11:11:05.430000,3.28,2024-09-08 02:40:03.858000,,4,in stock,,25405.55,7,
100504,PROD_1022,SUPP_009,15,0,18,2025-07-05 03:25:40.464000,  2025-08-24 13:12:47.540282  ,2.61,2024-01-02 11:28:07.032000,15,,,DC-01,,3,
100495,PROD_0560,,3,-32,87,2025-09-17 15:10:23.711000,2025-09-10 12:21:46.060000,-4.66,2024-08-03 12:54:18.840000,35,1,,,,,
100517,PROD_0608,,99999,,-27,,2025-10-01 03:13:51.382000,,2025-09-25 04:55:31.164000,,,In Stock,,,,
100388,PROD_1285,SUPP_016,124,62,25,2025-07-07 01:11:54.568000,2025-08-26 03:17:03.006000,1.3,2024-08-15 13:00:19.847000,,16,,,2233.24,,2026-05-21 00:00:00
101067,PROD_1233,SUPP_048,591,295,10,2025-06-27 23:13:12.289000,2025-09-07 04:08:06.434000,3.88,2025-04-13 07:01:40.286000,,,In Stock,,,,2026-08-07 00:00:00
100197,PROD_0238,SUPP_062,10,5,125,2025-09-08 05:53:03.647000,2025-09-10 22:32:25.031000,0.2,2024-10-05 07:46:54.100000,,0,,,,,2026-09-11 00:00:00
101361,PROD_0776,SUPP_025,9,  4  ,68,2025-08-24 22:09:41.695000,2025-09-07 12:28:53.150000,3.19,2023-10-28 23:37:22.206000,,4,Low Stock,,1239.21,,
  100010  ,PROD_1066,SUPP_058,8,0,22,2025-08-15 22:15:19.757000,2025-08-31 00:53:52.567000,1.23,  2024-10-06 11:05:15.172998  ,,11,Low Stock,,397.12,,
100306,PROD_0385,SUPP_037,456,45,80,2025-08-21 17:09:57.610000,2025-09-11 06:18:14.491000,0.21,2024-04-07 03:36:06.878000,411,,,,,,
100021,PROD_1391,SUPP_032,5,0,0,2023-09-26 12:15:30.824000,2025-07-29 11:11:05.146000,4.37,2024-03-05 04:45:59.684000,,44,In Stock,WH-NORTH-01,365.9,,
101056,PROD_0676,SUPP_069,17,1,53,2025-08-27 11:22:54.440000,2025-09-09 15:51:33.802000,2.04,2024-04-30 11:21:12.373000,16,,,,,,
100107,PROD_0064&,SUPP_064,  29  ,14,153,2025-09-08 02:44:51.353000,2025-09-10 22:44:54.021000,1.56,2024-03-14 17:08:00.829000,,,,,,,
100051,PROD_1169,SUPP_002,  155  ,77,  8  ,2025-08-05 04:32:39.389000,2025-08-25 15:46:12.160000,2.36,2024-04-24 11:02:27.737000,78,17,,,,,
101213,  PROD_1243  ,SUPP_072,  61  ,18,22,  2025-07-29 22:40:30.751843  ,2025-08-22 02:22:44.919000,2.8,2023-12-28 23:06:30.745000,,,,STORE-001,12138.39,1,2026-11-25 00:00:00
100238,PROD_0565,SUPP_066,27,27,60,  2025-09-05 10:03:28.882196  ,2025-09-06 10:49:57.959000,4.83,2025-03-28 20:23:43.373000,0,5,Low Stock,,,,
101128,PROD_0153,SUPP_003,73,36,68,2025-09-08 15:52:16.093000,2025-09-11 02:56:04.175000,2.4,2024-05-30 02:19:31.597000,37,0,,,2630.19,,
,PROD_0150,,  1000000  ,,-49,,  2025-09-14 21:58:01.526667  ,,2025-10-08 12:19:25.584000,,-4,In Stock,,79330000,,
100968,PROD_1095,SUPP_001,105,31,9,2025-07-02 05:27:33.094000,2025-09-01 17:31:19.106000,  4.44  ,2023-12-29 08:29:26.054000,74,,,,18355.05,,
101149,PROD_1458,SUPP_029,  0  ,0,0,  2025-04-22 14:23:28.410806  ,2025-01-17 11:31:02.421000,  2.17  ,2025-01-11 10:57:59.575000,,,Out of Stock,,,,
100235,  PROD_1232  ,SUPP_039,522,261,25,2025-07-22 09:28:46.633000,2025-08-19 23:31:47.507000,1.16,2024-01-27 02:42:04.327000,261,,In Stock,,96376.86,3,
  101028  @,PROD_1199,SUPP_060,49,14,26,2025-08-21 17:54:01.687000,2025-08-22 09:04:16.375000,0.54,2024-11-16 14:31:29.217000,,,,,,7,
100661,PROD_0654,SUPP_035,9,2,61,2025-08-28 10:11:43.643000,2025-09-10 21:17:38.737000,4.2,2024-02-26 22:02:47.416000,,,Low Stock,STORE-001,,,
100890,PROD_0624,SUPP_058,173,0,43,2025-09-10 14:47:33.978000,2025-09-05 10:40:50.941182,1.22,2025-08-10 18:09:23.393000,  173  ,,,,,,
100967,PROD_0092,SUPP_014,6,1,53,2025-09-05 01:14:13.401000,2025-09-11 08:06:43.975000,1.3,2024-03-20 12:08:15.352000,,,Low Stock,,338.76,,
  101190  ,,SUPP_999,407,,914,09/11/2025,2025-09-11 07:36:47.699000,,2023-09-19 02:57:23.546000,,-6,Low Stock,,,,
100038,PROD_0794,SUPP_044,1,0,53,2025-09-07 07:17:24.878000,2025-09-08 22:17:22.232000,1.77,2024-07-03 05:36:09.952000,1,,,WH-SOUTH-01,,,
101374,PROD_0073,SUPP_048,7,2,112,2025-09-08 11:36:38.156000,2025-09-10 19:54:23.889000,3.18,2024-06-03 07:34:50.388000,5,0,,,,,
100704,PROD_0248,SUPP_008,300,0,99,2025-09-07 17:11:19.612000,2025-09-11 14:41:50.027000,3.31,2023-11-09 01:45:21.419000,300,0,In Stock,DC-01,20013,,2026-02-25 00:00:00
100651,PROD_0855,SUPP_017,9,0,64,2025-08-17 11:37:15.258000,2025-09-09 09:23:24.112000,2.21,2025-04-26 19:53:34.031000,9,,Low Stock,,  82.62  ,7,2026-08-29 00:00:00
100343,PROD_0045,SUPP_019,8,4,166,2025-09-06 22:08:18.798000,2025-09-11 06:37:52.349000,4.48,2024-08-17 16:33:47.628000,4,,Low Stock,DC-02,,,
100406,PROD_0954,SUPP_046,258,0,25,2025-07-10 01:14:16.137000,2025-08-19 12:12:39.136000,  1.63  ,2024-01-13 03:45:45.588000,258,,,,7048.56,,
100861,PROD_0852,SUPP_071,437,0,64,2025-09-02 07:53:23.504000,2025-09-07 01:19:41.505000,  3.77  ,2023-11-17 09:59:05.266000,,,In Stock,WH-WEST-01,15452.32,30,2027-06-20 00:00:00
100146,PROD_1430,SUPP_020,0,0,0,2024-08-12 23:43:37.386000,2025-08-05 20:08:06.419000,0.55,2025-07-01 14:22:28.722000,,,,STORE-001,,,
100349,PROD_1090,SUPP_050,944,0,28,2025-07-30 22:02:36.774000,2025-09-10 02:51:32.584000,4.22,2025-03-23 14:49:31.202000,,,,,14386.56,,2025-12-21 00:00:00
100788,PROD_0803,SUPP_014,392,39,48,2025-08-25 13:22:42.272000,2025-09-11 03:09:32.966000,2.27,2024-08-05 09:25:19.801000,353,,In Stock,,22888.88,3,
100976,PROD_1135,SUPP_074,766,229,28,2025-09-09 14:08:13.006000,  2025-08-18 14:19:39.501984  ,3.68,2024-11-25 21:19:24.220000,,,In Stock,STORE-001,,,
101014,PROD_1260,SUPP_038,354,0,21,2025-08-13 06:02:59.440000,  2025-08-25 21:43:32.244247  ,4.93,2023-12-08 08:52:25.052000,,,In Stock,DC-01,6573.78,30,
100839,PROD_1292,SUPP_031,176,0,21,2025-08-18 16:23:46.735000,2025-09-05 00:42:27.078000,4.42,2025-03-27 08:58:55.617000,,,,,,60,
100506,PROD_1479,SUPP_014,0,0,0,2024-02-10 10:58:59.790000,2025-09-03 09:10:04.899000,4.8,2025-05-20 15:21:28.848000,0,,,DC-02,,,2027-04-07 00:00:00
100063,PROD_1201,SUPP_042,40,20,27,2025-07-29 09:42:29.591000,2025-08-22 13:10:31.089000,1.58,2024-10-21 06:29:49.386000,,20,,WH-CENTRAL-01,,,
101453,PROD_0184,SUPP_061,8,0,153,  2025-09-05 19:33:38.077598  ,2025-09-11 09:19:04.115000,0.69,2024-05-23 18:32:03.066000,8,0,,,,,2026-03-28 00:00:00
100137,PROD_0692,  SUPP_053  #,214,0,90,2025-08-16 13:13:15.331000,2025-09-10 20:25:59.750000,4.68,2023-11-24 02:54:04.444000,,,,DC-02,,,
100109,PROD_0356,SUPP_042,198,19,85,2025-08-15 07:39:13.915000,2025-09-05 14:13:24.505000,2.39,2024-11-28 04:28:25.105000,,6,,STORE-001,20504.88,,
100917,PROD_1403,SUPP_030,0,0,0,2024-08-10 12:22:02.306000,2025-07-13 15:01:06.122000,1.4,2025-05-01 16:05:01.621000,0,,,WH-EAST-01,,,
101214,PROD_0988,SUPP_048,63,18,28,2025-07-16 22:59:47.042000,2025-08-28 07:03:13.089000,2.01,2023-10-24 03:40:08.654000,45,,,WH-WEST-01,7642.53,7,
101123,PROD_0133,SUPP_071,  721  ,72,94,2025-09-07 04:05:23.901000,2025-09-11 06:30:24.746000,4.04,2025-07-16 14:13:46.772000,649,,,,,,
100156,PROD_0249,SUPP_022,44,13,168,2025-09-11 03:53:01.807000,2025-09-11 17:32:26.984000,1.24,2025-03-10 15:07:25.678000,,0,Low Stock,WH-CENTRAL-01,3614.16,,
100291,PROD_1108,SUPP_025,567,0,6,2025-08-31 07:36:35.505000,2025-09-02 22:28:54.402000,2.48,2024-10-26 00:00:04.637000,567,,,  WH-SOUTH-01  ,,,
100365,PROD_0488,SUPP_064,422,42,73,2025-08-19 17:28:02.259000,2025-09-07 03:32:35.493000,0.12,2025-08-20 01:27:11.564000,,,,,,7,
101355,PROD_1049!,SUPP_068,120,12,29,2025-08-09 04:35:03.522000,2025-08-20 02:43:27.601000,1.46,2024-03-06 05:21:54.876000,108,22,,WH-EAST-01,16833.6,3,
100949,PROD_1487,,-9999,,-3,,2025-10-03 00:10:11.567000,,2025-10-05 14:33:25.685000,,,,  WH-EAST-01  ,,365,2026-12-08 00:00:00
100773,PROD_0273,SUPP_045,767,0,179,2025-09-08 22:05:41.900000,2025-09-11 12:47:45.464000,0.99,2025-09-02 17:50:34.607000,,,In Stock,STORE-002,37015.42,,
100515,PROD_0263,  SUPP_025  ,140,42,144,2025-09-10 14:27:13.590000,2025-09-11 01:59:51.356000,3.51,2023-11-14 20:31:36.953000,98,,Low Stock,DC-02,,,
100745,PROD_0401,SUPP_062,77,0,95,2025-08-18 02:56:36.770000,2025-09-06 04:16:22.397000,1.15,2024-01-30 06:08:04.458000,,5,Low Stock,DROPSHIP,,,
100129%,PROD_0764,SUPP_016,  89  ,26,48,2025-08-26 14:33:57.942000,2025-09-09 07:08:19.820000,4.19,2024-09-10 08:05:01.462000,,,,WH-SOUTH-01,7805.3,,
100921,PROD_0270,SUPP_037,5,5,  81  ,2025-09-05 22:33:22.156000,2025-09-11 07:36:19.428000,4.28,2024-03-08 06:15:50.239000,,0,Low Stock,,799.55,,
101236,PROD_0740,SUPP_065,23,23,21,2025-08-16 19:02:29.178000,2025-09-06 19:53:30.040465,3.87,2024-02-27 10:09:59.137000,,4,,WH-NORTH-01,,,
100715,PROD_0471,SUPP_020,68,95,80,2022-04-25 21:19:38.374000,2025-09-07 20:33:22.113000,-99,2024-07-09 09:21:46.343000,-27,3,,,9704.28,,
100520,INVALID,SUPP_022,-90,10.25,  Low  ,2025-09-02 11:29:36.651000,2025-08-20 11:29:36.651000,0,2025-03-10 00:55:53,,,,,,,
100030,PROD_0567,SUPP_043,Few,0,,2025-09-01 23:08:45.907000,,4.48,,,,,,,,
101416,PROD_1418,SUPP_048@,0,0,0,  2025-08-05 00:20:36.000730  ,2025-01-11 14:47:02.297000,4.9,2023-11-22 01:23:01.907000,,,,WH-SOUTH-01,,,
100720,PROD_9999,,,-16,,2025-09-30 21:32:54.345000,,-1.28,,,,,,,,
101413,PROD_1282,SUPP_010,538,161,15,2025-08-10 17:05:22.657000,2025-08-16 01:33:47.428953,1.22,2024-04-04 05:22:32.510000,377,,  In Stock  ,,,30,
100466,PROD_1356,SUPP_038@,0,0,0,2023-11-17 08:00:36.635000,2025-07-10 08:25:46.796000,4.62,2024-02-16 08:26:41.576000,,63,Out of Stock,,,,
101489,PROD_0936,SUPP_055,719,359,12,2025-06-21 19:03:31.582000,2025-09-03 01:59:42.843000,4.91,2024-03-18 16:57:20.701000,,,,,101846.35,60,
  100786  ,PROD_0212,SUPP_012,31,3,117,2025-09-11 08:56:18.875000,2025-09-10 23:44:15.345000,  4.29  ,2025-06-28 15:39:02.120000,28,0,,DC-01,4717.58,,
101116,PROD_0381,  SUPP_075  ,439,131,  39  ,2025-08-17 05:00:10.356000,2025-09-04 21:59:19.818000,1.17,2025-07-02 11:30:58.060825,,,In Stock,,,,
100230,PROD_0041,SUPP_014,60,30,127,2025-09-05 00:45:30.770000,2025-09-11 11:01:45.620000,4.46,2025-03-19 14:26:32.974000,30,,,STORE-001,,,
  101405  ,  PROD_0040  ,SUPP_062,72,21,82,2025-09-05 20:27:16.795000,2025-09-11 12:44:27.060000,4.49,2023-10-20 07:08:27.791000,51,,Low Stock,,,,
101001,PROD_0105,SUPP_047,135,0,81,2025-09-06 03:18:38.080000,2025-09-11 13:21:24.968000,0.92,2024-08-19 22:31:48.225000,135,,,WH-CENTRAL-01,,7,
100207,PROD_1039,SUPP_042,820,0,11,2025-08-24 10:23:44.585000,2025-08-23 07:43:19.241000,4.58,  2024-04-26 00:43:30.187822  ,820,,,STORE-001,135382,,
100447,PROD_0480,SUPP_016,67,20,84,2025-08-20 15:38:50.495000,2025-09-08 05:40:35.050000,2.54,2023-10-22 18:44:07.770000,47,,Low Stock,WH-CENTRAL-01,,,
100758,PROD_0154,SUPP_024,167,50,160,2025-09-11 15:27:37.074000,2025-09-11 06:44:46.449000,  4.46  ,2023-09-17 01:57:54.603000,,,,WH-SOUTH-01,1449.56,,
101435,PROD_1447,SUPP_999,0,Some,0,09/11/2025,  2025-06-02 10:41:05.605216  ,Free,2025-08-03 01:35:45.693000,,,,DC-02,,,
100467,PROD_0818,SUPP_006,6,0,35,2025-08-17 05:07:00.283000,2025-09-11 13:00:53.323000,4.17,2024-09-21 08:31:55.845000,  6  ,,Low Stock,WH-SOUTH-01,,60,
100678,prod_1257,SUPP_041,303,90,15,2025-08-03 00:57:57.423000,2025-08-22 23:05:56.598000,1.03,2025-04-20 19:36:05.744000,213,,In Stock,WH-EAST-01,16043.85,,
100492,PROD_1401,SUPP_060,0,0,0,2023-12-14 07:24:04.606000,2025-08-24 01:21:53.943000,1.02,2025-05-25 17:51:58.923000,,,,DC-02,,,
100489,PROD_1089,SUPP_064,21,2,13,2025-08-16 04:07:32.562868,2025-08-30 08:15:20.191000,3.26,2024-04-19 17:12:19.580000,,,In Stock,,2204.79,  1  ,
100061,PROD_0280!,SUPP_012,31,9,143,2025-09-07 11:02:11.198000,2025-09-11 00:26:13.025000,2.7,2023-09-13 12:27:15.440000,,0,Low Stock,WH-CENTRAL-01,3067.76,,
100434,PROD_0564,SUPP_063,70,21,31,2025-09-05 03:10:54.339000,2025-09-10 16:46:10.145000,3.81,2024-02-09 08:34:45.580000,,,In Stock,DROPSHIP,1618.4,,
100025,PROD_0836,,10,,68,,2025-09-05 14:39:08.338000,,2023-10-29 01:16:29.615000,,,,WH-CENTRAL-01,,,
101271,PROD_1134,SUPP_019,46,0,25,  2025-07-31 21:10:33.205970  ,2025-08-17 19:36:36.144000,3.63,2025-01-19 02:21:34.951000,46,,,STORE-002,1595.28,,2026-07-30 00:00:00
100641,  PROD_0631  ,  SUPP_018  ,0,0,40,2025-09-08 12:09:31.113000,2025-09-05 16:48:56.386000,1.85,2024-06-28 03:03:01.937000,,,,STORE-002,,,
100828,PROD_0199,SUPP_010,1,0,  167  ,2025-09-07 12:51:35.632000,2025-09-11 14:17:33.495000,3.19,2024-05-10 17:13:51.601000,1,,Low Stock,,15.95,3,
100907,PROD_0711,SUPP_032,20,2,68,2025-08-24 07:06:31.681000,2025-09-05 14:41:08.968000,4.28,2024-05-12 20:30:30.980000,,,Low Stock,,685.2,14,
100996,PROD_0053,SUPP_021,235,70,108,2025-09-05 13:54:23.906000,2025-09-11 16:29:07.603000,3.35,2024-05-23 15:27:09.557000,165,0,In Stock,  DROPSHIP  ,,,
101158,PROD_0955,SUPP_046,689,344,5,  2025-07-30 19:31:22.831529  ,2025-08-23 21:46:48.382000,1.34,2024-04-20 19:24:49.739000,345,  18  ,,  WH-CENTRAL-01  ,,,
100073,PROD_1335,SUPP_072,119,35,14,2025-08-27 12:21:10.864000,2025-09-08 16:18:48.404000,4.62,2024-08-06 01:12:38.022000,,,,,,90,
101164,  PROD_0201  ,SUPP_054,  139  ,0,  134  ,  2025-09-07 11:22:44.801588  ,2025-09-11 02:27:34.417000,0.26,2025-08-12 03:23:36.197000,,,,DC-01,,,
100054,PROD_1001,SUPP_049,708,0,23,2025-09-01 02:10:57.407462,2025-08-18 03:27:47.840000,1.73,2025-04-05 19:13:41.218000,708,24,,,,,2027-04-19
100139,PROD_0107,SUPP_001,110,0,179,2025-09-07 03:12:06.834000,  2025-09-11 09:55:10.886783  ,2.33,2025-05-26 21:38:34.080000,110,,,,20128.9,,
100685,PROD_0662,SUPP_071,3,0,40,2025-08-27 17:36:11.290223,2025-09-06 09:46:49.158000,4.21,2025-06-10 19:18:22.237000,3,,,,,,
100052,PROD_1077,,Few,,,,,,,,Unknown,,,,,
100748,PROD_1060,  SUPP_024  ,78,7,14,2025-07-25 21:19:52.899000,2025-08-23 14:11:25.325000,1.67,2025-05-04 18:10:40.518000,71,,,WH-WEST-01,3588.78,,
100852,PROD_0748,SUPP_027,70,  70  ,97,2025-09-02 07:08:51.911000,2025-09-08 01:22:31.145000,3.79,2023-12-26 06:27:47.465000,0,3,  Low Stock  ,STORE-001,,,
100083,PROD_0736,SUPP_011,43,4,76,2025-08-24 03:16:42.216000,2025-09-07 22:42:47.152000,2.67,2025-03-21 08:19:02.855000,,,,DC-01,,,
100265,PROD_0366,SUPP_061,20,0,30,2025-09-06 16:55:29.970000,2025-09-06 21:24:59.523000,3.08,2024-05-04 23:32:13.283000,20,  4  ,,DC-02,,30,
100991,PROD_1475,SUPP_024,0,0,0,2024-10-03 03:39:35.293000,2025-03-18 04:58:05.765000,2.65,2025-03-23 20:58:14.719335,0,177,Out of Stock,WH-CENTRAL-01,,,
101368,PROD_0688,SUPP_049,96,0,97,2025-09-02 09:38:00.361000,2025-09-06 10:09:23.295000,3.98,2023-12-24 18:26:50.129000,,5,,WH-NORTH-01,14235.84,,
100936,PROD_0643,SUPP_063,  16  ,0,79,2025-08-14 09:26:52.611000,2025-09-05 18:40:25.481000,0.88,  2024-01-20 08:28:46.135792  ,16,,,WH-EAST-01,,,
101111,PROD_0423,SUPP_039,454,0,55,2025-08-12 22:32:00.604000,2025-09-04 20:33:31.622000,1.81,2024-08-13 10:09:38.708000,,,In Stock,WH-NORTH-01,,,
  101180  ,PROD_0343,SUPP_062,278,27,27,  2025-09-10 14:29:49.667175  ,2025-09-05 01:20:40.850000,0.95,2025-08-14 08:36:02.460000,,,,WH-NORTH-01,10769.72,30,
100802,PROD_1303,SUPP_055,26,0,8,2025-07-30 10:43:16.827000,2025-09-11 06:40:54.028000,1.68,2024-10-23 16:08:56.280000,,0,In Stock,DC-02,4037.54,,
100304,PROD_1006,SUPP_074,831,83,12,2025-07-21 08:57:18.622000,2025-09-09 18:44:52.407000,0.45,2025-09-09 16:44:27.673000,748,,,DC-01,,,
101353,PROD_1278,SUPP_001,516,0,23,2025-08-13 21:55:31.385000,2025-09-09 13:01:58.993000,1.53,2024-05-29 00:43:44.602000,516,,In Stock,,,1,
  100602  ,PROD_0227,SUPP_065,151,0,191,2025-09-05 18:55:24.890000,2025-09-11 10:53:52.395000,0.88,2024-02-08 07:14:58.300000,,,Low Stock,,,,
100123,PROD_0888,  SUPP_055  ,62,0,37,2025-08-21 09:50:25.526000,2025-09-10 11:00:09.738000,2.44,2024-08-09 12:35:35.247000,,1,In Stock,WH-EAST-01,,,
101330,PROD_1105,SUPP_999,0,All,100,20250911,2025-08-21 19:17:39.807000,Variable,2024-01-13 01:01:31.930000,,,,,,999,
100581,PROD_0096,SUPP_029,194,97,169,2025-09-08 07:29:15.860000,2025-09-11 04:00:08.132000,2.44,2023-11-08 20:49:25.598000,97,0,In Stock,DC-02,,,
101092,  PROD_0864  ,SUPP_041,  79  ,23,37,2025-08-28 13:03:16.934000,2025-09-07 16:16:55.206000,2.49,2024-03-10 02:19:03.434000,,,In Stock,,,,
100354,PROD_0492,SUPP_033,439,  131  ,  55  ,  2025-08-18 12:30:52.891722  ,2025-09-10 11:16:46.664000,3.87,2025-04-14 23:14:44.937000,,,,DC-01,25931.73,3,
100140,,SUPP_999,375,Some,850,20250911,2025-09-10 20:53:02.249000,Included,2024-12-06 07:48:23.441000,,,,,,3,
100092,PROD_1015,SUPP_058,0,0,  11  ,2025-08-24 10:10:27.836000,2025-08-23 04:18:37.160000,4.19,2025-01-07 12:16:41.613000,0,,,DROPSHIP,,,
,, ,,, ,, ,,,,,,,,, 
101318,PROD_1478,SUPP_022,0,0,0,2024-06-14 04:55:16.503000,2024-10-04 23:52:10.204000,0.85,2024-11-13 02:04:30.676000,0,341,,,,,
100348,PROD_0464,SUPP_020,68,20,82,2025-08-26 14:07:13.764000,2025-09-05 22:45:36.902000,0.99,2024-01-24 17:26:26.959000,,,Low Stock,WH-EAST-01,,,
101051,PROD_0504,SUPP_052,31,3,95,2025-08-22 04:20:06.175000,2025-09-10 20:00:30.492000,1.43,2025-06-28 08:36:06.036000,28,,,,,7,2026-06-28 00:00:00
101340,  PROD_0966  ,SUPP_029,474,0,20,2025-07-30 12:59:11.749000,2025-08-15 23:03:55.712000,0.92,2024-10-09 11:53:49.607000,,,In Stock,,,,
100770,,SUPP_999,202,Some,504,09/11/2025,2025-09-07 12:44:13.812000,Free,2024-10-26 04:55:29.229000,,,,,,,
100366,PROD_0563,SUPP_036,158,47,80,2025-08-13 15:39:14.708000,2025-09-10 05:57:34.914000,2.54,2024-09-04 15:49:40.490000,111,,,,,,
100705,PROD_0979,SUPP_002,627,188,7,2025-08-11 12:49:54.846000,2025-08-30 22:12:02.850000,1.05,2024-03-28 10:11:42.450000,439,,,WH-CENTRAL-01,,,
100747,PROD_1235,SUPP_057,  0  ,0,21,2025-08-07 07:11:00.382000,2025-08-13 03:44:44.197000,2.41,2025-01-03 07:05:11.991000,,,Out of Stock,,,,
100378,PROD_1337,SUPP_020,14,1,26,2025-07-23 09:12:18.437000,2025-09-06 05:27:57.418000,2.75,2024-04-18 17:53:26.927000,,,,,,,2026-08-27
100777,PROD_0860,SUPP_051,228,0,55,2025-08-21 22:00:30.986000,2025-09-04 22:08:43.060000,0.79,  2025-03-05 20:21:21.808814  ,228,,In Stock,DROPSHIP,,1,
  101339  ,PROD_0078,SUPP_036,536,0,  190  ,2025-09-10 16:38:22.327000,  2025-09-11 01:59:42.154260  ,2.26,2025-04-16 20:30:31.746523,536,,In Stock,STORE-001,,,
100712,prod_0042,SUPP_057,40,4,112,2025-09-10 18:51:56.061000,2025-09-11 15:03:55.435000,1.34,2025-08-24 11:42:43.469000,,0,Low Stock,,2541.2,  60  ,
101220,PROD_1331,  SUPP_008  ,1,0,7,2025-07-02 05:48:25.018000,2025-09-06 13:06:15.566000,4.66,2024-06-03 07:32:22.783000,  1  ,5,Low Stock,,,,
100697,PROD_1195,SUPP_026,306,0,13,2025-06-26 21:20:45.886000,2025-08-26 22:52:27.368000,  2.86  ,2024-01-19 06:59:51.410000,306,,In Stock,,24379.02,,2025-12-19 00:00:00
101178,PROD_0797,SUPP_044,78,39,40,2025-08-31 18:28:24.037000,2025-09-06 15:32:32.810000,1.07,2024-03-10 05:05:57.022000,39,,,,3946.02,,2026-04-22 00:00:00
100297,PROD_1076,SUPP_014,97,9,10,2025-07-14 22:28:07.686000,2025-09-01 10:37:24.555000,2.72,2024-02-15 14:19:03.420000,88,10,In Stock,dc-01,,,
100630,PROD_1097,SUPP_999,,All,,11-09-2025,,Free,,,,,,,14,
101235,PROD_1336,SUPP_022,680,10.25,15,2025-07-22 00:22:22.717000,2025-08-29 21:42:37.042000,0,2024-03-16 05:05:17.179000,669.75,,In Stock,,80994.8,,
100342,PROD_1008,SUPP_052,162,0,9,2025-07-19 11:02:55.897000,2025-08-29 07:49:14.526000,1.02,2024-06-16 08:22:57.345000,162,13,In Stock,,5682.96,,
,  N/A  ,,-90,,Auto,,2024-09-19 03:23:06.419000,,2024-01-15 20:00:06,,357,,WH-SOUTH-01,,,
101016,PROD_0997,SUPP_004,93,9,7,2025-07-14 05:46:04.682000,2025-08-16 10:42:44.539000,3.36,2025-02-23 00:40:14.472000,,,,,,7,
101299,  PROD_1437  ,SUPP_065,0,0,0,2024-11-20 01:12:47.161000,2025-04-01 10:42:18.416000,0.86,2024-03-18 05:31:06.902000,0,,,WH-EAST-01,,,
100827,PROD_0597,SUPP_011@,442,221,34,2025-08-21 18:31:41.114000,2025-09-10 03:11:06.317000,0.21,  2025-01-25 06:32:50.843368  ,221,,,,,,
101008,PROD_0299,SUPP_005,167,83,81,  2025-09-06 00:42:22.195567  ,2025-09-11 17:52:29.417000,3.51,2024-02-15 19:21:09.130000,,,,STORE-002,5121.89,,
101375,PROD_1482,,0,,0,,2025-06-22 16:54:28.539000,,2025-06-07 23:09:32.102000,,,,,,,
100840,PROD_9999,SUPP_999,OUT OF STOCK,,,20250911,,Included,,,,,WH-SOUTH-01,,,
101212,PROD_0072,supp_021,19,0,65,2025-09-09 20:03:37.012000,  2025-09-10 22:47:08.782348  ,0.19,2025-04-16 11:52:24.880000,19,,Low Stock,WH-SOUTH-01,,,2025-12-14 00:00:00
100743,PROD_1052,SUPP_069,65,0,13,2025-06-30 20:26:29.862000,2025-09-04 17:39:07.776000,4.01,2024-12-03 02:18:48.057000,65,7,,,3219.45,  3  ,
100181,PROD_0702,SUPP_014,88,88,38,2025-08-25 04:16:09.776000,2025-09-07 13:18:37.015000,3.59,2024-04-27 14:15:04.536000,0,4,,,9358.8,1,
  100729  ,PROD_1024,SUPP_048,125,37,5,2025-07-06 00:11:38.198000,2025-08-18 17:43:59.239000,0.86,2024-09-26 23:09:52.262000,,24,,DROPSHIP,,7,
100239,prod_0877,SUPP_070,46,0,77,2025-08-16 18:22:42.657000,2025-09-08 14:03:14.113000,0.97,2025-05-10 20:41:28.670000,46,,,WH-CENTRAL-01,1300.42,,
100376,PROD_0573,SUPP_029,66,6,26,2025-09-03 09:22:16.381000,2025-09-08 22:04:59.110000,0.41,2024-08-11 17:48:50.348268,,,In Stock,,,,
101363,PROD_0027,SUPP_024,28,14,65,2025-09-04 19:13:04.957000,2025-09-11 13:32:09.321000,1.32,  2023-10-10 21:02:33.792312  ,14,0,,,,,
100230,PROD_0041,SUPP_014,60,30,127,2025-09-05 00:45:30.770000,2025-09-11 11:01:45.620000,4.46,2025-03-19 14:26:32.974000,30,,,STORE-001,,,
100904,PROD_0575,SUPP_003,82,8,83,2025-09-08 15:48:45.122000,2025-09-09 08:00:17.953196,4.87,  2025-07-24 17:50:54.899071  ,74,2,,WH-EAST-01,,,
100734,PROD_0389,SUPP_021,471,0,45,2025-09-02 09:58:34.749000,2025-09-07 08:43:06.912000,1.68,2024-03-11 23:16:58.165000,471,,,,,,2025-11-17 00:00:00
101260,PROD_9999,SUPP_999,,,,11-09-2025,,,,,,,,,,
101398,PROD_0188,supp_027,48,0,146,2025-09-06 08:18:27.397000,2025-09-11 03:18:25.338000,4.85,2024-07-21 04:16:50.364000,,0,Low Stock,DC-01,3234.24,,
101348,PROD_0733,SUPP_061,19,0,85,2025-09-02 19:07:18.674000,2025-09-05 10:40:23.874000,2.32,2025-03-14 19:10:42.420000,,,,DC-02,,7,
,,,,,,,,,,,,,,,,
101316,PROD_1082,SUPP_001,190,0,28,2025-06-30 11:18:06.413000,2025-09-04 06:15:46.586000,2.53,2024-03-19 17:38:12.919000,,,In Stock,,7235.2,7,
101057,PROD_0163,SUPP_039,801,801,113,2025-09-08 02:05:56.774000,2025-09-11 17:26:35.445000,1.85,2024-06-03 10:42:37.883000,0,  0  ,,DROPSHIP,,,
100919,PROD_1425,SUPP_028,0,0,0,2024-05-06 03:06:09.146000,2025-01-06 23:31:38.244000,3.92,2025-03-23 12:52:48.055000,0,,,DC-02,,,
100594,PROD_1098,SUPP_041,670,67,15,2025-07-29 03:12:05.288000,2025-08-25 07:45:44.021000,0.66,2024-03-30 03:21:18.909000,,  17  ,In Stock,DC-02,132465.7,,
101052,PROD_1410,SUPP_062,0,0,0,2024-03-02 16:56:24.651000,  2025-03-21 03:53:31.936166  ,1.84,2024-09-08 22:20:45.684000,0,,,WH-SOUTH-01,,,
101333,PROD_0663,SUPP_022,26,0,63,2025-09-08 20:13:49.961000,2025-09-06 07:20:48.426000,4.16,2025-01-10 17:36:56.631000,26,,,,,,
  100427  ,PROD_1486,SUPP_056,0,0,0,2024-09-25 17:23:56.421000,2024-09-14 21:58:13.082000,0.32,2025-05-01 03:58:00.691000,0,361,Out of Stock,,,,2027-01-30 00:00:00
100764,PROD_1455,SUPP_042@,1,0,0,  2025-07-16 16:31:12.009487  ,2025-01-16 14:25:08.060000,0.15,2024-07-12 13:03:44.447000,1,238,In Stock,WH-CENTRAL-01,  16.93  ,,
101345,PROD_0447,SUPP_052,29,14,31,2025-09-02 18:37:01.016000,2025-09-11 05:24:50.871000,  2.65  ,2025-05-30 03:26:17.594000,15,,Low Stock,DROPSHIP,988.32,,
100666,PROD_0394,SUPP_041,86,43,68,2025-08-17 09:45:51.081000,2025-09-06 14:13:20.991000,4.17,2024-10-28 18:19:52.233000,43,5,,,,,2027-09-05 00:00:00
101482,PROD_0141,SUPP_010,49,0,101,2025-09-07 01:59:06.240000,2025-09-11 06:22:33.103000,1.36,2023-09-29 14:02:35.193000,,,,DC-01,,,
100604,PROD_1101,SUPP_007,348,104,23,2025-07-05 03:31:47.395000,2025-09-02 13:14:15.307000,4.35,2025-07-20 01:29:26.188000,244,,,,,,
101462,PROD_0306,  SUPP_007  %,322,322,62,2025-08-14 13:13:09.595000,2025-09-07 06:56:52.243000,4.56,2024-04-14 13:17:42.043000,,4,,,12171.6,  1  ,
101446,  PROD_0706  ,SUPP_030,59,59,67,  2025-08-18 19:59:42.696542  ,2025-09-10 01:56:54.476000,0.44,2025-04-29 23:08:35.554000,0,,Low Stock,,,,
100132,PROD_0325,SUPP_067,73,21,95,2025-09-04 22:38:58.944000,2025-09-07 03:25:21.547000,4.41,2025-05-03 16:16:59.201000,  52  ,,Low Stock,DC-02,,,
100597,PROD_0315,SUPP_071,41,0,75,2025-09-02 08:41:01.483000,2025-09-11 15:11:16.708000,3.21,2024-09-14 08:49:17.456000,41,,Low Stock,WH-WEST-01,1034.84,,
100362,PROD_0591,SUPP_009,273,273,71,2025-08-30 08:59:22.582000,2025-09-11 06:22:28.564000,1.69,2024-01-08 22:48:12.350000,0,0,,dropship,,,
100211,PROD_0019,SUPP_029,930,279,158,2025-09-08 06:33:11.944000,2025-09-11 05:08:10.196619,4.49,2025-08-29 21:30:57.866000,,,In Stock,STORE-001,,,
101264,PROD_0358,  SUPP_026  ,50,5,54,2025-09-01 18:18:59.790000,2025-09-09 15:35:42.007000,2.3,2025-07-07 02:20:06.820000,,2,,STORE-002,,,
100626,PROD_0438,SUPP_061,26,26,49,2025-08-29 08:51:39.695000,2025-09-05 15:01:37.624000,2.67,2024-11-03 15:25:52.006000,,,Low Stock,,,,
100454,PROD_0669,SUPP_045,442,132,37,2025-08-22 13:58:48.989000,2025-09-04 19:39:44.756000,3.6,2024-04-12 06:54:31.589000,,,In Stock,WH-NORTH-01,,,
,,,    ,, ,,,,,,,,,,,
100286,PROD_0694,SUPP_035,0,0,31,2025-08-30 13:48:19.307000,2025-09-09 17:23:30.835000,0.84,2024-08-24 04:23:33.813000,,,,DC-01,,,
101443,PROD_0815,SUPP_046,86,86,93,2025-08-30 20:41:41.795000,2025-09-07 10:50:02.484000,4.07,2025-05-08 01:41:46.312531,0,  4  ,Low Stock,,,,
100553,PROD_0767,SUPP_001,53,5,66,2025-08-19 13:14:05.724000,2025-09-06 22:45:18.399000,2.2,2024-06-18 11:01:35.247032,48,,Low Stock,,,,
100849,PROD_0021,SUPP_037,  46  ,23,115,2025-09-06 00:23:33.914000,2025-09-11 09:06:54.645000,1.74,2024-05-12 01:05:25.412000,,,,,,,
100830,PROD_0015,SUPP_011,348,104,98,2025-09-05 20:25:42.627000,2025-09-11 15:43:58.839000,3.53,2024-08-15 02:36:25.153000,,,,WH-WEST-01,53063.04,3,
101423,PROD_1493,SUPP_056,0,0,0,2024-12-15 09:13:30.470000,2025-08-10 04:48:12.143000,2.48,2024-08-29 23:22:58.574000,0,,Out of Stock,  DROPSHIP  ,,,
101185,PROD_1063,SUPP_059,442,442,22,2025-09-01 07:36:57.216000,2025-08-31 19:38:45.330000,2.14,2024-03-29 17:08:20.111000,,,Fully Reserved,DROPSHIP,86331.44,7,
100478,PROD_0576,SUPP_014,22,6,44,2025-09-11 10:41:39.172000,2025-09-08 02:54:38.149000,4.53,2024-05-20 14:14:40.786000,  16  ,,Low Stock,,,,
100736,PROD_0833,SUPP_034,467,140,88,2025-08-16 12:55:09.770000,2025-09-06 23:32:09.085000,3.6,2025-04-22 16:53:16.300000,,  4  ,In Stock,WH-EAST-01,,,
100151,PROD_0838,SUPP_036,159,0,89,2025-08-20 23:56:58.145000,2025-09-11 03:18:26.134000,0.98,2025-05-12 15:44:07.575000,159,0,,WH-EAST-01,,,
,,,,,,,,,,,,,,,,
101077,PROD_1145,SUPP_051,172,86,18,2025-07-04 22:58:21.223000,2025-09-08 23:35:59.785050,1.79,2024-11-11 01:58:50.050000,,,,,32907.04,3,
101346,PROD_1309,SUPP_067,242,72,22,2025-07-10 16:23:00.420000,2025-09-11 11:53:20.853000,1.99,2024-05-15 18:06:58.907000,,0,,,,3,
100026,PROD_1209,SUPP_042,653,65,30,2025-08-05 17:04:13.595000,2025-08-30 10:00:01.777000,4.52,2023-11-03 03:25:13.146000,588,,In Stock,WH-CENTRAL-01,,,2026-02-25 00:00:00
100488,PROD_1262,SUPP_049,91,  0  ,29,2025-08-05 13:23:57.946000,2025-09-04 23:52:02.965000,  0.51  ,2025-08-13 22:51:30.790000,,,,DC-01,,,
101221,PROD_0406,SUPP_055,89,  0  ,64,2025-08-23 12:00:07.235000,2025-09-05 18:14:49.713000,2.82,2024-02-01 06:59:29.349000,89,,,DC-01,,,
101429,PROD_0630,SUPP_022,24,7,68,2025-08-29 07:52:20.187000,2025-09-06 07:56:37.531515,3.61,2024-04-12 11:15:36.652000,,,,WH-CENTRAL-01,1488.96,3,
100710,PROD_1310,SUPP_065@,119,0,11,2025-06-21 08:26:09.409000,2025-08-22 01:04:13.734000,2.39,2025-03-04 01:56:02.559000,,,,,4920.65,,
100696,PROD_1114,SUPP_021,140,0,  25  ,2025-08-26 00:58:31.604000,  2025-09-05 21:16:00.009971  ,0.17,2025-05-29 19:11:50.606000,,5,,,12334,60,
100560,  INVALID  ,  SUPP_999  ,-13,,High,11-09-2025,2025-03-03 18:57:38.225000,,2024-02-09 09:26:30,,,,DROPSHIP,,,
101321,PROD_1279,SUPP_035&,49,14,19,2025-06-22 11:30:07.233000,2025-08-24 00:48:10.762000,3.92,2025-07-24 04:25:51.467000,,,,DC-02,5988.78,,2027-03-17 00:00:00
100952,PROD_0400,SUPP_029,87,0,89,2025-08-24 06:03:04.347000,2025-09-09 02:20:16.911000,0.49,2024-06-05 22:55:51.627000,,2,,STORE-001,,14,
101448,PROD_0698#,SUPP_001,183,0,32,2025-08-13 09:35:35.890000,2025-09-05 11:35:47.701000,2.08,2023-11-26 04:56:35.022000,183,6,,WH-SOUTH-01,,,
101387,PROD_0532,SUPP_024,35,0,78,2025-08-29 09:19:07.136000,2025-09-10 10:07:33.216000,4.01,  2025-08-15 03:02:30.811357  ,,,,WH-CENTRAL-01,,,
101424,PROD_0967,SUPP_050,0,0,15,2025-06-28 18:54:12.555000,  2025-09-02 15:57:07.542240  ,4.58,2024-04-10 20:55:11.334000,0,,,DC-01,,,  2027-04-14  
100284,  PROD_0017  ,SUPP_071,23,0,149,2025-09-08 23:32:14.593000,2025-09-11 06:19:31.731000,4.16,2023-10-10 17:01:28.519000,,0,Low Stock,,2432.02,,
101133,  PROD_0945  ,SUPP_006,809,242,28,2025-08-09 10:57:50.479000,2025-09-09 02:14:00.117000,3.15,2025-02-25 07:52:24.767000,567,,,WH-NORTH-01,116245.21,,
100829,  PROD_0206  ,SUPP_001,104,  10  ,185,2025-09-11 05:15:59.802000,2025-09-11 16:18:41.488000,1.04,2024-12-26 22:04:06.351000,94,,Low Stock,STORE-001,,1,
101415,PROD_0518,SUPP_058,90,9,89,2025-08-19 02:56:50.812000,2025-09-06 17:23:25.377000,4.87,2024-07-23 01:16:03.108000,,,In Stock,,,,
100669,PROD_0823,SUPP_054,165,0,72,2025-09-05 06:09:44.203000,2025-09-05 11:10:13.508000,3.4,2025-04-08 12:00:01.939000,,,,  DROPSHIP  ,,,2026-01-07 00:00:00
100216,PROD_1183,SUPP_016,148,0,9,2025-06-25 08:51:33.095000,2025-08-22 01:13:21.252000,0.77,2024-12-25 08:13:07.059000,,20,,,,,
100411,PROD_1295,SUPP_035,830,415,23,2025-08-22 13:41:16.709000,2025-08-19 01:26:09.210000,3.66,2025-06-02 06:17:45.783000,,,In Stock,,,30,
100810,PROD_0731#,,,-39,,2025-09-17 22:48:53.566000,,-3.28,,,,,,,,
100929,  PROD_0225  ,SUPP_071,127,0,153,2025-09-09 13:26:40.423000,2025-09-11 06:15:50.282000,3.79,2025-01-13 19:25:21.438000,127,,,,,,
,,,,,,,,,,,,,,,,
101459,PROD_0304,SUPP_007,17,0,88,2025-08-28 22:13:17.846000,2025-09-08 11:46:45.537000,2.45,2024-06-19 05:54:14.390000,,,Low Stock,,,,
100541,PROD_0076,SUPP_031,507,0,84,2025-09-08 07:33:09.025000,2025-09-11 14:29:56.183000,3.05,2024-04-13 21:17:04.594274,,,,,,,
100186,PROD_1346*,SUPP_034,56,16,30,2025-06-27 16:32:26.847474,2025-08-19 11:46:47.701000,0.73,2024-05-25 00:50:02.771000,,23,,DC-01,832.72,7,
100977,PROD_0715,SUPP_019,93,27,59,2025-09-09 00:24:19.495000,2025-09-07 13:06:48.077000,2.89,2024-06-08 06:58:43.579508,66,4,In Stock,WH-NORTH-01,2430.09,,
100135,  PROD_1311  ,UNKNOWN,  414  ,-29,14,2025-09-29 08:17:41.172000,2025-09-07 10:39:10.634000,-0.31,2023-10-14 04:00:25.589000,443,4,,,11542.32,,
101141,PROD_1406,SUPP_059,24,7,0,2024-07-01 16:18:49.231000,  2025-02-17 01:30:55.177092  ,0.19,2025-03-19 20:36:00.337000,,,,WH-WEST-01,,1,
101245,PROD_0555,SUPP_003,395,39,71,2025-08-22 03:44:14.968000,2025-09-07 18:21:38.991000,1.37,2024-02-12 09:08:34.472000,356,,,DROPSHIP,2251.5,  3  ,
100493,PROD_0030,SUPP_064,32,9,187,2025-09-06 00:54:48.046000,2025-09-11 16:25:42.702000,1.57,2024-12-22 12:47:01.684000,23,0,,DROPSHIP,1119.04,,
100464,PROD_0348,SUPP_035,61,0,23,2025-08-17 10:13:09.149000,2025-09-07 21:51:02.969000,2.1,2024-07-05 05:35:11.563000,61,3,In Stock,,,,
100087,  PROD_0219  ,SUPP_065,44,13,83,2025-09-05 15:31:43.446000,2025-09-11 07:51:31.972000,3.03,2024-08-16 23:33:22.293000,,0,Low Stock,,5580.08,,
  100690  ,PROD_0208,SUPP_040,Few,0,,  2025-09-08 06:44:22.008291  ,,0.8,,,,,wh-west-01,,,
100681,PROD_1441,SUPP_051,0,0,0,2024-08-29 08:25:29.819000,2024-10-06 04:43:28.810000,1.55,2025-01-18 18:07:01.161000,0,340,,,,,
100973,PROD_0611,SUPP_068,484,0,58,2025-08-31 06:56:22.005000,2025-09-07 21:14:49.284000,4.49,2024-05-07 16:30:14.046000,484,,,,,,
100586,PROD_0714,  SUPP_006  ,207,62,  39  ,2025-09-03 06:19:02.713000,2025-09-09 18:35:49.485000,2.88,2023-11-22 11:01:21.780000,145,1,,WH-WEST-01,,14,
100076,PROD_1436,SUPP_040,0,0,0,2024-05-02 19:45:58.799000,2024-11-01 01:30:37.821000,3.04,2024-06-18 01:59:40.204000,,,,,,,
100719,  PROD_1274  ,SUPP_052,64,19,8,2025-08-17 02:35:22.756000,2025-09-06 14:47:27.410000,3.06,2024-03-22 09:14:51.251000,45,5,In Stock,STORE-001,9205.76,,
101035,PROD_1329,,28,-22,23,  2025-10-02 19:09:53.749504  ,2025-08-22 20:13:12.663000,-1.68,2024-01-12 00:01:55.254000,,,,,,,
100369,PROD_1010,SUPP_018,100,0,15,2025-08-19 07:58:44.527000,  2025-08-23 14:01:39.991272  ,0.72,2023-09-16 01:53:01.522000,,,,WH-EAST-01,,3,
100099,PROD_1394,SUPP_008,2,0,0,2024-04-03 13:36:50.477000,2025-04-02 12:27:59.697000,4.03,2023-11-13 19:43:44.277000,,,,WH-EAST-01,314.72,7,
100131,PROD_0885,SUPP_057,212,63,37,2025-08-26 11:12:35.537000,2025-09-07 10:45:57.821000,2.57,2025-06-04 10:30:32.733000,149,,In Stock,,14244.28,,
  100561  ,PROD_0214,SUPP_016,99,49,69,2025-09-06 20:54:40.232000,2025-09-11 10:13:23.528000,4.71,2024-12-10 05:23:43.048000,50,0,,WH-SOUTH-01,4394.61,,
100913,PROD_0644,SUPP_050,84,8,61,2025-08-13 20:59:39.626000,2025-09-07 03:03:37.212000,2.3,2024-07-04 11:58:21.715000,76,4,,DC-02,12730.2,3,
100332,  PROD_0125  ,SUPP_012@,62,18,129,2025-09-08 19:20:21.768000,2025-09-11 00:00:33.509000,0.21,2025-09-01 07:32:42.172000,,,,WH-NORTH-01,,,
100317,PROD_0432,SUPP_055,99,  49  ,79,2025-08-29 22:40:07.740000,2025-09-05 21:57:57.072000,4.17,2023-12-06 04:40:04.385000,,,,STORE-002,18600.12,,
100024,PROD_1396,SUPP_026,0,0,0,2025-02-14 01:48:41.372000,2025-09-09 23:45:15.402000,3.35,2024-07-28 07:21:50.379000,,1,,,,,
101159,PROD_0344,SUPP_040,46,13,99,2025-08-13 14:28:03.420000,  2025-09-05 18:12:11.154507  ,2.08,2023-10-17 19:43:49.466000,,,,STORE-001,,,
101208,PROD_0705,SUPP_065,93,0,54,2025-08-15 15:19:17.012000,2025-09-06 09:29:11.128000,3.39,2024-08-08 11:47:31.024000,  93  ,,In Stock,WH-EAST-01,16543.77,,
100364,PROD_0486,SUPP_012,57,17,80,2025-09-05 11:28:56.037000,  2025-09-08 06:27:24.516670  ,3.49,2023-10-21 12:11:01.254212,40,,Low Stock,,,,
100094,PROD_1446,SUPP_011,0,0,0,2024-07-24 23:05:03.982499,2025-05-01 15:55:05.993000,2.68,2025-02-09 22:59:57.280000,  0  ,,Out of Stock,STORE-002,,3,
100613,PROD_1002,SUPP_050,198,59,23,2025-07-03 10:09:55.542000,2025-09-11 15:53:52.766000,4.94,2023-12-05 02:03:13.668000,,,,WH-SOUTH-01,2419.56,,
100240,PROD_9999,SUPP_033,Out of Stock,0,,2025-09-11 04:30:48.330000,,1.72,,,,,WH-CENTRAL-01,,,
100723,PROD_0545,SUPP_045,225,112,87,2025-08-18 09:31:55.235000,2025-09-05 19:53:04.900000,2.89,2024-01-26 02:34:20.394000,,,In Stock,,,3,
100527,PROD_1382,SUPP_016,3,0,0,2025-07-13 21:11:30.699000,2024-12-20 14:10:15.273000,4,2024-09-15 06:26:12.321000,,265,,,,,2027-01-21 00:00:00
,, ,,,,,,,,,,,,,,
101068,PROD_0025,SUPP_055,22,0,165,  2025-09-06 14:07:04.191174  ,2025-09-11 13:30:44.277000,2.2,2023-11-12 22:26:43.815000,,,,STORE-001,,,
100565,PROD_0250,SUPP_036,858,858,103,2025-09-04 20:27:55.838000,2025-09-11 16:05:19.436000,2.72,2023-12-30 05:31:59.762000,,,Fully Reserved,,66048.84,,
100781,PROD_0741,SUPP_011,466,0,83,2025-09-01 15:40:13.400000,2025-09-10 19:31:22.919000,1.18,2024-04-12 22:41:44.443000,,,In Stock,WH-SOUTH-01,66712.56,,
101302,  PROD_0949  ,SUPP_030,55,5,7,2025-06-14 03:21:12.962000,2025-08-27 12:10:13.036000,4.22,2025-07-30 03:25:43.089000,50,,,DC-01,4386.25,,
101142,PROD_0824,SUPP_012,18,1,55,2025-09-08 20:07:53.853000,2025-09-11 14:34:57.904000,3.72,2024-07-14 13:51:46.168824,17,,,,,,2027-02-20 00:00:00
100356,PROD_0659,SUPP_058,84,0,24,2025-08-21 18:18:19.267761,2025-09-09 08:09:04.363000,3.36,2023-11-19 14:00:34.531000,84,,In Stock,,9832.2,,
100742,PROD_0915,SUPP_073,965,  289  ,21,2025-08-22 14:31:09.831000,2025-08-22 09:13:24.092000,4.5,2025-01-05 03:37:03.712000,676,,,DC-01,,,
101102,PROD_0308,SUPP_046,18,0,79,2025-08-25 18:52:47.551000,2025-09-05 09:56:19.624000,4.47,2025-08-23 05:44:14.906000,18,,Low Stock,,1353.42,7,2026-12-28 00:00:00
  100895  ,PROD_0521,SUPP_010,20,10,68,2025-08-20 07:41:19.710000,2025-09-04 22:18:19.045984,1.94,2023-10-23 20:01:47.935000,,,,,,,
100334,PROD_0437,,,,,,,,,,Unknown,,,,Variable,
101486,PROD_0453,SUPP_010,8,2,58,2025-08-31 11:13:21.229000,2025-09-05 01:02:44.804000,3.11,2024-03-04 22:46:34.914839,6,,,,,,
100882,PROD_0307,SUPP_018,286,  286  ,25,2025-08-20 07:48:01.126000,2025-09-06 16:33:36.311000,4.25,2023-09-22 15:48:14.278000,0,5,Fully Reserved,,,,
100769,PROD_0226,SUPP_032,98,9,168,2025-09-05 08:37:00.772000,2025-09-11 12:53:43.492000,3.37,2025-03-21 22:23:56.337000,89,0,,DROPSHIP,,,
100319,PROD_1314,SUPP_021,25,0,15,2025-06-25 15:19:24.186000,2025-08-26 11:13:06.649000,  2.87  ,2024-10-24 11:22:04.373000,,16,,WH-CENTRAL-01,,,
100452,PROD_0866,SUPP_011,89,26,36,2025-08-20 21:37:45.627000,2025-09-08 18:20:29.950000,2.65,2024-09-13 00:20:39.971000,,,In Stock,WH-NORTH-01,,,
100902,PROD_0533,SUPP_001,41,4,28,2025-08-31 01:44:27.486000,2025-09-09 06:45:53.226000,1.17,2023-12-26 09:06:32.334000,37,,,WH-CENTRAL-01,,14,2026-02-18 00:00:00
101139,  PROD_0566  ,SUPP_018,68,68,54,2025-09-10 01:48:59.744000,2025-09-05 18:46:54.388000,0.99,2025-02-17 11:52:24.779527,0,,,,,,
100441,PROD_0683,SUPP_026,10,0,  100  ,2025-08-28 20:31:28.328000,2025-09-08 20:50:42.196000,4.25,2024-04-25 20:32:46.637000,10,,,dc-02,1211.9,,
101172,PROD_0495,SUPP_073,173,86,33,2025-08-17 02:01:41.784000,2025-09-10 03:23:55.677000,0.77,2024-04-23 09:22:21.310000,  87  ,1,In Stock,,,,
100914,PROD_0260,SUPP_063,20,6,121,2025-09-10 09:55:01.321000,2025-09-11 16:53:08.758000,4.55,2025-03-06 14:33:46.057000,,,,DC-02,,,
  100222  ,PROD_0334,SUPP_054,86,0,33,2025-09-10 20:25:38.660000,2025-09-10 00:43:31.177000,2.54,2024-03-01 05:13:51.275000,86,,,WH-SOUTH-01,6431.94,,2026-04-25 00:00:00
101320,PROD_9999,SUPP_021,Unknown,318,,2022-09-10 13:41:23.475000,,999.99,,,,,,,,
101408,PROD_0831,SUPP_041,358,0,56,2025-09-07 16:31:25.360000,2025-09-09 10:16:01.655000,  0.52  ,2024-02-04 05:16:32.185000,358,,In Stock,STORE-001,,,
100387,PROD_0380,SUPP_026,69,0,58,2025-08-29 15:50:31.997000,2025-09-11 12:44:52.374000,4.19,2025-08-17 17:17:11.810000,69,,,,,,2025-11-28 00:00:00
101122,PROD_1264,SUPP_041,907,0,27,2025-07-28 07:04:02.712000,2025-08-26 05:07:04.420000,0.56,2023-09-27 11:34:50.260000,907,16,,WH-EAST-01,141274.32,14,2027-02-23 00:00:00
101383,PROD_0382,SUPP_006,291,29,71,2025-09-02 23:12:36.289000,2025-09-07 20:04:08.013000,3.45,2025-04-17 13:10:37.484000,262,,,,  38909.61  ,,
100195,  PROD_0730  ,SUPP_029,19,15.75,29,2025-08-14 03:01:26.803871,2025-09-11 15:42:37.734000,0,2023-09-17 21:34:11.681000,  3.25  ,0,,,,,
100878,PROD_1191,SUPP_030,133,13,14,2025-08-04 10:05:19.185000,2025-08-25 09:27:18.750000,  1.04  ,2024-04-10 13:04:01.983000,120,,In Stock,,,,
100041,  PROD_1104  ,SUPP_037,100,0,5,2025-07-05 05:53:06.968000,2025-08-16 16:33:21.507000,3.57,2024-08-11 06:38:43.259000,,,In Stock,,,,
,INVALID,,-18,,HIGH,,2024-10-09 21:57:53.277000,,2025-03-18 12:01:13,,,,WH-EAST-01,,,
101125,PROD_1302,,79,,  16  ,,2025-09-05 15:25:26.144000,,2024-12-09 12:38:44.540000,,6,  In Stock  ,,10764.54,,
100657,prod_0494,SUPP_036,254,0,55,2025-08-17 19:04:59.651000,2025-09-11 05:16:43.456000,4.29,2024-02-27 03:47:19.022000,,,,,,,
101401,PROD_0600,SUPP_062,32,16,32,2025-08-23 12:58:26.646000,2025-09-05 12:54:55.581000,2.86,2023-10-11 16:33:28.338000,16,,,,,14,
100064,PROD_0825,SUPP_059,90,27,73,2025-08-25 09:02:41.897000,2025-09-09 12:06:46.893000,3.31,2024-12-04 21:42:56.413000,,,,DROPSHIP,1024.2,30,
100765,,,6,-17,39,2025-10-07 23:41:42.090000,2025-09-09 23:56:01.052000,  -1.36  ,2024-12-18 07:48:28.928000,,,,,  157.98  ,,
101403,PROD_1031,SUPP_049,40,4,12,2025-09-08 03:16:23.284000,2025-08-16 07:51:14.657000,3.15,2024-10-18 03:18:28.026000,36,,,  WH-NORTH-01  ,5283.2,,
101224,PROD_1271,SUPP_059,497,149,6,2025-06-29 14:39:03.051000,2025-09-09 01:59:27.079000,1.73,2025-05-11 15:18:40.196000,,,,STORE-002,,1,
100444,PROD_1029,  SUPP_061  ,490,0,20,2025-08-15 21:33:45.977000,2025-08-27 15:44:27.321000,0.73,2024-09-28 07:52:57.316409,490,,In Stock,,,,
100258,PROD_1254,SUPP_006,37,  18  ,21,2025-08-12 20:51:27.211000,2025-08-29 06:19:17.606000,4.8,2025-06-24 09:12:10.177000,19,13,In Stock,DROPSHIP,5437.15,,
101397,PROD_0857,SUPP_026,29,8,31,2025-08-18 16:33:20.172000,2025-09-07 15:19:27.883000,2.17,2023-09-17 07:57:15.614000,,,,DC-01,,,
101094,PROD_0198,SUPP_071,  146  ,0,161,2025-09-04 23:10:28.299000,2025-09-11 14:15:37.413000,3.92,2024-08-08 23:05:13.041000,146,0,,,,14,
101306,PROD_0485,SUPP_061,315,315,61,2025-09-02 15:46:17.428000,2025-09-11 05:58:43.544000,3.02,2024-03-07 07:37:04.024000,0,,Fully Reserved,WH-SOUTH-01,,,
100640,,SUPP_055,-82,0,Low,  2025-08-29 01:37:17.487596  ,2025-08-19 01:37:17.488000,2.34,2025-01-01 22:48:26,-82,,Out of Stock,WH-EAST-01,,,2025-08-22 00:00:00
100554,PROD_0687,SUPP_001,12,0,70,2025-08-17 18:34:41.325000,2025-09-06 20:25:17.722913,2.16,2024-08-10 07:53:05.524000,,4,Low Stock,,2279.16,,
101244,PROD_0652,SUPP_019,74,37,85,2025-08-26 23:55:08.949000,2025-09-09 19:42:19.260000,4.37,2024-05-18 03:05:01.367000,,,Low Stock,,,,
100510,,SUPP_029,Unknown,0,,2025-09-06 00:12:47.968000,,4.38,,,,,WH-CENTRAL-01,,,
101490,PROD_0942,SUPP_065,88,26,19,2025-09-09 19:50:54.724000,2025-09-01 06:32:02.079000,0.86,2025-07-29 19:26:33.918000,,,,DC-01,,,
100163,PROD_0787,SUPP_055,172,  86  ,27,2025-09-08 09:09:01.128000,2025-09-07 11:36:57.999000,2.89,2025-01-14 01:26:46.200000,86,4,,DROPSHIP,,,2026-11-14 00:00:00
101213,PROD_1243,SUPP_072,61,18,22,2025-07-29 22:40:30.752000,2025-08-22 02:22:44.919000,2.8,2023-12-28 23:06:30.745000,,,,STORE-001,12138.39,1,2026-11-25 00:00:00
101386,PROD_1069,SUPP_037,71,35,9,2025-08-18 11:01:19.762000,2025-08-17 17:12:18.221000,4.07,2023-11-13 01:42:33.657000,,,,,,,
  100463  ,PROD_0531,SUPP_004,2,0,61,2025-08-22 07:19:30.608000,2025-09-06 09:34:13.070000,1.36,2023-12-20 17:03:04.208000,,,,  WH-WEST-01  ,,,
100815,PROD_0890,SUPP_070,165,16,71,2025-08-20 02:31:01.540000,2025-09-09 02:26:39.500000,2.16,2023-10-18 00:25:28.310000,,,,STORE-001,,,
100512,PROD_0440,SUPP_074,240,24,66,2025-09-10 17:34:32.009000,2025-09-08 18:32:22.603000,2.05,2024-08-25 04:24:19.141691,,2,In Stock,,,14,
100001,PROD_0066,SUPP_004,110,33,189,2025-09-04 22:31:31.505000,2025-09-11 00:12:03.656000,2.16,2025-03-03 06:15:48.354000,77,0,Low Stock,WH-SOUTH-01,,,
100529,PROD_0487,SUPP_049,19,1,69,2025-08-23 02:10:58.418000,2025-09-10 00:08:56.694000,4.9,2024-04-07 12:30:11.108000,,,Low Stock,,3046.27,,
100281,PROD_0209,SUPP_014,90,45,129,2025-09-07 07:48:03.911000,2025-09-10 19:33:05.024000,  1.22  ,2024-06-03 02:23:47.182000,45,0,,STORE-001,,,2025-11-04 00:00:00
101238,PROD_1150,SUPP_016,3,0,11,2025-08-25 04:03:11.722000,2025-08-20 22:53:51.455000,3.6,2024-01-21 10:51:49.736000,,,Low Stock,,,,
100214,PROD_0522,SUPP_069,66,0,91,2025-09-05 10:34:01.207000,2025-09-05 05:23:48.489000,0.99,2024-10-23 20:44:48.584000,,6,Low Stock,,,,
100264,PROD_0975,SUPP_018,81,24,10,2025-06-25 07:31:34.933000,2025-09-04 19:07:35.004000,0.59,2024-07-24 07:15:35.111000,57,,,DC-01,11217.69,,
  100761  %,PROD_0889,SUPP_016,328,164,46,2025-08-20 17:06:54.361000,2025-09-06 09:27:59.861046,1.96,  2023-11-18 10:02:24.298901  ,,,In Stock,DC-02,39389.52,,
  101391  ,PROD_0962,SUPP_002,333,166,7,2025-08-28 07:26:48.879000,2025-09-10 08:06:42.497000,3.27,2024-09-08 05:48:34.544000,167,,,WH-EAST-01,,,
100792,PROD_1228,SUPP_056,94,28,6,2025-08-31 23:24:30.655000,2025-09-10 14:23:05.517000,4.49,  2024-07-31 21:20:44.289283  ,,  1  ,,WH-CENTRAL-01,,,2025-12-31 00:00:00
101155,PROD_0022,SUPP_999,773,Some,193,11-09-2025,  2025-09-11 17:33:22.948084  ,Included,2025-01-31 13:55:50.407000,,,,,,,
100759,PROD_1338,  SUPP_042  ,  870  ,261,23,2025-07-03 02:20:27.192000,2025-08-13 09:56:54.955000,4.63,2025-07-14 16:14:07.713000,,,,DROPSHIP,39324.0,,
101371,PROD_0166,SUPP_040&,949,0,126,2025-09-11 09:02:24.044000,2025-09-11 16:53:18.222000,0.68,2024-10-07 18:01:15.271000,949,,  In Stock  ,,,,
101390,PROD_0186,SUPP_069,84,25,164,2025-09-09 00:21:44.521000,2025-09-11 10:30:43.715000,0.13,2024-01-17 23:33:43.801000,,  0  ,,STORE-002,,,
100031,PROD_0972,SUPP_054,103,30,27,2025-06-19 05:14:49.154000,2025-09-05 18:45:00.788000,0.2,2024-03-11 22:07:37.569000,,,In Stock,DROPSHIP,,90,
101281,PROD_0337,SUPP_066,  85  ,8,38,2025-09-01 06:17:02.428000,2025-09-05 01:42:19.273000,0.72,2024-07-08 13:57:21.641415,,,In Stock,,,14,
101265,PROD_0029,SUPP_022,102,175,87,2023-09-03 22:40:26.388000,2025-09-11 18:12:40.335000,0,  2025-03-17 02:03:31.957002  ,,,,,15653.94,,
100233,PROD_1080,SUPP_059,338,0,28,2025-06-18 01:27:44.697000,2025-08-31 22:22:07.890000,0.34,2023-10-28 03:54:30.367000,,10,,DROPSHIP,,,
100275,PROD_0680,,15,,93,,2025-09-06 11:58:26.340152,,2023-10-19 05:59:28.667000,,5,,,1699.35,14,
100276,PROD_0023,SUPP_023,85,25,174,2025-09-10 19:30:11.297000,2025-09-11 00:16:55.552000,1.57,2025-04-28 12:18:24.284000,,,,DROPSHIP,,,
101317,PROD_0287,SUPP_006,70,35,110,2025-09-07 20:21:58.776000,2025-09-11 15:09:51.476000,3.14,2023-11-09 13:59:26.702000,35,,,,8332.1,3,
100568,PROD_0161,SUPP_064,40,4,96,2025-09-07 06:50:22.829000,2025-09-11 04:32:50.986000,3.27,2023-11-20 16:16:16.297252,,,Low Stock,,,,
100142,PROD_1122,SUPP_056,780,780,  21  ,2025-08-21 04:43:19.733000,2025-08-26 01:46:19.806000,4.6,2025-07-03 05:12:02.244000,0,,Fully Reserved,,90105.6,,
  101131  ,  PROD_0796  ,SUPP_051,410,123,92,2025-09-08 15:40:20.476000,2025-09-09 16:59:58.694000,2.14,2025-04-17 22:15:29.419000,287,,,,,,
  100312  ,PROD_0412,SUPP_041,373,0,60,2025-09-02 13:07:01.186000,2025-09-09 10:30:42.042230,4.21,  2024-04-23 09:35:06.475468  ,,2,In Stock,,,,
101157,PROD_0148,SUPP_048,2,0,137,2025-09-08 23:23:32.809000,2025-09-10 20:58:18.044000,1.72,2024-11-02 22:42:31.819000,2,,Low Stock,,234.74,,
101019,PROD_0673,SUPP_053,33,3,94,2025-08-31 14:45:02.709000,2025-09-04 23:19:01.784000,0.47,2025-05-10 19:26:35.739000,30,6,,,,,2027-01-19 00:00:00
100173,PROD_0031,supp_034,66,19,178,2025-09-05 15:37:08.567000,2025-09-11 06:56:58.789000,3.86,2024-08-25 04:07:09.404000,,,,  DC-02  ,,,
100226,PROD_1005,SUPP_022,913,  913  ,10,2025-08-16 18:56:58.998000,2025-08-21 07:34:08.332000,  0.61  ,2024-03-29 13:14:59.049000,0,,,STORE-001,36839.55,,
101085,PROD_0971,SUPP_999,63,,11,11-09-2025,2025-08-21 06:01:47.917000,,2024-12-03 00:25:32.521000,,,In Stock,DROPSHIP,1514.52,  7  ,
101362,PROD_1384,SUPP_038,0,0,0,2025-03-15 16:52:21.416000,2025-08-30 05:26:36.934000,4.4,2024-01-22 06:07:16.239000,0,12,,,,,
101136,PROD_1236,SUPP_073,119,11,23,2025-08-21 23:50:14.276000,2025-08-20 02:57:04.239000,3.59,2024-05-18 14:39:47.667000,108,,,WH-SOUTH-01,21855.54,7,
100578,PROD_0700,SUPP_048,34,3,96,2025-08-25 17:58:26.775000,2025-09-08 03:17:16.069000,4.37,2023-12-29 20:56:31.610000,,,,,,3,
101063,PROD_1070,SUPP_062,914,457,6,2025-08-30 17:50:38.119000,2025-08-26 21:30:33.607000,1.82,2025-07-20 01:42:29.341000,,15,,,15592.84,30,
100557,PROD_0331,SUPP_061,4,4,95,2025-08-19 02:22:50.074000,2025-09-08 21:23:31.226000,3.18,2023-12-11 06:01:13.287000,,,,,,,
101288,PROD_0321,SUPP_050,  66  ,66,26,2025-09-03 22:35:15.609000,2025-09-05 16:52:49.689000,3.64,2024-12-25 10:07:34.325000,0,6,,,,,2026-09-26
100701,PROD_0668,SUPP_023,339,33,74,2025-08-23 02:06:16.597000,2025-09-05 14:41:29.433000,1.15,2024-11-06 15:55:36.404000,,6,,WH-NORTH-01,,,
100201,PROD_0861,SUPP_049,12,1,53,2025-09-06 17:22:56.167000,2025-09-05 09:07:45.952000,1.21,2024-03-08 00:30:40.521000,,,,,1621.92,,2026-09-28 00:00:00
100121,PROD_0081,SUPP_023,60,0,124,2025-09-09 04:58:02.798000,2025-09-11 17:34:51.372000,4.4,2024-05-23 11:05:23.384000,60,  0  ,,,,7,
100780,PROD_9999,SUPP_056,,5.5,,2025-08-14 18:16:26.478000,,0,,Check system,,,WH-SOUTH-01,,,
100131,PROD_0885,SUPP_057,212,63,37,2025-08-26 11:12:35.537000,2025-09-07 10:45:57.821000,2.57,2025-06-04 10:30:32.733000,149,,In Stock,,14244.28,,
101079,PROD_1398,SUPP_069,0,0,0,2025-01-26 00:18:08.558000,2025-05-28 06:39:31.027000,2.19,2023-11-04 15:34:46.715000,0,106,,STORE-002,,,2025-10-19 00:00:00
100811,PROD_0427,SUPP_043,15,0,87,2025-08-25 08:25:20.744000,2025-09-09 20:59:26.825000,1.51,2024-04-10 05:33:55.364000,15,,,,,,
100724,PROD_1375,SUPP_011,6,0,0,2024-04-05 08:40:19.407000,2025-05-30 17:45:49.801000,0.21,  2024-02-29 08:19:31.844049  ,6,104,In Stock,WH-SOUTH-01,122.76,7,2025-09-22 00:00:00
100649,PROD_0115,  SUPP_070  ,171,0,157,2025-09-10 11:37:09.796000,2025-09-11 06:00:29.839000,1.38,2025-06-21 08:16:34.616000,171,,In Stock,,,14,2026-09-12 00:00:00
101417,PROD_0990,SUPP_025,  448  ,224,19,2025-08-14 05:31:13.723000,  2025-08-22 16:47:45.813295  ,0.86,2025-03-07 23:31:52.240000,,20,,,7423.36,,
101010,PROD_1432,SUPP_054,0,0,0,2025-03-22 02:32:37.102000,2025-04-03 00:13:20.034000,1.56,2023-11-11 08:44:06.382000,,,Out of Stock,,,,
101469,PROD_0751,SUPP_029,72,0,76,2025-08-14 13:31:27.070000,2025-09-08 23:49:29.193000,3.91,2024-09-13 22:20:14.574000,,,,DC-02,,,
101147,PROD_1290,SUPP_020,381,0,25,2025-07-05 11:37:03.123000,2025-09-03 13:24:36.967000,1.01,2025-02-27 23:38:01.360000,381,8,In Stock,  STORE-001  ,,,2026-03-20 00:00:00
100373,PROD_1226,SUPP_060,86,25,16,2025-08-22 21:19:43.965335,2025-08-29 22:08:06.437000,3.17,2025-01-24 21:26:04.659000,61,12,,WH-EAST-01,,,
101053,PROD_0865,SUPP_032,83,41,90,2025-08-19 21:44:20.209000,2025-09-10 04:13:10.847000,2.84,2024-05-09 19:41:10.122000,,1,,,,14,
100979,PROD_0670,SUPP_067,49,14,66,2025-09-04 00:13:24.738000,2025-09-10 09:20:33.993000,3.29,2024-01-09 22:17:50.274000,,1,Low Stock,STORE-002,7478.38,30,2027-02-25 00:00:00
101372,PROD_1091,SUPP_070,134,0,30,2025-08-09 10:11:27.341000,2025-09-11 14:58:56.225000,3.37,  2025-02-15 04:06:35.476896  ,134,0,In Stock,WH-SOUTH-01,,,
100627,PROD_0947,SUPP_033,175,0,16,2025-08-01 02:34:19.330000,2025-08-21 21:42:04.467000,  1.58  ,2024-02-13 22:52:26.618000,175,20,,,30397.5,,
100951,PROD_1393,SUPP_010,0,0,0,2025-03-02 17:44:05.837000,2025-03-18 12:35:39.575000,1.76,2025-06-21 22:24:21.704000,,177,,wh-south-01,,,
100656,PROD_1474@,SUPP_067,4,0,0,2024-02-19 12:33:46.013000,2025-04-18 23:20:29.538000,1.92,2024-12-10 12:39:09.634000,,,In Stock,WH-CENTRAL-01,,1,
101305,PROD_0812,UNKNOWN,71,-39,27,2025-10-10 12:27:46.934000,2025-09-08 07:56:16.138000,-1.6,2024-12-19 02:57:49.351000,110,,,,,,
100692,PROD_0922,SUPP_070,131,13,20,2025-07-12 04:07:49.240000,2025-08-13 02:50:02.385000,2.62,2024-06-15 10:45:11.680000,118,,,WH-WEST-01,,,
101382,PROD_0048,SUPP_040,30,0,113,  2025-09-05 03:12:17.525468  ,2025-09-11 11:18:13.209000,3.06,2025-01-19 16:56:50.620000,,,Low Stock,STORE-002,,,
101015,PROD_0430,SUPP_999,7,,20,11-09-2025,2025-09-09 22:53:03.170000,Free,2023-10-29 13:16:31.723000,,,,,744.24,,
100721,PROD_1177,SUPP_059,63,0,20,2025-07-09 09:13:32.222000,2025-08-25 03:36:51.848000,2.36,2024-01-23 12:40:43.385000,63,,In Stock,,,1,
100283,PROD_0755,  SUPP_047  ,54,0,37,2025-08-24 13:56:03.423000,2025-09-08 16:02:21.696000,1.79,2025-03-16 18:29:26.262000,54,3,,WH-EAST-01,,14,
100003,PROD_0144,SUPP_006,439,43,  166  ,2025-09-08 16:36:46.014000,2025-09-10 23:36:51.070000,3.21,2025-04-25 13:20:59.463000,,,In Stock,,,,
100537,PROD_0746,SUPP_056,10,0,88,2025-09-08 18:05:53.820000,2025-09-09 09:17:33.740000,1.01,2025-02-20 03:59:39.895000,,,,WH-EAST-01,1577.8,7,
101385,PROD_0590,supp_003,128,64,82,2025-09-10 04:29:27.449000,2025-09-10 03:46:50.817000,0.31,2024-12-18 21:39:01.908000,  64  ,,In Stock,DROPSHIP,1702.4,7,
101144,PROD_0801,SUPP_052,11,0,55,2025-09-01 01:55:00.270000,2025-09-09 15:29:55.440000,4.56,2025-03-31 16:45:00.305000,11,,,WH-EAST-01,821.04,,
101434,  PROD_0614  ,SUPP_060,  29  ,  2  ,97,2025-09-06 11:33:16.189536,2025-09-09 21:02:37.294000,0.38,2024-01-19 09:14:27.567000,27,,,DC-01,4172.52,,
101498,PROD_0960,SUPP_064,890,89,  23  ,2025-09-07 03:09:22.896000,2025-08-31 23:16:45.862000,3.89,2024-10-31 08:19:42.526000,,10,,WH-WEST-01,130340.5,  3  ,
100012,PROD_0848,SUPP_060,33,3,33,2025-08-19 15:14:17.603000,2025-09-10 09:34:16.700000,1.32,2024-03-25 20:42:29.279000,,,,,,7,2027-07-09 00:00:00
101222,PROD_0724,SUPP_013,35,3,30,2025-08-14 01:56:06.309000,2025-09-06 03:46:34.512000,  2.3  ,2024-01-17 11:51:30.140000,32,,,,,,
100848,PROD_1086,SUPP_004,43,0,6,2025-09-03 01:26:06.762000,2025-08-15 22:35:27.574000,1.12,2023-11-14 04:36:38.730000,,26,,WH-EAST-01,,7,
100005,PROD_1166,SUPP_041,606,181,9,2025-09-07 21:54:13.849000,2025-08-15 19:54:54.037000,1.4,2023-11-21 22:23:19.341000,425,,In Stock,,,,
101225,PROD_1462,,87,,0,,  2025-01-27 22:05:26.229825  ,,2024-05-16 11:10:36.621000,,226,In Stock,WH-EAST-01,,,
101146,PROD_1088,SUPP_039,909,272,11,2025-07-02 23:59:24.594000,2025-08-28 09:41:07.562000,3.84,2023-09-29 09:25:20.472000,,,,WH-WEST-01,,,
100414,PROD_1133,SUPP_047,607,182,9,2025-09-07 11:30:06.758000,2025-08-16 19:56:51.445462,1.26,2025-07-14 10:12:56.369000,425,25,In Stock,STORE-002,,3,  2027-06-06  
100903,PROD_1131,SUPP_034,762,381,15,2025-09-03 21:33:34.317000,2025-08-15 20:41:25.205000,3.19,2023-11-02 17:14:19.437000,,,,,110284.26,,2027-04-01 00:00:00
101354,PROD_0607,SUPP_039,23,6,98,2025-08-18 03:39:33.423000,2025-09-05 14:02:16.372000,4.89,2024-11-18 17:52:27.008000,17,,,DC-02,,,
100249,PROD_0284,SUPP_024,191,0,67,2025-09-09 20:25:42.347000,2025-09-11 09:04:48.168000,1.33,2024-03-30 20:10:35.031000,191,,,,14256.24,,
100596,  PROD_0515  ,SUPP_040,36,36,72,  2025-09-07 01:20:13.925882  ,2025-09-09 17:55:06.611000,2.11,2024-02-06 00:41:40.472000,0,2,,,,,
101090,PROD_0896,SUPP_063,20,  10  ,74,2025-09-07 03:19:38.006000,2025-09-05 15:05:51.081000,0.98,2024-02-08 02:33:54.893000,10,,,WH-WEST-01,191.2,3,2026-01-21 00:00:00
101075,PROD_0336,,81,,  89  ,,2025-09-11 17:31:06.466000,,2025-02-24 03:06:02.241000,,,,,6518.07,,
100245,PROD_0883,,99999,,-14,,  2025-09-25 12:29:35.184614  ,,2025-09-14 23:58:37.258000,,,in stock,WH-EAST-01,,,2026-02-13 00:00:00
100757,PROD_1109,SUPP_015,726,0,  19  ,2025-07-16 03:56:31.445000,2025-08-26 04:31:24.453000,3.09,2023-09-12 10:13:59.753000,726,,,WH-WEST-01,,14,
100432,PROD_0130,SUPP_058,417,208,122,2025-09-11 00:57:04.414000,2025-09-11 12:22:56.303862,1.68,2024-05-26 01:45:27.796000,,,,,33097.29,30,
100808,PROD_0620,SUPP_073,9,4,45,2025-08-31 18:51:20.708000,2025-09-08 10:19:29.707000,4.76,2025-02-24 06:00:24.487000,,,,STORE-001,,,
101290,PROD_0672,SUPP_060&,Out of Stock,0,,2025-08-23 01:05:17.053000,,4.73,,,,,,,3,2026-10-10 00:00:00
100533,PROD_0510,SUPP_075,59,17,76,2025-09-07 07:27:56.361000,2025-09-06 12:39:33.819000,3.51,2024-04-19 23:51:58.758000,,5,Low Stock,,,,
101308,PROD_0586,SUPP_062,484,  48  ,46,2025-08-20 14:28:54.170000,2025-09-11 08:57:36.606000,0.98,2024-03-16 00:51:33.745000,436,,In Stock,WH-CENTRAL-01,,30,
101113,PROD_0853,SUPP_073,0,0,93,2025-09-05 21:39:53.785000,2025-09-05 15:20:19.124000,2.2,2024-01-29 15:51:14.939000,,6,,STORE-002,,,
100680,,SUPP_034,-22,0,Auto,  2025-09-04 11:42:15.754841  ,2025-08-14 11:42:15.755000,2.96,2025-01-22 04:11:39,-22,-27,,STORE-001,,,
100339,PROD_0798,SUPP_052,97,29,68,2025-09-01 23:22:02.618000,2025-09-10 21:05:30.653000,1.7,2025-04-22 01:33:07.239000,,  0  ,  In Stock  ,WH-EAST-01,17267.94,,
101041,PROD_1414,SUPP_003,18,1,0,2024-03-13 19:49:56.014000,2025-05-14 19:15:57.588000,2.19,2025-06-16 18:15:33.907000,,119,in stock,,,,
100934,PROD_0370,SUPP_006,8,  0  ,70,2025-08-19 15:58:08.907000,2025-09-07 01:06:49.770000,0.75,2024-03-03 11:50:56.065000,8,,Low Stock,,,1,
101431,PROD_1035,SUPP_047,195,19,5,2025-08-10 13:56:09.455000,  2025-09-11 10:47:23.009724  ,4.67,2024-10-06 19:03:54.775000,,,,WH-NORTH-01,9342.45,,
100941,prod_0981,SUPP_061,101,50,16,2025-07-08 21:19:57.750000,2025-09-03 20:22:20.603000,2.41,2024-03-11 07:39:55.895000,,7,,,,,
101239,PROD_0961,SUPP_018,423,42,24,2025-07-07 16:04:24.052000,2025-08-23 12:52:13.888000,2.06,2024-04-14 10:08:55.274000,,,,,7093.71,,2027-04-07 00:00:00
101191,PROD_0192,SUPP_052,72,0,144,2025-09-10 01:44:18.020000,2025-09-10 22:55:11.609000,2.91,2025-04-24 19:32:18.555000,72,,Low Stock,WH-CENTRAL-01,,7,
100009,  PROD_1097  ,SUPP_017,9,0,24,2025-08-09 23:24:07.239000,2025-08-17 15:26:04.420000,2.17,2024-02-12 07:46:49.120000,9,,Low Stock,,397.98,,
100128,PROD_0155,SUPP_061,155,46,157,2025-09-09 17:34:01.653000,2025-09-11 07:32:37.490000,1.93,2023-11-19 08:54:09.315000,109,,Low Stock,STORE-001,12128.75,,
100033,PROD_0175,SUPP_055,40,4,166,2025-09-07 20:46:10.475000,2025-09-10 19:32:15.832000,1.7,2025-08-20 02:46:51.152000,,0,,DC-02,3488.4,1,2026-01-11 00:00:00
100311,PROD_1151,  SUPP_070  ,9,0,30,2025-09-07 15:02:19.781000,2025-08-30 05:41:43.268000,  1.09  ,2024-03-21 08:13:40.460000,9,,Low Stock,,1641.24,14,
101270,PROD_0037,SUPP_009,24,2,57,2025-09-10 15:42:22.020000,2025-09-11 14:26:51.042000,2.29,2024-01-19 18:01:50.438000,  22  ,,Low Stock,,,,
100246,PROD_1499,  SUPP_009  ,10,0,0,2024-06-06 14:55:00.744000,2025-07-01 03:11:43.484000,4.65,2023-11-08 22:30:50.387000,10,,In Stock,,,,
100944,PROD_1216,SUPP_036,874,262,20,2025-07-26 21:32:43.382000,2025-08-26 08:04:53.026000,4.1,2023-11-11 23:31:27.569000,,,,,,3,
100881,PROD_0009,SUPP_009,666,199,120,2025-09-06 18:30:31.108000,2025-09-10 21:22:02.363000,2.6,2025-05-26 05:55:59.327000,,0,,WH-SOUTH-01,,,
101095,PROD_1213,SUPP_007,425,212,18,2025-08-06 05:48:17.321000,2025-08-22 15:30:39.581000,1.45,2025-01-03 14:30:33.927000,,20,In Stock,,25202.5,,2026-05-06 00:00:00
100039,PROD_0506,SUPP_061,16,0,51,2025-08-30 03:08:43.197000,2025-09-09 02:22:46.937000,  1.6  ,2025-01-04 11:33:15.809000,16,2,,STORE-001,,,
100126,PROD_1252,  SUPP_015  &,  191  ,19,10,2025-07-30 10:09:09.716000,2025-08-31 12:37:04.460000,  1.71  ,2024-02-07 23:29:20.176000,  172  ,11,,WH-WEST-01,19161.12,,
101334,PROD_1142,SUPP_030,252,0,12,2025-08-12 15:45:09.237000,2025-08-15 11:26:30.027000,1.3,2025-06-10 05:14:52.086000,252,,,STORE-002,,,
100103,PROD_1111,SUPP_029,102,10,16,2025-07-08 03:30:11.136167,2025-08-19 16:18:39.603000,2.81,2024-04-29 18:50:19.329000,92,,,,,,2026-01-29 00:00:00
100398,PROD_0777,supp_059,452,45,90,2025-08-30 16:08:33.390000,2025-09-08 20:56:25.451000,2.1,2024-05-26 09:38:03.672000,,2,,DC-02,,,
100287,PROD_0204,SUPP_019,151,0,114,2025-09-07 08:12:27.803000,2025-09-11 17:50:28.190000,4.1,2025-04-16 07:07:35.640000,151,0,,WH-WEST-01,12086.04,3,
101494%,PROD_0002,SUPP_035,192,96,108,2025-09-06 19:09:16.531000,2025-09-11 08:00:24.554000,1.93,2024-02-22 05:13:54.354000,96,,In Stock,WH-WEST-01,,3,2027-01-12 00:00:00
100368,PROD_0310,SUPP_042,222,111,68,  2025-09-05 16:55:24.010497  ,2025-09-05 08:06:21.588000,4.47,2024-06-15 20:46:51.923000,111,,,,,,
100241,  PROD_0713  ,SUPP_063,  19  ,5,87,2025-08-31 17:10:24.317000,2025-09-05 04:55:28.205000,1.18,2023-10-09 07:11:08.407000,,,,,,,
101473,PROD_1404,SUPP_070,0,0,0,2025-08-26 15:14:24.072000,2025-06-09 22:40:01.994000,4.32,2024-12-07 11:34:54.040000,,93,Out of Stock,STORE-002,,,
100503,PROD_0328,SUPP_050,77,0,68,2025-08-22 16:42:42.150000,2025-09-07 15:04:57.463000,3.86,2025-01-06 20:05:19.605000,77,,,DC-01,,,
100383,PROD_1198,SUPP_044,79,0,26,2025-08-26 11:17:21.257000,2025-09-01 22:52:03.075000,2.8,2024-12-17 22:08:49.405000,,,,,7264.84,,
100812,PROD_0378,  SUPP_042  ,174,52,20,2025-08-16 06:57:44.912000,2025-09-11 11:40:35.410000,1.97,2024-12-10 01:13:56.829000,122,,In Stock,DC-02,,,
101381,PROD_0570,SUPP_035,  71  ,21,34,2025-08-20 12:50:51.193000,2025-09-09 08:47:39.063000,4.62,2024-06-14 23:45:18.139000,,,,,,,
101248,PROD_1119,SUPP_057,  142  ,0,17,2025-07-13 02:39:19.305000,2025-08-29 18:58:45.692000,1.49,2025-07-16 21:23:34.548000,142,  12  ,In Stock,WH-EAST-01,,,
100523,PROD_0809,SUPP_036,  68  ,20,80,2025-08-20 20:18:21.591000,2025-09-08 23:57:36.379000,2.62,2024-01-27 13:36:06.965000,48,,,  WH-EAST-01  ,  11115.28  ,,
101182,PROD_0916,SUPP_053,674,674,20,2025-08-28 07:37:01.523000,2025-09-11 17:46:39.924000,3.25,2024-11-12 17:31:59.668000,0,,Fully Reserved,DC-01,,3,
101231,PROD_0757,SUPP_074,165,49,95,2025-08-19 00:58:28.790510,2025-09-10 06:08:50.527000,0.35,2024-01-12 14:10:05.123000,,1,In Stock,,,30,
  100598  ,PROD_1248,SUPP_070,716,0,14,2025-08-16 16:41:07.806000,2025-08-29 15:09:55.308000,4.27,2025-01-16 19:19:00.346000,716,,In Stock,,,7,
