cart_item_id,cart_id,product_id,quantity,unit_price,item_status,added_at,updated_at,total_price
1,1,445,1,1310.25,Active,2022-01-11T08:45:16Z,2022-01-11T16:00:00Z,1310.25
2,2,384,2,39.95,Deleted,2022-06-29T07:28:02Z,2022-06-29T16:57:11Z,79.9
3,3,450,5,152.76,Abandoned,2025-09-21T18:42:36Z,2025-09-21T20:13:31Z,763.8
4,3,411,3,84.88,Abandoned,2025-09-21T22:57:06Z,2025-09-21T23:16:09Z,254.64
5,4,153,2,432.84,Active,2022-11-03T06:57:26Z,2022-11-05T16:52:33Z,865.68
6,4,500,2,48.8,Active,2022-11-08T15:46:03Z,2022-11-08T16:08:30Z,97.6
7,4,47,2,85.17,Active,2022-11-02T23:43:00Z,2022-11-02T23:50:55Z,170.34
8,4,456,9,184.36,Active,2022-11-04T04:00:32Z,2022-11-05T23:35:20Z,1659.2400000000002
9,4,50,1,175.24,Active,2022-11-05T04:34:58Z,2022-11-07T01:41:24Z,175.24
10,5,499,4,114.7,Abandoned,2022-05-19T18:57:45Z,2022-05-19T21:28:29Z,458.8
11,5,397,1,214.11,Abandoned,2022-05-19T20:58:25Z,2022-05-20T00:47:55Z,214.11
12,5,297,4,173.45,Abandoned,2022-05-19T22:43:19Z,2022-05-20T02:51:09Z,693.8
13,6,96,1,623.82,Active,2025-01-22T14:49:14Z,2025-01-23T01:10:32Z,623.82
14,7,360,2,88.96,Active,2023-09-12T12:03:28Z,2023-09-13T12:09:34Z,177.92
15,7,437,1,335.9,Active,2023-09-13T02:50:01Z,2023-09-13T12:45:49Z,335.9
16,7,391,1,44.4,Abandoned,2023-09-11T13:11:30Z,2023-09-13T15:58:36Z,44.4
17,7,351,1,83.48,Active,2023-09-12T17:52:48Z,2023-09-12T21:48:33Z,83.48
18,8,427,4,137.59,Deleted,2025-12-05T13:56:33Z,2025-12-07T16:39:10Z,550.36
19,8,223,1,282.68,Deleted,2025-12-06T16:49:44Z,2025-12-08T11:12:32Z,282.68
20,9,390,2,98.86,Deleted,2025-11-25T09:39:26Z,2025-11-28T07:20:52Z,197.72
21,9,468,3,69.61,Deleted,2025-11-14T17:02:27Z,2025-11-16T23:58:21Z,208.82999999999998
22,9,452,1,192.56,Deleted,2025-11-12T22:23:17Z,2025-11-27T09:58:32Z,192.56
23,9,323,2,283.09,Deleted,2025-11-19T07:28:22Z,2025-11-29T20:10:42Z,566.18
24,10,251,2,393.53,Active,2025-07-13T17:37:20Z,2025-07-14T03:31:54Z,787.06
25,10,59,5,234.15,Active,2025-07-12T02:23:49Z,2025-07-14T13:37:44Z,1170.75
26,10,184,1,466.38,Active,2025-07-12T14:37:29Z,2025-07-14T11:31:06Z,466.38
27,11,310,1,673.43,Deleted,2023-07-14T22:47:47Z,2023-07-18T02:03:15Z,673.43
28,11,64,4,25.71,Deleted,2023-07-08T23:41:00Z,2023-07-26T12:10:05Z,102.84
29,11,475,1,1839.85,Deleted,2023-07-02T17:55:31Z,2023-07-05T17:49:27Z,1839.85
30,12,490,2,1264.96,Deleted,2025-12-19T20:04:18Z,2025-12-19T23:48:26Z,2529.92
31,12,27,1,266.52,Deleted,2025-12-13T22:08:55Z,2025-12-18T19:28:20Z,266.52
32,13,185,3,1113.03,Abandoned,2024-09-16T03:22:14Z,2024-09-16T04:55:20Z,3339.09
33,13,18,1,397.05,Abandoned,2024-09-15T21:46:49Z,2024-09-16T01:38:16Z,397.05
34,13,25,2,1421.95,Abandoned,2024-09-16T06:26:41Z,2024-09-16T06:30:35Z,2843.9
35,13,203,1,94.19,Abandoned,2024-09-15T21:09:32Z,2024-09-15T22:01:07Z,94.19
36,14,229,1,1479.14,Active,2023-08-02T06:12:18Z,2023-08-02T06:24:58Z,1479.14
37,14,111,1,1148.98,Active,2023-07-31T09:29:23Z,2023-08-01T04:28:38Z,1148.98
38,15,489,2,150.92,Abandoned,2025-03-12T07:52:45Z,2025-03-12T15:44:20Z,301.84
39,15,499,1,114.7,Abandoned,2025-03-12T05:16:06Z,2025-03-12T07:48:15Z,114.7
40,15,105,8,24.47,Active,2025-03-12T09:42:06Z,2025-03-12T13:35:14Z,195.76
41,15,495,1,76.86,Active,2025-03-12T06:44:03Z,2025-03-12T09:16:59Z,76.86
42,15,6,2,119.78,Active,2025-03-11T20:02:52Z,2025-03-12T03:43:50Z,239.56
43,16,463,2,43.99,Active,2019-04-17T00:31:54Z,2019-04-17T00:31:54Z,87.98
44,16,275,3,28.51,Abandoned,2019-04-17T00:31:54Z,2019-04-17T00:31:54Z,85.53
45,16,313,3,1217.0,Abandoned,2019-04-17T00:31:54Z,2019-04-17T00:31:54Z,3651.0
46,17,45,8,217.29,Abandoned,2023-11-12T14:13:31Z,2023-11-12T15:28:40Z,1738.32
47,17,201,3,368.57,Active,2023-11-12T14:24:52Z,2023-11-12T18:29:50Z,1105.71
48,17,215,2,12.25,Abandoned,2023-11-12T20:19:23Z,2023-11-12T21:26:26Z,24.5
49,17,259,4,146.12,Abandoned,2023-11-12T16:37:34Z,2023-11-12T22:10:43Z,584.48
50,18,71,2,110.38,Abandoned,2025-12-05T07:41:21Z,2025-12-05T07:41:21Z,220.76
51,18,331,1,45.91,Abandoned,2025-12-05T07:41:21Z,2025-12-05T07:41:21Z,45.91
52,18,131,6,15.41,Abandoned,2025-12-05T07:41:21Z,2025-12-05T07:41:21Z,92.46000000000001
53,18,372,1,221.0,Active,2025-12-05T07:41:21Z,2025-12-05T07:41:21Z,221.0
54,19,54,1,1494.0,Active,2021-04-20T03:19:32Z,2021-04-22T06:22:54Z,1494.0
55,19,147,5,64.35,Active,2021-04-20T14:43:02Z,2021-04-21T18:51:49Z,321.75
56,19,276,1,179.81,Active,2021-04-19T05:40:02Z,2021-04-20T22:08:09Z,179.81
57,20,419,4,45.56,Abandoned,2022-02-18T05:33:07Z,2022-02-18T06:02:40Z,182.24
58,20,461,1,711.37,Abandoned,2022-02-18T03:54:15Z,2022-02-18T06:15:19Z,711.37
59,20,362,2,182.97,Abandoned,2022-02-18T06:48:37Z,2022-02-18T11:01:09Z,365.94
60,21,397,2,214.11,Abandoned,2025-12-21T04:06:44Z,2025-12-21T05:21:42Z,428.22
61,21,232,1,1268.87,Abandoned,2025-12-20T18:49:54Z,2025-12-20T22:45:25Z,1268.87
62,21,157,3,278.27,Abandoned,2025-12-21T03:20:28Z,2025-12-21T04:04:08Z,834.81
63,21,9,1,564.82,Abandoned,2025-12-21T01:20:49Z,2025-12-21T04:16:40Z,564.82
64,22,77,4,27.86,Abandoned,2021-10-19T18:44:50Z,2021-10-19T21:38:50Z,111.44
65,23,425,1,177.51,Abandoned,2021-01-16T09:07:09Z,2021-01-17T05:42:45Z,177.51
66,23,71,1,110.38,Active,2021-01-16T11:22:20Z,2021-01-18T06:37:30Z,110.38
67,24,246,5,709.94,Converted,2024-12-15T13:17:02Z,2024-12-15T13:36:21Z,3549.7000000000003
68,25,132,4,369.68,Deleted,2025-07-22T15:55:19Z,2025-08-01T00:48:29Z,1478.72
69,26,47,2,85.17,Converted,2018-10-02T00:36:55Z,2018-10-02T12:41:24Z,170.34
70,26,241,6,280.56,Converted,2018-10-02T01:41:16Z,2018-10-02T11:44:02Z,1683.3600000000001
71,26,394,2,238.97,Converted,2018-10-02T04:44:41Z,2018-10-02T09:56:05Z,477.94
72,26,25,2,1421.95,Converted,2018-10-02T07:38:54Z,2018-10-02T07:53:43Z,2843.9
73,26,118,3,285.82,Converted,2018-10-01T07:20:43Z,2018-10-02T08:17:41Z,857.46
74,27,418,7,67.05,Converted,2023-09-09T20:51:44Z,2023-09-10T09:10:37Z,469.34999999999997
75,27,236,2,1142.25,Converted,2023-09-09T20:57:05Z,2023-09-10T09:48:04Z,2284.5
76,28,104,1,32.71,Abandoned,2024-10-22T22:56:13Z,2024-10-23T00:25:10Z,32.71
77,28,5,5,893.87,Abandoned,2024-10-23T00:27:40Z,2024-10-23T02:11:40Z,4469.35
78,28,238,3,1813.44,Active,2024-10-23T00:18:29Z,2024-10-23T03:06:39Z,5440.32
79,28,460,1,265.23,Abandoned,2024-10-23T00:05:32Z,2024-10-23T01:24:45Z,265.23
80,29,11,1,496.19,Active,2023-01-23T03:36:24Z,2023-01-23T13:36:23Z,496.19
81,29,448,1,125.72,Active,2023-01-23T03:07:18Z,2023-01-23T21:28:11Z,125.72
82,29,471,3,403.72,Abandoned,2023-01-22T21:58:13Z,2023-01-23T09:32:40Z,1211.16
83,29,95,1,133.22,Active,2023-01-23T01:24:08Z,2023-01-23T09:04:40Z,133.22
84,29,269,1,224.43,Active,2023-01-23T21:19:31Z,2023-01-23T22:55:27Z,224.43
85,30,5,1,893.87,Active,2024-05-08T13:30:30Z,2024-05-08T13:56:21Z,893.87
86,30,282,1,13.98,Active,2024-05-08T15:36:23Z,2024-05-08T16:20:54Z,13.98
87,30,224,1,376.73,Abandoned,2024-05-08T03:31:03Z,2024-05-08T14:32:16Z,376.73
88,30,65,1,61.02,Abandoned,2024-05-08T10:45:31Z,2024-05-08T16:39:50Z,61.02
89,31,354,2,156.7,Abandoned,2025-03-14T04:30:00Z,2025-03-14T10:01:29Z,313.4
90,31,486,2,415.81,Deleted,2025-03-13T02:39:57Z,2025-03-13T04:27:38Z,831.62
91,31,204,1,553.08,Active,2025-03-12T15:22:18Z,2025-03-13T07:38:03Z,553.08
92,32,243,3,555.05,Converted,2024-12-08T20:22:52Z,2024-12-08T22:18:40Z,1665.1499999999999
93,32,380,1,729.31,Converted,2024-12-08T23:49:54Z,2024-12-09T15:43:12Z,729.31
94,32,268,1,254.98,Converted,2024-12-08T17:48:25Z,2024-12-09T08:51:10Z,254.98
95,33,492,2,136.92,Deleted,2022-12-26T13:42:45Z,2022-12-26T23:05:14Z,273.84
96,33,155,1,2193.18,Active,2022-12-26T23:02:54Z,2022-12-26T23:34:28Z,2193.18
97,33,317,4,175.41,Active,2022-12-26T20:32:06Z,2022-12-26T22:48:03Z,701.64
98,34,283,2,1198.51,Deleted,2025-12-23T05:24:22Z,2025-12-24T01:06:05Z,2397.02
99,34,165,1,133.28,Deleted,2025-12-20T19:21:09Z,2025-12-23T20:23:13Z,133.28
100,34,132,1,369.68,Deleted,2025-12-23T20:39:14Z,2025-12-24T02:20:18Z,369.68
101,34,243,5,555.05,Deleted,2025-12-21T10:35:06Z,2025-12-23T10:37:30Z,2775.25
102,34,375,1,23.29,Deleted,2025-12-24T21:01:07Z,2025-12-24T21:13:45Z,23.29
103,35,285,3,126.67,Abandoned,2021-07-20T04:40:47Z,2021-07-20T05:39:18Z,380.01
104,35,75,1,254.98,Abandoned,2021-07-20T05:46:23Z,2021-07-20T05:52:46Z,254.98
105,35,329,1,755.73,Abandoned,2021-07-20T04:58:35Z,2021-07-20T05:30:32Z,755.73
106,35,491,2,802.9,Abandoned,2021-07-20T02:58:34Z,2021-07-20T03:45:01Z,1605.8
107,35,56,1,409.39,Active,2021-07-20T04:23:55Z,2021-07-20T04:33:31Z,409.39
108,35,180,2,26.12,Active,2021-07-20T03:31:18Z,2021-07-20T05:13:19Z,52.24
109,36,28,1,298.62,Converted,2025-12-22T01:55:08Z,2025-12-22T02:03:23Z,298.62
110,36,229,1,1479.14,Converted,2025-12-22T03:06:59Z,2025-12-22T03:07:55Z,1479.14
111,36,261,3,246.89,Converted,2025-12-22T01:12:18Z,2025-12-22T02:42:23Z,740.67
112,36,265,1,73.41,Converted,2025-12-22T02:52:38Z,2025-12-22T03:07:49Z,73.41
113,36,26,4,1113.63,Converted,2025-12-22T01:40:57Z,2025-12-22T02:04:46Z,4454.52
114,37,135,1,80.26,Abandoned,2024-08-21T00:20:05Z,2024-08-21T04:14:34Z,80.26
115,37,424,7,26.23,Abandoned,2024-08-21T04:11:03Z,2024-08-21T05:05:11Z,183.61
116,38,255,2,426.79,Abandoned,2025-05-08T03:03:49Z,2025-05-08T04:24:17Z,853.58
117,38,484,2,62.52,Abandoned,2025-05-08T03:47:02Z,2025-05-08T04:10:59Z,125.04
118,38,330,1,117.61,Abandoned,2025-05-08T02:16:52Z,2025-05-08T03:41:44Z,117.61
119,38,492,5,136.92,Active,2025-05-08T04:03:06Z,2025-05-08T04:53:30Z,684.5999999999999
120,39,276,6,179.81,Converted,2025-11-14T12:47:40Z,2025-11-14T16:20:56Z,1078.8600000000001
121,40,253,1,131.16,Active,2024-07-15T12:15:16Z,2024-07-17T00:10:16Z,131.16
122,41,252,3,323.84,Active,2022-04-21T21:31:45Z,2022-04-22T06:38:32Z,971.52
123,42,390,2,98.86,Active,2025-01-05T04:36:38Z,2025-01-05T09:33:11Z,197.72
124,42,220,2,269.37,Active,2025-01-05T15:44:46Z,2025-01-05T16:55:26Z,538.74
125,42,170,2,219.84,Active,2025-01-04T23:58:47Z,2025-01-05T10:25:52Z,439.68
126,42,447,1,154.54,Active,2025-01-05T10:45:40Z,2025-01-05T11:25:26Z,154.54
127,43,281,2,59.36,Converted,2024-12-09T00:18:04Z,2024-12-09T00:39:30Z,118.72
128,44,278,2,71.92,Active,2017-08-17T18:40:26Z,2017-08-21T01:41:50Z,143.84
129,45,44,2,326.93,Converted,2025-06-14T03:23:40Z,2025-06-14T12:46:47Z,653.86
130,45,143,2,618.02,Converted,2025-06-13T09:47:49Z,2025-06-13T19:37:36Z,1236.04
131,46,312,1,101.5,Abandoned,2019-09-17T01:50:53Z,2019-09-17T06:41:39Z,101.5
132,46,95,2,133.22,Abandoned,2019-09-16T19:52:29Z,2019-09-19T08:37:38Z,266.44
133,47,51,1,188.65,Active,2023-07-15T18:37:51Z,2023-07-16T09:25:01Z,188.65
134,47,83,2,35.12,Active,2023-07-15T13:15:54Z,2023-07-16T13:57:17Z,70.24
135,47,404,1,92.6,Active,2023-07-16T05:20:14Z,2023-07-16T14:45:43Z,92.6
136,47,437,1,335.9,Active,2023-07-15T12:01:06Z,2023-07-16T16:35:52Z,335.9
137,48,383,2,546.58,Abandoned,2023-07-15T07:13:35Z,2023-07-15T07:42:20Z,1093.16
138,48,31,4,51.19,Abandoned,2023-07-15T06:10:36Z,2023-07-15T06:28:27Z,204.76
139,49,341,2,40.65,Abandoned,2025-08-29T23:40:18Z,2025-08-30T00:11:28Z,81.3
140,50,222,2,668.94,Abandoned,2018-09-27T08:26:10Z,2018-09-27T09:19:34Z,1337.88
141,50,479,2,196.45,Abandoned,2018-09-27T03:16:27Z,2018-09-27T07:13:34Z,392.9
142,51,420,3,348.82,Active,2025-07-14T19:25:37Z,2025-07-14T20:20:31Z,1046.46
143,52,392,2,598.09,Converted,2025-04-25T14:01:47Z,2025-04-25T17:08:34Z,1196.18
144,52,424,1,26.23,Converted,2025-04-25T00:24:09Z,2025-04-25T00:44:05Z,26.23
145,52,303,1,67.5,Converted,2025-04-24T20:03:35Z,2025-04-25T09:40:56Z,67.5
146,52,489,1,150.92,Converted,2025-04-25T08:24:08Z,2025-04-25T22:23:01Z,150.92
147,52,259,1,146.12,Converted,2025-04-23T10:48:31Z,2025-04-25T00:13:10Z,146.12
148,53,215,2,12.25,Abandoned,2018-12-06T16:07:19Z,2018-12-06T20:33:10Z,24.5
149,53,151,2,3.52,Active,2018-12-04T01:21:33Z,2018-12-05T03:50:36Z,7.04
150,54,392,5,598.09,Active,2025-02-10T09:56:31Z,2025-02-14T18:44:57Z,2990.4500000000003
151,55,130,1,745.47,Converted,2017-09-26T09:20:38Z,2017-09-26T11:53:37Z,745.47
152,55,280,10,941.58,Converted,2017-09-26T08:59:05Z,2017-09-26T09:25:04Z,9415.800000000001
153,55,129,2,1432.08,Converted,2017-09-26T08:52:56Z,2017-09-26T10:18:37Z,2864.16
154,55,338,7,21.79,Converted,2017-09-26T10:28:02Z,2017-09-26T12:00:45Z,152.53
155,56,476,7,1161.94,Converted,2025-05-11T03:14:53Z,2025-05-11T17:09:36Z,8133.58
156,57,378,6,100.56,Converted,2023-11-13T03:13:45Z,2023-11-14T14:47:21Z,603.36
157,57,249,1,144.56,Converted,2023-11-14T18:15:55Z,2023-11-14T19:23:57Z,144.56
158,57,52,1,105.12,Converted,2023-11-12T19:58:14Z,2023-11-13T06:18:02Z,105.12
159,58,399,2,537.25,Abandoned,2022-01-04T21:57:06Z,2022-01-04T23:59:31Z,1074.5
160,58,413,1,60.37,Abandoned,2022-01-04T23:52:32Z,2022-01-05T02:42:34Z,60.37
161,58,253,1,131.16,Abandoned,2022-01-05T05:14:13Z,2022-01-05T05:15:54Z,131.16
162,59,272,4,133.08,Active,2023-03-12T09:47:28Z,2023-03-12T15:42:57Z,532.32
163,59,370,1,256.71,Active,2023-03-10T00:42:04Z,2023-03-10T09:28:18Z,256.71
164,59,65,4,61.02,Active,2023-03-08T18:31:31Z,2023-03-13T00:00:16Z,244.08
165,60,394,2,238.97,Active,2025-01-26T13:50:03Z,2025-01-26T14:07:48Z,477.94
166,60,379,1,47.01,Abandoned,2025-01-26T13:45:01Z,2025-01-26T14:00:40Z,47.01
167,60,464,4,118.76,Abandoned,2025-01-26T09:37:06Z,2025-01-26T15:02:52Z,475.04
168,61,65,2,61.02,Active,2017-06-10T15:36:14Z,2017-06-13T03:55:02Z,122.04
169,61,2,2,934.87,Active,2017-06-10T03:46:10Z,2017-06-13T04:56:22Z,1869.74
170,62,165,1,133.28,Converted,2025-02-05T12:23:03Z,2025-02-05T13:06:47Z,133.28
171,62,413,3,60.37,Converted,2025-02-05T17:00:13Z,2025-02-05T20:47:10Z,181.10999999999999
172,63,466,2,937.33,Converted,2025-09-30T00:52:40Z,2025-09-30T01:38:46Z,1874.66
173,63,400,3,94.03,Converted,2025-09-28T23:08:27Z,2025-09-29T08:51:07Z,282.09000000000003
174,64,345,1,151.88,Abandoned,2019-12-17T01:28:19Z,2019-12-17T03:34:42Z,151.88
175,65,379,1,47.01,Abandoned,2024-10-26T11:44:59Z,2024-10-26T11:44:59Z,47.01
176,66,16,1,692.72,Abandoned,2024-10-23T19:56:26Z,2024-10-23T23:22:08Z,692.72
177,66,80,1,85.74,Abandoned,2024-10-23T23:11:45Z,2024-10-24T00:37:55Z,85.74
178,66,463,1,43.99,Abandoned,2024-10-23T18:56:11Z,2024-10-24T00:02:11Z,43.99
179,66,15,5,185.9,Abandoned,2024-10-23T22:16:24Z,2024-10-23T22:36:35Z,929.5
180,67,142,1,174.48,Converted,2022-03-23T10:10:48Z,2022-03-23T13:04:52Z,174.48
181,67,389,3,327.83,Converted,2022-03-23T10:56:13Z,2022-03-23T13:06:40Z,983.49
182,67,354,1,156.7,Converted,2022-03-23T08:33:47Z,2022-03-23T10:39:38Z,156.7
183,68,203,2,94.19,Abandoned,2024-03-26T10:58:48Z,2024-03-26T10:59:09Z,188.38
184,68,295,1,238.26,Abandoned,2024-03-26T11:48:50Z,2024-03-26T11:49:38Z,238.26
185,68,239,1,491.36,Abandoned,2024-03-26T11:16:40Z,2024-03-26T11:49:38Z,491.36
186,68,61,1,57.63,Active,2024-03-26T11:35:56Z,2024-03-26T11:53:42Z,57.63
187,69,200,6,899.94,Abandoned,2019-04-17T09:58:42Z,2019-04-17T10:03:06Z,5399.64
188,69,277,1,39.31,Abandoned,2019-04-17T10:38:42Z,2019-04-17T11:36:41Z,39.31
189,69,238,1,1813.44,Abandoned,2019-04-17T11:17:54Z,2019-04-17T11:39:31Z,1813.44
190,69,282,1,13.98,Abandoned,2019-04-17T08:33:50Z,2019-04-17T09:55:34Z,13.98
191,70,72,3,462.01,Active,2025-09-11T18:59:34Z,2025-09-13T09:00:45Z,1386.03
192,71,392,1,598.09,Abandoned,2024-01-03T16:44:12Z,2024-01-03T16:44:12Z,598.09
193,71,447,8,154.54,Active,2024-01-03T16:44:12Z,2024-01-03T16:44:12Z,1236.32
194,72,48,1,746.22,Converted,2024-03-27T19:12:23Z,2024-03-28T00:45:43Z,746.22
195,72,288,4,31.48,Converted,2024-03-27T23:36:34Z,2024-03-28T00:28:32Z,125.92
196,72,91,1,59.47,Converted,2024-03-27T10:01:38Z,2024-03-28T13:13:50Z,59.47
197,72,293,2,116.69,Converted,2024-03-27T05:03:54Z,2024-03-27T09:32:22Z,233.38
198,73,488,1,121.53,Abandoned,2020-12-19T14:15:37Z,2020-12-19T15:57:41Z,121.53
199,73,424,4,26.23,Abandoned,2020-12-19T15:54:02Z,2020-12-19T19:17:50Z,104.92
200,73,47,1,85.17,Abandoned,2020-12-19T09:42:17Z,2020-12-19T12:33:42Z,85.17
201,74,207,1,46.8,Active,2025-02-09T07:06:56Z,2025-02-10T15:08:08Z,46.8
202,74,132,3,369.68,Active,2025-02-08T16:33:07Z,2025-02-09T03:27:41Z,1109.04
203,74,18,1,397.05,Abandoned,2025-02-09T03:11:40Z,2025-02-13T02:53:59Z,397.05
204,75,470,2,695.16,Active,2021-10-23T01:11:49Z,2021-10-25T00:39:58Z,1390.32
205,75,64,2,25.71,Active,2021-10-22T02:25:39Z,2021-10-23T00:40:13Z,51.42
206,76,243,2,555.05,Abandoned,2022-10-24T01:00:49Z,2022-10-24T01:42:18Z,1110.1
207,76,458,8,108.2,Abandoned,2022-10-24T01:32:26Z,2022-10-24T04:58:28Z,865.6
208,77,135,1,80.26,Active,2024-10-22T09:09:30Z,2024-10-25T22:41:03Z,80.26
209,77,297,2,173.45,Active,2024-10-24T02:52:13Z,2024-10-26T05:31:27Z,346.9
210,78,75,1,254.98,Active,2024-08-27T06:23:21Z,2024-08-27T21:23:07Z,254.98
211,78,486,4,415.81,Active,2024-08-26T20:25:23Z,2024-08-27T13:54:06Z,1663.24
212,79,169,3,571.68,Active,2024-11-02T23:16:00Z,2024-11-05T08:45:02Z,1715.04
213,79,415,1,158.1,Active,2024-11-03T16:38:24Z,2024-11-06T17:14:43Z,158.1
214,80,378,1,100.56,Abandoned,2023-08-19T01:22:06Z,2023-08-19T07:17:53Z,100.56
215,80,485,1,493.06,Active,2023-08-19T01:54:34Z,2023-08-19T03:49:09Z,493.06
216,81,305,2,378.28,Converted,2022-04-21T15:19:18Z,2022-04-22T15:27:43Z,756.56
217,81,41,10,199.76,Converted,2022-04-21T13:51:29Z,2022-04-22T15:08:55Z,1997.6
218,82,211,1,85.31,Abandoned,2019-12-17T01:20:45Z,2019-12-17T01:20:45Z,85.31
219,82,111,2,1148.98,Abandoned,2019-12-17T01:20:45Z,2019-12-17T01:20:45Z,2297.96
220,83,51,2,188.65,Converted,2021-01-22T11:44:58Z,2021-01-22T17:13:26Z,377.3
221,83,384,2,39.95,Converted,2021-01-23T03:32:17Z,2021-01-23T11:50:59Z,79.9
222,83,178,2,864.62,Converted,2021-01-22T12:31:43Z,2021-01-23T05:30:28Z,1729.24
223,83,208,6,4.24,Converted,2021-01-22T05:31:13Z,2021-01-23T04:05:42Z,25.44
224,83,24,10,19.59,Converted,2021-01-23T03:10:50Z,2021-01-23T05:28:46Z,195.9
225,84,436,1,80.51,Abandoned,2022-05-11T07:40:19Z,2022-05-11T07:44:34Z,80.51
226,84,302,3,142.59,Abandoned,2022-05-11T06:44:57Z,2022-05-11T07:00:40Z,427.77
227,84,151,4,3.52,Abandoned,2022-05-11T02:46:12Z,2022-05-11T07:26:27Z,14.08
228,85,64,2,25.71,Active,2023-08-18T19:58:19Z,2023-08-18T20:02:39Z,51.42
229,86,332,2,33.87,Converted,2021-06-24T17:48:05Z,2021-06-24T19:04:45Z,67.74
230,86,13,1,119.0,Converted,2021-06-24T13:05:19Z,2021-06-24T21:04:14Z,119.0
231,86,299,2,253.54,Converted,2021-06-23T20:17:54Z,2021-06-24T01:06:27Z,507.08
232,87,96,2,623.82,Converted,2024-10-28T20:54:55Z,2024-10-28T21:17:29Z,1247.64
233,87,361,3,203.75,Converted,2024-10-29T03:34:58Z,2024-10-29T04:22:47Z,611.25
234,87,392,1,598.09,Converted,2024-10-29T06:52:34Z,2024-10-29T06:54:41Z,598.09
235,88,293,1,116.69,Converted,2019-04-17T12:20:11Z,2019-04-18T05:47:07Z,116.69
236,88,284,2,304.44,Converted,2019-04-18T03:38:50Z,2019-04-18T04:33:44Z,608.88
237,88,500,5,48.8,Converted,2019-04-17T06:01:26Z,2019-04-18T10:13:50Z,244.0
238,89,342,1,64.55,Abandoned,2017-04-27T23:23:31Z,2017-04-28T00:21:53Z,64.55
239,89,340,1,1050.39,Abandoned,2017-04-27T23:56:58Z,2017-04-28T01:02:35Z,1050.39
240,89,164,1,336.48,Abandoned,2017-04-28T00:18:41Z,2017-04-28T00:43:01Z,336.48
241,90,143,1,618.02,Active,2025-07-28T16:33:39Z,2025-07-28T17:49:33Z,618.02
242,90,399,7,537.25,Active,2025-07-28T22:49:48Z,2025-07-29T01:46:30Z,3760.75
243,91,268,1,254.98,Active,2025-09-03T03:24:12Z,2025-09-03T04:46:08Z,254.98
244,91,285,5,126.67,Abandoned,2025-09-03T03:22:43Z,2025-09-03T04:40:51Z,633.35
245,92,248,2,165.29,Converted,2024-12-08T06:14:28Z,2024-12-08T07:26:38Z,330.58
246,92,84,1,1161.5,Converted,2024-12-08T07:00:11Z,2024-12-08T07:13:48Z,1161.5
247,92,423,2,127.71,Converted,2024-12-08T06:04:14Z,2024-12-08T08:35:58Z,255.42
248,93,39,2,59.03,Deleted,2021-03-24T07:20:34Z,2021-03-27T15:27:03Z,118.06
249,93,200,5,899.94,Deleted,2021-03-29T22:19:30Z,2021-03-30T14:04:55Z,4499.700000000001
250,93,142,1,174.48,Deleted,2021-03-22T15:58:39Z,2021-03-25T02:53:12Z,174.48
251,94,233,1,45.4,Abandoned,2024-09-28T09:25:59Z,2024-09-28T10:31:47Z,45.4
252,95,301,2,27.18,Deleted,2025-05-29T10:34:33Z,2025-06-05T20:51:11Z,54.36
253,95,275,5,28.51,Deleted,2025-05-24T15:26:54Z,2025-05-26T04:33:27Z,142.55
254,95,290,10,90.32,Deleted,2025-06-06T04:05:57Z,2025-06-06T04:46:13Z,903.1999999999999
255,95,281,1,59.36,Deleted,2025-06-02T12:45:36Z,2025-06-03T21:34:13Z,59.36
256,96,316,2,91.48,Abandoned,2025-09-27T10:35:28Z,2025-09-27T10:36:43Z,182.96
257,97,497,5,268.54,Active,2022-12-31T08:36:00Z,2022-12-31T22:17:21Z,1342.7
258,97,119,1,200.43,Active,2023-01-01T12:42:40Z,2023-01-01T23:50:16Z,200.43
259,97,241,2,280.56,Active,2023-01-01T02:53:16Z,2023-01-01T06:07:12Z,561.12
260,97,362,3,182.97,Active,2023-01-01T00:49:26Z,2023-01-01T12:33:39Z,548.91
261,97,12,1,168.0,Active,2023-01-01T21:19:19Z,2023-01-01T22:07:04Z,168.0
262,97,400,1,94.03,Active,2023-01-01T00:08:52Z,2023-01-01T18:30:33Z,94.03
263,98,162,2,2036.98,Active,2025-11-29T18:50:22Z,2025-12-02T06:17:43Z,4073.96
264,98,329,1,755.73,Active,2025-11-27T08:47:11Z,2025-11-30T20:13:52Z,755.73
265,99,480,1,53.57,Converted,2025-07-11T09:38:15Z,2025-07-11T13:00:08Z,53.57
266,100,307,1,126.97,Converted,2024-12-17T15:33:47Z,2024-12-18T10:46:27Z,126.97
267,100,217,3,1017.69,Converted,2024-12-18T04:51:50Z,2024-12-19T07:32:25Z,3053.07
268,101,497,3,268.54,Abandoned,2024-07-22T16:20:28Z,2024-07-22T17:08:54Z,805.6200000000001
269,102,65,1,61.02,Abandoned,2023-08-20T02:50:58Z,2023-08-20T17:28:23Z,61.02
270,102,397,1,214.11,Abandoned,2023-08-20T09:47:58Z,2023-08-20T14:20:33Z,214.11
271,103,231,3,1649.89,Active,2023-04-11T06:00:17Z,2023-04-11T22:49:44Z,4949.67
272,103,215,2,12.25,Active,2023-04-08T02:45:32Z,2023-04-11T22:07:25Z,24.5
273,104,325,1,140.49,Active,2023-07-18T21:39:39Z,2023-07-20T08:38:55Z,140.49
274,104,411,1,84.88,Active,2023-07-17T02:31:47Z,2023-07-19T20:47:33Z,84.88
275,104,478,4,215.05,Active,2023-07-16T16:40:54Z,2023-07-19T09:04:45Z,860.2
276,105,418,3,67.05,Converted,2022-02-18T06:48:34Z,2022-02-18T07:17:10Z,201.14999999999998
277,106,182,3,488.84,Abandoned,2025-03-09T05:30:28Z,2025-03-09T07:28:28Z,1466.52
278,106,450,1,152.76,Abandoned,2025-03-09T08:27:45Z,2025-03-09T08:45:30Z,152.76
279,107,493,2,369.54,Active,2022-03-08T10:46:42Z,2022-03-10T07:01:23Z,739.08
280,108,189,3,342.29,Abandoned,2025-03-29T23:30:57Z,2025-03-30T01:02:05Z,1026.8700000000001
281,108,107,2,84.07,Abandoned,2025-03-30T02:14:56Z,2025-03-30T06:23:49Z,168.14
282,109,297,2,173.45,Converted,2024-08-01T09:53:41Z,2024-08-03T02:28:26Z,346.9
283,109,9,1,564.82,Converted,2024-08-01T00:24:26Z,2024-08-03T15:49:39Z,564.82
284,109,410,3,143.2,Converted,2024-08-03T18:08:16Z,2024-08-03T18:40:49Z,429.59999999999997
285,110,328,5,64.82,Active,2021-10-07T18:12:26Z,2021-10-09T11:39:46Z,324.09999999999997
286,110,361,3,203.75,Abandoned,2021-10-08T22:56:57Z,2021-10-10T12:58:00Z,611.25
287,111,400,3,94.03,Active,2025-09-23T09:36:32Z,2025-09-24T14:16:53Z,282.09000000000003
288,111,88,4,299.08,Abandoned,2025-09-25T13:52:33Z,2025-09-25T15:21:34Z,1196.32
289,111,288,3,31.48,Active,2025-09-25T10:28:07Z,2025-09-25T13:37:58Z,94.44
290,111,313,4,1217.0,Active,2025-09-23T10:13:28Z,2025-09-23T15:46:51Z,4868.0
291,112,104,2,32.71,Converted,2023-02-27T15:13:18Z,2023-02-27T20:37:02Z,65.42
292,112,301,1,27.18,Converted,2023-02-28T23:14:26Z,2023-03-01T00:01:37Z,27.18
293,112,402,5,224.2,Converted,2023-02-28T21:20:40Z,2023-02-28T23:11:14Z,1121.0
294,113,415,1,158.1,Abandoned,2023-05-04T19:47:27Z,2023-05-04T20:07:03Z,158.1
295,113,216,1,142.37,Abandoned,2023-05-05T01:07:04Z,2023-05-05T01:53:26Z,142.37
296,113,406,3,1678.7,Abandoned,2023-05-04T17:37:48Z,2023-05-04T23:12:52Z,5036.1
297,114,236,1,1142.25,Deleted,2025-11-13T02:46:55Z,2025-11-13T18:44:39Z,1142.25
298,114,4,3,147.53,Deleted,2025-11-09T00:54:55Z,2025-11-14T19:46:12Z,442.59000000000003
299,115,333,1,441.65,Active,2025-09-15T01:29:03Z,2025-09-16T10:16:33Z,441.65
300,115,202,1,367.03,Abandoned,2025-09-15T20:46:26Z,2025-09-16T05:12:01Z,367.03
301,115,93,1,719.26,Abandoned,2025-09-15T14:27:03Z,2025-09-16T11:00:17Z,719.26
302,116,461,1,711.37,Deleted,2025-11-09T02:14:36Z,2025-11-10T13:33:18Z,711.37
303,116,473,2,309.25,Abandoned,2025-11-08T04:01:47Z,2025-11-10T07:53:40Z,618.5
304,117,88,1,299.08,Converted,2023-08-20T16:22:18Z,2023-08-21T06:52:39Z,299.08
305,118,446,1,386.34,Abandoned,2023-06-21T20:49:26Z,2023-06-21T22:37:35Z,386.34
306,118,242,7,142.79,Abandoned,2023-06-21T22:56:35Z,2023-06-21T23:36:45Z,999.53
307,118,480,2,53.57,Abandoned,2023-06-21T23:36:11Z,2023-06-21T23:38:03Z,107.14
308,119,96,4,623.82,Active,2022-08-09T18:25:55Z,2022-08-09T22:17:23Z,2495.28
309,119,187,2,69.09,Active,2022-08-09T16:09:00Z,2022-08-09T23:03:59Z,138.18
310,120,200,3,899.94,Abandoned,2020-12-29T20:44:11Z,2020-12-29T21:12:43Z,2699.82
311,120,99,1,932.42,Abandoned,2020-12-29T21:36:07Z,2020-12-30T01:51:49Z,932.42
312,121,159,1,25.78,Active,2024-09-13T04:29:35Z,2024-09-13T04:29:35Z,25.78
313,121,269,2,224.43,Active,2024-09-13T04:29:35Z,2024-09-13T04:29:35Z,448.86
314,121,376,1,774.43,Active,2024-09-13T04:29:35Z,2024-09-13T04:29:35Z,774.43
315,122,69,2,45.4,Abandoned,2023-08-12T15:30:37Z,2023-08-12T18:43:19Z,90.8
316,122,453,3,488.68,Abandoned,2023-08-12T12:56:00Z,2023-08-12T18:45:23Z,1466.04
317,122,245,2,100.81,Active,2023-08-12T09:06:49Z,2023-08-12T12:05:49Z,201.62
318,122,475,1,1839.85,Abandoned,2023-08-12T14:34:11Z,2023-08-12T15:23:21Z,1839.85
319,122,230,1,339.85,Abandoned,2023-08-12T10:44:01Z,2023-08-12T12:50:11Z,339.85
320,123,11,7,496.19,Abandoned,2020-06-02T13:39:25Z,2020-06-02T13:40:37Z,3473.33
321,123,187,1,69.09,Active,2020-06-02T12:03:27Z,2020-06-02T12:31:13Z,69.09
322,123,103,1,408.53,Abandoned,2020-06-02T09:38:10Z,2020-06-02T11:13:50Z,408.53
323,123,401,1,58.06,Active,2020-06-02T09:41:52Z,2020-06-02T12:20:14Z,58.06
324,124,149,2,78.07,Converted,2019-11-29T23:01:31Z,2019-11-30T15:07:57Z,156.14
325,125,376,1,774.43,Abandoned,2023-11-18T15:38:41Z,2023-11-18T15:52:25Z,774.43
326,126,341,1,40.65,Abandoned,2023-01-14T16:51:05Z,2023-01-14T21:11:26Z,40.65
327,127,114,2,249.98,Deleted,2020-07-21T04:02:56Z,2020-07-28T07:47:44Z,499.96
328,127,59,10,234.15,Deleted,2020-07-15T16:39:05Z,2020-07-16T01:02:35Z,2341.5
329,127,185,1,1113.03,Deleted,2020-07-24T01:20:59Z,2020-07-28T11:21:54Z,1113.03
330,127,150,2,361.94,Deleted,2020-07-18T02:57:00Z,2020-07-21T16:49:46Z,723.88
331,127,379,1,47.01,Deleted,2020-07-25T17:59:56Z,2020-07-26T10:28:52Z,47.01
332,128,14,1,91.24,Abandoned,2025-11-01T14:34:19Z,2025-11-01T21:12:35Z,91.24
333,128,305,1,378.28,Active,2025-11-01T20:26:43Z,2025-11-01T23:44:21Z,378.28
334,129,293,9,116.69,Abandoned,2025-12-23T16:50:06Z,2025-12-23T17:58:24Z,1050.21
335,129,11,1,496.19,Abandoned,2025-12-23T16:09:21Z,2025-12-23T17:55:19Z,496.19
336,130,83,3,35.12,Abandoned,2025-08-06T11:43:18Z,2025-08-06T12:20:52Z,105.35999999999999
337,130,452,5,192.56,Abandoned,2025-08-06T11:45:00Z,2025-08-06T13:03:55Z,962.8
338,131,380,2,729.31,Abandoned,2022-05-22T21:44:17Z,2022-05-23T07:23:28Z,1458.62
339,132,487,2,424.39,Abandoned,2025-05-18T17:16:42Z,2025-05-18T17:23:41Z,848.78
340,132,313,7,1217.0,Abandoned,2025-05-18T15:17:12Z,2025-05-18T17:30:45Z,8519.0
341,132,32,3,112.28,Abandoned,2025-05-18T15:30:35Z,2025-05-18T17:10:04Z,336.84000000000003
342,132,19,1,219.56,Abandoned,2025-05-18T13:33:14Z,2025-05-18T15:10:23Z,219.56
343,132,218,1,500.46,Abandoned,2025-05-18T15:13:03Z,2025-05-18T15:13:09Z,500.46
344,133,200,3,899.94,Active,2024-11-03T23:44:00Z,2024-11-04T02:49:20Z,2699.82
345,133,156,6,19.08,Abandoned,2024-11-02T11:54:29Z,2024-11-04T18:24:53Z,114.47999999999999
346,134,288,2,31.48,Abandoned,2024-05-09T13:45:07Z,2024-05-09T13:45:07Z,62.96
347,134,316,1,91.48,Abandoned,2024-05-09T13:45:07Z,2024-05-09T13:45:07Z,91.48
348,134,397,3,214.11,Abandoned,2024-05-09T13:45:07Z,2024-05-09T13:45:07Z,642.33
349,134,492,4,136.92,Abandoned,2024-05-09T13:45:07Z,2024-05-09T13:45:07Z,547.68
350,135,104,3,32.71,Converted,2025-12-04T14:31:58Z,2025-12-04T21:45:02Z,98.13
351,135,257,2,298.33,Converted,2025-12-04T09:50:16Z,2025-12-04T14:25:06Z,596.66
352,135,76,3,803.23,Converted,2025-12-03T23:15:30Z,2025-12-04T10:01:33Z,2409.69
353,135,45,2,217.29,Converted,2025-12-05T05:29:38Z,2025-12-05T06:00:43Z,434.58
354,135,265,2,73.41,Converted,2025-12-05T03:04:47Z,2025-12-05T05:49:05Z,146.82
355,136,451,1,127.31,Active,2015-11-11T21:06:45Z,2015-11-12T07:09:33Z,127.31
356,136,387,5,65.89,Active,2015-11-12T19:14:29Z,2015-11-14T07:13:28Z,329.45
357,136,40,2,28.74,Active,2015-11-16T08:00:11Z,2015-11-16T21:57:42Z,57.48
358,137,415,1,158.1,Converted,2021-08-31T05:42:41Z,2021-08-31T05:59:35Z,158.1
359,137,257,2,298.33,Converted,2021-08-30T12:52:29Z,2021-08-31T06:44:28Z,596.66
360,137,139,2,133.83,Converted,2021-08-30T14:01:16Z,2021-08-31T00:33:56Z,267.66
361,137,332,1,33.87,Converted,2021-08-30T18:14:00Z,2021-08-31T02:25:12Z,33.87
362,138,10,1,1211.32,Active,2021-04-08T19:50:21Z,2021-04-09T10:34:47Z,1211.32
363,138,79,1,41.54,Active,2021-04-08T16:21:39Z,2021-04-08T16:22:23Z,41.54
364,138,139,1,133.83,Deleted,2021-04-08T03:30:16Z,2021-04-09T05:06:17Z,133.83
365,139,41,2,199.76,Converted,2025-07-03T12:28:18Z,2025-07-05T10:20:19Z,399.52
366,140,34,10,946.98,Abandoned,2024-11-19T18:23:15Z,2024-11-19T19:53:25Z,9469.8
367,141,238,2,1813.44,Abandoned,2023-05-10T18:50:12Z,2023-05-10T20:27:00Z,3626.88
368,141,356,1,390.7,Abandoned,2023-05-10T16:57:12Z,2023-05-10T18:28:56Z,390.7
369,142,97,3,122.94,Active,2023-04-30T19:27:51Z,2023-05-01T16:34:37Z,368.82
370,142,298,1,1007.9,Active,2023-04-30T01:09:40Z,2023-05-01T14:29:16Z,1007.9
371,142,465,1,119.4,Abandoned,2023-05-01T23:45:18Z,2023-05-01T23:59:54Z,119.4
372,142,353,2,172.46,Abandoned,2023-04-30T20:18:23Z,2023-05-01T02:42:52Z,344.92
373,143,51,2,188.65,Converted,2023-09-06T14:39:02Z,2023-09-06T14:39:41Z,377.3
374,143,277,1,39.31,Converted,2023-09-06T13:05:29Z,2023-09-06T13:41:41Z,39.31
375,144,153,1,432.84,Deleted,2024-05-21T22:31:59Z,2024-05-25T01:05:37Z,432.84
376,145,470,3,695.16,Abandoned,2019-08-05T16:10:50Z,2019-08-05T18:54:33Z,2085.48
377,145,115,1,12.56,Abandoned,2019-08-05T16:36:41Z,2019-08-05T19:25:16Z,12.56
378,145,129,5,1432.08,Abandoned,2019-08-05T18:09:19Z,2019-08-05T19:09:56Z,7160.4
379,145,317,1,175.41,Abandoned,2019-08-05T19:24:53Z,2019-08-05T19:27:39Z,175.41
380,146,94,3,411.63,Abandoned,2025-02-22T16:47:09Z,2025-02-22T17:17:06Z,1234.8899999999999
381,146,371,3,345.81,Abandoned,2025-02-22T17:00:36Z,2025-02-22T17:34:42Z,1037.43
382,146,293,2,116.69,Active,2025-02-22T16:24:07Z,2025-02-22T17:08:14Z,233.38
383,147,480,4,53.57,Active,2019-01-27T03:30:31Z,2019-01-27T04:54:36Z,214.28
384,147,96,6,623.82,Active,2019-01-26T19:10:05Z,2019-01-27T06:13:12Z,3742.92
385,148,23,2,152.89,Deleted,2024-02-02T12:44:44Z,2024-02-03T15:32:40Z,305.78
386,148,181,2,28.97,Deleted,2024-01-31T23:31:40Z,2024-02-08T02:39:44Z,57.94
387,149,85,7,191.07,Active,2024-02-20T04:55:07Z,2024-02-20T06:25:37Z,1337.49
388,149,352,3,78.1,Abandoned,2024-02-19T22:17:54Z,2024-02-20T03:52:31Z,234.29999999999998
389,150,120,2,98.3,Abandoned,2023-05-21T06:16:52Z,2023-05-21T07:15:01Z,196.6
390,150,54,1,1494.0,Active,2023-05-20T23:37:23Z,2023-05-21T07:00:50Z,1494.0
391,150,387,2,65.89,Active,2023-05-21T00:37:33Z,2023-05-21T00:46:04Z,131.78
392,151,155,1,2193.18,Active,2021-09-01T20:34:57Z,2021-09-01T20:40:57Z,2193.18
393,152,52,2,105.12,Converted,2024-08-21T07:41:50Z,2024-08-21T08:20:23Z,210.24
394,153,277,1,39.31,Abandoned,2021-12-15T13:30:57Z,2021-12-15T13:30:57Z,39.31
395,153,38,1,153.42,Abandoned,2021-12-15T13:30:57Z,2021-12-15T13:30:57Z,153.42
396,153,254,1,395.44,Abandoned,2021-12-15T13:30:57Z,2021-12-15T13:30:57Z,395.44
397,153,378,6,100.56,Active,2021-12-15T13:30:57Z,2021-12-15T13:30:57Z,603.36
398,154,349,1,635.35,Active,2024-09-11T21:48:31Z,2024-09-11T21:53:40Z,635.35
399,154,214,1,316.55,Active,2024-09-11T21:49:02Z,2024-09-11T22:14:20Z,316.55
400,154,301,5,27.18,Abandoned,2024-09-11T21:34:04Z,2024-09-11T21:42:09Z,135.9
401,155,225,1,11.07,Active,2023-01-23T11:44:33Z,2023-01-23T20:54:46Z,11.07
402,155,54,1,1494.0,Active,2023-01-20T11:56:07Z,2023-01-20T11:57:12Z,1494.0
403,155,245,7,100.81,Abandoned,2023-01-20T02:27:51Z,2023-01-23T16:24:07Z,705.6700000000001
404,155,449,4,274.42,Active,2023-01-20T01:46:08Z,2023-01-21T20:42:24Z,1097.68
405,156,60,1,125.84,Active,2024-09-15T16:35:57Z,2024-09-17T03:51:47Z,125.84
406,157,216,1,142.37,Abandoned,2023-05-29T13:08:29Z,2023-05-29T13:26:44Z,142.37
407,157,161,1,828.82,Abandoned,2023-05-29T13:01:02Z,2023-05-29T13:07:44Z,828.82
408,157,36,1,1213.75,Abandoned,2023-05-29T12:38:07Z,2023-05-29T13:24:00Z,1213.75
409,157,363,1,15.2,Abandoned,2023-05-29T13:25:58Z,2023-05-29T13:26:37Z,15.2
410,158,187,1,69.09,Active,2022-05-19T18:48:58Z,2022-05-21T13:53:37Z,69.09
411,158,319,7,226.96,Active,2022-05-22T04:01:22Z,2022-05-23T06:38:41Z,1588.72
412,158,446,1,386.34,Active,2022-05-23T04:47:36Z,2022-05-23T06:01:58Z,386.34
413,159,390,2,98.86,Abandoned,2023-02-12T17:05:13Z,2023-02-12T17:05:13Z,197.72
414,160,453,3,488.68,Deleted,2019-08-22T06:31:28Z,2019-08-25T19:05:28Z,1466.04
415,160,257,2,298.33,Deleted,2019-08-09T01:54:09Z,2019-08-25T03:20:02Z,596.66
416,160,79,4,41.54,Deleted,2019-08-14T06:26:16Z,2019-08-23T02:43:10Z,166.16
417,161,363,1,15.2,Converted,2025-09-05T15:01:02Z,2025-09-05T16:13:37Z,15.2
418,161,211,1,85.31,Converted,2025-09-05T16:46:43Z,2025-09-05T18:40:29Z,85.31
419,161,6,1,119.78,Converted,2025-09-05T16:55:30Z,2025-09-05T17:14:25Z,119.78
420,162,234,1,85.72,Active,2025-01-26T20:42:06Z,2025-01-27T01:05:56Z,85.72
421,162,484,2,62.52,Active,2025-01-26T22:11:17Z,2025-01-27T02:43:58Z,125.04
422,163,241,2,280.56,Abandoned,2025-12-09T15:15:17Z,2025-12-09T17:41:29Z,561.12
423,163,348,6,502.14,Active,2025-12-09T14:42:04Z,2025-12-09T20:25:43Z,3012.84
424,163,301,3,27.18,Abandoned,2025-12-09T16:41:04Z,2025-12-09T16:42:42Z,81.53999999999999
425,164,359,2,1029.18,Deleted,2024-03-07T13:59:03Z,2024-03-07T16:16:35Z,2058.36
426,164,320,1,109.75,Active,2024-03-04T02:15:39Z,2024-03-06T15:53:56Z,109.75
427,165,72,1,462.01,Converted,2023-03-24T14:52:29Z,2023-03-25T05:38:07Z,462.01
428,166,404,5,92.6,Abandoned,2022-11-08T23:00:25Z,2022-11-09T00:01:32Z,463.0
429,166,176,1,318.15,Abandoned,2022-11-08T23:15:37Z,2022-11-09T00:10:34Z,318.15
430,167,116,1,465.99,Active,2025-12-05T11:01:01Z,2025-12-05T14:32:54Z,465.99
431,167,217,3,1017.69,Active,2025-12-05T07:42:37Z,2025-12-05T14:44:10Z,3053.07
432,167,424,2,26.23,Abandoned,2025-12-05T14:35:18Z,2025-12-05T16:31:03Z,52.46
433,168,486,1,415.81,Active,2019-10-03T10:19:22Z,2019-10-03T10:55:04Z,415.81
434,168,256,2,473.23,Abandoned,2019-10-03T04:09:32Z,2019-10-03T04:57:43Z,946.46
435,168,280,2,941.58,Abandoned,2019-10-03T00:22:50Z,2019-10-03T00:45:28Z,1883.16
436,168,268,1,254.98,Abandoned,2019-10-03T05:33:08Z,2019-10-03T06:12:41Z,254.98
437,168,420,1,348.82,Abandoned,2019-10-03T08:56:22Z,2019-10-03T10:43:10Z,348.82
438,169,410,8,143.2,Active,2018-03-08T13:38:13Z,2018-03-10T21:33:51Z,1145.6
439,169,422,2,771.74,Active,2018-03-08T06:15:18Z,2018-03-11T01:05:09Z,1543.48
440,170,220,3,269.37,Converted,2021-08-21T02:30:56Z,2021-08-21T03:09:41Z,808.11
441,170,300,1,281.9,Converted,2021-08-21T02:48:11Z,2021-08-21T03:06:50Z,281.9
442,171,271,2,119.77,Abandoned,2025-03-27T10:31:23Z,2025-03-27T10:33:03Z,239.54
443,171,325,1,140.49,Active,2025-03-27T10:11:55Z,2025-03-27T10:26:08Z,140.49
444,171,471,1,403.72,Abandoned,2025-03-27T09:59:29Z,2025-03-27T10:27:22Z,403.72
445,171,209,2,119.56,Abandoned,2025-03-27T09:44:25Z,2025-03-27T10:14:03Z,239.12
446,172,152,2,78.76,Active,2024-05-29T08:23:39Z,2024-05-30T01:11:00Z,157.52
447,173,321,2,74.05,Converted,2024-12-26T13:04:54Z,2024-12-26T17:33:01Z,148.1
448,174,477,4,75.86,Converted,2023-06-28T07:05:49Z,2023-06-28T18:17:33Z,303.44
449,174,243,4,555.05,Converted,2023-06-28T06:11:00Z,2023-06-28T13:10:42Z,2220.2
450,174,439,1,248.98,Converted,2023-06-29T09:09:02Z,2023-06-29T09:55:16Z,248.98
451,174,395,1,355.98,Converted,2023-06-29T13:43:59Z,2023-06-29T13:52:25Z,355.98
452,175,494,1,91.91,Active,2025-09-13T02:08:45Z,2025-09-13T02:50:03Z,91.91
453,175,243,1,555.05,Active,2025-09-13T00:27:50Z,2025-09-13T01:13:27Z,555.05
454,175,33,2,62.37,Abandoned,2025-09-13T01:19:53Z,2025-09-13T03:25:41Z,124.74
455,176,323,2,283.09,Active,2021-01-01T02:02:37Z,2021-01-01T06:54:20Z,566.18
456,176,250,2,895.53,Active,2020-12-31T20:53:18Z,2020-12-31T23:29:53Z,1791.06
457,177,237,2,204.25,Abandoned,2025-09-06T03:49:52Z,2025-09-06T04:16:14Z,408.5
458,177,406,1,1678.7,Abandoned,2025-09-06T02:05:54Z,2025-09-06T02:51:46Z,1678.7
459,177,258,2,477.87,Abandoned,2025-09-06T04:06:04Z,2025-09-06T04:18:17Z,955.74
460,177,200,1,899.94,Abandoned,2025-09-06T03:29:03Z,2025-09-06T04:28:03Z,899.94
461,178,185,5,1113.03,Abandoned,2025-09-30T21:17:53Z,2025-09-30T21:17:53Z,5565.15
462,178,295,2,238.26,Abandoned,2025-09-30T21:17:53Z,2025-09-30T21:17:53Z,476.52
463,178,485,2,493.06,Abandoned,2025-09-30T21:17:53Z,2025-09-30T21:17:53Z,986.12
464,178,180,1,26.12,Abandoned,2025-09-30T21:17:53Z,2025-09-30T21:17:53Z,26.12
465,179,312,1,101.5,Abandoned,2024-06-08T16:55:23Z,2024-06-08T16:55:23Z,101.5
466,179,21,1,389.41,Abandoned,2024-06-08T16:55:23Z,2024-06-08T16:55:23Z,389.41
467,179,238,1,1813.44,Abandoned,2024-06-08T16:55:23Z,2024-06-08T16:55:23Z,1813.44
468,180,104,1,32.71,Deleted,2025-03-21T23:41:49Z,2025-03-22T08:03:59Z,32.71
469,181,441,1,54.28,Abandoned,2022-01-10T06:06:28Z,2022-01-14T00:23:45Z,54.28
470,181,418,1,67.05,Active,2022-01-12T06:05:43Z,2022-01-14T20:24:24Z,67.05
471,181,296,2,1627.17,Active,2022-01-12T14:25:19Z,2022-01-15T14:12:37Z,3254.34
472,181,280,2,941.58,Active,2022-01-10T00:19:46Z,2022-01-11T16:28:58Z,1883.16
473,181,147,1,64.35,Active,2022-01-12T20:32:59Z,2022-01-13T09:07:53Z,64.35
474,182,310,6,673.43,Deleted,2024-04-20T23:18:17Z,2024-04-22T16:56:35Z,4040.58
475,183,88,6,299.08,Active,2023-08-14T20:40:54Z,2023-08-14T21:30:46Z,1794.48
476,183,236,6,1142.25,Abandoned,2023-08-14T23:13:56Z,2023-08-14T23:37:22Z,6853.5
477,183,1,4,254.58,Abandoned,2023-08-14T19:24:00Z,2023-08-14T21:24:25Z,1018.32
478,184,289,1,66.35,Abandoned,2025-04-29T08:20:42Z,2025-04-29T08:34:15Z,66.35
479,185,109,5,134.59,Converted,2025-01-29T21:57:23Z,2025-01-30T04:35:44Z,672.95
480,185,392,1,598.09,Converted,2025-01-30T10:43:16Z,2025-01-30T11:56:55Z,598.09
481,186,366,2,84.07,Active,2023-03-04T19:16:36Z,2023-03-04T19:16:36Z,168.14
482,186,249,1,144.56,Active,2023-03-04T19:16:36Z,2023-03-04T19:16:36Z,144.56
483,186,149,2,78.07,Abandoned,2023-03-04T19:16:36Z,2023-03-04T19:16:36Z,156.14
484,186,253,7,131.16,Abandoned,2023-03-04T19:16:36Z,2023-03-04T19:16:36Z,918.12
485,187,461,8,711.37,Converted,2025-05-26T07:37:04Z,2025-05-26T22:38:43Z,5690.96
486,187,82,4,931.55,Converted,2025-05-27T02:57:15Z,2025-05-27T07:06:11Z,3726.2
487,187,429,1,18.9,Converted,2025-05-27T18:07:05Z,2025-05-27T19:27:56Z,18.9
488,188,168,2,352.24,Deleted,2020-09-26T23:56:24Z,2020-10-19T18:30:59Z,704.48
489,189,107,3,84.07,Converted,2024-12-08T06:13:17Z,2024-12-08T08:34:55Z,252.20999999999998
490,189,433,1,210.06,Converted,2024-12-06T00:48:47Z,2024-12-08T00:05:59Z,210.06
491,190,318,2,568.37,Converted,2024-03-28T01:14:08Z,2024-03-29T01:09:09Z,1136.74
492,190,254,3,395.44,Converted,2024-03-28T00:49:19Z,2024-03-28T12:57:20Z,1186.32
493,191,251,1,393.53,Converted,2025-11-04T16:49:20Z,2025-11-05T01:26:31Z,393.53
494,191,244,2,738.47,Converted,2025-11-05T00:38:01Z,2025-11-05T01:36:06Z,1476.94
495,191,10,2,1211.32,Converted,2025-11-05T00:05:13Z,2025-11-05T01:23:42Z,2422.64
496,192,431,3,357.76,Deleted,2025-07-19T09:55:29Z,2025-07-25T21:32:33Z,1073.28
497,192,449,4,274.42,Deleted,2025-07-19T05:16:56Z,2025-07-19T10:42:32Z,1097.68
498,192,128,1,147.29,Deleted,2025-07-18T21:10:46Z,2025-07-22T03:39:23Z,147.29
499,193,85,1,191.07,Abandoned,2025-05-13T21:47:37Z,2025-05-14T01:45:40Z,191.07
500,193,240,1,258.9,Active,2025-05-10T23:21:34Z,2025-05-12T13:47:27Z,258.9
501,193,318,4,568.37,Active,2025-05-11T19:42:02Z,2025-05-11T20:29:54Z,2273.48
502,193,111,4,1148.98,Active,2025-05-12T20:50:50Z,2025-05-13T13:29:18Z,4595.92
503,194,251,2,393.53,Converted,2022-08-01T01:31:06Z,2022-08-01T04:34:58Z,787.06
504,194,393,2,254.29,Converted,2022-08-01T04:18:04Z,2022-08-01T04:30:24Z,508.58
505,195,90,2,64.18,Abandoned,2018-11-12T21:25:15Z,2018-11-12T21:54:55Z,128.36
506,195,396,2,81.59,Active,2018-11-12T22:14:40Z,2018-11-12T22:18:33Z,163.18
507,195,185,1,1113.03,Abandoned,2018-11-12T18:14:51Z,2018-11-12T18:57:48Z,1113.03
508,195,107,1,84.07,Active,2018-11-12T16:19:17Z,2018-11-12T20:58:45Z,84.07
509,195,434,2,521.01,Abandoned,2018-11-12T20:09:11Z,2018-11-12T20:49:56Z,1042.02
510,196,440,1,216.11,Converted,2025-01-28T20:46:03Z,2025-01-28T20:54:03Z,216.11
511,196,389,1,327.83,Converted,2025-01-29T08:19:04Z,2025-01-30T18:45:51Z,327.83
512,196,353,10,172.46,Converted,2025-01-30T03:42:36Z,2025-01-30T04:49:21Z,1724.6000000000001
513,196,30,1,386.41,Converted,2025-01-30T05:29:47Z,2025-01-30T06:14:46Z,386.41
514,196,449,3,274.42,Converted,2025-01-28T20:48:37Z,2025-01-30T02:17:47Z,823.26
515,197,198,2,275.96,Converted,2023-10-29T05:23:29Z,2023-10-29T06:50:09Z,551.92
516,197,29,1,129.61,Converted,2023-10-26T13:17:37Z,2023-10-27T18:22:27Z,129.61
517,198,343,1,105.52,Abandoned,2025-05-21T20:20:19Z,2025-05-21T21:58:47Z,105.52
518,199,473,2,309.25,Active,2025-01-21T23:18:05Z,2025-01-22T05:33:43Z,618.5
519,199,263,1,971.86,Active,2025-01-20T16:07:38Z,2025-01-20T22:55:57Z,971.86
520,199,293,4,116.69,Active,2025-01-22T06:09:15Z,2025-01-22T19:04:18Z,466.76
521,199,54,1,1494.0,Active,2025-01-22T10:21:06Z,2025-01-22T11:28:37Z,1494.0
522,200,310,1,673.43,Deleted,2022-03-11T12:05:09Z,2022-03-11T15:50:27Z,673.43
523,200,417,6,33.26,Deleted,2022-03-12T10:32:07Z,2022-03-12T12:48:34Z,199.56
524,200,86,3,117.94,Deleted,2022-03-11T20:42:29Z,2022-03-11T20:51:05Z,353.82
525,201,298,4,1007.9,Abandoned,2025-10-16T07:29:53Z,2025-10-16T10:16:44Z,4031.6
526,201,179,1,235.24,Abandoned,2025-10-16T07:56:15Z,2025-10-16T08:02:51Z,235.24
527,202,101,2,153.81,Active,2023-12-16T20:16:20Z,2023-12-17T18:26:08Z,307.62
528,203,159,5,25.78,Active,2021-08-30T13:57:15Z,2021-08-30T22:11:24Z,128.9
529,203,284,1,304.44,Active,2021-08-30T05:43:05Z,2021-08-31T11:16:52Z,304.44
530,203,499,2,114.7,Active,2021-09-01T00:41:20Z,2021-09-01T07:09:43Z,229.4
531,204,471,2,403.72,Active,2018-03-07T07:41:39Z,2018-03-07T08:06:47Z,807.44
532,204,91,3,59.47,Active,2018-03-05T06:30:18Z,2018-03-05T14:08:15Z,178.41
533,204,233,1,45.4,Active,2018-03-05T16:43:44Z,2018-03-06T09:04:04Z,45.4
534,205,78,1,88.98,Converted,2022-12-03T23:58:14Z,2022-12-04T00:01:48Z,88.98
535,205,105,1,24.47,Converted,2022-12-03T20:31:55Z,2022-12-03T22:01:08Z,24.47
536,205,323,1,283.09,Converted,2022-12-03T22:01:32Z,2022-12-03T22:29:27Z,283.09
537,205,211,4,85.31,Converted,2022-12-03T19:13:13Z,2022-12-03T20:44:47Z,341.24
538,205,261,3,246.89,Converted,2022-12-03T18:25:13Z,2022-12-03T22:49:54Z,740.67
539,206,236,5,1142.25,Abandoned,2025-04-08T06:33:00Z,2025-04-08T06:37:49Z,5711.25
540,206,176,1,318.15,Abandoned,2025-04-08T06:23:12Z,2025-04-08T06:34:03Z,318.15
541,207,40,2,28.74,Active,2023-12-19T09:02:45Z,2023-12-20T12:24:17Z,57.48
542,207,137,2,18.14,Active,2023-12-17T14:39:48Z,2023-12-17T22:54:05Z,36.28
543,207,143,4,618.02,Active,2023-12-20T10:41:56Z,2023-12-20T11:04:37Z,2472.08
544,208,318,2,568.37,Abandoned,2025-03-05T20:48:14Z,2025-03-06T00:10:57Z,1136.74
545,209,197,2,36.29,Active,2022-05-11T19:35:41Z,2022-05-11T19:36:38Z,72.58
546,209,443,2,1258.34,Deleted,2022-05-07T02:09:28Z,2022-05-11T16:35:05Z,2516.68
547,209,296,2,1627.17,Active,2022-05-09T03:18:55Z,2022-05-12T01:53:22Z,3254.34
548,209,52,1,105.12,Active,2022-05-10T17:13:23Z,2022-05-11T08:53:33Z,105.12
549,209,303,5,67.5,Abandoned,2022-05-10T01:11:29Z,2022-05-11T08:30:54Z,337.5
550,210,4,1,147.53,Converted,2020-09-23T05:55:59Z,2020-09-23T07:48:00Z,147.53
551,210,282,2,13.98,Converted,2020-09-24T04:00:06Z,2020-09-24T04:06:35Z,27.96
552,211,108,2,247.37,Abandoned,2019-04-08T20:32:45Z,2019-04-08T23:07:27Z,494.74
553,211,352,5,78.1,Abandoned,2019-04-08T22:40:10Z,2019-04-08T23:22:23Z,390.5
554,211,360,1,88.96,Abandoned,2019-04-08T21:35:26Z,2019-04-08T21:55:03Z,88.96
555,211,411,1,84.88,Abandoned,2019-04-08T23:10:06Z,2019-04-09T00:08:41Z,84.88
556,211,171,1,263.42,Abandoned,2019-04-08T22:27:45Z,2019-04-08T23:56:18Z,263.42
557,212,201,1,368.57,Deleted,2022-11-03T19:20:32Z,2022-11-06T13:31:11Z,368.57
558,212,477,1,75.86,Deleted,2022-11-12T03:39:56Z,2022-11-13T11:46:48Z,75.86
559,212,60,2,125.84,Deleted,2022-11-10T06:16:35Z,2022-11-11T13:27:07Z,251.68
560,213,443,1,1258.34,Converted,2022-07-05T14:45:41Z,2022-07-06T08:11:28Z,1258.34
561,214,21,4,389.41,Active,2015-05-22T10:39:03Z,2015-05-22T18:41:45Z,1557.64
562,214,28,2,298.62,Active,2015-05-22T05:06:08Z,2015-05-22T13:05:20Z,597.24
563,214,60,1,125.84,Deleted,2015-05-22T20:39:42Z,2015-05-22T22:02:23Z,125.84
564,215,419,3,45.56,Active,2025-02-28T23:11:39Z,2025-03-01T04:01:54Z,136.68
565,216,79,2,41.54,Abandoned,2023-10-24T12:37:57Z,2023-10-24T12:48:50Z,83.08
566,217,177,7,41.77,Abandoned,2024-12-22T02:59:53Z,2024-12-22T03:31:48Z,292.39000000000004
567,217,95,7,133.22,Abandoned,2024-12-22T03:54:41Z,2024-12-22T04:12:33Z,932.54
568,217,191,6,727.94,Active,2024-12-22T04:27:10Z,2024-12-22T04:28:42Z,4367.64
569,218,83,1,35.12,Abandoned,2025-01-11T05:58:35Z,2025-01-11T06:32:07Z,35.12
570,218,189,1,342.29,Abandoned,2025-01-11T08:20:08Z,2025-01-11T08:36:43Z,342.29
571,219,219,2,183.66,Deleted,2019-10-02T11:23:19Z,2019-10-02T11:33:34Z,367.32
572,219,65,9,61.02,Deleted,2019-10-02T16:49:02Z,2019-10-02T20:16:23Z,549.1800000000001
573,219,141,4,632.42,Deleted,2019-10-01T21:24:03Z,2019-10-02T04:02:44Z,2529.68
574,219,41,1,199.76,Deleted,2019-10-01T19:36:58Z,2019-10-02T06:21:46Z,199.76
575,220,239,2,491.36,Active,2025-06-15T14:26:41Z,2025-06-15T22:22:01Z,982.72
576,220,443,3,1258.34,Abandoned,2025-06-15T22:49:08Z,2025-06-16T08:42:27Z,3775.0199999999995
577,220,470,3,695.16,Active,2025-06-15T02:14:07Z,2025-06-16T03:16:56Z,2085.48
578,220,301,2,27.18,Active,2025-06-15T19:31:09Z,2025-06-16T23:29:42Z,54.36
579,221,130,1,745.47,Active,2021-05-15T02:39:47Z,2021-05-15T22:49:26Z,745.47
580,221,441,3,54.28,Active,2021-05-14T18:20:33Z,2021-05-15T07:46:07Z,162.84
581,221,411,1,84.88,Abandoned,2021-05-15T22:09:30Z,2021-05-15T22:16:39Z,84.88
582,221,498,6,534.57,Active,2021-05-14T01:09:02Z,2021-05-14T06:40:34Z,3207.42
583,222,332,1,33.87,Abandoned,2024-07-04T07:37:59Z,2024-07-04T12:47:53Z,33.87
584,222,443,1,1258.34,Abandoned,2024-07-04T13:36:26Z,2024-07-04T14:08:06Z,1258.34
585,223,251,1,393.53,Active,2021-08-21T05:22:41Z,2021-08-21T10:55:44Z,393.53
586,224,75,2,254.98,Converted,2022-07-12T15:49:08Z,2022-07-13T16:50:14Z,509.96
587,224,191,2,727.94,Converted,2022-07-13T11:42:25Z,2022-07-13T20:29:46Z,1455.88
588,225,400,1,94.03,Abandoned,2021-10-28T13:33:23Z,2021-10-28T20:51:54Z,94.03
589,225,254,2,395.44,Abandoned,2021-10-28T15:33:15Z,2021-10-28T21:07:44Z,790.88
590,225,92,4,476.17,Abandoned,2021-10-28T20:51:57Z,2021-10-28T22:03:24Z,1904.68
591,225,423,7,127.71,Abandoned,2021-10-28T15:01:26Z,2021-10-28T15:25:35Z,893.9699999999999
592,225,170,7,219.84,Abandoned,2021-10-28T22:23:53Z,2021-10-28T23:53:11Z,1538.88
593,226,8,1,870.7,Deleted,2022-09-16T06:36:50Z,2022-09-22T00:55:00Z,870.7
594,226,298,1,1007.9,Deleted,2022-09-03T23:11:34Z,2022-09-09T10:33:47Z,1007.9
595,226,104,1,32.71,Deleted,2022-09-09T00:39:12Z,2022-09-10T00:39:27Z,32.71
596,226,156,2,19.08,Deleted,2022-09-16T07:08:30Z,2022-09-19T10:38:08Z,38.16
597,226,184,8,466.38,Deleted,2022-09-11T20:22:34Z,2022-09-12T01:38:19Z,3731.04
598,227,411,1,84.88,Converted,2023-04-16T21:28:55Z,2023-04-17T04:49:44Z,84.88
599,228,272,2,133.08,Converted,2024-10-04T22:36:46Z,2024-10-05T02:24:11Z,266.16
600,228,321,2,74.05,Converted,2024-10-04T23:18:14Z,2024-10-05T04:38:48Z,148.1
601,228,395,2,355.98,Converted,2024-10-04T13:45:36Z,2024-10-05T06:11:55Z,711.96
602,228,53,2,972.57,Converted,2024-10-04T21:55:44Z,2024-10-05T06:15:43Z,1945.14
603,229,390,1,98.86,Converted,2025-12-05T13:44:05Z,2025-12-05T21:47:20Z,98.86
604,229,103,2,408.53,Converted,2025-12-03T15:17:51Z,2025-12-05T06:32:40Z,817.06
605,229,460,5,265.23,Converted,2025-12-03T16:14:19Z,2025-12-05T11:43:54Z,1326.15
606,230,289,1,66.35,Active,2017-04-18T01:53:23Z,2017-04-19T00:39:32Z,66.35
607,230,99,3,932.42,Abandoned,2017-04-19T03:08:29Z,2017-04-20T17:10:30Z,2797.2599999999998
608,230,427,1,137.59,Active,2017-04-19T15:38:40Z,2017-04-20T01:17:44Z,137.59
609,230,492,3,136.92,Active,2017-04-18T09:11:34Z,2017-04-20T17:29:23Z,410.76
610,231,381,1,453.14,Abandoned,2022-03-06T18:49:09Z,2022-03-06T23:09:27Z,453.14
611,231,336,4,1612.21,Abandoned,2022-03-06T20:54:58Z,2022-03-07T00:04:50Z,6448.84
612,231,292,2,66.9,Abandoned,2022-03-06T20:53:31Z,2022-03-06T23:05:41Z,133.8
613,232,41,5,199.76,Converted,2019-06-29T20:53:25Z,2019-06-30T02:28:31Z,998.8
614,232,223,1,282.68,Converted,2019-06-30T03:19:48Z,2019-06-30T03:37:09Z,282.68
615,233,244,3,738.47,Active,2025-07-15T15:35:18Z,2025-07-15T15:50:58Z,2215.41
616,234,217,1,1017.69,Abandoned,2021-11-22T06:46:28Z,2021-11-22T07:31:42Z,1017.69
617,235,249,1,144.56,Active,2025-04-20T23:24:29Z,2025-04-21T00:58:02Z,144.56
618,236,87,1,23.29,Active,2024-11-04T17:05:35Z,2024-11-04T18:17:03Z,23.29
619,236,419,2,45.56,Active,2024-11-05T02:13:27Z,2024-11-05T03:03:23Z,91.12
620,237,307,2,126.97,Active,2020-12-05T07:58:07Z,2020-12-05T09:21:17Z,253.94
621,237,158,2,207.38,Abandoned,2020-12-04T13:38:58Z,2020-12-05T11:17:12Z,414.76
622,237,61,1,57.63,Active,2020-12-02T16:00:53Z,2020-12-03T04:17:22Z,57.63
623,238,387,1,65.89,Active,2024-05-12T12:45:27Z,2024-05-12T20:32:23Z,65.89
624,239,298,2,1007.9,Abandoned,2025-09-25T07:18:44Z,2025-09-25T11:54:19Z,2015.8
625,239,422,1,771.74,Abandoned,2025-09-25T11:33:15Z,2025-09-25T11:48:17Z,771.74
626,240,403,1,415.53,Abandoned,2025-12-01T08:56:19Z,2025-12-04T00:12:01Z,415.53
627,240,140,2,1099.8,Active,2025-12-02T03:22:19Z,2025-12-03T09:38:53Z,2199.6
628,241,399,1,537.25,Converted,2024-10-02T14:53:17Z,2024-10-03T23:11:06Z,537.25
629,241,252,1,323.84,Converted,2024-10-03T12:08:41Z,2024-10-03T18:17:34Z,323.84
630,242,433,5,210.06,Abandoned,2023-11-06T18:43:54Z,2023-11-06T19:09:47Z,1050.3
631,242,217,2,1017.69,Abandoned,2023-11-06T15:48:53Z,2023-11-06T16:02:32Z,2035.38
632,242,272,2,133.08,Abandoned,2023-11-06T17:15:14Z,2023-11-06T19:17:45Z,266.16
633,242,279,1,23.2,Abandoned,2023-11-06T16:15:29Z,2023-11-06T18:50:51Z,23.2
634,243,428,2,379.16,Converted,2024-08-12T21:33:08Z,2024-08-12T22:50:02Z,758.32
635,243,311,1,104.55,Converted,2024-08-11T15:40:54Z,2024-08-12T14:42:25Z,104.55
636,243,226,2,621.86,Converted,2024-08-13T02:12:46Z,2024-08-13T02:36:36Z,1243.72
637,243,225,4,11.07,Converted,2024-08-11T07:42:55Z,2024-08-12T23:47:11Z,44.28
638,244,99,5,932.42,Converted,2018-11-21T07:41:05Z,2018-11-21T07:41:18Z,4662.099999999999
639,245,156,2,19.08,Converted,2025-08-06T20:12:25Z,2025-08-06T22:24:45Z,38.16
640,245,45,2,217.29,Converted,2025-08-06T19:56:21Z,2025-08-06T19:59:02Z,434.58
641,245,58,5,68.4,Converted,2025-08-06T23:09:05Z,2025-08-07T00:25:39Z,342.0
642,245,157,6,278.27,Converted,2025-08-06T23:21:20Z,2025-08-06T23:29:48Z,1669.62
643,245,40,1,28.74,Converted,2025-08-06T18:54:50Z,2025-08-06T23:59:34Z,28.74
644,246,161,1,828.82,Converted,2025-07-19T04:01:48Z,2025-07-19T16:00:08Z,828.82
645,246,210,1,177.18,Converted,2025-07-19T01:23:50Z,2025-07-19T17:16:39Z,177.18
646,246,225,1,11.07,Converted,2025-07-18T19:44:16Z,2025-07-20T05:03:43Z,11.07
647,246,9,3,564.82,Converted,2025-07-20T06:22:09Z,2025-07-20T08:27:20Z,1694.46
648,246,478,2,215.05,Converted,2025-07-17T23:12:24Z,2025-07-19T08:51:20Z,430.1
649,247,385,7,485.58,Converted,2024-10-05T07:14:07Z,2024-10-06T01:38:04Z,3399.06
650,247,407,1,261.02,Converted,2024-10-06T10:06:11Z,2024-10-06T13:50:25Z,261.02
651,248,498,2,534.57,Abandoned,2025-03-31T06:00:57Z,2025-03-31T07:01:30Z,1069.14
652,248,51,7,188.65,Abandoned,2025-03-31T06:10:57Z,2025-03-31T06:34:28Z,1320.55
653,248,490,1,1264.96,Abandoned,2025-03-31T06:35:26Z,2025-03-31T09:10:56Z,1264.96
654,249,381,1,453.14,Abandoned,2025-12-22T09:41:15Z,2025-12-22T09:54:46Z,453.14
655,249,369,2,150.89,Abandoned,2025-12-22T00:05:28Z,2025-12-22T03:37:50Z,301.78
656,249,463,4,43.99,Abandoned,2025-12-22T01:25:03Z,2025-12-22T05:26:05Z,175.96
657,249,38,1,153.42,Abandoned,2025-12-22T03:45:48Z,2025-12-22T06:45:27Z,153.42
658,250,301,2,27.18,Abandoned,2023-05-07T06:40:01Z,2023-05-07T07:00:07Z,54.36
659,250,21,1,389.41,Active,2023-05-07T05:56:09Z,2023-05-07T06:32:50Z,389.41
660,251,30,1,386.41,Deleted,2025-09-01T21:41:13Z,2025-09-07T08:50:53Z,386.41
661,252,36,2,1213.75,Abandoned,2025-01-11T06:34:24Z,2025-01-11T06:45:19Z,2427.5
662,252,23,1,152.89,Abandoned,2025-01-11T05:18:52Z,2025-01-11T06:16:33Z,152.89
663,253,147,4,64.35,Active,2024-05-12T00:51:49Z,2024-05-12T01:02:05Z,257.4
664,254,489,2,150.92,Active,2020-03-17T19:29:56Z,2020-03-20T10:37:45Z,301.84
665,254,213,1,49.47,Deleted,2020-03-19T07:16:24Z,2020-03-19T22:44:46Z,49.47
666,254,294,3,762.16,Deleted,2020-03-19T05:25:17Z,2020-03-19T10:08:36Z,2286.48
667,254,313,1,1217.0,Active,2020-03-18T07:06:17Z,2020-03-20T11:49:16Z,1217.0
668,254,414,1,340.19,Active,2020-03-18T11:17:09Z,2020-03-19T01:43:30Z,340.19
669,255,478,2,215.05,Abandoned,2025-10-16T16:55:33Z,2025-10-16T19:20:27Z,430.1
670,255,181,4,28.97,Abandoned,2025-10-16T18:49:45Z,2025-10-16T19:31:48Z,115.88
671,255,258,1,477.87,Abandoned,2025-10-16T16:58:04Z,2025-10-16T18:47:56Z,477.87
672,256,7,4,1181.48,Abandoned,2022-01-24T04:05:47Z,2022-01-24T04:40:33Z,4725.92
673,256,340,2,1050.39,Abandoned,2022-01-23T23:56:22Z,2022-01-24T01:28:00Z,2100.78
674,257,376,4,774.43,Abandoned,2025-09-20T09:35:59Z,2025-09-20T11:24:54Z,3097.72
675,257,475,1,1839.85,Abandoned,2025-09-20T11:58:49Z,2025-09-20T12:14:44Z,1839.85
676,258,96,1,623.82,Abandoned,2022-09-08T18:00:12Z,2022-09-08T18:25:32Z,623.82
677,258,495,1,76.86,Abandoned,2022-09-08T20:34:08Z,2022-09-09T01:04:47Z,76.86
678,258,405,2,1372.84,Abandoned,2022-09-08T23:58:59Z,2022-09-09T01:36:58Z,2745.68
679,259,35,1,480.99,Active,2020-06-19T18:38:43Z,2020-06-20T14:20:46Z,480.99
680,259,500,7,48.8,Abandoned,2020-06-20T15:48:42Z,2020-06-20T19:48:46Z,341.59999999999997
681,260,332,1,33.87,Deleted,2018-09-28T05:53:08Z,2018-09-30T11:18:14Z,33.87
682,260,327,3,160.21,Deleted,2018-09-28T21:38:14Z,2018-09-30T22:55:03Z,480.63
683,260,48,2,746.22,Deleted,2018-09-27T21:34:37Z,2018-10-01T06:47:02Z,1492.44
684,261,243,3,555.05,Active,2019-06-06T08:00:53Z,2019-06-07T11:22:56Z,1665.1499999999999
685,261,148,6,317.46,Deleted,2019-06-06T23:57:21Z,2019-06-07T02:38:27Z,1904.7599999999998
686,261,259,2,146.12,Abandoned,2019-06-05T18:18:39Z,2019-06-06T08:30:30Z,292.24
687,262,80,3,85.74,Abandoned,2021-06-06T09:20:10Z,2021-06-06T14:50:25Z,257.21999999999997
688,262,427,1,137.59,Active,2021-06-06T11:54:20Z,2021-06-06T15:10:42Z,137.59
689,262,349,1,635.35,Active,2021-06-06T09:59:43Z,2021-06-06T11:16:33Z,635.35
690,262,215,1,12.25,Active,2021-06-06T15:21:37Z,2021-06-06T15:22:39Z,12.25
691,263,375,1,23.29,Active,2021-11-22T19:29:30Z,2021-11-26T06:09:35Z,23.29
692,264,196,2,232.03,Converted,2023-01-14T14:21:48Z,2023-01-15T10:29:40Z,464.06
693,265,252,6,323.84,Active,2024-07-04T09:39:53Z,2024-07-04T14:57:14Z,1943.04
694,265,284,2,304.44,Abandoned,2024-07-04T10:10:40Z,2024-07-04T13:55:02Z,608.88
695,265,477,3,75.86,Abandoned,2024-07-04T13:11:05Z,2024-07-04T13:47:33Z,227.57999999999998
696,265,6,1,119.78,Abandoned,2024-07-04T14:23:27Z,2024-07-04T15:04:40Z,119.78
697,266,93,1,719.26,Active,2025-11-04T13:18:07Z,2025-11-04T13:23:50Z,719.26
698,266,142,3,174.48,Abandoned,2025-11-04T12:50:26Z,2025-11-04T13:41:32Z,523.4399999999999
699,266,281,2,59.36,Abandoned,2025-11-04T10:49:46Z,2025-11-04T13:44:24Z,118.72
700,266,324,1,69.69,Abandoned,2025-11-04T06:32:39Z,2025-11-04T11:26:40Z,69.69
701,267,108,1,247.37,Abandoned,2025-06-07T14:44:14Z,2025-06-07T15:09:58Z,247.37
702,267,224,2,376.73,Abandoned,2025-06-07T14:57:31Z,2025-06-07T15:10:45Z,753.46
703,267,44,1,326.93,Abandoned,2025-06-07T14:56:03Z,2025-06-07T14:56:52Z,326.93
704,267,300,2,281.9,Abandoned,2025-06-07T13:34:50Z,2025-06-07T13:49:11Z,563.8
705,267,490,1,1264.96,Abandoned,2025-06-07T14:54:28Z,2025-06-07T15:06:26Z,1264.96
706,268,424,3,26.23,Converted,2023-06-25T16:29:15Z,2023-06-27T03:06:37Z,78.69
707,268,143,2,618.02,Converted,2023-06-26T16:03:49Z,2023-06-27T08:49:54Z,1236.04
708,269,191,1,727.94,Active,2022-06-01T06:46:23Z,2022-06-03T00:02:37Z,727.94
709,269,107,6,84.07,Active,2022-05-31T19:54:05Z,2022-06-02T05:56:37Z,504.41999999999996
710,269,384,1,39.95,Active,2022-06-02T06:15:08Z,2022-06-02T14:21:46Z,39.95
711,269,196,2,232.03,Active,2022-06-01T21:48:06Z,2022-06-02T08:28:24Z,464.06
712,270,483,5,1017.36,Abandoned,2025-12-19T05:18:09Z,2025-12-20T12:25:09Z,5086.8
713,270,271,1,119.77,Active,2025-12-20T02:07:10Z,2025-12-20T11:08:52Z,119.77
714,270,492,2,136.92,Active,2025-12-18T13:02:13Z,2025-12-19T13:12:59Z,273.84
715,271,303,2,67.5,Abandoned,2022-12-12T21:26:37Z,2022-12-13T01:29:15Z,135.0
716,272,159,1,25.78,Abandoned,2018-11-12T18:17:28Z,2018-11-12T18:19:42Z,25.78
717,272,418,1,67.05,Abandoned,2018-11-12T17:20:47Z,2018-11-12T17:48:17Z,67.05
718,273,374,4,25.3,Active,2023-05-28T17:55:03Z,2023-05-28T18:09:42Z,101.2
719,273,452,1,192.56,Active,2023-05-28T19:36:54Z,2023-05-28T21:35:53Z,192.56
720,273,332,3,33.87,Active,2023-05-28T16:44:48Z,2023-05-28T18:16:23Z,101.60999999999999
721,274,307,2,126.97,Converted,2025-03-30T00:01:32Z,2025-03-30T00:35:06Z,253.94
722,274,64,3,25.71,Converted,2025-03-30T01:52:23Z,2025-03-30T02:32:01Z,77.13
723,275,154,1,382.99,Active,2024-12-25T15:51:10Z,2024-12-28T09:41:15Z,382.99
724,275,144,2,1082.93,Active,2024-12-28T06:46:53Z,2024-12-28T07:13:19Z,2165.86
725,276,283,1,1198.51,Converted,2025-07-10T02:23:01Z,2025-07-10T10:47:41Z,1198.51
726,276,237,3,204.25,Converted,2025-07-10T09:59:37Z,2025-07-10T18:10:16Z,612.75
727,276,349,1,635.35,Converted,2025-07-10T05:38:37Z,2025-07-10T19:14:51Z,635.35
728,276,295,2,238.26,Converted,2025-07-10T03:16:34Z,2025-07-10T12:35:50Z,476.52
729,277,19,1,219.56,Active,2023-06-12T13:21:41Z,2023-06-12T16:15:41Z,219.56
730,277,299,1,253.54,Abandoned,2023-06-12T14:53:36Z,2023-06-12T15:07:31Z,253.54
731,278,480,2,53.57,Active,2024-11-29T02:11:29Z,2024-11-29T05:43:34Z,107.14
732,278,94,2,411.63,Active,2024-12-02T05:03:45Z,2024-12-02T10:30:38Z,823.26
733,279,427,1,137.59,Abandoned,2025-10-18T02:37:49Z,2025-10-18T02:37:49Z,137.59
734,279,92,2,476.17,Abandoned,2025-10-18T02:37:49Z,2025-10-18T02:37:49Z,952.34
735,280,348,1,502.14,Active,2022-05-21T20:38:51Z,2022-05-21T21:08:26Z,502.14
736,280,32,4,112.28,Active,2022-05-21T20:05:35Z,2022-05-21T20:39:59Z,449.12
737,280,114,2,249.98,Active,2022-05-21T21:10:15Z,2022-05-21T21:12:43Z,499.96
738,280,290,1,90.32,Abandoned,2022-05-21T19:59:02Z,2022-05-21T20:32:22Z,90.32
739,281,278,3,71.92,Converted,2025-08-07T01:27:36Z,2025-08-07T03:04:29Z,215.76
740,281,299,4,253.54,Converted,2025-08-07T00:29:02Z,2025-08-07T01:21:39Z,1014.16
741,281,440,8,216.11,Converted,2025-08-07T00:34:24Z,2025-08-07T02:46:53Z,1728.88
742,281,155,3,2193.18,Converted,2025-08-07T03:00:12Z,2025-08-07T03:23:37Z,6579.539999999999
743,282,233,3,45.4,Converted,2021-06-23T15:42:51Z,2021-06-24T15:42:49Z,136.2
744,282,436,1,80.51,Converted,2021-06-24T02:38:14Z,2021-06-24T19:52:20Z,80.51
745,282,318,5,568.37,Converted,2021-06-23T05:26:12Z,2021-06-25T01:33:56Z,2841.85
746,283,348,1,502.14,Abandoned,2023-05-27T20:58:53Z,2023-05-27T21:50:34Z,502.14
747,284,458,2,108.2,Abandoned,2025-02-07T13:02:09Z,2025-02-09T08:30:39Z,216.4
748,284,335,1,996.32,Active,2025-02-08T16:45:12Z,2025-02-09T10:34:07Z,996.32
749,285,343,7,105.52,Converted,2025-04-28T18:03:30Z,2025-04-28T19:05:10Z,738.64
750,285,338,1,21.79,Converted,2025-04-28T18:29:06Z,2025-04-28T20:47:16Z,21.79
751,285,220,5,269.37,Converted,2025-04-28T12:01:58Z,2025-04-28T18:06:33Z,1346.85
752,285,203,2,94.19,Converted,2025-04-28T22:15:20Z,2025-04-28T22:37:27Z,188.38
753,285,392,1,598.09,Converted,2025-04-28T17:49:13Z,2025-04-28T22:09:47Z,598.09
754,286,293,1,116.69,Active,2025-07-11T18:10:45Z,2025-07-12T13:49:34Z,116.69
755,286,35,3,480.99,Active,2025-07-11T03:09:06Z,2025-07-11T10:24:43Z,1442.97
756,287,27,2,266.52,Abandoned,2021-06-23T09:45:37Z,2021-06-23T10:29:03Z,533.04
757,287,469,7,129.99,Abandoned,2021-06-23T11:27:41Z,2021-06-23T11:41:31Z,909.9300000000001
758,287,120,7,98.3,Abandoned,2021-06-23T11:14:18Z,2021-06-23T12:10:23Z,688.1
759,287,306,1,83.51,Abandoned,2021-06-23T11:03:33Z,2021-06-23T11:41:32Z,83.51
760,288,189,1,342.29,Abandoned,2023-04-29T22:41:24Z,2023-04-29T23:39:18Z,342.29
761,288,400,8,94.03,Abandoned,2023-04-29T23:48:57Z,2023-04-30T00:15:01Z,752.24
762,288,296,1,1627.17,Abandoned,2023-04-29T21:25:34Z,2023-04-29T23:55:53Z,1627.17
763,289,492,1,136.92,Deleted,2025-11-11T13:40:12Z,2025-11-13T16:13:17Z,136.92
764,289,376,5,774.43,Deleted,2025-11-14T13:24:16Z,2025-11-14T16:58:31Z,3872.1499999999996
765,290,61,2,57.63,Abandoned,2025-10-03T13:11:15Z,2025-10-03T13:11:15Z,115.26
766,290,410,2,143.2,Abandoned,2025-10-03T13:11:15Z,2025-10-03T13:11:15Z,286.4
767,290,252,2,323.84,Abandoned,2025-10-03T13:11:15Z,2025-10-03T13:11:15Z,647.68
768,291,325,2,140.49,Active,2024-11-29T08:17:26Z,2024-11-29T10:15:58Z,280.98
769,291,208,1,4.24,Active,2024-11-30T10:39:49Z,2024-12-01T04:37:38Z,4.24
770,291,70,1,114.91,Active,2024-11-29T06:52:14Z,2024-11-30T11:39:01Z,114.91
771,292,293,1,116.69,Deleted,2023-03-16T01:27:08Z,2023-03-24T05:34:45Z,116.69
772,292,8,1,870.7,Deleted,2023-03-09T06:41:54Z,2023-03-10T14:46:36Z,870.7
773,292,240,1,258.9,Deleted,2023-03-04T17:17:09Z,2023-03-09T04:07:00Z,258.9
774,292,267,2,46.21,Deleted,2023-03-14T07:45:49Z,2023-03-17T07:23:39Z,92.42
775,293,251,4,393.53,Abandoned,2022-06-16T07:01:22Z,2022-06-16T08:12:31Z,1574.12
776,293,218,2,500.46,Abandoned,2022-06-16T06:36:47Z,2022-06-16T07:03:23Z,1000.92
777,294,255,2,426.79,Abandoned,2022-10-05T01:55:05Z,2022-10-05T03:26:23Z,853.58
778,294,12,4,168.0,Abandoned,2022-10-05T03:07:53Z,2022-10-05T04:12:45Z,672.0
779,295,305,3,378.28,Abandoned,2024-11-24T00:02:29Z,2024-11-24T00:43:20Z,1134.84
780,295,58,1,68.4,Active,2024-11-24T00:51:19Z,2024-11-24T01:00:01Z,68.4
781,295,346,1,166.63,Abandoned,2024-11-24T00:47:27Z,2024-11-24T01:17:21Z,166.63
782,296,416,3,287.28,Active,2023-10-21T18:40:38Z,2023-10-22T04:51:41Z,861.8399999999999
783,297,47,2,85.17,Abandoned,2025-11-25T14:46:33Z,2025-11-25T16:18:34Z,170.34
784,297,41,6,199.76,Active,2025-11-25T08:58:40Z,2025-11-25T15:31:32Z,1198.56
785,297,141,7,632.42,Abandoned,2025-11-25T06:33:49Z,2025-11-25T15:48:40Z,4426.94
786,298,197,1,36.29,Active,2025-10-12T18:54:17Z,2025-10-13T02:42:18Z,36.29
787,298,162,3,2036.98,Active,2025-10-13T19:37:06Z,2025-10-14T01:47:55Z,6110.9400000000005
788,298,493,1,369.54,Active,2025-10-13T01:13:46Z,2025-10-13T21:38:12Z,369.54
789,298,193,1,58.16,Active,2025-10-12T23:58:30Z,2025-10-13T12:37:33Z,58.16
790,299,312,4,101.5,Active,2024-08-31T13:57:11Z,2024-08-31T14:57:45Z,406.0
791,299,103,3,408.53,Abandoned,2024-08-31T14:47:11Z,2024-08-31T14:58:36Z,1225.59
792,300,127,3,104.13,Converted,2023-12-29T00:11:25Z,2023-12-29T02:33:34Z,312.39
793,301,153,1,432.84,Active,2024-10-19T00:45:30Z,2024-10-19T08:34:10Z,432.84
794,301,277,2,39.31,Active,2024-10-19T08:15:23Z,2024-10-19T09:08:39Z,78.62
795,301,443,2,1258.34,Active,2024-10-19T00:08:09Z,2024-10-19T07:59:28Z,2516.68
796,301,402,4,224.2,Active,2024-10-19T09:10:09Z,2024-10-19T09:29:08Z,896.8
797,301,41,2,199.76,Active,2024-10-19T01:25:28Z,2024-10-19T04:42:10Z,399.52
798,302,489,1,150.92,Deleted,2019-03-26T05:05:33Z,2019-03-27T01:17:57Z,150.92
799,303,209,2,119.56,Active,2024-01-19T13:15:55Z,2024-01-22T07:43:35Z,239.12
800,303,350,2,359.85,Deleted,2024-01-17T08:59:28Z,2024-01-22T03:52:51Z,719.7
801,303,233,4,45.4,Active,2024-01-16T14:14:02Z,2024-01-16T21:48:01Z,181.6
802,304,405,3,1372.84,Deleted,2025-06-17T15:54:55Z,2025-06-20T08:55:28Z,4118.5199999999995
803,304,90,3,64.18,Deleted,2025-06-20T11:15:03Z,2025-06-20T14:59:37Z,192.54000000000002
804,304,193,2,58.16,Deleted,2025-06-16T01:57:47Z,2025-06-19T06:48:28Z,116.32
805,304,30,1,386.41,Deleted,2025-06-16T22:30:34Z,2025-06-17T02:00:50Z,386.41
806,304,164,1,336.48,Deleted,2025-06-12T21:10:39Z,2025-06-13T17:58:52Z,336.48
807,305,257,4,298.33,Active,2023-11-06T17:22:56Z,2023-11-06T23:22:12Z,1193.32
808,305,136,1,302.25,Active,2023-11-07T04:28:55Z,2023-11-07T05:31:08Z,302.25
809,305,486,1,415.81,Active,2023-11-05T12:31:11Z,2023-11-06T23:35:16Z,415.81
810,305,35,1,480.99,Active,2023-11-05T23:59:37Z,2023-11-07T05:37:55Z,480.99
811,305,319,3,226.96,Active,2023-11-05T09:20:18Z,2023-11-05T17:38:56Z,680.88
812,306,318,2,568.37,Converted,2025-04-29T14:23:27Z,2025-04-30T08:20:32Z,1136.74
813,306,155,3,2193.18,Converted,2025-04-30T02:47:05Z,2025-04-30T15:35:22Z,6579.539999999999
814,307,131,2,15.41,Converted,2023-10-21T06:59:47Z,2023-10-22T05:12:22Z,30.82
815,308,321,2,74.05,Active,2022-10-24T18:38:56Z,2022-10-25T12:51:45Z,148.1
816,308,262,1,423.36,Active,2022-10-25T09:10:22Z,2022-10-25T18:19:34Z,423.36
817,308,434,3,521.01,Active,2022-10-21T17:41:16Z,2022-10-25T14:12:26Z,1563.03
818,308,458,1,108.2,Active,2022-10-21T23:33:09Z,2022-10-23T20:04:36Z,108.2
819,308,334,4,256.03,Active,2022-10-21T14:33:35Z,2022-10-21T23:21:53Z,1024.12
820,309,298,3,1007.9,Abandoned,2024-07-21T15:30:34Z,2024-07-21T15:42:18Z,3023.7
821,310,251,1,393.53,Converted,2025-02-03T00:33:45Z,2025-02-03T01:20:04Z,393.53
822,310,464,6,118.76,Converted,2025-02-02T23:37:47Z,2025-02-03T01:23:08Z,712.5600000000001
823,310,188,1,960.8,Converted,2025-02-03T00:36:43Z,2025-02-03T00:40:27Z,960.8
824,310,12,1,168.0,Converted,2025-02-03T01:18:27Z,2025-02-03T01:44:30Z,168.0
825,310,340,4,1050.39,Converted,2025-02-03T01:12:42Z,2025-02-03T01:39:51Z,4201.56
826,310,227,7,152.3,Converted,2025-02-02T23:06:07Z,2025-02-02T23:08:07Z,1066.1000000000001
827,311,420,2,348.82,Converted,2020-10-14T16:14:59Z,2020-10-14T18:28:35Z,697.64
828,311,338,4,21.79,Converted,2020-10-13T13:26:59Z,2020-10-13T20:12:22Z,87.16
829,312,253,1,131.16,Deleted,2025-12-06T08:45:46Z,2025-12-08T22:30:45Z,131.16
830,312,61,1,57.63,Deleted,2025-12-11T18:38:44Z,2025-12-12T15:45:19Z,57.63
831,312,222,1,668.94,Deleted,2025-11-30T10:50:08Z,2025-12-05T04:37:26Z,668.94
832,312,42,3,1182.29,Deleted,2025-12-12T01:47:20Z,2025-12-12T03:06:38Z,3546.87
833,313,216,1,142.37,Deleted,2024-11-07T07:46:09Z,2024-11-09T14:53:28Z,142.37
834,313,251,1,393.53,Deleted,2024-10-25T06:28:12Z,2024-10-26T10:04:52Z,393.53
835,314,105,1,24.47,Active,2023-06-15T01:53:37Z,2023-06-15T03:10:47Z,24.47
836,314,30,1,386.41,Abandoned,2023-06-15T01:41:10Z,2023-06-15T02:14:07Z,386.41
837,314,434,4,521.01,Abandoned,2023-06-15T01:42:15Z,2023-06-15T01:47:55Z,2084.04
838,314,188,1,960.8,Abandoned,2023-06-15T02:14:47Z,2023-06-15T02:56:17Z,960.8
839,315,69,3,45.4,Deleted,2025-12-01T08:26:04Z,2025-12-02T14:04:37Z,136.2
840,315,184,1,466.38,Deleted,2025-11-27T17:41:14Z,2025-12-05T15:11:46Z,466.38
841,315,124,2,228.97,Deleted,2025-12-03T07:58:35Z,2025-12-04T08:39:20Z,457.94
842,316,483,3,1017.36,Active,2019-09-22T02:53:02Z,2019-09-22T03:23:14Z,3052.08
843,317,216,1,142.37,Active,2022-01-07T22:34:48Z,2022-01-08T01:03:22Z,142.37
844,317,265,2,73.41,Active,2022-01-03T18:24:10Z,2022-01-07T14:06:23Z,146.82
845,317,385,3,485.58,Active,2022-01-02T12:11:10Z,2022-01-02T23:23:52Z,1456.74
846,317,328,1,64.82,Abandoned,2022-01-05T19:58:39Z,2022-01-07T12:40:46Z,64.82
847,317,493,1,369.54,Active,2022-01-07T01:43:58Z,2022-01-07T22:42:12Z,369.54
848,318,282,2,13.98,Deleted,2025-12-18T11:10:58Z,2025-12-22T01:44:58Z,27.96
849,318,139,1,133.83,Deleted,2025-12-24T06:08:59Z,2025-12-24T23:41:50Z,133.83
850,318,35,1,480.99,Deleted,2025-12-16T12:03:05Z,2025-12-19T02:38:45Z,480.99
851,318,214,5,316.55,Deleted,2025-12-10T01:55:52Z,2025-12-13T19:39:29Z,1582.75
852,318,449,1,274.42,Deleted,2025-12-08T11:11:51Z,2025-12-19T22:45:35Z,274.42
853,319,105,2,24.47,Active,2025-02-08T07:44:16Z,2025-02-08T20:41:22Z,48.94
854,319,45,3,217.29,Active,2025-02-08T17:09:29Z,2025-02-08T18:48:26Z,651.87
855,319,391,2,44.4,Abandoned,2025-02-08T13:50:08Z,2025-02-09T01:09:17Z,88.8
856,319,162,1,2036.98,Active,2025-02-08T14:47:55Z,2025-02-08T17:22:47Z,2036.98
857,319,434,2,521.01,Active,2025-02-08T11:48:31Z,2025-02-09T00:59:58Z,1042.02
858,319,150,7,361.94,Abandoned,2025-02-08T13:44:38Z,2025-02-09T05:51:44Z,2533.58
859,320,254,1,395.44,Abandoned,2025-08-07T06:06:15Z,2025-08-07T07:27:24Z,395.44
860,320,232,1,1268.87,Abandoned,2025-08-07T01:59:21Z,2025-08-07T07:45:41Z,1268.87
861,320,169,2,571.68,Abandoned,2025-08-07T05:31:20Z,2025-08-07T06:01:02Z,1143.36
862,320,195,3,998.01,Abandoned,2025-08-07T03:33:30Z,2025-08-07T08:04:57Z,2994.0299999999997
863,321,159,2,25.78,Active,2024-01-09T05:42:25Z,2024-01-10T01:25:58Z,51.56
864,322,216,1,142.37,Abandoned,2025-02-05T09:20:07Z,2025-02-05T10:14:44Z,142.37
865,322,411,2,84.88,Abandoned,2025-02-05T10:44:11Z,2025-02-05T10:56:18Z,169.76
866,322,64,3,25.71,Active,2025-02-05T09:59:59Z,2025-02-05T10:14:36Z,77.13
867,323,142,2,174.48,Converted,2021-01-14T13:38:11Z,2021-01-14T18:04:39Z,348.96
868,323,161,7,828.82,Converted,2021-01-14T13:41:57Z,2021-01-14T14:55:51Z,5801.740000000001
869,323,188,1,960.8,Converted,2021-01-14T18:07:21Z,2021-01-14T19:59:26Z,960.8
870,323,141,2,632.42,Converted,2021-01-14T18:18:39Z,2021-01-14T19:42:48Z,1264.84
871,324,216,1,142.37,Active,2023-07-11T16:52:51Z,2023-07-13T10:17:57Z,142.37
872,324,2,1,934.87,Active,2023-07-10T19:37:57Z,2023-07-13T03:05:11Z,934.87
873,324,471,1,403.72,Active,2023-07-10T03:11:56Z,2023-07-13T09:01:46Z,403.72
874,325,417,4,33.26,Active,2025-08-10T22:42:27Z,2025-08-12T16:22:48Z,133.04
875,325,207,2,46.8,Active,2025-08-09T06:43:22Z,2025-08-09T09:33:13Z,93.6
876,326,31,2,51.19,Active,2025-09-01T07:45:04Z,2025-09-02T05:07:19Z,102.38
877,326,381,3,453.14,Deleted,2025-08-29T16:53:31Z,2025-09-01T07:10:05Z,1359.42
878,326,391,2,44.4,Active,2025-08-31T20:15:41Z,2025-09-01T19:29:36Z,88.8
879,327,258,1,477.87,Abandoned,2024-08-26T20:03:26Z,2024-08-26T20:08:09Z,477.87
880,327,488,1,121.53,Active,2024-08-26T20:22:19Z,2024-08-26T20:27:44Z,121.53
881,327,261,2,246.89,Abandoned,2024-08-26T20:06:34Z,2024-08-26T21:08:44Z,493.78
882,328,175,2,1318.08,Converted,2021-01-26T00:41:11Z,2021-01-26T02:01:51Z,2636.16
883,328,212,4,57.67,Converted,2021-01-25T20:23:48Z,2021-01-25T21:48:13Z,230.68
884,329,225,5,11.07,Deleted,2025-05-09T06:14:03Z,2025-05-28T19:19:26Z,55.35
885,329,143,2,618.02,Deleted,2025-05-03T19:29:12Z,2025-05-20T19:59:39Z,1236.04
886,329,89,1,513.91,Deleted,2025-05-18T06:59:57Z,2025-05-27T04:00:31Z,513.91
887,329,26,1,1113.63,Deleted,2025-05-19T06:22:10Z,2025-05-24T06:46:49Z,1113.63
888,330,298,5,1007.9,Active,2021-06-05T19:07:40Z,2021-06-07T05:59:47Z,5039.5
889,330,303,5,67.5,Active,2021-06-08T00:54:27Z,2021-06-08T08:33:38Z,337.5
890,331,338,2,21.79,Active,2025-10-29T02:08:38Z,2025-10-29T07:12:59Z,43.58
891,331,207,1,46.8,Active,2025-10-29T08:36:52Z,2025-10-29T14:41:46Z,46.8
892,331,272,1,133.08,Active,2025-10-28T12:48:09Z,2025-10-30T02:12:58Z,133.08
893,331,89,2,513.91,Active,2025-10-29T04:55:40Z,2025-10-29T21:59:12Z,1027.82
894,332,374,2,25.3,Abandoned,2023-05-19T09:43:38Z,2023-05-19T12:15:45Z,50.6
895,332,38,2,153.42,Abandoned,2023-05-19T09:47:38Z,2023-05-19T09:59:36Z,306.84
896,332,390,4,98.86,Abandoned,2023-05-19T09:52:06Z,2023-05-19T12:24:38Z,395.44
897,332,144,6,1082.93,Abandoned,2023-05-19T10:43:59Z,2023-05-19T11:25:28Z,6497.58
898,332,349,1,635.35,Abandoned,2023-05-19T13:47:21Z,2023-05-19T14:16:16Z,635.35
899,333,422,4,771.74,Abandoned,2023-03-18T15:28:17Z,2023-03-18T19:52:39Z,3086.96
900,333,452,3,192.56,Active,2023-03-18T20:03:34Z,2023-03-18T20:06:11Z,577.6800000000001
901,334,370,1,256.71,Active,2015-05-24T16:07:22Z,2015-05-25T08:06:29Z,256.71
902,334,324,1,69.69,Active,2015-05-23T08:30:16Z,2015-05-25T14:07:45Z,69.69
903,334,224,3,376.73,Deleted,2015-05-26T13:29:23Z,2015-05-26T15:34:34Z,1130.19
904,335,229,1,1479.14,Converted,2018-06-12T17:41:05Z,2018-06-13T10:28:19Z,1479.14
905,335,52,1,105.12,Converted,2018-06-12T05:44:43Z,2018-06-13T00:20:00Z,105.12
906,335,91,5,59.47,Converted,2018-06-11T22:35:37Z,2018-06-12T01:48:39Z,297.35
907,336,282,1,13.98,Deleted,2025-10-23T01:30:18Z,2025-10-27T11:09:33Z,13.98
908,337,182,1,488.84,Converted,2025-11-21T19:05:30Z,2025-11-21T19:17:19Z,488.84
909,338,327,1,160.21,Converted,2025-01-26T15:40:30Z,2025-01-26T22:38:51Z,160.21
910,338,306,3,83.51,Converted,2025-01-25T21:26:17Z,2025-01-27T03:36:40Z,250.53000000000003
911,338,34,3,946.98,Converted,2025-01-26T19:22:30Z,2025-01-26T20:47:29Z,2840.94
912,339,471,1,403.72,Deleted,2024-09-24T10:18:45Z,2024-10-11T03:01:48Z,403.72
913,340,227,1,152.3,Converted,2022-08-02T19:48:30Z,2022-08-02T20:08:31Z,152.3
914,340,385,1,485.58,Converted,2022-08-03T05:20:55Z,2022-08-03T06:47:19Z,485.58
915,341,414,1,340.19,Converted,2025-04-17T10:56:03Z,2025-04-19T01:56:37Z,340.19
916,341,191,1,727.94,Converted,2025-04-16T20:38:39Z,2025-04-18T08:38:05Z,727.94
917,341,493,4,369.54,Converted,2025-04-17T22:34:46Z,2025-04-17T23:58:53Z,1478.16
918,342,280,2,941.58,Active,2025-06-16T00:38:43Z,2025-06-17T03:53:01Z,1883.16
919,342,371,1,345.81,Active,2025-06-18T06:30:00Z,2025-06-18T07:53:13Z,345.81
920,343,88,3,299.08,Active,2025-06-11T23:18:12Z,2025-06-11T23:31:30Z,897.24
921,344,130,2,745.47,Converted,2021-05-08T20:00:39Z,2021-05-09T13:26:09Z,1490.94
922,344,243,2,555.05,Converted,2021-05-08T20:04:23Z,2021-05-09T10:14:34Z,1110.1
923,344,261,2,246.89,Converted,2021-05-09T13:20:01Z,2021-05-09T13:26:06Z,493.78
924,345,367,1,383.26,Abandoned,2022-01-22T00:51:57Z,2022-01-22T01:00:05Z,383.26
925,346,239,4,491.36,Deleted,2021-09-04T11:49:14Z,2021-09-19T18:13:09Z,1965.44
926,346,188,1,960.8,Deleted,2021-09-06T02:05:00Z,2021-09-09T11:02:45Z,960.8
927,346,262,6,423.36,Deleted,2021-09-18T13:04:27Z,2021-09-25T08:31:50Z,2540.16
928,347,28,7,298.62,Active,2022-01-29T16:51:18Z,2022-01-29T17:09:15Z,2090.34
929,348,241,3,280.56,Abandoned,2025-09-01T19:54:59Z,2025-09-01T23:51:54Z,841.6800000000001
930,348,351,1,83.48,Abandoned,2025-09-01T23:15:21Z,2025-09-02T00:18:30Z,83.48
931,349,189,1,342.29,Converted,2025-10-06T22:45:35Z,2025-10-07T10:17:38Z,342.29
932,350,150,5,361.94,Active,2022-09-16T17:00:54Z,2022-09-16T21:38:16Z,1809.7
933,351,179,4,235.24,Active,2024-10-01T01:41:50Z,2024-10-04T07:06:21Z,940.96
934,351,331,1,45.91,Active,2024-10-03T12:29:28Z,2024-10-03T21:34:27Z,45.91
935,352,182,2,488.84,Abandoned,2024-03-09T07:37:46Z,2024-03-09T08:59:57Z,977.68
936,352,450,1,152.76,Abandoned,2024-03-09T08:23:32Z,2024-03-09T08:49:55Z,152.76
937,352,11,4,496.19,Active,2024-03-09T07:27:32Z,2024-03-09T08:11:07Z,1984.76
938,353,301,1,27.18,Abandoned,2025-04-12T23:27:25Z,2025-04-12T23:27:39Z,27.18
939,354,68,1,108.94,Abandoned,2025-10-09T02:30:34Z,2025-10-09T02:42:47Z,108.94
940,354,300,1,281.9,Abandoned,2025-10-09T02:26:07Z,2025-10-09T03:07:33Z,281.9
941,355,146,1,367.33,Converted,2024-09-27T01:01:53Z,2024-09-27T15:06:41Z,367.33
942,355,161,1,828.82,Converted,2024-09-27T06:06:18Z,2024-09-27T13:11:49Z,828.82
943,355,129,2,1432.08,Converted,2024-09-26T19:33:27Z,2024-09-27T07:45:42Z,2864.16
944,355,413,1,60.37,Converted,2024-09-26T10:42:15Z,2024-09-27T01:50:47Z,60.37
945,356,366,2,84.07,Abandoned,2024-03-09T07:07:51Z,2024-03-09T09:08:33Z,168.14
946,356,298,2,1007.9,Abandoned,2024-03-09T07:36:27Z,2024-03-09T07:58:28Z,2015.8
947,356,47,5,85.17,Abandoned,2024-03-09T08:21:59Z,2024-03-09T09:05:43Z,425.85
948,356,133,3,81.01,Abandoned,2024-03-09T08:04:09Z,2024-03-09T08:53:53Z,243.03000000000003
949,357,104,1,32.71,Converted,2016-10-29T10:50:57Z,2016-10-30T00:14:39Z,32.71
950,358,342,1,64.55,Converted,2025-10-29T17:45:24Z,2025-10-30T11:00:57Z,64.55
951,358,5,3,893.87,Converted,2025-10-29T20:36:54Z,2025-10-30T05:56:43Z,2681.61
952,359,31,3,51.19,Active,2024-07-16T19:57:06Z,2024-07-16T21:08:10Z,153.57
953,359,416,2,287.28,Abandoned,2024-07-16T21:32:47Z,2024-07-16T22:47:50Z,574.56
954,360,26,2,1113.63,Active,2024-11-04T06:32:26Z,2024-11-04T10:18:28Z,2227.26
955,360,465,1,119.4,Abandoned,2024-11-04T04:30:14Z,2024-11-04T09:48:14Z,119.4
956,360,291,2,44.4,Abandoned,2024-11-04T09:10:08Z,2024-11-04T09:19:50Z,88.8
957,360,39,2,59.03,Abandoned,2024-11-04T03:55:47Z,2024-11-04T07:20:09Z,118.06
958,360,415,2,158.1,Abandoned,2024-11-04T05:34:57Z,2024-11-04T08:03:00Z,316.2
959,361,271,2,119.77,Abandoned,2024-12-11T14:44:09Z,2024-12-11T17:48:29Z,239.54
960,361,324,1,69.69,Abandoned,2024-12-11T13:42:10Z,2024-12-11T17:26:33Z,69.69
961,361,394,2,238.97,Abandoned,2024-12-11T13:02:08Z,2024-12-11T15:28:44Z,477.94
962,361,91,2,59.47,Abandoned,2024-12-11T13:51:19Z,2024-12-11T15:10:04Z,118.94
963,361,391,2,44.4,Abandoned,2024-12-11T16:48:40Z,2024-12-11T16:55:44Z,88.8
964,361,7,1,1181.48,Abandoned,2024-12-11T16:57:48Z,2024-12-11T17:37:38Z,1181.48
965,362,109,3,134.59,Abandoned,2020-07-16T07:27:02Z,2020-07-16T11:48:59Z,403.77
966,362,143,1,618.02,Abandoned,2020-07-16T09:07:28Z,2020-07-16T10:50:12Z,618.02
967,362,318,4,568.37,Abandoned,2020-07-16T12:47:33Z,2020-07-16T13:17:27Z,2273.48
968,363,338,2,21.79,Converted,2024-12-12T16:23:21Z,2024-12-12T17:04:26Z,43.58
969,363,200,2,899.94,Converted,2024-12-12T18:55:34Z,2024-12-12T19:16:47Z,1799.88
970,363,445,1,1310.25,Converted,2024-12-12T13:41:15Z,2024-12-12T14:04:50Z,1310.25
971,364,225,2,11.07,Converted,2021-08-21T03:58:14Z,2021-08-21T12:15:02Z,22.14
972,364,479,3,196.45,Converted,2021-08-21T12:08:07Z,2021-08-22T05:13:25Z,589.3499999999999
973,364,492,3,136.92,Converted,2021-08-23T01:22:11Z,2021-08-23T06:39:39Z,410.76
974,364,40,1,28.74,Converted,2021-08-21T05:22:36Z,2021-08-22T06:42:24Z,28.74
975,365,68,8,108.94,Abandoned,2024-02-22T17:34:52Z,2024-02-23T12:20:08Z,871.52
976,365,90,1,64.18,Active,2024-02-23T19:00:04Z,2024-02-23T22:06:49Z,64.18
977,365,215,1,12.25,Active,2024-02-23T10:17:59Z,2024-02-23T11:51:06Z,12.25
978,365,245,1,100.81,Active,2024-02-20T20:14:37Z,2024-02-23T02:39:15Z,100.81
979,366,257,1,298.33,Converted,2018-10-16T02:20:41Z,2018-10-16T03:09:53Z,298.33
980,366,75,2,254.98,Converted,2018-10-15T23:23:16Z,2018-10-16T02:08:59Z,509.96
981,367,29,4,129.61,Converted,2025-02-25T02:05:50Z,2025-02-25T10:30:11Z,518.44
982,367,59,1,234.15,Converted,2025-02-25T10:55:33Z,2025-02-26T07:49:46Z,234.15
983,368,487,2,424.39,Abandoned,2023-02-27T08:38:45Z,2023-02-27T08:53:26Z,848.78
984,369,416,1,287.28,Abandoned,2025-02-22T12:16:30Z,2025-02-22T18:36:06Z,287.28
985,369,169,1,571.68,Abandoned,2025-02-22T16:01:31Z,2025-02-22T21:14:15Z,571.68
986,369,456,1,184.36,Abandoned,2025-02-22T18:20:30Z,2025-02-22T22:13:34Z,184.36
987,369,436,2,80.51,Active,2025-02-22T19:25:44Z,2025-02-22T22:05:09Z,161.02
988,370,411,5,84.88,Converted,2018-09-27T10:11:04Z,2018-09-28T15:27:01Z,424.4
989,371,63,1,345.24,Deleted,2022-10-21T09:12:01Z,2022-10-22T05:59:32Z,345.24
990,371,147,3,64.35,Deleted,2022-10-16T11:01:04Z,2022-10-17T17:38:58Z,193.04999999999998
991,371,213,1,49.47,Deleted,2022-10-12T14:27:08Z,2022-10-20T04:03:55Z,49.47
992,371,276,1,179.81,Deleted,2022-10-17T22:53:24Z,2022-10-22T22:34:27Z,179.81
993,372,424,5,26.23,Active,2024-08-05T02:09:56Z,2024-08-05T13:48:22Z,131.15
994,372,233,5,45.4,Active,2024-08-04T20:19:21Z,2024-08-04T23:18:52Z,227.0
995,372,94,2,411.63,Active,2024-08-05T05:23:05Z,2024-08-05T09:02:19Z,823.26
996,373,100,1,212.59,Converted,2025-12-11T00:43:03Z,2025-12-11T08:57:23Z,212.59
997,374,83,6,35.12,Deleted,2019-01-14T04:23:40Z,2019-01-19T19:18:45Z,210.71999999999997
998,374,495,1,76.86,Deleted,2019-01-12T18:32:19Z,2019-01-14T13:05:44Z,76.86
999,375,377,2,543.75,Abandoned,2021-01-11T15:55:34Z,2021-01-11T15:55:34Z,1087.5
1000,375,359,2,1029.18,Abandoned,2021-01-11T15:55:34Z,2021-01-11T15:55:34Z,2058.36
1001,376,244,1,738.47,Active,2024-12-16T22:35:28Z,2024-12-17T01:30:13Z,738.47
1002,376,160,1,261.49,Active,2024-12-16T01:56:33Z,2024-12-16T09:35:24Z,261.49
1003,377,300,3,281.9,Converted,2017-08-17T19:38:29Z,2017-08-18T06:30:58Z,845.6999999999999
1004,377,330,1,117.61,Converted,2017-08-16T12:52:21Z,2017-08-17T10:16:08Z,117.61
1005,377,449,2,274.42,Converted,2017-08-17T11:07:11Z,2017-08-18T06:53:21Z,548.84
1006,377,483,7,1017.36,Converted,2017-08-16T12:47:23Z,2017-08-18T02:23:04Z,7121.52
1007,377,349,2,635.35,Converted,2017-08-16T23:33:02Z,2017-08-17T09:57:00Z,1270.7
1008,378,115,3,12.56,Abandoned,2025-12-20T18:14:50Z,2025-12-20T18:59:02Z,37.68
1009,378,441,2,54.28,Abandoned,2025-12-20T18:48:03Z,2025-12-20T19:01:40Z,108.56
1010,378,105,2,24.47,Abandoned,2025-12-20T18:48:48Z,2025-12-20T19:21:04Z,48.94
1011,379,278,2,71.92,Active,2022-08-25T07:45:17Z,2022-08-26T16:56:48Z,143.84
1012,379,150,1,361.94,Active,2022-08-22T11:55:37Z,2022-08-24T12:03:08Z,361.94
1013,379,7,1,1181.48,Abandoned,2022-08-23T21:42:28Z,2022-08-23T21:44:23Z,1181.48
1014,379,434,1,521.01,Active,2022-08-21T20:08:42Z,2022-08-22T21:42:17Z,521.01
1015,380,464,2,118.76,Abandoned,2021-06-02T03:48:48Z,2021-06-02T05:44:21Z,237.52
1016,380,137,1,18.14,Abandoned,2021-06-02T05:30:16Z,2021-06-02T07:27:12Z,18.14
1017,380,431,1,357.76,Abandoned,2021-06-02T10:21:42Z,2021-06-02T12:08:24Z,357.76
1018,380,219,1,183.66,Abandoned,2021-06-02T09:11:27Z,2021-06-02T10:49:50Z,183.66
1019,381,93,1,719.26,Converted,2024-07-18T16:54:16Z,2024-07-18T18:12:50Z,719.26
1020,381,233,2,45.4,Converted,2024-07-16T12:41:17Z,2024-07-18T01:57:53Z,90.8
1021,381,39,3,59.03,Converted,2024-07-16T17:00:06Z,2024-07-16T19:33:47Z,177.09
1022,382,480,1,53.57,Deleted,2024-12-24T18:44:34Z,2024-12-26T17:45:13Z,53.57
1023,382,256,1,473.23,Deleted,2025-01-05T01:55:42Z,2025-01-06T13:38:16Z,473.23
1024,383,41,1,199.76,Converted,2022-12-30T13:48:49Z,2022-12-30T14:02:48Z,199.76
1025,383,2,1,934.87,Converted,2022-12-30T10:29:51Z,2022-12-30T14:53:23Z,934.87
1026,384,70,1,114.91,Abandoned,2025-10-13T11:57:40Z,2025-10-13T12:13:31Z,114.91
1027,385,452,5,192.56,Abandoned,2024-05-10T19:20:41Z,2024-05-10T23:10:51Z,962.8
1028,385,25,2,1421.95,Abandoned,2024-05-10T23:54:28Z,2024-05-11T00:06:45Z,2843.9
1029,386,238,2,1813.44,Abandoned,2025-03-14T23:22:37Z,2025-03-15T04:29:32Z,3626.88
1030,386,445,2,1310.25,Abandoned,2025-03-15T02:31:34Z,2025-03-15T05:44:39Z,2620.5
1031,386,158,4,207.38,Abandoned,2025-03-15T00:57:28Z,2025-03-15T03:49:57Z,829.52
1032,387,470,1,695.16,Abandoned,2022-01-02T00:56:42Z,2022-01-02T05:56:13Z,695.16
1033,387,277,4,39.31,Abandoned,2022-01-01T22:22:16Z,2022-01-01T22:38:18Z,157.24
1034,388,44,2,326.93,Converted,2021-12-03T15:24:13Z,2021-12-03T16:23:12Z,653.86
1035,388,361,2,203.75,Converted,2021-12-03T10:47:42Z,2021-12-03T15:33:50Z,407.5
1036,388,23,1,152.89,Converted,2021-12-03T09:05:29Z,2021-12-03T20:44:38Z,152.89
1037,388,416,2,287.28,Converted,2021-12-03T08:37:36Z,2021-12-03T14:11:54Z,574.56
1038,388,39,1,59.03,Converted,2021-12-03T14:46:38Z,2021-12-03T15:05:50Z,59.03
1039,389,272,2,133.08,Active,2020-12-31T17:30:39Z,2020-12-31T19:21:39Z,266.16
1040,389,354,4,156.7,Abandoned,2020-12-31T17:02:12Z,2020-12-31T21:03:47Z,626.8
1041,389,195,1,998.01,Abandoned,2020-12-31T17:10:56Z,2020-12-31T23:07:04Z,998.01
1042,389,463,2,43.99,Abandoned,2020-12-31T14:37:16Z,2020-12-31T16:26:11Z,87.98
1043,389,283,8,1198.51,Abandoned,2020-12-31T15:00:50Z,2020-12-31T20:46:48Z,9588.08
1044,390,180,2,26.12,Converted,2021-11-22T19:36:11Z,2021-11-24T03:34:19Z,52.24
1045,390,207,2,46.8,Converted,2021-11-24T06:43:43Z,2021-11-24T13:45:19Z,93.6
1046,391,115,2,12.56,Active,2023-06-22T12:22:35Z,2023-06-23T07:27:17Z,25.12
1047,391,139,2,133.83,Active,2023-06-26T19:42:20Z,2023-06-27T08:47:51Z,267.66
1048,392,197,1,36.29,Active,2022-11-04T02:53:41Z,2022-11-05T00:00:26Z,36.29
1049,393,90,4,64.18,Converted,2021-05-21T12:15:05Z,2021-05-21T14:06:07Z,256.72
1050,393,277,1,39.31,Converted,2021-05-22T04:58:40Z,2021-05-22T12:55:03Z,39.31
1051,394,59,1,234.15,Abandoned,2025-03-11T17:02:30Z,2025-03-13T10:58:40Z,234.15
1052,395,243,1,555.05,Deleted,2022-04-24T07:06:31Z,2022-04-30T00:05:49Z,555.05
1053,395,201,3,368.57,Deleted,2022-05-01T01:14:24Z,2022-05-01T10:46:59Z,1105.71
1054,395,322,2,99.97,Deleted,2022-04-30T06:17:49Z,2022-04-30T12:06:21Z,199.94
1055,395,40,3,28.74,Deleted,2022-04-29T21:51:43Z,2022-04-30T14:17:26Z,86.22
1056,396,208,1,4.24,Abandoned,2021-04-22T04:40:08Z,2021-04-22T07:41:22Z,4.24
1057,396,229,2,1479.14,Abandoned,2021-04-22T10:06:42Z,2021-04-22T11:20:09Z,2958.28
1058,397,153,3,432.84,Converted,2022-02-18T04:39:58Z,2022-02-18T06:24:08Z,1298.52
1059,397,45,1,217.29,Converted,2022-02-18T02:56:05Z,2022-02-18T02:58:36Z,217.29
1060,397,28,1,298.62,Converted,2022-02-18T22:09:31Z,2022-02-18T23:38:52Z,298.62
1061,397,306,2,83.51,Converted,2022-02-18T14:54:11Z,2022-02-18T21:13:40Z,167.02
1062,398,281,1,59.36,Converted,2025-11-18T14:20:24Z,2025-11-19T15:40:05Z,59.36
1063,398,422,1,771.74,Converted,2025-11-17T10:56:58Z,2025-11-18T14:55:48Z,771.74
1064,398,76,1,803.23,Converted,2025-11-19T01:47:30Z,2025-11-19T12:34:32Z,803.23
1065,399,476,2,1161.94,Converted,2025-12-06T04:56:04Z,2025-12-06T09:31:02Z,2323.88
1066,399,64,5,25.71,Converted,2025-12-06T06:58:57Z,2025-12-06T11:35:08Z,128.55
1067,399,89,1,513.91,Converted,2025-12-06T05:00:44Z,2025-12-06T08:17:41Z,513.91
1068,400,209,2,119.56,Converted,2025-12-17T14:10:22Z,2025-12-18T03:09:48Z,239.12
1069,400,416,2,287.28,Converted,2025-12-17T12:58:28Z,2025-12-17T22:01:17Z,574.56
1070,400,434,1,521.01,Converted,2025-12-17T06:16:44Z,2025-12-18T14:38:41Z,521.01
1071,400,204,2,553.08,Converted,2025-12-17T08:39:22Z,2025-12-18T14:36:48Z,1106.16
1072,401,342,3,64.55,Deleted,2025-06-13T21:09:17Z,2025-06-14T05:28:29Z,193.64999999999998
1073,401,296,2,1627.17,Deleted,2025-06-12T22:55:41Z,2025-06-13T00:22:47Z,3254.34
1074,401,243,1,555.05,Deleted,2025-06-09T02:37:16Z,2025-06-10T00:23:30Z,555.05
1075,402,130,1,745.47,Abandoned,2025-05-31T22:05:22Z,2025-06-01T00:36:49Z,745.47
1076,402,396,2,81.59,Abandoned,2025-05-31T20:10:56Z,2025-06-01T00:55:19Z,163.18
1077,402,232,3,1268.87,Abandoned,2025-05-31T22:33:37Z,2025-05-31T22:37:03Z,3806.6099999999997
1078,402,249,2,144.56,Abandoned,2025-05-31T20:17:07Z,2025-05-31T23:37:39Z,289.12
1079,403,193,1,58.16,Active,2024-10-30T06:13:02Z,2024-10-30T14:38:04Z,58.16
1080,403,70,5,114.91,Active,2024-10-29T10:33:46Z,2024-10-30T11:18:02Z,574.55
1081,403,401,6,58.06,Abandoned,2024-10-31T10:53:12Z,2024-10-31T17:14:26Z,348.36
1082,404,126,1,712.64,Converted,2019-08-18T19:09:44Z,2019-08-19T13:08:36Z,712.64
1083,404,422,1,771.74,Converted,2019-08-18T21:21:59Z,2019-08-19T01:04:23Z,771.74
1084,405,219,3,183.66,Converted,2023-11-14T00:58:57Z,2023-11-14T04:47:02Z,550.98
1085,405,209,3,119.56,Converted,2023-11-14T01:15:30Z,2023-11-14T05:31:55Z,358.68
1086,405,33,5,62.37,Converted,2023-11-14T02:35:37Z,2023-11-14T05:11:27Z,311.84999999999997
1087,406,74,1,746.97,Active,2025-10-07T20:25:59Z,2025-10-07T21:40:41Z,746.97
1088,407,19,1,219.56,Abandoned,2025-01-28T14:51:30Z,2025-01-28T14:51:30Z,219.56
1089,407,412,2,366.17,Abandoned,2025-01-28T14:51:30Z,2025-01-28T14:51:30Z,732.34
1090,407,475,1,1839.85,Abandoned,2025-01-28T14:51:30Z,2025-01-28T14:51:30Z,1839.85
1091,408,416,2,287.28,Converted,2024-05-02T14:07:23Z,2024-05-02T16:16:40Z,574.56
1092,408,293,1,116.69,Converted,2024-05-02T08:43:40Z,2024-05-02T09:14:42Z,116.69
1093,408,441,5,54.28,Converted,2024-05-02T03:07:32Z,2024-05-02T18:38:35Z,271.4
1094,408,495,6,76.86,Converted,2024-05-02T02:52:39Z,2024-05-02T15:39:46Z,461.15999999999997
1095,408,130,1,745.47,Converted,2024-05-02T16:16:27Z,2024-05-02T19:11:20Z,745.47
1096,409,368,1,105.99,Active,2025-04-21T04:51:50Z,2025-04-21T08:19:25Z,105.99
1097,410,238,1,1813.44,Active,2025-09-11T08:45:00Z,2025-09-11T23:12:52Z,1813.44
1098,410,251,1,393.53,Active,2025-09-11T04:58:10Z,2025-09-12T04:19:11Z,393.53
1099,411,407,6,261.02,Active,2022-01-11T01:29:26Z,2022-01-11T03:44:57Z,1566.12
1100,412,225,1,11.07,Converted,2025-11-27T10:36:58Z,2025-11-28T01:21:37Z,11.07
1101,413,359,3,1029.18,Abandoned,2021-12-21T11:24:04Z,2021-12-21T11:33:44Z,3087.54
1102,414,357,2,1366.23,Active,2025-08-30T05:44:13Z,2025-08-30T15:06:47Z,2732.46
1103,414,263,1,971.86,Active,2025-08-30T02:11:34Z,2025-08-30T12:08:23Z,971.86
1104,415,493,1,369.54,Abandoned,2023-05-03T02:02:55Z,2023-05-03T02:15:41Z,369.54
1105,416,379,1,47.01,Active,2022-01-04T23:03:37Z,2022-01-06T18:32:29Z,47.01
1106,416,254,1,395.44,Active,2022-01-06T16:11:39Z,2022-01-06T18:24:28Z,395.44
1107,416,443,1,1258.34,Active,2022-01-02T17:41:04Z,2022-01-05T20:54:05Z,1258.34
1108,416,273,4,57.76,Active,2022-01-02T17:30:15Z,2022-01-05T02:12:13Z,231.04
1109,416,316,1,91.48,Active,2022-01-07T00:48:29Z,2022-01-07T05:29:20Z,91.48
1110,417,321,3,74.05,Converted,2025-09-15T23:40:55Z,2025-09-16T00:09:32Z,222.14999999999998
1111,417,277,1,39.31,Converted,2025-09-16T01:45:23Z,2025-09-16T02:05:16Z,39.31
1112,418,466,1,937.33,Active,2025-04-04T01:06:37Z,2025-04-04T02:44:33Z,937.33
1113,419,27,6,266.52,Active,2024-04-22T22:47:32Z,2024-04-22T23:36:29Z,1599.12
1114,419,91,2,59.47,Active,2024-04-21T05:34:42Z,2024-04-22T08:05:50Z,118.94
1115,419,230,1,339.85,Abandoned,2024-04-21T09:23:17Z,2024-04-22T22:30:55Z,339.85
1116,420,72,4,462.01,Converted,2025-12-03T01:49:59Z,2025-12-03T02:13:18Z,1848.04
1117,420,476,1,1161.94,Converted,2025-12-02T23:41:09Z,2025-12-03T03:27:31Z,1161.94
1118,420,496,2,62.5,Converted,2025-12-03T01:06:19Z,2025-12-03T02:39:23Z,125.0
1119,421,148,3,317.46,Converted,2024-06-17T19:25:26Z,2024-06-18T20:12:41Z,952.3799999999999
1120,421,102,1,580.65,Converted,2024-06-17T21:04:52Z,2024-06-18T12:14:07Z,580.65
1121,421,129,1,1432.08,Converted,2024-06-18T20:46:34Z,2024-06-18T23:29:35Z,1432.08
1122,421,105,2,24.47,Converted,2024-06-18T13:15:41Z,2024-06-19T01:56:48Z,48.94
1123,422,345,4,151.88,Abandoned,2021-04-06T19:37:40Z,2021-04-06T19:46:01Z,607.52
1124,422,131,1,15.41,Abandoned,2021-04-06T19:52:36Z,2021-04-06T19:53:17Z,15.41
1125,422,40,2,28.74,Abandoned,2021-04-06T19:25:35Z,2021-04-06T20:13:55Z,57.48
1126,422,5,2,893.87,Abandoned,2021-04-06T19:40:22Z,2021-04-06T19:42:49Z,1787.74
1127,423,370,1,256.71,Deleted,2024-09-20T23:16:02Z,2024-09-20T23:57:35Z,256.71
1128,423,85,1,191.07,Deleted,2024-09-18T19:01:54Z,2024-09-19T07:00:59Z,191.07
1129,423,120,1,98.3,Deleted,2024-09-16T13:34:32Z,2024-09-20T06:45:39Z,98.3
1130,423,248,1,165.29,Deleted,2024-09-17T05:55:08Z,2024-09-19T11:59:19Z,165.29
1131,424,193,1,58.16,Abandoned,2023-04-26T01:58:36Z,2023-04-26T03:43:24Z,58.16
1132,424,300,1,281.9,Active,2023-04-25T18:15:35Z,2023-04-25T22:30:56Z,281.9
1133,425,489,1,150.92,Converted,2022-01-22T06:29:18Z,2022-01-22T07:13:47Z,150.92
1134,426,25,1,1421.95,Deleted,2021-04-12T05:35:56Z,2021-04-23T01:12:39Z,1421.95
1135,427,183,3,140.01,Abandoned,2021-04-10T16:31:09Z,2021-04-10T16:37:53Z,420.03
1136,427,151,1,3.52,Abandoned,2021-04-10T17:01:37Z,2021-04-10T17:09:34Z,3.52
1137,427,14,9,91.24,Abandoned,2021-04-10T16:16:30Z,2021-04-10T16:27:10Z,821.16
1138,428,263,2,971.86,Active,2025-10-19T18:36:59Z,2025-10-20T08:34:02Z,1943.72
1139,428,268,1,254.98,Active,2025-10-20T17:16:09Z,2025-10-20T17:33:16Z,254.98
1140,428,125,1,215.26,Active,2025-10-18T12:03:31Z,2025-10-20T07:52:11Z,215.26
1141,428,335,3,996.32,Active,2025-10-20T13:56:53Z,2025-10-21T01:29:58Z,2988.96
1142,429,321,1,74.05,Converted,2025-12-10T19:11:45Z,2025-12-11T02:58:26Z,74.05
1143,429,33,1,62.37,Converted,2025-12-10T08:04:57Z,2025-12-10T20:44:33Z,62.37
1144,429,421,2,1704.26,Converted,2025-12-10T05:03:51Z,2025-12-10T06:06:14Z,3408.52
1145,429,114,1,249.98,Converted,2025-12-10T06:16:50Z,2025-12-10T19:39:54Z,249.98
1146,430,258,2,477.87,Abandoned,2018-07-22T17:14:43Z,2018-07-22T18:02:21Z,955.74
1147,430,5,1,893.87,Active,2018-07-22T17:45:00Z,2018-07-22T18:04:40Z,893.87
1148,431,113,1,206.93,Converted,2025-02-03T13:05:12Z,2025-02-03T20:07:28Z,206.93
1149,432,208,1,4.24,Converted,2019-12-24T21:05:22Z,2019-12-25T02:03:00Z,4.24
1150,432,79,2,41.54,Converted,2019-12-25T01:46:38Z,2019-12-25T03:42:58Z,83.08
1151,432,56,2,409.39,Converted,2019-12-23T23:36:32Z,2019-12-24T20:17:24Z,818.78
1152,432,272,1,133.08,Converted,2019-12-23T22:57:49Z,2019-12-24T02:23:21Z,133.08
1153,433,27,3,266.52,Abandoned,2024-12-13T23:21:03Z,2024-12-14T00:00:08Z,799.56
1154,434,346,5,166.63,Converted,2022-05-18T05:30:02Z,2022-05-18T10:13:28Z,833.15
1155,434,489,2,150.92,Converted,2022-05-18T04:44:57Z,2022-05-18T06:54:11Z,301.84
1156,435,440,3,216.11,Converted,2022-02-14T20:07:13Z,2022-02-17T07:31:10Z,648.33
1157,435,54,1,1494.0,Converted,2022-02-16T13:05:29Z,2022-02-16T15:13:51Z,1494.0
1158,435,74,1,746.97,Converted,2022-02-14T19:54:11Z,2022-02-15T12:38:02Z,746.97
1159,436,127,3,104.13,Active,2025-02-21T01:43:48Z,2025-02-21T22:42:24Z,312.39
1160,436,303,2,67.5,Active,2025-02-21T00:51:56Z,2025-02-21T12:05:09Z,135.0
1161,436,116,1,465.99,Abandoned,2025-02-18T10:46:41Z,2025-02-21T11:14:14Z,465.99
1162,437,64,3,25.71,Active,2023-01-29T04:46:16Z,2023-01-29T05:52:34Z,77.13
1163,437,370,2,256.71,Active,2023-01-28T20:03:57Z,2023-01-29T03:56:14Z,513.42
1164,437,11,6,496.19,Abandoned,2023-01-29T04:19:50Z,2023-01-29T04:57:28Z,2977.14
1165,437,116,1,465.99,Abandoned,2023-01-28T19:47:08Z,2023-01-29T04:16:01Z,465.99
1166,438,83,1,35.12,Active,2017-06-19T23:36:30Z,2017-06-21T00:13:50Z,35.12
1167,438,51,1,188.65,Active,2017-06-20T10:52:16Z,2017-06-20T23:36:45Z,188.65
1168,438,129,1,1432.08,Abandoned,2017-06-20T02:03:12Z,2017-06-21T06:01:38Z,1432.08
1169,438,430,1,574.94,Active,2017-06-21T16:24:29Z,2017-06-21T17:23:10Z,574.94
1170,438,367,1,383.26,Active,2017-06-19T20:58:49Z,2017-06-20T02:54:42Z,383.26
1171,438,329,1,755.73,Active,2017-06-20T06:32:33Z,2017-06-21T09:35:27Z,755.73
1172,439,179,4,235.24,Deleted,2015-05-21T15:22:00Z,2015-05-31T02:45:43Z,940.96
1173,439,325,1,140.49,Deleted,2015-06-05T09:34:37Z,2015-06-08T00:44:53Z,140.49
1174,440,155,3,2193.18,Abandoned,2025-01-03T14:45:03Z,2025-01-04T06:23:52Z,6579.539999999999
1175,441,259,2,146.12,Converted,2024-10-23T20:27:31Z,2024-10-25T04:34:44Z,292.24
1176,441,219,1,183.66,Converted,2024-10-22T21:54:00Z,2024-10-22T23:11:01Z,183.66
1177,441,432,3,46.22,Converted,2024-10-24T22:47:35Z,2024-10-24T23:32:55Z,138.66
1178,441,13,1,119.0,Converted,2024-10-25T11:39:33Z,2024-10-25T16:43:19Z,119.0
1179,441,471,1,403.72,Converted,2024-10-24T10:18:51Z,2024-10-24T16:10:37Z,403.72
1180,442,208,2,4.24,Deleted,2024-11-11T02:07:03Z,2024-11-20T19:07:38Z,8.48
1181,442,500,2,48.8,Deleted,2024-11-09T02:06:19Z,2024-11-22T17:37:13Z,97.6
1182,442,232,1,1268.87,Deleted,2024-11-16T14:49:57Z,2024-11-21T18:42:27Z,1268.87
1183,443,492,2,136.92,Abandoned,2022-06-05T06:43:48Z,2022-06-05T09:03:47Z,273.84
1184,443,256,1,473.23,Active,2022-06-05T08:14:16Z,2022-06-05T09:28:34Z,473.23
1185,443,183,3,140.01,Active,2022-06-05T02:49:15Z,2022-06-05T04:40:22Z,420.03
1186,444,296,1,1627.17,Abandoned,2025-12-12T23:46:32Z,2025-12-13T00:38:51Z,1627.17
1187,444,333,2,441.65,Abandoned,2025-12-13T00:40:48Z,2025-12-13T02:05:01Z,883.3
1188,445,496,5,62.5,Converted,2025-05-23T22:22:02Z,2025-05-24T02:44:36Z,312.5
1189,445,175,1,1318.08,Converted,2025-05-23T22:44:19Z,2025-05-24T03:18:48Z,1318.08
1190,446,21,1,389.41,Abandoned,2023-07-15T05:26:50Z,2023-07-15T05:39:32Z,389.41
1191,446,384,1,39.95,Abandoned,2023-07-15T04:52:29Z,2023-07-15T05:09:14Z,39.95
1192,447,384,1,39.95,Abandoned,2024-09-30T10:04:31Z,2024-09-30T10:30:37Z,39.95
1193,448,448,1,125.72,Converted,2025-07-18T22:46:53Z,2025-07-19T12:05:30Z,125.72
1194,448,293,2,116.69,Converted,2025-07-19T08:58:10Z,2025-07-20T04:40:17Z,233.38
1195,448,131,5,15.41,Converted,2025-07-19T16:15:04Z,2025-07-20T10:11:40Z,77.05
1196,449,424,7,26.23,Abandoned,2021-07-15T21:43:22Z,2021-07-15T23:47:19Z,183.61
1197,449,360,1,88.96,Abandoned,2021-07-15T23:17:16Z,2021-07-16T01:31:43Z,88.96
1198,449,146,5,367.33,Abandoned,2021-07-15T21:47:16Z,2021-07-15T23:23:26Z,1836.6499999999999
1199,450,129,2,1432.08,Deleted,2023-07-15T13:04:35Z,2023-07-21T05:44:36Z,2864.16
1200,450,159,7,25.78,Deleted,2023-07-20T20:21:57Z,2023-07-22T02:00:24Z,180.46
1201,451,307,2,126.97,Abandoned,2025-05-12T10:52:47Z,2025-05-12T23:37:54Z,253.94
1202,451,391,2,44.4,Active,2025-05-12T07:37:34Z,2025-05-12T23:03:36Z,88.8
1203,452,370,3,256.71,Abandoned,2025-09-04T18:47:38Z,2025-09-04T18:47:42Z,770.1299999999999
1204,452,374,1,25.3,Active,2025-09-04T13:16:03Z,2025-09-04T17:10:43Z,25.3
1205,452,254,2,395.44,Abandoned,2025-09-04T14:35:13Z,2025-09-04T17:34:41Z,790.88
1206,453,291,2,44.4,Abandoned,2022-11-10T19:28:19Z,2022-11-10T19:48:59Z,88.8
1207,453,477,5,75.86,Abandoned,2022-11-10T17:33:28Z,2022-11-10T19:21:21Z,379.3
1208,453,225,1,11.07,Abandoned,2022-11-10T15:24:49Z,2022-11-10T18:37:38Z,11.07
1209,453,238,4,1813.44,Abandoned,2022-11-10T19:13:22Z,2022-11-10T19:46:51Z,7253.76
1210,453,456,2,184.36,Abandoned,2022-11-10T18:28:00Z,2022-11-10T21:02:10Z,368.72
1211,454,350,5,359.85,Abandoned,2025-02-04T10:51:25Z,2025-02-04T13:17:01Z,1799.25
1212,454,141,1,632.42,Abandoned,2025-02-04T09:05:42Z,2025-02-04T09:29:18Z,632.42
1213,454,456,1,184.36,Abandoned,2025-02-04T12:43:48Z,2025-02-04T15:25:32Z,184.36
1214,455,194,3,288.23,Abandoned,2024-10-26T11:43:28Z,2024-10-26T11:43:28Z,864.69
1215,455,295,1,238.26,Abandoned,2024-10-26T11:43:28Z,2024-10-26T11:43:28Z,238.26
1216,456,108,1,247.37,Abandoned,2025-10-08T20:54:47Z,2025-10-08T20:54:47Z,247.37
1217,456,190,1,130.25,Abandoned,2025-10-08T20:54:47Z,2025-10-08T20:54:47Z,130.25
1218,457,329,3,755.73,Abandoned,2025-04-27T15:14:13Z,2025-04-27T15:34:31Z,2267.19
1219,458,157,3,278.27,Abandoned,2024-07-15T00:08:07Z,2024-07-15T00:33:49Z,834.81
1220,458,35,2,480.99,Abandoned,2024-07-14T23:14:48Z,2024-07-15T00:26:36Z,961.98
1221,458,52,1,105.12,Abandoned,2024-07-15T00:26:40Z,2024-07-15T00:30:17Z,105.12
1222,458,38,1,153.42,Abandoned,2024-07-14T23:34:14Z,2024-07-14T23:35:21Z,153.42
1223,458,288,1,31.48,Active,2024-07-14T23:10:52Z,2024-07-15T00:10:10Z,31.48
1224,459,2,2,934.87,Abandoned,2024-04-30T07:51:47Z,2024-04-30T08:31:49Z,1869.74
1225,460,86,1,117.94,Active,2022-08-17T12:36:00Z,2022-08-17T14:24:00Z,117.94
1226,460,252,2,323.84,Active,2022-08-17T17:26:39Z,2022-08-18T01:00:01Z,647.68
1227,461,325,3,140.49,Deleted,2021-02-04T07:41:40Z,2021-02-04T11:58:47Z,421.47
1228,462,180,3,26.12,Deleted,2024-12-26T05:58:50Z,2024-12-26T07:49:27Z,78.36
1229,462,369,3,150.89,Active,2024-12-26T19:49:37Z,2024-12-26T23:55:38Z,452.66999999999996
1230,462,447,1,154.54,Active,2024-12-27T00:56:10Z,2024-12-27T01:23:47Z,154.54
1231,463,75,2,254.98,Deleted,2025-03-27T11:49:14Z,2025-03-29T10:31:44Z,509.96
1232,463,420,3,348.82,Deleted,2025-03-26T23:56:52Z,2025-03-27T17:24:31Z,1046.46
1233,463,84,1,1161.5,Deleted,2025-03-30T13:29:33Z,2025-03-30T15:30:02Z,1161.5
1234,464,16,1,692.72,Abandoned,2023-12-16T05:30:12Z,2023-12-16T05:44:24Z,692.72
1235,464,136,1,302.25,Abandoned,2023-12-16T05:17:16Z,2023-12-16T05:33:45Z,302.25
1236,464,216,2,142.37,Abandoned,2023-12-16T04:08:54Z,2023-12-16T05:31:47Z,284.74
1237,465,17,1,50.12,Abandoned,2020-12-02T07:07:40Z,2020-12-02T07:16:54Z,50.12
1238,465,340,8,1050.39,Abandoned,2020-12-02T07:20:10Z,2020-12-02T07:31:49Z,8403.12
1239,466,140,1,1099.8,Converted,2023-03-17T15:16:49Z,2023-03-18T20:32:51Z,1099.8
1240,466,35,4,480.99,Converted,2023-03-16T19:28:08Z,2023-03-17T14:57:32Z,1923.96
1241,467,119,1,200.43,Converted,2024-05-02T21:22:01Z,2024-05-03T05:04:55Z,200.43
1242,467,113,1,206.93,Converted,2024-05-02T08:38:31Z,2024-05-02T12:19:50Z,206.93
1243,467,122,2,101.65,Converted,2024-05-02T14:04:47Z,2024-05-02T17:31:51Z,203.3
1244,468,497,1,268.54,Converted,2024-10-03T13:14:54Z,2024-10-03T13:17:02Z,268.54
1245,468,452,2,192.56,Converted,2024-10-02T23:50:33Z,2024-10-03T05:54:46Z,385.12
1246,468,463,1,43.99,Converted,2024-10-03T04:31:13Z,2024-10-03T06:08:04Z,43.99
1247,469,500,1,48.8,Active,2023-06-19T19:07:48Z,2023-06-19T22:40:17Z,48.8
1248,469,317,2,175.41,Abandoned,2023-06-19T22:57:00Z,2023-06-19T22:59:49Z,350.82
1249,470,324,3,69.69,Abandoned,2025-06-29T03:26:05Z,2025-06-29T03:37:59Z,209.07
1250,470,295,1,238.26,Abandoned,2025-06-29T03:19:41Z,2025-06-29T03:33:03Z,238.26
1251,471,219,1,183.66,Converted,2024-11-13T05:18:44Z,2024-11-13T09:44:29Z,183.66
1252,471,299,1,253.54,Converted,2024-11-12T20:20:37Z,2024-11-13T09:45:07Z,253.54
1253,472,492,6,136.92,Active,2025-08-22T03:16:41Z,2025-08-22T06:54:04Z,821.52
1254,472,373,10,180.89,Abandoned,2025-08-22T07:05:19Z,2025-08-22T07:23:26Z,1808.8999999999999
1255,472,271,2,119.77,Abandoned,2025-08-22T06:41:24Z,2025-08-22T07:19:19Z,239.54
1256,473,147,1,64.35,Active,2022-10-02T07:19:25Z,2022-10-03T20:05:48Z,64.35
1257,473,210,1,177.18,Active,2022-10-02T22:35:42Z,2022-10-04T12:07:11Z,177.18
1258,473,185,5,1113.03,Active,2022-10-02T15:29:20Z,2022-10-03T10:54:14Z,5565.15
1259,474,301,1,27.18,Converted,2022-01-23T00:43:54Z,2022-01-23T11:29:52Z,27.18
1260,474,306,1,83.51,Converted,2022-01-22T01:02:45Z,2022-01-24T05:22:15Z,83.51
1261,474,356,8,390.7,Converted,2022-01-23T05:02:50Z,2022-01-23T23:19:49Z,3125.6
1262,474,213,1,49.47,Converted,2022-01-23T15:16:29Z,2022-01-24T00:10:29Z,49.47
1263,474,191,9,727.94,Converted,2022-01-22T13:54:13Z,2022-01-23T22:25:58Z,6551.460000000001
1264,475,31,2,51.19,Active,2018-11-21T02:23:58Z,2018-11-21T21:43:56Z,102.38
1265,475,475,1,1839.85,Abandoned,2018-11-21T00:00:38Z,2018-11-21T14:26:20Z,1839.85
1266,475,487,1,424.39,Active,2018-11-19T09:01:31Z,2018-11-20T19:43:32Z,424.39
1267,475,104,1,32.71,Active,2018-11-19T04:55:07Z,2018-11-23T04:32:25Z,32.71
1268,476,305,3,378.28,Abandoned,2025-12-14T04:03:50Z,2025-12-14T04:07:48Z,1134.84
1269,476,346,5,166.63,Abandoned,2025-12-14T00:21:04Z,2025-12-14T01:00:31Z,833.15
1270,476,399,1,537.25,Abandoned,2025-12-13T20:13:34Z,2025-12-13T21:18:04Z,537.25
1271,476,324,3,69.69,Abandoned,2025-12-14T00:57:09Z,2025-12-14T02:13:46Z,209.07
1272,477,386,1,279.9,Active,2020-08-11T10:58:53Z,2020-08-11T22:43:05Z,279.9
1273,477,32,4,112.28,Abandoned,2020-08-11T09:15:05Z,2020-08-11T10:53:35Z,449.12
1274,477,126,1,712.64,Active,2020-08-09T13:16:01Z,2020-08-10T11:29:52Z,712.64
1275,477,130,4,745.47,Active,2020-08-09T07:40:26Z,2020-08-12T03:03:12Z,2981.88
1276,478,102,3,580.65,Abandoned,2023-03-28T10:23:45Z,2023-03-28T12:25:54Z,1741.9499999999998
1277,478,273,2,57.76,Abandoned,2023-03-28T14:31:06Z,2023-03-28T18:10:16Z,115.52
1278,478,318,1,568.37,Abandoned,2023-03-28T11:12:33Z,2023-03-28T14:23:02Z,568.37
1279,479,402,2,224.2,Active,2025-03-05T14:38:10Z,2025-03-05T15:24:30Z,448.4
1280,479,105,1,24.47,Abandoned,2025-03-05T09:11:37Z,2025-03-05T14:04:15Z,24.47
1281,479,15,1,185.9,Abandoned,2025-03-05T10:36:49Z,2025-03-05T13:54:59Z,185.9
1282,479,90,1,64.18,Abandoned,2025-03-05T12:14:40Z,2025-03-05T14:16:22Z,64.18
1283,479,204,3,553.08,Abandoned,2025-03-05T14:07:27Z,2025-03-05T14:43:00Z,1659.2400000000002
1284,480,434,1,521.01,Active,2021-01-26T13:59:14Z,2021-01-26T14:21:40Z,521.01
1285,480,213,1,49.47,Active,2021-01-28T02:33:31Z,2021-01-28T02:55:39Z,49.47
1286,481,466,1,937.33,Converted,2021-11-22T23:43:36Z,2021-11-24T05:51:39Z,937.33
1287,481,194,6,288.23,Converted,2021-11-24T03:24:17Z,2021-11-24T05:47:56Z,1729.38
1288,481,486,2,415.81,Converted,2021-11-23T16:46:30Z,2021-11-23T23:24:32Z,831.62
1289,481,334,1,256.03,Converted,2021-11-23T00:08:46Z,2021-11-24T01:40:08Z,256.03
1290,482,305,1,378.28,Converted,2023-10-19T00:49:37Z,2023-10-19T01:44:58Z,378.28
1291,482,416,1,287.28,Converted,2023-10-18T07:44:09Z,2023-10-18T12:41:51Z,287.28
1292,482,240,1,258.9,Converted,2023-10-18T09:09:50Z,2023-10-19T00:52:37Z,258.9
1293,483,392,1,598.09,Abandoned,2025-04-22T03:07:52Z,2025-04-22T03:09:04Z,598.09
1294,483,343,1,105.52,Abandoned,2025-04-22T02:57:25Z,2025-04-22T03:05:06Z,105.52
1295,484,417,6,33.26,Converted,2023-03-28T16:36:40Z,2023-03-28T19:10:28Z,199.56
1296,484,177,2,41.77,Converted,2023-03-28T17:59:40Z,2023-03-28T20:48:19Z,83.54
1297,484,389,1,327.83,Converted,2023-03-28T17:06:04Z,2023-03-28T21:05:37Z,327.83
1298,485,78,1,88.98,Abandoned,2025-12-14T03:25:38Z,2025-12-14T03:31:57Z,88.98
1299,485,148,5,317.46,Abandoned,2025-12-14T01:29:29Z,2025-12-14T04:01:23Z,1587.3
1300,486,190,2,130.25,Deleted,2025-03-10T18:18:31Z,2025-03-20T09:49:19Z,260.5
1301,486,180,4,26.12,Deleted,2025-03-06T02:15:34Z,2025-03-12T13:23:51Z,104.48
1302,486,354,3,156.7,Deleted,2025-03-15T18:02:42Z,2025-04-02T19:58:32Z,470.09999999999997
1303,486,414,2,340.19,Deleted,2025-03-23T13:00:19Z,2025-03-28T13:44:44Z,680.38
1304,486,198,3,275.96,Deleted,2025-03-23T14:22:33Z,2025-03-31T07:12:59Z,827.8799999999999
1305,486,149,2,78.07,Deleted,2025-03-08T21:12:11Z,2025-03-11T04:19:22Z,156.14
1306,487,158,1,207.38,Converted,2024-12-08T15:28:46Z,2024-12-08T15:47:53Z,207.38
1307,487,267,1,46.21,Converted,2024-12-08T11:44:04Z,2024-12-08T14:10:01Z,46.21
1308,487,35,2,480.99,Converted,2024-12-08T07:45:05Z,2024-12-08T19:35:43Z,961.98
1309,487,500,1,48.8,Converted,2024-12-08T09:28:56Z,2024-12-08T19:36:10Z,48.8
1310,488,214,3,316.55,Abandoned,2025-10-09T02:49:42Z,2025-10-09T03:31:39Z,949.6500000000001
1311,488,70,2,114.91,Abandoned,2025-10-08T21:57:54Z,2025-10-09T00:03:06Z,229.82
1312,489,456,1,184.36,Abandoned,2024-08-31T12:45:50Z,2024-08-31T15:09:32Z,184.36
1313,489,374,2,25.3,Active,2024-08-31T14:15:27Z,2024-08-31T15:59:11Z,50.6
1314,489,465,2,119.4,Active,2024-08-31T15:56:40Z,2024-08-31T20:01:23Z,238.8
1315,489,41,1,199.76,Abandoned,2024-08-31T12:55:19Z,2024-08-31T13:51:43Z,199.76
1316,489,86,3,117.94,Abandoned,2024-08-31T15:45:41Z,2024-08-31T18:47:22Z,353.82
1317,490,447,2,154.54,Abandoned,2024-09-13T13:06:40Z,2024-09-13T13:15:29Z,309.08
1318,490,437,1,335.9,Abandoned,2024-09-13T15:13:34Z,2024-09-13T15:14:33Z,335.9
1319,491,390,1,98.86,Active,2025-11-07T04:26:51Z,2025-11-09T22:26:54Z,98.86
1320,491,203,8,94.19,Active,2025-11-08T20:28:58Z,2025-11-09T23:59:26Z,753.52
1321,491,198,1,275.96,Active,2025-11-06T02:52:53Z,2025-11-09T13:12:37Z,275.96
1322,492,159,1,25.78,Abandoned,2023-04-13T06:50:16Z,2023-04-13T07:25:21Z,25.78
1323,492,302,3,142.59,Abandoned,2023-04-13T06:48:20Z,2023-04-13T07:24:40Z,427.77
1324,492,440,4,216.11,Active,2023-04-13T06:53:22Z,2023-04-13T07:10:34Z,864.44
1325,492,445,2,1310.25,Abandoned,2023-04-13T06:50:06Z,2023-04-13T07:08:22Z,2620.5
1326,493,171,1,263.42,Active,2017-04-21T21:06:01Z,2017-04-21T23:34:56Z,263.42
1327,493,436,1,80.51,Active,2017-04-21T23:13:31Z,2017-04-22T01:58:54Z,80.51
1328,493,116,1,465.99,Active,2017-04-22T00:28:22Z,2017-04-22T02:23:44Z,465.99
1329,494,89,3,513.91,Active,2025-12-16T00:38:44Z,2025-12-16T11:07:08Z,1541.73
1330,494,94,3,411.63,Active,2025-12-14T22:40:20Z,2025-12-14T23:31:28Z,1234.8899999999999
1331,494,306,1,83.51,Abandoned,2025-12-16T03:00:51Z,2025-12-16T06:33:32Z,83.51
1332,494,192,1,46.76,Abandoned,2025-12-15T14:27:22Z,2025-12-16T09:35:22Z,46.76
1333,495,348,2,502.14,Active,2022-03-16T17:19:12Z,2022-03-17T22:28:59Z,1004.28
1334,495,158,2,207.38,Active,2022-03-17T11:28:55Z,2022-03-17T15:06:31Z,414.76
1335,495,298,1,1007.9,Active,2022-03-15T12:10:17Z,2022-03-17T11:18:02Z,1007.9
1336,496,4,1,147.53,Converted,2025-09-05T02:10:31Z,2025-09-05T03:37:39Z,147.53
1337,496,130,3,745.47,Converted,2025-09-05T02:56:41Z,2025-09-05T03:25:27Z,2236.41
1338,497,108,1,247.37,Abandoned,2020-12-02T12:14:27Z,2020-12-02T12:20:21Z,247.37
1339,497,56,5,409.39,Abandoned,2020-12-02T10:59:28Z,2020-12-02T12:27:43Z,2046.9499999999998
1340,497,73,1,104.94,Abandoned,2020-12-02T07:46:13Z,2020-12-02T12:35:11Z,104.94
1341,498,180,6,26.12,Converted,2025-10-18T06:50:29Z,2025-10-18T08:22:47Z,156.72
1342,499,192,1,46.76,Abandoned,2024-11-14T05:22:21Z,2024-11-14T05:26:09Z,46.76
1343,499,128,1,147.29,Abandoned,2024-11-14T04:28:11Z,2024-11-14T04:45:44Z,147.29
1344,499,488,1,121.53,Abandoned,2024-11-14T05:00:52Z,2024-11-14T05:09:38Z,121.53
1345,499,295,2,238.26,Abandoned,2024-11-14T04:15:56Z,2024-11-14T05:20:19Z,476.52
1346,500,394,2,238.97,Converted,2024-01-17T23:22:03Z,2024-01-18T00:08:29Z,477.94
1347,500,461,1,711.37,Converted,2024-01-17T19:54:51Z,2024-01-17T20:16:07Z,711.37
1348,501,246,2,709.94,Abandoned,2024-05-10T16:46:42Z,2024-05-10T16:57:54Z,1419.88
1349,502,397,1,214.11,Deleted,2023-10-16T10:18:33Z,2023-10-23T00:20:39Z,214.11
1350,502,295,1,238.26,Deleted,2023-10-17T20:37:09Z,2023-10-19T12:15:12Z,238.26
1351,502,155,2,2193.18,Deleted,2023-10-17T07:33:18Z,2023-10-22T22:59:46Z,4386.36
1352,502,131,7,15.41,Deleted,2023-10-18T08:03:00Z,2023-10-19T17:52:30Z,107.87
1353,503,212,2,57.67,Active,2024-08-04T15:14:10Z,2024-08-05T08:58:59Z,115.34
1354,503,397,1,214.11,Active,2024-08-04T20:46:32Z,2024-08-04T21:09:19Z,214.11
1355,504,357,3,1366.23,Abandoned,2025-09-18T07:46:29Z,2025-09-21T01:40:24Z,4098.6900000000005
1356,504,346,1,166.63,Active,2025-09-21T04:32:46Z,2025-09-21T08:48:51Z,166.63
1357,504,78,3,88.98,Active,2025-09-21T09:37:43Z,2025-09-21T11:35:01Z,266.94
1358,505,108,1,247.37,Abandoned,2024-12-13T19:29:43Z,2024-12-13T20:03:32Z,247.37
1359,505,63,1,345.24,Abandoned,2024-12-13T19:43:53Z,2024-12-13T21:32:08Z,345.24
1360,506,207,2,46.8,Abandoned,2025-10-18T20:09:52Z,2025-10-18T20:27:30Z,93.6
1361,506,292,3,66.9,Abandoned,2025-10-18T20:09:26Z,2025-10-18T20:10:02Z,200.70000000000002
1362,507,81,1,123.92,Abandoned,2025-11-02T01:16:31Z,2025-11-02T01:36:20Z,123.92
1363,507,366,2,84.07,Abandoned,2025-11-02T01:31:16Z,2025-11-02T02:23:50Z,168.14
1364,507,441,7,54.28,Abandoned,2025-11-02T01:05:14Z,2025-11-02T01:37:26Z,379.96000000000004
1365,507,86,1,117.94,Abandoned,2025-11-02T01:07:16Z,2025-11-02T02:06:59Z,117.94
1366,508,440,1,216.11,Active,2019-01-22T22:37:59Z,2019-01-22T22:47:58Z,216.11
1367,508,168,2,352.24,Active,2019-01-20T01:26:07Z,2019-01-22T05:50:17Z,704.48
1368,509,256,1,473.23,Deleted,2025-10-23T17:46:19Z,2025-10-27T08:30:00Z,473.23
1369,510,170,3,219.84,Deleted,2023-01-28T05:28:04Z,2023-01-31T21:26:42Z,659.52
1370,510,313,2,1217.0,Deleted,2023-01-21T21:02:07Z,2023-01-31T08:17:03Z,2434.0
1371,510,179,2,235.24,Deleted,2023-01-28T05:59:15Z,2023-01-29T09:44:39Z,470.48
1372,511,229,1,1479.14,Abandoned,2021-11-22T05:38:10Z,2021-11-24T04:03:48Z,1479.14
1373,511,84,2,1161.5,Abandoned,2021-11-22T04:53:37Z,2021-11-22T19:31:09Z,2323.0
1374,512,92,1,476.17,Deleted,2025-10-01T16:19:59Z,2025-10-02T06:43:28Z,476.17
1375,512,61,1,57.63,Active,2025-09-29T07:20:22Z,2025-10-02T05:51:23Z,57.63
1376,512,156,4,19.08,Active,2025-10-02T01:51:54Z,2025-10-02T03:08:53Z,76.32
1377,512,125,1,215.26,Active,2025-09-28T00:52:59Z,2025-10-01T10:07:06Z,215.26
1378,513,486,3,415.81,Converted,2020-09-19T16:45:34Z,2020-09-19T16:45:43Z,1247.43
1379,514,150,1,361.94,Abandoned,2025-07-08T00:18:11Z,2025-07-08T01:01:54Z,361.94
1380,515,369,1,150.89,Deleted,2020-12-19T23:38:22Z,2020-12-21T16:43:58Z,150.89
1381,516,90,1,64.18,Converted,2024-09-06T12:26:32Z,2024-09-06T13:16:58Z,64.18
1382,516,407,1,261.02,Converted,2024-09-07T04:07:26Z,2024-09-07T09:17:52Z,261.02
1383,516,31,1,51.19,Converted,2024-09-06T09:21:36Z,2024-09-07T00:27:48Z,51.19
1384,517,7,1,1181.48,Active,2025-03-05T05:00:06Z,2025-03-05T05:46:43Z,1181.48
1385,517,108,1,247.37,Active,2025-03-05T08:44:05Z,2025-03-05T08:44:33Z,247.37
1386,518,191,1,727.94,Deleted,2021-11-02T05:42:56Z,2021-11-04T19:33:49Z,727.94
1387,518,50,4,175.24,Deleted,2021-11-04T04:05:12Z,2021-11-06T01:14:55Z,700.96
1388,519,427,2,137.59,Converted,2021-09-28T05:45:32Z,2021-09-28T06:24:55Z,275.18
1389,519,45,1,217.29,Converted,2021-09-28T00:10:24Z,2021-09-28T08:26:36Z,217.29
1390,520,18,2,397.05,Deleted,2019-11-14T01:05:32Z,2019-11-15T15:19:22Z,794.1
1391,520,229,1,1479.14,Deleted,2019-11-09T03:05:23Z,2019-11-14T09:41:56Z,1479.14
1392,521,29,2,129.61,Deleted,2025-11-18T02:27:42Z,2025-11-23T03:44:19Z,259.22
1393,522,78,6,88.98,Abandoned,2020-03-16T10:23:10Z,2020-03-16T10:56:26Z,533.88
1394,522,424,1,26.23,Abandoned,2020-03-16T09:33:04Z,2020-03-16T10:56:51Z,26.23
1395,523,252,1,323.84,Converted,2024-11-07T00:35:42Z,2024-11-07T03:03:58Z,323.84
1396,523,311,1,104.55,Converted,2024-11-07T03:30:38Z,2024-11-07T03:31:31Z,104.55
1397,523,394,1,238.97,Converted,2024-11-07T03:24:31Z,2024-11-07T03:24:32Z,238.97
1398,524,209,3,119.56,Abandoned,2022-09-15T14:57:42Z,2022-09-15T21:43:12Z,358.68
1399,524,471,4,403.72,Abandoned,2022-09-15T18:59:36Z,2022-09-15T20:37:21Z,1614.88
1400,524,179,2,235.24,Active,2022-09-15T12:22:25Z,2022-09-15T19:12:13Z,470.48
1401,525,92,8,476.17,Converted,2024-06-28T05:39:54Z,2024-06-28T08:58:57Z,3809.36
1402,525,120,1,98.3,Converted,2024-06-28T04:46:12Z,2024-06-28T08:10:45Z,98.3
1403,525,257,5,298.33,Converted,2024-06-28T03:11:09Z,2024-06-28T11:10:59Z,1491.6499999999999
1404,525,248,3,165.29,Converted,2024-06-28T09:40:28Z,2024-06-28T10:08:23Z,495.87
1405,525,436,7,80.51,Converted,2024-06-28T03:31:58Z,2024-06-28T04:04:32Z,563.57
1406,525,189,2,342.29,Converted,2024-06-28T10:35:48Z,2024-06-28T14:57:54Z,684.58
1407,526,158,2,207.38,Active,2021-04-19T00:30:27Z,2021-04-19T17:50:19Z,414.76
1408,526,295,1,238.26,Deleted,2021-04-18T18:56:18Z,2021-04-19T13:21:36Z,238.26
1409,526,466,1,937.33,Active,2021-04-19T06:27:35Z,2021-04-19T14:48:21Z,937.33
1410,527,295,2,238.26,Converted,2018-04-07T22:58:55Z,2018-04-08T11:24:06Z,476.52
1411,527,348,1,502.14,Converted,2018-04-08T18:18:33Z,2018-04-09T09:04:45Z,502.14
1412,528,82,2,931.55,Active,2022-01-24T12:01:18Z,2022-01-24T19:16:50Z,1863.1
1413,528,197,3,36.29,Active,2022-01-22T06:08:43Z,2022-01-25T15:10:14Z,108.87
1414,529,276,1,179.81,Converted,2020-11-24T22:03:15Z,2020-11-24T22:41:27Z,179.81
1415,529,475,2,1839.85,Converted,2020-11-24T22:15:13Z,2020-11-25T01:03:27Z,3679.7
1416,530,48,1,746.22,Abandoned,2023-09-08T16:02:31Z,2023-09-08T19:43:07Z,746.22
1417,530,44,1,326.93,Abandoned,2023-09-08T14:23:32Z,2023-09-08T16:09:50Z,326.93
1418,530,151,1,3.52,Abandoned,2023-09-08T17:44:43Z,2023-09-08T17:58:20Z,3.52
1419,531,452,6,192.56,Active,2025-10-15T16:35:45Z,2025-10-19T19:34:24Z,1155.3600000000001
1420,531,138,4,1680.47,Active,2025-10-18T22:39:46Z,2025-10-19T08:10:33Z,6721.88
1421,532,341,2,40.65,Active,2025-10-23T16:59:05Z,2025-10-25T03:39:02Z,81.3
1422,532,41,3,199.76,Active,2025-10-24T08:16:56Z,2025-10-24T23:29:47Z,599.28
1423,533,254,3,395.44,Abandoned,2018-08-05T11:06:53Z,2018-08-05T12:19:50Z,1186.32
1424,534,357,3,1366.23,Abandoned,2022-05-26T11:03:15Z,2022-05-26T11:50:19Z,4098.6900000000005
1425,534,344,2,2229.31,Abandoned,2022-05-26T11:33:58Z,2022-05-26T12:18:00Z,4458.62
1426,534,431,8,357.76,Abandoned,2022-05-26T09:27:12Z,2022-05-26T11:09:19Z,2862.08
1427,535,139,1,133.83,Abandoned,2025-06-10T14:57:17Z,2025-06-10T15:21:51Z,133.83
1428,535,83,1,35.12,Abandoned,2025-06-10T15:18:55Z,2025-06-10T15:33:05Z,35.12
1429,535,170,3,219.84,Abandoned,2025-06-10T14:43:36Z,2025-06-10T15:01:58Z,659.52
1430,535,354,1,156.7,Abandoned,2025-06-10T15:36:15Z,2025-06-10T15:37:38Z,156.7
1431,536,190,1,130.25,Abandoned,2025-02-27T17:58:24Z,2025-02-27T18:13:54Z,130.25
1432,536,176,1,318.15,Abandoned,2025-02-27T16:40:37Z,2025-02-27T18:46:44Z,318.15
1433,537,53,1,972.57,Abandoned,2024-12-05T23:58:30Z,2024-12-06T00:10:20Z,972.57
1434,537,224,1,376.73,Active,2024-12-06T02:09:20Z,2024-12-06T02:50:05Z,376.73
1435,538,48,1,746.22,Converted,2025-10-13T17:59:42Z,2025-10-14T02:53:57Z,746.22
1436,538,473,2,309.25,Converted,2025-10-14T14:52:12Z,2025-10-14T17:01:17Z,618.5
1437,538,21,2,389.41,Converted,2025-10-14T08:12:37Z,2025-10-14T09:18:57Z,778.82
1438,538,64,1,25.71,Converted,2025-10-14T13:37:07Z,2025-10-14T18:02:56Z,25.71
1439,539,346,1,166.63,Converted,2025-09-30T03:41:46Z,2025-09-30T03:59:34Z,166.63
1440,540,305,2,378.28,Deleted,2024-11-08T10:31:44Z,2024-11-09T17:37:59Z,756.56
1441,541,393,5,254.29,Deleted,2024-03-17T19:04:40Z,2024-03-19T18:31:42Z,1271.45
1442,541,312,1,101.5,Deleted,2024-03-31T18:50:29Z,2024-04-06T23:18:13Z,101.5
1443,541,476,1,1161.94,Deleted,2024-03-26T09:53:08Z,2024-03-31T20:28:06Z,1161.94
1444,541,440,2,216.11,Deleted,2024-03-26T16:31:26Z,2024-04-03T14:54:30Z,432.22
1445,541,125,2,215.26,Deleted,2024-03-19T14:43:21Z,2024-03-25T02:00:27Z,430.52
1446,541,16,2,692.72,Deleted,2024-03-22T18:56:36Z,2024-03-26T22:13:03Z,1385.44
1447,542,258,2,477.87,Abandoned,2022-03-27T12:24:58Z,2022-03-27T12:35:13Z,955.74
1448,543,340,3,1050.39,Active,2021-11-07T02:21:33Z,2021-11-08T19:31:42Z,3151.17
1449,543,494,1,91.91,Active,2021-11-07T23:41:31Z,2021-11-07T23:58:46Z,91.91
1450,543,351,2,83.48,Deleted,2021-11-08T14:03:18Z,2021-11-09T17:33:01Z,166.96
1451,543,242,2,142.79,Active,2021-11-08T13:45:31Z,2021-11-08T16:04:27Z,285.58
1452,544,495,2,76.86,Converted,2024-06-21T08:21:15Z,2024-06-21T11:31:08Z,153.72
1453,544,12,2,168.0,Converted,2024-06-21T14:53:18Z,2024-06-22T10:01:44Z,336.0
1454,544,124,1,228.97,Converted,2024-06-21T05:43:50Z,2024-06-21T09:33:36Z,228.97
1455,544,15,1,185.9,Converted,2024-06-21T20:47:12Z,2024-06-22T03:29:35Z,185.9
1456,544,302,3,142.59,Converted,2024-06-22T07:58:57Z,2024-06-22T09:13:45Z,427.77
1457,545,401,3,58.06,Active,2025-09-10T17:24:08Z,2025-09-11T08:52:06Z,174.18
1458,545,468,1,69.61,Active,2025-09-09T23:55:28Z,2025-09-12T20:00:29Z,69.61
1459,546,493,3,369.54,Active,2025-10-24T10:43:13Z,2025-10-24T23:42:52Z,1108.6200000000001
1460,546,158,1,207.38,Active,2025-10-23T11:07:47Z,2025-10-24T14:44:33Z,207.38
1461,546,42,1,1182.29,Active,2025-10-22T16:25:55Z,2025-10-24T16:25:53Z,1182.29
1462,546,294,1,762.16,Active,2025-10-20T06:35:36Z,2025-10-21T06:55:04Z,762.16
1463,547,42,1,1182.29,Converted,2025-06-06T15:43:24Z,2025-06-06T16:52:40Z,1182.29
1464,547,104,1,32.71,Converted,2025-06-07T07:11:42Z,2025-06-07T11:32:00Z,32.71
1465,548,16,1,692.72,Active,2024-12-16T04:20:09Z,2024-12-16T06:06:16Z,692.72
1466,548,429,1,18.9,Active,2024-12-15T07:25:23Z,2024-12-16T05:22:45Z,18.9
1467,549,76,1,803.23,Converted,2024-12-04T09:55:48Z,2024-12-05T13:07:35Z,803.23
1468,549,196,1,232.03,Converted,2024-12-05T17:20:34Z,2024-12-05T18:11:17Z,232.03
1469,550,141,1,632.42,Deleted,2021-10-04T18:18:57Z,2021-10-05T07:02:55Z,632.42
1470,550,218,1,500.46,Deleted,2021-10-06T13:03:26Z,2021-10-06T17:00:10Z,500.46
1471,550,119,1,200.43,Deleted,2021-10-04T16:39:39Z,2021-10-06T16:01:36Z,200.43
1472,550,300,1,281.9,Deleted,2021-10-05T03:02:13Z,2021-10-05T04:18:04Z,281.9
1473,550,206,1,238.06,Deleted,2021-10-04T09:33:28Z,2021-10-06T04:28:48Z,238.06
1474,551,423,10,127.71,Converted,2025-10-09T04:40:34Z,2025-10-09T14:06:24Z,1277.1
1475,551,33,3,62.37,Converted,2025-10-10T00:20:28Z,2025-10-10T05:22:37Z,187.10999999999999
1476,551,104,1,32.71,Converted,2025-10-10T12:27:19Z,2025-10-10T13:13:41Z,32.71
1477,551,494,10,91.91,Converted,2025-10-09T12:43:50Z,2025-10-09T14:16:10Z,919.0999999999999
1478,551,265,6,73.41,Converted,2025-10-09T02:55:18Z,2025-10-10T11:31:15Z,440.46
1479,552,367,1,383.26,Abandoned,2021-02-22T21:41:02Z,2021-02-22T22:08:17Z,383.26
1480,552,126,7,712.64,Abandoned,2021-02-22T17:05:58Z,2021-02-22T17:47:13Z,4988.48
1481,553,97,4,122.94,Converted,2024-11-11T17:08:27Z,2024-11-12T11:41:22Z,491.76
1482,553,338,10,21.79,Converted,2024-11-11T20:10:54Z,2024-11-13T04:45:51Z,217.89999999999998
1483,554,459,2,200.64,Abandoned,2020-12-24T18:54:18Z,2020-12-24T19:42:08Z,401.28
1484,555,489,2,150.92,Abandoned,2021-10-24T09:29:24Z,2021-10-24T09:30:05Z,301.84
1485,555,91,2,59.47,Active,2021-10-24T10:44:06Z,2021-10-24T13:07:30Z,118.94
1486,556,231,2,1649.89,Abandoned,2017-08-16T07:07:16Z,2017-08-16T08:03:39Z,3299.78
1487,556,96,1,623.82,Active,2017-08-16T09:21:07Z,2017-08-16T09:26:42Z,623.82
1488,557,237,3,204.25,Abandoned,2024-10-12T05:27:01Z,2024-10-12T06:07:51Z,612.75
1489,558,118,1,285.82,Converted,2015-08-10T14:15:18Z,2015-08-10T17:43:15Z,285.82
1490,558,144,2,1082.93,Converted,2015-08-10T03:15:11Z,2015-08-10T12:20:54Z,2165.86
1491,559,236,3,1142.25,Converted,2024-11-14T22:10:44Z,2024-11-15T08:40:59Z,3426.75
1492,559,488,2,121.53,Converted,2024-11-15T10:23:33Z,2024-11-15T10:34:23Z,243.06
1493,559,17,8,50.12,Converted,2024-11-15T01:37:03Z,2024-11-15T06:53:51Z,400.96
1494,560,9,1,564.82,Abandoned,2022-05-21T20:34:44Z,2022-05-21T21:07:07Z,564.82
1495,560,47,2,85.17,Active,2022-05-22T01:18:56Z,2022-05-22T01:25:57Z,170.34
1496,560,176,3,318.15,Abandoned,2022-05-21T23:24:25Z,2022-05-22T00:10:45Z,954.4499999999999
1497,560,340,1,1050.39,Active,2022-05-22T01:16:19Z,2022-05-22T02:30:14Z,1050.39
1498,561,256,1,473.23,Abandoned,2025-05-16T06:22:20Z,2025-05-16T06:22:20Z,473.23
1499,561,129,1,1432.08,Abandoned,2025-05-16T06:22:20Z,2025-05-16T06:22:20Z,1432.08
1500,562,334,1,256.03,Active,2024-08-12T09:48:46Z,2024-08-15T17:29:47Z,256.03
