session_id,customer_id,session_start,session_end,device_type,referrer_source,pages_viewed,products_viewed,conversion_flag,cart_abandonment_flag
790669dc-4f96-4ee9-92a9-d92711e6c739,87,2025-01-29T06:26:13Z,2025-01-29T06:26:23Z,Smart TV,Referral,1,0,False,False
d538561a-38e5-4821-a994-9f055129c4d7,299,2025-11-07T15:04:26Z,2025-11-07T15:23:26Z,Mobile,Direct,9,4,False,False
7dc49ab6-e0e4-4edb-98e0-3972575a355d,185,2020-11-12T10:27:36Z,2020-11-12T10:37:09Z,Desktop,Direct,15,4,False,False
721733b1-cdc5-4120-970c-daafbbfd810a,447,2024-05-10T12:10:35Z,2024-05-10T12:23:49Z,Mobile,Social Media,27,12,False,False
0305f50b-3c25-4a54-953b-bd6c4ea3b72a,225,2017-04-15T19:12:22Z,2017-04-15T19:26:36Z,Desktop,Organic Search,16,9,False,False
1f3dbfda-8e59-422e-9a1f-b7c5eca65c1f,395,2023-07-02T01:19:50Z,2023-07-02T01:23:58Z,Mobile,Social Media,9,6,False,False
a955d5c2-bda9-4e81-befc-1d9878dceb2c,100,2025-11-02T00:13:11Z,2025-11-02T01:09:11Z,Desktop,Referral,80,15,False,False
72fa6ee0-8c0b-4387-9c1e-da4e7759983c,292,2024-12-03T09:42:28Z,2024-12-03T09:46:39Z,Mobile,Organic Search,7,4,False,False
30521631-797a-4870-a673-0bd9e16444d3,51,2024-09-23T22:59:17Z,2024-09-23T23:55:12Z,Mobile,Paid Search,18,9,False,False
3e815f77-835a-4fdd-be6c-757ac761da45,79,2025-09-01T07:45:02Z,2025-09-01T07:46:36Z,Tablet,Referral,4,0,True,False
b73180f1-325f-4b56-a6ef-940314a48646,70,2024-09-15T20:31:04Z,2024-09-15T20:37:39Z,Tablet,Organic Search,13,11,False,False
444316ca-fa84-4152-8de4-7edf538ad80f,30,2025-12-04T08:29:48Z,2025-12-04T08:46:54Z,Desktop,Paid Search,30,3,False,False
37579d89-d7ee-4dde-9a97-7233a95c0d74,485,2025-12-07T00:14:05Z,2025-12-07T00:15:04Z,Mobile,Organic Search,5,2,False,False
eea35878-7143-4ebb-883b-a4bbc9f97395,215,2022-10-06T05:20:00Z,2022-10-06T05:29:11Z,Mobile,Referral,15,4,False,True
173ac05b-80c8-4c36-94e3-7c3cb5c01927,135,2025-03-30T08:25:09Z,2025-03-30T08:25:18Z,Desktop,Social Media,1,0,False,False
489bd0c4-860d-4f73-94ad-85dd8e401133,336,2025-11-12T15:22:07Z,2025-11-12T15:22:38Z,Mobile,Direct,2,0,False,False
a47611da-75ce-41f8-8c08-ae9c311e0c0d,271,2025-04-16T11:43:01Z,2025-04-16T11:43:25Z,Desktop,Email,4,0,False,False
0f0e628d-e555-465d-9b9b-19a4475abd66,15,2021-03-01T12:58:06Z,2021-03-01T13:28:29Z,Mobile,Referral,40,26,False,False
979bc3a1-3ab4-466e-b396-404c8ee2866c,330,2019-07-20T05:05:02Z,2019-07-20T05:44:25Z,Mobile,Organic Search,78,37,False,False
322aaad0-94e0-497d-9d48-0b3949f90f42,134,2016-12-02T15:03:49Z,2016-12-02T15:10:51Z,Desktop,Social Media,14,12,True,False
c589a012-4117-4657-bae1-a723cb60128e,351,2023-08-15T09:44:26Z,2023-08-15T09:44:56Z,Mobile,Direct,4,0,False,False
7dfe1697-2de0-412c-b765-987facb54d97,167,2022-03-03T20:11:29Z,2022-03-03T22:19:22Z,Desktop,Social Media,79,1,False,False
f9be24e9-6c2c-4645-8111-624f166c9d20,406,2023-01-19T08:37:30Z,2023-01-19T09:29:38Z,Desktop,Organic Search,94,28,False,True
e44c7b49-48e7-4bef-ab4e-42009ee731c6,319,2025-02-28T19:33:36Z,2025-02-28T19:46:24Z,Mobile,Organic Search,12,5,False,True
8c9fbd4c-67d7-40ac-ba2e-b53107038fc9,157,2021-11-15T02:46:53Z,2021-11-15T02:48:47Z,Desktop,Social Media,5,0,False,False
0ba04512-e5a1-4f01-a0dc-37b4ccc66fd7,314,2025-09-09T15:48:06Z,2025-09-09T16:46:03Z,Tablet,Email,35,9,False,False
5009bf8f-2c18-4a46-96f3-33a642fea06c,282,2025-10-20T13:40:49Z,2025-10-20T13:41:04Z,Tablet,Organic Search,5,0,False,False
370c4e5b-261f-4729-bdfb-60ff3d9b97fd,79,2025-08-19T08:11:59Z,2025-08-19T08:27:27Z,Desktop,Paid Search,20,1,False,False
ab5b830b-5a59-496e-a78c-a478c61cd453,43,2023-02-04T03:20:26Z,2023-02-04T04:17:35Z,Desktop,Social Media,72,24,False,True
bd4132e2-946b-480f-a4a0-ab7dd2099e8f,172,2025-04-05T12:01:03Z,2025-04-05T12:01:22Z,Wearable,Direct,2,0,False,False
c6c7610e-4479-4d5e-af05-cf69090a2107,114,2023-08-02T23:00:42Z,2023-08-02T23:15:34Z,Mobile,Organic Search,18,0,False,False
c5d480a3-622a-4bc3-8d79-273249303f72,471,2025-01-16T16:09:28Z,2025-01-16T16:10:36Z,Desktop,Organic Search,2,0,False,False
c18ce6c3-519a-4ae5-9793-5eb089cd3f3a,335,2022-08-19T14:36:23Z,2022-08-19T14:36:44Z,Mobile,Organic Search,4,1,False,False
37d9c041-43c4-4a90-b466-e690b1bb6ccf,23,2023-12-17T13:41:57Z,2023-12-17T13:45:13Z,Tablet,Paid Search,10,4,False,False
ccbb04f4-711e-4021-9e40-2966b49092ac,24,2025-02-18T00:46:19Z,2025-02-18T03:03:11Z,Desktop,Organic Search,81,1,False,True
8e066adc-915e-41f1-9b16-d84c8ecf5958,278,2022-08-21T11:46:35Z,2022-08-21T12:24:07Z,Mobile,Organic Search,57,9,False,False
03e2319d-3f76-47ca-a6f5-c6542325306f,367,2025-03-19T12:24:03Z,2025-03-19T15:15:34Z,Mobile,Email,64,1,False,False
215d0dea-b0d9-445f-a249-d94f58ef9746,478,2023-02-06T07:10:21Z,2023-02-06T07:12:25Z,Mobile,Organic Search,6,5,True,False
47eb5a98-7731-4019-90af-3722ce4103a6,261,2021-04-18T18:30:02Z,2021-04-18T18:38:32Z,Desktop,Organic Search,6,1,False,False
7797b279-eef0-4bcd-96b1-6ae1c95aebaf,374,2020-10-29T00:41:31Z,2020-10-29T00:44:10Z,Desktop,Referral,8,7,False,False
06d684ef-2826-481c-ad56-be41926b3517,334,2022-05-18T19:04:27Z,2022-05-18T21:26:27Z,Tablet,Social Media,59,7,False,True
7c908d1e-bd90-4bb9-80a1-d06873e77c50,139,2025-04-28T11:19:03Z,2025-04-28T11:20:10Z,Mobile,Organic Search,3,2,False,False
80b4c4f2-56e3-4087-9bd9-8ff68842379b,129,2022-05-17T14:32:05Z,2022-05-17T14:32:11Z,Desktop,Organic Search,5,1,False,True
804e67bc-7afb-433d-bc46-9bc06d2ea3b1,22,2025-11-08T07:42:24Z,2025-11-08T07:56:25Z,Mobile,Referral,24,18,False,False
84161c8a-5b82-4036-9dfa-19d566f18e2d,487,2024-08-06T23:36:53Z,2024-08-06T23:37:44Z,Desktop,Organic Search,3,0,False,False
e002878e-25cf-435b-87d6-bbee130f8586,36,2020-09-15T11:35:18Z,2020-09-15T12:02:15Z,Desktop,Organic Search,26,2,False,False
903b0b53-57b7-43c2-a6db-51e917a8308d,174,2025-09-10T21:16:07Z,2025-09-10T21:16:33Z,Mobile,Organic Search,2,0,False,False
056d71e0-db02-4294-87ee-1792c0a0cd7d,17,2015-12-31T06:01:00Z,2015-12-31T06:32:47Z,Mobile,Organic Search,50,46,False,False
9831ba24-71e1-4843-b130-75c6504eb109,245,2022-01-12T17:15:22Z,2022-01-12T17:28:45Z,Desktop,Referral,14,11,False,False
0f2783b5-9c9a-4570-a008-6996426f5331,110,2022-07-02T14:36:57Z,2022-07-02T14:38:32Z,Mobile,Organic Search,4,1,False,True
8deb30db-78b8-498b-b127-e520b1f914c8,419,2025-08-02T17:01:19Z,2025-08-02T17:01:55Z,Mobile,Direct,4,1,False,False
f5b475e7-1f7d-4f71-8d83-b8045dd3fe19,448,2023-01-22T19:34:33Z,2023-01-22T19:35:23Z,Mobile,Direct,5,2,False,False
c5baf7ad-d22d-4639-b529-654ad0ba54aa,140,2024-09-11T21:14:01Z,2024-09-11T21:16:47Z,Desktop,Social Media,13,7,False,False
72922feb-0286-4a8e-a424-d1c58c686fba,135,2025-11-30T08:47:16Z,2025-11-30T08:48:08Z,Desktop,Paid Search,3,0,False,False
21dce51e-529a-412b-b4d5-669c8fdf10b9,114,2022-02-14T11:22:53Z,2022-02-14T13:33:07Z,Tablet,Organic Search,80,37,False,False
0e5f2456-a66c-493d-b4e4-e273e53bf7bd,173,2022-01-04T17:23:00Z,2022-01-04T17:28:17Z,Mobile,Organic Search,9,2,False,True
ca359bea-53a6-4598-94ac-8e27b95df1a9,92,2025-01-01T03:55:26Z,2025-01-01T04:05:02Z,Desktop,Social Media,5,1,False,False
9f6a67e3-474e-4277-b395-bd465809b4d0,173,2022-06-24T01:41:19Z,2022-06-24T01:41:57Z,Mobile,Organic Search,4,2,False,False
49fe2ae0-6596-4066-b069-9e894760ad49,14,2022-11-22T02:41:12Z,2022-11-22T02:46:47Z,Desktop,Organic Search,6,0,False,False
3f24acef-6cbc-4dea-b170-c9c8838d9d5e,107,2023-08-05T17:48:43Z,2023-08-05T17:59:30Z,Tablet,Organic Search,5,0,False,False
e69b314c-ec34-40cf-8457-a22325a3c0b7,387,2023-03-21T22:25:18Z,2023-03-22T00:55:33Z,Desktop,Referral,55,31,False,False
210eda6f-7fd8-49aa-ad97-649c6e82c3f3,246,2023-05-22T16:12:53Z,2023-05-22T16:13:31Z,Mobile,Direct,3,1,False,False
01393d40-1e9e-4918-afd4-770a00464800,185,2019-10-01T12:48:57Z,2019-10-01T12:49:18Z,Tablet,Organic Search,4,0,False,False
a20cca5f-8acc-4b19-bbe7-d3e956537afb,277,2023-09-19T21:46:22Z,2023-09-19T21:51:20Z,Tablet,Email,10,0,False,False
13835a7b-4fb5-420a-833b-f3c0e8c1fba7,25,2025-12-13T19:27:51Z,2025-12-13T19:53:21Z,Tablet,Direct,6,5,False,True
a9347d8f-9561-4f35-abe9-f1473deb16bd,17,2022-10-12T15:54:39Z,2022-10-12T15:55:26Z,Desktop,Paid Search,5,4,False,False
8b46bab4-d60e-46ca-b2d7-6672f7866640,447,2023-01-10T05:11:03Z,2023-01-10T05:11:21Z,Mobile,Organic Search,1,0,False,False
fc1d25b1-616a-4234-a14a-cffc7d73241e,186,2024-10-20T20:01:50Z,2024-10-20T20:11:31Z,Wearable,Social Media,13,3,False,False
7eaa6017-c071-4c53-8b28-9075b3209167,74,2025-12-16T19:51:22Z,2025-12-16T20:23:29Z,Mobile,Email,15,5,False,False
4e1c5abd-672d-492e-91b7-1806cb1d6a7c,273,2021-07-17T00:30:55Z,2021-07-17T00:31:12Z,Tablet,Organic Search,5,3,False,False
1fbc3c6d-45b5-4b4d-8505-a8bf92889706,61,2024-03-31T19:49:50Z,2024-03-31T20:23:04Z,Wearable,Organic Search,58,46,False,False
c3b101a7-d24d-4347-99be-f67cf6a53adc,427,2021-02-22T16:20:16Z,2021-02-22T16:21:02Z,Desktop,Email,4,3,False,False
011dd2cd-685f-4529-88c4-2c6de01f5272,221,2025-07-27T01:26:58Z,2025-07-27T01:29:39Z,Tablet,Organic Search,9,2,False,True
a0a4c46b-ecea-4e99-9731-dd6b3b62203d,430,2025-07-16T14:46:52Z,2025-07-16T14:52:53Z,Desktop,Direct,12,4,False,False
c08baf64-eec4-4b5e-8bee-e406683f7f4f,493,2024-05-09T13:41:21Z,2024-05-09T14:11:22Z,Desktop,Social Media,19,5,False,False
213bd20e-b56d-4c2a-bdc0-a32e347aadaf,372,2025-03-18T05:25:47Z,2025-03-18T06:17:47Z,Desktop,Direct,69,28,False,False
6a617eee-e1be-43ef-83cf-0b1d7fa6421d,221,2023-08-25T20:28:11Z,2023-08-25T20:30:30Z,Wearable,Email,10,8,False,False
cfbf9b19-1bf2-4903-8537-5b76ef97aa72,316,2020-02-10T15:01:20Z,2020-02-10T15:12:43Z,Desktop,Organic Search,11,8,False,False
01913a9b-3a61-4403-b749-a08ca0f2d2db,275,2018-11-01T00:05:55Z,2018-11-01T00:08:16Z,Mobile,Paid Search,4,0,False,False
100c8304-b13a-44a1-8122-8f8356446a18,287,2025-12-01T13:44:39Z,2025-12-01T14:43:49Z,Desktop,Paid Search,22,16,False,False
6dcb654e-14f4-47f8-bd16-bb4e0731b317,4,2025-12-10T13:03:05Z,2025-12-10T13:58:46Z,Mobile,Organic Search,38,30,False,False
2913d0e4-4695-4180-9c54-1c6ad81ecbdb,291,2022-02-16T15:27:42Z,2022-02-16T16:12:30Z,Desktop,Social Media,50,2,False,False
a8898a2b-224a-4163-b82f-af8d3f072994,414,2024-12-13T02:10:52Z,2024-12-13T02:19:28Z,Mobile,Paid Search,15,2,False,False
c6549fad-07bb-45ec-9562-d28fb2eb1dcf,169,2020-11-07T06:14:38Z,2020-11-07T06:28:44Z,Mobile,Email,25,2,False,False
aaa02ec6-c6a1-4b5d-b3db-ce6ca76199b0,144,2025-09-12T13:50:22Z,2025-09-12T14:00:03Z,Desktop,Organic Search,10,0,False,False
1b5f799a-c87d-448d-ad51-b31186f71ab0,497,2024-03-12T02:27:19Z,2024-03-12T02:55:51Z,Mobile,Organic Search,17,2,False,False
3f5c2e82-76de-42f0-a3fb-6c62b35f9073,324,2022-01-22T13:55:26Z,2022-01-22T14:26:16Z,Desktop,Direct,37,32,False,False
7d4e8146-5adf-4260-8545-3baeafa1c54e,14,2021-11-07T00:00:23Z,2021-11-07T00:06:28Z,Tablet,Paid Search,10,3,False,False
e05ccb48-f743-4084-8c7e-044121579a6b,186,2022-11-19T22:36:34Z,2022-11-19T23:02:30Z,Desktop,Organic Search,8,6,False,False
e93db1a2-c708-478a-823f-d4a7c1880564,72,2025-10-19T01:04:15Z,2025-10-19T01:17:17Z,Desktop,Display Ads,10,4,True,False
73751dc0-8cc1-41de-add1-3d41cf67b5fc,282,2025-10-13T14:47:05Z,2025-10-13T14:56:02Z,Tablet,Organic Search,10,4,False,False
85d78923-2a00-4beb-8861-1385e396bc56,285,2024-06-15T13:35:40Z,2024-06-15T13:41:14Z,Desktop,Social Media,10,0,False,False
6db97e1f-cae4-4bdf-ac9a-1825530963a5,42,2025-12-17T09:38:54Z,2025-12-17T09:41:07Z,Desktop,Email,15,12,False,False
b55664d6-4ab6-4d68-9caf-44d7aec49fc3,366,2018-09-06T02:02:46Z,2018-09-06T02:31:39Z,Desktop,Organic Search,9,2,False,False
c75ff561-cc81-450c-97ed-d82a2897de4b,408,2025-11-14T13:53:52Z,2025-11-14T14:07:39Z,Mobile,Direct,10,1,False,True
f171ad6d-d60b-486a-9b4a-9cf53ab6aa4d,66,2025-08-08T08:16:30Z,2025-08-08T08:18:49Z,Mobile,Direct,15,14,True,False
29b3b8c2-2466-457c-8db1-bba6b0171cf7,322,2025-12-10T21:28:11Z,2025-12-11T00:27:42Z,Wearable,Email,89,47,True,False
bf883ac6-17df-47bc-99c9-e4283718b60a,333,2025-08-06T12:36:59Z,2025-08-06T12:37:22Z,Mobile,Organic Search,1,0,False,False
0210ca5d-d5f1-42f9-bfe6-251041fe5a4d,481,2020-06-12T20:53:52Z,2020-06-12T20:54:48Z,Mobile,Organic Search,5,1,False,True
56f23f92-5083-4b84-a01f-c8cd6ad22690,474,2025-11-15T23:23:33Z,2025-11-15T23:27:14Z,Desktop,Paid Search,4,2,False,True
9580e7ff-98fb-489f-9bd2-3918f6fa5873,392,2021-04-20T05:39:34Z,2021-04-20T06:08:47Z,Tablet,Direct,22,12,False,True
3fa032d7-6c97-413f-881c-8ca4266592f8,157,2024-03-05T09:27:59Z,2024-03-05T09:28:27Z,Mobile,Direct,4,1,False,True
f904b442-0041-409b-aa46-b0f7948520b5,276,2025-06-11T23:44:51Z,2025-06-11T23:46:56Z,Mobile,Organic Search,8,4,False,False
80fa4aed-ce5c-418a-9aaa-ca446f96017e,51,2025-04-02T22:24:28Z,2025-04-02T22:31:50Z,Desktop,Direct,6,0,False,False
c6637b4f-605a-4d9c-9652-01fe859c3273,50,2025-12-19T04:07:56Z,2025-12-19T04:18:03Z,Mobile,Organic Search,20,17,True,False
04fb33fb-23cc-4d44-9a82-55bdcf7f1b31,167,2023-06-04T01:45:33Z,2023-06-04T02:04:09Z,Mobile,Direct,18,6,False,False
fbf370ee-2572-443d-96d4-3ffa417bdc0d,138,2025-04-27T07:19:55Z,2025-04-27T07:20:02Z,Mobile,Organic Search,1,0,False,False
635a3d00-e3be-41ee-80b5-3e3036595424,482,2024-04-21T03:50:08Z,2024-04-21T04:14:33Z,Mobile,Organic Search,9,0,False,False
07fcaf3a-d164-4e9d-a4ea-b1cdce2c6f90,55,2020-08-12T23:54:02Z,2020-08-13T00:47:41Z,Mobile,Display Ads,41,13,False,False
2517f2e7-f367-4405-bf1f-9938284e9bd8,453,2021-10-06T13:54:00Z,2021-10-06T15:57:22Z,Tablet,Organic Search,16,11,False,False
a37f8544-c73f-48e5-9a45-30f3ed4036b4,452,2022-08-01T10:11:02Z,2022-08-01T10:11:26Z,Mobile,Organic Search,1,0,False,False
0cb363d7-ba05-42e2-932e-38de253a04e0,62,2024-07-10T22:40:59Z,2024-07-10T22:47:42Z,Tablet,Direct,6,2,False,False
32a6c0bb-1d04-4aaa-a72d-7e6b04c5ba39,225,2025-10-01T06:57:47Z,2025-10-01T07:06:07Z,Mobile,Organic Search,15,9,False,True
b1f8bedb-1c02-4233-9715-11b067bc2b57,328,2025-10-11T11:52:41Z,2025-10-11T12:04:33Z,Desktop,Social Media,17,2,False,True
c2b1ce41-b0d3-45fa-b631-32c362d6a697,431,2023-03-17T15:16:12Z,2023-03-17T15:17:05Z,Tablet,Paid Search,2,1,False,True
926da0c0-030a-466a-afff-33609f13c054,131,2024-11-30T04:09:26Z,2024-11-30T04:09:59Z,Desktop,Referral,4,1,False,False
57b38649-ace7-402f-bbf8-4f0d11298245,404,2025-07-08T04:28:41Z,2025-07-08T04:54:12Z,Mobile,Direct,23,4,False,False
ac4f88ce-f7b9-4655-a1cf-a6c0ff5b0804,336,2025-12-02T09:35:44Z,2025-12-02T09:40:05Z,Desktop,Organic Search,13,4,False,False
85ab9778-262f-45f1-874b-a6cc34691bed,351,2024-10-22T02:32:34Z,2024-10-22T02:33:25Z,Desktop,Social Media,2,1,False,False
85cccf90-21e8-4236-ad93-92dd2a6313c1,206,2025-06-20T13:58:00Z,2025-06-20T13:59:29Z,Mobile,Direct,5,0,False,False
c35f5d51-6ae4-4d06-958f-45ba3386cdb1,51,2024-07-31T10:00:11Z,2024-07-31T10:52:59Z,Tablet,Social Media,45,36,False,True
c0ac79a0-d6a3-46ff-817d-cf478ae54b97,415,2024-11-23T23:49:22Z,2024-11-24T00:34:32Z,Mobile,Direct,84,40,False,False
174d9777-346d-40f8-86b7-e77f4107a05b,396,2023-01-07T11:06:34Z,2023-01-07T11:06:45Z,Desktop,Social Media,4,0,False,False
c8a10f33-cd97-43a9-aaf9-d1fbae216b36,450,2020-02-19T01:58:00Z,2020-02-19T02:10:59Z,Tablet,Organic Search,24,13,False,False
d1ce3c31-671f-42f7-b9a6-5ab812d88548,115,2024-05-14T15:41:36Z,2024-05-14T15:42:05Z,Mobile,Direct,1,1,False,False
cadb816c-8ecd-4dae-8d81-4e51d36646ab,298,2022-11-08T22:58:34Z,2022-11-08T22:59:27Z,Mobile,Organic Search,5,3,False,True
0a7f6ecf-fa37-4789-b66f-9c65eb5c6373,148,2016-11-18T03:06:22Z,2016-11-18T03:08:52Z,Desktop,Email,6,0,False,False
a937ae7d-e71e-4202-a4d7-d1891d0500ec,56,2021-05-13T13:36:03Z,2021-05-13T13:47:07Z,Desktop,Organic Search,25,5,False,True
d51fda43-7d57-4129-8ed8-36ac7ffcd7ce,453,2023-05-04T09:17:56Z,2023-05-04T09:19:29Z,Desktop,Social Media,4,1,False,False
62b501e2-df3f-474f-8bf5-e3a883499727,263,2023-01-14T13:56:04Z,2023-01-14T14:15:09Z,Mobile,Organic Search,20,18,False,True
06bb88fe-ea2e-44b6-9e65-8392feec5b70,32,2024-11-25T15:11:35Z,2024-11-25T15:12:24Z,Tablet,Organic Search,2,1,False,False
37f8f9fb-6f43-4841-b05a-0a8c907cdab9,480,2024-04-05T10:46:16Z,2024-04-05T10:46:54Z,Desktop,Organic Search,5,2,False,False
74c28d4e-5da0-4f32-870d-86006565fd95,229,2025-02-04T08:51:53Z,2025-02-04T09:00:11Z,Mobile,Organic Search,4,0,False,False
25e1a644-4c64-4feb-97a7-3aae608f26fd,322,2024-09-23T17:47:21Z,2024-09-23T18:21:53Z,Mobile,Organic Search,66,3,True,False
0a59767a-5748-4ba8-bb45-b5c14e31a0b7,216,2023-12-16T03:48:30Z,2023-12-16T03:48:39Z,Mobile,Direct,3,2,False,False
38624499-24f5-4dd4-8d28-61a80b82983f,74,2025-12-15T18:09:43Z,2025-12-15T18:29:09Z,Smart TV,Social Media,24,8,False,False
3b835692-933f-45fd-8c9b-f2f05c0ef7b8,204,2024-11-11T11:16:29Z,2024-11-11T14:59:44Z,Mobile,Organic Search,90,44,False,False
4adde947-76ce-4cbe-aeb0-3d4ccdcac51b,110,2020-05-03T15:23:14Z,2020-05-03T15:23:28Z,Tablet,Paid Search,5,3,False,False
204af6bc-1e45-425a-968f-1fd52992b1af,15,2019-02-02T02:18:40Z,2019-02-02T02:30:59Z,Mobile,Email,13,1,False,True
288e780a-cb74-4293-a86f-08fa6dc30a22,457,2024-05-02T02:07:50Z,2024-05-02T02:53:13Z,Desktop,Organic Search,62,26,False,True
6d2d5a1e-e2f9-4573-96c8-117e1f7f923e,72,2025-09-20T02:43:10Z,2025-09-20T02:47:26Z,Desktop,Paid Search,5,1,False,False
7cb443f6-af89-4b83-b8bb-dd5de0b29748,292,2022-11-27T03:57:31Z,2022-11-27T03:57:56Z,Tablet,Organic Search,1,0,False,False
3c8232b6-34f8-4ff1-8312-424a0116c87b,21,2025-02-05T06:54:19Z,2025-02-05T07:24:53Z,Mobile,Direct,11,5,False,False
1eec039e-fe24-4b67-8fd1-f0ac7e6697d9,88,2025-08-29T16:51:02Z,2025-08-29T17:35:50Z,Mobile,Direct,72,35,False,False
68d3ceaf-faed-460a-8855-6ef59ff070d6,127,2016-03-15T02:40:08Z,2016-03-15T02:40:17Z,Mobile,Organic Search,4,1,False,False
31b7a553-6506-42e9-ace3-094eaf1b8825,403,2017-05-26T11:50:01Z,2017-05-26T11:58:00Z,Desktop,Email,3,0,False,False
80452d6d-7e20-4a07-90cf-c13a6d6771fb,202,2021-11-26T18:31:17Z,2021-11-26T18:44:24Z,Smart TV,Social Media,8,2,False,False
ab296eb2-25be-4f6b-aa5b-e065a6952683,494,2024-06-03T18:03:39Z,2024-06-03T18:10:05Z,Tablet,Paid Search,10,5,False,False
8e4a352f-c7ac-4313-aa07-a05236fcf654,99,2022-11-01T21:17:37Z,2022-11-01T21:19:27Z,Desktop,Organic Search,5,0,False,False
686edfba-af5b-463f-9a3b-e8a43b0f7c25,174,2025-10-06T09:09:28Z,2025-10-06T09:15:07Z,Mobile,Organic Search,10,6,True,False
7a404cb3-046a-4788-910e-f4f840dcdb1a,74,2025-12-06T14:31:13Z,2025-12-06T14:35:32Z,Desktop,Social Media,9,4,False,False
6c83d53b-6790-46d9-aeec-57f3c91732bc,169,2017-04-06T12:53:19Z,2017-04-06T12:54:11Z,Mobile,Organic Search,2,0,False,False
8d986da5-3e5a-4e76-809e-22480a77b607,161,2023-05-14T21:06:04Z,2023-05-14T21:07:04Z,Mobile,Paid Search,5,2,False,False
ade6fa9e-51fe-4cae-9b25-84bc367804b0,93,2025-03-19T14:41:48Z,2025-03-19T14:45:34Z,Mobile,Social Media,15,3,False,True
18ce0945-41ee-4e3e-9dbb-7586b39a3ab0,188,2025-08-06T10:17:30Z,2025-08-06T10:27:40Z,Smart TV,Social Media,13,0,False,False
f9c52cff-100c-474a-ae4a-eecbe4060fbb,205,2020-03-17T10:25:04Z,2020-03-17T10:25:19Z,Mobile,Referral,2,1,False,False
532215e7-867a-4ff5-9d35-4821c9348017,188,2025-12-13T10:00:36Z,2025-12-13T10:41:42Z,Desktop,Display Ads,38,8,False,False
6437d953-7fc8-4ade-bacd-18f3891e894a,446,2024-01-31T21:33:09Z,2024-01-31T21:33:48Z,Desktop,Organic Search,5,0,False,False
3ed9de93-0bab-4103-9e5e-e821eb8aa525,303,2023-02-02T11:35:52Z,2023-02-02T11:40:43Z,Desktop,Social Media,13,0,False,False
4c04c05b-c6fc-41b9-b94d-730c8abf9ef9,53,2020-10-18T03:46:24Z,2020-10-18T03:59:36Z,Desktop,Social Media,16,11,False,False
fbdd8aac-af67-41f9-aad3-c952cc13d579,120,2025-09-24T19:18:27Z,2025-09-24T19:33:10Z,Wearable,Direct,17,14,False,False
8b345311-e212-4f90-a678-e9914e9be4df,174,2025-09-25T04:23:00Z,2025-09-25T04:23:20Z,Mobile,Organic Search,3,2,False,False
fbc58cdf-59bc-4b6f-afac-cbbc3028a8f9,262,2024-10-04T05:51:53Z,2024-10-04T05:58:45Z,Mobile,Direct,4,1,True,False
1b1e1c05-97e9-4024-b4cd-9032ef4adbbb,250,2024-12-12T14:07:19Z,2024-12-12T14:08:10Z,Desktop,Organic Search,5,3,False,False
f1247668-1be0-495c-9aab-9e7141549e39,202,2024-10-10T03:26:32Z,2024-10-10T03:29:50Z,Mobile,Social Media,12,2,False,True
3fa991fb-ffbe-459e-863f-4ac9c60a544f,193,2025-08-22T01:39:17Z,2025-08-22T01:39:40Z,Tablet,Paid Search,1,1,False,False
9768a56d-6d4c-4f91-bc02-66264ed107bc,442,2021-12-07T20:24:07Z,2021-12-07T20:37:00Z,Mobile,Direct,9,4,False,False
7c2dc75b-1045-4660-b986-a48089dd52ff,321,2024-01-16T17:34:52Z,2024-01-16T19:45:16Z,Mobile,Social Media,73,26,False,True
e4e965b9-ddce-4954-bd09-6b9a4a21ad5c,74,2025-11-26T09:58:01Z,2025-11-26T09:59:01Z,Mobile,Direct,5,3,False,False
80fd960c-5832-4701-a28e-1f853f98115f,35,2024-07-25T06:07:39Z,2024-07-25T06:14:32Z,Mobile,Social Media,13,6,False,False
2e3fa63e-b09f-4f00-bdce-1c2a03eb3324,137,2024-01-19T09:22:31Z,2024-01-19T09:26:14Z,Mobile,Organic Search,4,0,False,False
2bd27276-503e-4c60-9fa2-24e1f9ba19c8,3,2024-01-02T20:33:00Z,2024-01-02T20:40:32Z,Desktop,Organic Search,3,1,False,False
86fce254-d3fc-4679-8e13-aeac0090c213,95,2024-01-26T11:58:30Z,2024-01-26T12:55:24Z,Mobile,Organic Search,19,4,False,False
959ebb33-9c0f-4b8c-ba80-d9f3a19240ca,99,2023-08-28T13:58:07Z,2023-08-28T14:08:30Z,Wearable,Organic Search,20,18,False,False
406eba24-a3a9-4a6c-ae01-968d7683629a,459,2025-11-27T01:43:15Z,2025-11-27T01:47:43Z,Mobile,Social Media,10,8,False,False
792176c1-f3bf-44b8-a92f-faffa7214c1e,102,2023-11-26T01:23:39Z,2023-11-26T01:23:47Z,Smart TV,Paid Search,1,0,False,False
2d66a31d-bd65-458d-84df-d22e2d1d54d7,8,2019-07-16T21:06:16Z,2019-07-16T21:06:29Z,Tablet,Paid Search,1,0,False,False
f40262c4-661f-4416-8014-2822d8b52ee9,15,2025-05-25T15:21:36Z,2025-05-25T16:11:57Z,Mobile,Organic Search,79,13,False,False
e41d968c-dca4-427b-be64-39a4c931f70e,354,2024-12-12T13:30:15Z,2024-12-12T13:31:04Z,Desktop,Direct,3,1,True,False
6f56174e-3ce1-468f-846e-a8b6d627434c,465,2024-09-30T06:11:21Z,2024-09-30T09:05:50Z,Mobile,Email,34,9,False,False
ffa78166-fa33-443d-aebb-1dd3890cf6c6,196,2022-12-30T16:08:36Z,2022-12-30T16:08:47Z,Tablet,Paid Search,2,0,False,False
560a1f43-180a-4b83-972b-096607c1a345,134,2023-08-29T21:15:03Z,2023-08-29T21:15:23Z,Mobile,Paid Search,1,0,False,False
6db52599-5155-4656-b304-39f769fbc40b,101,2023-10-29T10:11:40Z,2023-10-29T10:12:26Z,Mobile,Social Media,2,0,False,False
2c14b13b-ed65-4043-b368-c70a257f5138,490,2021-04-21T22:11:15Z,2021-04-21T22:19:53Z,Mobile,Social Media,12,0,False,False
f1da91f9-2ff4-4457-abd6-3b1801ff0cc1,213,2025-11-12T10:14:43Z,2025-11-12T10:19:12Z,Desktop,Organic Search,9,6,False,False
45689b09-ebe6-4624-8997-18cc3c85a955,46,2025-12-22T07:21:23Z,2025-12-22T08:06:19Z,Mobile,Direct,35,10,False,False
ef51fa99-2608-4c29-92b6-4ced8868593b,459,2025-10-23T13:36:25Z,2025-10-23T13:41:46Z,Mobile,Organic Search,8,7,False,False
8425e778-12f4-4db4-a3cb-54bafdad224e,126,2022-08-28T11:55:19Z,2022-08-28T12:45:04Z,Mobile,Paid Search,22,14,False,False
32101b1e-2cc2-4d0b-98a1-7d8974887354,37,2024-01-06T01:55:05Z,2024-01-06T02:39:17Z,Desktop,Organic Search,35,0,False,False
519baf28-ae9c-41cf-b0f4-fba2ce2620b8,84,2025-12-09T13:48:16Z,2025-12-09T14:32:37Z,Desktop,Organic Search,57,47,False,True
247e2c64-decb-44bb-a4c8-fe0710868876,157,2023-09-13T05:28:55Z,2023-09-13T06:15:48Z,Tablet,Social Media,70,8,False,False
0fc05f79-8fac-47d8-b51f-dadc896f8029,292,2022-12-21T10:47:27Z,2022-12-21T11:01:11Z,Smart TV,Organic Search,14,2,False,False
0df4c621-32c0-4f96-8dab-6568937e5824,488,2023-09-18T02:07:08Z,2023-09-18T02:08:16Z,Mobile,Organic Search,3,2,False,True
2093b494-fe4e-4dfb-8f55-639aebbe9ef3,256,2022-09-08T16:13:26Z,2022-09-08T17:01:26Z,Tablet,Direct,89,50,False,False
625c8726-f9b7-4f44-8915-9385cdb669b2,58,2023-11-18T13:53:32Z,2023-11-18T14:07:42Z,Mobile,Paid Search,24,23,False,False
fd731088-8fd2-4d4c-bd77-c97f0d6a5eb2,151,2021-06-30T06:28:04Z,2021-06-30T06:53:27Z,Mobile,Referral,27,11,False,False
8869a795-9799-4a4d-a3dc-5a29ddd2c72b,68,2025-03-11T13:07:01Z,2025-03-11T13:07:45Z,Desktop,Paid Search,3,1,False,True
eddd7c26-61ff-4545-9883-9429fb8313b2,45,2025-10-15T11:37:02Z,2025-10-15T11:37:11Z,Mobile,Paid Search,1,0,False,False
46685ed5-74a7-48a9-8a10-32afe1223bab,351,2023-01-13T17:04:05Z,2023-01-13T17:14:34Z,Tablet,Organic Search,21,6,False,False
f78a0f51-fa5c-4cfb-a39a-7991d238a710,149,2024-05-30T10:05:12Z,2024-05-30T10:05:33Z,Mobile,Social Media,4,1,False,True
1a04e5ec-4427-4473-971d-b34f9a649fe0,363,2021-11-07T01:42:04Z,2021-11-07T01:56:21Z,Desktop,Social Media,23,5,False,False
fab24350-7d4f-40ac-a945-720ee7fa9d42,2,2024-06-18T12:55:19Z,2024-06-18T13:55:13Z,Mobile,Paid Search,48,42,False,False
280f44f0-0371-4acf-8906-01f1eabcae61,309,2019-08-29T08:58:38Z,2019-08-29T08:59:35Z,Mobile,Paid Search,2,0,False,False
0f10335c-5ef6-4c6a-b6ec-fdec7d8f564e,449,2024-09-25T08:08:00Z,2024-09-25T08:36:42Z,Tablet,Email,6,4,True,False
e3f163e5-fd10-4eef-aecc-2db1db5b580c,61,2025-01-15T11:36:37Z,2025-01-15T12:27:54Z,Smart TV,Social Media,99,17,False,False
6a78d926-ce9c-4ec6-9000-99ef80b0d76c,326,2025-09-08T14:10:53Z,2025-09-08T14:11:12Z,Desktop,Organic Search,1,0,False,False
d5734020-2fd5-4d48-bef3-789ff5c00fb4,269,2018-07-22T17:07:17Z,2018-07-22T17:17:09Z,Mobile,Paid Search,14,4,False,False
bcc518a2-73a5-4b72-97d8-6ce5df44235e,40,2018-01-11T05:50:15Z,2018-01-11T05:54:52Z,Desktop,Organic Search,10,3,False,False
124b40d8-fc24-4e1c-a8ee-f3e40dd525c7,51,2025-05-18T10:28:31Z,2025-05-18T10:40:54Z,Mobile,Social Media,16,0,False,False
121065fd-0b09-4869-a97b-9e98fd5f6eda,430,2025-06-02T01:48:02Z,2025-06-02T02:37:47Z,Desktop,Email,79,13,False,True
99abe9c5-f52a-4b9c-83e4-3ade9d1e1f82,385,2023-02-08T11:33:37Z,2023-02-08T11:59:38Z,Desktop,Social Media,18,13,False,False
5949a34f-c7e5-4c9a-b62f-80f361406ab2,235,2024-11-12T17:20:34Z,2024-11-12T17:24:45Z,Desktop,Direct,12,0,False,False
6a0a633e-2c28-4d9d-8088-4db556f12bc2,297,2025-03-26T05:39:21Z,2025-03-26T05:48:29Z,Desktop,Paid Search,10,6,False,False
ceeba2a2-abcd-408c-b449-8512b04afbb3,391,2025-11-27T10:59:12Z,2025-11-27T11:34:03Z,Mobile,Organic Search,40,35,False,False
8983739f-8c2f-4ce3-bbb4-10fe7e62deb5,461,2022-05-30T16:54:04Z,2022-05-30T17:02:35Z,Mobile,Email,9,0,True,False
d233de76-1157-4af8-bef4-3d81b2a0f414,138,2025-06-13T04:18:23Z,2025-06-13T04:18:56Z,Desktop,Paid Search,2,0,False,False
5c9813cf-3e04-4685-bb63-3d52b5d1aa75,11,2023-09-26T09:26:32Z,2023-09-26T09:27:17Z,Mobile,Social Media,2,1,False,False
62267012-2ffe-4030-9bc9-59b4eee31ea1,346,2025-03-05T07:23:13Z,2025-03-05T09:07:28Z,Mobile,Paid Search,25,20,False,False
774ad81d-5580-43ef-beeb-93fffd1492dd,414,2023-08-27T15:10:32Z,2023-08-27T15:43:23Z,Desktop,Direct,26,22,False,False
38d6ffb3-096e-4e17-8a9f-788f53dd25e9,419,2025-11-20T03:33:17Z,2025-11-20T03:39:51Z,Desktop,Organic Search,7,2,False,False
7fc433f3-adca-41f0-bc8d-9717d8321171,356,2024-07-31T14:19:23Z,2024-07-31T14:28:47Z,Desktop,Paid Search,8,1,False,False
76342937-5bec-4573-9b99-bf72f9e8da35,492,2022-04-21T13:27:53Z,2022-04-21T14:17:28Z,Mobile,Social Media,55,41,False,False
3d0fecf3-e63f-41bf-992b-236c31b27987,443,2024-06-08T01:45:01Z,2024-06-08T02:35:21Z,Mobile,Organic Search,68,30,False,False
77007b6a-6542-48c0-b30b-558984b9c2a0,85,2025-12-12T15:15:32Z,2025-12-12T15:27:36Z,Mobile,Email,24,22,False,False
e0a339a7-6771-44d7-84c0-eefd5cd12c23,404,2022-06-23T21:23:23Z,2022-06-23T21:36:41Z,Mobile,Social Media,10,0,True,False
894e5f90-2899-48a3-ab91-49f29e7942ba,298,2016-08-15T12:41:25Z,2016-08-15T12:42:17Z,Desktop,Display Ads,4,0,False,False
633a1ea1-0532-47b8-8ed1-7ba8ba875089,221,2021-08-21T20:43:21Z,2021-08-21T20:43:28Z,Desktop,Direct,1,0,False,False
aa937371-0ed0-40a3-aba5-b517836c3a5d,163,2022-10-08T07:36:54Z,2022-10-08T07:37:28Z,Desktop,Direct,3,1,False,False
cc2180b7-3a21-40e1-ba29-d4d7597d3763,43,2025-01-30T00:48:59Z,2025-01-30T00:49:13Z,Mobile,Social Media,5,2,False,False
5a359478-fb99-428d-839f-707f5f1fdda8,289,2020-02-21T17:46:03Z,2020-02-21T17:46:50Z,Mobile,Organic Search,3,2,False,False
ac98f197-5a3f-4f7d-8bd9-928d03899b45,153,2022-05-21T19:44:10Z,2022-05-21T20:01:57Z,Desktop,Social Media,15,1,False,False
5eb4f37a-4caf-46e0-ac3f-2e6e3f412d4e,440,2021-06-16T11:58:20Z,2021-06-16T11:58:54Z,Desktop,Paid Search,2,1,False,True
07d70ac4-177c-4086-b965-6ca374a08906,448,2019-10-25T17:16:00Z,2019-10-25T17:56:34Z,Smart TV,Direct,22,5,False,True
8c862152-4e86-4230-8752-9afc195131b1,268,2024-04-27T04:09:35Z,2024-04-27T04:11:35Z,Mobile,Organic Search,6,0,False,False
c256c299-de3e-475e-88f8-1579e20f7b54,40,2021-12-06T03:58:35Z,2021-12-06T04:00:08Z,Desktop,Direct,3,2,False,False
054b1fc3-6eeb-4e41-a9a0-b36778758a13,92,2025-02-25T02:19:55Z,2025-02-25T03:11:10Z,Tablet,Referral,54,5,False,False
3a7ef24c-3869-4a0d-ae72-242f835633e9,194,2025-07-21T23:06:12Z,2025-07-21T23:18:47Z,Mobile,Direct,12,4,False,False
b2b125af-03c1-4ab2-aac3-95104b304969,198,2023-08-26T21:52:23Z,2023-08-26T21:53:13Z,Mobile,Organic Search,4,1,False,False
33a25868-c25f-4431-ab16-b910d131f2f7,131,2025-02-02T04:48:17Z,2025-02-02T05:09:03Z,Tablet,Direct,23,15,False,False
bf4f4ecf-f2eb-4073-8c0c-c22ddbdbc7ef,10,2021-07-30T22:59:39Z,2021-07-30T23:00:27Z,Smart TV,Paid Search,4,0,False,False
8ab1895c-06ac-43d4-a73d-e967006527ba,267,2022-01-10T21:29:22Z,2022-01-10T21:43:03Z,Mobile,Social Media,9,2,False,False
6768f12f-2898-4891-8d8c-d09ebb5b436b,416,2024-10-29T09:28:42Z,2024-10-29T09:42:58Z,Desktop,Paid Search,26,14,False,False
e6138ebd-a3e2-46a2-aa6d-5ec27e3adc7f,452,2025-07-01T06:02:42Z,2025-07-01T06:43:10Z,Tablet,Organic Search,11,2,True,False
ae4fa46d-e8e7-4b9e-85ad-b2b117bc9a69,292,2025-06-21T20:53:10Z,2025-06-21T21:29:18Z,Desktop,Organic Search,35,28,False,True
4a423e85-7f81-4d7d-b59a-903de9c2cf8a,317,2025-05-21T19:11:47Z,2025-05-21T19:12:35Z,Desktop,Organic Search,3,0,False,False
81d577af-ea0c-4fdf-8853-9699b9a8b052,41,2022-05-24T09:11:21Z,2022-05-24T09:13:34Z,Mobile,Organic Search,9,0,False,False
9718ba57-f0e3-4d8c-a8fb-2433ed0d4981,80,2020-07-03T05:24:13Z,2020-07-03T05:28:06Z,Mobile,Organic Search,14,3,False,True
bac7a9f7-06e5-4fb8-ae32-0be6b60bd434,65,2025-09-05T20:48:05Z,2025-09-05T20:49:14Z,Mobile,Direct,5,1,False,False
167ccd12-a38a-4bb1-808f-f1d35c9e3a36,311,2024-12-05T18:57:44Z,2024-12-05T19:01:52Z,Mobile,Paid Search,14,11,False,True
299798d2-f6c0-407a-881b-2c910ba6b46a,61,2021-10-01T18:02:53Z,2021-10-01T18:17:26Z,Mobile,Direct,15,1,False,False
94ceb061-2275-41e6-b5fe-177ef0ff226d,405,2021-01-25T20:08:32Z,2021-01-25T20:23:09Z,Desktop,Referral,20,4,False,False
43d0e7a7-ba7c-4f76-abfe-405c9e88b565,315,2018-03-06T15:50:44Z,2018-03-06T15:51:17Z,Mobile,Direct,5,1,False,True
a6a8317e-5670-40d6-8864-7812c5c526e2,71,2023-03-24T08:12:40Z,2023-03-24T08:17:24Z,Smart TV,Paid Search,4,1,False,False
e54a2ef2-3c11-4e55-83e7-1918c7df2181,437,2020-08-01T00:35:12Z,2020-08-01T00:35:58Z,Smart TV,Direct,5,3,False,False
f097e5f2-32e0-46ac-ab19-f854e02c43bc,155,2025-11-09T02:36:15Z,2025-11-09T02:50:32Z,Mobile,Organic Search,16,5,False,True
6b60ba25-f8d1-4729-bed5-64f8623135b0,110,2020-11-24T12:03:43Z,2020-11-24T12:45:13Z,Mobile,Display Ads,75,30,False,True
f1067fc0-74c3-4326-a860-fcc6335cb097,146,2025-10-31T01:54:05Z,2025-10-31T02:06:01Z,Mobile,Organic Search,29,11,False,True
41080268-d80d-4544-8e6f-2c18a3969366,346,2025-03-05T17:32:03Z,2025-03-05T17:32:29Z,Desktop,Organic Search,1,1,False,False
3b9dc821-a343-488b-a551-4603c506d860,304,2023-09-27T03:43:24Z,2023-09-27T03:44:01Z,Mobile,Organic Search,2,0,False,False
1ae957bf-87a8-4e78-b978-34e152e5e38f,451,2022-11-29T20:43:59Z,2022-11-29T20:57:25Z,Desktop,Direct,20,9,False,False
aa796de4-70ce-4d2a-a9e9-4f7004062ba6,86,2025-12-11T17:09:30Z,2025-12-11T17:09:52Z,Desktop,Paid Search,2,0,False,False
76173c37-5b88-4008-9da8-8a93b495f0da,42,2025-12-11T19:13:20Z,2025-12-11T19:26:23Z,Mobile,Organic Search,8,2,False,False
02bd1160-a68d-4927-98b2-221380f3a92d,235,2023-08-22T14:50:30Z,2023-08-22T14:58:38Z,Desktop,Organic Search,4,1,False,False
b6cd20f0-a1a4-40cd-9f03-5df7c2c7b56a,278,2022-02-19T23:52:49Z,2022-02-20T00:51:42Z,Tablet,Organic Search,97,44,False,False
b24fb989-4baa-4953-b68e-0f1ac216a803,488,2022-03-15T03:10:49Z,2022-03-15T03:20:48Z,Mobile,Organic Search,7,5,False,True
135fdba5-702c-4c8f-9f11-936352324531,315,2020-02-06T00:41:36Z,2020-02-06T00:48:16Z,Desktop,Paid Search,13,9,False,False
e1b46a5d-c3ad-46ac-a739-f22dde8526e8,252,2020-05-07T05:07:12Z,2020-05-07T05:10:40Z,Tablet,Organic Search,4,1,False,False
99e0cd71-2c66-4e0d-a852-15e578788ed3,443,2024-06-06T09:14:47Z,2024-06-06T09:37:02Z,Tablet,Direct,6,0,False,False
9db68eba-80c6-4aa5-b53f-c62b6b53841a,300,2024-06-02T22:01:39Z,2024-06-02T22:01:57Z,Desktop,Paid Search,1,1,False,False
ab15b59d-b182-4b3b-99cf-c2961ba54695,5,2025-10-16T06:54:15Z,2025-10-16T07:07:49Z,Mobile,Organic Search,27,21,False,False
3675722c-d540-4244-a5b4-56b337f6eaa6,330,2022-04-12T05:31:43Z,2022-04-12T09:18:38Z,Desktop,Organic Search,34,21,False,False
f0e30182-c57a-40a6-96a0-a9e88c6f8ed4,211,2020-12-19T09:32:20Z,2020-12-19T09:33:04Z,Desktop,Social Media,3,0,False,False
c3bbd8e0-d740-4f4a-b920-0e06354fac72,7,2025-05-14T15:22:11Z,2025-05-14T15:34:12Z,Mobile,Organic Search,30,26,False,False
32175bbf-8531-4d44-b6e3-be206272bdb8,353,2022-05-11T01:40:54Z,2022-05-11T01:47:09Z,Tablet,Email,15,4,False,True
b3b2c662-ddbf-42e5-a023-ba2a83acb926,84,2024-10-09T07:52:37Z,2024-10-09T08:32:43Z,Mobile,Paid Search,21,3,False,False
a4133e21-ec6b-4078-ab8f-c4cceccd846b,219,2023-04-25T15:53:35Z,2023-04-25T15:56:20Z,Mobile,Organic Search,14,1,False,False
fecb0e2d-bc20-4e45-8260-45d5b7010153,442,2025-04-18T17:07:12Z,2025-04-18T17:09:47Z,Desktop,Social Media,9,1,False,False
c5198b8e-302b-47f2-a7ef-fb7ec23ca6f7,337,2019-08-09T14:46:03Z,2019-08-09T14:50:08Z,Desktop,Organic Search,5,1,False,False
8e9b04da-47d7-422e-814d-0cd072182478,315,2018-01-12T06:59:35Z,2018-01-12T07:00:14Z,Mobile,Organic Search,3,2,False,False
6988b5cf-13b2-47f2-b895-16651641533a,67,2025-04-23T20:27:13Z,2025-04-23T20:27:18Z,Mobile,Organic Search,1,0,False,False
85e50cb8-e010-4123-a917-3ea935c6edd2,354,2025-09-18T06:17:57Z,2025-09-18T08:28:13Z,Mobile,Organic Search,65,39,False,True
84969490-1fa1-493b-bd89-08178ae92107,93,2019-01-18T06:51:32Z,2019-01-18T06:52:16Z,Smart TV,Paid Search,3,1,False,True
b97e9e78-bc36-4e27-a132-f972fbbcb185,428,2022-12-30T06:24:41Z,2022-12-30T07:12:25Z,Tablet,Organic Search,87,27,False,True
79cadf77-9338-45fe-904b-0dbd533ba085,173,2015-08-10T16:16:08Z,2015-08-10T17:06:50Z,Mobile,Direct,53,17,False,False
0ae695c1-756d-4859-91c2-15fa219f5c54,496,2025-08-09T04:29:03Z,2025-08-09T04:36:54Z,Desktop,Paid Search,11,9,False,False
0a0c1d81-a68d-4f40-bbce-d89cda4f03a0,240,2022-12-03T18:04:47Z,2022-12-03T18:05:08Z,Desktop,Organic Search,5,0,False,False
4726de65-462d-42ad-a5c3-1c7afcd82cb0,220,2025-04-20T09:27:50Z,2025-04-20T09:30:08Z,Desktop,Referral,9,7,False,False
0cba24af-3e6e-42bc-a807-8d8861da523a,149,2025-02-07T03:58:15Z,2025-02-07T04:42:56Z,Desktop,Email,12,10,False,False
122137a5-836b-4e52-b5ce-2fba1b5a3b5d,180,2022-06-27T20:30:19Z,2022-06-27T21:03:21Z,Tablet,Paid Search,54,34,False,False
c627cc61-8df3-4ab8-9a5c-765c44f2d71b,157,2019-04-17T06:34:58Z,2019-04-17T08:40:41Z,Desktop,Display Ads,32,24,False,False
d2748ff6-b768-41d2-a27c-774a1305a175,403,2024-10-20T23:07:24Z,2024-10-20T23:07:44Z,Desktop,Social Media,1,0,False,False
2df6b771-4168-4d36-b406-063eab1bc9ee,117,2025-08-31T13:07:52Z,2025-08-31T13:08:02Z,Tablet,Paid Search,2,0,True,False
9267ed6e-01a7-4b29-9d76-58b93e9f3664,481,2024-05-06T22:26:55Z,2024-05-06T22:40:52Z,Desktop,Paid Search,6,1,False,True
66706001-95ed-4d76-aad3-4617bee0bbfe,112,2025-09-30T12:49:00Z,2025-09-30T13:00:12Z,Mobile,Direct,22,2,False,True
2f7ee681-8bd0-4e38-bbd9-67ff1e0be9d3,356,2024-03-01T08:46:22Z,2024-03-01T09:04:37Z,Mobile,Email,16,14,False,False
16257a43-81a9-486c-95e3-d1b834ed0fc9,203,2022-05-22T20:35:02Z,2022-05-22T20:36:44Z,Desktop,Social Media,5,2,False,False
e91542a7-570e-45e1-89be-c3f4920c8ce5,359,2019-05-04T02:04:31Z,2019-05-04T02:42:20Z,Mobile,Email,68,50,False,False
6684676d-f074-4bb0-9cc6-3a25f50d2856,249,2025-11-25T08:01:26Z,2025-11-25T08:02:51Z,Mobile,Organic Search,4,0,False,False
a1bc6816-d719-410e-8bb6-74ce46d4e459,106,2024-10-18T10:23:01Z,2024-10-18T10:52:11Z,Desktop,Social Media,6,5,False,False
777d2c88-1a2b-44b7-a485-f84693b68e20,422,2021-05-04T17:49:14Z,2021-05-04T18:14:28Z,Mobile,Direct,21,10,False,False
13ee0433-f67c-4dd8-b1f5-4d9d112ef929,96,2019-02-28T05:01:52Z,2019-02-28T05:03:24Z,Desktop,Direct,2,1,False,False
c006c010-e41e-484a-94f9-051943de618e,32,2025-10-27T12:13:24Z,2025-10-27T12:27:15Z,Desktop,Organic Search,29,19,False,False
ca0a6520-dce1-4656-9cac-5e436207a298,44,2022-07-17T16:46:32Z,2022-07-17T17:35:49Z,Mobile,Direct,64,4,False,False
be5d17e8-029e-465c-a98a-2dd5f13c1e15,490,2017-10-28T21:53:43Z,2017-10-28T22:03:26Z,Desktop,Direct,9,6,False,False
6a39fe2f-98cc-44c7-aefc-a566b9175e6f,372,2022-11-24T17:57:15Z,2022-11-24T17:57:45Z,Mobile,Social Media,2,1,False,False
d1f48f10-a4ba-414f-9582-109f772a6f04,385,2017-10-15T17:21:59Z,2017-10-15T17:27:51Z,Tablet,Organic Search,6,4,False,True
30d8579f-a1b0-4cb4-ba7b-6ecc75604457,30,2025-06-19T05:29:23Z,2025-06-19T05:29:52Z,Mobile,Social Media,1,0,False,False
2e4aa878-66c9-4b86-997f-d13983d0fa0b,133,2025-04-18T06:14:53Z,2025-04-18T06:20:20Z,Desktop,Direct,8,4,False,True
23a3459c-57e5-40e5-aa50-50d43239039b,414,2023-09-09T10:39:45Z,2023-09-09T11:00:21Z,Desktop,Direct,20,15,False,True
d97f2c4f-cce9-4e3b-bc65-35bdd9ea42c1,265,2023-10-24T11:27:43Z,2023-10-24T11:35:05Z,Mobile,Direct,4,2,False,False
2b7341bb-de0c-4751-8e44-74f7b603c4a5,364,2022-09-12T19:39:24Z,2022-09-12T19:51:01Z,Tablet,Direct,27,21,False,True
e91b7aea-80bf-4e2c-a16a-8759a08514a3,174,2025-09-21T11:48:10Z,2025-09-21T13:18:22Z,Mobile,Direct,78,13,False,True
bad2236d-509d-4686-9c5c-b1cfb6642bb3,287,2025-08-29T22:24:33Z,2025-08-30T01:50:03Z,Mobile,Email,26,22,False,False
83f48a9c-9a45-4c07-9d26-e082416f3992,55,2024-10-23T17:34:05Z,2024-10-23T17:47:47Z,Tablet,Email,8,2,True,False
b439a5d0-e92e-4deb-93cc-5bb565367c93,47,2022-06-09T09:30:30Z,2022-06-09T09:30:40Z,Mobile,Paid Search,1,0,False,False
e18a5f7e-e754-45a1-b11c-705f5ee7702a,21,2023-01-20T00:17:00Z,2023-01-20T00:17:33Z,Mobile,Direct,2,1,False,False
29720e60-3180-4239-94c8-d0e11172ccf1,239,2025-10-20T01:09:16Z,2025-10-20T01:23:03Z,Tablet,Display Ads,30,17,False,True
c6b84ae1-f9fb-43b0-b357-bebbb538e39f,498,2023-02-25T04:40:10Z,2023-02-25T04:40:41Z,Mobile,Referral,2,1,False,False
5c24714c-21fc-4821-8ec4-c7e8daf7d798,362,2025-12-04T13:27:59Z,2025-12-04T14:18:55Z,Desktop,Organic Search,25,12,False,False
a5530353-0ca7-4dd4-b3df-884133fba7c3,360,2021-04-19T21:58:13Z,2021-04-19T22:10:06Z,Mobile,Direct,23,12,False,True
64f7a35c-943e-4944-870c-6987b34373ca,261,2021-03-19T07:02:59Z,2021-03-19T07:07:54Z,Mobile,Direct,10,2,False,False
757a19f4-45aa-4fe0-8e69-3df662616b13,370,2020-07-21T10:49:16Z,2020-07-21T10:50:02Z,Desktop,Organic Search,5,1,False,True
978bc95e-789e-4d3e-8e1d-94e6af7bb0af,320,2021-10-05T20:26:05Z,2021-10-05T20:26:55Z,Tablet,Direct,2,0,False,False
9bea4677-baa5-4cd9-a91c-6c6666fab8c8,427,2022-04-22T14:02:25Z,2022-04-22T14:03:20Z,Smart TV,Organic Search,4,2,False,False
2458d913-f369-43c4-bc86-a12f1cd5cff9,23,2025-11-01T11:57:39Z,2025-11-01T12:55:58Z,Desktop,Social Media,98,16,False,True
99074a83-1644-45c5-a487-b473f2e12636,226,2023-02-13T18:55:44Z,2023-02-13T19:05:24Z,Smart TV,Direct,9,3,False,False
3d82b5aa-07b5-469a-b30e-6d0d6aa1a3d5,339,2023-03-23T10:35:55Z,2023-03-23T10:36:05Z,Wearable,Social Media,1,1,False,False
779cf086-c988-4cc4-9c0b-8462f6318bf7,348,2025-10-09T09:51:06Z,2025-10-09T09:55:45Z,Desktop,Organic Search,7,6,False,False
5bdb7eae-36c8-41ff-83c5-e7087bf872b1,294,2020-06-01T23:15:21Z,2020-06-01T23:26:24Z,Desktop,Social Media,6,2,False,False
d057f9a5-8deb-42e0-97c8-1a8f3bcfe144,468,2021-08-13T02:21:25Z,2021-08-13T02:21:33Z,Tablet,Direct,5,0,False,False
cba9f02f-2983-4bc5-8df5-0b9ce99b8d38,401,2025-09-04T10:23:25Z,2025-09-04T10:37:33Z,Mobile,Paid Search,23,5,False,False
137b476c-b1b0-4ed0-98fe-e2e3325685fc,276,2023-06-22T07:41:56Z,2023-06-22T07:42:49Z,Mobile,Organic Search,2,1,False,False
85cc9630-8095-4c76-90c1-aa79cfdae33f,357,2025-07-15T13:47:42Z,2025-07-15T13:57:09Z,Desktop,Paid Search,11,3,False,False
b910bae2-f712-4b15-932b-d80189f0dd25,442,2024-08-10T04:08:28Z,2024-08-10T04:08:55Z,Desktop,Social Media,3,2,False,False
47852a23-4149-4cdc-aef9-6fef0f5c5961,47,2024-08-15T12:51:05Z,2024-08-15T12:51:43Z,Mobile,Paid Search,2,0,False,False
01fef482-c9a6-4174-b561-9ff193fa8ae8,135,2025-07-17T17:32:28Z,2025-07-17T17:46:54Z,Mobile,Direct,8,6,False,False
24aca9ea-9996-497e-b5bf-3e75cf8d66cf,484,2017-08-01T12:08:27Z,2017-08-01T12:35:59Z,Mobile,Paid Search,6,0,False,False
6c305230-cb28-413a-9554-84cea01957bc,341,2024-01-04T16:06:56Z,2024-01-04T16:07:34Z,Mobile,Direct,3,1,False,False
00d325fd-7ecf-4d57-8c37-612940d0f87c,343,2025-12-18T01:36:04Z,2025-12-18T01:45:42Z,Wearable,Organic Search,7,4,True,False
79c5452b-3b19-461b-84ff-2000c3b8f4c6,420,2025-02-17T10:10:23Z,2025-02-17T13:23:05Z,Mobile,Paid Search,12,5,False,True
4a1f5e37-08e4-43b5-80d3-90d68f7b3bc5,254,2023-01-05T11:23:01Z,2023-01-05T11:26:22Z,Desktop,Paid Search,14,13,False,False
e0e9ae51-2c31-4d25-a6af-98c113f7162c,314,2025-08-22T01:28:05Z,2025-08-22T02:06:54Z,Mobile,Social Media,74,23,False,True
155019c0-73e2-4b78-aee8-21e8545b7205,381,2024-11-13T14:44:52Z,2024-11-13T14:44:58Z,Desktop,Email,1,0,False,False
4d037e82-7cec-43aa-b4ec-c0073893a4a3,219,2023-03-27T21:52:07Z,2023-03-27T22:04:03Z,Desktop,Paid Search,24,0,False,False
1904df2e-4cf4-4318-976c-aad125da35f0,349,2024-12-23T21:32:46Z,2024-12-23T22:29:12Z,Desktop,Paid Search,83,43,False,False
7e9b551e-f5f9-42d0-8563-441089fa2bee,178,2019-04-25T03:07:38Z,2019-04-25T04:04:57Z,Desktop,Direct,92,21,False,False
1414a206-262d-4985-92fd-60a8c07708df,228,2021-06-18T15:06:09Z,2021-06-18T15:07:46Z,Desktop,Paid Search,3,2,False,True
45a8b48d-9096-4872-a77e-5fd44a2bcbcc,344,2025-06-06T15:30:08Z,2025-06-06T15:40:45Z,Mobile,Direct,13,12,False,False
4f0ff5bf-b92e-4ee4-ae8b-0b9f0905575b,364,2023-05-20T13:58:53Z,2023-05-20T14:06:01Z,Desktop,Display Ads,4,0,False,False
d4a8e827-7f10-48ca-b86a-b6d17110f078,238,2025-05-28T14:52:56Z,2025-05-28T14:58:25Z,Mobile,Direct,14,8,False,True
3d8af940-5bfa-4e20-bf39-cda7f18e7189,177,2022-11-10T21:27:24Z,2022-11-10T21:39:27Z,Smart TV,Paid Search,15,14,False,False
a5b4c21b-b139-448b-922f-f9d9dcb175ab,125,2024-09-28T08:31:00Z,2024-09-28T08:32:18Z,Tablet,Direct,4,3,False,False
f9a957f7-8044-4298-a29b-3b471b493f0a,493,2025-05-01T10:14:18Z,2025-05-01T10:17:57Z,Desktop,Direct,13,1,False,False
52123056-1228-49ae-92ff-b76e4cc4298c,391,2025-04-07T00:39:30Z,2025-04-07T00:39:41Z,Mobile,Display Ads,4,3,False,False
87dc5dec-1f14-45cd-96e1-51af6603b85d,66,2025-05-09T20:37:24Z,2025-05-09T20:39:06Z,Desktop,Referral,5,0,False,False
f6fd1388-9a5d-4fab-92e6-15d76a8cdcb4,319,2021-09-09T12:28:43Z,2021-09-09T12:40:13Z,Desktop,Organic Search,28,1,False,False
8ccf308e-6919-4172-8afd-4d9333a64d3f,256,2025-02-08T17:48:15Z,2025-02-08T18:24:35Z,Mobile,Paid Search,17,11,False,False
4c12b667-1de0-4727-8d46-cb4c20533960,211,2022-11-10T14:49:36Z,2022-11-10T15:37:49Z,Wearable,Email,77,38,False,False
2dc7c8d9-1ce3-4da5-8f88-a6c23935c4c1,71,2024-09-16T12:26:08Z,2024-09-16T12:55:43Z,Mobile,Direct,24,0,True,False
da3c34c3-035a-4a16-97ca-29894caca9a0,258,2022-05-19T00:16:22Z,2022-05-19T00:28:50Z,Smart TV,Social Media,23,13,False,False
9acde239-1202-4ed7-a8c5-b0f1bbab774c,273,2018-08-24T11:22:49Z,2018-08-24T11:38:34Z,Desktop,Direct,16,13,False,False
e94d20de-71e8-4e18-bf52-c421afa97581,438,2017-04-27T21:13:17Z,2017-04-27T21:25:42Z,Mobile,Social Media,13,11,False,True
86b7a5fd-7feb-4e18-afde-8a1f02b3b77f,48,2025-11-08T22:50:11Z,2025-11-09T00:35:34Z,Mobile,Direct,30,25,False,False
5a681c23-b5cc-4c20-825e-79cfeae37a00,448,2021-12-23T10:28:59Z,2021-12-23T10:42:55Z,Desktop,Organic Search,17,11,False,True
b705818a-1471-4b69-bf90-0af542b4a9bb,491,2017-06-19T18:04:48Z,2017-06-19T18:56:08Z,Desktop,Direct,58,28,False,False
d83bfbac-30bc-435c-98b8-acfbcdd8a096,31,2021-04-05T09:57:00Z,2021-04-05T09:59:42Z,Desktop,Email,11,4,False,False
a8aa430e-7d63-480d-81a1-7aa22d3b1457,498,2017-03-01T17:47:31Z,2017-03-01T17:47:37Z,Smart TV,Direct,1,0,False,False
4578098e-87d2-4dd5-a126-f25c8b845aba,477,2020-05-12T05:39:07Z,2020-05-12T05:39:25Z,Tablet,Organic Search,5,2,False,False
dd595505-6a0e-4af1-8ad8-7ed738e726e0,346,2025-03-27T03:28:10Z,2025-03-27T05:32:56Z,Desktop,Direct,71,26,False,False
98a81e18-5fb8-44b1-8899-f95ad27ddce2,98,2019-06-30T09:31:51Z,2019-06-30T09:32:29Z,Tablet,Social Media,2,1,False,True
a94128f1-e01f-487d-a882-ed7d80a284d7,203,2025-10-02T17:47:49Z,2025-10-02T18:20:20Z,Desktop,Organic Search,35,2,False,False
cf62df2a-3cc1-45f7-b67c-3f93b6974974,203,2025-05-31T16:57:19Z,2025-05-31T17:07:57Z,Desktop,Direct,9,5,False,False
2f5c8e07-adbc-4b5a-8385-763a91036aaa,66,2025-05-02T11:39:59Z,2025-05-02T11:50:46Z,Mobile,Display Ads,17,14,False,False
f7d27567-2b5d-4888-ac7d-4ee12115e0d2,175,2021-04-13T00:43:05Z,2021-04-13T00:50:52Z,Desktop,Paid Search,15,0,False,False
fa7f8f75-b2e2-4903-bfef-85b47c4685d1,300,2025-12-14T14:15:08Z,2025-12-14T14:22:23Z,Desktop,Organic Search,12,3,False,False
0fe1367e-7056-473f-b903-29fd0e65b5e5,439,2024-05-06T17:48:32Z,2024-05-06T17:50:56Z,Mobile,Paid Search,4,3,False,False
456b22ab-9b95-43df-a078-298550a35b3d,409,2022-05-27T11:46:01Z,2022-05-27T11:46:11Z,Mobile,Organic Search,1,0,False,False
5c688129-31f5-406b-b031-0e80139a64f9,269,2024-10-02T07:44:04Z,2024-10-02T07:45:16Z,Smart TV,Direct,5,3,False,False
4ea6af29-2919-49e6-afe6-3354960183cd,18,2025-10-24T22:05:02Z,2025-10-24T22:59:09Z,Mobile,Organic Search,52,5,False,False
8a6a5444-8f02-4889-b2a4-5423de35a7e3,110,2018-12-02T17:58:17Z,2018-12-02T17:59:10Z,Desktop,Paid Search,5,0,True,False
85e2be22-8cbc-4143-9687-fb30f2532030,355,2023-10-21T05:11:12Z,2023-10-21T05:16:14Z,Mobile,Organic Search,9,7,False,False
2a4ee90b-10de-4fd9-be09-3e599514609b,461,2021-10-12T08:51:59Z,2021-10-12T08:57:46Z,Tablet,Social Media,10,3,False,False
b7d725c4-0785-41c9-87d1-e587cd1dba2a,12,2020-06-24T05:54:30Z,2020-06-24T05:55:13Z,Desktop,Referral,4,3,False,True
67a71c3d-b329-4c35-9f75-a555b843e1d7,302,2025-01-09T01:49:42Z,2025-01-09T01:55:38Z,Desktop,Paid Search,12,7,False,False
af260019-0cf9-43f5-88da-22cb4142f96e,266,2022-10-18T07:45:35Z,2022-10-18T08:40:10Z,Mobile,Organic Search,77,22,False,True
93a12f6c-0310-4c67-bf9c-2d4776b4728f,490,2024-01-28T04:07:21Z,2024-01-28T04:07:59Z,Mobile,Direct,5,3,False,False
a7e09509-578e-4bae-ac26-2b8e72c9ef23,22,2025-11-11T08:21:13Z,2025-11-11T08:46:04Z,Mobile,Social Media,28,25,False,False
aeea3036-aaff-4f72-b835-10c005b630ca,230,2024-03-08T09:32:33Z,2024-03-08T09:40:42Z,Mobile,Direct,13,2,False,True
36e74996-adf0-4d70-bc67-71e9123053ce,28,2020-07-16T06:51:32Z,2020-07-16T07:23:45Z,Mobile,Direct,11,6,False,False
75d67d0c-1432-4010-b754-12200737e483,209,2023-06-21T14:08:23Z,2023-06-21T14:08:56Z,Desktop,Direct,2,0,False,False
2bda6bc9-1f90-4a26-a7f4-294343da288e,378,2025-09-05T14:01:53Z,2025-09-05T14:07:24Z,Mobile,Paid Search,15,5,False,True
debe4030-f6b9-4c49-956c-4af6b1a55fe6,415,2024-05-16T13:10:26Z,2024-05-16T13:16:44Z,Tablet,Direct,10,6,False,False
cab858ec-8b56-4f00-a01d-d0af68e11e25,175,2018-11-07T13:40:45Z,2018-11-07T16:36:36Z,Desktop,Paid Search,96,11,True,False
7478fe94-78ec-463a-ad86-c570c3e0ad98,486,2022-12-22T05:06:50Z,2022-12-22T05:07:40Z,Tablet,Paid Search,3,2,False,False
4de58c76-3a0c-46cc-8c68-5a1b185a697f,411,2025-10-18T22:16:40Z,2025-10-18T22:21:07Z,Tablet,Organic Search,15,4,False,False
e6d19c8e-9647-4a12-87dd-d488ed1fb7a9,248,2025-12-10T14:13:57Z,2025-12-10T14:16:54Z,Mobile,Organic Search,11,8,True,False
df85e31e-5268-4b06-8ed2-3c27538578c8,276,2025-04-12T18:28:42Z,2025-04-12T18:28:48Z,Mobile,Direct,1,1,False,False
b6dd930b-ef4d-4cc4-88f9-b22d7a38d92b,189,2023-06-12T08:26:20Z,2023-06-12T08:36:22Z,Desktop,Email,13,6,False,False
fc71878b-636b-4ffe-8c4f-4621591a7abb,413,2019-08-04T16:35:27Z,2019-08-04T16:46:11Z,Mobile,Organic Search,28,12,True,False
81b9bd3b-af71-4224-b87b-a5035d0db918,107,2019-04-26T09:08:22Z,2019-04-26T10:47:04Z,Tablet,Social Media,100,41,True,False
426600c7-4ca3-4def-93a7-20110c9b7116,312,2017-01-03T03:36:06Z,2017-01-03T03:41:40Z,Desktop,Social Media,13,7,True,False
b1b6bc17-ac09-499f-9912-9a56e06439ea,319,2022-10-04T06:35:40Z,2022-10-04T06:42:38Z,Mobile,Organic Search,5,4,False,False
9e5dd16e-7cec-4ead-b35a-a19bb33ad4aa,370,2019-12-22T00:09:08Z,2019-12-22T00:09:30Z,Desktop,Direct,2,1,False,False
ec909f3b-ccc4-4b88-9731-dec44a937a50,430,2024-05-27T14:45:11Z,2024-05-27T14:45:54Z,Desktop,Social Media,5,2,False,False
a1f57d25-773c-4c54-af2c-db9e1627c37b,485,2025-10-18T15:51:04Z,2025-10-18T15:56:07Z,Desktop,Organic Search,11,8,False,True
e649dbbc-3ac1-4d42-a4a5-f817d9b4dec0,384,2022-04-10T05:40:54Z,2022-04-10T05:53:59Z,Desktop,Email,11,10,False,False
fc2115d2-d35b-4999-a642-f7600d195230,326,2022-07-31T23:38:04Z,2022-07-31T23:45:29Z,Mobile,Paid Search,14,13,False,False
c86e2f75-4fe8-4803-8ef3-388ed7958d63,322,2024-07-20T03:41:13Z,2024-07-20T03:42:32Z,Desktop,Social Media,2,0,False,False
98d76891-37f4-49f8-9a2e-3ff3a66f5fbc,220,2025-09-02T21:38:04Z,2025-09-02T21:41:14Z,Mobile,Paid Search,14,13,False,False
713cdd2d-5676-4164-914b-bbbb3299db81,117,2025-10-20T08:28:50Z,2025-10-20T08:31:16Z,Desktop,Email,13,5,False,True
edf4068b-2912-498c-86c7-ad14ad940ab1,435,2024-05-27T19:20:06Z,2024-05-27T19:20:42Z,Smart TV,Paid Search,2,0,False,False
1726a049-1182-4354-914d-4f06398cced2,115,2024-05-16T03:37:16Z,2024-05-16T03:38:12Z,Mobile,Social Media,4,3,False,False
efa287c9-9403-45fb-bd89-97908ccccaf7,423,2024-05-10T02:15:29Z,2024-05-10T02:29:57Z,Mobile,Direct,14,7,False,True
c7892b69-0c6a-4b5e-acab-b93ad3ca5052,380,2019-06-13T03:32:59Z,2019-06-13T03:33:06Z,Desktop,Paid Search,4,2,False,False
d57ad181-5ab7-409f-b446-1f97ffcb974c,166,2018-03-25T14:41:01Z,2018-03-25T15:08:02Z,Desktop,Social Media,28,22,False,False
88d0dbfc-4471-4d1b-807b-3991f60965be,430,2024-10-22T06:31:57Z,2024-10-22T06:32:16Z,Desktop,Organic Search,1,1,False,False
01acdb30-55b7-4160-b66e-586d10571c55,419,2025-05-15T18:26:48Z,2025-05-15T18:39:38Z,Mobile,Organic Search,21,3,False,True
3759cf58-a830-4034-be16-994d69317c20,179,2025-03-31T13:35:49Z,2025-03-31T13:37:40Z,Mobile,Paid Search,3,0,False,False
93a0021c-2cee-4b92-845e-2c69e1a806c4,13,2025-11-26T11:39:31Z,2025-11-26T11:40:28Z,Desktop,Organic Search,2,1,False,True
aacf612e-12bb-4b5e-bbbd-b6260d032ab6,435,2023-12-22T22:45:13Z,2023-12-22T22:52:18Z,Mobile,Organic Search,7,5,False,True
060680cc-8c96-4e6c-b371-7b0317028c37,179,2025-08-26T01:42:01Z,2025-08-26T01:45:41Z,Mobile,Email,6,4,False,True
b9a8580f-cdc0-48b2-b40e-6571de173462,308,2019-11-19T06:56:25Z,2019-11-19T09:30:41Z,Tablet,Direct,98,19,False,False
16b30378-e7e6-42e0-a1f2-b411405fc9fd,59,2025-01-23T20:17:45Z,2025-01-23T20:57:11Z,Desktop,Referral,39,11,False,False
cff69383-5f3a-4c0a-a0b3-5e140bb76c98,215,2023-07-30T13:46:14Z,2023-07-30T13:59:56Z,Mobile,Direct,27,13,False,True
1e59226c-b76c-4f17-9be5-649162ecd33e,500,2021-07-30T15:44:13Z,2021-07-30T15:44:38Z,Desktop,Social Media,5,3,False,False
56a67a31-df9f-433a-afd6-83721fa883e6,14,2024-11-30T12:01:17Z,2024-11-30T12:04:08Z,Mobile,Direct,4,0,False,False
8b205c75-e82e-4f75-a5d5-c5a183e37838,442,2023-12-03T05:19:54Z,2023-12-03T05:20:37Z,Mobile,Direct,5,1,False,True
c2848398-3729-4482-865a-55ff1a31ee7f,48,2025-08-29T15:30:02Z,2025-08-29T15:41:12Z,Mobile,Social Media,17,10,False,False
533a1e40-8862-4e12-b57d-edd0d1807c9e,251,2019-05-23T05:05:35Z,2019-05-23T05:09:14Z,Desktop,Organic Search,11,1,False,False
541fe2d0-5bd7-4f2c-9467-692089f37413,83,2022-08-26T10:21:24Z,2022-08-26T10:27:13Z,Mobile,Organic Search,15,0,False,False
a5c86aab-c9d0-424c-a9d4-d30c89c46fab,407,2023-02-05T09:55:33Z,2023-02-05T10:06:45Z,Tablet,Organic Search,14,9,False,False
915a339c-4457-49fb-9f3e-f3d6a1ab9927,203,2023-09-17T16:42:30Z,2023-09-17T17:23:22Z,Desktop,Paid Search,81,21,False,False
de1d10b0-7fbc-48bb-89fe-fb5922545a99,159,2025-08-19T10:40:30Z,2025-08-19T10:55:04Z,Mobile,Organic Search,29,2,False,False
063b987d-3ead-4574-bc90-0a120f20c1b3,309,2021-01-11T15:55:19Z,2021-01-11T15:55:57Z,Tablet,Paid Search,3,0,False,False
0c69e20a-2d82-4b0f-aec6-ada8fd40f5e4,420,2017-12-17T18:28:10Z,2017-12-17T18:28:46Z,Desktop,Social Media,5,0,False,False
41c14a41-88ef-4727-b0e4-618369801d32,8,2024-08-29T17:48:52Z,2024-08-29T17:52:13Z,Smart TV,Paid Search,3,1,False,False
260f0e58-f1fb-42ea-a598-0333c1db0b6b,298,2025-08-08T05:37:37Z,2025-08-08T05:47:29Z,Desktop,Paid Search,3,0,False,False
91658d66-33f9-434b-aa5d-18b9aef3d45d,276,2023-10-13T06:10:00Z,2023-10-13T06:10:10Z,Mobile,Organic Search,2,1,False,False
b45d4e7f-7bf3-4a70-bdc2-fa31162346ad,298,2022-06-17T10:38:17Z,2022-06-17T13:31:08Z,Desktop,Social Media,55,6,False,False
d68926c6-40e2-4d17-ac18-3f15dcace515,177,2020-02-07T04:10:30Z,2020-02-07T04:12:27Z,Mobile,Organic Search,4,0,False,False
36abee7e-2479-4e9f-8caa-573bc1ff7e74,453,2025-10-02T09:03:21Z,2025-10-02T09:03:49Z,Desktop,Direct,3,2,False,True
815d83e0-c70a-47d1-a747-4d4c46e45327,226,2022-08-11T09:58:00Z,2022-08-11T09:58:16Z,Mobile,Social Media,5,4,True,False
c475471e-affa-4750-9200-88370a5bbe0d,74,2025-12-10T19:30:32Z,2025-12-10T20:04:46Z,Mobile,Organic Search,26,22,False,False
22f74ec1-5d5e-497a-b6b2-9b6bb0cd1adf,382,2018-12-26T21:48:40Z,2018-12-26T21:48:49Z,Mobile,Organic Search,2,0,False,False
cf06eb96-a3bf-49b8-b7e9-5ecb9a504e1d,331,2021-12-29T01:47:51Z,2021-12-29T02:44:06Z,Desktop,Paid Search,13,4,False,False
cd4e253b-e6ef-415b-9b7c-864902fc5511,298,2025-06-15T13:19:50Z,2025-06-15T13:20:32Z,Tablet,Organic Search,5,4,False,False
5cd7e526-9d7e-43ba-8982-79521e423121,294,2024-09-19T22:28:16Z,2024-09-19T22:28:23Z,Mobile,Organic Search,1,0,False,False
71edc578-725d-48f4-90b5-401464f220b6,163,2021-08-24T08:20:03Z,2021-08-24T08:25:00Z,Mobile,Organic Search,7,2,False,False
b9817e9a-fe76-496b-a681-2d9b62a8c96c,301,2023-10-09T14:10:40Z,2023-10-09T14:13:22Z,Mobile,Social Media,3,0,False,False
8b7c8f5f-bbe8-44d6-812f-f9d778f87e5f,143,2021-04-10T15:16:36Z,2021-04-10T15:17:01Z,Desktop,Organic Search,2,0,False,False
e6ad592f-2cd9-4404-b218-3272041a4965,136,2025-11-26T16:34:49Z,2025-11-26T17:25:40Z,Mobile,Referral,23,22,False,False
1dc188f9-8d08-45b2-a166-4ac6575cc827,99,2025-02-05T16:43:10Z,2025-02-05T16:59:19Z,Mobile,Direct,12,1,False,False
c8fb0f75-335e-4363-b1d6-a705dce305b8,491,2021-01-21T21:37:25Z,2021-01-21T21:57:57Z,Mobile,Social Media,14,6,False,True
b6ea63ef-ab80-4471-91f3-55e6b57e73c6,203,2022-08-20T08:09:45Z,2022-08-20T08:19:38Z,Mobile,Paid Search,15,10,False,False
204beda7-30be-4903-b341-65e31f250275,133,2025-06-21T08:56:21Z,2025-06-21T09:28:10Z,Mobile,Organic Search,39,29,True,False
cdbf6ba2-ebc8-4d96-b8e3-1a53c60d9ad7,164,2021-10-17T11:59:39Z,2021-10-17T12:17:10Z,Mobile,Organic Search,23,22,False,False
7b017d4b-5da4-42cd-b68f-e64f8a2a5d67,323,2018-09-01T23:37:25Z,2018-09-01T23:37:48Z,Mobile,Paid Search,3,0,False,False
95f27cf5-d443-4d50-a113-0e2d0b60ea56,369,2023-10-08T04:41:38Z,2023-10-08T04:44:29Z,Desktop,Direct,8,3,False,False
109a76f1-1ddc-4dde-8015-4d37612ceb49,324,2024-11-04T15:28:42Z,2024-11-04T15:36:35Z,Wearable,Direct,14,9,False,False
c1bed802-7a09-4691-9794-3bc05cd5ddae,238,2021-10-22T01:58:57Z,2021-10-22T02:24:30Z,Mobile,Direct,11,8,False,False
1195ea94-d870-4b2a-9b5d-ccc3d9e29e04,346,2024-01-21T07:10:59Z,2024-01-21T07:25:50Z,Mobile,Direct,7,1,False,True
4997bea3-40b9-4cf5-9b4e-5f7dd1cdfeb1,231,2025-01-17T05:50:05Z,2025-01-17T06:02:01Z,Mobile,Direct,9,1,False,True
9fec2fa6-3373-401e-a354-8e76c5fe0b8e,206,2025-12-09T12:58:15Z,2025-12-09T13:31:12Z,Mobile,Organic Search,54,38,False,True
4971e36e-14fa-4e00-af1c-3ba25f42e53f,189,2025-07-22T22:04:11Z,2025-07-22T22:05:01Z,Mobile,Organic Search,2,1,False,False
e54a569b-80f0-4951-9322-96e731c6eedf,168,2025-09-04T13:17:52Z,2025-09-04T13:24:29Z,Mobile,Paid Search,3,2,False,False
2f6ec376-aba9-4561-ba6e-3f11ecf4eacb,45,2025-10-14T22:53:44Z,2025-10-14T22:54:26Z,Desktop,Direct,2,0,False,False
6fbfba24-1eeb-442a-b1e4-cd81714904fb,26,2024-12-03T21:55:56Z,2024-12-03T21:56:49Z,Mobile,Direct,2,1,False,True
23844790-c63c-443f-9863-fe4e37b464e1,139,2025-09-30T22:16:41Z,2025-09-30T22:25:38Z,Smart TV,Social Media,8,5,False,True
eb40a8ee-0b09-4269-88e3-be91999c1da2,409,2024-06-25T01:53:01Z,2024-06-25T01:53:32Z,Mobile,Social Media,2,1,False,False
12eb6c61-9378-4535-bcba-a4f8698aee0e,83,2017-09-08T17:08:59Z,2017-09-08T17:09:44Z,Mobile,Paid Search,2,1,False,False
75398bb1-a68c-4fae-b4aa-e3a0fd75e209,79,2025-10-11T16:39:25Z,2025-10-11T17:09:59Z,Mobile,Direct,50,25,False,False
7eb2ddb7-3839-4abf-bff6-0ed58d91d913,471,2024-12-07T20:57:25Z,2024-12-07T20:58:24Z,Desktop,Email,5,2,False,False
0016a26e-1bd2-48b4-aa33-a75d4cfe0966,425,2025-01-30T10:52:32Z,2025-01-30T10:55:27Z,Tablet,Organic Search,6,1,False,False
f4050471-2edb-447c-9a0d-fb74f51ce252,295,2023-02-23T02:47:33Z,2023-02-23T03:00:32Z,Mobile,Direct,29,20,False,False
0fa013a3-6d06-48f8-a016-de8278fb16db,278,2025-08-21T20:52:52Z,2025-08-21T21:47:15Z,Mobile,Organic Search,59,15,False,True
63d25bde-bf20-4fcb-8a49-037e8a5fd531,207,2024-12-02T18:26:46Z,2024-12-02T18:27:23Z,Mobile,Direct,4,2,False,False
c0e63925-396d-49db-9379-cc6dd5e10370,408,2025-11-28T08:55:56Z,2025-11-28T09:24:17Z,Desktop,Social Media,29,11,True,False
2eb4608f-047a-46ea-9c5b-7e2c468e06dd,40,2017-10-05T20:10:45Z,2017-10-05T23:15:16Z,Mobile,Social Media,55,25,False,False
1d1f8335-a513-4b33-aae8-fde44318737b,55,2018-11-18T09:13:00Z,2018-11-18T09:38:56Z,Mobile,Direct,16,12,False,True
6a21e086-e9ee-44ed-86a0-8023858fa9ed,329,2024-03-27T05:09:07Z,2024-03-27T05:13:55Z,Smart TV,Direct,10,8,False,True
05c044cd-28ca-4e52-92f2-a6f810b94ed2,185,2025-06-09T12:17:10Z,2025-06-09T12:17:15Z,Desktop,Social Media,3,2,False,False
2b701edd-4286-49cd-8cf5-0825744ec5d0,358,2024-08-05T18:43:49Z,2024-08-05T18:57:49Z,Tablet,Paid Search,24,23,False,False
ee73438f-7a71-4460-926f-a90677940603,11,2024-05-29T07:42:08Z,2024-05-29T07:42:32Z,Desktop,Direct,3,2,True,False
d03b73d8-3bb6-47e5-8c6f-0042f311e8a3,127,2019-06-27T22:50:21Z,2019-06-27T22:55:17Z,Mobile,Direct,13,4,False,False
ce85ebd3-33f1-4408-a214-c2a14fcd064d,228,2023-12-17T07:11:24Z,2023-12-17T07:12:07Z,Mobile,Direct,5,3,False,False
be2806a9-421b-4db6-bb6a-64d397dbf9e3,5,2022-11-09T22:09:50Z,2022-11-09T22:10:12Z,Tablet,Referral,4,3,True,False
86ab81e4-6c5f-418e-9527-d6bdd045c16f,54,2022-01-21T21:34:00Z,2022-01-21T21:40:06Z,Mobile,Email,3,2,False,True
d612ed51-b9af-45dc-af77-52e2f73a253f,434,2018-09-22T19:25:48Z,2018-09-22T19:36:34Z,Wearable,Organic Search,11,1,False,True
a9560918-279c-4e22-b2c0-f4369bb96b5e,366,2020-10-07T01:35:38Z,2020-10-07T01:46:03Z,Smart TV,Social Media,19,14,False,True
96e819b3-bd33-4e12-8ae7-32157da38710,367,2025-11-01T22:43:19Z,2025-11-02T00:30:55Z,Smart TV,Social Media,23,2,False,False
332a6062-9a96-4099-b202-fae6053752e1,167,2024-05-10T14:05:05Z,2024-05-10T14:05:38Z,Desktop,Organic Search,2,1,False,False
560b2a2a-3c8e-47c9-9747-87cc0b175bcd,134,2020-07-12T13:09:36Z,2020-07-12T13:22:39Z,Desktop,Email,30,28,False,False
370037c1-b66a-43cf-86b9-9d1fbaaba7e3,319,2019-10-21T21:12:00Z,2019-10-21T23:32:33Z,Desktop,Email,55,36,False,False
8e8680cc-7e8d-4bc5-9f76-68230ae73453,57,2024-09-17T04:21:22Z,2024-09-17T04:22:40Z,Desktop,Social Media,4,2,False,False
9514139f-297d-4312-a159-96136fde9694,1,2024-10-18T22:41:41Z,2024-10-18T22:51:44Z,Desktop,Organic Search,16,5,False,False
b3d78c0e-7aff-49cf-8c76-9c1271e56b96,374,2022-06-20T11:44:08Z,2022-06-20T11:44:45Z,Mobile,Paid Search,3,2,False,False
c0d1e105-f2d2-4a5b-827c-d24ec583a671,360,2025-12-02T09:31:39Z,2025-12-02T09:31:51Z,Desktop,Social Media,3,1,False,False
6d6fe197-4044-4c02-bd97-114e24d50d42,496,2025-04-15T01:54:50Z,2025-04-15T02:08:36Z,Desktop,Paid Search,21,11,False,False
1c545948-b708-4ce2-a324-dcc408286688,341,2023-09-24T03:57:28Z,2023-09-24T03:57:48Z,Smart TV,Paid Search,2,0,False,False
0e1287b7-2345-4ba5-b3d7-efaeebd30ba5,323,2024-12-08T13:33:10Z,2024-12-08T14:32:46Z,Tablet,Paid Search,92,42,False,False
db8eb7d7-cc8f-498f-8a4e-6028a3e8f0d4,452,2022-05-27T20:48:26Z,2022-05-27T21:15:03Z,Desktop,Direct,12,4,False,False
a0a2d26c-5d78-4fdf-ba86-f67416f701ba,17,2024-12-06T06:23:50Z,2024-12-06T06:35:57Z,Tablet,Referral,25,20,False,False
b73e9d4a-77a9-4ae1-9e21-f12ce70e33f6,430,2025-10-03T11:07:54Z,2025-10-03T13:47:15Z,Desktop,Social Media,96,31,False,False
993a4945-0b69-426e-b63b-414c7719dd62,250,2024-10-29T22:32:50Z,2024-10-29T23:43:28Z,Desktop,Organic Search,22,21,False,False
9ee4dd7f-c253-4170-9c8f-be8807803701,467,2025-09-17T13:22:29Z,2025-09-17T13:23:55Z,Desktop,Social Media,3,0,False,False
96770c80-f8ce-4a6e-bd2e-81bb2350ff39,8,2017-10-02T21:06:13Z,2017-10-02T21:13:01Z,Mobile,Paid Search,14,2,False,False
25ce8889-967e-4072-b08a-27510625ab8b,165,2025-06-07T19:26:44Z,2025-06-07T19:39:11Z,Desktop,Organic Search,13,9,False,True
a98f621d-c4eb-43d8-ae7d-2253d52b6dc6,252,2022-09-08T08:12:01Z,2022-09-08T08:49:31Z,Tablet,Organic Search,57,22,False,False
3372f14e-33c3-4d2b-b262-f4a4998a98a5,20,2024-09-29T15:25:19Z,2024-09-29T15:25:36Z,Mobile,Organic Search,1,0,False,False
f4fd4be2-5950-40a5-9ef9-382776407bf9,59,2024-07-29T01:21:27Z,2024-07-29T01:22:14Z,Desktop,Organic Search,2,1,False,False
aee84db3-b118-4c1f-a4d7-74584a939496,480,2020-10-12T18:46:25Z,2020-10-12T19:38:21Z,Desktop,Direct,47,18,False,False
da850160-e719-43b7-af9a-8b14d8b15c7d,497,2024-04-10T17:00:19Z,2024-04-10T17:38:32Z,Desktop,Display Ads,52,27,True,False
afa75664-2713-4546-9565-7755057f73bd,490,2025-09-06T11:26:36Z,2025-09-06T11:27:07Z,Tablet,Social Media,4,3,True,False
5bfef596-3e7a-4a25-905a-10fce17f367a,381,2024-12-30T21:59:13Z,2024-12-30T22:15:24Z,Mobile,Organic Search,19,11,False,False
1236b5ab-dda2-4481-a08a-be0e277f1fb4,240,2023-01-03T18:09:42Z,2023-01-03T18:23:00Z,Mobile,Direct,6,1,False,True
c592cdbf-182f-4adc-beff-e4d7b90278b1,240,2025-03-30T23:58:41Z,2025-03-30T23:58:53Z,Mobile,Organic Search,3,2,False,False
302efe69-ba82-4241-b5c2-b9d438a46ffc,303,2023-11-12T11:59:48Z,2023-11-12T12:00:47Z,Mobile,Social Media,5,0,False,False
5c5f714c-3fa3-4cba-98b7-c30b71f8775c,268,2021-12-24T12:29:03Z,2021-12-24T12:56:27Z,Desktop,Organic Search,20,17,False,False
4df0ce1d-ac22-4a07-a7bb-27cd985c88c1,34,2022-03-03T16:01:00Z,2022-03-03T16:10:50Z,Tablet,Direct,5,3,False,False
6fa941b1-33f0-44da-9094-3ce4a2642784,218,2024-03-13T01:27:16Z,2024-03-13T01:40:54Z,Tablet,Paid Search,18,0,False,False
1d8ab7d7-55f8-4ae7-865a-43a4f6097162,83,2023-05-10T00:09:09Z,2023-05-10T00:47:32Z,Mobile,Organic Search,42,30,False,False
19527be4-0b71-4021-8672-7218805fef7f,232,2022-06-04T22:47:54Z,2022-06-04T22:48:19Z,Desktop,Email,5,1,False,True
c11ad3d0-bfa6-4e62-b967-25f1e906646c,269,2019-04-12T01:42:20Z,2019-04-12T01:43:06Z,Desktop,Paid Search,3,1,False,False
c1d23cd9-d8f6-4971-881a-8cde9ffc6b0f,176,2022-11-02T18:12:57Z,2022-11-02T18:14:07Z,Desktop,Email,5,2,False,False
2f16def6-dd08-483c-958e-5b10480e1340,77,2025-01-20T01:27:26Z,2025-01-20T01:54:19Z,Mobile,Social Media,16,8,True,False
81bfe0df-32ba-4c30-a208-ee9798809efb,323,2024-08-23T14:54:55Z,2024-08-23T14:55:28Z,Mobile,Organic Search,5,3,False,True
ae013c4b-6637-45ca-9ad7-ec873d4e01d9,245,2024-01-27T14:48:21Z,2024-01-27T14:54:13Z,Mobile,Organic Search,14,7,False,False
f0b9848c-d638-4fa5-83a9-b3f2d91c3dc8,217,2016-05-19T19:53:03Z,2016-05-19T21:18:03Z,Mobile,Referral,70,3,False,False
c0ff8bd9-db43-4e26-a50a-8fdd3e2b9c3f,383,2021-10-19T11:08:06Z,2021-10-19T11:08:53Z,Mobile,Organic Search,3,2,False,True
5ed45c0c-eeb5-4a22-8b7d-6f9135614937,325,2024-05-29T06:45:56Z,2024-05-29T07:33:14Z,Mobile,Direct,52,40,False,False
616a7c54-4ef4-4ee2-902f-376033e9eb92,395,2024-03-23T02:02:00Z,2024-03-23T02:02:14Z,Mobile,Direct,1,0,False,False
87d68c66-e06e-4831-a87f-a0fcf5348033,148,2017-04-21T20:49:38Z,2017-04-21T21:02:54Z,Mobile,Organic Search,26,11,True,False
85ec39e7-d4bb-4055-b6f9-64bcabdaafd5,461,2022-12-12T18:53:47Z,2022-12-12T19:04:34Z,Desktop,Paid Search,28,21,False,False
a8825290-73b0-4c78-95c7-989a96e0d85b,167,2022-07-12T08:26:17Z,2022-07-12T09:12:32Z,Mobile,Organic Search,48,39,False,False
574188b5-a352-488a-8d33-d491194c09bb,143,2024-05-04T19:10:20Z,2024-05-04T19:11:17Z,Desktop,Organic Search,4,3,False,False
20250ddc-ce05-4efe-beaa-22ee1485eac4,97,2025-10-05T15:15:23Z,2025-10-05T15:23:54Z,Desktop,Email,3,2,False,False
4e00f5ce-a4c1-4245-b132-42bf1dff76a8,216,2024-05-28T20:18:20Z,2024-05-28T20:30:44Z,Wearable,Social Media,7,1,False,False
96994b4b-b54a-41ed-8dfc-18ff5069df41,348,2025-02-08T08:55:12Z,2025-02-08T09:08:03Z,Mobile,Direct,29,1,False,True
e55f922c-1c2d-49ae-b170-f05e089278cc,182,2024-03-20T23:01:41Z,2024-03-20T23:02:07Z,Tablet,Social Media,5,4,False,False
14bfeae9-3a74-4ff4-a37d-4656c3a6b2f3,454,2020-09-19T09:44:50Z,2020-09-19T09:55:02Z,Mobile,Paid Search,23,7,False,False
e2fe4991-8e9b-4f1b-b54c-8f79bccdbd63,358,2021-11-18T18:17:26Z,2021-11-18T18:26:15Z,Mobile,Social Media,8,2,False,False
0d1d0c77-8350-4682-bf8d-32f29dfa8741,459,2025-12-13T23:00:44Z,2025-12-13T23:12:17Z,Tablet,Referral,13,5,False,False
fb5a267a-0f92-4d34-aab0-7fec4781131a,124,2022-01-20T15:37:52Z,2022-01-20T15:41:11Z,Desktop,Direct,3,2,False,False
8adbb383-3f10-4396-9448-09f3768aaccb,175,2025-12-15T00:49:27Z,2025-12-15T00:49:56Z,Tablet,Social Media,4,2,False,True
807004b7-0eb4-4105-b309-96bf5d332b05,488,2021-12-02T07:32:54Z,2021-12-02T07:57:11Z,Desktop,Organic Search,30,14,True,False
a4b0a452-48ae-4bb1-93d5-f50bdb023881,122,2025-05-21T14:30:40Z,2025-05-21T15:16:21Z,Desktop,Organic Search,66,43,False,False
a0e0af4b-2393-4aa7-a22f-707611bc7904,281,2021-12-13T09:19:02Z,2021-12-13T09:19:36Z,Tablet,Paid Search,2,0,False,False
4b078022-1255-41cd-9eda-6b4c07138668,257,2022-02-18T00:45:06Z,2022-02-18T00:59:02Z,Desktop,Paid Search,14,5,False,False
5bb59915-1c37-4fc4-b802-1e5724b599f0,122,2025-09-27T15:49:17Z,2025-09-27T16:09:44Z,Desktop,Social Media,21,5,False,True
edab8083-8c9a-493f-81d0-a98e4bf1bc06,370,2024-05-10T18:07:52Z,2024-05-10T18:08:17Z,Tablet,Organic Search,4,1,False,False
cbe79e44-389e-4857-aff8-0c435da95917,469,2023-04-15T11:00:10Z,2023-04-15T11:00:57Z,Mobile,Organic Search,5,0,False,False
c005f15e-5f59-4de4-9580-6d611d4d5f48,393,2024-08-23T09:34:22Z,2024-08-23T09:41:52Z,Mobile,Direct,11,6,False,False
9c163242-f43e-4b32-b689-29829ea5b2ed,247,2021-05-08T13:26:36Z,2021-05-08T13:28:05Z,Desktop,Social Media,3,1,False,True
65809976-5b25-42ae-9f2e-b915b2ecee6c,348,2025-02-27T14:20:10Z,2025-02-27T14:35:02Z,Tablet,Direct,15,14,False,True
42f0a93a-5555-4164-a47e-ff8345d62d5d,337,2025-05-15T05:24:59Z,2025-05-15T05:31:46Z,Desktop,Social Media,5,3,False,False
9287ec2a-3fb1-45cb-bdb3-d361df997b95,288,2025-05-31T14:46:15Z,2025-05-31T14:47:05Z,Mobile,Organic Search,3,1,False,False
a9a3dbca-d31e-4580-8b59-4d29aac591f7,317,2024-10-10T18:04:48Z,2024-10-10T21:07:38Z,Tablet,Direct,23,13,False,False
64238f92-eef3-4481-9100-386f1689f81f,417,2023-09-25T14:12:53Z,2023-09-25T14:55:10Z,Tablet,Organic Search,53,24,False,False
c8f0f214-f57f-4e7c-8506-4f6d9f15452d,352,2023-03-17T23:45:05Z,2023-03-17T23:49:58Z,Mobile,Organic Search,14,2,False,False
14a61e76-e23f-4677-b78f-107b5592dd27,487,2025-11-13T17:38:08Z,2025-11-13T17:46:21Z,Tablet,Direct,8,4,False,False
5443b350-f91d-4f24-93a2-68647955f3ed,217,2015-09-20T19:25:21Z,2015-09-20T19:27:21Z,Mobile,Organic Search,11,0,False,False
89516f73-e7e1-427a-94b9-2b8a7098f860,262,2023-10-25T04:16:00Z,2023-10-25T04:16:27Z,Mobile,Organic Search,2,0,False,False
d18a5dea-334f-4e22-b96c-c2c6ea34e622,109,2025-06-27T23:29:09Z,2025-06-27T23:29:39Z,Desktop,Direct,5,0,False,False
56e2669b-a342-4cb3-ac4f-2b07e24b5591,319,2022-03-06T07:07:02Z,2022-03-06T07:17:57Z,Desktop,Display Ads,15,9,False,False
b25d783f-371b-4525-93f3-b38caf568120,169,2024-06-07T03:19:16Z,2024-06-07T03:29:52Z,Desktop,Organic Search,14,1,False,False
86a5b4a2-cc0f-4dd5-971b-471f5a2c808b,70,2025-09-12T23:48:53Z,2025-09-12T23:49:01Z,Smart TV,Direct,2,0,False,False
54edd0a6-b807-4282-827f-b5a4f9bd80f4,157,2023-02-11T17:32:40Z,2023-02-11T17:32:54Z,Mobile,Organic Search,1,0,False,False
8d94def3-ecc1-409b-81d5-2a43e123129b,243,2018-10-01T00:50:37Z,2018-10-01T01:15:16Z,Mobile,Organic Search,26,7,False,False
c22d01b9-9467-46ba-8331-cc048668f628,466,2022-12-05T05:01:13Z,2022-12-05T05:01:30Z,Wearable,Organic Search,2,1,False,False
6db555e4-ea73-4a72-8fb7-b46b04c3af05,190,2025-02-20T03:14:09Z,2025-02-20T03:20:33Z,Desktop,Organic Search,7,0,False,False
bce5a8c7-821e-44a5-942f-9879c43bf6f7,171,2025-09-01T13:17:40Z,2025-09-01T13:28:48Z,Mobile,Organic Search,28,7,False,False
fb8ca690-8f8a-41f0-9e42-84705c76806d,38,2023-11-13T21:01:17Z,2023-11-13T21:09:39Z,Desktop,Paid Search,5,3,False,False
1e8ec09d-dac1-4e16-adf2-dfa18bbb4af6,81,2017-11-07T13:25:13Z,2017-11-07T13:54:07Z,Mobile,Organic Search,14,8,True,False
0bcf92c1-3c1d-49ac-bc3a-15872603d3e3,376,2025-06-07T13:06:20Z,2025-06-07T13:21:08Z,Mobile,Organic Search,26,18,False,True
0f9c8ca8-5f7e-4ac6-9038-029b1c7cd1fe,102,2023-03-17T17:12:29Z,2023-03-17T17:41:36Z,Mobile,Organic Search,25,12,False,False
862046f3-d084-42d1-8a34-b9cf46b35d06,46,2024-05-30T09:04:15Z,2024-05-30T09:14:51Z,Mobile,Email,20,9,True,False
daabadac-976e-49be-9527-da02e5c78397,404,2021-11-03T19:23:36Z,2021-11-03T19:31:56Z,Mobile,Organic Search,9,5,True,False
e17402dd-3575-4066-bb86-33a9168f2552,188,2025-12-19T22:52:34Z,2025-12-19T22:53:31Z,Mobile,Organic Search,3,2,False,False
35d1b330-132f-4c05-9dd4-e00373f76f02,341,2023-06-13T20:57:35Z,2023-06-13T21:06:05Z,Wearable,Referral,12,9,False,False
467df828-29b7-4659-a8c6-457bbfef926a,209,2021-10-13T02:27:37Z,2021-10-13T02:33:24Z,Mobile,Email,12,3,False,True
b301d078-08b3-4a3b-a1f4-0d61964f759e,32,2024-10-30T19:27:52Z,2024-10-30T19:37:47Z,Tablet,Social Media,13,0,False,False
5e9c7d23-2c36-4265-81ec-d471d161f316,97,2025-09-24T12:41:02Z,2025-09-24T12:41:55Z,Mobile,Direct,3,2,False,True
5c526972-952c-43d2-a32e-1121aabddccd,447,2024-09-26T10:12:37Z,2024-09-26T10:19:09Z,Tablet,Organic Search,8,4,False,False
8120a573-302a-469f-9c60-fab93618a9c9,325,2022-05-31T13:15:07Z,2022-05-31T13:15:25Z,Tablet,Email,1,0,False,False
85fb8f66-5c99-4aa1-8f74-6f6d93b9263e,287,2025-08-24T11:50:55Z,2025-08-24T12:49:15Z,Mobile,Social Media,98,15,False,False
f290ac67-be67-4b86-88eb-b83472464981,221,2025-11-26T18:41:26Z,2025-11-26T19:14:34Z,Mobile,Social Media,12,6,False,False
b1d917eb-eb0e-4de2-b783-159004ce8059,302,2024-09-06T04:54:48Z,2024-09-06T04:55:15Z,Desktop,Organic Search,1,1,False,False
b54e63a2-3295-479c-b8a2-a671d856940a,230,2023-11-06T15:33:10Z,2023-11-06T15:37:49Z,Desktop,Organic Search,4,0,False,False
ea3d187f-85d0-4e17-bd69-4d7de705ceff,466,2023-12-06T06:19:02Z,2023-12-06T06:26:51Z,Desktop,Paid Search,13,4,False,False
09a40123-5ecd-45aa-ac6c-6363ad185ffd,391,2025-07-14T02:54:35Z,2025-07-14T02:59:56Z,Smart TV,Social Media,7,6,True,False
45c45348-8c80-4d62-89c0-8a05d7707b28,147,2024-01-06T21:55:51Z,2024-01-06T22:04:05Z,Mobile,Display Ads,9,2,False,False
6ce805be-c387-48a5-a2ee-d1b1727d55ed,197,2023-08-29T04:51:01Z,2023-08-29T05:03:48Z,Mobile,Display Ads,30,6,False,False
754b8301-f642-44db-8415-af0c73afeca1,305,2025-06-13T16:06:38Z,2025-06-13T16:07:33Z,Desktop,Direct,2,1,False,False
b54af732-0a6f-482a-b066-c9116419d6b2,38,2023-10-19T04:14:12Z,2023-10-19T04:30:30Z,Mobile,Social Media,11,7,False,True
1e76682b-9ca0-4d0f-8854-6d7c66b3ccc9,429,2021-04-16T23:49:16Z,2021-04-16T23:55:59Z,Tablet,Paid Search,8,4,False,False
c2f829c0-df90-432b-81dc-ddf3835ced67,154,2021-01-16T09:28:07Z,2021-01-16T09:40:59Z,Desktop,Paid Search,10,8,True,False
65ae18bf-fefb-43a0-97a7-aa67a56fcfd5,339,2025-01-04T11:59:37Z,2025-01-04T12:11:55Z,Desktop,Paid Search,15,10,True,False
c4b854a5-b950-424a-be68-33b4502f6a40,146,2025-12-17T17:55:00Z,2025-12-17T17:57:33Z,Desktop,Organic Search,3,1,False,False
e33634eb-51ca-4e04-b658-5e298865801a,333,2025-11-04T14:12:59Z,2025-11-04T16:18:21Z,Mobile,Email,82,19,False,True
835f2896-22ed-48f5-92ff-77a025f22016,164,2023-05-12T14:10:36Z,2023-05-12T15:02:35Z,Mobile,Social Media,70,45,False,False
f7b69a0f-0d96-482e-a151-40774e9d63a7,345,2018-07-28T11:07:26Z,2018-07-28T11:13:59Z,Mobile,Social Media,4,0,False,False
e38c48fd-4385-44b0-bbbc-7290a33de0d9,444,2025-08-17T06:42:40Z,2025-08-17T07:38:15Z,Mobile,Referral,83,7,False,False
6413386c-866f-4357-b5ef-64ec8cdb0c9e,495,2023-06-15T10:40:06Z,2023-06-15T11:00:40Z,Smart TV,Organic Search,16,9,False,False
1b59516c-3396-48f0-b135-fe0721265e86,386,2024-11-19T16:43:06Z,2024-11-19T17:21:04Z,Wearable,Organic Search,47,35,False,False
5748da89-c21d-4877-bfa6-2372e0747256,3,2022-01-01T17:59:59Z,2022-01-01T18:58:09Z,Mobile,Organic Search,93,46,False,False
2105d1e4-bea0-449f-9c49-2a8ba0da4301,213,2024-06-25T12:07:11Z,2024-06-25T12:19:32Z,Mobile,Organic Search,16,6,False,True
56f9f64a-f131-49be-9a50-8859e2b1026f,241,2018-12-28T09:34:58Z,2018-12-28T10:26:07Z,Mobile,Direct,11,3,False,False
dee134eb-1695-4a91-86ce-d11f2527170b,234,2022-10-10T08:01:24Z,2022-10-10T08:52:25Z,Desktop,Paid Search,65,48,False,False
c1bf3ebc-3e37-4a2c-9f81-6e44ed101f1b,262,2025-10-20T14:09:02Z,2025-10-20T17:29:37Z,Mobile,Organic Search,98,44,False,False
a31bc15d-47d9-427d-bcd3-cd63f74133df,496,2025-06-20T14:07:39Z,2025-06-20T14:08:14Z,Desktop,Organic Search,4,3,False,False
b9f19c6e-280d-4905-93db-2da8c8b3141b,48,2025-10-30T13:39:13Z,2025-10-30T13:47:50Z,Wearable,Social Media,3,0,False,False
10d5c042-3c1b-4360-8a84-283bc3ed0df4,398,2021-12-27T17:29:59Z,2021-12-27T20:18:26Z,Mobile,Organic Search,59,42,False,False
478e3c5d-692e-4c8b-93e3-e8a7d2248145,232,2023-08-27T07:03:55Z,2023-08-27T07:21:10Z,Wearable,Direct,29,24,False,False
3dd40993-9d29-4653-b028-edb0fe0b25ed,227,2024-10-02T11:35:00Z,2024-10-02T11:35:34Z,Mobile,Paid Search,3,1,False,False
f2826d90-d291-4195-9c2f-f0d8690176e9,380,2021-03-11T05:20:09Z,2021-03-11T06:03:00Z,Desktop,Organic Search,37,16,True,False
a4a65519-e160-4286-bb1e-1a66cad71045,122,2025-11-23T07:26:22Z,2025-11-23T07:56:19Z,Desktop,Paid Search,8,0,False,False
648efb68-7e24-49c0-8058-4dc825279462,438,2025-08-21T04:46:08Z,2025-08-21T05:01:36Z,Desktop,Organic Search,6,1,False,True
4f38c24f-96b7-4ff1-88a9-168311f847e6,471,2025-05-19T20:10:55Z,2025-05-19T20:21:05Z,Tablet,Organic Search,17,2,False,False
4f779f46-f353-4fe3-9a32-244787e75a7b,243,2018-12-08T14:24:28Z,2018-12-08T14:37:35Z,Desktop,Referral,20,13,False,False
7c097e59-214b-4171-861c-f1d82c86351f,155,2022-05-17T21:53:43Z,2022-05-17T22:06:30Z,Mobile,Social Media,30,7,False,False
60758e0c-0b4f-47bb-827a-e13cf82f8f16,17,2019-07-30T13:52:44Z,2019-07-30T14:01:25Z,Mobile,Paid Search,12,3,False,False
e93a00b4-167c-4cfe-b5be-118a749c5355,117,2025-11-14T03:54:45Z,2025-11-14T04:07:18Z,Desktop,Direct,16,0,False,False
76f43c9c-e790-4df0-964f-a760cec28248,196,2025-12-23T16:38:03Z,2025-12-23T16:58:33Z,Desktop,Organic Search,18,13,False,False
b34dd257-c87b-491c-89c8-49d8bfe434b0,212,2025-02-21T07:10:21Z,2025-02-21T07:12:56Z,Tablet,Social Media,6,1,False,False
e48d6833-344a-4d1e-9e61-8d33ed9956b4,122,2025-09-17T07:47:41Z,2025-09-17T08:28:42Z,Mobile,Paid Search,61,15,False,False
5494c0cc-e1cb-4b7a-a27b-dd41e19b604e,120,2025-12-10T04:44:17Z,2025-12-10T04:55:27Z,Mobile,Social Media,30,23,False,False
a0c13dc7-726b-4f3e-ba0b-b22869e23a08,41,2024-12-05T17:01:44Z,2024-12-05T17:01:52Z,Mobile,Organic Search,5,1,False,False
10aa5bf7-ae35-44dd-b3d6-62881423e6c7,388,2022-04-13T00:41:06Z,2022-04-13T00:41:56Z,Tablet,Referral,5,2,False,False
9313f8c9-2bb5-4c53-bc5c-7b34a5c320c0,349,2020-08-09T03:39:16Z,2020-08-09T03:40:50Z,Desktop,Social Media,2,1,False,False
b863cb1c-3e25-4a00-a225-0bdc130f2465,162,2024-07-21T04:44:20Z,2024-07-21T04:55:04Z,Desktop,Social Media,16,8,True,False
86ec3907-ad47-49e7-8bcd-4070689cabe4,314,2022-11-17T11:49:30Z,2022-11-17T12:03:39Z,Desktop,Direct,5,2,False,False
be2fc2af-f188-4e65-89a6-2e7b7131ac9a,220,2025-04-21T05:01:09Z,2025-04-21T05:01:45Z,Desktop,Display Ads,2,1,False,False
8e22ab0c-0927-4e76-9f02-edc089137ff0,204,2022-12-24T13:41:58Z,2022-12-24T13:50:31Z,Desktop,Direct,12,8,False,False
a4514d3e-050b-405b-8336-c5496be9152a,144,2023-02-02T13:56:22Z,2023-02-02T14:04:14Z,Desktop,Social Media,14,5,True,False
b390f0e0-4548-4970-b50a-ebb23ca88e6c,147,2024-08-19T23:13:18Z,2024-08-19T23:13:37Z,Mobile,Paid Search,3,0,False,False
a2c8fb2b-1d5b-4a03-9c27-4317a6a932dc,204,2018-06-11T09:16:21Z,2018-06-11T09:16:59Z,Desktop,Email,4,3,False,False
5ec53c58-3155-405d-9731-53c79dd3753f,250,2024-02-19T21:08:54Z,2024-02-19T21:22:26Z,Tablet,Direct,10,2,False,False
46dc8da4-10e0-44f1-8860-8b4c80058a03,366,2021-07-14T15:01:20Z,2021-07-14T15:10:54Z,Desktop,Direct,15,13,False,False
a9eca30f-64a9-4efa-bae5-eadb91536c33,114,2023-07-01T11:30:13Z,2023-07-01T11:43:25Z,Desktop,Direct,15,11,True,False
9c53ecde-717f-4b01-bac4-2c090c62d0ff,418,2022-09-10T14:19:04Z,2022-09-10T14:38:44Z,Mobile,Direct,22,2,False,False
2c83dc11-69f2-4a8d-9250-77a77f74e36e,314,2023-06-04T16:19:21Z,2023-06-04T16:23:35Z,Tablet,Direct,8,5,False,True
0885b411-93c6-4f21-b862-bdec4b92cee0,279,2023-01-30T20:54:07Z,2023-01-30T21:42:44Z,Mobile,Social Media,88,9,False,True
15c149dd-d2a0-4d10-8a8e-e72161639ce4,10,2022-07-03T16:22:40Z,2022-07-03T16:26:17Z,Smart TV,Organic Search,15,3,False,False
7dffe062-ddf8-49f8-aaed-6282980bbdb5,296,2023-05-13T12:12:02Z,2023-05-13T12:41:35Z,Desktop,Referral,16,11,False,False
d2e401fd-30fd-48bb-b6b8-8bd79e3890f7,203,2023-04-04T11:11:12Z,2023-04-04T11:38:34Z,Tablet,Organic Search,12,0,False,False
5bfdda31-3281-446d-bbba-3b886541af97,225,2020-06-03T22:29:36Z,2020-06-03T22:29:48Z,Desktop,Direct,3,2,False,False
74132661-d829-468e-8ba5-fc6edb2d726b,32,2025-01-17T14:43:42Z,2025-01-17T15:33:22Z,Desktop,Referral,29,7,True,False
0da2291a-39b8-4d34-8f60-460e4431c814,367,2025-06-28T04:17:49Z,2025-06-28T04:59:13Z,Desktop,Paid Search,46,22,True,False
6bd88cfe-ff50-422f-8127-d01f0123b129,419,2022-05-19T07:48:23Z,2022-05-19T07:54:03Z,Desktop,Email,7,2,False,False
25f9e880-de4a-410e-81c7-fdfc32efde46,363,2024-06-30T20:13:43Z,2024-06-30T20:14:39Z,Desktop,Organic Search,4,2,False,False
1b1d963f-1310-4e6e-863f-8ddb17e1e29a,310,2024-10-21T10:41:41Z,2024-10-21T11:27:51Z,Mobile,Paid Search,89,40,False,False
d025c204-aa4d-4845-a4fb-b274070d71b5,136,2025-09-26T15:14:15Z,2025-09-26T15:26:36Z,Desktop,Social Media,25,14,False,True
5d6e80d0-cc95-4183-b1db-31ce17bf1934,238,2022-11-13T19:41:43Z,2022-11-13T20:20:17Z,Mobile,Paid Search,27,16,False,False
7d28cd71-2ec4-4bd5-8140-2a5c511c7122,353,2023-10-24T12:15:16Z,2023-10-24T12:39:27Z,Smart TV,Organic Search,17,2,False,False
eb1f17ea-0417-4a87-ab71-9f5e6d704df0,228,2017-08-15T08:36:27Z,2017-08-15T08:42:03Z,Tablet,Email,13,12,False,False
df513a1e-1d6f-45b0-b991-ac670062052c,207,2020-12-09T06:24:30Z,2020-12-09T06:33:52Z,Tablet,Organic Search,8,7,False,True
25dc782e-458d-482f-9359-09bd858fcff7,79,2025-10-24T03:09:42Z,2025-10-24T03:10:39Z,Desktop,Organic Search,4,3,False,False
b2ed309e-ab51-45f6-9955-25358048e51b,451,2018-02-27T20:49:40Z,2018-02-27T20:50:08Z,Tablet,Paid Search,1,0,False,False
6dad3b4a-f431-46fe-91b0-b2d112f01bcf,195,2025-04-15T02:16:38Z,2025-04-15T06:06:56Z,Mobile,Organic Search,25,0,False,False
6332eb8f-8645-41b2-9722-109125f0128d,486,2020-06-25T02:23:39Z,2020-06-25T02:24:36Z,Mobile,Direct,2,1,False,False
3d7394e5-8741-4ac6-a773-7e06e7fac8b2,465,2023-06-06T20:58:20Z,2023-06-06T20:59:20Z,Mobile,Organic Search,3,0,False,False
aa5e2422-def1-4a5a-8f8f-226ae17390e2,44,2024-11-14T03:20:49Z,2024-11-14T06:55:36Z,Mobile,Organic Search,69,33,False,False
9babab64-2504-43f4-beb8-40bfaaf2843e,356,2023-08-31T17:48:07Z,2023-08-31T17:53:56Z,Desktop,Email,15,11,False,False
ba57c6fe-1eb9-475d-b32e-489afd26a1ce,395,2025-06-25T09:00:52Z,2025-06-25T09:01:16Z,Mobile,Organic Search,1,0,False,False
df442eac-d763-4247-a786-64f733ce64ca,276,2025-09-01T14:42:00Z,2025-09-01T14:47:15Z,Mobile,Organic Search,5,4,False,True
83300410-53b7-4176-9467-dcf495e42f86,248,2023-04-01T05:35:56Z,2023-04-01T06:27:16Z,Mobile,Display Ads,100,44,False,False
72fff8dd-1c97-4e07-b436-17e2fbb4661d,328,2023-07-26T14:48:03Z,2023-07-26T14:52:43Z,Desktop,Paid Search,8,2,False,True
61c04301-096d-4d33-bc51-5692bf8b5143,376,2025-06-11T03:31:53Z,2025-06-11T03:32:38Z,Tablet,Direct,4,2,False,False
01adb77a-50ad-43fd-9462-0380ab057d7b,185,2024-10-28T17:02:05Z,2024-10-28T17:31:39Z,Mobile,Email,8,5,False,False
1bd08149-f78e-48d6-97e2-ebe41cbf797e,88,2024-07-22T18:11:04Z,2024-07-22T18:11:57Z,Mobile,Direct,4,2,False,False
6653fb18-b952-420d-a7d0-94e81a0c6156,328,2021-04-21T04:08:32Z,2021-04-21T04:17:39Z,Desktop,Direct,4,2,False,True
dc98ced8-689f-4c50-8015-e226c2f1b470,229,2023-08-28T08:36:53Z,2023-08-28T09:31:42Z,Tablet,Organic Search,33,14,False,False
292d3462-4d19-45c9-9a1a-62c9170a449c,9,2025-04-28T03:53:30Z,2025-04-28T03:53:54Z,Desktop,Email,5,2,False,False
9f7ea08f-6c61-43ce-aa02-01324c20147f,4,2025-08-15T00:52:45Z,2025-08-15T01:06:45Z,Mobile,Organic Search,27,4,False,False
7eebd97c-9981-44d4-9fa8-0715e8bb0621,460,2025-08-27T17:14:03Z,2025-08-27T17:14:45Z,Tablet,Email,3,1,False,False
2bb6167e-3185-4477-9508-a1a5c1d8ca62,224,2023-07-29T13:41:23Z,2023-07-29T13:45:45Z,Tablet,Direct,12,6,False,False
5e394cd6-f25d-4445-b616-82146f903737,211,2022-09-02T19:30:20Z,2022-09-02T19:30:47Z,Wearable,Organic Search,3,1,False,False
b16ac902-df29-4921-9da1-c9495339019f,273,2025-10-09T14:32:51Z,2025-10-09T14:35:31Z,Mobile,Organic Search,9,3,False,False
53bf803d-00c6-48b8-85a5-f5ecfde5aeee,161,2025-11-18T20:30:57Z,2025-11-18T21:03:10Z,Desktop,Organic Search,31,18,False,False
5ebce1e4-9ebb-4f22-ba13-f4bdc3b57e5f,89,2021-04-22T02:27:04Z,2021-04-22T02:31:26Z,Smart TV,Direct,14,6,False,False
ce3e7994-1ae5-41ae-aca1-96c1801a2eae,242,2025-04-10T04:55:58Z,2025-04-10T05:06:39Z,Mobile,Paid Search,29,9,True,False
342c2282-bc87-491c-a53a-7aa682e0947f,410,2025-05-23T02:40:15Z,2025-05-23T02:46:19Z,Mobile,Email,12,9,True,False
19f9f346-ab14-4c6a-9803-f5c5195c142e,51,2024-01-08T18:35:23Z,2024-01-08T18:35:47Z,Desktop,Organic Search,4,3,False,False
511bb365-3cac-424e-9fb0-600cbd8d2122,47,2020-10-17T09:38:50Z,2020-10-17T09:39:19Z,Desktop,Organic Search,4,0,False,False
c76a1cbb-00bf-413e-85fc-ac87a3850676,278,2020-07-26T14:19:21Z,2020-07-26T15:00:21Z,Desktop,Social Media,60,7,True,False
2094e9c5-d375-457e-974b-ec03bff9e012,118,2023-11-01T10:53:00Z,2023-11-01T11:00:36Z,Desktop,Organic Search,8,7,True,False
4921ad95-dc87-421c-a591-face953abe50,84,2025-03-12T15:05:46Z,2025-03-12T15:06:34Z,Mobile,Social Media,5,3,False,False
3f4b3d2c-7a49-4525-8f1d-74f55bb21caf,434,2025-02-04T12:18:18Z,2025-02-04T12:28:43Z,Desktop,Direct,7,0,False,False
5c904e9a-c1c2-4d4a-b8ae-7060621bacd3,106,2024-12-08T00:43:11Z,2024-12-08T01:38:32Z,Mobile,Referral,62,17,False,False
549f9ec2-fb03-4ed7-b058-d57b71dc8d8d,106,2024-05-19T23:44:34Z,2024-05-19T23:52:48Z,Tablet,Social Media,15,4,False,False
5d2bd634-888e-4c36-80e7-43d5665e0b43,324,2019-12-18T15:31:47Z,2019-12-18T16:53:09Z,Mobile,Direct,66,16,False,False
f9ccf65a-b983-48b0-b104-43a99cc025ea,14,2023-05-04T17:42:00Z,2023-05-04T17:42:46Z,Mobile,Organic Search,5,2,False,False
653f7ac0-e590-4c15-8c19-086a7302152f,466,2020-01-10T11:42:20Z,2020-01-10T12:16:25Z,Desktop,Direct,10,5,False,True
672443d5-b5b0-4070-a97b-ae1e0b4219bb,305,2025-04-04T00:12:48Z,2025-04-04T00:13:19Z,Desktop,Direct,4,0,False,False
eaf07ce4-b338-45d8-b0b6-d043603bc4b1,30,2025-03-29T05:37:27Z,2025-03-29T06:18:49Z,Mobile,Organic Search,23,1,False,False
9a48f8b0-c6f0-4ca2-94dd-e6490b305694,271,2024-07-30T22:58:12Z,2024-07-30T23:02:42Z,Mobile,Referral,13,6,False,False
290427cf-7b51-4713-94f0-86d08d2bd256,393,2024-04-20T16:34:21Z,2024-04-20T16:58:40Z,Tablet,Direct,20,8,True,False
1006a0e8-cbba-4e5e-8d03-8ffc5e5f166c,434,2019-04-21T00:42:02Z,2019-04-21T00:42:47Z,Desktop,Direct,4,0,False,False
34be016d-0595-4b44-8cea-04e6cf52f6dc,249,2025-12-18T14:05:03Z,2025-12-18T14:10:04Z,Tablet,Paid Search,6,2,False,False
b084b3a1-c59c-4869-a672-db2602bcd48c,277,2025-10-09T11:13:42Z,2025-10-09T11:14:38Z,Tablet,Direct,3,1,True,False
91584c20-911e-44a4-8b2c-fb62acb2bc7e,176,2023-05-08T09:31:02Z,2023-05-08T09:32:01Z,Tablet,Direct,3,2,False,False
c29c72d2-53ba-4d50-b433-65f567ac0649,458,2024-06-14T20:30:48Z,2024-06-14T20:31:22Z,Mobile,Direct,4,0,False,False
67234c53-61e6-4627-a2b7-be0b7b1c7542,262,2024-09-17T08:34:26Z,2024-09-17T08:47:16Z,Tablet,Social Media,25,24,False,False
b51ac0d0-a745-4c0f-867e-62e777edc598,435,2025-02-02T15:02:39Z,2025-02-02T15:03:13Z,Desktop,Direct,4,1,False,True
d25ae089-21fb-4f5d-a88c-c69c3c87f94a,227,2023-09-16T22:44:03Z,2023-09-16T22:50:01Z,Tablet,Organic Search,3,2,True,False
ea64f490-62cf-4f1e-922e-9c7462f92ebb,419,2025-01-30T20:06:32Z,2025-01-30T20:06:42Z,Mobile,Social Media,4,2,False,False
9852216f-6f2e-4e1e-b412-7edb7adb7fb6,14,2021-06-28T15:53:31Z,2021-06-28T16:00:51Z,Mobile,Direct,12,9,False,True
3a542bc0-e1ee-486f-8088-ef04a2641fdf,443,2025-04-20T21:14:44Z,2025-04-20T21:25:56Z,Desktop,Organic Search,24,5,False,False
1b3cb705-92d2-452d-affb-8b095f2c9463,139,2018-04-28T20:45:02Z,2018-04-28T20:56:09Z,Mobile,Organic Search,6,1,False,True
184af158-bb05-4932-a8cf-f635f0054d77,78,2025-02-22T15:43:08Z,2025-02-22T15:43:33Z,Mobile,Organic Search,3,2,False,False
ef7b34ef-2be6-45f7-8393-826ad26ed606,67,2024-09-04T09:20:14Z,2024-09-04T09:21:03Z,Mobile,Referral,4,2,False,False
a8e2b9c8-4d19-48b3-88f4-bcbeb4488c2f,188,2025-10-12T18:01:53Z,2025-10-12T18:56:56Z,Tablet,Organic Search,52,40,False,True
2108d6c3-82d5-4a54-a1df-6024d117c024,281,2019-01-25T03:47:47Z,2019-01-25T04:01:50Z,Desktop,Referral,8,5,False,False
892ac67e-bfa3-444f-952c-0c6d94cf9600,410,2025-04-25T18:47:20Z,2025-04-25T18:47:46Z,Desktop,Referral,4,2,False,False
60244629-9c4b-4548-beb5-4968de6d2540,354,2024-09-16T13:32:28Z,2024-09-16T14:22:27Z,Desktop,Organic Search,51,47,True,False
fd6df363-3c49-4cca-89a4-60c2587ded04,23,2024-06-27T03:57:51Z,2024-06-27T04:41:02Z,Desktop,Direct,36,23,False,False
79560bd6-b299-4cfa-ac08-d4a80a8db5f5,266,2020-07-06T20:12:02Z,2020-07-06T20:18:39Z,Mobile,Social Media,12,2,False,False
13a25f29-7854-4df7-831b-57b5fd11cb73,115,2024-11-20T22:13:23Z,2024-11-20T22:14:05Z,Tablet,Social Media,2,0,False,False
ab4c031b-c302-4f22-855b-42d85f48264b,474,2025-03-05T22:20:46Z,2025-03-05T23:14:37Z,Desktop,Email,23,13,False,True
bd260936-f37c-4999-886b-62ebc3505cbd,63,2021-08-29T22:09:50Z,2021-08-29T22:09:56Z,Smart TV,Paid Search,2,1,False,False
f408ee5a-d3b3-4822-a0b6-b92e90cba4c8,79,2025-12-16T10:20:33Z,2025-12-16T10:54:52Z,Tablet,Direct,16,15,False,False
f7786e00-ed68-481f-ae9d-df6baf819a79,178,2020-03-04T17:22:46Z,2020-03-04T17:23:09Z,Mobile,Display Ads,3,0,False,False
41325662-d13a-4567-9125-3cf45baee743,195,2025-10-27T23:25:43Z,2025-10-28T02:18:56Z,Mobile,Social Media,55,48,True,False
6939244c-6d33-4dca-ae9b-b3b5cd9312a6,154,2021-09-29T09:10:24Z,2021-09-29T09:17:01Z,Desktop,Direct,14,9,False,True
b2148b8c-193e-49e1-aae7-9151b0578d6b,471,2023-05-19T09:11:03Z,2023-05-19T09:54:44Z,Mobile,Referral,79,22,False,True
80486f20-5472-4b39-b8ca-fe78c68e29f3,195,2025-10-25T19:07:37Z,2025-10-25T19:07:48Z,Mobile,Organic Search,1,0,False,False
c4a3d141-ce38-4acd-b9bb-b5e3068a48d5,360,2023-01-09T23:20:18Z,2023-01-09T23:29:49Z,Desktop,Organic Search,6,4,False,False
8a072588-14cc-4966-88c6-623786418399,294,2024-06-30T19:52:36Z,2024-06-30T19:53:09Z,Desktop,Paid Search,5,1,False,False
c01e4f69-fe3b-4065-b04f-b1dac87f0ba4,285,2024-04-24T03:02:26Z,2024-04-24T03:02:49Z,Mobile,Paid Search,1,1,False,False
96c68a31-5b2a-4059-bfe9-49ccf5319d87,144,2021-11-18T14:04:01Z,2021-11-18T14:18:05Z,Desktop,Social Media,18,7,False,False
bba6cc12-70aa-45e9-86a5-b5438b398b86,50,2025-04-03T00:27:12Z,2025-04-03T00:33:21Z,Mobile,Organic Search,10,1,False,False
d9baab68-610a-4b57-ab83-41243e184942,420,2021-08-18T13:30:19Z,2021-08-18T13:31:15Z,Mobile,Paid Search,3,2,False,False
3cfe9ac2-2276-432b-aa5a-1323a1f37be2,450,2025-06-19T23:42:13Z,2025-06-19T23:42:55Z,Mobile,Direct,2,0,False,False
c8c335ca-00d8-4534-8a8a-1448257e5d92,303,2022-07-24T23:03:28Z,2022-07-24T23:15:29Z,Mobile,Social Media,6,1,False,True
f8eacbb6-30db-4fcd-a4d2-d208bf804a46,354,2023-03-04T19:12:09Z,2023-03-04T19:18:17Z,Tablet,Social Media,7,6,False,False
72cb5bee-2fee-4efc-a64f-c962f9b7411d,347,2023-06-25T12:40:57Z,2023-06-25T13:21:20Z,Tablet,Social Media,10,0,False,False
30cd982b-2305-456b-9957-36f0775aca57,452,2022-11-24T19:03:36Z,2022-11-24T19:11:50Z,Mobile,Referral,9,3,False,True
0be1a261-aeca-49ee-a65b-1f0e973abcfa,228,2021-07-07T09:13:05Z,2021-07-07T09:40:12Z,Mobile,Organic Search,19,8,False,True
f350a951-a580-49fd-bc62-a4e140e9009c,131,2024-06-21T12:05:39Z,2024-06-21T12:06:17Z,Mobile,Organic Search,4,0,False,False
b3e76555-0c9c-48da-9b56-91bca34ec08a,27,2024-10-15T23:47:42Z,2024-10-16T01:38:23Z,Tablet,Social Media,64,26,False,True
e12cd1c7-3dc9-4e40-adf1-9fe2ebee3525,413,2021-08-16T09:38:15Z,2021-08-16T09:39:16Z,Mobile,Direct,2,1,True,False
3f7291a7-9085-464e-8aef-f2e2e2c8d230,183,2023-06-22T07:48:29Z,2023-06-22T08:43:06Z,Tablet,Paid Search,52,8,False,False
4687cdaa-debe-4246-9dc2-5b53e62dc0f9,51,2024-02-17T01:34:04Z,2024-02-17T02:23:27Z,Tablet,Paid Search,71,46,False,False
1fc5bafc-76f0-4e71-adde-f7a1ed41e619,22,2025-12-08T15:44:54Z,2025-12-08T16:09:27Z,Mobile,Social Media,30,29,False,False
45cfeebc-8d3a-489f-ba37-eb68df2cb8b0,126,2021-08-13T18:31:57Z,2021-08-13T18:32:10Z,Mobile,Direct,4,3,False,True
ce47589c-7a4b-48ba-a8d3-62f305730b61,480,2023-09-13T00:12:48Z,2023-09-13T00:13:41Z,Mobile,Paid Search,5,3,False,False
3d4960a5-8974-4915-8c6a-1f36fad3eb43,330,2024-06-21T05:32:17Z,2024-06-21T05:38:38Z,Mobile,Email,14,13,False,False
218098ba-2dc1-4050-8e6c-deb82aed8618,23,2025-01-06T11:56:43Z,2025-01-06T11:59:00Z,Mobile,Direct,9,7,False,False
96c23f37-9956-49c4-a416-6c731630ca6b,191,2021-12-03T05:14:57Z,2021-12-03T05:45:44Z,Mobile,Organic Search,47,44,False,True
30b0f54b-296a-414b-8650-46bc3a0c05df,434,2019-02-24T13:23:15Z,2019-02-24T13:24:15Z,Mobile,Organic Search,3,1,False,False
41de2222-9602-41a9-9ce6-5b3a7eae7bce,390,2025-12-24T00:00:00Z,2025-12-24T00:00:09Z,Tablet,Email,1,0,False,False
b939509d-6073-4c7f-a0df-2793907e55b5,53,2017-02-17T18:48:43Z,2017-02-17T18:49:37Z,Mobile,Organic Search,3,0,False,False
eda27582-2c0c-451d-9789-adee6b3f822b,103,2024-06-29T08:24:43Z,2024-06-29T08:25:40Z,Desktop,Paid Search,5,0,False,False
cd6b8c03-9454-4ac3-8c32-8c4b05712089,416,2025-08-12T20:08:46Z,2025-08-12T20:08:54Z,Mobile,Paid Search,3,0,False,False
82d31569-677f-4006-a716-8244101aaf84,235,2025-08-31T02:19:15Z,2025-08-31T02:19:44Z,Desktop,Paid Search,3,2,False,True
56766ef6-b5d6-4e7c-842d-cbc3687fc625,381,2021-08-30T11:37:06Z,2021-08-30T11:51:13Z,Desktop,Direct,11,6,False,False
27273cea-1a8c-4f08-8bfd-327bff2352fa,24,2025-04-27T02:44:29Z,2025-04-27T03:19:41Z,Smart TV,Direct,22,11,False,False
51428c8c-e100-4a6b-954d-5aeee0844c17,4,2025-09-14T09:03:31Z,2025-09-14T09:50:31Z,Desktop,Paid Search,33,28,True,False
f3b155d5-9807-4b2b-a7e6-ea922097238b,417,2024-08-09T02:39:38Z,2024-08-09T02:40:58Z,Desktop,Social Media,2,0,False,False
f96a66fe-b16f-4dbf-926b-78c787426d2f,342,2020-10-16T09:23:48Z,2020-10-16T09:24:01Z,Desktop,Organic Search,5,3,False,False
50179006-a242-4f7b-877d-6e5b3f867bb9,146,2025-11-16T12:51:30Z,2025-11-16T13:01:08Z,Mobile,Organic Search,13,10,False,False
763cdbdc-6a05-4123-be5c-679a2eae31cd,228,2017-11-06T17:45:01Z,2017-11-06T17:56:09Z,Mobile,Direct,23,5,False,False
58c2c34e-e857-4f33-a247-6ef6adb76b5e,193,2025-08-18T01:35:45Z,2025-08-18T02:29:35Z,Smart TV,Direct,95,39,False,True
a8e200b6-5242-4704-b9fd-f59555dfbbe5,223,2023-04-11T02:58:32Z,2023-04-11T03:49:22Z,Mobile,Organic Search,80,8,False,False
449f47d4-6ba3-4df0-9fcf-d1e377c5ea90,267,2023-12-03T17:51:07Z,2023-12-03T17:58:29Z,Tablet,Referral,8,4,False,True
5b9ab21a-63a3-4ecc-92ed-29545cfd743e,396,2019-11-12T09:29:51Z,2019-11-12T09:50:19Z,Desktop,Paid Search,25,18,True,False
f2f84e21-710d-4503-a82f-e73ba5f248c9,307,2022-05-19T16:09:58Z,2022-05-19T16:14:35Z,Desktop,Social Media,3,1,False,False
b21508f7-4f60-4643-b1b6-bbd856e1131c,122,2025-07-28T13:21:53Z,2025-07-28T13:22:42Z,Mobile,Social Media,5,2,False,True
24e481b0-b3d2-48d2-acd2-bc0c33182b75,212,2022-03-21T09:38:13Z,2022-03-21T09:38:32Z,Desktop,Organic Search,1,0,False,False
3cf01e71-301a-407c-99a4-08ddd348fab7,226,2024-03-31T12:13:24Z,2024-03-31T12:19:07Z,Desktop,Paid Search,13,10,True,False
5271a9fe-297b-42a9-ba2f-dde5cb852c07,413,2024-10-20T07:54:21Z,2024-10-20T07:54:34Z,Desktop,Direct,1,1,False,False
3aebe61a-8a24-43d0-aeea-af08d11e0384,38,2024-08-03T05:44:30Z,2024-08-03T06:09:06Z,Tablet,Organic Search,21,1,False,True
f7a9e698-ae73-4799-bb69-70a804c6d10d,219,2022-10-28T10:29:56Z,2022-10-28T10:30:07Z,Mobile,Email,4,2,True,False
dd0e32cf-4fb6-4946-8cf9-ab4ad0bce531,140,2023-07-11T03:33:05Z,2023-07-11T03:33:29Z,Mobile,Direct,1,0,False,False
cee2747a-ce11-4f25-8437-70dc2eb88d27,447,2024-10-09T23:09:26Z,2024-10-10T00:38:35Z,Tablet,Social Media,88,39,False,True
c997204e-f692-47bc-a2ca-51c4753cb76a,194,2025-02-09T01:54:26Z,2025-02-09T02:04:00Z,Tablet,Organic Search,10,0,False,False
75f8b5f4-c830-4bb9-9626-3514c82156d4,194,2024-12-16T17:21:58Z,2024-12-16T18:05:05Z,Mobile,Organic Search,52,20,False,False
4c6ef8da-6927-4fed-aeb0-cd6525a7895e,66,2023-07-13T19:37:20Z,2023-07-13T20:34:51Z,Desktop,Direct,10,7,False,True
c3b0e6d0-5e7f-45dc-b1ab-fe29e87d3250,121,2022-07-07T04:44:34Z,2022-07-07T04:45:30Z,Desktop,Referral,2,0,False,False
6d5cac4b-c43e-481f-b21e-ca900e28d5f2,453,2021-06-06T07:20:34Z,2021-06-06T09:58:10Z,Mobile,Paid Search,90,48,False,False
e5b7bfb3-c5a6-429c-95ad-95adbdb9ec34,88,2022-12-22T18:48:34Z,2022-12-22T18:50:42Z,Mobile,Email,7,5,False,False
c1207da6-1dc3-4a0b-8e66-2f1636c115d3,65,2024-03-09T07:05:03Z,2024-03-09T07:12:11Z,Desktop,Social Media,4,2,False,False
e20649c2-21b8-402c-be86-be5ef31c8150,230,2023-05-27T19:49:11Z,2023-05-27T19:53:05Z,Desktop,Organic Search,12,2,False,False
29ceb061-4124-46bc-87a0-004cb00d1d66,341,2024-09-22T15:44:16Z,2024-09-22T16:17:43Z,Desktop,Organic Search,23,16,False,False
a30b7aa4-1730-4d47-ab2d-ea06cd5370ec,305,2025-02-28T04:20:20Z,2025-02-28T04:23:57Z,Mobile,Direct,3,0,False,False
48d4f968-ee0d-40c4-bc77-4121638fc308,28,2025-11-17T16:53:14Z,2025-11-17T17:37:59Z,Desktop,Display Ads,56,39,False,True
a320042e-5625-44c3-8f10-c2e1560cfbb0,500,2025-08-26T00:49:10Z,2025-08-26T00:57:58Z,Tablet,Referral,7,2,False,False
cc578590-59e7-47e7-bd11-02227fedc349,422,2018-06-07T05:31:27Z,2018-06-07T05:34:04Z,Mobile,Social Media,8,6,False,False
1690a6c7-3c01-42dd-a443-9ffd5baa3ff4,152,2023-07-24T15:13:04Z,2023-07-24T15:28:54Z,Desktop,Direct,13,6,False,False
fccc326f-2e39-426c-8f3e-ab37c728cdf1,413,2020-04-07T05:33:22Z,2020-04-07T05:34:20Z,Smart TV,Organic Search,5,0,False,False
ba3b8ba8-2aeb-47ac-9952-19a23376e402,17,2019-06-10T11:47:33Z,2019-06-10T12:47:02Z,Wearable,Direct,60,30,False,False
6f05bd67-77e3-4994-bff0-1fe1ddbd88b6,458,2024-03-20T04:26:08Z,2024-03-20T04:30:10Z,Desktop,Organic Search,6,5,True,False
021b924b-78d3-4838-bd67-1d4287139cfa,486,2019-03-17T13:00:22Z,2019-03-17T13:24:45Z,Mobile,Paid Search,7,3,False,False
d4f282bc-7fd9-42ca-9ec6-41dc48eef401,254,2024-11-20T11:19:21Z,2024-11-20T12:14:00Z,Desktop,Organic Search,80,10,False,False
10eec76e-9106-4b72-bd65-41519b5a4d66,339,2023-08-01T03:22:28Z,2023-08-01T04:08:49Z,Desktop,Organic Search,15,4,False,False
8980d780-33d5-48ea-a600-a46417914fbc,409,2025-10-29T15:49:38Z,2025-10-29T15:56:54Z,Desktop,Organic Search,12,9,False,True
c2b26158-d8bd-4791-b56b-2ca4e3b56eb9,163,2025-07-23T12:08:01Z,2025-07-23T12:22:55Z,Desktop,Direct,16,0,False,False
3fc9a835-3983-416c-a38b-3593e9b31931,345,2022-09-20T04:49:08Z,2022-09-20T05:17:38Z,Desktop,Social Media,18,4,False,True
511535f3-03b5-4e2f-9586-2aaabf3531ca,40,2023-11-22T13:02:49Z,2023-11-22T13:36:47Z,Desktop,Paid Search,16,6,False,False
5264d0a6-3310-481d-ba28-204768aad05e,321,2023-04-02T00:22:10Z,2023-04-02T00:26:43Z,Desktop,Referral,4,0,False,False
ca082b92-9410-4ffb-ba52-8fc4b08adde0,180,2021-05-07T16:36:22Z,2021-05-07T17:20:38Z,Mobile,Direct,52,46,True,False
185a8276-219b-4d85-ad4c-0a464779b07c,125,2025-01-24T19:34:32Z,2025-01-24T20:23:49Z,Desktop,Display Ads,35,11,False,False
3d5f81c7-965c-4683-b568-0a7e9265ae8f,271,2024-02-28T19:34:28Z,2024-02-28T20:25:23Z,Tablet,Direct,55,19,False,False
0b375a16-0f95-495e-b04d-8c1486f9041f,436,2018-04-04T09:58:23Z,2018-04-04T10:04:47Z,Smart TV,Organic Search,6,0,False,False
9b415b52-0add-46a5-bb4e-db3a71e0a4cd,56,2017-01-21T06:49:51Z,2017-01-21T06:50:11Z,Mobile,Direct,4,0,True,False
0bef4873-7f5a-4f4c-85c0-0a65a116196e,156,2025-10-28T19:16:03Z,2025-10-28T19:17:48Z,Mobile,Organic Search,4,0,False,False
aa92391b-6176-458e-a175-2dec816ff2e6,71,2024-07-11T03:39:55Z,2024-07-11T03:50:18Z,Desktop,Direct,29,2,False,False
60bcd20f-5918-4234-9d9c-1b0e140c4742,111,2025-09-27T09:37:04Z,2025-09-27T09:37:28Z,Desktop,Direct,1,0,False,False
c2407eeb-d603-4b25-ba34-a7ad96da1e26,36,2025-09-21T18:14:05Z,2025-09-21T18:14:35Z,Mobile,Social Media,2,0,False,False
eb0504f4-9b58-496a-b424-b34defaae44f,300,2021-02-10T17:43:09Z,2021-02-10T17:46:39Z,Desktop,Organic Search,14,7,False,True
5ff1dd08-10aa-4e1b-8923-0fda178f815b,424,2025-07-18T18:59:26Z,2025-07-18T19:10:22Z,Desktop,Email,20,13,False,False
889f1985-bda1-4ab3-91b4-d3286b3260a8,115,2024-11-06T23:33:11Z,2024-11-06T23:34:06Z,Mobile,Organic Search,5,1,True,False
f17db41a-e500-420d-b197-dffe61aab484,167,2022-07-05T16:09:38Z,2022-07-05T16:30:24Z,Desktop,Direct,8,0,False,False
e9407194-7fb2-4e5c-a4d7-841f02277394,384,2024-10-28T23:07:35Z,2024-10-28T23:10:24Z,Mobile,Direct,12,3,False,True
9227e223-34b2-4393-a47c-f410c46a007a,126,2024-04-08T16:21:44Z,2024-04-08T16:27:29Z,Tablet,Organic Search,5,3,False,False
f1bc72a6-0a91-4f50-b810-1523cdbe21af,216,2021-11-19T22:41:42Z,2021-11-19T22:50:29Z,Mobile,Direct,8,3,False,False
cdd5cded-e1f6-456d-8e79-4a79525f8263,360,2024-03-30T12:50:23Z,2024-03-30T12:57:07Z,Desktop,Organic Search,10,8,False,False
d23ac754-f3a9-4f76-990b-c117c2095e8c,366,2023-09-01T20:00:21Z,2023-09-01T20:04:09Z,Desktop,Organic Search,3,2,True,False
861f7670-620a-4ecd-9520-3c4dd7a47248,407,2025-02-03T09:46:08Z,2025-02-03T10:05:46Z,Wearable,Organic Search,19,11,False,False
cd51d151-0294-4e88-9189-a22ad1790469,51,2023-11-17T14:40:19Z,2023-11-17T14:49:34Z,Mobile,Organic Search,9,2,False,False
46c9388a-c144-4fc2-9c5f-a50fd70664fd,365,2024-01-20T21:41:04Z,2024-01-20T21:44:01Z,Tablet,Social Media,3,0,False,False
f8e9f0a4-311e-4265-97dd-6a1a4c0c2c6a,411,2020-11-24T14:36:26Z,2020-11-24T14:37:21Z,Desktop,Organic Search,5,4,False,False
ab797763-1cea-42db-b3ee-a4ee9f457570,315,2025-03-10T22:27:01Z,2025-03-10T22:27:55Z,Mobile,Social Media,5,3,False,False
f591e180-de18-4b27-bbe7-5815d653ea81,212,2021-10-24T09:19:51Z,2021-10-24T09:20:29Z,Mobile,Organic Search,5,2,False,True
b3fc8b69-f8f6-404a-a5ed-de96b17204d7,432,2024-12-05T20:42:59Z,2024-12-05T20:43:33Z,Mobile,Email,2,0,False,False
681eac17-4f0e-463b-9903-f961d727051d,105,2021-09-08T21:19:50Z,2021-09-08T22:06:51Z,Mobile,Paid Search,50,5,False,False
325df03b-a3f8-491c-ba9a-7b4bcf25ff4e,40,2020-10-24T12:34:12Z,2020-10-24T12:34:54Z,Tablet,Direct,2,1,False,False
629f61e6-a4a4-413e-ad41-b14e8d986233,415,2024-06-08T16:55:11Z,2024-06-08T16:55:59Z,Mobile,Direct,5,1,False,False
48bf6d20-146c-4269-9128-d162118fe5f0,351,2022-05-01T12:55:11Z,2022-05-01T12:56:09Z,Mobile,Paid Search,4,2,False,False
7817adac-3ede-4998-b91c-127dafb7516a,452,2024-01-03T16:36:17Z,2024-01-03T17:12:54Z,Desktop,Social Media,57,3,False,False
b7156cac-c15b-4064-b730-f27d354cb162,97,2025-09-18T07:39:30Z,2025-09-18T07:50:37Z,Mobile,Social Media,26,23,False,False
c9a73695-21e4-4bff-a84f-c8ec8c639d56,272,2023-08-02T04:50:49Z,2023-08-02T05:27:23Z,Mobile,Direct,67,13,False,False
dc400cb0-b7ae-4ec1-9bbe-9c1e07758089,188,2025-08-06T11:09:09Z,2025-08-06T11:18:29Z,Desktop,Email,7,6,False,True
a9d917ba-da2f-4885-af00-4cda7c12fd90,26,2023-08-03T22:45:00Z,2023-08-03T22:54:43Z,Smart TV,Organic Search,14,10,False,False
e23219fb-002d-4f57-ad98-917a4576c599,242,2025-07-03T20:15:24Z,2025-07-03T21:08:47Z,Mobile,Email,58,1,False,True
cb0ffa3c-85f1-40ed-bae2-85748c2966ac,245,2018-07-23T22:19:09Z,2018-07-24T00:13:14Z,Desktop,Direct,88,14,False,False
65336f5f-fa45-44fc-922d-7a33f6ecfaae,17,2020-11-22T01:17:00Z,2020-11-22T03:55:27Z,Desktop,Organic Search,35,7,False,False
082e5d26-8d88-4aca-bdad-68421f802818,195,2024-10-16T22:47:13Z,2024-10-16T23:42:07Z,Mobile,Direct,77,16,False,False
22dfbb45-714d-476d-950a-0c4cab805dfd,83,2023-04-02T11:19:16Z,2023-04-02T12:08:21Z,Desktop,Paid Search,49,38,False,False
8f14c3fa-2cde-4cb6-8591-16298cbca8e6,387,2023-07-17T04:04:20Z,2023-07-17T04:26:47Z,Desktop,Direct,19,3,False,True
b22685bf-11c1-4283-9b97-459e558ca9e5,478,2018-10-23T12:15:47Z,2018-10-23T15:03:24Z,Tablet,Social Media,62,17,False,False
b5995c8f-3eb1-4cef-a07c-a41c71b58abd,146,2025-11-24T06:44:04Z,2025-11-24T06:46:26Z,Mobile,Organic Search,4,0,False,False
c3077432-c065-4efe-87c0-58e8cf0ccd92,279,2024-12-06T23:24:10Z,2024-12-06T23:59:05Z,Desktop,Paid Search,69,33,False,False
9dfdf7a6-bbd6-4c06-8727-d5a4d213ba1f,257,2021-06-05T03:20:22Z,2021-06-05T03:26:47Z,Desktop,Direct,10,3,False,True
ee7f2b00-023a-490b-8205-8df2f9c91ce4,319,2022-01-11T09:04:50Z,2022-01-11T09:05:17Z,Mobile,Organic Search,3,0,False,False
9e9f3e03-5a25-4b2e-b667-9f1c6c27801f,202,2025-10-19T04:49:43Z,2025-10-19T07:23:27Z,Mobile,Organic Search,24,0,False,False
7c18961c-aaa2-4997-b616-313aa4aa0e3b,36,2022-03-13T06:37:05Z,2022-03-13T06:47:46Z,Wearable,Social Media,12,7,False,False
2d0fa5f0-f96a-444a-a8b4-3aded840c870,69,2025-10-15T19:18:53Z,2025-10-15T19:39:43Z,Desktop,Organic Search,27,14,False,False
290c9698-f307-4a92-9d7e-ea864756c49e,80,2022-10-19T19:53:40Z,2022-10-19T19:53:48Z,Desktop,Social Media,1,0,False,False
b5322bd0-ec7d-4e02-b189-f7ef15d3b82f,274,2025-11-21T16:09:23Z,2025-11-21T16:10:09Z,Desktop,Direct,3,0,False,False
ed88b807-0dd0-49f1-8160-f6f7a792c43c,61,2022-01-18T22:14:08Z,2022-01-18T22:18:30Z,Mobile,Direct,11,0,False,False
7ba84719-2223-4b49-9176-41b1b765d779,498,2017-01-06T23:43:49Z,2017-01-06T23:44:44Z,Desktop,Organic Search,5,4,False,False
d1f8e065-67ad-4970-ad01-411baa58777d,367,2025-09-27T15:44:09Z,2025-09-27T15:50:55Z,Smart TV,Social Media,4,2,False,False
117ac875-726e-40bc-9153-4f945df9c6b7,478,2021-04-30T19:28:48Z,2021-04-30T19:29:18Z,Mobile,Social Media,2,1,False,True
421ea19d-d4da-4164-a8a0-ce759392f0fa,405,2024-03-01T12:18:29Z,2024-03-01T12:31:14Z,Mobile,Organic Search,17,8,False,False
cbc160eb-a523-4d01-b32f-8772dc819eba,57,2025-05-18T12:32:27Z,2025-05-18T12:37:49Z,Smart TV,Social Media,13,11,False,False
7abd2486-0869-4ff5-93b3-07fdfb401d57,234,2024-01-12T19:34:39Z,2024-01-12T19:35:09Z,Desktop,Social Media,5,2,False,False
df0cf4bf-7f94-4b8a-9cf9-0c9ccac351ab,282,2025-10-31T02:48:44Z,2025-10-31T02:48:59Z,Mobile,Email,4,1,False,False
30dd3638-aa56-4fe4-aa0b-dcddca5bb0b0,286,2019-03-26T01:42:44Z,2019-03-26T01:43:19Z,Desktop,Paid Search,5,2,False,False
267d8bd6-c1f1-4eca-80fd-540a94de7b19,400,2017-04-03T11:24:28Z,2017-04-03T11:24:46Z,Smart TV,Organic Search,3,0,False,False
3c12a8eb-2788-4211-98e6-870b14e6b5d8,15,2022-05-19T23:53:22Z,2022-05-20T00:04:11Z,Mobile,Organic Search,27,9,False,False
b7fc160c-47a9-4f31-abc7-622915a6ebf5,4,2025-09-15T18:29:06Z,2025-09-15T19:06:52Z,Tablet,Organic Search,15,11,False,True
c4486c3e-0fa7-4f8e-a7e3-9958adabbe53,436,2024-01-20T19:22:54Z,2024-01-20T19:23:36Z,Desktop,Referral,5,3,False,True
e6a78327-830e-4644-9390-8638474a0aee,24,2024-04-23T06:16:08Z,2024-04-23T06:16:30Z,Desktop,Paid Search,2,1,False,False
288fe6f6-bb4c-40ff-bd0f-b89c50543f5f,203,2024-02-26T22:12:10Z,2024-02-26T22:53:12Z,Mobile,Social Media,20,11,False,False
db3f9964-96cd-43c4-bdf0-e6fbcc23db81,390,2025-12-24T07:00:00Z,2025-12-24T07:03:04Z,Desktop,Social Media,4,2,False,False
bf435c06-1d0c-46bd-b853-cb604d9b2ad4,132,2016-08-20T09:49:59Z,2016-08-20T09:59:00Z,Mobile,Direct,5,0,False,False
70a0374e-04a8-48c6-837f-b2bee9a67510,377,2025-07-10T10:41:44Z,2025-07-10T11:32:30Z,Tablet,Organic Search,13,0,False,False
9adc372f-9cfd-4618-af97-08c4b4c5d44e,457,2024-03-20T15:49:00Z,2024-03-20T15:49:22Z,Smart TV,Referral,5,0,False,False
86e4b796-c12f-42cc-9e00-3ffd203fe399,387,2023-04-21T21:37:16Z,2023-04-21T21:43:19Z,Mobile,Social Media,4,0,False,False
30ba1704-4c54-4f4b-b234-41f40d73c7eb,231,2025-11-30T05:21:40Z,2025-11-30T06:07:23Z,Desktop,Paid Search,65,24,False,False
705c92e3-e640-4494-bd99-0dc02c1487e8,295,2021-07-01T15:42:12Z,2021-07-01T15:49:02Z,Tablet,Social Media,8,2,True,False
a84b4350-2205-4ca6-9ce7-10ba864caff0,260,2025-04-29T04:51:15Z,2025-04-29T04:54:42Z,Desktop,Organic Search,9,1,False,False
2d104a5f-d5fd-40d5-8b51-cd6c31bd63ee,472,2025-07-25T00:57:22Z,2025-07-25T01:11:44Z,Desktop,Paid Search,6,0,False,False
1724b134-2e13-4a95-a244-bc19cc2e1f2f,160,2025-04-11T21:34:53Z,2025-04-11T21:35:08Z,Tablet,Organic Search,1,0,False,False
a606ea4e-6a47-4c12-b219-442880fd2145,127,2025-01-28T22:37:39Z,2025-01-28T22:37:51Z,Tablet,Organic Search,1,0,False,False
f83eabd2-d1d4-49e9-aa40-91a452202192,180,2023-09-06T10:41:50Z,2023-09-06T10:42:13Z,Mobile,Paid Search,1,0,False,False
82cd8fd9-3570-4536-9e10-7cd6c8001c54,497,2024-04-07T17:06:44Z,2024-04-07T19:04:23Z,Mobile,Referral,74,29,False,True
9449589a-e5a6-4492-bc08-9dc27bfdc4e5,208,2025-12-20T20:02:38Z,2025-12-20T20:02:56Z,Tablet,Direct,5,2,False,False
0e5cd54b-3077-4e8e-af75-eedb36dfa8fc,358,2020-11-25T14:56:17Z,2020-11-25T15:10:04Z,Desktop,Direct,9,4,False,False
b4c24df3-dfe3-4bcd-8ac8-2f679739e662,221,2024-10-23T15:45:11Z,2024-10-23T15:57:51Z,Smart TV,Organic Search,16,3,False,False
85d88227-9c0b-434d-912d-7c6f58560e9f,252,2023-07-23T05:47:12Z,2023-07-23T06:05:31Z,Mobile,Organic Search,20,2,False,True
219789d6-b3fe-469a-a6bb-ca11adeb8820,445,2022-03-06T18:31:53Z,2022-03-06T18:34:36Z,Tablet,Direct,13,1,False,False
7f6f3999-d136-471d-b02a-45f12056c4ae,91,2021-07-30T13:41:51Z,2021-07-30T13:45:25Z,Mobile,Paid Search,13,12,False,True
09adb207-d96a-4c4d-a8ba-33309890448e,83,2018-10-16T10:38:19Z,2018-10-16T10:44:49Z,Mobile,Organic Search,6,0,False,False
2156441e-ee6e-4ad1-9488-61b66841736d,454,2024-03-26T10:54:52Z,2024-03-26T10:55:14Z,Tablet,Organic Search,1,1,False,False
32139ca1-78f1-4166-9ccc-b101c3126971,27,2024-03-03T05:30:26Z,2024-03-03T06:26:24Z,Mobile,Referral,84,40,False,False
2b741405-9536-46b9-9c3b-f689c87fc71b,74,2025-12-03T14:51:31Z,2025-12-03T15:20:19Z,Mobile,Organic Search,26,17,False,False
190bd645-6101-4492-9a21-0803258bae18,400,2022-03-05T19:22:23Z,2022-03-05T19:22:55Z,Mobile,Paid Search,3,1,False,False
680891b6-b2ed-4885-a5cf-4d88cc6d436b,162,2025-12-20T17:13:00Z,2025-12-20T17:40:16Z,Tablet,Paid Search,26,7,False,False
0b43c957-2680-47a1-924b-caa65317002a,95,2022-07-25T02:15:03Z,2022-07-25T02:15:12Z,Mobile,Organic Search,1,0,False,False
a2c4bad4-053f-4a9f-bc47-635d510489c7,229,2023-04-23T08:08:16Z,2023-04-23T09:05:06Z,Desktop,Organic Search,67,30,False,False
5f6c96b9-2099-4781-9580-e499aea25a21,316,2019-12-12T04:52:59Z,2019-12-12T04:53:42Z,Mobile,Paid Search,4,2,False,False
bcff9609-03c2-4813-b172-d33865eeba3a,46,2024-08-18T02:33:42Z,2024-08-18T03:42:52Z,Tablet,Paid Search,96,20,False,True
0c18178e-b70c-4d84-9b87-a0d9bf81b5b3,206,2022-07-04T00:10:33Z,2022-07-04T00:10:51Z,Tablet,Direct,2,1,False,False
0c3fc922-5d13-4959-9e61-2b022de02de7,243,2023-07-15T04:28:49Z,2023-07-15T05:13:57Z,Mobile,Organic Search,75,3,False,False
2815c740-8685-44e5-91cb-561a80b7225c,351,2024-04-09T05:09:22Z,2024-04-09T05:37:13Z,Desktop,Organic Search,6,0,False,False
9c1985c4-5c9a-442f-806c-d8d093b6fc42,180,2023-08-19T19:16:54Z,2023-08-19T19:26:01Z,Smart TV,Organic Search,9,1,False,False
19c2bca9-16d6-472b-a0d6-3f392ff6cd28,342,2015-11-11T15:38:10Z,2015-11-11T16:36:42Z,Mobile,Direct,55,41,False,False
4f56b430-8ff8-4faa-86f5-0fd4c8705fee,149,2025-10-27T23:55:54Z,2025-10-28T00:24:36Z,Mobile,Paid Search,29,2,False,False
e7ee206c-72cf-496f-a999-73994c54a3ac,207,2023-03-06T15:37:59Z,2023-03-06T16:31:38Z,Mobile,Paid Search,11,0,False,False
87e47da1-261f-430d-80b6-562fc438d5e7,235,2024-05-27T19:06:18Z,2024-05-27T19:39:52Z,Desktop,Organic Search,21,4,False,False
29f6a6f1-781b-4e97-86b9-1194c4feed9c,251,2024-01-03T09:27:28Z,2024-01-03T10:13:24Z,Desktop,Paid Search,18,9,False,False
e07366f6-45ed-4c03-b645-e1a032c5a7ee,98,2025-05-19T09:25:23Z,2025-05-19T09:26:18Z,Desktop,Social Media,3,1,False,True
8125455c-57dc-4f91-a391-8855db6c8421,89,2024-04-19T03:34:35Z,2024-04-19T03:35:23Z,Desktop,Social Media,2,1,False,False
7fe4ac19-6dc9-4e47-b83d-58adb6e4f3e5,316,2020-01-26T14:53:35Z,2020-01-26T15:53:35Z,Wearable,Direct,97,39,True,False
e8a56f1e-3a9e-4ce1-b852-79cd580fe330,205,2022-05-19T07:05:10Z,2022-05-19T07:13:31Z,Smart TV,Direct,7,1,False,False
50b1b54c-ef6e-4baa-b199-5a16ad3c2250,278,2023-12-08T12:26:53Z,2023-12-08T12:38:41Z,Mobile,Social Media,17,4,False,False
0ab48fa6-b463-44ed-ba66-210a94017789,235,2023-07-14T06:10:22Z,2023-07-14T06:53:33Z,Smart TV,Social Media,44,29,False,False
8c161048-1f5a-4b2a-bfb5-5f5cd3836425,334,2018-09-28T15:05:25Z,2018-09-28T15:05:52Z,Mobile,Social Media,1,0,False,False
75f7172d-537d-4652-8c26-536f76721ab3,462,2024-10-15T00:27:27Z,2024-10-15T01:08:48Z,Desktop,Direct,31,8,False,False
e73e39ec-aa50-45d6-bf64-523bb0d7ec80,398,2023-01-28T14:18:22Z,2023-01-28T15:15:52Z,Mobile,Referral,51,26,False,True
8d554176-e0ba-449f-a6e6-055746ee7c6e,452,2025-04-22T23:37:33Z,2025-04-22T23:40:16Z,Desktop,Organic Search,6,2,False,False
a17d9b25-11d3-469b-99b5-d5436c13cf9a,258,2024-06-11T00:52:10Z,2024-06-11T01:03:34Z,Desktop,Direct,30,0,True,False
259f2b30-907f-4f29-8515-5675f4f58bd9,4,2025-09-27T04:53:57Z,2025-09-27T04:54:11Z,Mobile,Organic Search,3,2,False,False
2e2038a8-dcc8-47d8-92bf-15154df69faa,89,2023-08-12T08:22:48Z,2023-08-12T08:23:31Z,Tablet,Organic Search,3,2,False,True
f1406daf-a3e2-45d8-a43b-97097739cc7f,254,2023-08-10T00:28:12Z,2023-08-10T00:29:26Z,Mobile,Direct,2,1,False,False
3c07bc15-dfeb-4b51-afbb-54c73af86d9a,498,2019-07-25T18:56:04Z,2019-07-25T18:56:22Z,Desktop,Direct,4,2,False,False
38946067-f1b7-4088-8f29-4e5771545060,244,2025-07-11T16:35:05Z,2025-07-11T16:43:48Z,Mobile,Organic Search,7,0,True,False
7c6e83a4-49c9-4bf7-bc8b-1beb637d1bdd,457,2025-05-11T17:17:18Z,2025-05-11T17:27:59Z,Desktop,Organic Search,26,21,True,False
fd831a73-3174-42fb-8df7-e4f40aefdb33,139,2019-02-21T06:57:42Z,2019-02-21T07:11:34Z,Mobile,Social Media,9,0,False,False
169b334d-3025-4a09-a66a-f206e63e2c66,60,2021-11-22T14:20:24Z,2021-11-22T14:26:21Z,Mobile,Organic Search,3,0,False,False
fbaa0891-3dad-47c6-a5cc-4de5c040cabe,234,2025-05-07T03:37:42Z,2025-05-07T03:46:41Z,Desktop,Paid Search,12,0,False,False
ed9a7cb1-f5a5-4784-a85c-a5e6162ce066,100,2025-11-22T00:28:50Z,2025-11-22T01:13:20Z,Mobile,Organic Search,83,19,True,False
7a4629bc-b7dd-4643-83bb-c4b28854caec,189,2022-04-27T23:47:49Z,2022-04-27T23:47:58Z,Mobile,Organic Search,1,0,False,False
008c8cf9-9f03-4761-a87d-0fc45459d33e,167,2020-07-06T09:55:38Z,2020-07-06T10:41:07Z,Mobile,Social Media,88,31,True,False
baa907f8-8c1b-4d3e-9405-8c8333f95a3c,206,2022-09-30T15:04:09Z,2022-09-30T15:04:46Z,Mobile,Direct,5,1,False,False
0077e1f1-e56c-4b31-9d7d-2b3666585c10,494,2025-10-12T23:13:12Z,2025-10-12T23:16:12Z,Tablet,Email,8,1,False,True
41ba29a6-d15c-4498-a4a1-801442aaa0ee,224,2023-03-16T03:25:11Z,2023-03-16T03:25:55Z,Desktop,Organic Search,4,0,False,False
519bcd60-001f-4b8c-a5f3-f794e442ba28,455,2025-09-29T05:15:05Z,2025-09-29T05:27:29Z,Mobile,Paid Search,19,18,False,False
4065d668-740c-4594-be24-4b69b95d3956,330,2020-03-02T12:26:58Z,2020-03-02T12:45:47Z,Mobile,Social Media,14,8,False,False
7ccbde89-fcab-484f-9a4e-9476ff9ef4d9,484,2018-06-01T21:43:59Z,2018-06-01T21:44:25Z,Desktop,Direct,2,1,False,False
07bcef1b-4724-42e0-a6ab-622d25c57dcd,253,2015-08-09T18:03:24Z,2015-08-09T18:03:56Z,Mobile,Referral,5,0,False,False
82398e7c-7b98-4a85-a976-5606ee4540a8,292,2022-01-22T03:42:19Z,2022-01-22T06:05:41Z,Desktop,Paid Search,51,12,False,True
d2464436-9f97-4899-9562-07fad37dab6a,279,2021-03-04T10:58:15Z,2021-03-04T11:03:16Z,Mobile,Social Media,12,9,False,True
ef2f41eb-95e9-41ad-9889-32505716be28,473,2025-11-17T18:27:41Z,2025-11-17T18:28:38Z,Desktop,Paid Search,4,3,False,False
56402d4f-ac04-401a-84f0-638e6db152d0,131,2025-12-06T02:39:23Z,2025-12-06T03:21:12Z,Desktop,Direct,80,46,False,False
24529875-581d-428e-88f0-7da8b0fac66a,417,2025-11-27T05:02:18Z,2025-11-27T05:07:09Z,Tablet,Email,3,0,False,False
03f9d88d-0206-4341-9bd8-1be50b53e61b,142,2019-01-24T19:12:17Z,2019-01-24T19:33:33Z,Mobile,Organic Search,10,6,False,True
2358b9ca-a84c-4d18-b205-fcc3230392ac,97,2025-09-24T09:50:37Z,2025-09-24T09:50:59Z,Mobile,Direct,4,1,False,False
45b50eed-35ef-4a1f-8857-e9066932af4b,42,2025-09-03T02:53:45Z,2025-09-03T03:26:50Z,Mobile,Paid Search,20,2,False,False
ce4382cd-1147-449c-8079-40a5bd1690d2,455,2025-12-15T11:53:15Z,2025-12-15T12:00:30Z,Mobile,Organic Search,15,7,False,True
29a93130-9ff2-41c3-ad98-182db5e039c3,151,2020-07-06T01:05:21Z,2020-07-06T01:13:53Z,Mobile,Direct,13,9,False,False
84b22567-9df8-4e32-a2d2-5bab80daf98c,189,2022-10-18T21:12:45Z,2022-10-18T21:15:47Z,Mobile,Organic Search,7,3,False,True
0ee2e293-869b-4a4a-b0c6-17ae8fd10c6c,178,2022-03-22T23:11:27Z,2022-03-22T23:15:48Z,Wearable,Direct,7,3,False,False
ecda999a-2934-4af4-a637-5142f91e4a06,280,2024-04-18T02:05:43Z,2024-04-18T02:41:46Z,Mobile,Display Ads,68,17,False,True
8169b7df-5a52-4c4d-b163-643774cbf674,61,2025-01-08T11:10:09Z,2025-01-08T12:07:55Z,Mobile,Paid Search,23,4,False,False
ecaebcbc-6bf1-41a4-a176-0431e85692fd,202,2023-03-17T07:26:23Z,2023-03-17T07:59:33Z,Mobile,Social Media,20,10,True,False
0db868ed-cdf1-4faa-9c92-f2e8b1a431e7,99,2025-07-11T13:15:09Z,2025-07-11T14:07:05Z,Mobile,Display Ads,24,5,True,False
df6b8e26-7417-4009-ba4d-cf6c9d670172,75,2023-07-02T21:24:31Z,2023-07-02T21:38:32Z,Mobile,Direct,19,16,False,True
f79ca56c-0eb2-42b6-aa30-97e4775e077a,150,2021-11-05T01:50:43Z,2021-11-05T01:51:13Z,Mobile,Organic Search,3,2,False,False
399001aa-54e2-4204-8025-662b89dcb14c,304,2024-07-04T06:42:41Z,2024-07-04T07:19:40Z,Desktop,Social Media,51,42,False,False
c8d8aaf5-d035-48e4-bfc7-02a5fa3a527d,91,2024-10-22T21:25:46Z,2024-10-22T21:34:55Z,Desktop,Social Media,6,3,False,True
25ad94b7-9fb9-4af7-88a9-b409ee24ac67,22,2025-12-02T07:57:54Z,2025-12-02T07:58:42Z,Desktop,Direct,3,2,False,True
e2026dd1-1ebc-4312-9063-4dd24b57f9a6,464,2018-07-30T19:24:40Z,2018-07-30T19:32:39Z,Desktop,Paid Search,12,6,False,False
be028a24-2ef2-4376-bf6c-7abc0ee35d29,10,2022-06-16T05:10:07Z,2022-06-16T05:31:03Z,Mobile,Organic Search,26,4,False,False
7756bc21-ed87-4028-a5a0-ee4e785670c0,276,2022-09-04T14:01:16Z,2022-09-04T14:07:16Z,Mobile,Display Ads,6,2,False,True
47834951-cdc4-41de-a0f1-8f5accc43e51,246,2023-08-22T07:50:14Z,2023-08-22T07:50:47Z,Desktop,Direct,4,3,False,False
b66a2150-0e11-4504-9add-fe7218cd95eb,384,2025-08-22T02:12:59Z,2025-08-22T02:13:25Z,Smart TV,Paid Search,2,0,False,False
f79781a5-7a6b-4ce3-a1f0-e392b832640c,453,2021-11-19T21:29:46Z,2021-11-19T21:33:45Z,Desktop,Direct,5,1,False,False
d0324f91-94ba-4292-b328-86cc2c237b0d,75,2021-10-03T03:12:35Z,2021-10-03T03:14:13Z,Mobile,Social Media,4,0,False,False
65bd49ed-85be-4765-bc1c-e18e048914e1,218,2025-10-29T13:15:09Z,2025-10-29T13:45:15Z,Tablet,Paid Search,22,21,False,False
ea862709-ebb8-4d63-951a-a674a8c8d957,175,2020-04-27T17:23:16Z,2020-04-27T17:23:29Z,Desktop,Organic Search,1,0,False,False
65852665-e654-48fc-aebf-dfc215eb48aa,108,2025-04-27T14:59:46Z,2025-04-27T15:09:16Z,Desktop,Organic Search,9,5,False,False
db69504c-214f-4c3d-b5ad-41d6fc9d8795,363,2023-12-01T05:33:43Z,2023-12-01T06:30:33Z,Mobile,Direct,16,7,False,False
b6d91161-362c-4c57-9a46-3f6efd14bfdb,265,2025-05-24T16:45:52Z,2025-05-24T16:46:38Z,Mobile,Direct,3,2,True,False
cf9a0d20-4dd5-4ab1-9e4d-3c55530ecb84,386,2019-02-21T21:42:36Z,2019-02-21T21:42:56Z,Smart TV,Direct,5,3,False,False
0aaeff9e-c446-4c52-bb5b-1c968ee9f5df,198,2022-10-13T03:36:03Z,2022-10-13T03:38:02Z,Mobile,Organic Search,4,1,False,False
84d680c0-5f94-416d-99db-8790d3abc4f5,478,2019-02-10T11:26:48Z,2019-02-10T11:27:13Z,Mobile,Direct,3,0,False,False
54d7b901-37bf-4563-b956-3002998f781e,109,2024-12-21T12:22:22Z,2024-12-21T12:34:32Z,Desktop,Direct,9,6,False,False
498c0862-99e8-4e75-8915-1e13c5ca117b,202,2024-05-07T16:44:25Z,2024-05-07T16:47:31Z,Desktop,Direct,5,0,False,False
2488cbb9-c8d5-4547-9daa-90a0d07f7f6b,295,2020-04-15T10:58:22Z,2020-04-15T10:59:11Z,Tablet,Social Media,4,0,False,False
59a1252f-21b2-4743-9310-69bde2cecfb7,487,2024-05-28T14:47:50Z,2024-05-28T14:48:09Z,Desktop,Paid Search,2,0,False,False
74c7c895-70c0-46d9-a421-c6850bb5cf54,278,2021-03-20T20:32:38Z,2021-03-20T21:27:52Z,Smart TV,Email,20,12,False,False
947ef9b1-b00b-4283-a2ff-d7a749dfa857,164,2024-09-25T15:03:45Z,2024-09-25T18:01:52Z,Mobile,Organic Search,10,0,False,False
267f0f45-6a1e-402d-a96b-fde7d5cfb888,159,2025-05-09T21:11:32Z,2025-05-09T21:18:46Z,Mobile,Email,11,9,False,False
9aa6ff01-6513-48a5-950b-718bb65465c0,66,2023-12-04T21:20:06Z,2023-12-04T22:17:09Z,Desktop,Social Media,53,2,False,False
4063cc5c-da3b-4a4b-a562-ec2d027aab72,423,2024-12-29T12:04:03Z,2024-12-29T12:17:11Z,Mobile,Social Media,18,1,False,True
2a3d521e-2004-4299-a1fc-79ccff2dc58d,8,2023-06-24T06:17:15Z,2023-06-24T06:18:03Z,Desktop,Organic Search,3,1,False,False
86cb0ba3-e1d3-49aa-b490-b4afe355f62f,403,2022-08-17T04:05:26Z,2022-08-17T04:43:32Z,Smart TV,Direct,60,33,False,True
d78a9c95-9e40-4be4-be02-03613847bddf,59,2025-01-14T09:39:17Z,2025-01-14T09:41:39Z,Tablet,Social Media,7,0,False,False
9e74bb14-e0a8-4493-9d47-35986424a53a,203,2022-06-03T21:46:28Z,2022-06-03T21:53:47Z,Mobile,Paid Search,6,4,False,False
f451d1be-8bcb-4c28-a8e1-d14330fe995a,137,2023-03-01T21:22:22Z,2023-03-01T21:33:43Z,Mobile,Organic Search,18,14,False,False
0754d051-3d3c-4c23-b3fe-194b870d0ee6,291,2022-12-13T00:40:21Z,2022-12-13T01:29:59Z,Mobile,Organic Search,38,3,False,False
35359742-bb5e-4e6c-9f8c-2ef4af580ebc,372,2023-12-16T07:10:26Z,2023-12-16T07:37:56Z,Mobile,Direct,18,8,False,True
b40e88c5-0cfd-4ee0-a58b-98997a9cc881,148,2020-12-01T03:30:16Z,2020-12-01T03:52:49Z,Desktop,Organic Search,23,16,False,True
49784826-2f64-454e-be4a-c5d6ac8ea872,349,2020-02-04T10:39:34Z,2020-02-04T10:40:29Z,Mobile,Organic Search,5,3,False,False
400cec4f-e100-4a71-8a62-b528a25f57ba,196,2024-11-28T14:57:59Z,2024-11-28T14:58:42Z,Desktop,Organic Search,2,0,False,False
efe0a37b-aec1-4bcf-b8ac-5ff71766201f,108,2024-12-23T08:43:50Z,2024-12-23T08:53:46Z,Mobile,Paid Search,9,3,False,False
6e379e33-f439-47ac-a31a-d87654eefd1f,446,2025-02-08T05:30:12Z,2025-02-08T05:44:02Z,Mobile,Email,26,13,False,False
f95e7658-ff54-4557-94d2-f9668745cf02,349,2020-11-05T07:30:14Z,2020-11-05T07:34:38Z,Tablet,Email,4,1,False,True
661ce0db-dd5a-48b7-9199-ce0eb06fd74a,429,2018-03-06T01:52:58Z,2018-03-06T01:57:52Z,Mobile,Referral,5,4,True,False
5c1824e2-5357-4281-97a4-d54b6ef50839,147,2023-12-30T03:45:20Z,2023-12-30T06:59:30Z,Desktop,Direct,13,3,False,True
78525189-d192-49c6-b9e1-0308c647476a,349,2024-07-16T06:30:22Z,2024-07-16T06:30:43Z,Desktop,Direct,2,1,True,False
07a12242-97f5-413a-a67d-950e2ad9f623,239,2025-04-28T06:00:25Z,2025-04-28T06:37:55Z,Mobile,Organic Search,19,16,False,False
ed875cf1-9fd8-438b-afc0-cd49f29aa66e,264,2023-04-13T06:25:54Z,2023-04-13T06:26:06Z,Mobile,Paid Search,3,1,False,False
623ba643-6c2e-4ebd-b6b4-a14db864fc2d,217,2024-11-10T09:58:15Z,2024-11-10T10:24:37Z,Smart TV,Organic Search,15,10,False,False
1a7def5e-2339-42cd-928e-952cf9a6dd8a,296,2023-08-03T04:24:15Z,2023-08-03T04:30:18Z,Mobile,Direct,8,7,False,False
c771e523-aa04-49d2-bc33-e6ecdf6c2864,42,2025-10-07T06:07:23Z,2025-10-07T06:19:03Z,Mobile,Referral,23,2,False,False
47ca8293-ac8e-47cb-bfda-a8e8ae20b237,270,2022-01-09T15:02:05Z,2022-01-09T15:15:44Z,Desktop,Referral,11,6,False,False
20fd3e08-a8b9-48da-a7c0-97870fca3af8,82,2024-04-23T13:40:33Z,2024-04-23T13:51:08Z,Desktop,Paid Search,20,17,True,False
3040354f-f547-41f3-b72d-47a3eece6c58,492,2023-08-26T04:58:41Z,2023-08-26T05:20:31Z,Smart TV,Organic Search,17,15,False,True
0ed28706-710b-47b8-a8b4-684ed4bfc7b3,339,2024-12-28T13:01:07Z,2024-12-28T13:01:26Z,Wearable,Paid Search,2,0,False,False
91f9fe89-19a5-4307-915b-e3b9590c39a0,427,2021-04-06T19:21:16Z,2021-04-06T19:22:50Z,Mobile,Direct,3,0,False,False
4dc1b1f4-09a3-4e7a-8e5d-15dc19f3f2ad,142,2023-03-06T09:37:07Z,2023-03-06T09:42:13Z,Desktop,Paid Search,4,0,False,False
eb5a9521-4b5d-4743-b070-16742abd054d,51,2024-03-12T11:11:55Z,2024-03-12T11:20:04Z,Mobile,Display Ads,3,2,True,False
bcb87b41-b57a-46b3-b89a-a2f520d7f4bb,202,2020-10-13T17:38:09Z,2020-10-13T17:51:39Z,Mobile,Organic Search,6,0,False,False
33dc8e20-2a66-4b9e-aca7-e363b3cf12f9,205,2023-02-04T10:00:06Z,2023-02-04T10:09:34Z,Mobile,Direct,12,10,False,False
46ba84d4-7286-41c6-a527-c312c2e3daea,111,2022-08-13T00:09:07Z,2022-08-13T00:49:55Z,Desktop,Organic Search,11,5,False,False
dcb90e7b-6bfd-4bdb-9d72-76194082bc84,188,2025-11-29T04:29:30Z,2025-11-29T08:08:40Z,Desktop,Paid Search,11,9,False,False
891ae470-4a20-4b92-a7e6-8c73ba65b488,438,2019-01-27T15:37:51Z,2019-01-27T15:51:27Z,Tablet,Direct,29,4,False,False
bb187d81-2017-44b6-b92d-8827e770a124,245,2021-03-01T00:04:58Z,2021-03-01T00:08:47Z,Tablet,Social Media,4,1,False,False
50cad730-8de6-44e2-b0a2-5863b0bdf586,296,2025-04-23T02:05:12Z,2025-04-23T02:11:05Z,Mobile,Direct,4,1,False,True
50790894-3cb2-4142-bdb0-10dde85f101e,371,2015-05-21T01:56:21Z,2015-05-21T02:06:03Z,Mobile,Social Media,7,4,True,False
857dec64-0f32-4fed-be67-040c85b5d1dc,431,2023-12-24T12:48:11Z,2023-12-24T12:56:50Z,Mobile,Social Media,14,12,False,False
ed64da4c-48ea-4df6-89f5-ae637792afc4,464,2019-08-20T05:00:00Z,2019-08-20T05:08:34Z,Mobile,Organic Search,12,2,False,False
0732de9f-cf12-44ed-87bd-75c199aa17e3,8,2019-05-07T05:11:09Z,2019-05-07T05:22:17Z,Tablet,Organic Search,26,5,False,False
37266f77-a18c-4989-9946-a13f5f2dd8bb,100,2025-11-08T21:10:27Z,2025-11-08T21:15:51Z,Desktop,Direct,10,5,False,False
279cf7bd-d02e-405a-9c14-be631b4eaf3a,356,2024-09-15T23:25:31Z,2024-09-15T23:38:48Z,Mobile,Social Media,8,5,False,False
9c162f7e-1861-46dd-a4c1-b3056e938cd2,165,2025-10-24T03:28:26Z,2025-10-24T03:28:45Z,Desktop,Paid Search,5,0,False,False
299da9bc-89c3-43e3-b92f-ad10eeea5ae0,396,2024-06-09T04:46:16Z,2024-06-09T04:47:08Z,Mobile,Email,5,2,False,True
f93956b6-39dd-4a40-a5b3-90713daa2ad8,225,2017-06-08T14:45:11Z,2017-06-08T14:46:03Z,Tablet,Organic Search,3,2,False,True
066649b4-20bb-4e86-9f8f-47028fe9c253,407,2022-08-27T04:29:58Z,2022-08-27T04:30:58Z,Tablet,Direct,3,1,False,False
aa2c77d8-96dd-48fa-a8d4-a0517e6623e8,141,2025-09-21T07:24:20Z,2025-09-21T07:24:30Z,Mobile,Social Media,5,4,False,False
c4bd0fab-2222-4008-a861-9b353bfcc22c,219,2025-10-31T21:10:57Z,2025-10-31T21:12:22Z,Mobile,Paid Search,5,1,False,True
e3686d23-4ebf-4090-ab1d-739fd80908bf,95,2025-06-28T22:28:15Z,2025-06-28T22:55:14Z,Smart TV,Organic Search,5,3,False,True
7f366ed9-3c11-4197-baf4-a32af870977a,483,2025-05-22T22:00:21Z,2025-05-22T22:02:26Z,Tablet,Organic Search,11,3,False,False
d5bc3949-3821-4e5b-a15b-15b0d6f10d6e,182,2021-10-26T14:19:54Z,2021-10-26T14:45:43Z,Desktop,Organic Search,24,0,False,False
de5ed9ed-59c0-4568-b753-2bb2f6965a56,189,2025-01-28T00:37:09Z,2025-01-28T01:32:01Z,Desktop,Organic Search,56,3,False,True
0d0dcbe7-3049-40d1-a3d9-e277f99f98a4,202,2022-09-10T03:12:38Z,2022-09-10T03:14:29Z,Desktop,Email,3,0,False,False
e6d89814-ceaf-4e33-8cc9-3e10edbacac7,94,2024-12-25T02:53:23Z,2024-12-25T03:01:07Z,Desktop,Organic Search,9,3,False,False
7bad4199-96d7-4001-9a28-7026a34a9444,23,2024-02-10T09:07:10Z,2024-02-10T09:10:45Z,Desktop,Referral,9,4,False,False
5e7e459d-a1cb-465a-ae21-d18b91813fa4,148,2022-10-09T11:11:36Z,2022-10-09T11:16:41Z,Mobile,Direct,6,0,True,False
df25d12e-c8bf-4ccb-9f88-43c176774b5e,95,2025-10-20T08:44:27Z,2025-10-20T08:50:52Z,Mobile,Direct,8,7,False,False
4a326837-2653-4d42-bf71-64f74802ab79,87,2024-12-15T02:48:28Z,2024-12-15T02:48:33Z,Desktop,Organic Search,5,0,False,False
098dcce7-2c63-4a88-b325-5eed4862cfba,460,2025-10-18T19:50:55Z,2025-10-18T20:02:47Z,Mobile,Social Media,21,20,False,False
4210ea7b-76a6-4741-998d-d7b3c5de8cce,478,2022-01-18T15:06:10Z,2022-01-18T15:17:51Z,Desktop,Paid Search,12,2,False,False
cdf6e488-1b54-473f-beab-3c14996a93a8,483,2025-11-24T18:52:57Z,2025-11-24T18:53:35Z,Desktop,Direct,2,1,False,True
6b4e5bb3-ef30-4cb4-a84f-3e12575d2cec,400,2018-08-13T23:15:05Z,2018-08-13T23:15:25Z,Desktop,Paid Search,5,0,False,False
1fe5f834-5619-4e50-9e56-a5ee302566dc,494,2024-05-16T15:50:50Z,2024-05-16T15:51:43Z,Mobile,Social Media,4,0,False,False
bbc285e7-a26e-4390-8a5d-86f53753a45c,397,2025-12-05T11:02:04Z,2025-12-05T11:29:20Z,Desktop,Social Media,25,5,True,False
f3f9a508-ad24-4ae2-a4f0-a6c7f1f7f98e,449,2022-04-29T14:18:22Z,2022-04-29T14:19:19Z,Mobile,Paid Search,2,1,False,False
aa694fda-87af-4257-b30a-db93596228af,146,2025-11-26T13:26:36Z,2025-11-26T14:01:45Z,Mobile,Direct,20,11,True,False
99a8801b-9bfe-466c-b8d5-9c1f4ad41a6a,295,2020-02-16T03:59:58Z,2020-02-16T04:00:46Z,Tablet,Direct,3,2,False,False
1dbd3f73-eb90-4281-83b5-b27deac7527b,11,2023-12-04T12:41:09Z,2023-12-04T12:46:29Z,Tablet,Social Media,5,4,False,False
3cb77d66-819e-43d3-a724-223737033b65,31,2022-01-01T13:37:13Z,2022-01-01T13:40:01Z,Mobile,Email,5,1,False,True
61f88b89-650f-4bb0-a841-61ce412cce32,253,2018-01-02T09:10:04Z,2018-01-02T09:15:01Z,Desktop,Social Media,7,6,False,True
63ad5352-910e-46d8-b924-4f0c7cd02905,206,2025-08-11T15:41:48Z,2025-08-11T15:51:50Z,Mobile,Referral,20,9,False,False
669ab9de-4204-4e70-8ab7-f162764094b4,3,2024-03-02T06:38:49Z,2024-03-02T06:40:48Z,Desktop,Direct,3,0,False,False
3a1eff67-ff8a-4302-a956-336cd6c4b557,229,2025-04-28T11:41:54Z,2025-04-28T11:48:58Z,Tablet,Direct,12,10,False,False
acf4efa7-52e4-4171-92d8-f7613a0d1296,62,2025-01-18T17:33:38Z,2025-01-18T17:46:43Z,Mobile,Paid Search,18,13,False,False
bf51232a-762a-4ac7-9cfc-701ddb0059e5,349,2024-07-09T06:15:22Z,2024-07-09T06:25:17Z,Mobile,Organic Search,11,1,False,True
fe964e98-f20f-4ad0-a949-f2c92f0c09ed,320,2023-08-15T01:56:23Z,2023-08-15T01:56:41Z,Smart TV,Organic Search,5,0,False,False
4707ac53-1266-48d0-a6d8-8a087d4a66a1,96,2023-08-23T01:46:55Z,2023-08-23T02:21:43Z,Desktop,Organic Search,48,31,False,False
867669ff-2e86-4c3f-8f87-4965c3036d53,384,2022-09-20T04:35:50Z,2022-09-20T04:44:44Z,Mobile,Referral,9,7,False,False
0f7e43d6-1221-4e5a-b80e-ebc102665a45,457,2024-10-09T12:35:28Z,2024-10-09T12:35:57Z,Mobile,Direct,1,0,False,False
234f1595-59e8-4e52-bc30-847c9493406c,482,2025-06-08T15:41:45Z,2025-06-08T16:36:22Z,Mobile,Social Media,47,7,False,False
72067fc2-c4f0-47ff-94f9-e47d7e9453a7,327,2022-06-24T00:24:53Z,2022-06-24T00:50:54Z,Tablet,Social Media,19,14,False,False
4be1158a-26ac-4d42-837d-0b65b883316a,203,2022-10-24T00:35:39Z,2022-10-24T00:35:59Z,Mobile,Organic Search,5,4,False,False
03f48464-181b-43ac-b8b4-2ee7a02c7d55,202,2023-02-02T22:43:29Z,2023-02-02T22:45:37Z,Desktop,Direct,5,3,False,False
88cafc85-3c66-400b-b29b-ea0bf14ae91d,136,2025-11-20T17:34:14Z,2025-11-20T17:42:08Z,Mobile,Organic Search,8,5,False,True
9d4bdd9c-de35-4620-8b7d-7f6a95bf2648,113,2024-08-30T10:07:45Z,2024-08-30T10:15:02Z,Mobile,Social Media,15,9,False,False
b09bd1d1-fb0a-452a-bd8d-19c6812eeb4a,395,2024-03-18T17:08:15Z,2024-03-18T17:41:48Z,Mobile,Paid Search,25,24,False,True
c6826a5b-47d7-457b-b7ec-5b0c1b49414f,233,2025-07-12T01:50:29Z,2025-07-12T02:00:25Z,Desktop,Social Media,8,4,False,False
10657f95-5dce-418a-b862-148e6bfcfdfc,309,2024-10-31T10:02:04Z,2024-10-31T10:09:27Z,Mobile,Referral,6,3,False,False
447e1664-641c-453d-99bf-e25b8535c48f,234,2024-07-26T17:27:44Z,2024-07-26T17:38:17Z,Desktop,Display Ads,26,15,False,False
156b7a0c-09c2-49a5-8f89-fe4c2bbb1f2c,308,2020-06-18T10:45:24Z,2020-06-18T10:59:59Z,Mobile,Social Media,11,6,True,False
f5cf279a-f9ca-4a6a-afbc-680ec2e9d7ed,135,2025-02-27T15:37:13Z,2025-02-27T16:53:17Z,Mobile,Organic Search,97,25,False,False
87e0ed68-b197-471a-9847-4e5a72650f47,411,2020-05-18T06:24:53Z,2020-05-18T07:19:10Z,Wearable,Organic Search,51,0,False,False
06723909-17fe-4a49-b045-bba8df9124c9,365,2025-03-05T08:42:24Z,2025-03-05T08:43:48Z,Desktop,Social Media,5,3,False,False
522ac0d2-7457-4298-8c54-995767300cf4,19,2025-09-13T12:15:07Z,2025-09-13T12:15:16Z,Mobile,Social Media,1,0,False,False
864df96e-a828-4a1c-9eef-e8b0a8e048a3,67,2025-06-18T12:50:11Z,2025-06-18T12:51:07Z,Desktop,Organic Search,3,1,False,False
fb2b2b5b-7931-4f6d-87cd-349c9499688a,374,2025-07-16T14:16:46Z,2025-07-16T14:20:55Z,Mobile,Organic Search,12,7,False,False
a1b94fb0-1278-491b-96cf-97c75298678f,432,2025-04-08T05:38:36Z,2025-04-08T05:45:06Z,Mobile,Paid Search,5,2,False,False
e66e2e90-90a1-4120-b59f-94cbb6138e17,297,2022-05-04T09:52:15Z,2022-05-04T10:41:25Z,Desktop,Social Media,56,35,False,True
c770c15d-cfee-45bc-baf4-3804c457a09d,118,2018-05-13T09:04:01Z,2018-05-13T09:49:17Z,Tablet,Social Media,52,23,False,True
f35bb7d1-a659-4a37-8f7a-ba9cc0163b87,7,2025-06-12T21:45:26Z,2025-06-12T22:47:43Z,Mobile,Social Media,81,25,False,False
fa33d118-c5c8-4d84-ac83-d2fd58ddc1bb,50,2023-09-10T08:13:41Z,2023-09-10T08:24:37Z,Tablet,Social Media,10,5,False,False
c8f89271-78a6-4e60-9a2e-cec3d1c0a318,164,2020-03-09T02:23:51Z,2020-03-09T02:30:33Z,Desktop,Organic Search,12,7,False,False
6dc64d19-f0c7-4511-b724-1fe29666892e,466,2025-07-25T12:50:50Z,2025-07-25T12:51:48Z,Wearable,Direct,4,2,False,True
76683b1a-3e8c-4abb-8f51-4d81e0ec5cfa,222,2025-09-18T02:23:31Z,2025-09-18T03:06:58Z,Desktop,Direct,29,22,False,False
4f562d91-0963-4431-be62-5b106f2eadc5,81,2019-02-22T12:40:51Z,2019-02-22T13:26:32Z,Mobile,Social Media,44,33,False,True
c5b232f4-fad0-440f-87df-6b073f77e566,24,2025-10-18T10:55:26Z,2025-10-18T10:55:59Z,Desktop,Social Media,2,0,False,False
7dff3cc1-1ccc-4eb1-a69f-aef5feb5a5e6,398,2023-02-12T17:04:32Z,2023-02-12T17:05:50Z,Mobile,Direct,2,1,False,False
3a1ee8e4-2386-4007-a77c-0c0a2203e3ba,141,2022-01-05T13:41:40Z,2022-01-05T13:58:23Z,Mobile,Social Media,27,23,False,False
8d71df40-49b6-4aae-a701-28563b7c9a58,336,2025-12-06T12:43:27Z,2025-12-06T12:58:08Z,Desktop,Organic Search,12,1,False,False
ef9f8539-44b4-4f4e-9930-3c1cf3c93a48,13,2025-03-17T13:09:18Z,2025-03-17T13:44:08Z,Tablet,Direct,19,16,True,False
55d64551-5019-488d-8c35-49d20b814e0c,28,2024-01-23T08:51:27Z,2024-01-23T09:24:26Z,Desktop,Paid Search,21,12,True,False
9c19caa5-fb85-4eca-be5e-66db5376ec9f,393,2025-05-30T20:47:10Z,2025-05-30T21:00:22Z,Tablet,Direct,20,16,False,True
29f03f9d-c69c-48b0-b795-962d7e6fed2e,451,2018-03-02T19:16:30Z,2018-03-02T19:29:01Z,Desktop,Organic Search,6,4,False,False
5febaa29-3629-4e52-b3f7-0aa38f848e49,420,2025-03-14T22:34:06Z,2025-03-14T22:50:40Z,Desktop,Organic Search,22,15,False,True
3f9e4672-1ce2-495d-98ce-20c3d00a509f,474,2024-10-07T00:57:47Z,2024-10-07T01:12:04Z,Mobile,Paid Search,21,0,False,False
781e6fc6-8564-4f60-8b2b-cec90a2fd5a6,163,2021-10-18T13:36:21Z,2021-10-18T13:37:18Z,Smart TV,Direct,4,0,False,False
c3872e4c-82a1-475f-9188-239e2a8b2b08,321,2025-01-08T00:28:43Z,2025-01-08T00:29:11Z,Desktop,Direct,1,0,False,False
911ab687-f6fc-41f1-84cf-7a4f5e37b6ad,45,2025-09-06T01:10:32Z,2025-09-06T01:33:54Z,Desktop,Social Media,16,10,False,False
88be046b-8ac3-482c-8ebb-dc56be7974ed,480,2020-07-24T04:52:21Z,2020-07-24T05:41:17Z,Mobile,Paid Search,56,1,False,False
e145c758-3b43-467d-8f45-4ef7818aa197,238,2021-11-04T18:45:51Z,2021-11-04T18:46:49Z,Desktop,Social Media,3,0,False,False
f87bf1f8-00cc-4579-a8cf-e70bb1a836e9,226,2024-10-05T02:17:45Z,2024-10-05T02:25:59Z,Mobile,Referral,10,2,False,False
312adb08-9f5d-4eff-8fba-ab4de36b8308,346,2025-10-25T13:19:04Z,2025-10-25T13:28:45Z,Mobile,Social Media,9,0,False,False
69480754-5916-4a66-90f7-a492a7dff6ee,376,2025-09-19T14:29:59Z,2025-09-19T14:34:11Z,Tablet,Referral,8,3,False,False
2f67043f-dbf6-4733-bf6f-077dce442a26,139,2019-09-22T01:40:22Z,2019-09-22T01:49:03Z,Desktop,Organic Search,8,0,False,False
639cd478-aed5-4168-9d67-cde6fd030fb8,276,2024-06-23T14:12:05Z,2024-06-23T14:46:19Z,Desktop,Organic Search,22,16,False,False
2df2203f-8ebb-4c7a-ade6-9233c8cfddd2,464,2020-06-02T08:53:41Z,2020-06-02T08:54:33Z,Desktop,Paid Search,3,1,False,False
69a42a96-421b-4af8-a2a5-8960b9dbbf49,397,2025-05-06T07:48:28Z,2025-05-06T08:01:47Z,Tablet,Social Media,12,2,False,True
5f0b6231-baa3-48bf-916b-3e748b4b45b9,44,2024-05-29T22:22:34Z,2024-05-29T22:33:40Z,Smart TV,Direct,19,16,False,True
47ed4211-31aa-4302-bfb9-2b40f76b7d82,394,2020-08-25T13:49:47Z,2020-08-25T14:03:02Z,Mobile,Paid Search,9,1,False,False
71d4626a-f9f9-434e-9b04-336b36c8c707,121,2024-07-06T02:59:39Z,2024-07-06T03:00:01Z,Desktop,Social Media,5,2,False,False
10c23a3b-60f3-4399-b670-ba5988ca1464,299,2025-09-22T00:42:09Z,2025-09-22T00:45:46Z,Tablet,Organic Search,13,1,True,False
1a705d6e-dc64-471b-ab17-88e1a1196f91,349,2020-11-18T21:51:35Z,2020-11-18T21:51:45Z,Mobile,Social Media,2,1,False,False
0e2dbc85-ecaf-4d22-8f0b-c2e136a536a5,5,2021-06-22T13:32:30Z,2021-06-22T14:22:38Z,Desktop,Organic Search,71,43,False,False
b7e8d053-43e4-40b2-8287-f7e7c9e681e1,183,2024-11-04T08:07:15Z,2024-11-04T08:07:53Z,Mobile,Referral,5,0,False,False
d39eb03c-3e96-4d67-9c5d-7aaf87bbf8e2,35,2024-08-31T11:10:17Z,2024-08-31T11:39:19Z,Desktop,Organic Search,16,14,False,False
f0918c58-b65f-4680-8a69-2137ff10f1d4,479,2025-03-04T07:22:19Z,2025-03-04T08:00:10Z,Desktop,Organic Search,11,4,False,False
24928c07-9381-4b23-936f-b732edaf1aef,1,2024-07-29T18:48:27Z,2024-07-29T19:46:18Z,Mobile,Organic Search,20,18,False,False
27aac716-838d-4d83-a843-c47ee8f4e9d9,206,2024-04-24T13:33:47Z,2024-04-24T14:07:25Z,Desktop,Email,39,7,False,True
73fe89f6-d297-4673-ad5d-83efdc1b2908,204,2022-10-30T18:26:44Z,2022-10-30T18:27:36Z,Mobile,Paid Search,4,1,False,False
584e9140-453a-4b2d-9715-fea2ee8d7735,256,2022-07-30T05:56:04Z,2022-07-30T06:06:37Z,Desktop,Direct,27,7,False,False
5362dd0d-8e86-4338-a7d7-cd1ecc3a80ee,141,2024-04-03T07:11:26Z,2024-04-03T07:11:55Z,Mobile,Direct,1,0,False,False
218ad424-40b1-4386-bb4d-0c01a633ad39,57,2025-10-16T01:55:26Z,2025-10-16T04:55:57Z,Mobile,Organic Search,14,9,False,False
1fc26c73-2617-4497-9382-ea6c48ad78f2,472,2024-12-26T01:19:33Z,2024-12-26T01:23:58Z,Mobile,Referral,3,1,False,False
37cc6df3-f002-4781-be4a-07dbab0bb549,268,2024-07-19T15:51:20Z,2024-07-19T16:10:07Z,Tablet,Organic Search,25,11,False,False
3fbbb1e6-33a3-450a-bd46-8430bc6e23fd,395,2025-02-16T14:48:27Z,2025-02-16T14:55:40Z,Smart TV,Referral,12,5,False,False
cd5a110e-e12f-4d22-a406-787db1f2679f,246,2019-03-29T18:36:12Z,2019-03-29T18:47:10Z,Desktop,Organic Search,23,19,False,False
14e1d2da-9722-4ce0-aaf2-db89e807a013,153,2024-09-15T23:20:00Z,2024-09-15T23:20:47Z,Mobile,Organic Search,2,0,False,False
f6e0bb3f-d47b-446f-a9fe-083d0d3e1f7f,300,2019-11-25T05:31:39Z,2019-11-25T05:35:19Z,Mobile,Direct,7,0,False,False
234a4187-c79c-4b30-a337-fdd786899470,363,2021-10-31T03:53:41Z,2021-10-31T03:57:37Z,Desktop,Organic Search,15,6,False,False
f7494e67-b6cf-4bd4-a0aa-47c2b0127863,293,2025-04-20T19:40:51Z,2025-04-20T19:48:01Z,Tablet,Social Media,13,0,False,False
abe3a5e2-e6ad-4f1d-af30-1176246f054b,3,2025-06-04T07:13:33Z,2025-06-04T07:26:43Z,Mobile,Direct,9,8,False,False
1d1151f1-269b-4e1c-a6fa-0f3c73be79a1,196,2023-10-21T07:03:38Z,2023-10-21T07:11:37Z,Mobile,Paid Search,14,7,False,False
2201f1e4-e122-4b38-83f2-442ae61a6cb5,19,2025-12-02T10:02:45Z,2025-12-02T10:05:30Z,Desktop,Organic Search,8,0,False,False
80958b25-94c5-4147-8440-5abd3bd75137,165,2025-07-31T13:17:21Z,2025-07-31T13:56:17Z,Desktop,Paid Search,11,5,False,True
6666e78d-d1dd-4aab-a911-d71a6813421e,255,2023-07-13T22:20:11Z,2023-07-13T22:20:43Z,Mobile,Paid Search,5,3,False,False
7ffc87fd-ace1-463b-9db2-8f868397ff58,404,2022-10-03T18:31:34Z,2022-10-03T18:32:31Z,Mobile,Direct,3,0,False,False
c2b91114-c3e9-4a11-9aa3-a6019fdf08ac,420,2024-12-14T16:12:56Z,2024-12-14T17:02:12Z,Mobile,Paid Search,72,18,False,False
14d73701-f037-4472-b925-0108bb8b8003,151,2022-01-09T07:46:35Z,2022-01-09T07:46:58Z,Mobile,Organic Search,2,1,False,False
b1ba377d-52c5-416f-88b5-cd64a24d77b2,312,2016-02-21T04:50:18Z,2016-02-21T04:55:19Z,Wearable,Paid Search,15,11,False,False
e36b3d91-2041-45f6-8c9b-5f8c161ac784,396,2021-10-24T19:53:56Z,2021-10-24T20:01:09Z,Mobile,Direct,11,7,False,False
270e4371-ab39-4bd8-bd69-ca1a1e6a9cd3,237,2021-03-04T23:59:41Z,2021-03-05T00:09:49Z,Mobile,Organic Search,24,12,True,False
b3a0ca27-127f-4141-a181-f151684247e5,251,2020-03-24T04:34:05Z,2020-03-24T04:34:38Z,Desktop,Organic Search,5,3,False,False
39b81963-b734-4b64-b2c6-7ea73ee6c1c8,493,2025-06-19T01:26:25Z,2025-06-19T01:33:47Z,Desktop,Social Media,5,4,True,False
2e5cc9d5-f447-4a4a-bd66-a40ba2b62398,150,2023-05-04T16:04:54Z,2023-05-04T16:05:19Z,Desktop,Paid Search,4,2,False,False
0f31c961-5878-46da-92c6-f5b7f0d77615,55,2018-08-05T04:16:56Z,2018-08-05T04:17:04Z,Desktop,Paid Search,3,2,False,False
03e92319-59b1-4894-8633-1749699cd081,300,2022-02-24T19:11:34Z,2022-02-24T19:34:45Z,Desktop,Social Media,29,20,False,False
cf865aa3-7a90-42b7-b135-f4519626db99,101,2023-07-04T02:45:37Z,2023-07-04T02:54:37Z,Desktop,Direct,9,6,False,False
3d52c72f-2f66-4a87-824b-25c373e4f45c,429,2019-06-26T15:28:21Z,2019-06-26T15:47:07Z,Desktop,Display Ads,19,4,False,True
4fcb4222-7076-4ebe-a6cf-927144d560cd,10,2021-12-15T13:30:47Z,2021-12-15T13:31:01Z,Mobile,Paid Search,1,0,False,False
d3c544a7-e0a2-40d1-b7a1-8ea633124eea,326,2020-10-22T04:12:41Z,2020-10-22T04:22:12Z,Mobile,Paid Search,11,7,False,False
d5135a95-d3e1-4859-9cd7-c432c9351b7b,378,2025-12-06T07:49:57Z,2025-12-06T08:36:22Z,Tablet,Organic Search,50,48,False,False
968b74ff-a2bd-44cf-bddb-5d0d53a5f010,104,2024-02-16T14:45:21Z,2024-02-16T14:53:48Z,Desktop,Referral,10,0,False,False
fa26c3c6-133e-47ae-80a9-f78845667fa4,215,2025-08-07T02:20:35Z,2025-08-07T02:20:48Z,Desktop,Social Media,3,1,False,False
abc65cce-a019-42b8-8bdf-f26b9e474aec,236,2025-07-19T17:25:30Z,2025-07-19T17:26:21Z,Desktop,Organic Search,3,0,False,False
02644e80-a322-4595-bdc9-aecf9c9cab1f,297,2019-08-16T18:54:34Z,2019-08-16T18:55:05Z,Desktop,Social Media,2,1,False,True
ac074dd4-1aa7-4ca1-ae21-87a51809c227,349,2020-11-08T04:47:35Z,2020-11-08T04:54:55Z,Wearable,Social Media,6,5,False,False
348a02bc-1262-4f55-aa57-254832816b16,430,2024-01-24T23:05:06Z,2024-01-24T23:13:38Z,Desktop,Paid Search,3,0,False,False
225f1992-ada7-41bc-b9b2-a06b5fdcc94f,329,2025-01-15T19:25:19Z,2025-01-15T19:28:53Z,Mobile,Social Media,15,7,False,True
22c6b733-06ed-4870-be09-0ba2fb9ba469,500,2021-10-22T06:32:13Z,2021-10-22T06:32:21Z,Desktop,Referral,1,0,False,False
232c7f44-91e4-425b-9647-e034d54829ce,274,2025-03-27T21:36:55Z,2025-03-27T21:57:47Z,Mobile,Social Media,25,9,True,False
5aedcee4-85c2-452c-b85d-90b621336c08,23,2024-09-11T04:31:42Z,2024-09-11T04:32:28Z,Desktop,Social Media,2,1,False,False
652bac16-03bd-457e-a130-00de470d593d,229,2024-05-18T16:13:16Z,2024-05-18T17:02:49Z,Smart TV,Direct,81,13,False,False
91c9f5a0-967f-4391-83d0-6f1e76721a77,190,2020-09-23T23:02:34Z,2020-09-23T23:02:41Z,Desktop,Paid Search,3,1,False,False
1305ef8a-755c-47ee-80ab-cc3d0aa9f36f,369,2023-03-28T15:09:26Z,2023-03-28T15:26:48Z,Mobile,Social Media,13,11,False,False
5dc9ecc8-447b-4b5c-8263-2525f1f5c8d4,331,2017-04-07T07:55:54Z,2017-04-07T07:56:35Z,Mobile,Paid Search,5,1,False,False
278f0243-211a-4fef-a2fe-a16aed636354,214,2022-08-29T22:37:01Z,2022-08-29T23:07:42Z,Tablet,Organic Search,53,11,False,False
eafe6370-143f-4904-981c-8921174a0803,133,2024-12-07T15:26:47Z,2024-12-07T15:30:24Z,Mobile,Organic Search,4,1,False,False
84f020ea-8f30-4452-a34c-9d54aba47ad4,92,2025-01-01T11:52:40Z,2025-01-01T12:06:23Z,Desktop,Social Media,22,1,False,False
d6b9440c-2d12-4e91-a0cc-19f26cbc0128,244,2025-11-30T22:18:34Z,2025-11-30T22:19:00Z,Desktop,Paid Search,2,1,False,False
3967a40b-fff5-4520-ad24-5f4b5b8dd265,476,2024-12-13T14:11:51Z,2024-12-13T14:12:45Z,Mobile,Paid Search,4,1,False,False
11b5beab-bda2-4c56-86a6-efc31419835c,135,2025-03-13T07:58:42Z,2025-03-13T08:01:39Z,Tablet,Direct,7,4,False,False
f726981c-d27a-43d2-b327-8668f69aa927,316,2021-08-01T15:15:13Z,2021-08-01T15:26:21Z,Mobile,Direct,10,7,False,True
375b1cad-5f6e-474e-8f4e-84831ef2ece3,345,2023-10-26T12:28:45Z,2023-10-26T12:29:38Z,Tablet,Direct,2,0,False,False
71ed1e7b-1798-4af2-8f93-84ff5d7a29fe,171,2025-09-27T10:41:40Z,2025-09-27T10:45:06Z,Tablet,Direct,6,4,False,True
13938e58-1ef5-4df0-b0aa-2bb0efd3fee9,448,2018-05-05T09:16:02Z,2018-05-05T09:16:15Z,Tablet,Paid Search,2,1,False,False
c0309f93-6648-4837-8d53-e3b6247cd37d,480,2022-02-16T09:47:49Z,2022-02-16T10:03:43Z,Mobile,Organic Search,11,4,True,False
b6559a0e-9c5a-4f83-b7d5-33650d2a78ab,387,2025-02-01T08:02:18Z,2025-02-01T08:11:00Z,Mobile,Email,10,6,False,False
0ed6f35f-01b6-4c37-8ac5-9c0e496867d2,420,2020-12-13T21:22:38Z,2020-12-13T22:03:54Z,Desktop,Direct,29,18,False,False
5279cbe3-751f-4c44-b386-0abbe2a182b6,107,2023-11-05T06:07:30Z,2023-11-05T06:33:13Z,Wearable,Paid Search,24,0,False,False
372dead1-516d-48a1-9dc5-c8f4c5b34c68,213,2023-10-22T08:11:40Z,2023-10-22T08:11:56Z,Mobile,Paid Search,1,0,False,False
9a7cbe8a-33e7-4e5b-b11b-f4c94b92215c,313,2023-11-24T22:59:28Z,2023-11-24T22:59:46Z,Desktop,Organic Search,1,1,False,False
addbe220-7cdc-448e-88d9-f2942299adb9,269,2017-10-22T16:23:59Z,2017-10-22T16:24:56Z,Mobile,Paid Search,2,0,False,False
d619926d-d5ad-4fe9-873a-c8a2576ca5da,39,2019-01-13T14:19:36Z,2019-01-13T14:51:03Z,Desktop,Organic Search,26,25,True,False
89f83eb0-3d88-40be-9102-bc2076b94592,410,2025-01-11T02:37:00Z,2025-01-11T03:08:05Z,Desktop,Organic Search,19,13,False,False
f95a572c-06c8-4ec8-9692-29b8264aa36e,458,2025-03-24T20:04:18Z,2025-03-24T20:04:44Z,Mobile,Display Ads,5,0,False,False
2b65c785-97f8-4758-9d15-500f4b323202,24,2025-05-27T19:02:47Z,2025-05-27T19:04:20Z,Mobile,Email,2,1,False,False
f9284371-2752-49bc-a2f5-6cb680b8a88f,296,2025-04-22T02:11:21Z,2025-04-22T02:11:53Z,Desktop,Paid Search,2,1,False,False
34d7ee6f-8f64-447b-b5bc-00ea2295f541,152,2022-10-08T12:10:35Z,2022-10-08T13:25:18Z,Mobile,Referral,84,1,False,True
96a86780-55f6-4c6e-a13a-6162f90e7391,179,2025-08-23T22:03:46Z,2025-08-23T22:03:51Z,Tablet,Social Media,1,0,False,False
77d013af-559e-44f1-90ff-a25af3dcc021,378,2023-12-31T05:38:13Z,2023-12-31T05:38:28Z,Desktop,Email,3,0,False,False
c5d76669-6af7-4868-8cd4-b8b0fef48bde,408,2025-12-03T17:28:05Z,2025-12-03T17:28:52Z,Tablet,Social Media,5,2,False,False
78336527-6998-4e17-876e-1c44437af56e,189,2023-02-12T11:43:19Z,2023-02-12T11:44:16Z,Desktop,Organic Search,3,1,False,False
4386a0fe-f07b-406c-b192-892b7e869ab5,448,2022-03-04T02:14:21Z,2022-03-04T02:15:38Z,Mobile,Social Media,4,0,True,False
0278cc7a-4e9c-474c-833a-accc7e343547,386,2019-06-24T03:13:22Z,2019-06-24T03:14:07Z,Tablet,Direct,2,1,False,True
fa83052e-2db9-4510-a57e-aa685d315231,305,2025-08-01T02:27:17Z,2025-08-01T02:27:41Z,Mobile,Email,3,1,False,False
7a705245-fd0e-497f-9d41-5064e4ed02ab,93,2024-12-08T11:08:40Z,2024-12-08T11:10:59Z,Wearable,Organic Search,6,1,False,True
25a88119-ac39-4201-90bb-dbbc546ac62e,101,2021-06-26T13:35:04Z,2021-06-26T13:35:37Z,Mobile,Organic Search,4,0,False,False
1a79bda6-3c29-4d8d-8d5e-0446bb151ea7,16,2023-10-19T06:25:09Z,2023-10-19T06:40:32Z,Tablet,Paid Search,30,7,False,True
903d4e7a-8748-4128-8bc9-3022a0cde410,314,2023-11-01T23:13:23Z,2023-11-01T23:20:33Z,Mobile,Organic Search,5,4,False,False
e8b1b580-2135-4d3b-9f36-ab95748b59c9,208,2025-12-19T11:22:09Z,2025-12-19T11:22:32Z,Desktop,Paid Search,2,1,False,False
01744c34-e07f-4eb0-9665-01011ec5e717,177,2020-07-04T17:29:55Z,2020-07-04T17:42:33Z,Desktop,Email,26,24,False,False
ab672435-ffde-4cde-963b-f50179cb20de,276,2025-02-25T01:46:44Z,2025-02-25T02:37:30Z,Desktop,Paid Search,41,6,False,True
bd8dd1f8-b26d-4ae2-8519-004f5430eac1,136,2025-09-28T19:13:17Z,2025-09-28T19:14:06Z,Tablet,Display Ads,5,1,False,False
c7f8efae-ff49-4d3b-a721-2a1f366b2bf5,41,2024-12-06T13:45:18Z,2024-12-06T13:46:18Z,Desktop,Paid Search,2,1,False,False
bee92faf-9a2a-4d30-9111-bacd782e83ec,4,2025-12-04T04:20:10Z,2025-12-04T04:20:46Z,Mobile,Social Media,3,2,False,True
5433e0b7-1290-4722-9f0f-b7f2debd54fb,279,2020-08-26T21:04:13Z,2020-08-26T21:16:18Z,Mobile,Organic Search,15,7,False,False
46b5d908-bfc3-4fab-86cc-4ffd160699d6,8,2015-06-13T17:15:40Z,2015-06-13T17:27:45Z,Smart TV,Organic Search,17,1,False,False
66cd3b81-fef2-4213-b6b5-8a4abb88df98,41,2021-01-15T05:24:30Z,2021-01-15T05:25:23Z,Desktop,Direct,2,1,False,False
211fdbe4-c6a0-4ff9-9d35-5746f95339a0,229,2023-03-27T01:27:10Z,2023-03-27T01:30:19Z,Mobile,Direct,5,0,False,False
a4283b08-ffae-4d6f-b2ec-d621aceb0b00,137,2023-04-29T20:04:46Z,2023-04-29T21:00:33Z,Tablet,Social Media,29,7,False,False
96f444cf-44e9-4ebb-8b95-eb286f3da195,79,2025-08-31T13:15:48Z,2025-08-31T13:16:05Z,Desktop,Referral,1,1,False,False
501fa0bf-b973-4180-8986-9add04b2ae80,226,2022-07-22T22:05:01Z,2022-07-22T22:05:12Z,Desktop,Display Ads,1,0,False,False
8a3a2447-2814-487b-b626-481c051df317,392,2020-04-06T15:41:36Z,2020-04-06T15:51:04Z,Desktop,Organic Search,9,5,False,False
cec90713-0b39-4a79-8e4f-9d39152e8148,120,2025-09-25T17:34:22Z,2025-09-25T17:46:11Z,Tablet,Direct,20,7,False,False
ecb2b574-4b15-4bfb-b5f1-863dd134d963,131,2025-01-25T04:55:05Z,2025-01-25T04:55:37Z,Desktop,Email,3,0,False,False
086842bf-21e3-4cc9-8fdf-435042a7a0e0,26,2022-07-29T23:11:00Z,2022-07-29T23:11:06Z,Mobile,Organic Search,1,0,False,False
ad12f942-dee5-4e9a-b67a-98763313f8c4,141,2025-07-15T08:16:01Z,2025-07-15T08:26:39Z,Mobile,Direct,16,15,False,True
fe19a7af-9b42-4e4d-8e42-8fcc9e22c5eb,234,2023-05-16T12:55:23Z,2023-05-16T12:55:41Z,Desktop,Direct,1,1,False,False
8ea2f0d1-57e0-4a03-bd58-be43a71619b9,49,2025-11-21T02:57:35Z,2025-11-21T02:58:24Z,Desktop,Direct,5,4,False,False
8ad484fb-7072-4ac4-be2e-2fdd915aa4d0,279,2025-07-11T19:47:12Z,2025-07-11T20:08:16Z,Desktop,Direct,23,10,False,False
c6aca779-26c6-4688-9f87-b95b73728c88,111,2023-05-14T07:47:08Z,2023-05-14T07:56:38Z,Mobile,Direct,6,4,False,False
112ce441-3234-4b30-b56d-e1e46cb3b080,223,2021-08-21T02:10:20Z,2021-08-21T02:10:41Z,Mobile,Direct,3,0,False,False
c90b9f6f-06d1-4f48-9b88-237ee2fc2977,367,2025-04-30T08:35:46Z,2025-04-30T09:11:53Z,Desktop,Organic Search,48,15,False,False
78fd78db-9070-4f7b-9fe5-ac7a8be93687,239,2025-04-27T21:01:10Z,2025-04-27T21:01:36Z,Mobile,Paid Search,4,1,False,False
93828688-9948-4303-8100-7eb4f7622a34,188,2025-12-15T02:07:00Z,2025-12-15T02:18:22Z,Tablet,Social Media,26,25,False,True
1fc74dd7-2526-47f0-a16d-5d01eb5494e7,117,2025-11-03T12:54:53Z,2025-11-03T13:07:30Z,Desktop,Social Media,15,1,False,False
48a75836-8dba-49ae-8e17-9c25fd239d58,343,2023-03-27T01:36:14Z,2023-03-27T01:40:26Z,Mobile,Organic Search,12,4,False,False
571e313b-67df-46d2-afeb-6ce517cfa7c8,91,2020-07-10T19:17:11Z,2020-07-10T19:17:30Z,Tablet,Social Media,4,3,False,False
6521d694-ba2e-4731-ac64-b9bd5dd7af29,307,2021-06-08T17:16:43Z,2021-06-08T19:53:10Z,Desktop,Social Media,31,3,False,False
7fa329bb-77fa-4e9b-a358-9a866e15c1b1,74,2025-12-08T02:54:45Z,2025-12-08T02:55:41Z,Desktop,Paid Search,2,1,False,False
1710e83c-88e4-4286-a241-3686a7b484d0,105,2024-12-08T05:41:07Z,2024-12-08T05:54:45Z,Tablet,Organic Search,11,7,True,False
c646b144-0faf-4f05-bce1-2b321d6a141d,164,2018-10-25T02:50:21Z,2018-10-25T02:51:36Z,Mobile,Referral,3,0,False,False
a04ca49a-ba12-49e5-a7d2-4450c2a0f8f6,412,2025-01-28T14:36:18Z,2025-01-28T15:29:50Z,Desktop,Display Ads,27,23,False,False
a12a1715-b8f8-45fe-b1d5-0a4d8418e719,179,2025-11-29T16:00:10Z,2025-11-29T16:07:30Z,Mobile,Organic Search,6,1,False,False
9af2c6e8-308a-4b75-b974-9f94bac52e01,216,2022-12-11T04:18:19Z,2022-12-11T04:19:06Z,Desktop,Email,2,1,False,False
d7860a0b-3877-4453-ade4-76d107a408e4,392,2020-01-07T20:13:03Z,2020-01-07T20:26:26Z,Mobile,Organic Search,20,15,False,False
5c1a45d7-5a06-460e-b50b-1b1a2c048c74,254,2022-05-20T11:56:42Z,2022-05-20T12:51:20Z,Mobile,Email,57,33,True,False
6531f054-1572-4b95-ad75-c38bfba07b47,235,2024-04-24T19:14:09Z,2024-04-24T19:23:18Z,Mobile,Email,9,5,False,False
c985a46c-8167-4d39-917b-a0dc923cc965,378,2022-03-25T01:51:01Z,2022-03-25T02:48:38Z,Desktop,Direct,14,9,False,False
84439971-d254-4a6a-b1f8-a59e963279fd,164,2023-02-27T00:41:27Z,2023-02-27T01:33:07Z,Mobile,Direct,63,34,False,False
67496ec5-d741-4fc3-bdfa-59164aa7a5cf,168,2025-11-22T04:09:26Z,2025-11-22T07:36:30Z,Desktop,Paid Search,33,2,False,False
bef2cc14-ff7a-4878-a4fc-c6c097b1f949,474,2025-03-12T01:44:31Z,2025-03-12T01:59:07Z,Wearable,Social Media,8,6,False,False
df38b4e9-69dc-458d-8bb7-e7c611ce0686,491,2016-11-17T16:46:38Z,2016-11-17T16:47:23Z,Mobile,Paid Search,2,1,False,True
2c0ecc4e-eb95-478d-8d1c-5e3ccafb5871,227,2023-11-18T10:58:35Z,2023-11-18T10:58:43Z,Mobile,Organic Search,4,2,False,False
3b875656-2722-440d-9449-4c5e4dec8cda,386,2023-05-16T14:06:42Z,2023-05-16T14:08:01Z,Mobile,Social Media,4,3,False,False
53b1c491-5784-426d-9ff9-82b3972cea1b,45,2025-09-11T01:52:02Z,2025-09-11T01:58:41Z,Desktop,Social Media,4,3,False,False
0c469ccc-c52e-4e67-9ad4-3ca0ff1eb1e1,293,2025-09-21T17:55:13Z,2025-09-21T17:56:36Z,Mobile,Paid Search,2,1,False,False
f1918be7-929f-46ab-8ab6-1d27927dbf51,426,2025-02-05T12:12:36Z,2025-02-05T12:34:31Z,Desktop,Email,10,3,False,False
ad0be7a3-4264-4f85-9bb6-c3fad15d77e0,87,2025-01-05T09:23:41Z,2025-01-05T09:29:01Z,Smart TV,Paid Search,8,2,False,False
c331ff17-0bb2-45df-ab53-414e75b48842,267,2025-09-25T11:14:44Z,2025-09-25T11:46:15Z,Tablet,Organic Search,27,24,False,False
cf27f1eb-33aa-4bea-a8db-282ec8632ebc,395,2025-05-15T03:44:17Z,2025-05-15T04:17:27Z,Tablet,Display Ads,29,0,False,False
23e95ddd-7ba0-4cdd-965b-e4e694152285,178,2025-07-13T23:18:08Z,2025-07-13T23:32:42Z,Desktop,Organic Search,30,16,False,True
faf47ade-b3de-413c-bb4a-63cb899e9c40,208,2025-12-23T14:25:58Z,2025-12-23T15:13:03Z,Smart TV,Social Media,45,9,False,False
67f9eacd-e85f-4ffc-bc22-600479020ccc,222,2019-06-05T14:52:47Z,2019-06-05T15:01:12Z,Tablet,Paid Search,14,9,True,False
01d6adac-0b56-4d76-aa0c-c2655325fed1,446,2024-03-17T07:44:13Z,2024-03-17T07:55:38Z,Mobile,Paid Search,5,4,False,False
2c45a8ae-ffaf-4851-8d27-cc3a10f212ff,302,2021-01-11T14:10:09Z,2021-01-11T14:54:55Z,Desktop,Email,63,31,True,False
df8f5459-a7a5-4a71-a4b9-5103931c0f37,486,2018-10-30T11:11:15Z,2018-10-30T11:58:12Z,Smart TV,Organic Search,12,11,False,False
a6f75c22-6c38-44a9-91f1-c0bb901ae9bd,324,2020-03-19T22:32:24Z,2020-03-19T23:29:55Z,Tablet,Social Media,57,24,False,True
b5f22ad9-b6e4-4c48-85e6-ad88b4f9edc8,187,2024-03-26T09:30:02Z,2024-03-26T09:39:06Z,Mobile,Paid Search,8,4,False,True
64951564-b284-4f79-bff0-1ab66c1b05f2,114,2025-10-13T07:19:07Z,2025-10-13T07:19:58Z,Desktop,Direct,5,3,False,False
23661b3f-6d88-435c-a1ba-5c2f10a61be5,379,2022-07-11T21:42:18Z,2022-07-11T22:08:03Z,Desktop,Paid Search,12,6,False,False
bd511fe6-b26a-4033-8d79-74030ce02878,412,2024-10-26T03:37:39Z,2024-10-26T03:47:52Z,Mobile,Display Ads,14,3,False,True
703a824e-b8ef-4e7a-b9c2-5d2cbcfc5465,425,2021-06-02T01:28:12Z,2021-06-02T01:42:31Z,Desktop,Organic Search,18,9,False,True
70ba402d-aea8-4c32-8f4b-f12c6f7642ed,357,2023-04-11T18:36:45Z,2023-04-11T19:23:53Z,Tablet,Social Media,22,12,False,False
328546f8-5b05-419d-bcd5-2f744d7733fe,34,2023-01-26T05:23:59Z,2023-01-26T05:24:34Z,Desktop,Organic Search,4,0,False,False
97fc18f9-f30d-4460-ae32-80290a7b19d1,122,2025-06-29T16:05:27Z,2025-06-29T16:39:28Z,Desktop,Organic Search,53,36,False,False
a58f6a5e-6989-4356-9570-7e9e8dab195e,338,2025-04-09T19:52:19Z,2025-04-09T19:57:48Z,Mobile,Display Ads,11,7,False,False
0ee0d18b-94e8-46c9-a0d7-858a6b447173,485,2025-11-10T00:37:19Z,2025-11-10T04:35:46Z,Mobile,Direct,17,11,False,False
2d29610b-f7ee-4153-9c9d-e6c3898103c4,338,2023-12-27T22:24:38Z,2023-12-27T22:30:35Z,Tablet,Direct,8,4,False,False
bf929552-79e9-426c-b234-e35f5f87f452,128,2025-11-17T07:46:23Z,2025-11-17T07:56:46Z,Desktop,Direct,28,5,False,False
c0fe0b2c-bb8f-4a3a-94b4-9977f9817443,238,2023-10-26T13:55:42Z,2023-10-26T14:02:48Z,Mobile,Paid Search,10,9,False,False
d2d2d314-ae05-4500-8cbc-f036ec0e5628,129,2024-12-13T22:51:04Z,2024-12-13T23:39:20Z,Desktop,Social Media,82,17,False,True
ce0e145f-ef15-4a39-a71f-0786cb9de735,232,2023-05-02T16:34:46Z,2023-05-02T16:35:41Z,Desktop,Organic Search,5,3,False,False
041943fa-e76f-4c5f-920b-84e2875841f8,460,2025-12-17T07:52:40Z,2025-12-17T08:26:53Z,Mobile,Social Media,42,3,False,False
167e9067-228d-4d33-82ea-e6792e8273a6,370,2018-05-21T20:31:21Z,2018-05-21T20:34:38Z,Desktop,Organic Search,10,0,False,False
5e38257a-a1e5-4b9c-8d9c-6bbb77b91693,191,2024-09-23T03:22:49Z,2024-09-23T03:23:19Z,Mobile,Paid Search,3,1,False,True
b0ffab67-7c55-4488-bd8f-1ad9182c37d6,380,2020-10-19T15:13:46Z,2020-10-19T15:18:36Z,Smart TV,Direct,14,0,False,False
5f09196b-c459-4ffc-bbe0-36c79ee00c0f,144,2024-11-22T11:40:17Z,2024-11-22T14:18:26Z,Mobile,Direct,23,22,False,False
16380a92-b0da-4336-8283-9049dd144d06,238,2021-10-14T14:57:16Z,2021-10-14T15:09:04Z,Desktop,Email,26,9,False,False
85db58a7-01e0-41f1-9feb-8bdb5e69fd36,487,2024-05-20T03:21:05Z,2024-05-20T03:21:10Z,Mobile,Social Media,5,3,False,False
3f83d5d7-b64b-480c-8655-f24a183ab6ff,142,2021-03-15T02:30:19Z,2021-03-15T02:30:41Z,Tablet,Organic Search,2,1,False,True
fd6ab689-119b-4ea9-ac59-faeaaf18691f,490,2017-07-27T03:19:31Z,2017-07-27T04:16:14Z,Smart TV,Organic Search,86,49,False,False
059be0e3-d992-4f0a-9242-9e3b20e419e3,254,2024-12-01T00:34:30Z,2024-12-01T00:44:04Z,Tablet,Paid Search,8,0,False,False
4e7e8bba-3646-4603-af45-e068b92b0c01,162,2025-02-02T22:42:34Z,2025-02-02T22:48:03Z,Desktop,Paid Search,14,12,False,False
4669dbff-b259-4c1b-bc06-11a3fbaec7d2,85,2025-12-23T10:47:09Z,2025-12-23T10:47:49Z,Desktop,Paid Search,2,0,False,False
0b35ed5b-3354-49f1-a2df-da4aac2250cd,483,2025-05-10T12:18:10Z,2025-05-10T12:31:45Z,Desktop,Paid Search,13,11,False,False
ce109c08-d368-4776-83c4-edf83e2bee9b,327,2022-04-13T23:09:48Z,2022-04-13T23:21:32Z,Mobile,Organic Search,6,0,False,False
cec59e94-1963-4514-870f-cf09a49aa847,230,2025-09-19T19:52:14Z,2025-09-19T20:35:16Z,Desktop,Referral,47,9,False,False
7d1faed9-4e8f-4065-b74a-1f6b6b9fda29,80,2025-05-23T02:37:03Z,2025-05-23T02:39:23Z,Mobile,Organic Search,7,1,False,False
6e98ea4e-c723-4dfe-b52a-e3f2aeef2ca4,313,2025-12-15T09:34:38Z,2025-12-15T09:48:12Z,Mobile,Paid Search,19,2,False,True
bc7b2c4e-265b-4eca-9cfd-ff20ef566e38,44,2025-11-29T14:02:37Z,2025-11-29T17:29:13Z,Tablet,Email,32,18,False,False
14d96c8f-d147-4165-a566-2d2312943914,278,2025-01-24T17:20:33Z,2025-01-24T17:21:05Z,Desktop,Social Media,3,2,False,False
2a525cfc-12ca-4ec5-bda6-9e87d547b863,109,2022-12-26T11:13:08Z,2022-12-26T11:13:36Z,Mobile,Direct,3,1,False,False
24ee2d06-8fd2-4207-9459-1d9f8e493b2d,475,2025-07-11T23:25:53Z,2025-07-11T23:26:47Z,Mobile,Social Media,4,3,False,False
c1149a81-79ad-4fc6-a971-4ce96cdf72f3,94,2020-12-29T17:51:07Z,2020-12-29T18:10:16Z,Desktop,Direct,9,5,False,False
b5283ef7-6f42-4af7-bb96-f4ed98651440,464,2024-05-11T08:46:54Z,2024-05-11T09:29:05Z,Desktop,Organic Search,53,39,False,False
ed2d1a51-31fc-42bd-b4d6-50f27abc743f,66,2024-06-06T23:49:28Z,2024-06-07T00:34:12Z,Desktop,Social Media,79,25,False,False
26c16783-9f56-4fdc-aff3-16f8a7042cd7,70,2025-10-03T13:07:25Z,2025-10-03T13:16:44Z,Mobile,Direct,5,2,False,False
faea3b3b-d8d7-4cca-a99a-45c9596bb815,322,2025-03-02T21:02:42Z,2025-03-02T21:11:36Z,Tablet,Email,4,1,False,False
9f870e33-701e-4599-8e4d-62b8b5c6425b,28,2018-12-26T13:36:15Z,2018-12-26T13:46:02Z,Mobile,Email,15,9,False,True
1eccfe40-954e-4892-8d6e-416feb4d4e43,34,2020-03-17T08:43:10Z,2020-03-17T09:26:26Z,Mobile,Social Media,14,6,False,False
c5ac6171-07c3-4d85-b1a8-8c3f1b0506fd,195,2025-08-01T02:13:17Z,2025-08-01T02:24:42Z,Wearable,Direct,6,2,False,True
52acc306-f9b5-4d19-bad5-2cf44e78bd95,223,2022-02-16T14:47:48Z,2022-02-16T14:48:42Z,Mobile,Direct,4,3,False,False
e1fa8b82-f261-4562-b11e-1a43695ef9ea,96,2022-05-07T16:54:50Z,2022-05-07T16:55:05Z,Desktop,Paid Search,1,0,False,False
8719d199-2d6a-48e2-b756-8e6c4e03b7e3,281,2021-05-08T14:58:45Z,2021-05-08T15:00:42Z,Mobile,Organic Search,2,1,False,False
8687ac26-1050-4d6e-8910-bed85830c2f6,380,2021-03-24T02:08:18Z,2021-03-24T02:21:06Z,Mobile,Direct,5,2,False,False
2a48e9d1-aaf5-4d2e-9f0d-9ea92dcbd9d2,13,2025-01-07T08:21:48Z,2025-01-07T08:55:33Z,Desktop,Paid Search,63,13,False,False
5d54664e-d81c-4bbd-9aee-3afcba33abbd,367,2025-07-08T05:14:37Z,2025-07-08T05:25:22Z,Tablet,Organic Search,19,6,True,False
cc9255df-343a-4c79-93a4-0ff6ff5df1ab,197,2017-08-25T00:18:56Z,2017-08-25T00:20:42Z,Mobile,Paid Search,2,0,False,False
9ad03502-b084-4951-9893-e78909de807e,73,2025-10-18T02:34:22Z,2025-10-18T02:42:42Z,Mobile,Email,6,3,False,False
43e901e8-35ad-47f1-a3a4-fd20103dcb35,478,2022-01-30T05:40:59Z,2022-01-30T05:41:30Z,Desktop,Organic Search,4,0,False,False
bafd246f-212a-4860-be24-a8db139a111d,418,2024-03-14T17:46:36Z,2024-03-14T17:57:28Z,Desktop,Organic Search,9,3,True,False
1cd7bb5c-3e22-45e8-ad28-6074f48b3807,275,2025-08-29T03:10:54Z,2025-08-29T03:11:58Z,Desktop,Social Media,3,1,True,False
bd746c7f-e916-47d9-8f03-d69802678b1f,493,2024-12-27T20:05:11Z,2024-12-27T20:20:02Z,Desktop,Organic Search,15,7,False,False
1147929c-fa10-40e3-b3bd-6787888b951e,217,2021-02-03T23:11:56Z,2021-02-04T02:24:30Z,Mobile,Email,28,6,False,False
801fd0f1-a55d-42ac-a313-97d983ad5c5f,50,2025-01-16T20:25:52Z,2025-01-16T20:26:28Z,Mobile,Social Media,5,1,False,False
e15df704-d8e9-47e2-a803-a11f05b5cd53,212,2025-03-04T16:50:33Z,2025-03-04T16:51:19Z,Desktop,Social Media,2,0,False,False
fc568503-9f5d-44ce-9b56-b54635bff8f5,357,2025-12-18T16:20:40Z,2025-12-18T17:08:52Z,Desktop,Email,79,43,False,False
20bf334b-57d1-4a42-8f2c-669a56c1406d,286,2019-11-29T14:43:22Z,2019-11-29T14:44:07Z,Mobile,Social Media,5,0,False,False
be950047-3473-4d6e-b594-56d22ccbd3e6,278,2022-08-24T10:25:28Z,2022-08-24T10:26:07Z,Tablet,Email,5,4,False,False
9050c03a-b930-4de3-be6b-6374273dce87,102,2022-11-02T18:34:33Z,2022-11-02T18:41:59Z,Tablet,Referral,9,0,False,False
057dde84-346c-41de-9813-411b5b4bb7b8,352,2025-11-23T22:04:05Z,2025-11-23T22:47:24Z,Mobile,Referral,83,30,False,False
7f67e60e-51b1-450e-88c6-e30572753485,262,2025-08-04T09:07:19Z,2025-08-04T09:52:42Z,Desktop,Direct,40,28,True,False
a40e750a-5e69-433a-a6e8-35d402e7bc3e,13,2025-06-01T19:26:58Z,2025-06-01T22:39:50Z,Desktop,Organic Search,35,4,False,True
812f7679-a342-4a56-8a16-224e84d6c2b3,203,2021-10-14T16:37:06Z,2021-10-14T16:50:25Z,Mobile,Email,22,5,False,False
437646ef-ce0c-47a3-b93b-0ec696ea01d0,340,2024-04-17T20:39:06Z,2024-04-17T20:39:44Z,Mobile,Referral,4,3,False,True
91af2a15-a574-4742-9b17-41008abbe5df,235,2024-04-16T04:18:50Z,2024-04-16T04:19:34Z,Desktop,Paid Search,3,1,False,False
537ca901-5f28-48ee-8378-dbb140b51858,138,2025-07-16T02:23:10Z,2025-07-16T02:27:08Z,Desktop,Organic Search,5,3,False,False
ef1f9e3d-9ea6-45e8-9917-425cfab11468,53,2020-02-05T07:40:45Z,2020-02-05T07:49:13Z,Desktop,Social Media,11,3,False,False
be9f0e60-0668-441e-ae86-924e1d0e43b7,204,2019-08-18T06:06:34Z,2019-08-18T06:50:27Z,Desktop,Organic Search,65,5,True,False
b7b81e1f-ad29-47ef-99a5-9d6b193e96e1,294,2022-01-10T07:10:44Z,2022-01-10T07:46:34Z,Tablet,Organic Search,24,20,False,False
57b601b0-ec9e-470f-b3af-f46a3eb5b02c,385,2016-08-18T03:29:15Z,2016-08-18T03:35:07Z,Tablet,Direct,9,1,False,False
d6ee3b4b-91e9-4400-96c9-f02d33e1a39e,26,2024-07-02T01:47:49Z,2024-07-02T02:00:10Z,Desktop,Paid Search,28,7,True,False
4fd7781b-58b1-412d-a8c8-542dd417d5c7,69,2025-11-29T04:01:28Z,2025-11-29T05:00:53Z,Desktop,Organic Search,33,8,False,False
97b6adb0-c07d-412c-9286-924eb42127e0,30,2025-11-14T09:25:33Z,2025-11-14T09:33:19Z,Mobile,Social Media,14,7,True,False
e619eb2c-6539-40fd-b54c-2211a1c0ab87,50,2023-12-08T23:49:58Z,2023-12-08T23:50:12Z,Mobile,Paid Search,5,2,False,False
c2d2f115-bea8-4c19-b8d1-998eb27adbd5,178,2018-07-29T19:44:54Z,2018-07-29T20:04:03Z,Tablet,Organic Search,13,1,False,False
eea3e5c3-1796-4e19-820b-351caa4d14f0,196,2025-12-05T06:24:26Z,2025-12-05T07:16:56Z,Desktop,Paid Search,81,31,False,False
99a5fe61-ecf2-4de3-aae3-f023f46d9722,137,2025-02-20T21:33:35Z,2025-02-20T21:59:45Z,Smart TV,Direct,8,6,False,False
6df8f7ec-54d4-4c1e-b183-81316ef4f747,483,2025-10-30T18:23:08Z,2025-10-30T18:32:34Z,Desktop,Direct,6,5,False,False
523e93d1-2f8f-427a-a799-be7f641535b9,356,2024-05-12T22:43:35Z,2024-05-12T23:42:30Z,Desktop,Organic Search,68,8,False,False
1a8ded8a-a77b-4c81-b0f2-cc7b64be562f,484,2023-12-24T09:04:55Z,2023-12-24T09:54:43Z,Mobile,Organic Search,62,28,False,False
a5c3e500-ccfd-4086-91d7-470c97f95b77,18,2025-12-21T23:07:52Z,2025-12-21T23:08:08Z,Desktop,Social Media,3,0,False,False
dc54a283-cb2e-4656-aa20-3abd052ef8eb,187,2024-09-15T21:46:47Z,2024-09-15T23:00:31Z,Smart TV,Organic Search,10,5,False,False
d7b69b3a-553f-4c22-a8fe-a1933e33c1c1,406,2025-10-17T00:21:21Z,2025-10-17T00:21:48Z,Tablet,Display Ads,3,1,False,False
861441db-5c24-4a35-a4a6-3d2f046d1ac4,363,2021-03-21T21:04:38Z,2021-03-21T21:16:45Z,Mobile,Organic Search,25,9,False,False
cf396e98-168b-46c0-ba09-b59e579fd545,325,2021-11-20T18:18:30Z,2021-11-20T19:52:13Z,Mobile,Organic Search,19,5,False,False
dbd77cc2-6b14-43b0-a757-e53b273fa342,43,2022-05-26T09:18:51Z,2022-05-26T09:29:17Z,Desktop,Social Media,6,2,False,False
5c816d70-8098-4856-bc45-ef7956ccc45a,334,2020-06-07T06:03:42Z,2020-06-07T06:04:15Z,Mobile,Direct,3,0,False,False
b04b295a-393c-48e7-bb64-5b14c6abf197,2,2025-09-29T06:43:26Z,2025-09-29T06:44:02Z,Mobile,Social Media,3,1,False,False
be53aa2b-6e72-409a-85d9-b4e2d4034ab5,87,2024-01-20T19:37:14Z,2024-01-20T19:41:33Z,Mobile,Direct,7,2,False,False
d2aeb041-37b5-484e-86bc-dc7ef807ff9d,485,2025-11-10T21:01:09Z,2025-11-10T21:11:08Z,Mobile,Direct,9,5,True,False
63b2f3c2-3dee-45f1-a2bb-117820ebec04,234,2025-07-24T00:00:57Z,2025-07-24T00:07:36Z,Desktop,Organic Search,15,3,True,False
77eac07a-f5dd-4edd-8aa4-26c1bb730ecf,467,2018-09-24T12:20:44Z,2018-09-24T13:07:27Z,Mobile,Organic Search,12,0,False,False
7651f75e-0586-4238-8bd0-2b2c6c5a4843,277,2023-11-30T14:02:00Z,2023-11-30T14:41:21Z,Tablet,Direct,69,3,False,False
c85af3f9-223d-4307-b24d-63e115237522,120,2025-11-29T05:31:33Z,2025-11-29T05:39:44Z,Mobile,Direct,6,3,False,False
a45323fd-9bb5-4a09-8e5b-9db07f66e40b,385,2022-01-01T13:17:24Z,2022-01-01T13:43:51Z,Desktop,Social Media,30,12,False,True
4d61c54c-8a09-4021-a1a1-5a06d1c62fe6,48,2025-05-05T18:03:25Z,2025-05-05T18:03:46Z,Desktop,Social Media,1,0,False,False
67ed13ed-933d-4985-bf4c-133e2cb7daa6,162,2024-07-10T22:36:09Z,2024-07-10T22:37:04Z,Desktop,Social Media,4,3,False,False
8ca6f53e-2073-4b78-b494-ffaecabaa37d,4,2025-12-23T19:38:05Z,2025-12-23T20:26:44Z,Mobile,Organic Search,39,26,False,True
23b3c5fb-59d3-4596-9b61-07e770a6ee6b,354,2023-06-06T05:49:05Z,2023-06-06T05:49:17Z,Desktop,Organic Search,2,1,False,True
d809beb4-0f33-4c53-8601-7477f2eac1be,218,2024-04-24T16:34:05Z,2024-04-24T17:20:25Z,Desktop,Display Ads,16,8,False,False
df1459c9-90a5-42e7-9aa0-dc61ea3709ea,98,2022-11-03T14:46:10Z,2022-11-03T14:59:01Z,Mobile,Paid Search,29,26,False,False
12b9e656-d14d-4b3d-bc33-a8118ab9d834,383,2021-05-20T05:26:33Z,2021-05-20T05:32:41Z,Mobile,Paid Search,8,0,False,False
867aef95-3fcc-4396-9858-fd13d6dae310,128,2024-09-13T04:06:27Z,2024-09-13T04:50:32Z,Desktop,Paid Search,12,6,False,False
9d01cd88-33b7-4577-85be-bc226b61e011,452,2024-10-02T14:16:42Z,2024-10-02T14:53:40Z,Mobile,Organic Search,72,45,False,False
4c09fa30-103d-4f96-bca2-94eab3550491,304,2024-01-16T03:08:32Z,2024-01-16T03:49:19Z,Mobile,Social Media,60,7,False,True
82b7ffdd-a13c-48dd-8b3a-daf20050e81e,174,2025-11-14T20:11:21Z,2025-11-14T20:12:08Z,Tablet,Email,5,1,False,False
8df5d377-9c77-4e7d-99ea-2d7b611598b1,232,2022-08-02T19:02:55Z,2022-08-02T19:04:44Z,Desktop,Paid Search,3,0,False,False
235bba7b-24a2-450f-947e-a7a6f5b4f819,269,2025-02-21T04:33:07Z,2025-02-21T04:42:07Z,Desktop,Social Media,7,6,False,False
d73087db-9289-419a-a274-c404da034128,391,2025-07-08T04:22:38Z,2025-07-08T07:24:41Z,Wearable,Referral,14,9,False,True
6891119a-1664-4968-b8f3-4b37bc6c165f,431,2023-03-18T14:44:09Z,2023-03-18T14:44:26Z,Tablet,Paid Search,1,1,False,False
46fd1031-d7df-4608-878c-998969454786,234,2025-06-09T02:46:52Z,2025-06-09T02:56:59Z,Mobile,Direct,24,20,False,False
a8f7c3a9-b5dd-41b5-8d53-2246d15aa1e6,236,2022-10-21T13:26:41Z,2022-10-21T13:27:03Z,Desktop,Direct,1,1,False,False
a87626e0-f54d-4be3-800c-e38cde48c1f1,335,2023-10-17T01:47:20Z,2023-10-17T02:10:23Z,Tablet,Organic Search,28,2,False,False
7741e337-84d4-4689-9f7d-f3345d32621c,145,2023-05-20T23:16:27Z,2023-05-20T23:22:39Z,Mobile,Organic Search,15,8,True,False
dc49fd5f-4963-4930-a2e6-545794a979db,260,2025-05-31T19:09:45Z,2025-05-31T23:00:40Z,Wearable,Paid Search,86,3,True,False
08f40511-112a-41f6-9cc9-5869db742f13,40,2020-04-22T14:22:37Z,2020-04-22T14:34:31Z,Mobile,Paid Search,29,14,False,False
06be573d-c083-431b-9b59-525915dc94a1,2,2025-07-03T02:13:58Z,2025-07-03T04:47:26Z,Desktop,Paid Search,96,0,False,False
0360e8fd-e813-472d-9f91-47d6226061bb,376,2025-11-12T13:25:57Z,2025-11-12T13:53:00Z,Mobile,Organic Search,7,2,True,False
0f850fcc-b05f-44ef-821a-f5085d7e5e84,95,2019-01-30T01:30:49Z,2019-01-30T01:39:48Z,Mobile,Referral,12,5,False,False
1377d12a-79a4-45db-9b65-5f547502de27,41,2020-02-01T17:29:21Z,2020-02-01T18:11:53Z,Mobile,Referral,28,14,False,False
7b92b386-b2f2-4332-ad42-f5411ad3b4e1,279,2021-11-03T12:41:34Z,2021-11-03T12:49:46Z,Desktop,Direct,8,4,False,False
f8b44630-6bad-4610-b5cf-ed5d2f2077c2,127,2021-09-26T17:40:41Z,2021-09-26T17:41:27Z,Tablet,Paid Search,2,1,False,True
4b27e262-bfa1-4238-8703-099900e3204d,84,2025-12-18T06:07:09Z,2025-12-18T06:08:02Z,Mobile,Organic Search,3,1,False,False
3fb07805-1884-4010-a179-d2d9a1ac77cb,146,2025-09-22T03:06:31Z,2025-09-22T03:06:49Z,Desktop,Social Media,5,1,False,False
7dbfcf01-2b75-4a04-b202-c172d417b50a,11,2023-06-04T19:24:52Z,2023-06-04T20:02:06Z,Desktop,Organic Search,31,19,False,True
9e8e8776-bd04-435d-b874-613e0037baad,99,2024-11-18T07:01:43Z,2024-11-18T07:05:47Z,Desktop,Direct,9,2,False,False
ff909cf9-4950-4f7a-9c3a-7b075890d9fa,199,2021-11-21T21:30:15Z,2021-11-21T21:33:31Z,Tablet,Paid Search,14,10,False,False
fe4625b6-bb63-4255-a7d3-d1030e637a75,451,2017-10-01T12:05:54Z,2017-10-01T12:06:07Z,Desktop,Organic Search,2,1,False,False
df1394b5-972a-46d1-9237-411f580e435c,452,2025-03-19T23:07:32Z,2025-03-19T23:21:05Z,Desktop,Paid Search,22,15,True,False
6cc39054-aa11-432f-8a7e-12c474709df6,266,2021-01-27T17:02:11Z,2021-01-27T17:04:28Z,Desktop,Direct,13,9,False,False
359026be-506c-45a9-b31f-40111c7919bc,449,2019-07-29T22:15:12Z,2019-07-29T22:48:37Z,Tablet,Organic Search,34,9,False,True
8161c54e-228c-4e38-8fb9-d85cdc069ade,442,2021-01-14T10:05:10Z,2021-01-14T13:45:45Z,Desktop,Organic Search,67,4,False,False
09854931-f71c-4848-847f-e195b014f18e,485,2025-11-20T00:53:04Z,2025-11-20T01:04:23Z,Desktop,Organic Search,21,6,False,True
3b91a292-48e2-4af1-b562-08c8d148bd9b,78,2024-08-18T13:07:19Z,2024-08-18T13:08:08Z,Mobile,Paid Search,2,0,False,False
233a4a9c-4097-4418-9f7e-49b69a44a925,189,2024-05-01T16:30:57Z,2024-05-01T19:24:19Z,Tablet,Social Media,59,39,False,True
18a7fd88-e5b5-404d-ada1-3dfb2d5e9e7f,286,2025-12-16T11:58:34Z,2025-12-16T12:51:00Z,Tablet,Referral,77,4,True,False
9fe3f963-88ae-402c-adeb-ec04d7cf604b,485,2025-10-22T04:40:14Z,2025-10-22T04:40:45Z,Desktop,Paid Search,4,2,False,False
9b3c6deb-3297-4c95-8452-a3c4f4f71543,413,2019-10-05T11:36:29Z,2019-10-05T12:25:13Z,Wearable,Organic Search,38,4,False,True
bf66d595-e21f-4c5d-8722-afdb605ffc74,269,2020-12-18T11:13:36Z,2020-12-18T12:00:36Z,Desktop,Referral,43,11,True,False
da569f73-d3e9-412b-9541-d57b1a684033,451,2025-11-26T01:18:00Z,2025-11-26T01:18:10Z,Desktop,Organic Search,4,3,False,True
1e02e630-b9f7-489e-b04a-bce258bdf215,57,2024-07-22T16:15:04Z,2024-07-22T16:15:59Z,Desktop,Direct,4,0,False,False
7baa1ec8-b17e-47b9-bcf6-4d319d51c8df,14,2023-11-24T16:15:23Z,2023-11-24T16:15:52Z,Mobile,Organic Search,2,0,False,False
81ded9af-ee39-4da1-9f89-9e98e164bb0b,496,2025-04-11T19:39:09Z,2025-04-11T19:39:52Z,Desktop,Paid Search,3,0,False,False
d76e1d04-9ced-4250-8494-29f2cd15295d,114,2025-02-13T20:37:50Z,2025-02-13T20:38:31Z,Desktop,Email,4,0,False,False
d8e31e86-2c8d-40a9-9210-ece505d88f95,323,2022-10-01T20:34:05Z,2022-10-01T20:34:35Z,Mobile,Social Media,4,2,True,False
07bb1e08-c831-42ab-ae60-8fe4db2e0a26,362,2025-07-21T18:42:09Z,2025-07-21T18:45:03Z,Smart TV,Paid Search,4,0,False,False
678adf34-337a-476d-ab73-fc09c0eb9efe,498,2017-08-10T00:37:51Z,2017-08-10T01:17:38Z,Desktop,Referral,38,8,True,False
789408f4-cb75-4248-acbf-5dd2a8c2a1fc,154,2019-06-30T21:59:24Z,2019-06-30T22:03:50Z,Mobile,Direct,6,1,False,True
894df562-24a4-4c4a-a922-3491f5363923,190,2022-06-21T14:16:01Z,2022-06-21T14:27:03Z,Mobile,Organic Search,30,17,False,False
6ffa07cc-b34d-439a-9c31-6d4420f694fe,189,2020-08-06T23:54:35Z,2020-08-06T23:59:41Z,Desktop,Paid Search,6,4,False,False
af83585e-7d6b-4bcf-a485-7a03cda5fd06,268,2022-08-15T04:55:22Z,2022-08-15T04:55:37Z,Mobile,Organic Search,3,0,False,False
fcc39f5c-a024-484e-8757-e20190c954fc,183,2021-06-27T06:32:11Z,2021-06-27T06:47:39Z,Mobile,Email,20,11,True,False
45b26b1e-4848-42c9-884b-93a117b2b8b3,204,2023-04-05T17:24:15Z,2023-04-05T17:58:24Z,Mobile,Direct,53,40,False,False
f9e435de-7020-48cf-8df6-7056a7f90e27,387,2024-02-01T22:20:14Z,2024-02-01T22:33:55Z,Tablet,Email,30,5,True,False
217bc600-cb1d-4957-b464-86dd02a803be,44,2022-03-23T07:04:39Z,2022-03-23T07:09:31Z,Mobile,Direct,7,6,False,False
0013707f-9494-46d9-89cd-6596c3b4553c,360,2025-04-09T10:27:55Z,2025-04-09T10:28:18Z,Mobile,Paid Search,1,0,False,False
34bc388a-abb8-469a-bf05-d089150ffbc1,224,2025-05-17T02:10:40Z,2025-05-17T02:11:05Z,Mobile,Organic Search,1,0,False,False
20d5ff1c-34f7-4ec4-8b54-c73268bd9a31,330,2020-03-16T08:19:47Z,2020-03-16T08:20:25Z,Smart TV,Paid Search,2,1,False,False
ab1d00c6-475a-4361-9ce6-63f69650191a,81,2019-10-13T20:46:36Z,2019-10-13T20:47:12Z,Mobile,Organic Search,3,1,False,False
156c6f43-50fe-4fa5-92b2-10123e28b3db,134,2024-11-01T21:40:11Z,2024-11-01T21:40:27Z,Desktop,Paid Search,1,0,False,False
c99d05da-4867-413a-a16c-d027349a397c,130,2024-04-30T07:23:25Z,2024-04-30T07:56:43Z,Desktop,Paid Search,23,19,False,False
f462fafa-93f9-4573-900d-9070764a4cef,403,2024-11-20T08:44:34Z,2024-11-20T08:56:41Z,Desktop,Referral,6,3,False,False
3cfd4283-4f61-458a-8a00-96d6643f388c,197,2019-12-27T03:28:36Z,2019-12-27T03:32:29Z,Mobile,Social Media,13,1,False,False
3ffaf267-7798-4873-8bc6-8fae505926f8,420,2024-07-15T12:22:34Z,2024-07-15T12:23:08Z,Tablet,Social Media,5,0,True,False
432750fc-ea0d-441d-83b1-cb00bf0fa288,126,2025-10-23T15:07:51Z,2025-10-23T15:14:32Z,Mobile,Organic Search,11,6,False,False
79466bb6-d754-46bd-9735-b1c8d0c3440e,20,2025-10-12T13:29:22Z,2025-10-12T14:25:38Z,Desktop,Email,11,6,False,False
1cdb3fc8-373a-40de-b561-f9f9d6558ef9,120,2025-12-05T01:45:39Z,2025-12-05T01:46:11Z,Desktop,Paid Search,2,0,False,False
0a1cfc8a-f11f-408d-b48d-89a1629c0df5,449,2022-11-16T05:20:51Z,2022-11-16T05:21:18Z,Wearable,Display Ads,1,1,False,False
7b497b3f-faeb-4379-9590-87b14c108997,452,2024-08-10T00:30:45Z,2024-08-10T00:40:27Z,Desktop,Organic Search,6,0,False,False
be225ce5-ef10-4d8a-93bc-a33603f344c0,217,2021-01-01T12:28:03Z,2021-01-01T12:36:55Z,Desktop,Organic Search,5,3,False,False
fadf16c8-d8ee-46c8-9fa9-358cd55fdade,400,2017-03-04T10:25:37Z,2017-03-04T10:27:57Z,Tablet,Paid Search,13,12,False,False
d15dd940-ae98-4f8e-ba8b-ab882cfb853c,359,2018-09-27T15:01:14Z,2018-09-27T15:43:20Z,Desktop,Organic Search,74,28,False,False
904f3d8b-6e1a-4188-a77a-3c9799074f11,19,2025-11-06T12:32:53Z,2025-11-06T12:41:55Z,Desktop,Organic Search,6,3,False,False
635bd699-4b3f-4d38-a549-55d5d3779065,280,2017-08-16T06:26:23Z,2017-08-16T06:31:52Z,Mobile,Organic Search,4,3,False,True
d354313f-ed9b-430d-bef8-fbe5788ad6b8,391,2025-03-22T01:04:10Z,2025-03-22T01:20:53Z,Mobile,Social Media,30,24,False,False
62da7ec4-5574-4533-9706-4305a03cddac,438,2020-08-31T16:52:22Z,2020-08-31T16:58:34Z,Desktop,Organic Search,15,6,False,False
658f58d4-90d3-42cc-bfb6-e640c701cc30,212,2022-08-09T15:31:36Z,2022-08-09T15:32:15Z,Tablet,Email,3,0,False,False
bc3e2fb7-580b-40f4-8331-1973bd3aba28,266,2020-03-05T11:26:31Z,2020-03-05T11:36:22Z,Desktop,Direct,11,10,False,False
47281b3d-6d40-4ac7-8114-c0b37e4a669c,149,2023-06-20T19:46:11Z,2023-06-20T19:50:05Z,Mobile,Organic Search,3,2,False,False
acb439af-b877-40c2-a78b-0635f0b38fe4,43,2022-01-28T19:14:46Z,2022-01-28T19:14:56Z,Mobile,Direct,1,1,False,False
5d243f06-97a3-48eb-acd5-561b0ac839b0,160,2025-01-24T09:03:30Z,2025-01-24T09:04:16Z,Desktop,Organic Search,2,1,False,False
3e60ef71-fd0d-41d0-9afb-e954460fe206,105,2024-07-09T03:14:32Z,2024-07-09T03:14:51Z,Smart TV,Direct,2,0,False,False
bb023bf4-6d3b-495c-80c1-45a0b6193771,191,2025-06-20T03:38:45Z,2025-06-20T03:59:46Z,Mobile,Organic Search,12,3,False,True
76a52526-c80c-42e9-b3d5-bb7a1c4b6810,238,2022-11-08T07:13:10Z,2022-11-08T07:24:22Z,Wearable,Organic Search,21,16,False,False
5baf1b5f-0eb7-40cb-81ac-7a85db792664,308,2019-11-06T12:34:13Z,2019-11-06T12:34:51Z,Desktop,Social Media,4,1,False,False
9f4dcbbf-e780-4d24-874d-cade4b63ec0f,417,2022-12-21T21:05:09Z,2022-12-21T21:05:50Z,Mobile,Paid Search,5,4,False,True
5c6cfdc1-5efa-48c5-8f02-1020b4da4d73,89,2024-06-09T17:04:05Z,2024-06-09T17:16:40Z,Mobile,Direct,30,24,False,True
b5508ab2-345c-4ab4-a626-5a7f89daf815,262,2025-02-07T16:11:09Z,2025-02-07T16:18:43Z,Tablet,Direct,5,4,False,True
ee8d86f2-846d-46e7-af1b-7fe6c78bbf46,471,2025-09-01T18:30:23Z,2025-09-01T18:30:54Z,Mobile,Paid Search,5,1,False,False
5b8f6473-8fd8-4938-85ec-499089ae1fa7,251,2019-11-23T17:55:03Z,2019-11-23T18:03:00Z,Mobile,Display Ads,13,10,False,True
c4058156-b85f-4afb-ae15-4c129148d47d,224,2024-02-15T06:09:14Z,2024-02-15T06:20:21Z,Desktop,Referral,27,7,False,False
c043fee4-2899-4b93-8e00-b0ea7f27714c,413,2019-06-15T21:42:24Z,2019-06-15T21:42:59Z,Desktop,Email,3,2,False,False
31c2ab7a-90f3-4e2a-9ff2-9d9a84c1f626,40,2023-01-19T02:27:23Z,2023-01-19T02:40:17Z,Mobile,Paid Search,11,9,False,False
f5d3cb2a-f792-43fd-bbdf-b86565cf0564,141,2023-06-03T17:28:33Z,2023-06-03T17:36:12Z,Desktop,Organic Search,11,2,False,False
205a3f81-2ac0-4160-b610-e6cc6e875266,401,2025-05-22T20:30:59Z,2025-05-22T20:38:59Z,Mobile,Social Media,15,8,False,False
cbda8131-12ca-4762-9bbc-96e5bb408257,113,2024-10-05T05:00:18Z,2024-10-05T05:01:02Z,Tablet,Referral,5,2,False,True
5dad743f-0690-454e-8790-00d8f8126f40,486,2017-08-14T19:03:39Z,2017-08-14T19:32:46Z,Desktop,Organic Search,14,0,False,False
c66aabef-cd79-4dd1-bd9b-ae7acff60eec,309,2022-08-25T20:32:14Z,2022-08-25T20:32:44Z,Mobile,Paid Search,5,1,False,False
3f127a47-70a7-4391-8b16-e285d868411a,351,2025-10-06T02:56:05Z,2025-10-06T03:02:50Z,Wearable,Organic Search,15,13,False,True
02aea219-a7d7-416c-8d7e-d0780a267fe3,394,2024-08-10T18:46:18Z,2024-08-10T19:01:01Z,Desktop,Paid Search,17,0,False,False
7bc00857-9a74-480c-9615-7714cff71de1,153,2022-10-02T06:05:59Z,2022-10-02T06:27:13Z,Desktop,Organic Search,17,14,False,False
362f7d08-3699-4a3a-83ef-57d1affc84d1,206,2019-11-17T06:20:28Z,2019-11-17T06:20:44Z,Mobile,Organic Search,4,3,False,False
093a8536-1357-4bb5-a9bb-72e33b066709,270,2023-08-02T21:22:04Z,2023-08-02T21:22:15Z,Mobile,Organic Search,4,2,False,False
6564a3a3-0053-474c-84be-0fe87a276528,481,2022-09-23T14:53:01Z,2022-09-23T14:56:49Z,Mobile,Email,3,2,False,False
75d8b21c-7dd7-4445-87a1-61612c9ff33a,360,2022-03-11T03:56:54Z,2022-03-11T03:57:53Z,Desktop,Paid Search,2,0,False,False
c39bb7cd-c107-4075-8530-896a6d233ae5,203,2025-05-26T01:37:36Z,2025-05-26T01:56:31Z,Mobile,Referral,21,6,False,True
ae529fcb-7c8d-4eb5-b4bc-b078bc339244,417,2020-10-02T09:38:18Z,2020-10-02T09:47:04Z,Desktop,Social Media,12,10,False,True
8af19a7d-9272-4c3e-80bc-ecc257a93351,142,2025-02-23T04:25:46Z,2025-02-23T04:36:49Z,Mobile,Paid Search,8,2,True,False
5b83c3c8-4737-440a-b3a6-aa0980a7a232,282,2025-10-21T05:32:49Z,2025-10-21T06:23:53Z,Mobile,Paid Search,25,7,False,False
6c70d2f6-1213-425e-8b7e-f382418dc3aa,224,2024-12-11T10:28:35Z,2024-12-11T10:29:43Z,Desktop,Paid Search,2,1,False,False
a2f14bfe-320c-4e2c-b644-519d17b77988,393,2025-12-11T18:59:30Z,2025-12-11T19:13:58Z,Mobile,Organic Search,19,4,False,False
165a032d-5b1a-400c-9d18-13cf43cc9b9d,295,2022-02-28T13:45:18Z,2022-02-28T13:54:09Z,Tablet,Social Media,3,1,False,True
48224e22-5a64-409d-8925-c572298e7c1b,494,2024-06-16T07:29:01Z,2024-06-16T07:29:40Z,Mobile,Referral,4,3,False,False
fe784200-95c1-46eb-938c-232e21d11734,294,2025-11-03T21:02:37Z,2025-11-03T21:11:27Z,Mobile,Social Media,6,4,False,False
26ddec5c-63e5-4188-9784-33aff30b4bae,206,2024-10-03T13:44:46Z,2024-10-03T13:50:57Z,Desktop,Direct,10,7,True,False
08b6c3dd-979d-430c-9032-2f34c8ccc459,216,2020-12-31T19:18:02Z,2020-12-31T20:11:22Z,Mobile,Organic Search,35,9,False,False
555974e5-c627-40ce-892e-55cd1a351386,221,2022-07-25T10:47:15Z,2022-07-25T10:54:30Z,Tablet,Social Media,15,5,False,False
e4fef942-d7b2-4af2-89ee-495e2137763d,296,2025-07-08T20:48:05Z,2025-07-08T20:48:51Z,Desktop,Email,2,0,False,False
038bbfa2-5bc4-4887-8fbb-bd5f0479866a,486,2023-04-12T08:42:53Z,2023-04-12T09:38:06Z,Mobile,Paid Search,46,40,False,False
3a996474-805b-4a77-bda2-ec1072bfa7a2,21,2022-06-09T17:36:37Z,2022-06-09T17:36:47Z,Desktop,Direct,1,1,False,False
4c682492-d310-4ba5-aea5-938970f013c2,334,2021-01-14T12:11:44Z,2021-01-14T12:12:40Z,Mobile,Social Media,3,1,False,False
9378777d-3ce1-48f0-b601-5a683297d834,119,2020-12-02T06:39:00Z,2020-12-02T06:42:38Z,Mobile,Organic Search,10,6,False,True
1ef7e982-eaf1-449b-8125-7b1e1d50fe2a,469,2025-02-15T02:37:34Z,2025-02-15T02:37:39Z,Mobile,Paid Search,5,1,False,False
561038f7-460f-4fe5-a311-6372233553b6,112,2025-06-27T13:59:58Z,2025-06-27T14:39:40Z,Mobile,Organic Search,17,7,False,False
f4de89a7-da92-4136-a41a-1e9c4659f900,354,2023-10-15T01:56:02Z,2023-10-15T01:58:19Z,Tablet,Social Media,11,9,False,False
11ee470c-621f-4b6b-bd00-5c497b27f273,112,2025-07-18T13:49:27Z,2025-07-18T13:50:12Z,Desktop,Organic Search,5,0,False,False
e5e8a302-30c4-4365-b8d7-5b130d44e4d2,414,2023-09-13T04:44:00Z,2023-09-13T05:03:58Z,Mobile,Direct,13,9,True,False
b90e8b0b-aaaf-4d07-8abd-0e83ef5ea008,351,2023-01-11T03:54:06Z,2023-01-11T04:00:28Z,Desktop,Paid Search,9,0,False,False
69ac9772-3c8a-48b0-b228-5b7cbc3fc942,52,2022-12-10T03:45:36Z,2022-12-10T03:49:15Z,Mobile,Organic Search,7,3,False,False
c028f76c-2b3d-4ce3-a31b-39f6f6204f56,473,2025-11-25T05:44:28Z,2025-11-25T05:56:56Z,Mobile,Display Ads,28,24,False,False
70619d62-d145-4ef5-b680-ebf664fd1b1b,294,2024-02-04T07:39:59Z,2024-02-04T08:07:52Z,Desktop,Organic Search,28,24,False,False
366b5e42-d551-4f1d-aa5a-a90046046215,75,2021-07-23T06:13:25Z,2021-07-23T06:53:31Z,Desktop,Direct,28,16,False,False
aa852420-211d-41b3-a890-6394745d5270,387,2025-11-17T15:27:36Z,2025-11-17T15:28:32Z,Mobile,Social Media,3,0,True,False
cb11b63d-5815-4fe7-ab52-66dd3e1af551,185,2025-06-06T17:18:16Z,2025-06-06T17:22:27Z,Desktop,Email,12,5,False,False
66be5749-1cba-49b5-882f-a3094363efea,272,2024-01-21T19:32:44Z,2024-01-21T19:33:27Z,Desktop,Direct,4,3,False,False
178e10a9-b583-4071-96c0-d68a434e3221,397,2024-04-27T16:47:30Z,2024-04-27T16:47:55Z,Desktop,Social Media,5,2,False,False
26e7fe7c-9936-4bee-a61a-95330b9b0f21,348,2024-11-21T08:33:51Z,2024-11-21T08:57:30Z,Mobile,Direct,6,3,False,True
ea98eb5e-d351-4d53-94eb-15f5749cb4cb,438,2019-12-13T22:17:53Z,2019-12-14T00:09:48Z,Desktop,Organic Search,44,0,False,False
066f5d93-20bd-49ea-80be-abf0b8b7e58e,301,2024-12-10T15:17:17Z,2024-12-10T15:31:03Z,Desktop,Organic Search,29,12,False,True
5c05c363-1098-4b0a-896e-a1a6234003df,324,2024-02-14T05:50:39Z,2024-02-14T06:11:17Z,Wearable,Paid Search,20,2,False,False
391c04f4-cff6-4012-9b2d-b56df2dc2a40,97,2025-11-21T13:53:31Z,2025-11-21T13:54:20Z,Desktop,Organic Search,3,0,False,False
a81e5729-11d5-4ad1-abcf-fb8f32b88b22,43,2024-03-03T17:16:13Z,2024-03-03T17:16:28Z,Wearable,Organic Search,5,3,False,False
ba25cc70-404c-43d9-9af3-c6853c3df06f,14,2022-07-30T14:49:23Z,2022-07-30T14:52:01Z,Mobile,Organic Search,14,4,False,False
7d68c670-f328-41c7-90ea-9e4087d75c5d,26,2025-08-02T10:23:51Z,2025-08-02T10:35:50Z,Mobile,Social Media,13,1,False,True
919ebde9-0168-496a-98d9-143910305e0e,264,2023-10-10T21:07:00Z,2023-10-10T21:58:23Z,Desktop,Direct,54,49,False,False
e61542d9-e425-4287-8c58-10ff5a968b95,283,2023-05-04T23:27:43Z,2023-05-04T23:29:04Z,Tablet,Organic Search,4,2,False,False
2785e551-99d1-4b38-b85f-ef1165dbf6a5,434,2025-01-22T18:31:36Z,2025-01-22T18:43:16Z,Mobile,Social Media,17,10,False,False
415fa350-fe5e-4bed-8dde-9f095b4fab77,165,2025-11-18T20:09:45Z,2025-11-18T20:26:26Z,Mobile,Organic Search,6,0,True,False
faba40b2-e543-499d-bf9e-9a4388192343,234,2024-06-17T07:21:36Z,2024-06-17T08:06:14Z,Tablet,Organic Search,77,8,False,True
4734bdaf-551f-4344-b938-037251535257,28,2021-02-03T11:44:05Z,2021-02-03T11:45:01Z,Smart TV,Referral,2,0,False,False
3594d109-7bb6-4dfd-967b-19e40775498e,281,2025-01-22T05:23:19Z,2025-01-22T05:43:42Z,Mobile,Social Media,27,7,True,False
d790ab84-dd80-411b-920a-e6d199a56a52,50,2023-08-14T06:19:48Z,2023-08-14T07:10:03Z,Mobile,Social Media,94,29,False,False
514dbfed-ee1f-482b-b906-15c04cdfc1f8,68,2025-03-09T05:12:12Z,2025-03-09T05:16:38Z,Tablet,Organic Search,15,0,False,False
1b63fc6b-3393-4bdb-97a5-5d096bafc309,338,2022-05-06T22:42:12Z,2022-05-06T23:04:05Z,Mobile,Paid Search,14,6,False,False
a72671de-9e5d-4ea0-984e-eca9e6e5c01a,99,2024-10-02T12:59:39Z,2024-10-02T13:07:07Z,Desktop,Direct,10,3,False,False
4a0ed339-89cc-47bc-8ad2-2a83b85d075f,328,2025-12-19T16:37:13Z,2025-12-19T17:36:38Z,Mobile,Direct,43,1,False,False
6f68415f-13f5-4dc4-9756-463a747a5c58,422,2023-12-31T08:46:33Z,2023-12-31T10:13:12Z,Desktop,Direct,38,9,False,False
b98104d9-b32b-49bd-9b42-fead458bac48,81,2021-05-04T06:23:34Z,2021-05-04T06:23:44Z,Mobile,Social Media,3,0,False,False
c15a9ce3-56ef-4c89-82ec-1ff147689004,206,2021-02-05T15:37:53Z,2021-02-05T15:52:05Z,Mobile,Social Media,7,2,False,False
b86d493c-dae5-4602-8cb2-5bc3ba184c46,346,2025-09-10T18:03:03Z,2025-09-10T18:05:02Z,Mobile,Direct,3,1,False,True
0da586b2-cf63-4e78-8378-0ecd6f48b0e3,277,2019-11-05T03:18:54Z,2019-11-05T03:30:24Z,Desktop,Referral,9,4,False,False
7f458f58-8aac-4225-9319-efe9800393f0,203,2021-10-28T11:58:02Z,2021-10-28T12:03:59Z,Mobile,Paid Search,5,4,False,True
3c3cca3a-d619-492d-971e-b81431da3021,274,2025-09-30T08:25:58Z,2025-09-30T08:52:43Z,Desktop,Paid Search,27,18,True,False
7473fa46-ac78-4f53-8bdb-50060defeb52,74,2025-12-09T22:48:25Z,2025-12-09T22:49:25Z,Smart TV,Social Media,5,3,False,True
75476b65-dbea-469d-9c5e-ad5929b90a79,326,2022-05-10T06:23:10Z,2022-05-10T07:10:05Z,Mobile,Organic Search,48,25,False,False
dcc27ee4-38d1-4539-a462-61ee2a80ca5d,217,2022-02-04T03:54:13Z,2022-02-04T04:03:05Z,Mobile,Direct,11,4,False,False
cb810fe1-ff7d-40f9-abfc-2a22a4fc1d7a,4,2025-09-27T01:01:11Z,2025-09-27T01:33:55Z,Desktop,Referral,36,19,False,False
5e22fa7f-1c32-492d-bcaa-27aea3e0223f,286,2021-11-12T20:26:13Z,2021-11-12T20:35:40Z,Desktop,Paid Search,5,1,False,False
3e521699-151e-44ca-91e8-dfc2fe0f6204,203,2025-11-28T08:48:40Z,2025-11-28T09:20:37Z,Mobile,Paid Search,29,13,True,False
19589bc5-049d-448d-83da-02f71bf0699c,18,2025-08-22T18:16:23Z,2025-08-22T18:21:10Z,Desktop,Email,12,8,False,True
85a6f756-c099-454c-98e8-70df185c3454,148,2022-08-26T06:32:14Z,2022-08-26T06:32:48Z,Desktop,Paid Search,2,1,False,False
097a3bb6-4b2a-47d9-a436-cbc375eca671,439,2022-09-14T05:11:22Z,2022-09-14T05:16:59Z,Desktop,Organic Search,6,0,False,False
1675b766-58cb-4e27-afa2-d3a6367f6851,297,2019-09-24T14:47:53Z,2019-09-24T14:48:37Z,Desktop,Direct,3,1,False,False
9ca5a9e4-9e51-4049-9303-f2fc4e16451d,292,2024-07-28T23:29:57Z,2024-07-29T00:01:11Z,Desktop,Paid Search,10,8,True,False
f71979e0-70b6-47e8-b849-be4ac8802c2d,8,2015-03-09T12:54:36Z,2015-03-09T12:54:53Z,Desktop,Display Ads,3,0,False,False
f7cf5ccb-9691-4696-875d-1d87f4f29243,238,2020-12-26T08:58:12Z,2020-12-26T08:59:05Z,Mobile,Organic Search,5,3,False,False
03b27be4-b963-4773-a952-7f9b6173bc68,141,2022-04-24T19:23:06Z,2022-04-24T19:23:48Z,Wearable,Paid Search,3,1,False,False
2f75e087-faca-44dd-b42d-5c6712574772,451,2019-04-06T07:35:57Z,2019-04-06T07:36:36Z,Desktop,Social Media,5,1,False,False
ffec9b8c-a5e9-4fd8-9263-622cf00d40dd,323,2022-01-14T05:16:25Z,2022-01-14T05:16:39Z,Desktop,Referral,4,3,False,True
85e0e70b-bcd1-4114-a150-bfa3b12a6835,138,2025-08-18T04:46:24Z,2025-08-18T04:57:47Z,Mobile,Organic Search,16,10,False,False
1a16097e-d344-4480-9114-75347769fdd9,11,2025-05-07T01:49:13Z,2025-05-07T01:54:51Z,Desktop,Direct,12,4,True,False
b15c16b9-0f72-45c8-99b6-00670a0f3565,99,2025-06-08T03:29:08Z,2025-06-08T03:41:46Z,Desktop,Paid Search,22,2,False,False
8568fa72-c485-487c-b7ef-b5600f0e921f,328,2021-10-28T20:52:20Z,2021-10-28T21:27:52Z,Desktop,Social Media,12,9,False,False
7a73a606-17f7-43b8-8ac8-2919c3632b41,388,2023-12-16T03:47:08Z,2023-12-16T03:48:29Z,Tablet,Direct,5,0,False,False
094508ff-d7cf-4f60-b0ed-d95f9c708311,459,2025-11-16T00:44:32Z,2025-11-16T00:57:14Z,Mobile,Organic Search,27,24,False,False
4e15c1c6-4e6d-4adc-abec-724f9a7cc81a,223,2025-03-29T23:26:36Z,2025-03-29T23:27:02Z,Desktop,Organic Search,4,1,False,False
1665c8cd-a6f2-49f8-9389-29dbcded888e,356,2022-01-04T06:24:35Z,2022-01-04T06:35:20Z,Desktop,Direct,13,12,False,False
a6eea685-41c7-46b3-9759-d108c41ab10d,361,2025-11-10T11:49:30Z,2025-11-10T11:58:46Z,Mobile,Organic Search,13,8,False,False
5144c411-2381-4688-8f88-81ed1fc0b951,456,2025-11-24T01:50:35Z,2025-11-24T01:58:42Z,Mobile,Social Media,13,1,False,False
1deb45b4-85d6-4193-bf81-e7efac32c4df,356,2022-08-31T11:27:37Z,2022-08-31T11:38:14Z,Desktop,Organic Search,22,20,False,False
5625abab-70e0-4b1d-9a2f-e00c01a9c2ca,181,2023-07-20T18:14:11Z,2023-07-20T18:20:50Z,Desktop,Referral,14,6,False,False
9109ed70-4994-4f4e-9500-3c2a3077fce4,89,2024-07-31T19:31:28Z,2024-07-31T22:40:37Z,Mobile,Organic Search,55,16,False,False
53a8b030-0399-46c7-b8e2-e8f5403311d6,150,2023-11-12T12:29:48Z,2023-11-12T12:30:09Z,Tablet,Organic Search,4,2,True,False
325fbc62-b743-4d48-91d1-2a94ee37e2a2,22,2025-12-09T09:42:37Z,2025-12-09T09:44:44Z,Desktop,Direct,13,7,False,False
c68d6ad4-08ed-4864-8d10-a74adad25076,296,2023-06-11T15:41:35Z,2023-06-11T15:44:20Z,Desktop,Referral,4,3,False,False
09f45fe0-1abb-4406-83c5-cd2ee413c600,273,2018-06-17T08:22:44Z,2018-06-17T08:35:37Z,Desktop,Direct,13,8,False,True
cd90681a-9f72-44fa-82d3-af782162ffa4,230,2023-05-28T06:40:08Z,2023-05-28T06:54:16Z,Mobile,Display Ads,25,9,False,False
bc6edf61-a1a6-4ef5-a3e0-d9c58e709069,219,2022-03-27T03:54:31Z,2022-03-27T03:55:09Z,Desktop,Paid Search,2,1,False,False
5fd8522c-5abf-481e-83a6-6bb7254a5f7c,87,2023-05-12T22:28:28Z,2023-05-12T22:30:05Z,Desktop,Paid Search,3,1,True,False
fd973efe-d6dd-4d26-9c2a-2fb007210f65,481,2023-06-15T00:46:32Z,2023-06-15T00:53:16Z,Desktop,Display Ads,12,5,False,False
861b78ef-fd44-4940-8f28-9badf4460411,218,2025-04-12T16:08:41Z,2025-04-12T16:13:48Z,Desktop,Direct,6,2,False,False
4f19d58a-7c94-45cb-8e80-96521aab3cb6,405,2024-08-14T09:41:04Z,2024-08-14T10:09:50Z,Mobile,Direct,28,5,False,False
37becc91-3738-4d09-9728-f398b62a21a5,486,2018-09-22T15:20:44Z,2018-09-22T15:26:20Z,Desktop,Referral,5,4,False,True
3d7d7b84-0a78-44bc-87f6-c499a0e3630a,82,2021-11-21T03:08:23Z,2021-11-21T03:09:57Z,Mobile,Organic Search,5,3,False,False
9d940d1b-ddf2-4f96-beaf-e344aea394f1,147,2024-11-17T03:44:49Z,2024-11-17T06:27:18Z,Wearable,Organic Search,45,4,False,False
27bc3061-bc93-49ee-9eae-29200ef69255,430,2024-07-14T22:26:24Z,2024-07-14T22:39:43Z,Tablet,Direct,16,3,False,False
1314017c-1f49-42f0-af14-aaa1ee3ee990,192,2022-08-18T07:43:53Z,2022-08-18T08:20:10Z,Desktop,Organic Search,56,15,False,False
add1452c-366d-4dd5-8cd5-0ee35486d751,135,2025-02-14T21:14:35Z,2025-02-14T21:45:46Z,Mobile,Email,49,1,True,False
c9a311e6-30b7-42fa-a2b3-60f67d6e5e31,191,2021-09-01T16:40:46Z,2021-09-01T16:42:22Z,Desktop,Direct,3,1,False,False
4fa3edfa-81ca-4263-bbc5-9dfe32949f7f,194,2025-07-04T08:45:26Z,2025-07-04T09:38:25Z,Mobile,Social Media,48,33,False,False
539a6d6b-c16e-4179-8573-c0a056dae116,464,2020-12-15T01:25:22Z,2020-12-15T01:54:36Z,Tablet,Email,24,23,False,False
ec0ebd5d-abc7-49d8-a5ba-6ac7d4ec8881,303,2025-07-10T00:20:58Z,2025-07-10T00:21:26Z,Mobile,Direct,5,2,False,False
47af4126-5c55-4af1-adcc-dcba46e33cea,169,2023-02-27T08:30:13Z,2023-02-27T08:44:41Z,Desktop,Organic Search,10,0,False,False
5b2aa318-32df-4e96-a594-030e0fad3e20,209,2019-04-17T00:31:51Z,2019-04-17T00:31:58Z,Tablet,Social Media,3,1,False,False
e41aa709-2728-4736-9332-d25ee5a80fa8,449,2020-10-05T23:53:15Z,2020-10-05T23:54:13Z,Mobile,Organic Search,3,0,False,False
06ef4f6d-ba78-410f-8217-f6ee5017fafa,2,2024-09-21T07:29:22Z,2024-09-21T07:32:41Z,Mobile,Social Media,6,0,False,False
229480dd-74ac-46fe-b642-9454eaef40ed,9,2024-12-13T16:51:55Z,2024-12-13T17:03:13Z,Mobile,Direct,12,5,True,False
a57dcc28-1514-4853-baf9-5ce15b0e1d88,176,2021-01-29T00:05:52Z,2021-01-29T01:37:41Z,Desktop,Paid Search,99,33,False,False
c542385b-d3b9-4373-ad16-1b250aa56400,30,2025-12-23T23:10:56Z,2025-12-23T23:18:07Z,Mobile,Email,6,0,False,False
15a089c4-3c8a-4cfe-8d0a-61cfe377ad21,205,2020-11-26T19:09:29Z,2020-11-26T19:09:46Z,Tablet,Display Ads,3,1,False,False
840b6b85-d496-4563-b6ae-263283d64e2f,99,2023-08-25T17:00:01Z,2023-08-25T17:10:19Z,Desktop,Email,28,23,False,False
ee1d045f-5302-47a3-96f1-803c928ff615,147,2025-01-26T09:11:18Z,2025-01-26T09:11:33Z,Smart TV,Organic Search,1,0,False,False
f07a8579-481f-4ef2-9b0b-94079b01b30a,94,2020-12-22T13:24:20Z,2020-12-22T16:09:24Z,Mobile,Organic Search,100,18,False,False
f6a8ff8b-28f8-4702-869d-9b0640b57654,146,2025-09-29T20:32:41Z,2025-09-29T20:36:25Z,Mobile,Organic Search,10,0,False,False
fdcfcd6a-e6eb-41af-8158-7aeef19ac441,480,2022-12-18T14:08:42Z,2022-12-18T15:05:35Z,Desktop,Referral,55,12,False,False
d8b35665-0dbe-4ad0-b42d-4347c909d779,378,2023-12-06T03:31:44Z,2023-12-06T04:11:39Z,Desktop,Email,41,2,False,False
73a11256-4f20-481b-a118-0d8acfbe3680,190,2023-06-24T17:07:19Z,2023-06-24T17:11:28Z,Mobile,Organic Search,14,10,False,True
439f1c17-af76-4e81-810c-b2d8be9f5fbb,464,2017-11-12T20:29:29Z,2017-11-12T21:18:49Z,Tablet,Direct,90,48,False,False
ddffa6da-968d-4653-a8a7-d23026cee981,287,2024-05-09T20:02:11Z,2024-05-09T20:09:22Z,Mobile,Direct,13,2,False,False
1d76e3b5-5de4-418b-8776-8675a5836501,175,2019-12-23T19:48:13Z,2019-12-23T20:46:34Z,Desktop,Social Media,95,3,False,False
4beae7f3-7aa9-44fa-ac21-c199464e9965,95,2024-09-12T13:15:19Z,2024-09-12T13:23:16Z,Mobile,Social Media,12,4,False,False
fe64a558-83d3-47f9-b319-d317cc06a12f,253,2015-07-26T07:06:01Z,2015-07-26T07:32:39Z,Tablet,Direct,18,10,False,False
ba919b42-bd4e-4410-b0c2-338f64bd99ee,214,2023-10-15T07:49:01Z,2023-10-15T07:49:09Z,Desktop,Email,1,0,False,False
2780c1c5-4677-4f58-972c-2cca27ccb141,101,2025-05-08T16:33:12Z,2025-05-08T16:34:00Z,Tablet,Social Media,2,1,False,False
09b6e11b-decb-4b41-8ffb-8586f3b39572,87,2025-01-08T05:47:30Z,2025-01-08T06:21:19Z,Desktop,Social Media,38,24,False,True
5243b6cc-a0dd-4b27-93c9-b382002d7a85,20,2025-05-06T00:04:50Z,2025-05-06T00:07:11Z,Desktop,Direct,7,6,False,False
85aaf1a8-8cd3-4276-8bdf-ad8a7a0c8405,205,2024-12-11T08:04:34Z,2024-12-11T08:05:26Z,Desktop,Social Media,4,2,False,False
bce4cfdc-4d4b-470b-a1dd-b71e62d7590f,90,2024-12-12T05:40:51Z,2024-12-12T06:15:52Z,Tablet,Display Ads,48,13,True,False
89249576-4eea-45e0-b86d-b584cf30670e,40,2017-09-13T18:30:14Z,2017-09-13T18:59:21Z,Mobile,Paid Search,7,2,False,False
77a5c143-21a0-4831-9c36-0b8b54a8a00a,203,2023-05-06T08:55:55Z,2023-05-06T09:10:44Z,Mobile,Organic Search,12,5,False,False
746dac62-6568-4661-90c0-2b4ae459b2a9,64,2018-09-26T23:25:12Z,2018-09-26T23:27:04Z,Desktop,Direct,2,0,False,False
7e65dbfc-362b-48e9-bd53-c342e72f73fd,43,2025-09-10T23:29:13Z,2025-09-11T00:16:21Z,Tablet,Organic Search,34,16,True,False
ca8fcca9-7abf-444b-82ed-462158fb002e,331,2018-04-07T20:45:06Z,2018-04-07T20:45:31Z,Mobile,Email,1,1,False,False
b0cdc3d2-a0d2-402c-9df0-d99c4ba4669f,78,2018-03-07T10:30:15Z,2018-03-07T11:22:30Z,Desktop,Direct,48,1,False,False
fdd07b33-6768-487c-a48a-d66bcfcf45ec,354,2023-07-13T23:28:57Z,2023-07-14T00:11:46Z,Mobile,Organic Search,83,15,False,False
b47dfcd5-145f-4091-af77-934bdfa6ba2f,409,2019-03-12T09:35:43Z,2019-03-12T09:45:20Z,Mobile,Email,14,1,False,False
49048590-cb4f-4a43-abb4-ff692db9b46e,273,2023-05-31T14:23:04Z,2023-05-31T14:34:09Z,Tablet,Social Media,13,10,False,False
d5632227-3ae2-460d-8599-cd6a73db9208,213,2023-11-06T02:11:19Z,2023-11-06T02:21:24Z,Smart TV,Social Media,13,8,False,True
a9cd2631-23ac-4bd5-9297-b74bc23fb26e,297,2020-10-01T01:27:30Z,2020-10-01T01:27:52Z,Mobile,Paid Search,3,2,False,False
1c6c068d-fa22-45b2-a1d4-9d87d33825e0,258,2018-12-09T21:46:52Z,2018-12-09T21:47:00Z,Desktop,Direct,3,0,False,False
c6dde931-cd1e-47ea-b4c5-cecd8ae07bf4,238,2023-10-28T12:07:13Z,2023-10-28T12:07:33Z,Desktop,Direct,1,0,False,False
a1302df2-fc3c-4ec6-8fee-f1ac6762ab53,309,2023-01-14T14:17:00Z,2023-01-14T14:17:46Z,Tablet,Organic Search,5,4,False,True
5be7d2eb-612c-4396-b486-c7f3a7bec731,1,2025-02-22T11:22:48Z,2025-02-22T11:50:07Z,Desktop,Display Ads,20,6,False,True
abcd03f3-7c08-4d9e-a67f-9508c126fc82,471,2025-07-02T19:41:40Z,2025-07-02T19:53:43Z,Wearable,Paid Search,25,15,False,False
c9d838aa-5fab-4ebf-9925-1aa6816fbe91,12,2022-07-23T16:45:41Z,2022-07-23T16:46:39Z,Smart TV,Social Media,3,1,False,False
bd8a6ed3-0b34-4108-b4f8-77d870c4ffa2,194,2025-01-22T01:00:44Z,2025-01-22T01:01:25Z,Desktop,Email,5,0,False,False
b9434f9e-396f-432d-b712-f06084df6f51,366,2020-01-16T23:06:18Z,2020-01-17T02:52:52Z,Smart TV,Paid Search,90,32,False,False
c91676c5-de37-49f4-a152-d3b982cf8dd1,217,2020-12-24T15:06:22Z,2020-12-24T15:06:35Z,Tablet,Paid Search,2,0,False,False
eeeb5152-af72-4d93-8950-d0d2b853035b,175,2022-09-05T22:49:32Z,2022-09-05T23:23:35Z,Mobile,Paid Search,16,10,False,False
ea9504e0-fbef-4bcf-a12f-80bb6477e5aa,325,2023-07-29T20:33:51Z,2023-07-29T20:34:31Z,Mobile,Referral,5,3,False,False
f3d35be2-37f3-4878-a61b-0f63684c3a03,247,2025-11-17T08:51:02Z,2025-11-17T09:28:13Z,Smart TV,Organic Search,73,18,False,False
b43d3827-183f-40b7-a826-3034d6975e17,272,2023-10-17T23:52:19Z,2023-10-18T00:06:19Z,Tablet,Organic Search,5,0,True,False
8fed8910-c59f-4a48-b796-0533106b7451,450,2021-12-02T13:48:55Z,2021-12-02T14:31:33Z,Mobile,Social Media,54,31,False,False
da349b20-e7cd-415b-a241-f6e1f1addb8b,470,2025-10-18T16:41:20Z,2025-10-18T16:41:50Z,Mobile,Email,3,2,False,False
1d74c8c2-ef64-4b6c-8655-4b2043f446ee,228,2024-10-14T06:25:33Z,2024-10-14T06:26:07Z,Desktop,Organic Search,4,2,False,False
ea4c86cf-43a8-497b-a40a-da7e5a52e6f0,382,2022-06-22T14:41:05Z,2022-06-22T14:41:51Z,Mobile,Paid Search,3,0,False,False
1cf5f86a-138c-43e8-8cde-f2c547084027,283,2024-11-14T21:36:36Z,2024-11-14T22:34:15Z,Desktop,Organic Search,45,22,False,False
2c606397-f2fe-42d1-aa4b-e08c1e9fa294,94,2021-10-05T00:21:17Z,2021-10-05T00:23:43Z,Desktop,Organic Search,6,5,False,False
77c9c013-3ab4-47be-954d-879dd6a62afd,408,2025-12-24T22:00:00Z,2025-12-24T22:08:28Z,Mobile,Social Media,9,3,False,False
6e43c279-dea7-4fa9-9b9f-d4e10fbb3b6a,374,2023-01-13T15:54:54Z,2023-01-13T15:55:36Z,Mobile,Social Media,3,0,False,False
1e5c829a-d9f7-46dc-8584-3c2efe948d92,38,2023-08-18T18:11:20Z,2023-08-18T18:19:12Z,Desktop,Referral,4,0,False,False
d381925e-68fd-49bf-ab7d-25b0aded833f,265,2023-03-23T20:00:17Z,2023-03-23T20:00:41Z,Mobile,Email,1,0,False,False
e96fc5ae-15c0-42f0-9de0-26d29fb75cd0,132,2023-04-18T07:01:23Z,2023-04-18T07:07:30Z,Desktop,Organic Search,12,8,False,False
2615dd5c-6dde-47a1-a755-6054c09edc1c,198,2023-03-23T12:01:45Z,2023-03-23T12:07:08Z,Mobile,Paid Search,12,11,False,False
4481ed92-6e7c-4576-b27b-ae61126dd6a4,360,2022-11-11T03:29:24Z,2022-11-11T03:45:54Z,Desktop,Social Media,30,9,False,False
991fc818-3bc6-4025-a39c-05d759c46c77,41,2023-09-08T17:01:58Z,2023-09-08T17:32:23Z,Tablet,Referral,30,2,False,False
19bde474-b492-4d1a-a1bd-029d77ed7233,143,2018-09-20T16:21:00Z,2018-09-20T17:14:14Z,Desktop,Social Media,54,1,False,False
9154e790-c4a4-46c6-b5dd-104b7a99d98d,449,2018-11-16T03:35:34Z,2018-11-16T03:48:03Z,Mobile,Direct,18,14,False,False
b66a121f-d1b6-496a-9c17-9414477beb52,411,2023-12-20T23:05:04Z,2023-12-20T23:16:56Z,Desktop,Direct,17,14,False,False
d5bc95ff-761f-4f4b-9bb2-44583dbf6f2b,96,2019-10-02T23:10:31Z,2019-10-03T00:35:57Z,Tablet,Organic Search,65,26,False,False
01f94ca1-7014-4907-ad23-3abbebf4f2ad,342,2018-04-07T21:39:27Z,2018-04-07T21:48:01Z,Desktop,Direct,10,3,True,False
c8a7f41a-5b6b-4df3-932f-8066e8d820c1,43,2023-05-15T22:18:51Z,2023-05-15T22:19:20Z,Mobile,Organic Search,4,3,False,False
3a52e1de-1f5c-40e8-ada7-3d0d2753f22e,440,2018-11-12T15:42:52Z,2018-11-12T15:53:22Z,Desktop,Paid Search,12,4,False,False
287cf0d6-516d-4e19-ac64-be8d0663fef5,181,2019-10-17T12:56:06Z,2019-10-17T12:57:12Z,Desktop,Direct,4,3,False,True
cdeaac4b-c272-44c8-a494-a91bab5eba2b,251,2021-06-22T01:15:04Z,2021-06-22T01:20:21Z,Mobile,Organic Search,12,10,False,False
907de3ea-0ff7-42ac-b8c2-46392a13f265,189,2024-02-15T07:24:41Z,2024-02-15T07:36:24Z,Smart TV,Direct,6,2,False,False
5f04f770-3d6d-45c7-ba6b-1740860d6f86,265,2024-03-14T03:40:13Z,2024-03-14T03:54:18Z,Desktop,Organic Search,25,14,False,False
719cf709-62af-4657-b43a-586e859cd033,34,2020-09-26T17:24:24Z,2020-09-26T17:37:44Z,Mobile,Social Media,27,16,False,False
5a6cb302-5868-4212-a221-b6a6ee027cbf,14,2020-09-22T04:53:13Z,2020-09-22T05:06:27Z,Mobile,Paid Search,13,0,False,False
1b4c0bbc-375d-4097-a0f3-a0f977151b8a,158,2024-04-20T04:12:50Z,2024-04-20T04:26:11Z,Tablet,Direct,24,1,False,False
d0f1d837-6edd-4619-b426-9b13b9891981,498,2023-08-20T14:53:59Z,2023-08-20T15:08:43Z,Desktop,Paid Search,20,17,True,False
d9d1dad0-2ec1-4ecc-8837-2397b2b761df,391,2025-10-14T17:04:10Z,2025-10-14T17:06:37Z,Mobile,Direct,7,0,False,False
3f7016e4-3dca-4014-82dd-a6140f5bb93c,299,2025-12-08T05:37:01Z,2025-12-08T05:51:14Z,Desktop,Paid Search,17,16,False,False
4ee1ac7a-efa7-4dd0-b1b9-3305e551d4eb,467,2022-06-04T22:27:04Z,2022-06-04T22:27:17Z,Mobile,Social Media,1,0,False,False
57b6d600-ec5a-4525-b4c8-8f61a4519b26,341,2025-07-08T00:10:22Z,2025-07-08T00:18:03Z,Tablet,Direct,12,5,False,True
81619713-a6f7-4ec1-8426-0eb38ef60a89,363,2022-01-14T10:35:46Z,2022-01-14T10:37:42Z,Wearable,Direct,2,0,False,False
81926395-d2a0-4382-841f-c1a468bf7c69,179,2025-04-20T20:56:26Z,2025-04-20T21:17:58Z,Smart TV,Email,10,2,False,False
c377ff10-04fa-4310-83f1-060a56bd1b03,233,2021-09-25T01:19:47Z,2021-09-25T02:04:27Z,Desktop,Display Ads,24,6,True,False
18c743c4-c668-4c65-ad0d-f9a7719ebd20,291,2021-09-27T14:35:41Z,2021-09-27T14:36:08Z,Mobile,Email,3,2,False,True
9e96b632-e994-4c2c-8d24-c5739a4363c9,236,2024-03-11T18:40:39Z,2024-03-11T18:53:03Z,Desktop,Direct,20,1,False,False
efab02f0-eacb-4094-8032-acd8b4a7309b,189,2024-11-30T14:52:02Z,2024-11-30T14:52:42Z,Mobile,Organic Search,3,1,False,False
ddf970cd-ccf7-4311-8c01-530b13931a16,464,2022-05-12T22:34:23Z,2022-05-12T22:39:18Z,Mobile,Organic Search,7,5,False,False
872593d9-254b-4493-98e0-ec982beb812b,346,2024-07-02T18:49:12Z,2024-07-02T19:34:48Z,Desktop,Direct,12,4,False,False
923a7449-7327-4d0e-a11a-3c231ba0de2a,323,2025-03-29T22:26:24Z,2025-03-29T22:27:22Z,Mobile,Organic Search,4,0,False,False
50929c04-36ee-4962-b504-0b094d11fa0f,32,2025-08-06T23:08:18Z,2025-08-06T23:11:35Z,Tablet,Organic Search,11,2,False,False
47181d6b-a361-4966-a0b5-0530c122fac9,56,2021-01-04T14:07:08Z,2021-01-04T16:47:29Z,Desktop,Social Media,65,35,False,True
2f714cd4-1567-4d4e-be56-884c72c7b83e,125,2024-06-11T00:54:31Z,2024-06-11T00:55:31Z,Wearable,Email,2,0,False,False
f0f26d21-1f31-4480-90af-ac084a8277db,486,2020-04-12T16:09:51Z,2020-04-12T16:15:19Z,Mobile,Direct,8,4,False,False
03f959aa-f209-405f-9fd5-a406ce1965da,401,2025-10-16T13:09:32Z,2025-10-16T16:52:22Z,Mobile,Direct,18,7,False,True
3067ed26-c171-4840-b8ae-88477fe22e55,367,2025-06-10T04:25:46Z,2025-06-10T05:05:55Z,Wearable,Social Media,60,1,False,False
fa704b30-06cc-443f-a889-c4aa873f4316,438,2022-11-13T05:08:11Z,2022-11-13T05:09:08Z,Tablet,Organic Search,3,2,False,False
11e9ce9c-9f95-449b-af4a-50c8d3222b15,475,2025-03-06T07:57:50Z,2025-03-06T07:58:32Z,Mobile,Paid Search,2,1,False,False
8e5a7ab5-303f-4f4a-adb1-f4c2d41334cb,393,2024-09-05T19:04:02Z,2024-09-05T19:14:37Z,Desktop,Display Ads,30,9,False,False
5647ad88-169f-4d92-8f04-006685b5495a,145,2024-08-19T02:34:28Z,2024-08-19T02:37:07Z,Desktop,Organic Search,3,1,False,False
b7b80a67-3b44-4e63-912e-b14443005d73,54,2019-04-08T18:29:07Z,2019-04-08T18:39:47Z,Mobile,Organic Search,23,2,False,False
98ed7050-dc01-4f25-a9cc-d8dc20c8f692,231,2025-12-16T17:29:37Z,2025-12-16T17:36:45Z,Mobile,Referral,11,6,False,False
a174a21f-9ac6-4c1f-b60c-bc195f109d93,318,2024-06-28T05:34:50Z,2024-06-28T05:35:45Z,Desktop,Social Media,4,3,False,True
372d72a9-940c-4941-bac2-f2a3f26e81ef,102,2024-02-02T04:50:11Z,2024-02-02T05:04:00Z,Mobile,Paid Search,22,13,False,False
740441ae-c645-4bbd-987e-977ab5d78fe4,363,2021-06-01T18:32:10Z,2021-06-01T18:42:34Z,Mobile,Organic Search,23,11,False,True
5eec6e6f-4e7a-4ec0-8211-922b0332e436,31,2019-10-03T09:10:34Z,2019-10-03T09:51:56Z,Mobile,Organic Search,55,19,False,True
5b1469c2-6d3d-4e22-8b8f-e9380c26457c,348,2025-03-23T00:01:36Z,2025-03-23T00:02:27Z,Desktop,Organic Search,3,2,False,True
403fb132-780d-49e9-9ed2-21bdbf24eef4,143,2020-10-04T04:06:57Z,2020-10-04T04:20:10Z,Desktop,Display Ads,6,0,False,False
53483e62-a44a-48e9-9fb9-6ca49645ed2c,346,2023-09-25T15:22:13Z,2023-09-25T15:25:03Z,Desktop,Organic Search,6,1,False,False
d7385d6b-5b3c-49ee-80c4-9c6cfd9e7e9f,493,2024-04-22T03:59:44Z,2024-04-22T03:59:56Z,Mobile,Display Ads,2,0,False,False
92c65de7-47a4-49e0-aabe-32f4850331c4,116,2025-10-08T20:50:40Z,2025-10-08T20:58:10Z,Mobile,Social Media,10,3,False,False
342abef1-36be-49a9-b4df-31fa66af71ed,265,2019-09-13T08:45:49Z,2019-09-13T08:53:31Z,Tablet,Direct,10,4,False,False
d6e84896-a4e3-4db8-b1c0-d201ab1784f6,269,2025-03-11T12:35:23Z,2025-03-11T12:42:13Z,Desktop,Social Media,7,1,False,True
86f6615c-3b50-43e9-b1be-3fa5fb7e0ad0,174,2025-10-13T10:05:19Z,2025-10-13T10:05:56Z,Desktop,Referral,2,1,False,False
7a13bf5b-8c37-4028-aefd-92b80b827006,480,2025-06-24T05:39:09Z,2025-06-24T05:59:53Z,Mobile,Organic Search,16,11,False,False
a9dd63e2-3ebe-447b-9dbd-379c1b6d61f0,74,2025-11-29T10:21:24Z,2025-11-29T10:21:48Z,Mobile,Social Media,1,0,False,False
d7bc6fb1-da74-4bb3-ae8b-b53b2700430a,13,2025-03-26T12:09:49Z,2025-03-26T12:36:34Z,Mobile,Direct,13,2,True,False
6dd3a1ad-77a6-406e-8245-6636e0b8432d,57,2024-12-31T01:32:26Z,2024-12-31T01:45:44Z,Mobile,Organic Search,7,1,True,False
cdeada98-2d50-45b6-aa0f-c8b925a33b06,443,2023-05-22T00:22:54Z,2023-05-22T00:23:40Z,Desktop,Direct,3,2,False,False
74b37fe2-4e29-43be-824a-37694e4af431,346,2023-09-23T01:04:51Z,2023-09-23T01:13:48Z,Mobile,Social Media,11,7,False,False
f5337c6b-ff3b-42ca-ab7d-3fb306d83b4e,42,2025-08-23T18:54:29Z,2025-08-23T19:39:08Z,Desktop,Paid Search,67,45,False,True
26bc0bf0-f089-42cf-9d66-be17920e1ef5,22,2025-12-10T17:42:22Z,2025-12-10T17:48:11Z,Desktop,Referral,5,1,True,False
a50e3515-719e-498a-b97a-057eb05059f0,386,2020-07-11T03:53:16Z,2020-07-11T04:03:59Z,Desktop,Direct,29,17,True,False
9c8a8d0a-6345-477c-8f87-078ea20370c8,213,2024-05-09T03:13:27Z,2024-05-09T03:56:39Z,Desktop,Organic Search,77,45,False,False
10a2a7ba-6861-4ad4-bb6a-488616e28f14,194,2025-03-27T09:38:22Z,2025-03-27T09:39:04Z,Mobile,Social Media,4,3,True,False
980055d1-fc45-4dbe-b8b5-671a2476f0ab,178,2025-12-09T22:35:57Z,2025-12-10T01:18:42Z,Desktop,Paid Search,69,41,False,False
47d32ba5-300e-490d-a797-702d6144d42e,352,2020-07-01T11:44:22Z,2020-07-01T11:46:29Z,Mobile,Social Media,7,0,False,False
cc4ccfe2-c68a-403f-8cbd-2fccdce6c44d,410,2025-04-06T21:20:44Z,2025-04-06T21:21:03Z,Mobile,Paid Search,1,0,False,False
a420032c-50ce-44d7-beec-7e5dd79b76dd,416,2025-08-04T22:22:33Z,2025-08-04T22:30:29Z,Mobile,Direct,13,3,False,False
3e24666f-6199-43ca-91d7-1cc26e43c8fd,230,2025-10-01T21:43:48Z,2025-10-01T22:30:23Z,Tablet,Display Ads,91,6,False,False
bd017a90-915b-4ef9-b705-681fca7d5c7b,218,2025-01-20T00:48:57Z,2025-01-20T00:49:15Z,Desktop,Direct,1,0,False,False
f74d749a-0ad2-4d32-bc44-65a8ec65109c,334,2024-12-22T02:25:29Z,2024-12-22T02:38:45Z,Mobile,Direct,25,20,False,False
6f7c5c37-d0fd-4c7e-bb59-5484e22c111e,39,2023-03-28T09:08:36Z,2023-03-28T09:30:43Z,Mobile,Display Ads,8,2,False,False
62f7fa6e-d555-40e6-bc36-bbb87b157a85,362,2025-03-29T19:30:19Z,2025-03-29T19:44:46Z,Desktop,Paid Search,20,15,False,False
f8d02977-ba3c-4979-ad08-e3c4a5774399,83,2025-12-01T00:17:30Z,2025-12-01T00:50:54Z,Mobile,Organic Search,60,9,True,False
879aed49-e058-42d0-999b-e336cdbd3e97,480,2025-06-17T00:53:45Z,2025-06-17T00:54:11Z,Mobile,Referral,1,0,False,False
d0cefc9c-51a9-4f6c-8f3d-19e448847346,326,2022-01-02T21:21:22Z,2022-01-02T21:21:29Z,Mobile,Display Ads,1,1,False,False
13cbade3-4d89-45d0-b390-c23a9405eab1,418,2018-11-20T15:35:54Z,2018-11-20T15:36:45Z,Mobile,Email,2,1,False,False
41b033ff-ec2b-42cf-bc47-10c90d248ba6,67,2025-02-17T12:02:56Z,2025-02-17T12:22:51Z,Mobile,Organic Search,26,5,True,False
40f94599-9712-40a1-b162-d90ecc86790a,31,2023-07-26T20:19:30Z,2023-07-26T20:19:58Z,Mobile,Paid Search,3,2,False,False
2b442021-8e4c-4ba9-a778-8af463d35e30,123,2021-07-15T20:19:10Z,2021-07-15T20:19:26Z,Mobile,Direct,2,1,False,True
65ba8361-5341-41d7-bd67-f923d5d90545,484,2022-09-15T12:07:51Z,2022-09-15T12:13:51Z,Mobile,Paid Search,15,6,False,False
5880800c-f6d4-4b9a-b62e-496811772431,236,2023-07-22T16:25:17Z,2023-07-22T16:28:17Z,Mobile,Organic Search,13,9,False,True
0b147679-514f-4a82-8516-9fadf6798a64,79,2025-10-07T12:28:42Z,2025-10-07T12:29:05Z,Desktop,Paid Search,1,0,False,False
965aec6a-ded0-45d9-bcc9-6b711fbcc654,288,2025-02-24T12:48:34Z,2025-02-24T13:15:07Z,Mobile,Direct,25,9,True,False
1e9b73e7-c631-4d62-bf32-1067c0aeab5e,30,2024-11-03T07:12:23Z,2024-11-03T07:12:52Z,Mobile,Social Media,1,0,False,False
4f862439-68b7-4be4-8b43-c7eaf86a331c,40,2017-08-09T09:07:26Z,2017-08-09T09:21:22Z,Tablet,Organic Search,6,2,False,False
e72abe04-824b-4727-aab8-441f287c4941,324,2024-06-16T10:21:30Z,2024-06-16T10:59:02Z,Mobile,Paid Search,31,7,False,False
442cf0a7-552b-4f39-a3ef-6625c71f9b3b,349,2019-03-24T13:39:35Z,2019-03-24T13:40:14Z,Desktop,Email,2,1,False,False
c807e3d9-4083-4373-b3c0-3dd0986828f9,458,2024-05-12T23:49:11Z,2024-05-13T00:03:09Z,Mobile,Social Media,16,5,False,True
9d011209-0e91-48c1-8b1a-46a9487da790,313,2024-09-02T17:32:18Z,2024-09-02T17:33:17Z,Desktop,Organic Search,5,2,False,False
4a7392f3-a70a-4e77-bb01-e56bd1bee033,256,2024-10-19T06:53:35Z,2024-10-19T06:54:22Z,Mobile,Email,3,1,False,False
1bb83237-780c-462e-865b-d02a0526c229,347,2022-03-03T17:20:27Z,2022-03-03T17:48:43Z,Desktop,Email,25,18,False,False
b918788e-469f-45da-a054-3ac165b290e7,337,2023-03-04T04:55:44Z,2023-03-04T05:03:02Z,Mobile,Organic Search,15,2,False,False
7eaa23dd-efe5-45f1-8810-2b24ce527731,345,2025-05-15T09:26:48Z,2025-05-15T10:24:02Z,Mobile,Organic Search,21,8,False,True
01868e99-8d26-437f-975b-54f1450b243a,437,2022-01-16T10:41:40Z,2022-01-16T10:41:56Z,Desktop,Display Ads,4,2,False,False
a43150d3-cb6b-4e69-a3bc-41ef41f05521,385,2023-12-09T06:02:34Z,2023-12-09T06:12:17Z,Mobile,Organic Search,15,14,False,False
24964a43-b8d4-45ec-9a83-e3957bd543b4,56,2023-12-13T10:44:24Z,2023-12-13T10:45:01Z,Mobile,Direct,2,1,True,False
004ebff0-5f88-470c-b915-b1522acf8242,141,2023-08-14T18:21:30Z,2023-08-14T18:21:58Z,Desktop,Social Media,5,1,False,True
a5725f15-611b-4acb-8345-f34ec98d8daa,78,2021-09-09T22:10:01Z,2021-09-09T22:20:53Z,Mobile,Social Media,8,1,False,False
bd1c2e27-1a2c-4ab8-afc3-a94b83595a52,3,2024-10-01T14:36:13Z,2024-10-01T18:18:06Z,Desktop,Organic Search,64,46,True,False
d6eb7890-1a89-498d-8c0d-f4cae4c6a2ff,207,2025-02-19T04:12:07Z,2025-02-19T04:12:55Z,Mobile,Organic Search,5,1,False,False
fb4e2865-a045-4c97-9fd0-d47db7616e0e,209,2020-04-21T14:22:18Z,2020-04-21T14:52:08Z,Mobile,Direct,30,2,False,False
152343e7-1393-4bc5-a253-c4ed1d65bdcf,186,2023-04-23T03:01:43Z,2023-04-23T03:02:26Z,Mobile,Social Media,3,0,False,False
1a8a1578-9646-4e0a-8e0d-c4c3236329af,300,2025-09-01T08:30:14Z,2025-09-01T08:33:00Z,Tablet,Social Media,7,1,False,False
c4ebe101-389b-4c68-a97b-a19ae10e5e8f,318,2023-08-12T14:07:17Z,2023-08-12T14:07:53Z,Desktop,Direct,3,0,False,False
1d0bd1fe-a9a4-497f-9f43-d5e0a4cfd2bf,70,2025-07-26T05:43:15Z,2025-07-26T06:30:59Z,Mobile,Organic Search,83,1,False,False
5c854d4a-d142-4344-b45c-e0bf86c45b82,238,2022-06-04T10:06:20Z,2022-06-04T10:06:48Z,Desktop,Paid Search,1,0,False,False
ba4ca808-4330-4837-bb9a-2e442f8308aa,14,2022-08-06T20:27:16Z,2022-08-06T21:51:10Z,Smart TV,Direct,96,45,False,True
b18b23c0-d641-4d47-8691-c0a13c0b30dc,474,2025-03-22T11:02:02Z,2025-03-22T11:02:29Z,Mobile,Organic Search,1,1,False,False
8f0ef265-ec89-4f81-bcd4-7a7e6208ca68,497,2025-05-08T02:09:56Z,2025-05-08T02:10:20Z,Mobile,Social Media,1,0,False,False
43d7e424-85a5-4638-9068-56e86de30663,299,2025-12-02T21:09:20Z,2025-12-02T21:10:14Z,Desktop,Referral,2,1,False,False
78085d24-e9d7-4bb5-b320-1cc5a3780957,46,2025-07-30T12:01:54Z,2025-07-30T12:57:38Z,Desktop,Paid Search,63,21,True,False
5aad86e2-7cb6-4790-8583-9311508002fc,218,2024-09-21T12:13:33Z,2024-09-21T12:21:54Z,Mobile,Paid Search,10,0,False,False
c972e883-8afe-4444-809e-1696c58fa992,246,2019-06-07T12:44:37Z,2019-06-07T12:44:42Z,Mobile,Display Ads,1,0,False,False
1e9d5188-dff1-4f22-945c-66e8cb07dedb,432,2024-07-16T17:52:52Z,2024-07-16T18:07:00Z,Tablet,Paid Search,6,2,False,False
2dbd5719-b8fa-4570-bacd-900043c2f2cf,323,2019-08-05T14:03:16Z,2019-08-05T14:15:03Z,Desktop,Referral,13,7,False,True
0bc7384b-e8b9-4773-bce2-dd2fa59cf6fd,334,2020-01-01T12:54:56Z,2020-01-01T12:55:22Z,Mobile,Organic Search,4,1,False,False
a40d0e29-644a-44c4-869c-538ebc690e11,120,2025-12-10T23:36:32Z,2025-12-10T23:43:16Z,Mobile,Paid Search,3,2,False,False
dee6cd65-c751-4b79-a67f-47de2040bc8e,323,2022-05-12T05:50:46Z,2022-05-12T05:52:43Z,Mobile,Direct,3,0,False,False
5308a766-1743-49dd-9681-e82c17af514a,324,2024-01-02T10:23:03Z,2024-01-02T10:24:00Z,Tablet,Referral,4,0,False,False
24f5f889-a42c-4338-b904-351c10f45910,215,2023-08-03T05:15:56Z,2023-08-03T06:15:49Z,Desktop,Direct,44,14,False,False
1f0607f2-37d3-410a-96a1-82642e19a826,94,2024-10-11T22:08:46Z,2024-10-11T22:11:44Z,Smart TV,Paid Search,13,5,False,False
28227fc2-7882-4946-ae74-173ac71226a6,491,2020-10-01T15:59:24Z,2020-10-01T16:10:54Z,Mobile,Organic Search,18,7,False,True
dcbf59df-8255-4ba8-96dc-93a08b38e6ec,370,2019-12-26T22:01:35Z,2019-12-26T22:07:18Z,Mobile,Organic Search,12,4,False,True
129efdb6-2944-4029-8a32-98ade48de8f2,483,2024-03-07T21:59:19Z,2024-03-07T22:16:34Z,Desktop,Paid Search,9,8,False,False
eea5eab3-a8ee-4cd5-b4d1-4766ebdb8b67,162,2022-12-22T01:05:18Z,2022-12-22T01:14:34Z,Desktop,Referral,8,4,False,False
b820fe11-3213-4602-b6f8-4bebc670417b,237,2024-10-26T11:43:28Z,2024-10-26T11:45:46Z,Desktop,Organic Search,8,1,False,False
29a3e842-be52-4ecf-a57b-f0ceefc1c7da,439,2023-12-15T19:56:05Z,2023-12-15T19:56:56Z,Mobile,Direct,2,0,False,False
a07ca6b8-7729-489e-8da8-2d14289dc233,308,2020-06-20T09:09:27Z,2020-06-20T09:21:00Z,Mobile,Social Media,7,6,False,False
aa25a041-fd36-451e-a14c-69b7fe5517ff,94,2025-07-23T08:48:04Z,2025-07-23T11:15:59Z,Mobile,Social Media,13,4,False,False
2f509821-498f-4ea3-b030-c44586dfbeaa,369,2023-06-28T03:56:23Z,2023-06-28T04:02:13Z,Mobile,Organic Search,6,5,False,False
8ad66f30-8e19-4593-8f41-1f6a31edf7a3,36,2022-05-11T17:36:49Z,2022-05-11T17:37:06Z,Desktop,Organic Search,1,1,False,False
433b5da3-89e0-43ee-b869-84ccb42596b6,346,2025-07-13T20:43:58Z,2025-07-13T21:38:40Z,Mobile,Direct,47,7,False,False
6a80a2a1-1b11-4a1b-963c-bc3654a8b949,149,2025-03-29T19:15:50Z,2025-03-29T20:13:52Z,Mobile,Email,29,26,False,False
cf8ce157-8f01-490f-b1c6-14578d1468d0,425,2024-07-24T09:07:54Z,2024-07-24T09:12:06Z,Desktop,Organic Search,13,10,False,False
0bb40cec-39a1-46f0-9dd6-472483852df1,82,2025-12-05T07:37:41Z,2025-12-05T07:45:29Z,Wearable,Email,5,2,False,False
9dae246b-9142-42b1-b845-3cb05da95f89,222,2021-06-23T05:58:23Z,2021-06-23T06:54:44Z,Desktop,Organic Search,98,11,False,True
13df6b82-fc18-4cdb-b533-8799fad71f66,428,2016-03-19T15:56:38Z,2016-03-19T16:02:06Z,Smart TV,Organic Search,13,5,False,False
ac76386c-f689-4170-b487-6426d7a221e7,315,2023-04-19T02:04:25Z,2023-04-19T02:11:38Z,Desktop,Email,12,5,False,False
fb413a5b-ccaa-4ca8-8a27-89cc79d9c5ba,201,2025-12-05T07:06:09Z,2025-12-05T07:06:47Z,Mobile,Display Ads,3,1,False,True
651aec0a-b728-466a-80c0-11c1716eca32,303,2023-12-06T03:54:18Z,2023-12-06T03:58:13Z,Mobile,Paid Search,8,2,True,False
056bed5a-9f97-4333-8400-3dafe763bf6f,356,2023-07-17T16:04:56Z,2023-07-17T16:11:13Z,Desktop,Paid Search,4,3,True,False
de889a42-e04a-4548-a730-ca67fb21885a,239,2025-09-09T20:54:34Z,2025-09-09T20:55:28Z,Mobile,Social Media,2,0,False,False
821a997c-90c6-442e-8718-253c2b32a61a,4,2025-10-13T08:45:06Z,2025-10-13T08:45:51Z,Desktop,Organic Search,5,1,False,False
35b94a27-19f8-4ffd-aa0d-c2197c1f4e15,187,2025-10-07T13:17:44Z,2025-10-07T13:17:52Z,Desktop,Social Media,3,0,False,False
e97b8d60-f356-430f-b254-124a794248c7,183,2021-06-23T01:23:03Z,2021-06-23T01:33:08Z,Desktop,Email,18,5,True,False
07b4fb42-a224-45e8-9a86-12d44168848f,295,2019-07-13T08:21:03Z,2019-07-13T10:56:44Z,Mobile,Social Media,51,38,True,False
ed9abf3d-401a-4d04-88ef-5290bd501670,191,2022-02-25T00:51:37Z,2022-02-25T00:52:10Z,Desktop,Display Ads,5,2,False,False
03a5a535-701b-441a-a1a3-a72c32ed44f2,261,2025-02-21T21:40:21Z,2025-02-21T22:17:25Z,Desktop,Organic Search,62,23,False,True
91399e50-bb81-4797-8ce9-27366e8ef291,490,2019-12-04T15:16:01Z,2019-12-04T15:27:57Z,Mobile,Organic Search,21,14,True,False
0b294802-464f-4d92-8a45-a31a0d428cd5,324,2021-01-20T22:46:17Z,2021-01-20T23:00:41Z,Desktop,Paid Search,25,12,False,False
d4db7f30-278c-4291-92f7-ef9d12a163e7,195,2024-10-03T00:13:05Z,2024-10-03T00:27:06Z,Desktop,Direct,5,4,False,False
dca3cd63-7f09-4442-900e-e06a08be35b6,406,2024-02-01T18:05:18Z,2024-02-01T18:17:46Z,Desktop,Direct,9,7,False,False
2d9e6fc7-2496-4fb7-8b90-cb10d1da71b8,268,2024-07-26T00:37:29Z,2024-07-26T00:40:02Z,Mobile,Organic Search,8,4,False,False
f0c72a09-00ed-4538-9821-049d28c7dda4,118,2023-05-10T13:11:09Z,2023-05-10T13:46:10Z,Desktop,Social Media,58,4,False,False
5fe4c458-b949-4807-a14c-aaca9a7f641e,77,2024-02-14T00:39:44Z,2024-02-14T00:46:13Z,Mobile,Social Media,11,1,False,False
0fb62303-7f69-462d-bf7b-334c9736345c,406,2023-03-08T04:10:25Z,2023-03-08T04:54:18Z,Mobile,Email,22,1,False,True
803cfe6e-c229-4ac4-a8b6-2e252fa5bbfc,333,2025-12-24T07:24:15Z,2025-12-24T07:36:19Z,Smart TV,Organic Search,24,15,False,False
5f178649-7c27-4e9a-90d2-d1dbe34d398b,188,2025-11-22T01:40:35Z,2025-11-22T01:41:25Z,Mobile,Direct,3,2,False,False
d8515f89-3a91-448a-92a6-dfa7eb46041f,299,2025-09-15T16:47:02Z,2025-09-15T16:47:28Z,Mobile,Paid Search,2,0,False,False
b39912be-6345-45b5-9f28-a44aac7fab17,2,2025-08-06T05:35:05Z,2025-08-06T06:17:31Z,Mobile,Paid Search,37,23,False,True
dc2ca221-a6b7-4bd3-8495-214d5c4a5245,199,2025-02-24T16:16:42Z,2025-02-24T16:23:55Z,Desktop,Social Media,9,2,False,False
78deb50b-ea70-41cf-a904-895e684c66d8,203,2024-03-05T05:49:25Z,2024-03-05T05:49:31Z,Mobile,Email,2,0,True,False
c5c4c8fb-137f-4561-b2cf-fd30d5f59b48,15,2023-03-07T21:47:17Z,2023-03-07T22:28:28Z,Desktop,Direct,43,38,False,True
5e5521cd-3496-448c-a1dc-775474875639,106,2024-07-14T23:41:17Z,2024-07-15T00:14:37Z,Desktop,Direct,66,45,False,False
b7c0b319-d784-4a87-85b3-975b322f06a8,48,2025-09-24T15:51:57Z,2025-09-24T16:12:55Z,Mobile,Organic Search,15,14,False,True
fbf73e99-1817-4408-b8ff-462f29d95ecf,124,2020-10-21T23:35:34Z,2020-10-21T23:51:25Z,Desktop,Direct,21,15,False,False
02f80ca0-b349-4e95-8a16-a3176369fb82,254,2020-06-22T04:16:40Z,2020-06-22T04:16:56Z,Mobile,Email,1,0,False,False
b962e0f0-ac40-4239-bf91-4335f7913652,345,2025-05-15T07:25:13Z,2025-05-15T07:36:31Z,Desktop,Direct,13,9,False,True
66ec9555-e048-41b1-8077-9b254f90e40b,351,2023-06-24T21:42:45Z,2023-06-24T21:43:40Z,Tablet,Social Media,4,0,False,False
9b5043fd-de75-44ca-9743-5d6b4877d990,453,2024-07-06T09:07:29Z,2024-07-06T09:13:11Z,Mobile,Organic Search,8,7,False,False
d0a4a379-10cb-4d33-aec5-3521268196a5,118,2018-10-08T13:47:59Z,2018-10-08T13:52:57Z,Mobile,Direct,13,5,False,False
c45719d1-f8e3-4ab7-b6f4-6579623559f4,291,2023-08-31T17:34:56Z,2023-08-31T17:35:25Z,Smart TV,Direct,1,0,False,False
d6a7c02c-c33c-49b1-8284-fe4f1aabcb0f,437,2021-07-20T02:49:33Z,2021-07-20T03:49:21Z,Mobile,Direct,95,13,False,False
520b878e-1558-4fb5-99c6-cd9ebff2d683,400,2024-07-01T11:38:28Z,2024-07-01T11:50:16Z,Tablet,Organic Search,24,12,False,False
2747c92c-47cc-46e5-893d-d661ee54a6a5,310,2023-09-08T12:45:08Z,2023-09-08T13:19:36Z,Desktop,Social Media,52,46,False,False
fbcb077c-bb90-42d9-aca6-201544bb2be8,185,2020-03-11T17:35:57Z,2020-03-11T17:49:58Z,Mobile,Organic Search,9,1,False,False
786e3f78-a87c-4be6-b5fa-15aea0908bbd,308,2018-11-18T07:56:03Z,2018-11-18T08:01:53Z,Mobile,Paid Search,10,4,False,False
4d67d9ee-723f-4e59-90a6-1f0488d5536b,166,2016-10-28T16:33:48Z,2016-10-28T17:25:15Z,Desktop,Paid Search,88,14,False,False
f50c31f7-d5cf-4963-8c90-83f871e83f17,493,2025-06-28T15:41:56Z,2025-06-28T15:42:39Z,Mobile,Direct,5,2,False,True
8f4b0e18-108e-4384-8df4-3d5559c8bc33,253,2025-03-17T04:41:23Z,2025-03-17T06:14:41Z,Wearable,Email,24,5,False,False
c004773f-c85b-4729-8e1f-b21501573dca,453,2023-12-16T03:05:15Z,2023-12-16T03:32:57Z,Mobile,Organic Search,9,0,False,False
6fc6de01-f1c1-4574-b377-e85a002d2797,181,2020-12-08T21:31:32Z,2020-12-08T21:32:04Z,Mobile,Social Media,5,3,False,False
e315c641-abc8-48c6-8b9d-534257a367ff,1,2024-09-29T14:42:20Z,2024-09-29T14:43:05Z,Desktop,Referral,5,1,False,True
800bacd4-51ff-4a29-9357-84eb410f5df4,384,2017-11-30T15:25:17Z,2017-11-30T16:18:46Z,Desktop,Display Ads,77,7,False,False
cd3d3231-f017-4ca2-9a8d-8d1bc81fe2fd,295,2018-11-21T03:34:36Z,2018-11-21T04:05:39Z,Mobile,Organic Search,22,21,False,False
15f78640-d6cc-492e-b651-3cf687e0b4cb,100,2025-10-27T17:45:52Z,2025-10-27T17:54:36Z,Desktop,Paid Search,7,0,False,False
a61539ff-aca5-4405-a3d9-3a86aa462763,153,2020-03-19T02:16:42Z,2020-03-19T02:33:52Z,Tablet,Direct,29,14,False,False
2d26fc3e-7d5f-461d-bf34-c626ed3bcfaa,154,2022-01-16T07:22:52Z,2022-01-16T07:35:12Z,Desktop,Paid Search,12,9,False,False
05febda7-e608-48ba-8da1-8cc8247c6056,45,2025-09-03T21:20:57Z,2025-09-03T22:16:05Z,Mobile,Display Ads,48,7,False,False
eca9cc9d-a903-40b7-b5ba-210b2c4b7f14,405,2021-05-13T09:39:08Z,2021-05-13T09:43:08Z,Wearable,Paid Search,4,2,False,False
4b04339c-ae2b-4674-b8b6-7a8e528eedc9,49,2025-11-13T05:33:50Z,2025-11-13T05:36:39Z,Mobile,Email,4,0,False,False
35f6d2e5-8f6f-47f6-a34d-bc40bfc15816,12,2025-01-30T01:13:28Z,2025-01-30T01:16:27Z,Desktop,Organic Search,10,5,True,False
7e052a77-c51b-4f89-aea6-d0c66950fb1f,247,2025-05-16T06:12:26Z,2025-05-16T06:59:50Z,Wearable,Social Media,91,50,False,False
627fc974-56af-4cab-b613-0473337c6239,264,2022-10-01T17:42:04Z,2022-10-01T17:42:20Z,Mobile,Direct,1,0,False,False
b449361a-b7c4-46c1-a4da-692916ab8d9c,71,2022-06-03T22:17:59Z,2022-06-03T22:27:52Z,Smart TV,Referral,3,0,False,False
ff9ad73c-b8e9-4ab1-9125-30fa45a396e9,14,2023-04-27T11:38:19Z,2023-04-27T11:44:20Z,Desktop,Direct,5,4,False,False
0b1be1fe-26bb-488f-8d7f-43a7a26aa180,434,2021-08-24T14:10:11Z,2021-08-24T14:54:42Z,Desktop,Paid Search,16,6,False,True
e77920d7-2f41-4180-85bf-e96109219ec0,443,2022-10-22T09:27:52Z,2022-10-22T09:36:34Z,Tablet,Email,14,7,False,False
13101058-005c-49a3-9e11-c09d85b87723,146,2025-12-04T06:10:43Z,2025-12-04T06:35:27Z,Mobile,Direct,30,13,False,False
277196af-6aff-44ba-89d1-c6244fc204b0,317,2021-09-03T12:24:58Z,2021-09-03T12:25:33Z,Mobile,Referral,3,1,False,False
0598e95e-135c-4c22-85db-34716b64e827,38,2023-05-07T03:24:35Z,2023-05-07T03:31:26Z,Mobile,Social Media,4,0,False,False
484f0d2a-c0d8-49d9-9b38-bf0b09cc3d99,430,2024-07-26T20:17:23Z,2024-07-26T20:29:55Z,Desktop,Direct,30,1,False,False
081d5f33-268b-494f-a27c-fa6e8b98f1b9,426,2025-03-05T19:51:45Z,2025-03-05T20:31:57Z,Tablet,Direct,51,16,False,False
dd24ec95-e459-492b-b7ad-64e404f8e3b1,137,2021-10-30T06:36:31Z,2021-10-30T07:34:39Z,Tablet,Organic Search,71,20,False,False
1000d07e-ea43-47ab-bdda-b46597766d93,172,2023-06-19T16:33:02Z,2023-06-19T16:44:58Z,Tablet,Referral,12,0,False,False
e5c4e66c-e37e-4100-8379-8d7486f965a0,278,2020-05-01T19:44:07Z,2020-05-01T23:06:46Z,Desktop,Social Media,23,19,False,False
e1cb9ae4-15b6-4bd5-9a90-cde0d08186b2,217,2020-11-09T01:31:28Z,2020-11-09T01:42:59Z,Desktop,Organic Search,8,0,False,False
7e5ff3fa-a4f6-4823-8fdd-e4f14e885ad7,461,2024-11-01T01:27:11Z,2024-11-01T01:41:51Z,Desktop,Paid Search,11,2,True,False
1e1b285a-3738-41d3-99e2-27d3af8e2b60,36,2019-03-13T02:14:30Z,2019-03-13T02:14:41Z,Desktop,Direct,2,0,False,False
e5eacd07-5402-4c0e-a341-5ed9388164b0,278,2020-06-05T14:26:31Z,2020-06-05T14:52:00Z,Desktop,Direct,7,0,False,False
e5d3885b-fd79-49b4-b4bd-ee0cb2e9da1c,396,2021-04-05T02:38:43Z,2021-04-05T02:41:26Z,Desktop,Social Media,10,7,False,True
8cd8e12d-f3c9-46e9-ad8a-898fa76e7215,219,2024-12-23T19:42:06Z,2024-12-23T19:51:28Z,Mobile,Organic Search,9,7,False,True
cec41698-78b8-41b5-aceb-12206d0877e1,30,2024-08-24T19:28:35Z,2024-08-24T19:41:06Z,Desktop,Direct,5,3,False,False
d5325aa2-8132-4297-9afb-bc8fd78a8b7e,430,2025-04-29T13:17:49Z,2025-04-29T13:17:55Z,Mobile,Direct,1,1,False,False
3a21f3a6-0b67-432b-86ec-e7046566344a,464,2023-12-20T04:21:57Z,2023-12-20T04:39:23Z,Mobile,Direct,28,12,False,False
13549793-3943-47a0-bb2a-ec4cfa80a27c,414,2023-01-01T09:26:10Z,2023-01-01T09:35:18Z,Tablet,Email,12,4,True,False
e53953bf-cf7e-4b98-8d92-2c9ef1c6a386,190,2018-05-05T00:28:03Z,2018-05-05T01:23:19Z,Smart TV,Organic Search,23,2,False,False
0d38113d-78a8-4605-9d72-b071ca3e616f,133,2024-11-13T01:51:41Z,2024-11-13T01:55:21Z,Desktop,Organic Search,11,10,False,True
2d95756b-ced7-4076-933c-9a2300cbb5e7,27,2022-06-01T19:36:48Z,2022-06-01T19:43:24Z,Mobile,Organic Search,5,3,False,False
0d6e1c1d-fc2a-4551-889e-290a9e7dd7d7,62,2025-10-10T08:05:33Z,2025-10-10T08:06:06Z,Desktop,Direct,2,0,True,False
42c286a4-e82e-4312-a63a-9eceb7a7bd4a,9,2025-03-30T17:29:20Z,2025-03-30T17:37:35Z,Tablet,Organic Search,5,1,False,False
72063e85-11a6-4d7b-b5b2-a127e3220a62,483,2024-07-13T05:46:02Z,2024-07-13T06:21:27Z,Desktop,Direct,65,28,False,False
60e27677-9792-439d-87bb-fbf7ed6f0625,331,2017-03-01T20:28:29Z,2017-03-01T20:40:35Z,Mobile,Social Media,13,12,False,True
cdb8a1e0-8cf9-4756-8d87-618d6ee5a420,459,2025-11-21T13:42:44Z,2025-11-21T14:18:31Z,Tablet,Social Media,17,7,False,False
51b48188-7f1b-40c7-9ad0-9518518fafa7,181,2020-09-22T14:38:18Z,2020-09-22T14:49:13Z,Mobile,Social Media,29,6,False,False
95ea87e9-becd-4940-ba98-4d11e5f0cc7b,406,2024-12-11T14:25:23Z,2024-12-11T15:16:51Z,Desktop,Email,47,27,False,False
de5ad518-3888-4b33-be31-88909a130140,100,2025-12-20T12:19:35Z,2025-12-20T12:19:46Z,Tablet,Paid Search,4,2,False,True
754f031f-d423-419b-9fb6-1c01f5468e2a,131,2024-05-10T20:11:18Z,2024-05-10T20:11:47Z,Mobile,Display Ads,5,2,False,False
f0470b25-056a-412d-ae60-7adbf4a13713,348,2024-07-14T14:56:14Z,2024-07-14T14:57:14Z,Mobile,Direct,5,0,False,False
b2f975dd-0e49-4345-b18d-1067b87ebfd1,353,2024-09-22T10:54:45Z,2024-09-22T11:15:50Z,Mobile,Paid Search,8,6,False,True
4f620121-ee9f-4afe-adc4-611cf03e0eb7,86,2022-05-12T15:10:21Z,2022-05-12T15:23:40Z,Tablet,Organic Search,17,6,False,False
5ab8d5ae-86ed-4052-a74f-797f5c198ce7,193,2025-12-21T08:33:33Z,2025-12-21T08:47:57Z,Desktop,Direct,25,19,False,True
0aaf6926-f72f-46de-958f-dca81af615b0,154,2021-12-21T06:42:27Z,2021-12-21T06:47:17Z,Mobile,Direct,12,4,False,False
a8bd99a4-f926-446d-85ec-6369cca7a590,444,2025-10-12T08:51:21Z,2025-10-12T09:17:36Z,Tablet,Paid Search,25,3,False,True
1b0ae641-03e2-45f9-a642-203efde5a790,178,2019-07-27T01:34:06Z,2019-07-27T02:21:34Z,Wearable,Organic Search,65,46,False,True
82c4655c-54a6-4d9c-904f-e0483e7d8fac,352,2023-02-15T23:27:34Z,2023-02-15T23:27:51Z,Desktop,Email,5,3,False,False
44fc5272-23e7-4381-a3ef-af4af52f1840,463,2019-12-17T01:20:26Z,2019-12-17T01:25:51Z,Mobile,Organic Search,11,9,False,False
9f36bd2b-d4f6-4ac5-96de-6a797dcd058d,434,2025-04-30T13:44:33Z,2025-04-30T13:55:36Z,Desktop,Direct,27,9,True,False
4459a894-9933-4bd9-b8ae-51d99cb15a7d,333,2025-10-19T23:09:41Z,2025-10-19T23:10:39Z,Tablet,Social Media,4,1,False,False
94974afe-5c2c-4855-ba45-53e7d8d36f85,231,2025-11-13T10:14:06Z,2025-11-13T10:58:31Z,Desktop,Organic Search,40,0,True,False
e625a930-731e-4029-b5ce-ba9ebf95b561,104,2025-04-07T15:01:23Z,2025-04-07T15:02:08Z,Mobile,Organic Search,5,1,False,False
47caf9df-df98-479f-8c49-6ace014fbe27,190,2023-01-14T05:57:18Z,2023-01-14T06:20:41Z,Mobile,Direct,19,11,True,False
ef09d9b0-9522-4e7c-ad51-440ccfd487ce,75,2023-01-25T14:10:13Z,2023-01-25T14:10:23Z,Mobile,Paid Search,5,0,False,False
464a2aa3-967a-4383-8042-a73719f34229,169,2024-10-31T14:47:58Z,2024-10-31T15:38:01Z,Desktop,Organic Search,45,34,False,False
5c7cbd63-74ba-4f79-af16-198c041fd280,227,2022-10-05T01:23:49Z,2022-10-05T01:24:21Z,Desktop,Direct,3,0,False,False
bc227ea6-e2aa-4260-beb3-bb4e7edf9ac5,346,2024-11-13T09:47:49Z,2024-11-13T09:53:49Z,Mobile,Social Media,8,3,False,False
4edea98e-f2ac-4e07-82ca-df2987e31b73,363,2024-05-18T19:11:24Z,2024-05-18T19:28:51Z,Tablet,Social Media,25,4,False,False
dc151184-b9ce-40d6-9c93-393c7e32fd1f,173,2021-06-11T16:05:06Z,2021-06-11T16:15:51Z,Mobile,Direct,15,6,False,False
f89a7809-765a-4dc5-8892-3e9f29977fb4,16,2019-06-29T16:34:05Z,2019-06-29T16:34:43Z,Mobile,Direct,3,1,False,True
8d2371d9-08a9-4960-98a6-f76f295b023a,288,2025-05-12T04:55:55Z,2025-05-12T05:04:12Z,Tablet,Organic Search,3,1,False,True
10bdaeb7-b26d-4057-a25c-b4b13ef1d6d3,268,2022-08-10T13:19:52Z,2022-08-10T13:24:15Z,Mobile,Direct,13,12,False,False
2fe7427f-7ab9-4204-b6fb-9061add0946b,488,2023-02-26T23:48:15Z,2023-02-26T23:48:46Z,Tablet,Direct,2,0,False,False
35ddd504-721a-423a-8598-910b58a721cc,400,2018-08-27T14:56:36Z,2018-08-27T15:28:08Z,Desktop,Paid Search,39,32,False,False
471cb9da-40b7-4d8b-8425-8e5fbfdfd9cb,31,2021-01-16T02:05:48Z,2021-01-16T02:46:51Z,Mobile,Referral,55,1,False,False
fe9374b4-0402-46de-b54a-2f42f6aff700,44,2022-04-27T13:12:28Z,2022-04-27T13:19:22Z,Tablet,Organic Search,7,3,False,True
01e1b741-3726-43de-91e4-ef9f35f2226c,96,2024-06-14T15:54:09Z,2024-06-14T16:26:53Z,Mobile,Social Media,23,10,False,False
376a34fb-9761-4c84-a155-84ac935c4887,3,2022-01-23T20:07:07Z,2022-01-23T20:07:44Z,Desktop,Organic Search,3,2,False,False
6d002366-705c-4da3-a2de-b59a9b23946a,44,2025-03-25T03:12:26Z,2025-03-25T03:17:11Z,Desktop,Referral,12,2,False,False
3b311af4-3365-4358-bc21-33af4627e1f7,40,2022-04-06T03:51:01Z,2022-04-06T03:52:09Z,Mobile,Display Ads,5,2,False,True
a4ccd470-cf82-48d8-8d0f-c51a399be42c,175,2019-12-17T19:38:29Z,2019-12-17T19:39:06Z,Mobile,Email,2,1,False,True
328613b1-77a2-4a38-b76b-eec932489eed,478,2021-10-18T01:17:16Z,2021-10-18T01:17:29Z,Desktop,Social Media,4,2,False,False
2736ad39-7645-4a8f-bd96-1707676dcf5e,35,2024-06-03T07:52:30Z,2024-06-03T08:06:21Z,Tablet,Direct,11,9,True,False
4d2c11e2-4a10-4047-8ddb-b30061e3a24a,217,2017-05-19T15:55:38Z,2017-05-19T16:23:57Z,Mobile,Direct,11,4,False,False
416ae0c3-949d-4717-8d09-18d2767b8ca0,449,2024-07-02T18:11:42Z,2024-07-02T18:23:43Z,Desktop,Paid Search,22,4,True,False
eaf2ae85-b0fe-4b01-9fbe-1edd91fd65aa,57,2024-07-17T00:40:51Z,2024-07-17T00:50:12Z,Smart TV,Direct,6,0,False,False
fd5fd605-e4d4-48f6-ae9f-e794bbdca002,405,2024-03-07T13:43:30Z,2024-03-07T13:55:48Z,Mobile,Paid Search,18,7,False,False
d8272e20-bebd-44b1-b468-4a519b112d5c,469,2025-11-04T03:05:27Z,2025-11-04T03:05:53Z,Desktop,Social Media,3,1,False,True
32a94ac8-c638-461f-a844-69e3d4e593dd,439,2023-06-09T06:51:25Z,2023-06-09T10:40:55Z,Smart TV,Email,30,22,False,False
4d2b56e2-4dc4-41f2-9f10-a43c8d74ecf1,460,2025-09-10T14:46:42Z,2025-09-10T17:47:00Z,Tablet,Social Media,22,1,False,False
1519027e-158d-4094-a0f2-1e2f4868f8a5,307,2025-07-09T13:34:32Z,2025-07-09T14:25:00Z,Mobile,Organic Search,95,17,True,False
78e91a74-1b9d-49db-be21-76a5a14005f4,388,2025-07-28T06:49:33Z,2025-07-28T07:02:16Z,Desktop,Referral,7,5,True,False
e1e7a723-0461-4e16-ae15-9ee74289d709,52,2024-08-26T17:46:55Z,2024-08-26T18:35:56Z,Desktop,Social Media,48,22,False,False
d7e3f594-200b-4bd7-b59b-8fa3477a6e14,244,2025-08-19T09:07:25Z,2025-08-19T09:08:25Z,Desktop,Display Ads,5,0,False,False
a63a9ff6-0f92-409a-9215-68e95b0650de,309,2021-05-15T22:50:02Z,2021-05-15T22:57:04Z,Mobile,Email,14,3,False,False
9f01609f-2c29-4d46-b961-842bc59de082,273,2023-03-03T22:19:38Z,2023-03-03T22:25:46Z,Mobile,Organic Search,8,0,False,False
ba0c3ee9-0872-4147-9778-d88aa874c065,485,2025-10-12T14:21:19Z,2025-10-12T14:21:34Z,Mobile,Display Ads,1,1,False,False
e2cb1f31-0b7d-482c-9fdc-3636ad1524c2,177,2020-05-10T07:39:48Z,2020-05-10T07:48:15Z,Mobile,Display Ads,9,1,False,False
fc813695-8966-4c99-9565-681f4d68f397,29,2023-05-29T11:13:46Z,2023-05-29T14:41:58Z,Mobile,Organic Search,67,26,False,True
a88f147c-10c7-444e-8142-9c4689ff7598,331,2019-01-03T10:37:39Z,2019-01-03T12:39:32Z,Wearable,Paid Search,95,32,False,False
032972c1-20e0-4590-98f2-23d4882fc599,129,2022-09-17T00:21:27Z,2022-09-17T00:22:05Z,Desktop,Organic Search,2,0,False,False
83fda71e-2866-443f-9746-a585dde53a23,114,2023-09-05T04:51:50Z,2023-09-05T05:40:20Z,Desktop,Organic Search,29,9,True,False
5778300a-a83a-4fe2-b143-caffe70a0caf,87,2023-05-28T15:50:31Z,2023-05-28T16:02:46Z,Tablet,Referral,25,19,False,True
0e242c8c-1e15-44d9-9be8-15653c625484,260,2024-08-04T18:02:48Z,2024-08-04T18:03:14Z,Tablet,Direct,5,1,False,True
ab316f9e-6fbd-408f-bb68-20ebe46f53ef,308,2023-03-25T01:43:36Z,2023-03-25T01:55:35Z,Wearable,Organic Search,10,7,False,False
ee0e8fc8-66cb-45ba-b24d-e254281dbefe,166,2025-09-12T16:12:13Z,2025-09-12T16:26:30Z,Desktop,Direct,19,16,False,False
da05c080-e7a4-46f2-8ea2-9913134c2231,355,2025-02-03T05:41:28Z,2025-02-03T05:52:12Z,Smart TV,Social Media,20,0,False,False
f1a5f9b6-6eda-408d-8be6-1d566b0f2edd,1,2023-08-13T09:25:15Z,2023-08-13T09:33:29Z,Desktop,Paid Search,11,4,False,True
df7b64a0-1a78-498c-8bc6-2f6158f1f4e4,263,2019-10-17T18:11:06Z,2019-10-17T18:17:54Z,Tablet,Direct,15,13,False,False
9b726e72-6088-4a5c-811e-d40db7d3942b,255,2024-09-04T15:07:40Z,2024-09-04T15:07:56Z,Mobile,Social Media,5,4,False,False
6bf4c5bf-5cb4-4488-89ba-c60b76ad5ea0,192,2024-06-21T22:47:37Z,2024-06-21T23:02:01Z,Tablet,Social Media,17,10,False,False
83867710-cb87-47b4-ba57-c9ea5f9618fc,151,2020-10-24T07:24:57Z,2020-10-24T07:25:10Z,Mobile,Display Ads,1,0,False,False
48e39599-9c04-44fc-8d48-38e65acdb4f3,206,2023-02-14T01:30:07Z,2023-02-14T01:44:05Z,Mobile,Email,28,20,False,True
d49365c5-bbc6-4590-b7da-ffe4d3d5c561,345,2020-12-28T22:20:27Z,2020-12-28T22:52:44Z,Desktop,Organic Search,61,43,False,True
572ba7b6-75f9-418a-9bb1-d8b8dfed32a6,77,2024-06-17T17:28:03Z,2024-06-17T18:19:06Z,Desktop,Organic Search,85,15,False,False
d489671c-b712-425c-b790-afd8112f99e7,344,2023-12-05T07:57:25Z,2023-12-05T07:57:42Z,Desktop,Direct,1,1,False,False
df05ac7c-6df1-447c-afee-7bda0392d17a,274,2025-11-19T23:56:34Z,2025-11-20T00:05:12Z,Mobile,Paid Search,9,5,False,True
c6f3f4bc-5fb6-490a-9b9e-15bc08953f8d,428,2025-04-24T15:25:17Z,2025-04-24T16:22:18Z,Mobile,Display Ads,90,23,False,False
a1684795-3798-40b7-b593-5798f2645460,271,2024-08-26T00:54:33Z,2024-08-26T00:59:06Z,Smart TV,Social Media,12,11,False,False
2fb2e484-93ca-4354-89ec-cc4c2d33840c,380,2018-11-26T12:37:03Z,2018-11-26T12:47:10Z,Mobile,Paid Search,28,14,False,False
5bd53a06-11c1-4778-a1d6-a8122921f51d,352,2022-10-22T22:41:08Z,2022-10-22T22:41:17Z,Wearable,Paid Search,1,0,False,False
57a9ed9b-a2b2-4bf9-a4b5-760994365b34,115,2023-07-16T19:17:13Z,2023-07-16T19:18:56Z,Desktop,Organic Search,2,0,False,False
bdb20e09-021e-4ac6-b05e-b4af76663ec8,262,2024-02-01T04:28:32Z,2024-02-01T04:34:12Z,Desktop,Social Media,9,1,False,False
45172d44-4e8c-4b77-aa4f-270769b03689,125,2025-05-11T06:18:53Z,2025-05-11T06:23:21Z,Desktop,Direct,13,11,False,True
df85d361-6c99-4660-af36-055dc1ffc6ad,448,2020-10-13T07:15:25Z,2020-10-13T07:25:22Z,Desktop,Organic Search,12,8,False,False
532424fc-6c6c-4f80-a110-4a706098ba1b,338,2020-12-31T12:17:24Z,2020-12-31T12:22:57Z,Desktop,Direct,8,7,False,True
b8c5e56c-c5be-4f1c-83a7-f2744a796638,200,2024-06-28T00:59:16Z,2024-06-28T00:59:24Z,Desktop,Social Media,3,0,False,False
ce8eaabc-cfaf-42ba-be18-124052f7a990,462,2025-11-23T01:03:38Z,2025-11-23T01:04:03Z,Smart TV,Referral,3,1,False,False
fc1e25c8-af99-42c2-af34-67562294c3d4,427,2024-11-26T04:32:47Z,2024-11-26T04:45:37Z,Desktop,Direct,16,7,False,False
527e0f5f-6aeb-47dd-a7d8-130a86a05e9b,494,2024-12-20T11:35:56Z,2024-12-20T11:36:49Z,Smart TV,Social Media,5,4,False,False
93264e11-6777-4580-8164-967131da36b1,192,2025-05-09T10:56:42Z,2025-05-09T10:57:24Z,Tablet,Email,4,3,False,True
e8770b09-7a41-4874-879c-1a503eef223f,392,2023-07-24T14:54:05Z,2023-07-24T15:22:01Z,Desktop,Social Media,19,12,False,True
c2e5138e-2ab2-420f-8062-8e194d4b1934,166,2020-03-07T11:57:53Z,2020-03-07T12:45:45Z,Mobile,Direct,86,23,False,True
26215609-e7ac-4594-a59d-bd65b3357e7a,479,2021-10-01T23:47:32Z,2021-10-02T00:37:57Z,Tablet,Organic Search,92,7,True,False
6995bb85-d58c-41dd-a2c7-8288019406bc,443,2024-08-20T23:21:53Z,2024-08-20T23:32:11Z,Mobile,Social Media,23,12,False,False
cc408854-2dfd-4c87-8ecb-40cc141210b0,413,2025-09-09T11:00:20Z,2025-09-09T11:00:34Z,Mobile,Organic Search,1,1,False,False
781b2c52-f18c-4b15-8dcf-a3a441fd9c63,300,2018-10-15T18:20:49Z,2018-10-15T18:21:38Z,Desktop,Display Ads,4,2,False,False
ad7c8447-04b9-47c9-b57b-f7b80b1d20a6,9,2025-09-30T21:14:40Z,2025-09-30T21:20:55Z,Desktop,Organic Search,3,2,False,False
0a7a0371-2bf1-4098-804e-ec8282e1cd1a,278,2025-07-24T03:11:07Z,2025-07-24T03:15:57Z,Mobile,Organic Search,3,2,False,False
9336b2c1-864e-4d16-a9a5-ed74f55b0a88,189,2020-03-24T00:18:09Z,2020-03-24T00:48:14Z,Tablet,Paid Search,34,27,False,False
550907a7-ed3a-4ba9-a5b3-22f05f958300,183,2024-05-10T11:52:08Z,2024-05-10T12:51:05Z,Mobile,Paid Search,83,13,False,False
5d085332-f392-4d1c-b466-6dcc702aa4ab,492,2023-04-16T16:16:23Z,2023-04-16T16:16:37Z,Tablet,Organic Search,2,1,False,True
9b3508f5-b835-4cbb-acd4-61c7da6f3675,239,2025-10-27T09:46:35Z,2025-10-27T10:22:38Z,Mobile,Direct,16,2,False,False
d57027bf-5128-4009-ad5c-58aaebff4d50,339,2024-11-04T02:50:33Z,2024-11-04T02:54:49Z,Wearable,Direct,3,2,False,False
f242e0b1-eca5-4d69-ad63-7973325d25b6,194,2024-04-21T23:12:27Z,2024-04-21T23:28:20Z,Mobile,Organic Search,10,8,False,False
c70b1a8c-adc1-4591-b6d0-22ea6a9a5d36,167,2023-03-15T10:02:38Z,2023-03-15T10:19:57Z,Desktop,Referral,6,5,False,False
ef2b0a97-5fd0-4037-8f13-1ea6588695fb,285,2023-12-26T04:00:35Z,2023-12-26T04:02:29Z,Tablet,Organic Search,4,3,False,False
c8cfddd7-35a6-4807-91eb-602629ca0cb8,238,2024-01-28T05:54:55Z,2024-01-28T06:08:16Z,Tablet,Email,8,5,False,False
e53ac2f6-3153-4b73-8aa6-5b7f332277e1,142,2023-03-14T05:01:29Z,2023-03-14T05:12:37Z,Mobile,Social Media,18,11,False,True
509715ca-b014-49db-87b4-5a7d110641ec,281,2023-07-06T23:56:46Z,2023-07-07T00:34:28Z,Mobile,Direct,73,27,False,False
cdb4c755-31d7-4f71-b032-355e89898dd0,90,2024-09-30T06:14:05Z,2024-09-30T06:38:08Z,Mobile,Organic Search,10,6,False,False
bc13e96b-5b5a-458c-b175-e67325040593,276,2024-09-28T12:26:23Z,2024-09-28T13:18:50Z,Desktop,Direct,17,11,False,True
a095d06b-aa41-4f20-8b24-1285703f47c7,42,2025-09-26T23:59:36Z,2025-09-27T00:44:55Z,Tablet,Social Media,34,19,False,False
2b987e67-ed1a-4afc-8637-adda87d77251,91,2020-02-16T22:14:04Z,2020-02-16T22:36:35Z,Desktop,Social Media,10,2,False,False
53690983-c824-42b4-8ab6-a1c4b86f44c5,64,2018-03-04T21:02:01Z,2018-03-04T21:14:38Z,Desktop,Social Media,13,0,False,False
bfad6d52-3ecf-4e06-abde-37d0da4a6f07,81,2024-01-03T04:12:14Z,2024-01-03T04:50:56Z,Mobile,Social Media,17,12,True,False
7fcc8829-27e5-4c2b-a3ff-3183900932e9,47,2023-08-13T11:43:45Z,2023-08-13T11:44:10Z,Mobile,Organic Search,5,1,False,False
4c94de8a-74e8-4cbd-a965-22c1f480cb9d,449,2018-05-12T23:11:25Z,2018-05-13T00:10:47Z,Desktop,Referral,51,13,False,False
614c3a8d-b4d3-4a84-898f-01dc06ba477f,12,2017-09-26T08:08:39Z,2017-09-26T08:09:11Z,Smart TV,Paid Search,4,3,False,False
42a658f7-4472-4084-ad9a-b3a2af0c25fb,382,2025-02-19T16:05:28Z,2025-02-19T16:06:04Z,Desktop,Organic Search,4,3,False,False
70b49b91-ea24-4054-9298-6850a2a2be27,55,2020-07-30T15:59:48Z,2020-07-30T16:00:47Z,Desktop,Social Media,5,1,False,True
1393aee8-2ebd-4f39-9a75-4047a90f6d38,224,2022-07-18T06:54:44Z,2022-07-18T06:55:22Z,Desktop,Direct,3,1,False,False
4b9cc813-1d50-41bd-91cc-c1d152e01efe,239,2025-04-02T11:02:30Z,2025-04-02T11:07:46Z,Mobile,Organic Search,13,0,False,False
3961048e-96cf-4bc8-8bee-a9953158661d,268,2020-04-20T08:29:49Z,2020-04-20T08:29:55Z,Mobile,Direct,5,1,False,False
21592462-ea45-4213-8fb6-6df6ef4de750,321,2024-09-08T14:20:57Z,2024-09-08T14:21:43Z,Mobile,Paid Search,5,1,False,False
77eb10ac-ca52-4aa0-a57e-dbcc1a9b281d,220,2025-10-03T08:06:13Z,2025-10-03T08:06:31Z,Mobile,Email,4,2,False,False
421ad823-bedf-4678-9e7d-e85e948371de,155,2019-11-10T12:35:04Z,2019-11-10T12:37:07Z,Desktop,Social Media,10,4,False,False
34a05d63-aa7d-4553-9589-28b3d23a1dff,343,2023-06-07T04:29:07Z,2023-06-07T04:31:40Z,Desktop,Email,9,5,False,False
25c44951-f459-4b29-a41e-7d5ea3c4ab5f,491,2019-11-05T19:58:44Z,2019-11-05T19:58:57Z,Desktop,Direct,3,1,False,False
de2f2a25-5c6d-4023-a56b-0e4b6d6cc846,490,2023-03-18T14:35:51Z,2023-03-18T15:29:26Z,Mobile,Organic Search,72,20,False,False
d1bc8115-5874-4c4d-9518-93f303123697,186,2020-10-25T18:33:12Z,2020-10-25T18:34:11Z,Desktop,Email,5,1,False,False
6bdf8d09-79fe-4d26-8845-8f8a47753bf7,182,2025-12-21T21:21:55Z,2025-12-21T21:22:00Z,Mobile,Social Media,5,2,False,False
0527aa7b-0cf7-4d19-9862-90493f4b2da1,40,2020-06-02T14:15:04Z,2020-06-02T14:15:59Z,Mobile,Direct,5,2,False,False
9a9bb696-a370-4683-8f60-c86bb8e568b7,470,2025-11-02T11:11:28Z,2025-11-02T11:11:42Z,Mobile,Organic Search,1,0,False,False
1d41d486-e816-4888-8ec4-13297f70e5ac,495,2025-06-10T12:34:46Z,2025-06-10T12:44:07Z,Mobile,Direct,3,1,False,False
9f2832c7-42ee-4780-8140-cbdf782e0eb6,246,2019-09-12T19:43:42Z,2019-09-12T19:46:29Z,Mobile,Direct,15,3,False,True
e028412d-4490-41fe-9609-80f4fae5876a,111,2025-04-11T15:58:53Z,2025-04-11T15:59:53Z,Tablet,Social Media,3,2,False,False
0598fda6-07ea-4955-a3db-df6a50195fe4,496,2025-06-14T08:33:31Z,2025-06-14T08:41:33Z,Desktop,Organic Search,6,3,False,False
e533b2a0-91a3-4d5d-9bfc-19edec5a844d,66,2025-09-13T21:23:38Z,2025-09-13T22:12:20Z,Desktop,Direct,91,22,False,True
85b1156d-26f7-4813-afbe-750a70890543,99,2023-12-05T13:24:53Z,2023-12-05T13:31:38Z,Mobile,Paid Search,6,1,False,False
e3bb15e7-2882-4843-b8af-ffa9fa4a33b3,19,2025-11-03T02:58:24Z,2025-11-03T03:02:24Z,Mobile,Organic Search,8,2,False,False
76f09c64-8575-4a21-b040-8cd9b0f387bf,335,2023-05-19T06:37:15Z,2023-05-19T07:06:56Z,Mobile,Organic Search,12,0,False,False
2540bd83-a6d7-4789-ab24-e655a144bbb3,318,2023-06-21T20:44:13Z,2023-06-21T20:45:02Z,Desktop,Social Media,3,2,False,True
0ba1eb60-5613-4c80-a03a-f6c2f8d6b65d,295,2025-03-11T01:59:04Z,2025-03-11T01:59:24Z,Smart TV,Social Media,1,0,False,False
f116498a-f5f7-48d3-bac4-67843cd9aa77,177,2019-08-19T05:16:08Z,2019-08-19T05:30:06Z,Mobile,Email,11,3,False,False
0b06d16a-a79a-4868-9fb7-728fe85d2c7a,410,2025-07-01T21:30:00Z,2025-07-02T00:46:58Z,Mobile,Paid Search,44,13,True,False
