review_ref,product_ref,customer_ref,star_rating,review_headline,review_content,submitted_date,helpful_count,image_count,reviewer_name,verified_purchase,moderation_status,total_votes,seller_response,review_language,submission_device,review_date_only
1,449,280,4,Nice product,Happy with this purchase. It works well and the quality is good for the price.,2017-10-18T10:27:55Z,10,0,A Verified Reviewer,True,Approved,20,,en,iOS App,2017-10-18
2,431,16,4,Nice product,Happy with this purchase. It works well and the quality is good for the price.,2024-08-17T00:00:00Z,0,0,A Customer,False,Flagged,0,,en,Android App,2024-08-17
3,246,476,4,Good quality,Solid product that delivers on its promises. Shipping was fast and packaging was good.,2025-02-19T15:11:51Z,3,1,Verified Purchaser,True,Approved,5,,en,Tablet,2025-02-19
4,486,427,4,Nice product,Happy with this purchase. It works well and the quality is good for the price.,2025-05-16T00:00:00Z,12,0,Registered User,False,Approved,15,Thank you for your feedback! We're glad you enjoyed the product.,en,iOS App,2025-05-16
5,157,485,5,Outstanding!,I've been using this for weeks now and I'm absolutely thrilled with it. Highly recommended!,2025-11-24T00:00:00Z,0,0,User 485,False,Approved,0,,en,Tablet,2025-11-24
6,484,344,5,Worth every penny,Fantastic product! It does exactly what it promises and more. Very happy customer here.,2025-10-15T00:00:00Z,0,0,Registered User,False,Approved,1,,en,Desktop,2025-10-15
7,189,200,5,Exceeded expectations,Top-notch quality and great value for money. Would definitely purchase from this brand again.,2024-08-03T14:59:22Z,2,0,Verified Purchaser,True,Approved,3,We appreciate your review and are happy you had a positive experience.,en,iOS App,2024-08-03
8,293,187,5,Couldn't be happier,This product exceeded all my expectations. The quality is outstanding and it works perfectly.,2024-05-27T14:33:36Z,0,2,Verified Customer,True,Approved,0,Thank you for your feedback! We're glad you enjoyed the product.,en,iOS App,2024-05-27
9,48,282,4,Very satisfied,Good value for money. Does what I needed it to do. Would consider buying again.,2025-12-04T20:49:43Z,2,0,Verified Customer,True,Approved,4,,de,Android App,2025-12-04
10,289,430,5,Amazing quality,This product exceeded all my expectations. The quality is outstanding and it works perfectly.,2024-08-29T00:00:00Z,0,0,Member 430,False,Approved,0,We appreciate your honest feedback and will use it to improve our products.,fr,Desktop,2024-08-29
11,233,349,4,Great product,Solid product that delivers on its promises. Shipping was fast and packaging was good.,2024-08-19T18:30:28Z,2,0,Verified Customer,True,Approved,4,Thank you for taking the time to share your thoughts with us.,en,Tablet,2024-08-19
12,280,12,3,Average product,It works but I expected a bit more based on the description. Okay overall.,2018-01-26T14:08:46Z,0,0,Verified Buyer,True,Approved,0,,en,iOS App,2018-01-26
13,494,116,5,Worth every penny,Best purchase I've made in a long time. The build quality is excellent and it arrived quickly.,2025-10-27T15:55:17Z,0,0,A Verified Reviewer,True,Pending,1,,de,Android App,2025-10-27
14,36,151,5,Outstanding!,Best purchase I've made in a long time. The build quality is excellent and it arrived quickly.,2024-04-07T00:00:00Z,1,0,Shopper,False,Approved,2,,en,Android App,2024-04-07
15,278,436,4,Good quality,Good value for money. Does what I needed it to do. Would consider buying again.,2025-04-23T00:00:00Z,4,1,A Customer,False,Approved,5,,es,iOS App,2025-04-23
16,110,345,2,Could be better,Disappointed with this purchase. The quality is not as good as advertised.,2024-01-31T00:00:00Z,1,0,User 345,False,Approved,3,,en,Android App,2024-01-31
17,189,200,4,Very satisfied,Solid product that delivers on its promises. Shipping was fast and packaging was good.,2024-08-30T14:59:22Z,0,1,Verified Buyer,True,Approved,1,,en,Desktop,2024-08-30
18,92,200,4,Would buy again,Really good product overall. A few minor issues but nothing major. Would recommend.,2024-07-19T14:59:22Z,1,1,Verified Purchaser,True,Approved,3,,en,Tablet,2024-07-19
19,349,280,4,Very satisfied,Happy with this purchase. It works well and the quality is good for the price.,2017-10-12T10:27:55Z,7,0,Verified Buyer,True,Approved,10,,en,iOS App,2017-10-12
20,497,452,4,Nice product,Solid product that delivers on its promises. Shipping was fast and packaging was good.,2025-02-20T17:44:16Z,1,0,A Verified Reviewer,True,Approved,2,,en,iOS App,2025-02-20
21,92,200,4,Nice product,Solid product that delivers on its promises. Shipping was fast and packaging was good.,2024-08-18T14:59:22Z,0,0,A Verified Reviewer,True,Approved,0,,en,iOS App,2024-08-18
22,188,211,5,Perfect!,Fantastic product! It does exactly what it promises and more. Very happy customer here.,2024-02-11T00:00:00Z,3,0,Shopper,False,Approved,5,Thank you for your feedback! We're glad you enjoyed the product.,pt,iOS App,2024-02-11
23,45,291,3,It's okay,Decent product for the price point. Some features could be improved.,2021-12-16T11:36:02Z,0,0,Verified Buyer,True,Approved,1,,en,iOS App,2021-12-16
24,248,105,5,Highly recommend!,I've been using this for weeks now and I'm absolutely thrilled with it. Highly recommended!,2025-02-13T08:50:29Z,1,0,Verified Buyer,True,Approved,3,,en,iOS App,2025-02-13
25,219,150,3,Does the job,Middle of the road product. Not bad but not great either. Fair value.,2023-12-04T07:29:49Z,1,2,Customer 150,True,Approved,3,,en,Android App,2023-12-04
26,73,427,5,Highly recommend!,Top-notch quality and great value for money. Would definitely purchase from this brand again.,2024-11-28T00:00:00Z,0,0,Registered User,False,Approved,0,,en,Desktop,2024-11-28
27,148,77,5,Worth every penny,I've been using this for weeks now and I'm absolutely thrilled with it. Highly recommended!,2024-10-12T02:32:24Z,1,0,Customer 77,True,Approved,2,,es,Mobile Web,2024-10-12
28,404,372,4,Solid choice,Really good product overall. A few minor issues but nothing major. Would recommend.,2024-10-13T00:00:00Z,1,1,Member 372,False,Approved,2,Thank you for taking the time to share your thoughts with us.,en,Desktop,2024-10-13
29,387,52,5,Exceeded expectations,Best purchase I've made in a long time. The build quality is excellent and it arrived quickly.,2025-05-14T00:00:00Z,0,0,User 52,False,Approved,0,,en,Tablet,2025-05-14
30,410,2,5,Highly recommend!,Fantastic product! It does exactly what it promises and more. Very happy customer here.,2025-04-04T00:00:00Z,1,0,User 2,False,Approved,2,,en,iOS App,2025-04-04
31,395,206,5,Exceeded expectations,Top-notch quality and great value for money. Would definitely purchase from this brand again.,2024-12-11T08:48:26Z,1,0,Verified Customer,True,Approved,2,,en,iOS App,2024-12-11
32,422,272,3,Decent quality,Decent product for the price point. Some features could be improved.,2024-05-11T00:00:00Z,3,0,User 272,False,Approved,5,,en,Desktop,2024-05-11
33,53,206,3,Does the job,It works but I expected a bit more based on the description. Okay overall.,2025-02-25T08:48:26Z,3,0,Verified Customer,True,Approved,5,,en,Mobile Web,2025-02-25
34,12,162,4,Nice product,Nice quality and works as expected. Customer service was helpful when I had questions.,2025-02-27T01:46:13Z,2,1,A Verified Reviewer,True,Approved,5,,en,iOS App,2025-02-27
35,154,61,2,Not great,Had issues right out of the box. Quality control seems lacking.,2025-05-21T00:00:00Z,2,0,Member 61,False,Approved,4,,en,Tablet,2025-05-21
36,13,251,4,Happy with purchase,Nice quality and works as expected. Customer service was helpful when I had questions.,2021-08-05T21:17:34Z,0,0,A Verified Reviewer,True,Approved,1,,en,Tablet,2021-08-05
37,118,65,5,Couldn't be happier,Top-notch quality and great value for money. Would definitely purchase from this brand again.,2024-10-14T00:00:00Z,11,0,Shopper,False,Approved,15,,es,iOS App,2024-10-14
38,48,282,4,Nice product,Good value for money. Does what I needed it to do. Would consider buying again.,2025-11-02T20:49:43Z,1,0,A Verified Reviewer,True,Approved,3,,en,Android App,2025-11-02
39,341,94,5,Perfect!,Best purchase I've made in a long time. The build quality is excellent and it arrived quickly.,2025-03-01T00:00:00Z,1,0,A Customer,False,Approved,2,,en,Tablet,2025-03-01
40,9,89,4,Nice product,Happy with this purchase. It works well and the quality is good for the price.,2025-01-31T21:13:27Z,7,0,Verified Purchaser,True,Approved,10,,en,iOS App,2025-01-31
41,361,321,5,Five stars deserved,This product exceeded all my expectations. The quality is outstanding and it works perfectly.,2023-12-31T00:00:00Z,2,0,Registered User,False,Approved,4,,en,Mobile Web,2023-12-31
42,252,55,5,Love it!,Top-notch quality and great value for money. Would definitely purchase from this brand again.,2024-05-16T00:00:00Z,0,1,Registered User,False,Approved,1,,en,Tablet,2024-05-16
43,100,157,5,Perfect!,I've been using this for weeks now and I'm absolutely thrilled with it. Highly recommended!,2024-09-28T00:00:00Z,1,0,Shopper,False,Rejected,2,,en,iOS App,2024-09-28
44,423,105,3,Meets expectations,It works but I expected a bit more based on the description. Okay overall.,2025-01-27T08:50:29Z,4,1,Verified Customer,True,Approved,5,,en,iOS App,2025-01-27
45,435,415,3,Nothing special,Meets basic expectations but doesn't stand out. You get what you pay for.,2025-05-14T00:00:00Z,1,1,Registered User,False,Approved,3,,en,Android App,2025-05-14
46,463,452,4,Happy with purchase,Nice quality and works as expected. Customer service was helpful when I had questions.,2024-12-25T17:44:16Z,2,0,A Verified Reviewer,True,Approved,4,,en,Android App,2024-12-25
47,415,263,5,Best purchase ever,Top-notch quality and great value for money. Would definitely purchase from this brand again.,2025-08-23T00:00:00Z,0,4,Registered User,False,Approved,0,,en,Desktop,2025-08-23
48,12,162,5,Excellent product!,Top-notch quality and great value for money. Would definitely purchase from this brand again.,2025-05-06T01:46:13Z,0,2,Verified Customer,True,Approved,0,Thank you for your feedback! We're glad you enjoyed the product.,en,Mobile Web,2025-05-06
49,303,296,5,Best purchase ever,Top-notch quality and great value for money. Would definitely purchase from this brand again.,2025-09-01T23:07:26Z,0,1,Verified Customer,True,Approved,0,,en,Android App,2025-09-01
50,107,90,4,Recommended,Really good product overall. A few minor issues but nothing major. Would recommend.,2024-07-01T00:00:00Z,0,0,A Customer,False,Rejected,0,,en,Desktop,2024-07-01
51,160,457,5,Outstanding!,Fantastic product! It does exactly what it promises and more. Very happy customer here.,2024-09-21T00:00:00Z,0,0,Registered User,False,Approved,1,,en,Desktop,2024-09-21
52,187,218,4,Good quality,Nice quality and works as expected. Customer service was helpful when I had questions.,2025-05-30T00:00:00Z,0,0,Shopper,False,Rejected,0,,en,Tablet,2025-05-30
53,72,299,3,Fair value,Meets basic expectations but doesn't stand out. You get what you pay for.,2025-12-24T07:09:37Z,2,3,Verified Customer,True,Approved,3,,en,iOS App,2025-12-24
54,200,354,5,Love it!,I've been using this for weeks now and I'm absolutely thrilled with it. Highly recommended!,2025-03-09T20:30:35Z,0,0,A Verified Reviewer,True,Approved,0,Thank you for taking the time to share your thoughts with us.,en,Desktop,2025-03-09
55,70,53,2,Disappointed,Not worth the price. There are better options available for less money.,2024-01-20T00:00:00Z,7,1,Registered User,False,Pending,10,,en,Android App,2024-01-20
56,492,403,4,Happy with purchase,Really good product overall. A few minor issues but nothing major. Would recommend.,2025-09-13T00:00:00Z,7,0,A Customer,False,Pending,10,,en,Android App,2025-09-13
57,297,68,4,Solid choice,Solid product that delivers on its promises. Shipping was fast and packaging was good.,2025-04-11T00:00:00Z,0,0,Registered User,False,Approved,0,Thank you for taking the time to share your thoughts with us.,en,Tablet,2025-04-11
58,500,396,3,Fair value,Middle of the road product. Not bad but not great either. Fair value.,2024-05-25T00:00:00Z,5,4,Registered User,False,Approved,10,,en,iOS App,2024-05-25
59,78,268,5,Five stars deserved,Best purchase I've made in a long time. The build quality is excellent and it arrived quickly.,2024-04-15T00:00:00Z,1,0,User 268,False,Approved,3,We appreciate your honest feedback and will use it to improve our products.,en,iOS App,2024-04-15
60,471,91,4,Nice product,Really good product overall. A few minor issues but nothing major. Would recommend.,2025-04-27T18:27:07Z,2,1,Verified Purchaser,True,Approved,4,Thank you for your kind words! We hope to serve you again soon.,fr,Desktop,2025-04-27
61,241,243,5,Five stars deserved,This product exceeded all my expectations. The quality is outstanding and it works perfectly.,2019-01-01T12:59:40Z,1,0,Customer 243,True,Approved,2,,en,Desktop,2019-01-01
62,97,204,2,Not worth it,Below my expectations. It works but feels cheaply made. Wouldn't buy again.,2025-03-16T11:36:43Z,8,0,Verified Customer,True,Approved,10,,en,iOS App,2025-03-16
63,104,116,5,Worth every penny,Best purchase I've made in a long time. The build quality is excellent and it arrived quickly.,2025-11-13T15:55:17Z,3,2,A Verified Reviewer,True,Flagged,4,,en,Desktop,2025-11-13
64,340,162,4,Nice product,Happy with this purchase. It works well and the quality is good for the price.,2025-04-05T01:46:13Z,1,1,Verified Customer,True,Approved,2,,en,Android App,2025-04-05
65,473,282,4,Nice product,Happy with this purchase. It works well and the quality is good for the price.,2025-11-17T20:49:43Z,1,0,Verified Buyer,True,Approved,2,Thank you for your kind words! We hope to serve you again soon.,en,Mobile Web,2025-11-17
66,229,204,4,Recommended,Solid product that delivers on its promises. Shipping was fast and packaging was good.,2018-07-17T16:16:51Z,1,1,Verified Buyer,True,Approved,2,,en,iOS App,2018-07-17
67,248,200,2,Underwhelming,Product arrived damaged and customer service was slow to respond. Not happy.,2024-11-18T14:59:22Z,0,0,Verified Customer,True,Approved,0,We appreciate your review and are happy you had a positive experience.,en,Desktop,2024-11-18
68,9,89,2,Below expectations,Disappointed with this purchase. The quality is not as good as advertised.,2024-12-11T21:13:27Z,0,2,Customer 89,True,Approved,0,,en,Desktop,2024-12-11
69,189,351,5,Outstanding!,Fantastic product! It does exactly what it promises and more. Very happy customer here.,2025-11-14T13:56:14Z,2,1,A Verified Reviewer,True,Approved,5,,en,Tablet,2025-11-14
70,34,125,5,Perfect!,Fantastic product! It does exactly what it promises and more. Very happy customer here.,2025-02-17T08:00:23Z,0,0,Verified Customer,True,Approved,1,,en,Desktop,2025-02-17
71,461,15,3,Fair value,Decent product for the price point. Some features could be improved.,2025-08-22T19:37:51Z,1,1,Verified Customer,True,Approved,2,,fr,Android App,2025-08-22
72,495,344,3,Decent quality,Meets basic expectations but doesn't stand out. You get what you pay for.,2025-01-02T00:00:00Z,9,4,A Customer,False,Approved,15,,de,Tablet,2025-01-02
73,476,159,4,Would buy again,Nice quality and works as expected. Customer service was helpful when I had questions.,2025-07-04T00:12:00Z,0,2,Customer 159,True,Approved,0,,en,iOS App,2025-07-04
74,127,338,5,Excellent product!,Fantastic product! It does exactly what it promises and more. Very happy customer here.,2024-02-29T10:26:14Z,3,0,Verified Buyer,True,Approved,4,,en,Desktop,2024-02-29
75,288,187,5,Highly recommend!,Top-notch quality and great value for money. Would definitely purchase from this brand again.,2024-06-08T14:33:36Z,2,0,Customer 187,True,Approved,3,,en,Desktop,2024-06-08
76,448,77,4,Solid choice,Happy with this purchase. It works well and the quality is good for the price.,2024-01-07T00:00:00Z,2,0,A Customer,False,Approved,5,,en,Desktop,2024-01-07
77,452,452,5,Amazing quality,Top-notch quality and great value for money. Would definitely purchase from this brand again.,2025-03-24T17:44:16Z,0,1,A Verified Reviewer,True,Approved,0,,en,iOS App,2025-03-24
78,500,209,5,Couldn't be happier,Top-notch quality and great value for money. Would definitely purchase from this brand again.,2019-05-09T15:31:56Z,7,0,Verified Purchaser,True,Flagged,10,,en,Tablet,2019-05-09
79,352,459,4,Solid choice,Really good product overall. A few minor issues but nothing major. Would recommend.,2025-11-02T00:00:00Z,2,1,Shopper,False,Approved,5,,en,Desktop,2025-11-02
80,244,333,1,Worst purchase,Avoid this product at all costs. It's nothing like the description or photos.,2025-12-24T01:48:09Z,8,0,A Verified Reviewer,True,Approved,10,,en,iOS App,2025-12-24
81,45,291,5,Love it!,This product exceeded all my expectations. The quality is outstanding and it works perfectly.,2022-01-03T11:36:02Z,0,2,A Verified Reviewer,True,Flagged,1,,en,Tablet,2022-01-03
82,246,476,5,Highly recommend!,This product exceeded all my expectations. The quality is outstanding and it works perfectly.,2025-01-03T15:11:51Z,2,0,Verified Purchaser,True,Approved,3,We appreciate your review and are happy you had a positive experience.,es,Android App,2025-01-03
83,189,200,5,Love it!,Best purchase I've made in a long time. The build quality is excellent and it arrived quickly.,2024-12-27T14:59:22Z,0,0,Verified Purchaser,True,Approved,0,Thank you for taking the time to share your thoughts with us.,en,Desktop,2024-12-27
84,148,77,2,Not worth it,Not worth the price. There are better options available for less money.,2024-10-10T02:32:24Z,0,4,A Verified Reviewer,True,Approved,0,,en,Desktop,2024-10-10
85,475,110,4,Solid choice,Solid product that delivers on its promises. Shipping was fast and packaging was good.,2021-03-26T01:21:26Z,1,0,A Verified Reviewer,True,Approved,2,,en,Mobile Web,2021-03-26
86,321,299,5,Love it!,Best purchase I've made in a long time. The build quality is excellent and it arrived quickly.,2025-11-20T02:47:05Z,0,2,Verified Purchaser,True,Approved,0,,it,Android App,2025-11-20
87,489,54,5,Couldn't be happier,Best purchase I've made in a long time. The build quality is excellent and it arrived quickly.,2022-05-25T06:37:21Z,1,0,Verified Customer,True,Approved,2,Thank you for taking the time to share your thoughts with us.,en,Android App,2022-05-25
88,361,185,5,Excellent product!,Fantastic product! It does exactly what it promises and more. Very happy customer here.,2025-03-17T07:10:52Z,8,1,Verified Buyer,True,Approved,15,,fr,iOS App,2025-03-17
89,225,13,4,Happy with purchase,Happy with this purchase. It works well and the quality is good for the price.,2025-12-21T00:40:11Z,1,2,Verified Buyer,True,Rejected,3,,en,iOS App,2025-12-21
90,310,119,1,Very disappointed,Worst purchase I've ever made. Cheaply made and doesn't work as advertised.,2025-06-07T00:00:00Z,1,0,A Customer,False,Approved,2,,en,Android App,2025-06-07
91,107,311,5,Outstanding!,I've been using this for weeks now and I'm absolutely thrilled with it. Highly recommended!,2025-03-28T10:58:29Z,0,0,A Verified Reviewer,True,Approved,0,We appreciate your review and are happy you had a positive experience.,en,iOS App,2025-03-28
92,331,98,5,Couldn't be happier,Fantastic product! It does exactly what it promises and more. Very happy customer here.,2025-12-08T00:00:00Z,10,2,Shopper,False,Approved,15,,en,iOS App,2025-12-08
93,457,366,2,Not great,Product arrived damaged and customer service was slow to respond. Not happy.,2025-03-16T00:00:00Z,0,3,A Customer,False,Flagged,1,,en,Desktop,2025-03-16
94,97,204,3,Fair value,Meets basic expectations but doesn't stand out. You get what you pay for.,2025-03-12T11:36:43Z,2,0,Verified Purchaser,True,Approved,4,We're sorry to hear about your experience. Please contact our support team.,en,Android App,2025-03-12
95,306,96,5,Worth every penny,This product exceeded all my expectations. The quality is outstanding and it works perfectly.,2024-11-09T00:00:00Z,0,0,Registered User,False,Approved,1,,en,iOS App,2024-11-09
96,268,211,4,Solid choice,Happy with this purchase. It works well and the quality is good for the price.,2024-12-11T00:00:00Z,1,1,A Customer,False,Approved,2,,en,iOS App,2024-12-11
97,300,223,5,Excellent product!,Best purchase I've made in a long time. The build quality is excellent and it arrived quickly.,2021-11-09T03:10:34Z,43,1,Customer 223,True,Approved,50,,en,Desktop,2021-11-09
98,306,257,4,Happy with purchase,Happy with this purchase. It works well and the quality is good for the price.,2022-08-04T23:48:17Z,2,1,A Verified Reviewer,True,Approved,4,,it,Desktop,2022-08-04
99,188,118,3,Does the job,It works but I expected a bit more based on the description. Okay overall.,2024-06-04T00:00:00Z,1,1,Member 118,False,Approved,2,,en,iOS App,2024-06-04
100,33,150,3,Does the job,Decent product for the price point. Some features could be improved.,2024-04-12T07:29:49Z,0,0,Verified Purchaser,True,Pending,0,,en,Desktop,2024-04-12
101,4,42,5,Highly recommend!,This product exceeded all my expectations. The quality is outstanding and it works perfectly.,2025-10-14T04:06:52Z,9,2,Customer 42,True,Approved,15,,es,Mobile Web,2025-10-14
102,257,200,3,Acceptable,Meets basic expectations but doesn't stand out. You get what you pay for.,2024-12-13T14:59:22Z,2,0,Verified Customer,True,Approved,4,,en,Android App,2024-12-13
103,338,354,4,Recommended,Really good product overall. A few minor issues but nothing major. Would recommend.,2025-02-01T20:30:35Z,11,1,Verified Customer,True,Approved,20,,en,iOS App,2025-02-01
104,91,204,3,Meets expectations,Decent product for the price point. Some features could be improved.,2018-12-15T16:16:51Z,1,4,Verified Buyer,True,Approved,2,,en,Desktop,2018-12-15
105,207,60,5,Excellent product!,Fantastic product! It does exactly what it promises and more. Very happy customer here.,2021-12-12T03:22:42Z,2,0,A Verified Reviewer,True,Approved,3,Thank you for taking the time to share your thoughts with us.,en,Android App,2021-12-12
106,423,116,4,Good quality,Happy with this purchase. It works well and the quality is good for the price.,2025-12-14T15:55:17Z,0,0,Verified Purchaser,True,Approved,0,,en,Desktop,2025-12-14
107,148,77,5,Exceeded expectations,Top-notch quality and great value for money. Would definitely purchase from this brand again.,2024-07-17T02:32:24Z,10,0,A Verified Reviewer,True,Approved,15,Thank you for taking the time to share your thoughts with us.,en,Desktop,2024-07-17
108,19,279,5,Worth every penny,Best purchase I've made in a long time. The build quality is excellent and it arrived quickly.,2024-09-18T00:00:00Z,1,0,Shopper,False,Flagged,2,,es,iOS App,2024-09-18
109,300,280,5,Love it!,Best purchase I've made in a long time. The build quality is excellent and it arrived quickly.,2017-12-09T10:27:55Z,4,0,Verified Customer,True,Approved,5,Thank you for taking the time to share your thoughts with us.,en,iOS App,2017-12-09
110,489,129,4,Recommended,Solid product that delivers on its promises. Shipping was fast and packaging was good.,2022-07-22T17:32:09Z,4,0,Customer 129,True,Approved,5,Thank you for your feedback! We're glad you enjoyed the product.,en,Tablet,2022-07-22
111,362,248,5,Five stars deserved,Top-notch quality and great value for money. Would definitely purchase from this brand again.,2025-06-21T00:00:00Z,0,0,Shopper,False,Pending,1,,es,Tablet,2025-06-21
112,149,43,5,Exceeded expectations,Fantastic product! It does exactly what it promises and more. Very happy customer here.,2024-08-05T00:00:00Z,0,0,A Customer,False,Approved,0,,en,Android App,2024-08-05
113,394,243,2,Underwhelming,Disappointed with this purchase. The quality is not as good as advertised.,2018-11-08T12:59:40Z,0,0,Verified Buyer,True,Approved,1,,en,iOS App,2018-11-08
114,38,40,3,Meets expectations,It's an average product. Nothing special but it gets the job done adequately.,2025-05-04T00:00:00Z,0,0,User 40,False,Approved,0,,en,Mobile Web,2025-05-04
115,480,307,4,Great product,Solid product that delivers on its promises. Shipping was fast and packaging was good.,2025-10-26T01:59:48Z,0,0,Verified Customer,True,Rejected,0,,en,Tablet,2025-10-26
116,229,204,5,Couldn't be happier,Fantastic product! It does exactly what it promises and more. Very happy customer here.,2018-08-21T16:16:51Z,0,0,Verified Buyer,True,Approved,0,,en,iOS App,2018-08-21
117,295,342,4,Happy with purchase,Really good product overall. A few minor issues but nothing major. Would recommend.,2018-05-15T09:41:23Z,0,0,Customer 342,True,Approved,0,,en,Android App,2018-05-15
118,398,87,5,Excellent product!,Best purchase I've made in a long time. The build quality is excellent and it arrived quickly.,2025-03-28T00:00:00Z,0,1,User 87,False,Approved,0,,en,Android App,2025-03-28
119,251,162,4,Recommended,Solid product that delivers on its promises. Shipping was fast and packaging was good.,2025-04-13T01:46:13Z,1,5,Verified Purchaser,True,Approved,2,,de,iOS App,2025-04-13
120,349,303,5,Excellent product!,Fantastic product! It does exactly what it promises and more. Very happy customer here.,2025-11-21T21:21:18Z,1,2,Verified Customer,True,Approved,3,,en,Desktop,2025-11-21
121,189,41,4,Nice product,Good value for money. Does what I needed it to do. Would consider buying again.,2025-10-18T00:00:00Z,0,0,User 41,False,Approved,0,,pt,iOS App,2025-10-18
122,436,200,1,Complete waste,Do not buy! This is a scam product. I want my money back immediately.,2024-08-25T14:59:22Z,1,2,Customer 200,True,Pending,2,,es,Tablet,2024-08-25
123,175,317,4,Happy with purchase,Really good product overall. A few minor issues but nothing major. Would recommend.,2025-08-16T06:12:07Z,0,0,A Verified Reviewer,True,Approved,1,,en,iOS App,2025-08-16
124,473,282,5,Highly recommend!,Best purchase I've made in a long time. The build quality is excellent and it arrived quickly.,2025-12-18T20:49:43Z,2,0,Customer 282,True,Approved,3,,en,iOS App,2025-12-18
125,209,150,5,Highly recommend!,This product exceeded all my expectations. The quality is outstanding and it works perfectly.,2024-04-04T07:29:49Z,0,0,A Verified Reviewer,True,Approved,0,,en,iOS App,2024-04-04
126,424,45,4,Good quality,Nice quality and works as expected. Customer service was helpful when I had questions.,2025-09-01T00:00:00Z,3,0,Member 45,False,Approved,4,,en,Android App,2025-09-01
127,39,349,2,Underwhelming,Had issues right out of the box. Quality control seems lacking.,2024-08-14T18:30:28Z,2,1,Customer 349,True,Approved,4,,en,Mobile Web,2024-08-14
128,55,282,4,Good quality,Really good product overall. A few minor issues but nothing major. Would recommend.,2025-08-14T00:00:00Z,0,0,Registered User,False,Rejected,0,,en,iOS App,2025-08-14
129,251,162,5,Highly recommend!,Top-notch quality and great value for money. Would definitely purchase from this brand again.,2025-07-15T01:46:13Z,0,0,A Verified Reviewer,True,Approved,0,,en,Tablet,2025-07-15
130,72,299,2,Would not recommend,Disappointed with this purchase. The quality is not as good as advertised.,2025-12-19T07:09:37Z,0,0,Customer 299,True,Pending,0,,en,Desktop,2025-12-19
131,104,365,2,Underwhelming,Product arrived damaged and customer service was slow to respond. Not happy.,2025-09-13T00:00:00Z,4,0,Member 365,False,Approved,5,,pt,iOS App,2025-09-13
132,475,409,3,Decent quality,Meets basic expectations but doesn't stand out. You get what you pay for.,2025-03-27T00:00:00Z,0,2,User 409,False,Approved,0,We're sorry to hear about your experience. Please contact our support team.,de,iOS App,2025-03-27
133,411,469,3,Decent quality,It's an average product. Nothing special but it gets the job done adequately.,2023-07-19T07:00:23Z,2,0,A Verified Reviewer,True,Approved,3,Thank you for your feedback! We're glad you enjoyed the product.,en,Android App,2023-07-19
134,291,308,4,Would buy again,Good value for money. Does what I needed it to do. Would consider buying again.,2025-02-16T00:00:00Z,0,0,User 308,False,Approved,0,We appreciate your honest feedback and will use it to improve our products.,en,iOS App,2025-02-16
135,97,204,2,Would not recommend,Had issues right out of the box. Quality control seems lacking.,2025-04-15T11:36:43Z,11,0,Customer 204,True,Approved,15,,en,iOS App,2025-04-15
136,4,42,2,Poor quality,Had issues right out of the box. Quality control seems lacking.,2025-10-28T04:06:52Z,1,0,Verified Customer,True,Approved,2,,en,Desktop,2025-10-28
137,436,200,4,Would buy again,Happy with this purchase. It works well and the quality is good for the price.,2024-12-29T14:59:22Z,2,1,Verified Customer,True,Approved,4,,fr,Desktop,2024-12-29
138,129,12,4,Happy with purchase,Really good product overall. A few minor issues but nothing major. Would recommend.,2017-10-12T14:08:46Z,2,2,Verified Purchaser,True,Approved,3,We appreciate your honest feedback and will use it to improve our products.,en,iOS App,2017-10-12
139,170,173,4,Solid choice,Really good product overall. A few minor issues but nothing major. Would recommend.,2024-10-21T00:00:00Z,0,2,A Customer,False,Approved,0,Thank you for taking the time to share your thoughts with us.,en,iOS App,2024-10-21
140,375,374,3,Decent quality,It works but I expected a bit more based on the description. Okay overall.,2024-12-07T00:00:00Z,2,3,User 374,False,Approved,3,,en,Desktop,2024-12-07
141,229,204,5,Five stars deserved,Fantastic product! It does exactly what it promises and more. Very happy customer here.,2018-10-25T16:16:51Z,0,0,Customer 204,True,Flagged,0,,en,Tablet,2018-10-25
142,93,110,4,Solid choice,Really good product overall. A few minor issues but nothing major. Would recommend.,2025-10-22T00:00:00Z,0,0,User 110,False,Approved,1,Thank you for taking the time to share your thoughts with us.,en,Tablet,2025-10-22
143,365,37,5,Couldn't be happier,I've been using this for weeks now and I'm absolutely thrilled with it. Highly recommended!,2025-04-30T00:00:00Z,16,0,A Customer,False,Approved,20,,en,Tablet,2025-04-30
144,394,115,5,Outstanding!,I've been using this for weeks now and I'm absolutely thrilled with it. Highly recommended!,2025-02-16T03:33:47Z,2,2,Verified Customer,True,Approved,4,,en,Tablet,2025-02-16
145,398,405,5,Excellent product!,This product exceeded all my expectations. The quality is outstanding and it works perfectly.,2024-06-25T00:00:00Z,4,0,Member 405,False,Approved,5,Thank you for taking the time to share your thoughts with us.,en,Tablet,2024-06-25
146,392,185,4,Nice product,Happy with this purchase. It works well and the quality is good for the price.,2025-03-15T07:10:52Z,6,3,Customer 185,True,Approved,10,,en,Android App,2025-03-15
147,284,321,5,Exceeded expectations,I've been using this for weeks now and I'm absolutely thrilled with it. Highly recommended!,2025-12-03T00:00:00Z,1,0,Member 321,False,Approved,2,,en,iOS App,2025-12-03
148,293,209,5,Five stars deserved,I've been using this for weeks now and I'm absolutely thrilled with it. Highly recommended!,2019-10-16T15:31:56Z,44,2,A Verified Reviewer,True,Approved,50,,en,Tablet,2019-10-16
149,449,352,4,Solid choice,Nice quality and works as expected. Customer service was helpful when I had questions.,2024-03-28T00:00:00Z,0,0,Shopper,False,Rejected,0,,en,Android App,2024-03-28
150,392,185,4,Would buy again,Really good product overall. A few minor issues but nothing major. Would recommend.,2025-02-06T07:10:52Z,17,0,Verified Customer,True,Approved,20,,en,Desktop,2025-02-06
151,417,34,1,Awful quality,Complete waste of money. This product stopped working after just two days.,2024-02-25T00:00:00Z,0,0,User 34,False,Flagged,1,,en,iOS App,2024-02-25
152,344,62,5,Highly recommend!,This product exceeded all my expectations. The quality is outstanding and it works perfectly.,2025-12-14T00:00:00Z,0,0,Shopper,False,Approved,0,,en,Desktop,2025-12-14
153,416,328,4,Solid choice,Good value for money. Does what I needed it to do. Would consider buying again.,2024-12-15T00:00:00Z,1,2,A Customer,False,Approved,2,,en,iOS App,2024-12-15
154,52,204,5,Exceeded expectations,I've been using this for weeks now and I'm absolutely thrilled with it. Highly recommended!,2018-07-03T16:16:51Z,0,0,A Verified Reviewer,True,Approved,0,,en,iOS App,2018-07-03
155,489,296,5,Best purchase ever,I've been using this for weeks now and I'm absolutely thrilled with it. Highly recommended!,2025-06-04T23:07:26Z,7,0,Verified Purchaser,True,Approved,10,,fr,Android App,2025-06-04
156,489,296,5,Best purchase ever,Top-notch quality and great value for money. Would definitely purchase from this brand again.,2025-07-31T23:07:26Z,0,0,Verified Purchaser,True,Approved,0,,en,Desktop,2025-07-31
157,432,91,1,Stay away,Avoid this product at all costs. It's nothing like the description or photos.,2024-12-27T18:27:07Z,0,0,Verified Customer,True,Approved,1,We appreciate your honest feedback and will use it to improve our products.,en,Android App,2024-12-27
158,297,89,5,Exceeded expectations,Best purchase I've made in a long time. The build quality is excellent and it arrived quickly.,2024-08-22T21:13:27Z,0,0,Verified Buyer,True,Approved,0,,de,Desktop,2024-08-22
159,52,150,5,Amazing quality,This product exceeded all my expectations. The quality is outstanding and it works perfectly.,2024-03-02T21:29:49Z,0,0,Verified Purchaser,True,Approved,0,,en,iOS App,2024-03-02
160,104,116,5,Love it!,Fantastic product! It does exactly what it promises and more. Very happy customer here.,2025-11-25T15:55:17Z,1,0,Verified Purchaser,True,Pending,2,,en,Desktop,2025-11-25
161,13,251,4,Very satisfied,Really good product overall. A few minor issues but nothing major. Would recommend.,2021-10-09T21:17:34Z,6,0,Customer 251,True,Approved,10,,en,Desktop,2021-10-09
162,463,222,5,Amazing quality,This product exceeded all my expectations. The quality is outstanding and it works perfectly.,2025-04-11T00:00:00Z,3,0,Shopper,False,Approved,4,,en,Desktop,2025-04-11
163,299,251,5,Love it!,Top-notch quality and great value for money. Would definitely purchase from this brand again.,2021-11-20T21:17:34Z,0,2,Verified Customer,True,Pending,1,,en,iOS App,2021-11-20
164,299,251,5,Five stars deserved,Fantastic product! It does exactly what it promises and more. Very happy customer here.,2021-07-18T21:17:34Z,0,0,Customer 251,True,Approved,0,,en,Android App,2021-07-18
165,91,298,5,Outstanding!,Fantastic product! It does exactly what it promises and more. Very happy customer here.,2023-12-27T00:00:00Z,7,0,Registered User,False,Approved,10,Thank you for taking the time to share your thoughts with us.,en,Android App,2023-12-27
166,342,409,4,Solid choice,Really good product overall. A few minor issues but nothing major. Would recommend.,2025-11-23T11:51:32Z,0,0,Verified Buyer,True,Approved,0,,en,Desktop,2025-11-23
167,483,280,4,Recommended,Nice quality and works as expected. Customer service was helpful when I had questions.,2017-09-25T10:27:55Z,0,0,Verified Purchaser,True,Approved,0,,en,Tablet,2017-09-25
168,462,269,4,Solid choice,Really good product overall. A few minor issues but nothing major. Would recommend.,2024-03-22T00:00:00Z,0,0,User 269,False,Approved,0,Thank you for your kind words! We hope to serve you again soon.,en,Tablet,2024-03-22
169,483,280,4,Nice product,Solid product that delivers on its promises. Shipping was fast and packaging was good.,2017-10-27T10:27:55Z,0,0,Verified Customer,True,Approved,0,We appreciate your review and are happy you had a positive experience.,en,Android App,2017-10-27
170,72,159,4,Great product,Nice quality and works as expected. Customer service was helpful when I had questions.,2025-11-04T00:00:00Z,0,0,Registered User,False,Approved,0,,es,Desktop,2025-11-04
171,276,110,5,Best purchase ever,I've been using this for weeks now and I'm absolutely thrilled with it. Highly recommended!,2021-04-18T01:21:26Z,1,0,Verified Buyer,True,Approved,2,,en,Tablet,2021-04-18
172,158,286,4,Nice product,Happy with this purchase. It works well and the quality is good for the price.,2024-09-11T00:00:00Z,0,0,Shopper,False,Approved,1,,en,Desktop,2024-09-11
173,175,317,5,Best purchase ever,I've been using this for weeks now and I'm absolutely thrilled with it. Highly recommended!,2025-08-04T06:12:07Z,1,1,Verified Buyer,True,Approved,2,,pt,Tablet,2025-08-04
174,209,150,2,Poor quality,Below my expectations. It works but feels cheaply made. Wouldn't buy again.,2024-04-10T07:29:49Z,0,0,A Verified Reviewer,True,Approved,0,,en,iOS App,2024-04-10
175,403,278,4,Happy with purchase,Really good product overall. A few minor issues but nothing major. Would recommend.,2024-05-02T00:00:00Z,0,0,User 278,False,Approved,0,,en,Tablet,2024-05-02
176,378,150,2,Not worth it,Disappointed with this purchase. The quality is not as good as advertised.,2024-03-09T21:29:49Z,0,0,Verified Customer,True,Approved,0,,en,Desktop,2024-03-09
177,293,209,5,Love it!,I've been using this for weeks now and I'm absolutely thrilled with it. Highly recommended!,2019-05-13T15:31:56Z,0,0,A Verified Reviewer,True,Approved,1,Thank you for your kind words! We hope to serve you again soon.,en,iOS App,2019-05-13
178,182,289,4,Solid choice,Really good product overall. A few minor issues but nothing major. Would recommend.,2024-10-02T00:00:00Z,4,0,Registered User,False,Approved,5,,en,Mobile Web,2024-10-02
179,136,225,5,Worth every penny,Top-notch quality and great value for money. Would definitely purchase from this brand again.,2024-12-01T00:00:00Z,5,0,Shopper,False,Pending,10,,en,Android App,2024-12-01
180,258,110,3,Average product,Decent product for the price point. Some features could be improved.,2024-11-29T00:00:00Z,11,0,Shopper,False,Rejected,15,,en,Mobile Web,2024-11-29
181,146,303,4,Would buy again,Good value for money. Does what I needed it to do. Would consider buying again.,2025-09-04T00:00:00Z,2,0,Registered User,False,Approved,4,We appreciate your review and are happy you had a positive experience.,en,Mobile Web,2025-09-04
182,102,77,4,Great product,Happy with this purchase. It works well and the quality is good for the price.,2024-08-17T02:32:24Z,3,0,Verified Buyer,True,Approved,5,,en,Android App,2024-08-17
183,69,255,5,Couldn't be happier,Best purchase I've made in a long time. The build quality is excellent and it arrived quickly.,2025-01-17T00:00:00Z,0,0,Shopper,False,Approved,0,,en,Desktop,2025-01-17
184,295,342,4,Happy with purchase,Happy with this purchase. It works well and the quality is good for the price.,2018-09-18T09:41:23Z,6,1,Verified Purchaser,True,Approved,10,,es,Desktop,2018-09-18
185,293,209,5,Amazing quality,Top-notch quality and great value for money. Would definitely purchase from this brand again.,2019-08-26T15:31:56Z,0,0,Customer 209,True,Approved,1,,en,Desktop,2019-08-26
186,143,179,5,Amazing quality,This product exceeded all my expectations. The quality is outstanding and it works perfectly.,2025-10-30T00:00:00Z,0,0,A Customer,False,Approved,1,We appreciate your review and are happy you had a positive experience.,en,Android App,2025-10-30
187,10,333,5,Exceeded expectations,I've been using this for weeks now and I'm absolutely thrilled with it. Highly recommended!,2025-12-24T01:48:09Z,3,0,Verified Purchaser,True,Approved,5,Thank you for taking the time to share your thoughts with us.,en,Android App,2025-12-24
188,379,137,4,Very satisfied,Happy with this purchase. It works well and the quality is good for the price.,2024-03-13T00:00:00Z,1,2,Registered User,False,Flagged,2,,en,Desktop,2024-03-13
189,355,302,5,Perfect!,I've been using this for weeks now and I'm absolutely thrilled with it. Highly recommended!,2025-03-06T00:00:00Z,0,1,Shopper,False,Approved,1,,en,Desktop,2025-03-06
190,392,296,3,Fair value,Middle of the road product. Not bad but not great either. Fair value.,2025-06-11T23:07:26Z,0,0,Customer 296,True,Approved,1,,en,Android App,2025-06-11
191,413,326,1,Do not buy,Avoid this product at all costs. It's nothing like the description or photos.,2025-08-30T00:00:00Z,1,0,Shopper,False,Approved,2,,es,Desktop,2025-08-30
192,76,26,3,Decent quality,Decent product for the price point. Some features could be improved.,2025-05-05T20:56:10Z,6,5,A Verified Reviewer,True,Pending,10,,en,Tablet,2025-05-05
193,272,206,4,Very satisfied,Good value for money. Does what I needed it to do. Would consider buying again.,2024-12-29T08:48:26Z,0,3,Customer 206,True,Approved,0,,en,Desktop,2024-12-29
194,244,333,3,It's okay,Middle of the road product. Not bad but not great either. Fair value.,2025-12-02T01:48:09Z,1,1,Verified Buyer,True,Approved,2,,it,Android App,2025-12-02
195,385,452,5,Five stars deserved,Top-notch quality and great value for money. Would definitely purchase from this brand again.,2022-09-22T13:11:16Z,2,0,Verified Customer,True,Approved,5,Thank you for your kind words! We hope to serve you again soon.,de,Tablet,2022-09-22
196,257,200,2,Below expectations,Disappointed with this purchase. The quality is not as good as advertised.,2024-10-07T14:59:22Z,1,0,Verified Purchaser,True,Approved,2,,en,Desktop,2024-10-07
197,21,223,5,Excellent product!,This product exceeded all my expectations. The quality is outstanding and it works perfectly.,2025-11-18T00:00:00Z,0,0,Registered User,False,Rejected,0,,es,iOS App,2025-11-18
198,267,475,2,Poor quality,Disappointed with this purchase. The quality is not as good as advertised.,2025-08-14T00:00:00Z,0,0,A Customer,False,Approved,0,We appreciate your review and are happy you had a positive experience.,en,Desktop,2025-08-14
199,121,432,5,Outstanding!,Top-notch quality and great value for money. Would definitely purchase from this brand again.,2025-12-02T00:00:00Z,1,0,Member 432,False,Approved,2,Thank you for taking the time to share your thoughts with us.,en,iOS App,2025-12-02
200,293,209,4,Happy with purchase,Really good product overall. A few minor issues but nothing major. Would recommend.,2019-06-05T15:31:56Z,0,0,Verified Customer,True,Approved,0,We appreciate your review and are happy you had a positive experience.,en,Tablet,2019-06-05
201,227,452,5,Highly recommend!,Top-notch quality and great value for money. Would definitely purchase from this brand again.,2023-01-20T13:11:16Z,7,0,A Verified Reviewer,True,Approved,10,,en,Desktop,2023-01-20
202,489,54,4,Good quality,Solid product that delivers on its promises. Shipping was fast and packaging was good.,2022-05-13T06:37:21Z,0,0,Verified Customer,True,Approved,0,,es,Android App,2022-05-13
203,64,282,4,Would buy again,Good value for money. Does what I needed it to do. Would consider buying again.,2025-11-27T20:49:43Z,3,1,Verified Buyer,True,Approved,4,,en,Desktop,2025-11-27
204,182,49,5,Couldn't be happier,Best purchase I've made in a long time. The build quality is excellent and it arrived quickly.,2025-12-22T19:58:09Z,15,0,Verified Buyer,True,Pending,20,,en,Mobile Web,2025-12-22
205,429,332,5,Exceeded expectations,I've been using this for weeks now and I'm absolutely thrilled with it. Highly recommended!,2025-06-29T00:00:00Z,1,0,User 332,False,Approved,2,,en,Desktop,2025-06-29
206,473,282,5,Worth every penny,Top-notch quality and great value for money. Would definitely purchase from this brand again.,2025-11-26T20:49:43Z,3,0,Verified Purchaser,True,Approved,5,,en,Desktop,2025-11-26
207,311,115,5,Highly recommend!,This product exceeded all my expectations. The quality is outstanding and it works perfectly.,2025-04-09T03:33:47Z,3,1,Verified Buyer,True,Approved,4,,en,Android App,2025-04-09
208,220,223,4,Happy with purchase,Good value for money. Does what I needed it to do. Would consider buying again.,2022-01-30T03:10:34Z,1,1,Verified Buyer,True,Approved,2,,en,Mobile Web,2022-01-30
209,339,187,5,Couldn't be happier,I've been using this for weeks now and I'm absolutely thrilled with it. Highly recommended!,2024-07-28T00:00:00Z,2,0,User 187,False,Approved,4,,en,Tablet,2024-07-28
210,276,198,1,Stay away,Do not buy! This is a scam product. I want my money back immediately.,2024-08-11T00:00:00Z,0,4,Shopper,False,Approved,1,We appreciate your honest feedback and will use it to improve our products.,en,Desktop,2024-08-11
211,41,207,5,Love it!,This product exceeded all my expectations. The quality is outstanding and it works perfectly.,2025-10-09T00:00:00Z,0,0,Member 207,False,Approved,1,,en,Android App,2025-10-09
212,356,347,2,Not worth it,Below my expectations. It works but feels cheaply made. Wouldn't buy again.,2025-12-07T00:00:00Z,0,3,Registered User,False,Pending,1,,en,Mobile Web,2025-12-07
213,241,243,5,Excellent product!,I've been using this for weeks now and I'm absolutely thrilled with it. Highly recommended!,2018-12-05T12:59:40Z,18,1,Customer 243,True,Approved,20,,en,Tablet,2018-12-05
214,276,348,3,It's okay,It works but I expected a bit more based on the description. Okay overall.,2025-02-14T00:00:00Z,75,0,User 348,False,Approved,100,,en,Mobile Web,2025-02-14
215,107,277,4,Happy with purchase,Nice quality and works as expected. Customer service was helpful when I had questions.,2024-09-13T00:00:00Z,0,0,A Customer,False,Approved,0,,en,iOS App,2024-09-13
216,366,243,5,Five stars deserved,Best purchase I've made in a long time. The build quality is excellent and it arrived quickly.,2024-03-03T00:00:00Z,2,1,Registered User,False,Approved,3,Thank you for your feedback! We're glad you enjoyed the product.,es,iOS App,2024-03-03
217,91,187,4,Solid choice,Solid product that delivers on its promises. Shipping was fast and packaging was good.,2024-07-10T14:33:36Z,0,0,Customer 187,True,Pending,1,,en,Android App,2024-07-10
218,188,162,4,Recommended,Happy with this purchase. It works well and the quality is good for the price.,2025-05-17T01:46:13Z,3,0,Verified Purchaser,True,Approved,4,,en,Mobile Web,2025-05-17
219,306,273,3,Acceptable,Decent product for the price point. Some features could be improved.,2024-05-29T00:00:00Z,0,0,Shopper,False,Approved,0,,en,iOS App,2024-05-29
220,496,299,2,Could be better,Product arrived damaged and customer service was slow to respond. Not happy.,2025-12-15T07:09:37Z,1,2,Customer 299,True,Approved,2,,en,Desktop,2025-12-15
221,277,180,4,Recommended,Good value for money. Does what I needed it to do. Would consider buying again.,2024-01-16T14:41:57Z,7,0,Verified Purchaser,True,Pending,10,,pt,iOS App,2024-01-16
222,259,296,4,Would buy again,Nice quality and works as expected. Customer service was helpful when I had questions.,2025-10-05T23:07:26Z,6,0,A Verified Reviewer,True,Approved,10,,en,Desktop,2025-10-05
223,442,278,3,Fair value,It's an average product. Nothing special but it gets the job done adequately.,2025-10-20T00:00:00Z,1,2,A Customer,False,Approved,3,,en,Android App,2025-10-20
224,82,15,4,Solid choice,Nice quality and works as expected. Customer service was helpful when I had questions.,2025-08-03T19:37:51Z,4,0,Verified Buyer,True,Approved,5,,en,Android App,2025-08-03
225,196,26,3,Meets expectations,It's an average product. Nothing special but it gets the job done adequately.,2025-03-04T20:56:10Z,1,0,Verified Buyer,True,Flagged,2,,en,iOS App,2025-03-04
226,41,428,5,Worth every penny,Top-notch quality and great value for money. Would definitely purchase from this brand again.,2023-06-24T17:25:23Z,0,2,A Verified Reviewer,True,Approved,1,We appreciate your review and are happy you had a positive experience.,en,Android App,2023-06-24
227,451,270,1,Very disappointed,Avoid this product at all costs. It's nothing like the description or photos.,2024-05-19T00:00:00Z,2,3,User 270,False,Rejected,4,,en,Desktop,2024-05-19
228,303,296,1,Very disappointed,Avoid this product at all costs. It's nothing like the description or photos.,2025-06-20T23:07:26Z,3,0,Verified Customer,True,Approved,5,,en,Desktop,2025-06-20
229,30,75,3,It's okay,Meets basic expectations but doesn't stand out. You get what you pay for.,2025-06-21T00:00:00Z,2,0,Member 75,False,Approved,4,,en,iOS App,2025-06-21
230,118,253,5,Amazing quality,This product exceeded all my expectations. The quality is outstanding and it works perfectly.,2015-10-05T22:03:48Z,8,0,Verified Customer,True,Approved,15,,en,Desktop,2015-10-05
231,90,251,5,Highly recommend!,I've been using this for weeks now and I'm absolutely thrilled with it. Highly recommended!,2025-04-28T00:00:00Z,0,2,A Customer,False,Approved,1,,en,iOS App,2025-04-28
232,227,452,2,Not great,Had issues right out of the box. Quality control seems lacking.,2022-11-18T13:11:16Z,0,0,Customer 452,True,Pending,1,,fr,iOS App,2022-11-18
233,327,125,3,Average product,It's an average product. Nothing special but it gets the job done adequately.,2025-04-12T08:00:23Z,1,0,A Verified Reviewer,True,Approved,2,,es,Desktop,2025-04-12
234,495,457,4,Would buy again,Solid product that delivers on its promises. Shipping was fast and packaging was good.,2024-06-30T20:41:30Z,0,0,Verified Customer,True,Approved,0,We appreciate your honest feedback and will use it to improve our products.,en,iOS App,2024-06-30
235,397,122,3,Average product,Meets basic expectations but doesn't stand out. You get what you pay for.,2025-10-04T00:00:00Z,0,0,Registered User,False,Approved,0,We appreciate your honest feedback and will use it to improve our products.,en,Mobile Web,2025-10-04
236,299,235,5,Amazing quality,This product exceeded all my expectations. The quality is outstanding and it works perfectly.,2025-03-15T11:22:46Z,0,0,Customer 235,True,Approved,0,,en,Mobile Web,2025-03-15
237,91,204,4,Nice product,Really good product overall. A few minor issues but nothing major. Would recommend.,2018-07-09T16:16:51Z,1,0,Verified Buyer,True,Approved,2,,en,Desktop,2018-07-09
238,458,405,4,Nice product,Good value for money. Does what I needed it to do. Would consider buying again.,2024-08-13T00:00:00Z,1,0,Registered User,False,Approved,2,,es,Mobile Web,2024-08-13
239,186,176,3,It's okay,Middle of the road product. Not bad but not great either. Fair value.,2024-04-18T00:00:00Z,0,3,Shopper,False,Rejected,0,,en,iOS App,2024-04-18
240,480,307,2,Disappointed,Not worth the price. There are better options available for less money.,2025-08-01T01:59:48Z,11,3,Verified Customer,True,Approved,20,,en,Tablet,2025-08-01
241,104,166,4,Nice product,Nice quality and works as expected. Customer service was helpful when I had questions.,2017-01-11T00:44:18Z,3,0,A Verified Reviewer,True,Approved,5,Thank you for taking the time to share your thoughts with us.,en,iOS App,2017-01-11
242,45,2,5,Worth every penny,This product exceeded all my expectations. The quality is outstanding and it works perfectly.,2025-11-11T00:49:29Z,1,0,Verified Purchaser,True,Approved,3,We appreciate your honest feedback and will use it to improve our products.,en,Mobile Web,2025-11-11
243,51,180,2,Below expectations,Disappointed with this purchase. The quality is not as good as advertised.,2023-10-24T14:41:57Z,5,0,Verified Customer,True,Approved,10,,en,Desktop,2023-10-24
244,290,450,4,Solid choice,Nice quality and works as expected. Customer service was helpful when I had questions.,2024-10-07T00:00:00Z,0,1,A Customer,False,Approved,1,,en,Tablet,2024-10-07
245,64,82,3,Acceptable,It works but I expected a bit more based on the description. Okay overall.,2025-12-17T02:38:34Z,2,0,Verified Buyer,True,Approved,3,,pt,Mobile Web,2025-12-17
246,102,77,5,Highly recommend!,Fantastic product! It does exactly what it promises and more. Very happy customer here.,2024-08-13T02:32:24Z,1,0,Verified Customer,True,Approved,2,,en,Desktop,2024-08-13
247,238,282,4,Nice product,Happy with this purchase. It works well and the quality is good for the price.,2025-10-19T00:00:00Z,3,2,Member 282,False,Approved,4,,en,Mobile Web,2025-10-19
248,142,323,4,Solid choice,Nice quality and works as expected. Customer service was helpful when I had questions.,2024-11-10T00:00:00Z,0,0,Registered User,False,Approved,0,Thank you for taking the time to share your thoughts with us.,en,iOS App,2024-11-10
249,52,150,3,Does the job,It's an average product. Nothing special but it gets the job done adequately.,2023-12-09T21:29:49Z,0,1,Customer 150,True,Approved,0,,en,Android App,2023-12-09
250,20,223,4,Great product,Nice quality and works as expected. Customer service was helpful when I had questions.,2025-07-21T00:00:00Z,12,0,A Customer,False,Approved,20,,es,Android App,2025-07-21
251,259,91,4,Good quality,Solid product that delivers on its promises. Shipping was fast and packaging was good.,2024-11-08T18:27:07Z,0,0,A Verified Reviewer,True,Approved,0,,es,iOS App,2024-11-08
252,260,240,3,Acceptable,Middle of the road product. Not bad but not great either. Fair value.,2025-10-23T00:00:00Z,0,1,User 240,False,Approved,0,,en,Android App,2025-10-23
253,346,129,5,Exceeded expectations,Top-notch quality and great value for money. Would definitely purchase from this brand again.,2022-07-17T17:32:09Z,1,0,Customer 129,True,Approved,3,,en,iOS App,2022-07-17
254,220,223,4,Recommended,Nice quality and works as expected. Customer service was helpful when I had questions.,2021-10-06T03:10:34Z,0,2,Customer 223,True,Approved,1,Thank you for your kind words! We hope to serve you again soon.,en,Tablet,2021-10-06
255,251,167,5,Couldn't be happier,I've been using this for weeks now and I'm absolutely thrilled with it. Highly recommended!,2025-02-17T00:00:00Z,3,0,Registered User,False,Approved,4,Thank you for your feedback! We're glad you enjoyed the product.,en,Desktop,2025-02-17
256,227,452,3,Nothing special,Decent product for the price point. Some features could be improved.,2022-10-26T13:11:16Z,2,0,Verified Purchaser,True,Approved,3,,en,Desktop,2022-10-26
257,104,116,3,Average product,It's an average product. Nothing special but it gets the job done adequately.,2025-11-03T15:55:17Z,0,0,A Verified Reviewer,True,Approved,1,,en,iOS App,2025-11-03
258,45,257,4,Very satisfied,Really good product overall. A few minor issues but nothing major. Would recommend.,2022-03-07T23:48:17Z,3,0,Verified Purchaser,True,Approved,5,,en,Tablet,2022-03-07
259,237,303,4,Very satisfied,Nice quality and works as expected. Customer service was helpful when I had questions.,2025-12-03T21:21:18Z,0,4,Verified Customer,True,Approved,0,,en,Desktop,2025-12-03
260,432,92,5,Love it!,I've been using this for weeks now and I'm absolutely thrilled with it. Highly recommended!,2024-09-24T00:00:00Z,0,1,Registered User,False,Approved,1,,en,Mobile Web,2024-09-24
261,259,55,4,Would buy again,Really good product overall. A few minor issues but nothing major. Would recommend.,2024-02-11T00:00:00Z,0,0,User 55,False,Approved,0,,en,Desktop,2024-02-11
262,210,79,4,Good quality,Happy with this purchase. It works well and the quality is good for the price.,2025-12-18T00:00:00Z,0,0,Member 79,False,Approved,1,Thank you for your feedback! We're glad you enjoyed the product.,en,Tablet,2025-12-18
263,252,115,5,Perfect!,This product exceeded all my expectations. The quality is outstanding and it works perfectly.,2025-01-16T03:33:47Z,5,0,Verified Purchaser,True,Approved,10,,en,Desktop,2025-01-16
264,1,371,4,Very satisfied,Solid product that delivers on its promises. Shipping was fast and packaging was good.,2025-05-26T00:00:00Z,8,0,Shopper,False,Approved,10,,fr,Tablet,2025-05-26
265,436,200,4,Would buy again,Happy with this purchase. It works well and the quality is good for the price.,2024-10-01T14:59:22Z,3,0,Customer 200,True,Approved,5,,en,Mobile Web,2024-10-01
266,395,317,3,Decent quality,It works but I expected a bit more based on the description. Okay overall.,2025-08-08T00:00:00Z,0,2,Registered User,False,Approved,0,,en,iOS App,2025-08-08
267,250,413,5,Excellent product!,This product exceeded all my expectations. The quality is outstanding and it works perfectly.,2025-09-09T00:00:00Z,6,0,Registered User,False,Approved,10,,fr,iOS App,2025-09-09
268,198,345,3,Fair value,It's an average product. Nothing special but it gets the job done adequately.,2024-03-05T08:28:49Z,1,0,A Verified Reviewer,True,Rejected,2,,it,Desktop,2024-03-05
269,471,171,4,Would buy again,Happy with this purchase. It works well and the quality is good for the price.,2025-10-26T00:00:00Z,13,1,Shopper,False,Approved,15,,en,Android App,2025-10-26
270,153,257,3,Acceptable,It's an average product. Nothing special but it gets the job done adequately.,2022-03-26T23:48:17Z,2,0,Verified Purchaser,True,Approved,3,,it,Desktop,2022-03-26
271,29,345,5,Outstanding!,Top-notch quality and great value for money. Would definitely purchase from this brand again.,2024-02-18T08:28:49Z,9,0,A Verified Reviewer,True,Approved,10,,en,Android App,2024-02-18
272,276,110,2,Would not recommend,Not worth the price. There are better options available for less money.,2021-03-13T01:21:26Z,0,1,Verified Customer,True,Approved,0,We're sorry to hear about your experience. Please contact our support team.,en,Tablet,2021-03-13
273,273,98,4,Very satisfied,Nice quality and works as expected. Customer service was helpful when I had questions.,2024-05-21T00:00:00Z,0,2,Shopper,False,Approved,0,,en,Mobile Web,2024-05-21
274,334,60,5,Perfect!,This product exceeded all my expectations. The quality is outstanding and it works perfectly.,2022-01-24T08:25:00Z,3,0,Verified Buyer,True,Approved,5,Thank you for your feedback! We're glad you enjoyed the product.,es,iOS App,2022-01-24
275,392,185,4,Great product,Good value for money. Does what I needed it to do. Would consider buying again.,2024-12-21T07:10:52Z,2,0,Verified Buyer,True,Approved,4,We appreciate your honest feedback and will use it to improve our products.,en,Mobile Web,2024-12-21
276,423,105,4,Would buy again,Nice quality and works as expected. Customer service was helpful when I had questions.,2025-04-05T08:50:29Z,0,0,Verified Buyer,True,Approved,0,,en,Android App,2025-04-05
277,64,82,5,Couldn't be happier,Fantastic product! It does exactly what it promises and more. Very happy customer here.,2025-12-20T02:38:34Z,1,0,Verified Customer,True,Approved,2,,en,Desktop,2025-12-20
278,204,175,3,Nothing special,It's an average product. Nothing special but it gets the job done adequately.,2025-08-14T00:00:00Z,0,0,A Customer,False,Approved,1,,pt,Mobile Web,2025-08-14
279,249,150,5,Exceeded expectations,Top-notch quality and great value for money. Would definitely purchase from this brand again.,2024-04-26T21:29:49Z,8,0,Verified Customer,True,Approved,10,,en,iOS App,2024-04-26
280,351,167,5,Love it!,I've been using this for weeks now and I'm absolutely thrilled with it. Highly recommended!,2024-02-13T00:00:00Z,4,0,A Customer,False,Approved,5,,en,Tablet,2024-02-13
281,127,338,4,Recommended,Happy with this purchase. It works well and the quality is good for the price.,2024-02-11T10:26:14Z,0,0,Customer 338,True,Approved,0,,en,iOS App,2024-02-11
282,182,49,3,Average product,It's an average product. Nothing special but it gets the job done adequately.,2025-12-21T19:58:09Z,0,0,Verified Buyer,True,Rejected,1,,en,Tablet,2025-12-21
283,395,206,2,Would not recommend,Below my expectations. It works but feels cheaply made. Wouldn't buy again.,2024-12-30T08:48:26Z,0,1,Verified Customer,True,Approved,1,,en,Android App,2024-12-30
284,148,77,3,Does the job,Decent product for the price point. Some features could be improved.,2024-11-26T02:32:24Z,0,1,Verified Buyer,True,Pending,0,,en,Android App,2024-11-26
285,34,125,4,Good quality,Happy with this purchase. It works well and the quality is good for the price.,2025-02-06T08:00:23Z,1,0,Verified Purchaser,True,Approved,2,,en,Desktop,2025-02-06
286,378,150,5,Amazing quality,I've been using this for weeks now and I'm absolutely thrilled with it. Highly recommended!,2025-12-05T00:00:00Z,2,5,User 150,False,Approved,5,Thank you for taking the time to share your thoughts with us.,en,Tablet,2025-12-05
287,443,206,1,Complete waste,Avoid this product at all costs. It's nothing like the description or photos.,2022-12-19T09:10:46Z,12,0,Verified Buyer,True,Approved,20,,en,Mobile Web,2022-12-19
288,161,431,4,Would buy again,Solid product that delivers on its promises. Shipping was fast and packaging was good.,2025-02-07T00:00:00Z,0,0,User 431,False,Approved,0,,en,iOS App,2025-02-07
289,104,166,4,Would buy again,Solid product that delivers on its promises. Shipping was fast and packaging was good.,2017-01-14T00:44:18Z,2,1,A Verified Reviewer,True,Approved,4,,it,iOS App,2017-01-14
290,307,450,5,Exceeded expectations,This product exceeded all my expectations. The quality is outstanding and it works perfectly.,2025-07-08T00:00:00Z,3,2,Shopper,False,Approved,4,,en,Android App,2025-07-08
291,252,115,4,Solid choice,Happy with this purchase. It works well and the quality is good for the price.,2025-03-20T03:33:47Z,0,0,Customer 115,True,Approved,0,,en,Desktop,2025-03-20
292,311,237,5,Love it!,Best purchase I've made in a long time. The build quality is excellent and it arrived quickly.,2025-08-16T00:00:00Z,5,0,A Customer,False,Pending,10,,en,Mobile Web,2025-08-16
293,389,281,4,Solid choice,Happy with this purchase. It works well and the quality is good for the price.,2024-03-20T00:00:00Z,0,0,A Customer,False,Approved,0,,en,Android App,2024-03-20
294,464,162,4,Nice product,Good value for money. Does what I needed it to do. Would consider buying again.,2025-05-25T01:46:13Z,2,0,Verified Customer,True,Approved,3,,en,Desktop,2025-05-25
295,295,342,4,Good quality,Solid product that delivers on its promises. Shipping was fast and packaging was good.,2018-05-02T09:41:23Z,8,0,Verified Buyer,True,Approved,10,,en,Desktop,2018-05-02
296,40,2,4,Great product,Happy with this purchase. It works well and the quality is good for the price.,2025-11-26T00:49:29Z,2,0,A Verified Reviewer,True,Flagged,4,,en,Desktop,2025-11-26
297,385,452,5,Five stars deserved,Best purchase I've made in a long time. The build quality is excellent and it arrived quickly.,2022-09-02T13:11:16Z,13,0,Verified Buyer,True,Approved,20,We appreciate your review and are happy you had a positive experience.,en,Android App,2022-09-02
298,117,396,5,Love it!,I've been using this for weeks now and I'm absolutely thrilled with it. Highly recommended!,2025-09-06T00:00:00Z,0,2,A Customer,False,Approved,1,Thank you for your kind words! We hope to serve you again soon.,en,Desktop,2025-09-06
299,89,82,1,Worst purchase,Do not buy! This is a scam product. I want my money back immediately.,2025-12-21T02:38:34Z,3,0,A Verified Reviewer,True,Approved,5,,en,Tablet,2025-12-21
300,120,200,5,Worth every penny,Best purchase I've made in a long time. The build quality is excellent and it arrived quickly.,2024-08-07T14:59:22Z,2,1,A Verified Reviewer,True,Approved,3,,en,Android App,2024-08-07
301,20,163,3,Acceptable,Meets basic expectations but doesn't stand out. You get what you pay for.,2025-01-16T00:00:00Z,0,0,Shopper,False,Pending,0,,en,iOS App,2025-01-16
302,413,419,5,Excellent product!,Best purchase I've made in a long time. The build quality is excellent and it arrived quickly.,2024-07-24T00:00:00Z,0,0,Shopper,False,Approved,1,,es,Android App,2024-07-24
303,256,469,5,Perfect!,This product exceeded all my expectations. The quality is outstanding and it works perfectly.,2025-02-03T00:00:00Z,10,0,Registered User,False,Approved,20,,en,Android App,2025-02-03
304,4,42,5,Excellent product!,I've been using this for weeks now and I'm absolutely thrilled with it. Highly recommended!,2025-10-26T04:06:52Z,3,0,Verified Buyer,True,Approved,4,We appreciate your honest feedback and will use it to improve our products.,es,Tablet,2025-10-26
305,190,111,4,Happy with purchase,Happy with this purchase. It works well and the quality is good for the price.,2024-11-24T00:00:00Z,7,0,User 111,False,Approved,10,We appreciate your honest feedback and will use it to improve our products.,en,Tablet,2024-11-24
306,471,310,2,Underwhelming,Had issues right out of the box. Quality control seems lacking.,2025-04-30T00:00:00Z,0,1,A Customer,False,Approved,0,,en,iOS App,2025-04-30
307,129,77,2,Underwhelming,Had issues right out of the box. Quality control seems lacking.,2024-11-29T02:32:24Z,3,0,A Verified Reviewer,True,Pending,5,,en,iOS App,2024-11-29
308,156,52,5,Five stars deserved,Top-notch quality and great value for money. Would definitely purchase from this brand again.,2024-08-08T00:00:00Z,5,0,Member 52,False,Approved,10,,en,Desktop,2024-08-08
309,91,204,2,Would not recommend,Had issues right out of the box. Quality control seems lacking.,2018-08-03T16:16:51Z,0,1,Verified Customer,True,Approved,0,,en,iOS App,2018-08-03
310,130,457,2,Not great,Below my expectations. It works but feels cheaply made. Wouldn't buy again.,2024-10-26T20:41:30Z,1,0,Verified Purchaser,True,Approved,2,,en,Mobile Web,2024-10-26
311,10,333,5,Outstanding!,Best purchase I've made in a long time. The build quality is excellent and it arrived quickly.,2025-12-15T01:48:09Z,7,0,Verified Buyer,True,Approved,10,,es,iOS App,2025-12-15
312,386,154,2,Not worth it,Not worth the price. There are better options available for less money.,2024-06-20T00:00:00Z,1,0,A Customer,False,Approved,2,,es,Desktop,2024-06-20
313,110,243,5,Exceeded expectations,Best purchase I've made in a long time. The build quality is excellent and it arrived quickly.,2025-10-27T00:00:00Z,2,0,A Customer,False,Approved,3,We appreciate your honest feedback and will use it to improve our products.,en,iOS App,2025-10-27
314,259,91,2,Could be better,Product arrived damaged and customer service was slow to respond. Not happy.,2024-11-27T18:27:07Z,11,1,A Verified Reviewer,True,Approved,20,,en,Android App,2024-11-27
315,244,333,3,Meets expectations,Middle of the road product. Not bad but not great either. Fair value.,2025-11-16T01:48:09Z,3,0,Verified Buyer,True,Approved,5,,en,Android App,2025-11-16
316,157,180,4,Solid choice,Nice quality and works as expected. Customer service was helpful when I had questions.,2024-08-13T00:00:00Z,2,0,Registered User,False,Pending,3,,en,Android App,2024-08-13
317,209,150,5,Amazing quality,Top-notch quality and great value for money. Would definitely purchase from this brand again.,2023-12-22T07:29:49Z,1,0,A Verified Reviewer,True,Approved,2,,en,Android App,2023-12-22
318,51,180,5,Best purchase ever,Top-notch quality and great value for money. Would definitely purchase from this brand again.,2023-10-19T14:41:57Z,2,0,Verified Buyer,True,Approved,3,,en,Android App,2023-10-19
319,340,162,4,Good quality,Solid product that delivers on its promises. Shipping was fast and packaging was good.,2025-02-23T01:46:13Z,0,0,Verified Purchaser,True,Approved,0,,en,Tablet,2025-02-23
320,349,280,5,Exceeded expectations,Fantastic product! It does exactly what it promises and more. Very happy customer here.,2018-01-13T10:27:55Z,2,0,Verified Customer,True,Approved,5,We appreciate your honest feedback and will use it to improve our products.,en,Tablet,2018-01-13
321,280,12,5,Highly recommend!,Best purchase I've made in a long time. The build quality is excellent and it arrived quickly.,2018-03-31T14:08:46Z,1,0,Verified Purchaser,True,Approved,2,,en,Android App,2018-03-31
322,143,7,3,Meets expectations,It works but I expected a bit more based on the description. Okay overall.,2025-11-23T14:03:35Z,0,0,Verified Purchaser,True,Approved,0,,en,Mobile Web,2025-11-23
323,87,372,4,Solid choice,Really good product overall. A few minor issues but nothing major. Would recommend.,2024-09-22T00:00:00Z,0,2,A Customer,False,Approved,0,Thank you for taking the time to share your thoughts with us.,es,Mobile Web,2024-09-22
324,97,110,5,Exceeded expectations,This product exceeded all my expectations. The quality is outstanding and it works perfectly.,2024-07-01T00:00:00Z,1,0,User 110,False,Approved,3,,en,Tablet,2024-07-01
325,337,417,4,Great product,Good value for money. Does what I needed it to do. Would consider buying again.,2024-09-13T00:00:00Z,0,0,A Customer,False,Approved,0,,en,Desktop,2024-09-13
326,84,105,3,Acceptable,It's an average product. Nothing special but it gets the job done adequately.,2024-12-29T08:50:29Z,0,0,Verified Buyer,True,Approved,0,,en,iOS App,2024-12-29
327,180,276,4,Recommended,Really good product overall. A few minor issues but nothing major. Would recommend.,2024-05-17T00:00:00Z,0,2,User 276,False,Approved,1,,en,Android App,2024-05-17
328,344,148,2,Not worth it,Not worth the price. There are better options available for less money.,2024-04-05T00:00:00Z,0,0,Registered User,False,Approved,0,,en,Desktop,2024-04-05
329,327,38,4,Happy with purchase,Solid product that delivers on its promises. Shipping was fast and packaging was good.,2024-10-17T00:00:00Z,7,0,Shopper,False,Approved,10,,en,Desktop,2024-10-17
330,381,475,5,Five stars deserved,Fantastic product! It does exactly what it promises and more. Very happy customer here.,2024-02-24T00:00:00Z,9,0,A Customer,False,Approved,10,,en,Mobile Web,2024-02-24
331,189,351,4,Nice product,Solid product that delivers on its promises. Shipping was fast and packaging was good.,2025-12-09T13:56:14Z,0,0,Verified Customer,True,Approved,0,Thank you for your feedback! We're glad you enjoyed the product.,en,Tablet,2025-12-09
332,251,436,4,Would buy again,Really good product overall. A few minor issues but nothing major. Would recommend.,2025-12-11T00:00:00Z,9,5,User 436,False,Approved,10,,en,Android App,2025-12-11
333,51,235,5,Excellent product!,Best purchase I've made in a long time. The build quality is excellent and it arrived quickly.,2024-09-12T00:00:00Z,0,0,A Customer,False,Approved,1,,en,Desktop,2024-09-12
334,244,333,3,Meets expectations,It's an average product. Nothing special but it gets the job done adequately.,2025-11-12T01:48:09Z,8,0,Verified Buyer,True,Approved,15,,en,iOS App,2025-11-12
335,127,338,2,Underwhelming,Below my expectations. It works but feels cheaply made. Wouldn't buy again.,2024-06-03T10:26:14Z,2,0,A Verified Reviewer,True,Approved,4,,en,Tablet,2024-06-03
336,489,296,4,Nice product,Really good product overall. A few minor issues but nothing major. Would recommend.,2025-09-16T23:07:26Z,8,0,A Verified Reviewer,True,Approved,10,,en,Desktop,2025-09-16
337,282,224,4,Good quality,Nice quality and works as expected. Customer service was helpful when I had questions.,2024-06-29T00:00:00Z,8,0,Registered User,False,Approved,10,,en,Mobile Web,2024-06-29
338,330,280,5,Outstanding!,Best purchase I've made in a long time. The build quality is excellent and it arrived quickly.,2017-12-26T10:27:55Z,3,0,Verified Buyer,True,Approved,4,We appreciate your honest feedback and will use it to improve our products.,en,Desktop,2017-12-26
339,135,128,2,Could be better,Product arrived damaged and customer service was slow to respond. Not happy.,2025-02-17T00:00:00Z,10,0,User 128,False,Approved,20,,en,Desktop,2025-02-17
340,96,185,4,Very satisfied,Solid product that delivers on its promises. Shipping was fast and packaging was good.,2024-11-09T07:10:52Z,2,0,Verified Buyer,True,Approved,4,,en,iOS App,2024-11-09
341,259,296,5,Excellent product!,I've been using this for weeks now and I'm absolutely thrilled with it. Highly recommended!,2025-08-12T23:07:26Z,5,0,Customer 296,True,Approved,10,,en,Android App,2025-08-12
342,424,296,5,Amazing quality,Top-notch quality and great value for money. Would definitely purchase from this brand again.,2025-06-22T23:07:26Z,0,0,Verified Customer,True,Flagged,0,,en,iOS App,2025-06-22
343,476,82,5,Worth every penny,Best purchase I've made in a long time. The build quality is excellent and it arrived quickly.,2025-12-18T02:38:34Z,0,0,Verified Purchaser,True,Approved,0,,es,Mobile Web,2025-12-18
344,130,339,4,Very satisfied,Happy with this purchase. It works well and the quality is good for the price.,2025-03-05T00:00:00Z,5,0,Registered User,False,Approved,10,,it,iOS App,2025-03-05
345,454,36,4,Recommended,Really good product overall. A few minor issues but nothing major. Would recommend.,2025-04-27T00:00:00Z,41,1,User 36,False,Approved,50,Thank you for taking the time to share your thoughts with us.,en,iOS App,2025-04-27
346,294,95,4,Recommended,Solid product that delivers on its promises. Shipping was fast and packaging was good.,2025-05-26T00:00:00Z,7,0,A Customer,False,Approved,10,,en,Desktop,2025-05-26
347,91,392,4,Solid choice,Nice quality and works as expected. Customer service was helpful when I had questions.,2024-12-09T00:00:00Z,0,0,Registered User,False,Pending,0,,en,Desktop,2024-12-09
348,362,309,3,Acceptable,Meets basic expectations but doesn't stand out. You get what you pay for.,2025-11-27T00:00:00Z,0,1,Registered User,False,Pending,0,,en,Mobile Web,2025-11-27
349,297,89,4,Would buy again,Solid product that delivers on its promises. Shipping was fast and packaging was good.,2024-11-06T21:13:27Z,0,0,Customer 89,True,Approved,0,,en,iOS App,2024-11-06
350,38,468,1,Stay away,Worst purchase I've ever made. Cheaply made and doesn't work as advertised.,2024-02-15T00:00:00Z,0,1,Registered User,False,Approved,0,,en,Desktop,2024-02-15
351,162,29,5,Outstanding!,This product exceeded all my expectations. The quality is outstanding and it works perfectly.,2024-12-14T00:00:00Z,1,0,Shopper,False,Approved,2,,de,iOS App,2024-12-14
352,126,204,4,Solid choice,Nice quality and works as expected. Customer service was helpful when I had questions.,2019-11-29T20:41:08Z,0,0,A Verified Reviewer,True,Approved,0,Thank you for your kind words! We hope to serve you again soon.,es,Desktop,2019-11-29
353,118,56,2,Underwhelming,Had issues right out of the box. Quality control seems lacking.,2024-10-12T00:00:00Z,1,0,A Customer,False,Approved,2,,en,Desktop,2024-10-12
354,399,130,3,It's okay,Decent product for the price point. Some features could be improved.,2024-01-12T00:00:00Z,1,0,Shopper,False,Approved,2,,en,Tablet,2024-01-12
355,243,247,4,Good quality,Good value for money. Does what I needed it to do. Would consider buying again.,2024-05-05T00:00:00Z,0,0,Registered User,False,Approved,0,,en,iOS App,2024-05-05
356,118,253,4,Good quality,Really good product overall. A few minor issues but nothing major. Would recommend.,2015-11-18T22:03:48Z,2,0,Verified Purchaser,True,Approved,4,Thank you for your kind words! We hope to serve you again soon.,en,Desktop,2015-11-18
357,148,77,5,Amazing quality,Fantastic product! It does exactly what it promises and more. Very happy customer here.,2024-11-26T02:32:24Z,0,0,A Verified Reviewer,True,Approved,0,,en,Mobile Web,2024-11-26
358,48,187,2,Not worth it,Product arrived damaged and customer service was slow to respond. Not happy.,2024-09-14T14:33:36Z,0,2,Customer 187,True,Approved,1,,en,Android App,2024-09-14
359,236,474,3,Acceptable,It's an average product. Nothing special but it gets the job done adequately.,2025-06-02T00:00:00Z,0,1,Registered User,False,Approved,1,,en,Android App,2025-06-02
360,12,162,3,Fair value,It works but I expected a bit more based on the description. Okay overall.,2025-03-04T01:46:13Z,6,0,Customer 162,True,Approved,10,,fr,Tablet,2025-03-04
361,360,136,4,Very satisfied,Nice quality and works as expected. Customer service was helpful when I had questions.,2025-10-25T00:00:00Z,1,0,User 136,False,Approved,3,,en,Tablet,2025-10-25
362,220,223,3,Fair value,Middle of the road product. Not bad but not great either. Fair value.,2021-10-01T03:10:34Z,35,1,Verified Purchaser,True,Approved,50,,en,Desktop,2021-10-01
363,349,280,3,Nothing special,Decent product for the price point. Some features could be improved.,2017-09-14T10:27:55Z,0,0,Verified Buyer,True,Approved,1,,en,Android App,2017-09-14
364,496,299,5,Highly recommend!,This product exceeded all my expectations. The quality is outstanding and it works perfectly.,2025-12-24T07:09:37Z,0,2,A Verified Reviewer,True,Approved,1,,es,Desktop,2025-12-24
365,441,457,3,Decent quality,Meets basic expectations but doesn't stand out. You get what you pay for.,2024-07-11T20:41:30Z,0,0,Verified Buyer,True,Approved,0,,en,Android App,2024-07-11
366,283,303,4,Nice product,Happy with this purchase. It works well and the quality is good for the price.,2025-10-25T21:21:18Z,2,0,Customer 303,True,Approved,3,Thank you for your feedback! We're glad you enjoyed the product.,en,Android App,2025-10-25
367,165,243,4,Happy with purchase,Good value for money. Does what I needed it to do. Would consider buying again.,2024-08-04T00:00:00Z,1,0,Shopper,False,Approved,2,Thank you for your feedback! We're glad you enjoyed the product.,en,Desktop,2024-08-04
368,346,136,4,Would buy again,Happy with this purchase. It works well and the quality is good for the price.,2025-10-11T04:13:23Z,0,0,A Verified Reviewer,True,Approved,0,Thank you for taking the time to share your thoughts with us.,en,Mobile Web,2025-10-11
369,248,200,4,Great product,Nice quality and works as expected. Customer service was helpful when I had questions.,2024-07-18T14:59:22Z,0,0,Verified Buyer,True,Approved,0,,en,Android App,2024-07-18
370,142,455,1,Awful quality,Avoid this product at all costs. It's nothing like the description or photos.,2025-05-16T00:00:00Z,0,0,Registered User,False,Approved,1,,en,Desktop,2025-05-16
371,251,333,5,Couldn't be happier,This product exceeded all my expectations. The quality is outstanding and it works perfectly.,2025-12-20T01:48:09Z,1,4,Verified Buyer,True,Approved,2,,en,Desktop,2025-12-20
372,21,282,5,Perfect!,Best purchase I've made in a long time. The build quality is excellent and it arrived quickly.,2025-11-07T20:49:43Z,0,0,A Verified Reviewer,True,Approved,0,,en,Desktop,2025-11-07
373,129,12,1,Do not buy,Avoid this product at all costs. It's nothing like the description or photos.,2018-03-11T14:08:46Z,0,0,Verified Customer,True,Approved,0,,fr,Tablet,2018-03-11
374,200,354,4,Good quality,Good value for money. Does what I needed it to do. Would consider buying again.,2025-01-07T20:30:35Z,1,0,Verified Customer,True,Pending,2,,en,iOS App,2025-01-07
375,407,333,5,Amazing quality,Top-notch quality and great value for money. Would definitely purchase from this brand again.,2025-10-22T00:00:00Z,0,0,User 333,False,Approved,0,,en,Desktop,2025-10-22
376,45,291,4,Very satisfied,Nice quality and works as expected. Customer service was helpful when I had questions.,2022-02-11T11:36:02Z,0,3,Verified Customer,True,Approved,0,,en,Desktop,2022-02-11
377,76,26,5,Five stars deserved,Fantastic product! It does exactly what it promises and more. Very happy customer here.,2025-03-29T20:56:10Z,0,0,Verified Customer,True,Approved,0,,en,iOS App,2025-03-29
378,241,243,5,Five stars deserved,Fantastic product! It does exactly what it promises and more. Very happy customer here.,2019-04-03T12:59:40Z,6,0,Verified Purchaser,True,Approved,10,,en,Android App,2019-04-03
379,259,296,5,Amazing quality,Top-notch quality and great value for money. Would definitely purchase from this brand again.,2025-10-10T23:07:26Z,12,0,A Verified Reviewer,True,Approved,15,,en,iOS App,2025-10-10
380,471,355,5,Couldn't be happier,This product exceeded all my expectations. The quality is outstanding and it works perfectly.,2025-10-15T00:00:00Z,3,0,A Customer,False,Approved,5,,en,Android App,2025-10-15
381,476,82,4,Good quality,Really good product overall. A few minor issues but nothing major. Would recommend.,2025-12-23T02:38:34Z,0,0,Verified Buyer,True,Approved,0,,en,Android App,2025-12-23
382,25,243,1,Total failure,Worst purchase I've ever made. Cheaply made and doesn't work as advertised.,2018-11-24T12:59:40Z,4,0,A Verified Reviewer,True,Approved,5,,fr,Desktop,2018-11-24
383,489,54,4,Happy with purchase,Happy with this purchase. It works well and the quality is good for the price.,2022-06-27T06:37:21Z,2,0,Verified Customer,True,Approved,3,,it,Desktop,2022-06-27
384,91,204,3,Average product,Meets basic expectations but doesn't stand out. You get what you pay for.,2018-10-29T16:16:51Z,3,0,Customer 204,True,Approved,4,,en,Mobile Web,2018-10-29
385,420,342,5,Amazing quality,Top-notch quality and great value for money. Would definitely purchase from this brand again.,2024-05-26T00:00:00Z,11,0,Shopper,False,Approved,20,,it,Desktop,2024-05-26
386,191,237,5,Best purchase ever,Fantastic product! It does exactly what it promises and more. Very happy customer here.,2024-06-01T00:00:00Z,0,0,User 237,False,Approved,1,,en,iOS App,2024-06-01
387,497,452,3,Decent quality,It's an average product. Nothing special but it gets the job done adequately.,2025-03-09T17:44:16Z,0,0,A Verified Reviewer,True,Approved,0,We're sorry to hear about your experience. Please contact our support team.,en,Android App,2025-03-09
388,92,200,5,Five stars deserved,I've been using this for weeks now and I'm absolutely thrilled with it. Highly recommended!,2024-07-09T14:59:22Z,12,1,A Verified Reviewer,True,Approved,15,Thank you for taking the time to share your thoughts with us.,en,Tablet,2024-07-09
389,429,15,5,Perfect!,Best purchase I've made in a long time. The build quality is excellent and it arrived quickly.,2025-07-05T19:37:51Z,1,4,Customer 15,True,Rejected,2,,fr,iOS App,2025-07-05
390,332,251,4,Very satisfied,Nice quality and works as expected. Customer service was helpful when I had questions.,2021-08-04T21:17:34Z,2,0,Verified Buyer,True,Approved,5,,en,Desktop,2021-08-04
391,232,48,5,Highly recommend!,Fantastic product! It does exactly what it promises and more. Very happy customer here.,2025-07-04T00:00:00Z,6,0,A Customer,False,Approved,10,We appreciate your honest feedback and will use it to improve our products.,de,Android App,2025-07-04
392,2,437,4,Very satisfied,Really good product overall. A few minor issues but nothing major. Would recommend.,2025-04-19T00:00:00Z,0,3,User 437,False,Approved,0,We appreciate your review and are happy you had a positive experience.,en,Desktop,2025-04-19
393,169,247,5,Perfect!,I've been using this for weeks now and I'm absolutely thrilled with it. Highly recommended!,2024-09-27T00:00:00Z,0,0,Shopper,False,Pending,0,,en,iOS App,2024-09-27
394,201,175,4,Great product,Solid product that delivers on its promises. Shipping was fast and packaging was good.,2024-04-24T00:00:00Z,1,0,Member 175,False,Approved,3,,en,Desktop,2024-04-24
395,225,13,4,Good quality,Really good product overall. A few minor issues but nothing major. Would recommend.,2025-12-21T00:40:11Z,0,0,Verified Purchaser,True,Approved,1,,en,iOS App,2025-12-21
396,449,280,2,Disappointed,Below my expectations. It works but feels cheaply made. Wouldn't buy again.,2017-10-27T10:27:55Z,0,1,Verified Customer,True,Approved,0,,en,Desktop,2017-10-27
397,436,200,4,Solid choice,Solid product that delivers on its promises. Shipping was fast and packaging was good.,2024-08-07T14:59:22Z,0,0,Verified Buyer,True,Approved,1,,en,Desktop,2024-08-07
398,435,406,4,Recommended,Good value for money. Does what I needed it to do. Would consider buying again.,2024-04-28T00:00:00Z,3,0,User 406,False,Approved,4,We appreciate your honest feedback and will use it to improve our products.,es,Tablet,2024-04-28
399,102,77,3,Nothing special,Decent product for the price point. Some features could be improved.,2024-11-01T02:32:24Z,1,0,Verified Purchaser,True,Approved,2,,en,Desktop,2024-11-01
400,489,129,4,Would buy again,Really good product overall. A few minor issues but nothing major. Would recommend.,2022-07-08T17:32:09Z,3,0,Verified Purchaser,True,Approved,5,,en,Desktop,2022-07-08
401,115,498,2,Disappointed,Product arrived damaged and customer service was slow to respond. Not happy.,2024-05-21T00:00:00Z,0,0,Shopper,False,Rejected,0,,en,Android App,2024-05-21
402,189,200,3,Fair value,It works but I expected a bit more based on the description. Okay overall.,2024-09-08T14:59:22Z,3,0,Customer 200,True,Approved,5,,en,Mobile Web,2024-09-08
403,219,235,4,Great product,Nice quality and works as expected. Customer service was helpful when I had questions.,2025-01-20T11:22:46Z,0,0,Verified Buyer,True,Approved,1,,en,Mobile Web,2025-01-20
404,21,201,3,Decent quality,It's an average product. Nothing special but it gets the job done adequately.,2025-07-27T00:00:00Z,13,0,A Customer,False,Approved,15,,en,Android App,2025-07-27
405,52,275,3,Does the job,Meets basic expectations but doesn't stand out. You get what you pay for.,2024-12-18T00:00:00Z,2,2,Member 275,False,Approved,4,,en,Mobile Web,2024-12-18
406,466,60,5,Love it!,This product exceeded all my expectations. The quality is outstanding and it works perfectly.,2022-02-06T08:25:00Z,1,2,Verified Customer,True,Approved,2,,en,Desktop,2022-02-06
407,259,91,4,Would buy again,Happy with this purchase. It works well and the quality is good for the price.,2025-04-28T18:27:07Z,9,0,Verified Customer,True,Approved,10,,en,iOS App,2025-04-28
408,227,452,5,Worth every penny,Best purchase I've made in a long time. The build quality is excellent and it arrived quickly.,2022-09-22T13:11:16Z,2,0,A Verified Reviewer,True,Approved,3,,en,iOS App,2022-09-22
409,327,125,4,Nice product,Nice quality and works as expected. Customer service was helpful when I had questions.,2025-03-31T08:00:23Z,2,4,Customer 125,True,Pending,5,,en,Android App,2025-03-31
410,500,209,5,Amazing quality,This product exceeded all my expectations. The quality is outstanding and it works perfectly.,2019-10-19T15:31:56Z,2,3,Verified Purchaser,True,Rejected,3,,es,Desktop,2019-10-19
411,427,291,5,Love it!,This product exceeded all my expectations. The quality is outstanding and it works perfectly.,2022-02-17T11:36:02Z,8,0,A Verified Reviewer,True,Rejected,10,,en,Tablet,2022-02-17
412,233,349,5,Highly recommend!,I've been using this for weeks now and I'm absolutely thrilled with it. Highly recommended!,2024-09-01T18:30:28Z,2,0,Verified Buyer,True,Approved,4,,en,Mobile Web,2024-09-01
413,196,212,4,Would buy again,Solid product that delivers on its promises. Shipping was fast and packaging was good.,2024-05-11T00:00:00Z,2,4,Registered User,False,Pending,3,,en,iOS App,2024-05-11
414,446,291,4,Nice product,Really good product overall. A few minor issues but nothing major. Would recommend.,2024-12-20T00:00:00Z,0,0,Member 291,False,Approved,0,,en,Tablet,2024-12-20
415,180,60,3,Decent quality,Meets basic expectations but doesn't stand out. You get what you pay for.,2022-05-01T03:22:42Z,0,0,A Verified Reviewer,True,Pending,0,,en,Desktop,2022-05-01
416,416,457,5,Amazing quality,Best purchase I've made in a long time. The build quality is excellent and it arrived quickly.,2024-06-17T20:41:30Z,0,0,Verified Buyer,True,Flagged,1,,en,Desktop,2024-06-17
417,106,178,5,Perfect!,I've been using this for weeks now and I'm absolutely thrilled with it. Highly recommended!,2024-09-07T00:00:00Z,0,0,Registered User,False,Approved,1,,en,Tablet,2024-09-07
418,188,162,5,Exceeded expectations,Top-notch quality and great value for money. Would definitely purchase from this brand again.,2025-07-02T01:46:13Z,8,0,Verified Customer,True,Approved,15,We appreciate your honest feedback and will use it to improve our products.,en,iOS App,2025-07-02
419,307,304,4,Very satisfied,Happy with this purchase. It works well and the quality is good for the price.,2025-06-22T00:00:00Z,2,0,A Customer,False,Approved,3,Thank you for taking the time to share your thoughts with us.,es,Android App,2025-06-22
420,293,209,5,Five stars deserved,Top-notch quality and great value for money. Would definitely purchase from this brand again.,2019-05-30T15:31:56Z,0,0,Verified Buyer,True,Approved,1,We appreciate your honest feedback and will use it to improve our products.,en,Desktop,2019-05-30
421,150,359,4,Very satisfied,Really good product overall. A few minor issues but nothing major. Would recommend.,2024-06-22T00:00:00Z,0,0,Member 359,False,Approved,0,,en,iOS App,2024-06-22
422,45,257,4,Would buy again,Nice quality and works as expected. Customer service was helpful when I had questions.,2022-06-17T23:48:17Z,7,0,A Verified Reviewer,True,Approved,10,,de,Tablet,2022-06-17
423,40,346,5,Perfect!,This product exceeded all my expectations. The quality is outstanding and it works perfectly.,2024-12-01T00:00:00Z,3,0,Registered User,False,Approved,4,Thank you for your kind words! We hope to serve you again soon.,en,Desktop,2024-12-01
424,295,303,3,Meets expectations,Middle of the road product. Not bad but not great either. Fair value.,2025-12-15T21:21:18Z,0,2,Customer 303,True,Approved,0,,en,Tablet,2025-12-15
425,433,311,5,Worth every penny,Best purchase I've made in a long time. The build quality is excellent and it arrived quickly.,2025-03-17T10:58:29Z,0,0,A Verified Reviewer,True,Approved,0,,en,Mobile Web,2025-03-17
426,394,243,2,Not worth it,Product arrived damaged and customer service was slow to respond. Not happy.,2019-01-19T12:59:40Z,1,1,Verified Purchaser,True,Approved,2,,en,Desktop,2019-01-19
427,300,223,5,Best purchase ever,Fantastic product! It does exactly what it promises and more. Very happy customer here.,2021-11-12T03:10:34Z,3,3,Customer 223,True,Approved,4,,en,iOS App,2021-11-12
428,188,162,3,Does the job,Meets basic expectations but doesn't stand out. You get what you pay for.,2025-04-09T01:46:13Z,0,3,Verified Buyer,True,Approved,1,,en,Android App,2025-04-09
429,306,257,5,Worth every penny,Fantastic product! It does exactly what it promises and more. Very happy customer here.,2022-06-05T23:48:17Z,0,0,Verified Customer,True,Approved,0,,en,iOS App,2022-06-05
430,318,260,3,Average product,Meets basic expectations but doesn't stand out. You get what you pay for.,2025-09-10T19:52:47Z,0,0,Verified Customer,True,Approved,0,,en,Desktop,2025-09-10
431,227,452,3,Average product,Middle of the road product. Not bad but not great either. Fair value.,2022-08-12T13:11:16Z,0,0,Verified Purchaser,True,Approved,0,,en,Android App,2022-08-12
432,338,204,4,Recommended,Nice quality and works as expected. Customer service was helpful when I had questions.,2025-05-22T11:36:43Z,0,2,A Verified Reviewer,True,Approved,0,We appreciate your honest feedback and will use it to improve our products.,en,Android App,2025-05-22
433,148,77,5,Love it!,Best purchase I've made in a long time. The build quality is excellent and it arrived quickly.,2024-11-12T02:32:24Z,2,1,Verified Customer,True,Approved,3,We appreciate your review and are happy you had a positive experience.,en,Desktop,2024-11-12
434,297,89,4,Happy with purchase,Really good product overall. A few minor issues but nothing major. Would recommend.,2024-11-22T21:13:27Z,0,0,A Verified Reviewer,True,Approved,0,,es,iOS App,2024-11-22
435,180,60,4,Very satisfied,Good value for money. Does what I needed it to do. Would consider buying again.,2022-02-25T03:22:42Z,37,0,Verified Customer,True,Approved,50,,en,Android App,2022-02-25
436,392,185,1,Do not buy,Avoid this product at all costs. It's nothing like the description or photos.,2025-01-23T07:10:52Z,0,0,Verified Customer,True,Approved,0,,es,iOS App,2025-01-23
437,300,280,2,Could be better,Not worth the price. There are better options available for less money.,2018-01-22T10:27:55Z,1,0,Customer 280,True,Approved,2,,en,iOS App,2018-01-22
438,460,74,4,Would buy again,Happy with this purchase. It works well and the quality is good for the price.,2025-12-14T23:57:59Z,32,0,Customer 74,True,Approved,50,,en,Desktop,2025-12-14
439,237,372,1,Very disappointed,Avoid this product at all costs. It's nothing like the description or photos.,2024-11-07T00:00:00Z,0,0,A Customer,False,Approved,1,We appreciate your honest feedback and will use it to improve our products.,en,Mobile Web,2024-11-07
440,251,333,5,Exceeded expectations,Top-notch quality and great value for money. Would definitely purchase from this brand again.,2025-11-18T01:48:09Z,5,0,A Verified Reviewer,True,Approved,10,,es,Tablet,2025-11-18
441,475,475,4,Great product,Nice quality and works as expected. Customer service was helpful when I had questions.,2024-12-01T00:00:00Z,2,0,Shopper,False,Approved,3,,en,Desktop,2024-12-01
442,436,200,4,Solid choice,Happy with this purchase. It works well and the quality is good for the price.,2024-08-09T14:59:22Z,0,0,A Verified Reviewer,True,Approved,0,Thank you for taking the time to share your thoughts with us.,en,Android App,2024-08-09
443,311,115,5,Best purchase ever,Top-notch quality and great value for money. Would definitely purchase from this brand again.,2025-02-11T03:33:47Z,7,0,Verified Purchaser,True,Approved,10,,en,Desktop,2025-02-11
444,135,196,3,Does the job,It works but I expected a bit more based on the description. Okay overall.,2024-11-02T00:00:00Z,18,1,Shopper,False,Approved,20,Thank you for taking the time to share your thoughts with us.,en,Mobile Web,2024-11-02
445,489,296,5,Exceeded expectations,Best purchase I've made in a long time. The build quality is excellent and it arrived quickly.,2025-06-12T23:07:26Z,2,2,Verified Purchaser,True,Approved,3,,en,iOS App,2025-06-12
446,70,117,5,Highly recommend!,This product exceeded all my expectations. The quality is outstanding and it works perfectly.,2025-12-17T00:00:00Z,4,0,Shopper,False,Approved,5,Thank you for your feedback! We're glad you enjoyed the product.,en,Desktop,2025-12-17
447,380,172,4,Very satisfied,Solid product that delivers on its promises. Shipping was fast and packaging was good.,2025-07-07T00:00:00Z,2,0,A Customer,False,Approved,3,Thank you for your kind words! We hope to serve you again soon.,en,iOS App,2025-07-07
448,385,452,4,Very satisfied,Good value for money. Does what I needed it to do. Would consider buying again.,2022-09-29T13:11:16Z,13,1,Verified Buyer,True,Approved,15,,en,Desktop,2022-09-29
449,469,36,4,Very satisfied,Really good product overall. A few minor issues but nothing major. Would recommend.,2024-09-11T00:00:00Z,2,1,Member 36,False,Approved,3,Thank you for your feedback! We're glad you enjoyed the product.,en,Desktop,2024-09-11
450,107,311,5,Perfect!,Top-notch quality and great value for money. Would definitely purchase from this brand again.,2025-02-04T10:58:29Z,1,0,Customer 311,True,Approved,2,,en,Android App,2025-02-04
451,126,204,5,Highly recommend!,Fantastic product! It does exactly what it promises and more. Very happy customer here.,2019-12-09T20:41:08Z,2,0,A Verified Reviewer,True,Approved,5,,en,iOS App,2019-12-09
452,500,209,4,Would buy again,Happy with this purchase. It works well and the quality is good for the price.,2019-07-30T15:31:56Z,2,0,Verified Customer,True,Approved,4,,en,iOS App,2019-07-30
453,156,172,4,Great product,Really good product overall. A few minor issues but nothing major. Would recommend.,2025-09-24T00:00:00Z,5,3,Registered User,False,Pending,10,,en,Desktop,2025-09-24
454,130,64,2,Not great,Product arrived damaged and customer service was slow to respond. Not happy.,2024-03-28T00:00:00Z,10,0,Shopper,False,Approved,15,We appreciate your review and are happy you had a positive experience.,fr,iOS App,2024-03-28
455,495,249,4,Nice product,Good value for money. Does what I needed it to do. Would consider buying again.,2025-10-08T00:00:00Z,4,0,User 249,False,Approved,5,,en,Desktop,2025-10-08
456,13,91,5,Amazing quality,I've been using this for weeks now and I'm absolutely thrilled with it. Highly recommended!,2025-03-12T18:27:07Z,0,0,Verified Customer,True,Approved,0,,en,Desktop,2025-03-12
457,338,12,5,Perfect!,Top-notch quality and great value for money. Would definitely purchase from this brand again.,2017-10-16T14:08:46Z,2,0,Verified Customer,True,Approved,3,,fr,iOS App,2017-10-16
458,45,257,2,Not worth it,Product arrived damaged and customer service was slow to respond. Not happy.,2022-04-15T23:48:17Z,14,1,Verified Buyer,True,Pending,15,,en,iOS App,2022-04-15
459,248,200,5,Perfect!,I've been using this for weeks now and I'm absolutely thrilled with it. Highly recommended!,2024-11-04T14:59:22Z,0,2,Verified Purchaser,True,Approved,0,,en,Mobile Web,2024-11-04
460,100,322,4,Solid choice,Really good product overall. A few minor issues but nothing major. Would recommend.,2025-11-04T00:00:00Z,0,3,Shopper,False,Approved,0,Thank you for taking the time to share your thoughts with us.,en,Tablet,2025-11-04
461,109,469,5,Best purchase ever,This product exceeded all my expectations. The quality is outstanding and it works perfectly.,2024-07-20T00:00:00Z,7,0,Member 469,False,Approved,10,,en,Android App,2024-07-20
462,351,243,5,Amazing quality,This product exceeded all my expectations. The quality is outstanding and it works perfectly.,2025-04-19T00:00:00Z,0,0,Registered User,False,Approved,1,,de,Tablet,2025-04-19
463,105,77,4,Good quality,Good value for money. Does what I needed it to do. Would consider buying again.,2024-10-15T02:32:24Z,0,0,Verified Purchaser,True,Approved,0,,en,iOS App,2024-10-15
464,153,257,5,Highly recommend!,I've been using this for weeks now and I'm absolutely thrilled with it. Highly recommended!,2022-03-19T23:48:17Z,8,0,Verified Buyer,True,Approved,15,We appreciate your review and are happy you had a positive experience.,en,iOS App,2022-03-19
465,476,159,4,Very satisfied,Happy with this purchase. It works well and the quality is good for the price.,2025-08-30T00:12:00Z,2,0,Customer 159,True,Pending,5,,fr,Tablet,2025-08-30
466,489,54,2,Below expectations,Had issues right out of the box. Quality control seems lacking.,2022-04-26T06:37:21Z,9,4,Customer 54,True,Pending,10,,it,Tablet,2022-04-26
467,361,185,4,Very satisfied,Solid product that delivers on its promises. Shipping was fast and packaging was good.,2024-11-27T07:10:52Z,0,0,Verified Purchaser,True,Pending,0,,en,Desktop,2024-11-27
468,295,303,5,Five stars deserved,This product exceeded all my expectations. The quality is outstanding and it works perfectly.,2025-09-15T21:21:18Z,0,0,Verified Customer,True,Approved,1,,en,iOS App,2025-09-15
469,483,280,1,Complete waste,Avoid this product at all costs. It's nothing like the description or photos.,2017-11-08T10:27:55Z,13,0,Verified Customer,True,Approved,15,,en,Desktop,2017-11-08
470,338,12,1,Awful quality,Avoid this product at all costs. It's nothing like the description or photos.,2018-03-04T14:08:46Z,6,0,A Verified Reviewer,True,Approved,10,,en,Desktop,2018-03-04
471,378,357,3,Acceptable,It works but I expected a bit more based on the description. Okay overall.,2024-11-18T00:00:00Z,1,0,Registered User,False,Approved,2,,en,Android App,2024-11-18
472,422,204,2,Would not recommend,Product arrived damaged and customer service was slow to respond. Not happy.,2020-02-14T20:41:08Z,0,0,Verified Customer,True,Approved,1,,es,Desktop,2020-02-14
473,118,253,5,Exceeded expectations,This product exceeded all my expectations. The quality is outstanding and it works perfectly.,2015-11-23T22:03:48Z,0,0,A Verified Reviewer,True,Approved,0,,en,Tablet,2015-11-23
474,320,195,4,Would buy again,Solid product that delivers on its promises. Shipping was fast and packaging was good.,2025-01-11T00:00:00Z,4,0,A Customer,False,Approved,5,,fr,Tablet,2025-01-11
475,76,26,3,Does the job,Meets basic expectations but doesn't stand out. You get what you pay for.,2025-04-23T20:56:10Z,1,2,Customer 26,True,Approved,3,,en,Desktop,2025-04-23
476,378,150,5,Five stars deserved,Top-notch quality and great value for money. Would definitely purchase from this brand again.,2023-12-25T21:29:49Z,2,0,Verified Customer,True,Approved,4,,en,Tablet,2023-12-25
477,45,291,3,Acceptable,Decent product for the price point. Some features could be improved.,2021-12-01T11:36:02Z,69,0,Verified Customer,True,Approved,100,,en,Desktop,2021-12-01
478,361,185,3,Decent quality,It works but I expected a bit more based on the description. Okay overall.,2025-01-02T07:10:52Z,0,0,Verified Purchaser,True,Pending,1,,fr,Android App,2025-01-02
479,332,251,5,Best purchase ever,Top-notch quality and great value for money. Would definitely purchase from this brand again.,2021-09-28T21:17:34Z,2,0,Customer 251,True,Approved,4,,en,Android App,2021-09-28
480,167,156,5,Exceeded expectations,Fantastic product! It does exactly what it promises and more. Very happy customer here.,2025-07-29T00:00:00Z,3,0,Shopper,False,Approved,5,,en,Desktop,2025-07-29
481,264,158,3,Nothing special,Decent product for the price point. Some features could be improved.,2025-06-13T00:00:00Z,3,0,User 158,False,Approved,5,,en,iOS App,2025-06-13
482,394,243,5,Five stars deserved,This product exceeded all my expectations. The quality is outstanding and it works perfectly.,2019-01-06T12:59:40Z,3,0,A Verified Reviewer,True,Pending,5,,fr,iOS App,2019-01-06
483,495,457,5,Highly recommend!,Fantastic product! It does exactly what it promises and more. Very happy customer here.,2024-10-11T20:41:30Z,3,1,Verified Purchaser,True,Approved,4,We appreciate your review and are happy you had a positive experience.,en,Desktop,2024-10-11
484,300,223,5,Worth every penny,Fantastic product! It does exactly what it promises and more. Very happy customer here.,2021-10-06T03:10:34Z,11,0,Verified Customer,True,Approved,15,,en,Android App,2021-10-06
485,277,180,4,Good quality,Really good product overall. A few minor issues but nothing major. Would recommend.,2023-11-04T14:41:57Z,1,1,Verified Buyer,True,Approved,2,We appreciate your honest feedback and will use it to improve our products.,en,Android App,2023-11-04
486,340,162,5,Couldn't be happier,I've been using this for weeks now and I'm absolutely thrilled with it. Highly recommended!,2025-04-05T01:46:13Z,2,3,Verified Customer,True,Approved,3,,en,Mobile Web,2025-04-05
487,89,82,5,Best purchase ever,I've been using this for weeks now and I'm absolutely thrilled with it. Highly recommended!,2025-12-22T02:38:34Z,7,0,Verified Purchaser,True,Approved,10,Thank you for taking the time to share your thoughts with us.,fr,Android App,2025-12-22
488,494,116,3,Does the job,It works but I expected a bit more based on the description. Okay overall.,2025-11-29T15:55:17Z,2,0,Verified Purchaser,True,Approved,3,,en,Desktop,2025-11-29
489,396,139,4,Happy with purchase,Good value for money. Does what I needed it to do. Would consider buying again.,2024-01-15T00:00:00Z,0,0,A Customer,False,Approved,0,We appreciate your honest feedback and will use it to improve our products.,en,Desktop,2024-01-15
490,145,431,2,Not great,Not worth the price. There are better options available for less money.,2024-02-19T00:00:00Z,0,0,Shopper,False,Approved,0,,en,Android App,2024-02-19
491,103,74,3,Does the job,Decent product for the price point. Some features could be improved.,2025-12-11T23:57:59Z,0,0,Customer 74,True,Pending,1,,fr,Desktop,2025-12-11
492,300,223,3,Does the job,Decent product for the price point. Some features could be improved.,2021-09-07T03:10:34Z,0,0,A Verified Reviewer,True,Approved,1,,en,Desktop,2021-09-07
493,397,244,5,Outstanding!,Best purchase I've made in a long time. The build quality is excellent and it arrived quickly.,2025-08-08T00:00:00Z,2,0,Registered User,False,Approved,3,,en,iOS App,2025-08-08
494,473,282,5,Excellent product!,Fantastic product! It does exactly what it promises and more. Very happy customer here.,2025-12-17T20:49:43Z,2,2,Verified Purchaser,True,Approved,4,,en,Tablet,2025-12-17
495,478,260,5,Amazing quality,Fantastic product! It does exactly what it promises and more. Very happy customer here.,2025-04-08T00:00:00Z,16,4,Shopper,False,Approved,20,,en,Tablet,2025-04-08
496,303,37,5,Five stars deserved,Best purchase I've made in a long time. The build quality is excellent and it arrived quickly.,2024-08-06T00:00:00Z,1,0,Registered User,False,Approved,3,,en,Android App,2024-08-06
497,234,485,4,Nice product,Nice quality and works as expected. Customer service was helpful when I had questions.,2025-10-15T00:00:00Z,0,0,Member 485,False,Approved,0,,en,iOS App,2025-10-15
498,10,43,4,Recommended,Nice quality and works as expected. Customer service was helpful when I had questions.,2025-11-18T00:00:00Z,0,0,Shopper,False,Approved,1,Thank you for taking the time to share your thoughts with us.,fr,Android App,2025-11-18
499,41,428,4,Very satisfied,Good value for money. Does what I needed it to do. Would consider buying again.,2023-04-26T17:25:23Z,35,2,Verified Purchaser,True,Approved,50,,en,Android App,2023-04-26
500,489,54,5,Worth every penny,This product exceeded all my expectations. The quality is outstanding and it works perfectly.,2022-04-03T06:37:21Z,6,0,Verified Customer,True,Approved,10,Thank you for taking the time to share your thoughts with us.,en,Tablet,2022-04-03
501,227,452,3,It's okay,Decent product for the price point. Some features could be improved.,2022-10-09T13:11:16Z,0,1,Verified Buyer,True,Approved,0,,en,Android App,2022-10-09
502,303,243,3,Does the job,It's an average product. Nothing special but it gets the job done adequately.,2025-09-23T00:00:00Z,6,2,Registered User,False,Approved,10,,en,Desktop,2025-09-23
503,489,54,5,Highly recommend!,I've been using this for weeks now and I'm absolutely thrilled with it. Highly recommended!,2022-02-07T06:37:21Z,8,2,A Verified Reviewer,True,Approved,15,,en,Mobile Web,2022-02-07
504,92,200,3,Nothing special,Decent product for the price point. Some features could be improved.,2024-09-26T14:59:22Z,1,0,Verified Purchaser,True,Approved,2,,en,iOS App,2024-09-26
505,136,168,3,Meets expectations,Meets basic expectations but doesn't stand out. You get what you pay for.,2025-08-04T00:00:00Z,3,2,Member 168,False,Approved,5,,en,iOS App,2025-08-04
506,162,267,5,Best purchase ever,I've been using this for weeks now and I'm absolutely thrilled with it. Highly recommended!,2024-01-13T00:00:00Z,0,1,User 267,False,Approved,1,,en,Tablet,2024-01-13
507,251,162,4,Happy with purchase,Really good product overall. A few minor issues but nothing major. Would recommend.,2025-07-16T01:46:13Z,0,0,A Verified Reviewer,True,Approved,0,Thank you for taking the time to share your thoughts with us.,en,Desktop,2025-07-16
508,227,452,4,Would buy again,Nice quality and works as expected. Customer service was helpful when I had questions.,2022-09-26T13:11:16Z,0,1,Customer 452,True,Approved,0,,en,iOS App,2022-09-26
509,300,223,4,Happy with purchase,Nice quality and works as expected. Customer service was helpful when I had questions.,2021-11-06T03:10:34Z,0,0,A Verified Reviewer,True,Approved,0,We appreciate your review and are happy you had a positive experience.,en,iOS App,2021-11-06
510,190,296,3,Acceptable,It's an average product. Nothing special but it gets the job done adequately.,2025-10-24T00:00:00Z,2,0,Member 296,False,Approved,3,We're sorry to hear about your experience. Please contact our support team.,en,iOS App,2025-10-24
511,210,300,4,Solid choice,Happy with this purchase. It works well and the quality is good for the price.,2025-02-14T00:00:00Z,4,0,User 300,False,Pending,5,,en,Desktop,2025-02-14
512,136,206,3,Acceptable,Meets basic expectations but doesn't stand out. You get what you pay for.,2025-07-20T00:00:00Z,10,0,Registered User,False,Pending,15,,en,Desktop,2025-07-20
513,474,140,5,Perfect!,This product exceeded all my expectations. The quality is outstanding and it works perfectly.,2025-08-28T00:00:00Z,2,3,Registered User,False,Pending,4,,en,iOS App,2025-08-28
514,170,193,5,Couldn't be happier,I've been using this for weeks now and I'm absolutely thrilled with it. Highly recommended!,2025-08-18T00:00:00Z,6,2,A Customer,False,Approved,10,,en,Android App,2025-08-18
515,136,253,4,Happy with purchase,Happy with this purchase. It works well and the quality is good for the price.,2025-09-03T00:00:00Z,4,0,Registered User,False,Approved,5,Thank you for taking the time to share your thoughts with us.,en,Android App,2025-09-03
516,395,206,5,Five stars deserved,Top-notch quality and great value for money. Would definitely purchase from this brand again.,2024-12-20T08:48:26Z,4,0,A Verified Reviewer,True,Approved,5,,en,Android App,2024-12-20
517,91,187,5,Highly recommend!,Best purchase I've made in a long time. The build quality is excellent and it arrived quickly.,2024-04-11T14:33:36Z,0,0,Verified Buyer,True,Approved,1,,it,iOS App,2024-04-11
518,32,251,5,Highly recommend!,Best purchase I've made in a long time. The build quality is excellent and it arrived quickly.,2024-03-07T00:00:00Z,11,0,A Customer,False,Approved,15,We appreciate your honest feedback and will use it to improve our products.,en,Desktop,2024-03-07
519,297,21,3,Nothing special,Middle of the road product. Not bad but not great either. Fair value.,2024-05-12T00:00:00Z,0,0,User 21,False,Approved,1,,en,Tablet,2024-05-12
520,91,356,3,Average product,Middle of the road product. Not bad but not great either. Fair value.,2025-10-03T00:00:00Z,3,0,User 356,False,Approved,4,We appreciate your review and are happy you had a positive experience.,en,Desktop,2025-10-03
521,118,253,3,Acceptable,It's an average product. Nothing special but it gets the job done adequately.,2015-10-10T22:03:48Z,0,0,Verified Buyer,True,Flagged,0,,en,iOS App,2015-10-10
522,354,142,3,Meets expectations,It's an average product. Nothing special but it gets the job done adequately.,2024-11-06T00:00:00Z,3,0,User 142,False,Approved,4,,en,Tablet,2024-11-06
523,153,257,5,Excellent product!,Top-notch quality and great value for money. Would definitely purchase from this brand again.,2022-03-19T23:48:17Z,9,0,Customer 257,True,Approved,15,,en,Desktop,2022-03-19
524,272,285,4,Solid choice,Solid product that delivers on its promises. Shipping was fast and packaging was good.,2025-05-07T00:00:00Z,10,1,User 285,False,Approved,15,,en,iOS App,2025-05-07
525,424,296,5,Exceeded expectations,Best purchase I've made in a long time. The build quality is excellent and it arrived quickly.,2025-09-01T23:07:26Z,0,0,Verified Buyer,True,Approved,1,,en,iOS App,2025-09-01
526,9,89,1,Total failure,Do not buy! This is a scam product. I want my money back immediately.,2024-09-27T21:13:27Z,1,0,Customer 89,True,Approved,2,,es,iOS App,2024-09-27
527,28,357,5,Outstanding!,Fantastic product! It does exactly what it promises and more. Very happy customer here.,2025-10-27T00:00:00Z,6,0,Registered User,False,Approved,10,,en,Desktop,2025-10-27
528,160,428,5,Perfect!,Top-notch quality and great value for money. Would definitely purchase from this brand again.,2025-07-01T00:00:00Z,2,0,Registered User,False,Flagged,3,,es,Desktop,2025-07-01
529,139,137,3,Average product,Meets basic expectations but doesn't stand out. You get what you pay for.,2025-08-19T00:00:00Z,11,0,Shopper,False,Approved,20,,en,Android App,2025-08-19
530,25,159,5,Couldn't be happier,Top-notch quality and great value for money. Would definitely purchase from this brand again.,2025-10-23T00:00:00Z,0,0,Registered User,False,Approved,0,,es,iOS App,2025-10-23
531,249,150,5,Exceeded expectations,Fantastic product! It does exactly what it promises and more. Very happy customer here.,2023-12-20T21:29:49Z,7,0,Verified Purchaser,True,Approved,10,,en,Desktop,2023-12-20
532,347,369,5,Best purchase ever,I've been using this for weeks now and I'm absolutely thrilled with it. Highly recommended!,2024-06-08T00:00:00Z,2,0,User 369,False,Approved,3,,en,Desktop,2024-06-08
533,372,169,1,Total failure,Avoid this product at all costs. It's nothing like the description or photos.,2024-12-19T00:00:00Z,0,0,Shopper,False,Approved,0,,it,Desktop,2024-12-19
534,200,354,4,Great product,Happy with this purchase. It works well and the quality is good for the price.,2025-04-21T20:30:35Z,0,1,A Verified Reviewer,True,Approved,0,,en,Android App,2025-04-21
535,233,349,5,Five stars deserved,Best purchase I've made in a long time. The build quality is excellent and it arrived quickly.,2024-09-13T18:30:28Z,1,0,Verified Buyer,True,Approved,2,,en,Desktop,2024-09-13
536,390,74,1,Do not buy,Complete waste of money. This product stopped working after just two days.,2025-12-13T23:57:59Z,8,1,Verified Purchaser,True,Approved,10,We appreciate your honest feedback and will use it to improve our products.,en,iOS App,2025-12-13
537,189,200,4,Good quality,Nice quality and works as expected. Customer service was helpful when I had questions.,2024-09-04T14:59:22Z,0,1,A Verified Reviewer,True,Approved,0,,en,iOS App,2024-09-04
538,33,150,5,Five stars deserved,Best purchase I've made in a long time. The build quality is excellent and it arrived quickly.,2023-12-30T07:29:49Z,2,0,A Verified Reviewer,True,Approved,3,,en,Desktop,2023-12-30
539,175,309,5,Excellent product!,I've been using this for weeks now and I'm absolutely thrilled with it. Highly recommended!,2025-11-06T00:00:00Z,0,0,Member 309,False,Approved,0,We appreciate your honest feedback and will use it to improve our products.,en,Desktop,2025-11-06
540,189,198,3,It's okay,It's an average product. Nothing special but it gets the job done adequately.,2024-12-05T00:00:00Z,25,0,Registered User,False,Approved,50,,en,Android App,2024-12-05
541,144,253,5,Best purchase ever,This product exceeded all my expectations. The quality is outstanding and it works perfectly.,2015-10-23T22:03:48Z,1,1,A Verified Reviewer,True,Approved,2,Thank you for your kind words! We hope to serve you again soon.,en,Android App,2015-10-23
542,207,60,2,Underwhelming,Below my expectations. It works but feels cheaply made. Wouldn't buy again.,2021-12-21T03:22:42Z,8,0,A Verified Reviewer,True,Approved,10,,en,Desktop,2021-12-21
543,48,439,1,Do not buy,Worst purchase I've ever made. Cheaply made and doesn't work as advertised.,2025-05-19T00:00:00Z,0,0,Registered User,False,Approved,1,,en,Mobile Web,2025-05-19
544,45,257,2,Could be better,Below my expectations. It works but feels cheaply made. Wouldn't buy again.,2022-06-01T23:48:17Z,0,1,Customer 257,True,Approved,0,,en,Android App,2022-06-01
545,403,7,5,Couldn't be happier,Best purchase I've made in a long time. The build quality is excellent and it arrived quickly.,2025-06-28T00:00:00Z,1,0,Shopper,False,Approved,2,We appreciate your honest feedback and will use it to improve our products.,en,Android App,2025-06-28
546,445,354,5,Couldn't be happier,Top-notch quality and great value for money. Would definitely purchase from this brand again.,2025-05-27T20:30:35Z,46,1,Verified Purchaser,True,Approved,50,,fr,Android App,2025-05-27
547,476,216,4,Nice product,Nice quality and works as expected. Customer service was helpful when I had questions.,2025-02-22T00:00:00Z,0,1,User 216,False,Approved,0,,en,Android App,2025-02-22
548,93,349,5,Excellent product!,Top-notch quality and great value for money. Would definitely purchase from this brand again.,2024-07-23T18:30:28Z,0,1,Verified Buyer,True,Pending,0,,en,iOS App,2024-07-23
549,228,327,2,Below expectations,Product arrived damaged and customer service was slow to respond. Not happy.,2025-10-17T00:00:00Z,0,2,Registered User,False,Approved,1,,en,Android App,2025-10-17
550,39,349,3,Nothing special,Decent product for the price point. Some features could be improved.,2024-08-24T18:30:28Z,1,0,Verified Purchaser,True,Approved,2,We appreciate your honest feedback and will use it to improve our products.,en,Desktop,2024-08-24
551,390,74,1,Very disappointed,Complete waste of money. This product stopped working after just two days.,2025-12-20T23:57:59Z,0,0,Customer 74,True,Pending,1,,en,iOS App,2025-12-20
552,259,91,5,Love it!,Best purchase I've made in a long time. The build quality is excellent and it arrived quickly.,2024-11-11T18:27:07Z,3,0,A Verified Reviewer,True,Pending,4,,en,Desktop,2024-11-11
553,480,493,3,Meets expectations,It's an average product. Nothing special but it gets the job done adequately.,2024-08-03T00:00:00Z,1,0,A Customer,False,Flagged,2,,en,Android App,2024-08-03
554,395,136,4,Happy with purchase,Good value for money. Does what I needed it to do. Would consider buying again.,2025-10-22T00:00:00Z,7,0,A Customer,False,Approved,10,,en,Desktop,2025-10-22
555,97,204,5,Outstanding!,This product exceeded all my expectations. The quality is outstanding and it works perfectly.,2025-02-26T11:36:43Z,0,0,Verified Purchaser,True,Approved,0,,en,Desktop,2025-02-26
556,361,185,4,Would buy again,Nice quality and works as expected. Customer service was helpful when I had questions.,2024-11-13T07:10:52Z,0,0,Verified Customer,True,Approved,1,,en,iOS App,2024-11-13
557,143,7,4,Nice product,Solid product that delivers on its promises. Shipping was fast and packaging was good.,2025-10-03T14:03:35Z,1,0,Verified Purchaser,True,Approved,2,,it,iOS App,2025-10-03
558,327,469,1,Total failure,Do not buy! This is a scam product. I want my money back immediately.,2024-01-22T00:00:00Z,0,0,Shopper,False,Approved,0,We appreciate your honest feedback and will use it to improve our products.,en,iOS App,2024-01-22
559,123,88,4,Happy with purchase,Really good product overall. A few minor issues but nothing major. Would recommend.,2024-01-30T00:00:00Z,4,0,Shopper,False,Approved,5,Thank you for taking the time to share your thoughts with us.,en,iOS App,2024-01-30
560,144,253,4,Would buy again,Nice quality and works as expected. Customer service was helpful when I had questions.,2015-11-09T22:03:48Z,3,0,A Verified Reviewer,True,Approved,5,,en,iOS App,2015-11-09
561,398,482,5,Exceeded expectations,This product exceeded all my expectations. The quality is outstanding and it works perfectly.,2025-10-05T00:00:00Z,0,0,User 482,False,Pending,0,,es,Desktop,2025-10-05
562,295,303,4,Would buy again,Solid product that delivers on its promises. Shipping was fast and packaging was good.,2025-11-19T21:21:18Z,8,0,Customer 303,True,Approved,10,,es,Mobile Web,2025-11-19
563,280,12,3,Nothing special,Meets basic expectations but doesn't stand out. You get what you pay for.,2017-11-12T14:08:46Z,0,0,Verified Buyer,True,Approved,0,,en,iOS App,2017-11-12
564,188,162,4,Good quality,Good value for money. Does what I needed it to do. Would consider buying again.,2025-02-15T01:46:13Z,0,1,Verified Customer,True,Approved,0,,en,Desktop,2025-02-15
565,156,2,4,Would buy again,Really good product overall. A few minor issues but nothing major. Would recommend.,2025-08-23T00:49:29Z,0,0,Customer 2,True,Approved,0,,en,Android App,2025-08-23
566,9,89,5,Excellent product!,Top-notch quality and great value for money. Would definitely purchase from this brand again.,2024-11-19T21:13:27Z,0,0,Verified Buyer,True,Approved,0,Thank you for your kind words! We hope to serve you again soon.,en,Desktop,2024-11-19
567,284,209,3,Meets expectations,Middle of the road product. Not bad but not great either. Fair value.,2019-07-31T15:31:56Z,8,0,Customer 209,True,Approved,10,,es,Android App,2019-07-31
568,361,185,3,Average product,It's an average product. Nothing special but it gets the job done adequately.,2024-11-21T07:10:52Z,1,0,Verified Customer,True,Approved,3,,en,iOS App,2024-11-21
569,200,354,4,Would buy again,Solid product that delivers on its promises. Shipping was fast and packaging was good.,2025-05-22T20:30:35Z,0,2,Verified Buyer,True,Approved,0,Thank you for your feedback! We're glad you enjoyed the product.,en,iOS App,2025-05-22
570,118,98,3,Acceptable,It's an average product. Nothing special but it gets the job done adequately.,2025-12-01T00:00:00Z,81,4,User 98,False,Approved,100,,en,Desktop,2025-12-01
571,220,223,5,Couldn't be happier,This product exceeded all my expectations. The quality is outstanding and it works perfectly.,2021-11-25T03:10:34Z,0,0,Verified Customer,True,Approved,0,,en,iOS App,2021-11-25
572,278,65,5,Perfect!,This product exceeded all my expectations. The quality is outstanding and it works perfectly.,2024-07-24T00:00:00Z,0,3,Member 65,False,Approved,1,,en,Mobile Web,2024-07-24
573,411,469,3,Nothing special,Decent product for the price point. Some features could be improved.,2023-09-18T07:00:23Z,0,0,Customer 469,True,Approved,1,,en,Android App,2023-09-18
574,389,70,2,Would not recommend,Disappointed with this purchase. The quality is not as good as advertised.,2024-11-02T00:00:00Z,0,0,Member 70,False,Approved,0,,en,Mobile Web,2024-11-02
575,182,49,4,Great product,Good value for money. Does what I needed it to do. Would consider buying again.,2025-12-20T19:58:09Z,0,0,Verified Customer,True,Approved,0,Thank you for taking the time to share your thoughts with us.,en,Desktop,2025-12-20
576,103,74,5,Amazing quality,This product exceeded all my expectations. The quality is outstanding and it works perfectly.,2025-12-15T23:57:59Z,0,0,Verified Purchaser,True,Approved,0,,en,Desktop,2025-12-15
577,64,282,4,Recommended,Nice quality and works as expected. Customer service was helpful when I had questions.,2025-12-09T20:49:43Z,3,2,Verified Buyer,True,Approved,4,,it,Desktop,2025-12-09
578,318,260,3,Meets expectations,Middle of the road product. Not bad but not great either. Fair value.,2025-10-12T19:52:47Z,0,2,Verified Customer,True,Approved,0,,en,Desktop,2025-10-12
579,47,243,4,Great product,Good value for money. Does what I needed it to do. Would consider buying again.,2018-12-05T12:59:40Z,1,2,A Verified Reviewer,True,Approved,2,,en,Desktop,2018-12-05
580,2,428,2,Not worth it,Product arrived damaged and customer service was slow to respond. Not happy.,2023-04-23T17:25:23Z,3,0,Verified Buyer,True,Approved,4,,es,Desktop,2023-04-23
581,25,243,5,Perfect!,Top-notch quality and great value for money. Would definitely purchase from this brand again.,2019-03-08T12:59:40Z,0,0,Verified Customer,True,Approved,1,,en,iOS App,2019-03-08
582,483,280,3,Decent quality,Middle of the road product. Not bad but not great either. Fair value.,2018-02-08T10:27:55Z,1,0,A Verified Reviewer,True,Approved,3,,en,Android App,2018-02-08
583,338,12,5,Excellent product!,Best purchase I've made in a long time. The build quality is excellent and it arrived quickly.,2017-10-09T14:08:46Z,6,0,Customer 12,True,Approved,10,,en,iOS App,2017-10-09
584,461,178,4,Nice product,Happy with this purchase. It works well and the quality is good for the price.,2024-12-08T00:00:00Z,0,1,User 178,False,Approved,1,,en,iOS App,2024-12-08
585,495,457,5,Best purchase ever,Best purchase I've made in a long time. The build quality is excellent and it arrived quickly.,2024-06-04T20:41:30Z,3,0,A Verified Reviewer,True,Approved,4,Thank you for your kind words! We hope to serve you again soon.,en,Desktop,2024-06-04
586,45,257,5,Five stars deserved,Fantastic product! It does exactly what it promises and more. Very happy customer here.,2022-06-07T23:48:17Z,1,0,Verified Buyer,True,Approved,2,,en,Tablet,2022-06-07
587,338,12,5,Best purchase ever,I've been using this for weeks now and I'm absolutely thrilled with it. Highly recommended!,2018-03-13T14:08:46Z,0,0,Customer 12,True,Approved,0,,de,Desktop,2018-03-13
588,212,428,5,Highly recommend!,Top-notch quality and great value for money. Would definitely purchase from this brand again.,2025-03-22T00:00:00Z,1,5,User 428,False,Approved,2,Thank you for taking the time to share your thoughts with us.,it,Mobile Web,2025-03-22
589,496,317,2,Not great,Disappointed with this purchase. The quality is not as good as advertised.,2025-07-14T06:12:07Z,0,0,Verified Buyer,True,Rejected,0,,en,Desktop,2025-07-14
590,180,60,4,Great product,Happy with this purchase. It works well and the quality is good for the price.,2022-02-05T03:22:42Z,2,0,Verified Purchaser,True,Approved,5,,en,iOS App,2022-02-05
591,295,378,5,Worth every penny,Best purchase I've made in a long time. The build quality is excellent and it arrived quickly.,2025-11-12T00:00:00Z,2,0,Member 378,False,Pending,4,,en,Desktop,2025-11-12
592,34,125,4,Very satisfied,Solid product that delivers on its promises. Shipping was fast and packaging was good.,2025-04-28T08:00:23Z,1,0,Customer 125,True,Approved,3,,es,Mobile Web,2025-04-28
593,189,200,3,It's okay,Decent product for the price point. Some features could be improved.,2024-10-07T14:59:22Z,2,0,Customer 200,True,Approved,4,,fr,Tablet,2024-10-07
594,480,307,5,Best purchase ever,This product exceeded all my expectations. The quality is outstanding and it works perfectly.,2025-07-23T01:59:48Z,0,0,Verified Purchaser,True,Approved,1,,en,Tablet,2025-07-23
595,21,304,4,Great product,Happy with this purchase. It works well and the quality is good for the price.,2025-11-24T00:00:00Z,2,0,Registered User,False,Flagged,4,,es,iOS App,2025-11-24
596,5,409,2,Not great,Had issues right out of the box. Quality control seems lacking.,2025-11-10T11:51:32Z,1,0,Customer 409,True,Pending,2,,en,Android App,2025-11-10
597,89,82,5,Five stars deserved,Fantastic product! It does exactly what it promises and more. Very happy customer here.,2025-12-17T02:38:34Z,3,0,Verified Customer,True,Approved,4,,en,iOS App,2025-12-17
598,300,223,5,Excellent product!,I've been using this for weeks now and I'm absolutely thrilled with it. Highly recommended!,2022-02-16T03:10:34Z,1,1,Verified Purchaser,True,Approved,2,Thank you for your kind words! We hope to serve you again soon.,en,Tablet,2022-02-16
599,411,64,5,Highly recommend!,This product exceeded all my expectations. The quality is outstanding and it works perfectly.,2019-03-10T02:25:12Z,0,0,Verified Buyer,True,Approved,0,,en,iOS App,2019-03-10
600,306,257,2,Underwhelming,Not worth the price. There are better options available for less money.,2022-03-06T23:48:17Z,11,2,A Verified Reviewer,True,Approved,20,,en,Mobile Web,2022-03-06
601,416,39,1,Stay away,Avoid this product at all costs. It's nothing like the description or photos.,2024-12-02T00:00:00Z,0,0,Member 39,False,Approved,0,,en,Mobile Web,2024-12-02
602,13,91,5,Exceeded expectations,Best purchase I've made in a long time. The build quality is excellent and it arrived quickly.,2025-02-08T18:27:07Z,2,0,Customer 91,True,Approved,3,Thank you for your kind words! We hope to serve you again soon.,en,Tablet,2025-02-08
603,332,251,2,Disappointed,Had issues right out of the box. Quality control seems lacking.,2021-09-05T21:17:34Z,2,0,Verified Purchaser,True,Approved,3,,en,Desktop,2021-09-05
604,257,200,2,Would not recommend,Below my expectations. It works but feels cheaply made. Wouldn't buy again.,2024-11-23T14:59:22Z,1,0,A Verified Reviewer,True,Approved,3,We're sorry to hear about your experience. Please contact our support team.,fr,iOS App,2024-11-23
605,234,284,3,Does the job,Meets basic expectations but doesn't stand out. You get what you pay for.,2024-12-04T00:00:00Z,1,0,Member 284,False,Pending,2,,en,Android App,2024-12-04
606,476,82,4,Great product,Solid product that delivers on its promises. Shipping was fast and packaging was good.,2025-12-23T02:38:34Z,1,2,Verified Customer,True,Approved,3,,en,Desktop,2025-12-23
607,64,82,4,Would buy again,Good value for money. Does what I needed it to do. Would consider buying again.,2025-12-19T02:38:34Z,2,1,A Verified Reviewer,True,Flagged,3,,en,Tablet,2025-12-19
608,115,191,5,Perfect!,I've been using this for weeks now and I'm absolutely thrilled with it. Highly recommended!,2024-02-23T00:00:00Z,0,1,Member 191,False,Approved,0,Thank you for your feedback! We're glad you enjoyed the product.,es,iOS App,2024-02-23
609,79,446,2,Could be better,Had issues right out of the box. Quality control seems lacking.,2024-06-24T00:00:00Z,3,5,A Customer,False,Approved,4,,en,Desktop,2024-06-24
610,230,57,5,Couldn't be happier,This product exceeded all my expectations. The quality is outstanding and it works perfectly.,2024-03-22T00:00:00Z,12,1,Member 57,False,Rejected,15,,de,Tablet,2024-03-22
611,33,150,4,Nice product,Good value for money. Does what I needed it to do. Would consider buying again.,2024-05-03T07:29:49Z,0,0,Verified Buyer,True,Approved,0,Thank you for your feedback! We're glad you enjoyed the product.,en,Desktop,2024-05-03
612,499,353,4,Happy with purchase,Really good product overall. A few minor issues but nothing major. Would recommend.,2024-12-27T00:00:00Z,2,0,A Customer,False,Approved,3,We appreciate your honest feedback and will use it to improve our products.,en,Android App,2024-12-27
613,129,77,4,Great product,Really good product overall. A few minor issues but nothing major. Would recommend.,2024-09-03T02:32:24Z,0,0,Verified Purchaser,True,Pending,0,,en,Desktop,2024-09-03
614,240,295,4,Recommended,Happy with this purchase. It works well and the quality is good for the price.,2025-07-04T00:00:00Z,0,1,User 295,False,Approved,0,,en,Android App,2025-07-04
615,219,150,4,Nice product,Happy with this purchase. It works well and the quality is good for the price.,2024-04-23T07:29:49Z,1,1,Customer 150,True,Approved,3,,en,Tablet,2024-04-23
616,2,428,1,Terrible product,Avoid this product at all costs. It's nothing like the description or photos.,2023-05-20T17:25:23Z,1,1,Verified Purchaser,True,Approved,2,,en,Tablet,2023-05-20
617,334,60,4,Recommended,Solid product that delivers on its promises. Shipping was fast and packaging was good.,2022-02-10T08:25:00Z,1,2,Verified Customer,True,Pending,2,,en,Desktop,2022-02-10
618,34,125,5,Worth every penny,I've been using this for weeks now and I'm absolutely thrilled with it. Highly recommended!,2025-06-22T08:00:23Z,0,0,A Verified Reviewer,True,Approved,0,,en,Desktop,2025-06-22
619,181,286,5,Love it!,Fantastic product! It does exactly what it promises and more. Very happy customer here.,2024-03-27T00:00:00Z,12,2,Member 286,False,Approved,15,,en,Mobile Web,2024-03-27
620,201,127,5,Worth every penny,Top-notch quality and great value for money. Would definitely purchase from this brand again.,2024-10-28T00:00:00Z,0,0,Member 127,False,Approved,1,,es,iOS App,2024-10-28
621,327,462,3,Fair value,Decent product for the price point. Some features could be improved.,2025-09-25T00:00:00Z,0,0,Shopper,False,Flagged,1,,it,iOS App,2025-09-25
622,86,221,2,Would not recommend,Disappointed with this purchase. The quality is not as good as advertised.,2025-08-08T00:00:00Z,2,0,Member 221,False,Approved,3,,en,iOS App,2025-08-08
623,416,297,5,Amazing quality,Top-notch quality and great value for money. Would definitely purchase from this brand again.,2024-11-11T00:00:00Z,2,0,Registered User,False,Approved,3,,en,iOS App,2024-11-11
624,436,200,4,Great product,Good value for money. Does what I needed it to do. Would consider buying again.,2024-11-09T14:59:22Z,3,0,Customer 200,True,Approved,4,We appreciate your honest feedback and will use it to improve our products.,it,Tablet,2024-11-09
625,207,60,5,Perfect!,This product exceeded all my expectations. The quality is outstanding and it works perfectly.,2022-05-25T03:22:42Z,0,0,Verified Purchaser,True,Approved,0,,es,Android App,2022-05-25
626,48,187,5,Couldn't be happier,I've been using this for weeks now and I'm absolutely thrilled with it. Highly recommended!,2024-06-13T14:33:36Z,0,0,Verified Customer,True,Approved,0,Thank you for taking the time to share your thoughts with us.,en,Tablet,2024-06-13
627,327,125,2,Underwhelming,Below my expectations. It works but feels cheaply made. Wouldn't buy again.,2025-03-27T08:00:23Z,13,0,A Verified Reviewer,True,Approved,15,,en,Mobile Web,2025-03-27
628,155,260,4,Great product,Solid product that delivers on its promises. Shipping was fast and packaging was good.,2025-05-24T19:52:47Z,3,0,Customer 260,True,Approved,5,,en,Desktop,2025-05-24
629,300,223,4,Great product,Good value for money. Does what I needed it to do. Would consider buying again.,2022-02-15T03:10:34Z,3,0,Verified Customer,True,Approved,4,,en,Desktop,2022-02-15
630,487,358,5,Five stars deserved,This product exceeded all my expectations. The quality is outstanding and it works perfectly.,2025-11-08T00:00:00Z,0,1,Registered User,False,Pending,0,,en,iOS App,2025-11-08
631,103,74,3,Nothing special,It's an average product. Nothing special but it gets the job done adequately.,2025-12-13T23:57:59Z,7,0,Verified Buyer,True,Approved,15,,en,Tablet,2025-12-13
632,5,409,4,Very satisfied,Good value for money. Does what I needed it to do. Would consider buying again.,2025-12-02T11:51:32Z,0,0,Verified Customer,True,Approved,0,,en,Tablet,2025-12-02
633,387,455,4,Nice product,Nice quality and works as expected. Customer service was helpful when I had questions.,2025-08-13T00:00:00Z,1,2,Member 455,False,Approved,2,,en,iOS App,2025-08-13
634,370,109,5,Couldn't be happier,Top-notch quality and great value for money. Would definitely purchase from this brand again.,2024-11-06T00:00:00Z,0,0,Shopper,False,Approved,0,,en,iOS App,2024-11-06
635,97,204,4,Recommended,Happy with this purchase. It works well and the quality is good for the price.,2025-04-29T11:36:43Z,0,0,Verified Buyer,True,Approved,1,,en,Mobile Web,2025-04-29
636,46,41,5,Perfect!,I've been using this for weeks now and I'm absolutely thrilled with it. Highly recommended!,2024-05-09T00:00:00Z,1,0,Shopper,False,Pending,2,,en,iOS App,2024-05-09
637,321,206,4,Very satisfied,Nice quality and works as expected. Customer service was helpful when I had questions.,2025-03-15T08:48:26Z,3,0,Verified Customer,True,Approved,4,Thank you for your feedback! We're glad you enjoyed the product.,en,Tablet,2025-03-15
638,392,185,4,Very satisfied,Really good product overall. A few minor issues but nothing major. Would recommend.,2025-04-14T07:10:52Z,2,0,Verified Purchaser,True,Pending,4,,en,iOS App,2025-04-14
639,175,317,2,Underwhelming,Below my expectations. It works but feels cheaply made. Wouldn't buy again.,2025-08-01T06:12:07Z,2,0,A Verified Reviewer,True,Approved,3,,en,Android App,2025-08-01
640,259,91,5,Love it!,Best purchase I've made in a long time. The build quality is excellent and it arrived quickly.,2024-11-26T18:27:07Z,37,0,Customer 91,True,Approved,50,,en,iOS App,2024-11-26
641,48,14,5,Couldn't be happier,Fantastic product! It does exactly what it promises and more. Very happy customer here.,2024-05-19T00:00:00Z,0,2,Member 14,False,Approved,1,,en,Mobile Web,2024-05-19
642,18,219,5,Love it!,Fantastic product! It does exactly what it promises and more. Very happy customer here.,2025-09-14T00:00:00Z,0,3,Registered User,False,Approved,0,Thank you for your feedback! We're glad you enjoyed the product.,en,iOS App,2025-09-14
643,300,223,5,Highly recommend!,Fantastic product! It does exactly what it promises and more. Very happy customer here.,2021-11-24T03:10:34Z,0,4,Verified Customer,True,Approved,1,,es,Mobile Web,2021-11-24
644,403,154,5,Exceeded expectations,This product exceeded all my expectations. The quality is outstanding and it works perfectly.,2025-03-25T00:00:00Z,3,0,Registered User,False,Rejected,4,,it,iOS App,2025-03-25
645,161,85,5,Exceeded expectations,Fantastic product! It does exactly what it promises and more. Very happy customer here.,2025-11-19T00:00:00Z,1,0,Registered User,False,Approved,2,,en,Mobile Web,2025-11-19
646,162,191,5,Couldn't be happier,I've been using this for weeks now and I'm absolutely thrilled with it. Highly recommended!,2024-05-08T00:00:00Z,1,0,Registered User,False,Approved,2,,en,Desktop,2024-05-08
647,348,342,4,Happy with purchase,Nice quality and works as expected. Customer service was helpful when I had questions.,2018-07-28T09:41:23Z,0,0,A Verified Reviewer,True,Approved,0,,en,Android App,2018-07-28
648,76,26,3,Does the job,It's an average product. Nothing special but it gets the job done adequately.,2025-06-06T20:56:10Z,8,1,Verified Customer,True,Pending,10,,en,Desktop,2025-06-06
649,130,12,4,Very satisfied,Really good product overall. A few minor issues but nothing major. Would recommend.,2018-03-22T14:08:46Z,5,0,Customer 12,True,Approved,10,Thank you for your feedback! We're glad you enjoyed the product.,en,Android App,2018-03-22
650,239,16,5,Exceeded expectations,Top-notch quality and great value for money. Would definitely purchase from this brand again.,2024-10-27T00:00:00Z,3,4,Registered User,False,Approved,5,,es,Desktop,2024-10-27
651,280,12,1,Do not buy,Terrible quality. Broke immediately and the company won't refund my purchase.,2017-10-10T14:08:46Z,4,0,Verified Customer,True,Approved,5,,it,Mobile Web,2017-10-10
652,182,218,5,Love it!,This product exceeded all my expectations. The quality is outstanding and it works perfectly.,2025-09-05T00:00:00Z,3,2,A Customer,False,Approved,5,Thank you for taking the time to share your thoughts with us.,en,iOS App,2025-09-05
653,373,143,5,Five stars deserved,Best purchase I've made in a long time. The build quality is excellent and it arrived quickly.,2024-10-26T00:00:00Z,8,0,Shopper,False,Flagged,10,,en,Android App,2024-10-26
654,297,258,2,Would not recommend,Had issues right out of the box. Quality control seems lacking.,2025-02-15T00:00:00Z,0,0,Shopper,False,Approved,1,,en,Desktop,2025-02-15
655,249,150,5,Outstanding!,Fantastic product! It does exactly what it promises and more. Very happy customer here.,2024-01-03T21:29:49Z,0,0,Verified Purchaser,True,Approved,0,,en,iOS App,2024-01-03
656,357,82,4,Good quality,Happy with this purchase. It works well and the quality is good for the price.,2025-03-04T00:00:00Z,0,1,User 82,False,Approved,0,,en,iOS App,2025-03-04
657,206,176,5,Couldn't be happier,Fantastic product! It does exactly what it promises and more. Very happy customer here.,2024-02-12T00:00:00Z,1,0,A Customer,False,Approved,3,,en,iOS App,2024-02-12
658,460,74,2,Disappointed,Disappointed with this purchase. The quality is not as good as advertised.,2025-12-16T23:57:59Z,2,0,Verified Customer,True,Approved,3,We appreciate your review and are happy you had a positive experience.,fr,Desktop,2025-12-16
659,241,322,2,Disappointed,Not worth the price. There are better options available for less money.,2025-12-16T00:00:00Z,8,0,A Customer,False,Rejected,10,,en,iOS App,2025-12-16
660,485,492,4,Good quality,Really good product overall. A few minor issues but nothing major. Would recommend.,2025-10-22T00:00:00Z,4,0,Registered User,False,Approved,5,,de,Desktop,2025-10-22
661,392,185,5,Amazing quality,Fantastic product! It does exactly what it promises and more. Very happy customer here.,2025-04-13T07:10:52Z,0,0,Verified Customer,True,Approved,1,,en,Tablet,2025-04-13
662,414,286,5,Excellent product!,Best purchase I've made in a long time. The build quality is excellent and it arrived quickly.,2024-02-07T00:00:00Z,0,0,A Customer,False,Approved,0,We appreciate your honest feedback and will use it to improve our products.,en,iOS App,2024-02-07
663,472,277,3,Decent quality,Meets basic expectations but doesn't stand out. You get what you pay for.,2024-01-03T00:00:00Z,0,0,Registered User,False,Approved,1,,en,Desktop,2024-01-03
664,306,257,3,Fair value,It works but I expected a bit more based on the description. Okay overall.,2022-04-11T23:48:17Z,13,1,A Verified Reviewer,True,Approved,15,We appreciate your honest feedback and will use it to improve our products.,en,iOS App,2022-04-11
665,155,345,3,Meets expectations,Decent product for the price point. Some features could be improved.,2024-12-09T00:00:00Z,0,0,User 345,False,Approved,0,,en,Android App,2024-12-09
666,476,299,5,Outstanding!,Top-notch quality and great value for money. Would definitely purchase from this brand again.,2025-12-15T07:09:37Z,0,1,Verified Purchaser,True,Approved,0,We appreciate your honest feedback and will use it to improve our products.,en,Desktop,2025-12-15
667,340,162,3,Meets expectations,It works but I expected a bit more based on the description. Okay overall.,2025-08-04T01:46:13Z,1,0,Verified Buyer,True,Approved,2,,de,Desktop,2025-08-04
668,330,143,5,Best purchase ever,Top-notch quality and great value for money. Would definitely purchase from this brand again.,2025-04-26T00:00:00Z,1,1,Member 143,False,Approved,2,,en,Tablet,2025-04-26
669,422,204,5,Outstanding!,I've been using this for weeks now and I'm absolutely thrilled with it. Highly recommended!,2019-11-11T20:41:08Z,4,0,Verified Purchaser,True,Approved,5,,en,iOS App,2019-11-11
670,155,260,3,Acceptable,Meets basic expectations but doesn't stand out. You get what you pay for.,2025-05-05T19:52:47Z,0,0,Verified Customer,True,Approved,0,,es,iOS App,2025-05-05
671,385,452,5,Five stars deserved,Best purchase I've made in a long time. The build quality is excellent and it arrived quickly.,2022-08-10T13:11:16Z,8,0,Verified Buyer,True,Approved,10,,en,Mobile Web,2022-08-10
672,105,178,4,Nice product,Nice quality and works as expected. Customer service was helpful when I had questions.,2025-02-22T00:00:00Z,1,3,A Customer,False,Approved,2,,en,Desktop,2025-02-22
673,155,58,4,Solid choice,Happy with this purchase. It works well and the quality is good for the price.,2024-08-29T00:00:00Z,0,1,Registered User,False,Approved,0,,it,iOS App,2024-08-29
674,433,311,3,It's okay,Meets basic expectations but doesn't stand out. You get what you pay for.,2025-05-10T10:58:29Z,3,0,Verified Purchaser,True,Approved,5,,en,Desktop,2025-05-10
675,297,89,5,Amazing quality,Fantastic product! It does exactly what it promises and more. Very happy customer here.,2024-10-22T21:13:27Z,1,1,Verified Buyer,True,Approved,3,Thank you for your feedback! We're glad you enjoyed the product.,en,Mobile Web,2024-10-22
676,6,264,4,Great product,Good value for money. Does what I needed it to do. Would consider buying again.,2024-02-06T00:00:00Z,1,1,Registered User,False,Approved,2,,en,Desktop,2024-02-06
677,94,392,3,It's okay,Middle of the road product. Not bad but not great either. Fair value.,2024-03-16T00:00:00Z,0,0,A Customer,False,Rejected,0,,en,iOS App,2024-03-16
678,180,230,5,Best purchase ever,This product exceeded all my expectations. The quality is outstanding and it works perfectly.,2025-11-13T00:00:00Z,0,1,User 230,False,Approved,0,,en,Mobile Web,2025-11-13
679,318,260,4,Solid choice,Solid product that delivers on its promises. Shipping was fast and packaging was good.,2025-08-30T19:52:47Z,9,1,Verified Buyer,True,Pending,10,,en,Desktop,2025-08-30
680,489,129,2,Could be better,Not worth the price. There are better options available for less money.,2022-10-19T17:32:09Z,2,0,Verified Buyer,True,Approved,3,,en,iOS App,2022-10-19
681,144,253,3,Acceptable,Middle of the road product. Not bad but not great either. Fair value.,2015-10-03T22:03:48Z,1,1,A Verified Reviewer,True,Rejected,2,,en,Android App,2015-10-03
682,45,2,4,Nice product,Happy with this purchase. It works well and the quality is good for the price.,2025-12-09T00:49:29Z,3,0,Verified Customer,True,Approved,4,,en,iOS App,2025-12-09
683,121,172,5,Exceeded expectations,I've been using this for weeks now and I'm absolutely thrilled with it. Highly recommended!,2025-12-20T00:00:00Z,0,1,Shopper,False,Pending,1,,en,Android App,2025-12-20
684,231,281,4,Would buy again,Really good product overall. A few minor issues but nothing major. Would recommend.,2025-08-13T00:00:00Z,0,0,Registered User,False,Approved,0,,en,Desktop,2025-08-13
685,220,223,5,Highly recommend!,Best purchase I've made in a long time. The build quality is excellent and it arrived quickly.,2022-01-31T03:10:34Z,5,0,Verified Customer,True,Approved,10,,en,Desktop,2022-01-31
686,495,457,5,Worth every penny,I've been using this for weeks now and I'm absolutely thrilled with it. Highly recommended!,2024-08-17T20:41:30Z,0,0,Verified Customer,True,Approved,0,,en,iOS App,2024-08-17
687,392,185,4,Would buy again,Happy with this purchase. It works well and the quality is good for the price.,2025-01-04T07:10:52Z,3,0,A Verified Reviewer,True,Approved,4,,fr,Mobile Web,2025-01-04
688,46,15,3,Decent quality,It works but I expected a bit more based on the description. Okay overall.,2024-08-26T00:00:00Z,0,0,Member 15,False,Approved,0,,es,Desktop,2024-08-26
689,57,420,4,Happy with purchase,Nice quality and works as expected. Customer service was helpful when I had questions.,2025-04-20T00:00:00Z,0,1,A Customer,False,Approved,1,,de,Mobile Web,2025-04-20
690,297,223,5,Five stars deserved,Fantastic product! It does exactly what it promises and more. Very happy customer here.,2024-11-13T00:00:00Z,2,0,Member 223,False,Approved,4,Thank you for taking the time to share your thoughts with us.,en,Android App,2024-11-13
691,189,351,5,Couldn't be happier,Fantastic product! It does exactly what it promises and more. Very happy customer here.,2025-11-06T13:56:14Z,0,3,Verified Purchaser,True,Pending,0,,en,Desktop,2025-11-06
692,295,342,2,Would not recommend,Disappointed with this purchase. The quality is not as good as advertised.,2018-09-03T09:41:23Z,4,0,Verified Buyer,True,Approved,5,,en,Desktop,2018-09-03
693,354,353,4,Nice product,Solid product that delivers on its promises. Shipping was fast and packaging was good.,2025-09-14T00:00:00Z,9,0,User 353,False,Approved,15,We appreciate your review and are happy you had a positive experience.,en,iOS App,2025-09-14
694,268,4,5,Excellent product!,I've been using this for weeks now and I'm absolutely thrilled with it. Highly recommended!,2025-07-05T00:00:00Z,0,0,Member 4,False,Approved,1,Thank you for taking the time to share your thoughts with us.,en,Android App,2025-07-05
695,476,299,1,Terrible product,Terrible quality. Broke immediately and the company won't refund my purchase.,2025-12-13T07:09:37Z,1,0,Verified Customer,True,Approved,2,We're sorry to hear about your experience. Please contact our support team.,en,Desktop,2025-12-13
696,144,108,5,Perfect!,I've been using this for weeks now and I'm absolutely thrilled with it. Highly recommended!,2025-08-29T00:00:00Z,0,1,Registered User,False,Approved,1,We appreciate your honest feedback and will use it to improve our products.,en,Desktop,2025-08-29
697,182,49,5,Love it!,This product exceeded all my expectations. The quality is outstanding and it works perfectly.,2025-12-12T19:58:09Z,0,0,Customer 49,True,Approved,0,,es,Desktop,2025-12-12
698,338,204,4,Nice product,Solid product that delivers on its promises. Shipping was fast and packaging was good.,2025-04-30T11:36:43Z,0,0,Verified Customer,True,Approved,0,,en,Android App,2025-04-30
699,276,110,2,Disappointed,Disappointed with this purchase. The quality is not as good as advertised.,2021-04-23T01:21:26Z,1,0,Customer 110,True,Approved,3,We appreciate your review and are happy you had a positive experience.,en,Android App,2021-04-23
700,412,85,5,Amazing quality,Top-notch quality and great value for money. Would definitely purchase from this brand again.,2025-12-04T00:00:00Z,1,0,User 85,False,Approved,2,,en,Android App,2025-12-04
701,120,200,5,Amazing quality,This product exceeded all my expectations. The quality is outstanding and it works perfectly.,2024-12-20T14:59:22Z,0,0,Verified Customer,True,Approved,0,,en,iOS App,2024-12-20
702,46,334,4,Great product,Nice quality and works as expected. Customer service was helpful when I had questions.,2025-09-05T00:00:00Z,0,4,Member 334,False,Pending,1,,en,Desktop,2025-09-05
703,272,206,4,Very satisfied,Solid product that delivers on its promises. Shipping was fast and packaging was good.,2024-10-22T08:48:26Z,2,2,A Verified Reviewer,True,Approved,3,,es,Mobile Web,2024-10-22
704,207,60,5,Highly recommend!,Best purchase I've made in a long time. The build quality is excellent and it arrived quickly.,2022-04-09T03:22:42Z,2,0,Verified Customer,True,Approved,5,,en,iOS App,2022-04-09
705,172,13,5,Amazing quality,Best purchase I've made in a long time. The build quality is excellent and it arrived quickly.,2025-12-05T00:00:00Z,0,0,Member 13,False,Rejected,1,,fr,iOS App,2025-12-05
706,313,459,4,Would buy again,Really good product overall. A few minor issues but nothing major. Would recommend.,2025-10-24T00:00:00Z,0,0,User 459,False,Approved,0,,en,Android App,2025-10-24
707,64,82,4,Good quality,Solid product that delivers on its promises. Shipping was fast and packaging was good.,2025-12-24T02:38:34Z,1,0,Customer 82,True,Approved,2,,de,Mobile Web,2025-12-24
708,342,409,3,Nothing special,Meets basic expectations but doesn't stand out. You get what you pay for.,2025-12-07T11:51:32Z,1,0,Customer 409,True,Approved,2,,en,Desktop,2025-12-07
709,471,91,3,Does the job,Decent product for the price point. Some features could be improved.,2025-02-21T18:27:07Z,0,1,A Verified Reviewer,True,Pending,0,,es,Desktop,2025-02-21
710,293,457,5,Amazing quality,Top-notch quality and great value for money. Would definitely purchase from this brand again.,2024-09-15T20:41:30Z,0,0,Verified Buyer,True,Approved,1,Thank you for your kind words! We hope to serve you again soon.,en,Android App,2024-09-15
711,471,91,4,Would buy again,Really good product overall. A few minor issues but nothing major. Would recommend.,2024-11-25T18:27:07Z,2,0,Customer 91,True,Approved,3,,en,Tablet,2024-11-25
712,466,60,5,Excellent product!,This product exceeded all my expectations. The quality is outstanding and it works perfectly.,2022-01-10T08:25:00Z,3,0,Verified Customer,True,Approved,4,,es,Tablet,2022-01-10
713,144,253,4,Solid choice,Solid product that delivers on its promises. Shipping was fast and packaging was good.,2015-11-07T22:03:48Z,9,5,A Verified Reviewer,True,Approved,15,,en,iOS App,2015-11-07
714,143,7,1,Do not buy,Worst purchase I've ever made. Cheaply made and doesn't work as advertised.,2025-07-28T14:03:35Z,12,0,Verified Buyer,True,Approved,20,We're sorry to hear about your experience. Please contact our support team.,en,Android App,2025-07-28
715,72,490,3,Acceptable,Middle of the road product. Not bad but not great either. Fair value.,2025-11-30T00:00:00Z,0,0,User 490,False,Approved,1,,en,Desktop,2025-11-30
716,441,111,5,Highly recommend!,Fantastic product! It does exactly what it promises and more. Very happy customer here.,2024-04-12T00:00:00Z,0,1,User 111,False,Approved,1,,en,Android App,2024-04-12
717,334,60,5,Five stars deserved,This product exceeded all my expectations. The quality is outstanding and it works perfectly.,2022-03-24T08:25:00Z,0,0,Customer 60,True,Pending,0,,en,iOS App,2022-03-24
718,407,113,1,Do not buy,Complete waste of money. This product stopped working after just two days.,2025-03-19T23:00:36Z,13,2,A Verified Reviewer,True,Approved,15,,en,Desktop,2025-03-19
719,338,354,5,Amazing quality,I've been using this for weeks now and I'm absolutely thrilled with it. Highly recommended!,2025-01-26T20:30:35Z,0,0,Verified Buyer,True,Rejected,0,,en,Mobile Web,2025-01-26
720,300,280,5,Worth every penny,I've been using this for weeks now and I'm absolutely thrilled with it. Highly recommended!,2017-12-21T10:27:55Z,1,0,Verified Customer,True,Approved,2,,en,iOS App,2017-12-21
721,17,62,4,Very satisfied,Good value for money. Does what I needed it to do. Would consider buying again.,2025-04-29T00:00:00Z,2,1,Member 62,False,Approved,5,,es,iOS App,2025-04-29
722,424,296,3,Nothing special,Middle of the road product. Not bad but not great either. Fair value.,2025-08-18T23:07:26Z,0,0,A Verified Reviewer,True,Rejected,0,,en,Tablet,2025-08-18
723,500,209,5,Highly recommend!,This product exceeded all my expectations. The quality is outstanding and it works perfectly.,2019-09-25T15:31:56Z,0,0,Verified Purchaser,True,Approved,1,,es,Desktop,2019-09-25
724,194,60,4,Would buy again,Happy with this purchase. It works well and the quality is good for the price.,2022-03-21T08:25:00Z,0,0,A Verified Reviewer,True,Approved,1,Thank you for your feedback! We're glad you enjoyed the product.,en,Android App,2022-03-21
725,416,457,5,Love it!,Top-notch quality and great value for money. Would definitely purchase from this brand again.,2024-07-27T20:41:30Z,1,0,Verified Buyer,True,Pending,2,,en,iOS App,2024-07-27
726,315,446,1,Do not buy,Worst purchase I've ever made. Cheaply made and doesn't work as advertised.,2025-07-02T00:00:00Z,1,0,A Customer,False,Approved,2,,en,Mobile Web,2025-07-02
727,466,60,4,Very satisfied,Really good product overall. A few minor issues but nothing major. Would recommend.,2022-02-12T08:25:00Z,9,0,Verified Buyer,True,Approved,15,,en,iOS App,2022-02-12
728,36,125,2,Could be better,Not worth the price. There are better options available for less money.,2025-05-05T00:00:00Z,0,0,Member 125,False,Approved,1,,es,Android App,2025-05-05
729,375,200,3,Does the job,It works but I expected a bit more based on the description. Okay overall.,2024-04-06T00:00:00Z,1,0,User 200,False,Rejected,2,,en,Desktop,2024-04-06
730,252,457,4,Great product,Really good product overall. A few minor issues but nothing major. Would recommend.,2024-10-28T00:00:00Z,0,0,A Customer,False,Approved,0,Thank you for taking the time to share your thoughts with us.,en,Android App,2024-10-28
731,500,7,4,Very satisfied,Happy with this purchase. It works well and the quality is good for the price.,2024-03-31T00:00:00Z,0,1,User 7,False,Approved,0,,en,Desktop,2024-03-31
732,385,113,5,Perfect!,Top-notch quality and great value for money. Would definitely purchase from this brand again.,2024-11-24T23:00:36Z,11,0,Verified Purchaser,True,Approved,15,,es,iOS App,2024-11-24
733,227,400,5,Couldn't be happier,Best purchase I've made in a long time. The build quality is excellent and it arrived quickly.,2024-10-16T00:00:00Z,34,0,A Customer,False,Approved,50,,en,Desktop,2024-10-16
734,51,180,3,Nothing special,Middle of the road product. Not bad but not great either. Fair value.,2023-09-12T14:41:57Z,0,0,Verified Purchaser,True,Approved,1,,es,Desktop,2023-09-12
735,184,225,5,Perfect!,Best purchase I've made in a long time. The build quality is excellent and it arrived quickly.,2025-04-27T00:00:00Z,0,0,Shopper,False,Approved,0,,en,Desktop,2025-04-27
736,361,185,5,Highly recommend!,Best purchase I've made in a long time. The build quality is excellent and it arrived quickly.,2025-02-25T07:10:52Z,0,1,Verified Customer,True,Approved,0,,en,Tablet,2025-02-25
737,198,345,5,Outstanding!,I've been using this for weeks now and I'm absolutely thrilled with it. Highly recommended!,2024-04-04T08:28:49Z,2,0,Verified Purchaser,True,Approved,3,Thank you for your feedback! We're glad you enjoyed the product.,en,Android App,2024-04-04
738,44,7,5,Exceeded expectations,Top-notch quality and great value for money. Would definitely purchase from this brand again.,2025-11-16T14:03:35Z,18,0,Verified Buyer,True,Approved,20,,en,Desktop,2025-11-16
739,246,476,5,Outstanding!,I've been using this for weeks now and I'm absolutely thrilled with it. Highly recommended!,2025-04-23T15:11:51Z,1,0,Customer 476,True,Approved,2,We appreciate your review and are happy you had a positive experience.,en,iOS App,2025-04-23
740,113,355,5,Highly recommend!,Top-notch quality and great value for money. Would definitely purchase from this brand again.,2025-02-17T20:49:39Z,2,0,Verified Purchaser,True,Pending,5,,en,Mobile Web,2025-02-17
741,64,82,4,Happy with purchase,Solid product that delivers on its promises. Shipping was fast and packaging was good.,2025-12-22T02:38:34Z,0,1,Verified Customer,True,Approved,0,,en,Android App,2025-12-22
742,443,206,4,Nice product,Solid product that delivers on its promises. Shipping was fast and packaging was good.,2022-10-19T09:10:46Z,14,0,Verified Customer,True,Approved,20,Thank you for your feedback! We're glad you enjoyed the product.,en,Mobile Web,2022-10-19
743,30,35,2,Not great,Below my expectations. It works but feels cheaply made. Wouldn't buy again.,2025-11-11T00:00:00Z,0,0,User 35,False,Approved,0,,en,Android App,2025-11-11
744,338,204,5,Best purchase ever,I've been using this for weeks now and I'm absolutely thrilled with it. Highly recommended!,2025-03-31T11:36:43Z,0,0,Verified Buyer,True,Approved,0,,en,iOS App,2025-03-31
745,219,91,3,Nothing special,Decent product for the price point. Some features could be improved.,2024-11-06T18:27:07Z,0,1,A Verified Reviewer,True,Approved,0,,en,Tablet,2024-11-06
746,394,115,5,Love it!,I've been using this for weeks now and I'm absolutely thrilled with it. Highly recommended!,2025-04-17T03:33:47Z,0,2,Verified Buyer,True,Approved,0,,en,Tablet,2025-04-17
747,45,61,2,Could be better,Had issues right out of the box. Quality control seems lacking.,2024-08-09T00:00:00Z,3,0,Registered User,False,Pending,5,,en,Tablet,2024-08-09
748,219,91,2,Would not recommend,Product arrived damaged and customer service was slow to respond. Not happy.,2025-04-30T18:27:07Z,0,0,Verified Customer,True,Pending,1,,en,Tablet,2025-04-30
749,38,435,4,Very satisfied,Nice quality and works as expected. Customer service was helpful when I had questions.,2025-04-15T00:00:00Z,3,1,User 435,False,Approved,5,We appreciate your honest feedback and will use it to improve our products.,en,Tablet,2025-04-15
750,309,279,5,Amazing quality,Best purchase I've made in a long time. The build quality is excellent and it arrived quickly.,2024-01-12T00:00:00Z,0,3,User 279,False,Approved,0,,en,iOS App,2024-01-12
751,190,124,4,Happy with purchase,Happy with this purchase. It works well and the quality is good for the price.,2024-02-28T00:00:00Z,0,0,Member 124,False,Approved,0,,fr,Desktop,2024-02-28
752,470,148,1,Terrible product,Worst purchase I've ever made. Cheaply made and doesn't work as advertised.,2025-08-15T00:00:00Z,1,5,Registered User,False,Approved,2,,en,iOS App,2025-08-15
753,8,407,4,Solid choice,Happy with this purchase. It works well and the quality is good for the price.,2025-09-07T00:00:00Z,0,0,Shopper,False,Approved,0,,es,Desktop,2025-09-07
754,48,187,4,Good quality,Good value for money. Does what I needed it to do. Would consider buying again.,2024-08-24T14:33:36Z,2,0,Customer 187,True,Approved,3,,fr,Desktop,2024-08-24
755,373,309,3,Nothing special,It works but I expected a bit more based on the description. Okay overall.,2024-06-26T00:00:00Z,0,0,User 309,False,Pending,0,,en,Desktop,2024-06-26
756,289,484,4,Would buy again,Really good product overall. A few minor issues but nothing major. Would recommend.,2025-01-24T00:00:00Z,2,1,A Customer,False,Approved,4,,en,iOS App,2025-01-24
757,204,406,5,Amazing quality,Top-notch quality and great value for money. Would definitely purchase from this brand again.,2025-05-07T00:00:00Z,0,2,User 406,False,Pending,0,,en,iOS App,2025-05-07
758,303,296,4,Nice product,Really good product overall. A few minor issues but nothing major. Would recommend.,2025-08-25T23:07:26Z,2,0,Verified Purchaser,True,Approved,3,,en,Tablet,2025-08-25
759,92,200,3,Average product,It's an average product. Nothing special but it gets the job done adequately.,2024-08-13T14:59:22Z,1,0,Verified Customer,True,Flagged,3,,en,Tablet,2024-08-13
760,306,125,4,Recommended,Solid product that delivers on its promises. Shipping was fast and packaging was good.,2025-07-14T08:00:23Z,1,0,Verified Purchaser,True,Rejected,2,,es,iOS App,2025-07-14
761,436,294,5,Exceeded expectations,This product exceeded all my expectations. The quality is outstanding and it works perfectly.,2025-10-25T00:00:00Z,0,0,Member 294,False,Approved,0,,en,Tablet,2025-10-25
762,51,474,3,Fair value,Middle of the road product. Not bad but not great either. Fair value.,2025-04-24T00:00:00Z,5,0,Member 474,False,Approved,10,,en,Android App,2025-04-24
763,308,196,5,Couldn't be happier,Best purchase I've made in a long time. The build quality is excellent and it arrived quickly.,2024-07-30T00:00:00Z,0,0,Member 196,False,Approved,1,Thank you for taking the time to share your thoughts with us.,en,Android App,2024-07-30
764,64,282,3,Decent quality,Meets basic expectations but doesn't stand out. You get what you pay for.,2025-11-20T20:49:43Z,9,3,Verified Buyer,True,Approved,10,,en,iOS App,2025-11-20
765,202,297,4,Good quality,Solid product that delivers on its promises. Shipping was fast and packaging was good.,2024-05-26T00:00:00Z,0,0,Shopper,False,Approved,0,,en,Desktop,2024-05-26
766,53,206,3,It's okay,Meets basic expectations but doesn't stand out. You get what you pay for.,2024-12-06T08:48:26Z,8,0,Verified Purchaser,True,Approved,10,,de,Mobile Web,2024-12-06
767,212,385,3,Acceptable,Middle of the road product. Not bad but not great either. Fair value.,2024-11-19T00:00:00Z,1,4,Member 385,False,Rejected,2,,en,Android App,2024-11-19
768,225,13,5,Excellent product!,Best purchase I've made in a long time. The build quality is excellent and it arrived quickly.,2025-12-21T00:40:11Z,1,0,A Verified Reviewer,True,Approved,2,,en,iOS App,2025-12-21
769,349,303,5,Highly recommend!,This product exceeded all my expectations. The quality is outstanding and it works perfectly.,2025-09-16T21:21:18Z,3,0,Verified Customer,True,Approved,5,,de,iOS App,2025-09-16
770,33,150,5,Love it!,Fantastic product! It does exactly what it promises and more. Very happy customer here.,2024-04-19T07:29:49Z,3,0,A Verified Reviewer,True,Flagged,4,,es,Desktop,2024-04-19
771,346,136,5,Five stars deserved,Best purchase I've made in a long time. The build quality is excellent and it arrived quickly.,2025-11-09T04:13:23Z,3,0,A Verified Reviewer,True,Approved,5,We appreciate your review and are happy you had a positive experience.,en,iOS App,2025-11-09
772,9,89,4,Good quality,Nice quality and works as expected. Customer service was helpful when I had questions.,2024-08-19T21:13:27Z,0,0,Customer 89,True,Approved,0,,en,Tablet,2024-08-19
773,324,250,4,Great product,Good value for money. Does what I needed it to do. Would consider buying again.,2024-09-05T00:00:00Z,12,0,Member 250,False,Rejected,20,,en,Desktop,2024-09-05
774,117,230,4,Happy with purchase,Happy with this purchase. It works well and the quality is good for the price.,2024-06-24T00:00:00Z,6,2,Shopper,False,Approved,10,,en,iOS App,2024-06-24
775,2,428,5,Excellent product!,Best purchase I've made in a long time. The build quality is excellent and it arrived quickly.,2023-07-03T17:25:23Z,2,1,Customer 428,True,Approved,3,,en,Tablet,2023-07-03
776,275,58,2,Below expectations,Below my expectations. It works but feels cheaply made. Wouldn't buy again.,2024-10-27T00:00:00Z,1,1,Member 58,False,Approved,3,,en,Mobile Web,2024-10-27
777,218,69,4,Good quality,Happy with this purchase. It works well and the quality is good for the price.,2025-05-31T00:00:00Z,0,0,A Customer,False,Approved,0,,en,iOS App,2025-05-31
778,315,163,1,Complete waste,Avoid this product at all costs. It's nothing like the description or photos.,2024-11-07T00:00:00Z,0,0,A Customer,False,Approved,0,,en,iOS App,2024-11-07
779,76,26,5,Best purchase ever,I've been using this for weeks now and I'm absolutely thrilled with it. Highly recommended!,2025-01-03T20:56:10Z,0,0,Verified Purchaser,True,Approved,0,Thank you for your kind words! We hope to serve you again soon.,fr,Desktop,2025-01-03
780,378,150,5,Amazing quality,Top-notch quality and great value for money. Would definitely purchase from this brand again.,2024-04-05T21:29:49Z,18,0,A Verified Reviewer,True,Pending,20,,en,Mobile Web,2024-04-05
781,110,215,3,Meets expectations,Decent product for the price point. Some features could be improved.,2025-02-10T00:00:00Z,7,1,A Customer,False,Approved,10,,en,Tablet,2025-02-10
782,297,89,4,Solid choice,Nice quality and works as expected. Customer service was helpful when I had questions.,2024-10-20T21:13:27Z,26,1,Verified Customer,True,Approved,50,,en,Tablet,2024-10-20
783,321,206,3,Meets expectations,It works but I expected a bit more based on the description. Okay overall.,2024-11-12T08:48:26Z,1,0,A Verified Reviewer,True,Approved,2,,es,Android App,2024-11-12
784,288,187,3,Acceptable,Meets basic expectations but doesn't stand out. You get what you pay for.,2024-05-26T14:33:36Z,0,0,Verified Purchaser,True,Approved,1,,en,Android App,2024-05-26
785,313,205,2,Disappointed,Product arrived damaged and customer service was slow to respond. Not happy.,2025-04-20T00:00:00Z,0,1,A Customer,False,Approved,0,,en,Mobile Web,2025-04-20
786,280,74,3,Meets expectations,Meets basic expectations but doesn't stand out. You get what you pay for.,2025-12-22T00:00:00Z,1,1,Shopper,False,Rejected,3,,en,Desktop,2025-12-22
787,290,55,3,Does the job,Meets basic expectations but doesn't stand out. You get what you pay for.,2024-07-11T00:00:00Z,13,0,Shopper,False,Approved,20,,en,Desktop,2024-07-11
788,390,74,5,Worth every penny,This product exceeded all my expectations. The quality is outstanding and it works perfectly.,2025-12-17T23:57:59Z,0,2,A Verified Reviewer,True,Rejected,0,,de,Desktop,2025-12-17
789,141,181,5,Love it!,Top-notch quality and great value for money. Would definitely purchase from this brand again.,2024-08-31T00:00:00Z,2,1,Registered User,False,Pending,3,,es,iOS App,2024-08-31
790,284,88,3,Does the job,Meets basic expectations but doesn't stand out. You get what you pay for.,2024-09-03T00:00:00Z,13,0,A Customer,False,Pending,15,,en,Desktop,2024-09-03
791,102,77,4,Good quality,Happy with this purchase. It works well and the quality is good for the price.,2024-11-12T02:32:24Z,8,0,Verified Purchaser,True,Approved,10,,en,Desktop,2024-11-12
792,15,472,5,Worth every penny,This product exceeded all my expectations. The quality is outstanding and it works perfectly.,2024-03-04T00:00:00Z,0,0,A Customer,False,Approved,0,,pt,Tablet,2024-03-04
793,293,187,4,Happy with purchase,Nice quality and works as expected. Customer service was helpful when I had questions.,2024-05-08T14:33:36Z,4,0,Customer 187,True,Approved,5,We appreciate your honest feedback and will use it to improve our products.,en,Tablet,2024-05-08
794,328,320,5,Worth every penny,Best purchase I've made in a long time. The build quality is excellent and it arrived quickly.,2024-10-30T00:00:00Z,0,0,User 320,False,Approved,0,,en,Desktop,2024-10-30
795,47,243,5,Highly recommend!,Fantastic product! It does exactly what it promises and more. Very happy customer here.,2018-12-02T12:59:40Z,0,0,Verified Customer,True,Flagged,1,,en,Tablet,2018-12-02
796,483,280,4,Would buy again,Nice quality and works as expected. Customer service was helpful when I had questions.,2018-02-15T10:27:55Z,7,0,Verified Customer,True,Approved,10,,en,Tablet,2018-02-15
797,283,303,2,Underwhelming,Disappointed with this purchase. The quality is not as good as advertised.,2025-11-22T21:21:18Z,25,0,Customer 303,True,Approved,50,We appreciate your review and are happy you had a positive experience.,en,Android App,2025-11-22
798,104,116,4,Nice product,Really good product overall. A few minor issues but nothing major. Would recommend.,2025-10-26T15:55:17Z,0,5,Customer 116,True,Flagged,0,,en,Tablet,2025-10-26
799,411,200,2,Would not recommend,Product arrived damaged and customer service was slow to respond. Not happy.,2025-02-17T00:00:00Z,0,0,Registered User,False,Approved,0,,en,Android App,2025-02-17
800,465,353,4,Good quality,Solid product that delivers on its promises. Shipping was fast and packaging was good.,2025-05-13T00:00:00Z,46,0,A Customer,False,Approved,50,Thank you for your feedback! We're glad you enjoyed the product.,en,Android App,2025-05-13
801,12,117,5,Love it!,Best purchase I've made in a long time. The build quality is excellent and it arrived quickly.,2025-08-31T00:00:00Z,0,2,Member 117,False,Approved,1,Thank you for taking the time to share your thoughts with us.,en,iOS App,2025-08-31
802,247,29,1,Complete waste,Worst purchase I've ever made. Cheaply made and doesn't work as advertised.,2025-05-28T00:00:00Z,0,0,Shopper,False,Approved,0,We appreciate your honest feedback and will use it to improve our products.,en,Tablet,2025-05-28
803,127,338,3,Meets expectations,It works but I expected a bit more based on the description. Okay overall.,2024-05-28T10:26:14Z,2,0,Verified Customer,True,Approved,3,,en,Android App,2024-05-28
804,189,135,5,Love it!,I've been using this for weeks now and I'm absolutely thrilled with it. Highly recommended!,2025-06-08T00:00:00Z,0,5,A Customer,False,Approved,0,,en,Tablet,2025-06-08
805,259,91,2,Not worth it,Disappointed with this purchase. The quality is not as good as advertised.,2024-12-04T18:27:07Z,2,0,Verified Customer,True,Approved,3,,en,Desktop,2024-12-04
806,153,257,3,It's okay,Decent product for the price point. Some features could be improved.,2022-05-18T23:48:17Z,2,0,Verified Purchaser,True,Rejected,3,,en,Android App,2022-05-18
807,44,7,3,It's okay,It's an average product. Nothing special but it gets the job done adequately.,2025-10-18T14:03:35Z,1,0,Verified Customer,True,Approved,2,,en,Android App,2025-10-18
808,80,347,4,Good quality,Really good product overall. A few minor issues but nothing major. Would recommend.,2024-09-15T00:00:00Z,13,0,Member 347,False,Approved,20,,en,Tablet,2024-09-15
809,5,409,3,It's okay,Decent product for the price point. Some features could be improved.,2025-11-27T11:51:32Z,9,0,Customer 409,True,Approved,10,,en,Android App,2025-11-27
810,293,389,4,Solid choice,Happy with this purchase. It works well and the quality is good for the price.,2024-07-01T00:00:00Z,0,0,Shopper,False,Approved,1,,en,Android App,2024-07-01
811,421,122,4,Recommended,Good value for money. Does what I needed it to do. Would consider buying again.,2025-04-28T00:00:00Z,0,2,A Customer,False,Pending,1,,en,iOS App,2025-04-28
812,484,105,5,Couldn't be happier,Fantastic product! It does exactly what it promises and more. Very happy customer here.,2024-09-25T00:00:00Z,4,0,Registered User,False,Approved,5,,en,iOS App,2024-09-25
813,85,141,5,Worth every penny,I've been using this for weeks now and I'm absolutely thrilled with it. Highly recommended!,2025-10-30T00:00:00Z,2,1,Shopper,False,Approved,4,,en,Android App,2025-10-30
814,394,243,5,Love it!,This product exceeded all my expectations. The quality is outstanding and it works perfectly.,2018-11-09T12:59:40Z,1,0,Verified Customer,True,Rejected,3,,en,Desktop,2018-11-09
815,175,261,4,Solid choice,Nice quality and works as expected. Customer service was helpful when I had questions.,2023-12-26T00:00:00Z,3,0,Registered User,False,Approved,4,,en,Android App,2023-12-26
816,230,216,5,Highly recommend!,Top-notch quality and great value for money. Would definitely purchase from this brand again.,2024-11-15T00:00:00Z,0,0,User 216,False,Approved,0,,en,iOS App,2024-11-15
817,443,206,5,Love it!,Best purchase I've made in a long time. The build quality is excellent and it arrived quickly.,2022-11-20T09:10:46Z,8,0,Verified Purchaser,True,Approved,10,,en,iOS App,2022-11-20
818,259,296,3,It's okay,Meets basic expectations but doesn't stand out. You get what you pay for.,2025-07-30T23:07:26Z,0,4,Verified Purchaser,True,Approved,1,,en,iOS App,2025-07-30
819,481,231,4,Recommended,Happy with this purchase. It works well and the quality is good for the price.,2025-08-24T00:00:00Z,13,0,Member 231,False,Approved,20,,en,iOS App,2025-08-24
820,107,359,5,Amazing quality,Best purchase I've made in a long time. The build quality is excellent and it arrived quickly.,2024-03-31T00:00:00Z,0,0,Shopper,False,Approved,1,,en,Tablet,2024-03-31
821,67,462,5,Excellent product!,I've been using this for weeks now and I'm absolutely thrilled with it. Highly recommended!,2025-05-02T00:00:00Z,3,0,A Customer,False,Approved,5,,de,Desktop,2025-05-02
822,79,326,4,Recommended,Really good product overall. A few minor issues but nothing major. Would recommend.,2024-04-09T00:00:00Z,0,1,User 326,False,Approved,0,,fr,Mobile Web,2024-04-09
823,257,200,3,Fair value,Meets basic expectations but doesn't stand out. You get what you pay for.,2024-11-19T14:59:22Z,1,0,Verified Purchaser,True,Approved,2,,en,Tablet,2024-11-19
824,75,361,4,Would buy again,Solid product that delivers on its promises. Shipping was fast and packaging was good.,2025-11-12T00:00:00Z,0,1,Shopper,False,Approved,1,,en,Desktop,2025-11-12
825,116,334,5,Worth every penny,I've been using this for weeks now and I'm absolutely thrilled with it. Highly recommended!,2025-11-07T00:00:00Z,1,0,A Customer,False,Approved,2,,en,Mobile Web,2025-11-07
826,107,311,4,Very satisfied,Good value for money. Does what I needed it to do. Would consider buying again.,2025-05-17T10:58:29Z,0,0,Verified Buyer,True,Approved,0,We appreciate your review and are happy you had a positive experience.,it,iOS App,2025-05-17
827,137,291,1,Terrible product,Avoid this product at all costs. It's nothing like the description or photos.,2025-05-07T00:00:00Z,0,0,Registered User,False,Approved,0,We appreciate your review and are happy you had a positive experience.,en,Android App,2025-05-07
828,496,299,4,Happy with purchase,Nice quality and works as expected. Customer service was helpful when I had questions.,2025-12-16T07:09:37Z,7,1,Verified Customer,True,Approved,15,We appreciate your honest feedback and will use it to improve our products.,en,iOS App,2025-12-16
829,332,251,5,Perfect!,I've been using this for weeks now and I'm absolutely thrilled with it. Highly recommended!,2021-08-24T21:17:34Z,2,0,Verified Purchaser,True,Approved,3,,en,iOS App,2021-08-24
830,349,280,5,Amazing quality,This product exceeded all my expectations. The quality is outstanding and it works perfectly.,2017-09-22T10:27:55Z,1,3,Verified Purchaser,True,Approved,2,,en,Android App,2017-09-22
831,211,56,4,Very satisfied,Solid product that delivers on its promises. Shipping was fast and packaging was good.,2024-05-25T00:00:00Z,0,0,Registered User,False,Approved,0,,en,Tablet,2024-05-25
832,76,26,5,Amazing quality,This product exceeded all my expectations. The quality is outstanding and it works perfectly.,2025-05-07T20:56:10Z,1,0,Verified Buyer,True,Approved,2,,en,Android App,2025-05-07
833,242,464,4,Nice product,Nice quality and works as expected. Customer service was helpful when I had questions.,2025-04-20T00:00:00Z,0,0,A Customer,False,Approved,1,,en,iOS App,2025-04-20
834,46,325,4,Very satisfied,Nice quality and works as expected. Customer service was helpful when I had questions.,2024-01-27T00:00:00Z,1,0,Member 325,False,Approved,3,,en,Mobile Web,2024-01-27
835,253,98,3,It's okay,It works but I expected a bit more based on the description. Okay overall.,2024-01-27T00:00:00Z,1,0,Shopper,False,Rejected,2,,en,Mobile Web,2024-01-27
836,107,311,3,Meets expectations,Meets basic expectations but doesn't stand out. You get what you pay for.,2025-01-07T10:58:29Z,13,0,Verified Buyer,True,Rejected,15,,en,Android App,2025-01-07
837,449,280,5,Best purchase ever,Best purchase I've made in a long time. The build quality is excellent and it arrived quickly.,2017-11-27T10:27:55Z,0,0,Customer 280,True,Approved,1,,en,Desktop,2017-11-27
838,243,294,2,Not great,Not worth the price. There are better options available for less money.,2024-10-19T00:00:00Z,2,0,Registered User,False,Approved,3,We appreciate your review and are happy you had a positive experience.,it,Desktop,2024-10-19
839,129,12,4,Happy with purchase,Good value for money. Does what I needed it to do. Would consider buying again.,2017-10-13T14:08:46Z,2,0,Verified Customer,True,Approved,4,Thank you for your feedback! We're glad you enjoyed the product.,es,Android App,2017-10-13
840,436,200,4,Solid choice,Really good product overall. A few minor issues but nothing major. Would recommend.,2024-12-21T14:59:22Z,2,0,Verified Purchaser,True,Approved,3,We appreciate your honest feedback and will use it to improve our products.,en,Android App,2024-12-21
841,222,201,4,Great product,Nice quality and works as expected. Customer service was helpful when I had questions.,2025-06-26T00:00:00Z,16,0,Member 201,False,Approved,20,,es,Desktop,2025-06-26
842,444,462,4,Recommended,Solid product that delivers on its promises. Shipping was fast and packaging was good.,2025-09-05T00:00:00Z,8,0,Shopper,False,Pending,15,,en,iOS App,2025-09-05
843,467,267,5,Amazing quality,Best purchase I've made in a long time. The build quality is excellent and it arrived quickly.,2024-11-04T00:00:00Z,40,1,A Customer,False,Approved,50,,en,Mobile Web,2024-11-04
844,82,15,4,Nice product,Nice quality and works as expected. Customer service was helpful when I had questions.,2025-12-01T19:37:51Z,9,0,Customer 15,True,Rejected,15,,en,Android App,2025-12-01
845,394,115,4,Happy with purchase,Solid product that delivers on its promises. Shipping was fast and packaging was good.,2025-01-06T03:33:47Z,1,0,Verified Customer,True,Approved,2,,en,iOS App,2025-01-06
846,207,60,3,Does the job,Meets basic expectations but doesn't stand out. You get what you pay for.,2022-01-28T03:22:42Z,0,0,Verified Purchaser,True,Approved,0,,es,Desktop,2022-01-28
847,407,113,1,Very disappointed,Terrible quality. Broke immediately and the company won't refund my purchase.,2025-02-03T23:00:36Z,3,0,Verified Customer,True,Approved,4,,en,iOS App,2025-02-03
848,227,162,5,Exceeded expectations,Fantastic product! It does exactly what it promises and more. Very happy customer here.,2025-02-20T01:46:13Z,2,4,Verified Customer,True,Approved,3,,es,Desktop,2025-02-20
849,489,296,1,Stay away,Terrible quality. Broke immediately and the company won't refund my purchase.,2025-08-30T23:07:26Z,0,0,Customer 296,True,Approved,0,,en,Desktop,2025-08-30
850,15,415,4,Recommended,Really good product overall. A few minor issues but nothing major. Would recommend.,2025-02-16T00:00:00Z,3,3,Shopper,False,Approved,4,Thank you for your feedback! We're glad you enjoyed the product.,es,iOS App,2025-02-16
851,200,167,5,Outstanding!,I've been using this for weeks now and I'm absolutely thrilled with it. Highly recommended!,2025-01-25T00:00:00Z,0,0,Member 167,False,Approved,1,We appreciate your review and are happy you had a positive experience.,en,iOS App,2025-01-25
852,326,87,5,Couldn't be happier,I've been using this for weeks now and I'm absolutely thrilled with it. Highly recommended!,2025-05-18T00:00:00Z,0,0,Registered User,False,Approved,0,Thank you for taking the time to share your thoughts with us.,en,Mobile Web,2025-05-18
853,219,91,3,Fair value,Decent product for the price point. Some features could be improved.,2024-11-21T18:27:07Z,0,0,Customer 91,True,Approved,0,,en,Android App,2024-11-21
854,330,280,4,Nice product,Solid product that delivers on its promises. Shipping was fast and packaging was good.,2017-12-29T10:27:55Z,0,0,Verified Purchaser,True,Approved,1,,de,Desktop,2017-12-29
855,225,13,2,Could be better,Had issues right out of the box. Quality control seems lacking.,2025-12-23T00:40:11Z,2,0,Customer 13,True,Approved,4,,en,iOS App,2025-12-23
856,39,349,4,Recommended,Happy with this purchase. It works well and the quality is good for the price.,2024-11-14T18:30:28Z,0,0,Verified Purchaser,True,Approved,0,,en,iOS App,2024-11-14
857,427,291,4,Great product,Good value for money. Does what I needed it to do. Would consider buying again.,2022-02-09T11:36:02Z,11,0,Verified Buyer,True,Approved,20,,fr,Desktop,2022-02-09
858,150,275,5,Couldn't be happier,I've been using this for weeks now and I'm absolutely thrilled with it. Highly recommended!,2025-06-12T00:00:00Z,2,2,User 275,False,Approved,4,,en,iOS App,2025-06-12
859,196,374,5,Worth every penny,Best purchase I've made in a long time. The build quality is excellent and it arrived quickly.,2023-04-01T14:55:27Z,7,0,Customer 374,True,Approved,10,We appreciate your review and are happy you had a positive experience.,en,Desktop,2023-04-01
860,62,374,5,Best purchase ever,This product exceeded all my expectations. The quality is outstanding and it works perfectly.,2024-02-28T00:00:00Z,2,0,Shopper,False,Approved,5,We appreciate your honest feedback and will use it to improve our products.,en,Tablet,2024-02-28
861,175,317,4,Very satisfied,Really good product overall. A few minor issues but nothing major. Would recommend.,2025-07-27T06:12:07Z,0,0,Customer 317,True,Approved,1,,en,iOS App,2025-07-27
862,482,392,3,Nothing special,Decent product for the price point. Some features could be improved.,2024-09-18T00:00:00Z,3,0,Registered User,False,Approved,5,,en,Tablet,2024-09-18
863,243,461,3,Does the job,It works but I expected a bit more based on the description. Okay overall.,2025-10-01T00:00:00Z,0,1,User 461,False,Approved,1,,en,Mobile Web,2025-10-01
864,485,324,3,Meets expectations,Middle of the road product. Not bad but not great either. Fair value.,2024-06-18T00:00:00Z,1,4,User 324,False,Approved,2,,pt,iOS App,2024-06-18
865,343,408,4,Solid choice,Happy with this purchase. It works well and the quality is good for the price.,2025-12-05T00:00:00Z,2,1,Registered User,False,Approved,3,,en,Android App,2025-12-05
866,452,452,4,Would buy again,Solid product that delivers on its promises. Shipping was fast and packaging was good.,2024-11-16T17:44:16Z,1,0,Verified Buyer,True,Approved,3,,en,iOS App,2024-11-16
867,180,60,5,Best purchase ever,Top-notch quality and great value for money. Would definitely purchase from this brand again.,2022-04-28T03:22:42Z,3,3,A Verified Reviewer,True,Approved,5,Thank you for your kind words! We hope to serve you again soon.,en,Mobile Web,2022-04-28
868,130,42,2,Disappointed,Had issues right out of the box. Quality control seems lacking.,2025-11-04T04:06:52Z,0,0,Customer 42,True,Approved,0,,en,Android App,2025-11-04
869,441,457,5,Couldn't be happier,I've been using this for weeks now and I'm absolutely thrilled with it. Highly recommended!,2024-10-05T20:41:30Z,0,0,Customer 457,True,Approved,0,,en,Tablet,2024-10-05
870,64,82,5,Highly recommend!,Best purchase I've made in a long time. The build quality is excellent and it arrived quickly.,2025-12-24T02:38:34Z,2,0,Verified Buyer,True,Approved,3,,en,Tablet,2025-12-24
871,410,89,3,It's okay,Meets basic expectations but doesn't stand out. You get what you pay for.,2024-08-26T21:13:27Z,0,0,Customer 89,True,Approved,0,,en,Desktop,2024-08-26
872,281,106,4,Great product,Good value for money. Does what I needed it to do. Would consider buying again.,2025-05-05T01:49:17Z,2,0,A Verified Reviewer,True,Approved,3,,en,Tablet,2025-05-05
873,93,349,4,Nice product,Solid product that delivers on its promises. Shipping was fast and packaging was good.,2024-08-11T18:30:28Z,0,0,Verified Purchaser,True,Approved,1,We appreciate your honest feedback and will use it to improve our products.,en,iOS App,2024-08-11
874,310,381,5,Couldn't be happier,Top-notch quality and great value for money. Would definitely purchase from this brand again.,2024-11-23T00:00:00Z,0,0,Member 381,False,Approved,1,Thank you for your kind words! We hope to serve you again soon.,en,iOS App,2024-11-23
875,138,275,4,Would buy again,Really good product overall. A few minor issues but nothing major. Would recommend.,2024-11-28T00:00:00Z,8,0,Registered User,False,Approved,10,We appreciate your honest feedback and will use it to improve our products.,es,iOS App,2024-11-28
876,236,287,5,Perfect!,This product exceeded all my expectations. The quality is outstanding and it works perfectly.,2025-10-17T00:00:00Z,0,2,A Customer,False,Approved,1,,es,iOS App,2025-10-17
877,277,180,4,Good quality,Nice quality and works as expected. Customer service was helpful when I had questions.,2023-12-12T14:41:57Z,7,0,A Verified Reviewer,True,Pending,10,,en,Desktop,2023-12-12
878,480,307,3,Nothing special,Meets basic expectations but doesn't stand out. You get what you pay for.,2025-10-20T01:59:48Z,0,1,Verified Customer,True,Approved,1,,en,iOS App,2025-10-20
879,91,187,4,Would buy again,Solid product that delivers on its promises. Shipping was fast and packaging was good.,2024-05-20T14:33:36Z,2,1,Customer 187,True,Approved,4,,en,Desktop,2024-05-20
880,43,115,5,Excellent product!,This product exceeded all my expectations. The quality is outstanding and it works perfectly.,2024-08-22T00:00:00Z,0,0,User 115,False,Approved,0,Thank you for your feedback! We're glad you enjoyed the product.,en,iOS App,2024-08-22
881,476,299,2,Below expectations,Not worth the price. There are better options available for less money.,2025-12-11T07:09:37Z,5,0,Verified Customer,True,Flagged,10,,es,iOS App,2025-12-11
882,449,280,2,Would not recommend,Disappointed with this purchase. The quality is not as good as advertised.,2017-09-03T10:27:55Z,0,0,Verified Purchaser,True,Approved,0,,en,Desktop,2017-09-03
883,407,113,5,Best purchase ever,Best purchase I've made in a long time. The build quality is excellent and it arrived quickly.,2024-12-08T23:00:36Z,1,0,Verified Buyer,True,Approved,2,,en,Desktop,2024-12-08
884,432,91,5,Love it!,Top-notch quality and great value for money. Would definitely purchase from this brand again.,2025-01-04T18:27:07Z,0,0,A Verified Reviewer,True,Approved,0,,en,Desktop,2025-01-04
885,354,221,1,Very disappointed,Terrible quality. Broke immediately and the company won't refund my purchase.,2024-05-18T00:00:00Z,0,0,Member 221,False,Approved,0,,en,Desktop,2024-05-18
886,49,379,4,Would buy again,Solid product that delivers on its promises. Shipping was fast and packaging was good.,2024-08-18T00:00:00Z,3,0,Registered User,False,Flagged,4,,en,iOS App,2024-08-18
887,332,251,3,Average product,It's an average product. Nothing special but it gets the job done adequately.,2021-09-28T21:17:34Z,52,2,Verified Purchaser,True,Approved,100,,en,Android App,2021-09-28
888,337,340,1,Total failure,Complete waste of money. This product stopped working after just two days.,2025-08-12T00:00:00Z,1,0,Member 340,False,Approved,2,We appreciate your review and are happy you had a positive experience.,es,Desktop,2025-08-12
889,394,115,3,Fair value,It works but I expected a bit more based on the description. Okay overall.,2024-11-27T03:33:47Z,0,0,Verified Buyer,True,Approved,0,,en,iOS App,2024-11-27
890,39,349,5,Worth every penny,Top-notch quality and great value for money. Would definitely purchase from this brand again.,2024-08-16T18:30:28Z,0,2,Verified Purchaser,True,Pending,0,,en,Desktop,2024-08-16
891,279,227,5,Perfect!,I've been using this for weeks now and I'm absolutely thrilled with it. Highly recommended!,2024-06-28T00:00:00Z,1,0,Shopper,False,Approved,3,,en,Desktop,2024-06-28
892,373,180,2,Not great,Below my expectations. It works but feels cheaply made. Wouldn't buy again.,2024-09-16T00:00:00Z,0,0,Shopper,False,Approved,0,,en,iOS App,2024-09-16
893,499,410,5,Perfect!,Best purchase I've made in a long time. The build quality is excellent and it arrived quickly.,2024-05-24T00:00:00Z,1,0,A Customer,False,Rejected,2,,en,Android App,2024-05-24
894,318,260,5,Amazing quality,Fantastic product! It does exactly what it promises and more. Very happy customer here.,2025-05-21T19:52:47Z,0,3,Verified Purchaser,True,Approved,1,Thank you for your kind words! We hope to serve you again soon.,pt,Desktop,2025-05-21
895,21,282,5,Excellent product!,Best purchase I've made in a long time. The build quality is excellent and it arrived quickly.,2025-11-26T20:49:43Z,13,0,A Verified Reviewer,True,Approved,15,We appreciate your honest feedback and will use it to improve our products.,en,Desktop,2025-11-26
896,257,200,4,Solid choice,Good value for money. Does what I needed it to do. Would consider buying again.,2024-08-23T14:59:22Z,0,0,Verified Purchaser,True,Approved,0,We appreciate your review and are happy you had a positive experience.,en,iOS App,2024-08-23
897,444,82,5,Outstanding!,This product exceeded all my expectations. The quality is outstanding and it works perfectly.,2025-01-06T00:00:00Z,2,0,User 82,False,Approved,4,We appreciate your review and are happy you had a positive experience.,en,Desktop,2025-01-06
898,192,191,5,Excellent product!,Fantastic product! It does exactly what it promises and more. Very happy customer here.,2025-07-07T00:00:00Z,0,0,Member 191,False,Approved,0,,en,iOS App,2025-07-07
899,306,257,5,Excellent product!,This product exceeded all my expectations. The quality is outstanding and it works perfectly.,2022-04-25T23:48:17Z,11,0,Verified Purchaser,True,Approved,15,Thank you for your feedback! We're glad you enjoyed the product.,en,Desktop,2022-04-25
900,118,253,5,Worth every penny,This product exceeded all my expectations. The quality is outstanding and it works perfectly.,2015-10-05T22:03:48Z,0,2,Verified Purchaser,True,Approved,1,,en,Mobile Web,2015-10-05
901,246,198,4,Nice product,Nice quality and works as expected. Customer service was helpful when I had questions.,2025-01-22T00:00:00Z,0,0,Registered User,False,Approved,1,,en,Android App,2025-01-22
902,422,204,3,Acceptable,Decent product for the price point. Some features could be improved.,2019-12-04T20:41:08Z,1,1,Verified Customer,True,Approved,2,,en,Tablet,2019-12-04
903,252,115,5,Excellent product!,Top-notch quality and great value for money. Would definitely purchase from this brand again.,2024-11-21T03:33:47Z,0,0,Customer 115,True,Approved,0,Thank you for taking the time to share your thoughts with us.,en,Desktop,2024-11-21
904,9,89,4,Happy with purchase,Nice quality and works as expected. Customer service was helpful when I had questions.,2024-12-04T21:13:27Z,6,0,Customer 89,True,Rejected,10,,en,Desktop,2024-12-04
905,445,354,5,Five stars deserved,Top-notch quality and great value for money. Would definitely purchase from this brand again.,2025-05-17T20:30:35Z,0,1,Verified Purchaser,True,Approved,0,Thank you for your feedback! We're glad you enjoyed the product.,en,Android App,2025-05-17
906,13,221,5,Outstanding!,I've been using this for weeks now and I'm absolutely thrilled with it. Highly recommended!,2024-11-04T00:00:00Z,0,1,User 221,False,Approved,0,We appreciate your review and are happy you had a positive experience.,en,iOS App,2024-11-04
907,43,390,3,Acceptable,It's an average product. Nothing special but it gets the job done adequately.,2025-12-24T00:00:00Z,3,0,A Customer,False,Approved,4,,en,Android App,2025-12-24
908,280,12,4,Very satisfied,Nice quality and works as expected. Customer service was helpful when I had questions.,2017-12-15T14:08:46Z,2,0,Verified Buyer,True,Flagged,3,,en,Tablet,2017-12-15
909,155,260,4,Recommended,Solid product that delivers on its promises. Shipping was fast and packaging was good.,2025-06-20T19:52:47Z,2,2,Verified Purchaser,True,Approved,5,,en,Mobile Web,2025-06-20
910,411,64,2,Disappointed,Product arrived damaged and customer service was slow to respond. Not happy.,2018-10-20T02:25:12Z,0,0,Verified Buyer,True,Approved,0,,en,Desktop,2018-10-20
911,330,280,1,Complete waste,Do not buy! This is a scam product. I want my money back immediately.,2017-10-18T10:27:55Z,0,0,A Verified Reviewer,True,Approved,1,,en,iOS App,2017-10-18
912,104,229,4,Happy with purchase,Solid product that delivers on its promises. Shipping was fast and packaging was good.,2024-01-05T00:00:00Z,0,0,Shopper,False,Approved,0,,en,iOS App,2024-01-05
913,154,49,4,Solid choice,Solid product that delivers on its promises. Shipping was fast and packaging was good.,2025-09-05T00:00:00Z,11,0,A Customer,False,Approved,15,,en,Tablet,2025-09-05
914,52,204,4,Very satisfied,Really good product overall. A few minor issues but nothing major. Would recommend.,2018-10-27T16:16:51Z,1,0,Verified Buyer,True,Approved,2,,en,Desktop,2018-10-27
915,292,201,5,Excellent product!,Fantastic product! It does exactly what it promises and more. Very happy customer here.,2025-09-02T00:00:00Z,0,0,Registered User,False,Approved,1,,en,Android App,2025-09-02
916,159,366,4,Nice product,Solid product that delivers on its promises. Shipping was fast and packaging was good.,2025-09-23T00:00:00Z,0,0,User 366,False,Approved,0,,en,iOS App,2025-09-23
917,327,135,4,Nice product,Happy with this purchase. It works well and the quality is good for the price.,2025-08-03T00:00:00Z,0,0,Shopper,False,Approved,0,We appreciate your honest feedback and will use it to improve our products.,es,Desktop,2025-08-03
918,496,317,2,Not great,Not worth the price. There are better options available for less money.,2025-11-23T06:12:07Z,0,0,Verified Purchaser,True,Approved,1,We're sorry to hear about your experience. Please contact our support team.,en,Desktop,2025-11-23
919,392,185,5,Outstanding!,Fantastic product! It does exactly what it promises and more. Very happy customer here.,2025-01-17T07:10:52Z,0,0,Customer 185,True,Approved,0,Thank you for your kind words! We hope to serve you again soon.,en,Tablet,2025-01-17
920,194,60,4,Nice product,Happy with this purchase. It works well and the quality is good for the price.,2022-04-12T08:25:00Z,0,0,A Verified Reviewer,True,Pending,0,,en,Desktop,2022-04-12
921,91,204,5,Couldn't be happier,Fantastic product! It does exactly what it promises and more. Very happy customer here.,2018-10-05T16:16:51Z,0,0,Verified Customer,True,Approved,0,Thank you for your feedback! We're glad you enjoyed the product.,en,Desktop,2018-10-05
922,144,302,1,Awful quality,Worst purchase I've ever made. Cheaply made and doesn't work as advertised.,2025-09-09T00:00:00Z,1,0,Shopper,False,Approved,2,We appreciate your review and are happy you had a positive experience.,en,iOS App,2025-09-09
923,321,206,5,Love it!,This product exceeded all my expectations. The quality is outstanding and it works perfectly.,2025-01-17T08:48:26Z,7,0,Verified Customer,True,Approved,10,,en,Android App,2025-01-17
924,58,2,4,Very satisfied,Really good product overall. A few minor issues but nothing major. Would recommend.,2025-12-16T00:49:29Z,1,2,Verified Purchaser,True,Approved,2,,en,Desktop,2025-12-16
925,495,457,4,Solid choice,Nice quality and works as expected. Customer service was helpful when I had questions.,2024-10-15T20:41:30Z,2,0,A Verified Reviewer,True,Approved,3,,en,Desktop,2024-10-15
926,153,257,5,Perfect!,Fantastic product! It does exactly what it promises and more. Very happy customer here.,2022-04-10T23:48:17Z,1,0,Verified Buyer,True,Approved,2,Thank you for your feedback! We're glad you enjoyed the product.,en,Tablet,2022-04-10
927,337,122,5,Worth every penny,Best purchase I've made in a long time. The build quality is excellent and it arrived quickly.,2025-09-09T00:00:00Z,0,0,Registered User,False,Rejected,0,,es,iOS App,2025-09-09
928,55,282,3,Nothing special,Decent product for the price point. Some features could be improved.,2025-10-20T00:00:00Z,7,3,Member 282,False,Rejected,15,,en,Tablet,2025-10-20
929,338,354,1,Complete waste,Complete waste of money. This product stopped working after just two days.,2025-05-04T20:30:35Z,9,0,Customer 354,True,Approved,10,,en,Android App,2025-05-04
930,340,162,4,Good quality,Nice quality and works as expected. Customer service was helpful when I had questions.,2025-07-22T01:46:13Z,0,2,Verified Purchaser,True,Approved,1,We appreciate your review and are happy you had a positive experience.,en,iOS App,2025-07-22
931,496,317,2,Below expectations,Disappointed with this purchase. The quality is not as good as advertised.,2025-10-14T06:12:07Z,0,1,Verified Customer,True,Approved,0,,en,Desktop,2025-10-14
932,476,54,5,Amazing quality,This product exceeded all my expectations. The quality is outstanding and it works perfectly.,2024-05-26T00:00:00Z,0,1,Registered User,False,Approved,0,,en,Desktop,2024-05-26
933,51,180,2,Underwhelming,Below my expectations. It works but feels cheaply made. Wouldn't buy again.,2023-12-11T14:41:57Z,0,4,Customer 180,True,Approved,0,,en,Tablet,2023-12-11
934,155,260,3,Acceptable,Middle of the road product. Not bad but not great either. Fair value.,2025-07-28T19:52:47Z,4,0,Verified Customer,True,Approved,5,,en,Desktop,2025-07-28
935,300,223,5,Amazing quality,This product exceeded all my expectations. The quality is outstanding and it works perfectly.,2021-09-15T03:10:34Z,1,4,Verified Buyer,True,Approved,2,Thank you for your kind words! We hope to serve you again soon.,en,Desktop,2021-09-15
936,149,346,4,Good quality,Nice quality and works as expected. Customer service was helpful when I had questions.,2024-08-19T00:00:00Z,1,5,Shopper,False,Approved,2,,en,Desktop,2024-08-19
937,301,462,1,Awful quality,Do not buy! This is a scam product. I want my money back immediately.,2024-06-13T00:00:00Z,2,0,A Customer,False,Approved,5,,en,iOS App,2024-06-13
938,244,333,4,Recommended,Really good product overall. A few minor issues but nothing major. Would recommend.,2025-12-10T01:48:09Z,1,0,A Verified Reviewer,True,Approved,3,,en,Tablet,2025-12-10
939,182,49,5,Highly recommend!,Top-notch quality and great value for money. Would definitely purchase from this brand again.,2025-12-22T19:58:09Z,8,0,Verified Purchaser,True,Approved,10,,en,iOS App,2025-12-22
940,162,412,1,Very disappointed,Avoid this product at all costs. It's nothing like the description or photos.,2025-07-10T00:00:00Z,1,0,A Customer,False,Approved,2,,en,iOS App,2025-07-10
941,58,2,1,Worst purchase,Worst purchase I've ever made. Cheaply made and doesn't work as advertised.,2025-10-27T00:49:29Z,0,0,Verified Purchaser,True,Approved,0,We appreciate your honest feedback and will use it to improve our products.,en,iOS App,2025-10-27
942,398,91,3,Nothing special,Middle of the road product. Not bad but not great either. Fair value.,2025-04-22T00:00:00Z,6,0,Shopper,False,Approved,10,We appreciate your review and are happy you had a positive experience.,it,Desktop,2025-04-22
943,33,116,4,Recommended,Good value for money. Does what I needed it to do. Would consider buying again.,2025-12-14T15:55:17Z,0,0,Customer 116,True,Approved,1,,en,iOS App,2025-12-14
944,489,129,5,Best purchase ever,Fantastic product! It does exactly what it promises and more. Very happy customer here.,2022-07-21T17:32:09Z,2,1,Verified Purchaser,True,Approved,5,,en,Android App,2022-07-21
945,348,342,5,Five stars deserved,I've been using this for weeks now and I'm absolutely thrilled with it. Highly recommended!,2018-07-11T09:41:23Z,0,0,Verified Customer,True,Rejected,1,,en,iOS App,2018-07-11
946,489,54,4,Would buy again,Good value for money. Does what I needed it to do. Would consider buying again.,2022-02-08T06:37:21Z,2,0,Verified Purchaser,True,Approved,3,We appreciate your review and are happy you had a positive experience.,en,Desktop,2022-02-08
947,125,226,5,Amazing quality,This product exceeded all my expectations. The quality is outstanding and it works perfectly.,2024-10-21T00:00:00Z,8,2,Shopper,False,Flagged,10,,en,Tablet,2024-10-21
948,23,453,5,Amazing quality,I've been using this for weeks now and I'm absolutely thrilled with it. Highly recommended!,2025-11-19T00:00:00Z,2,0,Shopper,False,Approved,4,,en,iOS App,2025-11-19
949,225,13,3,Nothing special,Middle of the road product. Not bad but not great either. Fair value.,2025-12-21T00:40:11Z,0,1,A Verified Reviewer,True,Approved,1,We're sorry to hear about your experience. Please contact our support team.,en,iOS App,2025-12-21
950,252,115,4,Recommended,Solid product that delivers on its promises. Shipping was fast and packaging was good.,2024-12-05T03:33:47Z,27,0,Verified Purchaser,True,Approved,50,,es,Mobile Web,2024-12-05
951,311,115,5,Highly recommend!,Best purchase I've made in a long time. The build quality is excellent and it arrived quickly.,2025-01-17T03:33:47Z,0,0,Customer 115,True,Pending,0,,it,iOS App,2025-01-17
952,226,227,4,Nice product,Really good product overall. A few minor issues but nothing major. Would recommend.,2024-10-07T00:00:00Z,0,0,Member 227,False,Approved,0,We appreciate your honest feedback and will use it to improve our products.,en,Desktop,2024-10-07
953,45,2,3,Decent quality,Middle of the road product. Not bad but not great either. Fair value.,2025-11-27T00:49:29Z,1,3,Verified Buyer,True,Pending,2,,en,Desktop,2025-11-27
954,370,360,3,Average product,It works but I expected a bit more based on the description. Okay overall.,2024-06-13T00:00:00Z,0,0,Shopper,False,Flagged,1,,fr,Android App,2024-06-13
955,422,204,5,Couldn't be happier,Fantastic product! It does exactly what it promises and more. Very happy customer here.,2020-02-13T20:41:08Z,0,0,Verified Purchaser,True,Approved,0,,en,Android App,2020-02-13
956,57,158,3,Nothing special,Middle of the road product. Not bad but not great either. Fair value.,2024-12-31T00:00:00Z,0,0,User 158,False,Approved,0,,en,Desktop,2024-12-31
957,409,40,5,Couldn't be happier,Fantastic product! It does exactly what it promises and more. Very happy customer here.,2024-07-24T00:00:00Z,0,0,Member 40,False,Approved,0,,en,Desktop,2024-07-24
958,123,48,2,Underwhelming,Disappointed with this purchase. The quality is not as good as advertised.,2025-04-29T00:00:00Z,0,0,User 48,False,Rejected,0,,de,Mobile Web,2025-04-29
959,137,95,4,Great product,Happy with this purchase. It works well and the quality is good for the price.,2025-07-01T00:00:00Z,0,0,Registered User,False,Approved,0,Thank you for your kind words! We hope to serve you again soon.,en,iOS App,2025-07-01
960,227,80,3,Does the job,Decent product for the price point. Some features could be improved.,2024-04-18T00:00:00Z,3,0,A Customer,False,Pending,4,,en,Mobile Web,2024-04-18
961,251,333,5,Five stars deserved,Top-notch quality and great value for money. Would definitely purchase from this brand again.,2025-11-15T01:48:09Z,0,0,A Verified Reviewer,True,Approved,1,Thank you for your feedback! We're glad you enjoyed the product.,es,Android App,2025-11-15
962,119,120,5,Couldn't be happier,This product exceeded all my expectations. The quality is outstanding and it works perfectly.,2025-10-14T00:00:00Z,3,1,User 120,False,Approved,4,,en,Desktop,2025-10-14
963,344,325,5,Excellent product!,Best purchase I've made in a long time. The build quality is excellent and it arrived quickly.,2024-03-27T00:00:00Z,0,0,Member 325,False,Approved,1,Thank you for your kind words! We hope to serve you again soon.,en,Android App,2024-03-27
964,276,110,5,Amazing quality,This product exceeded all my expectations. The quality is outstanding and it works perfectly.,2020-12-23T01:21:26Z,10,1,Customer 110,True,Pending,15,,en,Tablet,2020-12-23
965,463,130,3,Acceptable,It's an average product. Nothing special but it gets the job done adequately.,2025-08-07T00:00:00Z,2,0,Shopper,False,Approved,4,We're sorry to hear about your experience. Please contact our support team.,en,Desktop,2025-08-07
966,76,149,4,Good quality,Good value for money. Does what I needed it to do. Would consider buying again.,2024-04-12T00:00:00Z,1,0,User 149,False,Approved,2,,it,Desktop,2024-04-12
967,471,91,5,Five stars deserved,This product exceeded all my expectations. The quality is outstanding and it works perfectly.,2025-04-07T18:27:07Z,0,0,Customer 91,True,Approved,1,,en,Mobile Web,2025-04-07
968,445,133,1,Worst purchase,Avoid this product at all costs. It's nothing like the description or photos.,2025-09-09T00:00:00Z,2,1,Shopper,False,Approved,4,,en,iOS App,2025-09-09
969,2,428,4,Solid choice,Really good product overall. A few minor issues but nothing major. Would recommend.,2023-03-02T17:25:23Z,1,0,Verified Purchaser,True,Pending,2,,de,iOS App,2023-03-02
970,118,243,3,Decent quality,Meets basic expectations but doesn't stand out. You get what you pay for.,2019-01-18T12:59:40Z,0,0,Customer 243,True,Approved,1,,en,Mobile Web,2019-01-18
971,52,150,5,Highly recommend!,Top-notch quality and great value for money. Would definitely purchase from this brand again.,2024-01-18T21:29:49Z,0,0,Verified Purchaser,True,Approved,0,,en,iOS App,2024-01-18
972,91,187,5,Best purchase ever,Fantastic product! It does exactly what it promises and more. Very happy customer here.,2024-08-08T14:33:36Z,0,0,Verified Buyer,True,Approved,0,,de,Tablet,2024-08-08
973,249,150,5,Outstanding!,This product exceeded all my expectations. The quality is outstanding and it works perfectly.,2024-01-28T21:29:49Z,0,0,Verified Buyer,True,Approved,0,,es,Desktop,2024-01-28
974,327,125,5,Outstanding!,Top-notch quality and great value for money. Would definitely purchase from this brand again.,2025-06-11T08:00:23Z,2,0,Customer 125,True,Approved,5,,fr,Android App,2025-06-11
975,271,89,3,Fair value,It's an average product. Nothing special but it gets the job done adequately.,2025-12-01T00:00:00Z,0,0,Shopper,False,Approved,0,We appreciate your honest feedback and will use it to improve our products.,de,iOS App,2025-12-01
976,464,162,4,Recommended,Nice quality and works as expected. Customer service was helpful when I had questions.,2025-03-01T01:46:13Z,2,1,Verified Purchaser,True,Approved,3,,en,iOS App,2025-03-01
977,10,494,5,Exceeded expectations,Best purchase I've made in a long time. The build quality is excellent and it arrived quickly.,2024-11-17T00:00:00Z,0,0,Shopper,False,Approved,0,,en,Desktop,2024-11-17
978,280,12,3,Decent quality,Decent product for the price point. Some features could be improved.,2017-12-06T14:08:46Z,4,0,Verified Customer,True,Approved,5,,en,iOS App,2017-12-06
979,321,206,5,Excellent product!,I've been using this for weeks now and I'm absolutely thrilled with it. Highly recommended!,2025-03-31T08:48:26Z,0,0,Verified Purchaser,True,Approved,1,,en,Mobile Web,2025-03-31
980,2,428,5,Amazing quality,Best purchase I've made in a long time. The build quality is excellent and it arrived quickly.,2023-01-31T17:25:23Z,2,0,Verified Purchaser,True,Pending,3,,en,Desktop,2023-01-31
981,186,224,2,Disappointed,Had issues right out of the box. Quality control seems lacking.,2025-06-07T00:00:00Z,3,3,Member 224,False,Approved,4,,en,Android App,2025-06-07
982,113,355,5,Excellent product!,Best purchase I've made in a long time. The build quality is excellent and it arrived quickly.,2025-03-01T20:49:39Z,7,2,Verified Purchaser,True,Approved,10,,es,Tablet,2025-03-01
983,410,321,4,Recommended,Nice quality and works as expected. Customer service was helpful when I had questions.,2024-11-26T00:00:00Z,1,0,A Customer,False,Approved,2,,en,iOS App,2024-11-26
984,135,89,5,Amazing quality,I've been using this for weeks now and I'm absolutely thrilled with it. Highly recommended!,2024-03-26T00:00:00Z,0,0,User 89,False,Approved,0,,en,iOS App,2024-03-26
985,349,280,4,Would buy again,Good value for money. Does what I needed it to do. Would consider buying again.,2017-10-23T10:27:55Z,13,0,Verified Purchaser,True,Approved,20,We appreciate your honest feedback and will use it to improve our products.,en,iOS App,2017-10-23
986,334,60,5,Amazing quality,Top-notch quality and great value for money. Would definitely purchase from this brand again.,2021-12-04T08:25:00Z,0,0,Verified Customer,True,Approved,0,Thank you for your kind words! We hope to serve you again soon.,en,iOS App,2021-12-04
987,398,313,2,Underwhelming,Had issues right out of the box. Quality control seems lacking.,2025-04-16T00:00:00Z,8,0,User 313,False,Approved,10,,en,Mobile Web,2025-04-16
988,423,116,5,Excellent product!,Fantastic product! It does exactly what it promises and more. Very happy customer here.,2025-11-06T15:55:17Z,3,0,Verified Purchaser,True,Approved,4,We appreciate your honest feedback and will use it to improve our products.,fr,Desktop,2025-11-06
989,97,204,1,Very disappointed,Avoid this product at all costs. It's nothing like the description or photos.,2025-02-06T11:36:43Z,0,0,Customer 204,True,Approved,0,,en,Android App,2025-02-06
990,116,24,5,Highly recommend!,Best purchase I've made in a long time. The build quality is excellent and it arrived quickly.,2025-07-06T00:00:00Z,8,0,Shopper,False,Approved,10,,en,Android App,2025-07-06
991,416,457,4,Would buy again,Happy with this purchase. It works well and the quality is good for the price.,2024-06-24T20:41:30Z,2,0,Verified Purchaser,True,Approved,5,We appreciate your honest feedback and will use it to improve our products.,en,Desktop,2024-06-24
992,156,2,5,Couldn't be happier,Top-notch quality and great value for money. Would definitely purchase from this brand again.,2025-12-03T00:49:29Z,1,0,Verified Customer,True,Approved,2,,en,Desktop,2025-12-03
993,411,64,3,Acceptable,It works but I expected a bit more based on the description. Okay overall.,2018-11-09T02:25:12Z,46,0,Verified Purchaser,True,Approved,50,,de,Desktop,2018-11-09
994,477,94,5,Amazing quality,This product exceeded all my expectations. The quality is outstanding and it works perfectly.,2025-03-20T00:00:00Z,0,0,Shopper,False,Approved,1,,en,Desktop,2025-03-20
995,277,180,5,Highly recommend!,Best purchase I've made in a long time. The build quality is excellent and it arrived quickly.,2023-11-17T14:41:57Z,11,0,Verified Customer,True,Approved,20,,en,Android App,2023-11-17
996,216,276,5,Couldn't be happier,This product exceeded all my expectations. The quality is outstanding and it works perfectly.,2025-02-12T00:00:00Z,0,0,Shopper,False,Approved,1,,en,Android App,2025-02-12
997,276,110,5,Highly recommend!,Top-notch quality and great value for money. Would definitely purchase from this brand again.,2021-02-09T01:21:26Z,0,0,Verified Buyer,True,Approved,0,,en,Android App,2021-02-09
998,51,45,4,Happy with purchase,Really good product overall. A few minor issues but nothing major. Would recommend.,2025-11-09T00:00:00Z,0,0,User 45,False,Approved,1,,en,Desktop,2025-11-09
999,28,257,3,Meets expectations,Meets basic expectations but doesn't stand out. You get what you pay for.,2022-03-30T23:48:17Z,0,1,A Verified Reviewer,True,Approved,0,,en,Android App,2022-03-30
1000,284,209,3,Average product,Middle of the road product. Not bad but not great either. Fair value.,2019-09-07T15:31:56Z,0,0,Customer 209,True,Approved,0,,es,Android App,2019-09-07
